Assembly_Num,Session_ID,Date,Session_Title,기술,소득,노동,이민,이주,외국인,기술_이동평균,기술_이동표준편차,기술_급증,소득_이동평균,소득_이동표준편차,소득_급증,노동_이동평균,노동_이동표준편차,노동_급증,이민_이동평균,이민_이동표준편차,이민_급증,이주_이동평균,이주_이동표준편차,이주_급증,외국인_이동평균,외국인_이동표준편차,외국인_급증
제2대,416,1950.06.19.,제2대국회 제7회(임시회) 제1차 국회본회의(전체회의) (1950.06.19.),1,0,0,0,0,1,,,false,,,false,,,false,,,false,,,false,,,false
제2대,417,1950.06.20.,제2대국회 제7회(임시회) 제2차 국회본회의(전체회의) (1950.06.20.),0,0,1,0,0,0,,,false,,,false,,,false,,,false,,,false,,,false
제2대,418,1950.10.30.,제2대국회 제8회(임시회) 제38차 국회본회의(전체회의) (1950.10.30.),0,0,0,0,0,0,,,false,,,false,,,false,,,false,,,false,,,false
제2대,419,1950.10.31.,제2대국회 제8회(임시회) 제39차 국회본회의(전체회의) (1950.10.31.),0,0,1,0,0,0,0.3333333333333333,0.5773502691896258,false,0.0,0.0,false,0.3333333333333333,0.5773502691896258,false,0.0,0.0,false,0.0,0.0,false,0.3333333333333333,0.5773502691896258,false
제2대,420,1950.11.01.,제2대국회 제8회(임시회) 제40차 국회본회의(전체회의) (1950.11.01.),3,0,0,0,0,0,0.25,0.5,true,0.0,0.0,false,0.5,0.5773502691896257,false,0.0,0.0,false,0.0,0.0,false,0.25,0.5,false
제2대,421,1950.11.02.,제2대국회 제8회(임시회) 제41차 국회본회의(전체회의) (1950.11.02.),0,1,0,0,0,0,0.8,1.3038404810405297,false,0.0,0.0,true,0.4,0.5477225575051661,false,0.0,0.0,false,0.0,0.0,false,0.2,0.447213595499958,false
제2대,422,1950.11.03.,제2대국회 제8회(임시회) 제42차 국회본회의(전체회의) (1950.11.03.),1,0,0,0,0,0,0.6,1.3416407864998738,false,0.2,0.4472135954999579,false,0.4,0.5477225575051661,false,0.0,0.0,false,0.0,0.0,false,0.0,5.268356063861754e-9,false
제2대,423,1950.11.04.,제2대국회 제8회(임시회) 제43차 국회본회의(전체회의) (1950.11.04.),1,0,1,0,0,0,0.8,1.3038404810405297,false,0.2,0.4472135954999579,false,0.2,0.4472135954999579,false,0.0,0.0,false,0.0,0.0,false,0.0,5.268356063861754e-9,false
제2대,424,1950.11.06.,제2대국회 제8회(임시회) 제44차 국회본회의(전체회의) (1950.11.06.),4,0,0,0,0,0,1.0,1.2247448713915892,true,0.2,0.4472135954999579,false,0.4,0.5477225575051661,false,0.0,0.0,false,0.0,0.0,false,0.0,5.268356063861754e-9,false
제2대,425,1950.11.07.,제2대국회 제8회(임시회) 제45차 국회본회의(전체회의) (1950.11.07.),1,0,4,0,0,0,1.8,1.6431676725154984,false,0.2,0.4472135954999579,false,0.2,0.4472135954999579,true,0.0,0.0,false,0.0,0.0,false,0.0,5.268356063861754e-9,false
제2대,426,1950.11.08.,제2대국회 제8회(임시회) 제46차 국회본회의(전체회의) (1950.11.08.),0,0,0,0,0,0,1.4,1.51657508881031,false,0.2,0.4472135954999579,false,1.0,1.7320508075688772,false,0.0,0.0,false,0.0,0.0,false,0.0,5.268356063861754e-9,false
제2대,427,1950.11.10.,제2대국회 제8회(임시회) 제47차 국회본회의(전체회의) (1950.11.10.),1,0,5,0,0,0,1.4,1.51657508881031,false,0.0,0.0,false,1.0,1.7320508075688772,true,0.0,0.0,false,0.0,0.0,false,0.0,5.268356063861754e-9,false
제2대,428,1950.11.11.,제2대국회 제8회(임시회) 제48차 국회본회의(전체회의) (1950.11.11.),11,1,8,0,0,0,1.4,1.51657508881031,true,0.0,0.0,true,2.0,2.345207879911715,true,0.0,0.0,false,0.0,0.0,false,0.0,5.268356063861754e-9,false
제2대,429,1950.11.15.,제2대국회 제8회(임시회) 제51차 국회본회의(전체회의) (1950.11.15.),0,0,0,0,0,0,3.4,4.505552130427524,false,0.2,0.4472135954999579,false,3.4,3.4351128074635335,false,0.0,0.0,false,0.0,0.0,false,0.0,5.268356063861754e-9,false
제2대,430,1950.11.18.,제2대국회 제8회(임시회) 제52차 국회본회의(전체회의) (1950.11.18.),0,2,1,0,0,0,2.6,4.722287581247038,false,0.2,0.4472135954999579,true,3.4,3.4351128074635335,false,0.0,0.0,false,0.0,0.0,false,0.0,5.268356063861754e-9,false
제2대,431,1950.11.20.,제2대국회 제8회(임시회) 제53차 국회본회의(전체회의) (1950.11.20.),3,1,9,0,0,0,2.4,4.8270073544588685,false,0.6,0.8944271909999159,false,2.8,3.5637059362410923,false,0.0,0.0,false,0.0,0.0,false,0.0,5.268356063861754e-9,false
제2대,432,1950.11.21.,제2대국회 제8회(임시회) 제54차 국회본회의(전체회의) (1950.11.21.),1,1,0,0,0,0,3.0,4.636809247747852,false,0.8,0.8366600265340756,false,4.6,4.03732584763727,false,0.0,0.0,false,0.0,0.0,false,0.0,5.268356063861754e-9,false
제2대,433,1950.11.22.,제2대국회 제8회(임시회) 제55차 국회본회의(전체회의) (1950.11.22.),7,109,0,0,0,0,3.0,4.636809247747852,false,1.0,0.7071067811865475,true,3.6,4.505552130427524,false,0.0,0.0,false,0.0,0.0,false,0.0,5.268356063861754e-9,false
제2대,434,1950.11.23.,제2대국회 제8회(임시회) 제56차 국회본회의(전체회의) (1950.11.23.),5,50,0,0,0,0,2.2,2.949576240750525,false,22.6,48.304244119952855,false,2.0,3.9370039370059056,false,0.0,0.0,false,0.0,0.0,false,0.0,5.268356063861754e-9,false
제2대,435,1950.11.24.,제2대국회 제8회(임시회) 제57차 국회본회의(전체회의) (1950.11.24.),3,3,0,0,0,0,3.2,2.8635642126552705,false,32.6,47.626673198954386,false,2.0,3.9370039370059056,false,0.0,0.0,false,0.0,0.0,false,0.0,5.268356063861754e-9,false
제2대,436,1950.11.25.,제2대국회 제8회(임시회) 제58차 국회본회의(전체회의) (1950.11.25.),3,1,0,0,0,0,3.8,2.2803508501982757,false,32.8,47.46788387952427,false,1.8,4.024922359499621,false,0.0,0.0,false,0.0,0.0,false,0.0,5.268356063861754e-9,false
제2대,437,1950.11.26.,제2대국회 제8회(임시회) 폐회식 국회본회의(전체회의) (1950.11.26.),0,1,0,0,0,0,3.8,2.2803508501982757,false,32.8,47.46788387952427,false,0.0,0.0,false,0.0,0.0,false,0.0,0.0,false,0.0,5.268356063861754e-9,false
제2대,438,1950.12.08.,제2대국회 제9회(임시회) 개회식 국회본회의(전체회의) (1950.12.08.),0,0,0,0,0,0,3.6,2.6076809620810595,false,32.8,47.46788387952427,false,0.0,0.0,false,0.0,0.0,false,0.0,0.0,false,0.0,5.268356063861754e-9,false
제2대,439,1950.12.11.,제2대국회 제9회(임시회) 제1차 국회본회의(전체회의) (1950.12.11.),0,0,0,0,0,0,2.2,2.16794833886788,false,11.0,21.82887995294308,false,0.0,0.0,false,0.0,0.0,false,0.0,0.0,false,0.0,5.268356063861754e-9,false
제2대,440,1950.12.12.,제2대국회 제9회(임시회) 제2차 국회본회의(전체회의) (1950.12.12.),0,0,0,0,0,0,1.2,1.6431676725154982,false,1.0,1.224744871391681,false,0.0,0.0,false,0.0,0.0,false,0.0,0.0,false,0.0,5.268356063861754e-9,false
제2대,441,1950.12.13.,제2대국회 제9회(임시회) 제3차 국회본회의(전체회의) (1950.12.13.),0,1,0,0,0,0,0.6,1.3416407864998738,false,0.4,0.5477225575053681,false,0.0,0.0,false,0.0,0.0,false,0.0,0.0,false,0.0,5.268356063861754e-9,false
제2대,442,1950.12.14.,제2대국회 제9회(임시회) 제4차 국회본회의(전체회의) (1950.12.14.),0,0,0,0,0,0,0.0,9.930136612989092e-17,false,0.4,0.5477225575053681,false,0.0,0.0,false,0.0,0.0,false,0.0,0.0,false,0.0,5.268356063861754e-9,false
제2대,443,1950.12.15.,제2대국회 제9회(임시회) 제5차 국회본회의(전체회의) (1950.12.15.),2,0,0,0,0,0,0.0,9.930136612989092e-17,true,0.2,0.4472135955002038,false,0.0,0.0,false,0.0,0.0,false,0.0,0.0,false,0.0,5.268356063861754e-9,false
제2대,444,1950.12.16.,제2대국회 제9회(임시회) 제6차 국회본회의(전체회의) (1950.12.16.),0,0,0,0,0,0,0.4,0.8944271909999157,false,0.2,0.4472135955002038,false,0.0,0.0,false,0.0,0.0,false,0.0,0.0,false,0.0,5.268356063861754e-9,false
제2대,445,1950.12.18.,제2대국회 제9회(임시회) 폐회식 국회본회의(전체회의) (1950.12.18.),0,0,0,0,0,0,0.4,0.8944271909999157,false,0.2,0.4472135955002038,false,0.0,0.0,false,0.0,0.0,false,0.0,0.0,false,0.0,5.268356063861754e-9,false
제2대,446,1950.12.20.,제2대국회 제10회(정기회) 개회식 국회본회의(전체회의) (1950.12.20.),0,0,0,0,0,0,0.4,0.8944271909999157,false,0.2,0.4472135955002038,false,0.0,0.0,false,0.0,0.0,false,0.0,0.0,false,0.0,5.268356063861754e-9,false
제2대,447,1950.12.21.,제2대국회 제10회(정기회) 제1차 국회본회의(전체회의) (1950.12.21.),0,0,0,0,0,0,0.4,0.8944271909999157,false,0.0,4.673717793095766e-7,false,0.0,0.0,false,0.0,0.0,false,0.0,0.0,false,0.0,5.268356063861754e-9,false
제2대,448,1950.12.22.,제2대국회 제10회(정기회) 제2차 국회본회의(전체회의) (1950.12.22.),0,0,0,0,0,0,0.4,0.8944271909999157,false,0.0,4.673717793095766e-7,false,0.0,0.0,false,0.0,0.0,false,0.0,0.0,false,0.0,5.268356063861754e-9,false
제2대,449,1950.12.23.,제2대국회 제10회(정기회) 제3차 국회본회의(전체회의) (1950.12.23.),0,0,0,0,0,0,0.0,9.930136612989092e-17,false,0.0,4.673717793095766e-7,false,0.0,0.0,false,0.0,0.0,false,0.0,0.0,false,0.0,5.268356063861754e-9,false
제2대,450,1950.12.24.,제2대국회 제10회(정기회) 제4차 국회본회의(전체회의) (1950.12.24.),0,1,0,0,0,0,0.0,9.930136612989092e-17,false,0.0,4.673717793095766e-7,true,0.0,0.0,false,0.0,0.0,false,0.0,0.0,false,0.0,5.268356063861754e-9,false
제2대,451,1950.12.25.,제2대국회 제10회(정기회) 제5차 국회본회의(전체회의) (1950.12.25.),0,0,0,0,0,0,0.0,9.930136612989092e-17,false,0.2,0.4472135955002038,false,0.0,0.0,false,0.0,0.0,false,0.0,0.0,false,0.0,5.268356063861754e-9,false
제2대,452,1951.01.15.,제2대국회 제10회(정기회) 제6차 국회본회의(전체회의) (1951.01.15.),0,0,1,0,0,0,0.0,9.930136612989092e-17,false,0.2,0.4472135955002038,false,0.0,0.0,true,0.0,0.0,false,0.0,0.0,false,0.0,5.268356063861754e-9,false
제2대,453,1951.01.16.,제2대국회 제10회(정기회) 제7차 국회본회의(전체회의) (1951.01.16.),5,0,1,0,0,0,0.0,9.930136612989092e-17,true,0.2,0.4472135955002038,false,0.2,0.4472135954999579,false,0.0,0.0,false,0.0,0.0,false,0.0,5.268356063861754e-9,false
제2대,454,1951.01.17.,제2대국회 제10회(정기회) 제8차 국회본회의(전체회의) (1951.01.17.),0,0,0,0,0,0,1.0,2.23606797749979,false,0.2,0.4472135955002038,false,0.4,0.5477225575051661,false,0.0,0.0,false,0.0,0.0,false,0.0,5.268356063861754e-9,false
제2대,455,1951.01.18.,제2대국회 제10회(정기회) 제9차 국회본회의(전체회의) (1951.01.18.),0,0,0,0,0,0,1.0,2.23606797749979,false,0.2,0.4472135955002038,false,0.4,0.5477225575051661,false,0.0,0.0,false,0.0,0.0,false,0.0,5.268356063861754e-9,false
제2대,456,1951.01.19.,제2대국회 제10회(정기회) 제10차 국회본회의(전체회의) (1951.01.19.),0,0,0,0,0,0,1.0,2.23606797749979,false,0.0,4.673717793095766e-7,false,0.4,0.5477225575051661,false,0.0,0.0,false,0.0,0.0,false,0.0,5.268356063861754e-9,false
제2대,457,1951.01.20.,제2대국회 제10회(정기회) 제11차 국회본회의(전체회의) (1951.01.20.),0,0,0,0,3,0,1.0,2.23606797749979,false,0.0,4.673717793095766e-7,false,0.4,0.5477225575051661,false,0.0,0.0,false,0.0,0.0,true,0.0,5.268356063861754e-9,false
제2대,458,1951.01.22.,제2대국회 제10회(정기회) 제12차 국회본회의(전체회의) (1951.01.22.),0,0,0,0,0,0,1.0,2.23606797749979,false,0.0,4.673717793095766e-7,false,0.2,0.4472135954999579,false,0.0,0.0,false,0.6,1.3416407864998738,false,0.0,5.268356063861754e-9,false
제2대,459,1951.01.23.,제2대국회 제10회(정기회) 제13차 국회본회의(전체회의) (1951.01.23.),1,0,1,0,0,0,0.0,9.930136612989092e-17,true,0.0,4.673717793095766e-7,false,0.0,0.0,true,0.0,0.0,false,0.6,1.3416407864998738,false,0.0,5.268356063861754e-9,false
제2대,460,1951.01.26.,제2대국회 제10회(정기회) 제14차 국회본회의(전체회의) (1951.01.26.),0,0,0,0,0,0,0.2,0.4472135954999578,false,0.0,4.673717793095766e-7,false,0.2,0.4472135954999579,false,0.0,0.0,false,0.6,1.3416407864998738,false,0.0,5.268356063861754e-9,false
제2대,461,1951.01.27.,제2대국회 제10회(정기회) 제15차 국회본회의(전체회의) (1951.01.27.),1,0,0,0,0,0,0.2,0.4472135954999578,false,0.0,4.673717793095766e-7,false,0.2,0.4472135954999579,false,0.0,0.0,false,0.6,1.3416407864998738,false,0.0,5.268356063861754e-9,false
제2대,462,1951.01.29.,제2대국회 제10회(정기회) 제16차 국회본회의(전체회의) (1951.01.29.),0,0,0,0,0,0,0.4,0.547722557505166,false,0.0,4.673717793095766e-7,false,0.2,0.4472135954999579,false,0.0,0.0,false,0.6,1.3416407864998738,false,0.0,5.268356063861754e-9,false
제2대,463,1951.01.30.,제2대국회 제10회(정기회) 제17차 국회본회의(전체회의) (1951.01.30.),0,0,0,0,0,0,0.4,0.547722557505166,false,0.0,4.673717793095766e-7,false,0.2,0.4472135954999579,false,0.0,0.0,false,0.0,0.0,false,0.0,5.268356063861754e-9,false
제2대,464,1951.01.31.,제2대국회 제10회(정기회) 제18차 국회본회의(전체회의) (1951.01.31.),0,0,0,0,0,0,0.4,0.547722557505166,false,0.0,4.673717793095766e-7,false,0.2,0.4472135954999579,false,0.0,0.0,false,0.0,0.0,false,0.0,5.268356063861754e-9,false
제2대,465,1951.02.01.,제2대국회 제10회(정기회) 제19차 국회본회의(전체회의) (1951.02.01.),4,0,0,0,0,1,0.2,0.4472135954999578,true,0.0,4.673717793095766e-7,false,0.0,0.0,false,0.0,0.0,false,0.0,0.0,false,0.0,5.268356063861754e-9,true
제2대,466,1951.02.02.,제2대국회 제10회(정기회) 제20차 국회본회의(전체회의) (1951.02.02.),0,0,0,0,0,0,1.0,1.7320508075688772,false,0.0,4.673717793095766e-7,false,0.0,0.0,false,0.0,0.0,false,0.0,0.0,false,0.2,0.447213595499958,false
제2대,467,1951.02.03.,제2대국회 제10회(정기회) 제21차 국회본회의(전체회의) (1951.02.03.),2,0,0,0,0,0,0.8,1.7888543819998317,false,0.0,4.673717793095766e-7,false,0.0,0.0,false,0.0,0.0,false,0.0,0.0,false,0.2,0.447213595499958,false
제2대,468,1951.02.12.,제2대국회 제10회(정기회) 제22차 국회본회의(전체회의) (1951.02.12.),3,0,0,0,0,0,1.2,1.7888543819998317,false,0.0,4.673717793095766e-7,false,0.0,0.0,false,0.0,0.0,false,0.0,0.0,false,0.2,0.447213595499958,false
제2대,469,1951.02.13.,제2대국회 제10회(정기회) 제23차 국회본회의(전체회의) (1951.02.13.),0,0,0,0,0,0,1.8,1.7888543819998315,false,0.0,4.673717793095766e-7,false,0.0,0.0,false,0.0,0.0,false,0.0,0.0,false,0.2,0.447213595499958,false
제2대,470,1951.02.14.,제2대국회 제10회(정기회) 제24차 국회본회의(전체회의) (1951.02.14.),0,0,0,0,0,0,1.8,1.7888543819998315,false,0.0,4.673717793095766e-7,false,0.0,0.0,false,0.0,0.0,false,0.0,0.0,false,0.2,0.447213595499958,false
제2대,471,1951.02.15.,제2대국회 제10회(정기회) 제25차 국회본회의(전체회의) (1951.02.15.),2,0,0,0,0,0,1.0,1.4142135623730951,false,0.0,4.673717793095766e-7,false,0.0,0.0,false,0.0,0.0,false,0.0,0.0,false,0.0,5.268356063861754e-9,false
제2대,472,1951.02.16.,제2대국회 제10회(정기회) 제26차 국회본회의(전체회의) (1951.02.16.),10,0,0,0,0,0,1.4,1.3416407864998736,true,0.0,4.673717793095766e-7,false,0.0,0.0,false,0.0,0.0,false,0.0,0.0,false,0.0,5.268356063861754e-9,false
제2대,473,1951.02.17.,제2대국회 제10회(정기회) 제27차 국회본회의(전체회의) (1951.02.17.),2,0,0,0,0,0,3.0,4.123105625617661,false,0.0,4.673717793095766e-7,false,0.0,0.0,false,0.0,0.0,false,0.0,0.0,false,0.0,5.268356063861754e-9,false
제2대,474,1951.02.19.,제2대국회 제10회(정기회) 제28차 국회본회의(전체회의) (1951.02.19.),0,0,7,0,0,0,2.8,4.147288270665544,false,0.0,4.673717793095766e-7,false,0.0,0.0,true,0.0,0.0,false,0.0,0.0,false,0.0,5.268356063861754e-9,false
제2대,475,1951.02.20.,제2대국회 제10회(정기회) 제29차 국회본회의(전체회의) (1951.02.20.),3,0,0,0,0,0,2.8,4.147288270665544,false,0.0,4.673717793095766e-7,false,1.4,3.1304951684997055,false,0.0,0.0,false,0.0,0.0,false,0.0,5.268356063861754e-9,false
제2대,476,1951.02.21.,제2대국회 제10회(정기회) 제30차 국회본회의(전체회의) (1951.02.21.),0,0,0,0,0,0,3.4,3.8470768123342687,false,0.0,4.673717793095766e-7,false,1.4,3.1304951684997055,false,0.0,0.0,false,0.0,0.0,false,0.0,5.268356063861754e-9,false
제2대,477,1951.02.22.,제2대국회 제10회(정기회) 제31차 국회본회의(전체회의) (1951.02.22.),0,0,0,0,0,0,3.0,4.123105625617661,false,0.0,4.673717793095766e-7,false,1.4,3.1304951684997055,false,0.0,0.0,false,0.0,0.0,false,0.0,5.268356063861754e-9,false
제2대,478,1951.02.23.,제2대국회 제10회(정기회) 제32차 국회본회의(전체회의) (1951.02.23.),8,0,3,0,0,0,1.0,1.4142135623730951,true,0.0,4.673717793095766e-7,false,1.4,3.1304951684997055,false,0.0,0.0,false,0.0,0.0,false,0.0,5.268356063861754e-9,false
제2대,479,1951.02.24.,제2대국회 제10회(정기회) 제33차 국회본회의(전체회의) (1951.02.24.),0,0,0,0,0,0,2.2,3.4928498393145957,false,0.0,4.673717793095766e-7,false,2.0,3.082207001484488,false,0.0,0.0,false,0.0,0.0,false,0.0,5.268356063861754e-9,false
제2대,480,1951.02.26.,제2대국회 제10회(정기회) 제34차 국회본회의(전체회의) (1951.02.26.),1,2,0,0,0,0,2.2,3.4928498393145957,false,0.0,4.673717793095766e-7,true,0.6,1.3416407864998732,false,0.0,0.0,false,0.0,0.0,false,0.0,5.268356063861754e-9,false
제2대,481,1951.02.27.,제2대국회 제10회(정기회) 제35차 국회본회의(전체회의) (1951.02.27.),1,0,0,0,0,0,1.8,3.4928498393145957,false,0.4,0.8944271910000396,false,0.6,1.3416407864998732,false,0.0,0.0,false,0.0,0.0,false,0.0,5.268356063861754e-9,false
제2대,482,1951.02.28.,제2대국회 제10회(정기회) 제36차 국회본회의(전체회의) (1951.02.28.),3,0,0,0,0,0,2.0,3.3911649915626336,false,0.4,0.8944271910000396,false,0.6,1.3416407864998732,false,0.0,0.0,false,0.0,0.0,false,0.0,5.268356063861754e-9,false
제2대,483,1951.03.02.,제2대국회 제10회(정기회) 제37차 국회본회의(전체회의) (1951.03.02.),0,0,0,0,0,0,2.6,3.209361307176242,false,0.4,0.8944271910000396,false,0.6,1.3416407864998732,false,0.0,0.0,false,0.0,0.0,false,0.0,5.268356063861754e-9,false
제2대,484,1951.03.03.,제2대국회 제10회(정기회) 제38차 국회본회의(전체회의) (1951.03.03.),8,8,1,0,0,0,1.0,1.2247448713915876,true,0.4,0.8944271910000396,true,0.0,0.0,true,0.0,0.0,false,0.0,0.0,false,0.0,5.268356063861754e-9,false
제2대,485,1951.03.05.,제2대국회 제10회(정기회) 제39차 국회본회의(전체회의) (1951.03.05.),5,0,0,0,0,0,2.6,3.209361307176242,false,2.0,3.4641016151377886,false,0.2,0.4472135954999562,false,0.0,0.0,false,0.0,0.0,false,0.0,5.268356063861754e-9,false
제2대,486,1951.03.06.,제2대국회 제10회(정기회) 제40차 국회본회의(전체회의) (1951.03.06.),10,0,0,0,0,0,3.4,3.209361307176242,true,1.6,3.577708763999696,false,0.2,0.4472135954999562,false,0.0,0.0,false,0.0,0.0,false,0.0,5.268356063861754e-9,false
제2대,487,1951.03.07.,제2대국회 제10회(정기회) 제41차 국회본회의(전체회의) (1951.03.07.),24,3,0,0,0,0,5.2,3.9623225512317894,true,1.6,3.577708763999696,false,0.2,0.4472135954999562,false,0.0,0.0,false,0.0,0.0,false,0.0,5.268356063861754e-9,false
제2대,488,1951.03.08.,제2대국회 제10회(정기회) 제42차 국회본회의(전체회의) (1951.03.08.),0,1,0,0,0,0,9.4,8.988882021697693,false,2.2,3.49284983931463,false,0.2,0.4472135954999562,false,0.0,0.0,false,0.0,0.0,false,0.0,5.268356063861754e-9,false
제2대,489,1951.03.09.,제2대국회 제10회(정기회) 제43차 국회본회의(전체회의) (1951.03.09.),0,0,0,0,0,0,9.4,8.988882021697693,false,2.4,3.3615472627943577,false,0.2,0.4472135954999562,false,0.0,0.0,false,0.0,0.0,false,0.0,5.268356063861754e-9,false
제2대,490,1951.03.10.,제2대국회 제10회(정기회) 제44차 국회본회의(전체회의) (1951.03.10.),0,0,0,0,0,0,7.8,9.959919678390985,false,0.8,1.3038404810406155,false,0.0,0.0,false,0.0,0.0,false,0.0,0.0,false,0.0,5.268356063861754e-9,false
제2대,491,1951.03.19.,제2대국회 제10회(정기회) 제45차 국회본회의(전체회의) (1951.03.19.),0,0,0,0,0,0,6.8,10.545141061171254,false,0.8,1.3038404810406155,false,0.0,0.0,false,0.0,0.0,false,0.0,0.0,false,0.0,5.268356063861754e-9,false
제2대,492,1951.03.20.,제2대국회 제10회(정기회) 제46차 국회본회의(전체회의) (1951.03.20.),2,0,3,0,0,2,4.8,10.73312629199899,false,0.8,1.3038404810406155,false,0.0,0.0,true,0.0,0.0,false,0.0,0.0,false,0.0,5.268356063861754e-9,true
제2대,493,1951.03.21.,제2대국회 제10회(정기회) 제47차 국회본회의(전체회의) (1951.03.21.),3,286,0,0,0,0,0.4,0.8944271909999238,true,0.2,0.447213595500202,true,0.6,1.3416407864998732,false,0.0,0.0,false,0.0,0.0,false,0.4,0.8944271909999159,false
제2대,494,1951.03.22.,제2대국회 제10회(정기회) 제48차 국회본회의(전체회의) (1951.03.22.),1,0,3,0,0,0,1.0,1.4142135623731,false,57.2,127.90308831298798,false,0.6,1.3416407864998732,false,0.0,0.0,false,0.0,0.0,false,0.4,0.8944271909999159,false
제2대,495,1951.03.23.,제2대국회 제10회(정기회) 제49차 국회본회의(전체회의) (1951.03.23.),1,68,0,0,0,0,1.2,1.303840481040535,false,57.2,127.90308831298798,false,1.2,1.6431676725154978,false,0.0,0.0,false,0.0,0.0,false,0.4,0.8944271909999159,false
제2대,496,1951.03.24.,제2대국회 제10회(정기회) 제50차 국회본회의(전체회의) (1951.03.24.),0,226,1,0,0,0,1.4,1.1401754250991443,false,70.8,123.85152401161643,false,1.2,1.6431676725154978,false,0.0,0.0,false,0.0,0.0,false,0.4,0.8944271909999159,false
제2대,497,1951.03.26.,제2대국회 제10회(정기회) 제51차 국회본회의(전체회의) (1951.03.26.),0,0,0,0,0,0,1.4,1.1401754250991443,false,116.0,132.49150916190817,false,1.4,1.5165750888103096,false,0.0,0.0,false,0.0,0.0,false,0.4,0.8944271909999159,false
제2대,498,1951.03.27.,제2대국회 제10회(정기회) 제52차 국회본회의(전체회의) (1951.03.27.),0,0,0,0,0,1,1.0,1.224744871391595,false,116.0,132.49150916190817,false,0.8,1.3038404810405289,false,0.0,0.0,false,0.0,0.0,false,0.0,0.0,true
제2대,499,1951.03.28.,제2대국회 제10회(정기회) 제53차 국회본회의(전체회의) (1951.03.28.),0,0,1,1,0,1,0.4,0.5477225575051791,false,58.8,97.9959182823448,false,0.8,1.3038404810405289,false,0.0,0.0,true,0.0,0.0,false,0.2,0.4472135954999579,false
제2대,500,1951.03.29.,제2대국회 제10회(정기회) 제54차 국회본회의(전체회의) (1951.03.29.),2,23,0,0,0,0,0.2,0.44721359549997386,true,58.8,97.9959182823448,false,0.4,0.5477225575051641,false,0.2,0.4472135954999579,false,0.0,0.0,false,0.4,0.5477225575051661,false
제2대,501,1951.03.30.,제2대국회 제10회(정기회) 제55차 국회본회의(전체회의) (1951.03.30.),1,6,0,0,0,2,0.4,0.8944271909999238,false,49.8,99.00101009585711,false,0.4,0.5477225575051641,false,0.2,0.4472135954999579,false,0.0,0.0,false,0.4,0.5477225575051661,true
제2대,502,1951.03.31.,제2대국회 제10회(정기회) 제56차 국회본회의(전체회의) (1951.03.31.),7,6,7,0,0,2,0.6,0.8944271909999238,true,5.8,9.959919678391078,false,0.2,0.44721359549995543,true,0.2,0.4472135954999579,false,0.0,0.0,false,0.8,0.8366600265340756,false
제2대,503,1951.04.02.,제2대국회 제10회(정기회) 제57차 국회본회의(전체회의) (1951.04.02.),0,6,0,0,0,0,2.0,2.9154759474226526,false,7.0,9.4339811320567,false,1.6,3.049590136395381,false,0.2,0.4472135954999579,false,0.0,0.0,false,1.2,0.8366600265340756,false
제2대,504,1951.04.16.,제2대국회 제10회(정기회) 제58차 국회본회의(전체회의) (1951.04.16.),6,7,0,0,0,0,2.0,2.9154759474226526,false,8.2,8.671793355471625,false,1.6,3.049590136395381,false,0.2,0.4472135954999579,false,0.0,0.0,false,1.0,1.0,false
제2대,505,1951.04.17.,제2대국회 제10회(정기회) 제59차 국회본회의(전체회의) (1951.04.17.),0,0,0,0,0,0,3.2,3.1144823004794895,false,9.6,7.503332592921749,false,1.4,3.1304951684997055,false,0.0,0.0,false,0.0,0.0,false,0.8,1.0954451150103321,false
제2대,506,1951.04.18.,제2대국회 제10회(정기회) 제60차 국회본회의(전체회의) (1951.04.18.),2,0,0,0,0,0,2.8,3.4205262752974157,false,5.0,2.8284271247465105,false,1.4,3.1304951684997055,false,0.0,0.0,false,0.0,0.0,false,0.8,1.0954451150103321,false
제2대,507,1951.04.19.,제2대국회 제10회(정기회) 제61차 국회본회의(전체회의) (1951.04.19.),0,0,0,0,0,0,3.0,3.316624790355402,false,3.8,3.4928498393148555,false,1.4,3.1304951684997055,false,0.0,0.0,false,0.0,0.0,false,0.4,0.8944271909999159,false
제2대,508,1951.04.20.,제2대국회 제10회(정기회) 제62차 국회본회의(전체회의) (1951.04.20.),1,0,0,0,0,0,1.6,2.607680962081062,false,2.6,3.577708763999917,false,0.0,0.0,false,0.0,0.0,false,0.0,0.0,false,0.0,0.0,false
제2대,509,1951.04.24.,제2대국회 제10회(정기회) 제63차 국회본회의(전체회의) (1951.04.24.),0,0,2,0,0,4,1.8,2.4899799195977494,false,1.4,3.130495168499995,false,0.0,0.0,true,0.0,0.0,false,0.0,0.0,false,0.0,0.0,true
제2대,510,1951.04.25.,제2대국회 제10회(정기회) 제64차 국회본회의(전체회의) (1951.04.25.),0,0,0,0,0,0,0.6,0.8944271909999238,false,0.0,1.346722069703937e-6,false,0.4,0.8944271909999159,false,0.0,0.0,false,0.0,0.0,false,0.8,1.7888543819998317,false
제2대,511,1951.04.26.,제2대국회 제10회(정기회) 제65차 국회본회의(전체회의) (1951.04.26.),7,5,11,0,0,0,0.6,0.8944271909999238,true,0.0,1.346722069703937e-6,true,0.4,0.8944271909999159,true,0.0,0.0,false,0.0,0.0,false,0.8,1.7888543819998317,false
제2대,512,1951.04.27.,제2대국회 제10회(정기회) 제66차 국회본회의(전체회의) (1951.04.27.),0,18,0,0,0,0,1.6,3.0495901363953837,false,1.0,2.2360679775001953,true,2.6,4.774934554525329,false,0.0,0.0,false,0.0,0.0,false,0.8,1.7888543819998317,false
제2대,513,1951.04.28.,제2대국회 제10회(정기회) 제67차 국회본회의(전체회의) (1951.04.28.),7,26,10,0,0,3,1.6,3.0495901363953837,false,4.6,7.797435475847288,true,2.6,4.774934554525329,false,0.0,0.0,false,0.0,0.0,false,0.8,1.7888543819998317,false
제2대,514,1951.04.29.,제2대국회 제10회(정기회) 제68차 국회본회의(전체회의) (1951.04.29.),1,25,18,0,0,0,2.8,3.8340579025361645,false,9.8,11.670475568716205,false,4.6,5.458937625582473,true,0.0,0.0,false,0.0,0.0,false,1.4,1.9493588689617927,false
제2대,515,1951.04.30.,제2대국회 제10회(정기회) 제69차 국회본회의(전체회의) (1951.04.30.),9,2,1,0,0,2,3.0,3.674234614174769,false,14.8,11.777096416349906,false,7.8,7.758865896508329,false,0.0,0.0,false,0.0,0.0,false,0.6,1.3416407864998736,false
제2대,516,1951.05.01.,제2대국회 제10회(정기회) 제70차 국회본회의(전체회의) (1951.05.01.),0,1,0,0,0,0,4.8,4.024922359499623,false,15.2,11.166915420114984,false,8.0,7.516648189186454,false,0.0,0.0,false,0.0,0.0,false,1.0,1.414213562373095,false
제2대,517,1951.05.02.,제2대국회 제10회(정기회) 제71차 국회본회의(전체회의) (1951.05.02.),0,0,2,0,0,0,3.4,4.27784992724149,false,14.4,12.177848742696792,false,5.8,8.012490249604053,false,0.0,0.0,false,0.0,0.0,false,1.0,1.414213562373095,false
제2대,518,1951.05.03.,제2대국회 제10회(정기회) 제72차 국회본회의(전체회의) (1951.05.03.),0,0,0,0,0,0,3.4,4.27784992724149,false,10.8,13.442470011125256,false,6.2,7.694153624668538,false,0.0,0.0,false,0.0,0.0,false,1.0,1.414213562373095,false
제2대,519,1951.05.04.,제2대국회 제10회(정기회) 제73차 국회본회의(전체회의) (1951.05.04.),0,2,1,0,0,0,2.0,3.9370039370059073,false,5.6,10.876580344943065,false,4.2,7.758865896508329,false,0.0,0.0,false,0.0,0.0,false,0.4,0.8944271909999156,false
제2대,520,1951.05.05.,제2대국회 제10회(정기회) 제74차 국회본회의(전체회의) (1951.05.05.),0,0,0,0,0,0,1.8,4.024922359499623,false,1.0,1.0000000000009022,false,0.8,0.8366600265340756,false,0.0,0.0,false,0.0,0.0,false,0.4,0.8944271909999156,false
제2대,521,1951.05.07.,제2대국회 제10회(정기회) 제75차 국회본회의(전체회의) (1951.05.07.),0,1,0,0,0,0,0.0,1.1920928955078125e-7,false,0.6,0.8944271910009249,false,0.6,0.8944271909999159,false,0.0,0.0,false,0.0,0.0,false,0.0,0.0,false
제2대,522,1951.05.08.,제2대국회 제10회(정기회) 제76차 국회본회의(전체회의) (1951.05.08.),0,0,0,0,0,0,0.0,1.1920928955078125e-7,false,0.6,0.8944271910009249,false,0.6,0.8944271909999159,false,0.0,0.0,false,0.0,0.0,false,0.0,0.0,false
제2대,523,1951.05.09.,제2대국회 제10회(정기회) 제77차 국회본회의(전체회의) (1951.05.09.),0,0,0,0,0,0,0.0,1.1920928955078125e-7,false,0.6,0.8944271910009249,false,0.2,0.4472135954999581,false,0.0,0.0,false,0.0,0.0,false,0.0,0.0,false
제2대,524,1951.05.10.,제2대국회 제10회(정기회) 제78차 국회본회의(전체회의) (1951.05.10.),0,0,0,0,0,0,0.0,1.1920928955078125e-7,false,0.6,0.8944271910009249,false,0.2,0.4472135954999581,false,0.0,0.0,false,0.0,0.0,false,0.0,0.0,false
제2대,525,1951.05.11.,제2대국회 제10회(정기회) 제79차 국회본회의(전체회의) (1951.05.11.),8,0,0,0,0,0,0.0,1.1920928955078125e-7,true,0.2,0.44721359550197687,false,0.0,1.0536712127723509e-8,false,0.0,0.0,false,0.0,0.0,false,0.0,0.0,false
제2대,526,1951.05.12.,제2대국회 제10회(정기회) 제80차 국회본회의(전체회의) (1951.05.12.),0,4,1,0,0,0,1.6,3.5777087639996656,false,0.2,0.44721359550197687,true,0.0,1.0536712127723509e-8,true,0.0,0.0,false,0.0,0.0,false,0.0,0.0,false
제2대,527,1951.05.14.,제2대국회 제10회(정기회) 제81차 국회본회의(전체회의) (1951.05.14.),0,0,1,0,0,0,1.6,3.5777087639996656,false,0.8,1.7888543820003362,false,0.2,0.4472135954999581,false,0.0,0.0,false,0.0,0.0,false,0.0,0.0,false
제2대,528,1951.05.15.,제2대국회 제10회(정기회) 제82차 국회본회의(전체회의) (1951.05.15.),0,0,0,0,0,0,1.6,3.5777087639996656,false,0.8,1.7888543820003362,false,0.4,0.5477225575051662,false,0.0,0.0,false,0.0,0.0,false,0.0,0.0,false
제2대,529,1951.05.16.,제2대국회 제10회(정기회) 제83차 국회본회의(전체회의) (1951.05.16.),0,0,0,0,0,0,1.6,3.5777087639996656,false,0.8,1.7888543820003362,false,0.4,0.5477225575051662,false,0.0,0.0,false,0.0,0.0,false,0.0,0.0,false
제2대,530,1951.05.17.,제2대국회 제10회(정기회) 제84차 국회본회의(전체회의) (1951.05.17.),0,0,0,0,0,0,1.6,3.5777087639996656,false,0.8,1.7888543820003362,false,0.4,0.5477225575051662,false,0.0,0.0,false,0.0,0.0,false,0.0,0.0,false
제2대,531,1951.05.18.,제2대국회 제10회(정기회) 제85차 국회본회의(전체회의) (1951.05.18.),0,0,0,0,0,3,0.0,1.1920928955078125e-7,false,0.8,1.7888543820003362,false,0.4,0.5477225575051662,false,0.0,0.0,false,0.0,0.0,false,0.0,0.0,true
제2대,532,1951.05.19.,제2대국회 제10회(정기회) 제86차 국회본회의(전체회의) (1951.05.19.),4,0,7,0,0,1,0.0,1.1920928955078125e-7,true,0.0,1.3439162237506491e-6,false,0.2,0.4472135954999581,true,0.0,0.0,false,0.0,0.0,false,0.6,1.3416407864998738,false
제2대,533,1951.05.21.,제2대국회 제10회(정기회) 제87차 국회본회의(전체회의) (1951.05.21.),0,0,0,0,0,0,0.8,1.7888543819998357,false,0.0,1.3439162237506491e-6,false,1.4,3.1304951684997055,false,0.0,0.0,false,0.0,0.0,false,0.8,1.3038404810405297,false
제2대,534,1951.05.22.,제2대국회 제10회(정기회) 제88차 국회본회의(전체회의) (1951.05.22.),1,0,0,0,0,1,0.8,1.7888543819998357,false,0.0,1.3439162237506491e-6,false,1.4,3.1304951684997055,false,0.0,0.0,false,0.0,0.0,false,0.8,1.3038404810405297,false
제2대,535,1951.05.28.,제2대국회 제10회(정기회) 제89차 국회본회의(전체회의) (1951.05.28.),0,3,0,0,0,1,1.0,1.7320508075688814,false,0.0,1.3439162237506491e-6,true,1.4,3.1304951684997055,false,0.0,0.0,false,0.0,0.0,false,1.0,1.224744871391589,false
제2대,536,1951.05.29.,제2대국회 제10회(정기회) 제90차 국회본회의(전체회의) (1951.05.29.),0,0,0,0,0,0,1.0,1.7320508075688814,false,0.6,1.3416407865005466,false,1.4,3.1304951684997055,false,0.0,0.0,false,0.0,0.0,false,1.2,1.0954451150103321,false
제2대,537,1951.05.30.,제2대국회 제10회(정기회) 폐회식 국회본회의(전체회의) (1951.05.30.),0,0,1,0,0,0,1.0,1.7320508075688814,false,0.6,1.3416407865005466,false,1.4,3.1304951684997055,false,0.0,0.0,false,0.0,0.0,false,0.6,0.5477225575051656,false
제2대,538,1951.05.31.,제2대국회 제11회(임시회) 개회식 국회본회의(전체회의) (1951.05.31.),0,0,0,0,0,0,0.2,0.44721359549997386,false,0.6,1.3416407865005466,false,0.2,0.4472135954999579,false,0.0,0.0,false,0.0,0.0,false,0.4,0.5477225575051655,false
제2대,539,1951.06.01.,제2대국회 제11회(임시회) 제1차 국회본회의(전체회의) (1951.06.01.),8,0,0,0,0,0,0.2,0.44721359549997386,true,0.6,1.3416407865005466,false,0.2,0.4472135954999579,false,0.0,0.0,false,0.0,0.0,false,0.4,0.5477225575051655,false
제2대,540,1951.06.02.,제2대국회 제11회(임시회) 제2차 국회본회의(전체회의) (1951.06.02.),0,0,0,0,0,0,1.6,3.5777087639996656,false,0.6,1.3416407865005466,false,0.2,0.4472135954999579,false,0.0,0.0,false,0.0,0.0,false,0.2,0.4472135954999571,false
제2대,541,1951.06.04.,제2대국회 제11회(임시회) 제3차 국회본회의(전체회의) (1951.06.04.),1,2,0,0,0,0,1.6,3.5777087639996656,false,0.0,1.3439162237506491e-6,true,0.2,0.4472135954999579,false,0.0,0.0,false,0.0,0.0,false,0.0,0.0,false
제2대,542,1951.06.05.,제2대국회 제11회(임시회) 제4차 국회본회의(전체회의) (1951.06.05.),0,0,0,0,6,0,1.8,3.492849839314598,false,0.4,0.8944271910009252,false,0.2,0.4472135954999579,false,0.0,0.0,false,0.0,0.0,true,0.0,0.0,false
제2대,543,1951.06.06.,제2대국회 제11회(임시회) 제5차 국회본회의(전체회의) (1951.06.06.),4,0,0,0,0,0,1.8,3.492849839314598,false,0.4,0.8944271910009252,false,0.0,0.0,false,0.0,0.0,false,1.2,2.6832815729997477,false,0.0,0.0,false
제2대,544,1951.06.07.,제2대국회 제11회(임시회) 제6차 국회본회의(전체회의) (1951.06.07.),3,0,0,0,0,0,2.6,3.4351128074635358,false,0.4,0.8944271910009252,false,0.0,0.0,false,0.0,0.0,false,1.2,2.6832815729997477,false,0.0,0.0,false
제2대,545,1951.06.08.,제2대국회 제11회(임시회) 제7차 국회본회의(전체회의) (1951.06.08.),12,0,6,0,0,0,1.6,1.816590212458499,true,0.4,0.8944271910009252,false,0.0,0.0,true,0.0,0.0,false,1.2,2.6832815729997477,false,0.0,0.0,false
제2대,546,1951.06.09.,제2대국회 제11회(임시회) 제8차 국회본회의(전체회의) (1951.06.09.),1,0,3,0,0,0,4.0,4.743416490252571,false,0.4,0.8944271910009252,false,1.2,2.6832815729997477,false,0.0,0.0,false,1.2,2.6832815729997477,false,0.0,0.0,false
제2대,547,1951.06.27.,제2대국회 제11회(임시회) 제10차 국회본회의(전체회의) (1951.06.27.),0,0,0,0,0,0,4.0,4.743416490252571,false,0.0,1.3439162237506491e-6,false,1.8,2.6832815729997477,false,0.0,0.0,false,1.2,2.6832815729997477,false,0.0,0.0,false
제2대,548,1951.06.28.,제2대국회 제11회(임시회) 제11차 국회본회의(전체회의) (1951.06.28.),0,0,0,0,0,0,4.0,4.743416490252571,false,0.0,1.3439162237506491e-6,false,1.8,2.6832815729997477,false,0.0,0.0,false,0.0,0.0,false,0.0,0.0,false
제2대,549,1951.06.29.,제2대국회 제11회(임시회) 제12차 국회본회의(전체회의) (1951.06.29.),0,0,0,0,0,0,3.2,5.069516742254631,false,0.0,1.3439162237506491e-6,false,1.8,2.6832815729997477,false,0.0,0.0,false,0.0,0.0,false,0.0,0.0,false
제2대,550,1951.06.30.,제2대국회 제11회(임시회) 제13차 국회본회의(전체회의) (1951.06.30.),1,0,0,0,0,1,2.6,5.272570530585629,false,0.0,1.3439162237506491e-6,false,1.8,2.6832815729997477,false,0.0,0.0,false,0.0,0.0,false,0.0,0.0,true
제2대,551,1951.07.02.,제2대국회 제11회(임시회) 제14차 국회본회의(전체회의) (1951.07.02.),1,0,0,0,0,0,0.4,0.5477225575051791,false,0.0,1.3439162237506491e-6,false,0.6,1.3416407864998734,false,0.0,0.0,false,0.0,0.0,false,0.2,0.4472135954999571,false
제2대,552,1951.07.03.,제2대국회 제11회(임시회) 제15차 국회본회의(전체회의) (1951.07.03.),0,0,0,0,0,0,0.4,0.5477225575051791,false,0.0,1.3439162237506491e-6,false,0.0,0.0,false,0.0,0.0,false,0.0,0.0,false,0.2,0.4472135954999571,false
제2대,553,1951.07.04.,제2대국회 제11회(임시회) 제16차 국회본회의(전체회의) (1951.07.04.),0,0,0,0,0,0,0.4,0.5477225575051791,false,0.0,1.3439162237506491e-6,false,0.0,0.0,false,0.0,0.0,false,0.0,0.0,false,0.2,0.4472135954999571,false
제2대,554,1951.07.05.,제2대국회 제11회(임시회) 제17차 국회본회의(전체회의) (1951.07.05.),5,0,6,0,0,0,0.4,0.5477225575051791,true,0.0,1.3439162237506491e-6,false,0.0,0.0,true,0.0,0.0,false,0.0,0.0,false,0.2,0.4472135954999571,false
제2대,555,1951.07.06.,제2대국회 제11회(임시회) 제18차 국회본회의(전체회의) (1951.07.06.),1,1,0,0,0,0,1.4,2.0736441353327755,false,0.0,1.3439162237506491e-6,true,1.2,2.6832815729997472,false,0.0,0.0,false,0.0,0.0,false,0.2,0.4472135954999571,false
제2대,556,1951.07.07.,제2대국회 제11회(임시회) 제19차 국회본회의(전체회의) (1951.07.07.),5,0,0,0,0,6,1.4,2.0736441353327755,false,0.2,0.44721359550197687,false,1.2,2.6832815729997472,false,0.0,0.0,false,0.0,0.0,false,0.0,0.0,true
제2대,557,1951.07.08.,제2대국회 제11회(임시회) 제20차 국회본회의(전체회의) (1951.07.08.),0,0,0,0,0,0,2.2,2.5884358211089595,false,0.2,0.44721359550197687,false,1.2,2.6832815729997472,false,0.0,0.0,false,0.0,0.0,false,1.2,2.6832815729997477,false
제2대,558,1951.07.09.,제2대국회 제11회(임시회) 제21차 국회본회의(전체회의) (1951.07.09.),0,0,3,0,0,0,2.2,2.5884358211089595,false,0.2,0.44721359550197687,false,1.2,2.6832815729997472,false,0.0,0.0,false,0.0,0.0,false,1.2,2.6832815729997477,false
제2대,559,1951.07.10.,제2대국회 제11회(임시회) 제22차 국회본회의(전체회의) (1951.07.10.),0,0,2,0,0,0,2.2,2.5884358211089595,false,0.2,0.44721359550197687,false,1.8,2.6832815729997472,false,0.0,0.0,false,0.0,0.0,false,1.2,2.6832815729997477,false
제2대,560,1951.07.11.,제2대국회 제11회(임시회) 제23차 국회본회의(전체회의) (1951.07.11.),2,2,2,0,0,0,1.2,2.167948338867883,false,0.2,0.44721359550197687,true,1.0,1.4142135623730945,false,0.0,0.0,false,0.0,0.0,false,1.2,2.6832815729997477,false
제2대,561,1951.07.12.,제2대국회 제11회(임시회) 제24차 국회본회의(전체회의) (1951.07.12.),1,0,0,0,0,0,1.4,2.190890230020668,false,0.4,0.8944271910009252,false,1.4,1.3416407864998732,false,0.0,0.0,false,0.0,0.0,false,1.2,2.6832815729997477,false
제2대,562,1951.07.12.,제2대국회 제11회(임시회) 제24차 국회본회의(전체회의) (1951.07.12.)_555,1,0,0,0,0,0,0.6,0.8944271909999237,false,0.4,0.8944271910009252,false,1.4,1.3416407864998732,false,0.0,0.0,false,0.0,0.0,false,0.0,0.0,false
제2대,563,1951.07.13.,제2대국회 제11회(임시회) 제25차 국회본회의(전체회의) (1951.07.13.),15,0,0,0,0,1,0.8,0.836660026534084,true,0.4,0.8944271910009252,false,1.4,1.3416407864998732,false,0.0,0.0,false,0.0,0.0,false,0.0,0.0,true
제2대,564,1951.07.14.,제2대국회 제11회(임시회) 제26차 국회본회의(전체회의) (1951.07.14.),0,0,0,0,0,0,3.8,6.300793600809347,false,0.4,0.8944271910009252,false,0.8,1.0954451150103313,false,0.0,0.0,false,0.0,0.0,false,0.2,0.44721359549995715,false
제2대,565,1951.07.16.,제2대국회 제11회(임시회) 제27차 국회본회의(전체회의) (1951.07.16.),6,2,0,0,0,0,3.8,6.300793600809347,false,0.4,0.8944271910009252,false,0.4,0.8944271909999146,false,0.0,0.0,false,0.0,0.0,false,0.2,0.44721359549995715,false
제2대,566,1951.07.18.,제2대국회 제11회(임시회) 제28차 국회본회의(전체회의) (1951.07.18.),0,0,3,0,0,0,4.6,6.268971207462992,false,0.4,0.8944271910009252,false,0.0,0.0,true,0.0,0.0,false,0.0,0.0,false,0.2,0.44721359549995715,false
제2대,567,1951.07.19.,제2대국회 제11회(임시회) 제29차 국회본회의(전체회의) (1951.07.19.),1,0,0,0,0,0,4.4,6.426507605223852,false,0.4,0.8944271910009252,false,0.6,1.3416407864998732,false,0.0,0.0,false,0.0,0.0,false,0.2,0.44721359549995715,false
제2대,568,1951.07.20.,제2대국회 제11회(임시회) 제30차 국회본회의(전체회의) (1951.07.20.),0,0,4,0,0,0,4.4,6.426507605223852,false,0.4,0.8944271910009252,false,0.6,1.3416407864998732,true,0.0,0.0,false,0.0,0.0,false,0.2,0.44721359549995715,false
제2대,569,1951.07.21.,제2대국회 제11회(임시회) 제31차 국회본회의(전체회의) (1951.07.21.),4,0,0,0,0,3,1.4,2.607680962081062,false,0.4,0.8944271910009252,false,1.4,1.9493588689617922,false,0.0,0.0,false,0.0,0.0,false,0.0,0.0,true
제2대,570,1951.07.23.,제2대국회 제11회(임시회) 제32차 국회본회의(전체회의) (1951.07.23.),0,0,0,0,0,0,2.2,2.6832815729997503,false,0.4,0.8944271910009252,false,1.4,1.9493588689617922,false,0.0,0.0,false,0.0,0.0,false,0.6,1.3416407864998736,false
제2대,571,1951.07.25.,제2대국회 제11회(임시회) 제33차 국회본회의(전체회의) (1951.07.25.),10,0,1,0,0,0,1.0,1.7320508075688812,true,0.0,1.3439162237506491e-6,false,1.4,1.9493588689617922,false,0.0,0.0,false,0.0,0.0,false,0.6,1.3416407864998736,false
제2대,572,1951.07.27.,제2대국회 제11회(임시회) 제34차 국회본회의(전체회의) (1951.07.27.),5,0,0,0,0,0,3.0,4.2426406871192865,false,0.0,1.3439162237506491e-6,false,1.0,1.7320508075688767,false,0.0,0.0,false,0.0,0.0,false,0.6,1.3416407864998736,false
제2대,573,1951.07.28.,제2대국회 제11회(임시회) 제35차 국회본회의(전체회의) (1951.07.28.),5,0,0,0,1,0,3.8,4.147288270665546,false,0.0,1.3439162237506491e-6,false,1.0,1.7320508075688767,false,0.0,0.0,false,0.0,0.0,true,0.6,1.3416407864998736,false
제2대,574,1951.07.30.,제2대국회 제11회(임시회) 제36차 국회본회의(전체회의) (1951.07.30.),0,1,5,0,0,0,4.8,3.563705936241094,false,0.0,1.3439162237506491e-6,true,0.2,0.44721359549995593,true,0.0,0.0,false,0.2,0.4472135954999579,false,0.6,1.3416407864998736,false
제2대,575,1951.08.01.,제2대국회 제11회(임시회) 제37차 국회본회의(전체회의) (1951.08.01.),0,0,2,0,0,1,4.0,4.18330013267038,false,0.2,0.44721359550197687,false,1.2,2.1679483388678795,false,0.0,0.0,false,0.2,0.4472135954999579,false,0.0,0.0,true
제2대,576,1951.08.03.,제2대국회 제11회(임시회) 제38차 국회본회의(전체회의) (1951.08.03.),0,0,0,0,0,0,4.0,4.18330013267038,false,0.2,0.44721359550197687,false,1.6,2.0736441353327715,false,0.0,0.0,false,0.2,0.4472135954999579,false,0.2,0.44721359549995715,false
제2대,577,1951.08.04.,제2대국회 제11회(임시회) 제39차 국회본회의(전체회의) (1951.08.04.),0,0,0,0,1,0,2.0,2.7386127875258333,false,0.2,0.44721359550197687,false,1.4,2.190890230020664,false,0.0,0.0,false,0.2,0.4472135954999579,false,0.2,0.44721359549995715,false
제2대,578,1951.08.06.,제2대국회 제11회(임시회) 제40차 국회본회의(전체회의) (1951.08.06.),1,0,0,0,0,0,1.0,2.236067977499793,false,0.2,0.44721359550197687,false,1.4,2.190890230020664,false,0.0,0.0,false,0.4,0.5477225575051661,false,0.2,0.44721359549995715,false
제2대,579,1951.08.08.,제2대국회 제11회(임시회) 제41차 국회본회의(전체회의) (1951.08.08.),0,0,0,0,0,0,0.2,0.44721359549997386,false,0.2,0.44721359550197687,false,1.4,2.190890230020664,false,0.0,0.0,false,0.2,0.4472135954999579,false,0.2,0.44721359549995715,false
제2대,580,1951.08.10.,제2대국회 제11회(임시회) 제42차 국회본회의(전체회의) (1951.08.10.),2,0,0,0,0,0,0.2,0.44721359549997386,true,0.0,1.3439162237506491e-6,false,0.4,0.8944271909999143,false,0.0,0.0,false,0.2,0.4472135954999579,false,0.2,0.44721359549995715,false
제2대,581,1951.08.11.,제2대국회 제11회(임시회) 제43차 국회본회의(전체회의) (1951.08.11.),5,0,0,0,0,0,0.6,0.8944271909999237,true,0.0,1.3439162237506491e-6,false,0.0,0.0,false,0.0,0.0,false,0.2,0.4472135954999579,false,0.0,0.0,false
제2대,582,1951.08.13.,제2대국회 제11회(임시회) 제44차 국회본회의(전체회의) (1951.08.13.),0,1,0,0,0,0,1.6,2.0736441353327755,false,0.0,1.3439162237506491e-6,true,0.0,0.0,false,0.0,0.0,false,0.2,0.4472135954999579,false,0.0,0.0,false
제2대,583,1951.08.17.,제2대국회 제11회(임시회) 제45차 국회본회의(전체회의) (1951.08.17.),0,3,0,0,0,0,1.6,2.0736441353327755,false,0.2,0.44721359550197687,true,0.0,0.0,false,0.0,0.0,false,0.0,0.0,false,0.0,0.0,false
제2대,584,1951.08.18.,제2대국회 제11회(임시회) 제46차 국회본회의(전체회의) (1951.08.18.),10,1,1,0,0,1,1.4,2.190890230020668,true,0.8,1.3038404810412219,false,0.0,0.0,true,0.0,0.0,false,0.0,0.0,false,0.0,0.0,true
제2대,585,1951.08.20.,제2대국회 제11회(임시회) 제47차 국회본회의(전체회의) (1951.08.20.),0,0,0,0,0,3,3.4,4.219004621945799,false,1.0,1.2247448713923257,false,0.2,0.44721359549995465,false,0.0,0.0,false,0.0,0.0,false,0.2,0.44721359549995715,true
제2대,586,1951.08.22.,제2대국회 제11회(임시회) 제48차 국회본회의(전체회의) (1951.08.22.),0,3,2,0,0,0,3.0,4.4721359549995805,false,1.0,1.2247448713923257,false,0.2,0.44721359549995465,true,0.0,0.0,false,0.0,0.0,false,0.8,1.3038404810405297,false
제2대,587,1951.08.24.,제2대국회 제11회(임시회) 제49차 국회본회의(전체회의) (1951.08.24.),9,0,1,0,0,0,2.0,4.4721359549995805,false,1.6,1.3416407865005457,false,0.6,0.8944271909999144,false,0.0,0.0,false,0.0,0.0,false,0.8,1.3038404810405297,false
제2대,588,1951.08.25.,제2대국회 제11회(임시회) 제50차 국회본회의(전체회의) (1951.08.25.),6,0,3,0,0,0,3.8,5.21536192416212,false,1.4,1.5165750888109049,false,0.8,0.8366600265340741,true,0.0,0.0,false,0.0,0.0,false,0.8,1.3038404810405297,false
제2대,589,1951.08.27.,제2대국회 제11회(임시회) 제51차 국회본회의(전체회의) (1951.08.27.),3,0,0,0,0,0,5.0,4.795831523312721,false,0.8,1.3038404810412219,false,1.4,1.1401754250991372,false,0.0,0.0,false,0.0,0.0,false,0.8,1.3038404810405297,false
제2대,590,1951.08.29.,제2대국회 제11회(임시회) 제52차 국회본회의(전체회의) (1951.08.29.),8,2,4,0,0,0,3.6,3.9115214431215906,false,0.6,1.3416407865005464,false,1.2,1.3038404810405289,true,0.0,0.0,false,0.0,0.0,false,0.6,1.3416407864998736,false
제2대,591,1951.08.30.,제2대국회 제11회(임시회) 제53차 국회본회의(전체회의) (1951.08.30.),9,0,0,0,0,0,5.2,3.701351104664351,false,1.0,1.414213562373733,false,2.0,1.5811388300841893,false,0.0,0.0,false,0.0,0.0,false,0.0,0.0,false
제2대,592,1951.08.31.,제2대국회 제11회(임시회) 제54차 국회본회의(전체회의) (1951.08.31.),0,1,0,0,0,0,7.0,2.549509756796394,false,0.4,0.8944271910009252,false,1.6,1.8165902124584945,false,0.0,0.0,false,0.0,0.0,false,0.0,0.0,false
제2대,593,1951.09.01.,제2대국회 제11회(임시회) 제55차 국회본회의(전체회의) (1951.09.01.),0,1,0,0,0,2,5.2,3.701351104664351,false,0.6,0.8944271910009249,false,1.4,1.9493588689617922,false,0.0,0.0,false,0.0,0.0,false,0.0,0.0,true
제2대,594,1951.09.03.,제2대국회 제11회(임시회) 제56차 국회본회의(전체회의) (1951.09.03.),1,0,0,0,0,0,4.0,4.301162633521314,false,0.8,0.836660026535154,false,0.8,1.788854381999831,false,0.0,0.0,false,0.0,0.0,false,0.4,0.8944271909999156,false
제2대,595,1951.09.04.,제2대국회 제11회(임시회) 제57차 국회본회의(전체회의) (1951.09.04.),16,0,3,0,0,0,3.6,4.5055521304275254,true,0.8,0.836660026535154,false,0.8,1.788854381999831,false,0.0,0.0,false,0.0,0.0,false,0.4,0.8944271909999156,false
제2대,596,1951.09.05.,제2대국회 제11회(임시회) 제58차 국회본회의(전체회의) (1951.09.05.),1,0,0,0,0,0,5.2,7.1203932475671605,false,0.4,0.5477225575068142,false,0.6,1.341640786499873,false,0.0,0.0,false,0.0,0.0,false,0.4,0.8944271909999156,false
제2대,597,1951.09.06.,제2대국회 제11회(임시회) 제59차 국회본회의(전체회의) (1951.09.06.),1,0,0,0,0,0,3.6,6.949820141557622,false,0.4,0.5477225575068142,false,0.6,1.341640786499873,false,0.0,0.0,false,0.0,0.0,false,0.4,0.8944271909999156,false
제2대,598,1951.09.07.,제2대국회 제11회(임시회) 제60차 국회본회의(전체회의) (1951.09.07.),0,0,0,0,0,0,3.8,6.833739825307957,false,0.2,0.44721359550197687,false,0.6,1.341640786499873,false,0.0,0.0,false,0.0,0.0,false,0.4,0.8944271909999156,false
제2대,599,1951.09.08.,제2대국회 제11회(임시회) 제61차 국회본회의(전체회의) (1951.09.08.),6,58,2,0,0,0,3.8,6.833739825307957,false,0.0,1.343926550089632e-6,true,0.6,1.341640786499873,false,0.0,0.0,false,0.0,0.0,false,0.0,0.0,false
제2대,600,1951.09.09.,제2대국회 제11회(임시회) 제62차 국회본회의(전체회의) (1951.09.09.),2,8,0,0,0,0,4.8,6.6858058601787125,false,11.6,25.938388538997593,false,1.0,1.4142135623730945,false,0.0,0.0,false,0.0,0.0,false,0.0,0.0,false
제2대,601,1951.09.10.,제2대국회 제11회(임시회) 제63차 국회본회의(전체회의) (1951.09.10.),0,0,0,0,0,0,2.0,2.3452078799117193,false,13.2,25.282404948896808,false,0.4,0.8944271909999146,false,0.0,0.0,false,0.0,0.0,false,0.0,0.0,false
제2대,602,1951.09.25.,제2대국회 제11회(임시회) 제64차 국회본회의(전체회의) (1951.09.25.),0,0,0,0,0,0,1.8,2.489979919597751,false,13.2,25.282404948896808,false,0.4,0.8944271909999146,false,0.0,0.0,false,0.0,0.0,false,0.0,0.0,false
제2대,603,1951.09.26.,제2대국회 제11회(임시회) 제65차 국회본회의(전체회의) (1951.09.26.),0,0,0,0,0,0,1.6,2.6076809620810635,false,13.2,25.282404948896808,false,0.4,0.8944271909999146,false,0.0,0.0,false,0.0,0.0,false,0.0,0.0,false
제2대,604,1951.09.29.,제2대국회 제11회(임시회) 제66차 국회본회의(전체회의) (1951.09.29.),1,0,7,0,0,0,1.6,2.6076809620810635,false,13.2,25.282404948896808,false,0.4,0.8944271909999146,true,0.0,0.0,false,0.0,0.0,false,0.0,0.0,false
제2대,605,1951.10.01.,제2대국회 제11회(임시회) 제67차 국회본회의(전체회의) (1951.10.01.),1,2,3,0,4,0,0.6,0.8944271909999273,false,1.6,3.577708763999934,false,1.4,3.130495168499705,false,0.0,0.0,false,0.0,0.0,true,0.0,0.0,false
제2대,606,1951.10.05.,제2대국회 제11회(임시회) 제68차 국회본회의(전체회의) (1951.10.05.),5,0,1,0,2,0,0.4,0.5477225575051848,true,0.4,0.8944271910009963,false,2.0,3.082207001484488,false,0.0,0.0,false,0.8,1.7888543819998317,false,0.0,0.0,false
제2대,607,1951.10.06.,제2대국회 제11회(임시회) 제69차 국회본회의(전체회의) (1951.10.06.),1,4,0,0,0,0,1.4,2.073644135332777,false,0.4,0.8944271910009963,true,2.2,2.949576240750525,false,0.0,0.0,false,1.2,1.7888543819998317,false,0.0,0.0,false
제2대,608,1951.10.08.,제2대국회 제11회(임시회) 제70차 국회본회의(전체회의) (1951.10.08.),0,1,4,0,0,4,1.6,1.949358868961798,false,1.2,1.788854382000372,false,2.2,2.949576240750525,false,0.0,0.0,false,1.2,1.7888543819998317,false,0.0,0.0,true
제2대,609,1951.10.10.,제2대국회 제11회(임시회) 제71차 국회본회의(전체회의) (1951.10.10.),1,0,4,0,0,1,1.6,1.949358868961798,false,1.4,1.6733200530687284,false,3.0,2.73861278752583,false,0.0,0.0,false,1.2,1.7888543819998317,false,0.8,1.7888543819998315,false
제2대,610,1951.10.12.,제2대국회 제11회(임시회) 제72차 국회본회의(전체회의) (1951.10.12.),0,0,0,0,0,0,1.6,1.949358868961798,false,1.4,1.6733200530687284,false,2.4,1.8165902124584947,false,0.0,0.0,false,1.2,1.7888543819998317,false,1.0,1.7320508075688772,false
제2대,611,1951.10.13.,제2대국회 제11회(임시회) 제73차 국회본회의(전체회의) (1951.10.13.),17,0,0,0,0,0,1.4,2.073644135332777,true,1.0,1.7320508075694352,false,1.8,2.049390153191919,false,0.0,0.0,false,0.4,0.8944271909999162,false,1.0,1.7320508075688772,false
제2대,612,1951.10.15.,제2대국회 제11회(임시회) 제74차 국회본회의(전체회의) (1951.10.15.),3,1,0,0,0,0,3.8,7.39594483484024,false,1.0,1.7320508075694352,false,1.6,2.190890230020664,false,0.0,0.0,false,0.0,2.1073424255447017e-8,false,1.0,1.7320508075688772,false
제2대,613,1951.10.17.,제2대국회 제11회(임시회) 제75차 국회본회의(전체회의) (1951.10.17.),0,0,22,0,0,0,4.2,7.259476565152616,false,0.4,0.5477225575069304,false,1.6,2.190890230020664,true,0.0,0.0,false,0.0,2.1073424255447017e-8,false,1.0,1.7320508075688772,false
제2대,614,1951.10.19.,제2대국회 제11회(임시회) 제76차 국회본회의(전체회의) (1951.10.19.),6,0,0,0,0,6,4.2,7.259476565152616,false,0.2,0.44721359550211875,false,5.2,9.549869109050658,false,0.0,0.0,false,0.0,2.1073424255447017e-8,false,0.2,0.4472135954999569,true
제2대,615,1951.10.20.,제2대국회 제11회(임시회) 제77차 국회본회의(전체회의) (1951.10.20.),3,0,0,0,0,1,5.2,7.0498226928058285,false,0.2,0.44721359550211875,false,4.4,9.838699100999074,false,0.0,0.0,false,0.0,2.1073424255447017e-8,false,1.2,2.6832815729997477,false
제2대,616,1951.10.22.,제2대국회 제11회(임시회) 제78차 국회본회의(전체회의) (1951.10.22.),0,0,0,0,0,0,5.8,6.610597552415365,false,0.2,0.44721359550211875,false,4.4,9.838699100999074,false,0.0,0.0,false,0.0,2.1073424255447017e-8,false,1.4,2.6076809620810595,false
제2대,617,1951.10.26.,제2대국회 제11회(임시회) 제79차 국회본회의(전체회의) (1951.10.26.),3,0,0,0,0,0,2.4,2.5099800796022307,false,0.2,0.44721359550211875,false,4.4,9.838699100999074,false,0.0,0.0,false,0.0,2.1073424255447017e-8,false,1.4,2.6076809620810595,false
제2대,618,1951.10.27.,제2대국회 제11회(임시회) 제80차 국회본회의(전체회의) (1951.10.27.),1,0,0,0,0,0,2.4,2.5099800796022307,false,0.0,1.39020726557858e-6,false,4.4,9.838699100999074,false,0.0,0.0,false,0.0,2.1073424255447017e-8,false,1.4,2.6076809620810595,false
제2대,619,1951.10.29.,제2대국회 제11회(임시회) 제81차 국회본회의(전체회의) (1951.10.29.),1,0,0,0,0,0,2.6,2.3021728866442723,false,0.0,1.39020726557858e-6,false,0.0,0.0,false,0.0,0.0,false,0.0,2.1073424255447017e-8,false,1.4,2.6076809620810595,false
제2대,620,1951.10.30.,제2대국회 제11회(임시회) 제82차 국회본회의(전체회의) (1951.10.30.),1,0,0,0,0,0,1.6,1.3416407864998818,false,0.0,1.39020726557858e-6,false,0.0,0.0,false,0.0,0.0,false,0.0,2.1073424255447017e-8,false,0.2,0.4472135954999569,false
제2대,621,1951.10.31.,제2대국회 제11회(임시회) 제83차 국회본회의(전체회의) (1951.10.31.),0,0,0,0,0,0,1.2,1.095445115010342,false,0.0,1.39020726557858e-6,false,0.0,0.0,false,0.0,0.0,false,0.0,2.1073424255447017e-8,false,0.0,0.0,false
제2대,622,1951.11.01.,제2대국회 제11회(임시회) 제84차 국회본회의(전체회의) (1951.11.01.),1,0,0,0,0,0,1.2,1.095445115010342,false,0.0,1.39020726557858e-6,false,0.0,0.0,false,0.0,0.0,false,0.0,2.1073424255447017e-8,false,0.0,0.0,false
제2대,623,1951.11.02.,제2대국회 제11회(임시회) 제85차 국회본회의(전체회의) (1951.11.02.),1,0,1,0,0,0,0.8,0.4472135954999818,false,0.0,1.39020726557858e-6,false,0.0,0.0,true,0.0,0.0,false,0.0,2.1073424255447017e-8,false,0.0,0.0,false
제2대,624,1951.11.03.,제2대국회 제11회(임시회) 제86차 국회본회의(전체회의) (1951.11.03.),4,1,0,0,0,0,0.8,0.4472135954999818,true,0.0,1.39020726557858e-6,true,0.2,0.44721359549994244,false,0.0,0.0,false,0.0,2.1073424255447017e-8,false,0.0,0.0,false
제2대,625,1951.11.05.,제2대국회 제11회(임시회) 제87차 국회본회의(전체회의) (1951.11.05.),2,0,0,0,0,0,1.4,1.5165750888103173,false,0.2,0.44721359550211875,false,0.2,0.44721359549994244,false,0.0,0.0,false,0.0,2.1073424255447017e-8,false,0.0,0.0,false
제2대,626,1951.11.06.,제2대국회 제11회(임시회) 제88차 국회본회의(전체회의) (1951.11.06.),0,0,1,0,0,0,1.6,1.5165750888103173,false,0.2,0.44721359550211875,false,0.2,0.44721359549994244,false,0.0,0.0,false,0.0,2.1073424255447017e-8,false,0.0,0.0,false
제2대,627,1951.11.07.,제2대국회 제11회(임시회) 제89차 국회본회의(전체회의) (1951.11.07.),0,0,3,0,0,0,1.6,1.5165750888103173,false,0.2,0.44721359550211875,false,0.4,0.5477225575051538,true,0.0,0.0,false,0.0,2.1073424255447017e-8,false,0.0,0.0,false
제2대,628,1951.11.08.,제2대국회 제11회(임시회) 제90차 국회본회의(전체회의) (1951.11.08.),0,0,0,0,0,0,1.4,1.6733200530681576,false,0.2,0.44721359550211875,false,1.0,1.224744871391584,false,0.0,0.0,false,0.0,2.1073424255447017e-8,false,0.0,0.0,false
제2대,629,1951.11.09.,제2대국회 제11회(임시회) 제91차 국회본회의(전체회의) (1951.11.09.),7,0,27,0,0,0,1.2,1.7888543819998377,true,0.2,0.44721359550211875,false,0.8,1.3038404810405249,true,0.0,0.0,false,0.0,2.1073424255447017e-8,false,0.0,0.0,false
제2대,630,1951.11.10.,제2대국회 제11회(임시회) 제92차 국회본회의(전체회의) (1951.11.10.),1,0,0,0,1,1,1.8,3.033150177620624,false,0.0,1.39020726557858e-6,false,6.2,11.691877522451218,false,0.0,0.0,false,0.0,2.1073424255447017e-8,true,0.0,0.0,true
제2대,631,1951.11.12.,제2대국회 제11회(임시회) 제93차 국회본회의(전체회의) (1951.11.12.),4,0,6,0,0,0,1.6,3.049590136395385,false,0.0,1.39020726557858e-6,false,6.2,11.691877522451218,false,0.0,0.0,false,0.2,0.4472135954999584,false,0.2,0.4472135954999569,false
제2대,632,1951.11.15.,제2대국회 제11회(임시회) 제94차 국회본회의(전체회의) (1951.11.15.),6,0,0,0,0,8,2.4,3.049590136395385,false,0.0,1.39020726557858e-6,false,7.2,11.344602240713423,false,0.0,0.0,false,0.2,0.4472135954999584,false,0.2,0.4472135954999569,true
제2대,633,1951.11.16.,제2대국회 제11회(임시회) 제95차 국회본회의(전체회의) (1951.11.16.),0,0,0,0,0,6,3.6,3.049590136395385,false,0.0,1.39020726557858e-6,false,6.6,11.696153213770756,false,0.0,0.0,false,0.2,0.4472135954999584,false,1.8,3.492849839314596,false
제2대,634,1951.11.17.,제2대국회 제11회(임시회) 제96차 국회본회의(전체회의) (1951.11.17.),1,3,0,0,0,0,3.6,3.049590136395385,false,0.0,1.39020726557858e-6,true,6.6,11.696153213770756,false,0.0,0.0,false,0.2,0.4472135954999584,false,3.0,3.7416573867739413,false
제2대,635,1951.11.19.,제2대국회 제11회(임시회) 제97차 국회본회의(전체회의) (1951.11.19.),1,0,0,0,0,2,2.4,2.5099800796022316,false,0.6,1.341640786500594,false,1.2,2.683281572999753,false,0.0,0.0,false,0.2,0.4472135954999584,false,3.0,3.7416573867739413,false
제2대,636,1951.11.20.,제2대국회 제11회(임시회) 제98차 국회본회의(전체회의) (1951.11.20.),2,0,0,0,0,0,2.4,2.5099800796022316,false,0.6,1.341640786500594,false,1.2,2.683281572999753,false,0.0,0.0,false,0.0,2.1073424255447017e-8,false,3.2,3.63318042491699,false
제2대,637,1951.11.21.,제2대국회 제11회(임시회) 제99차 국회본회의(전체회의) (1951.11.21.),4,0,0,0,0,0,2.0,2.3452078799117198,false,0.6,1.341640786500594,false,0.0,1.7120130796843852e-7,false,0.0,0.0,false,0.0,2.1073424255447017e-8,false,3.2,3.63318042491699,false
제2대,638,1951.11.22.,제2대국회 제11회(임시회) 제100차 국회본회의(전체회의) (1951.11.22.),0,0,0,0,0,0,1.6,1.516575088810318,false,0.6,1.341640786500594,false,0.0,1.7120130796843852e-7,false,0.0,0.0,false,0.0,2.1073424255447017e-8,false,1.6,2.607680962081059,false
제2대,639,1951.11.24.,제2대국회 제11회(임시회) 제102차 국회본회의(전체회의) (1951.11.24.),13,5,0,0,2,0,1.6,1.516575088810318,true,0.6,1.341640786500594,true,0.0,1.7120130796843852e-7,false,0.0,0.0,false,0.0,2.1073424255447017e-8,true,0.4,0.8944271909999143,false
제2대,640,1951.11.26.,제2대국회 제11회(임시회) 제103차 국회본회의(전체회의) (1951.11.26.),4,0,0,0,0,7,4.0,5.24404424085076,false,1.0,2.236067977500222,false,0.0,1.7120130796843852e-7,false,0.0,0.0,false,0.4,0.8944271909999162,false,0.4,0.8944271909999143,true
제2대,641,1951.11.27.,제2대국회 제11회(임시회) 제104차 국회본회의(전체회의) (1951.11.27.),0,0,0,0,0,0,4.6,4.979959839195495,false,1.0,2.236067977500222,false,0.0,1.7120130796843852e-7,false,0.0,0.0,false,0.4,0.8944271909999162,false,1.4,3.130495168499705,false
제2대,642,1951.11.29.,제2대국회 제11회(임시회) 제105차 국회본회의(전체회의) (1951.11.29.),0,0,0,0,0,0,4.2,5.310367218940704,false,1.0,2.236067977500222,false,0.0,1.7120130796843852e-7,false,0.0,0.0,false,0.4,0.8944271909999162,false,1.4,3.130495168499705,false
제2대,643,1951.11.30.,제2대국회 제11회(임시회) 제106차 국회본회의(전체회의) (1951.11.30.),0,0,0,0,0,0,3.4,5.639148871948676,false,1.0,2.236067977500222,false,0.0,1.7120130796843852e-7,false,0.0,0.0,false,0.4,0.8944271909999162,false,1.4,3.130495168499705,false
제2대,644,1951.12.01.,제2대국회 제11회(임시회) 제107차 국회본회의(전체회의) (1951.12.01.),2,1,0,0,0,0,3.4,5.639148871948676,false,1.0,2.236067977500222,false,0.0,1.7120130796843852e-7,false,0.0,0.0,false,0.4,0.8944271909999162,false,1.4,3.130495168499705,false
제2대,645,1951.12.03.,제2대국회 제11회(임시회) 제108차 국회본회의(전체회의) (1951.12.03.),1,0,0,0,0,0,1.2,1.7888543819998397,false,0.2,0.44721359550211875,false,0.0,1.7120130796843852e-7,false,0.0,0.0,false,0.0,2.1073424255447017e-8,false,1.4,3.130495168499705,false
제2대,646,1951.12.04.,제2대국회 제11회(임시회) 제109차 국회본회의(전체회의) (1951.12.04.),0,0,2,0,0,0,0.6,0.8944271909999321,false,0.2,0.44721359550211875,false,0.0,1.7120130796843852e-7,true,0.0,0.0,false,0.0,2.1073424255447017e-8,false,0.0,0.0,false
제2대,647,1951.12.05.,제2대국회 제11회(임시회) 제110차 국회본회의(전체회의) (1951.12.05.),3,0,1,0,0,0,0.6,0.8944271909999321,true,0.2,0.44721359550211875,false,0.4,0.8944271909999323,false,0.0,0.0,false,0.0,2.1073424255447017e-8,false,0.0,0.0,false
제2대,648,1951.12.06.,제2대국회 제11회(임시회) 제111차 국회본회의(전체회의) (1951.12.06.),3,0,2,0,0,0,1.2,1.3038404810405408,false,0.2,0.44721359550211875,false,0.6,0.8944271909999323,false,0.0,0.0,false,0.0,2.1073424255447017e-8,false,0.0,0.0,false
제2대,649,1951.12.07.,제2대국회 제11회(임시회) 제112차 국회본회의(전체회의) (1951.12.07.),1,7,0,0,0,0,1.8,1.3038404810405408,false,0.2,0.44721359550211875,true,1.0,1.0000000000000147,false,0.0,0.0,false,0.0,2.1073424255447017e-8,false,0.0,0.0,false
제2대,650,1951.12.08.,제2대국회 제11회(임시회) 제113차 국회본회의(전체회의) (1951.12.08.),8,0,0,0,0,0,1.6,1.3416407864998845,true,1.4,3.130495168500014,false,1.0,1.0000000000000147,false,0.0,0.0,false,0.0,2.1073424255447017e-8,false,0.0,0.0,false
제2대,651,1951.12.19.,제2대국회 제11회(임시회) 폐회식 국회본회의(전체회의) (1951.12.19.),0,0,3,0,0,0,3.0,3.082207001484493,false,1.4,3.130495168500014,false,1.0,1.0000000000000147,false,0.0,0.0,false,0.0,2.1073424255447017e-8,false,0.0,0.0,false
제2대,652,1951.12.20.,제2대국회 제12회(정기회) 개회식 국회본회의(전체회의) (1951.12.20.),1,0,0,0,0,0,3.0,3.082207001484493,false,1.4,3.130495168500014,false,1.2,1.303840481040541,false,0.0,0.0,false,0.0,2.1073424255447017e-8,false,0.0,0.0,false
제2대,653,1951.12.21.,제2대국회 제12회(정기회) 제1차 국회본회의(전체회의) (1951.12.21.),0,0,12,0,0,0,2.6,3.209361307176247,false,1.4,3.130495168500014,false,1.0,1.4142135623731054,true,0.0,0.0,false,0.0,2.1073424255447017e-8,false,0.0,0.0,false
제2대,654,1951.12.22.,제2대국회 제12회(정기회) 제2차 국회본회의(전체회의) (1951.12.22.),2,0,2,0,0,0,2.0,3.391164991562638,false,1.4,3.130495168500014,false,3.0,5.196152422706635,false,0.0,0.0,false,0.0,2.1073424255447017e-8,false,0.0,0.0,false
제2대,655,1951.12.24.,제2대국회 제12회(정기회) 제3차 국회본회의(전체회의) (1951.12.24.),0,0,0,0,0,0,2.2,3.3466401061363062,false,0.0,1.39020726557858e-6,false,3.4,4.979959839195496,false,0.0,0.0,false,0.0,2.1073424255447017e-8,false,0.0,0.0,false
제2대,656,1951.12.26.,제2대국회 제12회(정기회) 제4차 국회본회의(전체회의) (1951.12.26.),1,6,0,0,0,0,0.6,0.8944271909999318,false,0.0,1.39020726557858e-6,true,3.4,4.979959839195496,false,0.0,0.0,false,0.0,2.1073424255447017e-8,false,0.0,0.0,false
제2대,657,1951.12.27.,제2대국회 제12회(정기회) 제5차 국회본회의(전체회의) (1951.12.27.),4,1,0,0,0,0,0.8,0.8366600265340925,true,1.2,2.683281573000108,false,2.8,5.215361924162122,false,0.0,0.0,false,0.0,2.1073424255447017e-8,false,0.0,0.0,false
제2대,658,1952.01.15.,제2대국회 제12회(정기회) 제6차 국회본회의(전체회의) (1952.01.15.),3,1,0,0,0,0,1.4,1.6733200530681596,false,1.4,2.60768096208143,false,2.8,5.215361924162122,false,0.0,0.0,false,0.0,2.1073424255447017e-8,false,0.0,0.0,false
제2대,659,1952.01.16.,제2대국회 제12회(정기회) 제7차 국회본회의(전체회의) (1952.01.16.),12,56,0,0,0,0,2.0,1.5811388300841984,true,1.6,2.5099800796026113,true,0.4,0.8944271909999318,false,0.0,0.0,false,0.0,2.1073424255447017e-8,false,0.0,0.0,false
제2대,660,1952.01.17.,제2대국회 제12회(정기회) 제8차 국회본회의(전체회의) (1952.01.17.),1,0,0,0,0,0,4.0,4.743416490252572,false,12.8,24.26314076948823,false,0.0,1.6858739404357614e-7,false,0.0,0.0,false,0.0,2.1073424255447017e-8,false,0.0,0.0,false
제2대,661,1952.01.18.,제2대국회 제12회(정기회) 제9차 국회본회의(전체회의) (1952.01.18.),0,0,0,0,0,0,4.2,4.549725266430934,false,12.8,24.26314076948823,false,0.0,1.6858739404357614e-7,false,0.0,0.0,false,0.0,2.1073424255447017e-8,false,0.0,0.0,false
제2대,662,1952.01.21.,제2대국회 제12회(정기회) 제10차 국회본회의(전체회의) (1952.01.21.),0,0,18,0,0,0,4.0,4.743416490252572,false,11.6,24.82539022855435,false,0.0,1.6858739404357614e-7,true,0.0,0.0,false,0.0,2.1073424255447017e-8,false,0.0,0.0,false
제2대,663,1952.01.22.,제2대국회 제12회(정기회) 제11차 국회본회의(전체회의) (1952.01.22.),5,0,102,0,0,0,3.2,5.069516742254633,false,11.4,24.935917869611334,false,3.6,8.049844718999244,true,0.0,0.0,false,0.0,2.1073424255447017e-8,false,0.0,0.0,false
제2대,664,1952.01.23.,제2대국회 제12회(정기회) 제12차 국회본회의(전체회의) (1952.01.23.),1,1,1,0,0,0,3.6,5.128352561983236,false,11.2,25.043961347997683,false,24.0,44.294469180700204,false,0.0,0.0,false,0.0,2.1073424255447017e-8,false,0.0,0.0,false
제2대,665,1952.01.24.,제2대국회 제12회(정기회) 제13차 국회본회의(전체회의) (1952.01.24.),0,0,0,0,0,0,1.4,2.073644135332779,false,0.2,0.4472135955022459,false,24.2,44.16106882764501,false,0.0,0.0,false,0.0,2.1073424255447017e-8,false,0.0,0.0,false
제2대,666,1952.02.14.,제2대국회 제12회(정기회) 제14차 국회본회의(전체회의) (1952.02.14.),0,0,1,0,0,0,1.2,2.1679483388678866,false,0.2,0.4472135955022459,false,24.2,44.16106882764501,false,0.0,0.0,false,0.0,2.1073424255447017e-8,false,0.0,0.0,false
제2대,667,1952.02.15.,제2대국회 제12회(정기회) 제15차 국회본회의(전체회의) (1952.02.15.),1,0,0,0,0,0,1.2,2.1679483388678866,false,0.2,0.4472135955022459,false,24.4,44.026128605635996,false,0.0,0.0,false,0.0,2.1073424255447017e-8,false,0.0,0.0,false
제2대,668,1952.02.16.,제2대국회 제12회(정기회) 제16차 국회본회의(전체회의) (1952.02.16.),0,0,2,0,0,3,1.4,2.073644135332779,false,0.2,0.4472135955022459,false,20.8,45.394933638017356,false,0.0,0.0,false,0.0,2.1073424255447017e-8,false,0.0,0.0,true
제2대,669,1952.02.18.,제2대국회 제12회(정기회) 제17차 국회본회의(전체회의) (1952.02.18.),0,0,0,0,0,0,0.4,0.547722557505192,false,0.2,0.4472135955022459,false,0.8,0.8366600265338038,false,0.0,0.0,false,0.0,2.1073424255447017e-8,false,0.6,1.341640786499872,false
제2대,670,1952.02.19.,제2대국회 제12회(정기회) 제18차 국회본회의(전체회의) (1952.02.19.),0,0,0,0,0,0,0.2,0.4472135954999896,false,0.0,1.430511474609375e-6,false,0.6,0.8944271909996617,false,0.0,0.0,false,0.0,2.1073424255447017e-8,false,0.6,1.341640786499872,false
제2대,671,1952.02.20.,제2대국회 제12회(정기회) 제19차 국회본회의(전체회의) (1952.02.20.),0,0,0,0,0,0,0.2,0.4472135954999896,false,0.0,1.430511474609375e-6,false,0.6,0.8944271909996617,false,0.0,0.0,false,0.0,2.1073424255447017e-8,false,0.6,1.341640786499872,false
제2대,672,1952.02.21.,제2대국회 제12회(정기회) 제20차 국회본회의(전체회의) (1952.02.21.),0,0,0,0,0,0,0.2,0.4472135954999896,false,0.0,1.430511474609375e-6,false,0.4,0.8944271909996617,false,0.0,0.0,false,0.0,2.1073424255447017e-8,false,0.6,1.341640786499872,false
제2대,673,1952.02.22.,제2대국회 제12회(정기회) 제21차 국회본회의(전체회의) (1952.02.22.),0,0,2,0,0,0,0.0,1.6834025871299212e-7,false,0.0,1.430511474609375e-6,false,0.4,0.8944271909996617,false,0.0,0.0,false,0.0,2.1073424255447017e-8,false,0.6,1.341640786499872,false
제2대,674,1952.02.25.,제2대국회 제12회(정기회) 제22차 국회본회의(전체회의) (1952.02.25.),0,0,0,0,0,0,0.0,1.6834025871299212e-7,false,0.0,1.430511474609375e-6,false,0.4,0.8944271909996617,false,0.0,0.0,false,0.0,2.1073424255447017e-8,false,0.0,0.0,false
제2대,675,1952.02.27.,제2대국회 제12회(정기회) 제23차 국회본회의(전체회의) (1952.02.27.),0,0,0,0,0,1,0.0,1.6834025871299212e-7,false,0.0,1.430511474609375e-6,false,0.4,0.8944271909996617,false,0.0,0.0,false,0.0,2.1073424255447017e-8,false,0.0,0.0,true
제2대,676,1952.02.29.,제2대국회 제12회(정기회) 제24차 국회본회의(전체회의) (1952.02.29.),5,0,127,0,0,0,0.0,1.6834025871299212e-7,true,0.0,1.430511474609375e-6,false,0.4,0.8944271909996617,true,0.0,0.0,false,0.0,2.1073424255447017e-8,false,0.2,0.44721359549995243,false
제2대,677,1952.03.03.,제2대국회 제12회(정기회) 제25차 국회본회의(전체회의) (1952.03.03.),3,1,2,0,0,0,1.0,2.236067977499796,false,0.0,1.430511474609375e-6,true,25.8,56.57914810245909,false,0.0,0.0,false,0.0,2.1073424255447017e-8,false,0.2,0.4472135954999525,false
제2대,678,1952.03.05.,제2대국회 제12회(정기회) 제26차 국회본회의(전체회의) (1952.03.05.),3,0,0,0,0,0,1.6,2.3021728866442737,false,0.2,0.4472135955022459,false,26.2,56.35778562008979,false,0.0,0.0,false,0.0,2.1073424255447017e-8,false,0.2,0.4472135954999525,false
제2대,679,1952.03.06.,제2대국회 제12회(정기회) 제27차 국회본회의(전체회의) (1952.03.06.),0,0,0,0,0,0,2.2,2.1679483388678866,false,0.2,0.4472135955022459,false,25.8,56.57914810245909,false,0.0,0.0,false,0.0,2.1073424255447017e-8,false,0.2,0.4472135954999525,false
제2대,680,1952.03.07.,제2대국회 제12회(정기회) 제28차 국회본회의(전체회의) (1952.03.07.),3,8,1,0,0,0,2.2,2.1679483388678866,false,0.2,0.4472135955022459,true,25.8,56.57914810245909,false,0.0,0.0,false,0.0,2.1073424255447017e-8,false,0.2,0.4472135954999525,false
제2대,681,1952.03.08.,제2대국회 제12회(정기회) 제29차 국회본회의(전체회의) (1952.03.08.),4,8,0,0,0,0,2.8,1.78885438199984,false,1.8,3.4928498393148892,false,26.0,56.4668044075455,false,0.0,0.0,false,0.0,2.1073424255447017e-8,false,0.0,0.0,false
제2대,682,1952.03.10.,제2대국회 제12회(정기회) 제30차 국회본회의(전체회의) (1952.03.10.),3,19,1,0,0,0,2.6,1.5165750888103198,false,3.4,4.2190046219460395,true,0.6,0.8944271909999159,false,0.0,0.0,false,0.0,2.1073424255447017e-8,false,0.0,0.0,false
제2대,683,1952.03.11.,제2대국회 제12회(정기회) 제31차 국회본회의(전체회의) (1952.03.11.),14,16,43,1,0,0,2.6,1.5165750888103198,true,7.0,7.810249675906785,false,0.4,0.5477225575051662,true,0.0,0.0,true,0.0,2.1073424255447017e-8,false,0.0,0.0,false
제2대,684,1952.03.18.,제2대국회 제12회(정기회) 제32차 국회본회의(전체회의) (1952.03.18.),5,0,5,0,0,0,4.8,5.357238094391552,false,10.2,7.496665925596662,false,9.0,19.013153341831543,false,0.2,0.4472135954999579,false,0.0,2.1073424255447017e-8,false,0.0,0.0,false
제2대,685,1952.03.19.,제2대국회 제12회(정기회) 제33차 국회본회의(전체회의) (1952.03.19.),0,0,0,0,0,0,5.8,4.6583258795408495,false,10.2,7.496665925596662,false,10.0,18.547236990991408,false,0.2,0.4472135954999579,false,0.0,2.1073424255447017e-8,false,0.0,0.0,false
제2대,686,1952.03.24.,제2대국회 제12회(정기회) 제34차 국회본회의(전체회의) (1952.03.24.),0,0,0,0,0,0,5.2,5.26307894677631,false,8.6,8.820430828480095,false,9.8,18.673510650116114,false,0.2,0.4472135954999579,false,0.0,2.1073424255447017e-8,false,0.0,0.0,false
제2대,687,1952.03.25.,제2대국회 제12회(정기회) 제35차 국회본회의(전체회의) (1952.03.25.),0,0,0,0,0,0,4.4,5.770615218501407,false,7.0,9.643650760993062,false,9.8,18.673510650116114,false,0.2,0.4472135954999579,false,0.0,2.1073424255447017e-8,false,0.0,0.0,false
제2대,688,1952.03.26.,제2대국회 제12회(정기회) 제36차 국회본회의(전체회의) (1952.03.26.),2,1,0,1,0,3,3.8,6.099180272790766,false,3.2,7.15541752799947,false,9.6,18.796276226955168,false,0.2,0.4472135954999579,false,0.0,2.1073424255447017e-8,false,0.0,0.0,true
제2대,689,1952.03.27.,제2대국회 제12회(정기회) 제37차 국회본회의(전체회의) (1952.03.27.),36,11,16,0,2,1,1.4,2.190890230020674,true,0.2,0.4472135955022459,true,1.0,2.23606797749979,true,0.2,0.4472135954999579,false,0.0,2.1073424255447017e-8,true,0.6,1.341640786499872,false
제2대,690,1952.03.28.,제2대국회 제12회(정기회) 제38차 국회본회의(전체회의) (1952.03.28.),1,0,0,0,0,0,7.6,15.899685531481433,false,2.4,4.82700735445908,false,3.2,7.155417527999327,false,0.2,0.4472135954999579,false,0.4,0.8944271909999162,false,0.8,1.303840481040528,false
제2대,691,1952.03.29.,제2대국회 제12회(정기회) 제39차 국회본회의(전체회의) (1952.03.29.),0,0,0,0,0,0,7.8,15.786069808536892,false,2.4,4.82700735445908,false,3.2,7.155417527999327,false,0.2,0.4472135954999579,false,0.4,0.8944271909999162,false,0.8,1.303840481040528,false
제2대,692,1952.03.31.,제2대국회 제12회(정기회) 제40차 국회본회의(전체회의) (1952.03.31.),0,0,0,0,0,0,7.8,15.786069808536892,false,2.4,4.82700735445908,false,3.2,7.155417527999327,false,0.2,0.4472135954999579,false,0.4,0.8944271909999162,false,0.8,1.303840481040528,false
제2대,693,1952.04.03.,제2대국회 제12회(정기회) 제41차 국회본회의(전체회의) (1952.04.03.),1,4,0,0,0,0,7.8,15.786069808536892,false,2.4,4.82700735445908,false,3.2,7.155417527999327,false,0.2,0.4472135954999579,false,0.4,0.8944271909999162,false,0.8,1.303840481040528,false
제2대,694,1952.04.04.,제2대국회 제12회(정기회) 제42차 국회본회의(전체회의) (1952.04.04.),0,15,2,0,0,0,7.6,15.883954167649817,false,3.0,4.795831523312933,true,3.2,7.155417527999327,false,0.0,0.0,false,0.4,0.8944271909999162,false,0.2,0.44721359549995243,false
제2대,695,1952.04.07.,제2대국회 제12회(정기회) 제43차 국회본회의(전체회의) (1952.04.07.),0,0,0,0,0,0,0.4,0.547722557505192,false,3.8,6.4961527075648435,false,0.4,0.8944271909999159,false,0.0,0.0,false,0.0,2.1073424255447017e-8,false,0.0,0.0,false
제2대,696,1952.04.08.,제2대국회 제12회(정기회) 제44차 국회본회의(전체회의) (1952.04.08.),6,7,4,0,0,2,0.2,0.44721359549998974,true,3.8,6.4961527075648435,false,0.4,0.8944271909999159,true,0.0,0.0,false,0.0,2.1073424255447017e-8,false,0.0,0.0,true
제2대,697,1952.04.15.,제2대국회 제12회(정기회) 제45차 국회본회의(전체회의) (1952.04.15.),4,0,0,0,0,0,1.4,2.607680962081065,false,5.2,6.2209324059984805,false,1.2,1.7888543819998317,false,0.0,0.0,false,0.0,2.1073424255447017e-8,false,0.4,0.8944271909999132,false
제2대,698,1952.04.16.,제2대국회 제12회(정기회) 제46차 국회본회의(전체회의) (1952.04.16.),0,1,0,0,0,0,2.2,2.683281572999753,false,5.2,6.2209324059984805,false,1.2,1.7888543819998317,false,0.0,0.0,false,0.0,2.1073424255447017e-8,false,0.4,0.8944271909999132,false
제2대,699,1952.04.17.,제2대국회 제12회(정기회) 제47차 국회본회의(전체회의) (1952.04.17.),3,8,2,0,0,0,2.0,2.828427124746195,false,4.6,6.503845016603797,false,1.2,1.7888543819998317,false,0.0,0.0,false,0.0,2.1073424255447017e-8,false,0.4,0.8944271909999132,false
제2대,700,1952.04.18.,제2대국회 제12회(정기회) 제48차 국회본회의(전체회의) (1952.04.18.),0,0,0,0,0,0,2.6,2.607680962081065,false,3.2,3.9623225512320466,false,1.2,1.7888543819998317,false,0.0,0.0,false,0.0,2.1073424255447017e-8,false,0.4,0.8944271909999132,false
제2대,701,1952.04.19.,제2대국회 제12회(정기회) 제49차 국회본회의(전체회의) (1952.04.19.),2,0,1,0,0,0,2.6,2.6076809620810653,false,3.2,3.9623225512320466,false,1.2,1.7888543819998317,false,0.0,0.0,false,0.0,2.1073424255447017e-8,false,0.4,0.8944271909999132,false
제2대,702,1952.05.06.,제2대국회 제12회(정기회) 제50차 국회본회의(전체회의) (1952.05.06.),0,0,0,0,0,0,1.8,1.78885438199984,false,1.8,3.492849839314887,false,0.6,0.8944271909999162,false,0.0,0.0,false,0.0,2.1073424255447017e-8,false,0.0,0.0,false
제2대,703,1952.05.07.,제2대국회 제12회(정기회) 제51차 국회본회의(전체회의) (1952.05.07.),0,0,1,0,0,0,1.0,1.4142135623731054,false,1.8,3.492849839314887,false,0.6,0.8944271909999162,false,0.0,0.0,false,0.0,2.1073424255447017e-8,false,0.0,0.0,false
제2대,704,1952.05.08.,제2대국회 제12회(정기회) 제52차 국회본회의(전체회의) (1952.05.08.),0,0,0,0,0,0,1.0,1.4142135623731054,false,1.6,3.577708763999947,false,0.8,0.8366600265340758,false,0.0,0.0,false,0.0,2.1073424255447017e-8,false,0.0,0.0,false
제2대,705,1952.05.09.,제2대국회 제12회(정기회) 제53차 국회본회의(전체회의) (1952.05.09.),1,0,0,0,0,0,0.4,0.8944271909999323,false,0.0,1.4249125823833847e-6,false,0.4,0.5477225575051665,false,0.0,0.0,false,0.0,2.1073424255447017e-8,false,0.0,0.0,false
제2대,706,1952.05.10.,제2대국회 제12회(정기회) 제54차 국회본회의(전체회의) (1952.05.10.),0,0,0,0,0,0,0.6,0.8944271909999323,false,0.0,1.4249125823833847e-6,false,0.4,0.5477225575051665,false,0.0,0.0,false,0.0,2.1073424255447017e-8,false,0.0,0.0,false
제2대,707,1952.05.12.,제2대국회 제12회(정기회) 제55차 국회본회의(전체회의) (1952.05.12.),0,0,0,0,0,0,0.2,0.44721359549999085,false,0.0,1.4249125823833847e-6,false,0.2,0.4472135954999584,false,0.0,0.0,false,0.0,2.1073424255447017e-8,false,0.0,0.0,false
제2대,708,1952.05.13.,제2대국회 제12회(정기회) 제56차 국회본회의(전체회의) (1952.05.13.),1,0,0,0,0,0,0.2,0.44721359549999085,false,0.0,1.4249125823833847e-6,false,0.2,0.4472135954999584,false,0.0,0.0,false,0.0,2.1073424255447017e-8,false,0.0,0.0,false
제2대,709,1952.05.14.,제2대국회 제12회(정기회) 제57차 국회본회의(전체회의) (1952.05.14.),1,0,0,0,0,0,0.4,0.5477225575051929,false,0.0,1.4249125823833847e-6,false,0.0,2.1073424255447017e-8,false,0.0,0.0,false,0.0,2.1073424255447017e-8,false,0.0,0.0,false
제2대,710,1952.05.15.,제2대국회 제12회(정기회) 제58차 국회본회의(전체회의) (1952.05.15.),1,6,0,0,0,0,0.6,0.5477225575051929,false,0.0,1.4249125823833847e-6,true,0.0,2.1073424255447017e-8,false,0.0,0.0,false,0.0,2.1073424255447017e-8,false,0.0,0.0,false
제2대,711,1952.05.16.,제2대국회 제12회(정기회) 제59차 국회본회의(전체회의) (1952.05.16.),1,39,0,0,0,0,0.6,0.5477225575051929,false,1.2,2.6832815730001265,true,0.0,2.1073424255447017e-8,false,0.0,0.0,false,0.0,2.1073424255447017e-8,false,0.0,0.0,false
제2대,712,1952.05.17.,제2대국회 제12회(정기회) 제60차 국회본회의(전체회의) (1952.05.17.),4,6,0,0,0,0,0.8,0.44721359549999085,true,9.0,16.9705627484772,false,0.0,2.1073424255447017e-8,false,0.0,0.0,false,0.0,2.1073424255447017e-8,false,0.0,0.0,false
제2대,713,1952.05.19.,제2대국회 제12회(정기회) 제61차 국회본회의(전체회의) (1952.05.19.),0,0,2,0,0,0,1.6,1.3416407864998847,false,10.2,16.37681287674748,false,0.0,2.1073424255447017e-8,true,0.0,0.0,false,0.0,2.1073424255447017e-8,false,0.0,0.0,false
제2대,714,1952.05.21.,제2대국회 제12회(정기회) 제62차 국회본회의(전체회의) (1952.05.21.),0,0,4,0,0,0,1.4,1.5165750888103198,false,10.2,16.37681287674748,false,0.4,0.8944271909999162,true,0.0,0.0,false,0.0,2.1073424255447017e-8,false,0.0,0.0,false
제2대,715,1952.05.23.,제2대국회 제12회(정기회) 제63차 국회본회의(전체회의) (1952.05.23.),2,0,0,1,0,0,1.2,1.6431676725155073,false,10.2,16.37681287674748,false,1.2,1.7888543819998317,false,0.0,0.0,true,0.0,2.1073424255447017e-8,false,0.0,0.0,false
제2대,716,1952.05.26.,제2대국회 제12회(정기회) 제64차 국회본회의(전체회의) (1952.05.26.),0,0,0,0,0,0,1.4,1.6733200530681598,false,9.0,16.9705627484772,false,1.2,1.7888543819998317,false,0.2,0.4472135954999579,false,0.0,2.1073424255447017e-8,false,0.0,0.0,false
제2대,717,1952.05.26.,제2대국회 제12회(정기회) 제64차 국회본회의(전체회의) (1952.05.26.)_709,0,0,0,0,0,0,1.2,1.78885438199984,false,1.2,2.683281573000129,false,1.2,1.7888543819998317,false,0.2,0.4472135954999579,false,0.0,2.1073424255447017e-8,false,0.0,0.0,false
제2대,718,1952.05.27.,제2대국회 제12회(정기회) 제65차 국회본회의(전체회의) (1952.05.27.),0,0,0,0,0,0,0.4,0.8944271909999325,false,0.0,1.4308218817898993e-6,false,1.2,1.7888543819998317,false,0.2,0.4472135954999579,false,0.0,2.1073424255447017e-8,false,0.0,0.0,false
제2대,719,1952.05.28.,제2대국회 제12회(정기회) 제66차 국회본회의(전체회의) (1952.05.28.),0,0,0,0,0,2,0.4,0.8944271909999325,false,0.0,1.4308218817898993e-6,false,0.8,1.7888543819998317,false,0.2,0.4472135954999579,false,0.0,2.1073424255447017e-8,false,0.0,0.0,true
제2대,720,1952.05.29.,제2대국회 제12회(정기회) 제67차 국회본회의(전체회의) (1952.05.29.),0,0,0,0,0,2,0.4,0.8944271909999325,false,0.0,1.4308218817898993e-6,false,0.0,0.0,false,0.2,0.4472135954999579,false,0.0,2.1073424255447017e-8,false,0.4,0.8944271909999132,false
제2대,721,1952.05.30.,제2대국회 제12회(정기회) 제68차 국회본회의(전체회의) (1952.05.30.),0,0,0,0,0,1,0.0,1.7249341164216735e-7,false,0.0,1.4308218817898993e-6,false,0.0,0.0,false,0.0,0.0,false,0.0,2.1073424255447017e-8,false,0.8,1.0954451150103304,false
제2대,722,1952.05.31.,제2대국회 제12회(정기회) 제69차 국회본회의(전체회의) (1952.05.31.),0,0,0,0,0,0,0.0,1.7249341164216735e-7,false,0.0,1.4308218817898993e-6,false,0.0,0.0,false,0.0,0.0,false,0.0,2.1073424255447017e-8,false,1.0,0.9999999999999979,false
제2대,723,1952.06.02.,제2대국회 제12회(정기회) 제70차 국회본회의(전체회의) (1952.06.02.),0,0,0,7,0,0,0.0,1.7249341164216735e-7,false,0.0,1.4308218817898993e-6,false,0.0,0.0,false,0.0,0.0,true,0.0,2.1073424255447017e-8,false,1.0,0.9999999999999979,false
제2대,724,1952.06.05.,제2대국회 제12회(정기회) 제71차 국회본회의(전체회의) (1952.06.05.),0,0,1,0,0,0,0.0,1.7249341164216735e-7,false,0.0,1.4308218817898993e-6,false,0.0,0.0,true,1.4,3.1304951684997055,false,0.0,2.1073424255447017e-8,false,1.0,0.9999999999999979,false
제2대,725,1952.06.06.,제2대국회 제12회(정기회) 제72차 국회본회의(전체회의) (1952.06.06.),0,0,0,0,0,0,0.0,1.7249341164216735e-7,false,0.0,1.4308218817898993e-6,false,0.2,0.4472135954999579,false,1.4,3.1304951684997055,false,0.0,2.1073424255447017e-8,false,0.6,0.8944271909999133,false
제2대,726,1952.06.07.,제2대국회 제12회(정기회) 제73차 국회본회의(전체회의) (1952.06.07.),0,0,0,0,0,0,0.0,1.7249341164216735e-7,false,0.0,1.4308218817898993e-6,false,0.2,0.4472135954999579,false,1.4,3.1304951684997055,false,0.0,2.1073424255447017e-8,false,0.2,0.44721359549995243,false
제2대,727,1952.06.11.,제2대국회 제12회(정기회) 제74차 국회본회의(전체회의) (1952.06.11.),0,0,0,0,0,0,0.0,1.7249341164216735e-7,false,0.0,1.4308218817898993e-6,false,0.2,0.4472135954999579,false,1.4,3.1304951684997055,false,0.0,2.1073424255447017e-8,false,0.0,0.0,false
제2대,728,1952.06.12.,제2대국회 제12회(정기회) 제75차 국회본회의(전체회의) (1952.06.12.),0,0,0,0,0,0,0.0,1.7249341164216735e-7,false,0.0,1.4308218817898993e-6,false,0.2,0.4472135954999579,false,1.4,3.1304951684997055,false,0.0,2.1073424255447017e-8,false,0.0,0.0,false
제2대,729,1952.06.13.,제2대국회 제12회(정기회) 제76차 국회본회의(전체회의) (1952.06.13.),0,0,0,0,0,0,0.0,1.7249341164216735e-7,false,0.0,1.4308218817898993e-6,false,0.2,0.4472135954999579,false,0.0,0.0,false,0.0,2.1073424255447017e-8,false,0.0,0.0,false
제2대,730,1952.06.14.,제2대국회 제12회(정기회) 제77차 국회본회의(전체회의) (1952.06.14.),0,0,0,0,0,0,0.0,1.7249341164216735e-7,false,0.0,1.4308218817898993e-6,false,0.0,0.0,false,0.0,0.0,false,0.0,2.1073424255447017e-8,false,0.0,0.0,false
제2대,731,1952.06.16.,제2대국회 제12회(정기회) 제78차 국회본회의(전체회의) (1952.06.16.),0,0,0,0,0,0,0.0,1.7249341164216735e-7,false,0.0,1.4308218817898993e-6,false,0.0,0.0,false,0.0,0.0,false,0.0,2.1073424255447017e-8,false,0.0,0.0,false
제2대,732,1952.06.17.,제2대국회 제12회(정기회) 제79차 국회본회의(전체회의) (1952.06.17.),0,0,0,9,0,0,0.0,1.7249341164216735e-7,false,0.0,1.4308218817898993e-6,false,0.0,0.0,false,0.0,0.0,true,0.0,2.1073424255447017e-8,false,0.0,0.0,false
제2대,733,1952.06.18.,제2대국회 제12회(정기회) 제80차 국회본회의(전체회의) (1952.06.18.),0,0,0,0,0,0,0.0,1.7249341164216735e-7,false,0.0,1.4308218817898993e-6,false,0.0,0.0,false,1.8,4.024922359499621,false,0.0,2.1073424255447017e-8,false,0.0,0.0,false
제2대,734,1952.06.19.,제2대국회 제12회(정기회) 제81차 국회본회의(전체회의) (1952.06.19.),0,0,0,0,0,0,0.0,1.7249341164216735e-7,false,0.0,1.4308218817898993e-6,false,0.0,0.0,false,1.8,4.024922359499621,false,0.0,2.1073424255447017e-8,false,0.0,0.0,false
제2대,735,1952.06.20.,제2대국회 제12회(정기회) 제82차 국회본회의(전체회의) (1952.06.20.),0,0,0,0,0,0,0.0,1.7249341164216735e-7,false,0.0,1.4308218817898993e-6,false,0.0,0.0,false,1.8,4.024922359499621,false,0.0,2.1073424255447017e-8,false,0.0,0.0,false
제2대,736,1952.06.21.,제2대국회 제12회(정기회) 제83차 국회본회의(전체회의) (1952.06.21.),0,0,0,0,0,0,0.0,1.7249341164216735e-7,false,0.0,1.4308218817898993e-6,false,0.0,0.0,false,1.8,4.024922359499621,false,0.0,2.1073424255447017e-8,false,0.0,0.0,false
제2대,737,1952.06.23.,제2대국회 제12회(정기회) 제84차 국회본회의(전체회의) (1952.06.23.),0,0,0,0,0,0,0.0,1.7249341164216735e-7,false,0.0,1.4308218817898993e-6,false,0.0,0.0,false,1.8,4.024922359499621,false,0.0,2.1073424255447017e-8,false,0.0,0.0,false
제2대,738,1952.06.27.,제2대국회 제12회(정기회) 제85차 국회본회의(전체회의) (1952.06.27.),0,0,0,0,0,0,0.0,1.7249341164216735e-7,false,0.0,1.4308218817898993e-6,false,0.0,0.0,false,0.0,0.0,false,0.0,2.1073424255447017e-8,false,0.0,0.0,false
제2대,739,1952.06.28.,제2대국회 제12회(정기회) 제86차 국회본회의(전체회의) (1952.06.28.),1,0,0,0,0,0,0.0,1.7249341164216735e-7,true,0.0,1.4308218817898993e-6,false,0.0,0.0,false,0.0,0.0,false,0.0,2.1073424255447017e-8,false,0.0,0.0,false
제2대,740,1952.06.30.,제2대국회 제12회(정기회) 폐회식 국회본회의(전체회의) (1952.06.30.),0,0,4,0,0,0,0.2,0.44721359549999123,false,0.0,1.4308218817898993e-6,false,0.0,0.0,true,0.0,0.0,false,0.0,2.1073424255447017e-8,false,0.0,0.0,false
제2대,741,1952.07.01.,제2대국회 제13회(임시회) 개회식 국회본회의(전체회의) (1952.07.01.),0,0,0,0,0,0,0.2,0.44721359549999123,false,0.0,1.4308218817898993e-6,false,0.8,1.7888543819998317,false,0.0,0.0,false,0.0,2.1073424255447017e-8,false,0.0,0.0,false
제2대,742,1952.07.03.,제2대국회 제13회(임시회) 제1차 국회본회의(전체회의) (1952.07.03.),0,0,0,0,0,0,0.2,0.44721359549999123,false,0.0,1.4308218817898993e-6,false,0.8,1.7888543819998317,false,0.0,0.0,false,0.0,2.1073424255447017e-8,false,0.0,0.0,false
제2대,743,1952.07.03.,제2대국회 제13회(임시회) 제1차 전원위원회(전체회의) (1952.07.03.),0,0,0,0,0,1,0.2,0.44721359549999123,false,0.0,1.4308218817898993e-6,false,0.8,1.7888543819998317,false,0.0,0.0,false,0.0,2.1073424255447017e-8,false,0.0,0.0,true
제2대,744,1952.07.04.,제2대국회 제13회(임시회) 제2차 국회본회의(전체회의) (1952.07.04.),0,0,0,0,0,0,0.2,0.44721359549999123,false,0.0,1.4308218817898993e-6,false,0.8,1.7888543819998317,false,0.0,0.0,false,0.0,2.1073424255447017e-8,false,0.2,0.44721359549995243,false
제2대,745,1952.07.04.,제2대국회 제13회(임시회) 제2차 전원위원회(전체회의) (1952.07.04.),0,0,0,0,0,0,0.0,1.7249341164216735e-7,false,0.0,1.4308218817898993e-6,false,0.8,1.7888543819998317,false,0.0,0.0,false,0.0,2.1073424255447017e-8,false,0.2,0.44721359549995243,false
제2대,746,1952.07.07.,제2대국회 제13회(임시회) 제3차 국회본회의(전체회의) (1952.07.07.),0,0,0,0,0,0,0.0,1.7249341164216735e-7,false,0.0,1.4308218817898993e-6,false,0.0,0.0,false,0.0,0.0,false,0.0,2.1073424255447017e-8,false,0.2,0.44721359549995243,false
제2대,747,1952.07.10.,제2대국회 제13회(임시회) 제4차 국회본회의(전체회의) (1952.07.10.),0,0,0,0,0,0,0.0,1.7249341164216735e-7,false,0.0,1.4308218817898993e-6,false,0.0,0.0,false,0.0,0.0,false,0.0,2.1073424255447017e-8,false,0.2,0.44721359549995243,false
제2대,748,1952.07.11.,제2대국회 제13회(임시회) 제5차 국회본회의(전체회의) (1952.07.11.),0,0,3,0,0,0,0.0,1.7249341164216735e-7,false,0.0,1.4308218817898993e-6,false,0.0,0.0,true,0.0,0.0,false,0.0,2.1073424255447017e-8,false,0.2,0.44721359549995243,false
제2대,749,1952.07.12.,제2대국회 제13회(임시회) 제6차 국회본회의(전체회의) (1952.07.12.),0,0,0,0,0,0,0.0,1.7249341164216735e-7,false,0.0,1.4308218817898993e-6,false,0.6,1.3416407864998738,false,0.0,0.0,false,0.0,2.1073424255447017e-8,false,0.0,0.0,false
제2대,750,1952.07.14.,제2대국회 제13회(임시회) 제7차 국회본회의(전체회의) (1952.07.14.),0,0,0,0,0,0,0.0,1.7249341164216735e-7,false,0.0,1.4308218817898993e-6,false,0.6,1.3416407864998738,false,0.0,0.0,false,0.0,2.1073424255447017e-8,false,0.0,0.0,false
제2대,751,1952.07.15.,제2대국회 제13회(임시회) 제8차 국회본회의(전체회의) (1952.07.15.),1,0,0,0,0,0,0.0,1.7249341164216735e-7,true,0.0,1.4308218817898993e-6,false,0.6,1.3416407864998738,false,0.0,0.0,false,0.0,2.1073424255447017e-8,false,0.0,0.0,false
제2대,752,1952.07.16.,제2대국회 제13회(임시회) 제9차 국회본회의(전체회의) (1952.07.16.),2,0,0,0,0,0,0.2,0.44721359549999123,true,0.0,1.4308218817898993e-6,false,0.6,1.3416407864998738,false,0.0,0.0,false,0.0,2.1073424255447017e-8,false,0.0,0.0,false
제2대,753,1952.07.18.,제2대국회 제13회(임시회) 제10차 국회본회의(전체회의) (1952.07.18.),1,0,1,0,0,1,0.6,0.8944271909999325,false,0.0,1.4308218817898993e-6,false,0.6,1.3416407864998738,false,0.0,0.0,false,0.0,2.1073424255447017e-8,false,0.0,0.0,true
제2대,754,1952.07.21.,제2대국회 제13회(임시회) 제11차 국회본회의(전체회의) (1952.07.21.),1,0,0,0,0,0,0.8,0.8366600265340933,false,0.0,1.4308218817898993e-6,false,0.2,0.4472135954999579,false,0.0,0.0,false,0.0,2.1073424255447017e-8,false,0.2,0.44721359549995243,false
제2대,755,1952.07.23.,제2대국회 제13회(임시회) 제12차 국회본회의(전체회의) (1952.07.23.),1,0,0,0,0,0,1.0,0.7071067811865686,false,0.0,1.4308218817898993e-6,false,0.2,0.4472135954999579,false,0.0,0.0,false,0.0,2.1073424255447017e-8,false,0.2,0.44721359549995243,false
제2대,756,1952.07.25.,제2대국회 제13회(임시회) 제13차 국회본회의(전체회의) (1952.07.25.),0,0,15,0,0,0,1.2,0.44721359549999123,false,0.0,1.4308218817898993e-6,false,0.2,0.4472135954999579,true,0.0,0.0,false,0.0,2.1073424255447017e-8,false,0.2,0.44721359549995243,false
제2대,757,1952.07.28.,제2대국회 제13회(임시회) 제14차 국회본회의(전체회의) (1952.07.28.),0,0,17,8,0,0,1.0,0.7071067811865686,false,0.0,1.4308218817898993e-6,false,3.2,6.610597552415364,true,0.0,0.0,true,0.0,2.1073424255447017e-8,false,0.2,0.44721359549995243,false
제2대,758,1952.08.13.,제2대국회 제13회(임시회) 제15차 국회본회의(전체회의) (1952.08.13.),0,0,0,0,0,0,0.6,0.5477225575051933,false,0.0,1.4308218817898993e-6,false,6.6,8.61974477580398,false,1.6,3.5777087639996634,false,0.0,2.1073424255447017e-8,false,0.2,0.44721359549995243,false
제2대,759,1952.08.15.,제2대국회 제13회(임시회) 제16차 국회본회의(전체회의) (1952.08.15.),0,0,0,0,0,0,0.4,0.5477225575051933,false,0.0,1.4308218817898993e-6,false,6.4,8.792041856133308,false,1.6,3.5777087639996634,false,0.0,2.1073424255447017e-8,false,0.0,0.0,false
제2대,760,1952.08.20.,제2대국회 제13회(임시회) 제17차 국회본회의(전체회의) (1952.08.20.),0,36,0,0,0,0,0.2,0.44721359549999123,false,0.0,1.4308218817898993e-6,true,6.4,8.792041856133308,false,1.6,3.5777087639996634,false,0.0,2.1073424255447017e-8,false,0.0,0.0,false
제2대,761,1952.08.22.,제2대국회 제13회(임시회) 제18차 국회본회의(전체회의) (1952.08.22.),0,0,0,0,0,0,0.0,1.7249341164216735e-7,false,7.2,16.09968943799855,false,6.4,8.792041856133308,false,1.6,3.5777087639996634,false,0.0,2.1073424255447017e-8,false,0.0,0.0,false
제2대,762,1952.08.25.,제2대국회 제13회(임시회) 제19차 국회본회의(전체회의) (1952.08.25.),0,0,0,0,0,0,0.0,1.7249341164216735e-7,false,7.2,16.09968943799855,false,3.4,7.602631123499286,false,1.6,3.5777087639996634,false,0.0,2.1073424255447017e-8,false,0.0,0.0,false
제2대,763,1952.08.26.,제2대국회 제13회(임시회) 제20차 국회본회의(전체회의) (1952.08.26.),0,0,0,0,0,0,0.0,1.7249341164216735e-7,false,7.2,16.09968943799855,false,0.0,1.1920928955078125e-7,false,0.0,0.0,false,0.0,2.1073424255447017e-8,false,0.0,0.0,false
제2대,764,1952.08.28.,제2대국회 제13회(임시회) 제21차 국회본회의(전체회의) (1952.08.28.),0,7,0,0,0,0,0.0,1.7249341164216735e-7,false,7.2,16.09968943799855,false,0.0,1.1920928955078125e-7,false,0.0,0.0,false,0.0,2.1073424255447017e-8,false,0.0,0.0,false
제2대,765,1952.08.29.,제2대국회 제13회(임시회) 제22차 국회본회의(전체회의) (1952.08.29.),2,0,0,2,0,0,0.0,1.7249341164216735e-7,true,8.6,15.614096195425532,false,0.0,1.1920928955078125e-7,false,0.0,0.0,true,0.0,2.1073424255447017e-8,false,0.0,0.0,false
제2대,766,1952.09.01.,제2대국회 제13회(임시회) 제23차 국회본회의(전체회의) (1952.09.01.),3,2,0,0,0,0,0.4,0.8944271909999325,true,1.4,3.1304951685000373,false,0.0,1.1920928955078125e-7,false,0.4,0.8944271909999159,false,0.0,2.1073424255447017e-8,false,0.0,0.0,false
제2대,767,1952.09.03.,제2대국회 제13회(임시회) 제24차 국회본회의(전체회의) (1952.09.03.),1,1,9,8,0,0,1.0,1.4142135623731056,false,1.8,3.033150177620962,false,0.0,1.1920928955078125e-7,true,0.4,0.8944271909999159,true,0.0,2.1073424255447017e-8,false,0.0,0.0,false
제2대,768,1952.09.05.,제2대국회 제13회(임시회) 제25차 국회본회의(전체회의) (1952.09.05.),1,0,0,2,0,0,1.2,1.303840481040541,false,2.0,2.915475947423006,false,1.8,4.024922359499623,false,2.0,3.4641016151377544,false,0.0,2.1073424255447017e-8,false,0.0,0.0,false
제2대,769,1952.09.06.,제2대국회 제13회(임시회) 제26차 국회본회의(전체회의) (1952.09.06.),0,0,0,0,0,0,1.4,1.1401754250991512,false,2.0,2.915475947423006,false,1.8,4.024922359499623,false,2.4,3.286335345030997,false,0.0,2.1073424255447017e-8,false,0.0,0.0,false
제2대,770,1952.09.08.,제2대국회 제13회(임시회) 제27차 국회본회의(전체회의) (1952.09.08.),0,4,4,0,0,0,1.4,1.1401754250991512,false,0.6,0.8944271910010757,true,1.8,4.024922359499623,false,2.4,3.286335345030997,false,0.0,2.1073424255447017e-8,false,0.0,0.0,false
제2대,771,1952.09.09.,제2대국회 제13회(임시회) 제28차 국회본회의(전체회의) (1952.09.09.),4,0,1,0,0,0,1.0,1.2247448713916012,true,1.4,1.673320053068771,false,2.6,3.97492138287036,false,2.0,3.4641016151377544,false,0.0,2.1073424255447017e-8,false,0.0,0.0,false
제2대,772,1952.09.10.,제2대국회 제13회(임시회) 제29차 국회본회의(전체회의) (1952.09.10.),0,0,1,0,0,1,1.2,1.6431676725155073,false,1.0,1.7320508075694763,false,2.8,3.8340579025361645,false,2.0,3.4641016151377544,false,0.0,2.1073424255447017e-8,false,0.0,0.0,true
제2대,773,1952.09.11.,제2대국회 제13회(임시회) 폐회식 국회본회의(전체회의) (1952.09.11.),0,0,3,1,0,0,1.0,1.7320508075688859,false,0.8,1.788854382000412,false,1.2,1.6431676725155022,false,0.4,0.8944271909999159,false,0.0,2.1073424255447017e-8,false,0.2,0.44721359549995243,false
제2대,774,1952.10.15.,제2대국회 제14회(임시회) 개회식 국회본회의(전체회의) (1952.10.15.),0,0,0,0,0,0,0.8,1.78885438199984,false,0.8,1.788854382000412,false,1.8,1.6431676725155022,false,0.2,0.4472135954999579,false,0.0,2.1073424255447017e-8,false,0.2,0.44721359549995243,false
제2대,775,1952.10.16.,제2대국회 제14회(임시회) 제1차 국회본회의(전체회의) (1952.10.16.),0,0,0,4,0,0,0.8,1.78885438199984,false,0.8,1.788854382000412,false,1.8,1.6431676725155022,false,0.2,0.4472135954999579,true,0.0,2.1073424255447017e-8,false,0.2,0.44721359549995243,false
제2대,776,1952.10.17.,제2대국회 제14회(임시회) 제2차 국회본회의(전체회의) (1952.10.17.),0,0,0,0,0,0,0.8,1.78885438199984,false,0.0,1.4405654714831057e-6,false,1.0,1.224744871391594,false,1.0,1.7320508075688772,false,0.0,2.1073424255447017e-8,false,0.2,0.44721359549995243,false
제2대,777,1952.10.18.,제2대국회 제14회(임시회) 제3차 국회본회의(전체회의) (1952.10.18.),1,19,0,0,0,0,0.0,1.7120130796843852e-7,true,0.0,1.4405654714831057e-6,true,0.8,1.3038404810405344,false,1.0,1.7320508075688772,false,0.0,2.1073424255447017e-8,false,0.2,0.44721359549995243,false
제2대,778,1952.10.20.,제2대국회 제14회(임시회) 제4차 국회본회의(전체회의) (1952.10.20.),1,187,0,0,0,0,0.2,0.44721359549999073,false,3.8,8.497058314499323,true,0.6,1.3416407864998783,false,1.0,1.7320508075688772,false,0.0,2.1073424255447017e-8,false,0.0,0.0,false
제2대,779,1952.10.21.,제2대국회 제14회(임시회) 제5차 국회본회의(전체회의) (1952.10.21.),0,106,0,0,0,0,0.4,0.5477225575051928,false,41.2,81.91886229678731,false,0.0,1.0745380149674383e-7,false,0.8,1.7888543819998317,false,0.0,2.1073424255447017e-8,false,0.0,0.0,false
제2대,780,1952.10.23.,제2대국회 제14회(임시회) 제6차 국회본회의(전체회의) (1952.10.23.),12,0,6,0,0,3,0.4,0.5477225575051928,true,62.4,82.30613585875602,false,0.0,1.0745380149674383e-7,true,0.8,1.7888543819998317,false,0.0,2.1073424255447017e-8,false,0.0,0.0,true
제2대,781,1952.10.25.,제2대국회 제14회(임시회) 제7차 국회본회의(전체회의) (1952.10.25.),5,1,9,0,0,0,2.8,5.167204273105528,false,62.4,82.30613585875602,false,1.2,2.68328157299975,true,0.0,0.0,false,0.0,2.1073424255447017e-8,false,0.6,1.341640786499872,false
제2대,782,1952.10.27.,제2대국회 제14회(임시회) 제8차 국회본회의(전체회의) (1952.10.27.),0,0,0,0,0,0,3.8,4.969909455915674,false,62.6,82.11759860103072,false,3.0,4.2426406871192865,false,0.0,0.0,false,0.0,2.1073424255447017e-8,false,0.6,1.341640786499872,false
제2대,783,1952.10.28.,제2대국회 제14회(임시회) 제9차 국회본회의(전체회의) (1952.10.28.),1,0,0,0,0,0,3.6,5.128352561983236,false,58.8,85.02764256405091,false,3.0,4.2426406871192865,false,0.0,0.0,false,0.0,2.1073424255447017e-8,false,0.6,1.341640786499872,false
제2대,784,1952.10.29.,제2대국회 제14회(임시회) 제10차 국회본회의(전체회의) (1952.10.29.),1,1,0,0,0,0,3.6,5.128352561983236,false,21.4,47.29482001234388,false,3.0,4.2426406871192865,false,0.0,0.0,false,0.0,2.1073424255447017e-8,false,0.6,1.341640786499872,false
제2대,785,1952.10.30.,제2대국회 제14회(임시회) 제11차 국회본회의(전체회의) (1952.10.30.),0,0,0,0,0,0,3.8,4.969909455915674,false,0.4,0.547722557508072,false,3.0,4.2426406871192865,false,0.0,0.0,false,0.0,2.1073424255447017e-8,false,0.6,1.341640786499872,false
제2대,786,1952.11.04.,제2대국회 제14회(임시회) 제12차 국회본회의(전체회의) (1952.11.04.),7,0,0,0,0,0,1.4,2.073644135332779,true,0.4,0.547722557508072,false,1.8,4.024922359499623,false,0.0,0.0,false,0.0,2.1073424255447017e-8,false,0.0,0.0,false
제2대,787,1952.11.05.,제2대국회 제14회(임시회) 제13차 국회본회의(전체회의) (1952.11.05.),0,0,7,0,0,1,1.8,2.94957624075053,false,0.2,0.4472135955035169,false,0.0,1.1920928955078125e-7,true,0.0,0.0,false,0.0,2.1073424255447017e-8,false,0.0,0.0,true
제2대,788,1952.11.06.,제2대국회 제14회(임시회) 제14차 국회본회의(전체회의) (1952.11.06.),0,4,0,0,0,0,1.8,2.94957624075053,false,0.2,0.4472135955035169,true,1.4,3.1304951684997078,false,0.0,0.0,false,0.0,2.1073424255447017e-8,false,0.2,0.44721359549995243,false
제2대,789,1952.11.07.,제2대국회 제14회(임시회) 제15차 국회본회의(전체회의) (1952.11.07.),2,1,0,0,0,1,1.6,3.0495901363953863,false,1.0,1.7320508075697962,false,1.4,3.1304951684997078,false,0.0,0.0,false,0.0,2.1073424255447017e-8,false,0.2,0.44721359549995243,false
제2대,790,1952.11.08.,제2대국회 제14회(임시회) 제16차 국회본회의(전체회의) (1952.11.08.),0,0,0,0,0,0,1.8,3.033150177620625,false,1.0,1.7320508075697962,false,1.4,3.1304951684997078,false,0.0,0.0,false,0.0,2.1073424255447017e-8,false,0.4,0.5477225575051617,false
제2대,791,1952.11.10.,제2대국회 제14회(임시회) 제17차 국회본회의(전체회의) (1952.11.10.),3,6,0,0,0,0,1.8,3.033150177620625,false,1.0,1.7320508075697962,true,1.4,3.1304951684997078,false,0.0,0.0,false,0.0,2.1073424255447017e-8,false,0.4,0.5477225575051617,false
제2대,792,1952.11.11.,제2대국회 제14회(임시회) 제18차 국회본회의(전체회의) (1952.11.11.),0,3,0,0,0,0,1.0,1.4142135623731051,false,2.2,2.683281573000341,false,1.4,3.1304951684997078,false,0.0,0.0,false,0.0,2.1073424255447017e-8,false,0.4,0.5477225575051617,false
제2대,793,1952.11.12.,제2대국회 제14회(임시회) 제19차 국회본회의(전체회의) (1952.11.12.),1,0,0,0,0,2,1.0,1.4142135623731051,false,2.8,2.387467277263331,false,0.0,1.1151007970493857e-7,false,0.0,0.0,false,0.0,2.1073424255447017e-8,false,0.2,0.44721359549995243,true
제2대,794,1952.11.13.,제2대국회 제14회(임시회) 제20차 국회본회의(전체회의) (1952.11.13.),0,0,0,0,0,2,1.2,1.3038404810405406,false,2.0,2.5495097567970166,false,0.0,1.1151007970493857e-7,false,0.0,0.0,false,0.0,2.1073424255447017e-8,false,0.6,0.8944271909999133,false
제2대,795,1952.11.14.,제2대국회 제14회(임시회) 제21차 국회본회의(전체회의) (1952.11.14.),20,0,0,0,0,0,0.8,1.3038404810405406,true,1.8,2.683281573000341,false,0.0,1.1151007970493857e-7,false,0.0,0.0,false,0.0,2.1073424255447017e-8,false,0.8,1.0954451150103304,false
제2대,796,1952.11.15.,제2대국회 제14회(임시회) 제22차 국회본회의(전체회의) (1952.11.15.),6,34,0,0,0,0,4.8,8.584870412533903,false,1.8,2.683281573000341,true,0.0,1.1151007970493857e-7,false,0.0,0.0,false,0.0,2.1073424255447017e-8,false,0.8,1.0954451150103304,false
제2대,797,1952.11.17.,제2대국회 제14회(임시회) 제23차 국회본회의(전체회의) (1952.11.17.),0,0,0,0,0,0,5.4,8.532291603080619,false,7.4,14.926486525636339,false,0.0,1.1151007970493857e-7,false,0.0,0.0,false,0.0,2.1073424255447017e-8,false,0.8,1.0954451150103304,false
제2대,798,1952.11.19.,제2대국회 제14회(임시회) 제24차 국회본회의(전체회의) (1952.11.19.),0,5,0,0,0,0,5.4,8.532291603080619,false,6.8,15.205262246998675,false,0.0,1.1151007970493857e-7,false,0.0,0.0,false,0.0,2.1073424255447017e-8,false,0.8,1.0954451150103304,false
제2대,799,1952.11.20.,제2대국회 제14회(임시회) 제25차 국회본회의(전체회의) (1952.11.20.),0,0,0,0,0,0,5.2,8.671793355471522,false,7.8,14.805404418657504,false,0.0,1.1151007970493857e-7,false,0.0,0.0,false,0.0,2.1073424255447017e-8,false,0.4,0.8944271909999133,false
제2대,800,1952.11.21.,제2대국회 제14회(임시회) 제26차 국회본회의(전체회의) (1952.11.21.),0,0,0,0,0,0,5.2,8.671793355471522,false,7.8,14.805404418657504,false,0.0,1.1151007970493857e-7,false,0.0,0.0,false,0.0,2.1073424255447017e-8,false,0.0,0.0,false
제2대,801,1952.11.22.,제2대국회 제14회(임시회) 제27차 국회본회의(전체회의) (1952.11.22.),0,27,0,0,0,0,1.2,2.683281572999753,false,7.8,14.805404418657504,false,0.0,1.1151007970493857e-7,false,0.0,0.0,false,0.0,2.1073424255447017e-8,false,0.0,0.0,false
제2대,802,1952.11.24.,제2대국회 제14회(임시회) 제28차 국회본회의(전체회의) (1952.11.24.),1,1,0,0,0,1,0.0,1.7120130796843852e-7,true,6.4,11.717508267545758,false,0.0,1.1151007970493857e-7,false,0.0,0.0,false,0.0,2.1073424255447017e-8,false,0.0,0.0,true
제2대,803,1952.11.25.,제2대국회 제14회(임시회) 제29차 국회본회의(전체회의) (1952.11.25.),2,1,42,0,0,0,0.2,0.44721359549999073,true,6.6,11.588787684654646,false,0.0,1.1151007970493857e-7,true,0.0,0.0,false,0.0,2.1073424255447017e-8,false,0.2,0.44721359549995243,false
제2대,804,1952.11.26.,제2대국회 제14회(임시회) 제30차 국회본회의(전체회의) (1952.11.26.),0,0,0,0,0,0,0.6,0.8944271909999322,false,5.8,11.861703081767102,false,8.4,18.782971010998235,false,0.0,0.0,false,0.0,2.1073424255447017e-8,false,0.2,0.4472135954999525,false
제2대,805,1952.11.27.,제2대국회 제14회(임시회) 제31차 국회본회의(전체회의) (1952.11.27.),0,0,3,0,0,0,0.6,0.8944271909999323,false,5.8,11.861703081767102,false,8.4,18.782971010998235,false,0.0,0.0,false,0.0,2.1073424255447017e-8,false,0.2,0.4472135954999525,false
제2대,806,1952.11.28.,제2대국회 제14회(임시회) 제32차 국회본회의(전체회의) (1952.11.28.),3,0,4,0,0,0,0.6,0.8944271909999323,true,5.8,11.861703081767102,false,9.0,18.49324200890693,false,0.0,0.0,false,0.0,2.1073424255447017e-8,false,0.2,0.4472135954999525,false
제2대,807,1952.11.29.,제2대국회 제14회(임시회) 제33차 국회본회의(전체회의) (1952.11.29.),1,21,0,0,0,0,1.2,1.303840481040541,false,0.4,0.547722557508072,true,9.8,18.088670487352022,false,0.0,0.0,false,0.0,2.1073424255447017e-8,false,0.2,0.4472135954999525,false
제2대,808,1952.12.01.,제2대국회 제14회(임시회) 제34차 국회본회의(전체회의) (1952.12.01.),2,0,0,0,0,0,1.2,1.303840481040541,false,4.4,9.289779329995046,false,9.8,18.088670487352022,false,0.0,0.0,false,0.0,2.1073424255447017e-8,false,0.0,0.0,false
제2대,809,1952.12.02.,제2대국회 제14회(임시회) 제35차 국회본회의(전체회의) (1952.12.02.),1,6,1,0,0,0,1.2,1.303840481040541,false,4.2,9.391485505499286,false,1.4,1.9493588689617782,false,0.0,0.0,false,0.0,2.1073424255447017e-8,false,0.0,0.0,false
제2대,810,1952.12.03.,제2대국회 제14회(임시회) 제36차 국회본회의(전체회의) (1952.12.03.),1,0,3,0,0,0,1.4,1.140175425099151,false,5.4,9.099450532862036,false,1.6,1.8165902124584794,false,0.0,0.0,false,0.0,2.1073424255447017e-8,false,0.0,0.0,false
제2대,811,1952.12.04.,제2대국회 제14회(임시회) 제37차 국회본회의(전체회의) (1952.12.04.),1,0,2,0,0,0,1.6,0.8944271909999324,false,5.4,9.099450532862036,false,1.6,1.8165902124584794,false,0.0,0.0,false,0.0,2.1073424255447017e-8,false,0.0,0.0,false
제2대,812,1952.12.05.,제2대국회 제14회(임시회) 제38차 국회본회의(전체회의) (1952.12.05.),2,0,3,0,0,0,1.2,0.44721359549999096,false,5.4,9.099450532862036,false,1.2,1.303840481040508,false,0.0,0.0,false,0.0,2.1073424255447017e-8,false,0.0,0.0,false
제2대,813,1952.12.19.,제2대국회 제14회(임시회) 폐회식 국회본회의(전체회의) (1952.12.19.),0,0,9,0,0,0,1.4,0.5477225575051932,false,1.2,2.6832815730003436,false,1.8,1.303840481040508,true,0.0,0.0,false,0.0,2.1073424255447017e-8,false,0.0,0.0,false
제2대,814,1952.12.20.,제2대국회 제15회(정기회) 개회식 국회본회의(전체회의) (1952.12.20.),0,0,0,0,0,2,1.0,0.7071067811865684,false,1.2,2.6832815730003436,false,3.6,3.1304951684996967,false,0.0,0.0,false,0.0,2.1073424255447017e-8,false,0.0,0.0,true
제2대,815,1952.12.22.,제2대국회 제15회(정기회) 제1차 국회본회의(전체회의) (1952.12.22.),0,0,144,0,0,0,0.8,0.8366600265340932,false,0.0,1.7883876787039635e-6,false,3.4,3.3615472627943137,true,0.0,0.0,false,0.0,2.1073424255447017e-8,false,0.4,0.8944271909999133,false
제2대,816,1952.12.23.,제2대국회 제15회(정기회) 제2차 국회본회의(전체회의) (1952.12.23.),1,0,1,0,0,0,0.6,0.8944271909999324,false,0.0,1.7883876787039635e-6,false,31.6,62.92296877929394,false,0.0,0.0,false,0.0,2.1073424255447017e-8,false,0.4,0.8944271909999133,false
제2대,817,1953.01.12.,제2대국회 제15회(정기회) 제3차 국회본회의(전체회의) (1953.01.12.),1,0,11,0,0,0,0.6,0.8944271909999324,false,0.0,1.7883876787039635e-6,false,31.4,63.042049459071364,false,0.0,0.0,false,0.0,2.1073424255447017e-8,false,0.4,0.8944271909999133,false
제2대,818,1953.01.13.,제2대국회 제15회(정기회) 제4차 국회본회의(전체회의) (1953.01.13.),0,0,245,0,0,0,0.4,0.5477225575051932,false,0.0,1.7883876787039635e-6,false,33.0,62.23744853382086,true,0.0,0.0,false,0.0,2.1073424255447017e-8,false,0.4,0.8944271909999133,false
제2대,819,1953.01.14.,제2대국회 제15회(정기회) 제5차 국회본회의(전체회의) (1953.01.14.),4,13,0,0,0,1,0.4,0.5477225575051932,true,0.0,1.7883876787039635e-6,true,80.2,110.36620859665335,false,0.0,0.0,false,0.0,2.1073424255447017e-8,false,0.4,0.8944271909999133,false
제2대,820,1953.01.15.,제2대국회 제15회(정기회) 제6차 국회본회의(전체회의) (1953.01.15.),0,7,1,0,0,0,1.2,1.6431676725155073,false,2.6,5.813776741499728,false,80.2,110.36620859665335,false,0.0,0.0,false,0.0,2.1073424255447017e-8,false,0.2,0.4472135954999524,false
제2대,821,1953.01.16.,제2대국회 제15회(정기회) 제7차 국회본회의(전체회의) (1953.01.16.),2,0,238,0,0,0,1.2,1.6431676725155073,false,4.0,5.873670062235637,false,51.6,108.20720863232727,false,0.0,0.0,false,0.0,2.1073424255447017e-8,false,0.2,0.4472135954999524,false
제2대,822,1953.01.19.,제2대국회 제15회(정기회) 제8차 국회본회의(전체회의) (1953.01.19.),0,0,0,0,0,0,1.4,1.6733200530681598,false,4.0,5.873670062235637,false,99.0,130.178723299931,false,0.0,0.0,false,0.0,2.1073424255447017e-8,false,0.2,0.4472135954999524,false
제2대,823,1953.01.20.,제2대국회 제15회(정기회) 제9차 국회본회의(전체회의) (1953.01.20.),0,0,420,0,0,0,1.2,1.78885438199984,false,4.0,5.873670062235637,false,96.8,132.11623670086882,true,0.0,0.0,false,0.0,2.1073424255447017e-8,false,0.2,0.4472135954999524,false
제2대,824,1953.01.21.,제2대국회 제15회(정기회) 제10차 국회본회의(전체회의) (1953.01.21.),0,0,225,0,0,0,1.2,1.78885438199984,false,4.0,5.873670062235637,false,131.8,191.17321988186524,false,0.0,0.0,false,0.0,2.1073424255447017e-8,false,0.2,0.4472135954999524,false
제2대,825,1953.01.22.,제2대국회 제15회(정기회) 제11차 국회본회의(전체회의) (1953.01.22.),0,0,201,0,0,0,0.4,0.8944271909999325,false,1.4,3.1304951685002154,false,176.8,178.4508335648786,false,0.0,0.0,false,0.0,2.1073424255447017e-8,false,0.0,0.0,false
제2대,826,1953.01.23.,제2대국회 제15회(정기회) 제12차 국회본회의(전체회의) (1953.01.23.),0,0,221,0,0,0,0.4,0.8944271909999325,false,0.0,1.7866486057426766e-6,false,216.8,149.213605277803,false,0.0,0.0,false,0.0,2.1073424255447017e-8,false,0.0,0.0,false
제2대,827,1953.01.24.,제2대국회 제15회(정기회) 제13차 국회본회의(전체회의) (1953.01.24.),0,0,408,0,0,0,0.0,1.7249341164216735e-7,false,0.0,1.7866486057426766e-6,false,213.4,148.8028897568861,false,0.0,0.0,false,0.0,2.1073424255447017e-8,false,0.0,0.0,false
제2대,828,1953.01.26.,제2대국회 제15회(정기회) 제14차 국회본회의(전체회의) (1953.01.26.),0,0,14,0,0,0,0.0,1.7249341164216735e-7,false,0.0,1.7866486057426766e-6,false,295.0,109.0939961684418,false,0.0,0.0,false,0.0,2.1073424255447017e-8,false,0.0,0.0,false
제2대,829,1953.01.27.,제2대국회 제15회(정기회) 제15차 국회본회의(전체회의) (1953.01.27.),0,0,252,0,0,0,0.0,1.7249341164216735e-7,false,0.0,1.7866486057426766e-6,false,213.8,139.61984099690127,false,0.0,0.0,false,0.0,2.1073424255447017e-8,false,0.0,0.0,false
제2대,830,1953.01.28.,제2대국회 제15회(정기회) 제16차 국회본회의(전체회의) (1953.01.28.),2,0,208,0,0,0,0.0,1.7249341164216735e-7,true,0.0,1.7866486057426766e-6,false,219.2,140.67942280234163,false,0.0,0.0,false,0.0,2.1073424255447017e-8,false,0.0,0.0,false
제2대,831,1953.01.29.,제2대국회 제15회(정기회) 제17차 국회본회의(전체회의) (1953.01.29.),0,0,1,0,0,0,0.4,0.8944271909999325,false,0.0,1.7866486057426766e-6,false,220.6,140.4877218834443,false,0.0,0.0,false,0.0,2.1073424255447017e-8,false,0.0,0.0,false
제2대,832,1953.01.30.,제2대국회 제15회(정기회) 제18차 국회본회의(전체회의) (1953.01.30.),0,0,181,0,0,0,0.4,0.8944271909999325,false,0.0,1.7866486057426766e-6,false,176.6,171.38494683022776,false,0.0,0.0,false,0.0,2.1073424255447017e-8,false,0.0,0.0,false
제2대,833,1953.01.31.,제2대국회 제15회(정기회) 제19차 국회본회의(전체회의) (1953.01.31.),0,1,73,0,0,0,0.4,0.8944271909999325,false,0.0,1.7866486057426766e-6,true,131.2,115.82184595317067,false,0.0,0.0,false,0.0,2.1073424255447017e-8,false,0.0,0.0,false
제2대,834,1953.02.02.,제2대국회 제15회(정기회) 제20차 국회본회의(전체회의) (1953.02.02.),5,2,129,0,0,0,0.4,0.8944271909999325,true,0.2,0.44721359550352646,true,143.0,103.21579336516285,false,0.0,0.0,false,0.0,2.1073424255447017e-8,false,0.0,0.0,false
제2대,835,1953.02.03.,제2대국회 제15회(정기회) 제21차 국회본회의(전체회의) (1953.02.03.),0,1,73,0,0,0,1.4,2.190890230020671,false,0.6,0.8944271910016998,false,118.4,83.52125477984629,false,0.0,0.0,false,0.0,2.1073424255447017e-8,false,0.0,0.0,false
제2대,836,1953.02.04.,제2대국회 제15회(정기회) 제22차 국회본회의(전체회의) (1953.02.04.),0,0,0,0,0,0,1.0,2.2360679774997965,false,0.8,0.8366600265359824,false,91.4,67.62248146881329,false,0.0,0.0,false,0.0,2.1073424255447017e-8,false,0.0,0.0,false
제2대,837,1953.02.05.,제2대국회 제15회(정기회) 제23차 국회본회의(전체회의) (1953.02.05.),0,0,18,0,0,0,1.0,2.2360679774997965,false,0.8,0.8366600265359824,false,91.2,67.95733955946184,false,0.0,0.0,false,0.0,2.1073424255447017e-8,false,0.0,0.0,false
제2대,838,1953.02.06.,제2대국회 제15회(정기회) 제24차 국회본회의(전체회의) (1953.02.06.),1,0,0,0,0,0,1.0,2.2360679774997965,false,0.8,0.8366600265359824,false,58.6,51.120446007444,false,0.0,0.0,false,0.0,2.1073424255447017e-8,false,0.0,0.0,false
제2대,839,1953.02.07.,제2대국회 제15회(정기회) 제25차 국회본회의(전체회의) (1953.02.07.),0,0,0,0,0,0,1.2,2.1679483388678866,false,0.6,0.8944271910016998,false,44.0,56.156032623396726,false,0.0,0.0,false,0.0,2.1073424255447017e-8,false,0.0,0.0,false
제2대,840,1953.02.19.,제2대국회 제15회(정기회) 제26차 국회본회의(전체회의) (1953.02.19.),2,3,0,0,0,0,0.2,0.44721359549999073,true,0.2,0.44721359550352646,true,18.2,31.610124960208513,false,0.0,0.0,false,0.0,2.1073424255447017e-8,false,0.0,0.0,false
제2대,841,1953.02.20.,제2대국회 제15회(정기회) 제27차 국회본회의(전체회의) (1953.02.20.),4,5,7,0,0,0,0.6,0.8944271909999322,true,0.6,1.341640786501063,true,3.6,8.049844718999081,false,0.0,0.0,false,0.0,2.1073424255447017e-8,false,0.0,0.0,false
제2대,842,1953.02.21.,제2대국회 제15회(정기회) 제28차 국회본회의(전체회의) (1953.02.21.),1,3,9,0,0,0,1.4,1.67332005306816,false,1.6,2.3021728866449602,false,5.0,7.874007874011645,false,0.0,0.0,false,0.0,2.1073424255447017e-8,false,0.0,0.0,false
제2대,843,1953.02.25.,제2대국회 제15회(정기회) 제29차 국회본회의(전체회의) (1953.02.25.),1,1,0,0,0,1,1.6,1.5165750888103198,false,2.2,2.1679483388686154,false,3.2,4.438468204234135,false,0.0,0.0,false,0.0,2.1073424255447017e-8,false,0.0,0.0,true
제2대,844,1953.02.26.,제2대국회 제15회(정기회) 제30차 국회본회의(전체회의) (1953.02.26.),0,6,4,0,0,0,1.6,1.5165750888103198,false,2.4,1.9493588689626105,false,3.2,4.438468204234135,false,0.0,0.0,false,0.0,2.1073424255447017e-8,false,0.2,0.4472135954999524,false
제2대,845,1953.02.27.,제2대국회 제15회(정기회) 제31차 국회본회의(전체회의) (1953.02.27.),0,0,0,0,0,0,1.6,1.5165750888103198,false,3.6,1.9493588689626098,false,4.0,4.062019202317658,false,0.0,0.0,false,0.0,2.1073424255447017e-8,false,0.2,0.4472135954999524,false
제2대,846,1953.02.28.,제2대국회 제15회(정기회) 제32차 국회본회의(전체회의) (1953.02.28.),0,0,0,0,0,0,1.2,1.6431676725155073,false,3.0,2.5495097567970175,false,4.0,4.062019202317658,false,0.0,0.0,false,0.0,2.1073424255447017e-8,false,0.2,0.4472135954999524,false
제2대,847,1953.03.16.,제2대국회 제15회(정기회) 제33차 국회본회의(전체회의) (1953.03.16.),0,0,1,0,0,0,0.4,0.5477225575051933,false,2.0,2.5495097567970175,false,2.6,3.974921382870029,false,0.0,0.0,false,0.0,2.1073424255447017e-8,false,0.2,0.4472135954999524,false
제2대,848,1953.03.16.,제2대국회 제15회(정기회) 제35차 국회본회의(전체회의) (1953.03.16.),0,1,34,0,0,0,0.2,0.44721359549999123,false,1.4,2.607680962081671,false,1.0,1.7320508075681225,true,0.0,0.0,false,0.0,2.1073424255447017e-8,false,0.2,0.4472135954999524,false
제2대,849,1953.03.17.,제2대국회 제15회(정기회) 제34차 국회본회의(전체회의) (1953.03.17.),3,0,2,0,0,0,0.0,1.7249341164216735e-7,true,1.4,2.607680962081671,false,7.8,14.737706741552342,false,0.0,0.0,false,0.0,2.1073424255447017e-8,false,0.0,0.0,false
제2대,850,1953.03.19.,제2대국회 제15회(정기회) 제36차 국회본회의(전체회의) (1953.03.19.),5,0,2,0,0,0,0.6,1.341640786499885,true,0.2,0.44721359550352696,false,7.4,14.892951352905085,false,0.0,0.0,false,0.0,2.1073424255447017e-8,false,0.0,0.0,false
제2대,851,1953.03.20.,제2대국회 제15회(정기회) 제37차 국회본회의(전체회의) (1953.03.20.),8,0,0,0,0,4,1.6,2.302172886644274,true,0.2,0.44721359550352696,false,7.8,14.66969665671371,false,0.0,0.0,false,0.0,2.1073424255447017e-8,false,0.0,0.0,true
제2대,852,1953.03.21.,제2대국회 제15회(정기회) 제38차 국회본회의(전체회의) (1953.03.21.),0,0,0,0,0,0,3.2,3.420526275297418,false,0.2,0.44721359550352696,false,7.8,14.66969665671371,false,0.0,0.0,false,0.0,2.1073424255447017e-8,false,0.8,1.7888543819998306,false
제2대,853,1953.03.23.,제2대국회 제15회(정기회) 제39차 국회본회의(전체회의) (1953.03.23.),2,0,0,0,0,0,3.2,3.420526275297418,false,0.2,0.44721359550352696,false,7.6,14.791889669680389,false,0.0,0.0,false,0.0,2.1073424255447017e-8,false,0.8,1.7888543819998306,false
제2대,854,1953.03.24.,제2대국회 제15회(정기회) 제40차 국회본회의(전체회의) (1953.03.24.),1,0,3,0,0,1,3.6,3.049590136395386,false,0.0,1.7867728813735953e-6,false,0.8,1.0954451150091518,true,0.0,0.0,false,0.0,2.1073424255447017e-8,false,0.8,1.7888543819998306,false
제2대,855,1953.03.28.,제2대국회 제15회(정기회) 제41차 국회본회의(전체회의) (1953.03.28.),0,0,0,0,0,0,3.2,3.2710854467592294,false,0.0,1.7867728813735953e-6,false,1.0,1.4142135623721805,false,0.0,0.0,false,0.0,2.1073424255447017e-8,false,1.0,1.7320508075688763,false
제2대,856,1953.03.30.,제2대국회 제15회(정기회) 제42차 국회본회의(전체회의) (1953.03.30.),7,5,0,0,0,0,2.2,3.3466401061363062,false,0.0,1.7867728813735953e-6,true,0.6,1.34164078649891,false,0.0,0.0,false,0.0,2.1073424255447017e-8,false,1.0,1.7320508075688763,false
제2대,857,1953.03.31.,제2대국회 제15회(정기회) 제43차 국회본회의(전체회의) (1953.03.31.),4,2,5,0,0,1,2.0,2.9154759474226553,false,1.0,2.236067977500503,false,0.6,1.34164078649891,true,0.0,0.0,false,0.0,2.1073424255447017e-8,false,0.2,0.4472135954999529,false
제2대,858,1953.04.01.,제2대국회 제15회(정기회) 제44차 국회본회의(전체회의) (1953.04.01.),0,0,0,0,0,0,2.8,2.7748873851023266,false,1.4,2.1908902300213926,false,1.6,2.3021728866437057,false,0.0,0.0,false,0.0,2.1073424255447017e-8,false,0.4,0.5477225575051623,false
제2대,859,1953.04.02.,제2대국회 제15회(정기회) 제45차 국회본회의(전체회의) (1953.04.02.),1,0,0,0,0,0,2.4,3.049590136395386,false,1.4,2.1908902300213926,false,1.6,2.3021728866437057,false,0.0,0.0,false,0.0,2.1073424255447017e-8,false,0.4,0.5477225575051623,false
제2대,860,1953.04.04.,제2대국회 제15회(정기회) 제46차 국회본회의(전체회의) (1953.04.04.),1,0,0,0,0,0,2.4,3.049590136395386,false,1.4,2.1908902300213926,false,1.0,2.236067977499211,false,0.0,0.0,false,0.0,2.1073424255447017e-8,false,0.2,0.4472135954999529,false
제2대,861,1953.04.06.,제2대국회 제15회(정기회) 제47차 국회본회의(전체회의) (1953.04.06.),1,0,1,0,0,0,2.6,2.880972058177592,false,1.4,2.1908902300213926,false,1.0,2.236067977499211,false,0.0,0.0,false,0.0,2.1073424255447017e-8,false,0.2,0.4472135954999529,false
제2대,862,1953.04.07.,제2대국회 제15회(정기회) 제48차 국회본회의(전체회의) (1953.04.07.),0,0,14,0,0,0,1.4,1.5165750888103193,false,0.4,0.8944271910017004,false,1.2,2.1679483388672836,true,0.0,0.0,false,0.0,2.1073424255447017e-8,false,0.2,0.4472135954999529,false
제2대,863,1953.04.08.,제2대국회 제15회(정기회) 제49차 국회본회의(전체회의) (1953.04.08.),0,1,5,0,0,0,0.6,0.5477225575051916,false,0.0,1.7868971483613572e-6,true,3.0,6.164414002968766,false,0.0,0.0,false,0.0,2.1073424255447017e-8,false,0.0,0.0,false
제2대,864,1953.04.10.,제2대국회 제15회(정기회) 제50차 국회본회의(전체회의) (1953.04.10.),1,0,89,0,0,0,0.6,0.5477225575051916,false,0.2,0.44721359550352735,false,4.0,5.9581876439062755,true,0.0,0.0,false,0.0,2.1073424255447017e-8,false,0.0,0.0,false
제2대,865,1953.04.11.,제2대국회 제15회(정기회) 제51차 국회본회의(전체회의) (1953.04.11.),0,0,42,0,0,0,0.6,0.5477225575051916,false,0.2,0.44721359550352735,false,21.8,37.96972478172574,false,0.0,0.0,false,0.0,2.1073424255447017e-8,false,0.0,0.0,false
제2대,866,1953.04.13.,제2대국회 제15회(정기회) 제52차 국회본회의(전체회의) (1953.04.13.),0,3,35,0,0,0,0.4,0.5477225575051915,false,0.2,0.44721359550352735,true,30.2,36.56090808500245,false,0.0,0.0,false,0.0,2.1073424255447017e-8,false,0.0,0.0,false
제2대,867,1953.04.14.,제2대국회 제15회(정기회) 제53차 국회본회의(전체회의) (1953.04.14.),0,2,0,0,0,2,0.2,0.447213595499989,false,0.8,1.3038404810417537,false,37.0,32.73377460666578,false,0.0,0.0,false,0.0,2.1073424255447017e-8,false,0.0,0.0,true
제2대,868,1953.04.15.,제2대국회 제15회(정기회) 제54차 국회본회의(전체회의) (1953.04.15.),2,0,29,0,0,0,0.2,0.447213595499989,true,1.2,1.3038404810417534,false,34.2,35.66090296108607,false,0.0,0.0,false,0.0,2.1073424255447017e-8,false,0.4,0.8944271909999135,false
제2대,869,1953.04.16.,제2대국회 제15회(정기회) 제55차 국회본회의(전체회의) (1953.04.16.),0,0,0,0,0,6,0.6,0.8944271909999315,false,1.0,1.4142135623742234,false,39.0,32.194720064010454,false,0.0,0.0,false,0.0,2.1073424255447017e-8,false,0.4,0.8944271909999135,true
제2대,870,1953.04.17.,제2대국회 제15회(정기회) 제56차 국회본회의(전체회의) (1953.04.17.),0,0,0,0,0,4,0.4,0.8944271909999315,false,1.0,1.4142135623742234,false,21.2,19.89220953036634,false,0.0,0.0,false,0.0,2.1073424255447017e-8,false,1.6,2.607680962081059,false
제2대,871,1953.04.18.,제2대국회 제15회(정기회) 제57차 국회본회의(전체회의) (1953.04.18.),9,0,14,0,0,2,0.4,0.8944271909999315,true,1.0,1.4142135623742234,false,12.8,17.655027612552676,false,0.0,0.0,false,0.0,2.1073424255447017e-8,false,2.4,2.607680962081059,false
제2대,872,1953.04.20.,제2대국회 제15회(정기회) 제58차 국회본회의(전체회의) (1953.04.20.),2,0,3,0,0,0,2.2,3.8987177379235893,false,0.4,0.8944271910017004,false,8.6,12.915107432770256,false,0.0,0.0,false,0.0,2.1073424255447017e-8,false,2.8,2.2803508501982757,false
제2대,873,1953.04.21.,제2대국회 제15회(정기회) 제59차 국회본회의(전체회의) (1953.04.21.),3,0,5,0,0,1,2.6,3.714835124201346,false,0.0,1.7869592786146178e-6,false,9.2,12.477980605851153,false,0.0,0.0,false,0.0,2.1073424255447017e-8,false,2.4,2.607680962081059,false
제2대,874,1953.04.22.,제2대국회 제15회(정기회) 제60차 국회본회의(전체회의) (1953.04.22.),1,0,0,0,0,0,2.8,3.7013511046643535,false,0.0,1.7869592786146178e-6,false,4.4,5.770615218501189,false,0.0,0.0,false,0.0,2.1073424255447017e-8,false,2.6,2.408318915758459,false
제2대,875,1953.04.24.,제2대국회 제15회(정기회) 제61차 국회본회의(전체회의) (1953.04.24.),0,0,0,0,0,0,3.0,3.5355339059327417,false,0.0,1.7869592786146178e-6,false,4.4,5.770615218501189,false,0.0,0.0,false,0.0,2.1073424255447017e-8,false,1.4,1.6733200530681498,false
제2대,876,1953.04.28.,제2대국회 제15회(정기회) 제62차 국회본회의(전체회의) (1953.04.28.),3,0,0,0,0,0,3.0,3.5355339059327417,false,0.0,1.7869592786146178e-6,false,4.4,5.770615218501189,false,0.0,0.0,false,0.0,2.1073424255447017e-8,false,0.6,0.8944271909999127,false
제2대,877,1953.04.29.,제2대국회 제15회(정기회) 제63차 국회본회의(전체회의) (1953.04.29.),30,10,10,0,0,2,1.8,1.3038404810405413,true,0.0,1.7869592786146178e-6,true,1.6,2.3021728866437323,true,0.0,0.0,false,0.0,2.1073424255447017e-8,false,0.2,0.44721359549995077,true
제2대,878,1953.04.30.,제2대국회 제15회(정기회) 제64차 국회본회의(전체회의) (1953.04.30.),12,5,6,0,0,1,7.4,12.700393694685218,false,2.0,4.472135954999936,false,3.0,4.472135954999303,false,0.0,0.0,false,0.0,2.1073424255447017e-8,false,0.6,0.8944271909999127,false
제2대,879,1953.05.01.,제2대국회 제15회(정기회) 제65차 국회본회의(전체회의) (1953.05.01.),0,0,0,0,0,0,9.2,12.557866060760484,false,3.0,4.472135954999936,false,3.2,4.604345773288267,false,0.0,0.0,false,0.0,2.1073424255447017e-8,false,0.6,0.8944271909999127,false
제2대,880,1953.05.04.,제2대국회 제15회(정기회) 제66차 국회본회의(전체회의) (1953.05.04.),1,0,21,0,0,0,9.0,12.727922061357857,false,3.0,4.472135954999936,false,3.2,4.604345773288267,true,0.0,0.0,false,0.0,2.1073424255447017e-8,false,0.6,0.8944271909999127,false
제2대,881,1953.05.05.,제2대국회 제15회(정기회) 제67차 국회본회의(전체회의) (1953.05.05.),10,0,9,0,0,0,9.2,12.557866060760484,false,3.0,4.472135954999936,false,7.4,8.706319543871423,false,0.0,0.0,false,0.0,2.1073424255447017e-8,false,0.6,0.8944271909999127,false
제2대,882,1953.05.06.,제2대국회 제15회(정기회) 제68차 국회본회의(전체회의) (1953.05.06.),12,0,5,0,0,0,10.6,12.074767078498866,false,3.0,4.472135954999936,false,9.2,7.661592523751018,false,0.0,0.0,false,0.0,2.1073424255447017e-8,false,0.6,0.8944271909999127,false
제2대,883,1953.05.07.,제2대국회 제15회(정기회) 제69차 국회본회의(전체회의) (1953.05.07.),7,0,1,0,0,0,7.0,6.0000000000000036,false,1.0,2.2360679775005035,false,8.2,7.854934754662034,false,0.0,0.0,false,0.0,2.1073424255447017e-8,false,0.2,0.44721359549995077,false
제2대,884,1953.05.22.,제2대국회 제15회(정기회) 제70차 국회본회의(전체회의) (1953.05.22.),0,0,3,0,0,0,6.0,5.338539126015659,false,0.0,1.7873941299168884e-6,false,7.2,8.497058314499055,false,0.0,0.0,false,0.0,2.1073424255447017e-8,false,0.0,0.0,false
제2대,885,1953.05.23.,제2대국회 제15회(정기회) 제71차 국회본회의(전체회의) (1953.05.23.),2,0,7,0,0,0,6.0,5.338539126015659,false,0.0,1.7873941299168884e-6,false,7.8,7.949842765740559,false,0.0,0.0,false,0.0,2.1073424255447017e-8,false,0.0,0.0,false
제2대,886,1953.05.25.,제2대국회 제15회(정기회) 제72차 국회본회의(전체회의) (1953.05.25.),0,0,6,0,0,0,6.2,5.118593556827895,false,0.0,1.7873941299168884e-6,false,5.0,3.162277660167988,false,0.0,0.0,false,0.0,2.1073424255447017e-8,false,0.0,0.0,false
제2대,887,1953.05.26.,제2대국회 제15회(정기회) 제73차 국회본회의(전체회의) (1953.05.26.),1,0,0,0,0,0,4.2,5.215361924162123,false,0.0,1.7873941299168884e-6,false,4.4,2.408318915757946,false,0.0,0.0,false,0.0,2.1073424255447017e-8,false,0.0,0.0,false
제2대,888,1953.05.27.,제2대국회 제15회(정기회) 제74차 국회본회의(전체회의) (1953.05.27.),0,0,0,0,0,0,2.0,2.9154759474226575,false,0.0,1.7873941299168884e-6,false,3.4,3.0495901363949773,false,0.0,0.0,false,0.0,2.1073424255447017e-8,false,0.0,0.0,false
제2대,889,1953.05.27.,제2대국회 제15회(정기회) 제74차 국회본회의(전체회의) (1953.05.27.)_878,0,0,0,0,0,0,0.6,0.8944271909999397,false,0.0,1.7873941299168884e-6,false,3.2,3.271085446758849,false,0.0,0.0,false,0.0,2.1073424255447017e-8,false,0.0,0.0,false
제2대,890,1953.05.28.,제2대국회 제15회(정기회) 제75차 국회본회의(전체회의) (1953.05.28.),1,0,0,0,0,0,0.6,0.8944271909999397,false,0.0,1.7873941299168884e-6,false,2.6,3.5777087639993197,false,0.0,0.0,false,0.0,2.1073424255447017e-8,false,0.0,0.0,false
제2대,891,1953.05.29.,제2대국회 제15회(정기회) 제76차 국회본회의(전체회의) (1953.05.29.),0,0,0,0,0,0,0.4,0.5477225575052052,false,0.0,1.7873941299168884e-6,false,1.2,2.683281572999291,false,0.0,0.0,false,0.0,2.1073424255447017e-8,false,0.0,0.0,false
제2대,892,1953.05.30.,제2대국회 제15회(정기회) 제77차 국회본회의(전체회의) (1953.05.30.),8,0,3,0,0,1,0.4,0.5477225575052052,true,0.0,1.7873941299168884e-6,false,0.0,0.0,true,0.0,0.0,false,0.0,2.1073424255447017e-8,false,0.0,0.0,true
제2대,893,1953.06.01.,제2대국회 제15회(정기회) 폐회식 국회본회의(전체회의) (1953.06.01.),0,0,6,0,0,0,1.8,3.4928498393146024,false,0.0,1.7873941299168884e-6,false,0.6,1.3416407864989626,true,0.0,0.0,false,0.0,2.1073424255447017e-8,false,0.2,0.44721359549995077,false
제2대,894,1953.06.03.,제2대국회 제16회(임시회) 개회식 국회본회의(전체회의) (1953.06.03.),0,0,0,0,0,0,1.8,3.4928498393146024,false,0.0,1.7873941299168884e-6,false,1.8,2.6832815729992907,false,0.0,0.0,false,0.0,2.1073424255447017e-8,false,0.2,0.44721359549995077,false
제2대,895,1953.06.04.,제2대국회 제16회(임시회) 제1차 국회본회의(전체회의) (1953.06.04.),19,0,5,0,0,2,1.8,3.4928498393146024,true,0.0,1.7873941299168884e-6,false,1.8,2.6832815729992903,false,0.0,0.0,false,0.0,2.1073424255447017e-8,false,0.2,0.44721359549995077,true
제2대,896,1953.06.05.,제2대국회 제16회(임시회) 제2차 국회본회의(전체회의) (1953.06.05.),12,0,0,0,0,0,5.4,8.354639429682171,false,0.0,1.7873941299168884e-6,false,2.8,2.774887385101878,false,0.0,0.0,false,0.0,2.1073424255447017e-8,false,0.6,0.8944271909999127,false
제2대,897,1953.06.08.,제2대국회 제16회(임시회) 제3차 국회본회의(전체회의) (1953.06.08.),0,0,2,0,0,0,7.8,8.1363382427232,false,0.0,1.7873941299168884e-6,false,2.8,2.774887385101878,false,0.0,0.0,false,0.0,2.1073424255447017e-8,false,0.6,0.8944271909999127,false
제2대,898,1953.06.09.,제2대국회 제16회(임시회) 제4차 국회본회의(전체회의) (1953.06.09.),1,0,0,0,0,0,6.2,8.84307638777366,false,0.0,1.7873941299168884e-6,false,2.6,2.792848008753348,false,0.0,0.0,false,0.0,2.1073424255447017e-8,false,0.4,0.8944271909999125,false
제2대,899,1953.06.10.,제2대국회 제16회(임시회) 제5차 국회본회의(전체회의) (1953.06.10.),0,0,0,0,0,0,6.4,8.677557259966656,false,0.0,1.7873941299168884e-6,false,1.4,2.190890230020105,false,0.0,0.0,false,0.0,2.1073424255447017e-8,false,0.4,0.8944271909999125,false
제2대,900,1953.06.11.,제2대국회 제16회(임시회) 제6차 국회본회의(전체회의) (1953.06.11.),2,0,0,0,0,1,6.4,8.677557259966656,false,0.0,1.7873941299168884e-6,false,1.4,2.190890230020105,false,0.0,0.0,false,0.0,2.1073424255447017e-8,false,0.4,0.8944271909999125,false
제2대,901,1953.06.12.,제2대국회 제16회(임시회) 제7차 국회본회의(전체회의) (1953.06.12.),0,0,0,0,0,0,3.0,5.099019513592789,false,0.0,1.7873941299168884e-6,false,0.4,0.8944271909985498,false,0.0,0.0,false,0.0,2.1073424255447017e-8,false,0.2,0.4472135954999509,false
제2대,902,1953.06.13.,제2대국회 제16회(임시회) 제8차 국회본회의(전체회의) (1953.06.13.),0,0,0,0,0,0,0.6,0.8944271909999398,false,0.0,1.7873941299168884e-6,false,0.4,0.8944271909985498,false,0.0,0.0,false,0.0,2.1073424255447017e-8,false,0.2,0.4472135954999509,false
제2대,903,1953.06.24.,제2대국회 제16회(임시회) 제9차 국회본회의(전체회의) (1953.06.24.),0,0,0,0,0,0,0.6,0.8944271909999398,false,0.0,1.7873941299168884e-6,false,0.0,0.0,false,0.0,0.0,false,0.0,2.1073424255447017e-8,false,0.2,0.4472135954999509,false
제2대,904,1953.06.26.,제2대국회 제16회(임시회) 제10차 국회본회의(전체회의) (1953.06.26.),0,0,0,0,0,0,0.4,0.8944271909999398,false,0.0,1.7873941299168884e-6,false,0.0,0.0,false,0.0,0.0,false,0.0,2.1073424255447017e-8,false,0.2,0.4472135954999509,false
제2대,905,1953.06.27.,제2대국회 제16회(임시회) 제11차 국회본회의(전체회의) (1953.06.27.),1,0,0,0,0,0,0.4,0.8944271909999398,false,0.0,1.7873941299168884e-6,false,0.0,0.0,false,0.0,0.0,false,0.0,2.1073424255447017e-8,false,0.2,0.4472135954999509,false
제2대,906,1953.06.29.,제2대국회 제16회(임시회) 제12차 국회본회의(전체회의) (1953.06.29.),0,0,2,0,0,8,0.2,0.44721359550000617,false,0.0,1.7873941299168884e-6,false,0.0,0.0,true,0.0,0.0,false,0.0,2.1073424255447017e-8,false,0.0,0.0,true
제2대,907,1953.06.30.,제2대국회 제16회(임시회) 제13차 국회본회의(전체회의) (1953.06.30.),0,0,2,0,0,0,0.2,0.44721359550000617,false,0.0,1.7873941299168884e-6,false,0.4,0.8944271909985498,false,0.0,0.0,false,0.0,2.1073424255447017e-8,false,1.6,3.5777087639996625,false
제2대,908,1953.07.01.,제2대국회 제16회(임시회) 제14차 국회본회의(전체회의) (1953.07.01.),0,0,0,0,0,0,0.2,0.44721359550000617,false,0.0,1.7873941299168884e-6,false,0.8,1.0954451150092157,false,0.0,0.0,false,0.0,2.1073424255447017e-8,false,1.6,3.5777087639996625,false
제2대,909,1953.07.02.,제2대국회 제16회(임시회) 제15차 국회본회의(전체회의) (1953.07.02.),0,0,0,0,0,0,0.2,0.44721359550000617,false,0.0,1.7873941299168884e-6,false,0.8,1.0954451150092157,false,0.0,0.0,false,0.0,2.1073424255447017e-8,false,1.6,3.5777087639996625,false
제2대,910,1953.07.03.,제2대국회 제16회(임시회) 제16차 국회본회의(전체회의) (1953.07.03.),0,0,0,0,0,0,0.2,0.44721359550000617,false,0.0,1.7873941299168884e-6,false,0.8,1.0954451150092157,false,0.0,0.0,false,0.0,2.1073424255447017e-8,false,1.6,3.5777087639996625,false
제2대,911,1953.07.06.,제2대국회 제16회(임시회) 제17차 국회본회의(전체회의) (1953.07.06.),0,0,0,0,0,0,0.0,2.0808339184178324e-7,false,0.0,1.7873941299168884e-6,false,0.8,1.0954451150092157,false,0.0,0.0,false,0.0,2.1073424255447017e-8,false,1.6,3.5777087639996625,false
제2대,912,1953.07.07.,제2대국회 제16회(임시회) 제18차 국회본회의(전체회의) (1953.07.07.),1,0,0,0,0,1,0.0,2.0808339184178324e-7,true,0.0,1.7873941299168884e-6,false,0.4,0.89442719099855,false,0.0,0.0,false,0.0,2.1073424255447017e-8,false,0.0,0.0,true
제2대,913,1953.07.08.,제2대국회 제16회(임시회) 제19차 국회본회의(전체회의) (1953.07.08.),0,0,0,0,0,0,0.2,0.44721359550000617,false,0.0,1.7873941299168884e-6,false,0.0,0.0,false,0.0,0.0,false,0.0,2.1073424255447017e-8,false,0.2,0.4472135954999504,false
제2대,914,1953.07.09.,제2대국회 제16회(임시회) 제20차 국회본회의(전체회의) (1953.07.09.),0,0,0,0,0,0,0.2,0.44721359550000617,false,0.0,1.7873941299168884e-6,false,0.0,0.0,false,0.0,0.0,false,0.0,2.1073424255447017e-8,false,0.2,0.4472135954999504,false
제2대,915,1953.07.10.,제2대국회 제16회(임시회) 제21차 국회본회의(전체회의) (1953.07.10.),0,0,0,0,0,0,0.2,0.44721359550000617,false,0.0,1.7873941299168884e-6,false,0.0,0.0,false,0.0,0.0,false,0.0,2.1073424255447017e-8,false,0.2,0.4472135954999504,false
제2대,916,1953.07.11.,제2대국회 제16회(임시회) 제22차 국회본회의(전체회의) (1953.07.11.),1,0,0,0,0,2,0.2,0.44721359550000617,false,0.0,1.7873941299168884e-6,false,0.0,0.0,false,0.0,0.0,false,0.0,2.1073424255447017e-8,false,0.2,0.4472135954999504,true
제2대,917,1953.07.13.,제2대국회 제16회(임시회) 제23차 국회본회의(전체회의) (1953.07.13.),3,3,1,0,0,0,0.4,0.5477225575052054,true,0.0,1.7873941299168884e-6,true,0.0,0.0,true,0.0,0.0,false,0.0,2.1073424255447017e-8,false,0.6,0.8944271909999125,false
제2대,918,1953.07.14.,제2대국회 제16회(임시회) 제24차 국회본회의(전체회의) (1953.07.14.),0,0,0,0,0,0,0.8,1.3038404810405462,false,0.6,1.341640786501064,false,0.2,0.44721359549722767,false,0.0,0.0,false,0.0,2.1073424255447017e-8,false,0.4,0.8944271909999124,false
제2대,919,1953.07.15.,제2대국회 제16회(임시회) 제25차 국회본회의(전체회의) (1953.07.15.),12,2,0,0,0,0,0.8,1.3038404810405462,true,0.6,1.341640786501064,false,0.2,0.44721359549722767,false,0.0,0.0,false,0.0,2.1073424255447017e-8,false,0.4,0.8944271909999124,false
제2대,920,1953.07.21.,제2대국회 제16회(임시회) 제26차 국회본회의(전체회의) (1953.07.21.),0,0,0,0,0,0,3.2,5.069516742254634,false,1.0,1.4142135623742238,false,0.2,0.44721359549722767,false,0.0,0.0,false,0.0,2.1073424255447017e-8,false,0.4,0.8944271909999124,false
제2대,921,1953.07.22.,제2대국회 제16회(임시회) 제27차 국회본회의(전체회의) (1953.07.22.),0,0,0,0,0,0,3.2,5.069516742254634,false,1.0,1.4142135623742238,false,0.2,0.44721359549722767,false,0.0,0.0,false,0.0,2.1073424255447017e-8,false,0.4,0.8944271909999124,false
제2대,922,1953.07.23.,제2대국회 제16회(임시회) 제28차 국회본회의(전체회의) (1953.07.23.),6,0,0,0,0,0,3.0,5.196152422706636,false,1.0,1.4142135623742238,false,0.2,0.44721359549722767,false,0.0,0.0,false,0.0,2.1073424255447017e-8,false,0.0,0.0,false
제2대,923,1953.07.24.,제2대국회 제16회(임시회) 제29차 국회본회의(전체회의) (1953.07.24.),0,0,9,0,0,0,3.6,5.366563145999499,false,0.4,0.8944271910017012,false,0.0,0.0,true,0.0,0.0,false,0.0,2.1073424255447017e-8,false,0.0,0.0,false
제2대,924,1953.07.25.,제2대국회 제16회(임시회) 제30차 국회본회의(전체회의) (1953.07.25.),1,0,0,0,0,0,3.6,5.366563145999499,false,0.4,0.8944271910017012,false,1.8,4.024922359499317,false,0.0,0.0,false,0.0,2.1073424255447017e-8,false,0.0,0.0,false
제2대,925,1953.08.01.,제2대국회 제16회(임시회) 제31차 국회본회의(전체회의) (1953.08.01.),0,0,0,0,0,0,1.4,2.6076809620810675,false,0.0,1.78733201477969e-6,false,1.8,4.024922359499317,false,0.0,0.0,false,0.0,2.1073424255447017e-8,false,0.0,0.0,false
제2대,926,1953.08.03.,제2대국회 제16회(임시회) 제32차 국회본회의(전체회의) (1953.08.03.),1,0,6,0,0,0,1.4,2.6076809620810675,false,0.0,1.78733201477969e-6,false,1.8,4.024922359499317,false,0.0,0.0,false,0.0,2.1073424255447017e-8,false,0.0,0.0,false
제2대,927,1953.08.04.,제2대국회 제16회(임시회) 제33차 국회본회의(전체회의) (1953.08.04.),0,0,0,0,0,0,1.6,2.509980079602235,false,0.0,1.78733201477969e-6,false,3.0,4.242640687118995,false,0.0,0.0,false,0.0,2.1073424255447017e-8,false,0.0,0.0,false
제2대,928,1953.08.24.,제2대국회 제16회(임시회) 제34차 국회본회의(전체회의) (1953.08.24.),0,0,0,0,0,0,0.4,0.5477225575052068,false,0.0,1.78733201477969e-6,false,3.0,4.242640687118995,false,0.0,0.0,false,0.0,2.1073424255447017e-8,false,0.0,0.0,false
제2대,929,1953.08.25.,제2대국회 제16회(임시회) 제35차 국회본회의(전체회의) (1953.08.25.),0,0,0,0,0,0,0.4,0.5477225575052068,false,0.0,1.78733201477969e-6,false,1.2,2.683281572999292,false,0.0,0.0,false,0.0,2.1073424255447017e-8,false,0.0,0.0,false
제2대,930,1953.08.26.,제2대국회 제16회(임시회) 제36차 국회본회의(전체회의) (1953.08.26.),0,0,1,0,0,0,0.2,0.44721359550000817,false,0.0,1.78733201477969e-6,false,1.2,2.683281572999292,false,0.0,0.0,false,0.0,2.1073424255447017e-8,false,0.0,0.0,false
제2대,931,1953.08.28.,제2대국회 제16회(임시회) 제37차 국회본회의(전체회의) (1953.08.28.),2,0,0,0,0,0,0.2,0.44721359550000817,true,0.0,1.78733201477969e-6,false,1.4,2.60768096208059,false,0.0,0.0,false,0.0,2.1073424255447017e-8,false,0.0,0.0,false
제2대,932,1953.08.29.,제2대국회 제16회(임시회) 제38차 국회본회의(전체회의) (1953.08.29.),0,0,0,0,0,0,0.4,0.8944271909999408,false,0.0,1.78733201477969e-6,false,0.2,0.4472135954972305,false,0.0,0.0,false,0.0,2.1073424255447017e-8,false,0.0,0.0,false
제2대,933,1953.09.21.,제2대국회 제16회(임시회) 제39차 국회본회의(전체회의) (1953.09.21.),2,0,1,1,0,0,0.4,0.8944271909999408,false,0.0,1.78733201477969e-6,false,0.2,0.4472135954972305,false,0.0,0.0,true,0.0,2.1073424255447017e-8,false,0.0,0.0,false
제2대,934,1953.09.23.,제2대국회 제16회(임시회) 제40차 국회본회의(전체회의) (1953.09.23.),0,0,0,0,0,0,0.8,1.0954451150103524,false,0.0,1.78733201477969e-6,false,0.4,0.547722557502938,false,0.2,0.4472135954999579,false,0.0,2.1073424255447017e-8,false,0.0,0.0,false
제2대,935,1953.09.24.,제2대국회 제16회(임시회) 제41차 국회본회의(전체회의) (1953.09.24.),1,0,0,0,0,0,0.8,1.0954451150103524,false,0.0,1.78733201477969e-6,false,0.4,0.547722557502938,false,0.2,0.4472135954999579,false,0.0,2.1073424255447017e-8,false,0.0,0.0,false
제2대,936,1953.09.25.,제2대국회 제16회(임시회) 제42차 국회본회의(전체회의) (1953.09.25.),3,1,0,0,0,0,1.0,1.0000000000000218,false,0.0,1.78733201477969e-6,true,0.2,0.44721359549723044,false,0.2,0.4472135954999579,false,0.0,2.1073424255447017e-8,false,0.0,0.0,false
제2대,937,1953.09.26.,제2대국회 제16회(임시회) 제43차 국회본회의(전체회의) (1953.09.26.),0,0,0,0,0,0,1.2,1.3038404810405464,false,0.2,0.44721359550352907,false,0.2,0.44721359549723044,false,0.2,0.4472135954999579,false,0.0,2.1073424255447017e-8,false,0.0,0.0,false
제2대,938,1953.09.28.,제2대국회 제16회(임시회) 제44차 국회본회의(전체회의) (1953.09.28.),2,1,10,0,1,0,1.2,1.3038404810405464,false,0.2,0.44721359550352907,false,0.2,0.44721359549723044,true,0.2,0.4472135954999579,false,0.0,2.1073424255447017e-8,true,0.0,0.0,false
제2대,939,1953.09.29.,제2대국회 제16회(임시회) 제45차 국회본회의(전체회의) (1953.09.29.),3,2,15,0,0,0,1.2,1.3038404810405464,false,0.4,0.5477225575080815,true,2.0,4.472135954999305,true,0.0,0.0,false,0.2,0.4472135954999584,false,0.0,0.0,false
제2대,940,1953.09.30.,제2대국회 제16회(임시회) 제46차 국회본회의(전체회의) (1953.09.30.),0,0,0,0,0,0,1.8,1.303840481040546,false,0.8,0.8366600265359836,false,5.0,7.0710678118653005,false,0.0,0.0,false,0.2,0.4472135954999584,false,0.0,0.0,false
제2대,941,1953.10.01.,제2대국회 제16회(임시회) 제47차 국회본회의(전체회의) (1953.10.01.),7,1,1,0,0,0,1.6,1.5165750888103242,true,0.8,0.8366600265359836,false,5.0,7.0710678118653005,false,0.0,0.0,false,0.2,0.4472135954999584,false,0.0,0.0,false
제2대,942,1953.10.02.,제2대국회 제16회(임시회) 제48차 국회본회의(전체회의) (1953.10.02.),1,1,0,0,0,0,2.4,2.8809720581775937,false,0.8,0.8366600265359836,false,5.2,6.906518659932624,false,0.0,0.0,false,0.2,0.4472135954999584,false,0.0,0.0,false
제2대,943,1953.10.05.,제2대국회 제16회(임시회) 제49차 국회본회의(전체회의) (1953.10.05.),0,0,1,0,0,0,2.6,2.7018512172212668,false,1.0,0.7071067811888049,false,5.2,6.906518659932624,false,0.0,0.0,false,0.2,0.4472135954999584,false,0.0,0.0,false
제2대,944,1953.10.06.,제2대국회 제16회(임시회) 제50차 국회본회의(전체회의) (1953.10.06.),0,0,2,0,0,0,2.2,2.9495762407505324,false,0.8,0.8366600265359836,false,3.4,6.503845016603451,false,0.0,0.0,false,0.0,2.1073424255447017e-8,false,0.0,0.0,false
제2대,945,1953.10.07.,제2대국회 제16회(임시회) 제51차 국회본회의(전체회의) (1953.10.07.),0,0,0,0,0,0,1.6,3.0495901363953886,false,0.4,0.5477225575080814,false,0.8,0.8366600265326177,false,0.0,0.0,false,0.0,2.1073424255447017e-8,false,0.0,0.0,false
제2대,946,1953.10.08.,제2대국회 제16회(임시회) 제52차 국회본회의(전체회의) (1953.10.08.),1,0,0,0,0,0,1.6,3.0495901363953886,false,0.4,0.5477225575080814,false,0.8,0.8366600265326177,false,0.0,0.0,false,0.0,2.1073424255447017e-8,false,0.0,0.0,false
제2대,947,1953.10.10.,제2대국회 제16회(임시회) 제53차 국회본회의(전체회의) (1953.10.10.),1,1,0,0,0,0,0.4,0.547722557505208,false,0.2,0.447213595503529,false,0.6,0.8944271909985531,false,0.0,0.0,false,0.0,2.1073424255447017e-8,false,0.0,0.0,false
제2대,948,1953.10.12.,제2대국회 제16회(임시회) 제54차 국회본회의(전체회의) (1953.10.12.),0,0,0,0,0,0,0.4,0.547722557505208,false,0.2,0.447213595503529,false,0.6,0.8944271909985531,false,0.0,0.0,false,0.0,2.1073424255447017e-8,false,0.0,0.0,false
제2대,949,1953.10.13.,제2대국회 제16회(임시회) 제55차 국회본회의(전체회의) (1953.10.13.),8,0,0,0,0,0,0.4,0.547722557505208,true,0.2,0.447213595503529,false,0.4,0.8944271909985538,false,0.0,0.0,false,0.0,2.1073424255447017e-8,false,0.0,0.0,false
제2대,950,1953.10.14.,제2대국회 제16회(임시회) 제56차 국회본회의(전체회의) (1953.10.14.),0,0,0,0,0,0,2.0,3.3911649915626403,false,0.2,0.447213595503529,false,0.0,0.0,false,0.0,0.0,false,0.0,2.1073424255447017e-8,false,0.0,0.0,false
제2대,951,1953.10.15.,제2대국회 제16회(임시회) 제57차 국회본회의(전체회의) (1953.10.15.),0,0,5,0,0,0,2.0,3.3911649915626403,false,0.2,0.447213595503529,false,0.0,0.0,true,0.0,0.0,false,0.0,2.1073424255447017e-8,false,0.0,0.0,false
제2대,952,1953.10.17.,제2대국회 제16회(임시회) 제58차 국회본회의(전체회의) (1953.10.17.),1,0,0,0,0,0,1.8,3.4928498393146024,false,0.2,0.447213595503529,false,1.0,2.236067977499244,false,0.0,0.0,false,0.0,2.1073424255447017e-8,false,0.0,0.0,false
제2대,953,1953.10.19.,제2대국회 제16회(임시회) 제59차 국회본회의(전체회의) (1953.10.19.),4,23,0,0,0,0,1.8,3.4928498393146024,false,0.0,1.7873164856580925e-6,true,1.0,2.236067977499244,false,0.0,0.0,false,0.0,2.1073424255447017e-8,false,0.0,0.0,false
제2대,954,1953.10.20.,제2대국회 제16회(임시회) 제60차 국회본회의(전체회의) (1953.10.20.),4,4,0,0,0,0,2.6,3.4351128074635398,false,4.6,10.285912696499189,false,1.0,2.236067977499244,false,0.0,0.0,false,0.0,2.1073424255447017e-8,false,0.0,0.0,false
제2대,955,1953.10.21.,제2대국회 제16회(임시회) 폐회식 국회본회의(전체회의) (1953.10.21.),0,0,0,0,0,0,1.8,2.0493901531919305,false,5.4,9.989994994993902,false,1.0,2.236067977499244,false,0.0,0.0,false,0.0,2.1073424255447017e-8,false,0.0,0.0,false
제2대,956,1953.11.10.,제2대국회 제17회(임시회) 개회식 국회본회의(전체회의) (1953.11.10.),0,0,0,0,0,0,1.8,2.0493901531919305,false,5.4,9.989994994993902,false,1.0,2.236067977499244,false,0.0,0.0,false,0.0,2.1073424255447017e-8,false,0.0,0.0,false
제2대,957,1953.11.11.,제2대국회 제17회(임시회) 제1차 국회본회의(전체회의) (1953.11.11.),4,0,0,0,0,0,1.8,2.0493901531919305,false,5.4,9.989994994993902,false,0.0,0.0,false,0.0,0.0,false,0.0,2.1073424255447017e-8,false,0.0,0.0,false
제2대,958,1953.11.12.,제2대국회 제17회(임시회) 제2차 국회본회의(전체회의) (1953.11.12.),0,0,0,0,0,0,2.4,2.1908902300206745,false,5.4,9.989994994993902,false,0.0,0.0,false,0.0,0.0,false,0.0,2.1073424255447017e-8,false,0.0,0.0,false
제2대,959,1953.11.13.,제2대국회 제17회(임시회) 제3차 국회본회의(전체회의) (1953.11.13.),0,0,0,0,0,0,1.6,2.1908902300206745,false,0.8,1.7888543820007214,false,0.0,0.0,false,0.0,0.0,false,0.0,2.1073424255447017e-8,false,0.0,0.0,false
제2대,960,1953.11.14.,제2대국회 제17회(임시회) 제4차 국회본회의(전체회의) (1953.11.14.),1,0,0,0,0,0,0.8,1.7888543819998444,false,0.0,1.7841612752790171e-6,false,0.0,0.0,false,0.0,0.0,false,0.0,2.1073424255447017e-8,false,0.0,0.0,false
제2대,961,1953.11.16.,제2대국회 제17회(임시회) 제5차 국회본회의(전체회의) (1953.11.16.),2,0,0,0,0,0,1.0,1.7320508075688903,false,0.0,1.7841612752790171e-6,false,0.0,0.0,false,0.0,0.0,false,0.0,2.1073424255447017e-8,false,0.0,0.0,false
제2대,962,1953.11.17.,제2대국회 제17회(임시회) 제6차 국회본회의(전체회의) (1953.11.17.),0,0,2,0,0,0,1.4,1.6733200530681642,false,0.0,1.7841612752790171e-6,false,0.0,0.0,true,0.0,0.0,false,0.0,2.1073424255447017e-8,false,0.0,0.0,false
제2대,963,1953.11.18.,제2대국회 제17회(임시회) 제7차 국회본회의(전체회의) (1953.11.18.),0,0,0,0,0,0,0.6,0.8944271909999411,false,0.0,1.7841612752790171e-6,false,0.4,0.8944271909985538,false,0.0,0.0,false,0.0,2.1073424255447017e-8,false,0.0,0.0,false
제2대,964,1953.11.19.,제2대국회 제17회(임시회) 제8차 국회본회의(전체회의) (1953.11.19.),1,0,0,0,0,0,0.6,0.8944271909999411,false,0.0,1.7841612752790171e-6,false,0.4,0.8944271909985538,false,0.0,0.0,false,0.0,2.1073424255447017e-8,false,0.0,0.0,false
제2대,965,1953.11.20.,제2대국회 제17회(임시회) 제9차 국회본회의(전체회의) (1953.11.20.),0,0,0,1,0,0,0.8,0.8366600265341023,false,0.0,1.7841612752790171e-6,false,0.4,0.8944271909985538,false,0.0,0.0,true,0.0,2.1073424255447017e-8,false,0.0,0.0,false
제2대,966,1953.11.21.,제2대국회 제17회(임시회) 제10차 국회본회의(전체회의) (1953.11.21.),0,0,0,1,0,0,0.6,0.8944271909999411,false,0.0,1.7841612752790171e-6,false,0.4,0.8944271909985538,false,0.2,0.4472135954999579,false,0.0,2.1073424255447017e-8,false,0.0,0.0,false
제2대,967,1953.11.23.,제2대국회 제17회(임시회) 제11차 국회본회의(전체회의) (1953.11.23.),2,2,0,0,0,0,0.2,0.4472135955000086,true,0.0,1.7841612752790171e-6,true,0.4,0.8944271909985538,false,0.4,0.5477225575051661,false,0.0,2.1073424255447017e-8,false,0.0,0.0,false
제2대,968,1953.11.24.,제2대국회 제17회(임시회) 제12차 국회본회의(전체회의) (1953.11.24.),0,0,0,0,0,0,0.6,0.8944271909999411,false,0.4,0.8944271910016954,false,0.0,0.0,false,0.4,0.5477225575051661,false,0.0,2.1073424255447017e-8,false,0.0,0.0,false
제2대,969,1953.11.25.,제2대국회 제17회(임시회) 제13차 국회본회의(전체회의) (1953.11.25.),6,0,0,0,0,0,0.6,0.8944271909999411,true,0.4,0.8944271910016954,false,0.0,0.0,false,0.4,0.5477225575051661,false,0.0,2.1073424255447017e-8,false,0.0,0.0,false
제2대,970,1953.11.26.,제2대국회 제17회(임시회) 제14차 국회본회의(전체회의) (1953.11.26.),5,0,0,0,1,0,1.6,2.607680962081068,false,0.4,0.8944271910016954,false,0.0,0.0,false,0.4,0.5477225575051661,false,0.0,2.1073424255447017e-8,true,0.0,0.0,false
제2대,971,1953.11.27.,제2대국회 제17회(임시회) 제15차 국회본회의(전체회의) (1953.11.27.),1,0,0,0,0,0,2.6,2.7928480087537957,false,0.4,0.8944271910016954,false,0.0,0.0,false,0.2,0.4472135954999579,false,0.2,0.4472135954999584,false,0.0,0.0,false
제2대,972,1953.11.28.,제2대국회 제17회(임시회) 제16차 국회본회의(전체회의) (1953.11.28.),4,1,0,0,0,0,2.8,2.588435821108965,false,0.4,0.8944271910016954,false,0.0,0.0,false,0.0,0.0,false,0.2,0.4472135954999584,false,0.0,0.0,false
제2대,973,1953.11.30.,제2대국회 제17회(임시회) 제17차 국회본회의(전체회의) (1953.11.30.),0,0,7,0,0,0,3.2,2.588435821108965,false,0.2,0.4472135955035169,false,0.0,0.0,true,0.0,0.0,false,0.2,0.4472135954999584,false,0.0,0.0,false
제2대,974,1953.12.01.,제2대국회 제17회(임시회) 제18차 국회본회의(전체회의) (1953.12.01.),1,1,0,0,0,0,3.2,2.588435821108965,false,0.2,0.4472135955035169,false,1.4,3.130495168499315,false,0.0,0.0,false,0.2,0.4472135954999584,false,0.0,0.0,false
제2대,975,1953.12.19.,제2대국회 제17회(임시회) 폐회식 국회본회의(전체회의) (1953.12.19.),0,0,0,0,0,0,2.2,2.1679483388678897,false,0.4,0.547722557508072,false,1.4,3.130495168499315,false,0.0,0.0,false,0.2,0.4472135954999584,false,0.0,0.0,false
제2대,976,1953.12.21.,제2대국회 제18회(정기회) 개회식 국회본회의(전체회의) (1953.12.21.),0,0,0,0,0,0,1.2,1.643167672515512,false,0.4,0.547722557508072,false,1.4,3.130495168499315,false,0.0,0.0,false,0.0,2.1073424255447017e-8,false,0.0,0.0,false
제2대,977,1953.12.22.,제2대국회 제18회(정기회) 제1차 국회본회의(전체회의) (1953.12.22.),0,0,0,0,0,0,1.0,1.7320508075688903,false,0.4,0.547722557508072,false,1.4,3.130495168499315,false,0.0,0.0,false,0.0,2.1073424255447017e-8,false,0.0,0.0,false
제2대,978,1953.12.23.,제2대국회 제18회(정기회) 제2차 국회본회의(전체회의) (1953.12.23.),0,0,0,0,0,0,0.2,0.44721359550000966,false,0.2,0.4472135955035169,false,1.4,3.130495168499315,false,0.0,0.0,false,0.0,2.1073424255447017e-8,false,0.0,0.0,false
제2대,979,1953.12.24.,제2대국회 제18회(정기회) 제3차 국회본회의(전체회의) (1953.12.24.),0,0,0,0,0,0,0.2,0.44721359550000966,false,0.2,0.4472135955035169,false,0.0,0.0,false,0.0,0.0,false,0.0,2.1073424255447017e-8,false,0.0,0.0,false
제2대,980,1953.12.26.,제2대국회 제18회(정기회) 제4차 국회본회의(전체회의) (1953.12.26.),0,0,0,0,0,0,0.0,2.1593834081574437e-7,false,0.0,1.7841612752790171e-6,false,0.0,0.0,false,0.0,0.0,false,0.0,2.1073424255447017e-8,false,0.0,0.0,false
제2대,981,1953.12.28.,제2대국회 제18회(정기회) 제5차 국회본회의(전체회의) (1953.12.28.),0,0,0,0,0,0,0.0,2.1593834081574437e-7,false,0.0,1.7841612752790171e-6,false,0.0,0.0,false,0.0,0.0,false,0.0,2.1073424255447017e-8,false,0.0,0.0,false
제2대,982,1953.12.29.,제2대국회 제18회(정기회) 제6차 국회본회의(전체회의) (1953.12.29.),0,0,0,0,0,0,0.0,2.1593834081574437e-7,false,0.0,1.7841612752790171e-6,false,0.0,0.0,false,0.0,0.0,false,0.0,2.1073424255447017e-8,false,0.0,0.0,false
제2대,983,1954.01.06.,제2대국회 제18회(정기회) 제7차 국회본회의(전체회의) (1954.01.06.),1,0,0,0,0,0,0.0,2.1593834081574437e-7,true,0.0,1.7841612752790171e-6,false,0.0,0.0,false,0.0,0.0,false,0.0,2.1073424255447017e-8,false,0.0,0.0,false
제2대,984,1954.01.07.,제2대국회 제18회(정기회) 제8차 국회본회의(전체회의) (1954.01.07.),0,0,0,0,0,0,0.2,0.44721359550000966,false,0.0,1.7841612752790171e-6,false,0.0,0.0,false,0.0,0.0,false,0.0,2.1073424255447017e-8,false,0.0,0.0,false
제2대,985,1954.01.08.,제2대국회 제18회(정기회) 제9차 국회본회의(전체회의) (1954.01.08.),1,0,0,0,1,0,0.2,0.44721359550000966,false,0.0,1.7841612752790171e-6,false,0.0,0.0,false,0.0,0.0,false,0.0,2.1073424255447017e-8,true,0.0,0.0,false
제2대,986,1954.01.09.,제2대국회 제18회(정기회) 제10차 국회본회의(전체회의) (1954.01.09.),0,0,0,0,0,0,0.4,0.547722557505208,false,0.0,1.7841612752790171e-6,false,0.0,0.0,false,0.0,0.0,false,0.2,0.4472135954999584,false,0.0,0.0,false
제2대,987,1954.01.11.,제2대국회 제18회(정기회) 제11차 국회본회의(전체회의) (1954.01.11.),0,0,1,0,0,0,0.4,0.547722557505208,false,0.0,1.7841612752790171e-6,false,0.0,0.0,true,0.0,0.0,false,0.2,0.4472135954999584,false,0.0,0.0,false
제2대,988,1954.01.12.,제2대국회 제18회(정기회) 제12차 국회본회의(전체회의) (1954.01.12.),2,4,0,0,0,0,0.4,0.547722557505208,true,0.0,1.7841612752790171e-6,true,0.2,0.4472135954972355,false,0.0,0.0,false,0.2,0.4472135954999584,false,0.0,0.0,false
제2대,989,1954.01.13.,제2대국회 제18회(정기회) 제13차 국회본회의(전체회의) (1954.01.13.),0,0,0,0,0,0,0.6,0.8944271909999414,false,0.8,1.7888543820007214,false,0.2,0.4472135954972355,false,0.0,0.0,false,0.2,0.4472135954999584,false,0.0,0.0,false
제2대,990,1954.01.13.,제2대국회 제18회(정기회) 제13차 국회본회의(전체회의) (1954.01.13.)_978,0,0,0,0,0,0,0.6,0.8944271909999414,false,0.8,1.7888543820007214,false,0.2,0.4472135954972355,false,0.0,0.0,false,0.2,0.4472135954999584,false,0.0,0.0,false
제2대,991,1954.01.14.,제2대국회 제18회(정기회) 제14차 국회본회의(전체회의) (1954.01.14.),0,1,0,0,0,0,0.4,0.8944271909999415,false,0.8,1.7888543820007214,false,0.2,0.4472135954972355,false,0.0,0.0,false,0.0,2.1073424255447017e-8,false,0.0,0.0,false
제2대,992,1954.01.15.,제2대국회 제18회(정기회) 제15차 국회본회의(전체회의) (1954.01.15.),2,0,0,0,0,0,0.4,0.8944271909999415,false,1.0,1.7320508075697962,false,0.2,0.4472135954972355,false,0.0,0.0,false,0.0,2.1073424255447017e-8,false,0.0,0.0,false
제2대,993,1954.01.22.,제2대국회 제18회(정기회) 제16차 국회본회의(전체회의) (1954.01.22.),0,0,0,0,0,0,0.8,1.0954451150103528,false,1.0,1.7320508075697962,false,0.0,0.0,false,0.0,0.0,false,0.0,2.1073424255447017e-8,false,0.0,0.0,false
제2대,994,1954.01.23.,제2대국회 제18회(정기회) 제17차 국회본회의(전체회의) (1954.01.23.),0,0,0,0,0,0,0.4,0.8944271909999415,false,0.2,0.4472135955035169,false,0.0,0.0,false,0.0,0.0,false,0.0,2.1073424255447017e-8,false,0.0,0.0,false
제2대,995,1954.02.15.,제2대국회 제18회(정기회) 제18차 국회본회의(전체회의) (1954.02.15.),2,0,0,0,0,0,0.4,0.8944271909999415,false,0.2,0.4472135955035169,false,0.0,0.0,false,0.0,0.0,false,0.0,2.1073424255447017e-8,false,0.0,0.0,false
제2대,996,1954.02.16.,제2대국회 제18회(정기회) 제19차 국회본회의(전체회의) (1954.02.16.),2,1,0,0,0,0,0.8,1.0954451150103528,false,0.2,0.4472135955035169,false,0.0,0.0,false,0.0,0.0,false,0.0,2.1073424255447017e-8,false,0.0,0.0,false
제2대,997,1954.02.17.,제2대국회 제18회(정기회) 제20차 국회본회의(전체회의) (1954.02.17.),28,11,36,1,0,2,1.2,1.0954451150103526,true,0.2,0.4472135955035169,true,0.0,0.0,true,0.0,0.0,true,0.0,2.1073424255447017e-8,false,0.0,0.0,true
제2대,998,1954.02.19.,제2대국회 제18회(정기회) 제21차 국회본회의(전체회의) (1954.02.19.),0,0,0,0,0,0,6.4,12.11610498468877,false,2.4,4.827007354459198,false,7.2,16.09968943799841,false,0.2,0.4472135954999579,false,0.0,2.1073424255447017e-8,false,0.4,0.8944271909999124,false
제2대,999,1954.02.20.,제2대국회 제18회(정기회) 제22차 국회본회의(전체회의) (1954.02.20.),0,0,0,1,0,0,6.4,12.11610498468877,false,2.4,4.827007354459198,false,7.2,16.09968943799841,false,0.2,0.4472135954999579,false,0.0,2.1073424255447017e-8,false,0.4,0.8944271909999124,false
제2대,1000,1954.02.22.,제2대국회 제18회(정기회) 제23차 국회본회의(전체회의) (1954.02.22.),0,0,0,0,0,0,6.4,12.11610498468877,false,2.4,4.827007354459198,false,7.2,16.09968943799841,false,0.4,0.5477225575051661,false,0.0,2.1073424255447017e-8,false,0.4,0.8944271909999124,false
제2대,1001,1954.02.23.,제2대국회 제18회(정기회) 제24차 국회본회의(전체회의) (1954.02.23.),4,0,0,0,0,0,6.0,12.328828005937954,false,2.4,4.827007354459198,false,7.2,16.09968943799841,false,0.4,0.5477225575051661,false,0.0,2.1073424255447017e-8,false,0.4,0.8944271909999124,false
제2대,1002,1954.02.24.,제2대국회 제18회(정기회) 제25차 국회본회의(전체회의) (1954.02.24.),0,0,0,0,0,0,6.4,12.198360545581526,false,2.2,4.919349550499861,false,7.2,16.09968943799841,false,0.4,0.5477225575051661,false,0.0,2.1073424255447017e-8,false,0.4,0.8944271909999124,false
제2대,1003,1954.02.25.,제2대국회 제18회(정기회) 제26차 국회본회의(전체회의) (1954.02.25.),4,0,2,0,0,0,0.8,1.788854381999848,false,0.0,1.7831653716148843e-6,false,0.0,0.0,true,0.2,0.4472135954999579,false,0.0,2.1073424255447017e-8,false,0.0,0.0,false
제2대,1004,1954.02.26.,제2대국회 제18회(정기회) 제27차 국회본회의(전체회의) (1954.02.26.),1,1,1,0,0,0,1.6,2.190890230020677,false,0.0,1.7831653716148843e-6,true,0.4,0.8944271909985789,false,0.2,0.4472135954999579,false,0.0,2.1073424255447017e-8,false,0.0,0.0,false
제2대,1005,1954.03.02.,제2대국회 제18회(정기회) 제28차 국회본회의(전체회의) (1954.03.02.),0,0,3,0,0,0,1.8,2.0493901531919327,false,0.2,0.4472135955035129,false,0.6,0.8944271909985777,true,0.0,0.0,false,0.0,2.1073424255447017e-8,false,0.0,0.0,false
제2대,1006,1954.03.03.,제2대국회 제18회(정기회) 제29차 국회본회의(전체회의) (1954.03.03.),8,0,3,0,0,1,1.8,2.0493901531919327,true,0.2,0.4472135955035129,false,1.2,1.3038404810396094,false,0.0,0.0,false,0.0,2.1073424255447017e-8,false,0.0,0.0,true
제2대,1007,1954.03.04.,제2대국회 제18회(정기회) 제30차 국회본회의(전체회의) (1954.03.04.),3,0,7,0,0,1,2.6,3.435112807463541,false,0.2,0.4472135955035129,false,1.8,1.303840481039607,true,0.0,0.0,false,0.0,2.1073424255447017e-8,false,0.2,0.4472135954999505,false
제2대,1008,1954.03.08.,제2대국회 제18회(정기회) 제31차 국회본회의(전체회의) (1954.03.08.),0,0,0,0,0,0,3.2,3.1144823004794957,false,0.2,0.4472135955035129,false,3.2,2.280350850197745,false,0.0,0.0,false,0.0,2.1073424255447017e-8,false,0.4,0.5477225575051604,false
제2대,1017,1954.03.23.,제2대국회 제18회(정기회) 제39차 국회본회의(전체회의) (1954.03.23.),9,0,4,0,0,1,2.4,3.36154726279433,false,0.2,0.4472135955035129,false,2.8,2.6832815729992974,false,0.0,0.0,false,0.0,2.1073424255447017e-8,false,0.4,0.5477225575051604,false
제2대,1018,1954.03.24.,제2대국회 제18회(정기회) 제40차 국회본회의(전체회의) (1954.03.24.),0,26,0,0,0,1,4.0,4.30116263352132,false,0.0,1.7831653716148843e-6,true,3.4,2.509980079601744,false,0.0,0.0,false,0.0,2.1073424255447017e-8,false,0.6,0.5477225575051606,false
제2대,1019,1954.03.25.,제2대국회 제18회(정기회) 제41차 국회본회의(전체회의) (1954.03.25.),1,0,0,0,0,0,4.0,4.30116263352132,false,5.2,11.627553482999044,false,2.8,2.9495762407501154,false,0.0,0.0,false,0.0,2.1073424255447017e-8,false,0.8,0.4472135954999517,false
제2대,1020,1954.03.26.,제2대국회 제18회(정기회) 제42차 국회본회의(전체회의) (1954.03.26.),1,5,0,0,0,0,2.6,3.781534080237815,false,5.2,11.627553482999044,false,2.2,3.1937438845338852,false,0.0,0.0,false,0.0,2.1073424255447017e-8,false,0.6,0.5477225575051606,false
제2대,1021,1954.03.27.,제2대국회 제18회(정기회) 제43차 국회본회의(전체회의) (1954.03.27.),1,2,0,0,0,0,2.2,3.8340579025361703,false,6.2,11.27829774389749,false,0.8,1.7888543819991625,false,0.0,0.0,false,0.0,2.1073424255447017e-8,false,0.4,0.5477225575051604,false
제2대,1022,1954.03.29.,제2대국회 제18회(정기회) 제44차 국회본회의(전체회의) (1954.03.29.),1,271,8,0,0,0,2.4,3.7148351242013495,false,6.6,11.036303729057261,true,0.8,1.7888543819991625,true,0.0,0.0,false,0.0,2.1073424255447017e-8,false,0.4,0.5477225575051604,false
제2대,1023,1954.03.30.,제2대국회 제18회(정기회) 제45차 국회본회의(전체회의) (1954.03.30.),17,9,7,0,0,3,0.8,0.4472135955000331,true,60.8,117.96482526583932,false,1.6,3.5777087639993277,false,0.0,0.0,false,0.0,2.1073424255447017e-8,false,0.2,0.4472135954999505,true
제2대,1024,1954.03.31.,제2대국회 제18회(정기회) 제46차 국회본회의(전체회의) (1954.03.31.),2,0,3,0,0,0,4.2,7.1554175279993295,false,57.4,119.4541753142183,false,3.0,4.1231056256173675,false,0.0,0.0,false,0.0,2.1073424255447017e-8,false,0.6,1.3416407864998716,false
제2대,1025,1954.04.21.,제2대국회 제18회(정기회) 제47차 국회본회의(전체회의) (1954.04.21.),0,0,0,0,0,0,4.4,7.056911505750943,false,57.4,119.4541753142183,false,3.6,3.781534080237487,false,0.0,0.0,false,0.0,2.1073424255447017e-8,false,0.6,1.3416407864998716,false
제2대,1026,1954.04.22.,제2대국회 제18회(정기회) 제48차 국회본회의(전체회의) (1954.04.22.),17,4,0,3,0,6,4.2,7.190271204899022,false,56.4,120.0220813017338,false,3.6,3.781534080237487,false,0.0,0.0,true,0.0,2.1073424255447017e-8,false,0.6,1.3416407864998716,true
제2대,1027,1954.04.23.,제2대국회 제18회(정기회) 제49차 국회본회의(전체회의) (1954.04.23.),17,3,3,0,0,0,7.4,8.792041856133308,false,56.8,119.79858095987616,false,3.6,3.781534080237487,false,0.6,1.3416407864998738,false,0.0,2.1073424255447017e-8,false,1.8,2.683281572999747,false
제2대,1028,1954.05.01.,제2대국회 제18회(정기회) 폐회식 국회본회의(전체회의) (1954.05.01.),0,1,0,0,0,0,10.6,8.792041856133306,false,3.2,3.7013511046648406,false,2.6,2.8809720581771683,false,0.6,1.3416407864998738,false,0.0,2.1073424255447017e-8,false,1.8,2.683281572999747,false
제3대,1029,1954.06.09.,제3대국회 제19회(임시회) 제1차 국회본회의(전체회의) (1954.06.09.),0,0,0,0,0,0,9.0,9.273618495495704,false,1.75,2.0615528128100067,false,1.5,1.7320508075679537,false,0.75,1.4999999999999998,false,0.0,2.4333494333259047e-8,false,1.5,2.999999999999999,false
제3대,1030,1954.06.10.,제3대국회 제19회(임시회) 제2차 국회본회의(전체회의) (1954.06.10.),0,0,0,0,0,0,8.5,9.81495457622364,false,1.75,2.0615528128100067,false,0.75,1.4999999999989369,false,0.75,1.4999999999999998,false,0.0,2.4333494333259047e-8,false,1.5,2.999999999999999,false
제3대,1031,1954.06.11.,제3대국회 제19회(임시회) 제3차 국회본회의(전체회의) (1954.06.11.),0,0,0,0,0,0,8.5,9.81495457622364,false,1.75,2.0615528128100067,false,0.75,1.4999999999989369,false,0.75,1.4999999999999998,false,0.0,2.4333494333259047e-8,false,1.5,2.999999999999999,false
제3대,1032,1954.06.16.,제3대국회 제19회(임시회) 제4차 국회본회의(전체회의) (1954.06.16.),0,0,0,0,0,0,4.25,8.500000000000004,false,0.75,1.500000000001617,false,0.75,1.4999999999989369,false,0.0,0.0,false,0.0,2.4333494333259047e-8,false,0.0,0.0,false
제3대,1033,1954.06.17.,제3대국회 제19회(임시회) 제5차 국회본회의(전체회의) (1954.06.17.),0,0,0,0,0,0,0.0,3.0779706209559574e-7,false,0.0,2.202416493185523e-6,false,0.0,0.0,false,0.0,0.0,false,0.0,2.4333494333259047e-8,false,0.0,0.0,false
제3대,1034,1954.06.18.,제3대국회 제19회(임시회) 제6차 국회본회의(전체회의) (1954.06.18.),0,0,0,0,0,0,0.0,2.6656007498500226e-7,false,0.0,1.9073486328125e-6,false,0.0,0.0,false,0.0,0.0,false,0.0,2.1073424255447017e-8,false,0.0,0.0,false
제3대,1035,1954.06.21.,제3대국회 제19회(임시회) 제7차 국회본회의(전체회의) (1954.06.21.),0,0,0,0,0,0,0.0,2.6656007498500226e-7,false,0.0,1.9073486328125e-6,false,0.0,0.0,false,0.0,0.0,false,0.0,2.1073424255447017e-8,false,0.0,0.0,false
제3대,1036,1954.06.22.,제3대국회 제19회(임시회) 제8차 국회본회의(전체회의) (1954.06.22.),0,0,0,0,0,0,0.0,2.6656007498500226e-7,false,0.0,1.9073486328125e-6,false,0.0,0.0,false,0.0,0.0,false,0.0,2.1073424255447017e-8,false,0.0,0.0,false
제3대,1037,1954.06.23.,제3대국회 제19회(임시회) 제9차 국회본회의(전체회의) (1954.06.23.),0,0,0,0,0,0,0.0,2.6656007498500226e-7,false,0.0,1.9073486328125e-6,false,0.0,0.0,false,0.0,0.0,false,0.0,2.1073424255447017e-8,false,0.0,0.0,false
제3대,1038,1954.06.24.,제3대국회 제19회(임시회) 제10차 국회본회의(전체회의) (1954.06.24.),0,0,0,0,0,0,0.0,2.6656007498500226e-7,false,0.0,1.9073486328125e-6,false,0.0,0.0,false,0.0,0.0,false,0.0,2.1073424255447017e-8,false,0.0,0.0,false
제3대,1039,1954.06.28.,제3대국회 제19회(임시회) 제11차 국회본회의(전체회의) (1954.06.28.),0,0,0,0,0,0,0.0,2.6656007498500226e-7,false,0.0,1.9073486328125e-6,false,0.0,0.0,false,0.0,0.0,false,0.0,2.1073424255447017e-8,false,0.0,0.0,false
제3대,1040,1954.06.29.,제3대국회 제19회(임시회) 제12차 국회본회의(전체회의) (1954.06.29.),0,0,0,0,0,0,0.0,2.6656007498500226e-7,false,0.0,1.9073486328125e-6,false,0.0,0.0,false,0.0,0.0,false,0.0,2.1073424255447017e-8,false,0.0,0.0,false
제3대,1041,1954.06.30.,제3대국회 제19회(임시회) 제13차 국회본회의(전체회의) (1954.06.30.),0,0,0,0,0,0,0.0,2.6656007498500226e-7,false,0.0,1.9073486328125e-6,false,0.0,0.0,false,0.0,0.0,false,0.0,2.1073424255447017e-8,false,0.0,0.0,false
제3대,1042,1954.07.01.,제3대국회 제19회(임시회) 제14차 국회본회의(전체회의) (1954.07.01.),0,0,0,0,0,0,0.0,2.6656007498500226e-7,false,0.0,1.9073486328125e-6,false,0.0,0.0,false,0.0,0.0,false,0.0,2.1073424255447017e-8,false,0.0,0.0,false
제3대,1043,1954.07.02.,제3대국회 제19회(임시회) 제15차 국회본회의(전체회의) (1954.07.02.),0,0,0,0,0,0,0.0,2.6656007498500226e-7,false,0.0,1.9073486328125e-6,false,0.0,0.0,false,0.0,0.0,false,0.0,2.1073424255447017e-8,false,0.0,0.0,false
제3대,1044,1954.07.05.,제3대국회 제19회(임시회) 제16차 국회본회의(전체회의) (1954.07.05.),0,0,0,0,0,0,0.0,2.6656007498500226e-7,false,0.0,1.9073486328125e-6,false,0.0,0.0,false,0.0,0.0,false,0.0,2.1073424255447017e-8,false,0.0,0.0,false
제3대,1045,1954.07.07.,제3대국회 제19회(임시회) 제17차 국회본회의(전체회의) (1954.07.07.),0,0,0,0,0,0,0.0,2.6656007498500226e-7,false,0.0,1.9073486328125e-6,false,0.0,0.0,false,0.0,0.0,false,0.0,2.1073424255447017e-8,false,0.0,0.0,false
제3대,1046,1954.07.08.,제3대국회 제19회(임시회) 제18차 국회본회의(전체회의) (1954.07.08.),0,0,0,0,0,0,0.0,2.6656007498500226e-7,false,0.0,1.9073486328125e-6,false,0.0,0.0,false,0.0,0.0,false,0.0,2.1073424255447017e-8,false,0.0,0.0,false
제3대,1047,1954.07.09.,제3대국회 제19회(임시회) 제19차 국회본회의(전체회의) (1954.07.09.),1,1,0,0,0,0,0.0,2.6656007498500226e-7,true,0.0,1.9073486328125e-6,true,0.0,0.0,false,0.0,0.0,false,0.0,2.1073424255447017e-8,false,0.0,0.0,false
제3대,1048,1954.07.10.,제3대국회 제19회(임시회) 제20차 국회본회의(전체회의) (1954.07.10.),2,0,0,0,0,0,0.2,0.4472135955000359,true,0.2,0.44721359550402534,false,0.0,0.0,false,0.0,0.0,false,0.0,2.1073424255447017e-8,false,0.0,0.0,false
제3대,1049,1954.07.12.,제3대국회 제19회(임시회) 제21차 국회본회의(전체회의) (1954.07.12.),1,0,0,0,0,0,0.6,0.8944271909999534,false,0.2,0.44721359550402534,false,0.0,0.0,false,0.0,0.0,false,0.0,2.1073424255447017e-8,false,0.0,0.0,false
제3대,1050,1954.07.13.,제3대국회 제19회(임시회) 제22차 국회본회의(전체회의) (1954.07.13.),1,1,1,0,0,0,0.8,0.8366600265341148,false,0.2,0.44721359550402534,false,0.0,0.0,true,0.0,0.0,false,0.0,2.1073424255447017e-8,false,0.0,0.0,false
제3대,1051,1954.07.14.,제3대국회 제19회(임시회) 제23차 국회본회의(전체회의) (1954.07.14.),5,2,2,0,0,0,1.0,0.7071067811865929,true,0.4,0.5477225575084871,true,0.2,0.4472135954972901,true,0.0,0.0,false,0.0,2.1073424255447017e-8,false,0.0,0.0,false
제3대,1052,1954.07.15.,제3대국회 제19회(임시회) 제24차 국회본회의(전체회의) (1954.07.15.),6,0,4,1,0,0,2.0,1.7320508075688938,true,0.8,0.8366600265362496,false,0.6,0.8944271909985797,true,0.0,0.0,true,0.0,2.1073424255447017e-8,false,0.0,0.0,false
제3대,1053,1954.07.16.,제3대국회 제19회(임시회) 제25차 국회본회의(전체회의) (1954.07.16.),4,21,15,0,0,0,3.0,2.3452078799117255,false,0.6,0.8944271910019496,true,1.4,1.6733200530674344,true,0.2,0.4472135954999577,false,0.0,2.1073424255447017e-8,false,0.0,0.0,false
제3대,1054,1954.08.06.,제3대국회 제19회(임시회) 제26차 국회본회의(전체회의) (1954.08.06.),0,0,0,0,0,0,3.4,2.3021728866442777,false,4.8,9.093954035511926,false,4.4,6.10737259384079,false,0.2,0.4472135954999577,false,0.0,2.1073424255447017e-8,false,0.0,0.0,false
제3대,1055,1954.08.07.,제3대국회 제19회(임시회) 제27차 국회본회의(전체회의) (1954.08.07.),0,1,0,0,0,0,3.2,2.588435821108966,false,4.8,9.093954035511926,false,4.4,6.10737259384079,false,0.2,0.4472135954999577,false,0.0,2.1073424255447017e-8,false,0.0,0.0,false
제3대,1056,1954.08.09.,제3대국회 제19회(임시회) 제28차 국회본회의(전체회의) (1954.08.09.),0,0,0,0,0,0,3.0,2.8284271247461987,false,4.8,9.093954035511926,false,4.2,6.2609903369992175,false,0.2,0.4472135954999577,false,0.0,2.1073424255447017e-8,false,0.0,0.0,false
제3대,1057,1954.08.11.,제3대국회 제19회(임시회) 제29차 국회본회의(전체회의) (1954.08.11.),0,0,0,0,0,0,2.0,2.8284271247462,false,4.4,9.289779329995069,false,3.8,6.4961527075645,false,0.2,0.4472135954999577,false,0.0,2.1073424255447017e-8,false,0.0,0.0,false
제3대,1058,1954.08.16.,제3대국회 제19회(임시회) 제30차 국회본회의(전체회의) (1954.08.16.),0,0,0,0,0,0,0.8,1.7888543819998501,false,4.4,9.289779329995069,false,3.0,6.708203932499189,false,0.0,0.0,false,0.0,2.1073424255447017e-8,false,0.0,0.0,false
제3대,1059,1954.08.18.,제3대국회 제19회(임시회) 제31차 국회본회의(전체회의) (1954.08.18.),0,0,0,0,0,0,0.0,2.6572576910446594e-7,false,0.2,0.44721359550400946,false,0.0,0.0,false,0.0,0.0,false,0.0,2.1073424255447017e-8,false,0.0,0.0,false
제3대,1060,1954.08.18.,제3대국회 제19회(임시회) 제32차 국회본회의(전체회의) (1954.08.18.),1,0,1,0,0,0,0.0,2.6572576910446594e-7,true,0.2,0.44721359550400946,false,0.0,0.0,true,0.0,0.0,false,0.0,2.1073424255447017e-8,false,0.0,0.0,false
제3대,1061,1954.08.20.,제3대국회 제19회(임시회) 제33차 국회본회의(전체회의) (1954.08.20.),15,2,1,0,0,0,0.2,0.4472135955000354,true,0.0,1.9036196974124088e-6,true,0.2,0.44721359549728634,false,0.0,0.0,false,0.0,2.1073424255447017e-8,false,0.0,0.0,false
제3대,1062,1954.08.23.,제3대국회 제19회(임시회) 제34차 국회본회의(전체회의) (1954.08.23.),0,0,0,0,0,0,3.2,6.610597552415368,false,0.4,0.8944271910019417,false,0.4,0.5477225575029828,false,0.0,0.0,false,0.0,2.1073424255447017e-8,false,0.0,0.0,false
제3대,1063,1954.08.25.,제3대국회 제19회(임시회) 제35차 국회본회의(전체회의) (1954.08.25.),1,0,0,0,7,0,3.2,6.610597552415368,false,0.4,0.8944271910019417,false,0.4,0.5477225575029828,false,0.0,0.0,false,0.0,2.1073424255447017e-8,true,0.0,0.0,false
제3대,1064,1954.08.27.,제3대국회 제19회(임시회) 제36차 국회본회의(전체회의) (1954.08.27.),0,0,3,0,0,2,3.4,6.503845016603644,false,0.4,0.8944271910019417,false,0.4,0.5477225575029828,true,0.0,0.0,false,1.4,3.1304951684997055,false,0.0,0.0,true
제3대,1065,1954.08.30.,제3대국회 제19회(임시회) 제37차 국회본회의(전체회의) (1954.08.30.),4,0,1,0,0,2,3.4,6.503845016603644,false,0.4,0.8944271910019417,false,1.0,1.22474487139061,false,0.0,0.0,false,1.4,3.1304951684997055,false,0.4,0.8944271909999122,false
제3대,1066,1954.09.01.,제3대국회 제19회(임시회) 제38차 국회본회의(전체회의) (1954.09.01.),3,0,0,0,0,0,4.0,6.363961030678932,false,0.4,0.8944271910019417,false,1.0,1.22474487139061,false,0.0,0.0,false,1.4,3.1304951684997055,false,0.8,1.0954451150103295,false
제3대,1067,1954.09.03.,제3대국회 제19회(임시회) 제39차 국회본회의(전체회의) (1954.09.03.),3,0,0,0,0,0,1.6,1.8165902124585138,false,0.0,1.9036196974124088e-6,false,0.8,1.303840481039611,false,0.0,0.0,false,1.4,3.1304951684997055,false,0.8,1.0954451150103295,false
제3대,1068,1954.09.06.,제3대국회 제19회(임시회) 제40차 국회본회의(전체회의) (1954.09.06.),0,6,0,0,0,0,2.2,1.6431676725155178,false,0.0,1.9036196974124088e-6,true,0.8,1.303840481039611,false,0.0,0.0,false,1.4,3.1304951684997055,false,0.8,1.0954451150103295,false
제3대,1069,1954.09.08.,제3대국회 제19회(임시회) 제41차 국회본회의(전체회의) (1954.09.08.),0,0,0,0,0,0,2.0,1.8708286933869882,false,1.2,2.6832815730004227,false,0.8,1.303840481039611,false,0.0,0.0,false,0.0,0.0,false,0.8,1.0954451150103295,false
제3대,1070,1954.09.10.,제3대국회 제19회(임시회) 제42차 국회본회의(전체회의) (1954.09.10.),0,0,0,0,0,0,2.0,1.8708286933869882,false,1.2,2.6832815730004227,false,0.2,0.44721359549728634,false,0.0,0.0,false,0.0,0.0,false,0.4,0.8944271909999122,false
제3대,1071,1954.09.13.,제3대국회 제19회(임시회) 제43차 국회본회의(전체회의) (1954.09.13.),0,32,0,0,0,0,1.2,1.64316767251552,false,1.2,2.6832815730004227,true,0.0,0.0,false,0.0,0.0,false,0.0,0.0,false,0.0,0.0,false
제3대,1072,1954.09.15.,제3대국회 제19회(임시회) 제44차 국회본회의(전체회의) (1954.09.15.),0,1,0,0,0,0,0.6,1.3416407864999018,false,7.6,13.885243966167955,false,0.0,0.0,false,0.0,0.0,false,0.0,0.0,false,0.0,0.0,false
제3대,1073,1954.09.16.,제3대국회 제19회(임시회) 제45차 국회본회의(전체회의) (1954.09.16.),4,2,1,0,0,1,0.0,2.8194320095217976e-7,true,7.8,13.754999091239648,false,0.0,0.0,true,0.0,0.0,false,0.0,0.0,false,0.0,0.0,true
제3대,1074,1954.09.17.,제3대국회 제19회(임시회) 제46차 국회본회의(전체회의) (1954.09.17.),5,174,11,0,0,0,0.8,1.7888543819998526,true,7.0,14.000000000000128,true,0.2,0.44721359549728634,true,0.0,0.0,false,0.0,0.0,false,0.2,0.4472135954999503,false
제3대,1075,1954.09.20.,제3대국회 제19회(임시회) 제47차 국회본회의(전체회의) (1954.09.20.),4,298,21,0,0,0,1.8,2.48997991959776,false,41.8,75.11457914413155,true,2.4,4.827007354458618,true,0.0,0.0,false,0.0,0.0,false,0.2,0.4472135954999503,false
제3대,1076,1954.09.22.,제3대국회 제19회(임시회) 제48차 국회본회의(전체회의) (1954.09.22.),7,6,1,0,0,0,2.6,2.408318915758472,false,101.4,131.05266117099646,false,6.6,9.28977932999474,false,0.0,0.0,false,0.0,0.0,false,0.2,0.4472135954999503,false
제3대,1077,1954.09.24.,제3대국회 제19회(임시회) 제49차 국회본회의(전체회의) (1954.09.24.),4,0,0,0,0,0,4.0,2.5495097567964033,false,96.2,134.9525842657339,false,6.8,9.12140340079297,false,0.0,0.0,false,0.0,0.0,false,0.2,0.4472135954999503,false
제3대,1078,1954.09.25.,제3대국회 제19회(임시회) 제10차 예산결산위원회(전체회의) (1954.09.25.),2,0,0,0,0,0,4.8,1.3038404810405495,false,96.0,135.12956745287096,false,6.8,9.12140340079297,false,0.0,0.0,false,0.0,0.0,false,0.2,0.4472135954999503,false
제3대,1079,1954.09.27.,제3대국회 제19회(임시회) 제50차 국회본회의(전체회의) (1954.09.27.),6,0,0,0,0,0,4.4,1.8165902124585096,false,95.6,135.47988780627182,false,6.6,9.28977932999474,false,0.0,0.0,false,0.0,0.0,false,0.0,0.0,false
제3대,1080,1954.09.28.,제3대국회 제19회(임시회) 제11차 예산결산위원회(전체회의) (1954.09.28.),0,0,0,0,1,1,4.6,1.9493588689618062,false,60.8,132.6242813364129,false,4.4,9.289779329994742,false,0.0,0.0,false,0.0,0.0,true,0.0,0.0,true
제3대,1081,1954.09.29.,제3대국회 제19회(임시회) 제51차 국회본회의(전체회의) (1954.09.29.),3,3,1,0,0,1,3.8,2.8635642126552803,false,1.2,2.6832815730004254,false,0.2,0.4472135954973052,false,0.0,0.0,false,0.2,0.4472135954999579,false,0.2,0.4472135954999503,false
제3대,1082,1954.10.01.,제3대국회 제19회(임시회) 제52차 국회본회의(전체회의) (1954.10.01.),3,3,5,0,0,0,3.0,2.2360679774998027,false,0.6,1.3416407865012299,false,0.2,0.4472135954973052,true,0.0,0.0,false,0.2,0.4472135954999579,false,0.4,0.5477225575051602,false
제3대,1083,1954.10.04.,제3대국회 제19회(임시회) 제53차 국회본회의(전체회의) (1954.10.04.),0,1,0,0,0,0,2.8,2.1679483388678937,false,1.2,1.6431676725166056,false,1.2,2.16794833886733,false,0.0,0.0,false,0.2,0.4472135954999579,false,0.4,0.5477225575051602,false
제3대,1084,1954.10.05.,제3대국회 제19회(임시회) 제12차 예산결산위원회(전체회의) (1954.10.05.),0,0,0,0,0,1,2.4,2.5099800796022387,false,1.4,1.5165750888115097,false,1.2,2.16794833886733,false,0.0,0.0,false,0.2,0.4472135954999579,false,0.4,0.5477225575051602,false
제3대,1085,1954.10.06.,제3대국회 제19회(임시회) 제54차 국회본회의(전체회의) (1954.10.06.),1,1,0,0,0,0,1.2,1.6431676725155182,false,1.4,1.5165750888115097,false,1.2,2.16794833886733,false,0.0,0.0,false,0.2,0.4472135954999579,false,0.6,0.5477225575051604,false
제3대,1086,1954.10.07.,제3대국회 제19회(임시회) 제13차 예산결산위원회(전체회의) (1954.10.07.),2,0,0,0,0,0,1.4,1.5165750888103313,false,1.6,1.3416407865012299,false,1.2,2.16794833886733,false,0.0,0.0,false,0.0,0.0,false,0.4,0.5477225575051602,false
제3대,1087,1954.10.08.,제3대국회 제19회(임시회) 제55차 국회본회의(전체회의) (1954.10.08.),3,0,0,0,0,0,1.2,1.3038404810405546,false,1.0,1.2247448713930746,false,1.0,2.2360679774992573,false,0.0,0.0,false,0.0,0.0,false,0.2,0.4472135954999503,false
제3대,1088,1954.10.09.,제3대국회 제19회(임시회) 제14차 예산결산위원회(전체회의) (1954.10.09.),0,0,0,0,0,3,1.2,1.3038404810405546,false,0.4,0.547722557508488,false,0.0,0.0,false,0.0,0.0,false,0.0,0.0,false,0.2,0.4472135954999503,true
제3대,1089,1954.10.15.,제3대국회 제19회(임시회) 제15차 예산결산위원회(전체회의) (1954.10.15.),4,1,0,1,5,6,1.2,1.3038404810405546,true,0.2,0.44721359550402634,false,0.0,0.0,false,0.0,0.0,true,0.0,0.0,true,0.8,1.3038404810405275,true
제3대,1090,1954.10.15.,제3대국회 제19회(임시회) 제56차 국회본회의(전체회의) (1954.10.15.),8,0,0,0,0,0,2.0,1.5811388300842095,true,0.4,0.547722557508488,false,0.0,0.0,false,0.2,0.4472135954999577,false,1.0,2.23606797749979,false,1.8,2.683281572999747,false
제3대,1091,1954.10.16.,제3대국회 제19회(임시회) 제16차 예산결산위원회(전체회의) (1954.10.16.),8,0,0,0,2,0,3.4,2.9664793948382755,false,0.2,0.44721359550402634,false,0.0,0.0,false,0.2,0.4472135954999577,false,1.0,2.23606797749979,false,1.8,2.683281572999747,false
제3대,1092,1954.10.17.,제3대국회 제19회(임시회) 제17차 예산결산위원회(전체회의) (1954.10.17.),5,0,0,0,0,0,4.6,3.4351128074635424,false,0.2,0.44721359550402634,false,0.0,0.0,false,0.2,0.4472135954999577,false,1.4,2.1908902300206643,false,1.8,2.683281572999747,false
제3대,1093,1954.10.18.,제3대국회 제19회(임시회) 제57차 국회본회의(전체회의) (1954.10.18.),18,2,9,0,0,0,5.0,3.3166247903554087,true,0.2,0.44721359550402634,true,0.0,0.0,true,0.2,0.4472135954999577,false,1.4,2.1908902300206643,false,1.8,2.683281572999747,false
제3대,1094,1954.10.20.,제3대국회 제19회(임시회) 제58차 국회본회의(전체회의) (1954.10.20.),17,0,5,0,1,1,8.6,5.549774770204648,false,0.6,0.89442719100195,false,1.8,4.024922359499325,false,0.2,0.4472135954999577,false,1.4,2.1908902300206643,false,1.2,2.683281572999747,false
제3대,1095,1954.10.21.,제3대국회 제19회(임시회) 제59차 국회본회의(전체회의) (1954.10.21.),1,7,0,0,0,4,11.2,5.89067059000926,false,0.4,0.89442719100195,true,2.8,4.086563348340216,false,0.0,0.0,false,0.6,0.8944271909999159,false,0.2,0.4472135954999504,true
제3대,1096,1954.10.22.,제3대국회 제19회(임시회) 제60차 국회본회의(전체회의) (1954.10.22.),1,0,0,0,0,0,9.8,7.46324326281812,false,1.8,3.03315017762122,false,2.8,4.086563348340216,false,0.0,0.0,false,0.6,0.8944271909999159,false,1.0,1.7320508075688759,false
제3대,1097,1954.10.25.,제3대국회 제19회(임시회) 제61차 국회본회의(전체회의) (1954.10.25.),2,0,0,0,0,0,8.4,8.473488065725947,false,1.8,3.03315017762122,false,2.8,4.086563348340216,false,0.0,0.0,false,0.2,0.4472135954999578,false,1.0,1.7320508075688759,false
제3대,1098,1954.10.26.,제3대국회 제19회(임시회) 제62차 국회본회의(전체회의) (1954.10.26.),0,0,0,0,0,0,7.8,8.871302046486752,false,1.8,3.03315017762122,false,2.8,4.086563348340216,false,0.0,0.0,false,0.2,0.4472135954999578,false,1.0,1.7320508075688759,false
제3대,1099,1954.10.27.,제3대국회 제19회(임시회) 제63차 국회본회의(전체회의) (1954.10.27.),5,0,0,0,0,3,4.2,7.190271204899023,false,1.4,3.130495168500287,false,1.0,2.236067977499258,false,0.0,0.0,false,0.2,0.4472135954999578,false,1.0,1.7320508075688759,false
제3대,1100,1954.10.28.,제3대국회 제19회(임시회) 제64차 국회본회의(전체회의) (1954.10.28.),1,0,0,0,0,0,1.8,1.9235384061671474,false,1.4,3.130495168500287,false,0.0,0.0,false,0.0,0.0,false,0.0,0.0,false,1.4,1.9493588689617916,false
제3대,1101,1954.10.29.,제3대국회 제19회(임시회) 제65차 국회본회의(전체회의) (1954.10.29.),0,0,0,0,0,0,1.8,1.9235384061671474,false,0.0,1.9082797281243946e-6,false,0.0,0.0,false,0.0,0.0,false,0.0,0.0,false,0.6,1.3416407864998716,false
제3대,1102,1954.10.30.,제3대국회 제19회(임시회) 제66차 국회본회의(전체회의) (1954.10.30.),1,0,0,0,0,0,1.6,2.073644135332784,false,0.0,1.9082797281243946e-6,false,0.0,0.0,false,0.0,0.0,false,0.0,0.0,false,0.6,1.3416407864998716,false
제3대,1103,1954.11.01.,제3대국회 제19회(임시회) 제67차 국회본회의(전체회의) (1954.11.01.),0,0,0,0,0,0,1.4,2.073644135332784,false,0.0,1.9082797281243946e-6,false,0.0,0.0,false,0.0,0.0,false,0.0,0.0,false,0.6,1.3416407864998716,false
제3대,1104,1954.11.02.,제3대국회 제19회(임시회) 제18차 예산결산위원회(전체회의) (1954.11.02.),1,1,0,0,1,4,1.4,2.073644135332784,false,0.0,1.9082797281243946e-6,true,0.0,0.0,false,0.0,0.0,false,0.0,0.0,true,0.6,1.3416407864998716,true
제3대,1105,1954.11.02.,제3대국회 제19회(임시회) 제68차 국회본회의(전체회의) (1954.11.02.),0,0,0,0,0,0,0.6,0.5477225575052116,false,0.2,0.4472135955040293,false,0.0,0.0,false,0.0,0.0,false,0.2,0.4472135954999578,false,0.8,1.7888543819998302,false
제3대,1106,1954.11.03.,제3대국회 제19회(임시회) 제69차 국회본회의(전체회의) (1954.11.03.),0,0,0,0,0,0,0.4,0.5477225575052115,false,0.2,0.4472135955040293,false,0.0,0.0,false,0.0,0.0,false,0.2,0.4472135954999578,false,0.8,1.7888543819998302,false
제3대,1107,1954.11.04.,제3대국회 제19회(임시회) 제70차 국회본회의(전체회의) (1954.11.04.),1,0,1,0,0,0,0.4,0.5477225575052115,false,0.2,0.4472135955040293,false,0.0,0.0,true,0.0,0.0,false,0.2,0.4472135954999578,false,0.8,1.7888543819998302,false
제3대,1108,1954.11.05.,제3대국회 제19회(임시회) 제71차 국회본회의(전체회의) (1954.11.05.),0,0,2,0,0,0,0.4,0.5477225575052115,false,0.2,0.4472135955040293,false,0.2,0.4472135954973072,true,0.0,0.0,false,0.2,0.4472135954999578,false,0.8,1.7888543819998302,false
제3대,1109,1954.11.06.,제3대국회 제19회(임시회) 제72차 국회본회의(전체회의) (1954.11.06.),2,0,2,0,0,0,0.4,0.5477225575052115,true,0.2,0.4472135955040293,false,0.6,0.8944271909985881,false,0.0,0.0,false,0.2,0.4472135954999578,false,0.8,1.7888543819998302,false
제3대,1110,1954.11.08.,제3대국회 제19회(임시회) 제73차 국회본회의(전체회의) (1954.11.08.),0,0,0,0,0,0,0.6,0.8944271909999437,false,0.0,1.9082797281243946e-6,false,1.0,0.9999999999988103,false,0.0,0.0,false,0.0,0.0,false,0.0,0.0,false
제3대,1111,1954.11.09.,제3대국회 제19회(임시회) 제74차 국회본회의(전체회의) (1954.11.09.),0,0,0,0,0,0,0.6,0.8944271909999437,false,0.0,1.9082797281243946e-6,false,1.0,0.9999999999988103,false,0.0,0.0,false,0.0,0.0,false,0.0,0.0,false
제3대,1112,1954.11.10.,제3대국회 제19회(임시회) 제75차 국회본회의(전체회의) (1954.11.10.),1,0,0,0,0,0,0.6,0.8944271909999437,false,0.0,1.9082797281243946e-6,false,1.0,0.9999999999988103,false,0.0,0.0,false,0.0,0.0,false,0.0,0.0,false
제3대,1113,1954.11.11.,제3대국회 제19회(임시회) 제19차 예산결산위원회(전체회의) (1954.11.11.),5,0,0,0,0,0,0.6,0.8944271909999437,true,0.0,1.9082797281243946e-6,false,0.8,1.0954451150092472,false,0.0,0.0,false,0.0,0.0,false,0.0,0.0,false
제3대,1114,1954.11.11.,제3대국회 제19회(임시회) 제76차 국회본회의(전체회의) (1954.11.11.),0,0,2,0,0,0,1.6,2.0736441353327844,false,0.0,1.9082797281243946e-6,false,0.4,0.8944271909985892,false,0.0,0.0,false,0.0,0.0,false,0.0,0.0,false
제3대,1115,1954.11.12.,제3대국회 제19회(임시회) 제77차 국회본회의(전체회의) (1954.11.12.),6,0,0,0,0,0,1.2,2.1679483388678915,true,0.0,1.9082797281243946e-6,false,0.4,0.8944271909985892,false,0.0,0.0,false,0.0,0.0,false,0.0,0.0,false
제3대,1116,1954.11.13.,제3대국회 제19회(임시회) 제78차 국회본회의(전체회의) (1954.11.13.),0,0,0,0,0,0,2.4,2.8809720581775955,false,0.0,1.9082797281243946e-6,false,0.4,0.8944271909985892,false,0.0,0.0,false,0.0,0.0,false,0.0,0.0,false
제3대,1117,1954.11.15.,제3대국회 제19회(임시회) 제79차 국회본회의(전체회의) (1954.11.15.),0,4,1,0,0,0,2.4,2.8809720581775955,false,0.0,1.9082797281243946e-6,true,0.4,0.8944271909985892,false,0.0,0.0,false,0.0,0.0,false,0.0,0.0,false
제3대,1118,1954.11.16.,제3대국회 제19회(임시회) 제80차 국회본회의(전체회의) (1954.11.16.),4,1,0,0,0,0,2.2,3.0331501776206284,false,0.8,1.7888543820008496,false,0.6,0.8944271909985881,false,0.0,0.0,false,0.0,0.0,false,0.0,0.0,false
제3대,1119,1954.11.17.,제3대국회 제19회(임시회) 제81차 국회본회의(전체회의) (1954.11.17.),1,0,0,0,0,0,2.0,2.8284271247461987,false,1.0,1.7320508075699286,false,0.6,0.8944271909985881,false,0.0,0.0,false,0.0,0.0,false,0.0,0.0,false
제3대,1120,1954.11.18.,제3대국회 제19회(임시회) 제82차 국회본회의(전체회의) (1954.11.18.),1,0,1,0,0,0,2.2,2.683281572999757,false,1.0,1.7320508075699286,false,0.2,0.4472135954973072,false,0.0,0.0,false,0.0,0.0,false,0.0,0.0,false
제3대,1121,1954.11.19.,제3대국회 제19회(임시회) 제83차 국회본회의(전체회의) (1954.11.19.),0,0,0,0,0,0,1.2,1.6431676725155129,false,1.0,1.7320508075699286,false,0.4,0.5477225575029998,false,0.0,0.0,false,0.0,0.0,false,0.0,0.0,false
제3대,1122,1954.11.20.,제3대국회 제19회(임시회) 제84차 국회본회의(전체회의) (1954.11.20.),2,0,0,0,0,0,1.2,1.6431676725155129,false,1.0,1.7320508075699286,false,0.4,0.5477225575029998,false,0.0,0.0,false,0.0,0.0,false,0.0,0.0,false
제3대,1123,1954.11.22.,제3대국회 제19회(임시회) 제85차 국회본회의(전체회의) (1954.11.22.),0,0,1,0,0,0,1.6,1.5165750888103262,false,0.2,0.4472135955040293,false,0.2,0.4472135954973072,false,0.0,0.0,false,0.0,0.0,false,0.0,0.0,false
제3대,1124,1954.11.23.,제3대국회 제19회(임시회) 제86차 국회본회의(전체회의) (1954.11.23.),0,0,6,0,0,0,0.8,0.8366600265341038,false,0.0,1.9082797281243946e-6,false,0.4,0.5477225575029998,true,0.0,0.0,false,0.0,0.0,false,0.0,0.0,false
제3대,1125,1954.11.24.,제3대국회 제19회(임시회) 제87차 국회본회의(전체회의) (1954.11.24.),1,0,0,0,0,0,0.6,0.8944271909999421,false,0.0,1.9082797281243946e-6,false,1.6,2.509980079601751,false,0.0,0.0,false,0.0,0.0,false,0.0,0.0,false
제3대,1126,1954.11.25.,제3대국회 제19회(임시회) 제88차 국회본회의(전체회의) (1954.11.25.),0,0,0,0,0,0,0.6,0.8944271909999421,false,0.0,1.9082797281243946e-6,false,1.4,2.6076809620806025,false,0.0,0.0,false,0.0,0.0,false,0.0,0.0,false
제3대,1127,1954.11.26.,제3대국회 제19회(임시회) 제89차 국회본회의(전체회의) (1954.11.26.),8,0,3,0,0,0,0.6,0.8944271909999421,true,0.0,1.9082797281243946e-6,false,1.4,2.6076809620806025,false,0.0,0.0,false,0.0,0.0,false,0.0,0.0,false
제3대,1128,1954.11.27.,제3대국회 제19회(임시회) 제90차 국회본회의(전체회의) (1954.11.27.),2,0,8,0,0,0,1.8,3.4928498393146032,false,0.0,1.9082797281243946e-6,false,2.0,2.5495097567959233,true,0.0,0.0,false,0.0,0.0,false,0.0,0.0,false
제3대,1129,1954.11.29.,제3대국회 제19회(임시회) 제91차 국회본회의(전체회의) (1954.11.29.),0,0,0,0,0,0,2.2,3.3466401061363094,false,0.0,1.9082797281243946e-6,false,3.4,3.5777087639993277,false,0.0,0.0,false,0.0,0.0,false,0.0,0.0,false
제3대,1130,1954.11.30.,제3대국회 제19회(임시회) 제92차 국회본회의(전체회의) (1954.11.30.),0,0,0,0,0,0,2.2,3.3466401061363094,false,0.0,1.9082797281243946e-6,false,2.2,3.4928498393142537,false,0.0,0.0,false,0.0,0.0,false,0.0,0.0,false
제3대,1131,1954.12.01.,제3대국회 제19회(임시회) 제93차 국회본회의(전체회의) (1954.12.01.),5,0,0,0,0,0,2.0,3.464101615137762,false,0.0,1.9082797281243946e-6,false,2.2,3.4928498393142537,false,0.0,0.0,false,0.0,0.0,false,0.0,0.0,false
제3대,1132,1954.12.02.,제3대국회 제19회(임시회) 제94차 국회본회의(전체회의) (1954.12.02.),0,0,0,0,0,0,3.0,3.464101615137762,false,0.0,1.9082797281243946e-6,false,2.2,3.4928498393142537,false,0.0,0.0,false,0.0,0.0,false,0.0,0.0,false
제3대,1133,1954.12.03.,제3대국회 제19회(임시회) 제95차 국회본회의(전체회의) (1954.12.03.),0,0,4,0,0,0,1.4,2.1908902300206754,false,0.0,1.9082797281243946e-6,false,1.6,3.5777087639993304,false,0.0,0.0,false,0.0,0.0,false,0.0,0.0,false
제3대,1134,1954.12.04.,제3대국회 제19회(임시회) 제96차 국회본회의(전체회의) (1954.12.04.),0,0,0,0,0,0,1.0,2.2360679774998,false,0.0,1.9082797281243946e-6,false,0.8,1.7888543819991676,false,0.0,0.0,false,0.0,0.0,false,0.0,0.0,false
제3대,1135,1954.12.06.,제3대국회 제19회(임시회) 제97차 국회본회의(전체회의) (1954.12.06.),0,0,0,0,0,0,1.0,2.2360679774998,false,0.0,1.9082797281243946e-6,false,0.8,1.7888543819991676,false,0.0,0.0,false,0.0,0.0,false,0.0,0.0,false
제3대,1136,1954.12.07.,제3대국회 제19회(임시회) 제98차 국회본회의(전체회의) (1954.12.07.),0,0,5,0,0,0,1.0,2.2360679774998,false,0.0,1.9082797281243946e-6,false,0.8,1.7888543819991676,true,0.0,0.0,false,0.0,0.0,false,0.0,0.0,false
제3대,1137,1954.12.08.,제3대국회 제19회(임시회) 제99차 국회본회의(전체회의) (1954.12.08.),0,0,0,0,0,0,0.0,2.086162567138672e-7,false,0.0,1.9082797281243946e-6,false,1.8,2.489979919597267,false,0.0,0.0,false,0.0,0.0,false,0.0,0.0,false
제3대,1138,1954.12.09.,제3대국회 제19회(임시회) 제100차 국회본회의(전체회의) (1954.12.09.),2,0,0,0,0,1,0.0,2.086162567138672e-7,true,0.0,1.9082797281243946e-6,false,1.8,2.489979919597267,false,0.0,0.0,false,0.0,0.0,false,0.0,0.0,true
제3대,1139,1954.12.10.,제3대국회 제19회(임시회) 제101차 국회본회의(전체회의) (1954.12.10.),0,0,0,0,0,0,0.4,0.8944271909999408,false,0.0,1.9082797281243946e-6,false,1.0,2.236067977499258,false,0.0,0.0,false,0.0,0.0,false,0.2,0.4472135954999504,false
제3대,1140,1954.12.13.,제3대국회 제19회(임시회) 제102차 국회본회의(전체회의) (1954.12.13.),0,0,1,0,0,0,0.4,0.8944271909999408,false,0.0,1.9082797281243946e-6,false,1.0,2.236067977499258,false,0.0,0.0,false,0.0,0.0,false,0.2,0.4472135954999504,false
제3대,1141,1954.12.14.,제3대국회 제19회(임시회) 제103차 국회본회의(전체회의) (1954.12.14.),0,1,0,0,0,0,0.4,0.8944271909999408,false,0.0,1.9082797281243946e-6,true,1.2,2.1679483388673306,false,0.0,0.0,false,0.0,0.0,false,0.2,0.4472135954999504,false
제3대,1142,1954.12.15.,제3대국회 제19회(임시회) 제104차 국회본회의(전체회의) (1954.12.15.),7,0,2,0,0,0,0.4,0.8944271909999408,true,0.2,0.4472135955040293,false,0.2,0.44721359549730716,true,0.0,0.0,false,0.0,0.0,false,0.2,0.4472135954999504,false
제3대,1143,1954.12.16.,제3대국회 제19회(임시회) 제105차 국회본회의(전체회의) (1954.12.16.),1,0,0,0,0,0,1.8,3.0331501776206284,false,0.2,0.4472135955040293,false,0.6,0.8944271909985881,false,0.0,0.0,false,0.0,0.0,false,0.2,0.4472135954999504,false
제3대,1144,1954.12.16.,제3대국회 제19회(임시회) 제20차 예산결산위원회(전체회의) (1954.12.16.),1,1,0,0,0,0,1.6,3.049590136395389,false,0.2,0.4472135955040293,false,0.6,0.8944271909985881,false,0.0,0.0,false,0.0,0.0,false,0.0,0.0,false
제3대,1145,1954.12.17.,제3대국회 제19회(임시회) 제106차 국회본회의(전체회의) (1954.12.17.),0,1,0,0,0,0,1.8,2.9495762407505333,false,0.4,0.5477225575084903,false,0.6,0.8944271909985881,false,0.0,0.0,false,0.0,0.0,false,0.0,0.0,false
제3대,1146,1954.12.17.,제3대국회 제19회(임시회) 제21차 예산결산위원회(전체회의) (1954.12.17.),4,1,0,0,0,0,1.8,2.9495762407505333,false,0.6,0.5477225575084903,false,0.4,0.8944271909985894,false,0.0,0.0,false,0.0,0.0,false,0.0,0.0,false
제3대,1147,1954.12.18.,제3대국회 제19회(임시회) 제107차 국회본회의(전체회의) (1954.12.18.),5,0,4,0,0,0,2.6,2.8809720581775955,false,0.6,0.5477225575084903,false,0.4,0.8944271909985894,true,0.0,0.0,false,0.0,0.0,false,0.0,0.0,false
제3대,1148,1954.12.18.,제3대국회 제19회(임시회) 제22차 예산결산위원회(전체회의) (1954.12.18.),8,0,0,0,0,0,2.2,2.167948338867891,true,0.6,0.5477225575084903,false,0.8,1.7888543819991671,false,0.0,0.0,false,0.0,0.0,false,0.0,0.0,false
제3대,1149,1954.12.20.,제3대국회 제19회(임시회) 제108차 국회본회의(전체회의) (1954.12.20.),0,0,0,0,0,0,3.6,3.209361307176251,false,0.6,0.5477225575084903,false,0.8,1.7888543819991671,false,0.0,0.0,false,0.0,0.0,false,0.0,0.0,false
제3대,1150,1954.12.21.,제3대국회 제19회(임시회) 제109차 국회본회의(전체회의) (1954.12.21.),3,2,0,0,0,0,3.4,3.4351128074635415,false,0.4,0.5477225575084903,true,0.8,1.7888543819991671,false,0.0,0.0,false,0.0,0.0,false,0.0,0.0,false
제3대,1151,1954.12.21.,제3대국회 제19회(임시회) 제23차 예산결산위원회(전체회의) (1954.12.21.),12,0,0,0,3,0,4.0,2.91547594742266,true,0.6,0.8944271910019516,false,0.8,1.7888543819991671,false,0.0,0.0,false,0.0,0.0,true,0.0,0.0,false
제3대,1152,1954.12.22.,제3대국회 제19회(임시회) 제110차 국회본회의(전체회의) (1954.12.22.),6,0,6,0,0,0,5.6,4.615192303685737,false,0.4,0.8944271910019516,false,0.8,1.7888543819991671,true,0.0,0.0,false,0.6,1.3416407864998738,false,0.0,0.0,false
제3대,1153,1954.12.23.,제3대국회 제19회(임시회) 제111차 국회본회의(전체회의) (1954.12.23.),2,0,6,0,0,0,5.8,4.604345773288542,false,0.4,0.8944271910019516,false,1.2,2.683281572999304,false,0.0,0.0,false,0.6,1.3416407864998738,false,0.0,0.0,false
제3대,1154,1954.12.24.,제3대국회 제19회(임시회) 제112차 국회본회의(전체회의) (1954.12.24.),3,0,17,0,0,0,4.6,4.669047011971506,false,0.4,0.8944271910019516,false,2.4,3.2863353450306323,true,0.0,0.0,false,0.6,1.3416407864998738,false,0.0,0.0,false
제3대,1155,1954.12.27.,제3대국회 제19회(임시회) 제113차 국회본회의(전체회의) (1954.12.27.),8,0,0,0,0,0,5.2,4.086563348340516,false,0.4,0.8944271910019516,false,5.8,6.942621983083737,false,0.0,0.0,false,0.6,1.3416407864998738,false,0.0,0.0,false
제3대,1156,1954.12.28.,제3대국회 제19회(임시회) 제114차 국회본회의(전체회의) (1954.12.28.),0,0,0,0,0,0,6.2,4.024922359499629,false,0.0,1.9082506382726695e-6,false,5.8,6.942621983083737,false,0.0,0.0,false,0.6,1.3416407864998738,false,0.0,0.0,false
제3대,1157,1954.12.29.,제3대국회 제19회(임시회) 제115차 국회본회의(전체회의) (1954.12.29.),3,1,15,0,0,0,3.8,3.1937438845342707,false,0.0,1.9082506382726695e-6,true,5.8,6.942621983083737,false,0.0,0.0,false,0.0,0.0,false,0.0,0.0,false
제3대,1158,1955.01.10.,제3대국회 제19회(임시회) 제116차 국회본회의(전체회의) (1955.01.10.),4,0,6,0,0,0,3.2,2.9495762407505333,false,0.2,0.44721359550402917,false,7.6,8.080841540334617,false,0.0,0.0,false,0.0,0.0,false,0.0,0.0,false
제3대,1159,1955.01.11.,제3대국회 제19회(임시회) 제117차 국회본회의(전체회의) (1955.01.11.),31,1,6,0,0,0,3.6,2.8809720581775955,true,0.2,0.44721359550402917,false,7.6,8.080841540334617,false,0.0,0.0,false,0.0,0.0,false,0.0,0.0,false
제3대,1160,1955.01.12.,제3대국회 제19회(임시회) 제118차 국회본회의(전체회의) (1955.01.12.),14,0,0,0,0,0,9.2,12.517987058628878,false,0.4,0.5477225575084903,false,5.4,6.148170459575561,false,0.0,0.0,false,0.0,0.0,false,0.0,0.0,false
제3대,1161,1955.01.13.,제3대국회 제19회(임시회) 제119차 국회본회의(전체회의) (1955.01.13.),17,0,0,0,0,0,10.4,12.660963628413127,false,0.4,0.5477225575084903,false,5.4,6.148170459575561,false,0.0,0.0,false,0.0,0.0,false,0.0,0.0,false
제3대,1162,1955.01.14.,제3대국회 제19회(임시회) 제120차 국회본회의(전체회의) (1955.01.14.),2,0,0,0,0,0,13.8,11.388590782006354,false,0.4,0.5477225575084903,false,5.4,6.148170459575561,false,0.0,0.0,false,0.0,0.0,false,0.0,0.0,false
제3대,1163,1955.01.14.,제3대국회 제19회(임시회) 제24차 예산결산위원회(전체회의) (1955.01.14.),0,0,0,0,0,0,13.6,11.63185281887628,false,0.2,0.44721359550402917,false,2.4,3.286335345030631,false,0.0,0.0,false,0.0,0.0,false,0.0,0.0,false
제3대,1164,1955.01.15.,제3대국회 제19회(임시회) 제121차 국회본회의(전체회의) (1955.01.15.),0,0,0,0,0,0,12.8,12.557866060760485,false,0.2,0.44721359550402917,false,1.2,2.6832815729993023,false,0.0,0.0,false,0.0,0.0,false,0.0,0.0,false
제3대,1165,1955.01.17.,제3대국회 제19회(임시회) 제122차 국회본회의(전체회의) (1955.01.17.),13,0,6,0,0,0,6.6,8.234075540095565,false,0.0,1.9082506382726695e-6,false,0.0,0.0,true,0.0,0.0,false,0.0,0.0,false,0.0,0.0,false
제3대,1166,1955.01.18.,제3대국회 제19회(임시회) 제123차 국회본회의(전체회의) (1955.01.18.),15,1,6,0,0,0,6.4,8.018728078691787,false,0.0,1.9082506382726695e-6,true,1.2,2.6832815729993023,false,0.0,0.0,false,0.0,0.0,false,0.0,0.0,false
제3대,1167,1955.01.19.,제3대국회 제19회(임시회) 제124차 국회본회의(전체회의) (1955.01.19.),11,0,0,0,0,0,6.0,7.3824115301167055,false,0.2,0.44721359550402917,false,2.4,3.2863353450306314,false,0.0,0.0,false,0.0,0.0,false,0.0,0.0,false
제3대,1168,1955.01.20.,제3대국회 제19회(임시회) 제125차 국회본회의(전체회의) (1955.01.20.),68,0,10,0,0,0,7.8,7.259476565152619,true,0.2,0.44721359550402917,false,2.4,3.2863353450306314,true,0.0,0.0,false,0.0,0.0,false,0.0,0.0,false
제3대,1169,1955.01.20.,제3대국회 제19회(임시회) 제25차 예산결산위원회(전체회의) (1955.01.20.),0,0,0,3,0,0,21.4,26.68894902389377,false,0.2,0.44721359550402917,false,4.4,4.335896677735481,false,0.0,0.0,true,0.0,0.0,false,0.0,0.0,false
제3대,1170,1955.01.21.,제3대국회 제19회(임시회) 제126차 국회본회의(전체회의) (1955.01.21.),6,1,3,0,0,0,21.4,26.68894902389377,false,0.2,0.44721359550402917,false,4.4,4.335896677735481,false,0.6,1.3416407864998736,false,0.0,0.0,false,0.0,0.0,false
제3대,1171,1955.01.22.,제3대국회 제19회(임시회) 제127차 국회본회의(전체회의) (1955.01.22.),0,0,1,0,0,0,20.0,27.413500323745602,false,0.4,0.5477225575084903,false,3.8,4.266145801540025,false,0.6,1.3416407864998736,false,0.0,0.0,false,0.0,0.0,false
제3대,1172,1955.01.24.,제3대국회 제19회(임시회) 제128차 국회본회의(전체회의) (1955.01.24.),2,0,0,0,0,1,17.0,28.879058156387305,false,0.2,0.44721359550402917,false,2.8,4.20713679359224,false,0.6,1.3416407864998736,false,0.0,0.0,false,0.0,0.0,true
제3대,1173,1955.01.25.,제3대국회 제19회(임시회) 제129차 국회본회의(전체회의) (1955.01.25.),5,1,0,0,0,0,15.2,29.617562357493235,false,0.2,0.44721359550402917,false,2.8,4.20713679359224,false,0.6,1.3416407864998736,false,0.0,0.0,false,0.2,0.4472135954999504,false
제3대,1174,1955.01.26.,제3대국회 제19회(임시회) 제130차 국회본회의(전체회의) (1955.01.26.),0,0,3,0,0,0,2.6,2.7928480087538494,false,0.4,0.5477225575084903,false,0.8,1.3038404810396165,false,0.6,1.3416407864998736,false,0.0,0.0,false,0.2,0.4472135954999504,false
제3대,1175,1955.01.26.,제3대국회 제19회(임시회) 제26차 예산결산위원회(전체회의) (1955.01.26.),0,0,0,0,0,0,2.6,2.7928480087538494,false,0.4,0.5477225575084903,false,1.4,1.5165750888095229,false,0.0,0.0,false,0.0,0.0,false,0.2,0.4472135954999504,false
제3대,1176,1955.01.27.,제3대국회 제19회(임시회) 제131차 국회본회의(전체회의) (1955.01.27.),6,5,2,0,0,0,1.4,2.1908902300207425,true,0.2,0.44721359550402917,true,0.8,1.3038404810396165,false,0.0,0.0,false,0.0,0.0,false,0.2,0.4472135954999504,false
제3대,1177,1955.01.27.,제3대국회 제19회(임시회) 제27차 예산결산위원회(전체회의) (1955.01.27.),2,0,0,2,0,0,2.6,2.7928480087538494,false,1.2,2.1679483388687197,false,1.0,1.4142135623722523,false,0.0,0.0,true,0.0,0.0,false,0.2,0.4472135954999504,false
제3대,1178,1955.02.11.,제3대국회 제19회(임시회) 폐회식 국회본회의(전체회의) (1955.02.11.),0,2,2,0,0,0,2.6,2.7928480087538494,false,1.2,2.1679483388687197,false,1.0,1.4142135623722523,false,0.4,0.8944271909999157,false,0.0,0.0,false,0.0,0.0,false
제3대,1179,1955.02.21.,제3대국회 제20회(정기회) 개회식 국회본회의(전체회의) (1955.02.21.),0,0,0,0,0,0,1.6,2.607680962081125,false,1.4,2.1908902300214956,false,1.4,1.3416407864989839,false,0.4,0.8944271909999157,false,0.0,0.0,false,0.0,0.0,false
제3대,1180,1955.02.22.,제3대국회 제20회(정기회) 제1차 국회본회의(전체회의) (1955.02.22.),0,0,7,0,0,0,1.6,2.607680962081125,false,1.4,2.1908902300214956,false,0.8,1.0954451150092452,true,0.4,0.8944271909999157,false,0.0,0.0,false,0.0,0.0,false
제3대,1181,1955.02.28.,제3대국회 제20회(정기회) 제2차 국회본회의(전체회의) (1955.02.28.),3,0,0,0,0,0,1.6,2.607680962081125,false,1.4,2.1908902300214956,false,2.2,2.863564212654852,false,0.4,0.8944271909999157,false,0.0,0.0,false,0.0,0.0,false
제3대,1182,1955.03.02.,제3대국회 제20회(정기회) 제3차 국회본회의(전체회의) (1955.03.02.),0,0,0,0,0,0,1.0,1.4142135623732157,false,0.4,0.8944271910019516,false,1.8,3.0331501776202257,false,0.4,0.8944271909999157,false,0.0,0.0,false,0.0,0.0,false
제3대,1183,1955.03.03.,제3대국회 제20회(정기회) 제4차 국회본회의(전체회의) (1955.03.03.),0,0,0,0,0,0,0.6,1.3416407865000008,false,0.4,0.8944271910019516,false,1.8,3.0331501776202257,false,0.0,0.0,false,0.0,0.0,false,0.0,0.0,false
제3대,1184,1955.03.04.,제3대국회 제20회(정기회) 제5차 국회본회의(전체회의) (1955.03.04.),3,0,0,1,0,0,0.6,1.3416407865000008,false,0.0,1.9082506382726695e-6,false,1.4,3.130495168499324,false,0.0,0.0,true,0.0,0.0,false,0.0,0.0,false
제3대,1185,1955.03.05.,제3대국회 제20회(정기회) 제6차 국회본회의(전체회의) (1955.03.05.),0,0,0,0,0,0,1.2,1.6431676725156021,false,0.0,1.9082506382726695e-6,false,1.4,3.130495168499324,false,0.2,0.4472135954999577,false,0.0,0.0,false,0.0,0.0,false
제3대,1186,1955.03.07.,제3대국회 제20회(정기회) 제7차 국회본회의(전체회의) (1955.03.07.),0,0,0,0,0,0,1.2,1.6431676725156021,false,0.0,1.9082506382726695e-6,false,0.0,0.0,false,0.2,0.4472135954999577,false,0.0,0.0,false,0.0,0.0,false
제3대,1187,1955.03.08.,제3대국회 제20회(정기회) 제1차 예산결산위원회(전체회의) (1955.03.08.),0,0,0,0,0,0,0.6,1.341640786500001,false,0.0,1.9082506382726695e-6,false,0.0,0.0,false,0.2,0.4472135954999577,false,0.0,0.0,false,0.0,0.0,false
제3대,1188,1955.03.08.,제3대국회 제20회(정기회) 제8차 국회본회의(전체회의) (1955.03.08.),1,0,11,1,0,0,0.6,1.341640786500001,false,0.0,1.9082506382726695e-6,false,0.0,0.0,true,0.2,0.4472135954999577,false,0.0,0.0,false,0.0,0.0,false
제3대,1189,1955.03.09.,제3대국회 제20회(정기회) 제9차 국회본회의(전체회의) (1955.03.09.),0,0,0,0,0,0,0.8,1.3038404810406605,false,0.0,1.9082506382726695e-6,false,2.2,4.919349550499294,false,0.4,0.5477225575051659,false,0.0,0.0,false,0.0,0.0,false
제3대,1190,1955.03.10.,제3대국회 제20회(정기회) 제10차 국회본회의(전체회의) (1955.03.10.),4,9,2,0,1,0,0.2,0.4472135955003393,true,0.0,1.9082506382726695e-6,true,2.2,4.919349550499294,false,0.2,0.4472135954999577,false,0.0,0.0,true,0.0,0.0,false
제3대,1191,1955.03.11.,제3대국회 제20회(정기회) 제11차 국회본회의(전체회의) (1955.03.11.),0,0,0,0,0,0,1.0,1.7320508075689758,false,1.8,4.024922359500073,false,2.6,4.774934554525077,false,0.2,0.4472135954999577,false,0.2,0.4472135954999578,false,0.0,0.0,false
제3대,1192,1955.03.15.,제3대국회 제20회(정기회) 제12차 국회본회의(전체회의) (1955.03.15.),1,0,0,0,0,0,1.0,1.7320508075689758,false,1.8,4.024922359500073,false,2.6,4.774934554525077,false,0.2,0.4472135954999577,false,0.2,0.4472135954999578,false,0.0,0.0,false
제3대,1193,1955.03.16.,제3대국회 제20회(정기회) 제13차 국회본회의(전체회의) (1955.03.16.),0,0,0,0,0,0,1.2,1.6431676725156021,false,1.8,4.024922359500073,false,2.6,4.774934554525077,false,0.2,0.4472135954999577,false,0.2,0.4472135954999578,false,0.0,0.0,false
제3대,1194,1955.03.17.,제3대국회 제20회(정기회) 제14차 국회본회의(전체회의) (1955.03.17.),0,0,0,0,0,0,1.0,1.7320508075689758,false,1.8,4.024922359500073,false,0.4,0.8944271909985858,false,0.0,0.0,false,0.2,0.4472135954999578,false,0.0,0.0,false
제3대,1195,1955.03.18.,제3대국회 제20회(정기회) 제15차 국회본회의(전체회의) (1955.03.18.),0,0,0,0,0,0,1.0,1.7320508075689758,false,1.8,4.024922359500073,false,0.4,0.8944271909985858,false,0.0,0.0,false,0.2,0.4472135954999578,false,0.0,0.0,false
제3대,1196,1955.03.19.,제3대국회 제20회(정기회) 제16차 국회본회의(전체회의) (1955.03.19.),1,0,0,0,0,0,0.2,0.4472135955003393,false,0.0,1.9082797281243946e-6,false,0.0,0.0,false,0.0,0.0,false,0.0,0.0,false,0.0,0.0,false
제3대,1197,1955.03.21.,제3대국회 제20회(정기회) 제17차 국회본회의(전체회의) (1955.03.21.),2,0,0,0,0,0,0.4,0.5477225575054775,true,0.0,1.9082797281243946e-6,false,0.0,0.0,false,0.0,0.0,false,0.0,0.0,false,0.0,0.0,false
제3대,1198,1955.03.23.,제3대국회 제20회(정기회) 제18차 국회본회의(전체회의) (1955.03.23.),4,0,1,0,0,0,0.6,0.8944271910001065,true,0.0,1.9082797281243946e-6,false,0.0,0.0,true,0.0,0.0,false,0.0,0.0,false,0.0,0.0,false
제3대,1199,1955.03.24.,제3대국회 제20회(정기회) 제19차 국회본회의(전체회의) (1955.03.24.),2,0,0,0,0,0,1.4,1.673320053068253,false,0.0,1.9082797281243946e-6,false,0.2,0.4472135954973002,false,0.0,0.0,false,0.0,0.0,false,0.0,0.0,false
제3대,1200,1955.03.25.,제3대국회 제20회(정기회) 제20차 국회본회의(전체회의) (1955.03.25.),0,0,0,0,0,0,1.8,1.4832396974192477,false,0.0,1.9082797281243946e-6,false,0.2,0.4472135954973002,false,0.0,0.0,false,0.0,0.0,false,0.0,0.0,false
제3대,1201,1955.03.28.,제3대국회 제20회(정기회) 제21차 국회본회의(전체회의) (1955.03.28.),6,1,1,0,0,0,1.8,1.4832396974192477,true,0.0,1.9082797281243946e-6,true,0.2,0.4472135954973002,false,0.0,0.0,false,0.0,0.0,false,0.0,0.0,false
제3대,1202,1955.03.29.,제3대국회 제20회(정기회) 제22차 국회본회의(전체회의) (1955.03.29.),2,0,0,0,1,0,2.8,2.280350850198351,false,0.2,0.4472135955040293,false,0.4,0.5477225575029941,false,0.0,0.0,false,0.0,0.0,true,0.0,0.0,false
제3대,1203,1955.03.30.,제3대국회 제20회(정기회) 제23차 국회본회의(전체회의) (1955.03.30.),6,0,0,0,0,0,2.8,2.280350850198351,false,0.2,0.4472135955040293,false,0.4,0.5477225575029941,false,0.0,0.0,false,0.2,0.4472135954999578,false,0.0,0.0,false
제3대,1204,1955.03.30.,제3대국회 제20회(정기회) 제2차 예산결산위원회(전체회의) (1955.03.30.),0,0,0,0,0,0,3.2,2.683281572999811,false,0.2,0.4472135955040293,false,0.2,0.4472135954973002,false,0.0,0.0,false,0.2,0.4472135954999578,false,0.0,0.0,false
제3대,1205,1955.03.31.,제3대국회 제20회(정기회) 제24차 국회본회의(전체회의) (1955.03.31.),0,5,1,0,0,0,2.8,3.0331501776206764,false,0.2,0.4472135955040293,true,0.2,0.4472135954973002,false,0.0,0.0,false,0.2,0.4472135954999578,false,0.0,0.0,false
제3대,1206,1955.04.01.,제3대국회 제20회(정기회) 제25차 국회본회의(전체회의) (1955.04.01.),1,0,0,1,0,0,2.8,3.0331501776206764,false,1.2,2.1679483388687197,false,0.4,0.5477225575029941,false,0.0,0.0,true,0.2,0.4472135954999578,false,0.0,0.0,false
제3대,1207,1955.04.02.,제3대국회 제20회(정기회) 제26차 국회본회의(전체회의) (1955.04.02.),5,0,0,0,0,0,1.8,2.489979919597815,false,1.0,2.236067977500604,false,0.2,0.4472135954973002,false,0.2,0.4472135954999577,false,0.2,0.4472135954999578,false,0.0,0.0,false
제3대,1208,1955.04.04.,제3대국회 제20회(정기회) 제27차 국회본회의(전체회의) (1955.04.04.),4,0,0,0,0,0,2.4,2.880972058177646,false,1.0,2.236067977500604,false,0.2,0.4472135954973002,false,0.2,0.4472135954999577,false,0.0,0.0,false,0.0,0.0,false
제3대,1209,1955.04.16.,제3대국회 제20회(정기회) 제28차 국회본회의(전체회의) (1955.04.16.),12,0,0,4,0,0,2.0,2.3452078799117877,true,1.0,2.236067977500604,false,0.2,0.4472135954973002,false,0.2,0.4472135954999577,true,0.0,0.0,false,0.0,0.0,false
제3대,1210,1955.04.18.,제3대국회 제20회(정기회) 제29차 국회본회의(전체회의) (1955.04.18.),9,0,0,1,0,0,4.4,4.722287581247074,false,1.0,2.236067977500604,false,0.2,0.4472135954973002,false,1.0,1.7320508075688772,false,0.0,0.0,false,0.0,0.0,false
제3대,1211,1955.04.19.,제3대국회 제20회(정기회) 제30차 국회본회의(전체회의) (1955.04.19.),12,0,0,0,0,1,6.2,4.32434966208797,false,0.0,1.9082797281243946e-6,false,0.0,0.0,false,1.2,1.6431676725154984,false,0.0,0.0,false,0.0,0.0,true
제3대,1212,1955.04.20.,제3대국회 제20회(정기회) 제31차 국회본회의(전체회의) (1955.04.20.),53,0,6,0,0,0,8.4,3.781534080237852,true,0.0,1.9082797281243946e-6,false,0.0,0.0,true,1.0,1.7320508075688772,false,0.0,0.0,false,0.2,0.4472135954999504,false
제3대,1213,1955.04.21.,제3대국회 제20회(정기회) 제32차 국회본회의(전체회의) (1955.04.21.),1,0,0,0,0,6,18.0,19.83683442487738,false,0.0,1.9082797281243946e-6,false,1.2,2.6832815729993027,false,1.0,1.7320508075688772,false,0.0,0.0,false,0.2,0.4472135954999504,true
제3대,1214,1955.04.22.,제3대국회 제20회(정기회) 제33차 국회본회의(전체회의) (1955.04.22.),6,1,0,0,0,0,17.4,20.403431084011345,false,0.0,1.9082797281243946e-6,true,1.2,2.6832815729993027,false,1.0,1.7320508075688772,false,0.0,0.0,false,1.4,2.6076809620810586,false
제3대,1215,1955.04.23.,제3대국회 제20회(정기회) 제34차 국회본회의(전체회의) (1955.04.23.),26,0,5,0,0,3,16.2,20.969024774652738,false,0.2,0.4472135955040293,false,1.2,2.6832815729993027,false,0.2,0.4472135954999579,false,0.0,0.0,false,1.4,2.6076809620810586,false
제3대,1216,1955.04.25.,제3대국회 제20회(정기회) 제35차 국회본회의(전체회의) (1955.04.25.),3,3,1,0,0,2,19.6,20.887795479657502,false,0.2,0.4472135955040293,true,2.2,3.0331501776202248,false,0.0,0.0,false,0.0,0.0,false,2.0,2.549509756796392,false
제3대,1217,1955.04.26.,제3대국회 제20회(정기회) 제36차 국회본회의(전체회의) (1955.04.26.),5,1,0,0,0,0,17.8,22.0612782947861,false,0.8,1.3038404810419262,false,2.4,2.88097205817717,false,0.0,0.0,false,0.0,0.0,false,2.2,2.489979919597746,false
제3대,1218,1955.04.27.,제3대국회 제20회(정기회) 제37차 국회본회의(전체회의) (1955.04.27.),0,8,0,0,0,0,8.2,10.1341008481266,false,1.0,1.2247448713930758,true,1.2,2.1679483388673293,false,0.0,0.0,false,0.0,0.0,false,2.2,2.489979919597746,false
제3대,1219,1955.04.27.,제3대국회 제20회(정기회) 제3차 예산결산위원회(전체회의) (1955.04.27.),0,0,0,0,0,0,8.0,10.319883720275161,false,2.6,3.20936130717681,false,1.2,2.1679483388673293,false,0.0,0.0,false,0.0,0.0,false,1.0,1.414213562373093,false
제3대,1220,1955.04.28.,제3대국회 제20회(정기회) 제4차 예산결산위원회(전체회의) (1955.04.28.),0,0,0,0,0,0,6.8,10.940749517286294,false,2.4,3.361547262794864,false,1.2,2.1679483388673293,false,0.0,0.0,false,0.0,0.0,false,1.0,1.414213562373093,false
제3대,1221,1955.04.29.,제3대국회 제20회(정기회) 제38차 국회본회의(전체회의) (1955.04.29.),2,0,0,0,0,0,1.6,2.3021728866443323,false,2.4,3.361547262794864,false,0.2,0.4472135954972992,false,0.0,0.0,false,0.0,0.0,false,0.4,0.894427190999912,false
제3대,1222,1955.04.30.,제3대국회 제20회(정기회) 제39차 국회본회의(전체회의) (1955.04.30.),4,0,0,0,0,0,1.4,2.1908902300207327,false,1.8,3.4928498393151175,false,0.0,0.0,false,0.0,0.0,false,0.0,0.0,false,0.0,0.0,false
제3대,1223,1955.05.02.,제3대국회 제20회(정기회) 제40차 국회본회의(전체회의) (1955.05.02.),3,1,0,0,0,0,1.2,1.7888543819999152,false,1.6,3.5777087640001723,false,0.0,0.0,false,0.0,0.0,false,0.0,0.0,false,0.0,0.0,false
제3대,1224,1955.05.03.,제3대국회 제20회(정기회) 제41차 국회본회의(전체회의) (1955.05.03.),13,3,14,0,0,0,1.8,1.7888543819999154,true,0.2,0.4472135955040293,true,0.0,0.0,true,0.0,0.0,false,0.0,0.0,false,0.0,0.0,false
제3대,1225,1955.05.05.,제3대국회 제20회(정기회) 제5차 예산결산위원회(전체회의) (1955.05.05.),0,0,0,0,0,0,4.4,5.029910535983746,false,0.8,1.3038404810419262,false,2.8,6.260990336999219,false,0.0,0.0,false,0.0,0.0,false,0.0,0.0,false
제3대,1226,1955.05.12.,제3대국회 제20회(정기회) 제42차 국회본회의(전체회의) (1955.05.12.),0,0,1,0,0,0,4.4,5.029910535983746,false,0.8,1.3038404810419262,false,2.8,6.260990336999219,false,0.0,0.0,false,0.0,0.0,false,0.0,0.0,false
제3대,1227,1955.05.14.,제3대국회 제20회(정기회) 제43차 국회본회의(전체회의) (1955.05.14.),0,0,0,0,0,0,4.0,5.338539126015683,false,0.8,1.3038404810419262,false,3.0,6.1644140029687815,false,0.0,0.0,false,0.0,0.0,false,0.0,0.0,false
제3대,1228,1955.05.16.,제3대국회 제20회(정기회) 제44차 국회본회의(전체회의) (1955.05.16.),0,0,0,0,0,0,3.2,5.6302753041037255,false,0.8,1.3038404810419262,false,3.0,6.1644140029687815,false,0.0,0.0,false,0.0,0.0,false,0.0,0.0,false
제3대,1229,1955.05.17.,제3대국회 제20회(정기회) 제45차 국회본회의(전체회의) (1955.05.17.),0,0,1,0,0,0,2.6,5.8137767414994785,false,0.6,1.341640786501231,false,3.0,6.1644140029687815,false,0.0,0.0,false,0.0,0.0,false,0.0,0.0,false
제3대,1230,1955.05.18.,제3대국회 제20회(정기회) 제46차 국회본회의(전체회의) (1955.05.18.),1,1,0,0,0,0,0.0,5.397430144630323e-7,true,0.0,1.9083960830971027e-6,true,0.4,0.5477225575029917,false,0.0,0.0,false,0.0,0.0,false,0.0,0.0,false
제3대,1231,1955.05.19.,제3대국회 제20회(정기회) 제47차 국회본회의(전체회의) (1955.05.19.),0,0,0,0,0,0,0.2,0.44721359550028406,false,0.2,0.4472135955040298,false,0.4,0.5477225575029917,false,0.0,0.0,false,0.0,0.0,false,0.0,0.0,false
제3대,1232,1955.05.20.,제3대국회 제20회(정기회) 제48차 국회본회의(전체회의) (1955.05.20.),2,0,2,0,0,0,0.2,0.44721359550028406,true,0.2,0.4472135955040298,false,0.2,0.4472135954972972,true,0.0,0.0,false,0.0,0.0,false,0.0,0.0,false
제3대,1233,1955.05.20.,제3대국회 제20회(정기회) 제6차 예산결산위원회(전체회의) (1955.05.20.),0,0,0,0,0,0,0.6,0.8944271910000794,false,0.2,0.4472135955040298,false,0.6,0.8944271909985831,false,0.0,0.0,false,0.0,0.0,false,0.0,0.0,false
제3대,1234,1955.05.21.,제3대국회 제20회(정기회) 제49차 국회본회의(전체회의) (1955.05.21.),1,8,6,0,0,1,0.6,0.8944271910000794,false,0.2,0.4472135955040298,true,0.6,0.8944271909985831,true,0.0,0.0,false,0.0,0.0,false,0.0,0.0,true
제3대,1235,1955.05.23.,제3대국회 제20회(정기회) 제50차 국회본회의(전체회의) (1955.05.23.),14,1,0,0,0,0,0.8,0.8366600265342505,true,1.8,3.4928498393151175,false,1.6,2.6076809620806003,false,0.0,0.0,false,0.0,0.0,false,0.2,0.44721359549994966,false
제3대,1236,1955.05.24.,제3대국회 제20회(정기회) 제7차 예산결산위원회(전체회의) (1955.05.24.),3,0,0,0,0,0,3.4,5.983310120660661,false,1.8,3.4928498393151175,false,1.6,2.6076809620806003,false,0.0,0.0,false,0.0,0.0,false,0.2,0.44721359549994966,false
제3대,1237,1955.05.25.,제3대국회 제20회(정기회) 제51차 국회본회의(전체회의) (1955.05.25.),2,0,0,0,0,0,4.0,5.700877125495716,false,1.8,3.4928498393151175,false,1.6,2.6076809620806003,false,0.0,0.0,false,0.0,0.0,false,0.2,0.44721359549994966,false
제3대,1238,1955.05.26.,제3대국회 제20회(정기회) 제8차 예산결산위원회(전체회의) (1955.05.26.),1,4,0,0,0,0,4.0,5.700877125495716,false,1.8,3.4928498393151175,false,1.2,2.6832815729993023,false,0.0,0.0,false,0.0,0.0,false,0.2,0.44721359549994966,false
제3대,1239,1955.05.27.,제3대국회 제20회(정기회) 제52차 국회본회의(전체회의) (1955.05.27.),3,9,1,0,0,0,4.2,5.540758070878054,false,2.6,3.435112807464064,false,1.2,2.6832815729993023,false,0.0,0.0,false,0.0,0.0,false,0.2,0.44721359549994966,false
제3대,1240,1955.05.27.,제3대국회 제20회(정기회) 제9차 예산결산위원회(전체회의) (1955.05.27.),1,1,0,0,0,0,4.6,5.319774431308183,false,2.8,3.834057902536638,false,0.2,0.4472135954972973,false,0.0,0.0,false,0.0,0.0,false,0.0,0.0,false
제3대,1241,1955.05.28.,제3대국회 제20회(정기회) 제10차 예산결산위원회(전체회의) (1955.05.28.),5,9,1,0,0,1,2.0,1.000000000000149,true,2.8,3.834057902536638,false,0.2,0.4472135954972973,false,0.0,0.0,false,0.0,0.0,false,0.0,0.0,true
제3대,1242,1955.05.30.,제3대국회 제20회(정기회) 제11차 예산결산위원회(전체회의) (1955.05.30.),9,0,0,0,0,0,2.4,1.6733200530682404,true,4.6,4.277849927241913,false,0.4,0.5477225575029917,false,0.0,0.0,false,0.0,0.0,false,0.2,0.44721359549994966,false
제3대,1243,1955.05.30.,제3대국회 제20회(정기회) 제53차 국회본회의(전체회의) (1955.05.30.),5,4,1,0,0,0,3.8,3.346640106136347,false,4.6,4.277849927241913,false,0.4,0.5477225575029917,false,0.0,0.0,false,0.0,0.0,false,0.2,0.44721359549994966,false
제3대,1244,1955.05.31.,제3대국회 제20회(정기회) 제12차 예산결산위원회(전체회의) (1955.05.31.),0,0,0,0,0,0,4.6,2.9664793948383164,false,4.6,4.277849927241913,false,0.6,0.5477225575029897,false,0.0,0.0,false,0.0,0.0,false,0.2,0.44721359549994966,false
제3대,1245,1955.06.01.,제3대국회 제20회(정기회) 제13차 예산결산위원회(전체회의) (1955.06.01.),2,0,0,0,0,0,4.0,3.6055512754640313,false,2.8,3.834057902536638,false,0.4,0.5477225575029917,false,0.0,0.0,false,0.0,0.0,false,0.2,0.44721359549994966,false
제3대,1246,1955.06.01.,제3대국회 제20회(정기회) 제54차 국회본회의(전체회의) (1955.06.01.),8,0,1,0,0,0,4.2,3.420526275297458,false,2.6,3.9749213828708165,false,0.4,0.5477225575029917,false,0.0,0.0,false,0.0,0.0,false,0.2,0.44721359549994966,false
제3대,1247,1955.06.02.,제3대국회 제20회(정기회) 제14차 예산결산위원회(전체회의) (1955.06.02.),2,1,0,0,0,4,4.8,3.8340579025362023,false,0.8,1.7888543820008507,false,0.4,0.5477225575029917,false,0.0,0.0,false,0.0,0.0,false,0.0,0.0,true
제3대,1248,1955.06.03.,제3대국회 제20회(정기회) 제15차 예산결산위원회(전체회의) (1955.06.03.),14,0,3,0,0,0,3.4,3.130495168499754,true,1.0,1.7320508075699295,false,0.4,0.5477225575029917,true,0.0,0.0,false,0.0,0.0,false,0.8,1.7888543819998302,false
제3대,1249,1955.06.03.,제3대국회 제20회(정기회) 제55차 국회본회의(전체회의) (1955.06.03.),1,0,0,0,0,2,5.2,5.7619441163552,false,0.2,0.4472135955040333,false,0.8,1.3038404810396147,false,0.0,0.0,false,0.0,0.0,false,0.8,1.7888543819998302,false
제3대,1250,1955.06.04.,제3대국회 제20회(정기회) 제16차 예산결산위원회(전체회의) (1955.06.04.),0,0,1,0,0,0,5.4,5.54977477020467,false,0.2,0.4472135955040333,false,0.8,1.3038404810396147,false,0.0,0.0,false,0.0,0.0,false,1.2,1.7888543819998302,false
제3대,1251,1955.06.06.,제3대국회 제20회(정기회) 제17차 예산결산위원회(전체회의) (1955.06.06.),8,0,0,0,0,3,5.0,5.916079783099641,false,0.2,0.4472135955040333,false,1.0,1.224744871390614,false,0.0,0.0,false,0.0,0.0,false,1.2,1.7888543819998302,false
제3대,1252,1955.06.06.,제3대국회 제20회(정기회) 제56차 국회본회의(전체회의) (1955.06.06.),8,1,1,0,0,0,5.0,5.916079783099641,false,0.2,0.4472135955040333,false,0.8,1.3038404810396147,false,0.0,0.0,false,0.0,0.0,false,1.8,1.7888543819998306,false
제3대,1253,1955.06.07.,제3대국회 제20회(정기회) 제18차 예산결산위원회(전체회의) (1955.06.07.),2,2,0,0,0,0,6.2,5.7619441163552,false,0.2,0.4472135955040333,true,1.0,1.224744871390614,false,0.0,0.0,false,0.0,0.0,false,1.0,1.4142135623730931,false
제3대,1254,1955.06.08.,제3대국회 제20회(정기회) 제19차 예산결산위원회(전체회의) (1955.06.08.),0,10,0,0,0,0,3.8,3.8987177379236244,false,0.6,0.8944271910019536,true,0.4,0.5477225575029917,false,0.0,0.0,false,0.0,0.0,false,1.0,1.4142135623730931,false
제3대,1255,1955.06.08.,제3대국회 제20회(정기회) 제57차 국회본회의(전체회의) (1955.06.08.),1,2,1,0,0,0,3.6,4.098780306383876,false,2.6,4.21900462194623,false,0.4,0.5477225575029917,false,0.0,0.0,false,0.0,0.0,false,0.6,1.3416407864998716,false
제3대,1256,1955.06.09.,제3대국회 제20회(정기회) 제20차 예산결산위원회(전체회의) (1955.06.09.),1,0,0,0,0,0,3.8,3.8987177379236244,false,3.0,4.000000000000456,false,0.4,0.5477225575029917,false,0.0,0.0,false,0.0,0.0,false,0.6,1.3416407864998716,false
제3대,1257,1955.06.10.,제3대국회 제20회(정기회) 제58차 국회본회의(전체회의) (1955.06.10.),0,0,5,0,0,0,2.4,3.2093613071762896,false,3.0,4.000000000000456,false,0.4,0.5477225575029917,true,0.0,0.0,false,0.0,0.0,false,0.0,0.0,false
제3대,1258,1955.06.13.,제3대국회 제20회(정기회) 제59차 국회본회의(전체회의) (1955.06.13.),0,0,0,0,0,0,0.8,0.8366600265342571,false,2.8,4.1472882706659835,false,1.2,2.167948338867329,false,0.0,0.0,false,0.0,0.0,false,0.0,0.0,false
제3대,1259,1955.06.14.,제3대국회 제20회(정기회) 제21차 예산결산위원회(전체회의) (1955.06.14.),33,1,0,0,0,0,0.4,0.5477225575054434,true,2.4,4.33589667773618,false,1.2,2.167948338867329,false,0.0,0.0,false,0.0,0.0,false,0.0,0.0,false
제3대,1260,1955.06.15.,제3대국회 제20회(정기회) 제22차 예산결산위원회(전체회의) (1955.06.15.),12,0,0,0,0,1,7.0,14.543039572248997,false,0.6,0.8944271910019536,false,1.2,2.167948338867329,false,0.0,0.0,false,0.0,0.0,false,0.0,0.0,true
제3대,1261,1955.06.15.,제3대국회 제20회(정기회) 제60차 국회본회의(전체회의) (1955.06.15.),1,0,4,0,0,0,9.2,14.237275020171532,false,0.2,0.4472135955040334,false,1.0,2.236067977499256,false,0.0,0.0,false,0.0,0.0,false,0.2,0.44721359549995016,false
제3대,1262,1955.06.16.,제3대국회 제20회(정기회) 제61차 국회본회의(전체회의) (1955.06.16.),2,0,0,0,0,0,9.2,14.237275020171532,false,0.2,0.4472135955040334,false,1.8,2.4899799195972654,false,0.0,0.0,false,0.0,0.0,false,0.2,0.44721359549995016,false
제3대,1263,1955.06.17.,제3대국회 제20회(정기회) 제62차 국회본회의(전체회의) (1955.06.17.),3,1,0,0,0,0,9.6,13.939153489362269,false,0.2,0.4472135955040334,false,0.8,1.788854381999165,false,0.0,0.0,false,0.0,0.0,false,0.2,0.44721359549995016,false
제3대,1264,1955.06.18.,제3대국회 제20회(정기회) 제63차 국회본회의(전체회의) (1955.06.18.),2,0,2,0,0,1,10.2,13.479614237803704,false,0.4,0.5477225575084937,false,0.8,1.788854381999165,false,0.0,0.0,false,0.0,0.0,false,0.2,0.44721359549995016,false
제3대,1265,1955.06.20.,제3대국회 제20회(정기회) 제64차 국회본회의(전체회의) (1955.06.20.),16,1,4,0,0,0,4.0,4.527692569068742,true,0.2,0.4472135955040334,false,1.2,1.7888543819991638,false,0.0,0.0,false,0.0,0.0,false,0.4,0.5477225575051601,false
제3대,1266,1955.06.22.,제3대국회 제20회(정기회) 제65차 국회본회의(전체회의) (1955.06.22.),0,0,0,0,0,0,4.8,6.300793600809371,false,0.4,0.5477225575084937,false,2.0,1.9999999999994005,false,0.0,0.0,false,0.0,0.0,false,0.2,0.44721359549995016,false
제3대,1267,1955.06.23.,제3대국회 제20회(정기회) 제23차 예산결산위원회(전체회의) (1955.06.23.),0,0,0,0,0,0,4.6,6.46529195009787,false,0.4,0.5477225575084937,false,1.2,1.7888543819991638,false,0.0,0.0,false,0.0,0.0,false,0.2,0.44721359549995016,false
제3대,1268,1955.06.23.,제3대국회 제20회(정기회) 제66차 국회본회의(전체회의) (1955.06.23.),0,11,3,0,0,0,4.2,6.723094525588668,false,0.4,0.5477225575084937,true,1.2,1.7888543819991638,false,0.0,0.0,false,0.0,0.0,false,0.2,0.44721359549995016,false
제3대,1269,1955.06.24.,제3대국회 제20회(정기회) 제67차 국회본회의(전체회의) (1955.06.24.),0,0,3,0,0,0,3.6,6.985699678629215,false,2.4,4.827007354459246,false,1.8,1.788854381999162,false,0.0,0.0,false,0.0,0.0,false,0.2,0.44721359549995016,false
제3대,1270,1955.06.27.,제3대국회 제20회(정기회) 제68차 국회본회의(전체회의) (1955.06.27.),4,0,0,0,0,0,3.2,7.155417527999349,false,2.4,4.827007354459246,false,2.0,1.8708286933863298,false,0.0,0.0,false,0.0,0.0,false,0.0,0.0,false
제3대,1271,1955.06.28.,제3대국회 제20회(정기회) 제24차 예산결산위원회(전체회의) (1955.06.28.),0,0,0,0,0,0,0.8,1.7888543819999199,false,2.2,4.919349550499907,false,1.2,1.6431676725147712,false,0.0,0.0,false,0.0,0.0,false,0.0,0.0,false
제3대,1272,1955.06.28.,제3대국회 제20회(정기회) 제69차 국회본회의(전체회의) (1955.06.28.),2,0,0,0,0,0,0.8,1.7888543819999199,false,2.2,4.919349550499907,false,1.2,1.6431676725147712,false,0.0,0.0,false,0.0,0.0,false,0.0,0.0,false
제3대,1273,1955.06.29.,제3대국회 제20회(정기회) 제25차 예산결산위원회(전체회의) (1955.06.29.),1,0,0,0,0,0,1.2,1.7888543819999203,false,2.2,4.919349550499907,false,1.2,1.6431676725147712,false,0.0,0.0,false,0.0,0.0,false,0.0,0.0,false
제3대,1274,1955.06.29.,제3대국회 제20회(정기회) 제70차 국회본회의(전체회의) (1955.06.29.),3,0,2,0,0,0,1.4,1.6733200530682462,false,0.0,1.9082797281243946e-6,false,0.6,1.3416407864989857,false,0.0,0.0,false,0.0,0.0,false,0.0,0.0,false
제3대,1275,1955.06.30.,제3대국회 제20회(정기회) 제71차 국회본회의(전체회의) (1955.06.30.),1,2,23,0,0,0,2.0,1.5811388300842908,false,0.0,1.9082797281243946e-6,true,0.4,0.894427190998585,true,0.0,0.0,false,0.0,0.0,false,0.0,0.0,false
제3대,1276,1955.07.08.,제3대국회 제20회(정기회) 제72차 국회본회의(전체회의) (1955.07.08.),2,0,35,0,0,0,1.4,1.1401754250992773,false,0.4,0.8944271910019516,false,5.0,10.099504938361957,true,0.0,0.0,false,0.0,0.0,false,0.0,0.0,false
제3대,1277,1955.07.11.,제3대국회 제20회(정기회) 제73차 국회본회의(전체회의) (1955.07.11.),0,0,0,0,0,0,1.8,0.8366600265342662,false,0.4,0.8944271910019516,false,12.0,16.109003693586935,false,0.0,0.0,false,0.0,0.0,false,0.0,0.0,false
제3대,1278,1955.07.13.,제3대국회 제20회(정기회) 제26차 예산결산위원회(전체회의) (1955.07.13.),0,9,0,0,0,0,1.4,1.1401754250992773,false,0.4,0.8944271910019516,true,12.0,16.109003693586935,false,0.0,0.0,false,0.0,0.0,false,0.0,0.0,false
제3대,1279,1955.07.13.,제3대국회 제20회(정기회) 제74차 국회본회의(전체회의) (1955.07.13.),0,0,2,0,0,0,1.2,1.3038404810406512,false,2.2,3.8987177379240525,false,12.0,16.109003693586935,false,0.0,0.0,false,0.0,0.0,false,0.0,0.0,false
제3대,1280,1955.07.14.,제3대국회 제20회(정기회) 제27차 예산결산위원회(전체회의) (1955.07.14.),4,12,0,0,0,0,0.6,0.8944271910000918,true,2.2,3.8987177379240525,true,12.0,16.109003693586935,false,0.0,0.0,false,0.0,0.0,false,0.0,0.0,false
제3대,1281,1955.07.15.,제3대국회 제20회(정기회) 제28차 예산결산위원회(전체회의) (1955.07.15.),1,23,0,0,0,0,1.2,1.7888543819999205,false,4.2,5.84807660688569,true,7.4,15.453155017665408,false,0.0,0.0,false,0.0,0.0,false,0.0,0.0,false
제3대,1282,1955.07.15.,제3대국회 제20회(정기회) 제75차 국회본회의(전체회의) (1955.07.15.),0,0,0,0,0,0,1.0,1.7320508075689687,false,8.8,9.57601169589948,false,0.4,0.8944271909985498,false,0.0,0.0,false,0.0,0.0,false,0.0,0.0,false
제3대,1283,1955.07.16.,제3대국회 제20회(정기회) 제29차 예산결산위원회(전체회의) (1955.07.16.),8,1,0,0,0,0,1.0,1.7320508075689687,true,8.8,9.57601169589948,false,0.4,0.8944271909985498,false,0.0,0.0,false,0.0,0.0,false,0.0,0.0,false
제3대,1284,1955.07.18.,제3대국회 제20회(정기회) 제30차 예산결산위원회(전체회의) (1955.07.18.),14,1,2,1,0,3,2.6,3.4351128074635806,true,7.2,10.183319694480952,false,0.4,0.8944271909985498,false,0.0,0.0,true,0.0,0.0,false,0.0,0.0,true
제3대,1285,1955.07.19.,제3대국회 제20회(정기회) 제31차 예산결산위원회(전체회의) (1955.07.19.),15,1,18,0,0,0,5.4,5.72712842531057,false,7.4,10.014988766843608,false,0.4,0.8944271909985498,true,0.2,0.4472135954999579,false,0.0,0.0,false,0.6,1.3416407864998716,false
제3대,1286,1955.07.20.,제3대국회 제20회(정기회) 제32차 예산결산위원회(전체회의) (1955.07.20.),6,4,1,0,0,0,7.6,7.021395872616807,false,5.2,9.959919678391168,false,4.0,7.874007874011654,false,0.2,0.4472135954999579,false,0.0,0.0,false,0.6,1.3416407864998716,false
제3대,1287,1955.07.22.,제3대국회 제20회(정기회) 제33차 예산결산위원회(전체회의) (1955.07.22.),28,3,0,0,0,0,8.6,6.148170459575787,true,1.4,1.5165750888115097,false,4.2,7.75886589650817,false,0.2,0.4472135954999579,false,0.0,0.0,false,0.6,1.3416407864998716,false
제3대,1288,1955.07.23.,제3대국회 제20회(정기회) 제34차 예산결산위원회(전체회의) (1955.07.23.),13,0,1,0,0,0,14.2,8.613942186943234,false,2.0,1.4142135623743814,false,4.2,7.75886589650817,false,0.2,0.4472135954999579,false,0.0,0.0,false,0.6,1.3416407864998716,false
제3대,1289,1955.07.24.,제3대국회 제20회(정기회) 제35차 예산결산위원회(전체회의) (1955.07.24.),0,13,0,0,0,0,15.2,7.981227975693989,false,1.8,1.6431676725166053,true,4.4,7.635443667528267,false,0.2,0.4472135954999579,false,0.0,0.0,false,0.6,1.3416407864998716,false
제3대,1290,1955.07.25.,제3대국회 제20회(정기회) 제36차 예산결산위원회(전체회의) (1955.07.25.),0,2,0,0,0,0,12.4,10.549881515922364,false,4.2,5.167204273105877,false,4.0,7.842193570678903,false,0.0,0.0,false,0.0,0.0,false,0.0,0.0,false
제3대,1291,1955.07.25.,제3대국회 제20회(정기회) 제76차 국회본회의(전체회의) (1955.07.25.),1,4,0,0,0,0,9.4,11.69615321377077,false,4.4,5.029910535984079,false,0.4,0.547722557502929,false,0.0,0.0,false,0.0,0.0,false,0.0,0.0,false
제3대,1292,1955.07.26.,제3대국회 제20회(정기회) 제37차 예산결산위원회(전체회의) (1955.07.26.),1,0,0,0,0,0,8.4,12.259690045021543,false,4.4,5.029910535984079,false,0.2,0.4472135954972196,false,0.0,0.0,false,0.0,0.0,false,0.0,0.0,false
제3대,1293,1955.07.26.,제3대국회 제20회(정기회) 제77차 국회본회의(전체회의) (1955.07.26.),0,1,0,0,0,0,3.0,5.612486080160938,false,3.8,5.403702434442855,false,0.2,0.4472135954972196,false,0.0,0.0,false,0.0,0.0,false,0.0,0.0,false
제3대,1294,1955.07.27.,제3대국회 제20회(정기회) 제38차 예산결산위원회(전체회의) (1955.07.27.),3,0,0,0,0,0,0.4,0.5477225575054152,true,4.0,5.244044240851105,false,0.0,0.0,false,0.0,0.0,false,0.0,0.0,false,0.0,0.0,false
제3대,1295,1955.07.27.,제3대국회 제20회(정기회) 제78차 국회본회의(전체회의) (1955.07.27.),0,0,1,0,0,0,1.0,1.2247448713917022,false,1.4,1.6733200530692391,false,0.0,0.0,true,0.0,0.0,false,0.0,0.0,false,0.0,0.0,false
제3대,1296,1955.07.28.,제3대국회 제20회(정기회) 제39차 예산결산위원회(전체회의) (1955.07.28.),1,0,0,0,0,0,1.0,1.2247448713917022,false,1.0,1.7320508075699286,false,0.2,0.4472135954972196,false,0.0,0.0,false,0.0,0.0,false,0.0,0.0,false
제3대,1297,1955.07.28.,제3대국회 제20회(정기회) 제79차 국회본회의(전체회의) (1955.07.28.),0,1,1,0,0,0,1.0,1.2247448713917022,false,0.2,0.4472135955040293,false,0.2,0.4472135954972196,false,0.0,0.0,false,0.0,0.0,false,0.0,0.0,false
제3대,1298,1955.07.29.,제3대국회 제20회(정기회) 제40차 예산결산위원회(전체회의) (1955.07.29.),11,0,7,0,0,0,0.8,1.3038404810406354,true,0.4,0.5477225575084903,false,0.4,0.547722557502929,true,0.0,0.0,false,0.0,0.0,false,0.0,0.0,false
제3대,1299,1955.07.30.,제3대국회 제20회(정기회) 제41차 예산결산위원회(전체회의) (1955.07.30.),3,1,0,0,0,0,3.0,4.636809247747884,false,0.2,0.4472135955040293,false,1.8,2.9495762407501083,false,0.0,0.0,false,0.0,0.0,false,0.0,0.0,false
제3대,1300,1955.07.30.,제3대국회 제20회(정기회) 제80차 국회본회의(전체회의) (1955.07.30.),0,0,0,0,0,0,3.0,4.636809247747884,false,0.4,0.5477225575084903,false,1.8,2.9495762407501083,false,0.0,0.0,false,0.0,0.0,false,0.0,0.0,false
제3대,1301,1955.07.31.,제3대국회 제20회(정기회) 제81차 국회본회의(전체회의) (1955.07.31.),5,42,2,0,0,0,3.0,4.636809247747883,false,0.4,0.5477225575084903,true,1.6,3.0495901363949782,false,0.0,0.0,false,0.0,0.0,false,0.0,0.0,false
제3대,1302,1955.08.01.,제3대국회 제20회(정기회) 폐회식 국회본회의(전체회의) (1955.08.01.),0,0,2,0,0,0,3.8,4.549725266430963,false,8.8,18.566098136119063,false,2.0,2.9154759474222285,false,0.0,0.0,false,0.0,0.0,false,0.0,0.0,false
제3대,1303,1955.09.15.,제3대국회 제21회(임시회) 개회식 국회본회의(전체회의) (1955.09.15.),0,0,0,0,0,0,3.8,4.549725266430963,false,8.6,18.676188047886104,false,2.2,2.863564212654841,false,0.0,0.0,false,0.0,0.0,false,0.0,0.0,false
제3대,1304,1955.09.16.,제3대국회 제21회(임시회) 제1차 국회본회의(전체회의) (1955.09.16.),0,1,2,0,0,0,1.6,2.3021728866443287,false,8.6,18.676188047886104,false,0.8,1.0954451150092137,false,0.0,0.0,false,0.0,0.0,false,0.0,0.0,false
제3대,1305,1955.09.19.,제3대국회 제21회(임시회) 제2차 국회본회의(전체회의) (1955.09.19.),0,0,0,0,0,0,1.0,2.2360679774998515,false,8.6,18.676188047886104,false,1.2,1.0954451150092124,false,0.0,0.0,false,0.0,0.0,false,0.0,0.0,false
제3대,1306,1955.09.21.,제3대국회 제21회(임시회) 제3차 국회본회의(전체회의) (1955.09.21.),3,3,0,0,0,0,1.0,2.2360679774998515,false,8.6,18.676188047886104,false,1.2,1.0954451150092124,false,0.0,0.0,false,0.0,0.0,false,0.0,0.0,false
제3대,1307,1955.09.22.,제3대국회 제21회(임시회) 제1차 예산결산위원회(전체회의) (1955.09.22.),0,1,0,0,0,0,0.6,1.3416407864999762,false,0.8,1.3038404810419466,false,0.8,1.0954451150092137,false,0.0,0.0,false,0.0,0.0,false,0.0,0.0,false
제3대,1308,1955.09.23.,제3대국회 제21회(임시회) 제4차 국회본회의(전체회의) (1955.09.23.),1,1,0,0,0,0,0.6,1.3416407864999762,false,1.0,1.2247448713930975,false,0.4,0.8944271909985475,false,0.0,0.0,false,0.0,0.0,false,0.0,0.0,false
제3대,1309,1955.09.24.,제3대국회 제21회(임시회) 제5차 국회본회의(전체회의) (1955.09.24.),7,0,0,0,0,1,0.8,1.3038404810406357,true,1.2,1.0954451150120188,false,0.4,0.8944271909985475,false,0.0,0.0,false,0.0,0.0,false,0.0,0.0,true
제3대,1310,1955.09.26.,제3대국회 제21회(임시회) 제6차 국회본회의(전체회의) (1955.09.26.),2,5,1,0,0,1,2.2,2.9495762407505737,false,1.0,1.2247448713930975,true,0.0,0.0,true,0.0,0.0,false,0.0,0.0,false,0.2,0.44721359549995016,false
제3대,1311,1955.09.27.,제3대국회 제21회(임시회) 제7차 국회본회의(전체회의) (1955.09.27.),3,10,0,0,0,0,2.6,2.7018512172213125,false,2.0,2.0000000000009237,true,0.2,0.44721359549722267,false,0.0,0.0,false,0.0,0.0,false,0.4,0.5477225575051601,false
제3대,1312,1955.09.28.,제3대국회 제21회(임시회) 제8차 국회본회의(전체회의) (1955.09.28.),3,0,0,0,0,1,2.6,2.7018512172213125,false,3.4,4.159326868617528,false,0.2,0.44721359549722267,false,0.0,0.0,false,0.0,0.0,false,0.4,0.5477225575051601,false
제3대,1313,1955.10.04.,제3대국회 제21회(임시회) 제9차 국회본회의(전체회의) (1955.10.04.),0,1,1,0,0,0,3.2,2.28035085019834,false,3.2,4.324349662088357,false,0.2,0.44721359549722267,false,0.0,0.0,false,0.0,0.0,false,0.6,0.5477225575051604,false
제3대,1314,1955.10.05.,제3대국회 제21회(임시회) 제10차 국회본회의(전체회의) (1955.10.05.),0,0,0,0,0,0,3.0,2.5495097567964495,false,3.2,4.324349662088357,false,0.4,0.5477225575029315,false,0.0,0.0,false,0.0,0.0,false,0.6,0.5477225575051604,false
제3대,1315,1955.10.06.,제3대국회 제21회(임시회) 제11차 국회본회의(전체회의) (1955.10.06.),0,0,1,0,1,1,1.6,1.5165750888104028,false,3.2,4.324349662088357,false,0.4,0.5477225575029315,false,0.0,0.0,false,0.0,0.0,true,0.4,0.5477225575051601,false
제3대,1316,1955.10.07.,제3대국회 제21회(임시회) 제12차 국회본회의(전체회의) (1955.10.07.),0,0,0,0,0,1,1.2,1.643167672515583,false,2.2,4.38178046004175,false,0.4,0.5477225575029315,false,0.0,0.0,false,0.2,0.4472135954999578,false,0.4,0.5477225575051601,false
제3대,1317,1955.10.08.,제3대국회 제21회(임시회) 제13차 국회본회의(전체회의) (1955.10.08.),0,0,1,0,0,1,0.6,1.3416407864999762,false,0.2,0.4472135955040849,false,0.4,0.5477225575029315,false,0.0,0.0,false,0.2,0.4472135954999578,false,0.6,0.5477225575051604,false
제3대,1318,1955.10.10.,제3대국회 제21회(임시회) 제14차 국회본회의(전체회의) (1955.10.10.),0,0,0,0,0,0,0.0,5.206884506242319e-7,false,0.2,0.4472135955040849,false,0.6,0.5477225575029302,false,0.0,0.0,false,0.2,0.4472135954999578,false,0.6,0.5477225575051604,false
제3대,1319,1955.10.11.,제3대국회 제21회(임시회) 제15차 국회본회의(전체회의) (1955.10.11.),0,0,8,0,0,0,0.0,5.206884506242319e-7,false,0.0,1.9212965764233754e-6,false,0.4,0.5477225575029315,true,0.0,0.0,false,0.2,0.4472135954999578,false,0.6,0.5477225575051604,false
제3대,1320,1955.10.12.,제3대국회 제21회(임시회) 제16차 국회본회의(전체회의) (1955.10.12.),0,0,0,0,0,0,0.0,5.206884506242319e-7,false,0.0,1.9212965764233754e-6,false,2.0,3.3911649915622717,false,0.0,0.0,false,0.2,0.4472135954999578,false,0.6,0.5477225575051604,false
제3대,1321,1955.10.14.,제3대국회 제21회(임시회) 제17차 국회본회의(전체회의) (1955.10.14.),0,0,0,0,0,0,0.0,5.206884506242319e-7,false,0.0,1.9212965764233754e-6,false,1.8,3.4928498393142444,false,0.0,0.0,false,0.0,0.0,false,0.4,0.5477225575051601,false
제3대,1322,1955.10.15.,제3대국회 제21회(임시회) 제18차 국회본회의(전체회의) (1955.10.15.),0,4,0,0,0,12,0.0,5.206884506242319e-7,false,0.0,1.9212965764233754e-6,true,1.8,3.4928498393142444,false,0.0,0.0,false,0.0,0.0,false,0.2,0.44721359549995016,true
제3대,1323,1955.10.17.,제3대국회 제21회(임시회) 제19차 국회본회의(전체회의) (1955.10.17.),2,10,0,0,0,15,0.0,5.206884506242319e-7,true,0.8,1.7888543820008633,true,1.6,3.57770876399932,false,0.0,0.0,false,0.0,0.0,false,2.4,5.366563145999495,true
제3대,1324,1955.10.18.,제3대국회 제21회(임시회) 제20차 국회본회의(전체회의) (1955.10.18.),2,0,0,0,0,0,0.4,0.8944271910000688,false,2.8,4.38178046004175,false,1.6,3.57770876399932,false,0.0,0.0,false,0.0,0.0,false,5.4,7.46993975879324,false
제3대,1325,1955.10.19.,제3대국회 제21회(임시회) 제21차 국회본회의(전체회의) (1955.10.19.),0,0,0,0,0,0,0.8,1.0954451150104583,false,2.8,4.38178046004175,false,0.0,0.0,false,0.0,0.0,false,0.0,0.0,false,5.4,7.46993975879324,false
제3대,1326,1955.10.20.,제3대국회 제21회(임시회) 제22차 국회본회의(전체회의) (1955.10.20.),0,0,1,3,0,0,0.8,1.0954451150104583,false,2.8,4.38178046004175,false,0.0,0.0,true,0.0,0.0,true,0.0,0.0,false,5.4,7.46993975879324,false
제3대,1327,1955.10.21.,제3대국회 제21회(임시회) 제23차 국회본회의(전체회의) (1955.10.21.),5,10,1,0,0,0,0.8,1.0954451150104583,true,2.8,4.38178046004175,false,0.2,0.44721359549722356,false,0.6,1.3416407864998738,false,0.0,0.0,false,5.4,7.46993975879324,false
제3대,1328,1955.10.22.,제3대국회 제21회(임시회) 제24차 국회본회의(전체회의) (1955.10.22.),0,0,0,0,0,0,1.8,2.0493901531919883,false,4.0,5.477225575051998,false,0.4,0.5477225575029322,false,0.6,1.3416407864998738,false,0.0,0.0,false,3.0,6.708203932499369,false
제3대,1329,1955.10.25.,제3대국회 제21회(임시회) 제25차 국회본회의(전체회의) (1955.10.25.),5,0,0,0,0,0,1.4,2.1908902300207282,false,2.0,4.472135954999992,false,0.4,0.5477225575029322,false,0.6,1.3416407864998738,false,0.0,0.0,false,0.0,0.0,false
제3대,1330,1955.10.26.,제3대국회 제21회(임시회) 제26차 국회본회의(전체회의) (1955.10.26.),16,0,0,0,0,0,2.0,2.7386127875258826,true,2.0,4.472135954999992,false,0.4,0.5477225575029322,false,0.6,1.3416407864998738,false,0.0,0.0,false,0.0,0.0,false
제3대,1331,1955.10.27.,제3대국회 제21회(임시회) 제27차 국회본회의(전체회의) (1955.10.27.),1,0,0,0,0,0,5.2,6.53452370108184,false,2.0,4.472135954999992,false,0.4,0.5477225575029322,false,0.6,1.3416407864998738,false,0.0,0.0,false,0.0,0.0,false
제3대,1332,1955.10.28.,제3대국회 제21회(임시회) 제28차 국회본회의(전체회의) (1955.10.28.),0,2,0,0,0,0,5.4,6.348228099241576,false,2.0,4.472135954999992,false,0.2,0.44721359549722356,false,0.0,0.0,false,0.0,0.0,false,0.0,0.0,false
제3대,1333,1955.10.29.,제3대국회 제21회(임시회) 제29차 국회본회의(전체회의) (1955.10.29.),0,1,0,0,0,0,4.4,6.804410334481622,false,0.4,0.8944271910019829,false,0.0,0.0,false,0.0,0.0,false,0.0,0.0,false,0.0,0.0,false
제3대,1334,1955.10.31.,제3대국회 제21회(임시회) 제30차 국회본회의(전체회의) (1955.10.31.),0,0,23,0,0,0,4.4,6.804410334481622,false,0.6,0.8944271910019826,false,0.0,0.0,true,0.0,0.0,false,0.0,0.0,false,0.0,0.0,false
제3대,1335,1955.11.01.,제3대국회 제21회(임시회) 제2차 예산결산위원회(전체회의) (1955.11.01.),2,0,0,0,0,0,3.4,7.056911505750961,false,0.6,0.8944271910019826,false,4.6,10.285912696498912,false,0.0,0.0,false,0.0,0.0,false,0.0,0.0,false
제3대,1336,1955.11.01.,제3대국회 제21회(임시회) 제2차 예산결산위원회(전체회의) (1955.11.01.)_8269,2,0,0,0,0,0,0.6,0.8944271910000642,false,0.6,0.8944271910019826,false,4.6,10.285912696498912,false,0.0,0.0,false,0.0,0.0,false,0.0,0.0,false
제3대,1337,1955.11.01.,제3대국회 제21회(임시회) 제31차 국회본회의(전체회의) (1955.11.01.),0,0,0,0,0,0,0.8,1.095445115010454,false,0.6,0.8944271910019826,false,4.6,10.285912696498912,false,0.0,0.0,false,0.0,0.0,false,0.0,0.0,false
제3대,1338,1955.11.02.,제3대국회 제21회(임시회) 제32차 국회본회의(전체회의) (1955.11.02.),2,0,0,0,0,0,0.8,1.095445115010454,false,0.2,0.4472135955040925,false,4.6,10.285912696498912,false,0.0,0.0,false,0.0,0.0,false,0.0,0.0,false
제3대,1339,1955.11.02.,제3대국회 제21회(임시회) 제3차 예산결산위원회(전체회의) (1955.11.02.),0,0,0,0,0,0,1.2,1.0954451150104554,false,0.0,1.9231448104429847e-6,false,4.6,10.285912696498912,false,0.0,0.0,false,0.0,0.0,false,0.0,0.0,false
제3대,1340,1955.11.03.,제3대국회 제21회(임시회) 제33차 국회본회의(전체회의) (1955.11.03.),0,1,0,0,0,0,1.2,1.0954451150104554,false,0.0,1.9231448104429847e-6,true,0.0,0.0,false,0.0,0.0,false,0.0,0.0,false,0.0,0.0,false
제3대,1341,1955.11.03.,제3대국회 제21회(임시회) 제4차 예산결산위원회(전체회의) (1955.11.03.),2,0,0,0,0,0,0.8,1.095445115010454,false,0.2,0.4472135955040925,false,0.0,0.0,false,0.0,0.0,false,0.0,0.0,false,0.0,0.0,false
제3대,1342,1955.11.04.,제3대국회 제21회(임시회) 제34차 국회본회의(전체회의) (1955.11.04.),0,0,2,0,0,0,0.8,1.095445115010454,false,0.2,0.4472135955040925,false,0.0,0.0,true,0.0,0.0,false,0.0,0.0,false,0.0,0.0,false
제3대,1343,1955.11.04.,제3대국회 제21회(임시회) 제5차 예산결산위원회(전체회의) (1955.11.04.),1,0,0,0,0,0,0.8,1.095445115010454,false,0.2,0.4472135955040925,false,0.4,0.894427190998548,false,0.0,0.0,false,0.0,0.0,false,0.0,0.0,false
제3대,1344,1955.11.05.,제3대국회 제21회(임시회) 제35차 국회본회의(전체회의) (1955.11.05.),2,0,0,0,0,0,0.6,0.8944271910000642,false,0.2,0.4472135955040925,false,0.4,0.894427190998548,false,0.0,0.0,false,0.0,0.0,false,0.0,0.0,false
제3대,1345,1955.11.07.,제3대국회 제21회(임시회) 제36차 국회본회의(전체회의) (1955.11.07.),2,0,0,0,0,0,1.0,1.0000000000001341,false,0.2,0.4472135955040925,false,0.4,0.894427190998548,false,0.0,0.0,false,0.0,0.0,false,0.0,0.0,false
제3대,1346,1955.11.08.,제3대국회 제21회(임시회) 제37차 국회본회의(전체회의) (1955.11.08.),1,0,0,0,0,0,1.4,0.8944271910000674,false,0.0,1.9231448104429847e-6,false,0.4,0.894427190998548,false,0.0,0.0,false,0.0,0.0,false,0.0,0.0,false
제3대,1347,1955.11.09.,제3대국회 제21회(임시회) 제38차 국회본회의(전체회의) (1955.11.09.),2,2,0,0,0,0,1.2,0.8366600265342367,false,0.0,1.9231448104429847e-6,true,0.4,0.894427190998548,false,0.0,0.0,false,0.0,0.0,false,0.0,0.0,false
제3대,1348,1955.11.10.,제3대국회 제21회(임시회) 제39차 국회본회의(전체회의) (1955.11.10.),7,0,0,0,0,0,1.6,0.5477225575054149,true,0.4,0.8944271910019829,false,0.0,0.0,false,0.0,0.0,false,0.0,0.0,false,0.0,0.0,false
제3대,1349,1955.11.11.,제3대국회 제21회(임시회) 제40차 국회본회의(전체회의) (1955.11.11.),2,0,0,0,0,1,2.8,2.387467277262723,false,0.4,0.8944271910019829,false,0.0,0.0,false,0.0,0.0,false,0.0,0.0,false,0.0,0.0,true
제3대,1350,1955.11.12.,제3대국회 제21회(임시회) 제41차 국회본회의(전체회의) (1955.11.12.),3,0,0,0,0,0,2.8,2.387467277262723,false,0.4,0.8944271910019829,false,0.0,0.0,false,0.0,0.0,false,0.0,0.0,false,0.2,0.44721359549995077,false
제3대,1351,1955.11.14.,제3대국회 제21회(임시회) 제42차 국회본회의(전체회의) (1955.11.14.),0,0,3,0,0,0,3.0,2.345207879911775,false,0.4,0.8944271910019829,false,0.0,0.0,true,0.0,0.0,false,0.0,0.0,false,0.2,0.44721359549995077,false
제3대,1352,1955.11.15.,제3대국회 제21회(임시회) 제43차 국회본회의(전체회의) (1955.11.15.),4,1,1,0,0,0,2.8,2.588435821109011,false,0.4,0.8944271910019829,false,0.6,1.3416407864989612,false,0.0,0.0,false,0.0,0.0,false,0.2,0.44721359549995077,false
제3대,1353,1955.11.16.,제3대국회 제21회(임시회) 제44차 국회본회의(전체회의) (1955.11.16.),1,0,0,0,0,0,3.2,2.5884358211090115,false,0.2,0.4472135955040925,false,0.8,1.3038404810395903,false,0.0,0.0,false,0.0,0.0,false,0.2,0.44721359549995077,false
제3대,1354,1955.11.17.,제3대국회 제21회(임시회) 제45차 국회본회의(전체회의) (1955.11.17.),0,0,0,0,0,0,2.0,1.5811388300842764,false,0.2,0.4472135955040925,false,0.8,1.3038404810395903,false,0.0,0.0,false,0.0,0.0,false,0.2,0.44721359549995077,false
제3대,1355,1955.12.08.,제3대국회 제21회(임시회) 제46차 국회본회의(전체회의) (1955.12.08.),8,0,0,0,0,0,1.6,1.8165902124585698,true,0.2,0.4472135955040925,false,0.8,1.3038404810395903,false,0.0,0.0,false,0.0,0.0,false,0.0,0.0,false
제3대,1356,1955.12.09.,제3대국회 제21회(임시회) 제47차 국회본회의(전체회의) (1955.12.09.),6,0,0,0,0,1,2.6,3.435112807463574,false,0.2,0.4472135955040925,false,0.8,1.3038404810395903,false,0.0,0.0,false,0.0,0.0,false,0.0,0.0,true
제3대,1357,1955.12.12.,제3대국회 제21회(임시회) 제48차 국회본회의(전체회의) (1955.12.12.),0,0,0,0,0,0,3.8,3.346640106136345,false,0.2,0.4472135955040925,false,0.2,0.44721359549722384,false,0.0,0.0,false,0.0,0.0,false,0.2,0.44721359549995077,false
제3대,1358,1955.12.13.,제3대국회 제21회(임시회) 제49차 국회본회의(전체회의) (1955.12.13.),6,0,0,0,0,0,3.0,3.741657386773979,false,0.0,1.9231448104429847e-6,false,0.0,0.0,false,0.0,0.0,false,0.0,0.0,false,0.2,0.44721359549995077,false
제3대,1359,1955.12.14.,제3대국회 제21회(임시회) 제50차 국회본회의(전체회의) (1955.12.14.),2,0,0,0,0,0,4.0,3.74165738677398,false,0.0,1.9231448104429847e-6,false,0.0,0.0,false,0.0,0.0,false,0.0,0.0,false,0.2,0.44721359549995077,false
제3대,1360,1955.12.15.,제3대국회 제21회(임시회) 제51차 국회본회의(전체회의) (1955.12.15.),0,0,0,0,0,0,4.4,3.286335345031041,false,0.0,1.9231448104429847e-6,false,0.0,0.0,false,0.0,0.0,false,0.0,0.0,false,0.2,0.44721359549995077,false
제3대,1361,1955.12.16.,제3대국회 제21회(임시회) 제52차 국회본회의(전체회의) (1955.12.16.),1,2,0,1,0,0,2.8,3.033150177620666,false,0.0,1.9231448104429847e-6,true,0.0,0.0,false,0.0,0.0,true,0.0,0.0,false,0.2,0.44721359549995077,false
제3대,1362,1955.12.19.,제3대국회 제21회(임시회) 제53차 국회본회의(전체회의) (1955.12.19.),0,0,0,5,0,0,1.8,2.4899799195978005,false,0.4,0.8944271910019829,false,0.0,0.0,false,0.2,0.4472135954999579,true,0.0,0.0,false,0.0,0.0,false
제3대,1363,1955.12.21.,제3대국회 제21회(임시회) 제54차 국회본회의(전체회의) (1955.12.21.),0,0,3,0,0,0,1.8,2.4899799195978005,false,0.4,0.8944271910019829,false,0.0,0.0,true,1.2,2.16794833886788,false,0.0,0.0,false,0.0,0.0,false
제3대,1364,1955.12.23.,제3대국회 제21회(임시회) 제55차 국회본회의(전체회의) (1955.12.23.),0,0,0,0,0,0,0.6,0.8944271910000622,false,0.4,0.8944271910019829,false,0.6,1.3416407864989615,false,1.2,2.16794833886788,false,0.0,0.0,false,0.0,0.0,false
제3대,1365,1955.12.26.,제3대국회 제21회(임시회) 제56차 국회본회의(전체회의) (1955.12.26.),0,0,0,0,0,0,0.2,0.447213595500247,false,0.4,0.8944271910019829,false,0.6,1.3416407864989615,false,1.2,2.16794833886788,false,0.0,0.0,false,0.0,0.0,false
제3대,1366,1955.12.27.,제3대국회 제21회(임시회) 제6차 예산결산위원회(전체회의) (1955.12.27.),5,3,0,0,0,0,0.2,0.447213595500247,true,0.4,0.8944271910019829,true,0.6,1.3416407864989615,false,1.2,2.16794833886788,false,0.0,0.0,false,0.0,0.0,false
제3대,1367,1955.12.28.,제3대국회 제21회(임시회) 제57차 국회본회의(전체회의) (1955.12.28.),3,0,0,0,0,0,1.0,2.236067977499849,false,0.6,1.3416407865012516,false,0.6,1.3416407864989615,false,1.0,2.23606797749979,false,0.0,0.0,false,0.0,0.0,false
제3대,1368,1955.12.28.,제3대국회 제21회(임시회) 제7차 예산결산위원회(전체회의) (1955.12.28.),0,3,0,0,0,0,1.6,2.302172886644326,false,0.6,1.3416407865012516,false,0.6,1.3416407864989615,false,0.0,0.0,false,0.0,0.0,false,0.0,0.0,false
제3대,1369,1955.12.29.,제3대국회 제21회(임시회) 제8차 예산결산위원회(전체회의) (1955.12.29.),2,4,0,0,0,0,1.6,2.302172886644326,false,1.2,1.6431676725166229,false,0.0,0.0,false,0.0,0.0,false,0.0,0.0,false,0.0,0.0,false
제3대,1370,1955.12.30.,제3대국회 제21회(임시회) 제58차 국회본회의(전체회의) (1955.12.30.),29,0,0,0,0,1,2.0,2.121320343559707,true,2.0,1.8708286933879579,false,0.0,0.0,false,0.0,0.0,false,0.0,0.0,false,0.0,0.0,true
제3대,1371,1955.12.30.,제3대국회 제21회(임시회) 제9차 예산결산위원회(전체회의) (1955.12.30.),1,24,0,0,0,0,7.8,11.98749348279282,false,2.0,1.8708286933879579,true,0.0,0.0,false,0.0,0.0,false,0.0,0.0,false,0.2,0.44721359549995077,false
제3대,1372,1956.01.04.,제3대국회 제21회(임시회) 제59차 국회본회의(전체회의) (1956.01.04.),9,0,0,0,0,0,7.0,12.349089035228483,false,6.2,10.109401564880272,false,0.0,0.0,false,0.0,0.0,false,0.0,0.0,false,0.2,0.44721359549995077,false
제3대,1373,1956.01.05.,제3대국회 제21회(임시회) 제10차 예산결산위원회(전체회의) (1956.01.05.),0,3,0,0,0,0,8.2,12.153188881935487,false,6.2,10.109401564880272,false,0.0,0.0,false,0.0,0.0,false,0.0,0.0,false,0.2,0.44721359549995077,false
제3대,1374,1956.01.06.,제3대국회 제21회(임시회) 제11차 예산결산위원회(전체회의) (1956.01.06.),0,1,0,0,0,0,8.2,12.153188881935487,false,6.2,10.109401564880272,false,0.0,0.0,false,0.0,0.0,false,0.0,0.0,false,0.2,0.44721359549995077,false
제3대,1375,1956.01.06.,제3대국회 제21회(임시회) 제60차 국회본회의(전체회의) (1956.01.06.),0,0,0,0,0,0,7.8,12.437845472588906,false,5.6,10.358571330063025,false,0.0,0.0,false,0.0,0.0,false,0.0,0.0,false,0.2,0.44721359549995077,false
제3대,1376,1956.01.07.,제3대국회 제21회(임시회) 제12차 예산결산위원회(전체회의) (1956.01.07.),9,0,0,0,0,0,2.0,3.937003937005941,false,5.6,10.358571330063025,false,0.0,0.0,false,0.0,0.0,false,0.0,0.0,false,0.0,0.0,false
제3대,1377,1956.01.09.,제3대국회 제21회(임시회) 제13차 예산결산위원회(전체회의) (1956.01.09.),0,2,0,0,0,0,3.6,4.929503017546525,false,0.8,1.3038404810419415,false,0.0,0.0,false,0.0,0.0,false,0.0,0.0,false,0.0,0.0,false
제3대,1378,1956.01.09.,제3대국회 제21회(임시회) 제61차 국회본회의(전체회의) (1956.01.09.),5,0,0,0,0,1,1.8,4.024922359499656,false,1.2,1.3038404810419408,false,0.0,0.0,false,0.0,0.0,false,0.0,0.0,false,0.0,0.0,true
제3대,1379,1956.01.10.,제3대국회 제21회(임시회) 제14차 예산결산위원회(전체회의) (1956.01.10.),3,1,0,0,0,0,2.8,4.086563348340545,false,0.6,0.8944271910019742,false,0.0,0.0,false,0.0,0.0,false,0.0,0.0,false,0.2,0.44721359549995077,false
제3대,1380,1956.01.11.,제3대국회 제21회(임시회) 제62차 국회본회의(전체회의) (1956.01.11.),0,0,0,0,0,0,3.4,3.781534080237846,false,0.6,0.8944271910019742,false,0.0,0.0,false,0.0,0.0,false,0.0,0.0,false,0.2,0.44721359549995077,false
제3대,1381,1956.01.13.,제3대국회 제21회(임시회) 제63차 국회본회의(전체회의) (1956.01.13.),3,0,0,0,0,0,3.4,3.781534080237846,false,0.6,0.8944271910019742,false,0.0,0.0,false,0.0,0.0,false,0.0,0.0,false,0.2,0.44721359549995077,false
제3대,1382,1956.01.16.,제3대국회 제21회(임시회) 제64차 국회본회의(전체회의) (1956.01.16.),0,0,0,0,0,0,2.2,2.1679483388679444,false,0.6,0.8944271910019742,false,0.0,0.0,false,0.0,0.0,false,0.0,0.0,false,0.2,0.44721359549995077,false
제3대,1383,1956.01.18.,제3대국회 제21회(임시회) 제65차 국회본회의(전체회의) (1956.01.18.),0,2,0,0,0,0,2.2,2.1679483388679444,false,0.2,0.4472135955040763,true,0.0,0.0,false,0.0,0.0,false,0.0,0.0,false,0.2,0.44721359549995077,false
제3대,1384,1956.01.20.,제3대국회 제21회(임시회) 제66차 국회본회의(전체회의) (1956.01.20.),3,4,4,0,0,2,1.2,1.6431676725155813,false,0.6,0.8944271910019742,true,0.0,0.0,true,0.0,0.0,false,0.0,0.0,false,0.0,0.0,true
제3대,1385,1956.01.23.,제3대국회 제21회(임시회) 제67차 국회본회의(전체회의) (1956.01.23.),1,0,0,0,0,0,1.2,1.6431676725155813,false,1.2,1.7888543820008602,false,0.8,1.7888543819991471,false,0.0,0.0,false,0.0,0.0,false,0.4,0.8944271909999126,false
제3대,1386,1956.01.24.,제3대국회 제21회(임시회) 제68차 국회본회의(전체회의) (1956.01.24.),0,0,0,0,0,0,1.4,1.5165750888104006,false,1.2,1.7888543820008602,false,0.8,1.7888543819991471,false,0.0,0.0,false,0.0,0.0,false,0.4,0.8944271909999126,false
제3대,1387,1956.01.25.,제3대국회 제21회(임시회) 제15차 예산결산위원회(전체회의) (1956.01.25.),0,0,0,0,0,0,0.8,1.3038404810406332,false,1.2,1.7888543820008602,false,0.8,1.7888543819991471,false,0.0,0.0,false,0.0,0.0,false,0.4,0.8944271909999126,false
제3대,1388,1956.01.25.,제3대국회 제21회(임시회) 제69차 국회본회의(전체회의) (1956.01.25.),0,0,0,0,0,0,0.8,1.3038404810406332,false,1.2,1.7888543820008602,false,0.8,1.7888543819991471,false,0.0,0.0,false,0.0,0.0,false,0.4,0.8944271909999126,false
제3대,1389,1956.01.26.,제3대국회 제21회(임시회) 제16차 예산결산위원회(전체회의) (1956.01.26.),0,0,0,0,0,0,0.8,1.3038404810406332,false,0.8,1.7888543820008607,false,0.8,1.7888543819991471,false,0.0,0.0,false,0.0,0.0,false,0.4,0.8944271909999126,false
제3대,1390,1956.01.26.,제3대국회 제21회(임시회) 제70차 국회본회의(전체회의) (1956.01.26.),0,0,0,0,0,0,0.2,0.44721359550025497,false,0.0,1.919417642129018e-6,false,0.0,0.0,false,0.0,0.0,false,0.0,0.0,false,0.0,0.0,false
제3대,1391,1956.01.27.,제3대국회 제21회(임시회) 제71차 국회본회의(전체회의) (1956.01.27.),2,0,1,0,0,1,0.0,5.14063065621722e-7,true,0.0,1.919417642129018e-6,false,0.0,0.0,true,0.0,0.0,false,0.0,0.0,false,0.0,0.0,true
제3대,1392,1956.01.28.,제3대국회 제21회(임시회) 제17차 예산결산위원회(전체회의) (1956.01.28.),0,0,0,0,0,0,0.4,0.8944271910000652,false,0.0,1.919417642129018e-6,false,0.2,0.44721359549722406,false,0.0,0.0,false,0.0,0.0,false,0.2,0.44721359549995077,false
제3대,1393,1956.01.28.,제3대국회 제21회(임시회) 제72차 국회본회의(전체회의) (1956.01.28.),0,1,1,0,0,0,0.4,0.8944271910000652,false,0.0,1.919417642129018e-6,true,0.2,0.44721359549722406,false,0.0,0.0,false,0.0,0.0,false,0.2,0.44721359549995077,false
제3대,1394,1956.01.30.,제3대국회 제21회(임시회) 제18차 예산결산위원회(전체회의) (1956.01.30.),0,0,0,0,0,0,0.4,0.8944271910000652,false,0.2,0.4472135955040762,false,0.4,0.5477225575029326,false,0.0,0.0,false,0.0,0.0,false,0.2,0.44721359549995077,false
제3대,1395,1956.01.30.,제3대국회 제21회(임시회) 제73차 국회본회의(전체회의) (1956.01.30.),0,0,1,0,0,0,0.4,0.8944271910000652,false,0.2,0.4472135955040762,false,0.4,0.5477225575029326,false,0.0,0.0,false,0.0,0.0,false,0.2,0.44721359549995077,false
제3대,1396,1956.02.01.,제3대국회 제21회(임시회) 제74차 국회본회의(전체회의) (1956.02.01.),0,0,0,0,0,0,0.4,0.8944271910000652,false,0.2,0.4472135955040762,false,0.6,0.5477225575029313,false,0.0,0.0,false,0.0,0.0,false,0.2,0.44721359549995077,false
제3대,1397,1956.02.02.,제3대국회 제21회(임시회) 제19차 예산결산위원회(전체회의) (1956.02.02.),0,0,0,0,0,0,0.0,5.140360686379772e-7,false,0.2,0.4472135955040762,false,0.4,0.5477225575029326,false,0.0,0.0,false,0.0,0.0,false,0.0,0.0,false
제3대,1398,1956.02.02.,제3대국회 제21회(임시회) 제75차 국회본회의(전체회의) (1956.02.02.),0,0,0,0,0,0,0.0,5.140360686379772e-7,false,0.2,0.4472135955040762,false,0.4,0.5477225575029326,false,0.0,0.0,false,0.0,0.0,false,0.0,0.0,false
제3대,1399,1956.02.03.,제3대국회 제21회(임시회) 제20차 예산결산위원회(전체회의) (1956.02.03.),0,2,0,0,0,0,0.0,5.140360686379772e-7,false,0.0,1.919417642129018e-6,true,0.2,0.44721359549722406,false,0.0,0.0,false,0.0,0.0,false,0.0,0.0,false
제3대,1400,1956.02.03.,제3대국회 제21회(임시회) 제20차 예산결산위원회(전체회의) (1956.02.03.)_8287,0,2,0,0,0,0,0.0,5.140360686379772e-7,false,0.4,0.8944271910019747,false,0.2,0.44721359549722406,false,0.0,0.0,false,0.0,0.0,false,0.0,0.0,false
제3대,1401,1956.02.03.,제3대국회 제21회(임시회) 제76차 국회본회의(전체회의) (1956.02.03.),0,0,0,0,0,0,0.0,5.140360686379772e-7,false,0.8,1.0954451150120126,false,0.0,0.0,false,0.0,0.0,false,0.0,0.0,false,0.0,0.0,false
제3대,1402,1956.02.04.,제3대국회 제21회(임시회) 제21차 예산결산위원회(전체회의) (1956.02.04.),4,0,1,0,0,0,0.0,5.140360686379772e-7,true,0.8,1.0954451150120126,false,0.0,0.0,true,0.0,0.0,false,0.0,0.0,false,0.0,0.0,false
제3대,1403,1956.02.04.,제3대국회 제21회(임시회) 제77차 국회본회의(전체회의) (1956.02.04.),0,0,0,0,0,0,0.8,1.7888543819999072,false,0.8,1.0954451150120126,false,0.2,0.44721359549722406,false,0.0,0.0,false,0.0,0.0,false,0.0,0.0,false
제3대,1404,1956.02.06.,제3대국회 제21회(임시회) 제22차 예산결산위원회(전체회의) (1956.02.06.),0,0,0,0,0,0,0.8,1.788854381999907,false,0.8,1.0954451150120126,false,0.2,0.44721359549722406,false,0.0,0.0,false,0.0,0.0,false,0.0,0.0,false
제3대,1405,1956.02.06.,제3대국회 제21회(임시회) 제78차 국회본회의(전체회의) (1956.02.06.),0,0,0,0,0,0,0.8,1.788854381999907,false,0.4,0.8944271910019745,false,0.2,0.44721359549722406,false,0.0,0.0,false,0.0,0.0,false,0.0,0.0,false
제3대,1406,1956.02.07.,제3대국회 제21회(임시회) 제79차 국회본회의(전체회의) (1956.02.07.),0,0,0,0,0,0,0.8,1.788854381999907,false,0.0,1.9193887210811824e-6,false,0.2,0.44721359549722406,false,0.0,0.0,false,0.0,0.0,false,0.0,0.0,false
제3대,1407,1956.02.08.,제3대국회 제21회(임시회) 제23차 예산결산위원회(전체회의) (1956.02.08.),0,0,0,0,0,0,0.8,1.788854381999907,false,0.0,1.9193887210811824e-6,false,0.2,0.44721359549722406,false,0.0,0.0,false,0.0,0.0,false,0.0,0.0,false
제3대,1408,1956.02.08.,제3대국회 제21회(임시회) 제80차 국회본회의(전체회의) (1956.02.08.),1,0,0,0,0,0,0.0,5.136039239053156e-7,true,0.0,1.9193887210811824e-6,false,0.0,0.0,false,0.0,0.0,false,0.0,0.0,false,0.0,0.0,false
제3대,1409,1956.02.09.,제3대국회 제21회(임시회) 제24차 예산결산위원회(전체회의) (1956.02.09.),8,0,1,0,0,0,0.2,0.4472135955002544,true,0.0,1.9193887210811824e-6,false,0.0,0.0,true,0.0,0.0,false,0.0,0.0,false,0.0,0.0,false
제3대,1410,1956.02.09.,제3대국회 제21회(임시회) 제81차 국회본회의(전체회의) (1956.02.09.),1,1,0,0,0,1,1.8,3.4928498393146357,false,0.0,1.9193887210811824e-6,true,0.2,0.44721359549722406,false,0.0,0.0,false,0.0,0.0,false,0.0,0.0,true
제3대,1411,1956.02.10.,제3대국회 제21회(임시회) 제82차 국회본회의(전체회의) (1956.02.10.),0,0,0,0,0,0,2.0,3.391164991562675,false,0.2,0.447213595504076,false,0.2,0.44721359549722406,false,0.0,0.0,false,0.0,0.0,false,0.2,0.44721359549995077,false
제3대,1412,1956.02.14.,제3대국회 제21회(임시회) 제25차 예산결산위원회(전체회의) (1956.02.14.),1,0,1,0,0,0,2.0,3.391164991562675,false,0.2,0.447213595504076,false,0.2,0.44721359549722406,false,0.0,0.0,false,0.0,0.0,false,0.2,0.44721359549995077,false
제3대,1413,1956.02.14.,제3대국회 제21회(임시회) 제83차 국회본회의(전체회의) (1956.02.14.),0,0,0,0,0,0,2.2,3.2710854467592676,false,0.2,0.447213595504076,false,0.4,0.5477225575029326,false,0.0,0.0,false,0.0,0.0,false,0.2,0.44721359549995077,false
제3대,1414,1956.02.15.,제3대국회 제21회(임시회) 제84차 국회본회의(전체회의) (1956.02.15.),0,0,0,0,0,3,2.0,3.391164991562675,false,0.2,0.447213595504076,false,0.4,0.5477225575029326,false,0.0,0.0,false,0.0,0.0,false,0.2,0.44721359549995077,true
제3대,1415,1956.02.16.,제3대국회 제21회(임시회) 제85차 국회본회의(전체회의) (1956.02.16.),6,35,2,4,0,0,0.4,0.5477225575054088,true,0.2,0.447213595504076,true,0.2,0.44721359549722406,true,0.0,0.0,true,0.0,0.0,false,0.8,1.3038404810405282,false
제3대,1416,1956.02.17.,제3대국회 제21회(임시회) 제86차 국회본회의(전체회의) (1956.02.17.),3,26,2,0,0,0,1.4,2.607680962081112,false,7.0,15.652475842498646,false,0.6,0.8944271909985474,false,0.8,1.7888543819998317,false,0.0,0.0,false,0.6,1.3416407864998718,false
제3대,1417,1956.02.18.,제3대국회 제21회(임시회) 제87차 국회본회의(전체회의) (1956.02.18.),2,0,2,0,0,0,2.0,2.5495097567964464,false,12.2,17.00588133558516,false,1.0,0.9999999999987745,false,0.8,1.7888543819998317,false,0.0,0.0,false,0.6,1.3416407864998718,false
제3대,1418,1956.02.19.,제3대국회 제21회(임시회) 폐회식 국회본회의(전체회의) (1956.02.19.),0,0,2,0,0,0,2.2,2.4899799195978023,false,12.2,17.00588133558516,false,1.2,1.0954451150092128,false,0.8,1.7888543819998317,false,0.0,0.0,false,0.6,1.3416407864998718,false
제3대,1419,1956.02.20.,제3대국회 제22회(정기회) 개회식 국회본회의(전체회의) (1956.02.20.),0,0,0,0,0,0,2.2,2.4899799195978023,false,12.2,17.00588133558516,false,1.6,0.8944271909985434,false,0.8,1.7888543819998317,false,0.0,0.0,false,0.6,1.3416407864998718,false
제3대,1420,1956.02.21.,제3대국회 제22회(정기회) 제1차 국회본회의(전체회의) (1956.02.21.),1,0,0,0,0,0,2.2,2.4899799195978023,false,12.2,17.00588133558516,false,1.6,0.8944271909985434,false,0.8,1.7888543819998317,false,0.0,0.0,false,0.0,0.0,false
제3대,1421,1956.02.25.,제3대국회 제22회(정기회) 제2차 국회본회의(전체회의) (1956.02.25.),0,0,0,0,0,0,1.2,1.3038404810406345,false,5.2,11.627553482999067,false,1.2,1.0954451150092128,false,0.0,0.0,false,0.0,0.0,false,0.0,0.0,false
제3대,1422,1956.02.27.,제3대국회 제22회(정기회) 제3차 국회본회의(전체회의) (1956.02.27.),1,0,3,0,0,0,0.6,0.894427191000067,false,0.0,1.944244674479972e-6,false,0.8,1.0954451150092142,true,0.0,0.0,false,0.0,0.0,false,0.0,0.0,false
제3대,1423,1956.02.28.,제3대국회 제22회(정기회) 제4차 국회본회의(전체회의) (1956.02.28.),0,0,0,0,0,0,0.4,0.5477225575054118,false,0.0,1.944244674479972e-6,false,1.0,1.4142135623722285,false,0.0,0.0,false,0.0,0.0,false,0.0,0.0,false
제3대,1424,1956.02.29.,제3대국회 제22회(정기회) 제5차 국회본회의(전체회의) (1956.02.29.),0,0,0,1,0,0,0.4,0.5477225575054118,false,0.0,1.944244674479972e-6,false,0.6,1.3416407864989615,false,0.0,0.0,true,0.0,0.0,false,0.0,0.0,false
제3대,1425,1956.03.02.,제3대국회 제22회(정기회) 제6차 국회본회의(전체회의) (1956.03.02.),2,0,0,0,0,0,0.4,0.5477225575054118,true,0.0,1.944244674479972e-6,false,0.6,1.3416407864989615,false,0.2,0.4472135954999579,false,0.0,0.0,false,0.0,0.0,false
제3대,1426,1956.03.03.,제3대국회 제22회(정기회) 제7차 국회본회의(전체회의) (1956.03.03.),0,0,0,0,0,0,0.6,0.894427191000067,false,0.0,1.944244674479972e-6,false,0.6,1.3416407864989615,false,0.2,0.4472135954999579,false,0.0,0.0,false,0.0,0.0,false
제3대,1427,1956.03.06.,제3대국회 제22회(정기회) 제8차 국회본회의(전체회의) (1956.03.06.),1,0,0,0,0,0,0.6,0.894427191000067,false,0.0,1.944244674479972e-6,false,0.6,1.3416407864989615,false,0.2,0.4472135954999579,false,0.0,0.0,false,0.0,0.0,false
제3대,1428,1956.03.27.,제3대국회 제22회(정기회) 제9차 국회본회의(전체회의) (1956.03.27.),0,0,0,0,0,0,0.6,0.894427191000067,false,0.0,1.944244674479972e-6,false,0.0,0.0,false,0.2,0.4472135954999579,false,0.0,0.0,false,0.0,0.0,false
제3대,1429,1956.03.29.,제3대국회 제22회(정기회) 제10차 국회본회의(전체회의) (1956.03.29.),0,0,0,0,0,0,0.6,0.894427191000067,false,0.0,1.944244674479972e-6,false,0.0,0.0,false,0.2,0.4472135954999579,false,0.0,0.0,false,0.0,0.0,false
제3대,1430,1956.03.30.,제3대국회 제22회(정기회) 제11차 국회본회의(전체회의) (1956.03.30.),2,0,19,0,0,2,0.6,0.894427191000067,false,0.0,1.944244674479972e-6,false,0.0,0.0,true,0.0,0.0,false,0.0,0.0,false,0.0,0.0,true
제3대,1431,1956.04.20.,제3대국회 제22회(정기회) 제12차 국회본회의(전체회의) (1956.04.20.),5,0,0,2,0,0,0.6,0.894427191000067,true,0.0,1.944244674479972e-6,false,3.8,8.497058314499055,false,0.0,0.0,true,0.0,0.0,false,0.4,0.8944271909999126,false
제3대,1432,1956.05.19.,제3대국회 제22회(정기회) 제13차 국회본회의(전체회의) (1956.05.19.),0,0,0,0,0,0,1.6,2.0736441353328385,false,0.0,1.944244674479972e-6,false,3.8,8.497058314499055,false,0.4,0.8944271909999159,false,0.0,0.0,false,0.4,0.8944271909999126,false
제3대,1433,1956.05.21.,제3대국회 제22회(정기회) 제14차 국회본회의(전체회의) (1956.05.21.),0,0,0,0,0,0,1.4,2.1908902300207274,false,0.0,1.944244674479972e-6,false,3.8,8.497058314499055,false,0.4,0.8944271909999159,false,0.0,0.0,false,0.4,0.8944271909999126,false
제3대,1434,1956.05.22.,제3대국회 제22회(정기회) 제15차 국회본회의(전체회의) (1956.05.22.),0,1,0,0,0,0,1.4,2.1908902300207274,false,0.0,1.944244674479972e-6,true,3.8,8.497058314499055,false,0.4,0.8944271909999159,false,0.0,0.0,false,0.4,0.8944271909999126,false
제3대,1435,1956.05.24.,제3대국회 제22회(정기회) 제16차 국회본회의(전체회의) (1956.05.24.),0,0,4,0,0,0,1.4,2.1908902300207274,false,0.2,0.4472135955041826,false,3.8,8.497058314499055,false,0.4,0.8944271909999159,false,0.0,0.0,false,0.4,0.8944271909999126,false
제3대,1436,1956.05.25.,제3대국회 제22회(정기회) 제17차 국회본회의(전체회의) (1956.05.25.),2,14,0,0,0,0,1.0,2.2360679774998506,false,0.2,0.4472135955041826,true,0.8,1.788854381999147,false,0.4,0.8944271909999159,false,0.0,0.0,false,0.0,0.0,false
제3대,1437,1956.05.26.,제3대국회 제22회(정기회) 제18차 국회본회의(전체회의) (1956.05.26.),0,1,0,0,0,0,0.4,0.8944271910000671,false,3.0,6.1644140029692815,false,0.8,1.788854381999147,false,0.0,0.0,false,0.0,0.0,false,0.0,0.0,false
제3대,1438,1956.05.28.,제3대국회 제22회(정기회) 제19차 국회본회의(전체회의) (1956.05.28.),0,1,0,0,0,0,0.4,0.8944271910000671,false,3.2,6.058052492344694,false,0.8,1.788854381999147,false,0.0,0.0,false,0.0,0.0,false,0.0,0.0,false
제3대,1439,1956.05.29.,제3대국회 제22회(정기회) 제20차 국회본회의(전체회의) (1956.05.29.),1,0,0,0,0,0,0.4,0.8944271910000671,false,3.4,5.941380311005496,false,0.8,1.788854381999147,false,0.0,0.0,false,0.0,0.0,false,0.0,0.0,false
제3대,1440,1956.05.30.,제3대국회 제22회(정기회) 제21차 국회본회의(전체회의) (1956.05.30.),0,0,1,0,0,0,0.6,0.8944271910000676,false,3.2,6.058052492344694,false,0.8,1.788854381999147,false,0.0,0.0,false,0.0,0.0,false,0.0,0.0,false
제3대,1441,1956.05.31.,제3대국회 제22회(정기회) 제22차 국회본회의(전체회의) (1956.05.31.),0,2,0,0,0,0,0.6,0.8944271910000676,false,3.2,6.058052492344694,false,0.2,0.44721359549722356,false,0.0,0.0,false,0.0,0.0,false,0.0,0.0,false
제3대,1442,1956.06.01.,제3대국회 제22회(정기회) 제23차 국회본회의(전체회의) (1956.06.01.),0,0,8,0,0,0,0.2,0.447213595500259,false,0.8,0.8366600265363291,false,0.2,0.44721359549722356,true,0.0,0.0,false,0.0,0.0,false,0.0,0.0,false
제3대,1443,1956.06.02.,제3대국회 제22회(정기회) 제24차 국회본회의(전체회의) (1956.06.02.),3,0,0,0,0,0,0.2,0.447213595500259,true,0.6,0.8944271910020246,false,1.8,3.4928498393142444,false,0.0,0.0,false,0.0,0.0,false,0.0,0.0,false
제3대,1444,1956.06.04.,제3대국회 제22회(정기회) 제25차 국회본회의(전체회의) (1956.06.04.),0,0,1,0,0,0,0.8,1.303840481040634,false,0.4,0.8944271910020254,false,1.8,3.4928498393142444,false,0.0,0.0,false,0.0,0.0,false,0.0,0.0,false
제3대,1445,1956.06.05.,제3대국회 제22회(정기회) 제26차 국회본회의(전체회의) (1956.06.05.),1,1,0,0,0,0,0.6,1.3416407864999749,false,0.4,0.8944271910020254,false,2.0,3.3911649915622717,false,0.0,0.0,false,0.0,0.0,false,0.0,0.0,false
제3대,1446,1956.06.07.,제3대국회 제22회(정기회) 제27차 국회본회의(전체회의) (1956.06.07.),0,0,0,0,0,0,0.8,1.303840481040634,false,0.6,0.8944271910020246,false,1.8,3.4928498393142444,false,0.0,0.0,false,0.0,0.0,false,0.0,0.0,false
제3대,1447,1956.06.08.,제3대국회 제22회(정기회) 제28차 국회본회의(전체회의) (1956.06.08.),0,0,0,0,0,0,0.8,1.303840481040634,false,0.2,0.4472135955041785,false,1.8,3.4928498393142444,false,0.0,0.0,false,0.0,0.0,false,0.0,0.0,false
제3대,1448,1956.06.09.,제3대국회 제22회(정기회) 제29차 국회본회의(전체회의) (1956.06.09.),0,0,0,0,0,0,0.8,1.303840481040634,false,0.2,0.4472135955041785,false,0.2,0.44721359549722356,false,0.0,0.0,false,0.0,0.0,false,0.0,0.0,false
제3대,1449,1956.06.11.,제3대국회 제22회(정기회) 제1차 예산결산위원회(전체회의) (1956.06.11.),1,0,0,0,0,0,0.2,0.447213595500259,false,0.2,0.4472135955041785,false,0.2,0.44721359549722356,false,0.0,0.0,false,0.0,0.0,false,0.0,0.0,false
제3대,1450,1956.06.11.,제3대국회 제22회(정기회) 제30차 국회본회의(전체회의) (1956.06.11.),0,0,0,0,0,0,0.4,0.5477225575054129,false,0.2,0.4472135955041785,false,0.0,0.0,false,0.0,0.0,false,0.0,0.0,false,0.0,0.0,false
제3대,1451,1956.06.13.,제3대국회 제22회(정기회) 제31차 국회본회의(전체회의) (1956.06.13.),0,0,0,0,0,0,0.2,0.447213595500259,false,0.0,1.9433022457308256e-6,false,0.0,0.0,false,0.0,0.0,false,0.0,0.0,false,0.0,0.0,false
제3대,1452,1956.06.14.,제3대국회 제22회(정기회) 제2차 예산결산위원회(전체회의) (1956.06.14.),0,0,0,0,0,0,0.2,0.447213595500259,false,0.0,1.9433022457308256e-6,false,0.0,0.0,false,0.0,0.0,false,0.0,0.0,false,0.0,0.0,false
제3대,1453,1956.06.14.,제3대국회 제22회(정기회) 제32차 국회본회의(전체회의) (1956.06.14.),0,0,0,0,0,0,0.2,0.447213595500259,false,0.0,1.9433022457308256e-6,false,0.0,0.0,false,0.0,0.0,false,0.0,0.0,false,0.0,0.0,false
제3대,1454,1956.06.15.,제3대국회 제22회(정기회) 제33차 국회본회의(전체회의) (1956.06.15.),0,0,7,0,0,0,0.2,0.447213595500259,false,0.0,1.9433022457308256e-6,false,0.0,0.0,true,0.0,0.0,false,0.0,0.0,false,0.0,0.0,false
제3대,1455,1956.06.16.,제3대국회 제22회(정기회) 제34차 국회본회의(전체회의) (1956.06.16.),0,0,0,0,0,0,0.0,5.179359403681632e-7,false,0.0,1.9433022457308256e-6,false,1.4,3.1304951684993134,false,0.0,0.0,false,0.0,0.0,false,0.0,0.0,false
제3대,1456,1956.06.18.,제3대국회 제22회(정기회) 제35차 국회본회의(전체회의) (1956.06.18.),2,1,0,0,0,0,0.0,5.179359403681632e-7,true,0.0,1.9433022457308256e-6,true,1.4,3.1304951684993134,false,0.0,0.0,false,0.0,0.0,false,0.0,0.0,false
제3대,1457,1956.06.19.,제3대국회 제22회(정기회) 제36차 국회본회의(전체회의) (1956.06.19.),0,0,5,0,0,0,0.4,0.8944271910000671,false,0.2,0.4472135955041785,false,1.4,3.1304951684993134,false,0.0,0.0,false,0.0,0.0,false,0.0,0.0,false
제3대,1458,1956.06.21.,제3대국회 제22회(정기회) 제37차 국회본회의(전체회의) (1956.06.21.),0,1,0,0,0,0,0.4,0.8944271910000671,false,0.2,0.4472135955041785,false,2.4,3.361547262793956,false,0.0,0.0,false,0.0,0.0,false,0.0,0.0,false
제3대,1459,1956.06.22.,제3대국회 제22회(정기회) 제38차 국회본회의(전체회의) (1956.06.22.),0,0,4,0,0,0,0.4,0.8944271910000671,false,0.4,0.5477225575086109,false,2.4,3.361547262793956,false,0.0,0.0,false,0.0,0.0,false,0.0,0.0,false
제3대,1460,1956.06.23.,제3대국회 제22회(정기회) 제39차 국회본회의(전체회의) (1956.06.23.),5,0,140,0,0,0,0.4,0.8944271910000671,true,0.4,0.5477225575086109,false,1.8,2.489979919597253,true,0.0,0.0,false,0.0,0.0,false,0.0,0.0,false
제3대,1461,1956.06.26.,제3대국회 제22회(정기회) 제40차 국회본회의(전체회의) (1956.06.26.),0,0,0,0,0,0,1.4,2.1908902300207274,false,0.4,0.5477225575086109,false,29.8,61.64576222255669,false,0.0,0.0,false,0.0,0.0,false,0.0,0.0,false
제3대,1462,1956.06.27.,제3대국회 제22회(정기회) 제41차 국회본회의(전체회의) (1956.06.27.),5,1,0,0,0,0,1.0,2.2360679774998506,false,0.2,0.4472135955041785,false,29.8,61.64576222255669,false,0.0,0.0,false,0.0,0.0,false,0.0,0.0,false
제3대,1463,1956.06.28.,제3대국회 제22회(정기회) 제42차 국회본회의(전체회의) (1956.06.28.),0,0,2,0,0,0,2.0,2.738612787525881,false,0.4,0.5477225575086109,false,28.8,62.186815322864035,false,0.0,0.0,false,0.0,0.0,false,0.0,0.0,false
제3대,1464,1956.06.29.,제3대국회 제22회(정기회) 제43차 국회본회의(전체회의) (1956.06.29.),0,0,0,0,0,0,2.0,2.7386127875258817,false,0.2,0.4472135955041785,false,29.2,61.961278230843476,false,0.0,0.0,false,0.0,0.0,false,0.0,0.0,false
제3대,1465,1956.06.30.,제3대국회 제22회(정기회) 제44차 국회본회의(전체회의) (1956.06.30.),0,0,1,0,0,0,2.0,2.7386127875258817,false,0.2,0.4472135955041785,false,28.4,62.39230721811782,false,0.0,0.0,false,0.0,0.0,false,0.0,0.0,false
제3대,1466,1956.07.02.,제3대국회 제22회(정기회) 제45차 국회본회의(전체회의) (1956.07.02.),0,0,1,0,0,0,1.0,2.236067977499851,false,0.2,0.4472135955041785,false,0.6,0.894427190998644,false,0.0,0.0,false,0.0,0.0,false,0.0,0.0,false
제3대,1467,1956.07.03.,제3대국회 제22회(정기회) 제46차 국회본회의(전체회의) (1956.07.03.),2,0,0,0,0,0,1.0,2.236067977499851,false,0.2,0.4472135955041785,false,0.8,0.8366600265327142,false,0.0,0.0,false,0.0,0.0,false,0.0,0.0,false
제3대,1468,1956.07.04.,제3대국회 제22회(정기회) 제47차 국회본회의(전체회의) (1956.07.04.),0,0,0,0,0,0,0.4,0.8944271910000678,false,0.0,1.9433022457308256e-6,false,0.8,0.8366600265327142,false,0.0,0.0,false,0.0,0.0,false,0.0,0.0,false
제3대,1469,1956.07.05.,제3대국회 제22회(정기회) 제48차 국회본회의(전체회의) (1956.07.05.),0,0,0,0,0,0,0.4,0.8944271910000678,false,0.0,1.9433022457308256e-6,false,0.4,0.5477225575030917,false,0.0,0.0,false,0.0,0.0,false,0.0,0.0,false
제3대,1470,1956.07.06.,제3대국회 제22회(정기회) 제49차 국회본회의(전체회의) (1956.07.06.),0,2,4,0,0,0,0.4,0.8944271910000678,false,0.0,1.9433022457308256e-6,true,0.4,0.5477225575030917,true,0.0,0.0,false,0.0,0.0,false,0.0,0.0,false
제3대,1471,1956.07.07.,제3대국회 제22회(정기회) 제50차 국회본회의(전체회의) (1956.07.07.),0,0,0,0,0,0,0.4,0.8944271910000678,false,0.4,0.8944271910020254,false,1.0,1.7320508075682188,false,0.0,0.0,false,0.0,0.0,false,0.0,0.0,false
제3대,1472,1956.07.09.,제3대국회 제22회(정기회) 제51차 국회본회의(전체회의) (1956.07.09.),0,0,0,0,0,0,0.4,0.8944271910000678,false,0.4,0.8944271910020254,false,0.8,1.788854381999195,false,0.0,0.0,false,0.0,0.0,false,0.0,0.0,false
제3대,1473,1956.07.10.,제3대국회 제22회(정기회) 제52차 국회본회의(전체회의) (1956.07.10.),2,0,0,0,0,1,0.0,5.196212462831347e-7,true,0.4,0.8944271910020254,false,0.8,1.788854381999195,false,0.0,0.0,false,0.0,0.0,false,0.0,0.0,true
제3대,1474,1956.07.11.,제3대국회 제22회(정기회) 제1차 재정경제위원회(전체회의) (1956.07.11.),5,20,0,0,0,0,0.4,0.8944271910000678,true,0.4,0.8944271910020254,true,0.8,1.788854381999195,false,0.0,0.0,false,0.0,0.0,false,0.2,0.44721359549995077,false
제3대,1475,1956.07.12.,제3대국회 제22회(정기회) 제2차 재정경제위원회(전체회의) (1956.07.12.),0,4,1,0,0,0,1.4,2.1908902300207274,false,4.4,8.76356092008287,false,0.8,1.788854381999195,false,0.0,0.0,false,0.0,0.0,false,0.2,0.44721359549995077,false
제3대,1476,1956.07.13.,제3대국회 제22회(정기회) 제3차 예산결산위원회(전체회의) (1956.07.13.),6,18,0,0,0,0,1.4,2.1908902300207274,true,4.8,8.671793355471735,false,0.2,0.44721359549742057,false,0.0,0.0,false,0.0,0.0,false,0.2,0.44721359549995077,false
제3대,1477,1956.07.13.,제3대국회 제22회(정기회) 제3차 재정경제위원회(전체회의) (1956.07.13.),0,0,0,0,0,0,2.6,2.7928480087538388,false,8.4,9.838699100999262,false,0.2,0.44721359549742057,false,0.0,0.0,false,0.0,0.0,false,0.2,0.44721359549995077,false
제3대,1478,1956.07.14.,제3대국회 제22회(정기회) 제4차 예산결산위원회(전체회의) (1956.07.14.),8,3,1,0,0,1,2.6,2.7928480087538388,false,8.4,9.838699100999262,false,0.2,0.44721359549742057,false,0.0,0.0,false,0.0,0.0,false,0.2,0.44721359549995077,false
제3대,1479,1956.07.16.,제3대국회 제22회(정기회) 제53차 국회본회의(전체회의) (1956.07.16.),3,0,0,0,0,3,3.8,3.6331804249170294,false,9.0,9.273618495495903,false,0.4,0.5477225575030918,false,0.0,0.0,false,0.0,0.0,false,0.2,0.44721359549995077,true
제3대,1480,1956.07.16.,제3대국회 제22회(정기회) 제5차 예산결산위원회(전체회의) (1956.07.16.),6,0,0,0,0,2,3.4,3.5777087639997034,false,5.0,7.483314773548133,false,0.4,0.5477225575030918,false,0.0,0.0,false,0.0,0.0,false,0.8,1.3038404810405282,false
제3대,1481,1956.07.17.,제3대국회 제22회(정기회) 제6차 예산결산위원회(전체회의) (1956.07.17.),3,1,1,0,0,2,4.6,3.130495168499752,false,4.2,7.823042886243418,false,0.2,0.44721359549742057,false,0.0,0.0,false,0.0,0.0,false,1.2,1.3038404810405286,false
제3대,1482,1956.07.19.,제3대국회 제22회(정기회) 제4차 재정경제위원회(전체회의) (1956.07.19.),8,1,0,0,1,0,4.0,3.082207001484535,false,0.8,1.3038404810419792,false,0.4,0.5477225575030918,false,0.0,0.0,false,0.0,0.0,true,1.6,1.1401754250991374,false
제3대,1483,1956.07.19.,제3대국회 제22회(정기회) 제7차 예산결산위원회(전체회의) (1956.07.19.),26,0,0,0,0,2,5.6,2.5099800796022858,true,1.0,1.2247448713931313,false,0.4,0.5477225575030918,false,0.0,0.0,false,0.2,0.4472135954999578,false,1.6,1.1401754250991374,false
제3대,1484,1956.07.20.,제3대국회 제22회(정기회) 제5차 재정경제위원회(전체회의) (1956.07.20.),0,0,0,0,0,0,9.2,9.628083921528743,false,0.4,0.5477225575086196,false,0.2,0.44721359549742057,false,0.0,0.0,false,0.2,0.4472135954999578,false,1.8,1.095445115010332,false
제3대,1485,1956.07.20.,제3대국회 제22회(정기회) 제8차 예산결산위원회(전체회의) (1956.07.20.),15,17,1,0,0,0,8.6,10.188228501560038,false,0.4,0.5477225575086196,true,0.2,0.44721359549742057,false,0.0,0.0,false,0.2,0.4472135954999578,false,1.2,1.0954451150103308,false
제3대,1486,1956.07.21.,제3대국회 제22회(정기회) 제9차 예산결산위원회(전체회의) (1956.07.21.),2,2,0,0,0,1,10.4,10.40672859259817,false,3.8,7.395944834840492,false,0.4,0.5477225575030918,false,0.0,0.0,false,0.2,0.4472135954999578,false,0.8,1.0954451150103304,false
제3대,1487,1956.07.22.,제3대국회 제22회(정기회) 제10차 예산결산위원회(전체회의) (1956.07.22.),1,0,1,0,0,1,10.2,10.592450141492304,false,4.0,7.314369419164152,false,0.2,0.44721359549742057,false,0.0,0.0,false,0.2,0.4472135954999578,false,0.6,0.8944271909999131,false
제3대,1488,1956.07.23.,제3대국회 제22회(정기회) 제11차 예산결산위원회(전체회의) (1956.07.23.),0,0,0,0,0,0,8.8,11.388590782006364,false,3.8,7.429670248402936,false,0.4,0.5477225575030918,false,0.0,0.0,false,0.0,0.0,false,0.8,0.836660026534073,false
제3대,1489,1956.07.23.,제3대국회 제22회(정기회) 제54차 국회본회의(전체회의) (1956.07.23.),0,0,0,0,0,0,3.6,6.426507605223877,false,3.8,7.429670248402936,false,0.4,0.5477225575030918,false,0.0,0.0,false,0.0,0.0,false,0.4,0.5477225575051609,false
제3대,1490,1956.07.24.,제3대국회 제22회(정기회) 제12차 예산결산위원회(전체회의) (1956.07.24.),10,1,0,0,0,3,3.6,6.426507605223877,false,3.8,7.429670248402936,false,0.4,0.5477225575030918,false,0.0,0.0,false,0.0,0.0,false,0.4,0.5477225575051609,true
제3대,1491,1956.07.25.,제3대국회 제22회(정기회) 제13차 예산결산위원회(전체회의) (1956.07.25.),4,0,0,0,0,0,2.6,4.219004621945836,false,0.6,0.8944271910020285,false,0.2,0.44721359549742057,false,0.0,0.0,false,0.0,0.0,false,1.0,1.2247448713915876,false
제3대,1492,1956.07.26.,제3대국회 제22회(정기회) 제55차 국회본회의(전체회의) (1956.07.26.),0,0,0,0,0,0,3.0,4.242640687119324,false,0.2,0.4472135955041873,false,0.2,0.44721359549742057,false,0.0,0.0,false,0.0,0.0,false,0.8,1.3038404810405282,false
제3대,1493,1956.07.27.,제3대국회 제22회(정기회) 제56차 국회본회의(전체회의) (1956.07.27.),0,0,0,0,0,0,2.8,4.381780460041367,false,0.2,0.4472135955041873,false,0.0,0.0,false,0.0,0.0,false,0.0,0.0,false,0.6,1.3416407864998718,false
제3대,1494,1956.07.28.,제3대국회 제22회(정기회) 제57차 국회본회의(전체회의) (1956.07.28.),0,0,0,0,0,0,2.8,4.381780460041367,false,0.2,0.4472135955041873,false,0.0,0.0,false,0.0,0.0,false,0.0,0.0,false,0.6,1.3416407864998718,false
제3대,1495,1956.07.30.,제3대국회 제22회(정기회) 제58차 국회본회의(전체회의) (1956.07.30.),1,0,0,0,0,0,2.8,4.381780460041367,false,0.2,0.4472135955041873,false,0.0,0.0,false,0.0,0.0,false,0.0,0.0,false,0.6,1.3416407864998718,false
제3대,1496,1956.07.31.,제3대국회 제22회(정기회) 제59차 국회본회의(전체회의) (1956.07.31.),0,0,0,0,0,1,1.0,1.7320508075689727,false,0.0,1.945414934826166e-6,false,0.0,0.0,false,0.0,0.0,false,0.0,0.0,false,0.0,0.0,true
제3대,1497,1956.08.01.,제3대국회 제22회(정기회) 제60차 국회본회의(전체회의) (1956.08.01.),11,1,2,0,0,1,0.2,0.4472135955003289,true,0.0,1.945414934826166e-6,true,0.0,0.0,true,0.0,0.0,false,0.0,0.0,false,0.2,0.44721359549995077,false
제3대,1498,1956.08.02.,제3대국회 제22회(정기회) 제61차 국회본회의(전체회의) (1956.08.02.),0,0,0,0,0,0,2.4,4.827007354458902,false,0.2,0.4472135955041873,false,0.4,0.8944271909986455,false,0.0,0.0,false,0.0,0.0,false,0.4,0.547722557505161,false
제3대,1499,1956.08.03.,제3대국회 제22회(정기회) 제62차 국회본회의(전체회의) (1956.08.03.),0,1,33,0,0,0,2.4,4.827007354458902,false,0.2,0.4472135955041873,false,0.4,0.8944271909986455,true,0.0,0.0,false,0.0,0.0,false,0.4,0.547722557505161,false
제3대,1500,1956.08.04.,제3대국회 제22회(정기회) 제63차 국회본회의(전체회의) (1956.08.04.),11,6,0,0,0,0,2.4,4.827007354458902,false,0.4,0.5477225575086178,true,7.0,14.560219778560954,false,0.0,0.0,false,0.0,0.0,false,0.4,0.547722557505161,false
제3대,1501,1956.08.15.,제3대국회 제22회(정기회) 제64차 국회본회의(전체회의) (1956.08.15.),0,0,0,0,0,0,4.4,6.024948132556855,false,1.6,2.5099800796029776,false,7.0,14.560219778560954,false,0.0,0.0,false,0.0,0.0,false,0.4,0.547722557505161,false
제3대,1502,1956.08.16.,제3대국회 제22회(정기회) 제65차 국회본회의(전체회의) (1956.08.16.),3,0,0,0,0,0,4.4,6.024948132556855,false,1.6,2.5099800796029776,false,7.0,14.560219778560954,false,0.0,0.0,false,0.0,0.0,false,0.2,0.44721359549995077,false
제3대,1503,1956.08.17.,제3대국회 제22회(정기회) 제66차 국회본회의(전체회의) (1956.08.17.),2,2,0,0,0,0,2.8,4.7644516998286734,false,1.4,2.607680962081783,false,6.6,14.75804865149853,false,0.0,0.0,false,0.0,0.0,false,0.0,0.0,false
제3대,1504,1956.08.18.,제3대국회 제22회(정기회) 제67차 국회본회의(전체회의) (1956.08.18.),0,0,1,0,0,0,3.2,4.549725266430967,false,1.8,2.489979919598503,false,6.6,14.75804865149853,false,0.0,0.0,false,0.0,0.0,false,0.0,0.0,false
제3대,1505,1956.09.10.,제3대국회 제22회(정기회) 제68차 국회본회의(전체회의) (1956.09.10.),0,0,0,0,0,0,3.2,4.549725266430967,false,1.6,2.6076809620817825,false,0.2,0.44721359549734907,false,0.0,0.0,false,0.0,0.0,false,0.0,0.0,false
제3대,1506,1956.09.11.,제3대국회 제22회(정기회) 제69차 국회본회의(전체회의) (1956.09.11.),1,0,0,0,0,0,1.0,1.414213562373213,false,0.4,0.894427191002029,false,0.2,0.44721359549734907,false,0.0,0.0,false,0.0,0.0,false,0.0,0.0,false
제3대,1507,1956.09.12.,제3대국회 제22회(정기회) 제70차 국회본회의(전체회의) (1956.09.12.),1,0,1,0,0,0,1.2,1.3038404810406579,false,0.4,0.894427191002029,false,0.2,0.44721359549734907,false,0.0,0.0,false,0.0,0.0,false,0.0,0.0,false
제3대,1508,1956.09.14.,제3대국회 제22회(정기회) 제71차 국회본회의(전체회의) (1956.09.14.),2,0,0,0,0,8,0.8,0.8366600265342751,false,0.4,0.894427191002029,false,0.4,0.5477225575030334,false,0.0,0.0,false,0.0,0.0,false,0.0,0.0,true
제3대,1509,1956.09.15.,제3대국회 제22회(정기회) 제72차 국회본회의(전체회의) (1956.09.15.),4,0,1,0,0,0,0.8,0.8366600265342751,true,0.0,1.9451581087208654e-6,false,0.4,0.5477225575030334,false,0.0,0.0,false,0.0,0.0,false,1.6,3.5777087639996634,false
제3대,1510,1956.09.24.,제3대국회 제22회(정기회) 제73차 국회본회의(전체회의) (1956.09.24.),0,0,0,0,0,0,1.6,1.5165750888104201,false,0.0,1.9451581087208654e-6,false,0.4,0.5477225575030334,false,0.0,0.0,false,0.0,0.0,false,1.6,3.5777087639996634,false
제3대,1511,1956.09.25.,제3대국회 제22회(정기회) 제74차 국회본회의(전체회의) (1956.09.25.),0,0,0,0,0,0,1.6,1.5165750888104201,false,0.0,1.9451581087208654e-6,false,0.4,0.5477225575030334,false,0.0,0.0,false,0.0,0.0,false,1.6,3.5777087639996634,false
제3대,1512,1956.09.26.,제3대국회 제22회(정기회) 제75차 국회본회의(전체회의) (1956.09.26.),3,0,1,0,0,0,1.4,1.6733200530682508,false,0.0,1.9451581087208654e-6,false,0.4,0.5477225575030334,false,0.0,0.0,false,0.0,0.0,false,1.6,3.5777087639996634,false
제3대,1513,1956.09.27.,제3대국회 제22회(정기회) 제76차 국회본회의(전체회의) (1956.09.27.),2,0,0,0,0,0,1.8,1.7888543819999252,false,0.0,1.9451581087208654e-6,false,0.4,0.5477225575030334,false,0.0,0.0,false,0.0,0.0,false,1.6,3.5777087639996634,false
제3대,1514,1956.10.01.,제3대국회 제22회(정기회) 제77차 국회본회의(전체회의) (1956.10.01.),0,0,8,0,0,0,1.8,1.7888543819999252,false,0.0,1.9451581087208654e-6,false,0.4,0.5477225575030334,true,0.0,0.0,false,0.0,0.0,false,0.0,0.0,false
제3대,1515,1956.10.02.,제3대국회 제22회(정기회) 제78차 국회본회의(전체회의) (1956.10.02.),0,0,0,0,0,0,1.0,1.414213562373213,false,0.0,1.9451581087208654e-6,false,1.8,3.4928498393142586,false,0.0,0.0,false,0.0,0.0,false,0.0,0.0,false
제3대,1516,1956.10.04.,제3대국회 제22회(정기회) 제79차 국회본회의(전체회의) (1956.10.04.),4,0,0,0,0,0,1.0,1.414213562373213,true,0.0,1.9451581087208654e-6,false,1.8,3.4928498393142586,false,0.0,0.0,false,0.0,0.0,false,0.0,0.0,false
제3대,1517,1956.10.05.,제3대국회 제22회(정기회) 제80차 국회본회의(전체회의) (1956.10.05.),0,0,2,0,0,0,1.8,1.7888543819999252,false,0.0,1.9451581087208654e-6,false,1.8,3.4928498393142586,false,0.0,0.0,false,0.0,0.0,false,0.0,0.0,false
제3대,1518,1956.10.06.,제3대국회 제22회(정기회) 제81차 국회본회의(전체회의) (1956.10.06.),0,0,0,1,0,0,1.2,1.7888543819999252,false,0.0,1.9451581087208654e-6,false,2.0,3.464101615137414,false,0.0,0.0,true,0.0,0.0,false,0.0,0.0,false
제3대,1519,1956.10.08.,제3대국회 제22회(정기회) 제82차 국회본회의(전체회의) (1956.10.08.),0,0,0,0,0,0,0.8,1.7888543819999252,false,0.0,1.9451581087208654e-6,false,2.0,3.464101615137414,false,0.2,0.4472135954999579,false,0.0,0.0,false,0.0,0.0,false
제3대,1520,1956.10.10.,제3대국회 제22회(정기회) 제83차 국회본회의(전체회의) (1956.10.10.),6,0,7,0,0,0,0.8,1.7888543819999252,true,0.0,1.9451581087208654e-6,false,0.4,0.8944271909986098,true,0.2,0.4472135954999579,false,0.0,0.0,false,0.0,0.0,false
제3대,1521,1956.10.11.,제3대국회 제22회(정기회) 제84차 국회본회의(전체회의) (1956.10.11.),1,0,0,0,0,0,2.0,2.8284271247462494,false,0.0,1.9451581087208654e-6,false,1.8,3.033150177620232,false,0.2,0.4472135954999579,false,0.0,0.0,false,0.0,0.0,false
제3대,1522,1956.10.12.,제3대국회 제22회(정기회) 제85차 국회본회의(전체회의) (1956.10.12.),0,1,1,0,0,2,1.4,2.6076809620811234,false,0.0,1.9451581087208654e-6,true,1.8,3.033150177620232,false,0.2,0.4472135954999579,false,0.0,0.0,false,0.0,0.0,true
제3대,1523,1956.10.13.,제3대국회 제22회(정기회) 제86차 국회본회의(전체회의) (1956.10.13.),0,0,0,0,0,0,1.4,2.6076809620811234,false,0.2,0.4472135955041862,false,1.6,3.0495901363949955,false,0.2,0.4472135954999579,false,0.0,0.0,false,0.4,0.8944271909999126,false
제3대,1524,1956.10.15.,제3대국회 제22회(정기회) 제87차 국회본회의(전체회의) (1956.10.15.),0,0,1,0,0,1,1.4,2.6076809620811234,false,0.2,0.4472135955041862,false,1.6,3.0495901363949955,false,0.0,0.0,false,0.0,0.0,false,0.4,0.8944271909999126,false
제3대,1525,1956.10.16.,제3대국회 제22회(정기회) 제88차 국회본회의(전체회의) (1956.10.16.),2,0,0,0,0,15,1.4,2.6076809620811234,false,0.2,0.4472135955041862,false,1.8,2.9495762407501256,false,0.0,0.0,false,0.0,0.0,false,0.6,0.8944271909999131,true
제3대,1526,1956.10.17.,제3대국회 제22회(정기회) 제89차 국회본회의(전체회의) (1956.10.17.),14,1,0,0,0,13,0.6,0.8944271910001025,true,0.2,0.4472135955041862,false,0.4,0.5477225575030334,false,0.0,0.0,false,0.0,0.0,false,3.6,6.4265076052238514,false
제3대,1527,1956.10.18.,제3대국회 제22회(정기회) 제90차 국회본회의(전체회의) (1956.10.18.),1,0,0,0,0,0,3.2,6.0991802727907904,false,0.4,0.5477225575086169,false,0.4,0.5477225575030334,false,0.0,0.0,false,0.0,0.0,false,6.2,7.1902712048990205,false
제3대,1528,1956.10.19.,제3대국회 제22회(정기회) 제91차 국회본회의(전체회의) (1956.10.19.),2,1,0,0,0,0,3.4,5.983310120660664,false,0.2,0.4472135955041862,false,0.2,0.44721359549734907,false,0.0,0.0,false,0.0,0.0,false,5.8,7.529940238806681,false
제3대,1529,1956.10.22.,제3대국회 제22회(정기회) 제14차 예산결산위원회(전체회의) (1956.10.22.),0,5,0,0,0,0,3.8,5.7619441163552025,false,0.4,0.5477225575086169,true,0.2,0.44721359549734907,false,0.0,0.0,false,0.0,0.0,false,5.8,7.529940238806681,false
제3대,1530,1956.10.22.,제3대국회 제22회(정기회) 제92차 국회본회의(전체회의) (1956.10.22.),2,1,0,0,0,0,3.8,5.7619441163552025,false,1.4,2.0736441353336814,false,0.0,0.0,false,0.0,0.0,false,0.0,0.0,false,5.6,7.700649323271383,false
제3대,1531,1956.10.23.,제3대국회 제22회(정기회) 제93차 국회본회의(전체회의) (1956.10.23.),3,2,1,0,0,0,3.8,5.7619441163552025,false,1.6,1.9493588689627597,false,0.0,0.0,true,0.0,0.0,false,0.0,0.0,false,2.6,5.813776741499454,false
제3대,1532,1956.11.08.,제3대국회 제22회(정기회) 제94차 국회본회의(전체회의) (1956.11.08.),2,0,0,0,0,0,1.6,1.1401754250992875,false,1.8,1.9235384061681138,false,0.2,0.44721359549734907,false,0.0,0.0,false,0.0,0.0,false,0.0,0.0,false
제3대,1533,1956.11.09.,제3대국회 제22회(정기회) 제95차 국회본회의(전체회의) (1956.11.09.),2,15,0,0,0,0,1.8,1.0954451150104878,false,1.8,1.9235384061681138,true,0.2,0.44721359549734907,false,0.0,0.0,false,0.0,0.0,false,0.0,0.0,false
제3대,1534,1956.11.10.,제3대국회 제22회(정기회) 제96차 국회본회의(전체회의) (1956.11.10.),1,0,1,0,0,0,1.8,1.0954451150104878,false,4.6,6.107372593841295,false,0.2,0.44721359549734907,false,0.0,0.0,false,0.0,0.0,false,0.0,0.0,false
제3대,1535,1956.11.12.,제3대국회 제22회(정기회) 제97차 국회본회의(전체회의) (1956.11.12.),0,4,0,0,0,0,2.0,0.7071067811867885,false,3.6,6.426507605224144,false,0.4,0.5477225575030334,false,0.0,0.0,false,0.0,0.0,false,0.0,0.0,false
제3대,1536,1956.11.13.,제3대국회 제22회(정기회) 제98차 국회본회의(전체회의) (1956.11.13.),5,0,1,0,0,0,1.6,1.1401754250992875,true,4.2,6.260990336999711,false,0.4,0.5477225575030334,false,0.0,0.0,false,0.0,0.0,false,0.0,0.0,false
제3대,1537,1956.11.28.,제3대국회 제22회(정기회) 제99차 국회본회의(전체회의) (1956.11.28.),0,0,0,0,0,0,2.0,1.870828693387062,false,3.8,6.496152707564976,false,0.4,0.5477225575030334,false,0.0,0.0,false,0.0,0.0,false,0.0,0.0,false
제3대,1538,1956.11.29.,제3대국회 제22회(정기회) 제100차 국회본회의(전체회의) (1956.11.29.),0,0,0,0,0,4,1.6,2.073644135332854,false,3.8,6.496152707564976,false,0.4,0.5477225575030334,false,0.0,0.0,false,0.0,0.0,false,0.0,0.0,true
제3대,1539,1956.11.30.,제3대국회 제22회(정기회) 제101차 국회본회의(전체회의) (1956.11.30.),0,0,0,0,0,0,1.2,2.1679483388679586,false,0.8,1.7888543820008886,false,0.4,0.5477225575030334,false,0.0,0.0,false,0.0,0.0,false,0.8,1.7888543819998306,false
제3대,1540,1956.12.01.,제3대국회 제22회(정기회) 제102차 국회본회의(전체회의) (1956.12.01.),0,0,0,0,0,0,1.0,2.2360679774998657,false,0.8,1.7888543820008886,false,0.2,0.44721359549734907,false,0.0,0.0,false,0.0,0.0,false,0.8,1.7888543819998306,false
제3대,1541,1956.12.03.,제3대국회 제22회(정기회) 제103차 국회본회의(전체회의) (1956.12.03.),1,0,0,0,0,0,1.0,2.2360679774998657,false,0.0,1.9460711142199646e-6,false,0.2,0.44721359549734907,false,0.0,0.0,false,0.0,0.0,false,0.8,1.7888543819998306,false
제3대,1542,1956.12.05.,제3대국회 제22회(정기회) 제104차 국회본회의(전체회의) (1956.12.05.),0,0,0,0,0,0,0.2,0.4472135955003393,false,0.0,1.9460711142199646e-6,false,0.0,0.0,false,0.0,0.0,false,0.0,0.0,false,0.8,1.7888543819998306,false
제3대,1543,1956.12.07.,제3대국회 제22회(정기회) 제105차 국회본회의(전체회의) (1956.12.07.),0,0,0,0,0,0,0.2,0.4472135955003393,false,0.0,1.9460711142199646e-6,false,0.0,0.0,false,0.0,0.0,false,0.0,0.0,false,0.8,1.7888543819998306,false
제3대,1544,1956.12.10.,제3대국회 제22회(정기회) 제106차 국회본회의(전체회의) (1956.12.10.),0,0,0,0,0,0,0.2,0.4472135955003393,false,0.0,1.9460711142199646e-6,false,0.0,0.0,false,0.0,0.0,false,0.0,0.0,false,0.0,0.0,false
제3대,1545,1956.12.11.,제3대국회 제22회(정기회) 제15차 예산결산위원회(전체회의) (1956.12.11.),2,7,3,0,0,0,0.2,0.4472135955003393,true,0.0,1.9460711142199646e-6,true,0.0,0.0,true,0.0,0.0,false,0.0,0.0,false,0.0,0.0,false
제3대,1546,1956.12.12.,제3대국회 제22회(정기회) 제107차 국회본회의(전체회의) (1956.12.12.),3,0,0,0,0,0,0.6,0.8944271910001065,true,1.4,3.130495168500309,false,0.6,1.341640786499002,false,0.0,0.0,false,0.0,0.0,false,0.0,0.0,false
제3대,1547,1956.12.12.,제3대국회 제22회(정기회) 제16차 예산결산위원회(전체회의) (1956.12.12.),2,8,1,0,0,0,1.0,1.4142135623732157,false,1.4,3.130495168500309,true,0.6,1.341640786499002,false,0.0,0.0,false,0.0,0.0,false,0.0,0.0,false
제3대,1548,1956.12.13.,제3대국회 제22회(정기회) 제17차 예산결산위원회(전체회의) (1956.12.13.),25,7,4,0,0,1,1.4,1.3416407865000008,true,3.0,4.123105625618117,false,0.8,1.3038404810396316,true,0.0,0.0,false,0.0,0.0,false,0.0,0.0,true
제3대,1549,1956.12.14.,제3대국회 제22회(정기회) 제108차 국회본회의(전체회의) (1956.12.14.),2,2,0,0,0,0,6.4,10.454664030948118,false,4.4,4.037325847637735,false,1.6,1.8165902124578472,false,0.0,0.0,false,0.0,0.0,false,0.2,0.44721359549995077,false
제3대,1550,1956.12.14.,제3대국회 제22회(정기회) 제18차 예산결산위원회(전체회의) (1956.12.14.),3,0,0,0,0,0,6.8,10.183319694480792,false,4.8,3.5637059362416186,false,1.6,1.8165902124578472,false,0.0,0.0,false,0.0,0.0,false,0.2,0.44721359549995077,false
제3대,1551,1956.12.15.,제3대국회 제22회(정기회) 제19차 예산결산위원회(전체회의) (1956.12.15.),8,3,1,0,0,0,7.0,10.074720839804959,false,3.4,3.847076812334758,false,1.0,1.7320508075682004,false,0.0,0.0,false,0.0,0.0,false,0.2,0.44721359549995077,false
제3대,1552,1956.12.16.,제3대국회 제22회(정기회) 제20차 예산결산위원회(전체회의) (1956.12.16.),28,1,0,0,0,0,8.0,9.82344135219427,true,4.0,3.3911649915631883,false,1.2,1.643167672514784,false,0.0,0.0,false,0.0,0.0,false,0.2,0.44721359549995077,false
제3대,1553,1956.12.17.,제3대국회 제22회(정기회) 제109차 국회본회의(전체회의) (1956.12.17.),0,0,0,0,0,0,13.2,12.397580409095976,false,2.6,2.7018512172219564,false,1.0,1.7320508075682004,false,0.0,0.0,false,0.0,0.0,false,0.2,0.44721359549995077,false
제3대,1554,1956.12.17.,제3대국회 제22회(정기회) 제21차 예산결산위원회(전체회의) (1956.12.17.),15,0,2,0,0,0,8.2,11.454256850621098,false,1.2,1.3038404810419788,false,0.2,0.4472135954973491,true,0.0,0.0,false,0.0,0.0,false,0.0,0.0,false
제3대,1555,1956.12.18.,제3대국회 제22회(정기회) 제22차 예산결산위원회(전체회의) (1956.12.18.),22,1,0,1,0,0,10.8,11.166915420114918,false,0.8,1.30384048104198,false,0.6,0.8944271909986082,false,0.0,0.0,true,0.0,0.0,false,0.0,0.0,false
제3대,1556,1956.12.19.,제3대국회 제22회(정기회) 제110차 국회본회의(전체회의) (1956.12.19.),3,0,0,0,0,0,14.6,11.08151614175607,false,1.0,1.2247448713931324,false,0.6,0.8944271909986082,false,0.2,0.4472135954999579,false,0.0,0.0,false,0.0,0.0,false
제3대,1557,1956.12.19.,제3대국회 제22회(정기회) 제23차 예산결산위원회(전체회의) (1956.12.19.),0,0,0,0,0,0,13.6,12.012493496356214,false,0.4,0.5477225575086208,false,0.4,0.8944271909986099,false,0.2,0.4472135954999579,false,0.0,0.0,false,0.0,0.0,false
제3대,1558,1956.12.20.,제3대국회 제22회(정기회) 제24차 예산결산위원회(전체회의) (1956.12.20.),3,6,0,0,0,0,8.0,9.97496867163002,false,0.2,0.44721359550419054,true,0.4,0.8944271909986099,false,0.2,0.4472135954999579,false,0.0,0.0,false,0.0,0.0,false
제3대,1559,1956.12.21.,제3대국회 제22회(정기회) 제111차 국회본회의(전체회의) (1956.12.21.),1,0,0,0,0,0,8.6,9.44986772394198,false,1.4,2.607680962081784,false,0.4,0.8944271909986099,false,0.2,0.4472135954999579,false,0.0,0.0,false,0.0,0.0,false
제3대,1560,1956.12.21.,제3대국회 제22회(정기회) 제25차 예산결산위원회(전체회의) (1956.12.21.),5,25,0,0,0,0,5.8,9.148770409186163,false,1.4,2.607680962081784,true,0.0,0.0,false,0.2,0.4472135954999579,false,0.0,0.0,false,0.0,0.0,false
제3대,1561,1956.12.22.,제3대국회 제22회(정기회) 제26차 예산결산위원회(전체회의) (1956.12.22.),0,1,1,0,0,0,2.4,1.949358868961884,false,6.2,10.825894882179659,false,0.0,0.0,true,0.0,0.0,false,0.0,0.0,false,0.0,0.0,false
제3대,1562,1956.12.23.,제3대국회 제22회(정기회) 제27차 예산결산위원회(전체회의) (1956.12.23.),9,3,0,0,0,0,1.8,2.167948338867962,true,6.4,10.691117808723451,false,0.2,0.44721359549734924,false,0.0,0.0,false,0.0,0.0,false,0.0,0.0,false
제3대,1563,1956.12.24.,제3대국회 제22회(정기회) 제112차 국회본회의(전체회의) (1956.12.24.),0,0,0,0,0,0,3.6,3.577708763999713,false,7.0,10.319883720275326,false,0.2,0.44721359549734924,false,0.0,0.0,false,0.0,0.0,false,0.0,0.0,false
제3대,1564,1956.12.24.,제3대국회 제22회(정기회) 제28차 예산결산위원회(전체회의) (1956.12.24.),2,2,0,0,0,1,3.0,3.9370039370059504,false,5.8,10.802777420645292,false,0.2,0.44721359549734924,false,0.0,0.0,false,0.0,0.0,false,0.0,0.0,true
제3대,1565,1956.12.26.,제3대국회 제22회(정기회) 제113차 국회본회의(전체회의) (1956.12.26.),0,0,0,0,0,0,3.2,3.834057902536209,false,6.2,10.568822072492456,false,0.2,0.44721359549734924,false,0.0,0.0,false,0.0,0.0,false,0.2,0.44721359549995077,false
제3대,1566,1956.12.27.,제3대국회 제22회(정기회) 제114차 국회본회의(전체회의) (1956.12.27.),13,44,5,0,0,0,2.2,3.898717737923631,true,1.2,1.3038404810419748,true,0.2,0.44721359549734924,true,0.0,0.0,false,0.0,0.0,false,0.2,0.44721359549995077,false
제3대,1567,1956.12.28.,제3대국회 제22회(정기회) 제115차 국회본회의(전체회의) (1956.12.28.),15,61,17,1,0,1,4.8,5.890670590009287,false,9.8,19.16246330720567,true,1.0,2.2360679774992653,true,0.0,0.0,true,0.0,0.0,false,0.2,0.44721359549995077,false
제3대,1568,1956.12.29.,제3대국회 제22회(정기회) 제116차 국회본회의(전체회의) (1956.12.29.),5,3,0,0,0,0,6.0,7.382411530116724,false,21.4,29.03101789465887,false,4.4,7.368853370776054,false,0.2,0.4472135954999579,false,0.0,0.0,false,0.4,0.547722557505161,false
제3대,1569,1956.12.30.,제3대국회 제22회(정기회) 제117차 국회본회의(전체회의) (1956.12.30.),5,382,2,0,0,0,7.0,6.670832032063194,false,22.0,28.504385627478513,true,4.4,7.368853370776054,false,0.2,0.4472135954999579,false,0.0,0.0,false,0.4,0.547722557505161,false
제3대,1570,1956.12.31.,제3대국회 제22회(정기회) 폐회식 국회본회의(전체회의) (1956.12.31.),0,2,4,0,0,2,7.6,6.228964600959003,false,98.0,160.91146634096654,false,4.8,7.120393247566991,false,0.2,0.4472135954999579,false,0.0,0.0,false,0.2,0.44721359549995077,true
제3대,1571,1957.01.10.,제3대국회 제23회(임시회) 개회식 국회본회의(전체회의) (1957.01.10.),0,0,0,0,0,0,7.6,6.228964600959003,false,98.4,160.6091529147701,false,5.6,6.655824516917313,false,0.2,0.4472135954999579,false,0.0,0.0,false,0.6,0.8944271909999131,false
제3대,1572,1957.01.11.,제3대국회 제23회(임시회) 제1차 국회본회의(전체회의) (1957.01.11.),0,1,0,0,0,0,5.0,6.1237243569579745,false,89.6,165.46691512202673,false,4.6,7.127411872482017,false,0.2,0.4472135954999579,false,0.0,0.0,false,0.6,0.8944271909999131,false
제3대,1573,1957.01.12.,제3대국회 제23회(임시회) 제2차 국회본회의(전체회의) (1957.01.12.),0,0,0,0,0,0,2.0,2.7386127875258954,false,77.6,170.16844595870293,false,1.2,1.7888543819991736,false,0.0,0.0,false,0.0,0.0,false,0.4,0.8944271909999126,false
제3대,1574,1957.01.14.,제3대국회 제23회(임시회) 제3차 국회본회의(전체회의) (1957.01.14.),1,0,0,0,0,0,1.0,2.2360679774998693,false,77.0,170.50219939930395,false,1.2,1.7888543819991736,false,0.0,0.0,false,0.0,0.0,false,0.4,0.8944271909999126,false
제3대,1575,1957.01.15.,제3대국회 제23회(임시회) 제4차 국회본회의(전체회의) (1957.01.15.),0,0,0,0,0,0,0.2,0.44721359550035517,false,0.6,0.8944271910019496,false,0.8,1.7888543819991751,false,0.0,0.0,false,0.0,0.0,false,0.4,0.8944271909999126,false
제3대,1576,1957.01.17.,제3대국회 제23회(임시회) 제5차 국회본회의(전체회의) (1957.01.17.),3,0,0,0,0,4,0.2,0.44721359550035517,true,0.2,0.44721359550402545,false,0.0,0.0,false,0.0,0.0,false,0.0,0.0,false,0.0,0.0,true
제3대,1577,1957.01.18.,제3대국회 제23회(임시회) 제6차 국회본회의(전체회의) (1957.01.18.),0,0,0,0,0,0,0.8,1.303840481040666,false,0.2,0.44721359550402545,false,0.0,0.0,false,0.0,0.0,false,0.0,0.0,false,0.8,1.7888543819998306,false
제3대,1578,1957.01.19.,제3대국회 제23회(임시회) 제7차 국회본회의(전체회의) (1957.01.19.),0,0,0,0,0,0,0.8,1.303840481040666,false,0.0,1.9073777364209155e-6,false,0.0,0.0,false,0.0,0.0,false,0.0,0.0,false,0.8,1.7888543819998306,false
제3대,1579,1957.01.22.,제3대국회 제23회(임시회) 제8차 국회본회의(전체회의) (1957.01.22.),0,0,2,0,0,0,0.8,1.303840481040666,false,0.0,1.9073777364209155e-6,false,0.0,0.0,true,0.0,0.0,false,0.0,0.0,false,0.8,1.7888543819998306,false
제3대,1580,1957.01.23.,제3대국회 제23회(임시회) 제9차 국회본회의(전체회의) (1957.01.23.),0,0,0,0,0,0,0.6,1.3416407865000064,false,0.0,1.9073777364209155e-6,false,0.4,0.8944271909986059,false,0.0,0.0,false,0.0,0.0,false,0.8,1.7888543819998306,false
제3대,1581,1957.01.24.,제3대국회 제23회(임시회) 제10차 국회본회의(전체회의) (1957.01.24.),2,1,0,0,0,2,0.6,1.3416407865000064,false,0.0,1.9073777364209155e-6,true,0.4,0.8944271909986059,false,0.0,0.0,false,0.0,0.0,false,0.8,1.7888543819998306,false
제3대,1582,1957.01.25.,제3대국회 제23회(임시회) 제11차 국회본회의(전체회의) (1957.01.25.),0,0,0,0,0,0,0.4,0.8944271910001148,false,0.2,0.44721359550402545,false,0.4,0.8944271909986059,false,0.0,0.0,false,0.0,0.0,false,0.4,0.8944271909999126,false
제3대,1583,1957.01.26.,제3대국회 제23회(임시회) 제12차 국회본회의(전체회의) (1957.01.26.),1,0,1,0,0,0,0.4,0.8944271910001148,false,0.2,0.44721359550402545,false,0.4,0.8944271909986059,false,0.0,0.0,false,0.0,0.0,false,0.4,0.8944271909999126,false
제3대,1584,1957.01.28.,제3대국회 제23회(임시회) 제13차 국회본회의(전체회의) (1957.01.28.),12,9,1,0,0,0,0.6,0.8944271910001148,true,0.2,0.44721359550402545,true,0.6,0.8944271909986043,false,0.0,0.0,false,0.0,0.0,false,0.4,0.8944271909999126,false
제3대,1585,1957.01.29.,제3대국회 제23회(임시회) 제14차 국회본회의(전체회의) (1957.01.29.),40,1,1,0,0,0,3.0,5.09901951359282,true,2.0,3.9370039370063674,false,0.4,0.5477225575030269,false,0.0,0.0,false,0.0,0.0,false,0.4,0.8944271909999126,false
제3대,1586,1957.01.30.,제3대국회 제23회(임시회) 제15차 국회본회의(전체회의) (1957.01.30.),10,0,8,0,0,0,11.0,16.911534525287774,false,2.2,3.834057902536637,false,0.6,0.5477225575030243,true,0.0,0.0,false,0.0,0.0,false,0.4,0.8944271909999126,false
제3대,1587,1957.01.31.,제3대국회 제23회(임시회) 제16차 국회본회의(전체회의) (1957.01.31.),2,0,0,0,0,0,12.6,16.211107303327566,false,2.0,3.9370039370063674,false,2.2,3.271085446758863,false,0.0,0.0,false,0.0,0.0,false,0.0,0.0,false
제3대,1588,1957.02.01.,제3대국회 제23회(임시회) 제17차 국회본회의(전체회의) (1957.02.01.),0,0,0,0,0,0,13.0,15.84297951775487,false,2.0,3.9370039370063674,false,2.2,3.271085446758863,false,0.0,0.0,false,0.0,0.0,false,0.0,0.0,false
제3대,1589,1957.02.02.,제3대국회 제23회(임시회) 제18차 국회본회의(전체회의) (1957.02.02.),0,0,1,0,0,0,12.8,16.037456157383573,false,2.0,3.9370039370063674,false,2.0,3.391164991562285,false,0.0,0.0,false,0.0,0.0,false,0.0,0.0,false
제3대,1590,1957.02.04.,제3대국회 제23회(임시회) 제19차 국회본회의(전체회의) (1957.02.04.),9,6,0,0,0,6,10.4,17.052858997833777,false,0.2,0.44721359550402534,true,2.0,3.391164991562285,false,0.0,0.0,false,0.0,0.0,false,0.0,0.0,true
제3대,1591,1957.02.05.,제3대국회 제23회(임시회) 폐회식 국회본회의(전체회의) (1957.02.05.),0,1,0,0,0,0,4.2,4.919349550499572,false,1.2,2.6832815730004254,false,1.8,3.4928498393142577,false,0.0,0.0,false,0.0,0.0,false,1.2,2.6832815729997472,false
제3대,1592,1957.03.05.,제3대국회 제24회(임시회) 개회식 국회본회의(전체회의) (1957.03.05.),0,0,0,0,0,0,2.2,3.8987177379236293,false,1.4,2.6076809620817567,false,0.2,0.44721359549734113,false,0.0,0.0,false,0.0,0.0,false,1.2,2.6832815729997472,false
제3대,1593,1957.03.06.,제3대국회 제24회(임시회) 제1차 국회본회의(전체회의) (1957.03.06.),0,0,0,0,0,0,1.8,4.024922359499664,false,1.4,2.6076809620817567,false,0.2,0.44721359549734113,false,0.0,0.0,false,0.0,0.0,false,1.2,2.6832815729997472,false
제3대,1594,1957.03.07.,제3대국회 제24회(임시회) 제2차 국회본회의(전체회의) (1957.03.07.),15,4,9,0,0,0,1.8,4.024922359499664,true,1.4,2.6076809620817567,false,0.2,0.44721359549734113,true,0.0,0.0,false,0.0,0.0,false,1.2,2.6832815729997472,false
제3대,1595,1957.03.08.,제3대국회 제24회(임시회) 제3차 국회본회의(전체회의) (1957.03.08.),2,1,4,0,0,0,4.8,6.906518659932828,false,2.2,2.6832815730004254,false,1.8,4.024922359499328,false,0.0,0.0,false,0.0,0.0,false,1.2,2.6832815729997472,false
제3대,1596,1957.03.09.,제3대국회 제24회(임시회) 제4차 국회본회의(전체회의) (1957.03.09.),8,20,10,0,0,0,3.4,6.542170893518476,false,1.2,1.6431676725166051,true,2.6,3.9749213828700594,false,0.0,0.0,false,0.0,0.0,false,0.0,0.0,false
제3대,1597,1957.03.11.,제3대국회 제24회(임시회) 제5차 국회본회의(전체회의) (1957.03.11.),9,0,1,0,0,0,5.0,6.480740698407886,false,5.0,8.544003745317744,false,4.6,4.774934554525077,false,0.0,0.0,false,0.0,0.0,false,0.0,0.0,false
제3대,1598,1957.03.12.,제3대국회 제24회(임시회) 제1차 예산결산위원회(전체회의) (1957.03.12.),0,0,0,0,0,0,6.8,5.974947698515891,false,5.0,8.544003745317744,false,4.8,4.5497252664306655,false,0.0,0.0,false,0.0,0.0,false,0.0,0.0,false
제3대,1599,1957.03.12.,제3대국회 제24회(임시회) 제6차 국회본회의(전체회의) (1957.03.12.),4,0,3,0,0,0,6.8,5.974947698515891,false,5.0,8.544003745317744,false,4.8,4.5497252664306655,false,0.0,0.0,false,0.0,0.0,false,0.0,0.0,false
제3대,1600,1957.03.13.,제3대국회 제24회(임시회) 제2차 예산결산위원회(전체회의) (1957.03.13.),1,0,0,0,0,0,4.6,3.847076812334313,false,4.2,8.843076387773863,false,3.6,3.9115214431212832,false,0.0,0.0,false,0.0,0.0,false,0.0,0.0,false
제3대,1601,1957.03.13.,제3대국회 제24회(임시회) 제7차 국회본회의(전체회의) (1957.03.13.),2,0,1,0,0,0,4.4,4.0373258476373115,false,4.0,8.944271909999362,false,2.8,4.207136793592243,false,0.0,0.0,false,0.0,0.0,false,0.0,0.0,false
제3대,1602,1957.03.14.,제3대국회 제24회(임시회) 제8차 국회본회의(전체회의) (1957.03.14.),0,0,1,0,0,0,3.2,3.5637059362411394,false,0.0,1.9073486328125e-6,false,1.0,1.2247448713906275,false,0.0,0.0,false,0.0,0.0,false,0.0,0.0,false
제3대,1603,1957.04.01.,제3대국회 제24회(임시회) 제9차 국회본회의(전체회의) (1957.04.01.),0,0,0,0,0,0,1.4,1.673320053068252,false,0.0,1.9073486328125e-6,false,1.0,1.2247448713906275,false,0.0,0.0,false,0.0,0.0,false,0.0,0.0,false
제3대,1604,1957.04.02.,제3대국회 제24회(임시회) 제10차 국회본회의(전체회의) (1957.04.02.),0,0,0,0,0,0,1.4,1.673320053068252,false,0.0,1.9073486328125e-6,false,1.0,1.2247448713906275,false,0.0,0.0,false,0.0,0.0,false,0.0,0.0,false
제3대,1605,1957.04.03.,제3대국회 제24회(임시회) 제11차 국회본회의(전체회의) (1957.04.03.),1,0,0,0,0,0,0.6,0.8944271910001048,false,0.0,1.9073486328125e-6,false,0.4,0.5477225575030237,false,0.0,0.0,false,0.0,0.0,false,0.0,0.0,false
제3대,1606,1957.04.04.,제3대국회 제24회(임시회) 제12차 국회본회의(전체회의) (1957.04.04.),0,0,1,0,0,0,0.6,0.8944271910001048,false,0.0,1.9073486328125e-6,false,0.4,0.5477225575030237,false,0.0,0.0,false,0.0,0.0,false,0.0,0.0,false
제3대,1607,1957.04.06.,제3대국회 제24회(임시회) 제13차 국회본회의(전체회의) (1957.04.06.),3,0,1,0,0,0,0.2,0.4472135955003359,true,0.0,1.9073486328125e-6,false,0.4,0.5477225575030237,false,0.0,0.0,false,0.0,0.0,false,0.0,0.0,false
제3대,1608,1957.04.09.,제3대국회 제24회(임시회) 제14차 국회본회의(전체회의) (1957.04.09.),0,0,0,0,0,0,0.8,1.3038404810406592,false,0.0,1.9073486328125e-6,false,0.4,0.5477225575030237,false,0.0,0.0,false,0.0,0.0,false,0.0,0.0,false
제3대,1609,1957.04.10.,제3대국회 제24회(임시회) 제15차 국회본회의(전체회의) (1957.04.10.),0,0,1,0,0,0,0.8,1.3038404810406592,false,0.0,1.9073486328125e-6,false,0.4,0.5477225575030237,false,0.0,0.0,false,0.0,0.0,false,0.0,0.0,false
제3대,1610,1957.04.11.,제3대국회 제24회(임시회) 제16차 국회본회의(전체회의) (1957.04.11.),0,1,1,0,0,0,0.8,1.3038404810406592,false,0.0,1.9073486328125e-6,true,0.6,0.547722557503021,false,0.0,0.0,false,0.0,0.0,false,0.0,0.0,false
제3대,1611,1957.04.12.,제3대국회 제24회(임시회) 제17차 국회본회의(전체회의) (1957.04.12.),1,1,0,0,0,0,0.6,1.3416407864999997,false,0.2,0.44721359550402534,false,0.8,0.4472135954973276,false,0.0,0.0,false,0.0,0.0,false,0.0,0.0,false
제3대,1612,1957.04.13.,제3대국회 제24회(임시회) 제18차 국회본회의(전체회의) (1957.04.13.),0,0,0,0,0,0,0.8,1.3038404810406592,false,0.4,0.5477225575084871,false,0.6,0.5477225575030211,false,0.0,0.0,false,0.0,0.0,false,0.0,0.0,false
제3대,1613,1957.04.15.,제3대국회 제24회(임시회) 제19차 국회본회의(전체회의) (1957.04.15.),0,0,0,0,0,2,0.2,0.44721359550033607,false,0.4,0.5477225575084871,false,0.4,0.5477225575030238,false,0.0,0.0,false,0.0,0.0,false,0.0,0.0,true
제3대,1614,1957.04.16.,제3대국회 제24회(임시회) 제20차 국회본회의(전체회의) (1957.04.16.),1,0,1,0,0,0,0.2,0.44721359550033607,false,0.4,0.5477225575084871,false,0.4,0.5477225575030238,false,0.0,0.0,false,0.0,0.0,false,0.4,0.8944271909999127,false
제3대,1615,1957.04.17.,제3대국회 제24회(임시회) 제21차 국회본회의(전체회의) (1957.04.17.),0,0,0,0,0,0,0.4,0.5477225575054747,false,0.4,0.5477225575084871,false,0.4,0.5477225575030238,false,0.0,0.0,false,0.0,0.0,false,0.4,0.8944271909999127,false
제3대,1616,1957.04.18.,제3대국회 제24회(임시회) 제22차 국회본회의(전체회의) (1957.04.18.),2,0,1,0,0,0,0.4,0.5477225575054747,true,0.2,0.44721359550402534,false,0.2,0.4472135954973374,false,0.0,0.0,false,0.0,0.0,false,0.4,0.8944271909999127,false
제3대,1617,1957.04.20.,제3대국회 제24회(임시회) 제23차 국회본회의(전체회의) (1957.04.20.),2,0,1,0,0,0,0.6,0.8944271910001048,false,0.0,1.9073486328125e-6,false,0.4,0.5477225575030238,false,0.0,0.0,false,0.0,0.0,false,0.4,0.8944271909999127,false
제3대,1618,1957.04.22.,제3대국회 제24회(임시회) 제24차 국회본회의(전체회의) (1957.04.22.),0,0,0,0,0,0,1.0,1.0000000000001688,false,0.0,1.9073486328125e-6,false,0.6,0.5477225575030211,false,0.0,0.0,false,0.0,0.0,false,0.4,0.8944271909999127,false
제3대,1619,1957.04.23.,제3대국회 제24회(임시회) 제1차 외무위원회(전체회의) (1957.04.23.),10,0,0,0,0,0,1.0,1.0000000000001688,true,0.0,1.9073486328125e-6,false,0.6,0.5477225575030211,false,0.0,0.0,false,0.0,0.0,false,0.0,0.0,false
제3대,1620,1957.04.23.,제3대국회 제24회(임시회) 제25차 국회본회의(전체회의) (1957.04.23.),1,0,0,4,0,0,2.8,4.147288270665585,false,0.0,1.9073486328125e-6,false,0.4,0.5477225575030238,false,0.0,0.0,true,0.0,0.0,false,0.0,0.0,false
제3대,1621,1957.04.24.,제3대국회 제24회(임시회) 제26차 국회본회의(전체회의) (1957.04.24.),4,0,0,0,0,1,3.0,4.000000000000042,false,0.0,1.9073486328125e-6,false,0.4,0.5477225575030238,false,0.8,1.7888543819998317,false,0.0,0.0,false,0.0,0.0,true
제3대,1622,1957.04.25.,제3대국회 제24회(임시회) 제27차 국회본회의(전체회의) (1957.04.25.),0,0,0,0,0,0,3.4,3.9749213828704004,false,0.0,1.9073486328125e-6,false,0.2,0.4472135954973374,false,0.8,1.7888543819998317,false,0.0,0.0,false,0.2,0.44721359549995066,false
제3대,1623,1957.04.26.,제3대국회 제24회(임시회) 제28차 국회본회의(전체회의) (1957.04.26.),0,0,2,0,0,0,3.0,4.242640687119325,false,0.0,1.9073486328125e-6,false,0.0,0.0,true,0.8,1.7888543819998317,false,0.0,0.0,false,0.2,0.44721359549995066,false
제3대,1624,1957.04.27.,제3대국회 제24회(임시회) 제29차 국회본회의(전체회의) (1957.04.27.),2,0,0,0,0,0,3.0,4.242640687119325,false,0.0,1.9073486328125e-6,false,0.4,0.894427190998604,false,0.8,1.7888543819998317,false,0.0,0.0,false,0.2,0.44721359549995066,false
제3대,1625,1957.04.29.,제3대국회 제24회(임시회) 제30차 국회본회의(전체회의) (1957.04.29.),0,3,0,0,0,0,1.4,1.6733200530682535,false,0.0,1.9073486328125e-6,true,0.4,0.894427190998604,false,0.8,1.7888543819998317,false,0.0,0.0,false,0.2,0.44721359549995066,false
제3대,1626,1957.04.30.,제3대국회 제24회(임시회) 제31차 국회본회의(전체회의) (1957.04.30.),0,0,4,0,0,0,1.2,1.7888543819999276,false,0.6,1.3416407865012296,false,0.4,0.894427190998604,true,0.0,0.0,false,0.0,0.0,false,0.2,0.44721359549995066,false
제3대,1627,1957.05.01.,제3대국회 제24회(임시회) 제32차 국회본회의(전체회의) (1957.05.01.),0,0,0,0,0,0,0.4,0.8944271910001084,false,0.6,1.3416407865012296,false,1.2,1.7888543819991725,false,0.0,0.0,false,0.0,0.0,false,0.0,0.0,false
제3대,1628,1957.05.01.,제3대국회 제24회(임시회) 제3차 예산결산위원회(전체회의) (1957.05.01.),0,0,0,0,0,0,0.4,0.8944271910001084,false,0.6,1.3416407865012296,false,1.2,1.7888543819991725,false,0.0,0.0,false,0.0,0.0,false,0.0,0.0,false
제3대,1629,1957.05.02.,제3대국회 제24회(임시회) 제33차 국회본회의(전체회의) (1957.05.02.),2,0,4,0,0,0,0.4,0.8944271910001084,false,0.6,1.3416407865012296,false,0.8,1.7888543819991742,false,0.0,0.0,false,0.0,0.0,false,0.0,0.0,false
제3대,1630,1957.05.03.,제3대국회 제24회(임시회) 제34차 국회본회의(전체회의) (1957.05.03.),0,0,0,0,0,0,0.4,0.8944271910001084,false,0.6,1.3416407865012296,false,1.6,2.1908902300201247,false,0.0,0.0,false,0.0,0.0,false,0.0,0.0,false
제3대,1631,1957.05.04.,제3대국회 제24회(임시회) 폐회식 국회본회의(전체회의) (1957.05.04.),0,1,2,0,0,1,0.4,0.8944271910001084,false,0.0,1.9073486328125e-6,true,1.6,2.1908902300201247,false,0.0,0.0,false,0.0,0.0,false,0.0,0.0,true
제3대,1632,1957.05.15.,제3대국회 제25회(임시회) 개회식 국회본회의(전체회의) (1957.05.15.),0,0,0,0,0,0,0.4,0.8944271910001084,false,0.2,0.44721359550402534,false,1.2,1.7888543819991725,false,0.0,0.0,false,0.0,0.0,false,0.2,0.44721359549995066,false
제3대,1633,1957.06.01.,제3대국회 제25회(임시회) 제1차 국회본회의(전체회의) (1957.06.01.),17,0,1,0,0,0,0.4,0.8944271910001084,true,0.2,0.44721359550402534,false,1.2,1.7888543819991725,false,0.0,0.0,false,0.0,0.0,false,0.2,0.44721359549995066,false
제3대,1634,1957.06.03.,제3대국회 제25회(임시회) 제2차 국회본회의(전체회의) (1957.06.03.),4,2,6,0,0,0,3.8,7.429670248402707,false,0.2,0.44721359550402534,true,1.4,1.6733200530674455,true,0.0,0.0,false,0.0,0.0,false,0.2,0.44721359549995066,false
제3대,1635,1957.06.04.,제3대국회 제25회(임시회) 제3차 국회본회의(전체회의) (1957.06.04.),0,0,0,0,0,0,4.2,7.3620649277224075,false,0.6,0.8944271910019496,false,1.8,2.4899799195972707,false,0.0,0.0,false,0.0,0.0,false,0.2,0.44721359549995066,false
제3대,1636,1957.06.05.,제3대국회 제25회(임시회) 제4차 국회본회의(전체회의) (1957.06.05.),4,1,12,0,0,0,4.2,7.3620649277224075,false,0.6,0.8944271910019496,false,1.8,2.4899799195972707,true,0.0,0.0,false,0.0,0.0,false,0.2,0.44721359549995066,false
제3대,1637,1957.06.07.,제3대국회 제25회(임시회) 제5차 국회본회의(전체회의) (1957.06.07.),1,0,0,0,0,0,5.0,7.000000000000024,false,0.6,0.8944271910019496,false,3.8,5.215361924161889,false,0.0,0.0,false,0.0,0.0,false,0.0,0.0,false
제3대,1638,1957.06.08.,제3대국회 제25회(임시회) 제6차 국회본회의(전체회의) (1957.06.08.),0,1,1,1,0,0,5.2,6.833739825307979,false,0.6,0.8944271910019496,false,3.8,5.215361924161889,false,0.0,0.0,true,0.0,0.0,false,0.0,0.0,false
제3대,1639,1957.06.10.,제3대국회 제25회(임시회) 제7차 국회본회의(전체회의) (1957.06.10.),0,0,0,0,0,0,1.8,2.0493901531920033,false,0.8,0.8366600265362496,false,3.8,5.215361924161889,false,0.2,0.4472135954999579,false,0.0,0.0,false,0.0,0.0,false
제3대,1640,1957.06.11.,제3대국회 제25회(임시회) 제8차 국회본회의(전체회의) (1957.06.11.),0,0,0,2,0,0,1.0,1.7320508075689767,false,0.4,0.5477225575084871,false,2.6,5.272570530585401,false,0.2,0.4472135954999579,true,0.0,0.0,false,0.0,0.0,false
제3대,1641,1957.06.12.,제3대국회 제25회(임시회) 제9차 국회본회의(전체회의) (1957.06.12.),0,2,1,0,1,0,1.0,1.7320508075689767,false,0.4,0.5477225575084871,true,2.6,5.272570530585401,false,0.6,0.8944271909999159,false,0.0,0.0,true,0.0,0.0,false
제3대,1642,1957.06.13.,제3대국회 제25회(임시회) 제10차 국회본회의(전체회의) (1957.06.13.),0,0,3,0,0,0,0.2,0.44721359550034534,false,0.6,0.8944271910019496,false,0.4,0.5477225575030172,true,0.6,0.8944271909999159,false,0.2,0.4472135954999578,false,0.0,0.0,false
제3대,1643,1957.06.14.,제3대국회 제25회(임시회) 제11차 국회본회의(전체회의) (1957.06.14.),2,0,0,1,0,0,0.0,5.891143501034616e-7,true,0.6,0.8944271910019496,false,1.0,1.2247448713906246,false,0.6,0.8944271909999159,false,0.2,0.4472135954999578,false,0.0,0.0,false
제3대,1644,1957.06.15.,제3대국회 제25회(임시회) 제12차 국회본회의(전체회의) (1957.06.15.),0,0,1,0,0,0,0.4,0.8944271910001093,false,0.4,0.8944271910019496,false,0.8,1.303840481039625,false,0.6,0.8944271909999159,false,0.2,0.4472135954999578,false,0.0,0.0,false
제3대,1645,1957.06.17.,제3대국회 제25회(임시회) 제13차 국회본회의(전체회의) (1957.06.17.),1,4,1,0,0,0,0.4,0.8944271910001093,false,0.4,0.8944271910019496,true,1.0,1.2247448713906246,false,0.6,0.8944271909999159,false,0.2,0.4472135954999578,false,0.0,0.0,false
제3대,1646,1957.06.18.,제3대국회 제25회(임시회) 제14차 국회본회의(전체회의) (1957.06.18.),0,0,4,0,0,0,0.6,0.894427191000109,false,1.2,1.7888543820008485,false,1.2,1.0954451150092526,true,0.2,0.4472135954999581,false,0.2,0.4472135954999578,false,0.0,0.0,false
제3대,1647,1957.06.19.,제3대국회 제25회(임시회) 제15차 국회본회의(전체회의) (1957.06.19.),1,1,9,0,0,1,0.6,0.894427191000109,false,0.8,1.7888543820008485,false,1.8,1.643167672514776,true,0.2,0.4472135954999581,false,0.0,0.0,false,0.0,0.0,true
제3대,1648,1957.06.21.,제3대국회 제25회(임시회) 제16차 국회본회의(전체회의) (1957.06.21.),3,0,0,0,0,0,0.8,0.8366600265342816,true,1.0,1.7320508075699275,false,3.0,3.6742346141744417,false,0.2,0.4472135954999581,false,0.0,0.0,false,0.2,0.44721359549995066,false
제3대,1649,1957.06.21.,제3대국회 제25회(임시회) 제1차 예산결산위원회(전체회의) (1957.06.21.),5,17,10,0,0,0,1.0,1.2247448713917297,true,1.0,1.7320508075699275,true,3.0,3.6742346141744417,false,0.0,1.0536712127723509e-8,false,0.0,0.0,false,0.2,0.44721359549995066,false
제3대,1650,1957.06.22.,제3대국회 제25회(임시회) 제17차 국회본회의(전체회의) (1957.06.22.),1,0,0,0,0,0,2.0,2.0000000000000853,false,4.4,7.231873892706069,false,4.8,4.549725266430665,false,0.0,1.0536712127723509e-8,false,0.0,0.0,false,0.2,0.44721359549995066,false
제3대,1651,1957.06.24.,제3대국회 제25회(임시회) 제18차 국회본회의(전체회의) (1957.06.24.),1,0,2,0,0,0,2.0,2.0000000000000853,false,3.6,7.50333259292187,false,4.6,4.7749345545250765,false,0.0,1.0536712127723509e-8,false,0.0,0.0,false,0.2,0.44721359549995066,false
제3대,1652,1957.06.24.,제3대국회 제25회(임시회) 제1차 외무위원회(전체회의) (1957.06.24.),39,0,4,0,0,0,2.2,1.7888543819999272,true,3.6,7.50333259292187,false,4.2,4.919349550499293,false,0.0,1.0536712127723509e-8,false,0.0,0.0,false,0.2,0.44721359549995066,false
제3대,1653,1957.06.26.,제3대국회 제25회(임시회) 제19차 국회본회의(전체회의) (1957.06.26.),0,0,0,0,0,0,9.8,16.407315441594957,false,3.4,7.602631123499524,false,3.2,4.147288270665256,false,0.0,1.0536712127723509e-8,false,0.0,0.0,false,0.0,0.0,false
제3대,1654,1957.06.26.,제3대국회 제25회(임시회) 제1차 교통체신위원회(전체회의) (1957.06.26.),1,0,0,0,0,0,9.2,16.769019053003678,false,3.4,7.602631123499524,false,3.2,4.147288270665256,false,0.0,1.0536712127723509e-8,false,0.0,0.0,false,0.0,0.0,false
제3대,1655,1957.06.27.,제3대국회 제25회(임시회) 제20차 국회본회의(전체회의) (1957.06.27.),1,0,0,0,0,0,8.4,17.111399708965962,false,0.0,1.9073486328125e-6,false,1.2,1.7888543819991711,false,0.0,1.0536712127723509e-8,false,0.0,0.0,false,0.0,0.0,false
제3대,1656,1957.06.28.,제3대국회 제25회(임시회) 제21차 국회본회의(전체회의) (1957.06.28.),2,0,0,0,0,0,8.4,17.111399708965962,false,0.0,1.9073486328125e-6,false,1.2,1.7888543819991711,false,0.0,1.0536712127723509e-8,false,0.0,0.0,false,0.0,0.0,false
제3대,1657,1957.06.29.,제3대국회 제25회(임시회) 제22차 국회본회의(전체회의) (1957.06.29.),2,0,0,0,0,0,8.6,17.00882124075623,false,0.0,1.9073486328125e-6,false,0.8,1.7888543819991727,false,0.0,1.0536712127723509e-8,false,0.0,0.0,false,0.0,0.0,false
제3대,1658,1957.07.01.,제3대국회 제25회(임시회) 제23차 국회본회의(전체회의) (1957.07.01.),0,0,0,0,0,0,1.2,0.8366600265342793,false,0.0,1.9073486328125e-6,false,0.0,0.0,false,0.0,1.0536712127723509e-8,false,0.0,0.0,false,0.0,0.0,false
제3대,1659,1957.07.03.,제3대국회 제25회(임시회) 제24차 국회본회의(전체회의) (1957.07.03.),3,0,0,0,0,0,1.2,0.8366600265342793,true,0.0,1.9073486328125e-6,false,0.0,0.0,false,0.0,1.0536712127723509e-8,false,0.0,0.0,false,0.0,0.0,false
제3대,1660,1957.07.04.,제3대국회 제25회(임시회) 제25차 국회본회의(전체회의) (1957.07.04.),1,0,2,0,0,0,1.6,1.1401754250992875,false,0.0,1.9073486328125e-6,false,0.0,0.0,true,0.0,1.0536712127723509e-8,false,0.0,0.0,false,0.0,0.0,false
제3대,1661,1957.07.05.,제3대국회 제25회(임시회) 제1차 내무위원회(전체회의) (1957.07.05.),0,0,0,0,0,0,1.6,1.1401754250992875,false,0.0,1.9073486328125e-6,false,0.4,0.894427190998601,false,0.0,1.0536712127723509e-8,false,0.0,0.0,false,0.0,0.0,false
제3대,1662,1957.07.05.,제3대국회 제25회(임시회) 제26차 국회본회의(전체회의) (1957.07.05.),2,1,10,0,0,0,1.2,1.3038404810406605,false,0.0,1.9073486328125e-6,true,0.4,0.894427190998601,true,0.0,1.0536712127723509e-8,false,0.0,0.0,false,0.0,0.0,false
제3대,1663,1957.07.06.,제3대국회 제25회(임시회) 제27차 국회본회의(전체회의) (1957.07.06.),1,0,6,0,0,0,1.2,1.3038404810406605,false,0.2,0.44721359550402534,false,2.4,4.3358966777354855,false,0.0,1.0536712127723509e-8,false,0.0,0.0,false,0.0,0.0,false
제3대,1664,1957.07.08.,제3대국회 제25회(임시회) 제1차 재정경제위원회(전체회의) (1957.07.08.),11,9,0,0,0,0,1.4,1.1401754250992875,true,0.2,0.44721359550402534,true,3.6,4.335896677735484,false,0.0,1.0536712127723509e-8,false,0.0,0.0,false,0.0,0.0,false
제3대,1665,1957.07.08.,제3대국회 제25회(임시회) 제28차 국회본회의(전체회의) (1957.07.08.),0,0,0,0,0,0,3.0,4.527692569068746,false,2.0,3.9370039370063674,false,3.6,4.335896677735484,false,0.0,1.0536712127723509e-8,false,0.0,0.0,false,0.0,0.0,false
제3대,1666,1957.07.08.,제3대국회 제25회(임시회) 제2차 교통체신위원회(전체회의) (1957.07.08.),0,0,0,0,0,0,2.8,4.658325879540883,false,2.0,3.9370039370063674,false,3.2,4.6043457732882755,false,0.0,1.0536712127723509e-8,false,0.0,0.0,false,0.0,0.0,false
제3대,1667,1957.07.09.,제3대국회 제25회(임시회) 제29차 국회본회의(전체회의) (1957.07.09.),0,0,0,0,0,0,2.8,4.658325879540883,false,2.0,3.9370039370063674,false,3.2,4.6043457732882755,false,0.0,1.0536712127723509e-8,false,0.0,0.0,false,0.0,0.0,false
제3대,1668,1957.07.10.,제3대국회 제25회(임시회) 제2차 내무위원회(전체회의) (1957.07.10.),0,1,0,0,0,0,2.4,4.827007354458903,false,1.8,4.024922359500073,false,1.2,2.683281572999307,false,0.0,1.0536712127723509e-8,false,0.0,0.0,false,0.0,0.0,false
제3대,1669,1957.07.10.,제3대국회 제25회(임시회) 제30차 국회본회의(전체회의) (1957.07.10.),0,0,1,0,0,0,2.2,4.919349550499572,false,2.0,3.9370039370063674,false,0.0,0.0,true,0.0,1.0536712127723509e-8,false,0.0,0.0,false,0.0,0.0,false
제3대,1670,1957.07.11.,제3대국회 제25회(임시회) 제31차 국회본회의(전체회의) (1957.07.11.),0,0,0,0,0,0,0.0,5.809542146211245e-7,false,0.2,0.44721359550402534,false,0.2,0.4472135954973303,false,0.0,1.0536712127723509e-8,false,0.0,0.0,false,0.0,0.0,false
제3대,1671,1957.07.12.,제3대국회 제25회(임시회) 제32차 국회본회의(전체회의) (1957.07.12.),21,0,0,0,0,0,0.0,5.809542146211245e-7,true,0.2,0.44721359550402534,false,0.2,0.4472135954973303,false,0.0,1.0536712127723509e-8,false,0.0,0.0,false,0.0,0.0,false
제3대,1672,1957.07.13.,제3대국회 제25회(임시회) 제33차 국회본회의(전체회의) (1957.07.13.),7,2,0,0,0,0,4.2,9.391485505499135,false,0.2,0.44721359550402534,true,0.2,0.4472135954973303,false,0.0,1.0536712127723509e-8,false,0.0,0.0,false,0.0,0.0,false
제3대,1673,1957.07.15.,제3대국회 제25회(임시회) 제34차 국회본회의(전체회의) (1957.07.15.),6,0,2,0,0,0,5.6,9.126883367283726,false,0.6,0.8944271910019496,false,0.2,0.4472135954973303,true,0.0,1.0536712127723509e-8,false,0.0,0.0,false,0.0,0.0,false
제3대,1674,1957.07.16.,제3대국회 제25회(임시회) 제35차 국회본회의(전체회의) (1957.07.16.),1,0,0,1,0,0,6.8,8.584870412533922,false,0.4,0.8944271910019496,false,0.6,0.894427190998599,false,0.0,1.0536712127723509e-8,true,0.0,0.0,false,0.0,0.0,false
제3대,1675,1957.07.18.,제3대국회 제25회(임시회) 제2차 재정경제위원회(전체회의) (1957.07.18.),1,1,0,0,0,0,7.0,8.396427811873354,false,0.4,0.8944271910019496,false,0.4,0.8944271909986006,false,0.2,0.4472135954999581,false,0.0,0.0,false,0.0,0.0,false
제3대,1676,1957.07.18.,제3대국회 제25회(임시회) 제36차 국회본회의(전체회의) (1957.07.18.),2,0,0,0,1,0,7.2,8.197560612767699,false,0.6,0.8944271910019496,false,0.4,0.8944271909986006,false,0.2,0.4472135954999581,false,0.0,0.0,true,0.0,0.0,false
제3대,1677,1957.07.19.,제3대국회 제25회(임시회) 제37차 국회본회의(전체회의) (1957.07.19.),1,1,0,0,0,0,3.4,2.880972058177646,false,0.6,0.8944271910019496,false,0.4,0.8944271909986006,false,0.2,0.4472135954999581,false,0.2,0.4472135954999578,false,0.0,0.0,false
제3대,1678,1957.07.19.,제3대국회 제25회(임시회) 제3차 재정경제위원회(전체회의) (1957.07.19.),0,0,0,0,0,0,2.2,2.167948338867959,false,0.4,0.5477225575084872,false,0.4,0.8944271909986006,false,0.2,0.4472135954999581,false,0.2,0.4472135954999578,false,0.0,0.0,false
제3대,1679,1957.07.20.,제3대국회 제25회(임시회) 제38차 국회본회의(전체회의) (1957.07.20.),0,0,0,0,0,0,1.0,0.7071067811867894,false,0.4,0.5477225575084872,false,0.0,0.0,false,0.2,0.4472135954999581,false,0.2,0.4472135954999578,false,0.0,0.0,false
제3대,1680,1957.07.22.,제3대국회 제25회(임시회) 제39차 국회본회의(전체회의) (1957.07.22.),4,1,1,0,0,0,0.8,0.83666002653428,true,0.4,0.5477225575084872,false,0.0,0.0,true,0.0,1.0536712127723509e-8,false,0.2,0.4472135954999578,false,0.0,0.0,false
제3대,1681,1957.07.23.,제3대국회 제25회(임시회) 제2차 외무부흥위원회(전체회의) (1957.07.23.),5,1,0,0,0,0,1.4,1.6733200530682533,true,0.4,0.5477225575084872,false,0.2,0.4472135954973304,false,0.0,1.0536712127723509e-8,false,0.2,0.4472135954999578,false,0.0,0.0,false
제3대,1682,1957.07.23.,제3대국회 제25회(임시회) 제3차 내무위원회(전체회의) (1957.07.23.),3,1,0,0,0,0,2.0,2.3452078799117877,false,0.6,0.5477225575084872,false,0.2,0.4472135954973304,false,0.0,1.0536712127723509e-8,false,0.0,0.0,false,0.0,0.0,false
제3대,1683,1957.07.23.,제3대국회 제25회(임시회) 제40차 국회본회의(전체회의) (1957.07.23.),1,0,0,0,0,0,2.4,2.3021728866443416,false,0.6,0.5477225575084872,false,0.2,0.4472135954973304,false,0.0,1.0536712127723509e-8,false,0.0,0.0,false,0.0,0.0,false
제3대,1684,1957.07.24.,제3대국회 제25회(임시회) 제41차 국회본회의(전체회의) (1957.07.24.),0,0,3,0,0,0,2.6,2.073644135332854,false,0.6,0.5477225575084872,false,0.2,0.4472135954973304,true,0.0,1.0536712127723509e-8,false,0.0,0.0,false,0.0,0.0,false
제3대,1685,1957.07.25.,제3대국회 제25회(임시회) 제3차 외무부흥위원회(전체회의) (1957.07.25.),0,0,0,0,0,0,2.6,2.073644135332854,false,0.6,0.5477225575084872,false,0.8,1.3038404810396254,false,0.0,1.0536712127723509e-8,false,0.0,0.0,false,0.0,0.0,false
제3대,1686,1957.07.25.,제3대국회 제25회(임시회) 제42차 국회본회의(전체회의) (1957.07.25.),2,1,4,0,0,2,1.8,2.167948338867959,false,0.4,0.5477225575084872,false,0.6,1.3416407864989959,true,0.0,1.0536712127723509e-8,false,0.0,0.0,false,0.0,0.0,true
제3대,1687,1957.07.26.,제3대국회 제25회(임시회) 제43차 국회본회의(전체회의) (1957.07.26.),9,3,0,0,0,0,1.2,1.3038404810406614,true,0.4,0.5477225575084872,true,1.4,1.9493588689611856,false,0.0,1.0536712127723509e-8,false,0.0,0.0,false,0.4,0.8944271909999127,false
제3대,1688,1957.07.27.,제3대국회 제25회(임시회) 제44차 국회본회의(전체회의) (1957.07.27.),1,0,0,0,0,0,2.4,3.781534080237853,false,0.8,1.3038404810419248,false,1.4,1.9493588689611856,false,0.0,1.0536712127723509e-8,false,0.0,0.0,false,0.4,0.8944271909999127,false
제3대,1689,1957.07.29.,제3대국회 제25회(임시회) 제45차 국회본회의(전체회의) (1957.07.29.),17,0,0,0,0,0,2.4,3.781534080237853,true,0.8,1.3038404810419248,false,1.4,1.9493588689611856,false,0.0,1.0536712127723509e-8,false,0.0,0.0,false,0.4,0.8944271909999127,false
제3대,1690,1957.07.30.,제3대국회 제25회(임시회) 제46차 국회본회의(전체회의) (1957.07.30.),5,0,2,0,0,0,5.8,7.190271204899043,false,0.8,1.3038404810419248,false,0.8,1.7888543819991725,false,0.0,1.0536712127723509e-8,false,0.0,0.0,false,0.4,0.8944271909999127,false
제3대,1691,1957.07.30.,제3대국회 제25회(임시회) 제4차 재정경제위원회(전체회의) (1957.07.30.),2,0,0,0,0,0,6.8,6.496152707564712,false,0.8,1.3038404810419248,false,1.2,1.788854381999171,false,0.0,1.0536712127723509e-8,false,0.0,0.0,false,0.4,0.8944271909999127,false
제3대,1692,1957.07.31.,제3대국회 제25회(임시회) 제47차 국회본회의(전체회의) (1957.07.31.),6,0,0,0,0,0,6.8,6.496152707564711,false,0.6,1.3416407865012296,false,0.4,0.8944271909986001,false,0.0,1.0536712127723509e-8,false,0.0,0.0,false,0.0,0.0,false
제3대,1693,1957.08.01.,제3대국회 제25회(임시회) 제48차 국회본회의(전체회의) (1957.08.01.),3,0,0,0,0,0,6.2,6.379655163094658,false,0.0,1.90746504458183e-6,false,0.4,0.8944271909986001,false,0.0,1.0536712127723509e-8,false,0.0,0.0,false,0.0,0.0,false
제3대,1694,1957.08.02.,제3대국회 제25회(임시회) 제49차 국회본회의(전체회의) (1957.08.02.),0,0,1,0,0,0,6.6,6.024948132556855,false,0.0,1.90746504458183e-6,false,0.4,0.8944271909986001,false,0.0,1.0536712127723509e-8,false,0.0,0.0,false,0.0,0.0,false
제3대,1695,1957.08.03.,제3대국회 제25회(임시회) 제50차 국회본회의(전체회의) (1957.08.03.),0,1,1,0,0,0,3.2,2.387467277262731,false,0.0,1.90746504458183e-6,true,0.6,0.8944271909985986,false,0.0,1.0536712127723509e-8,false,0.0,0.0,false,0.0,0.0,false
제3대,1696,1957.08.05.,제3대국회 제25회(임시회) 제4차 내무위원회(전체회의) (1957.08.05.),23,0,0,0,0,0,2.2,2.4899799195978103,true,0.2,0.44721359550402584,false,0.4,0.5477225575030175,false,0.0,1.0536712127723509e-8,false,0.0,0.0,false,0.0,0.0,false
제3대,1697,1957.08.05.,제3대국회 제25회(임시회) 제51차 국회본회의(전체회의) (1957.08.05.),0,0,2,0,0,0,6.4,9.607288899580377,false,0.2,0.44721359550402584,false,0.4,0.5477225575030175,true,0.0,1.0536712127723509e-8,false,0.0,0.0,false,0.0,0.0,false
제3대,1698,1957.08.06.,제3대국회 제25회(임시회) 제52차 국회본회의(전체회의) (1957.08.06.),0,11,0,0,0,0,5.2,10.034938963441698,false,0.2,0.44721359550402584,true,0.8,0.8366600265326656,false,0.0,1.0536712127723509e-8,false,0.0,0.0,false,0.0,0.0,false
제3대,1699,1957.08.08.,제3대국회 제25회(임시회) 제53차 국회본회의(전체회의) (1957.08.08.),0,0,0,0,0,0,4.6,10.285912696499048,false,2.4,4.827007354459245,false,0.8,0.8366600265326656,false,0.0,1.0536712127723509e-8,false,0.0,0.0,false,0.0,0.0,false
제3대,1700,1957.08.09.,제3대국회 제25회(임시회) 제54차 국회본회의(전체회의) (1957.08.09.),5,1,0,19,0,5,4.6,10.285912696499048,false,2.4,4.827007354459245,false,0.6,0.8944271909985986,false,0.0,1.0536712127723509e-8,true,0.0,0.0,false,0.0,0.0,true
제3대,1701,1957.08.10.,제3대국회 제25회(임시회) 제55차 국회본회의(전체회의) (1957.08.10.),7,0,0,0,3,0,5.6,9.964938534682506,false,2.4,4.827007354459245,false,0.4,0.8944271909986001,false,3.8,8.497058314499201,false,0.0,0.0,true,1.0,2.236067977499789,false
제3대,1702,1957.08.31.,제3대국회 제25회(임시회) 폐회식 국회본회의(전체회의) (1957.08.31.),3,1,0,0,0,1,2.4,3.361547262794371,false,2.4,4.827007354459245,false,0.4,0.8944271909986001,false,3.8,8.497058314499201,false,0.6,1.3416407864998738,false,1.0,2.236067977499789,false
제3대,1703,1957.09.02.,제3대국회 제26회(정기회) 개회식 국회본회의(전체회의) (1957.09.02.),0,0,0,0,0,0,3.0,3.0822070014845413,false,2.6,4.722287581247423,false,0.0,0.0,false,3.8,8.497058314499201,false,0.6,1.3416407864998738,false,1.2,2.1679483388678795,false
제3대,1704,1957.09.03.,제3대국회 제26회(정기회) 제1차 국회본회의(전체회의) (1957.09.03.),0,1,1,0,2,0,3.0,3.0822070014845413,false,0.4,0.5477225575084871,false,0.0,0.0,true,3.8,8.497058314499201,false,0.6,1.3416407864998738,false,1.2,2.1679483388678795,false
제3대,1705,1957.09.05.,제3대국회 제26회(정기회) 제2차 국회본회의(전체회의) (1957.09.05.),0,0,0,0,0,0,3.0,3.0822070014845413,false,0.6,0.5477225575084871,false,0.2,0.4472135954973294,false,3.8,8.497058314499201,false,1.0,1.4142135623730951,false,1.2,2.1679483388678795,false
제3대,1706,1957.09.06.,제3대국회 제26회(정기회) 제3차 국회본회의(전체회의) (1957.09.06.),0,0,0,0,0,0,2.0,3.0822070014845413,false,0.4,0.5477225575084871,false,0.2,0.4472135954973294,false,0.0,0.0,false,1.0,1.4142135623730951,false,0.2,0.44721359549995177,false
제3대,1707,1957.09.10.,제3대국회 제26회(정기회) 제4차 국회본회의(전체회의) (1957.09.10.),0,0,0,0,0,0,0.6,1.3416407864999957,false,0.4,0.5477225575084871,false,0.2,0.4472135954973294,false,0.0,0.0,false,0.4,0.8944271909999161,false,0.2,0.44721359549995177,false
제3대,1708,1957.09.11.,제3대국회 제26회(정기회) 제5차 국회본회의(전체회의) (1957.09.11.),0,0,0,0,0,0,0.0,5.719018299101438e-7,false,0.2,0.44721359550402534,false,0.2,0.4472135954973294,false,0.0,0.0,false,0.4,0.8944271909999161,false,0.0,0.0,false
제3대,1709,1957.09.12.,제3대국회 제26회(정기회) 제6차 국회본회의(전체회의) (1957.09.12.),1,0,0,0,0,0,0.0,5.719018299101438e-7,true,0.2,0.44721359550402534,false,0.2,0.4472135954973294,false,0.0,0.0,false,0.4,0.8944271909999161,false,0.0,0.0,false
제3대,1710,1957.09.13.,제3대국회 제26회(정기회) 제7차 국회본회의(전체회의) (1957.09.13.),13,0,0,0,0,0,0.2,0.44721359550032364,true,0.0,1.9073486328125e-6,false,0.0,0.0,false,0.0,0.0,false,0.0,1.8250120749944284e-8,false,0.0,0.0,false
제3대,1711,1957.09.14.,제3대국회 제26회(정기회) 제8차 국회본회의(전체회의) (1957.09.14.),0,0,0,0,0,0,2.8,5.718391382198347,false,0.0,1.9073486328125e-6,false,0.0,0.0,false,0.0,0.0,false,0.0,1.8250120749944284e-8,false,0.0,0.0,false
제3대,1712,1957.09.16.,제3대국회 제26회(정기회) 제9차 국회본회의(전체회의) (1957.09.16.),2,3,0,0,0,0,2.8,5.718391382198347,false,0.0,1.9073486328125e-6,true,0.0,0.0,false,0.0,0.0,false,0.0,1.8250120749944284e-8,false,0.0,0.0,false
제3대,1713,1957.09.17.,제3대국회 제26회(정기회) 제10차 국회본회의(전체회의) (1957.09.17.),0,0,0,0,0,0,3.2,5.540758070878057,false,0.6,1.3416407865012296,false,0.0,0.0,false,0.0,0.0,false,0.0,1.8250120749944284e-8,false,0.0,0.0,false
제3대,1714,1957.09.17.,제3대국회 제26회(정기회) 제1차 예산결산위원회(전체회의) (1957.09.17.),1,3,0,0,0,0,3.2,5.540758070878057,false,0.6,1.3416407865012296,false,0.0,0.0,false,0.0,0.0,false,0.0,1.8250120749944284e-8,false,0.0,0.0,false
제3대,1715,1957.09.18.,제3대국회 제26회(정기회) 제11차 국회본회의(전체회의) (1957.09.18.),0,0,0,0,0,0,3.2,5.540758070878057,false,1.2,1.6431676725166053,false,0.0,0.0,false,0.0,0.0,false,0.0,1.8250120749944284e-8,false,0.0,0.0,false
제3대,1716,1957.09.19.,제3대국회 제26회(정기회) 제12차 국회본회의(전체회의) (1957.09.19.),2,0,0,0,0,0,0.6,0.8944271910000946,false,1.2,1.6431676725166053,false,0.0,0.0,false,0.0,0.0,false,0.0,1.8250120749944284e-8,false,0.0,0.0,false
제3대,1717,1957.09.20.,제3대국회 제26회(정기회) 제13차 국회본회의(전체회의) (1957.09.20.),0,0,0,1,0,0,1.0,1.0000000000001599,false,1.2,1.6431676725166053,false,0.0,0.0,false,0.0,0.0,true,0.0,1.8250120749944284e-8,false,0.0,0.0,false
제3대,1718,1957.09.25.,제3대국회 1957년도 국정감사 국방위원회(전체회의) (1957.09.25.),3,2,1,0,0,0,0.6,0.8944271910000946,true,0.6,1.3416407865012296,false,0.0,0.0,true,0.2,0.4472135954999579,false,0.0,1.8250120749944284e-8,false,0.0,0.0,false
제3대,1719,1957.10.04.,제3대국회 1957년도 국정감사 국방위원회(전체회의) (1957.10.04.),0,0,0,0,0,0,1.2,1.3038404810406523,false,1.0,1.4142135623743812,false,0.2,0.4472135954973294,false,0.2,0.4472135954999579,false,0.0,1.8250120749944284e-8,false,0.0,0.0,false
제3대,1720,1957.10.07.,제3대국회 1957년도 국정감사 국방위원회(전체회의) (1957.10.07.),2,0,0,0,0,0,1.0,1.4142135623732082,false,0.4,0.8944271910019496,false,0.2,0.4472135954973294,false,0.2,0.4472135954999579,false,0.0,1.8250120749944284e-8,false,0.0,0.0,false
제3대,1721,1957.10.07.,제3대국회 1957년도 국정감사 국방위원회(전체회의) (1957.10.07.)_20549,9,0,0,0,0,0,1.4,1.341640786499993,true,0.4,0.8944271910019496,false,0.2,0.4472135954973294,false,0.2,0.4472135954999579,false,0.0,1.8250120749944284e-8,false,0.0,0.0,false
제3대,1722,1957.10.09.,제3대국회 1957년도 국정감사 국방위원회(전체회의) (1957.10.09.),10,0,0,0,0,0,2.8,3.701351104664393,false,0.4,0.8944271910019496,false,0.2,0.4472135954973294,false,0.2,0.4472135954999579,false,0.0,1.8250120749944284e-8,false,0.0,0.0,false
제3대,1723,1957.10.09.,제3대국회 1957년도 국정감사 국방위원회(전체회의) (1957.10.09.)_20551,0,0,0,0,0,0,4.8,4.438468204234466,false,0.4,0.8944271910019496,false,0.2,0.4472135954973294,false,0.0,0.0,false,0.0,1.8250120749944284e-8,false,0.0,0.0,false
제3대,1724,1957.10.10.,제3대국회 1957년도 국정감사 국방위원회(전체회의) (1957.10.10.),12,0,0,0,0,0,4.2,4.91934955049957,false,0.0,1.9073486328125e-6,false,0.0,0.0,false,0.0,0.0,false,0.0,1.8250120749944284e-8,false,0.0,0.0,false
제3대,1725,1957.10.14.,제3대국회 1957년도 국정감사 국방위원회(전체회의) (1957.10.14.),9,11,0,0,0,0,6.6,5.272570530585658,false,0.0,1.9073486328125e-6,true,0.0,0.0,false,0.0,0.0,false,0.0,1.8250120749944284e-8,false,0.0,0.0,false
제3대,1726,1957.10.14.,제3대국회 제26회(정기회) 제14차 국회본회의(전체회의) (1957.10.14.),0,0,0,0,0,0,8.0,4.636809247747887,false,2.2,4.919349550499907,false,0.0,0.0,false,0.0,0.0,false,0.0,1.8250120749944284e-8,false,0.0,0.0,false
제3대,1727,1957.10.15.,제3대국회 제26회(정기회) 제15차 국회본회의(전체회의) (1957.10.15.),0,0,0,0,0,0,6.2,5.761944116355202,false,2.2,4.919349550499907,false,0.0,0.0,false,0.0,0.0,false,0.0,1.8250120749944284e-8,false,0.0,0.0,false
제3대,1728,1957.10.16.,제3대국회 제26회(정기회) 제16차 국회본회의(전체회의) (1957.10.16.),0,0,0,3,0,0,4.2,5.848076606885406,false,2.2,4.919349550499907,false,0.0,0.0,false,0.0,0.0,true,0.0,1.8250120749944284e-8,false,0.0,0.0,false
제3대,1729,1957.10.17.,제3대국회 제26회(정기회) 제17차 국회본회의(전체회의) (1957.10.17.),0,0,0,0,0,0,4.2,5.848076606885406,false,2.2,4.919349550499907,false,0.0,0.0,false,0.6,1.3416407864998738,false,0.0,1.8250120749944284e-8,false,0.0,0.0,false
제3대,1730,1957.10.19.,제3대국회 제26회(정기회) 제18차 국회본회의(전체회의) (1957.10.19.),0,0,0,0,0,0,1.8,4.024922359499661,false,2.2,4.919349550499907,false,0.0,0.0,false,0.6,1.3416407864998738,false,0.0,1.8250120749944284e-8,false,0.0,0.0,false
제3대,1731,1957.10.21.,제3대국회 제26회(정기회) 제19차 국회본회의(전체회의) (1957.10.21.),0,0,0,0,2,0,0.0,5.685920723777685e-7,false,0.0,1.9073486328125e-6,false,0.0,0.0,false,0.6,1.3416407864998738,false,0.0,1.8250120749944284e-8,true,0.0,0.0,false
제3대,1732,1957.10.22.,제3대국회 제26회(정기회) 제1차 내무위원회(전체회의) (1957.10.22.),7,0,0,0,0,0,0.0,5.685920723777685e-7,true,0.0,1.9073486328125e-6,false,0.0,0.0,false,0.6,1.3416407864998738,false,0.4,0.8944271909999161,false,0.0,0.0,false
제3대,1733,1957.10.22.,제3대국회 제26회(정기회) 제20차 국회본회의(전체회의) (1957.10.22.),0,0,0,0,0,0,1.4,3.130495168499757,false,0.0,1.9073486328125e-6,false,0.0,0.0,false,0.6,1.3416407864998738,false,0.4,0.8944271909999161,false,0.0,0.0,false
제3대,1734,1957.10.23.,제3대국회 제26회(정기회) 제21차 국회본회의(전체회의) (1957.10.23.),1,0,0,0,0,0,1.4,3.130495168499757,false,0.0,1.9073486328125e-6,false,0.0,0.0,false,0.0,0.0,false,0.4,0.8944271909999161,false,0.0,0.0,false
제3대,1735,1957.10.26.,제3대국회 제26회(정기회) 제22차 국회본회의(전체회의) (1957.10.26.),0,0,1,0,0,0,1.6,3.049590136395434,false,0.0,1.9073486328125e-6,false,0.0,0.0,true,0.0,0.0,false,0.4,0.8944271909999161,false,0.0,0.0,false
제3대,1736,1957.10.28.,제3대국회 제26회(정기회) 제23차 국회본회의(전체회의) (1957.10.28.),0,0,0,0,0,0,1.6,3.049590136395434,false,0.0,1.9073486328125e-6,false,0.2,0.4472135954973294,false,0.0,0.0,false,0.4,0.8944271909999161,false,0.0,0.0,false
제3대,1737,1957.10.29.,제3대국회 제26회(정기회) 제24차 국회본회의(전체회의) (1957.10.29.),1,0,0,2,0,0,1.6,3.049590136395434,false,0.0,1.9073486328125e-6,false,0.2,0.4472135954973294,false,0.0,0.0,true,0.0,1.8250120749944284e-8,false,0.0,0.0,false
제3대,1738,1957.10.30.,제3대국회 제26회(정기회) 제25차 국회본회의(전체회의) (1957.10.30.),3,0,2,0,0,0,0.4,0.5477225575054596,true,0.0,1.9073486328125e-6,false,0.2,0.4472135954973294,true,0.4,0.8944271909999159,false,0.0,1.8250120749944284e-8,false,0.0,0.0,false
제3대,1739,1957.10.31.,제3대국회 제26회(정기회) 제26차 국회본회의(전체회의) (1957.10.31.),2,2,1,0,0,0,1.0,1.2247448713917204,false,0.0,1.9073486328125e-6,true,0.6,0.8944271909985986,false,0.4,0.8944271909999159,false,0.0,1.8250120749944284e-8,false,0.0,0.0,false
제3대,1740,1957.11.01.,제3대국회 제26회(정기회) 제27차 국회본회의(전체회의) (1957.11.01.),0,0,0,0,0,0,1.2,1.303840481040653,false,0.4,0.8944271910019496,false,0.8,0.8366600265326657,false,0.4,0.8944271909999159,false,0.0,1.8250120749944284e-8,false,0.0,0.0,false
제3대,1741,1957.11.04.,제3대국회 제26회(정기회) 제28차 국회본회의(전체회의) (1957.11.04.),32,0,0,0,0,0,1.2,1.303840481040653,true,0.4,0.8944271910019496,false,0.6,0.8944271909985986,false,0.4,0.8944271909999159,false,0.0,1.8250120749944284e-8,false,0.0,0.0,false
제3대,1742,1957.11.05.,제3대국회 제26회(정기회) 제29차 국회본회의(전체회의) (1957.11.05.),1,0,1,0,0,1,7.6,13.685759021698441,false,0.4,0.8944271910019496,false,0.6,0.8944271909985986,false,0.4,0.8944271909999159,false,0.0,1.8250120749944284e-8,false,0.0,0.0,true
제3대,1743,1957.11.06.,제3대국회 제26회(정기회) 제30차 국회본회의(전체회의) (1957.11.06.),0,0,0,0,0,0,7.6,13.685759021698441,false,0.4,0.8944271910019496,false,0.8,0.8366600265326657,false,0.0,0.0,false,0.0,1.8250120749944284e-8,false,0.2,0.44721359549995177,false
제3대,1744,1957.11.07.,제3대국회 제26회(정기회) 제31차 국회본회의(전체회의) (1957.11.07.),2,0,1,0,0,0,7.0,14.00000000000001,false,0.4,0.8944271910019496,false,0.4,0.5477225575030176,false,0.0,0.0,false,0.0,1.8250120749944284e-8,false,0.2,0.44721359549995177,false
제3대,1745,1957.11.08.,제3대국회 제26회(정기회) 제32차 국회본회의(전체회의) (1957.11.08.),0,1,0,0,0,0,7.0,14.00000000000001,false,0.0,1.9073486328125e-6,true,0.4,0.5477225575030176,false,0.0,0.0,false,0.0,1.8250120749944284e-8,false,0.2,0.44721359549995177,false
제3대,1746,1957.11.09.,제3대국회 제26회(정기회) 제33차 국회본회의(전체회의) (1957.11.09.),0,0,1,0,0,0,7.0,14.00000000000001,false,0.2,0.44721359550402534,false,0.4,0.5477225575030176,false,0.0,0.0,false,0.0,1.8250120749944284e-8,false,0.2,0.44721359549995177,false
제3대,1747,1957.11.11.,제3대국회 제26회(정기회) 제34차 국회본회의(전체회의) (1957.11.11.),0,0,0,0,0,0,0.6,0.8944271910000748,false,0.2,0.44721359550402534,false,0.6,0.547722557503015,false,0.0,0.0,false,0.0,1.8250120749944284e-8,false,0.2,0.44721359549995177,false
제3대,1748,1957.11.12.,제3대국회 제26회(정기회) 제35차 국회본회의(전체회의) (1957.11.12.),0,0,0,0,0,7,0.4,0.8944271910000748,false,0.2,0.44721359550402534,false,0.4,0.5477225575030176,false,0.0,0.0,false,0.0,1.8250120749944284e-8,false,0.0,0.0,true
제3대,1749,1957.11.13.,제3대국회 제26회(정기회) 제36차 국회본회의(전체회의) (1957.11.13.),0,0,2,0,0,0,0.4,0.8944271910000748,false,0.2,0.44721359550402534,false,0.4,0.5477225575030176,true,0.0,0.0,false,0.0,1.8250120749944284e-8,false,1.4,3.130495168499705,false
제3대,1750,1957.11.14.,제3대국회 제26회(정기회) 제37차 국회본회의(전체회의) (1957.11.14.),0,0,0,0,0,0,0.0,5.331201499700045e-7,false,0.2,0.44721359550402534,false,0.6,0.8944271909985987,false,0.0,0.0,false,0.0,1.8250120749944284e-8,false,1.4,3.130495168499705,false
제3대,1751,1957.11.15.,제3대국회 제26회(정기회) 제38차 국회본회의(전체회의) (1957.11.15.),0,0,0,0,0,0,0.0,5.331201499700045e-7,false,0.0,1.9073486328125e-6,false,0.6,0.8944271909985987,false,0.0,0.0,false,0.0,1.8250120749944284e-8,false,1.4,3.130495168499705,false
제3대,1752,1957.11.18.,제3대국회 제26회(정기회) 제2차 내무위원회(전체회의) (1957.11.18.),2,1,0,0,0,0,0.0,5.331201499700045e-7,true,0.0,1.9073486328125e-6,true,0.4,0.8944271909986002,false,0.0,0.0,false,0.0,1.8250120749944284e-8,false,1.4,3.130495168499705,false
제3대,1753,1957.11.18.,제3대국회 제26회(정기회) 제39차 국회본회의(전체회의) (1957.11.18.),0,0,0,0,0,0,0.4,0.8944271910000748,false,0.2,0.44721359550402534,false,0.4,0.8944271909986002,false,0.0,0.0,false,0.0,1.8250120749944284e-8,false,1.4,3.130495168499705,false
제3대,1754,1957.11.19.,제3대국회 제26회(정기회) 제40차 국회본회의(전체회의) (1957.11.19.),1,1,0,0,0,0,0.4,0.8944271910000748,false,0.2,0.44721359550402534,false,0.4,0.8944271909986002,false,0.0,0.0,false,0.0,1.8250120749944284e-8,false,0.0,0.0,false
제3대,1755,1957.11.20.,제3대국회 제26회(정기회) 제41차 국회본회의(전체회의) (1957.11.20.),0,0,0,0,0,0,0.6,0.8944271910000748,false,0.4,0.5477225575084871,false,0.0,0.0,false,0.0,0.0,false,0.0,1.8250120749944284e-8,false,0.0,0.0,false
제3대,1756,1957.11.21.,제3대국회 제26회(정기회) 제3차 내무위원회(전체회의) (1957.11.21.),3,1,0,0,0,0,0.6,0.8944271910000748,true,0.4,0.5477225575084871,false,0.0,0.0,false,0.0,0.0,false,0.0,1.8250120749944284e-8,false,0.0,0.0,false
제3대,1757,1957.11.21.,제3대국회 제26회(정기회) 제42차 국회본회의(전체회의) (1957.11.21.),0,0,0,0,0,0,1.2,1.3038404810406388,false,0.6,0.5477225575084871,false,0.0,0.0,false,0.0,0.0,false,0.0,1.8250120749944284e-8,false,0.0,0.0,false
제3대,1758,1957.11.22.,제3대국회 제26회(정기회) 제1차 재정경제위원회(전체회의) (1957.11.22.),5,0,0,0,0,0,0.8,1.3038404810406388,true,0.4,0.5477225575084871,false,0.0,0.0,false,0.0,0.0,false,0.0,1.8250120749944284e-8,false,0.0,0.0,false
제3대,1759,1957.11.22.,제3대국회 제26회(정기회) 제43차 국회본회의(전체회의) (1957.11.22.),0,0,0,0,0,0,1.8,2.1679483388679457,false,0.4,0.5477225575084871,false,0.0,0.0,false,0.0,0.0,false,0.0,1.8250120749944284e-8,false,0.0,0.0,false
제3대,1760,1957.11.23.,제3대국회 제26회(정기회) 제44차 국회본회의(전체회의) (1957.11.23.),1,0,0,0,0,0,1.6,2.302172886644329,false,0.2,0.44721359550402534,false,0.0,0.0,false,0.0,0.0,false,0.0,1.8250120749944284e-8,false,0.0,0.0,false
제3대,1761,1957.11.25.,제3대국회 제26회(정기회) 제2차 재정경제위원회(전체회의) (1957.11.25.),0,10,0,0,0,0,1.8,2.1679483388679457,false,0.2,0.44721359550402534,true,0.0,0.0,false,0.0,0.0,false,0.0,1.8250120749944284e-8,false,0.0,0.0,false
제3대,1762,1957.11.25.,제3대국회 제26회(정기회) 제45차 국회본회의(전체회의) (1957.11.25.),0,0,0,0,0,0,1.2,2.1679483388679457,false,2.0,4.472135954999986,false,0.0,0.0,false,0.0,0.0,false,0.0,1.8250120749944284e-8,false,0.0,0.0,false
제3대,1763,1957.11.26.,제3대국회 제26회(정기회) 제3차 재정경제위원회(전체회의) (1957.11.26.),0,10,0,0,0,0,1.2,2.1679483388679457,false,2.0,4.472135954999986,false,0.0,0.0,false,0.0,0.0,false,0.0,1.8250120749944284e-8,false,0.0,0.0,false
제3대,1764,1957.11.26.,제3대국회 제26회(정기회) 제46차 국회본회의(전체회의) (1957.11.26.),0,0,0,0,0,0,0.2,0.44721359550027573,false,4.0,5.477225575051993,false,0.0,0.0,false,0.0,0.0,false,0.0,1.8250120749944284e-8,false,0.0,0.0,false
제3대,1765,1957.11.27.,제3대국회 제26회(정기회) 제47차 국회본회의(전체회의) (1957.11.27.),1,0,0,0,0,0,0.2,0.44721359550027573,false,4.0,5.477225575051993,false,0.0,0.0,false,0.0,0.0,false,0.0,1.8250120749944284e-8,false,0.0,0.0,false
제3대,1766,1957.11.28.,제3대국회 제26회(정기회) 제48차 국회본회의(전체회의) (1957.11.28.),0,0,0,0,0,0,0.2,0.44721359550027573,false,4.0,5.477225575051993,false,0.0,0.0,false,0.0,0.0,false,0.0,1.8250120749944284e-8,false,0.0,0.0,false
제3대,1767,1957.11.29.,제3대국회 제26회(정기회) 제49차 국회본회의(전체회의) (1957.11.29.),1,0,4,0,0,1,0.2,0.44721359550027573,false,2.0,4.472135954999986,false,0.0,0.0,true,0.0,0.0,false,0.0,1.8250120749944284e-8,false,0.0,0.0,true
제3대,1768,1957.11.30.,제3대국회 제26회(정기회) 제50차 국회본회의(전체회의) (1957.11.30.),0,0,0,0,0,0,0.4,0.5477225575054255,false,2.0,4.472135954999986,false,0.8,1.7888543819991722,false,0.0,0.0,false,0.0,1.8250120749944284e-8,false,0.2,0.4472135954999509,false
제3대,1769,1957.12.02.,제3대국회 제26회(정기회) 제51차 국회본회의(전체회의) (1957.12.02.),0,0,0,0,0,0,0.4,0.5477225575054255,false,0.0,1.9073486328125e-6,false,0.8,1.7888543819991722,false,0.0,0.0,false,0.0,1.8250120749944284e-8,false,0.2,0.4472135954999509,false
제3대,1770,1957.12.03.,제3대국회 제26회(정기회) 제1차 교통체신위원회(전체회의) (1957.12.03.),1,0,0,0,0,1,0.4,0.5477225575054255,false,0.0,1.9073486328125e-6,false,0.8,1.7888543819991722,false,0.0,0.0,false,0.0,1.8250120749944284e-8,false,0.2,0.4472135954999509,false
제3대,1771,1957.12.03.,제3대국회 제26회(정기회) 제52차 국회본회의(전체회의) (1957.12.03.),1,0,0,0,0,0,0.4,0.5477225575054255,false,0.0,1.9073486328125e-6,false,0.8,1.7888543819991722,false,0.0,0.0,false,0.0,1.8250120749944284e-8,false,0.4,0.5477225575051611,false
제3대,1772,1957.12.04.,제3대국회 제26회(정기회) 제2차 교통체신위원회(전체회의) (1957.12.04.),4,0,0,0,0,0,0.6,0.5477225575054255,true,0.0,1.9073486328125e-6,false,0.8,1.7888543819991722,false,0.0,0.0,false,0.0,1.8250120749944284e-8,false,0.4,0.5477225575051611,false
제3대,1773,1957.12.04.,제3대국회 제26회(정기회) 제53차 국회본회의(전체회의) (1957.12.04.),0,0,0,0,0,0,1.2,1.6431676725155848,false,0.0,1.9073486328125e-6,false,0.0,0.0,false,0.0,0.0,false,0.0,1.8250120749944284e-8,false,0.2,0.4472135954999509,false
제3대,1774,1957.12.05.,제3대국회 제26회(정기회) 제3차 교통체신위원회(전체회의) (1957.12.05.),1,0,0,0,0,0,1.2,1.6431676725155848,false,0.0,1.9073486328125e-6,false,0.0,0.0,false,0.0,0.0,false,0.0,1.8250120749944284e-8,false,0.2,0.4472135954999509,false
제3대,1775,1957.12.05.,제3대국회 제26회(정기회) 제54차 국회본회의(전체회의) (1957.12.05.),0,0,0,0,0,0,1.4,1.5165750888104037,false,0.0,1.9073486328125e-6,false,0.0,0.0,false,0.0,0.0,false,0.0,1.8250120749944284e-8,false,0.2,0.4472135954999509,false
제3대,1776,1957.12.06.,제3대국회 제26회(정기회) 제4차 교통체신위원회(전체회의) (1957.12.06.),10,0,1,0,0,0,1.2,1.6431676725155848,true,0.0,1.9073486328125e-6,false,0.0,0.0,true,0.0,0.0,false,0.0,1.8250120749944284e-8,false,0.0,0.0,false
제3대,1777,1957.12.06.,제3대국회 제26회(정기회) 제55차 국회본회의(전체회의) (1957.12.06.),0,0,0,0,0,0,3.0,4.2426406871193185,false,0.0,1.9073486328125e-6,false,0.2,0.4472135954973298,false,0.0,0.0,false,0.0,1.8250120749944284e-8,false,0.0,0.0,false
제3대,1778,1957.12.07.,제3대국회 제26회(정기회) 제5차 교통체신위원회(전체회의) (1957.12.07.),26,0,0,0,0,0,2.2,4.3817804600413615,true,0.0,1.9073486328125e-6,false,0.2,0.4472135954973298,false,0.0,0.0,false,0.0,1.8250120749944284e-8,false,0.0,0.0,false
제3대,1779,1957.12.09.,제3대국회 제26회(정기회) 제56차 국회본회의(전체회의) (1957.12.09.),1,0,0,0,0,0,7.4,11.216059914247975,false,0.0,1.9073486328125e-6,false,0.2,0.4472135954973298,false,0.0,0.0,false,0.0,1.8250120749944284e-8,false,0.0,0.0,false
제3대,1780,1957.12.11.,제3대국회 제26회(정기회) 제2차 예산결산위원회(전체회의) (1957.12.11.),21,3,0,0,0,0,7.4,11.216059914247975,false,0.0,1.9073486328125e-6,true,0.2,0.4472135954973298,false,0.0,0.0,false,0.0,1.8250120749944284e-8,false,0.0,0.0,false
제3대,1781,1957.12.11.,제3대국회 제26회(정기회) 제57차 국회본회의(전체회의) (1957.12.11.),0,0,1,0,0,0,11.6,11.674759098157027,false,0.6,1.3416407865012296,false,0.2,0.4472135954973298,false,0.0,0.0,false,0.0,1.8250120749944284e-8,false,0.0,0.0,false
제3대,1782,1957.12.12.,제3대국회 제26회(정기회) 제3차 예산결산위원회(전체회의) (1957.12.12.),17,18,0,0,0,0,9.6,12.817956155331485,false,0.6,1.3416407865012296,true,0.2,0.4472135954973298,false,0.0,0.0,false,0.0,1.8250120749944284e-8,false,0.0,0.0,false
제3대,1783,1957.12.12.,제3대국회 제26회(정기회) 제58차 국회본회의(전체회의) (1957.12.12.),0,0,0,0,0,0,13.0,11.85326959112971,false,4.2,7.823042886243411,false,0.2,0.4472135954973298,false,0.0,0.0,false,0.0,1.8250120749944284e-8,false,0.0,0.0,false
제3대,1784,1957.12.13.,제3대국회 제26회(정기회) 제4차 예산결산위원회(전체회의) (1957.12.13.),8,0,0,19,0,3,7.8,10.329569206893398,false,4.2,7.823042886243411,false,0.2,0.4472135954973298,false,0.0,0.0,true,0.0,1.8250120749944284e-8,false,0.0,0.0,true
제3대,1785,1957.12.13.,제3대국회 제26회(정기회) 제59차 국회본회의(전체회의) (1957.12.13.),11,0,1,0,0,1,9.2,9.628083921528743,false,4.2,7.823042886243411,false,0.2,0.4472135954973298,false,3.8,8.497058314499201,false,0.0,1.8250120749944284e-8,false,0.6,1.341640786499872,false
제3대,1786,1957.12.14.,제3대국회 제26회(정기회) 제5차 예산결산위원회(전체회의) (1957.12.14.),6,1,0,0,0,0,7.2,7.328028384224524,false,3.6,8.049844718999468,false,0.4,0.5477225575030178,false,3.8,8.497058314499201,false,0.0,1.8250120749944284e-8,false,0.8,1.3038404810405282,false
제3대,1787,1957.12.14.,제3대국회 제26회(정기회) 제60차 국회본회의(전체회의) (1957.12.14.),1,0,0,0,0,0,8.4,6.268971207463014,false,3.8,7.949842765740946,false,0.2,0.4472135954973298,false,3.8,8.497058314499201,false,0.0,1.8250120749944284e-8,false,0.8,1.3038404810405282,false
제3대,1788,1957.12.16.,제3대국회 제26회(정기회) 제61차 국회본회의(전체회의) (1957.12.16.),2,0,0,0,0,0,5.2,4.658325879540876,false,0.2,0.4472135955040333,false,0.2,0.4472135954973298,false,3.8,8.497058314499201,false,0.0,1.8250120749944284e-8,false,0.8,1.3038404810405282,false
제3대,1789,1957.12.17.,제3대국회 제26회(정기회) 제62차 국회본회의(전체회의) (1957.12.17.),0,0,0,0,0,0,5.6,4.159326868617118,false,0.2,0.4472135955040333,false,0.2,0.4472135954973298,false,3.8,8.497058314499201,false,0.0,1.8250120749944284e-8,false,0.8,1.3038404810405282,false
제3대,1790,1957.12.17.,제3대국회 제26회(정기회) 제6차 예산결산위원회(전체회의) (1957.12.17.),7,3,1,0,0,0,4.0,4.527692569068739,false,0.2,0.4472135955040333,true,0.2,0.4472135954973298,false,0.0,0.0,false,0.0,1.8250120749944284e-8,false,0.2,0.44721359549995027,false
제3대,1791,1957.12.18.,제3대국회 제26회(정기회) 제63차 국회본회의(전체회의) (1957.12.18.),3,0,0,0,0,0,3.2,3.1144823004795317,false,0.8,1.3038404810419277,false,0.2,0.4472135954973298,false,0.0,0.0,false,0.0,1.8250120749944284e-8,false,0.0,0.0,false
제3대,1792,1957.12.18.,제3대국회 제26회(정기회) 제7차 예산결산위원회(전체회의) (1957.12.18.),31,6,6,0,0,0,2.6,2.7018512172213103,true,0.6,1.3416407865012323,true,0.2,0.4472135954973298,true,0.0,0.0,false,0.0,1.8250120749944284e-8,false,0.0,0.0,false
제3대,1793,1957.12.19.,제3대국회 제26회(정기회) 제64차 국회본회의(전체회의) (1957.12.19.),59,1,1,0,0,0,8.6,12.778888840583921,true,1.8,2.6832815730004267,false,1.4,2.6076809620806056,false,0.0,0.0,false,0.0,1.8250120749944284e-8,false,0.0,0.0,false
제3대,1794,1957.12.19.,제3대국회 제26회(정기회) 제8차 예산결산위원회(전체회의) (1957.12.19.),4,2,0,0,0,0,20.0,25.000000000000004,false,2.0,2.5495097567971072,false,1.6,2.509980079601754,false,0.0,0.0,false,0.0,1.8250120749944284e-8,false,0.0,0.0,false
제3대,1795,1957.12.20.,제3대국회 제26회(정기회) 제9차 예산결산위원회(전체회의) (1957.12.20.),23,6,7,0,0,0,20.8,24.252834885843765,false,2.4,2.3021728866450593,false,1.6,2.509980079601754,true,0.0,0.0,false,0.0,1.8250120749944284e-8,false,0.0,0.0,false
제3대,1796,1957.12.21.,제3대국회 제26회(정기회) 제10차 예산결산위원회(전체회의) (1957.12.21.),25,0,1,0,0,3,24.0,23.000000000000004,false,3.0,2.8284271247468347,false,2.8,3.4205262752970653,false,0.0,0.0,false,0.0,1.8250120749944284e-8,false,0.0,0.0,true
제3대,1797,1957.12.21.,제3대국회 제26회(정기회) 제65차 국회본회의(전체회의) (1957.12.21.),8,0,0,0,0,0,28.4,19.869574731231673,false,3.0,2.8284271247468347,false,3.0,3.2403703492035616,false,0.0,0.0,false,0.0,1.8250120749944284e-8,false,0.6,1.3416407864998718,false
제3대,1798,1957.12.22.,제3대국회 제26회(정기회) 제11차 예산결산위원회(전체회의) (1957.12.22.),3,0,0,0,0,0,23.8,21.69562167811746,false,1.8,2.4899799195984786,false,1.8,2.949576240750123,false,0.0,0.0,false,0.0,1.8250120749944284e-8,false,0.6,1.3416407864998718,false
제3대,1799,1957.12.23.,제3대국회 제26회(정기회) 제12차 예산결산위원회(전체회의) (1957.12.23.),1,87,4,0,0,2,12.6,10.597169433391171,false,1.6,2.6076809620817585,true,1.6,3.0495901363949924,false,0.0,0.0,false,0.0,1.8250120749944284e-8,false,0.6,1.3416407864998718,false
제3대,1800,1957.12.23.,제3대국회 제26회(정기회) 제66차 국회본회의(전체회의) (1957.12.23.),0,0,0,0,0,0,12.0,11.269427669584653,false,18.6,38.3249266144112,false,2.4,3.0495901363949907,false,0.0,0.0,false,0.0,1.8250120749944284e-8,false,1.0,1.4142135623730938,false
제3대,1801,1957.12.24.,제3대국회 제26회(정기회) 제13차 예산결산위원회(전체회의) (1957.12.24.),12,228,3,0,0,0,7.4,10.310189135025611,false,17.4,38.90758280849639,true,1.0,1.7320508075681949,false,0.0,0.0,false,0.0,1.8250120749944284e-8,false,1.0,1.4142135623730938,false
제3대,1802,1957.12.26.,제3대국회 제26회(정기회) 제14차 예산결산위원회(전체회의) (1957.12.26.),30,17,28,0,0,0,4.8,5.069516742254645,true,63.0,99.63433143249371,false,1.4,1.9493588689611852,true,0.0,0.0,false,0.0,1.8250120749944284e-8,false,0.4,0.8944271909999125,false
제3대,1803,1957.12.26.,제3대국회 제26회(정기회) 제67차 국회본회의(전체회의) (1957.12.26.),18,0,0,0,0,0,9.2,12.557866060760489,false,66.4,97.20750999794204,false,7.0,11.874342087037814,false,0.0,0.0,false,0.0,1.8250120749944284e-8,false,0.4,0.8944271909999125,false
제3대,1804,1957.12.27.,제3대국회 제26회(정기회) 제15차 예산결산위원회(전체회의) (1957.12.27.),10,0,1,0,0,0,12.2,12.497999839974401,false,66.4,97.20750999794204,false,7.0,11.874342087037814,false,0.0,0.0,false,0.0,1.8250120749944284e-8,false,0.4,0.8944271909999125,false
제3대,1805,1957.12.28.,제3대국회 제26회(정기회) 제16차 예산결산위원회(전체회의) (1957.12.28.),8,0,6,0,0,0,14.0,11.045361017187268,false,49.0,100.33444074693396,false,6.4,12.136721138758919,false,0.0,0.0,false,0.0,1.8250120749944284e-8,false,0.0,0.0,false
제3대,1806,1957.12.29.,제3대국회 제26회(정기회) 제17차 예산결산위원회(전체회의) (1957.12.29.),20,1,1,0,0,0,15.6,8.876936408468868,false,49.0,100.33444074693396,false,7.6,11.631852818876173,false,0.0,0.0,false,0.0,1.8250120749944284e-8,false,0.0,0.0,false
제3대,1807,1957.12.30.,제3대국회 제26회(정기회) 제18차 예산결산위원회(전체회의) (1957.12.30.),0,2,0,0,0,0,17.2,8.786353054595528,false,3.6,7.503332592921871,false,7.2,11.861703081766866,false,0.0,0.0,false,0.0,1.8250120749944284e-8,false,0.0,0.0,false
제3대,1808,1957.12.30.,제3대국회 제26회(정기회) 제68차 국회본회의(전체회의) (1957.12.30.),9,16,0,0,0,0,11.2,8.07465169527455,false,0.6,0.8944271910019785,true,1.6,2.5099800796017577,false,0.0,0.0,false,0.0,1.8250120749944284e-8,false,0.0,0.0,false
제3대,1809,1957.12.31.,제3대국회 제26회(정기회) 제69차 국회본회의(전체회의) (1957.12.31.),14,16,3,0,0,0,9.4,7.127411872482195,false,3.8,6.870225614927333,false,1.6,2.5099800796017577,false,0.0,0.0,false,0.0,1.8250120749944284e-8,false,0.0,0.0,false
제3대,1810,1958.01.01.,제3대국회 제26회(정기회) 제70차 국회본회의(전체회의) (1958.01.01.),5,1,2,0,0,0,10.2,7.429670248402695,false,7.0,8.24621125123554,false,2.0,2.54950975679593,false,0.0,0.0,false,0.0,1.8250120749944284e-8,false,0.0,0.0,false
제3대,1811,1958.01.04.,제3대국회 제26회(정기회) 폐회식 국회본회의(전체회의) (1958.01.04.),8,1,0,0,0,1,9.6,7.765307463326881,false,7.2,8.043631020876305,false,1.2,1.3038404810396282,false,0.0,0.0,false,0.0,1.8250120749944284e-8,false,0.0,0.0,true
제3대,1812,1958.02.05.,제3대국회 제27회(임시회) 개회식 국회본회의(전체회의) (1958.02.05.),0,0,0,0,0,0,7.2,5.16720427310554,false,7.2,8.043631020876305,false,1.0,1.4142135623722647,false,0.0,0.0,false,0.0,1.8250120749944284e-8,false,0.2,0.44721359549995027,false
제3대,1813,1958.02.06.,제3대국회 제27회(임시회) 제1차 국회본회의(전체회의) (1958.02.06.),0,0,0,0,0,0,7.2,5.16720427310554,false,6.8,8.408329203831377,false,1.0,1.4142135623722647,false,0.0,0.0,false,0.0,1.8250120749944284e-8,false,0.2,0.44721359549995027,false
제3대,1814,1958.02.07.,제3대국회 제27회(임시회) 제2차 국회본회의(전체회의) (1958.02.07.),0,0,0,0,0,0,5.4,5.899152481501063,false,3.6,6.9498201415578835,false,1.0,1.4142135623722647,false,0.0,0.0,false,0.0,1.8250120749944284e-8,false,0.2,0.44721359549995027,false
제3대,1815,1958.02.08.,제3대국회 제27회(임시회) 제3차 국회본회의(전체회의) (1958.02.08.),63,0,0,0,0,0,2.6,3.714835124201363,true,0.4,0.5477225575085274,false,0.4,0.8944271909986068,false,0.0,0.0,false,0.0,1.8250120749944284e-8,false,0.2,0.44721359549995027,false
제3대,1816,1958.02.10.,제3대국회 제27회(임시회) 제4차 국회본회의(전체회의) (1958.02.10.),45,0,0,0,0,0,14.2,27.499090894064118,false,0.2,0.44721359550407774,false,0.0,0.0,false,0.0,0.0,false,0.0,1.8250120749944284e-8,false,0.2,0.44721359549995027,false
제3대,1817,1958.02.11.,제3대국회 제27회(임시회) 제5차 국회본회의(전체회의) (1958.02.11.),11,5,0,0,0,0,21.6,30.2539253651489,false,0.0,1.920342885683419e-6,true,0.0,0.0,false,0.0,0.0,false,0.0,1.8250120749944284e-8,false,0.0,0.0,false
제3대,1818,1958.02.12.,제3대국회 제27회(임시회) 제6차 국회본회의(전체회의) (1958.02.12.),71,0,0,0,0,0,23.8,28.647862049374645,false,1.0,2.236067977500611,false,0.0,0.0,false,0.0,0.0,false,0.0,1.8250120749944284e-8,false,0.0,0.0,false
제3대,1819,1958.02.13.,제3대국회 제27회(임시회) 제7차 국회본회의(전체회의) (1958.02.13.),1,2,0,0,0,0,38.0,31.368774282716245,false,1.0,2.236067977500611,false,0.0,0.0,false,0.0,0.0,false,0.0,1.8250120749944284e-8,false,0.0,0.0,false
제3대,1820,1958.02.14.,제3대국회 제27회(임시회) 제8차 국회본회의(전체회의) (1958.02.14.),3,0,0,0,0,0,38.2,31.06766808114185,false,1.4,2.1908902300215014,false,0.0,0.0,false,0.0,0.0,false,0.0,1.8250120749944284e-8,false,0.0,0.0,false
제3대,1821,1958.02.15.,제3대국회 제27회(임시회) 제9차 국회본회의(전체회의) (1958.02.15.),2,1,1,0,0,0,26.2,30.678983033992505,false,1.4,2.1908902300215014,false,0.0,0.0,true,0.0,0.0,false,0.0,1.8250120749944284e-8,false,0.0,0.0,false
제3대,1822,1958.02.17.,제3대국회 제27회(임시회) 제10차 국회본회의(전체회의) (1958.02.17.),5,0,4,0,0,0,17.6,30.113120064184645,false,1.6,2.0736441353336557,false,0.2,0.44721359549734213,true,0.0,0.0,false,0.0,1.8250120749944284e-8,false,0.0,0.0,false
제3대,1823,1958.02.18.,제3대국회 제27회(임시회) 제11차 국회본회의(전체회의) (1958.02.18.),3,0,0,0,0,0,16.4,30.558141304732523,false,0.6,0.8944271910019729,false,1.0,1.7320508075681993,false,0.0,0.0,false,0.0,1.8250120749944284e-8,false,0.0,0.0,false
제3대,1824,1958.02.19.,제3대국회 제27회(임시회) 제12차 국회본회의(전체회의) (1958.02.19.),1,0,0,0,0,0,2.8,1.4832396974190942,false,0.6,0.8944271910019729,false,1.0,1.7320508075681993,false,0.0,0.0,false,0.0,1.8250120749944284e-8,false,0.0,0.0,false
제3대,1825,1958.02.20.,제3대국회 제27회(임시회) 제13차 국회본회의(전체회의) (1958.02.20.),3,0,0,0,0,4,2.8,1.4832396974190942,false,0.2,0.44721359550407824,false,1.0,1.7320508075681993,false,0.0,0.0,false,0.0,1.8250120749944284e-8,false,0.0,0.0,true
제3대,1826,1958.02.21.,제3대국회 제27회(임시회) 제14차 국회본회의(전체회의) (1958.02.21.),6,0,0,0,0,0,2.8,1.4832396974190942,true,0.2,0.44721359550407824,false,1.0,1.7320508075681993,false,0.0,0.0,false,0.0,1.8250120749944284e-8,false,0.8,1.7888543819998306,false
제3대,1827,1958.02.22.,제3대국회 제27회(임시회) 제15차 국회본회의(전체회의) (1958.02.22.),5,0,0,0,0,2,3.6,1.9493588689617645,false,0.0,1.9204512834823887e-6,false,0.8,1.788854381999176,false,0.0,0.0,false,0.0,1.8250120749944284e-8,false,0.8,1.7888543819998306,false
제3대,1828,1958.03.24.,제3대국회 제27회(임시회) 제16차 국회본회의(전체회의) (1958.03.24.),0,0,0,0,0,0,3.6,1.9493588689617645,false,0.0,1.9204512834823887e-6,false,0.0,0.0,false,0.0,0.0,false,0.0,1.8250120749944284e-8,false,1.2,1.788854381999831,false
제3대,1829,1958.04.07.,제3대국회 제27회(임시회) 폐회식 국회본회의(전체회의) (1958.04.07.),2,0,0,0,0,1,3.0,2.5495097567963705,false,0.0,1.9204512834823887e-6,false,0.0,0.0,false,0.0,0.0,false,0.0,1.8250120749944284e-8,false,1.2,1.788854381999831,false
제3대,1830,1958.05.21.,제3대국회 제28회(임시회) 개회식 국회본회의(전체회의) (1958.05.21.),0,0,0,0,0,0,3.2,2.387467277262641,false,0.0,1.9204512834823887e-6,false,0.0,0.0,false,0.0,0.0,false,0.0,1.8250120749944284e-8,false,1.4,1.6733200530681505,false
제3대,1831,1958.05.29.,제3대국회 제28회(임시회) 폐회식 국회본회의(전체회의) (1958.05.29.),0,1,0,0,0,0,2.6,2.7928480087537677,false,0.0,1.9204512834823887e-6,true,0.0,0.0,false,0.0,0.0,false,0.0,1.8250120749944284e-8,false,0.6,0.8944271909999127,false
제4대,1832,1958.06.07.,제4대국회 제29회(임시회) 개회식 국회본회의(전체회의) (1958.06.07.),0,1,0,0,0,0,1.75,2.362907813126271,false,0.0,2.217546130968239e-6,true,0.0,0.0,false,0.0,0.0,false,0.0,2.1073424255447017e-8,false,0.75,0.9574271077563348,false
제4대,1833,1958.06.07.,제4대국회 제29회(임시회) 제1차 국회본회의(전체회의) (1958.06.07.),0,0,0,0,0,0,0.5,0.999999999999919,false,0.25,0.5000000000049127,false,0.0,0.0,false,0.0,0.0,false,0.0,2.1073424255447017e-8,false,0.25,0.49999999999999023,false
제4대,1834,1958.06.09.,제4대국회 제29회(임시회) 제2차 국회본회의(전체회의) (1958.06.09.),0,0,0,0,0,0,0.5,0.999999999999919,false,0.25,0.5000000000049127,false,0.0,0.0,false,0.0,0.0,false,0.0,2.1073424255447017e-8,false,0.25,0.49999999999999023,false
제4대,1835,1958.06.09.,제4대국회 제29회(임시회) 제2차 국회본회의(전체회의) (1958.06.09.)_1647,0,0,0,0,0,0,0.0,0.0,false,0.25,0.5000000000049127,false,0.0,0.0,false,0.0,0.0,false,0.0,2.1073424255447017e-8,false,0.0,0.0,false
제4대,1836,1958.06.16.,제4대국회 제29회(임시회) 제3차 국회본회의(전체회의) (1958.06.16.),0,0,0,3,0,0,0.0,0.0,false,0.25,0.5000000000049127,false,0.0,0.0,false,0.0,0.0,true,0.0,2.1073424255447017e-8,false,0.0,0.0,false
제4대,1837,1958.06.17.,제4대국회 제29회(임시회) 제4차 국회본회의(전체회의) (1958.06.17.),0,0,0,2,0,0,0.0,0.0,false,0.2,0.4472135955040782,false,0.0,0.0,false,0.6,1.3416407864998738,false,0.0,1.8250120749944284e-8,false,0.0,0.0,false
제4대,1838,1958.06.18.,제4대국회 제29회(임시회) 제1차 국회운영위원회(전체회의) (1958.06.18.),0,0,0,0,0,0,0.0,0.0,false,0.0,1.9204440571528085e-6,false,0.0,0.0,false,1.0,1.414213562373095,false,0.0,1.8250120749944284e-8,false,0.0,0.0,false
제4대,1839,1958.06.18.,제4대국회 제29회(임시회) 제5차 국회본회의(전체회의) (1958.06.18.),0,0,0,0,0,0,0.0,0.0,false,0.0,1.9204440571528085e-6,false,0.0,0.0,false,1.0,1.414213562373095,false,0.0,1.8250120749944284e-8,false,0.0,0.0,false
제4대,1840,1958.06.19.,제4대국회 제29회(임시회) 제6차 국회본회의(전체회의) (1958.06.19.),0,0,0,0,0,0,0.0,0.0,false,0.0,1.9204440571528085e-6,false,0.0,0.0,false,1.0,1.414213562373095,false,0.0,1.8250120749944284e-8,false,0.0,0.0,false
제4대,1841,1958.06.20.,제4대국회 제29회(임시회) 제1차 농림위원회(전체회의) (1958.06.20.),0,0,0,0,0,0,0.0,0.0,false,0.0,1.9204440571528085e-6,false,0.0,0.0,false,1.0,1.414213562373095,false,0.0,1.8250120749944284e-8,false,0.0,0.0,false
제4대,1842,1958.06.20.,제4대국회 제29회(임시회) 제7차 국회본회의(전체회의) (1958.06.20.),0,0,0,0,0,0,0.0,0.0,false,0.0,1.9204440571528085e-6,false,0.0,0.0,false,0.4,0.8944271909999157,false,0.0,1.8250120749944284e-8,false,0.0,0.0,false
제4대,1843,1958.06.21.,제4대국회 제29회(임시회) 제2차 농림위원회(전체회의) (1958.06.21.),7,1,0,0,0,0,0.0,0.0,true,0.0,1.9204440571528085e-6,true,0.0,0.0,false,0.0,0.0,false,0.0,1.8250120749944284e-8,false,0.0,0.0,false
제4대,1844,1958.06.21.,제4대국회 제29회(임시회) 제8차 국회본회의(전체회의) (1958.06.21.),0,0,0,0,0,0,1.4,3.130495168499687,false,0.2,0.4472135955040782,false,0.0,0.0,false,0.0,0.0,false,0.0,1.8250120749944284e-8,false,0.0,0.0,false
제4대,1845,1958.06.23.,제4대국회 제29회(임시회) 제9차 국회본회의(전체회의) (1958.06.23.),1,0,0,0,0,0,1.4,3.130495168499687,false,0.2,0.4472135955040782,false,0.0,0.0,false,0.0,0.0,false,0.0,1.8250120749944284e-8,false,0.0,0.0,false
제4대,1846,1958.06.24.,제4대국회 제29회(임시회) 제10차 국회본회의(전체회의) (1958.06.24.),1,0,1,0,0,0,1.6,3.049590136395362,false,0.2,0.4472135955040782,false,0.0,0.0,true,0.0,0.0,false,0.0,1.8250120749944284e-8,false,0.0,0.0,false
제4대,1847,1958.06.26.,제4대국회 제29회(임시회) 제11차 국회본회의(전체회의) (1958.06.26.),2,0,0,0,0,2,1.8,2.9495762407505053,false,0.2,0.4472135955040782,false,0.2,0.44721359549734235,false,0.0,0.0,false,0.0,1.8250120749944284e-8,false,0.0,0.0,true
제4대,1848,1958.06.27.,제4대국회 제29회(임시회) 제12차 국회본회의(전체회의) (1958.06.27.),0,0,0,0,0,0,2.2,2.774887385102301,false,0.2,0.4472135955040782,false,0.2,0.44721359549734235,false,0.0,0.0,false,0.0,1.8250120749944284e-8,false,0.4,0.8944271909999122,false
제4대,1849,1958.06.27.,제4대국회 제29회(임시회) 제1차 국방위원회(전체회의) (1958.06.27.),0,0,0,0,0,0,0.8,0.8366600265340028,false,0.0,1.9204368307960363e-6,false,0.2,0.44721359549734235,false,0.0,0.0,false,0.0,1.8250120749944284e-8,false,0.4,0.8944271909999122,false
제4대,1850,1958.06.27.,제4대국회 제29회(임시회) 제1차 부흥위원회(전체회의) (1958.06.27.),19,17,1,0,0,0,0.8,0.8366600265340028,true,0.0,1.9204368307960363e-6,true,0.2,0.44721359549734235,false,0.0,0.0,false,0.0,1.8250120749944284e-8,false,0.4,0.8944271909999122,false
제4대,1851,1958.06.28.,제4대국회 제29회(임시회) 제13차 국회본회의(전체회의) (1958.06.28.),0,0,0,0,0,0,4.4,8.203657720797468,false,3.4,7.602631123499524,false,0.4,0.5477225575030285,false,0.0,0.0,false,0.0,1.8250120749944284e-8,false,0.4,0.8944271909999122,false
제4대,1852,1958.06.30.,제4대국회 제29회(임시회) 제14차 국회본회의(전체회의) (1958.06.30.),1,0,0,0,0,0,4.2,8.318653737234163,false,3.4,7.602631123499524,false,0.2,0.44721359549734235,false,0.0,0.0,false,0.0,1.8250120749944284e-8,false,0.4,0.8944271909999122,false
제4대,1853,1958.06.30.,제4대국회 제29회(임시회) 제2차 국회운영위원회(전체회의) (1958.06.30.),0,0,0,0,0,0,4.0,8.396427811873327,false,3.4,7.602631123499524,false,0.2,0.44721359549734235,false,0.0,0.0,false,0.0,1.8250120749944284e-8,false,0.0,0.0,false
제4대,1854,1958.06.30.,제4대국회 제29회(임시회) 제2차 부흥위원회(전체회의) (1958.06.30.),4,4,0,0,0,1,4.0,8.396427811873327,false,3.4,7.602631123499524,false,0.2,0.44721359549734235,false,0.0,0.0,false,0.0,1.8250120749944284e-8,false,0.0,0.0,true
제4대,1855,1958.06.30.,제4대국회 제29회(임시회) 제3차 농림위원회(전체회의) (1958.06.30.),3,0,0,0,0,0,4.8,8.105553651663772,false,4.2,7.362064927722631,false,0.2,0.44721359549734235,false,0.0,0.0,false,0.0,1.8250120749944284e-8,false,0.2,0.4472135954999497,false
제4대,1856,1958.07.02.,제4대국회 1958년도 국정감사 국방위원회(전체회의) (1958.07.02.),0,0,0,0,0,0,1.6,1.8165902124584679,false,0.8,1.7888543820008613,false,0.0,0.0,false,0.0,0.0,false,0.0,1.8250120749944284e-8,false,0.2,0.4472135954999497,false
제4대,1857,1958.07.02.,제4대국회 1958년도 국정감사 국방위원회(전체회의) (1958.07.02.)_20555,7,0,0,0,0,0,1.6,1.8165902124584679,true,0.8,1.7888543820008613,false,0.0,0.0,false,0.0,0.0,false,0.0,1.8250120749944284e-8,false,0.2,0.4472135954999497,false
제4대,1858,1958.07.02.,제4대국회 제29회(임시회) 제1차 문교위원회(전체회의) (1958.07.02.),26,2,4,0,0,0,2.8,2.949576240750509,true,0.8,1.7888543820008613,false,0.0,0.0,true,0.0,0.0,false,0.0,1.8250120749944284e-8,false,0.2,0.4472135954999497,false
제4대,1859,1958.07.03.,제4대국회 1958년도 국정감사 국방위원회(전체회의) (1958.07.03.),1,0,0,0,0,0,8.0,10.368220676663856,false,1.2,1.7888543820008598,false,0.8,1.788854381999176,false,0.0,0.0,false,0.0,1.8250120749944284e-8,false,0.2,0.4472135954999497,false
제4대,1860,1958.07.03.,제4대국회 1958년도 국정감사 국방위원회(전체회의) (1958.07.03.)_20557,0,0,0,0,0,0,7.4,10.737783756436889,false,0.4,0.8944271910019779,false,0.8,1.788854381999176,false,0.0,0.0,false,0.0,1.8250120749944284e-8,false,0.0,0.0,false
제4대,1861,1958.07.03.,제4대국회 1958년도 국정감사 국방위원회(전체회의) (1958.07.03.)_20558,0,0,0,0,0,0,6.8,11.12205017071942,false,0.4,0.8944271910019779,false,0.8,1.788854381999176,false,0.0,0.0,false,0.0,1.8250120749944284e-8,false,0.0,0.0,false
제4대,1862,1958.07.03.,제4대국회 제29회(임시회) 제2차 문교위원회(전체회의) (1958.07.03.),0,0,0,0,0,0,6.8,11.12205017071942,false,0.4,0.8944271910019779,false,0.8,1.788854381999176,false,0.0,0.0,false,0.0,1.8250120749944284e-8,false,0.0,0.0,false
제4대,1863,1958.07.03.,제4대국회 제29회(임시회) 제3차 국회운영위원회(전체회의) (1958.07.03.),0,0,0,0,0,0,5.4,11.523888232710341,false,0.4,0.8944271910019779,false,0.8,1.788854381999176,false,0.0,0.0,false,0.0,1.8250120749944284e-8,false,0.0,0.0,false
제4대,1864,1958.07.04.,제4대국회 1958년도 국정감사 국방위원회(전체회의) (1958.07.04.),1,0,0,0,0,0,0.2,0.44721359549979883,false,0.0,1.922076516880291e-6,false,0.0,0.0,false,0.0,0.0,false,0.0,1.8250120749944284e-8,false,0.0,0.0,false
제4대,1865,1958.07.04.,제4대국회 1958년도 국정감사 국방위원회(전체회의) (1958.07.04.)_20560,0,0,0,0,0,0,0.2,0.44721359549979883,false,0.0,1.922076516880291e-6,false,0.0,0.0,false,0.0,0.0,false,0.0,1.8250120749944284e-8,false,0.0,0.0,false
제4대,1866,1958.07.05.,제4대국회 1958년도 국정감사 국방위원회(전체회의) (1958.07.05.),3,0,0,0,0,0,0.2,0.44721359549979883,true,0.0,1.922076516880291e-6,false,0.0,0.0,false,0.0,0.0,false,0.0,1.8250120749944284e-8,false,0.0,0.0,false
제4대,1867,1958.07.05.,제4대국회 1958년도 국정감사 국방위원회(전체회의) (1958.07.05.)_20562,1,0,0,0,0,0,0.8,1.303840481040476,false,0.0,1.922076516880291e-6,false,0.0,0.0,false,0.0,0.0,false,0.0,1.8250120749944284e-8,false,0.0,0.0,false
제4대,1868,1958.07.05.,제4대국회 1958년도 국정감사 국방위원회(전체회의) (1958.07.05.)_20563,9,0,0,0,0,0,1.0,1.224744871391532,true,0.0,1.922076516880291e-6,false,0.0,0.0,false,0.0,0.0,false,0.0,1.8250120749944284e-8,false,0.0,0.0,false
제4대,1869,1958.07.05.,제4대국회 1958년도 국정감사 국방위원회(전체회의) (1958.07.05.)_20564,2,0,0,0,0,0,2.8,3.6331804249169717,false,0.0,1.922076516880291e-6,false,0.0,0.0,false,0.0,0.0,false,0.0,1.8250120749944284e-8,false,0.0,0.0,false
제4대,1870,1958.07.07.,제4대국회 제29회(임시회) 제15차 국회본회의(전체회의) (1958.07.07.),0,0,1,0,0,3,3.0,3.535533905932719,false,0.0,1.922076516880291e-6,false,0.0,0.0,true,0.0,0.0,false,0.0,1.8250120749944284e-8,false,0.0,0.0,true
제4대,1871,1958.07.07.,제4대국회 제29회(임시회) 제1차 내무위원회(전체회의) (1958.07.07.),2,0,0,0,0,0,3.0,3.535533905932719,false,0.0,1.922076516880291e-6,false,0.2,0.44721359549734235,false,0.0,0.0,false,0.0,1.8250120749944284e-8,false,0.6,1.3416407864998718,false
제4대,1872,1958.07.07.,제4대국회 제29회(임시회) 제1차 상공위원회(전체회의) (1958.07.07.),3,0,0,0,0,0,2.8,3.5637059362410737,false,0.0,1.922076516880291e-6,false,0.2,0.44721359549734235,false,0.0,0.0,false,0.0,1.8250120749944284e-8,false,0.6,1.3416407864998718,false
제4대,1873,1958.07.07.,제4대국회 제29회(임시회) 제3차 부흥위원회(전체회의) (1958.07.07.),4,0,0,0,0,0,3.2,3.420526275297395,false,0.0,1.922076516880291e-6,false,0.2,0.44721359549734235,false,0.0,0.0,false,0.0,1.8250120749944284e-8,false,0.6,1.3416407864998718,false
제4대,1874,1958.07.07.,제4대국회 제29회(임시회) 제4차 국회운영위원회(전체회의) (1958.07.07.),0,0,0,0,0,0,2.2,1.4832396974190871,false,0.0,1.922076516880291e-6,false,0.2,0.44721359549734235,false,0.0,0.0,false,0.0,1.8250120749944284e-8,false,0.6,1.3416407864998718,false
제4대,1875,1958.07.08.,제4대국회 제29회(임시회) 제16차 국회본회의(전체회의) (1958.07.08.),0,2,0,0,0,9,1.8,1.7888543819997937,false,0.0,1.922076516880291e-6,true,0.2,0.44721359549734235,false,0.0,0.0,false,0.0,1.8250120749944284e-8,false,0.6,1.3416407864998718,true
제4대,1876,1958.07.08.,제4대국회 제29회(임시회) 제4차 부흥위원회(전체회의) (1958.07.08.),2,4,0,0,0,0,1.8,1.7888543819997937,false,0.4,0.8944271910019779,true,0.0,0.0,false,0.0,0.0,false,0.0,1.8250120749944284e-8,false,1.8,4.024922359499621,false
제4대,1877,1958.07.09.,제4대국회 제29회(임시회) 제17차 국회본회의(전체회의) (1958.07.09.),3,0,0,0,0,6,1.8,1.7888543819997937,false,1.2,1.7888543820008598,false,0.0,0.0,false,0.0,0.0,false,0.0,1.8250120749944284e-8,false,1.8,4.024922359499621,false
제4대,1878,1958.07.09.,제4대국회 제29회(임시회) 제5차 국회운영위원회(전체회의) (1958.07.09.),0,0,0,0,0,0,1.8,1.7888543819997937,false,1.2,1.7888543820008598,false,0.0,0.0,false,0.0,0.0,false,0.0,1.8250120749944284e-8,false,3.0,4.242640687119286,false
제4대,1879,1958.07.10.,제4대국회 1958년도 국정감사 국방위원회(전체회의) (1958.07.10.),0,0,0,0,0,0,1.0,1.4142135623730459,false,1.2,1.7888543820008598,false,0.0,0.0,false,0.0,0.0,false,0.0,1.8250120749944284e-8,false,3.0,4.242640687119286,false
제4대,1880,1958.07.10.,제4대국회 1958년도 국정감사 국방위원회(전체회의) (1958.07.10.)_20566,0,0,0,0,0,0,1.0,1.4142135623730459,false,1.2,1.7888543820008598,false,0.0,0.0,false,0.0,0.0,false,0.0,1.8250120749944284e-8,false,3.0,4.242640687119286,false
제4대,1881,1958.07.10.,제4대국회 1958년도 국정감사 국방위원회(전체회의) (1958.07.10.)_20567,5,0,2,0,0,0,1.0,1.4142135623730459,true,0.8,1.7888543820008613,false,0.0,0.0,true,0.0,0.0,false,0.0,1.8250120749944284e-8,false,1.2,2.6832815729997472,false
제4대,1882,1958.07.10.,제4대국회 1958년도 국정감사 국방위원회(전체회의) (1958.07.10.)_20568,0,0,0,0,0,0,1.6,2.3021728866442377,false,0.0,1.922192036699903e-6,false,0.4,0.8944271909986069,false,0.0,0.0,false,0.0,1.8250120749944284e-8,false,1.2,2.6832815729997472,false
제4대,1883,1958.07.10.,제4대국회 제29회(임시회) 제18차 국회본회의(전체회의) (1958.07.10.),0,11,0,0,0,0,1.0,2.2360679774997587,false,0.0,1.922192036699903e-6,true,0.4,0.8944271909986069,false,0.0,0.0,false,0.0,1.8250120749944284e-8,false,0.0,0.0,false
제4대,1884,1958.07.11.,제4대국회 1958년도 국정감사 국방위원회(전체회의) (1958.07.11.),0,0,0,1,0,0,1.0,2.2360679774997587,false,2.2,4.919349550499909,false,0.4,0.8944271909986069,false,0.0,0.0,true,0.0,1.8250120749944284e-8,false,0.0,0.0,false
제4대,1885,1958.07.11.,제4대국회 1958년도 국정감사 국방위원회(전체회의) (1958.07.11.)_20570,0,0,0,0,0,0,1.0,2.2360679774997587,false,2.2,4.919349550499909,false,0.4,0.8944271909986069,false,0.2,0.4472135954999577,false,0.0,1.8250120749944284e-8,false,0.0,0.0,false
제4대,1886,1958.07.11.,제4대국회 1958년도 국정감사 국방위원회(전체회의) (1958.07.11.)_20571,0,0,0,0,0,0,1.0,2.2360679774997587,false,2.2,4.919349550499909,false,0.4,0.8944271909986069,false,0.2,0.4472135954999577,false,0.0,1.8250120749944284e-8,false,0.0,0.0,false
제4대,1887,1958.07.11.,제4대국회 1958년도 국정감사 국방위원회(전체회의) (1958.07.11.)_20572,2,0,0,0,0,0,0.0,0.0,true,2.2,4.919349550499909,false,0.0,0.0,false,0.2,0.4472135954999577,false,0.0,1.8250120749944284e-8,false,0.0,0.0,false
제4대,1888,1958.07.11.,제4대국회 1958년도 국정감사 국방위원회(전체회의) (1958.07.11.)_20573,1,0,0,0,0,0,0.4,0.8944271909998363,false,2.2,4.919349550499909,false,0.0,0.0,false,0.2,0.4472135954999577,false,0.0,1.8250120749944284e-8,false,0.0,0.0,false
제4대,1889,1958.07.11.,제4대국회 제29회(임시회) 제19차 국회본회의(전체회의) (1958.07.11.),0,0,1,0,0,0,0.6,0.8944271909998367,false,0.0,1.922192036699903e-6,false,0.0,0.0,true,0.2,0.4472135954999577,false,0.0,1.8250120749944284e-8,false,0.0,0.0,false
제4대,1890,1958.07.11.,제4대국회 제29회(임시회) 제6차 국회운영위원회(전체회의) (1958.07.11.),0,0,0,0,0,0,0.6,0.8944271909998367,false,0.0,1.922192036699903e-6,false,0.2,0.44721359549734235,false,0.0,0.0,false,0.0,1.8250120749944284e-8,false,0.0,0.0,false
제4대,1891,1958.07.12.,제4대국회 제29회(임시회) 제20차 국회본회의(전체회의) (1958.07.12.),1,0,4,0,0,0,0.6,0.8944271909998367,false,0.0,1.922192036699903e-6,false,0.2,0.44721359549734235,true,0.0,0.0,false,0.0,1.8250120749944284e-8,false,0.0,0.0,false
제4대,1892,1958.07.12.,제4대국회 제29회(임시회) 제7차 국회운영위원회(전체회의) (1958.07.12.),0,0,0,0,0,0,0.8,0.8366600265339913,false,0.0,1.922192036699903e-6,false,1.0,1.7320508075681995,false,0.0,0.0,false,0.0,1.8250120749944284e-8,false,0.0,0.0,false
제4대,1893,1958.07.14.,제4대국회 제29회(임시회) 제21차 국회본회의(전체회의) (1958.07.14.),0,1,0,0,0,0,0.4,0.5477225575050361,false,0.0,1.922192036699903e-6,true,1.0,1.7320508075681995,false,0.0,0.0,false,0.0,1.8250120749944284e-8,false,0.0,0.0,false
제4대,1894,1958.07.14.,제4대국회 제29회(임시회) 제8차 국회운영위원회(전체회의) (1958.07.14.),0,0,0,0,0,0,0.2,0.4472135954997978,false,0.2,0.4472135955040857,false,1.0,1.7320508075681995,false,0.0,0.0,false,0.0,1.8250120749944284e-8,false,0.0,0.0,false
제4대,1895,1958.07.14.,제4대국회 제29회(임시회) 제9차 국회운영위원회(전체회의) (1958.07.14.),0,0,0,0,0,0,0.2,0.4472135954997978,false,0.2,0.4472135955040857,false,0.8,1.7888543819991762,false,0.0,0.0,false,0.0,1.8250120749944284e-8,false,0.0,0.0,false
제4대,1896,1958.07.15.,제4대국회 제29회(임시회) 제10차 국회운영위원회(전체회의) (1958.07.15.),0,0,0,0,0,0,0.2,0.4472135954997978,false,0.2,0.4472135955040857,false,0.8,1.7888543819991762,false,0.0,0.0,false,0.0,1.8250120749944284e-8,false,0.0,0.0,false
제4대,1897,1958.07.15.,제4대국회 제29회(임시회) 제22차 국회본회의(전체회의) (1958.07.15.),2,0,0,0,0,0,0.0,0.0,true,0.2,0.4472135955040857,false,0.0,0.0,false,0.0,0.0,false,0.0,1.8250120749944284e-8,false,0.0,0.0,false
제4대,1898,1958.07.15.,제4대국회 제29회(임시회) 제2차 내무위원회(전체회의) (1958.07.15.),3,0,4,0,0,0,0.4,0.8944271909998363,true,0.2,0.4472135955040857,false,0.0,0.0,true,0.0,0.0,false,0.0,1.8250120749944284e-8,false,0.0,0.0,false
제4대,1899,1958.07.15.,제4대국회 제29회(임시회) 제5차 부흥위원회(전체회의) (1958.07.15.),17,0,0,0,0,0,1.0,1.4142135623730454,true,0.0,1.922192036699903e-6,false,0.8,1.7888543819991762,false,0.0,0.0,false,0.0,1.8250120749944284e-8,false,0.0,0.0,false
제4대,1900,1958.07.16.,제4대국회 제29회(임시회) 제1차 재정경제위원회(전체회의) (1958.07.16.),1,8,0,0,0,0,4.4,7.162401831787984,false,0.0,1.922192036699903e-6,true,0.8,1.7888543819991762,false,0.0,0.0,false,0.0,1.8250120749944284e-8,false,0.0,0.0,false
제4대,1901,1958.07.16.,제4대국회 제29회(임시회) 제2차 국방위원회(전체회의) (1958.07.16.),0,0,0,0,0,0,4.6,7.021395872616774,false,1.6,3.577708764000177,false,0.8,1.7888543819991762,false,0.0,0.0,false,0.0,1.8250120749944284e-8,false,0.0,0.0,false
제4대,1902,1958.07.16.,제4대국회 제29회(임시회) 제2차 상공위원회(전체회의) (1958.07.16.),9,0,0,1,0,0,4.6,7.021395872616774,false,1.6,3.577708764000177,false,0.8,1.7888543819991762,false,0.0,0.0,true,0.0,1.8250120749944284e-8,false,0.0,0.0,false
제4대,1903,1958.07.16.,제4대국회 제29회(임시회) 제3차 내무위원회(전체회의) (1958.07.16.),6,6,0,0,0,0,6.0,7.071067811865467,false,1.6,3.577708764000177,false,0.8,1.7888543819991762,false,0.2,0.4472135954999577,false,0.0,1.8250120749944284e-8,false,0.0,0.0,false
제4대,1904,1958.07.16.,제4대국회 제29회(임시회) 제3차 내무위원회(전체회의) (1958.07.16.)_8375,6,6,0,0,0,0,6.6,6.8774995456197505,false,2.8,3.8987177379240543,false,0.0,0.0,false,0.2,0.4472135954999577,false,0.0,1.8250120749944284e-8,false,0.0,0.0,false
제4대,1905,1958.07.16.,제4대국회 제29회(임시회) 제3차 문교위원회(전체회의) (1958.07.16.),4,1,0,0,0,0,4.4,3.7815340802377886,false,4.0,3.7416573867744276,false,0.0,0.0,false,0.2,0.4472135954999577,false,0.0,1.8250120749944284e-8,false,0.0,0.0,false
제4대,1906,1958.07.16.,제4대국회 제29회(임시회) 제4차 농림위원회(전체회의) (1958.07.16.),12,25,0,0,0,0,5.0,3.3166247903553785,true,2.6,3.13049516850029,true,0.0,0.0,false,0.2,0.4472135954999577,false,0.0,1.8250120749944284e-8,false,0.0,0.0,false
제4대,1907,1958.07.16.,제4대국회 제29회(임시회) 제6차 부흥위원회(전체회의) (1958.07.16.),14,1,0,0,0,0,7.4,3.1304951684996847,true,7.6,10.114346246792405,false,0.0,0.0,false,0.2,0.4472135954999577,false,0.0,1.8250120749944284e-8,false,0.0,0.0,false
제4대,1908,1958.07.18.,제4대국회 제29회(임시회) 제2차 재정경제위원회(전체회의) (1958.07.18.),1,19,0,0,0,0,8.4,4.335896677735745,false,7.8,9.934787365616016,false,0.0,0.0,false,0.0,0.0,false,0.0,1.8250120749944284e-8,false,0.0,0.0,false
제4대,1909,1958.07.18.,제4대국회 제29회(임시회) 제3차 국방위원회(전체회의) (1958.07.18.),3,0,1,0,0,0,7.4,5.45893762558246,false,10.4,10.990905331227431,false,0.0,0.0,true,0.0,0.0,false,0.0,1.8250120749944284e-8,false,0.0,0.0,false
제4대,1910,1958.07.18.,제4대국회 제29회(임시회) 제3차 상공위원회(전체회의) (1958.07.18.),3,1,1,0,0,0,6.8,5.8051701094799855,false,9.2,11.88276062201051,false,0.2,0.44721359549734285,false,0.0,0.0,false,0.0,1.8250120749944284e-8,false,0.0,0.0,false
제4대,1911,1958.07.18.,제4대국회 제29회(임시회) 제4차 내무위원회(전체회의) (1958.07.18.),0,0,1,0,0,0,6.6,5.941380311005168,false,9.2,11.88276062201051,false,0.4,0.5477225575030289,false,0.0,0.0,false,0.0,1.8250120749944284e-8,false,0.0,0.0,false
제4대,1912,1958.07.18.,제4대국회 제29회(임시회) 제4차 문교위원회(전체회의) (1958.07.18.),19,2,1,0,1,1,4.2,5.630275304103686,true,4.2,8.288546314041062,false,0.6,0.5477225575030268,false,0.0,0.0,false,0.0,1.8250120749944284e-8,true,0.0,0.0,true
제4대,1913,1958.07.18.,제4대국회 제29회(임시회) 제5차 농림위원회(전체회의) (1958.07.18.),7,6,1,0,0,0,5.2,7.82304288624317,false,4.4,8.203657720797697,false,0.8,0.4472135954973354,false,0.0,0.0,false,0.2,0.4472135954999584,false,0.2,0.4472135954999492,false
제4대,1914,1958.07.18.,제4대국회 제29회(임시회) 제7차 부흥위원회(전체회의) (1958.07.18.),2,0,0,0,0,0,6.4,7.46993975879323,false,1.8,2.489979919598488,false,1.0,0.0,false,0.0,0.0,false,0.2,0.4472135954999584,false,0.2,0.4472135954999492,false
제4대,1915,1958.07.19.,제4대국회 제29회(임시회) 제11차 국회운영위원회(전체회의) (1958.07.19.),0,0,0,0,0,0,6.2,7.596051605933168,false,1.8,2.489979919598488,false,0.8,0.4472135954973354,false,0.0,0.0,false,0.2,0.4472135954999584,false,0.2,0.4472135954999492,false
제4대,1916,1958.07.19.,제4대국회 제29회(임시회) 제1차 교통체신위원회(전체회의) (1958.07.19.),67,0,2,0,0,0,5.6,8.018728078691773,true,1.6,2.6076809620817683,false,0.6,0.5477225575030268,true,0.0,0.0,false,0.2,0.4472135954999584,false,0.2,0.4472135954999492,false
제4대,1917,1958.07.19.,제4대국회 제29회(임시회) 제4차 국방위원회(전체회의) (1958.07.19.),0,1,0,0,0,0,19.0,27.82984010015149,false,1.6,2.6076809620817683,false,0.8,0.8366600265326737,false,0.0,0.0,false,0.2,0.4472135954999584,false,0.2,0.4472135954999492,false
제4대,1918,1958.07.19.,제4대국회 제29회(임시회) 제5차 문교위원회(전체회의) (1958.07.19.),12,0,0,0,0,0,15.2,29.09810990425323,false,1.4,2.6076809620817687,false,0.6,0.8944271909986059,false,0.0,0.0,false,0.0,1.8250120749944284e-8,false,0.0,0.0,false
제4대,1919,1958.07.19.,제4대국회 제29회(임시회) 제6차 농림위원회(전체회의) (1958.07.19.),1,4,0,0,0,0,16.2,28.830539363667825,false,0.2,0.4472135955041156,true,0.4,0.8944271909986071,false,0.0,0.0,false,0.0,1.8250120749944284e-8,false,0.0,0.0,false
제4대,1920,1958.07.20.,제4대국회 제29회(임시회) 제3차 재정경제위원회(전체회의) (1958.07.20.),0,0,0,0,0,0,16.0,28.956864471140516,false,1.0,1.732050807569947,false,0.4,0.8944271909986071,false,0.0,0.0,false,0.0,1.8250120749944284e-8,false,0.0,0.0,false
제4대,1921,1958.07.21.,제4대국회 제29회(임시회) 제12차 국회운영위원회(전체회의) (1958.07.21.),0,0,0,0,0,0,16.0,28.956864471140516,false,1.0,1.732050807569947,false,0.4,0.8944271909986071,false,0.0,0.0,false,0.0,1.8250120749944284e-8,false,0.0,0.0,false
제4대,1922,1958.07.21.,제4대국회 제29회(임시회) 제23차 국회본회의(전체회의) (1958.07.21.),0,1,0,1,0,2,2.6,5.272570530585616,false,1.0,1.732050807569947,false,0.0,0.0,false,0.0,0.0,true,0.0,1.8250120749944284e-8,false,0.0,0.0,true
제4대,1923,1958.07.21.,제4대국회 제29회(임시회) 제6차 문교위원회(전체회의) (1958.07.21.),6,0,0,0,0,0,2.6,5.272570530585616,false,1.0,1.732050807569947,false,0.0,0.0,false,0.2,0.4472135954999577,false,0.0,1.8250120749944284e-8,false,0.4,0.8944271909999121,false
제4대,1924,1958.07.21.,제4대국회 제29회(임시회) 제7차 농림위원회(전체회의) (1958.07.21.),1,0,7,0,0,0,1.4,2.6076809620810377,false,1.0,1.732050807569947,false,0.0,0.0,true,0.2,0.4472135954999577,false,0.0,1.8250120749944284e-8,false,0.4,0.8944271909999121,false
제4대,1925,1958.07.21.,제4대국회 제29회(임시회) 제8차 부흥위원회(전체회의) (1958.07.21.),41,2,2,0,0,0,1.4,2.6076809620810377,true,0.2,0.4472135955041156,true,1.4,3.13049516849933,false,0.2,0.4472135954999577,false,0.0,1.8250120749944284e-8,false,0.4,0.8944271909999121,false
제4대,1926,1958.07.22.,제4대국회 1958년도 국정감사 국방위원회(전체회의) (1958.07.22.),0,0,0,0,0,0,9.6,17.728508115461942,false,0.6,0.8944271910019912,false,1.8,3.033150177620232,false,0.2,0.4472135954999577,false,0.0,1.8250120749944284e-8,false,0.4,0.8944271909999121,false
제4대,1927,1958.07.22.,제4대국회 1958년도 국정감사 국방위원회(전체회의) (1958.07.22.)_20575,0,0,0,0,0,0,9.6,17.728508115461942,false,0.6,0.8944271910019912,false,1.8,3.033150177620232,false,0.2,0.4472135954999577,false,0.0,1.8250120749944284e-8,false,0.4,0.8944271909999121,false
제4대,1928,1958.07.22.,제4대국회 1958년도 국정감사 국방위원회(전체회의) (1958.07.22.)_20576,0,0,0,0,0,0,9.6,17.728508115461942,false,0.4,0.894427191001993,false,1.8,3.033150177620232,false,0.0,0.0,false,0.0,1.8250120749944284e-8,false,0.0,0.0,false
제4대,1929,1958.07.22.,제4대국회 제29회(임시회) 제13차 국회운영위원회(전체회의) (1958.07.22.),0,0,0,0,0,0,8.4,18.22909761891685,false,0.4,0.894427191001993,false,1.8,3.033150177620232,false,0.0,0.0,false,0.0,1.8250120749944284e-8,false,0.0,0.0,false
제4대,1930,1958.07.22.,제4대국회 제29회(임시회) 제1차 예산결산위원회(전체회의) (1958.07.22.),4,1,2,0,0,1,8.2,18.33575741549827,false,0.4,0.894427191001993,false,0.4,0.8944271909986068,false,0.0,0.0,false,0.0,1.8250120749944284e-8,false,0.0,0.0,true
제4대,1931,1958.07.22.,제4대국회 제29회(임시회) 제2차 교통체신위원회(전체회의) (1958.07.22.),4,0,0,0,0,0,0.8,1.7888543819998,false,0.2,0.4472135955041157,false,0.4,0.8944271909986068,false,0.0,0.0,false,0.0,1.8250120749944284e-8,false,0.2,0.4472135954999492,false
제4대,1932,1958.07.22.,제4대국회 제29회(임시회) 제9차 부흥위원회(전체회의) (1958.07.22.),22,0,1,0,0,0,1.6,2.1908902300206385,true,0.2,0.4472135955041157,false,0.4,0.8944271909986068,false,0.0,0.0,false,0.0,1.8250120749944284e-8,false,0.2,0.4472135954999492,false
제4대,1933,1958.07.23.,제4대국회 제29회(임시회) 제10차 부흥위원회(전체회의) (1958.07.23.),12,0,1,0,0,0,6.0,9.165151389911674,false,0.2,0.4472135955041157,false,0.6,0.8944271909986055,false,0.0,0.0,false,0.0,1.8250120749944284e-8,false,0.2,0.4472135954999492,false
제4대,1934,1958.07.23.,제4대국회 제29회(임시회) 제2차 예산결산위원회(전체회의) (1958.07.23.),7,10,17,0,1,0,8.4,8.763560920082652,false,0.2,0.4472135955041157,true,0.8,0.8366600265326732,true,0.0,0.0,false,0.0,1.8250120749944284e-8,true,0.2,0.4472135954999492,false
제4대,1935,1958.07.24.,제4대국회 제29회(임시회) 제11차 부흥위원회(전체회의) (1958.07.24.),0,0,0,0,0,0,9.8,7.563068160475607,false,2.2,4.38178046004175,false,4.2,7.1902712048988535,false,0.0,0.0,false,0.2,0.4472135954999584,false,0.2,0.4472135954999492,false
제4대,1936,1958.07.24.,제4대국회 제29회(임시회) 제3차 예산결산위원회(전체회의) (1958.07.24.),18,22,2,0,0,0,9.0,8.485281374238564,false,2.0,4.472135954999992,true,3.8,7.395944834840077,false,0.0,0.0,false,0.2,0.4472135954999584,false,0.0,0.0,false
제4대,1937,1958.07.24.,제4대국회 제29회(임시회) 제4차 재정경제위원회(전체회의) (1958.07.24.),1,0,0,0,0,0,11.8,8.72926113711807,false,6.4,9.736529155710654,false,4.2,7.1902712048988535,false,0.0,0.0,false,0.2,0.4472135954999584,false,0.0,0.0,false
제4대,1938,1958.07.24.,제4대국회 제29회(임시회) 제5차 내무위원회(전체회의) (1958.07.24.),0,3,0,0,0,0,7.6,7.569676347110218,false,6.4,9.736529155710654,false,4.0,7.314369419163733,false,0.0,0.0,false,0.2,0.4472135954999584,false,0.0,0.0,false
제4대,1939,1958.07.25.,제4대국회 1958년도 국정감사 국방위원회(전체회의) (1958.07.25.),0,0,0,0,0,0,5.2,7.726577508832736,false,7.0,9.32737905308901,false,3.8,7.429670248402523,false,0.0,0.0,false,0.2,0.4472135954999584,false,0.0,0.0,false
제4대,1940,1958.07.25.,제4대국회 제29회(임시회) 제4차 예산결산위원회(전체회의) (1958.07.25.),7,0,0,0,0,0,3.8,7.949842765740709,false,5.0,9.59166304662563,false,0.4,0.8944271909986057,false,0.0,0.0,false,0.0,1.8250120749944284e-8,false,0.0,0.0,false
제4대,1941,1958.07.25.,제4대국회 제29회(임시회) 제5차 재정경제위원회(전체회의) (1958.07.25.),0,0,0,0,0,1,5.2,7.726577508832736,false,5.0,9.59166304662563,false,0.4,0.8944271909986057,false,0.0,0.0,false,0.0,1.8250120749944284e-8,false,0.0,0.0,true
제4대,1942,1958.07.25.,제4대국회 제29회(임시회) 제6차 내무위원회(전체회의) (1958.07.25.),7,0,0,0,0,0,1.6,3.049590136395363,false,0.6,1.3416407865012625,false,0.0,0.0,false,0.0,0.0,false,0.0,1.8250120749944284e-8,false,0.2,0.4472135954999492,false
제4대,1943,1958.07.26.,제4대국회 1958년도 국정감사 국방위원회(전체회의) (1958.07.26.),1,0,0,0,0,0,2.8,3.834057902536148,false,0.6,1.3416407865012625,false,0.0,0.0,false,0.0,0.0,false,0.0,1.8250120749944284e-8,false,0.2,0.4472135954999492,false
제4대,1944,1958.07.26.,제4대국회 제29회(임시회) 제5차 예산결산위원회(전체회의) (1958.07.26.),38,4,1,0,0,0,3.0,3.6742346141747517,true,0.0,1.933020075342837e-6,true,0.0,0.0,true,0.0,0.0,false,0.0,1.8250120749944284e-8,false,0.2,0.4472135954999492,false
제4대,1945,1958.07.26.,제4대국회 제29회(임시회) 제8차 농림위원회(전체회의) (1958.07.26.),1,0,0,0,0,0,10.6,15.662056059151361,false,0.8,1.7888543820008722,false,0.2,0.44721359549733997,false,0.0,0.0,false,0.0,1.8250120749944284e-8,false,0.2,0.4472135954999492,false
제4대,1946,1958.07.27.,제4대국회 제29회(임시회) 제6차 예산결산위원회(전체회의) (1958.07.27.),14,2,0,0,0,0,9.4,16.226521500309296,false,0.8,1.7888543820008722,false,0.2,0.44721359549733997,false,0.0,0.0,false,0.0,1.8250120749944284e-8,false,0.2,0.4472135954999492,false
제4대,1947,1958.07.28.,제4대국회 제29회(임시회) 제14차 국회운영위원회(전체회의) (1958.07.28.),0,0,0,0,0,0,12.2,15.385057685949697,false,1.2,1.7888543820008702,false,0.2,0.44721359549733997,false,0.0,0.0,false,0.0,1.8250120749944284e-8,false,0.0,0.0,false
제4대,1948,1958.07.28.,제4대국회 제29회(임시회) 제24차 국회본회의(전체회의) (1958.07.28.),1,5,0,0,0,0,10.8,16.269603560013373,false,1.2,1.7888543820008702,true,0.2,0.44721359549733997,false,0.0,0.0,false,0.0,1.8250120749944284e-8,false,0.0,0.0,false
제4대,1949,1958.07.28.,제4대국회 제29회(임시회) 제7차 예산결산위원회(전체회의) (1958.07.28.),7,0,0,0,0,0,10.8,16.269603560013373,false,2.2,2.2803508501990866,false,0.2,0.44721359549733997,false,0.0,0.0,false,0.0,1.8250120749944284e-8,false,0.0,0.0,false
제4대,1950,1958.07.28.,제4대국회 제29회(임시회) 제9차 농림위원회(전체회의) (1958.07.28.),0,0,0,0,0,0,4.6,5.941380311005164,false,1.4,2.1908902300215116,false,0.0,0.0,false,0.0,0.0,false,0.0,1.8250120749944284e-8,false,0.0,0.0,false
제4대,1951,1958.07.29.,제4대국회 제29회(임시회) 제15차 국회운영위원회(전체회의) (1958.07.29.),0,0,0,0,0,0,4.4,6.107372593840974,false,1.4,2.1908902300215116,false,0.0,0.0,false,0.0,0.0,false,0.0,1.8250120749944284e-8,false,0.0,0.0,false
제4대,1952,1958.07.29.,제4대국회 제29회(임시회) 제3차 교통체신위원회(전체회의) (1958.07.29.),12,0,0,0,1,0,1.6,3.0495901363953535,true,1.0,2.236067977500621,false,0.0,0.0,false,0.0,0.0,false,0.0,1.8250120749944284e-8,true,0.0,0.0,false
제4대,1953,1958.07.29.,제4대국회 제29회(임시회) 제8차 예산결산위원회(전체회의) (1958.07.29.),1,7,1,0,0,0,4.0,5.33853912601564,false,1.0,2.236067977500621,true,0.0,0.0,true,0.0,0.0,false,0.2,0.4472135954999584,false,0.0,0.0,false
제4대,1954,1958.07.30.,제4대국회 제29회(임시회) 제9차 예산결산위원회(전체회의) (1958.07.30.),35,20,8,0,0,1,4.0,5.33853912601564,true,1.4,3.130495168500298,true,0.2,0.44721359549733997,true,0.0,0.0,false,0.2,0.4472135954999584,false,0.0,0.0,true
제4대,1955,1958.07.31.,제4대국회 제29회(임시회) 제10차 예산결산위원회(전체회의) (1958.07.31.),15,4,1,0,0,0,9.6,15.076471735787516,false,5.4,8.706319543871777,false,1.8,3.492849839314258,false,0.0,0.0,false,0.2,0.4472135954999584,false,0.2,0.4472135954999492,false
제4대,1956,1958.08.01.,제4대국회 제29회(임시회) 제11차 예산결산위원회(전체회의) (1958.08.01.),0,0,0,0,0,0,12.6,14.152738250953412,false,6.2,8.25832912882525,false,2.0,3.391164991562286,false,0.0,0.0,false,0.2,0.4472135954999584,false,0.2,0.4472135954999492,false
제4대,1957,1958.08.01.,제4대국회 제29회(임시회) 제16차 국회운영위원회(전체회의) (1958.08.01.),0,0,0,0,0,0,12.6,14.152738250953412,false,6.2,8.25832912882525,false,2.0,3.391164991562286,false,0.0,0.0,false,0.2,0.4472135954999584,false,0.2,0.4472135954999492,false
제4대,1958,1958.08.01.,제4대국회 제29회(임시회) 제25차 국회본회의(전체회의) (1958.08.01.),0,0,0,0,0,0,10.2,15.254507530562886,false,6.2,8.25832912882525,false,2.0,3.391164991562286,false,0.0,0.0,false,0.0,1.8250120749944284e-8,false,0.2,0.4472135954999492,false
제4대,1959,1958.08.02.,제4대국회 제29회(임시회) 제17차 국회운영위원회(전체회의) (1958.08.02.),0,0,0,0,0,0,10.0,15.411035007422436,false,4.8,8.67179335547173,false,1.8,3.492849839314258,false,0.0,0.0,false,0.0,1.8250120749944284e-8,false,0.2,0.4472135954999492,false
제4대,1960,1958.08.02.,제4대국회 제29회(임시회) 제26차 국회본회의(전체회의) (1958.08.02.),0,0,1,2,5,0,3.0,6.708203932499356,false,0.8,1.7888543820008653,false,0.2,0.44721359549733897,false,0.0,0.0,true,0.0,1.8250120749944284e-8,true,0.0,0.0,false
제4대,1961,1958.08.04.,제4대국회 제29회(임시회) 제12차 부흥위원회(전체회의) (1958.08.04.),6,0,0,1,0,1,0.0,0.0,true,0.0,1.9261155881949098e-6,false,0.2,0.44721359549733897,false,0.4,0.8944271909999157,false,1.0,2.23606797749979,false,0.0,0.0,true
제4대,1962,1958.08.04.,제4대국회 제29회(임시회) 제12차 예산결산위원회(전체회의) (1958.08.04.),14,1,67,20,0,0,1.2,2.6832815729997157,true,0.0,1.9261155881949098e-6,true,0.2,0.44721359549733897,true,0.6,0.8944271909999157,true,1.0,2.23606797749979,false,0.2,0.4472135954999492,false
제4대,1963,1958.08.04.,제4대국회 제29회(임시회) 제27차 국회본회의(전체회의) (1958.08.04.),0,0,0,0,0,0,4.0,6.164414002968963,false,0.2,0.4472135955041024,false,13.6,29.854647879350335,false,4.6,8.648699324175862,false,1.0,2.23606797749979,false,0.2,0.4472135954999492,false
제4대,1964,1958.08.05.,제4대국회 제29회(임시회) 제13차 부흥위원회(전체회의) (1958.08.05.),0,3,0,1,0,0,4.0,6.164414002968963,false,0.2,0.4472135955041024,true,13.6,29.854647879350335,false,4.6,8.648699324175862,false,1.0,2.23606797749979,false,0.2,0.4472135954999492,false
제4대,1965,1958.08.05.,제4대국회 제29회(임시회) 제13차 예산결산위원회(전체회의) (1958.08.05.),6,6,1,0,0,1,4.0,6.164414002968963,false,0.8,1.3038404810419477,true,13.6,29.854647879350335,false,4.8,8.526429498916883,false,1.0,2.23606797749979,false,0.2,0.4472135954999492,false
제4대,1966,1958.08.05.,제4대국회 제29회(임시회) 제18차 국회운영위원회(전체회의) (1958.08.05.),0,0,0,0,0,0,5.2,5.761944116355159,false,2.0,2.549509756797114,false,13.6,29.854647879350335,false,4.4,8.734987120768983,false,0.0,9.930136612989092e-17,false,0.4,0.54772255750516,false
제4대,1967,1958.08.06.,제4대국회 제29회(임시회) 제14차 예산결산위원회(전체회의) (1958.08.06.),1,37,0,0,0,0,4.0,6.164414002968963,false,2.0,2.549509756797114,true,13.6,29.854647879350335,false,4.2,8.843076387773658,false,0.0,9.930136612989092e-17,false,0.2,0.4472135954999492,false
제4대,1968,1958.08.06.,제4대국회 제29회(임시회) 제7차 내무위원회(전체회의) (1958.08.06.),4,0,0,0,0,0,1.4,2.6076809620810266,false,9.2,15.7384878562079,false,0.2,0.4472135954972895,false,0.2,0.4472135954999579,false,0.0,9.930136612989092e-17,false,0.2,0.4472135954999492,false
제4대,1969,1958.08.07.,제4대국회 제29회(임시회) 제15차 예산결산위원회(전체회의) (1958.08.07.),2,6,0,0,0,0,2.2,2.6832815729997157,false,9.2,15.7384878562079,false,0.2,0.4472135954972895,false,0.2,0.4472135954999579,false,0.0,9.930136612989092e-17,false,0.2,0.4472135954999492,false
제4대,1970,1958.08.08.,제4대국회 제29회(임시회) 제16차 예산결산위원회(전체회의) (1958.08.08.),9,0,0,0,0,0,2.6,2.4083189157584237,true,9.8,15.498387012847614,false,0.2,0.4472135954972895,false,0.0,0.0,false,0.0,9.930136612989092e-17,false,0.2,0.4472135954999492,false
제4대,1971,1958.08.09.,제4대국회 제29회(임시회) 제17차 예산결산위원회(전체회의) (1958.08.09.),0,0,0,0,0,0,3.2,3.5637059362410684,false,8.6,16.087262041752275,false,0.0,0.0,false,0.0,0.0,false,0.0,9.930136612989092e-17,false,0.0,0.0,false
제4대,1972,1958.08.09.,제4대국회 제29회(임시회) 제19차 국회운영위원회(전체회의) (1958.08.09.),0,0,0,0,0,0,3.2,3.5637059362410684,false,8.6,16.087262041752275,false,0.0,0.0,false,0.0,0.0,false,0.0,9.930136612989092e-17,false,0.0,0.0,false
제4대,1973,1958.08.09.,제4대국회 제29회(임시회) 제28차 국회본회의(전체회의) (1958.08.09.),0,33,1,0,1,0,3.0,3.7416573867739187,false,1.2,2.683281573000437,true,0.0,0.0,true,0.0,0.0,false,0.0,9.930136612989092e-17,true,0.0,0.0,false
제4대,1974,1958.08.10.,제4대국회 제29회(임시회) 제18차 예산결산위원회(전체회의) (1958.08.10.),0,4,0,0,0,0,2.2,3.8987177379235636,false,7.8,14.324803663576112,false,0.2,0.4472135954972895,false,0.0,0.0,false,0.2,0.44721359549995804,false,0.0,0.0,false
제4대,1975,1958.08.11.,제4대국회 제29회(임시회) 제19차 예산결산위원회(전체회의) (1958.08.11.),3,0,3,0,0,0,1.8,4.0249223594996,false,7.4,14.415269681834038,false,0.2,0.4472135954972895,true,0.0,0.0,false,0.2,0.44721359549995804,false,0.0,0.0,false
제4대,1976,1958.08.11.,제4대국회 제29회(임시회) 제29차 국회본회의(전체회의) (1958.08.11.),11,3,0,0,0,0,0.6,1.3416407864998101,true,7.4,14.415269681834037,false,0.8,1.3038404810396111,false,0.0,0.0,false,0.2,0.44721359549995804,false,0.0,0.0,false
제4대,1977,1958.08.12.,제4대국회 제29회(임시회) 제20차 예산결산위원회(전체회의) (1958.08.12.),0,0,1,0,0,0,2.8,4.76445169982862,false,8.0,14.0890028036055,false,0.8,1.3038404810396111,false,0.0,0.0,false,0.2,0.44721359549995804,false,0.0,0.0,false
제4대,1978,1958.08.12.,제4대국회 제29회(임시회) 제30차 국회본회의(전체회의) (1958.08.12.),2,2,0,0,0,0,2.8,4.76445169982862,false,8.0,14.0890028036055,false,1.0,1.22474487139061,false,0.0,0.0,false,0.2,0.44721359549995804,false,0.0,0.0,false
제4대,1979,1958.08.13.,제4대국회 제29회(임시회) 제21차 예산결산위원회(전체회의) (1958.08.13.),0,1,1,0,0,0,3.2,4.549725266430912,false,1.8,1.7888543820008722,false,0.8,1.3038404810396111,false,0.0,0.0,false,0.0,9.930136612989092e-17,false,0.0,0.0,false
제4대,1980,1958.08.13.,제4대국회 제29회(임시회) 제31차 국회본회의(전체회의) (1958.08.13.),1,1,0,0,0,0,3.2,4.549725266430912,false,1.2,1.3038404810419606,false,1.0,1.22474487139061,false,0.0,0.0,false,0.0,9.930136612989092e-17,false,0.0,0.0,false
제4대,1981,1958.08.14.,제4대국회 제29회(임시회) 제20차 국회운영위원회(전체회의) (1958.08.14.),0,0,0,0,0,0,2.8,4.658325879540828,false,1.4,1.140175425100773,false,0.4,0.5477225575029848,false,0.0,0.0,false,0.0,9.930136612989092e-17,false,0.0,0.0,false
제4대,1982,1958.08.14.,제4대국회 제29회(임시회) 제22차 예산결산위원회(전체회의) (1958.08.14.),1,4,0,0,0,0,0.6,0.8944271909998206,false,0.8,0.8366600265363087,true,0.4,0.5477225575029848,false,0.0,0.0,false,0.0,9.930136612989092e-17,false,0.0,0.0,false
제4대,1983,1958.08.14.,제4대국회 제29회(임시회) 제32차 국회본회의(전체회의) (1958.08.14.),0,15,0,0,0,0,0.8,0.8366600265339736,false,1.6,1.5165750888115384,true,0.2,0.4472135954972896,false,0.0,0.0,false,0.0,9.930136612989092e-17,false,0.0,0.0,false
제4대,1984,1958.08.16.,제4대국회 제29회(임시회) 제23차 예산결산위원회(전체회의) (1958.08.16.),0,0,0,0,0,0,0.4,0.5477225575050104,false,4.2,6.220932405998612,false,0.2,0.4472135954972896,false,0.0,0.0,false,0.0,9.930136612989092e-17,false,0.0,0.0,false
제4대,1985,1958.08.16.,제4대국회 제29회(임시회) 제33차 국회본회의(전체회의) (1958.08.16.),0,50,1,0,0,0,0.4,0.5477225575050104,false,4.0,6.363961030679217,true,0.0,0.0,true,0.0,0.0,false,0.0,9.930136612989092e-17,false,0.0,0.0,false
제4대,1986,1958.08.18.,제4대국회 제29회(임시회) 제34차 국회본회의(전체회의) (1958.08.18.),0,55,0,0,0,0,0.2,0.4472135954997673,false,13.8,21.14710382061817,false,0.2,0.4472135954972896,false,0.0,0.0,false,0.0,9.930136612989092e-17,false,0.0,0.0,false
제4대,1987,1958.08.19.,제4대국회 제29회(임시회) 제21차 국회운영위원회(전체회의) (1958.08.19.),1,0,0,0,0,0,0.2,0.4472135954997673,false,24.8,25.93646082255641,false,0.2,0.4472135954972896,false,0.0,0.0,false,0.0,9.930136612989092e-17,false,0.0,0.0,false
제4대,1988,1958.08.19.,제4대국회 제29회(임시회) 제35차 국회본회의(전체회의) (1958.08.19.),2,1,1,0,0,0,0.2,0.4472135954997673,true,24.0,26.786190471957813,false,0.2,0.4472135954972896,false,0.0,0.0,false,0.0,9.930136612989092e-17,false,0.0,0.0,false
제4대,1989,1958.08.20.,제4대국회 제29회(임시회) 제22차 국회운영위원회(전체회의) (1958.08.20.),0,0,0,0,0,0,0.6,0.8944271909998205,false,21.2,28.630403420140688,false,0.4,0.5477225575029848,false,0.0,0.0,false,0.0,9.930136612989092e-17,false,0.0,0.0,false
제4대,1990,1958.08.20.,제4대국회 제29회(임시회) 제22차 국회운영위원회(전체회의) (1958.08.20.)_8445,0,0,0,0,0,0,0.6,0.8944271909998206,false,21.2,28.630403420140688,false,0.4,0.5477225575029848,false,0.0,0.0,false,0.0,9.930136612989092e-17,false,0.0,0.0,false
제4대,1991,1958.08.20.,제4대국회 제29회(임시회) 제36차 국회본회의(전체회의) (1958.08.20.),0,0,0,0,0,0,0.6,0.8944271909998206,false,11.2,24.488772937817927,false,0.2,0.4472135954972896,false,0.0,0.0,false,0.0,9.930136612989092e-17,false,0.0,0.0,false
제4대,1992,1958.08.21.,제4대국회 제29회(임시회) 제1차 징계자격위원회(전체회의) (1958.08.21.),0,0,0,0,0,0,0.6,0.8944271909998206,false,0.2,0.44721359550415324,false,0.2,0.4472135954972896,false,0.0,0.0,false,0.0,9.930136612989092e-17,false,0.0,0.0,false
제4대,1993,1958.08.21.,제4대국회 제29회(임시회) 제23차 국회운영위원회(전체회의) (1958.08.21.),0,0,0,0,0,0,0.4,0.8944271909998206,false,0.2,0.44721359550415324,false,0.2,0.4472135954972896,false,0.0,0.0,false,0.0,9.930136612989092e-17,false,0.0,0.0,false
제4대,1994,1958.08.21.,제4대국회 제29회(임시회) 제37차 국회본회의(전체회의) (1958.08.21.),2,12,2,0,0,0,0.0,0.0,true,0.0,1.9378385790597033e-6,true,0.0,0.0,true,0.0,0.0,false,0.0,9.930136612989092e-17,false,0.0,0.0,false
제4대,1995,1958.08.22.,제4대국회 제29회(임시회) 제24차 국회운영위원회(전체회의) (1958.08.22.),0,0,0,0,0,0,0.4,0.8944271909998206,false,2.4,5.366563145999842,false,0.4,0.8944271909985801,false,0.0,0.0,false,0.0,9.930136612989092e-17,false,0.0,0.0,false
제4대,1996,1958.08.22.,제4대국회 제29회(임시회) 제38차 국회본회의(전체회의) (1958.08.22.),0,0,0,0,0,0,0.4,0.8944271909998206,false,2.4,5.366563145999842,false,0.4,0.8944271909985801,false,0.0,0.0,false,0.0,9.930136612989092e-17,false,0.0,0.0,false
제4대,1997,1958.08.23.,제4대국회 제29회(임시회) 제39차 국회본회의(전체회의) (1958.08.23.),27,11,6,0,0,0,0.4,0.8944271909998206,true,2.4,5.366563145999842,false,0.4,0.8944271909985801,true,0.0,0.0,false,0.0,9.930136612989092e-17,false,0.0,0.0,false
제4대,1998,1958.08.24.,제4대국회 제29회(임시회) 제40차 국회본회의(전체회의) (1958.08.24.),8,17,3,0,0,0,5.8,11.88276062201035,false,4.6,6.308724118235294,false,1.6,2.607680962080598,false,0.0,0.0,false,0.0,9.930136612989092e-17,false,0.0,0.0,false
제4대,1999,1958.08.25.,제4대국회 제29회(임시회) 제41차 국회본회의(전체회의) (1958.08.25.),14,1,6,0,0,0,7.4,11.43678276439663,false,8.0,7.648529270389415,false,2.2,2.4899799195972614,false,0.0,0.0,false,0.0,9.930136612989092e-17,false,0.0,0.0,false
제4대,2000,1958.08.26.,제4대국회 제29회(임시회) 제42차 국회본회의(전체회의) (1958.08.26.),2,1,2,0,0,0,9.8,11.27829774389734,false,5.8,7.7910204723132175,false,3.0,2.9999999999995954,false,0.0,0.0,false,0.0,9.930136612989092e-17,false,0.0,0.0,false
제4대,2001,1958.08.27.,제4대국회 제29회(임시회) 제25차 국회운영위원회(전체회의) (1958.08.27.),0,0,0,0,0,0,10.2,10.8719823399415,false,6.0,7.615773105864149,false,3.4,2.607680962080593,false,0.0,0.0,false,0.0,9.930136612989092e-17,false,0.0,0.0,false
제4대,2002,1958.08.27.,제4대국회 제29회(임시회) 폐회식 국회본회의(전체회의) (1958.08.27.),1,0,0,0,0,1,10.2,10.8719823399415,false,6.0,7.615773105864149,false,3.4,2.607680962080593,false,0.0,0.0,false,0.0,9.930136612989092e-17,false,0.0,0.0,true
제4대,2003,1958.09.01.,제4대국회 제30회(정기회) 개회식 국회본회의(전체회의) (1958.09.01.),0,0,0,0,0,0,5.0,5.916079783099603,false,3.8,7.395944834840488,false,2.2,2.4899799195972614,false,0.0,0.0,false,0.0,9.930136612989092e-17,false,0.2,0.4472135954999492,false
제4대,2004,1958.09.02.,제4대국회 제30회(정기회) 제1차 국회본회의(전체회의) (1958.09.02.),0,0,0,0,0,0,3.4,5.983310120660623,false,0.4,0.5477225575085857,false,1.6,2.607680962080598,false,0.0,0.0,false,0.0,9.930136612989092e-17,false,0.2,0.4472135954999492,false
제4대,2005,1958.09.08.,제4대국회 제30회(정기회) 제2차 국회본회의(전체회의) (1958.09.08.),0,0,0,0,0,0,0.6,0.8944271909998244,false,0.2,0.44721359550414924,false,0.4,0.8944271909985806,false,0.0,0.0,false,0.0,9.930136612989092e-17,false,0.2,0.4472135954999492,false
제4대,2006,1958.09.09.,제4대국회 제30회(정기회) 제3차 국회본회의(전체회의) (1958.09.09.),0,0,0,0,0,0,0.2,0.447213595499774,false,0.0,1.9369216929998304e-6,false,0.0,0.0,false,0.0,0.0,false,0.0,9.930136612989092e-17,false,0.2,0.4472135954999492,false
제4대,2007,1958.09.10.,제4대국회 제30회(정기회) 제1차 국회운영위원회(전체회의) (1958.09.10.),0,0,0,0,0,0,0.2,0.447213595499774,false,0.0,1.9369216929998304e-6,false,0.0,0.0,false,0.0,0.0,false,0.0,9.930136612989092e-17,false,0.2,0.4472135954999492,false
제4대,2008,1958.09.10.,제4대국회 제30회(정기회) 제1차 농림위원회(전체회의) (1958.09.10.),0,1,0,0,0,0,0.0,0.0,false,0.0,1.9369216929998304e-6,true,0.0,0.0,false,0.0,0.0,false,0.0,9.930136612989092e-17,false,0.0,0.0,false
제4대,2009,1958.09.10.,제4대국회 제30회(정기회) 제4차 국회본회의(전체회의) (1958.09.10.),16,0,0,0,0,0,0.0,0.0,true,0.2,0.44721359550414924,false,0.0,0.0,false,0.0,0.0,false,0.0,9.930136612989092e-17,false,0.0,0.0,false
제4대,2010,1958.09.11.,제4대국회 제30회(정기회) 제2차 농림위원회(전체회의) (1958.09.11.),7,2,2,0,0,0,3.2,7.155417527999316,false,0.2,0.44721359550414924,true,0.0,0.0,true,0.0,0.0,false,0.0,9.930136612989092e-17,false,0.0,0.0,false
제4대,2011,1958.10.02.,제4대국회 제30회(정기회) 제2차 국회운영위원회(전체회의) (1958.10.02.),0,0,0,0,0,0,4.6,7.056911505750929,false,0.6,0.8944271910020084,false,0.4,0.8944271909985806,false,0.0,0.0,false,0.0,9.930136612989092e-17,false,0.0,0.0,false
제4대,2012,1958.10.04.,제4대국회 제30회(정기회) 제3차 국회운영위원회(전체회의) (1958.10.04.),0,0,0,0,0,0,4.6,7.056911505750929,false,0.6,0.8944271910020084,false,0.4,0.8944271909985806,false,0.0,0.0,false,0.0,9.930136612989092e-17,false,0.0,0.0,false
제4대,2013,1958.10.06.,제4대국회 제30회(정기회) 제4차 국회운영위원회(전체회의) (1958.10.06.),0,0,0,0,0,0,4.6,7.056911505750929,false,0.6,0.8944271910020084,false,0.4,0.8944271909985806,false,0.0,0.0,false,0.0,9.930136612989092e-17,false,0.0,0.0,false
제4대,2014,1958.10.06.,제4대국회 제30회(정기회) 제5차 국회본회의(전체회의) (1958.10.06.),2,0,0,0,0,2,4.6,7.056911505750929,false,0.4,0.89442719100201,false,0.4,0.8944271909985806,false,0.0,0.0,false,0.0,9.930136612989092e-17,false,0.0,0.0,true
제4대,2015,1958.10.08.,제4대국회 제30회(정기회) 제5차 국회운영위원회(전체회의) (1958.10.08.),0,0,0,0,0,0,1.8,3.0331501776205934,false,0.4,0.89442719100201,false,0.4,0.8944271909985806,false,0.0,0.0,false,0.0,9.930136612989092e-17,false,0.4,0.8944271909999121,false
제4대,2016,1958.10.08.,제4대국회 제30회(정기회) 제6차 국회본회의(전체회의) (1958.10.08.),0,0,4,0,0,0,0.4,0.8944271909998235,false,0.0,1.9369216929998304e-6,false,0.0,0.0,true,0.0,0.0,false,0.0,9.930136612989092e-17,false,0.4,0.8944271909999121,false
제4대,2017,1958.10.10.,제4대국회 제30회(정기회) 제1차 내무위원회(전체회의) (1958.10.10.),8,0,0,0,0,0,0.4,0.8944271909998235,true,0.0,1.9369216929998304e-6,false,0.8,1.7888543819991625,false,0.0,0.0,false,0.0,9.930136612989092e-17,false,0.4,0.8944271909999121,false
제4대,2018,1958.10.10.,제4대국회 제30회(정기회) 제6차 국회운영위원회(전체회의) (1958.10.10.),0,0,0,0,0,0,2.0,3.464101615137731,false,0.0,1.9369216929998304e-6,false,0.8,1.7888543819991625,false,0.0,0.0,false,0.0,9.930136612989092e-17,false,0.4,0.8944271909999121,false
제4대,2019,1958.10.10.,제4대국회 제30회(정기회) 제7차 국회본회의(전체회의) (1958.10.10.),0,3,0,0,1,0,2.0,3.464101615137731,false,0.0,1.9369216929998304e-6,true,0.8,1.7888543819991625,false,0.0,0.0,false,0.0,9.930136612989092e-17,true,0.4,0.8944271909999121,false
제4대,2020,1958.10.11.,제4대국회 1958년도 국정감사 국방위원회(전체회의) (1958.10.11.),1,0,0,0,0,0,1.6,3.5777087639996403,false,0.6,1.3416407865012687,false,0.8,1.7888543819991625,false,0.0,0.0,false,0.2,0.44721359549995804,false,0.0,0.0,false
제4대,2021,1958.10.11.,제4대국회 제30회(정기회) 제1차 부흥위원회(전체회의) (1958.10.11.),4,0,0,0,0,0,1.8,3.492849839314572,false,0.6,1.3416407865012687,false,0.8,1.7888543819991625,false,0.0,0.0,false,0.2,0.44721359549995804,false,0.0,0.0,false
제4대,2022,1958.10.11.,제4대국회 제30회(정기회) 제1차 부흥위원회(전체회의) (1958.10.11.)_8577,4,0,0,0,0,0,2.6,3.4351128074635096,false,0.6,1.3416407865012687,false,0.0,0.0,false,0.0,0.0,false,0.2,0.44721359549995804,false,0.0,0.0,false
제4대,2023,1958.10.11.,제4대국회 제30회(정기회) 제7차 국회운영위원회(전체회의) (1958.10.11.),0,0,0,0,0,0,1.8,2.0493901531918794,false,0.6,1.3416407865012687,false,0.0,0.0,false,0.0,0.0,false,0.2,0.44721359549995804,false,0.0,0.0,false
제4대,2024,1958.10.11.,제4대국회 제30회(정기회) 제8차 국회본회의(전체회의) (1958.10.11.),4,9,0,0,0,0,1.8,2.0493901531918794,false,0.6,1.3416407865012687,true,0.0,0.0,false,0.0,0.0,false,0.2,0.44721359549995804,false,0.0,0.0,false
제4대,2025,1958.10.13.,제4대국회 제30회(정기회) 제8차 국회운영위원회(전체회의) (1958.10.13.),0,0,0,0,0,0,2.6,1.9493588689617507,false,1.8,4.024922359500084,false,0.0,0.0,false,0.0,0.0,false,0.0,9.930136612989092e-17,false,0.0,0.0,false
제4대,2026,1958.10.13.,제4대국회 제30회(정기회) 제9차 국회본회의(전체회의) (1958.10.13.),1,0,0,0,0,0,2.4,2.190890230020627,false,1.8,4.024922359500084,false,0.0,0.0,false,0.0,0.0,false,0.0,9.930136612989092e-17,false,0.0,0.0,false
제4대,2027,1958.10.14.,제4대국회 제30회(정기회) 제2차 내무위원회(전체회의) (1958.10.14.),0,0,0,0,0,0,1.8,2.049390153191879,false,1.8,4.024922359500084,false,0.0,0.0,false,0.0,0.0,false,0.0,9.930136612989092e-17,false,0.0,0.0,false
제4대,2028,1958.10.14.,제4대국회 제30회(정기회) 제9차 국회운영위원회(전체회의) (1958.10.14.),2,0,0,0,0,0,1.0,1.732050807568829,false,1.8,4.024922359500084,false,0.0,0.0,false,0.0,0.0,false,0.0,9.930136612989092e-17,false,0.0,0.0,false
제4대,2029,1958.10.17.,제4대국회 1958년도 국정감사 국방위원회(전체회의) (1958.10.17.),7,0,3,0,0,0,1.4,1.6733200530681014,true,1.8,4.024922359500084,false,0.0,0.0,true,0.0,0.0,false,0.0,9.930136612989092e-17,false,0.0,0.0,false
제4대,2030,1958.10.19.,제4대국회 1958년도 국정감사 국방위원회(전체회의) (1958.10.19.),0,0,0,0,0,0,2.0,2.915475947422622,false,0.0,1.9369216929998304e-6,false,0.6,1.3416407864989826,false,0.0,0.0,false,0.0,9.930136612989092e-17,false,0.0,0.0,false
제4대,2031,1958.10.19.,제4대국회 1958년도 국정감사 국방위원회(전체회의) (1958.10.19.)_20582,0,0,0,0,0,0,2.0,2.915475947422622,false,0.0,1.9369216929998304e-6,false,0.6,1.3416407864989826,false,0.0,0.0,false,0.0,9.930136612989092e-17,false,0.0,0.0,false
제4대,2032,1958.10.19.,제4대국회 1958년도 국정감사 국방위원회(전체회의) (1958.10.19.)_20583,0,0,0,0,0,0,1.8,3.033150177620593,false,0.0,1.9369216929998304e-6,false,0.6,1.3416407864989826,false,0.0,0.0,false,0.0,9.930136612989092e-17,false,0.0,0.0,false
제4대,2033,1958.10.19.,제4대국회 1958년도 국정감사 국방위원회(전체회의) (1958.10.19.)_20584,0,0,0,0,0,0,1.8,3.033150177620593,false,0.0,1.9369216929998304e-6,false,0.6,1.3416407864989826,false,0.0,0.0,false,0.0,9.930136612989092e-17,false,0.0,0.0,false
제4대,2034,1958.10.19.,제4대국회 1958년도 국정감사 국방위원회(전체회의) (1958.10.19.)_20585,0,0,0,0,0,0,1.4,3.130495168499679,false,0.0,1.9369216929998304e-6,false,0.6,1.3416407864989826,false,0.0,0.0,false,0.0,9.930136612989092e-17,false,0.0,0.0,false
제4대,2035,1958.10.19.,제4대국회 1958년도 국정감사 국방위원회(전체회의) (1958.10.19.)_20586,2,0,0,0,0,0,0.0,0.0,true,0.0,1.9369216929998304e-6,false,0.0,0.0,false,0.0,0.0,false,0.0,9.930136612989092e-17,false,0.0,0.0,false
제4대,2036,1958.10.20.,제4대국회 1958년도 국정감사 국방위원회(전체회의) (1958.10.20.),9,0,2,0,0,0,0.4,0.8944271909998219,true,0.0,1.9369216929998304e-6,false,0.0,0.0,true,0.0,0.0,false,0.0,9.930136612989092e-17,false,0.0,0.0,false
제4대,2037,1958.10.20.,제4대국회 1958년도 국정감사 국방위원회(전체회의) (1958.10.20.)_20589,1,0,0,0,0,0,2.2,3.898717737923564,false,0.0,1.9369216929998304e-6,false,0.4,0.8944271909985806,false,0.0,0.0,false,0.0,9.930136612989092e-17,false,0.0,0.0,false
제4대,2038,1958.10.20.,제4대국회 1958년도 국정감사 국방위원회(전체회의) (1958.10.20.)_20590,0,0,0,0,0,0,2.4,3.781534080237785,false,0.0,1.9369216929998304e-6,false,0.4,0.8944271909985806,false,0.0,0.0,false,0.0,9.930136612989092e-17,false,0.0,0.0,false
제4대,2039,1958.10.20.,제4대국회 1958년도 국정감사 국방위원회(전체회의) (1958.10.20.)_20591,2,0,0,0,0,0,2.4,3.781534080237785,false,0.0,1.9369216929998304e-6,false,0.4,0.8944271909985806,false,0.0,0.0,false,0.0,9.930136612989092e-17,false,0.0,0.0,false
제4대,2040,1958.10.20.,제4대국회 1958년도 국정감사 국방위원회(전체회의) (1958.10.20.)_20592,0,0,1,0,0,0,2.8,3.563705936241069,false,0.0,1.9369216929998304e-6,false,0.4,0.8944271909985806,false,0.0,0.0,false,0.0,9.930136612989092e-17,false,0.0,0.0,false
제4대,2041,1958.10.20.,제4대국회 1958년도 국정감사 국방위원회(전체회의) (1958.10.20.)_20593,1,0,0,0,0,0,2.4,3.781534080237785,false,0.0,1.9369216929998304e-6,false,0.6,0.894427190998579,false,0.0,0.0,false,0.0,9.930136612989092e-17,false,0.0,0.0,false
제4대,2042,1958.10.21.,제4대국회 1958년도 국정감사 국방위원회(전체회의) (1958.10.21.),0,0,0,0,0,0,0.8,0.8366600265339748,false,0.0,1.9369216929998304e-6,false,0.2,0.4472135954972905,false,0.0,0.0,false,0.0,9.930136612989092e-17,false,0.0,0.0,false
제4대,2043,1958.10.21.,제4대국회 1958년도 국정감사 국방위원회(전체회의) (1958.10.21.)_20595,0,0,0,0,0,0,0.6,0.8944271909998215,false,0.0,1.9369216929998304e-6,false,0.2,0.4472135954972905,false,0.0,0.0,false,0.0,9.930136612989092e-17,false,0.0,0.0,false
제4대,2044,1958.10.21.,제4대국회 1958년도 국정감사 국방위원회(전체회의) (1958.10.21.)_20596,1,0,0,0,0,0,0.6,0.8944271909998215,false,0.0,1.9369216929998304e-6,false,0.2,0.4472135954972905,false,0.0,0.0,false,0.0,9.930136612989092e-17,false,0.0,0.0,false
제4대,2045,1958.10.21.,제4대국회 1958년도 국정감사 국방위원회(전체회의) (1958.10.21.)_20597,2,0,0,0,0,0,0.4,0.5477225575050116,true,0.0,1.9369216929998304e-6,false,0.2,0.4472135954972905,false,0.0,0.0,false,0.0,9.930136612989092e-17,false,0.0,0.0,false
제4대,2046,1958.10.21.,제4대국회 1958년도 국정감사 국방위원회(전체회의) (1958.10.21.)_20598,0,0,0,0,0,0,0.8,0.8366600265339748,false,0.0,1.9369216929998304e-6,false,0.0,0.0,false,0.0,0.0,false,0.0,9.930136612989092e-17,false,0.0,0.0,false
제4대,2047,1958.10.22.,제4대국회 1958년도 국정감사 국방위원회(전체회의) (1958.10.22.),0,0,0,0,0,0,0.6,0.8944271909998215,false,0.0,1.9369216929998304e-6,false,0.0,0.0,false,0.0,0.0,false,0.0,9.930136612989092e-17,false,0.0,0.0,false
제4대,2048,1958.10.22.,제4대국회 1958년도 국정감사 국방위원회(전체회의) (1958.10.22.)_20600,0,0,0,0,0,0,0.6,0.8944271909998215,false,0.0,1.9369216929998304e-6,false,0.0,0.0,false,0.0,0.0,false,0.0,9.930136612989092e-17,false,0.0,0.0,false
제4대,2049,1958.10.23.,제4대국회 1958년도 국정감사 국방위원회(전체회의) (1958.10.23.),6,0,0,0,0,0,0.6,0.8944271909998215,true,0.0,1.9369216929998304e-6,false,0.0,0.0,false,0.0,0.0,false,0.0,9.930136612989092e-17,false,0.0,0.0,false
제4대,2050,1958.10.24.,제4대국회 1958년도 국정감사 국방위원회(전체회의) (1958.10.24.),2,0,0,0,0,0,1.6,2.6076809620810275,false,0.0,1.9369216929998304e-6,false,0.0,0.0,false,0.0,0.0,false,0.0,9.930136612989092e-17,false,0.0,0.0,false
제4대,2051,1958.10.24.,제4대국회 1958년도 국정감사 국방위원회(전체회의) (1958.10.24.)_20603,2,0,0,0,0,0,1.6,2.6076809620810275,false,0.0,1.9369216929998304e-6,false,0.0,0.0,false,0.0,0.0,false,0.0,9.930136612989092e-17,false,0.0,0.0,false
제4대,2052,1958.10.24.,제4대국회 1958년도 국정감사 국방위원회(전체회의) (1958.10.24.)_20604,3,0,0,0,0,0,2.0,2.449489742783144,false,0.0,1.9369216929998304e-6,false,0.0,0.0,false,0.0,0.0,false,0.0,9.930136612989092e-17,false,0.0,0.0,false
제4대,2053,1958.10.24.,제4대국회 1958년도 국정감사 국방위원회(전체회의) (1958.10.24.)_20605,2,0,0,0,0,0,2.6,2.190890230020626,false,0.0,1.9369216929998304e-6,false,0.0,0.0,false,0.0,0.0,false,0.0,9.930136612989092e-17,false,0.0,0.0,false
제4대,2054,1958.10.24.,제4대국회 1958년도 국정감사 국방위원회(전체회의) (1958.10.24.)_20606,0,0,0,0,0,0,3.0,1.732050807568829,false,0.0,1.9369216929998304e-6,false,0.0,0.0,false,0.0,0.0,false,0.0,9.930136612989092e-17,false,0.0,0.0,false
제4대,2055,1958.10.25.,제4대국회 1958년도 국정감사 국방위원회(전체회의) (1958.10.25.),0,0,1,0,0,0,1.8,1.0954451150102553,false,0.0,1.9369216929998304e-6,false,0.0,0.0,true,0.0,0.0,false,0.0,9.930136612989092e-17,false,0.0,0.0,false
제4대,2056,1958.10.25.,제4대국회 1958년도 국정감사 국방위원회(전체회의) (1958.10.25.)_20608,0,0,0,0,0,0,1.4,1.341640786499811,false,0.0,1.9369216929998304e-6,false,0.2,0.4472135954972905,false,0.0,0.0,false,0.0,9.930136612989092e-17,false,0.0,0.0,false
제4대,2057,1958.10.25.,제4대국회 1958년도 국정감사 국방위원회(전체회의) (1958.10.25.)_20609,0,0,0,0,0,0,1.0,1.4142135623730354,false,0.0,1.9369216929998304e-6,false,0.2,0.4472135954972905,false,0.0,0.0,false,0.0,9.930136612989092e-17,false,0.0,0.0,false
제4대,2058,1958.10.27.,제4대국회 1958년도 국정감사 국방위원회(전체회의) (1958.10.27.),7,0,0,0,0,0,0.4,0.8944271909998213,true,0.0,1.9369216929998304e-6,false,0.2,0.4472135954972905,false,0.0,0.0,false,0.0,9.930136612989092e-17,false,0.0,0.0,false
제4대,2059,1958.10.27.,제4대국회 1958년도 국정감사 국방위원회(전체회의) (1958.10.27.)_20611,0,0,0,0,0,0,1.4,3.1304951684996785,false,0.0,1.9369216929998304e-6,false,0.2,0.4472135954972905,false,0.0,0.0,false,0.0,9.930136612989092e-17,false,0.0,0.0,false
제4대,2060,1958.10.27.,제4대국회 1958년도 국정감사 국방위원회(전체회의) (1958.10.27.)_20612,0,0,0,0,0,0,1.4,3.1304951684996785,false,0.0,1.9369216929998304e-6,false,0.2,0.4472135954972905,false,0.0,0.0,false,0.0,9.930136612989092e-17,false,0.0,0.0,false
제4대,2061,1958.10.27.,제4대국회 1958년도 국정감사 국방위원회(전체회의) (1958.10.27.)_20613,1,0,0,0,0,0,1.4,3.1304951684996785,false,0.0,1.9369216929998304e-6,false,0.0,0.0,false,0.0,0.0,false,0.0,9.930136612989092e-17,false,0.0,0.0,false
제4대,2062,1958.10.27.,제4대국회 1958년도 국정감사 국방위원회(전체회의) (1958.10.27.)_20614,1,0,0,0,0,0,1.6,3.0495901363953535,false,0.0,1.9369216929998304e-6,false,0.0,0.0,false,0.0,0.0,false,0.0,9.930136612989092e-17,false,0.0,0.0,false
제4대,2063,1958.10.27.,제4대국회 1958년도 국정감사 내무위원회(전체회의) (1958.10.27.),15,0,1,0,0,0,1.8,2.9495762407504964,true,0.0,1.9369216929998304e-6,false,0.0,0.0,true,0.0,0.0,false,0.0,9.930136612989092e-17,false,0.0,0.0,false
제4대,2064,1958.10.28.,제4대국회 1958년도 국정감사 국방위원회(전체회의) (1958.10.28.),0,0,0,0,0,1,3.4,6.503845016603627,false,0.0,1.9369216929998304e-6,false,0.2,0.4472135954972905,false,0.0,0.0,false,0.0,9.930136612989092e-17,false,0.0,0.0,true
제4대,2065,1958.10.28.,제4대국회 1958년도 국정감사 국방위원회(전체회의) (1958.10.28.)_20616,0,0,0,0,0,0,3.4,6.503845016603627,false,0.0,1.9369216929998304e-6,false,0.2,0.4472135954972905,false,0.0,0.0,false,0.0,9.930136612989092e-17,false,0.2,0.4472135954999492,false
제4대,2066,1958.10.28.,제4대국회 1958년도 국정감사 국방위원회(전체회의) (1958.10.28.)_20617,5,0,0,0,0,0,3.4,6.503845016603627,false,0.0,1.9369216929998304e-6,false,0.2,0.4472135954972905,false,0.0,0.0,false,0.0,9.930136612989092e-17,false,0.2,0.4472135954999492,false
제4대,2067,1958.10.28.,제4대국회 1958년도 국정감사 국방위원회(전체회의) (1958.10.28.)_20618,0,0,0,0,0,0,4.2,6.37965516309462,false,0.0,1.9369216929998304e-6,false,0.2,0.4472135954972905,false,0.0,0.0,false,0.0,9.930136612989092e-17,false,0.2,0.4472135954999492,false
제4대,2068,1958.10.29.,제4대국회 1958년도 국정감사 국방위원회(전체회의) (1958.10.29.),0,0,2,2,0,0,4.0,6.519202405202637,false,0.0,1.9369216929998304e-6,false,0.2,0.4472135954972905,true,0.0,0.0,true,0.0,9.930136612989092e-17,false,0.2,0.4472135954999492,false
제4대,2069,1958.11.02.,제4대국회 1958년도 국정감사 국방위원회(전체회의) (1958.11.02.),4,0,0,0,0,0,1.0,2.2360679774997547,false,0.0,1.9369216929998304e-6,false,0.4,0.8944271909985806,false,0.4,0.8944271909999159,false,0.0,9.930136612989092e-17,false,0.2,0.4472135954999492,false
제4대,2070,1958.11.02.,제4대국회 1958년도 국정감사 국방위원회(전체회의) (1958.11.02.)_20621,0,0,0,0,1,0,1.8,2.4899799195977153,false,0.0,1.9369216929998304e-6,false,0.4,0.8944271909985806,false,0.4,0.8944271909999159,false,0.0,9.930136612989092e-17,true,0.0,0.0,false
제4대,2071,1958.11.03.,제4대국회 1958년도 국정감사 국방위원회(전체회의) (1958.11.03.),19,0,0,0,0,0,1.8,2.4899799195977153,true,0.0,1.9369216929998304e-6,false,0.4,0.8944271909985806,false,0.4,0.8944271909999159,false,0.2,0.44721359549995804,false,0.0,0.0,false
제4대,2072,1958.11.03.,제4대국회 제30회(정기회) 제10차 국회본회의(전체회의) (1958.11.03.),4,0,0,0,0,0,4.6,8.234075540095551,false,0.0,1.9369216929998304e-6,false,0.4,0.8944271909985806,false,0.4,0.8944271909999159,false,0.2,0.44721359549995804,false,0.0,0.0,false
제4대,2073,1958.11.03.,제4대국회 제30회(정기회) 제10차 국회운영위원회(전체회의) (1958.11.03.),0,0,0,0,0,0,5.4,7.8612976028134085,false,0.0,1.9369216929998304e-6,false,0.4,0.8944271909985806,false,0.4,0.8944271909999159,false,0.2,0.44721359549995804,false,0.0,0.0,false
제4대,2074,1958.11.04.,제4대국회 제30회(정기회) 제11차 국회본회의(전체회의) (1958.11.04.),0,2,0,0,0,0,5.4,7.8612976028134085,false,0.0,1.9369216929998304e-6,true,0.0,0.0,false,0.0,0.0,false,0.2,0.44721359549995804,false,0.0,0.0,false
제4대,2075,1958.11.05.,제4대국회 1958년도 국정감사 국방위원회(전체회의) (1958.11.05.),26,0,0,0,0,0,4.6,8.234075540095551,true,0.4,0.89442719100201,false,0.0,0.0,false,0.0,0.0,false,0.2,0.44721359549995804,false,0.0,0.0,false
제4대,2076,1958.11.05.,제4대국회 제30회(정기회) 제12차 국회본회의(전체회의) (1958.11.05.),0,0,1,0,0,0,9.8,11.966620241321266,false,0.4,0.89442719100201,false,0.0,0.0,true,0.0,0.0,false,0.0,9.930136612989092e-17,false,0.0,0.0,false
제4대,2077,1958.11.06.,제4대국회 1958년도 국정감사 국방위원회(전체회의) (1958.11.06.),12,0,0,0,0,0,6.0,11.313708498984754,false,0.4,0.89442719100201,false,0.2,0.44721359549729056,false,0.0,0.0,false,0.0,9.930136612989092e-17,false,0.0,0.0,false
제4대,2078,1958.11.06.,제4대국회 제30회(정기회) 제1차 교통체신위원회(전체회의) (1958.11.06.),2,0,0,0,0,0,7.6,11.52388823271034,false,0.4,0.89442719100201,false,0.2,0.44721359549729056,false,0.0,0.0,false,0.0,9.930136612989092e-17,false,0.0,0.0,false
제4대,2079,1958.11.06.,제4대국회 제30회(정기회) 제1차 문교위원회(전체회의) (1958.11.06.),16,0,0,0,0,0,8.0,11.224972160321817,false,0.4,0.89442719100201,false,0.2,0.44721359549729056,false,0.0,0.0,false,0.0,9.930136612989092e-17,false,0.0,0.0,false
제4대,2080,1958.11.07.,제4대국회 제30회(정기회) 제13차 국회본회의(전체회의) (1958.11.07.),0,0,4,0,0,0,11.2,10.639548862616302,false,0.0,1.9369216929998304e-6,false,0.2,0.44721359549729056,true,0.0,0.0,false,0.0,9.930136612989092e-17,false,0.0,0.0,false
제4대,2081,1958.11.07.,제4대국회 제30회(정기회) 제1차 상공위원회(전체회의) (1958.11.07.),2,2,1,0,0,0,6.0,7.483314773547872,false,0.0,1.9369216929998304e-6,true,1.0,1.7320508075681853,false,0.0,0.0,false,0.0,9.930136612989092e-17,false,0.0,0.0,false
제4대,2082,1958.11.08.,제4대국회 1958년도 국정감사 국방위원회(전체회의) (1958.11.08.),0,0,0,0,0,0,6.4,7.127411872482173,false,0.4,0.89442719100201,false,1.0,1.7320508075681853,false,0.0,0.0,false,0.0,9.930136612989092e-17,false,0.0,0.0,false
제4대,2083,1958.11.08.,제4대국회 1958년도 국정감사 국방위원회(전체회의) (1958.11.08.)_20626,3,0,0,0,0,0,4.0,6.782329983125256,false,0.4,0.89442719100201,false,1.0,1.7320508075681853,false,0.0,0.0,false,0.0,9.930136612989092e-17,false,0.0,0.0,false
제4대,2084,1958.11.08.,제4대국회 1958년도 국정감사 국방위원회(전체회의) (1958.11.08.)_20627,0,0,0,0,0,0,4.2,6.723094525588633,false,0.4,0.89442719100201,false,1.0,1.7320508075681853,false,0.0,0.0,false,0.0,9.930136612989092e-17,false,0.0,0.0,false
제4대,2085,1958.11.08.,제4대국회 1958년도 국정감사 국방위원회(전체회의) (1958.11.08.)_20628,0,0,0,0,0,0,1.0,1.4142135623730372,false,0.4,0.89442719100201,false,1.0,1.7320508075681853,false,0.0,0.0,false,0.0,9.930136612989092e-17,false,0.0,0.0,false
제4대,2086,1958.11.08.,제4대국회 1958년도 국정감사 국방위원회(전체회의) (1958.11.08.)_20629,0,0,0,0,0,0,1.0,1.4142135623730372,false,0.4,0.89442719100201,false,0.2,0.44721359549729045,false,0.0,0.0,false,0.0,9.930136612989092e-17,false,0.0,0.0,false
제4대,2087,1958.11.08.,제4대국회 제30회(정기회) 제3차 내무위원회(전체회의) (1958.11.08.),0,1,0,0,0,0,0.6,1.3416407864998126,false,0.0,1.9369216929998304e-6,true,0.0,0.0,false,0.0,0.0,false,0.0,9.930136612989092e-17,false,0.0,0.0,false
제4대,2088,1958.11.09.,제4대국회 1958년도 국정감사 국방위원회(전체회의) (1958.11.09.),0,0,0,0,0,0,0.6,1.3416407864998126,false,0.2,0.44721359550414924,false,0.0,0.0,false,0.0,0.0,false,0.0,9.930136612989092e-17,false,0.0,0.0,false
제4대,2089,1958.11.09.,제4대국회 1958년도 국정감사 국방위원회(전체회의) (1958.11.09.)_20631,0,0,0,0,0,0,0.0,0.0,false,0.2,0.44721359550414924,false,0.0,0.0,false,0.0,0.0,false,0.0,9.930136612989092e-17,false,0.0,0.0,false
제4대,2090,1958.11.09.,제4대국회 1958년도 국정감사 국방위원회(전체회의) (1958.11.09.)_20632,0,0,0,0,0,0,0.0,0.0,false,0.2,0.44721359550414924,false,0.0,0.0,false,0.0,0.0,false,0.0,9.930136612989092e-17,false,0.0,0.0,false
제4대,2091,1958.11.09.,제4대국회 1958년도 국정감사 국방위원회(전체회의) (1958.11.09.)_20633,0,0,0,0,0,0,0.0,0.0,false,0.2,0.44721359550414924,false,0.0,0.0,false,0.0,0.0,false,0.0,9.930136612989092e-17,false,0.0,0.0,false
제4대,2092,1958.11.10.,제4대국회 1958년도 국정감사 국방위원회(전체회의) (1958.11.10.),0,0,0,0,0,0,0.0,0.0,false,0.2,0.44721359550414924,false,0.0,0.0,false,0.0,0.0,false,0.0,9.930136612989092e-17,false,0.0,0.0,false
제4대,2093,1958.11.10.,제4대국회 제30회(정기회) 제11차 국회운영위원회(전체회의) (1958.11.10.),0,0,0,0,0,0,0.0,0.0,false,0.0,1.9369216929998304e-6,false,0.0,0.0,false,0.0,0.0,false,0.0,9.930136612989092e-17,false,0.0,0.0,false
제4대,2094,1958.11.10.,제4대국회 제30회(정기회) 제14차 국회본회의(전체회의) (1958.11.10.),0,0,0,0,0,0,0.0,0.0,false,0.0,1.9369216929998304e-6,false,0.0,0.0,false,0.0,0.0,false,0.0,9.930136612989092e-17,false,0.0,0.0,false
제4대,2095,1958.11.10.,제4대국회 제30회(정기회) 제2차 부흥위원회(전체회의) (1958.11.10.),4,0,0,0,0,1,0.0,0.0,true,0.0,1.9369216929998304e-6,false,0.0,0.0,false,0.0,0.0,false,0.0,9.930136612989092e-17,false,0.0,0.0,true
제4대,2096,1958.11.11.,제4대국회 1958년도 국정감사 국방위원회(전체회의) (1958.11.11.),9,0,0,0,0,0,0.8,1.788854381999786,true,0.0,1.9369216929998304e-6,false,0.0,0.0,false,0.0,0.0,false,0.0,9.930136612989092e-17,false,0.2,0.4472135954999492,false
제4대,2097,1958.11.11.,제4대국회 1958년도 국정감사 국방위원회(전체회의) (1958.11.11.)_20636,0,0,0,0,0,0,2.6,3.974921382870338,false,0.0,1.9369216929998304e-6,false,0.0,0.0,false,0.0,0.0,false,0.0,9.930136612989092e-17,false,0.2,0.4472135954999492,false
제4대,2098,1958.11.11.,제4대국회 제30회(정기회) 제12차 국회운영위원회(전체회의) (1958.11.11.),4,1,0,0,0,0,2.6,3.974921382870338,false,0.0,1.9369216929998304e-6,true,0.0,0.0,false,0.0,0.0,false,0.0,9.930136612989092e-17,false,0.2,0.4472135954999492,false
제4대,2099,1958.11.11.,제4대국회 제30회(정기회) 제2차 교통체신위원회(전체회의) (1958.11.11.),2,0,0,0,0,0,3.4,3.7148351242013202,false,0.2,0.44721359550414924,false,0.0,0.0,false,0.0,0.0,false,0.0,9.930136612989092e-17,false,0.2,0.4472135954999492,false
제4대,2100,1958.11.11.,제4대국회 제30회(정기회) 제2차 문교위원회(전체회의) (1958.11.11.),1,0,0,0,0,0,3.8,3.3466401061362783,false,0.2,0.44721359550414924,false,0.0,0.0,false,0.0,0.0,false,0.0,9.930136612989092e-17,false,0.2,0.4472135954999492,false
제4대,2101,1958.11.11.,제4대국회 제30회(정기회) 제2차 상공위원회(전체회의) (1958.11.11.),3,1,1,1,0,0,3.2,3.5637059362410697,false,0.2,0.44721359550414924,false,0.0,0.0,true,0.0,0.0,true,0.0,9.930136612989092e-17,false,0.0,0.0,false
제4대,2102,1958.11.11.,제4대국회 제30회(정기회) 제4차 내무위원회(전체회의) (1958.11.11.),17,0,0,0,0,0,2.0,1.581138830084138,true,0.4,0.5477225575085857,false,0.2,0.44721359549729045,false,0.2,0.4472135954999579,false,0.0,9.930136612989092e-17,false,0.0,0.0,false
제4대,2103,1958.11.12.,제4대국회 제30회(정기회) 제13차 국회운영위원회(전체회의) (1958.11.12.),0,0,0,0,0,0,5.4,6.580273550544828,false,0.4,0.5477225575085857,false,0.2,0.44721359549729045,false,0.2,0.4472135954999579,false,0.0,9.930136612989092e-17,false,0.0,0.0,false
제4대,2104,1958.11.12.,제4대국회 제30회(정기회) 제15차 국회본회의(전체회의) (1958.11.12.),1,0,0,0,0,0,4.6,7.021395872616772,false,0.2,0.44721359550414924,false,0.2,0.44721359549729045,false,0.2,0.4472135954999579,false,0.0,9.930136612989092e-17,false,0.0,0.0,false
제4대,2105,1958.11.12.,제4대국회 제30회(정기회) 제3차 상공위원회(전체회의) (1958.11.12.),2,20,10,0,0,0,4.4,7.127411872482173,false,0.2,0.44721359550414924,true,0.2,0.44721359549729045,true,0.2,0.4472135954999579,false,0.0,9.930136612989092e-17,false,0.0,0.0,false
제4대,2106,1958.11.13.,제4대국회 1958년도 국정감사 국방위원회(전체회의) (1958.11.13.),21,0,4,0,0,0,4.6,7.021395872616772,true,4.2,8.843076387773866,false,2.2,4.381780460041053,false,0.2,0.4472135954999579,false,0.0,9.930136612989092e-17,false,0.0,0.0,false
제4대,2107,1958.11.13.,제4대국회 제30회(정기회) 제3차 교통체신위원회(전체회의) (1958.11.13.),7,0,0,0,0,0,8.2,9.984988733093285,false,4.0,8.944271909999365,false,2.8,4.381780460041052,false,0.0,0.0,false,0.0,9.930136612989092e-17,false,0.0,0.0,false
제4대,2108,1958.11.13.,제4대국회 제30회(정기회) 제3차 농림위원회(전체회의) (1958.11.13.),0,10,0,0,0,0,6.2,8.700574693662473,false,4.0,8.944271909999365,false,2.8,4.381780460041052,false,0.0,0.0,false,0.0,9.930136612989092e-17,false,0.0,0.0,false
제4대,2109,1958.11.13.,제4대국회 제30회(정기회) 제3차 문교위원회(전체회의) (1958.11.13.),4,0,0,0,0,5,6.2,8.700574693662473,false,6.0,8.944271909999364,false,2.8,4.381780460041052,false,0.0,0.0,false,0.0,9.930136612989092e-17,false,0.0,0.0,true
제4대,2110,1958.11.13.,제4대국회 제30회(정기회) 제5차 내무위원회(전체회의) (1958.11.13.),9,0,0,0,1,0,6.8,8.348652585896712,false,6.0,8.944271909999364,false,2.8,4.381780460041052,false,0.0,0.0,false,0.0,9.930136612989092e-17,true,1.0,2.236067977499789,false
제4대,2111,1958.11.14.,제4대국회 1958년도 국정감사 국방위원회(전체회의) (1958.11.14.),2,0,0,0,0,0,8.2,7.918333157931652,false,2.0,4.472135954999995,false,0.8,1.7888543819991634,false,0.0,0.0,false,0.2,0.44721359549995804,false,1.0,2.236067977499789,false
제4대,2112,1958.11.14.,제4대국회 제30회(정기회) 제4차 교통체신위원회(전체회의) (1958.11.14.),17,0,0,0,0,0,4.4,3.646916505762073,true,2.0,4.472135954999995,false,0.0,0.0,false,0.0,0.0,false,0.2,0.44721359549995804,false,1.0,2.236067977499789,false
제4대,2113,1958.11.14.,제4대국회 제30회(정기회) 제4차 농림위원회(전체회의) (1958.11.14.),8,1,0,0,0,0,6.4,6.804410334481589,false,2.0,4.472135954999995,false,0.0,0.0,false,0.0,0.0,false,0.2,0.44721359549995804,false,1.0,2.236067977499789,false
제4대,2114,1958.11.14.,제4대국회 제30회(정기회) 제4차 문교위원회(전체회의) (1958.11.14.),11,0,0,0,0,3,8.0,5.7879184513951,false,0.2,0.44721359550414946,false,0.0,0.0,false,0.0,0.0,false,0.2,0.44721359549995804,false,1.0,2.236067977499789,false
제4대,2115,1958.11.14.,제4대국회 제30회(정기회) 제4차 상공위원회(전체회의) (1958.11.14.),49,1,1,0,0,0,9.4,5.412947441089731,true,0.2,0.44721359550414946,false,0.0,0.0,true,0.0,0.0,false,0.2,0.44721359549995804,false,0.6,1.3416407864998716,false
제4대,2116,1958.11.17.,제4대국회 1958년도 국정감사 국방위원회(전체회의) (1958.11.17.),1,0,0,0,0,0,17.4,18.474306482247172,false,0.4,0.547722557508586,false,0.2,0.4472135954972935,false,0.0,0.0,false,0.0,9.930136612989092e-17,false,0.6,1.3416407864998716,false
제4대,2117,1958.11.17.,제4대국회 제30회(정기회) 제14차 국회운영위원회(전체회의) (1958.11.17.),0,0,0,0,0,0,17.2,18.68689380287692,false,0.4,0.547722557508586,false,0.2,0.4472135954972935,false,0.0,0.0,false,0.0,9.930136612989092e-17,false,0.6,1.3416407864998716,false
제4대,2118,1958.11.17.,제4대국회 제30회(정기회) 제16차 국회본회의(전체회의) (1958.11.17.),0,1,1,0,0,2,13.8,20.2163300329214,false,0.4,0.547722557508586,false,0.2,0.4472135954972935,false,0.0,0.0,false,0.0,9.930136612989092e-17,false,0.6,1.3416407864998716,false
제4대,2119,1958.11.17.,제4대국회 제30회(정기회) 제1차 재정경제위원회(전체회의) (1958.11.17.),1,5,0,0,0,0,12.2,21.087911228948208,false,0.4,0.547722557508586,true,0.4,0.547722557502988,false,0.0,0.0,false,0.0,9.930136612989092e-17,false,1.0,1.4142135623730938,false
제4대,2120,1958.11.18.,제4대국회 1958년도 국정감사 국방위원회(전체회의) (1958.11.18.),2,0,0,0,0,0,10.2,21.69562167811745,false,1.4,2.073644135333672,false,0.4,0.547722557502988,false,0.0,0.0,false,0.0,9.930136612989092e-17,false,0.4,0.8944271909999122,false
제4대,2121,1958.11.18.,제4대국회 제30회(정기회) 제15차 국회운영위원회(전체회의) (1958.11.18.),0,0,0,0,0,0,0.8,0.8366600265340076,false,1.2,2.1679483388687415,false,0.2,0.4472135954972935,false,0.0,0.0,false,0.0,9.930136612989092e-17,false,0.4,0.8944271909999122,false
제4대,2122,1958.11.18.,제4대국회 제30회(정기회) 제17차 국회본회의(전체회의) (1958.11.18.),0,1,1,0,0,2,0.6,0.8944271909998524,false,1.2,2.1679483388687415,false,0.2,0.4472135954972935,false,0.0,0.0,false,0.0,9.930136612989092e-17,false,0.4,0.8944271909999122,false
제4대,2123,1958.11.18.,제4대국회 제30회(정기회) 제3차 부흥위원회(전체회의) (1958.11.18.),0,0,0,0,0,0,0.6,0.8944271909998524,false,1.4,2.073644135333672,false,0.4,0.547722557502988,false,0.0,0.0,false,0.0,9.930136612989092e-17,false,0.8,1.0954451150103302,false
제4대,2124,1958.11.18.,제4대국회 제30회(정기회) 제5차 상공위원회(전체회의) (1958.11.18.),4,0,3,0,0,1,0.6,0.8944271909998524,true,1.2,2.1679483388687415,false,0.2,0.4472135954972935,true,0.0,0.0,false,0.0,9.930136612989092e-17,false,0.4,0.8944271909999122,false
제4대,2125,1958.11.19.,제4대국회 1958년도 국정감사 국방위원회(전체회의) (1958.11.19.),0,0,0,0,0,0,1.2,1.7888543819998,false,0.2,0.44721359550414924,false,0.8,1.3038404810396125,false,0.0,0.0,false,0.0,9.930136612989092e-17,false,0.6,0.8944271909999127,false
제4대,2126,1958.11.19.,제4대국회 1958년도 국정감사 국방위원회(전체회의) (1958.11.19.)_20642,0,0,0,0,0,0,0.8,1.7888543819998,false,0.2,0.44721359550414924,false,0.8,1.3038404810396125,false,0.0,0.0,false,0.0,9.930136612989092e-17,false,0.6,0.8944271909999127,false
제4대,2127,1958.11.19.,제4대국회 제30회(정기회) 제1차 국방위원회(전체회의) (1958.11.19.),2,0,0,0,0,0,0.8,1.7888543819998,false,0.2,0.44721359550414924,false,0.8,1.3038404810396125,false,0.0,0.0,false,0.0,9.930136612989092e-17,false,0.6,0.8944271909999127,false
제4대,2128,1958.11.19.,제4대국회 제30회(정기회) 제2차 재정경제위원회(전체회의) (1958.11.19.),22,8,0,0,0,0,1.2,1.7888543819998,true,0.0,1.9368643732095452e-6,true,0.6,1.3416407864989834,false,0.0,0.0,false,0.0,9.930136612989092e-17,false,0.2,0.4472135954999496,false
제4대,2129,1958.11.19.,제4대국회 제30회(정기회) 제4차 부흥위원회(전체회의) (1958.11.19.),27,0,1,0,0,3,5.6,9.316651759081687,true,1.6,3.577708764000185,false,0.6,1.3416407864989834,false,0.0,0.0,false,0.0,9.930136612989092e-17,false,0.2,0.4472135954999496,true
제4대,2130,1958.11.19.,제4대국회 제30회(정기회) 제5차 교통체신위원회(전체회의) (1958.11.19.),6,0,0,0,0,0,10.2,13.198484761517129,false,1.6,3.577708764000185,false,0.2,0.4472135954972935,false,0.0,0.0,false,0.0,9.930136612989092e-17,false,0.6,1.3416407864998718,false
제4대,2131,1958.11.19.,제4대국회 제30회(정기회) 제6차 상공위원회(전체회의) (1958.11.19.),14,0,0,1,0,0,11.4,12.280065146406997,false,1.6,3.577708764000185,false,0.2,0.4472135954972935,false,0.0,0.0,true,0.0,9.930136612989092e-17,false,0.6,1.3416407864998718,false
제4대,2132,1958.11.20.,제4대국회 제30회(정기회) 제1차 사회보건위원회(전체회의) (1958.11.20.),13,5,51,0,0,0,14.2,10.497618777608562,false,1.6,3.577708764000185,false,0.2,0.4472135954972935,true,0.2,0.4472135954999579,false,0.0,9.930136612989092e-17,false,0.6,1.3416407864998718,false
제4대,2133,1958.11.20.,제4대국회 제30회(정기회) 제2차 국방위원회(전체회의) (1958.11.20.),4,2,0,0,0,2,16.4,8.203657720797468,false,2.6,3.7148351242018425,false,10.4,22.700220263248493,false,0.2,0.4472135954999579,false,0.0,9.930136612989092e-17,false,0.6,1.3416407864998718,false
제4대,2134,1958.11.20.,제4대국회 제30회(정기회) 제3차 재정경제위원회(전체회의) (1958.11.20.),3,21,0,0,0,0,12.8,9.038805230781328,false,1.4,2.1908902300215165,true,10.4,22.700220263248493,false,0.2,0.4472135954999579,false,0.0,9.930136612989092e-17,false,1.0,1.4142135623730938,false
제4대,2135,1958.11.20.,제4대국회 제30회(정기회) 제5차 농림위원회(전체회의) (1958.11.20.),10,12,0,0,0,0,8.0,5.147815070493489,false,5.6,8.848728722251783,false,10.2,22.807893370497798,false,0.2,0.4472135954999579,false,0.0,9.930136612989092e-17,false,0.4,0.8944271909999122,false
제4대,2136,1958.11.20.,제4대국회 제30회(정기회) 제6차 교통체신위원회(전체회의) (1958.11.20.),0,0,0,0,0,0,8.8,5.069516742254619,false,8.0,8.573214099741337,false,10.2,22.807893370497798,false,0.2,0.4472135954999579,false,0.0,9.930136612989092e-17,false,0.4,0.8944271909999122,false
제4대,2137,1958.11.20.,제4대국회 제30회(정기회) 제7차 상공위원회(전체회의) (1958.11.20.),3,0,1,0,0,0,6.0,5.338539126015644,false,8.0,8.573214099741337,false,10.2,22.807893370497798,false,0.0,0.0,false,0.0,9.930136612989092e-17,false,0.4,0.8944271909999122,false
제4대,2138,1958.11.21.,제4대국회 제30회(정기회) 제2차 사회보건위원회(전체회의) (1958.11.21.),5,0,0,0,0,0,4.0,3.6742346141747486,false,7.0,9.273618495495901,false,0.2,0.44721359549715844,false,0.0,0.0,false,0.0,9.930136612989092e-17,false,0.4,0.8944271909999122,false
제4대,2139,1958.11.21.,제4대국회 제30회(정기회) 제3차 국방위원회(전체회의) (1958.11.21.),20,0,1,0,0,1,4.2,3.7013511046643313,true,6.6,9.581231653602979,false,0.2,0.44721359549715844,false,0.0,0.0,false,0.0,9.930136612989092e-17,false,0.0,0.0,true
제4대,2140,1958.11.21.,제4대국회 제30회(정기회) 제4차 재정경제위원회(전체회의) (1958.11.21.),11,49,0,0,0,0,7.6,7.829431652425345,false,2.4,5.366563145999843,true,0.4,0.5477225575028778,false,0.0,0.0,false,0.0,9.930136612989092e-17,false,0.2,0.4472135954999495,false
제4대,2141,1958.11.21.,제4대국회 제30회(정기회) 제6차 농림위원회(전체회의) (1958.11.21.),13,2,16,0,0,0,7.8,7.918333157931654,false,9.8,21.913466179498023,false,0.4,0.5477225575028778,true,0.0,0.0,false,0.0,9.930136612989092e-17,false,0.2,0.4472135954999495,false
제4대,2142,1958.11.22.,제4대국회 제30회(정기회) 제7차 농림위원회(전체회의) (1958.11.22.),29,6,3,0,0,0,10.4,6.767569726275444,true,10.2,21.7071416819443,false,3.6,6.9498201415574385,false,0.0,0.0,false,0.0,9.930136612989092e-17,false,0.2,0.4472135954999495,false
제4대,2143,1958.11.24.,제4대국회 제30회(정기회) 제16차 국회운영위원회(전체회의) (1958.11.24.),0,0,0,0,0,0,15.6,9.208691546577066,false,11.4,21.161285405192274,false,4.0,6.81909084849274,false,0.0,0.0,false,0.0,9.930136612989092e-17,false,0.2,0.4472135954999495,false
제4대,2144,1958.11.24.,제4대국회 제30회(정기회) 제18차 국회본회의(전체회의) (1958.11.24.),0,2,0,0,0,0,14.6,10.784247771634325,false,11.4,21.161285405192274,false,4.0,6.81909084849274,false,0.0,0.0,false,0.0,9.930136612989092e-17,false,0.2,0.4472135954999495,false
제4대,2145,1958.11.24.,제4대국회 제30회(정기회) 제4차 국방위원회(전체회의) (1958.11.24.),0,0,0,0,0,0,10.6,11.928956366757316,false,11.8,20.90932806189629,false,3.8,6.942621983083729,false,0.0,0.0,false,0.0,9.930136612989092e-17,false,0.0,0.0,false
제4대,2146,1958.11.24.,제4대국회 제30회(정기회) 제5차 부흥위원회(전체회의) (1958.11.24.),4,3,1,0,0,0,8.4,12.817956155331467,false,2.0,2.4494897427839337,false,3.8,6.942621983083729,false,0.0,0.0,false,0.0,9.930136612989092e-17,false,0.0,0.0,false
제4대,2147,1958.11.24.,제4대국회 제30회(정기회) 제5차 재정경제위원회(전체회의) (1958.11.24.),3,14,0,0,0,0,6.6,12.641202474448379,false,2.2,2.4899799195984893,true,0.8,1.3038404810395676,false,0.0,0.0,false,0.0,9.930136612989092e-17,false,0.0,0.0,false
제4대,2148,1958.11.24.,제4대국회 제30회(정기회) 제8차 농림위원회(전체회의) (1958.11.24.),11,2,3,0,1,0,1.4,1.9493588689617425,true,3.8,5.8480766068856935,false,0.2,0.4472135954971624,true,0.0,0.0,false,0.0,9.930136612989092e-17,true,0.0,0.0,false
제4대,2149,1958.11.25.,제4대국회 제30회(정기회) 제1차 법제사법위원회(전체회의) (1958.11.25.),0,0,0,0,0,0,3.6,4.505552130427504,false,4.2,5.585696017507906,false,0.8,1.3038404810395676,false,0.0,0.0,false,0.2,0.44721359549995804,false,0.0,0.0,false
제4대,2150,1958.11.25.,제4대국회 제30회(정기회) 제1차 징계자격위원회(전체회의) (1958.11.25.),0,0,0,0,0,0,3.6,4.505552130427504,false,3.8,5.8480766068856935,false,0.8,1.3038404810395676,false,0.0,0.0,false,0.2,0.44721359549995804,false,0.0,0.0,false
제4대,2151,1958.11.25.,제4대국회 제30회(정기회) 제5차 국방위원회(전체회의) (1958.11.25.),2,0,0,0,0,0,3.6,4.505552130427504,false,3.8,5.8480766068856935,false,0.8,1.3038404810395676,false,0.0,0.0,false,0.2,0.44721359549995804,false,0.0,0.0,false
제4대,2152,1958.11.25.,제4대국회 제30회(정기회) 제9차 농림위원회(전체회의) (1958.11.25.),4,44,0,1,0,0,3.2,4.549725266430911,false,3.2,6.099180272791065,true,0.6,1.34164078649894,false,0.0,0.0,true,0.2,0.44721359549995804,false,0.0,0.0,false
제4대,2153,1958.11.26.,제4대국회 제30회(정기회) 제10차 농림위원회(전체회의) (1958.11.26.),9,2,2,0,0,0,3.4,4.560701700396532,false,9.2,19.47305831142103,false,0.6,1.34164078649894,false,0.2,0.4472135954999579,false,0.2,0.44721359549995804,false,0.0,0.0,false
제4대,2154,1958.11.26.,제4대국회 제30회(정기회) 제2차 법제사법위원회(전체회의) (1958.11.26.),0,0,0,0,0,0,3.0,3.741657386773917,false,9.2,19.47305831142103,false,0.4,0.8944271909985165,false,0.2,0.4472135954999579,false,0.0,9.930136612989092e-17,false,0.0,0.0,false
제4대,2155,1958.11.26.,제4대국회 제30회(정기회) 제6차 국방위원회(전체회의) (1958.11.26.),2,1,1,0,0,0,3.0,3.741657386773917,false,9.2,19.47305831142103,false,0.4,0.8944271909985165,false,0.2,0.4472135954999579,false,0.0,9.930136612989092e-17,false,0.0,0.0,false
제4대,2156,1958.11.26.,제4대국회 제30회(정기회) 제6차 재정경제위원회(전체회의) (1958.11.26.),0,35,0,0,0,0,3.4,3.4351128074635073,false,9.4,19.359752064528195,false,0.6,0.894427190998515,false,0.2,0.4472135954999579,false,0.0,9.930136612989092e-17,false,0.0,0.0,false
제4대,2157,1958.11.26.,제4대국회 제30회(정기회) 제7차 교통체신위원회(전체회의) (1958.11.26.),1,0,1,0,0,0,3.0,3.741657386773917,false,16.4,21.33775995740892,false,0.6,0.894427190998515,false,0.2,0.4472135954999579,false,0.0,9.930136612989092e-17,false,0.0,0.0,false
제4대,2158,1958.11.27.,제4대국회 제30회(정기회) 제11차 농림위원회(전체회의) (1958.11.27.),5,1,0,0,0,0,2.4,3.7815340802377824,false,7.6,15.339491516996375,false,0.8,0.8366600265325762,false,0.0,0.0,false,0.0,9.930136612989092e-17,false,0.0,0.0,false
제4대,2159,1958.11.27.,제4대국회 제30회(정기회) 제3차 법제사법위원회(전체회의) (1958.11.27.),0,0,0,0,0,0,1.6,2.073644135332725,false,7.4,15.436968614336292,false,0.4,0.5477225575028809,false,0.0,0.0,false,0.0,9.930136612989092e-17,false,0.0,0.0,false
제4대,2160,1958.11.27.,제4대국회 제30회(정기회) 제7차 국방위원회(전체회의) (1958.11.27.),3,0,1,0,0,0,1.6,2.073644135332725,false,7.4,15.43696861433629,false,0.4,0.5477225575028809,false,0.0,0.0,false,0.0,9.930136612989092e-17,false,0.0,0.0,false
제4대,2161,1958.11.28.,제4대국회 제30회(정기회) 제12차 농림위원회(전체회의) (1958.11.28.),16,1,0,0,0,0,1.8,2.167948338867835,true,7.2,15.546703830716133,false,0.4,0.5477225575028809,false,0.0,0.0,false,0.0,9.930136612989092e-17,false,0.0,0.0,false
제4대,2162,1958.11.28.,제4대국회 제30회(정기회) 제4차 법제사법위원회(전체회의) (1958.11.28.),0,0,0,0,0,0,5.0,6.44204936336255,false,0.4,0.5477225575086409,false,0.4,0.5477225575028809,false,0.0,0.0,false,0.0,9.930136612989092e-17,false,0.0,0.0,false
제4대,2163,1958.11.28.,제4대국회 제30회(정기회) 제7차 재정경제위원회(전체회의) (1958.11.28.),3,2,0,0,0,0,4.8,6.610597552415351,false,0.4,0.5477225575086409,true,0.2,0.44721359549716233,false,0.0,0.0,false,0.0,9.930136612989092e-17,false,0.0,0.0,false
제4대,2164,1958.11.29.,제4대국회 제30회(정기회) 제5차 법제사법위원회(전체회의) (1958.11.29.),0,0,0,0,0,0,4.4,6.655824516917481,false,0.6,0.8944271910020422,false,0.2,0.44721359549716233,false,0.0,0.0,false,0.0,9.930136612989092e-17,false,0.0,0.0,false
제4대,2165,1958.12.01.,제4대국회 제30회(정기회) 제13차 농림위원회(전체회의) (1958.12.01.),33,0,1,0,0,1,4.4,6.655824516917481,true,0.6,0.8944271910020422,false,0.2,0.44721359549716233,false,0.0,0.0,false,0.0,9.930136612989092e-17,false,0.0,0.0,true
제4대,2166,1958.12.01.,제4대국회 제30회(정기회) 제17차 국회운영위원회(전체회의) (1958.12.01.),0,0,0,0,0,0,10.4,14.258330898110055,false,0.6,0.8944271910020422,false,0.2,0.44721359549716233,false,0.0,0.0,false,0.0,9.930136612989092e-17,false,0.2,0.4472135954999495,false
제4대,2167,1958.12.01.,제4대국회 제30회(정기회) 제19차 국회본회의(전체회의) (1958.12.01.),2,0,0,0,0,0,7.2,14.4810220633766,false,0.4,0.8944271910020437,false,0.2,0.44721359549716233,false,0.0,0.0,false,0.0,9.930136612989092e-17,false,0.2,0.4472135954999495,false
제4대,2168,1958.12.01.,제4대국회 제30회(정기회) 제5차 문교위원회(전체회의) (1958.12.01.),0,6,0,0,0,0,7.6,14.258330898110053,false,0.4,0.8944271910020437,true,0.2,0.44721359549716233,false,0.0,0.0,false,0.0,9.930136612989092e-17,false,0.2,0.4472135954999495,false
제4대,2169,1958.12.02.,제4대국회 제30회(정기회) 제18차 국회운영위원회(전체회의) (1958.12.02.),0,0,0,0,0,0,7.0,14.56021977856103,false,1.2,2.6832815730004547,false,0.2,0.44721359549716233,false,0.0,0.0,false,0.0,9.930136612989092e-17,false,0.2,0.4472135954999495,false
제4대,2170,1958.12.02.,제4대국회 제30회(정기회) 제20차 국회본회의(전체회의) (1958.12.02.),0,0,0,0,0,0,7.0,14.56021977856103,false,1.2,2.6832815730004547,false,0.2,0.44721359549716233,false,0.0,0.0,false,0.0,9.930136612989092e-17,false,0.2,0.4472135954999495,false
제4대,2171,1958.12.03.,제4대국회 제30회(정기회) 제14차 농림위원회(전체회의) (1958.12.03.),8,0,0,0,0,0,0.4,0.8944271909998202,true,1.2,2.6832815730004547,false,0.0,0.0,false,0.0,0.0,false,0.0,9.930136612989092e-17,false,0.0,0.0,false
제4대,2172,1958.12.03.,제4대국회 제30회(정기회) 제19차 국회운영위원회(전체회의) (1958.12.03.),5,1,0,0,0,0,2.0,3.4641016151377313,false,1.2,2.6832815730004547,false,0.0,0.0,false,0.0,0.0,false,0.0,9.930136612989092e-17,false,0.0,0.0,false
제4대,2173,1958.12.03.,제4대국회 제30회(정기회) 제21차 국회본회의(전체회의) (1958.12.03.),0,2,0,0,0,0,2.6,3.714835124201321,false,1.4,2.6076809620817865,false,0.0,0.0,false,0.0,0.0,false,0.0,9.930136612989092e-17,false,0.0,0.0,false
제4대,2174,1958.12.04.,제4대국회 제30회(정기회) 제15차 농림위원회(전체회의) (1958.12.04.),32,0,0,0,0,0,2.6,3.714835124201321,true,0.6,0.8944271910020422,false,0.0,0.0,false,0.0,0.0,false,0.0,9.930136612989092e-17,false,0.0,0.0,false
제4대,2175,1958.12.04.,제4대국회 제30회(정기회) 제22차 국회본회의(전체회의) (1958.12.04.),0,0,0,0,0,0,9.0,13.304134695650067,false,0.6,0.8944271910020422,false,0.0,0.0,false,0.0,0.0,false,0.0,9.930136612989092e-17,false,0.0,0.0,false
제4대,2176,1958.12.04.,제4대국회 제30회(정기회) 제6차 부흥위원회(전체회의) (1958.12.04.),28,8,2,0,0,0,9.0,13.304134695650067,false,0.6,0.8944271910020422,true,0.0,0.0,true,0.0,0.0,false,0.0,9.930136612989092e-17,false,0.0,0.0,false
제4대,2177,1958.12.05.,제4대국회 제30회(정기회) 제16차 농림위원회(전체회의) (1958.12.05.),38,1,0,0,0,0,13.0,15.71623364550171,false,2.2,3.346640106136867,false,0.4,0.8944271909985165,false,0.0,0.0,false,0.0,9.930136612989092e-17,false,0.0,0.0,false
제4대,2178,1958.12.05.,제4대국회 제30회(정기회) 제23차 국회본회의(전체회의) (1958.12.05.),2,0,0,0,0,0,19.6,18.242806801586205,false,2.2,3.346640106136867,false,0.4,0.8944271909985165,false,0.0,0.0,false,0.0,9.930136612989092e-17,false,0.0,0.0,false
제4대,2179,1958.12.05.,제4대국회 제30회(정기회) 제6차 법제사법위원회(전체회의) (1958.12.05.),0,0,0,0,0,0,20.0,17.72004514666935,false,1.8,3.4928498393151384,false,0.4,0.8944271909985165,false,0.0,0.0,false,0.0,9.930136612989092e-17,false,0.0,0.0,false
제4대,2180,1958.12.06.,제4대국회 제30회(정기회) 제24차 국회본회의(전체회의) (1958.12.06.),1,0,0,0,0,0,13.6,18.077610461562664,false,1.8,3.4928498393151384,false,0.4,0.8944271909985165,false,0.0,0.0,false,0.0,9.930136612989092e-17,false,0.0,0.0,false
제4대,2181,1958.12.08.,제4대국회 제30회(정기회) 제17차 농림위원회(전체회의) (1958.12.08.),1,2,0,0,0,0,13.8,17.89413311675086,false,1.8,3.4928498393151384,false,0.4,0.8944271909985165,false,0.0,0.0,false,0.0,9.930136612989092e-17,false,0.0,0.0,false
제4대,2182,1958.12.08.,제4대국회 제30회(정기회) 제1차 예산결산위원회(전체회의) (1958.12.08.),1,0,0,0,0,0,8.4,16.562004709575465,false,0.6,0.8944271910020422,false,0.0,0.0,false,0.0,0.0,false,0.0,9.930136612989092e-17,false,0.0,0.0,false
제4대,2183,1958.12.08.,제4대국회 제30회(정기회) 제25차 국회본회의(전체회의) (1958.12.08.),0,0,0,0,0,0,1.0,0.7071067811864671,false,0.4,0.8944271910020437,false,0.0,0.0,false,0.0,0.0,false,0.0,9.930136612989092e-17,false,0.0,0.0,false
제4대,2184,1958.12.08.,제4대국회 제30회(정기회) 제7차 법제사법위원회(전체회의) (1958.12.08.),0,0,0,0,0,0,0.6,0.5477225575050597,false,0.4,0.8944271910020437,false,0.0,0.0,false,0.0,0.0,false,0.0,9.930136612989092e-17,false,0.0,0.0,false
제4대,2185,1958.12.08.,제4대국회 제30회(정기회) 제7차 부흥위원회(전체회의) (1958.12.08.),22,0,0,0,0,1,0.6,0.5477225575050597,true,0.4,0.8944271910020437,false,0.0,0.0,false,0.0,0.0,false,0.0,9.930136612989092e-17,false,0.0,0.0,true
제4대,2186,1958.12.09.,제4대국회 제30회(정기회) 제18차 농림위원회(전체회의) (1958.12.09.),0,1,0,0,0,0,4.8,9.628083921528724,false,0.4,0.8944271910020437,false,0.0,0.0,false,0.0,0.0,false,0.0,9.930136612989092e-17,false,0.2,0.4472135954999495,false
제4대,2187,1958.12.09.,제4대국회 제30회(정기회) 제26차 국회본회의(전체회의) (1958.12.09.),0,0,0,0,0,0,4.6,9.736529155710464,false,0.2,0.44721359550421674,false,0.0,0.0,false,0.0,0.0,false,0.0,9.930136612989092e-17,false,0.2,0.4472135954999495,false
제4대,2188,1958.12.09.,제4대국회 제30회(정기회) 제8차 부흥위원회(전체회의) (1958.12.09.),41,0,1,0,0,0,4.4,9.83869910099907,true,0.2,0.44721359550421674,false,0.0,0.0,true,0.0,0.0,false,0.0,9.930136612989092e-17,false,0.2,0.4472135954999495,false
제4대,2189,1958.12.10.,제4대국회 제30회(정기회) 제27차 국회본회의(전체회의) (1958.12.10.),3,2,0,0,0,0,12.6,18.514858897652985,false,0.2,0.44721359550421674,true,0.2,0.4472135954971624,false,0.0,0.0,false,0.0,9.930136612989092e-17,false,0.2,0.4472135954999495,false
제4대,2190,1958.12.11.,제4대국회 제30회(정기회) 제20차 국회운영위원회(전체회의) (1958.12.11.),0,0,0,0,0,0,13.2,18.047160441465575,false,0.6,0.8944271910020422,false,0.2,0.4472135954971624,false,0.0,0.0,false,0.0,9.930136612989092e-17,false,0.2,0.4472135954999495,false
제4대,2191,1958.12.11.,제4대국회 제30회(정기회) 제28차 국회본회의(전체회의) (1958.12.11.),2,1,4,0,0,0,8.8,18.047160441465575,false,0.6,0.8944271910020422,false,0.2,0.4472135954971624,true,0.0,0.0,false,0.0,9.930136612989092e-17,false,0.0,0.0,false
제4대,2192,1958.12.11.,제4대국회 제30회(정기회) 제8차 법제사법위원회(전체회의) (1958.12.11.),0,0,0,0,0,0,9.2,17.824140933015535,false,0.6,0.8944271910020422,false,1.0,1.7320508075681522,false,0.0,0.0,false,0.0,9.930136612989092e-17,false,0.0,0.0,false
제4대,2193,1958.12.12.,제4대국회 제30회(정기회) 제29차 국회본회의(전체회의) (1958.12.12.),0,0,0,0,0,0,9.2,17.824140933015535,false,0.6,0.8944271910020422,false,1.0,1.7320508075681522,false,0.0,0.0,false,0.0,9.930136612989092e-17,false,0.0,0.0,false
제4대,2194,1958.12.13.,제4대국회 제30회(정기회) 제21차 국회운영위원회(전체회의) (1958.12.13.),0,0,0,0,0,0,1.0,1.4142135623730339,false,0.6,0.8944271910020422,false,0.8,1.7888543819991305,false,0.0,0.0,false,0.0,9.930136612989092e-17,false,0.0,0.0,false
제4대,2195,1958.12.13.,제4대국회 제30회(정기회) 제2차 예산결산위원회(전체회의) (1958.12.13.),0,0,0,0,0,0,0.4,0.8944271909998154,false,0.2,0.44721359550421674,false,0.8,1.7888543819991305,false,0.0,0.0,false,0.0,9.930136612989092e-17,false,0.0,0.0,false
제4대,2196,1958.12.13.,제4대국회 제30회(정기회) 제9차 법제사법위원회(전체회의) (1958.12.13.),0,0,0,0,0,0,0.4,0.8944271909998154,false,0.2,0.44721359550421674,false,0.8,1.7888543819991305,false,0.0,0.0,false,0.0,9.930136612989092e-17,false,0.0,0.0,false
제4대,2197,1958.12.13.,제4대국회 제30회(정기회) 제9차 부흥위원회(전체회의) (1958.12.13.),31,2,57,0,0,4,0.0,0.0,true,0.0,1.9524430905348615e-6,true,0.0,0.0,true,0.0,0.0,false,0.0,9.930136612989092e-17,false,0.0,0.0,true
제4대,2198,1958.12.14.,제4대국회 제30회(정기회) 제10차 법제사법위원회(전체회의) (1958.12.14.),0,0,0,0,0,0,6.2,13.863621460498692,false,0.4,0.8944271910020437,false,11.4,25.49117494349755,false,0.0,0.0,false,0.0,9.930136612989092e-17,false,0.8,1.7888543819998306,false
제4대,2199,1958.12.15.,제4대국회 제30회(정기회) 제10차 부흥위원회(전체회의) (1958.12.15.),31,0,7,0,0,3,6.2,13.863621460498692,false,0.4,0.8944271910020437,false,11.4,25.49117494349755,false,0.0,0.0,false,0.0,9.930136612989092e-17,false,0.8,1.7888543819998306,false
제4대,2200,1958.12.15.,제4대국회 제30회(정기회) 제11차 법제사법위원회(전체회의) (1958.12.15.),1,0,4,0,0,0,12.4,16.979399282660147,false,0.4,0.8944271910020437,false,12.8,24.89377432210707,false,0.0,0.0,false,0.0,9.930136612989092e-17,false,1.4,1.9493588689617924,false
제4대,2201,1958.12.15.,제4대국회 제30회(정기회) 제19차 농림위원회(전체회의) (1958.12.15.),0,0,0,0,0,0,12.6,16.801785619391765,false,0.4,0.8944271910020437,false,13.6,24.439721766010294,false,0.0,0.0,false,0.0,9.930136612989092e-17,false,1.4,1.9493588689617924,false
제4대,2202,1958.12.15.,제4대국회 제30회(정기회) 제3차 예산결산위원회(전체회의) (1958.12.15.),11,22,9,0,0,0,12.6,16.801785619391765,false,0.4,0.8944271910020437,true,13.6,24.439721766010294,false,0.0,0.0,false,0.0,9.930136612989092e-17,false,1.4,1.9493588689617924,false
제4대,2203,1958.12.16.,제4대국회 제30회(정기회) 제11차 부흥위원회(전체회의) (1958.12.16.),80,1,1,0,0,0,8.6,13.35290230624039,true,4.4,9.838699100999266,false,4.0,4.06201920231767,false,0.0,0.0,false,0.0,9.930136612989092e-17,false,0.6,1.341640786499872,false
제4대,2204,1958.12.16.,제4대국회 제30회(정기회) 제12차 법제사법위원회(전체회의) (1958.12.16.),1,0,0,0,0,1,24.6,33.38113239541163,false,4.6,9.736529155710661,false,4.2,3.834057902535834,false,0.0,0.0,false,0.0,9.930136612989092e-17,false,0.6,1.341640786499872,false
제4대,2205,1958.12.16.,제4대국회 제30회(정기회) 제20차 농림위원회(전체회의) (1958.12.16.),6,0,0,0,0,0,18.6,34.61647006845152,false,4.6,9.736529155710661,false,2.8,3.8340579025358363,false,0.0,0.0,false,0.0,9.930136612989092e-17,false,0.2,0.4472135954999503,false
제4대,2206,1958.12.16.,제4대국회 제30회(정기회) 제4차 예산결산위원회(전체회의) (1958.12.16.),8,34,1,7,0,0,19.6,34.04849482723135,false,4.6,9.736529155710661,true,2.0,3.9370039370055894,false,0.0,0.0,true,0.0,9.930136612989092e-17,false,0.2,0.4472135954999503,false
제4대,2207,1958.12.17.,제4대국회 제30회(정기회) 제13차 법제사법위원회(전체회의) (1958.12.17.),0,0,0,0,0,0,21.2,33.07113545072198,false,11.4,15.741664460914025,false,2.2,3.8340579025358377,false,1.4,3.1304951684997055,false,0.0,9.930136612989092e-17,false,0.2,0.4472135954999503,false
제4대,2208,1958.12.17.,제4대국회 제30회(정기회) 제1차 국가보안법개정에관한공청회(전체회의) (1958.12.17.),5,0,2,0,0,0,19.0,34.26368339802363,false,7.0,15.099668870541622,false,0.4,0.5477225575029133,true,1.4,3.1304951684997055,false,0.0,9.930136612989092e-17,false,0.2,0.4472135954999503,false
제4대,2209,1958.12.17.,제4대국회 제30회(정기회) 제5차 예산결산위원회(전체회의) (1958.12.17.),0,8,0,2,0,0,4.0,3.3911649915625675,false,6.8,15.205262246998691,false,0.6,0.8944271909985348,false,1.4,3.1304951684997055,false,0.0,9.930136612989092e-17,false,0.2,0.4472135954999503,false
제4대,2210,1958.12.17.,제4대국회 제30회(정기회) 제6차 내무위원회(전체회의) (1958.12.17.),0,0,0,0,0,0,3.8,3.6331804249169277,false,8.4,14.724129855444895,false,0.6,0.8944271909985348,false,1.8,3.03315017762062,false,0.0,9.930136612989092e-17,false,0.0,0.0,false
제4대,2211,1958.12.18.,제4대국회 제30회(정기회) 제14차 법제사법위원회(전체회의) (1958.12.18.),1,0,0,0,0,1,2.6,3.714835124201278,false,8.4,14.724129855444895,false,0.6,0.8944271909985348,false,1.8,3.03315017762062,false,0.0,9.930136612989092e-17,false,0.0,0.0,true
제4대,2212,1958.12.18.,제4대국회 제30회(정기회) 제6차 예산결산위원회(전체회의) (1958.12.18.),5,8,3,16,0,0,1.2,2.1679483388677645,false,1.6,3.5777087640001968,false,0.4,0.8944271909985364,true,0.4,0.894427190999914,true,0.0,9.930136612989092e-17,false,0.2,0.4472135954999503,false
제4대,2213,1958.12.18.,제4대국회 제30회(정기회) 제7차 내무위원회(전체회의) (1958.12.18.),0,0,0,0,0,0,2.2,2.5884358211088636,false,3.2,4.381780460041761,false,1.0,1.4142135623722196,false,3.6,6.985699678629192,false,0.0,9.930136612989092e-17,false,0.2,0.4472135954999503,false
제4대,2214,1958.12.19.,제4대국회 제30회(정기회) 제15차 법제사법위원회(전체회의) (1958.12.19.),0,0,0,0,0,0,1.2,2.167948338867765,false,3.2,4.381780460041761,false,0.6,1.3416407864989532,false,3.6,6.985699678629192,false,0.0,9.930136612989092e-17,false,0.2,0.4472135954999503,false
제4대,2215,1958.12.22.,제4대국회 제30회(정기회) 제7차 예산결산위원회(전체회의) (1958.12.22.),0,0,0,3,0,0,1.2,2.167948338867765,false,1.6,3.5777087640001963,false,0.6,1.3416407864989532,false,3.2,7.155417527999327,false,0.0,9.930136612989092e-17,false,0.2,0.4472135954999503,false
제4대,2216,1958.12.22.,제4대국회 제30회(정기회) 제8차 재정경제위원회(전체회의) (1958.12.22.),4,0,0,0,0,0,1.2,2.167948338867765,false,1.6,3.5777087640001963,false,0.6,1.3416407864989532,false,3.8,6.942621983083913,false,0.0,9.930136612989092e-17,false,0.2,0.4472135954999503,false
제4대,2217,1958.12.23.,제4대국회 제30회(정기회) 제12차 부흥위원회(전체회의) (1958.12.23.),0,0,0,0,0,0,1.8,2.489979919597648,false,1.6,3.5777087640001963,false,0.6,1.3416407864989532,false,3.8,6.942621983083913,false,0.0,9.930136612989092e-17,false,0.0,0.0,false
제4대,2218,1958.12.23.,제4대국회 제30회(정기회) 제8차 내무위원회(전체회의) (1958.12.23.),1,0,0,0,0,0,0.8,1.7888543819996903,false,0.0,1.9583550281461073e-6,false,0.0,0.0,false,0.6,1.3416407864998765,false,0.0,9.930136612989092e-17,false,0.0,0.0,false
제4대,2219,1958.12.23.,제4대국회 제30회(정기회) 제8차 예산결산위원회(전체회의) (1958.12.23.),2,0,0,15,0,0,1.0,1.732050807568732,false,0.0,1.9583550281461073e-6,false,0.0,0.0,false,0.6,1.3416407864998765,true,0.0,9.930136612989092e-17,false,0.0,0.0,false
제4대,2220,1958.12.23.,제4대국회 제30회(정기회) 제9차 재정경제위원회(전체회의) (1958.12.23.),17,2,0,0,0,0,1.4,1.6733200530680028,true,0.0,1.9583550281461073e-6,true,0.0,0.0,false,3.6,6.50384501660364,false,0.0,9.930136612989092e-17,false,0.0,0.0,false
제4대,2221,1958.12.24.,제4대국회 제30회(정기회) 제10차 내무위원회(전체회의) (1958.12.24.),0,0,0,0,0,0,4.8,6.978538528947129,false,0.4,0.8944271910020566,false,0.0,0.0,false,3.0,6.70820393249937,false,0.0,9.930136612989092e-17,false,0.0,0.0,false
제4대,2222,1958.12.24.,제4대국회 제30회(정기회) 제10차 재정경제위원회(전체회의) (1958.12.24.),0,5,0,0,0,0,4.0,7.3143694191638655,false,0.4,0.8944271910020566,true,0.0,0.0,false,3.0,6.70820393249937,false,0.0,9.930136612989092e-17,false,0.0,0.0,false
제4대,2223,1958.12.24.,제4대국회 제30회(정기회) 제30차 국회본회의(전체회의) (1958.12.24.),0,20,0,2,0,0,4.0,7.3143694191638655,false,1.4,2.190890230021535,true,0.0,0.0,false,3.0,6.70820393249937,false,0.0,9.930136612989092e-17,false,0.0,0.0,false
제4대,2224,1958.12.24.,제4대국회 제30회(정기회) 제9차 내무위원회(전체회의) (1958.12.24.),0,0,0,0,0,0,3.8,7.429670248402653,false,5.4,8.414273587185276,false,0.0,0.0,false,3.4,6.542170893518452,false,0.0,9.930136612989092e-17,false,0.0,0.0,false
제4대,2225,1958.12.24.,제4대국회 제30회(정기회) 제9차 예산결산위원회(전체회의) (1958.12.24.),0,0,0,0,0,0,3.4,7.602631123499254,false,5.4,8.414273587185276,false,0.0,0.0,false,0.4,0.8944271909999238,false,0.0,9.930136612989092e-17,false,0.0,0.0,false
제4대,2226,1958.12.31.,제4대국회 제30회(정기회) 폐회식 국회본회의(전체회의) (1958.12.31.),1,1,0,2,0,1,0.0,0.0,true,5.0,8.660254037844604,false,0.0,0.0,false,0.4,0.8944271909999238,false,0.0,9.930136612989092e-17,false,0.0,0.0,true
제4대,2227,1959.01.12.,제4대국회 제31회(임시회) 개회식 국회본회의(전체회의) (1959.01.12.),0,0,0,0,0,0,0.2,0.447213595499382,false,5.2,8.526429498917103,false,0.0,0.0,false,0.8,1.0954451150103386,false,0.0,9.930136612989092e-17,false,0.2,0.4472135954999503,false
제4대,2228,1959.02.03.,제4대국회 제31회(임시회) 제1차 국회본회의(전체회의) (1959.02.03.),0,3,0,0,0,2,0.2,0.447213595499382,false,4.2,8.843076387773872,false,0.0,0.0,false,0.8,1.0954451150103386,false,0.0,9.930136612989092e-17,false,0.2,0.4472135954999503,true
제4대,2229,1959.02.03.,제4대국회 제31회(임시회) 제1차 국회운영위원회(전체회의) (1959.02.03.),0,0,0,0,0,0,0.2,0.447213595499382,false,0.8,1.3038404810419981,false,0.0,0.0,false,0.4,0.8944271909999238,false,0.0,9.930136612989092e-17,false,0.6,0.8944271909999132,false
제4대,2230,1959.02.03.,제4대국회 제31회(임시회) 제2차 국회운영위원회(전체회의) (1959.02.03.),1,1,0,0,0,0,0.2,0.447213595499382,false,0.8,1.3038404810419981,false,0.0,0.0,false,0.4,0.8944271909999238,false,0.0,9.930136612989092e-17,false,0.6,0.8944271909999132,false
제4대,2231,1959.02.04.,제4대국회 제31회(임시회) 제2차 국회본회의(전체회의) (1959.02.04.),0,0,0,0,0,0,0.4,0.5477225575046991,false,1.0,1.224744871393151,false,0.0,0.0,false,0.4,0.8944271909999238,false,0.0,9.930136612989092e-17,false,0.6,0.8944271909999132,false
제4대,2232,1959.02.04.,제4대국회 제31회(임시회) 제3차 국회운영위원회(전체회의) (1959.02.04.),0,0,0,0,0,0,0.2,0.447213595499382,false,0.8,1.3038404810419981,false,0.0,0.0,false,0.0,1.1920928955078125e-7,false,0.0,9.930136612989092e-17,false,0.4,0.8944271909999126,false
제4대,2233,1959.02.05.,제4대국회 제31회(임시회) 제3차 국회본회의(전체회의) (1959.02.05.),0,0,0,0,0,0,0.2,0.447213595499382,false,0.8,1.3038404810419981,false,0.0,0.0,false,0.0,1.1920928955078125e-7,false,0.0,9.930136612989092e-17,false,0.4,0.8944271909999126,false
제4대,2234,1959.02.06.,제4대국회 제31회(임시회) 제4차 국회본회의(전체회의) (1959.02.06.),0,0,0,0,0,0,0.2,0.447213595499382,false,0.2,0.44721359550424855,false,0.0,0.0,false,0.0,1.1920928955078125e-7,false,0.0,9.930136612989092e-17,false,0.0,0.0,false
제4대,2235,1959.02.07.,제4대국회 제31회(임시회) 제5차 국회본회의(전체회의) (1959.02.07.),0,0,0,0,0,0,0.2,0.447213595499382,false,0.2,0.44721359550424855,false,0.0,0.0,false,0.0,1.1920928955078125e-7,false,0.0,9.930136612989092e-17,false,0.0,0.0,false
제4대,2236,1959.02.09.,제4대국회 제31회(임시회) 제6차 국회본회의(전체회의) (1959.02.09.),0,0,0,0,0,0,0.0,0.0,false,0.0,1.9597151545016283e-6,false,0.0,0.0,false,0.0,1.1920928955078125e-7,false,0.0,9.930136612989092e-17,false,0.0,0.0,false
제4대,2237,1959.02.11.,제4대국회 제31회(임시회) 폐회식 국회본회의(전체회의) (1959.02.11.),0,0,0,0,0,1,0.0,0.0,false,0.0,1.9597151545016283e-6,false,0.0,0.0,false,0.0,1.1920928955078125e-7,false,0.0,9.930136612989092e-17,false,0.0,0.0,true
제4대,2238,1959.02.18.,제4대국회 제32회(임시회) 개회식 국회본회의(전체회의) (1959.02.18.),0,0,0,0,0,0,0.0,0.0,false,0.0,1.9597151545016283e-6,false,0.0,0.0,false,0.0,1.1920928955078125e-7,false,0.0,9.930136612989092e-17,false,0.2,0.4472135954999505,false
제4대,2239,1959.02.19.,제4대국회 제32회(임시회) 제1차 국회본회의(전체회의) (1959.02.19.),0,0,4,0,0,0,0.0,0.0,false,0.0,1.9597151545016283e-6,false,0.0,0.0,true,0.0,1.1920928955078125e-7,false,0.0,9.930136612989092e-17,false,0.2,0.4472135954999505,false
제4대,2240,1959.02.19.,제4대국회 제32회(임시회) 제1차 국회운영위원회(전체회의) (1959.02.19.),0,0,0,0,0,0,0.0,0.0,false,0.0,1.9597151545016283e-6,false,0.8,1.7888543819991405,false,0.0,1.1920928955078125e-7,false,0.0,9.930136612989092e-17,false,0.2,0.4472135954999505,false
제4대,2241,1959.02.20.,제4대국회 제32회(임시회) 제2차 국회본회의(전체회의) (1959.02.20.),0,0,2,0,0,0,0.0,0.0,false,0.0,1.9597151545016283e-6,false,0.8,1.7888543819991405,false,0.0,1.1920928955078125e-7,false,0.0,9.930136612989092e-17,false,0.2,0.4472135954999505,false
제4대,2242,1959.02.20.,제4대국회 제32회(임시회) 제2차 국회운영위원회(전체회의) (1959.02.20.),0,0,0,0,0,0,0.0,0.0,false,0.0,1.9597151545016283e-6,false,1.2,1.7888543819991392,false,0.0,1.1920928955078125e-7,false,0.0,9.930136612989092e-17,false,0.2,0.4472135954999505,false
제4대,2243,1959.02.23.,제4대국회 제32회(임시회) 제3차 국회본회의(전체회의) (1959.02.23.),0,0,0,0,0,0,0.0,0.0,false,0.0,1.9597151545016283e-6,false,1.2,1.7888543819991392,false,0.0,1.1920928955078125e-7,false,0.0,9.930136612989092e-17,false,0.0,0.0,false
제4대,2244,1959.02.23.,제4대국회 제32회(임시회) 제3차 국회운영위원회(전체회의) (1959.02.23.),0,0,0,0,0,0,0.0,0.0,false,0.0,1.9597151545016283e-6,false,1.2,1.7888543819991392,false,0.0,1.1920928955078125e-7,false,0.0,9.930136612989092e-17,false,0.0,0.0,false
제4대,2245,1959.02.24.,제4대국회 제32회(임시회) 제4차 국회본회의(전체회의) (1959.02.24.),0,0,0,0,0,2,0.0,0.0,false,0.0,1.9597151545016283e-6,false,0.4,0.8944271909985366,false,0.0,1.1920928955078125e-7,false,0.0,9.930136612989092e-17,false,0.0,0.0,true
제4대,2246,1959.02.24.,제4대국회 제32회(임시회) 제4차 국회운영위원회(전체회의) (1959.02.24.),0,0,0,0,0,0,0.0,0.0,false,0.0,1.9597151545016283e-6,false,0.4,0.8944271909985366,false,0.0,1.1920928955078125e-7,false,0.0,9.930136612989092e-17,false,0.4,0.8944271909999126,false
제4대,2247,1959.02.25.,제4대국회 제32회(임시회) 제5차 국회본회의(전체회의) (1959.02.25.),0,0,0,1,0,0,0.0,0.0,false,0.0,1.9597151545016283e-6,false,0.0,0.0,false,0.0,1.1920928955078125e-7,true,0.0,9.930136612989092e-17,false,0.4,0.8944271909999126,false
제4대,2248,1959.02.25.,제4대국회 제32회(임시회) 제5차 국회운영위원회(전체회의) (1959.02.25.),0,0,0,0,0,0,0.0,0.0,false,0.0,1.9597151545016283e-6,false,0.0,0.0,false,0.2,0.44721359549997386,false,0.0,9.930136612989092e-17,false,0.4,0.8944271909999126,false
제4대,2249,1959.02.26.,제4대국회 제32회(임시회) 제6차 국회본회의(전체회의) (1959.02.26.),0,0,1,0,0,0,0.0,0.0,false,0.0,1.9597151545016283e-6,false,0.0,0.0,true,0.2,0.44721359549997386,false,0.0,9.930136612989092e-17,false,0.4,0.8944271909999126,false
제4대,2250,1959.02.26.,제4대국회 제32회(임시회) 제6차 국회운영위원회(전체회의) (1959.02.26.),0,0,0,0,0,0,0.0,0.0,false,0.0,1.9597151545016283e-6,false,0.2,0.44721359549720235,false,0.2,0.44721359549997386,false,0.0,9.930136612989092e-17,false,0.4,0.8944271909999126,false
제4대,2251,1959.02.27.,제4대국회 제32회(임시회) 제7차 국회본회의(전체회의) (1959.02.27.),0,15,8,0,0,0,0.0,0.0,false,0.0,1.9597151545016283e-6,true,0.2,0.44721359549720235,true,0.2,0.44721359549997386,false,0.0,9.930136612989092e-17,false,0.0,0.0,false
제4대,2252,1959.02.28.,제4대국회 제32회(임시회) 제7차 국회운영위원회(전체회의) (1959.02.28.),2,0,0,0,0,0,0.0,0.0,true,3.0,6.708203932499652,false,1.8,3.4928498393142404,false,0.2,0.44721359549997386,false,0.0,9.930136612989092e-17,false,0.0,0.0,false
제4대,2253,1959.02.28.,제4대국회 제32회(임시회) 제8차 국회본회의(전체회의) (1959.02.28.),0,4,0,0,0,1,0.4,0.8944271909996299,false,3.0,6.708203932499652,false,1.8,3.49284983931424,false,0.0,1.1920928955078125e-7,false,0.0,9.930136612989092e-17,false,0.0,0.0,true
제4대,2254,1959.03.02.,제4대국회 제32회(임시회) 제9차 국회본회의(전체회의) (1959.03.02.),0,0,0,0,0,0,0.4,0.8944271909996299,false,3.8,6.496152707564977,false,1.8,3.49284983931424,false,0.0,1.1920928955078125e-7,false,0.0,9.930136612989092e-17,false,0.2,0.4472135954999505,false
제4대,2255,1959.03.03.,제4대국회 제32회(임시회) 제10차 국회본회의(전체회의) (1959.03.03.),1,0,0,0,0,0,0.4,0.8944271909996299,false,3.8,6.496152707564977,false,1.6,3.577708763999316,false,0.0,1.1920928955078125e-7,false,0.0,9.930136612989092e-17,false,0.2,0.4472135954999505,false
제4대,2256,1959.03.03.,제4대국회 제32회(임시회) 제8차 국회운영위원회(전체회의) (1959.03.03.),0,0,0,0,0,0,0.6,0.8944271909996319,false,3.8,6.496152707564977,false,1.6,3.577708763999316,false,0.0,1.1920928955078125e-7,false,0.0,9.930136612989092e-17,false,0.2,0.4472135954999505,false
제4대,2257,1959.03.04.,제4대국회 제32회(임시회) 제11차 국회본회의(전체회의) (1959.03.04.),2,0,0,0,0,0,0.6,0.8944271909996319,false,0.8,1.788854382000901,false,0.0,0.0,false,0.0,1.1920928955078125e-7,false,0.0,9.930136612989092e-17,false,0.2,0.4472135954999505,false
제4대,2258,1959.03.05.,제4대국회 제32회(임시회) 제9차 국회운영위원회(전체회의) (1959.03.05.),0,0,0,0,0,0,0.6,0.8944271909996319,false,0.8,1.788854382000901,false,0.0,0.0,false,0.0,1.1920928955078125e-7,false,0.0,9.930136612989092e-17,false,0.2,0.4472135954999505,false
제4대,2259,1959.03.06.,제4대국회 제32회(임시회) 제12차 국회본회의(전체회의) (1959.03.06.),0,0,0,0,0,0,0.6,0.8944271909996319,false,0.0,1.9588085085338333e-6,false,0.0,0.0,false,0.0,1.1920928955078125e-7,false,0.0,9.930136612989092e-17,false,0.0,0.0,false
제4대,2260,1959.03.07.,제4대국회 제32회(임시회) 제10차 국회운영위원회(전체회의) (1959.03.07.),0,0,0,0,0,0,0.6,0.8944271909996319,false,0.0,1.9588085085338333e-6,false,0.0,0.0,false,0.0,1.1920928955078125e-7,false,0.0,9.930136612989092e-17,false,0.0,0.0,false
제4대,2261,1959.03.09.,제4대국회 제32회(임시회) 제13차 국회본회의(전체회의) (1959.03.09.),1,0,0,0,0,0,0.4,0.8944271909996299,false,0.0,1.9588085085338333e-6,false,0.0,0.0,false,0.0,1.1920928955078125e-7,false,0.0,9.930136612989092e-17,false,0.0,0.0,false
제4대,2262,1959.03.11.,제4대국회 제32회(임시회) 제14차 국회본회의(전체회의) (1959.03.11.),0,0,0,0,0,1,0.6,0.8944271909996319,false,0.0,1.9588085085338333e-6,false,0.0,0.0,false,0.0,1.1920928955078125e-7,false,0.0,9.930136612989092e-17,false,0.0,0.0,true
제4대,2263,1959.03.12.,제4대국회 제32회(임시회) 제15차 국회본회의(전체회의) (1959.03.12.),0,0,0,0,0,0,0.2,0.4472135954993821,false,0.0,1.9588085085338333e-6,false,0.0,0.0,false,0.0,1.1920928955078125e-7,false,0.0,9.930136612989092e-17,false,0.2,0.4472135954999505,false
제4대,2264,1959.03.14.,제4대국회 제32회(임시회) 제16차 국회본회의(전체회의) (1959.03.14.),0,0,0,0,0,0,0.2,0.4472135954993821,false,0.0,1.9588085085338333e-6,false,0.0,0.0,false,0.0,1.1920928955078125e-7,false,0.0,9.930136612989092e-17,false,0.2,0.4472135954999505,false
제4대,2265,1959.03.16.,제4대국회 제32회(임시회) 제11차 국회운영위원회(전체회의) (1959.03.16.),1,0,0,0,0,0,0.2,0.4472135954993821,false,0.0,1.9588085085338333e-6,false,0.0,0.0,false,0.0,1.1920928955078125e-7,false,0.0,9.930136612989092e-17,false,0.2,0.4472135954999505,false
제4대,2266,1959.03.16.,제4대국회 제32회(임시회) 제17차 국회본회의(전체회의) (1959.03.16.),0,4,0,0,0,0,0.4,0.5477225575046992,false,0.0,1.9588085085338333e-6,true,0.0,0.0,false,0.0,1.1920928955078125e-7,false,0.0,9.930136612989092e-17,false,0.2,0.4472135954999505,false
제4대,2267,1959.03.17.,제4대국회 제32회(임시회) 제18차 국회본회의(전체회의) (1959.03.17.),0,0,0,0,0,0,0.2,0.4472135954993821,false,0.8,1.788854382000901,false,0.0,0.0,false,0.0,1.1920928955078125e-7,false,0.0,9.930136612989092e-17,false,0.2,0.4472135954999505,false
제4대,2268,1959.03.18.,제4대국회 제32회(임시회) 제12차 국회운영위원회(전체회의) (1959.03.18.),0,0,0,0,0,0,0.2,0.4472135954993821,false,0.8,1.788854382000901,false,0.0,0.0,false,0.0,1.1920928955078125e-7,false,0.0,9.930136612989092e-17,false,0.0,0.0,false
제4대,2269,1959.03.18.,제4대국회 제32회(임시회) 제19차 국회본회의(전체회의) (1959.03.18.),0,1,0,0,0,0,0.2,0.4472135954993821,false,0.8,1.788854382000901,false,0.0,0.0,false,0.0,1.1920928955078125e-7,false,0.0,9.930136612989092e-17,false,0.0,0.0,false
제4대,2270,1959.03.19.,제4대국회 제32회(임시회) 제13차 국회운영위원회(전체회의) (1959.03.19.),2,0,0,0,0,0,0.2,0.4472135954993821,true,1.0,1.7320508075699808,false,0.0,0.0,false,0.0,1.1920928955078125e-7,false,0.0,9.930136612989092e-17,false,0.0,0.0,false
제4대,2271,1959.03.19.,제4대국회 제32회(임시회) 제20차 국회본회의(전체회의) (1959.03.19.),0,0,0,0,0,0,0.4,0.89442719099963,false,1.0,1.7320508075699808,false,0.0,0.0,false,0.0,1.1920928955078125e-7,false,0.0,9.930136612989092e-17,false,0.0,0.0,false
제4대,2272,1959.04.01.,제4대국회 제32회(임시회) 제14차 국회운영위원회(전체회의) (1959.04.01.),0,0,0,0,0,0,0.4,0.89442719099963,false,0.2,0.4472135955042446,false,0.0,0.0,false,0.0,1.1920928955078125e-7,false,0.0,9.930136612989092e-17,false,0.0,0.0,false
제4대,2273,1959.04.01.,제4대국회 제32회(임시회) 제15차 국회운영위원회(전체회의) (1959.04.01.),0,0,0,0,0,0,0.4,0.89442719099963,false,0.2,0.4472135955042446,false,0.0,0.0,false,0.0,1.1920928955078125e-7,false,0.0,9.930136612989092e-17,false,0.0,0.0,false
제4대,2274,1959.04.01.,제4대국회 제32회(임시회) 제21차 국회본회의(전체회의) (1959.04.01.),0,0,0,0,0,0,0.4,0.89442719099963,false,0.2,0.4472135955042446,false,0.0,0.0,false,0.0,1.1920928955078125e-7,false,0.0,9.930136612989092e-17,false,0.0,0.0,false
제4대,2275,1959.04.02.,제4대국회 제32회(임시회) 제22차 국회본회의(전체회의) (1959.04.02.),0,0,0,0,0,0,0.4,0.89442719099963,false,0.0,1.9588226781043177e-6,false,0.0,0.0,false,0.0,1.1920928955078125e-7,false,0.0,9.930136612989092e-17,false,0.0,0.0,false
제4대,2276,1959.04.13.,제4대국회 제32회(임시회) 제16차 국회운영위원회(전체회의) (1959.04.13.),0,0,0,0,0,0,0.0,0.0,false,0.0,1.9588226781043177e-6,false,0.0,0.0,false,0.0,1.1920928955078125e-7,false,0.0,9.930136612989092e-17,false,0.0,0.0,false
제4대,2277,1959.04.13.,제4대국회 제32회(임시회) 제23차 국회본회의(전체회의) (1959.04.13.),0,0,0,0,0,0,0.0,0.0,false,0.0,1.9588226781043177e-6,false,0.0,0.0,false,0.0,1.1920928955078125e-7,false,0.0,9.930136612989092e-17,false,0.0,0.0,false
제4대,2278,1959.04.27.,제4대국회 제32회(임시회) 제17차 국회운영위원회(전체회의) (1959.04.27.),0,0,0,0,0,0,0.0,0.0,false,0.0,1.9588226781043177e-6,false,0.0,0.0,false,0.0,1.1920928955078125e-7,false,0.0,9.930136612989092e-17,false,0.0,0.0,false
제4대,2279,1959.04.27.,제4대국회 제32회(임시회) 제24차 국회본회의(전체회의) (1959.04.27.),0,0,1,14,1,4,0.0,0.0,false,0.0,1.9588226781043177e-6,false,0.0,0.0,true,0.0,1.1920928955078125e-7,true,0.0,9.930136612989092e-17,true,0.0,0.0,true
제4대,2280,1959.04.29.,제4대국회 제32회(임시회) 제18차 국회운영위원회(전체회의) (1959.04.29.),0,0,1,0,0,0,0.0,0.0,false,0.0,1.9588226781043177e-6,false,0.2,0.4472135954971986,false,2.8,6.260990336999412,false,0.2,0.44721359549995804,false,0.8,1.7888543819998308,false
제4대,2281,1959.05.11.,제4대국회 제32회(임시회) 제25차 국회본회의(전체회의) (1959.05.11.),0,0,0,0,0,3,0.0,0.0,false,0.0,1.9588226781043177e-6,false,0.4,0.5477225575029109,false,2.8,6.260990336999412,false,0.2,0.44721359549995804,false,0.8,1.7888543819998308,false
제4대,2282,1959.05.12.,제4대국회 제32회(임시회) 제19차 국회운영위원회(전체회의) (1959.05.12.),0,1,0,0,0,0,0.0,0.0,false,0.0,1.9588226781043177e-6,true,0.4,0.5477225575029109,false,2.8,6.260990336999412,false,0.2,0.44721359549995804,false,1.4,1.9493588689617927,false
제4대,2283,1959.05.12.,제4대국회 제32회(임시회) 제26차 국회본회의(전체회의) (1959.05.12.),0,0,0,0,0,0,0.0,0.0,false,0.2,0.4472135955042446,false,0.4,0.5477225575029109,false,2.8,6.260990336999412,false,0.2,0.44721359549995804,false,1.4,1.9493588689617927,false
제4대,2284,1959.05.13.,제4대국회 제32회(임시회) 제20차 국회운영위원회(전체회의) (1959.05.13.),0,0,0,0,0,0,0.0,0.0,false,0.2,0.4472135955042446,false,0.4,0.5477225575029109,false,2.8,6.260990336999412,false,0.2,0.44721359549995804,false,1.4,1.9493588689617927,false
제4대,2285,1959.05.13.,제4대국회 제32회(임시회) 제27차 국회본회의(전체회의) (1959.05.13.),1,0,0,0,0,0,0.0,0.0,true,0.2,0.4472135955042446,false,0.2,0.4472135954971986,false,0.0,1.1920928955078125e-7,false,0.0,9.930136612989092e-17,false,0.6,1.3416407864998725,false
제4대,2286,1959.05.14.,제4대국회 제32회(임시회) 제21차 국회운영위원회(전체회의) (1959.05.14.),11,0,0,0,0,1,0.2,0.4472135954993821,true,0.2,0.4472135955042446,false,0.0,0.0,false,0.0,1.1920928955078125e-7,false,0.0,9.930136612989092e-17,false,0.6,1.3416407864998725,false
제4대,2287,1959.05.14.,제4대국회 제32회(임시회) 제22차 국회운영위원회(전체회의) (1959.05.14.),1,0,0,0,0,2,2.4,4.827007354458819,false,0.2,0.4472135955042446,false,0.0,0.0,false,0.0,1.1920928955078125e-7,false,0.0,9.930136612989092e-17,false,0.2,0.4472135954999513,true
제4대,2288,1959.05.14.,제4대국회 제32회(임시회) 제28차 국회본회의(전체회의) (1959.05.14.),20,0,0,0,0,0,2.6,4.722287581246988,true,0.0,1.9588226781043177e-6,false,0.0,0.0,false,0.0,1.1920928955078125e-7,false,0.0,9.930136612989092e-17,false,0.6,0.8944271909999136,false
제4대,2289,1959.05.16.,제4대국회 제32회(임시회) 제23차 국회운영위원회(전체회의) (1959.05.16.),0,0,0,0,0,0,6.6,8.73498712076896,false,0.0,1.9588226781043177e-6,false,0.0,0.0,false,0.0,1.1920928955078125e-7,false,0.0,9.930136612989092e-17,false,0.6,0.8944271909999136,false
제4대,2290,1959.05.16.,제4대국회 제32회(임시회) 제29차 국회본회의(전체회의) (1959.05.16.),0,0,0,0,0,0,6.6,8.73498712076896,false,0.0,1.9588226781043177e-6,false,0.0,0.0,false,0.0,1.1920928955078125e-7,false,0.0,9.930136612989092e-17,false,0.6,0.8944271909999136,false
제4대,2291,1959.05.18.,제4대국회 제32회(임시회) 제30차 국회본회의(전체회의) (1959.05.18.),1,0,0,0,0,0,6.4,8.905054744357251,false,0.0,1.9588226781043177e-6,false,0.0,0.0,false,0.0,1.1920928955078125e-7,false,0.0,9.930136612989092e-17,false,0.6,0.8944271909999136,false
제4대,2292,1959.05.19.,제4대국회 제32회(임시회) 제31차 국회본회의(전체회의) (1959.05.19.),1,0,0,0,0,0,4.4,8.734987120768956,false,0.0,1.9588226781043177e-6,false,0.0,0.0,false,0.0,1.1920928955078125e-7,false,0.0,9.930136612989092e-17,false,0.4,0.8944271909999131,false
제4대,2293,1959.05.20.,제4대국회 제32회(임시회) 제32차 국회본회의(전체회의) (1959.05.20.),0,0,0,0,0,0,4.4,8.734987120768956,false,0.0,1.9588226781043177e-6,false,0.0,0.0,false,0.0,1.1920928955078125e-7,false,0.0,9.930136612989092e-17,false,0.0,0.0,false
제4대,2294,1959.05.21.,제4대국회 제32회(임시회) 제24차 국회운영위원회(전체회의) (1959.05.21.),0,0,0,0,0,0,0.4,0.5477225575046976,false,0.0,1.9588226781043177e-6,false,0.0,0.0,false,0.0,1.1920928955078125e-7,false,0.0,9.930136612989092e-17,false,0.0,0.0,false
제4대,2295,1959.05.21.,제4대국회 제32회(임시회) 제33차 국회본회의(전체회의) (1959.05.21.),0,0,0,0,0,0,0.4,0.5477225575046976,false,0.0,1.9588226781043177e-6,false,0.0,0.0,false,0.0,1.1920928955078125e-7,false,0.0,9.930136612989092e-17,false,0.0,0.0,false
제4대,2296,1959.05.22.,제4대국회 제32회(임시회) 제34차 국회본회의(전체회의) (1959.05.22.),2,0,0,0,0,5,0.4,0.5477225575046976,true,0.0,1.9588226781043177e-6,false,0.0,0.0,false,0.0,1.1920928955078125e-7,false,0.0,9.930136612989092e-17,false,0.0,0.0,true
제4대,2297,1959.05.23.,제4대국회 제32회(임시회) 제25차 국회운영위원회(전체회의) (1959.05.23.),0,0,0,0,0,0,0.6,0.8944271909996309,false,0.0,1.9588226781043177e-6,false,0.0,0.0,false,0.0,1.1920928955078125e-7,false,0.0,9.930136612989092e-17,false,1.0,2.2360679774997894,false
제4대,2298,1959.05.23.,제4대국회 제32회(임시회) 제35차 국회본회의(전체회의) (1959.05.23.),2,0,4,0,0,0,0.4,0.894427190999629,false,0.0,1.9588226781043177e-6,false,0.0,0.0,true,0.0,1.1920928955078125e-7,false,0.0,9.930136612989092e-17,false,1.0,2.2360679774997894,false
제4대,2299,1959.05.25.,제4대국회 제32회(임시회) 제26차 국회운영위원회(전체회의) (1959.05.25.),0,0,0,0,0,0,0.8,1.095445115010101,false,0.0,1.9588226781043177e-6,false,0.8,1.7888543819991398,false,0.0,1.1920928955078125e-7,false,0.0,9.930136612989092e-17,false,1.0,2.2360679774997894,false
제4대,2300,1959.05.25.,제4대국회 제32회(임시회) 제36차 국회본회의(전체회의) (1959.05.25.),0,0,0,0,0,0,0.8,1.095445115010101,false,0.0,1.9588226781043177e-6,false,0.8,1.7888543819991398,false,0.0,1.1920928955078125e-7,false,0.0,9.930136612989092e-17,false,1.0,2.2360679774997894,false
제4대,2301,1959.05.26.,제4대국회 제32회(임시회) 제1차 문교위원회(전체회의) (1959.05.26.),2,0,0,0,0,0,0.8,1.095445115010101,false,0.0,1.9588226781043177e-6,false,0.8,1.7888543819991398,false,0.0,1.1920928955078125e-7,false,0.0,9.930136612989092e-17,false,1.0,2.2360679774997894,false
제4대,2302,1959.05.26.,제4대국회 제32회(임시회) 제37차 국회본회의(전체회의) (1959.05.26.),0,0,0,0,0,0,0.8,1.095445115010101,false,0.0,1.9588226781043177e-6,false,0.8,1.7888543819991398,false,0.0,1.1920928955078125e-7,false,0.0,9.930136612989092e-17,false,0.0,0.0,false
제4대,2303,1959.05.27.,제4대국회 제32회(임시회) 제1차 내무위원회(전체회의) (1959.05.27.),2,0,0,0,0,0,0.8,1.095445115010101,false,0.0,1.9588226781043177e-6,false,0.8,1.7888543819991398,false,0.0,1.1920928955078125e-7,false,0.0,9.930136612989092e-17,false,0.0,0.0,false
제4대,2304,1959.05.27.,제4대국회 제32회(임시회) 제38차 국회본회의(전체회의) (1959.05.27.),0,0,0,0,0,0,0.8,1.095445115010101,false,0.0,1.9588226781043177e-6,false,0.0,0.0,false,0.0,1.1920928955078125e-7,false,0.0,9.930136612989092e-17,false,0.0,0.0,false
제4대,2305,1959.05.28.,제4대국회 제32회(임시회) 제1차 농림위원회(전체회의) (1959.05.28.),4,0,0,0,0,0,0.8,1.095445115010101,true,0.0,1.9588226781043177e-6,false,0.0,0.0,false,0.0,1.1920928955078125e-7,false,0.0,9.930136612989092e-17,false,0.0,0.0,false
제4대,2306,1959.05.28.,제4대국회 제32회(임시회) 제1차 부흥위원회(전체회의) (1959.05.28.),12,2,0,0,0,0,1.6,1.6733200530680037,true,0.0,1.9588226781043177e-6,true,0.0,0.0,false,0.0,1.1920928955078125e-7,false,0.0,9.930136612989092e-17,false,0.0,0.0,false
제4대,2307,1959.05.28.,제4대국회 제32회(임시회) 제27차 국회운영위원회(전체회의) (1959.05.28.),1,0,0,0,0,0,3.6,4.979959839195447,false,0.4,0.8944271910020576,false,0.0,0.0,false,0.0,1.1920928955078125e-7,false,0.0,9.930136612989092e-17,false,0.0,0.0,false
제4대,2308,1959.05.28.,제4대국회 제32회(임시회) 제2차 문교위원회(전체회의) (1959.05.28.),4,0,0,0,0,0,3.8,4.816637831516871,false,0.4,0.8944271910020576,false,0.0,0.0,false,0.0,1.1920928955078125e-7,false,0.0,9.930136612989092e-17,false,0.0,0.0,false
제4대,2309,1959.05.28.,제4대국회 제32회(임시회) 제39차 국회본회의(전체회의) (1959.05.28.),1,0,0,0,0,0,4.2,4.711687595755852,false,0.4,0.8944271910020576,false,0.0,0.0,false,0.0,1.1920928955078125e-7,false,0.0,9.930136612989092e-17,false,0.0,0.0,false
제4대,2310,1959.05.29.,제4대국회 제32회(임시회) 제2차 내무위원회(전체회의) (1959.05.29.),2,2,0,0,0,2,4.4,4.505552130427476,false,0.4,0.8944271910020576,false,0.0,0.0,false,0.0,1.1920928955078125e-7,false,0.0,9.930136612989092e-17,false,0.0,0.0,true
제4대,2311,1959.05.29.,제4대국회 제32회(임시회) 제2차 농림위원회(전체회의) (1959.05.29.),7,15,6,0,0,1,4.0,4.636809247747804,false,0.8,1.0954451150120783,true,0.0,0.0,true,0.0,1.1920928955078125e-7,false,0.0,9.930136612989092e-17,false,0.4,0.8944271909999131,false
제4대,2312,1959.05.29.,제4대국회 제32회(임시회) 제3차 문교위원회(전체회의) (1959.05.29.),0,0,0,0,0,0,3.0,2.5495097567963025,false,3.4,6.54217089351874,false,1.2,2.6832815729992854,false,0.0,1.1920928955078125e-7,false,0.0,9.930136612989092e-17,false,0.6,0.8944271909999136,false
제4대,2313,1959.05.30.,제4대국회 제32회(임시회) 제1차 재정경제위원회(전체회의) (1959.05.30.),13,11,1,0,0,10,2.8,2.774887385102238,true,3.4,6.54217089351874,false,1.2,2.6832815729992854,false,0.0,1.1920928955078125e-7,false,0.0,9.930136612989092e-17,false,0.6,0.8944271909999136,true
제4대,2314,1959.05.30.,제4대국회 제32회(임시회) 제28차 국회운영위원회(전체회의) (1959.05.30.),62,1,0,0,0,0,4.6,5.412947441089703,true,5.6,6.949820141557892,false,1.4,2.6076809620805834,false,0.0,1.1920928955078125e-7,false,0.0,9.930136612989092e-17,false,2.6,4.219004621945798,false
제4대,2315,1959.05.30.,제4대국회 제32회(임시회) 제3차 농림위원회(전체회의) (1959.05.30.),13,1,0,6,0,0,16.8,25.76237566685184,false,5.8,6.760177512462507,false,1.4,2.6076809620805834,false,0.0,1.1920928955078125e-7,true,0.0,9.930136612989092e-17,false,2.6,4.219004621945798,false
제4대,2316,1959.06.01.,제4대국회 제32회(임시회) 제2차 재정경제위원회(전체회의) (1959.06.01.),28,4,0,0,0,9,19.0,24.6272207120495,false,5.6,6.913754406977715,false,1.4,2.6076809620805834,false,1.2,2.6832815729997503,false,0.0,9.930136612989092e-17,false,2.2,4.381780460041329,false
제4대,2317,1959.06.02.,제4대국회 제32회(임시회) 제3차 재정경제위원회(전체회의) (1959.06.02.),23,18,1,0,0,0,23.2,23.84743172754668,false,3.4,4.505552130427946,true,0.2,0.4472135954972,false,1.2,2.6832815729997503,false,0.0,9.930136612989092e-17,false,3.8,5.21536192416212,false
제4대,2318,1959.06.03.,제4대국회 제32회(임시회) 제4차 농림위원회(전체회의) (1959.06.03.),3,1,1,0,0,0,27.8,20.191582404556613,false,7.0,7.382411530116954,false,0.4,0.5477225575029121,false,1.2,2.6832815729997503,false,0.0,9.930136612989092e-17,false,3.8,5.21536192416212,false
제4대,2319,1959.06.08.,제4대국회 제32회(임시회) 제29차 국회운영위원회(전체회의) (1959.06.08.),0,0,0,0,0,0,25.8,22.398660674245686,false,5.0,7.382411530116956,false,0.4,0.5477225575029121,false,1.2,2.6832815729997503,false,0.0,9.930136612989092e-17,false,1.8,4.024922359499621,false
제4대,2320,1959.06.08.,제4대국회 제32회(임시회) 제30차 국회운영위원회(전체회의) (1959.06.08.),3,1,0,0,0,0,13.4,12.17784874269671,false,4.8,7.529940238806931,false,0.4,0.5477225575029121,false,1.2,2.6832815729997503,false,0.0,9.930136612989092e-17,false,1.8,4.024922359499621,false
제4대,2321,1959.06.08.,제4대국회 제32회(임시회) 제40차 국회본회의(전체회의) (1959.06.08.),0,0,0,0,0,0,11.4,13.04990421420785,false,4.8,7.529940238806931,false,0.4,0.5477225575029121,false,0.0,1.1920928955078125e-7,false,0.0,9.930136612989092e-17,false,1.8,4.024922359499621,false
제4대,2322,1959.06.08.,제4대국회 제32회(임시회) 제4차 재정경제위원회(전체회의) (1959.06.08.),3,5,0,0,0,1,5.8,9.731392500562272,false,4.0,7.842193570679303,false,0.4,0.5477225575029121,false,0.0,1.1920928955078125e-7,false,0.0,9.930136612989092e-17,false,0.0,0.0,true
제4대,2323,1959.06.08.,제4대국회 제32회(임시회) 제5차 농림위원회(전체회의) (1959.06.08.),4,2,3,0,0,0,1.8,1.6431676725153497,false,1.4,2.073644135333696,false,0.2,0.4472135954972001,true,0.0,1.1920928955078125e-7,false,0.0,9.930136612989092e-17,false,0.2,0.4472135954999432,false
제4대,2324,1959.06.09.,제4대국회 제32회(임시회) 제2차 부흥위원회(전체회의) (1959.06.09.),9,5,0,0,0,24,2.0,1.8708286933868417,true,1.6,2.073644135333695,false,0.6,1.3416407864989526,false,0.0,1.1920928955078125e-7,false,0.0,9.930136612989092e-17,false,0.2,0.4472135954999432,true
제4대,2325,1959.06.09.,제4대국회 제32회(임시회) 제31차 국회운영위원회(전체회의) (1959.06.09.),0,0,0,0,0,0,3.8,3.2710854467591592,false,2.6,2.302172886645096,false,0.6,1.3416407864989526,false,0.0,1.1920928955078125e-7,false,0.0,9.930136612989092e-17,false,5.0,10.63014581273465,false
제4대,2326,1959.06.09.,제4대국회 제32회(임시회) 제41차 국회본회의(전체회의) (1959.06.09.),0,0,0,0,0,0,3.2,3.701351104664289,false,2.4,2.5099800796029874,false,0.6,1.3416407864989526,false,0.0,1.1920928955078125e-7,false,0.0,9.930136612989092e-17,false,5.0,10.63014581273465,false
제4대,2327,1959.06.09.,제4대국회 제32회(임시회) 제4차 문교위원회(전체회의) (1959.06.09.),1,0,0,0,0,0,3.2,3.701351104664289,false,2.4,2.5099800796029874,false,0.6,1.3416407864989526,false,0.0,1.1920928955078125e-7,false,0.0,9.930136612989092e-17,false,5.0,10.63014581273465,false
제4대,2328,1959.06.09.,제4대국회 제32회(임시회) 제5차 재정경제위원회(전체회의) (1959.06.09.),1,6,10,0,0,0,2.8,3.834057902536103,false,1.4,2.1908902300215387,true,0.6,1.3416407864989526,true,0.0,1.1920928955078125e-7,false,0.0,9.930136612989092e-17,false,4.8,10.73312629199899,false
제4대,2329,1959.06.10.,제4대국회 제32회(임시회) 제32차 국회운영위원회(전체회의) (1959.06.10.),0,0,0,0,0,0,2.2,3.8340579025361006,false,2.2,3.0331501776212497,false,2.0,4.472135954999301,false,0.0,1.1920928955078125e-7,false,0.0,9.930136612989092e-17,false,4.8,10.73312629199899,false
제4대,2330,1959.06.10.,제4대국회 제32회(임시회) 제3차 부흥위원회(전체회의) (1959.06.10.),5,2,1,0,0,3,0.4,0.5477225575046836,true,1.2,2.6832815730004618,false,2.0,4.472135954999301,false,0.0,1.1920928955078125e-7,false,0.0,9.930136612989092e-17,false,0.0,0.0,true
제4대,2331,1959.06.10.,제4대국회 제32회(임시회) 제42차 국회본회의(전체회의) (1959.06.10.),1,0,0,0,0,0,1.4,2.0736441353326516,false,1.6,2.607680962081793,false,2.2,4.3817804600410435,false,0.0,1.1920928955078125e-7,false,0.0,9.930136612989092e-17,false,0.6,1.3416407864998692,false
제4대,2332,1959.06.10.,제4대국회 제32회(임시회) 제5차 문교위원회(전체회의) (1959.06.10.),0,0,0,0,0,0,1.6,1.9493588689616659,false,1.6,2.607680962081793,false,2.2,4.3817804600410435,false,0.0,1.1920928955078125e-7,false,0.0,9.930136612989092e-17,false,0.6,1.3416407864998692,false
제4대,2333,1959.06.10.,제4대국회 제32회(임시회) 제6차 농림위원회(전체회의) (1959.06.10.),0,0,0,0,0,0,1.4,2.0736441353326516,false,1.6,2.607680962081793,false,2.2,4.3817804600410435,false,0.0,1.1920928955078125e-7,false,0.0,9.930136612989092e-17,false,0.6,1.3416407864998692,false
제4대,2334,1959.06.10.,제4대국회 제32회(임시회) 제6차 재정경제위원회(전체회의) (1959.06.10.),4,12,0,0,0,0,1.2,2.167948338867763,false,0.4,0.894427191002064,true,0.2,0.4472135954971941,false,0.0,1.1920928955078125e-7,false,0.0,9.930136612989092e-17,false,0.6,1.3416407864998692,false
제4대,2335,1959.06.11.,제4대국회 제32회(임시회) 제1차 국방위원회(전체회의) (1959.06.11.),3,0,0,0,0,0,2.0,2.345207879911612,false,2.8,5.215361924162484,false,0.2,0.4472135954971941,false,0.0,1.1920928955078125e-7,false,0.0,9.930136612989092e-17,false,0.6,1.3416407864998692,false
제4대,2336,1959.06.11.,제4대국회 제32회(임시회) 제1차 사회보건위원회(전체회의) (1959.06.11.),2,2,121,0,0,0,1.6,1.8165902124583588,false,2.4,5.366563145999851,false,0.0,0.0,true,0.0,1.1920928955078125e-7,false,0.0,9.930136612989092e-17,false,0.0,0.0,false
제4대,2337,1959.06.11.,제4대국회 제32회(임시회) 제4차 부흥위원회(전체회의) (1959.06.11.),13,4,4,0,0,7,1.8,1.7888543819996952,true,2.8,5.215361924162484,false,24.2,54.11284505549489,false,0.0,1.1920928955078125e-7,false,0.0,9.930136612989092e-17,false,0.0,0.0,true
제4대,2338,1959.06.11.,제4대국회 제32회(임시회) 제7차 농림위원회(전체회의) (1959.06.11.),13,0,1,0,0,0,4.4,5.029910535983676,false,3.6,4.979959839195875,false,25.0,53.693575034635174,false,0.0,1.1920928955078125e-7,false,0.0,9.930136612989092e-17,false,1.4,3.1304951684997038,false
제4대,2339,1959.06.11.,제4대국회 제32회(임시회) 제7차 재정경제위원회(전체회의) (1959.06.11.),1,0,0,0,0,0,7.0,5.5226805085935995,false,3.6,4.979959839195875,false,25.2,53.578913762785426,false,0.0,1.1920928955078125e-7,false,0.0,9.930136612989092e-17,false,1.4,3.1304951684997038,false
제4대,2340,1959.06.12.,제4대국회 제32회(임시회) 제2차 국방위원회(전체회의) (1959.06.12.),3,0,0,0,0,0,6.4,6.066300355241211,false,1.2,1.7888543820009022,false,25.2,53.578913762785426,false,0.0,1.1920928955078125e-7,false,0.0,9.930136612989092e-17,false,1.4,3.1304951684997038,false
제4대,2341,1959.06.12.,제4대국회 제32회(임시회) 제8차 재정경제위원회(전체회의) (1959.06.12.),0,0,0,0,0,10,6.4,6.066300355241211,false,1.2,1.7888543820009022,false,25.2,53.578913762785426,false,0.0,1.1920928955078125e-7,false,0.0,9.930136612989092e-17,false,1.4,3.1304951684997038,true
제4대,2342,1959.06.15.,제4대국회 제32회(임시회) 제33차 국회운영위원회(전체회의) (1959.06.15.),0,0,0,0,0,0,6.0,6.480740698407832,false,0.8,1.7888543820009037,false,1.0,1.732050807568222,false,0.0,1.1920928955078125e-7,false,0.0,9.930136612989092e-17,false,3.4,4.774934554525329,false
제4대,2343,1959.06.15.,제4대국회 제32회(임시회) 제3차 내무위원회(전체회의) (1959.06.15.),1,0,0,0,0,0,3.4,5.504543577809113,false,0.0,1.9608478724474883e-6,false,0.2,0.44721359549743256,false,0.0,1.1920928955078125e-7,false,0.0,9.930136612989092e-17,false,2.0,4.472135954999579,false
제4대,2344,1959.06.15.,제4대국회 제32회(임시회) 제43차 국회본회의(전체회의) (1959.06.15.),1,0,0,0,0,0,1.0,1.2247448713913787,false,0.0,1.9608478724474883e-6,false,0.0,0.0,false,0.0,1.1920928955078125e-7,false,0.0,9.930136612989092e-17,false,2.0,4.472135954999579,false
제4대,2345,1959.06.15.,제4대국회 제32회(임시회) 제8차 농림위원회(전체회의) (1959.06.15.),0,0,0,0,0,0,1.0,1.2247448713913787,false,0.0,1.9608478724474883e-6,false,0.0,0.0,false,0.0,1.1920928955078125e-7,false,0.0,9.930136612989092e-17,false,2.0,4.472135954999579,false
제4대,2346,1959.06.16.,제4대국회 제32회(임시회) 제1차 상공위원회(전체회의) (1959.06.16.),2,0,0,0,0,0,0.4,0.5477225575046801,true,0.0,1.9608478724474883e-6,false,0.0,0.0,false,0.0,1.1920928955078125e-7,false,0.0,9.930136612989092e-17,false,2.0,4.472135954999579,false
제4대,2347,1959.06.16.,제4대국회 제32회(임시회) 제34차 국회운영위원회(전체회의) (1959.06.16.),9,0,0,0,0,0,0.8,0.8366600265337641,true,0.0,1.9608478724474883e-6,false,0.0,0.0,false,0.0,1.1920928955078125e-7,false,0.0,9.930136612989092e-17,false,0.0,0.0,false
제4대,2348,1959.06.16.,제4대국회 제32회(임시회) 제44차 국회본회의(전체회의) (1959.06.16.),0,0,0,0,0,0,2.6,3.646916505762029,false,0.0,1.9608478724474883e-6,false,0.0,0.0,false,0.0,1.1920928955078125e-7,false,0.0,9.930136612989092e-17,false,0.0,0.0,false
제4대,2349,1959.06.16.,제4대국회 제32회(임시회) 제9차 농림위원회(전체회의) (1959.06.16.),0,0,0,0,0,0,2.4,3.7815340802377446,false,0.0,1.9608478724474883e-6,false,0.0,0.0,false,0.0,1.1920928955078125e-7,false,0.0,9.930136612989092e-17,false,0.0,0.0,false
제4대,2350,1959.06.17.,제4대국회 제32회(임시회) 제10차 농림위원회(전체회의) (1959.06.17.),0,0,0,0,0,0,2.2,3.898717737923524,false,0.0,1.9608478724474883e-6,false,0.0,0.0,false,0.0,1.1920928955078125e-7,false,0.0,9.930136612989092e-17,false,0.0,0.0,false
제4대,2351,1959.06.17.,제4대국회 제32회(임시회) 제2차 상공위원회(전체회의) (1959.06.17.),1,0,0,0,0,0,2.2,3.898717737923524,false,0.0,1.9608478724474883e-6,false,0.0,0.0,false,0.0,1.1920928955078125e-7,false,0.0,9.930136612989092e-17,false,0.0,0.0,false
제4대,2352,1959.06.17.,제4대국회 제32회(임시회) 제35차 국회운영위원회(전체회의) (1959.06.17.),3,0,0,0,0,0,2.0,3.937003937005844,false,0.0,1.9608478724474883e-6,false,0.0,0.0,false,0.0,1.1920928955078125e-7,false,0.0,9.930136612989092e-17,false,0.0,0.0,false
제4대,2353,1959.06.17.,제4대국회 제32회(임시회) 제45차 국회본회의(전체회의) (1959.06.17.),1,0,0,0,0,0,0.8,1.30384048104033,false,0.0,1.9608478724474883e-6,false,0.0,0.0,false,0.0,1.1920928955078125e-7,false,0.0,9.930136612989092e-17,false,0.0,0.0,false
제4대,2354,1959.06.19.,제4대국회 제32회(임시회) 제36차 국회운영위원회(전체회의) (1959.06.19.),0,0,0,0,0,0,1.0,1.2247448713913787,false,0.0,1.9608478724474883e-6,false,0.0,0.0,false,0.0,1.1920928955078125e-7,false,0.0,9.930136612989092e-17,false,0.0,0.0,false
제4대,2355,1959.06.19.,제4대국회 제32회(임시회) 제3차 상공위원회(전체회의) (1959.06.19.),11,4,3,0,0,2,1.0,1.2247448713913787,true,0.0,1.9608478724474883e-6,true,0.0,0.0,true,0.0,1.1920928955078125e-7,false,0.0,9.930136612989092e-17,false,0.0,0.0,true
제4대,2356,1959.06.19.,제4대국회 제32회(임시회) 제46차 국회본회의(전체회의) (1959.06.19.),0,0,0,0,0,0,3.2,4.494441010848796,false,0.8,1.7888543820009037,false,0.6,1.3416407864990298,false,0.0,1.1920928955078125e-7,false,0.0,9.930136612989092e-17,false,0.4,0.8944271909999087,false
제4대,2357,1959.06.22.,제4대국회 제32회(임시회) 제3차 국방위원회(전체회의) (1959.06.22.),1,0,0,0,0,0,3.0,4.636809247747802,false,0.8,1.7888543820009037,false,0.6,1.3416407864990298,false,0.0,1.1920928955078125e-7,false,0.0,9.930136612989092e-17,false,0.4,0.8944271909999087,false
제4대,2358,1959.06.22.,제4대국회 제32회(임시회) 제47차 국회본회의(전체회의) (1959.06.22.),0,0,0,0,0,0,2.6,4.722287581246988,false,0.8,1.7888543820009037,false,0.6,1.3416407864990298,false,0.0,1.1920928955078125e-7,false,0.0,9.930136612989092e-17,false,0.4,0.8944271909999087,false
제4대,2359,1959.06.23.,제4대국회 제32회(임시회) 제2차 사회보건위원회(전체회의) (1959.06.23.),0,0,21,0,0,0,2.4,4.827007354458819,false,0.8,1.7888543820009037,false,0.6,1.3416407864990298,true,0.0,1.1920928955078125e-7,false,0.0,9.930136612989092e-17,false,0.4,0.8944271909999087,false
제4대,2360,1959.06.24.,제4대국회 제32회(임시회) 제11차 농림위원회(전체회의) (1959.06.24.),0,0,0,0,0,0,2.4,4.827007354458819,false,0.8,1.7888543820009037,false,4.8,9.148770409186017,false,0.0,1.1920928955078125e-7,false,0.0,9.930136612989092e-17,false,0.4,0.8944271909999087,false
제4대,2361,1959.06.26.,제4대국회 제32회(임시회) 제1차 외국투자촉진법안에대한좌담회(전체회의) (1959.06.26.),39,7,2,0,0,11,0.2,0.4472135954993526,true,0.0,1.9608478724474883e-6,true,4.2,9.391485505498993,false,0.0,1.1920928955078125e-7,false,0.0,9.930136612989092e-17,false,0.0,0.0,true
제4대,2362,1959.06.26.,제4대국회 제32회(임시회) 제37차 국회운영위원회(전체회의) (1959.06.26.),0,0,0,0,0,0,8.0,17.334935823359707,false,1.4,3.1304951685003166,false,4.6,9.208691546576945,false,0.0,1.1920928955078125e-7,false,0.0,9.930136612989092e-17,false,2.2,4.919349550499536,false
제4대,2363,1959.06.27.,제4대국회 제32회(임시회) 제38차 국회운영위원회(전체회의) (1959.06.27.),0,0,0,0,0,0,7.8,17.44133022449835,false,1.4,3.1304951685003166,false,4.6,9.208691546576945,false,0.0,1.1920928955078125e-7,false,0.0,9.930136612989092e-17,false,2.2,4.919349550499536,false
제4대,2364,1959.07.01.,제4대국회 제32회(임시회) 제39차 국회운영위원회(전체회의) (1959.07.01.),0,0,0,0,0,0,7.8,17.44133022449835,false,1.4,3.1304951685003166,false,4.6,9.208691546576945,false,0.0,1.1920928955078125e-7,false,0.0,9.930136612989092e-17,false,2.2,4.919349550499536,false
제4대,2365,1959.07.01.,제4대국회 제32회(임시회) 제48차 국회본회의(전체회의) (1959.07.01.),0,0,0,0,0,0,7.8,17.44133022449835,false,1.4,3.1304951685003166,false,0.4,0.8944271909986535,false,0.0,1.1920928955078125e-7,false,0.0,9.930136612989092e-17,false,2.2,4.919349550499536,false
제4대,2366,1959.07.02.,제4대국회 제32회(임시회) 제40차 국회운영위원회(전체회의) (1959.07.02.),0,0,0,0,0,0,7.8,17.44133022449835,false,1.4,3.1304951685003166,false,0.4,0.8944271909986535,false,0.0,1.1920928955078125e-7,false,0.0,9.930136612989092e-17,false,2.2,4.919349550499536,false
제4대,2367,1959.07.02.,제4대국회 제32회(임시회) 제49차 국회본회의(전체회의) (1959.07.02.),0,1,0,0,0,0,0.0,0.0,false,0.0,1.960621381211105e-6,true,0.0,0.0,false,0.0,1.1920928955078125e-7,false,0.0,9.930136612989092e-17,false,0.0,0.0,false
제4대,2368,1959.07.03.,제4대국회 제32회(임시회) 제41차 국회운영위원회(전체회의) (1959.07.03.),0,0,0,0,0,0,0.0,0.0,false,0.2,0.44721359550425294,false,0.0,0.0,false,0.0,1.1920928955078125e-7,false,0.0,9.930136612989092e-17,false,0.0,0.0,false
제4대,2369,1959.07.03.,제4대국회 제32회(임시회) 제42차 국회운영위원회(전체회의) (1959.07.03.),15,0,0,0,0,0,0.0,0.0,true,0.2,0.44721359550425294,false,0.0,0.0,false,0.0,1.1920928955078125e-7,false,0.0,9.930136612989092e-17,false,0.0,0.0,false
제4대,2370,1959.07.03.,제4대국회 제32회(임시회) 제4차 국방위원회(전체회의) (1959.07.03.),0,0,0,0,0,0,3.0,6.708203932499333,false,0.2,0.44721359550425294,false,0.0,0.0,false,0.0,1.1920928955078125e-7,false,0.0,9.930136612989092e-17,false,0.0,0.0,false
제4대,2371,1959.07.03.,제4대국회 제32회(임시회) 제50차 국회본회의(전체회의) (1959.07.03.),0,0,0,0,0,0,3.0,6.708203932499333,false,0.2,0.44721359550425294,false,0.0,0.0,false,0.0,1.1920928955078125e-7,false,0.0,9.930136612989092e-17,false,0.0,0.0,false
제4대,2372,1959.07.04.,제4대국회 제32회(임시회) 제43차 국회운영위원회(전체회의) (1959.07.04.),0,0,0,0,0,0,3.0,6.708203932499333,false,0.2,0.44721359550425294,false,0.0,0.0,false,0.0,1.1920928955078125e-7,false,0.0,9.930136612989092e-17,false,0.0,0.0,false
제4대,2373,1959.07.04.,제4대국회 제32회(임시회) 제51차 국회본회의(전체회의) (1959.07.04.),0,0,0,0,0,0,3.0,6.708203932499333,false,0.0,1.960621381211105e-6,false,0.0,0.0,false,0.0,1.1920928955078125e-7,false,0.0,9.930136612989092e-17,false,0.0,0.0,false
제4대,2374,1959.07.06.,제4대국회 제32회(임시회) 제44차 국회운영위원회(전체회의) (1959.07.06.),0,0,0,0,0,0,3.0,6.708203932499333,false,0.0,1.960621381211105e-6,false,0.0,0.0,false,0.0,1.1920928955078125e-7,false,0.0,9.930136612989092e-17,false,0.0,0.0,false
제4대,2375,1959.07.06.,제4대국회 제32회(임시회) 제52차 국회본회의(전체회의) (1959.07.06.),0,1,0,0,0,0,0.0,0.0,false,0.0,1.960621381211105e-6,true,0.0,0.0,false,0.0,1.1920928955078125e-7,false,0.0,9.930136612989092e-17,false,0.0,0.0,false
제4대,2376,1959.07.07.,제4대국회 제32회(임시회) 제45차 국회운영위원회(전체회의) (1959.07.07.),0,0,0,0,0,0,0.0,0.0,false,0.2,0.44721359550425294,false,0.0,0.0,false,0.0,1.1920928955078125e-7,false,0.0,9.930136612989092e-17,false,0.0,0.0,false
제4대,2377,1959.07.07.,제4대국회 제32회(임시회) 제53차 국회본회의(전체회의) (1959.07.07.),0,1,0,0,0,0,0.0,0.0,false,0.2,0.44721359550425294,false,0.0,0.0,false,0.0,1.1920928955078125e-7,false,0.0,9.930136612989092e-17,false,0.0,0.0,false
제4대,2378,1959.07.08.,제4대국회 제32회(임시회) 제12차 농림위원회(전체회의) (1959.07.08.),0,0,0,0,0,0,0.0,0.0,false,0.4,0.5477225575086707,false,0.0,0.0,false,0.0,1.1920928955078125e-7,false,0.0,9.930136612989092e-17,false,0.0,0.0,false
제4대,2379,1959.07.08.,제4대국회 제32회(임시회) 제3차 사회보건위원회(전체회의) (1959.07.08.),5,10,184,0,1,0,0.0,0.0,true,0.4,0.5477225575086707,true,0.0,0.0,true,0.0,1.1920928955078125e-7,false,0.0,9.930136612989092e-17,true,0.0,0.0,false
제4대,2380,1959.07.08.,제4대국회 제32회(임시회) 제4차 내무위원회(전체회의) (1959.07.08.),0,0,0,0,0,0,1.0,2.236067977499669,false,2.4,4.277849927241933,false,36.8,82.28730157199224,false,0.0,1.1920928955078125e-7,false,0.2,0.44721359549995804,false,0.0,0.0,false
제4대,2381,1959.07.09.,제4대국회 제32회(임시회) 제5차 내무위원회(전체회의) (1959.07.09.),0,0,0,0,0,0,1.0,2.236067977499669,false,2.2,4.381780460041764,false,36.8,82.28730157199224,false,0.0,1.1920928955078125e-7,false,0.2,0.44721359549995804,false,0.0,0.0,false
제4대,2382,1959.07.13.,제4대국회 제32회(임시회) 제6차 문교위원회(전체회의) (1959.07.13.),1,0,0,0,1,1,1.0,2.236067977499669,false,2.2,4.381780460041764,false,36.8,82.28730157199224,false,0.0,1.1920928955078125e-7,false,0.2,0.44721359549995804,false,0.0,0.0,true
제4대,2383,1959.07.16.,제4대국회 제32회(임시회) 제46차 국회운영위원회(전체회의) (1959.07.16.),0,0,0,0,0,0,1.2,2.1679483388677565,false,2.0,4.472135955000007,false,36.8,82.28730157199224,false,0.0,1.1920928955078125e-7,false,0.4,0.5477225575051663,false,0.2,0.44721359549994283,false
제4대,2384,1959.07.16.,제4대국회 제32회(임시회) 제54차 국회본회의(전체회의) (1959.07.16.),1,0,3,0,0,0,1.2,2.1679483388677565,false,2.0,4.472135955000007,false,36.8,82.28730157199224,false,0.0,1.1920928955078125e-7,false,0.4,0.5477225575051663,false,0.2,0.44721359549994283,false
제4대,2385,1959.07.18.,제4대국회 제32회(임시회) 폐회식 국회본회의(전체회의) (1959.07.18.),1,0,0,0,0,1,0.4,0.5477225575046576,false,0.0,1.9615271892433564e-6,false,0.6,1.3416407864991926,false,0.0,1.1920928955078125e-7,false,0.2,0.44721359549995804,false,0.2,0.44721359549994283,false
제4대,2386,1959.09.01.,제4대국회 제33회(정기회) 개회식 국회본회의(전체회의) (1959.09.01.),0,0,0,0,0,1,0.6,0.5477225575046627,false,0.0,1.9615271892433564e-6,false,0.6,1.3416407864991926,false,0.0,1.1920928955078125e-7,false,0.2,0.44721359549995804,false,0.4,0.5477225575051544,false
제4대,2387,1959.09.02.,제4대국회 제33회(정기회) 제1차 국회본회의(전체회의) (1959.09.02.),0,0,0,0,0,0,0.6,0.5477225575046627,false,0.0,1.9615271892433564e-6,false,0.6,1.3416407864991926,false,0.0,1.1920928955078125e-7,false,0.2,0.44721359549995804,false,0.6,0.5477225575051551,false
제4대,2388,1959.09.08.,제4대국회 제33회(정기회) 제2차 국회본회의(전체회의) (1959.09.08.),0,0,0,0,0,0,0.4,0.5477225575046576,false,0.0,1.9615271892433564e-6,false,0.6,1.3416407864991926,false,0.0,1.1920928955078125e-7,false,0.0,0.0,false,0.4,0.5477225575051544,false
제4대,2389,1959.09.10.,제4대국회 제33회(정기회) 제3차 국회본회의(전체회의) (1959.09.10.),0,0,0,0,0,0,0.4,0.5477225575046576,false,0.0,1.9615271892433564e-6,false,0.6,1.3416407864991926,false,0.0,1.1920928955078125e-7,false,0.0,0.0,false,0.4,0.5477225575051544,false
제4대,2390,1959.09.16.,제4대국회 제33회(정기회) 제4차 국회본회의(전체회의) (1959.09.16.),0,0,0,0,0,0,0.2,0.44721359549932876,false,0.0,1.9615271892433564e-6,false,0.0,0.0,false,0.0,1.1920928955078125e-7,false,0.0,0.0,false,0.4,0.5477225575051544,false
제4대,2391,1959.09.22.,제4대국회 제33회(정기회) 제5차 국회본회의(전체회의) (1959.09.22.),0,0,0,0,0,0,0.0,0.0,false,0.0,1.9615271892433564e-6,false,0.0,0.0,false,0.0,1.1920928955078125e-7,false,0.0,0.0,false,0.2,0.44721359549994283,false
제4대,2392,1959.09.23.,제4대국회 제33회(정기회) 제6차 국회본회의(전체회의) (1959.09.23.),0,0,0,0,0,0,0.0,0.0,false,0.0,1.9615271892433564e-6,false,0.0,0.0,false,0.0,1.1920928955078125e-7,false,0.0,0.0,false,0.0,0.0,false
제4대,2393,1959.10.01.,제4대국회 1959년도 국정감사 국방위원회(전체회의) (1959.10.01.),0,0,0,0,0,0,0.0,0.0,false,0.0,1.9615271892433564e-6,false,0.0,0.0,false,0.0,1.1920928955078125e-7,false,0.0,0.0,false,0.0,0.0,false
제4대,2394,1959.10.01.,제4대국회 1959년도 국정감사 국방위원회(전체회의) (1959.10.01.)_20652,0,0,0,0,0,0,0.0,0.0,false,0.0,1.9615271892433564e-6,false,0.0,0.0,false,0.0,1.1920928955078125e-7,false,0.0,0.0,false,0.0,0.0,false
제4대,2395,1959.10.01.,제4대국회 1959년도 국정감사 국방위원회(전체회의) (1959.10.01.)_20653,18,0,0,1,0,0,0.0,0.0,true,0.0,1.9615271892433564e-6,false,0.0,0.0,false,0.0,1.1920928955078125e-7,true,0.0,0.0,false,0.0,0.0,false
제4대,2396,1959.10.05.,제4대국회 제33회(정기회) 제7차 국회본회의(전체회의) (1959.10.05.),0,0,0,0,0,0,3.6,8.049844718999214,false,0.0,1.9615271892433564e-6,false,0.0,0.0,false,0.2,0.44721359549997386,false,0.0,0.0,false,0.0,0.0,false
제4대,2397,1959.10.06.,제4대국회 제33회(정기회) 제1차 태풍재해대책특별위원회(전체회의) (1959.10.06.),1,0,0,1,0,2,3.6,8.049844718999214,false,0.0,1.9615271892433564e-6,false,0.0,0.0,false,0.2,0.44721359549997386,false,0.0,0.0,false,0.0,0.0,true
제4대,2398,1959.10.07.,제4대국회 제33회(정기회) 제2차 태풍재해대책특별위원회(전체회의) (1959.10.07.),9,0,0,0,0,1,3.8,7.949842765740687,false,0.0,1.9615271892433564e-6,false,0.0,0.0,false,0.4,0.5477225575051791,false,0.0,0.0,false,0.4,0.8944271909999087,false
제4대,2399,1959.10.08.,제4대국회 제33회(정기회) 제3차 태풍재해대책특별위원회(전체회의) (1959.10.08.),1,0,0,0,0,0,5.6,7.89303490426842,false,0.0,1.9615271892433564e-6,false,0.0,0.0,false,0.4,0.5477225575051791,false,0.0,0.0,false,0.6,0.8944271909999091,false
제4대,2400,1959.10.08.,제4대국회 제33회(정기회) 제3차 태풍재해대책특별위원회(전체회의) (1959.10.08.)_8725,1,0,0,0,0,0,5.8,7.726577508832717,false,0.0,1.9615271892433564e-6,false,0.0,0.0,false,0.4,0.5477225575051791,false,0.0,0.0,false,0.6,0.8944271909999091,false
제4대,2401,1959.10.13.,제4대국회 제33회(정기회) 제8차 국회본회의(전체회의) (1959.10.13.),0,0,0,0,0,0,2.4,3.7148351242012736,false,0.0,1.9615271892433564e-6,false,0.0,0.0,false,0.2,0.44721359549997386,false,0.0,0.0,false,0.6,0.8944271909999091,false
제4대,2402,1959.10.14.,제4대국회 제33회(정기회) 제9차 국회본회의(전체회의) (1959.10.14.),0,0,0,0,0,0,2.4,3.7148351242012736,false,0.0,1.9615271892433564e-6,false,0.0,0.0,false,0.2,0.44721359549997386,false,0.0,0.0,false,0.6,0.8944271909999091,false
제4대,2403,1959.10.15.,제4대국회 제33회(정기회) 제10차 국회본회의(전체회의) (1959.10.15.),1,5,1,1,0,0,2.2,3.8340579025360957,false,0.0,1.9615271892433564e-6,true,0.0,0.0,true,0.0,1.1920928955078125e-7,true,0.0,0.0,false,0.2,0.44721359549994283,false
제4대,2404,1959.10.15.,제4대국회 제33회(정기회) 제1차 국회운영위원회(전체회의) (1959.10.15.),0,0,0,0,0,0,0.6,0.5477225575046547,false,1.0,2.2360679775006473,false,0.2,0.44721359549792106,false,0.2,0.44721359549997386,false,0.0,0.0,false,0.0,0.0,false
제4대,2405,1959.10.16.,제4대국회 제33회(정기회) 제11차 국회본회의(전체회의) (1959.10.16.),0,0,0,0,0,0,0.4,0.5477225575046494,false,1.0,2.2360679775006473,false,0.2,0.44721359549792106,false,0.2,0.44721359549997386,false,0.0,0.0,false,0.0,0.0,false
제4대,2406,1959.10.16.,제4대국회 제33회(정기회) 제2차 국회운영위원회(전체회의) (1959.10.16.),0,0,0,0,0,0,0.2,0.4472135954993186,false,1.0,2.2360679775006473,false,0.2,0.44721359549792106,false,0.2,0.44721359549997386,false,0.0,0.0,false,0.0,0.0,false
제4대,2407,1959.10.17.,제4대국회 제33회(정기회) 제12차 국회본회의(전체회의) (1959.10.17.),0,1,0,0,0,0,0.2,0.4472135954993186,false,1.0,2.2360679775006473,false,0.2,0.44721359549792106,false,0.2,0.44721359549997386,false,0.0,0.0,false,0.0,0.0,false
제4대,2408,1959.10.17.,제4대국회 제33회(정기회) 제3차 국회운영위원회(전체회의) (1959.10.17.),0,0,0,0,0,0,0.2,0.4472135954993186,false,1.2,2.1679483388687637,false,0.2,0.44721359549792106,false,0.2,0.44721359549997386,false,0.0,0.0,false,0.0,0.0,false
제4대,2409,1959.10.19.,제4대국회 제33회(정기회) 제4차 국회운영위원회(전체회의) (1959.10.19.),4,0,0,0,0,0,0.0,0.0,true,0.2,0.4472135955042574,false,0.0,0.0,false,0.0,1.1920928955078125e-7,false,0.0,0.0,false,0.0,0.0,false
제4대,2410,1959.10.20.,제4대국회 1959년도 국정감사 국방위원회(전체회의) (1959.10.20.),0,0,0,0,0,0,0.8,1.7888543819996767,false,0.2,0.4472135955042574,false,0.0,0.0,false,0.0,1.1920928955078125e-7,false,0.0,0.0,false,0.0,0.0,false
제4대,2411,1959.10.20.,제4대국회 1959년도 국정감사 국방위원회(전체회의) (1959.10.20.)_20644,0,0,0,0,0,0,0.8,1.7888543819996767,false,0.2,0.4472135955042574,false,0.0,0.0,false,0.0,1.1920928955078125e-7,false,0.0,0.0,false,0.0,0.0,false
제4대,2412,1959.10.20.,제4대국회 1959년도 국정감사 국방위원회(전체회의) (1959.10.20.)_20645,0,0,0,0,0,0,0.8,1.7888543819996767,false,0.2,0.4472135955042574,false,0.0,0.0,false,0.0,1.1920928955078125e-7,false,0.0,0.0,false,0.0,0.0,false
제4대,2413,1959.10.20.,제4대국회 1959년도 국정감사 내무위원회(전체회의) (1959.10.20.),10,0,0,0,0,0,0.8,1.7888543819996767,true,0.0,1.96165453495309e-6,false,0.0,0.0,false,0.0,1.1920928955078125e-7,false,0.0,0.0,false,0.0,0.0,false
제4대,2414,1959.10.21.,제4대국회 1959년도 국정감사 국방위원회(전체회의) (1959.10.21.),0,0,0,0,0,0,2.8,4.381780460041273,false,0.0,1.96165453495309e-6,false,0.0,0.0,false,0.0,1.1920928955078125e-7,false,0.0,0.0,false,0.0,0.0,false
제4대,2415,1959.10.23.,제4대국회 1959년도 국정감사 국방위원회(전체회의) (1959.10.23.),0,0,0,0,0,0,2.0,4.472135954999521,false,0.0,1.96165453495309e-6,false,0.0,0.0,false,0.0,1.1920928955078125e-7,false,0.0,0.0,false,0.0,0.0,false
제4대,2416,1959.10.23.,제4대국회 1959년도 국정감사 국방위원회(전체회의) (1959.10.23.)_20648,0,0,0,0,0,0,2.0,4.472135954999521,false,0.0,1.96165453495309e-6,false,0.0,0.0,false,0.0,1.1920928955078125e-7,false,0.0,0.0,false,0.0,0.0,false
제4대,2417,1959.10.24.,제4대국회 1959년도 국정감사 국방위원회(전체회의) (1959.10.24.),0,0,0,0,0,0,2.0,4.472135954999521,false,0.0,1.96165453495309e-6,false,0.0,0.0,false,0.0,1.1920928955078125e-7,false,0.0,0.0,false,0.0,0.0,false
제4대,2418,1959.10.26.,제4대국회 1959년도 국정감사 내무위원회(전체회의) (1959.10.26.),10,0,0,0,0,0,2.0,4.472135954999521,false,0.0,1.96165453495309e-6,false,0.0,0.0,false,0.0,1.1920928955078125e-7,false,0.0,0.0,false,0.0,0.0,false
제4대,2419,1959.10.29.,제4대국회 1959년도 국정감사 국방위원회(전체회의) (1959.10.29.),1,0,0,1,0,0,2.0,4.472135954999521,false,0.0,1.96165453495309e-6,false,0.0,0.0,false,0.0,1.1920928955078125e-7,true,0.0,0.0,false,0.0,0.0,false
제4대,2420,1959.11.02.,제4대국회 1959년도 국정감사 국방위원회(전체회의) (1959.11.02.),16,0,2,1,0,0,2.2,4.381780460041271,true,0.0,1.96165453495309e-6,false,0.0,0.0,true,0.2,0.44721359549997386,false,0.0,0.0,false,0.0,0.0,false
제4대,2421,1959.11.04.,제4대국회 1959년도 국정감사 교통체신위원회(전체회의) (1959.11.04.),15,0,1,0,0,1,5.4,7.266360849833951,false,0.0,1.96165453495309e-6,false,0.4,0.8944271909988958,false,0.4,0.5477225575051791,false,0.0,0.0,false,0.0,0.0,true
제4대,2422,1959.11.04.,제4대국회 1959년도 국정감사 국방위원회(전체회의) (1959.11.04.),6,0,6,0,0,0,8.4,7.569676347110203,false,0.0,1.96165453495309e-6,false,0.6,0.8944271909988942,true,0.4,0.5477225575051791,false,0.0,0.0,false,0.2,0.44721359549994283,false
제4대,2423,1959.11.04.,제4대국회 1959년도 국정감사 국방위원회(전체회의) (1959.11.04.)_20656,17,0,0,1,0,0,9.6,6.268971207462968,false,0.0,1.96165453495309e-6,false,1.8,2.489979919597376,false,0.4,0.5477225575051791,false,0.0,0.0,false,0.2,0.44721359549994283,false
제4대,2424,1959.11.05.,제4대국회 1959년도 국정감사 국방위원회(전체회의) (1959.11.05.),0,0,0,0,0,0,11.0,7.10633520177593,false,0.0,1.96165453495309e-6,false,1.8,2.489979919597376,false,0.6,0.5477225575051791,false,0.0,0.0,false,0.2,0.44721359549994283,false
제4대,2425,1959.11.06.,제4대국회 1959년도 국정감사 교통체신위원회(전체회의) (1959.11.06.),67,0,0,0,0,2,10.8,7.463243262818098,true,0.0,1.96165453495309e-6,false,1.8,2.489979919597376,false,0.4,0.5477225575051791,false,0.0,0.0,false,0.2,0.44721359549994283,true
제4대,2426,1959.11.06.,제4대국회 1959년도 국정감사 국방위원회(전체회의) (1959.11.06.),16,0,0,0,0,0,21.0,26.61766330841233,false,0.0,1.96165453495309e-6,false,1.4,2.607680962080707,false,0.2,0.44721359549997386,false,0.0,0.0,false,0.6,0.8944271909999091,false
제4대,2427,1959.11.07.,제4대국회 1959년도 국정감사 국방위원회(전체회의) (1959.11.07.),20,0,1,3,0,1,21.2,26.565014586858407,false,0.0,1.96165453495309e-6,false,1.2,2.6832815729994053,false,0.2,0.44721359549997386,true,0.0,0.0,false,0.4,0.8944271909999087,false
제4대,2428,1959.11.09.,제4대국회 1959년도 국정감사 국방위원회(전체회의) (1959.11.09.),2,0,0,0,0,0,24.0,25.268557536986556,false,0.0,1.96165453495309e-6,false,0.2,0.44721359549792006,false,0.8,1.3038404810405353,false,0.0,0.0,false,0.6,0.8944271909999091,false
제4대,2429,1959.11.09.,제4대국회 제33회(정기회) 제13차 국회본회의(전체회의) (1959.11.09.),2,3,0,0,0,0,21.0,27.12931993250107,false,0.0,1.96165453495309e-6,true,0.2,0.44721359549792006,false,0.6,1.3416407864998792,false,0.0,0.0,false,0.6,0.8944271909999091,false
제4대,2430,1959.11.09.,제4대국회 제33회(정기회) 제5차 국회운영위원회(전체회의) (1959.11.09.),0,0,0,0,0,0,21.4,26.754438884043147,false,0.6,1.3416407865013051,false,0.2,0.44721359549792006,false,0.6,1.3416407864998792,false,0.0,0.0,false,0.6,0.8944271909999091,false
제4대,2431,1959.11.10.,제4대국회 제33회(정기회) 제1차 내무위원회(전체회의) (1959.11.10.),0,0,0,0,0,0,8.0,9.273618495495676,false,0.6,1.3416407865013051,false,0.2,0.44721359549792006,false,0.6,1.3416407864998792,false,0.0,0.0,false,0.2,0.44721359549994283,false
제4대,2432,1959.11.10.,제4대국회 제33회(정기회) 제1차 농림위원회(전체회의) (1959.11.10.),1,0,0,0,0,0,4.8,8.55569985448294,false,0.6,1.3416407865013051,false,0.2,0.44721359549792006,false,0.6,1.3416407864998792,false,0.0,0.0,false,0.2,0.44721359549994283,false
제4대,2433,1959.11.11.,제4대국회 제33회(정기회) 제1차 부흥위원회(전체회의) (1959.11.11.),17,0,0,0,0,2,1.0,0.9999999999996376,true,0.6,1.3416407865013051,false,0.0,0.0,false,0.0,1.210576058124894e-7,false,0.0,0.0,false,0.0,0.0,true
제4대,2434,1959.11.11.,제4대국회 제33회(정기회) 제2차 내무위원회(전체회의) (1959.11.11.),0,2,0,0,0,0,4.0,7.314369419163853,false,0.6,1.3416407865013051,false,0.0,0.0,false,0.0,1.210576058124894e-7,false,0.0,0.0,false,0.4,0.8944271909999087,false
제4대,2435,1959.11.11.,제4대국회 제33회(정기회) 제6차 국회운영위원회(전체회의) (1959.11.11.),7,0,0,0,0,0,3.6,7.503332592921585,false,0.4,0.8944271910020642,false,0.0,0.0,false,0.0,1.210576058124894e-7,false,0.0,0.0,false,0.4,0.8944271909999087,false
제4대,2436,1959.11.12.,제4대국회 제33회(정기회) 제1차 교통체신위원회(전체회의) (1959.11.12.),1,0,0,0,0,0,5.0,7.314369419163856,false,0.4,0.8944271910020642,false,0.0,0.0,false,0.0,1.210576058124894e-7,false,0.0,0.0,false,0.4,0.8944271909999087,false
제4대,2437,1959.11.12.,제4대국회 제33회(정기회) 제1차 사회보건위원회(전체회의) (1959.11.12.),2,1,5,0,1,0,5.2,7.155417527999285,false,0.4,0.8944271910020642,false,0.0,0.0,true,0.0,1.210576058124894e-7,false,0.0,0.0,true,0.4,0.8944271909999087,false
제4대,2438,1959.11.12.,제4대국회 제33회(정기회) 제1차 재정경제위원회(전체회의) (1959.11.12.),0,22,3,0,0,0,5.4,7.021395872616741,false,0.6,0.8944271910020628,true,1.0,2.2360679774993795,false,0.0,1.210576058124894e-7,false,0.2,0.44721359549995804,false,0.4,0.8944271909999087,false
제4대,2439,1959.11.12.,제4대국회 제33회(정기회) 제2차 농림위원회(전체회의) (1959.11.12.),34,0,1,0,0,0,2.0,2.9154759474225305,true,5.0,9.539392014169655,false,1.6,2.3021728866438673,false,0.0,1.210576058124894e-7,false,0.2,0.44721359549995804,false,0.0,0.0,false
제4대,2440,1959.11.12.,제4대국회 제33회(정기회) 제2차 부흥위원회(전체회의) (1959.11.12.),12,1,0,0,0,0,8.8,14.34224529144581,false,4.6,9.736529155710663,false,1.8,2.1679483388674545,false,0.0,1.210576058124894e-7,false,0.2,0.44721359549995804,false,0.0,0.0,false
제4대,2441,1959.11.12.,제4대국회 제33회(정기회) 제3차 내무위원회(전체회의) (1959.11.12.),2,1,0,0,0,0,9.8,14.359665734271099,false,4.8,9.628083921528924,false,1.8,2.1679483388674545,false,0.0,1.210576058124894e-7,false,0.2,0.44721359549995804,false,0.0,0.0,false
제4대,2442,1959.11.13.,제4대국회 제33회(정기회) 제1차 국방위원회(전체회의) (1959.11.13.),2,0,0,0,0,0,10.0,14.21267040355188,false,5.0,9.513148795220424,false,1.8,2.1679483388674545,false,0.0,1.210576058124894e-7,false,0.2,0.44721359549995804,false,0.0,0.0,false
제4대,2443,1959.11.13.,제4대국회 제33회(정기회) 제1차 문교위원회(전체회의) (1959.11.13.),12,1,0,0,0,0,10.0,14.21267040355188,false,4.8,9.628083921528924,false,0.8,1.3038404810398274,false,0.0,1.210576058124894e-7,false,0.0,0.0,false,0.0,0.0,false
제4대,2444,1959.11.13.,제4대국회 제33회(정기회) 제1차 상공위원회(전체회의) (1959.11.13.),12,0,0,0,0,0,12.4,13.069047402163617,false,0.6,0.5477225575086807,false,0.2,0.44721359549792006,false,0.0,1.210576058124894e-7,false,0.0,0.0,false,0.0,0.0,false
제4대,2445,1959.11.13.,제4대국회 제33회(정기회) 제2차 교통체신위원회(전체회의) (1959.11.13.),8,0,0,0,0,0,8.0,5.47722557505161,false,0.6,0.5477225575086807,false,0.0,0.0,false,0.0,1.210576058124894e-7,false,0.0,0.0,false,0.0,0.0,false
제4대,2446,1959.11.13.,제4대국회 제33회(정기회) 제2차 사회보건위원회(전체회의) (1959.11.13.),18,0,21,0,0,0,7.2,5.019960159204395,true,0.4,0.5477225575086827,false,0.0,0.0,true,0.0,1.210576058124894e-7,false,0.0,0.0,false,0.0,0.0,false
제4대,2447,1959.11.13.,제4대국회 제33회(정기회) 제2차 재정경제위원회(전체회의) (1959.11.13.),12,15,10,0,0,0,10.4,5.89915248150101,false,0.2,0.4472135955042672,true,4.2,9.391485505499016,false,0.0,1.210576058124894e-7,false,0.0,0.0,false,0.0,0.0,false
제4대,2448,1959.11.13.,제4대국회 제33회(정기회) 제3차 농림위원회(전체회의) (1959.11.13.),28,21,4,0,0,0,12.4,3.5777087639996066,true,3.2,6.610597552415653,true,6.2,9.3380940239429,false,0.0,1.210576058124894e-7,false,0.0,0.0,false,0.0,0.0,false
제4대,2449,1959.11.13.,제4대국회 제33회(정기회) 제3차 부흥위원회(전체회의) (1959.11.13.),5,0,16,0,0,0,15.6,7.797435475847152,false,7.2,10.084641788383154,false,7.0,8.831760866327738,false,0.0,1.210576058124894e-7,false,0.0,0.0,false,0.0,0.0,false
제4대,2450,1959.11.13.,제4대국회 제33회(정기회) 제4차 내무위원회(전체회의) (1959.11.13.),5,0,0,0,0,0,14.2,9.121403400793085,false,7.2,10.084641788383154,false,10.2,8.55569985448286,false,0.0,1.210576058124894e-7,false,0.0,0.0,false,0.0,0.0,false
제4대,2451,1959.11.13.,제4대국회 제33회(정기회) 제7차 국회운영위원회(전체회의) (1959.11.13.),34,0,0,0,0,0,13.6,9.710818709048153,true,7.2,10.084641788383154,false,10.2,8.55569985448286,false,0.0,1.210576058124894e-7,false,0.0,0.0,false,0.0,0.0,false
제4대,2452,1959.11.14.,제4대국회 1959년도 국정감사 국방위원회(전체회의) (1959.11.14.),3,0,0,0,0,0,16.8,13.442470011125177,false,7.2,10.084641788383154,false,6.0,6.928203230275371,false,0.0,1.210576058124894e-7,false,0.0,0.0,false,0.0,0.0,false
제4대,2453,1959.11.14.,제4대국회 제33회(정기회) 제3차 교통체신위원회(전체회의) (1959.11.14.),4,0,0,0,0,0,15.0,14.781745499094471,false,4.2,9.39148550549932,false,4.0,6.928203230275373,false,0.0,1.210576058124894e-7,false,0.0,0.0,false,0.0,0.0,false
제4대,2454,1959.11.14.,제4대국회 제33회(정기회) 제5차 내무위원회(전체회의) (1959.11.14.),2,0,0,0,0,0,10.2,13.330416347586429,false,0.0,1.962432579178134e-6,false,3.2,7.155417527999196,false,0.0,1.210576058124894e-7,false,0.0,0.0,false,0.0,0.0,false
제4대,2455,1959.11.16.,제4대국회 제33회(정기회) 제2차 국방위원회(전체회의) (1959.11.16.),0,0,0,0,0,0,9.6,13.685759021698411,false,0.0,1.962432579178134e-6,false,0.0,0.0,false,0.0,1.210576058124894e-7,false,0.0,0.0,false,0.0,0.0,false
제4대,2456,1959.11.16.,제4대국회 제33회(정기회) 제3차 재정경제위원회(전체회의) (1959.11.16.),5,4,2,0,0,0,8.6,14.275853739794318,false,0.0,1.962432579178134e-6,true,0.0,0.0,true,0.0,1.210576058124894e-7,false,0.0,0.0,false,0.0,0.0,false
제4대,2457,1959.11.16.,제4대국회 제33회(정기회) 제4차 농림위원회(전체회의) (1959.11.16.),4,4,0,0,0,0,2.8,1.9235384061669327,false,0.8,1.7888543820009057,false,0.4,0.8944271909988915,false,0.0,1.210576058124894e-7,false,0.0,0.0,false,0.0,0.0,false
제4대,2458,1959.11.16.,제4대국회 제33회(정기회) 제6차 내무위원회(전체회의) (1959.11.16.),3,0,0,0,0,0,3.0,1.9999999999998077,false,1.6,2.1908902300215396,false,0.4,0.8944271909988915,false,0.0,1.210576058124894e-7,false,0.0,0.0,false,0.0,0.0,false
제4대,2459,1959.11.17.,제4대국회 1959년도 국정감사 국방위원회(전체회의) (1959.11.17.),3,0,0,0,0,0,2.8,1.9235384061669327,false,1.6,2.1908902300215396,false,0.4,0.8944271909988915,false,0.0,1.210576058124894e-7,false,0.0,0.0,false,0.0,0.0,false
제4대,2460,1959.11.17.,제4대국회 제33회(정기회) 제2차 문교위원회(전체회의) (1959.11.17.),7,0,0,0,0,0,3.0,1.870828693386765,true,1.6,2.1908902300215396,false,0.4,0.8944271909988915,false,0.0,1.210576058124894e-7,false,0.0,0.0,false,0.0,0.0,false
제4대,2461,1959.11.17.,제4대국회 제33회(정기회) 제2차 상공위원회(전체회의) (1959.11.17.),13,0,0,0,0,1,4.4,1.673320053067936,true,1.6,2.1908902300215396,false,0.4,0.8944271909988915,false,0.0,1.210576058124894e-7,false,0.0,0.0,false,0.0,0.0,true
제4대,2462,1959.11.17.,제4대국회 제33회(정기회) 제3차 국방위원회(전체회의) (1959.11.17.),7,0,1,1,0,0,6.0,4.2426406871192075,false,0.8,1.7888543820009057,false,0.0,0.0,true,0.0,1.210576058124894e-7,true,0.0,0.0,false,0.2,0.4472135954999429,false
제4대,2463,1959.11.17.,제4대국회 제33회(정기회) 제3차 사회보건위원회(전체회의) (1959.11.17.),1,0,41,0,0,1,6.6,4.098780306383762,false,0.0,1.962432579178134e-6,false,0.2,0.44721359549791273,true,0.2,0.44721359549997436,false,0.0,0.0,false,0.2,0.4472135954999429,false
제4대,2464,1959.11.17.,제4대국회 제33회(정기회) 제4차 교통체신위원회(전체회의) (1959.11.17.),7,0,0,0,0,0,6.2,4.604345773288465,false,0.0,1.962432579178134e-6,false,8.4,18.229097618916796,false,0.2,0.44721359549997436,false,0.0,0.0,false,0.4,0.5477225575051545,false
제4대,2465,1959.11.17.,제4대국회 제33회(정기회) 제5차 농림위원회(전체회의) (1959.11.17.),15,1,0,0,0,1,7.0,4.242640687119212,false,0.0,1.962432579178134e-6,true,8.4,18.229097618916796,false,0.2,0.44721359549997436,false,0.0,0.0,false,0.4,0.5477225575051545,false
제4대,2466,1959.11.17.,제4대국회 제33회(정기회) 제7차 내무위원회(전체회의) (1959.11.17.),0,0,9,0,0,0,8.6,5.549774770204593,false,0.2,0.44721359550426126,false,8.4,18.229097618916796,false,0.2,0.44721359549997436,false,0.0,0.0,false,0.6,0.5477225575051552,false
제4대,2467,1959.11.17.,제4대국회 제33회(정기회) 제8차 국회운영위원회(전체회의) (1959.11.17.),0,0,0,0,0,0,6.0,5.999999999999946,false,0.2,0.44721359550426126,false,10.2,17.62668431668299,false,0.2,0.44721359549997436,false,0.0,0.0,false,0.4,0.5477225575051545,false
제4대,2468,1959.11.18.,제4대국회 제33회(정기회) 제3차 문교위원회(전체회의) (1959.11.18.),0,0,0,0,0,0,4.6,6.503845016603586,false,0.2,0.44721359550426126,false,10.0,17.762319668331557,false,0.0,1.210576058124894e-7,false,0.0,0.0,false,0.4,0.5477225575051545,false
제4대,2469,1959.11.18.,제4대국회 제33회(정기회) 제3차 상공위원회(전체회의) (1959.11.18.),8,1,3,0,0,0,4.4,6.655824516917441,false,0.2,0.44721359550426126,false,1.8,4.024922359499397,false,0.0,1.210576058124894e-7,false,0.0,0.0,false,0.2,0.4472135954999429,false
제4대,2470,1959.11.18.,제4대국회 제33회(정기회) 제4차 국방위원회(전체회의) (1959.11.18.),2,2,4,3,0,0,4.6,6.767569726275401,false,0.4,0.5477225575086778,true,2.4,3.9115214431213565,false,0.0,1.210576058124894e-7,true,0.0,0.0,false,0.2,0.4472135954999429,false
제4대,2471,1959.11.18.,제4대국회 제33회(정기회) 제4차 사회보건위원회(전체회의) (1959.11.18.),11,0,8,0,0,0,2.0,3.4641016151376407,true,0.6,0.8944271910020651,false,3.2,3.701351104664102,false,0.6,1.3416407864998792,false,0.0,0.0,false,0.0,0.0,false
제4대,2472,1959.11.18.,제4대국회 제33회(정기회) 제5차 교통체신위원회(전체회의) (1959.11.18.),20,0,1,0,0,0,4.2,5.019960159204382,true,0.6,0.8944271910020651,false,3.0,3.316624790355124,false,0.6,1.3416407864998792,false,0.0,0.0,false,0.0,0.0,false
제4대,2473,1959.11.18.,제4대국회 제33회(정기회) 제6차 농림위원회(전체회의) (1959.11.18.),8,8,3,0,0,1,8.2,7.949842765740679,false,0.6,0.8944271910020651,true,3.2,3.1144823004791933,false,0.6,1.3416407864998792,false,0.0,0.0,false,0.0,0.0,true
제4대,2474,1959.11.18.,제4대국회 제33회(정기회) 제8차 내무위원회(전체회의) (1959.11.18.),0,1,0,0,0,0,9.8,6.572670690061953,false,2.2,3.346640106136874,false,3.8,2.588435821108601,false,0.6,1.3416407864998792,false,0.0,0.0,false,0.2,0.4472135954999429,false
제4대,2475,1959.11.19.,제4대국회 제33회(정기회) 제14차 국회본회의(전체회의) (1959.11.19.),0,0,0,0,0,2,8.2,7.949842765740679,false,2.2,3.346640106136874,false,3.2,3.1144823004791933,false,0.6,1.3416407864998792,false,0.0,0.0,false,0.2,0.4472135954999429,true
제4대,2476,1959.11.19.,제4대국회 제33회(정기회) 제1차 법제사법위원회(전체회의) (1959.11.19.),0,0,0,0,0,0,7.8,8.378544026261329,false,1.8,3.492849839315144,false,2.4,3.3615472627940512,false,0.0,1.210576058124894e-7,false,0.0,0.0,false,0.6,0.8944271909999092,false
제4대,2477,1959.11.19.,제4대국회 제33회(정기회) 제4차 문교위원회(전체회의) (1959.11.19.),1,0,0,0,0,0,5.6,8.763560920082618,false,1.8,3.492849839315144,false,0.8,1.30384048103984,false,0.0,1.210576058124894e-7,false,0.0,0.0,false,0.6,0.8944271909999092,false
제4대,2478,1959.11.19.,제4대국회 제33회(정기회) 제4차 부흥위원회(전체회의) (1959.11.19.),10,11,2,0,0,0,1.8,3.492849839314479,true,1.8,3.492849839315144,true,0.6,1.3416407864992046,false,0.0,1.210576058124894e-7,false,0.0,0.0,false,0.6,0.8944271909999092,false
제4대,2479,1959.11.19.,제4대국회 제33회(정기회) 제4차 상공위원회(전체회의) (1959.11.19.),6,2,0,2,0,1,2.2,4.381780460041237,false,2.4,4.827007354459265,false,0.4,0.8944271909989137,false,0.0,1.210576058124894e-7,true,0.0,0.0,false,0.4,0.8944271909999087,false
제4대,2480,1959.11.19.,제4대국회 제33회(정기회) 제5차 국방위원회(전체회의) (1959.11.19.),2,0,4,0,0,0,3.4,4.449719092257313,false,2.6,4.774934554525729,false,0.4,0.8944271909989137,true,0.4,0.8944271909999241,false,0.0,0.0,false,0.6,0.8944271909999092,false
제4대,2481,1959.11.19.,제4대국회 제33회(정기회) 제5차 사회보건위원회(전체회의) (1959.11.19.),13,0,1,0,0,0,3.8,4.147288270665454,true,2.6,4.774934554525729,false,1.2,1.7888543819993277,false,0.4,0.8944271909999241,false,0.0,0.0,false,0.2,0.44721359549994294,false
제4대,2482,1959.11.19.,제4대국회 제33회(정기회) 제6차 교통체신위원회(전체회의) (1959.11.19.),0,5,0,0,0,0,6.4,5.128352561983171,false,2.6,4.774934554525729,false,1.4,1.6733200530676113,false,0.4,0.8944271909999241,false,0.0,0.0,false,0.2,0.44721359549994294,false
제4대,2483,1959.11.19.,제4대국회 제33회(정기회) 제7차 농림위원회(전체회의) (1959.11.19.),12,1,0,0,0,3,6.2,5.403702434442458,false,3.6,4.615192303686143,false,1.4,1.6733200530676116,false,0.4,0.8944271909999241,false,0.0,0.0,false,0.2,0.44721359549994294,true
제4대,2484,1959.11.19.,제4대국회 제33회(정기회) 제9차 국회운영위원회(전체회의) (1959.11.19.),0,0,0,0,0,0,6.6,5.813776741499398,false,1.6,2.073644135333697,false,1.0,1.7320508075683576,false,0.4,0.8944271909999241,false,0.0,0.0,false,0.8,1.3038404810405253,false
제4대,2485,1959.11.20.,제4대국회 제33회(정기회) 제5차 문교위원회(전체회의) (1959.11.20.),10,0,0,0,0,1,5.4,6.5421708935183975,false,1.2,2.1679483388687655,false,1.0,1.7320508075683576,false,0.0,1.210576058124894e-7,false,0.0,0.0,false,0.6,1.3416407864998692,false
제4대,2486,1959.11.20.,제4대국회 제33회(정기회) 제5차 부흥위원회(전체회의) (1959.11.20.),77,0,0,4,1,1,7.0,6.4807406984078115,true,1.2,2.1679483388687655,false,0.2,0.44721359549795786,false,0.0,1.210576058124894e-7,true,0.0,0.0,true,0.8,1.3038404810405253,false
제4대,2487,1959.11.20.,제4대국회 제33회(정기회) 제5차 상공위원회(전체회의) (1959.11.20.),18,7,0,0,0,0,19.8,32.4530430006186,false,1.2,2.1679483388687655,true,0.0,0.0,false,0.8,1.788854381999836,false,0.2,0.44721359549995804,false,1.0,1.2247448713915847,false
제4대,2488,1959.11.20.,제4대국회 제33회(정기회) 제7차 교통체신위원회(전체회의) (1959.11.20.),55,0,0,0,0,0,23.4,30.65615761963655,false,1.6,3.04959013639601,false,0.0,0.0,false,0.8,1.788854381999836,false,0.2,0.44721359549995804,false,1.0,1.2247448713915847,false
제4대,2489,1959.11.20.,제4대국회 제33회(정기회) 제8차 농림위원회(전체회의) (1959.11.20.),23,0,0,0,0,3,32.0,32.62667620215091,false,1.4,3.1304951685003184,false,0.0,0.0,false,0.8,1.788854381999836,false,0.2,0.44721359549995804,false,0.4,0.5477225575051544,true
제4대,2490,1959.11.20.,제4대국회 제33회(정기회) 제9차 내무위원회(전체회의) (1959.11.20.),1,0,0,0,0,0,36.6,28.324900705915997,false,1.4,3.1304951685003184,false,0.0,0.0,false,0.8,1.788854381999836,false,0.2,0.44721359549995804,false,1.0,1.2247448713915847,false
제4대,2491,1959.11.21.,제4대국회 제33회(정기회) 제11차 국회운영위원회(전체회의) (1959.11.21.),0,0,0,0,0,0,34.8,30.63005060394123,false,1.4,3.1304951685003184,false,0.0,0.0,false,0.8,1.788854381999836,false,0.2,0.44721359549995804,false,0.8,1.3038404810405253,false
제4대,2492,1959.11.21.,제4대국회 제33회(정기회) 제6차 국방위원회(전체회의) (1959.11.21.),5,1,0,0,0,0,19.4,22.34502181695063,false,1.4,3.1304951685003184,false,0.0,0.0,false,0.0,1.210576058124894e-7,false,0.0,0.0,false,0.6,1.3416407864998692,false
제4대,2493,1959.11.21.,제4대국회 제33회(정기회) 제6차 문교위원회(전체회의) (1959.11.21.),1,0,0,0,0,0,16.8,23.285188425262945,false,0.2,0.4472135955042614,false,0.0,0.0,false,0.0,1.210576058124894e-7,false,0.0,0.0,false,0.6,1.3416407864998692,false
제4대,2494,1959.11.21.,제4대국회 제33회(정기회) 제6차 부흥위원회(전체회의) (1959.11.21.),50,0,0,0,0,0,6.0,9.695359714832598,true,0.2,0.4472135955042614,false,0.0,0.0,false,0.0,1.210576058124894e-7,false,0.0,0.0,false,0.6,1.3416407864998692,false
제4대,2495,1959.11.21.,제4대국회 제33회(정기회) 제6차 사회보건위원회(전체회의) (1959.11.21.),0,0,0,0,0,0,11.4,21.6633330768836,false,0.2,0.4472135955042614,false,0.0,0.0,false,0.0,1.210576058124894e-7,false,0.0,0.0,false,0.0,0.0,false
제4대,2496,1959.11.21.,제4대국회 제33회(정기회) 제8차 교통체신위원회(전체회의) (1959.11.21.),0,2,0,0,0,0,11.2,21.787611158637816,false,0.2,0.4472135955042614,true,0.0,0.0,false,0.0,1.210576058124894e-7,false,0.0,0.0,false,0.0,0.0,false
제4대,2497,1959.11.21.,제4대국회 제33회(정기회) 제9차 농림위원회(전체회의) (1959.11.21.),20,1,0,0,0,1,11.2,21.787611158637816,false,0.6,0.8944271910020652,false,0.0,0.0,false,0.0,1.210576058124894e-7,false,0.0,0.0,false,0.0,0.0,true
제4대,2498,1959.11.23.,제4대국회 제33회(정기회) 제10차 국회운영위원회(전체회의) (1959.11.23.),0,0,0,0,0,0,14.2,21.75316068988595,false,0.6,0.8944271910020652,false,0.0,0.0,false,0.0,1.210576058124894e-7,false,0.0,0.0,false,0.2,0.44721359549994283,false
제4대,2499,1959.11.23.,제4대국회 제33회(정기회) 제12차 국회운영위원회(전체회의) (1959.11.23.),0,0,0,0,0,0,14.0,21.908902300206627,false,0.6,0.8944271910020652,false,0.0,0.0,false,0.0,1.210576058124894e-7,false,0.0,0.0,false,0.2,0.44721359549994283,false
제4대,2500,1959.11.23.,제4대국회 제33회(정기회) 제15차 국회본회의(전체회의) (1959.11.23.),0,3,0,0,0,0,4.0,8.944271909999083,false,0.6,0.8944271910020652,true,0.0,0.0,false,0.0,1.210576058124894e-7,false,0.0,0.0,false,0.2,0.44721359549994283,false
제4대,2501,1959.11.23.,제4대국회 제33회(정기회) 제6차 상공위원회(전체회의) (1959.11.23.),11,1,0,0,0,0,4.0,8.944271909999083,false,1.2,1.303840481042002,false,0.0,0.0,false,0.0,1.210576058124894e-7,false,0.0,0.0,false,0.2,0.44721359549994283,false
제4대,2502,1959.11.23.,제4대국회 제33회(정기회) 제7차 국방위원회(전체회의) (1959.11.23.),0,0,0,3,0,0,6.2,9.06642156531444,false,1.0,1.224744871393157,false,0.0,0.0,false,0.0,1.210576058124894e-7,true,0.0,0.0,false,0.2,0.44721359549994283,false
제4대,2503,1959.11.23.,제4대국회 제33회(정기회) 제7차 문교위원회(전체회의) (1959.11.23.),25,0,0,0,0,0,2.2,4.919349550499389,true,0.8,1.3038404810420035,false,0.0,0.0,false,0.6,1.3416407864998792,false,0.0,0.0,false,0.0,0.0,false
제4대,2504,1959.11.23.,제4대국회 제33회(정기회) 제7차 부흥위원회(전체회의) (1959.11.23.),25,0,1,0,1,0,7.2,11.031772296417236,false,0.8,1.3038404810420035,false,0.0,0.0,true,0.6,1.3416407864998792,false,0.0,0.0,true,0.0,0.0,false
제4대,2505,1959.11.24.,제4대국회 제33회(정기회) 제7차 상공위원회(전체회의) (1959.11.24.),3,3,0,0,0,0,12.2,12.51798705862884,false,0.8,1.3038404810420035,false,0.2,0.44721359549795786,false,0.6,1.3416407864998792,false,0.2,0.44721359549995804,false,0.0,0.0,false
제4대,2506,1959.11.24.,제4대국회 제33회(정기회) 제8차 국방위원회(전체회의) (1959.11.24.),10,0,0,0,0,1,12.8,11.840608092492511,false,0.8,1.3038404810420035,false,0.2,0.44721359549795786,false,0.6,1.3416407864998792,false,0.2,0.44721359549995804,false,0.0,0.0,true
제4대,2507,1959.11.24.,제4대국회 제33회(정기회) 제8차 문교위원회(전체회의) (1959.11.24.),0,0,0,0,0,0,12.6,11.886967653695331,false,0.6,1.341640786501307,false,0.2,0.44721359549795786,false,0.6,1.3416407864998792,false,0.2,0.44721359549995804,false,0.2,0.44721359549994283,false
제4대,2508,1959.11.24.,제4대국회 제33회(정기회) 제8차 부흥위원회(전체회의) (1959.11.24.),24,0,0,0,0,4,12.6,11.886967653695331,false,0.6,1.341640786501307,false,0.2,0.44721359549795786,false,0.0,1.210576058124894e-7,false,0.2,0.44721359549995804,false,0.2,0.44721359549994283,true
제4대,2509,1959.11.25.,제4대국회 제33회(정기회) 제13차 국회운영위원회(전체회의) (1959.11.25.),8,0,0,0,0,0,12.4,11.631852818876238,false,0.6,1.341640786501307,false,0.2,0.44721359549795786,false,0.0,1.210576058124894e-7,false,0.2,0.44721359549995804,false,1.0,1.7320508075688743,false
제4대,2510,1959.11.28.,제4대국회 제33회(정기회) 제9차 국방위원회(전체회의) (1959.11.28.),26,0,4,0,0,0,9.0,9.273618495495645,false,0.6,1.341640786501307,false,0.0,0.0,true,0.0,1.210576058124894e-7,false,0.0,0.0,false,1.0,1.7320508075688743,false
제4대,2511,1959.11.29.,제4대국회 제33회(정기회) 제8차 상공위원회(전체회의) (1959.11.29.),27,1,0,0,0,1,13.6,11.081516141756017,false,0.0,1.9624891521801257e-6,true,0.8,1.7888543819993292,false,0.0,1.210576058124894e-7,false,0.0,0.0,false,1.0,1.7320508075688743,false
제4대,2512,1959.11.30.,제4대국회 제33회(정기회) 제10차 국방위원회(전체회의) (1959.11.30.),10,0,0,0,0,0,17.0,12.247448713915864,false,0.2,0.44721359550426154,false,0.8,1.7888543819993292,false,0.0,1.210576058124894e-7,false,0.0,0.0,false,1.0,1.7320508075688743,false
제4대,2513,1959.11.30.,제4대국회 제33회(정기회) 제9차 교통체신위원회(전체회의) (1959.11.30.),0,1,0,0,0,0,19.0,9.219544457292857,false,0.2,0.44721359550426154,false,0.8,1.7888543819993292,false,0.0,1.210576058124894e-7,false,0.0,0.0,false,1.0,1.7320508075688743,false
제4대,2514,1959.11.30.,제4대국회 제33회(정기회) 제9차 부흥위원회(전체회의) (1959.11.30.),10,1,0,0,0,0,14.2,11.840608092492513,false,0.4,0.547722557508678,false,0.8,1.7888543819993292,false,0.0,1.210576058124894e-7,false,0.0,0.0,false,0.2,0.44721359549994283,false
제4대,2515,1959.11.30.,제4대국회 제33회(정기회) 제9차 상공위원회(전체회의) (1959.11.30.),13,0,0,0,0,0,14.6,11.61034021895996,false,0.6,0.547722557508676,false,0.8,1.7888543819993292,false,0.0,1.210576058124894e-7,false,0.0,0.0,false,0.2,0.44721359549994283,false
제4대,2516,1959.12.01.,제4대국회 제33회(정기회) 제10차 부흥위원회(전체회의) (1959.12.01.),2,0,0,0,0,0,12.0,9.721111047611743,false,0.6,0.547722557508676,false,0.0,0.0,false,0.0,1.210576058124894e-7,false,0.0,0.0,false,0.2,0.44721359549994283,false
제4대,2517,1959.12.01.,제4대국회 제33회(정기회) 제14차 국회운영위원회(전체회의) (1959.12.01.),0,0,0,0,0,0,7.0,5.656854249492272,false,0.4,0.547722557508678,false,0.0,0.0,false,0.0,1.210576058124894e-7,false,0.0,0.0,false,0.0,0.0,false
제4대,2518,1959.12.01.,제4대국회 제33회(정기회) 제16차 국회본회의(전체회의) (1959.12.01.),3,2,0,0,0,0,5.0,6.08276253029811,false,0.4,0.547722557508678,true,0.0,0.0,false,0.0,1.210576058124894e-7,false,0.0,0.0,false,0.0,0.0,false
제4대,2519,1959.12.02.,제4대국회 제33회(정기회) 제11차 부흥위원회(전체회의) (1959.12.02.),3,0,0,0,0,0,5.6,5.594640292279629,false,0.6,0.8944271910020652,false,0.0,0.0,false,0.0,1.210576058124894e-7,false,0.0,0.0,false,0.0,0.0,false
제4대,2520,1959.12.02.,제4대국회 제33회(정기회) 제7차 사회보건위원회(전체회의) (1959.12.02.),0,0,0,0,0,0,4.2,5.069516742254494,false,0.4,0.8944271910020665,false,0.0,0.0,false,0.0,1.210576058124894e-7,false,0.0,0.0,false,0.0,0.0,false
제4대,2521,1959.12.03.,제4대국회 제33회(정기회) 제1차 예산결산위원회(전체회의) (1959.12.03.),2,15,1,0,0,0,1.6,1.516575088809806,false,0.4,0.8944271910020665,true,0.0,0.0,true,0.0,1.210576058124894e-7,false,0.0,0.0,false,0.0,0.0,false
제4대,2522,1959.12.03.,제4대국회 제33회(정기회) 제2차 법제사법위원회(전체회의) (1959.12.03.),0,0,0,0,0,0,1.6,1.516575088809806,false,3.4,6.542170893518742,false,0.2,0.4472135954979577,false,0.0,1.210576058124894e-7,false,0.0,0.0,false,0.0,0.0,false
제4대,2523,1959.12.04.,제4대국회 제33회(정기회) 제2차 예산결산위원회(전체회의) (1959.12.04.),32,19,8,2,0,0,1.6,1.516575088809806,true,3.4,6.542170893518742,true,0.2,0.4472135954979577,true,0.0,1.210576058124894e-7,true,0.0,0.0,false,0.0,0.0,false
제4대,2524,1959.12.05.,제4대국회 제33회(정기회) 제10차 농림위원회(전체회의) (1959.12.05.),0,0,10,0,0,0,7.4,13.813037319865563,false,6.8,9.418067742377083,false,1.8,3.492849839314337,true,0.4,0.8944271909999241,false,0.0,0.0,false,0.0,0.0,false
제4대,2525,1959.12.05.,제4대국회 제33회(정기회) 제12차 부흥위원회(전체회의) (1959.12.05.),20,0,0,0,0,0,6.8,14.113823011501838,false,6.8,9.418067742377083,false,3.8,4.816637831516727,false,0.4,0.8944271909999241,false,0.0,0.0,false,0.0,0.0,false
제4대,2526,1959.12.05.,제4대국회 제33회(정기회) 제15차 국회운영위원회(전체회의) (1959.12.05.),0,0,0,0,0,0,10.8,14.532721699667926,false,6.8,9.418067742377083,false,3.8,4.816637831516727,false,0.4,0.8944271909999241,false,0.0,0.0,false,0.0,0.0,false
제4대,2527,1959.12.05.,제4대국회 제33회(정기회) 제3차 예산결산위원회(전체회의) (1959.12.05.),32,28,0,0,0,0,10.4,14.859340496805334,false,3.8,8.497058314499425,true,3.6,4.979959839195309,false,0.4,0.8944271909999241,false,0.0,0.0,false,0.0,0.0,false
제4대,2528,1959.12.05.,제4대국회 제33회(정기회) 제4차 재정경제위원회(전체회의) (1959.12.05.),0,0,0,0,0,0,16.8,16.099689437998467,false,9.4,13.258959235173917,false,3.6,4.979959839195309,false,0.4,0.8944271909999241,false,0.0,0.0,false,0.0,0.0,false
제4대,2529,1959.12.06.,제4대국회 제33회(정기회) 제4차 예산결산위원회(전체회의) (1959.12.06.),19,5,5,0,0,1,10.4,14.859340496805334,false,5.6,12.521980673998971,false,2.0,4.472135954999377,false,0.0,1.210576058124894e-7,false,0.0,0.0,false,0.0,0.0,true
제4대,2530,1959.12.06.,제4대국회 제33회(정기회) 제5차 재정경제위원회(전체회의) (1959.12.06.),0,0,0,0,0,0,14.2,13.935566009315847,false,6.6,12.15730233234346,false,1.0,2.236067977499388,false,0.0,1.210576058124894e-7,false,0.0,0.0,false,0.2,0.44721359549994283,false
제4대,2531,1959.12.07.,제4대국회 제33회(정기회) 제11차 국방위원회(전체회의) (1959.12.07.),1,0,0,0,0,0,10.2,14.703741020570208,false,6.6,12.15730233234346,false,1.0,2.236067977499388,false,0.0,1.210576058124894e-7,false,0.0,0.0,false,0.2,0.44721359549994283,false
제4대,2532,1959.12.07.,제4대국회 제33회(정기회) 제13차 부흥위원회(전체회의) (1959.12.07.),0,0,0,0,0,0,10.4,14.536161804272785,false,6.6,12.15730233234346,false,1.0,2.236067977499388,false,0.0,1.210576058124894e-7,false,0.0,0.0,false,0.2,0.44721359549994283,false
제4대,2533,1959.12.07.,제4대국회 제33회(정기회) 제16차 국회운영위원회(전체회의) (1959.12.07.),0,0,0,0,0,0,4.0,8.396427811873252,false,1.0,2.236067977500642,false,1.0,2.236067977499388,false,0.0,1.210576058124894e-7,false,0.0,0.0,false,0.2,0.44721359549994283,false
제4대,2534,1959.12.07.,제4대국회 제33회(정기회) 제17차 국회본회의(전체회의) (1959.12.07.),11,2,1,0,3,0,4.0,8.396427811873252,false,1.0,2.236067977500642,false,1.0,2.236067977499388,false,0.0,1.210576058124894e-7,false,0.0,0.0,true,0.2,0.44721359549994283,false
제4대,2535,1959.12.07.,제4대국회 제33회(정기회) 제5차 예산결산위원회(전체회의) (1959.12.07.),7,0,0,14,0,8,2.4,4.82700735445872,false,0.4,0.8944271910020499,false,0.2,0.44721359549796075,false,0.0,1.210576058124894e-7,true,0.6,1.341640786499874,false,0.0,0.0,true
제4대,2536,1959.12.08.,제4대국회 제33회(정기회) 제17차 국회운영위원회(전체회의) (1959.12.08.),2,0,0,0,0,0,3.8,4.969909455915535,false,0.4,0.8944271910020499,false,0.2,0.44721359549796075,false,2.8,6.260990336999412,false,0.6,1.341640786499874,false,1.6,3.5777087639996625,false
제4대,2537,1959.12.08.,제4대국회 제33회(정기회) 제6차 예산결산위원회(전체회의) (1959.12.08.),0,0,5,0,0,0,4.0,4.847679857416192,false,0.4,0.8944271910020499,false,0.2,0.44721359549796075,true,2.8,6.260990336999412,false,0.6,1.341640786499874,false,1.6,3.5777087639996625,false
제4대,2538,1959.12.09.,제4대국회 제33회(정기회) 제14차 부흥위원회(전체회의) (1959.12.09.),8,5,0,0,0,7,4.0,4.847679857416192,false,0.4,0.8944271910020499,true,1.2,2.1679483388674647,false,2.8,6.260990336999412,false,0.6,1.341640786499874,false,1.6,3.5777087639996625,false
제4대,2539,1959.12.09.,제4대국회 제33회(정기회) 제18차 국회본회의(전체회의) (1959.12.09.),0,0,1,0,0,0,5.6,4.505552130427387,false,1.4,2.1908902300215334,false,1.2,2.1679483388674647,false,2.8,6.260990336999412,false,0.6,1.341640786499874,false,3.0,4.12310562561766,false
제4대,2540,1959.12.09.,제4대국회 제33회(정기회) 제18차 국회운영위원회(전체회의) (1959.12.09.),0,0,0,0,0,0,3.4,3.847076812334091,false,1.0,2.236067977500642,false,1.2,2.1679483388674647,false,2.8,6.260990336999412,false,0.0,1.4895204919483638e-16,false,3.0,4.12310562561766,false
제4대,2541,1959.12.09.,제4대국회 제33회(정기회) 제7차 예산결산위원회(전체회의) (1959.12.09.),10,6,79,4,1,2,2.0,3.4641016151375448,true,1.0,2.236067977500642,true,1.2,2.1679483388674647,true,0.0,1.1920928955078125e-7,true,0.0,1.4895204919483638e-16,true,1.4,3.1304951684997038,false
제4대,2542,1959.12.10.,제4대국회 제33회(정기회) 제12차 국방위원회(전체회의) (1959.12.10.),0,0,0,2,0,0,3.6,4.979959839195357,false,2.2,3.0331501776212466,false,17.0,34.72031105851441,false,0.8,1.7888543819998357,false,0.2,0.4472135954999581,false,1.8,3.033150177620619,false
제4대,2543,1959.12.10.,제4대국회 제33회(정기회) 제8차 예산결산위원회(전체회의) (1959.12.10.),2,1,2,0,0,0,3.6,4.979959839195357,false,2.2,3.0331501776212466,false,16.0,35.22073253071262,false,1.2,1.7888543819998357,false,0.2,0.4472135954999581,false,1.8,3.033150177620619,false
제4대,2544,1959.12.11.,제4대국회 제33회(정기회) 제19차 국회본회의(전체회의) (1959.12.11.),1,6,0,0,0,0,2.4,4.335896677735596,false,1.4,2.6076809620817896,false,16.4,35.00428545192714,false,1.2,1.7888543819998357,false,0.2,0.4472135954999581,false,0.4,0.8944271909999087,false
제4대,2545,1959.12.11.,제4대국회 제33회(정기회) 제19차 국회운영위원회(전체회의) (1959.12.11.),0,0,0,0,0,0,2.6,4.219004621945629,false,2.6,3.1304951685003117,false,16.2,35.11694747554232,false,1.2,1.7888543819998357,false,0.2,0.4472135954999581,false,0.4,0.8944271909999087,false
제4대,2546,1959.12.11.,제4대국회 제33회(정기회) 제9차 예산결산위원회(전체회의) (1959.12.11.),9,3,1,0,0,0,2.6,4.219004621945629,false,2.6,3.1304951685003117,false,16.2,35.11694747554232,false,1.2,1.7888543819998357,false,0.2,0.4472135954999581,false,0.4,0.8944271909999087,false
제4대,2547,1959.12.12.,제4대국회 제33회(정기회) 제10차 예산결산위원회(전체회의) (1959.12.12.),22,1,0,0,0,1,2.4,3.7815340802376185,true,2.0,2.549509756797138,false,0.6,0.8944271909987715,false,0.4,0.8944271909999241,false,0.0,1.3653937842860003e-16,false,0.0,0.0,true
제4대,2548,1959.12.14.,제4대국회 제33회(정기회) 제11차 예산결산위원회(전체회의) (1959.12.14.),22,2,0,0,0,1,6.8,9.203260291874768,false,2.2,2.38746727726346,false,0.6,0.8944271909987715,false,0.0,1.210576058124894e-7,false,0.0,1.3653937842860003e-16,false,0.2,0.44721359549994283,false
제4대,2549,1959.12.14.,제4대국회 제33회(정기회) 제13차 국방위원회(전체회의) (1959.12.14.),1,0,0,0,0,0,10.8,10.802777420645075,false,2.4,2.302172886645092,false,0.2,0.44721359549767226,false,0.0,1.210576058124894e-7,false,0.0,1.3653937842860003e-16,false,0.4,0.5477225575051544,false
제4대,2550,1959.12.14.,제4대국회 제33회(정기회) 제20차 국회본회의(전체회의) (1959.12.14.),0,0,0,0,0,0,10.8,10.802777420645075,false,1.2,1.30384048104199,false,0.2,0.44721359549767226,false,0.0,1.210576058124894e-7,false,0.0,1.3653937842860003e-16,false,0.4,0.5477225575051544,false
제4대,2551,1959.12.14.,제4대국회 제33회(정기회) 제20차 국회운영위원회(전체회의) (1959.12.14.),0,0,0,0,0,0,10.8,10.802777420645075,false,1.2,1.30384048104199,false,0.2,0.44721359549767226,false,0.0,1.210576058124894e-7,false,0.0,1.3653937842860003e-16,false,0.4,0.5477225575051544,false
제4대,2552,1959.12.15.,제4대국회 제33회(정기회) 제12차 예산결산위원회(전체회의) (1959.12.15.),15,1,0,0,0,0,9.0,11.874342087037874,false,0.6,0.8944271910020474,false,0.0,0.0,false,0.0,1.210576058124894e-7,false,0.0,1.3653937842860003e-16,false,0.4,0.5477225575051544,false
제4대,2553,1959.12.16.,제4대국회 제33회(정기회) 제10차 내무위원회(전체회의) (1959.12.16.),0,0,1,2,0,8,7.6,10.261578825892189,false,0.6,0.8944271910020474,false,0.0,0.0,true,0.0,1.210576058124894e-7,true,0.0,1.3653937842860003e-16,false,0.2,0.44721359549994283,true
제4대,2554,1959.12.16.,제4대국회 제33회(정기회) 제13차 예산결산위원회(전체회의) (1959.12.16.),23,15,0,0,1,1,3.2,6.61059755241526,true,0.2,0.44721359550422507,true,0.2,0.44721359549767226,false,0.4,0.8944271909999241,false,0.0,1.3653937842860003e-16,true,1.6,3.5777087639996625,false
제4대,2555,1959.12.16.,제4대국회 제33회(정기회) 제15차 부흥위원회(전체회의) (1959.12.16.),1,25,0,0,0,16,7.6,10.784247771634279,false,3.2,6.610597552415651,true,0.2,0.44721359549767226,false,0.4,0.8944271909999241,false,0.2,0.4472135954999581,false,1.8,3.492849839314595,true
제4대,2556,1959.12.16.,제4대국회 제33회(정기회) 제21차 국회운영위원회(전체회의) (1959.12.16.),0,0,0,0,0,0,7.8,10.616025621672119,false,8.2,11.344602240713588,false,0.2,0.44721359549767226,false,0.4,0.8944271909999241,false,0.2,0.4472135954999581,false,5.0,7.000000000000001,false
제4대,2557,1959.12.17.,제4대국회 제33회(정기회) 제11차 내무위원회(전체회의) (1959.12.17.),0,1,0,0,0,0,7.8,10.616025621672119,false,8.2,11.344602240713588,false,0.2,0.44721359549767226,false,0.4,0.8944271909999241,false,0.2,0.4472135954999581,false,5.0,7.000000000000001,false
제4대,2558,1959.12.17.,제4대국회 제33회(정기회) 제14차 예산결산위원회(전체회의) (1959.12.17.),2,24,6,0,0,0,4.8,10.18331969448071,false,8.2,11.344602240713588,false,0.2,0.44721359549767226,true,0.4,0.8944271909999241,false,0.2,0.4472135954999581,false,5.0,7.000000000000001,false
제4대,2559,1959.12.18.,제4대국회 제33회(정기회) 제15차 예산결산위원회(전체회의) (1959.12.18.),18,16,5,0,0,0,5.2,9.98498873309323,false,13.0,12.062338081814973,false,1.2,2.6832815729993653,false,0.0,1.210576058124894e-7,false,0.2,0.4472135954999581,false,3.4,7.05691150575094,false
제4대,2560,1959.12.19.,제4대국회 제33회(정기회) 제14차 국방위원회(전체회의) (1959.12.19.),0,0,0,0,0,0,4.2,7.758865896508244,false,13.2,12.111977542911964,false,2.2,3.033150177620281,false,0.0,1.210576058124894e-7,false,0.0,0.0,false,3.2,7.155417527999327,false
제4대,2561,1959.12.19.,제4대국회 제33회(정기회) 제21차 국회본회의(전체회의) (1959.12.19.),0,7,0,4,0,0,4.0,7.874007874011726,false,8.2,11.144505372604193,false,2.2,3.033150177620281,false,0.0,1.210576058124894e-7,true,0.0,0.0,false,0.0,7.944109290391273e-16,false
제4대,2562,1959.12.19.,제4대국회 제33회(정기회) 제22차 국회운영위원회(전체회의) (1959.12.19.),0,0,0,0,0,0,4.0,7.874007874011726,false,9.6,10.261578825892423,false,2.2,3.033150177620281,false,0.8,1.788854381999836,false,0.0,0.0,false,0.0,7.944109290391273e-16,false
제4대,2563,1959.12.21.,제4대국회 제33회(정기회) 제15차 국방위원회(전체회의) (1959.12.21.),2,0,0,1,0,0,4.0,7.874007874011726,false,9.4,10.478549517943966,false,2.2,3.033150177620281,false,0.8,1.788854381999836,false,0.0,0.0,false,0.0,7.944109290391273e-16,false
제4대,2564,1959.12.21.,제4대국회 제33회(정기회) 제16차 예산결산위원회(전체회의) (1959.12.21.),5,5,0,0,0,0,4.0,7.874007874011726,false,4.6,7.056911505751206,false,1.0,2.2360679774993315,false,1.0,1.7320508075688816,false,0.0,0.0,false,0.0,7.944109290391273e-16,false
제4대,2565,1959.12.21.,제4대국회 제33회(정기회) 제23차 국회운영위원회(전체회의) (1959.12.21.),0,0,0,0,0,0,1.4,2.1908902300203223,false,2.4,3.361547262794883,false,0.0,0.0,false,1.0,1.7320508075688816,false,0.0,0.0,false,0.0,7.944109290391273e-16,false
제4대,2566,1959.12.22.,제4대국회 제33회(정기회) 제17차 예산결산위원회(전체회의) (1959.12.22.),5,1,0,0,0,0,1.4,2.1908902300203223,false,2.4,3.361547262794883,false,0.0,0.0,false,1.0,1.7320508075688816,false,0.0,0.0,false,0.0,7.944109290391273e-16,false
제4대,2567,1959.12.22.,제4대국회 제33회(정기회) 제24차 국회운영위원회(전체회의) (1959.12.22.),0,0,0,0,0,0,2.4,2.5099800796019407,false,1.2,2.167948338868751,false,0.0,0.0,false,0.2,0.44721359549997436,false,0.0,0.0,false,0.0,7.944109290391273e-16,false
제4대,2568,1959.12.23.,제4대국회 제33회(정기회) 제18차 예산결산위원회(전체회의) (1959.12.23.),3,0,0,0,0,0,2.4,2.5099800796019407,false,1.2,2.167948338868751,false,0.0,0.0,false,0.2,0.44721359549997436,false,0.0,0.0,false,0.0,7.944109290391273e-16,false
제4대,2569,1959.12.23.,제4대국회 제33회(정기회) 제22차 국회본회의(전체회의) (1959.12.23.),2,1,1,0,0,0,2.6,2.5099800796019434,false,1.2,2.167948338868751,false,0.0,0.0,true,0.0,1.210576058124894e-7,false,0.0,0.0,false,0.0,7.944109290391273e-16,false
제4대,2570,1959.12.23.,제4대국회 제33회(정기회) 제25차 국회운영위원회(전체회의) (1959.12.23.),0,0,0,0,0,0,2.0,2.121320343559298,false,0.4,0.5477225575086178,false,0.2,0.4472135954976734,false,0.0,1.210576058124894e-7,false,0.0,0.0,false,0.0,7.944109290391273e-16,false
제4대,2571,1959.12.26.,제4대국회 제33회(정기회) 제23차 국회본회의(전체회의) (1959.12.26.),7,5,0,0,0,1,2.0,2.121320343559298,true,0.4,0.5477225575086178,true,0.2,0.4472135954976734,false,0.0,1.210576058124894e-7,false,0.0,0.0,false,0.0,7.944109290391273e-16,true
제4대,2572,1959.12.26.,제4대국회 제33회(정기회) 제26차 국회운영위원회(전체회의) (1959.12.26.),0,0,0,0,0,0,2.4,2.880972058177338,false,1.2,2.167948338868751,false,0.2,0.4472135954976734,false,0.0,1.210576058124894e-7,false,0.0,0.0,false,0.2,0.4472135954999587,false
제4대,2573,1959.12.27.,제4대국회 제33회(정기회) 제24차 국회본회의(전체회의) (1959.12.27.),9,9,0,0,0,2,2.4,2.880972058177338,true,1.2,2.167948338868751,true,0.2,0.4472135954976734,false,0.0,1.210576058124894e-7,false,0.0,0.0,false,0.2,0.4472135954999587,true
제4대,2574,1959.12.28.,제4대국회 제33회(정기회) 제25차 국회본회의(전체회의) (1959.12.28.),22,46,34,1,1,18,3.6,4.159326868616921,true,3.0,3.937003937006384,true,0.2,0.4472135954976734,true,0.0,1.210576058124894e-7,true,0.0,0.0,true,0.6,0.8944271909999171,true
제4대,2575,1959.12.28.,제4대국회 제33회(정기회) 제27차 국회운영위원회(전체회의) (1959.12.28.),0,3,0,0,0,0,7.6,9.016651263079819,false,12.0,19.3778223750762,false,6.8,15.205262246998501,false,0.2,0.44721359549997436,false,0.2,0.4472135954999581,false,4.2,7.758865896508329,false
제4대,2576,1959.12.29.,제4대국회 제33회(정기회) 제26차 국회본회의(전체회의) (1959.12.29.),1,36,7,2,0,2,7.6,9.016651263079819,false,12.6,18.95521036549064,false,6.8,15.205262246998501,false,0.2,0.44721359549997436,true,0.2,0.4472135954999581,false,4.2,7.758865896508329,false
제4대,2577,1959.12.29.,제4대국회 제33회(정기회) 제28차 국회운영위원회(전체회의) (1959.12.29.),0,0,0,0,0,0,6.4,9.502631214563618,false,18.8,20.825465180879004,false,8.2,14.73770674155236,false,0.6,0.8944271909999241,false,0.2,0.4472135954999581,false,4.4,7.6681158050723255,false
제4대,2578,1959.12.30.,제4대국회 제33회(정기회) 제27차 국회본회의(전체회의) (1959.12.30.),5,6,0,0,0,1,6.4,9.502631214563618,false,18.8,20.825465180879004,false,8.2,14.73770674155236,false,0.6,0.8944271909999241,false,0.2,0.4472135954999581,false,4.4,7.6681158050723255,false
제4대,2579,1959.12.30.,제4대국회 제33회(정기회) 제29차 국회운영위원회(전체회의) (1959.12.30.),0,0,0,0,0,0,5.6,9.39680796866674,false,18.2,21.217916957137987,false,8.2,14.73770674155236,false,0.6,0.8944271909999241,false,0.2,0.4472135954999581,false,4.2,7.758865896508329,false
제4대,2580,1959.12.31.,제4대국회 제33회(정기회) 제28차 국회본회의(전체회의) (1959.12.31.),0,1,0,0,0,0,1.2,2.1679483388675282,false,9.0,15.29705854077848,false,1.4,3.1304951684993703,false,0.4,0.8944271909999241,false,0.0,1.3653937842860003e-16,false,0.6,0.8944271909999156,false
제4대,2581,1959.12.31.,제4대국회 제33회(정기회) 제30차 국회운영위원회(전체회의) (1959.12.31.),0,0,0,0,0,0,1.2,2.1679483388675282,false,8.6,15.517731793016782,false,1.4,3.1304951684993703,false,0.4,0.8944271909999241,false,0.0,1.3653937842860003e-16,false,0.6,0.8944271909999156,false
제4대,2582,1960.01.11.,제4대국회 제33회(정기회) 제16차 부흥위원회(전체회의) (1960.01.11.),2,0,0,0,0,0,1.0,2.2360679774994456,false,1.4,2.607680962081812,false,0.0,0.0,false,0.0,1.210576058124894e-7,false,0.0,1.3653937842860003e-16,false,0.2,0.44721359549995576,false
제4대,2583,1960.01.11.,제4대국회 제33회(정기회) 제29차 국회본회의(전체회의) (1960.01.11.),1,3,0,0,0,0,1.4,2.1908902300203192,false,1.4,2.607680962081812,false,0.0,0.0,false,0.0,1.210576058124894e-7,false,0.0,1.3653937842860003e-16,false,0.2,0.44721359549995576,false
제4대,2584,1960.01.11.,제4대국회 제33회(정기회) 제31차 국회운영위원회(전체회의) (1960.01.11.),0,0,0,0,0,0,0.6,0.8944271909990417,false,0.8,1.3038404810420383,false,0.0,0.0,false,0.0,1.210576058124894e-7,false,0.0,1.3653937842860003e-16,false,0.0,0.0,false
제4대,2585,1960.01.12.,제4대국회 제33회(정기회) 제16차 국방위원회(전체회의) (1960.01.12.),0,0,0,0,0,0,0.6,0.8944271909990417,false,0.8,1.3038404810420383,false,0.0,0.0,false,0.0,1.210576058124894e-7,false,0.0,1.3653937842860003e-16,false,0.0,0.0,false
제4대,2586,1960.01.12.,제4대국회 제33회(정기회) 제30차 국회본회의(전체회의) (1960.01.12.),2,0,0,0,0,0,0.6,0.8944271909990417,false,0.6,1.3416407865013409,false,0.0,0.0,false,0.0,1.210576058124894e-7,false,0.0,1.3653937842860003e-16,false,0.0,0.0,false
제4대,2587,1960.01.12.,제4대국회 제33회(정기회) 제32차 국회운영위원회(전체회의) (1960.01.12.),0,0,0,0,0,0,1.0,0.9999999999992308,false,0.6,1.3416407865013409,false,0.0,0.0,false,0.0,1.210576058124894e-7,false,0.0,1.3653937842860003e-16,false,0.0,0.0,false
제4대,2588,1960.01.13.,제4대국회 제33회(정기회) 제33차 국회운영위원회(전체회의) (1960.01.13.),0,0,0,0,0,0,0.6,0.8944271909990417,false,0.6,1.3416407865013409,false,0.0,0.0,false,0.0,1.210576058124894e-7,false,0.0,1.3653937842860003e-16,false,0.0,0.0,false
제4대,2589,1960.01.13.,제4대국회 제33회(정기회) 제9차 문교위원회(전체회의) (1960.01.13.),0,0,0,0,1,0,0.4,0.8944271909990344,false,0.0,1.9859396447723193e-6,false,0.0,0.0,false,0.0,1.210576058124894e-7,false,0.0,1.3653937842860003e-16,true,0.0,0.0,false
제4대,2590,1960.01.14.,제4대국회 제33회(정기회) 제10차 문교위원회(전체회의) (1960.01.14.),1,0,0,0,0,0,0.4,0.8944271909990344,false,0.0,1.9859396447723193e-6,false,0.0,0.0,false,0.0,1.210576058124894e-7,false,0.2,0.4472135954999581,false,0.0,0.0,false
제4대,2591,1960.01.14.,제4대국회 제33회(정기회) 제17차 부흥위원회(전체회의) (1960.01.14.),18,1,0,1,0,0,0.6,0.8944271909990417,true,0.0,1.9859396447723193e-6,true,0.0,0.0,false,0.0,1.210576058124894e-7,true,0.2,0.4472135954999581,false,0.0,0.0,false
제4대,2592,1960.01.14.,제4대국회 제33회(정기회) 제34차 국회운영위원회(전체회의) (1960.01.14.),0,0,0,0,0,0,3.8,7.949842765740631,false,0.2,0.4472135955043646,false,0.0,0.0,false,0.2,0.44721359549997436,false,0.2,0.4472135954999581,false,0.0,0.0,false
제4대,2593,1960.01.15.,제4대국회 제33회(정기회) 제31차 국회본회의(전체회의) (1960.01.15.),3,0,0,1,0,5,3.8,7.949842765740631,false,0.2,0.4472135955043646,false,0.0,0.0,false,0.2,0.44721359549997436,false,0.2,0.4472135954999581,false,0.0,0.0,true
제4대,2594,1960.01.15.,제4대국회 제33회(정기회) 제35차 국회운영위원회(전체회의) (1960.01.15.),0,0,0,0,0,0,4.4,7.700649323271297,false,0.2,0.4472135955043646,false,0.0,0.0,false,0.4,0.5477225575051795,false,0.2,0.4472135954999581,false,1.0,2.2360679774997902,false
제4대,2595,1960.01.16.,제4대국회 제33회(정기회) 제1차 금융오직사건특별조사위원회(전체회의) (1960.01.16.),0,0,0,0,0,0,4.4,7.700649323271296,false,0.2,0.4472135955043646,false,0.0,0.0,false,0.4,0.5477225575051795,false,0.0,0.0,false,1.0,2.2360679774997902,false
제4대,2596,1960.01.16.,제4대국회 제33회(정기회) 제32차 국회본회의(전체회의) (1960.01.16.),0,0,0,0,0,0,4.2,7.823042886243093,false,0.2,0.4472135955043646,false,0.0,0.0,false,0.4,0.5477225575051795,false,0.0,0.0,false,1.0,2.2360679774997902,false
제4대,2597,1960.01.16.,제4대국회 제33회(정기회) 제36차 국회운영위원회(전체회의) (1960.01.16.),20,0,0,0,0,0,0.6,1.3416407864992876,true,0.0,1.9859396447723193e-6,false,0.0,0.0,false,0.2,0.44721359549997436,false,0.0,0.0,false,1.0,2.2360679774997902,false
제4대,2598,1960.01.18.,제4대국회 제33회(정기회) 제18차 부흥위원회(전체회의) (1960.01.18.),2,0,0,0,0,0,4.6,8.70631954387149,false,0.0,1.9859396447723193e-6,false,0.0,0.0,false,0.2,0.44721359549997436,false,0.0,0.0,false,1.0,2.2360679774997902,false
제4대,2599,1960.01.18.,제4대국회 제33회(정기회) 제33차 국회본회의(전체회의) (1960.01.18.),0,0,0,0,0,1,4.4,8.763560920082583,false,0.0,1.9859396447723193e-6,false,0.0,0.0,false,0.0,1.210576058124894e-7,false,0.0,0.0,false,0.0,0.0,true
제4대,2600,1960.01.18.,제4대국회 제33회(정기회) 제37차 국회운영위원회(전체회의) (1960.01.18.),0,0,0,0,0,0,4.4,8.763560920082583,false,0.0,1.9859396447723193e-6,false,0.0,0.0,false,0.0,1.210576058124894e-7,false,0.0,0.0,false,0.2,0.4472135954999558,false
제4대,2601,1960.01.19.,제4대국회 제33회(정기회) 제12차 내무위원회(전체회의) (1960.01.19.),0,0,0,0,0,0,4.4,8.763560920082583,false,0.0,1.9859396447723193e-6,false,0.0,0.0,false,0.0,1.210576058124894e-7,false,0.0,0.0,false,0.2,0.4472135954999558,false
제4대,2602,1960.01.19.,제4대국회 제33회(정기회) 제17차 국방위원회(전체회의) (1960.01.19.),0,0,0,0,0,0,4.4,8.763560920082583,false,0.0,1.9859396447723193e-6,false,0.0,0.0,false,0.0,1.210576058124894e-7,false,0.0,0.0,false,0.2,0.4472135954999558,false
제4대,2603,1960.01.19.,제4대국회 제33회(정기회) 제1차 문교위원회(전체회의) (1960.01.19.),0,0,0,0,0,0,0.4,0.8944271909990305,false,0.0,1.9859396447723193e-6,false,0.0,0.0,false,0.0,1.210576058124894e-7,false,0.0,0.0,false,0.2,0.4472135954999558,false
제4대,2604,1960.01.19.,제4대국회 제33회(정기회) 제34차 국회본회의(전체회의) (1960.01.19.),11,0,0,1,0,0,0.0,0.0,true,0.0,1.9859396447723193e-6,false,0.0,0.0,false,0.0,1.210576058124894e-7,true,0.0,0.0,false,0.2,0.4472135954999558,false
제4대,2605,1960.01.19.,제4대국회 제33회(정기회) 제38차 국회운영위원회(전체회의) (1960.01.19.),51,0,0,0,0,0,2.2,4.919349550499388,true,0.0,1.9859396447723193e-6,false,0.0,0.0,false,0.2,0.44721359549997436,false,0.0,0.0,false,0.0,0.0,false
제4대,2606,1960.01.20.,제4대국회 제33회(정기회) 제35차 국회본회의(전체회의) (1960.01.20.),3,0,0,0,0,0,12.4,22.097511172075446,false,0.0,1.9859396447723193e-6,false,0.0,0.0,false,0.2,0.44721359549997436,false,0.0,0.0,false,0.0,0.0,false
제4대,2607,1960.01.20.,제4대국회 제33회(정기회) 제39차 국회운영위원회(전체회의) (1960.01.20.),0,0,0,0,0,0,13.0,21.714050750608443,false,0.0,1.9859396447723193e-6,false,0.0,0.0,false,0.2,0.44721359549997436,false,0.0,0.0,false,0.0,0.0,false
제4대,2608,1960.01.21.,제4대국회 제33회(정기회) 제40차 국회운영위원회(전체회의) (1960.01.21.),5,0,0,0,0,0,13.0,21.714050750608443,false,0.0,1.9859396447723193e-6,false,0.0,0.0,false,0.2,0.44721359549997436,false,0.0,0.0,false,0.0,0.0,false
제4대,2609,1960.01.21.,제4대국회 제33회(정기회) 폐회식 국회본회의(전체회의) (1960.01.21.),1,3,0,0,0,1,14.0,21.07130750570546,false,0.0,1.9859396447723193e-6,true,0.0,0.0,false,0.2,0.44721359549997436,false,0.0,0.0,false,0.0,0.0,true
제4대,2610,1960.02.02.,제4대국회 제34회(임시회) 개회식 국회본회의(전체회의) (1960.02.02.),0,0,0,0,0,0,12.0,21.88606862823927,false,0.6,1.3416407865013409,false,0.0,0.0,false,0.0,1.210576058124894e-7,false,0.0,0.0,false,0.2,0.4472135954999558,false
제4대,2611,1960.02.16.,제4대국회 제34회(임시회) 제1차 국회운영위원회(전체회의) (1960.02.16.),1,0,0,0,0,0,1.8,2.1679483388675194,false,0.6,1.3416407865013409,false,0.0,0.0,false,0.0,1.210576058124894e-7,false,0.0,0.0,false,0.2,0.4472135954999558,false
제4대,2612,1960.02.22.,제4대국회 제34회(임시회) 제1차 법제사법위원회(전체회의) (1960.02.22.),0,0,0,0,0,0,1.4,2.073644135332389,false,0.6,1.3416407865013409,false,0.0,0.0,false,0.0,1.210576058124894e-7,false,0.0,0.0,false,0.2,0.4472135954999558,false
제4대,2613,1960.03.02.,제4대국회 제34회(임시회) 제2차 국회운영위원회(전체회의) (1960.03.02.),0,0,0,0,0,0,1.4,2.073644135332389,false,0.6,1.3416407865013409,false,0.0,0.0,false,0.0,1.210576058124894e-7,false,0.0,0.0,false,0.2,0.4472135954999558,false
제4대,2614,1960.03.03.,제4대국회 제34회(임시회) 폐회식 국회본회의(전체회의) (1960.03.03.),0,0,0,0,0,0,0.4,0.5477225575036571,false,0.6,1.3416407865013409,false,0.0,0.0,false,0.0,1.210576058124894e-7,false,0.0,0.0,false,0.2,0.4472135954999558,false
제4대,2615,1960.03.17.,제4대국회 제35회(임시회) 개회식 국회본회의(전체회의) (1960.03.17.),0,0,0,0,0,0,0.2,0.4472135954980954,false,0.0,1.9859396447723193e-6,false,0.0,0.0,false,0.0,1.210576058124894e-7,false,0.0,0.0,false,0.0,0.0,false
제4대,2616,1960.03.18.,제4대국회 제35회(임시회) 제1차 국회본회의(전체회의) (1960.03.18.),0,0,0,0,0,0,0.2,0.4472135954980954,false,0.0,1.9859396447723193e-6,false,0.0,0.0,false,0.0,1.210576058124894e-7,false,0.0,0.0,false,0.0,0.0,false
제4대,2617,1960.03.18.,제4대국회 제35회(임시회) 제1차 국회운영위원회(전체회의) (1960.03.18.),0,0,0,0,0,0,0.0,0.0,false,0.0,1.9859396447723193e-6,false,0.0,0.0,false,0.0,1.210576058124894e-7,false,0.0,0.0,false,0.0,0.0,false
제4대,2618,1960.03.19.,제4대국회 제35회(임시회) 제1차 내무위원회(전체회의) (1960.03.19.),0,0,0,0,0,0,0.0,0.0,false,0.0,1.9859396447723193e-6,false,0.0,0.0,false,0.0,1.210576058124894e-7,false,0.0,0.0,false,0.0,0.0,false
제4대,2619,1960.03.22.,제4대국회 제35회(임시회) 제2차 내무위원회(전체회의) (1960.03.22.),0,0,0,0,0,0,0.0,0.0,false,0.0,1.9859396447723193e-6,false,0.0,0.0,false,0.0,1.210576058124894e-7,false,0.0,0.0,false,0.0,0.0,false
제4대,2620,1960.03.23.,제4대국회 제35회(임시회) 제2차 국회운영위원회(전체회의) (1960.03.23.),0,0,0,0,0,0,0.0,0.0,false,0.0,1.9859396447723193e-6,false,0.0,0.0,false,0.0,1.210576058124894e-7,false,0.0,0.0,false,0.0,0.0,false
제4대,2621,1960.03.24.,제4대국회 제35회(임시회) 제1차 마산사건조사특별위원회(전체회의) (1960.03.24.),2,1,0,0,0,0,0.0,0.0,true,0.0,1.9859396447723193e-6,true,0.0,0.0,false,0.0,1.210576058124894e-7,false,0.0,0.0,false,0.0,0.0,false
제4대,2622,1960.03.29.,제4대국회 제35회(임시회) 제3차 국회운영위원회(전체회의) (1960.03.29.),0,0,0,0,0,0,0.4,0.8944271909989918,false,0.2,0.4472135955043646,false,0.0,0.0,false,0.0,1.210576058124894e-7,false,0.0,0.0,false,0.0,0.0,false
제4대,2623,1960.03.30.,제4대국회 제35회(임시회) 제4차 국회운영위원회(전체회의) (1960.03.30.),0,0,0,0,0,0,0.4,0.8944271909989918,false,0.2,0.4472135955043646,false,0.0,0.0,false,0.0,1.210576058124894e-7,false,0.0,0.0,false,0.0,0.0,false
제4대,2624,1960.03.31.,제4대국회 제35회(임시회) 제2차 국회본회의(전체회의) (1960.03.31.),0,0,0,0,0,0,0.4,0.8944271909989918,false,0.2,0.4472135955043646,false,0.0,0.0,false,0.0,1.210576058124894e-7,false,0.0,0.0,false,0.0,0.0,false
제4대,2625,1960.03.31.,제4대국회 제35회(임시회) 제5차 국회운영위원회(전체회의) (1960.03.31.),0,0,0,0,0,0,0.4,0.8944271909989918,false,0.2,0.4472135955043646,false,0.0,0.0,false,0.0,1.210576058124894e-7,false,0.0,0.0,false,0.0,0.0,false
제4대,2626,1960.04.08.,제4대국회 제35회(임시회) 제2차 마산사건조사특별위원회(전체회의) (1960.04.08.),0,0,0,0,0,0,0.4,0.8944271909989918,false,0.2,0.4472135955043646,false,0.0,0.0,false,0.0,1.210576058124894e-7,false,0.0,0.0,false,0.0,0.0,false
제4대,2627,1960.04.09.,제4대국회 제35회(임시회) 제3차 마산사건조사특별위원회(전체회의) (1960.04.09.),0,0,0,0,0,0,0.0,0.0,false,0.0,1.9859396447723193e-6,false,0.0,0.0,false,0.0,1.210576058124894e-7,false,0.0,0.0,false,0.0,0.0,false
제4대,2628,1960.04.10.,제4대국회 제35회(임시회) 제4차 마산사건조사특별위원회(전체회의) (1960.04.10.),0,0,0,0,0,0,0.0,0.0,false,0.0,1.9859396447723193e-6,false,0.0,0.0,false,0.0,1.210576058124894e-7,false,0.0,0.0,false,0.0,0.0,false
제4대,2629,1960.04.11.,제4대국회 제35회(임시회) 제3차 국회본회의(전체회의) (1960.04.11.),0,0,0,0,0,1,0.0,0.0,false,0.0,1.9859396447723193e-6,false,0.0,0.0,false,0.0,1.210576058124894e-7,false,0.0,0.0,false,0.0,0.0,true
제4대,2630,1960.04.11.,제4대국회 제35회(임시회) 제6차 국회운영위원회(전체회의) (1960.04.11.),0,0,0,0,0,0,0.0,0.0,false,0.0,1.9859396447723193e-6,false,0.0,0.0,false,0.0,1.210576058124894e-7,false,0.0,0.0,false,0.2,0.4472135954999558,false
제4대,2631,1960.04.12.,제4대국회 제35회(임시회) 제4차 국회본회의(전체회의) (1960.04.12.),0,0,1,4,0,0,0.0,0.0,false,0.0,1.9859396447723193e-6,false,0.0,0.0,true,0.0,1.210576058124894e-7,true,0.0,0.0,false,0.2,0.4472135954999558,false
제4대,2632,1960.04.12.,제4대국회 제35회(임시회) 제7차 국회운영위원회(전체회의) (1960.04.12.),0,0,0,0,0,0,0.0,0.0,false,0.0,1.9859396447723193e-6,false,0.2,0.4472135954976188,false,0.8,1.788854381999836,false,0.0,0.0,false,0.2,0.4472135954999558,false
제4대,2633,1960.04.13.,제4대국회 제35회(임시회) 제1차 제2마산사건조사특별위원회(전체회의) (1960.04.13.),0,0,0,0,0,0,0.0,0.0,false,0.0,1.9859396447723193e-6,false,0.2,0.4472135954976188,false,0.8,1.788854381999836,false,0.0,0.0,false,0.2,0.4472135954999558,false
제4대,2634,1960.04.13.,제4대국회 제35회(임시회) 제8차 국회운영위원회(전체회의) (1960.04.13.),0,0,0,0,0,0,0.0,0.0,false,0.0,1.9859396447723193e-6,false,0.2,0.4472135954976188,false,0.8,1.788854381999836,false,0.0,0.0,false,0.2,0.4472135954999558,false
제4대,2635,1960.04.14.,제4대국회 제35회(임시회) 제2차 제2마산사건조사특별위원회(전체회의) (1960.04.14.),0,0,1,0,0,0,0.0,0.0,false,0.0,1.9859396447723193e-6,false,0.2,0.4472135954976188,false,0.8,1.788854381999836,false,0.0,0.0,false,0.0,0.0,false
제4대,2636,1960.04.14.,제4대국회 제35회(임시회) 제9차 국회운영위원회(전체회의) (1960.04.14.),0,1,0,0,0,0,0.0,0.0,false,0.0,1.9859396447723193e-6,true,0.4,0.5477225575032549,false,0.8,1.788854381999836,false,0.0,0.0,false,0.0,0.0,false
제4대,2637,1960.04.15.,제4대국회 제35회(임시회) 제10차 국회운영위원회(전체회의) (1960.04.15.),0,0,0,0,0,0,0.0,0.0,false,0.2,0.4472135955043646,false,0.2,0.4472135954976188,false,0.0,1.210576058124894e-7,false,0.0,0.0,false,0.0,0.0,false
제4대,2638,1960.04.15.,제4대국회 제35회(임시회) 제3차 제2마산사건조사특별위원회(전체회의) (1960.04.15.),0,0,1,0,0,0,0.0,0.0,false,0.2,0.4472135955043646,false,0.2,0.4472135954976188,false,0.0,1.210576058124894e-7,false,0.0,0.0,false,0.0,0.0,false
제4대,2639,1960.04.15.,제4대국회 제35회(임시회) 제5차 국회본회의(전체회의) (1960.04.15.),0,0,0,0,0,0,0.0,0.0,false,0.2,0.4472135955043646,false,0.4,0.5477225575032549,false,0.0,1.210576058124894e-7,false,0.0,0.0,false,0.0,0.0,false
제4대,2640,1960.04.16.,제4대국회 제35회(임시회) 제11차 국회운영위원회(전체회의) (1960.04.16.),2,0,0,0,0,0,0.0,0.0,true,0.2,0.4472135955043646,false,0.4,0.5477225575032549,false,0.0,1.210576058124894e-7,false,0.0,0.0,false,0.0,0.0,false
제4대,2641,1960.04.16.,제4대국회 제35회(임시회) 제4차 제2마산사건조사특별위원회(전체회의) (1960.04.16.),3,0,0,0,0,0,0.4,0.8944271909989918,true,0.2,0.4472135955043646,false,0.2,0.4472135954976188,false,0.0,1.210576058124894e-7,false,0.0,0.0,false,0.0,0.0,false
제4대,2642,1960.04.16.,제4대국회 제35회(임시회) 제6차 국회본회의(전체회의) (1960.04.16.),0,0,0,0,0,0,1.0,1.4142135623725243,false,0.0,1.9859396447723193e-6,false,0.2,0.4472135954976188,false,0.0,1.210576058124894e-7,false,0.0,0.0,false,0.0,0.0,false
제4대,2643,1960.04.17.,제4대국회 제35회(임시회) 제5차 제2마산사건조사특별위원회(전체회의) (1960.04.17.),1,0,0,1,4,0,1.0,1.4142135623725243,false,0.0,1.9859396447723193e-6,false,0.2,0.4472135954976188,false,0.0,1.210576058124894e-7,true,0.0,0.0,true,0.0,0.0,false
제4대,2644,1960.04.18.,제4대국회 제35회(임시회) 제6차 제2마산사건조사특별위원회(전체회의) (1960.04.18.),0,0,0,0,1,0,1.2,1.3038404810399156,false,0.0,1.9859396447723193e-6,false,0.0,0.0,false,0.2,0.44721359549997436,false,0.8,1.7888543819998317,false,0.0,0.0,false
제4대,2645,1960.04.19.,제4대국회 제35회(임시회) 제7차 제2마산사건조사특별위원회(전체회의) (1960.04.19.),0,0,0,0,0,0,1.2,1.3038404810399156,false,0.0,1.9859396447723193e-6,false,0.0,0.0,false,0.2,0.44721359549997436,false,1.0,1.7320508075688774,false,0.0,0.0,false
제4대,2646,1960.04.22.,제4대국회 제35회(임시회) 제12차 국회운영위원회(전체회의) (1960.04.22.),0,0,0,0,0,0,0.8,1.3038404810399058,false,0.0,1.9859396447723193e-6,false,0.0,0.0,false,0.2,0.44721359549997436,false,1.0,1.7320508075688774,false,0.0,0.0,false
제4대,2647,1960.04.22.,제4대국회 제35회(임시회) 제1차 국방위원회(전체회의) (1960.04.22.),0,0,0,1,0,0,0.2,0.4472135954980959,false,0.0,1.9859396447723193e-6,false,0.0,0.0,false,0.2,0.44721359549997436,false,1.0,1.7320508075688774,false,0.0,0.0,false
제4대,2648,1960.04.22.,제4대국회 제35회(임시회) 제7차 국회본회의(전체회의) (1960.04.22.),0,0,0,0,0,0,0.2,0.4472135954980959,false,0.0,1.9859396447723193e-6,false,0.0,0.0,false,0.4,0.5477225575051795,false,1.0,1.7320508075688774,false,0.0,0.0,false
제4대,2649,1960.04.25.,제4대국회 제35회(임시회) 제13차 국회운영위원회(전체회의) (1960.04.25.),0,0,0,0,0,0,0.0,0.0,false,0.0,1.9859396447723193e-6,false,0.0,0.0,false,0.2,0.44721359549997436,false,0.2,0.4472135954999584,false,0.0,0.0,false
제4대,2650,1960.04.25.,제4대국회 제35회(임시회) 제8차 국회본회의(전체회의) (1960.04.25.),0,0,0,0,0,0,0.0,0.0,false,0.0,1.9859396447723193e-6,false,0.0,0.0,false,0.2,0.44721359549997436,false,0.0,1.8250120749944284e-8,false,0.0,0.0,false
제4대,2651,1960.04.26.,제4대국회 제35회(임시회) 제14차 국회운영위원회(전체회의) (1960.04.26.),0,0,0,0,0,0,0.0,0.0,false,0.0,1.9859396447723193e-6,false,0.0,0.0,false,0.2,0.44721359549997436,false,0.0,1.8250120749944284e-8,false,0.0,0.0,false
제4대,2652,1960.04.26.,제4대국회 제35회(임시회) 제9차 국회본회의(전체회의) (1960.04.26.),0,0,0,0,0,0,0.0,0.0,false,0.0,1.9859396447723193e-6,false,0.0,0.0,false,0.2,0.44721359549997436,false,0.0,1.8250120749944284e-8,false,0.0,0.0,false
제4대,2653,1960.04.27.,제4대국회 제35회(임시회) 제10차 국회본회의(전체회의) (1960.04.27.),0,0,0,0,0,0,0.0,0.0,false,0.0,1.9859396447723193e-6,false,0.0,0.0,false,0.0,1.210576058124894e-7,false,0.0,1.8250120749944284e-8,false,0.0,0.0,false
제4대,2654,1960.04.27.,제4대국회 제35회(임시회) 제15차 국회운영위원회(전체회의) (1960.04.27.),0,0,0,0,0,0,0.0,0.0,false,0.0,1.9859396447723193e-6,false,0.0,0.0,false,0.0,1.210576058124894e-7,false,0.0,1.8250120749944284e-8,false,0.0,0.0,false
제헌,0,1948.05.31.,제1대국회 제1회(임시회) 제1차 국회본회의(전체회의) (1948.05.31.),0,0,0,0,0,0,0.0,0.0,false,0.0,2.2931655770072966e-6,false,0.0,0.0,false,0.0,1.3978528260658472e-7,false,0.0,2.1073424255447017e-8,false,0.0,0.0,false
제헌,1,1948.06.01.,제1대국회 제1회(임시회) 제2차 국회본회의(전체회의) (1948.06.01.),1,0,0,0,0,0,0.0,0.0,true,0.0,2.2931655770072966e-6,false,0.0,0.0,false,0.0,1.3978528260658472e-7,false,0.0,2.1073424255447017e-8,false,0.0,0.0,false
제헌,2,1948.06.02.,제1대국회 제1회(임시회) 제3차 국회본회의(전체회의) (1948.06.02.),1,1,11,0,1,2,0.25,0.49999999999778366,false,0.0,2.2931655770072966e-6,true,0.0,0.0,true,0.0,1.3978528260658472e-7,false,0.0,2.1073424255447017e-8,true,0.0,0.0,true
제헌,3,1948.06.03.,제1대국회 제1회(임시회) 제4차 국회본회의(전체회의) (1948.06.03.),1,0,1,0,0,0,0.5,0.5773502691877248,false,0.25,0.5000000000052545,false,2.75,5.499999999999744,false,0.0,1.3978528260658472e-7,false,0.25,0.5000000000000006,false,0.5,0.9999999999999996,false
제헌,4,1948.06.08.,제1대국회 제1회(임시회) 제5차 국회본회의(전체회의) (1948.06.08.),0,0,0,0,0,0,0.75,0.49999999999782635,false,0.25,0.5000000000052545,false,3.0,5.354126134736074,false,0.0,1.3978528260658472e-7,false,0.25,0.5000000000000006,false,0.5,0.9999999999999996,false
제헌,5,1948.06.09.,제1대국회 제1회(임시회) 제6차 국회본회의(전체회의) (1948.06.09.),0,0,0,0,0,0,0.6,0.5477225575036692,false,0.2,0.4472135955043646,false,2.4,4.82700735445865,false,0.0,1.210576058124894e-7,false,0.2,0.4472135954999584,false,0.4,0.8944271909999153,false
제헌,6,1948.06.10.,제1대국회 제1회(임시회) 제7차 국회본회의(전체회의) (1948.06.10.),1,0,0,0,0,0,0.6,0.5477225575036692,false,0.2,0.4472135955043646,false,2.4,4.82700735445865,false,0.0,1.210576058124894e-7,false,0.2,0.4472135954999584,false,0.4,0.8944271909999153,false
제헌,7,1948.06.11.,제1대국회 제1회(임시회) 제8차 국회본회의(전체회의) (1948.06.11.),0,0,0,0,0,0,0.6,0.5477225575036692,false,0.2,0.4472135955043646,false,2.4,4.82700735445865,false,0.0,1.210576058124894e-7,false,0.2,0.4472135954999584,false,0.4,0.8944271909999153,false
제헌,8,1948.06.12.,제1대국회 제1회(임시회) 제9차 국회본회의(전체회의) (1948.06.12.),0,0,1,0,0,0,0.4,0.5477225575036575,false,0.0,1.9859396447723193e-6,false,0.2,0.4472135954976188,false,0.0,1.210576058124894e-7,false,0.0,1.747316032582309e-8,false,0.0,0.0,false
제헌,9,1948.06.14.,제1대국회 제1회(임시회) 제10차 국회본회의(전체회의) (1948.06.14.),0,0,0,0,0,0,0.2,0.4472135954980959,false,0.0,1.9859396447723193e-6,false,0.2,0.4472135954976188,false,0.0,1.210576058124894e-7,false,0.0,1.747316032582309e-8,false,0.0,0.0,false
제헌,10,1948.06.15.,제1대국회 제1회(임시회) 제11차 국회본회의(전체회의) (1948.06.15.),0,0,1,0,0,0,0.2,0.4472135954980959,false,0.0,1.9859396447723193e-6,false,0.2,0.4472135954976188,false,0.0,1.210576058124894e-7,false,0.0,1.747316032582309e-8,false,0.0,0.0,false
제헌,11,1948.06.16.,제1대국회 제1회(임시회) 제12차 국회본회의(전체회의) (1948.06.16.),0,0,2,0,0,0,0.2,0.4472135954980959,false,0.0,1.9859396447723193e-6,false,0.4,0.5477225575032549,true,0.0,1.210576058124894e-7,false,0.0,1.747316032582309e-8,false,0.0,0.0,false
제헌,12,1948.06.17.,제1대국회 제1회(임시회) 제13차 국회본회의(전체회의) (1948.06.17.),0,0,0,0,0,0,0.0,0.0,false,0.0,1.9859396447723193e-6,false,0.8,0.8366600265328227,false,0.0,1.210576058124894e-7,false,0.0,1.747316032582309e-8,false,0.0,0.0,false
제헌,13,1948.06.18.,제1대국회 제1회(임시회) 제14차 국회본회의(전체회의) (1948.06.18.),0,0,0,0,0,0,0.0,0.0,false,0.0,1.9859396447723193e-6,false,0.8,0.8366600265328227,false,0.0,1.210576058124894e-7,false,0.0,1.747316032582309e-8,false,0.0,0.0,false
제헌,14,1948.06.19.,제1대국회 제1회(임시회) 제15차 국회본회의(전체회의) (1948.06.19.),0,0,0,0,0,0,0.0,0.0,false,0.0,1.9859396447723193e-6,false,0.6,0.8944271909987447,false,0.0,1.210576058124894e-7,false,0.0,1.747316032582309e-8,false,0.0,0.0,false
제헌,15,1948.06.21.,제1대국회 제1회(임시회) 제16차 국회본회의(전체회의) (1948.06.21.),0,0,0,0,0,0,0.0,0.0,false,0.0,1.9859396447723193e-6,false,0.6,0.8944271909987447,false,0.0,1.210576058124894e-7,false,0.0,1.747316032582309e-8,false,0.0,0.0,false
제헌,16,1948.06.23.,제1대국회 제1회(임시회) 제17차 국회본회의(전체회의) (1948.06.23.),0,0,0,0,0,0,0.0,0.0,false,0.0,1.9859396447723193e-6,false,0.4,0.8944271909987455,false,0.0,1.210576058124894e-7,false,0.0,1.747316032582309e-8,false,0.0,0.0,false
제헌,17,1948.06.26.,제1대국회 제1회(임시회) 제18차 국회본회의(전체회의) (1948.06.26.),0,0,1,0,0,0,0.0,0.0,false,0.0,1.9859396447723193e-6,false,0.0,0.0,true,0.0,1.210576058124894e-7,false,0.0,1.747316032582309e-8,false,0.0,0.0,false
제헌,18,1948.06.28.,제1대국회 제1회(임시회) 제19차 국회본회의(전체회의) (1948.06.28.),0,0,1,0,0,0,0.0,0.0,false,0.0,1.9859396447723193e-6,false,0.2,0.4472135954976188,false,0.0,1.210576058124894e-7,false,0.0,1.747316032582309e-8,false,0.0,0.0,false
제헌,19,1948.06.29.,제1대국회 제1회(임시회) 제20차 국회본회의(전체회의) (1948.06.29.),1,0,17,0,1,0,0.0,0.0,true,0.0,1.9859396447723193e-6,false,0.4,0.5477225575032549,true,0.0,1.210576058124894e-7,false,0.0,1.747316032582309e-8,true,0.0,0.0,false
제헌,20,1948.06.30.,제1대국회 제1회(임시회) 제21차 국회본회의(전체회의) (1948.06.30.),4,0,9,0,0,0,0.2,0.4472135954980959,true,0.0,1.9859396447723193e-6,false,3.8,7.395944834840096,false,0.0,1.210576058124894e-7,false,0.2,0.4472135954999584,false,0.0,0.0,false
제헌,21,1948.07.01.,제1대국회 제1회(임시회) 제22차 국회본회의(전체회의) (1948.07.01.),0,0,0,0,0,7,1.0,1.7320508075684113,false,0.0,1.9859396447723193e-6,false,5.6,7.334848328356753,false,0.0,1.210576058124894e-7,false,0.2,0.44721359549995837,false,0.0,0.0,true
제헌,22,1948.07.02.,제1대국회 제1회(임시회) 제23차 국회본회의(전체회의) (1948.07.02.),21,0,7,0,0,0,1.0,1.7320508075684113,true,0.0,1.9859396447723193e-6,false,5.6,7.334848328356753,false,0.0,1.210576058124894e-7,false,0.2,0.44721359549995837,false,1.4,3.130495168499706,false
제헌,23,1948.07.03.,제1대국회 제1회(임시회) 제24차 국회본회의(전체회의) (1948.07.03.),3,0,178,0,0,0,5.2,8.983317872590208,false,0.0,1.9859396447723193e-6,false,6.8,6.870225614926912,true,0.0,1.210576058124894e-7,false,0.2,0.44721359549995837,false,1.4,3.130495168499706,false
제헌,24,1948.07.05.,제1대국회 제1회(임시회) 제25차 국회본회의(전체회의) (1948.07.05.),0,0,36,0,0,2,5.8,8.642916174532685,false,0.0,1.9859396447723193e-6,false,42.2,76.1557614366766,false,0.0,1.210576058124894e-7,false,0.2,0.44721359549995837,false,1.4,3.130495168499706,false
제헌,25,1948.07.06.,제1대국회 제1회(임시회) 제26차 국회본회의(전체회의) (1948.07.06.),1,0,3,0,0,2,5.6,8.792041856133233,false,0.0,1.9859396447723193e-6,false,46.0,75.04998334443519,false,0.0,1.210576058124894e-7,false,0.0,1.666000468656264e-8,false,1.8,3.033150177620621,false
제헌,26,1948.07.07.,제1대국회 제1회(임시회) 제27차 국회본회의(전체회의) (1948.07.07.),0,0,10,0,0,5,5.0,9.02773504263382,false,0.0,1.9859396447723193e-6,false,44.8,75.83336996336111,false,0.0,1.210576058124894e-7,false,0.0,1.666000468656264e-8,false,2.2,2.863564212655272,false
제헌,27,1948.07.12.,제1대국회 제1회(임시회) 제28차 국회본회의(전체회의) (1948.07.12.),0,0,0,0,0,9,5.0,9.02773504263382,false,0.0,1.9859396447723193e-6,false,46.8,74.47617068566294,false,0.0,1.210576058124894e-7,false,0.0,1.666000468656264e-8,false,1.8,2.0493901531919207,true
제헌,28,1948.07.14.,제1대국회 제1회(임시회) 제29차 국회본회의(전체회의) (1948.07.14.),19,0,14,0,0,1,0.8,1.3038404810399145,true,0.0,1.9859396447723193e-6,false,45.4,75.47052404747167,false,0.0,1.210576058124894e-7,false,0.0,1.666000468656264e-8,false,3.6,3.507135583350038,false
제헌,29,1948.07.15.,제1대국회 제1회(임시회) 제30차 국회본회의(전체회의) (1948.07.15.),47,1,107,0,0,0,4.0,8.39642781187325,true,0.0,1.9859396447723193e-6,true,12.6,14.20563268566378,true,0.0,1.210576058124894e-7,false,0.0,1.666000468656264e-8,false,3.8,3.271085446759227,false
제헌,30,1948.07.16.,제1대국회 제1회(임시회) 제31차 국회본회의(전체회의) (1948.07.16.),25,0,4,0,0,0,13.4,20.452383724153016,false,0.2,0.4472135955043646,false,26.8,45.17410762815353,false,0.0,1.210576058124894e-7,false,0.0,1.666000468656264e-8,false,3.4,3.6469165057620954,false
제헌,31,1948.07.16.,제1대국회 제1회(임시회) 제31차 국회본회의(전체회의) (1948.07.16.)_30,25,0,4,0,0,0,18.2,19.613770672667698,false,0.2,0.4472135955043646,false,27.0,45.04442251822082,false,0.0,1.210576058124894e-7,false,0.0,1.666000468656264e-8,false,3.0,3.937003937005907,false
제헌,32,1948.07.17.,제1대국회 제1회(임시회) 제32차 국회본회의(전체회의) (1948.07.17.),0,0,0,0,0,0,23.2,16.798809481626957,false,0.2,0.4472135955043646,false,25.8,45.68588403434915,false,0.0,1.210576058124894e-7,false,0.0,1.666000468656264e-8,false,2.0,3.9370039370059065,false
제헌,33,1948.07.20.,제1대국회 제1회(임시회) 제33차 국회본회의(전체회의) (1948.07.20.),0,0,0,0,0,4,23.2,16.798809481626957,false,0.2,0.4472135955043646,false,25.8,45.68588403434915,false,0.0,1.210576058124894e-7,false,0.0,1.666000468656264e-8,false,0.2,0.44721359549995776,true
제헌,34,1948.07.24.,제1대국회 제1회(임시회) 제34차 국회본회의(전체회의) (1948.07.24.),0,0,0,0,0,0,19.4,19.856988694160037,false,0.2,0.4472135955043646,false,23.0,46.99999999999999,false,0.0,1.210576058124894e-7,false,0.0,1.666000468656264e-8,false,0.8,1.7888543819998324,false
제헌,35,1948.07.27.,제1대국회 제1회(임시회) 제35차 국회본회의(전체회의) (1948.07.27.),0,0,0,0,0,0,10.0,13.693063937629116,false,0.0,1.9859396447723193e-6,false,1.6,2.190890230020457,false,0.0,1.210576058124894e-7,false,0.0,1.666000468656264e-8,false,0.8,1.7888543819998324,false
제헌,36,1948.07.30.,제1대국회 제1회(임시회) 제36차 국회본회의(전체회의) (1948.07.30.),1,0,0,0,0,0,5.0,11.180339887498889,false,0.0,1.9859396447723193e-6,false,0.8,1.7888543819995777,false,0.0,1.210576058124894e-7,false,0.0,1.666000468656264e-8,false,0.8,1.7888543819998324,false
제헌,37,1948.08.02.,제1대국회 제1회(임시회) 제37차 국회본회의(전체회의) (1948.08.02.),6,0,2,0,0,0,0.2,0.44721359549812884,true,0.0,1.9859396447723193e-6,false,0.0,0.0,true,0.0,1.210576058124894e-7,false,0.0,1.666000468656264e-8,false,0.8,1.7888543819998324,false
제헌,38,1948.08.03.,제1대국회 제1회(임시회) 제38차 국회본회의(전체회의) (1948.08.03.),4,0,0,0,0,0,1.4,2.6076809620807597,false,0.0,1.9859396447723193e-6,false,0.4,0.8944271909994075,false,0.0,1.210576058124894e-7,false,0.0,1.666000468656264e-8,false,0.8,1.7888543819998324,false
제헌,39,1948.08.04.,제1대국회 제1회(임시회) 제39차 국회본회의(전체회의) (1948.08.04.),0,0,0,0,0,0,2.2,2.6832815729994657,false,0.0,1.9859396447723193e-6,false,0.4,0.8944271909994075,false,0.0,1.210576058124894e-7,false,0.0,1.666000468656264e-8,false,0.0,0.0,false
제헌,40,1948.08.05.,제1대국회 제1회(임시회) 제40차 국회본회의(전체회의) (1948.08.05.),0,0,1,0,0,0,2.2,2.6832815729994657,false,0.0,1.9859396447723193e-6,false,0.4,0.8944271909994075,false,0.0,1.210576058124894e-7,false,0.0,1.666000468656264e-8,false,0.0,0.0,false
제헌,41,1948.08.16.,제1대국회 제1회(임시회) 제41차 국회본회의(전체회의) (1948.08.16.),6,0,0,0,0,1,2.2,2.6832815729994657,false,0.0,1.9859396447723193e-6,false,0.6,0.8944271909994075,false,0.0,1.210576058124894e-7,false,0.0,1.666000468656264e-8,false,0.0,0.0,true
제헌,42,1948.08.17.,제1대국회 제1회(임시회) 제42차 국회본회의(전체회의) (1948.08.17.),2,0,1,0,0,0,3.2,3.033150177620381,false,0.0,1.9859396447723193e-6,false,0.6,0.8944271909994075,false,0.0,1.210576058124894e-7,false,0.0,1.666000468656264e-8,false,0.2,0.44721359549995776,false
제헌,43,1948.08.18.,제1대국회 제1회(임시회) 제43차 국회본회의(전체회의) (1948.08.18.),3,0,1,0,0,0,2.4,2.6076809620807713,false,0.0,1.9859396447723193e-6,false,0.4,0.547722557504336,false,0.0,1.210576058124894e-7,false,0.0,1.666000468656264e-8,false,0.2,0.44721359549995776,false
제헌,44,1948.08.19.,제1대국회 제1회(임시회) 제44차 국회본회의(전체회의) (1948.08.19.),1,0,0,0,0,0,2.2,2.4899799195974426,false,0.0,1.9859396447723193e-6,false,0.6,0.547722557504336,false,0.0,1.210576058124894e-7,false,0.0,1.666000468656264e-8,false,0.2,0.44721359549995776,false
제헌,45,1948.08.20.,제1대국회 제1회(임시회) 제45차 국회본회의(전체회의) (1948.08.20.),1,0,0,0,0,0,2.4,2.3021728866439415,false,0.0,1.9859396447723193e-6,false,0.6,0.547722557504336,false,0.0,1.210576058124894e-7,false,0.0,1.666000468656264e-8,false,0.2,0.44721359549995776,false
제헌,46,1948.08.21.,제1대국회 제1회(임시회) 제46차 국회본회의(전체회의) (1948.08.21.),0,0,0,0,0,0,2.6,2.073644135332413,false,0.0,1.9859396447723193e-6,false,0.4,0.547722557504336,false,0.0,1.210576058124894e-7,false,0.0,1.666000468656264e-8,false,0.2,0.44721359549995776,false
제헌,47,1948.08.23.,제1대국회 제1회(임시회) 제47차 국회본회의(전체회의) (1948.08.23.),0,0,0,0,0,0,1.4,1.1401754250984524,false,0.0,1.9859396447723193e-6,false,0.4,0.547722557504336,false,0.0,1.210576058124894e-7,false,0.0,1.666000468656264e-8,false,0.0,0.0,false
제헌,48,1948.08.25.,제1대국회 제1회(임시회) 제48차 국회본회의(전체회의) (1948.08.25.),0,0,0,0,1,0,1.0,1.2247448713909406,false,0.0,1.9859396447723193e-6,false,0.2,0.44721359549894124,false,0.0,1.210576058124894e-7,false,0.0,1.666000468656264e-8,true,0.0,0.0,false
제헌,49,1948.08.26.,제1대국회 제1회(임시회) 제49차 국회본회의(전체회의) (1948.08.26.),0,0,0,0,1,0,0.4,0.5477225575036822,false,0.0,1.9859396447723193e-6,false,0.0,0.0,false,0.0,1.210576058124894e-7,false,0.2,0.44721359549995837,false,0.0,0.0,false
제헌,50,1948.08.27.,제1대국회 제1회(임시회) 제50차 국회본회의(전체회의) (1948.08.27.),0,1,0,0,0,0,0.2,0.44721359549812656,false,0.0,1.9859396447723193e-6,true,0.0,0.0,false,0.0,1.210576058124894e-7,false,0.4,0.5477225575051666,false,0.0,0.0,false
제헌,51,1948.08.28.,제1대국회 제1회(임시회) 제51차 국회본회의(전체회의) (1948.08.28.),9,0,0,0,0,0,0.0,0.0,true,0.2,0.4472135955043646,false,0.0,0.0,false,0.0,1.210576058124894e-7,false,0.4,0.5477225575051666,false,0.0,0.0,false
제헌,52,1948.08.30.,제1대국회 제1회(임시회) 제52차 국회본회의(전체회의) (1948.08.30.),3,0,0,2,0,0,1.8,4.02492235949943,false,0.2,0.4472135955043646,false,0.0,0.0,false,0.0,1.210576058124894e-7,true,0.4,0.5477225575051666,false,0.0,0.0,false
제헌,53,1948.08.31.,제1대국회 제1회(임시회) 제53차 국회본회의(전체회의) (1948.08.31.),0,0,0,0,0,0,2.4,3.9115214431213974,false,0.2,0.4472135955043646,false,0.0,0.0,false,0.4,0.8944271909999241,false,0.4,0.5477225575051666,false,0.0,0.0,false
제헌,54,1948.09.01.,제1대국회 제1회(임시회) 제54차 국회본회의(전체회의) (1948.09.01.),0,1,0,0,0,0,2.4,3.9115214431213974,false,0.2,0.4472135955043646,false,0.0,0.0,false,0.4,0.8944271909999241,false,0.2,0.44721359549995837,false,0.0,0.0,false
제헌,55,1948.09.02.,제1대국회 제1회(임시회) 제55차 국회본회의(전체회의) (1948.09.02.),5,0,0,0,0,0,2.4,3.9115214431213974,false,0.4,0.5477225575087619,false,0.0,0.0,false,0.4,0.8944271909999241,false,0.0,1.580506819158526e-8,false,0.0,0.0,false
제헌,56,1948.09.03.,제1대국회 제1회(임시회) 제56차 국회본회의(전체회의) (1948.09.03.),0,0,0,0,0,0,3.4,3.7815340802376167,false,0.2,0.4472135955043647,false,0.0,0.0,false,0.4,0.8944271909999241,false,0.0,1.580506819158526e-8,false,0.0,0.0,false
제헌,57,1948.09.04.,제1대국회 제1회(임시회) 제57차 국회본회의(전체회의) (1948.09.04.),0,0,0,0,0,0,1.6,2.302172886643931,false,0.2,0.4472135955043647,false,0.0,0.0,false,0.4,0.8944271909999241,false,0.0,1.580506819158526e-8,false,0.0,0.0,false
제헌,58,1948.09.06.,제1대국회 제1회(임시회) 제58차 국회본회의(전체회의) (1948.09.06.),0,0,0,0,0,0,1.0,2.2360679774994345,false,0.2,0.4472135955043647,false,0.0,0.0,false,0.0,1.210576058124894e-7,false,0.0,1.580506819158526e-8,false,0.0,0.0,false
제헌,59,1948.09.07.,제1대국회 제1회(임시회) 제59차 국회본회의(전체회의) (1948.09.07.),3,0,0,0,0,0,1.0,2.2360679774994345,false,0.2,0.4472135955043647,false,0.0,0.0,false,0.0,1.210576058124894e-7,false,0.0,1.580506819158526e-8,false,0.0,0.0,false
제헌,60,1948.09.08.,제1대국회 제1회(임시회) 제60차 국회본회의(전체회의) (1948.09.08.),0,0,0,0,0,0,1.6,2.302172886643931,false,0.0,1.9859466327809573e-6,false,0.0,0.0,false,0.0,1.210576058124894e-7,false,0.0,1.580506819158526e-8,false,0.0,0.0,false
제헌,61,1948.09.09.,제1대국회 제1회(임시회) 제61차 국회본회의(전체회의) (1948.09.09.),0,0,1,0,0,0,0.6,1.341640786499273,false,0.0,1.9859466327809573e-6,false,0.0,0.0,true,0.0,1.210576058124894e-7,false,0.0,1.580506819158526e-8,false,0.0,0.0,false
제헌,62,1948.09.10.,제1대국회 제1회(임시회) 제62차 국회본회의(전체회의) (1948.09.10.),0,0,1,0,0,0,0.6,1.341640786499273,false,0.0,1.9859466327809573e-6,false,0.2,0.44721359549894124,false,0.0,1.210576058124894e-7,false,0.0,1.580506819158526e-8,false,0.0,0.0,false
제헌,63,1948.09.10.,제1대국회 제1회(임시회) 제62차 국회본회의(전체회의) (1948.09.10.)_61,0,0,1,0,0,0,0.6,1.341640786499273,false,0.0,1.9859466327809573e-6,false,0.4,0.547722557504336,false,0.0,1.210576058124894e-7,false,0.0,1.580506819158526e-8,false,0.0,0.0,false
제헌,64,1948.09.11.,제1대국회 제1회(임시회) 제63차 국회본회의(전체회의) (1948.09.11.),0,0,1,0,0,0,0.6,1.341640786499273,false,0.0,1.9859466327809573e-6,false,0.6,0.547722557504336,false,0.0,1.210576058124894e-7,false,0.0,1.580506819158526e-8,false,0.0,0.0,false
제헌,65,1948.09.13.,제1대국회 제1회(임시회) 제64차 국회본회의(전체회의) (1948.09.13.),0,0,0,0,0,1,0.0,0.0,false,0.0,1.9859466327809573e-6,false,0.8,0.44721359549894124,false,0.0,1.210576058124894e-7,false,0.0,1.580506819158526e-8,false,0.0,0.0,true
제헌,66,1948.09.14.,제1대국회 제1회(임시회) 제65차 국회본회의(전체회의) (1948.09.14.),3,0,0,0,1,0,0.0,0.0,true,0.0,1.9859466327809573e-6,false,0.8,0.44721359549894124,false,0.0,1.210576058124894e-7,false,0.0,1.580506819158526e-8,true,0.2,0.44721359549995776,false
제헌,67,1948.09.15.,제1대국회 제1회(임시회) 제66차 국회본회의(전체회의) (1948.09.15.),0,0,0,0,0,0,0.6,1.341640786499273,false,0.0,1.9859466327809573e-6,false,0.6,0.547722557504336,false,0.0,1.210576058124894e-7,false,0.2,0.44721359549995837,false,0.2,0.44721359549995776,false
제헌,68,1948.09.16.,제1대국회 제1회(임시회) 제67차 국회본회의(전체회의) (1948.09.16.),0,0,0,0,0,0,0.6,1.341640786499273,false,0.0,1.9859466327809573e-6,false,0.4,0.547722557504336,false,0.0,1.210576058124894e-7,false,0.2,0.44721359549995837,false,0.2,0.44721359549995776,false
제헌,69,1948.09.17.,제1대국회 제1회(임시회) 제68차 국회본회의(전체회의) (1948.09.17.),0,0,0,0,0,0,0.6,1.341640786499273,false,0.0,1.9859466327809573e-6,false,0.2,0.44721359549894124,false,0.0,1.210576058124894e-7,false,0.2,0.44721359549995837,false,0.2,0.44721359549995776,false
제헌,70,1948.09.18.,제1대국회 제1회(임시회) 제69차 국회본회의(전체회의) (1948.09.18.),0,0,0,0,0,0,0.6,1.341640786499273,false,0.0,1.9859466327809573e-6,false,0.0,0.0,false,0.0,1.210576058124894e-7,false,0.2,0.44721359549995837,false,0.2,0.44721359549995776,false
제헌,71,1948.09.20.,제1대국회 제1회(임시회) 제70차 국회본회의(전체회의) (1948.09.20.),0,0,5,0,0,0,0.6,1.341640786499273,false,0.0,1.9859466327809573e-6,false,0.0,0.0,true,0.0,1.210576058124894e-7,false,0.2,0.44721359549995837,false,0.0,0.0,false
제헌,72,1948.09.21.,제1대국회 제1회(임시회) 제71차 국회본회의(전체회의) (1948.09.21.),4,1,8,0,0,0,0.0,0.0,true,0.0,1.9859466327809573e-6,true,1.0,2.2360679774995864,true,0.0,1.210576058124894e-7,false,0.0,1.666000468656264e-8,false,0.0,0.0,false
제헌,73,1948.09.22.,제1대국회 제1회(임시회) 제72차 국회본회의(전체회의) (1948.09.22.),9,0,4,0,1,0,0.8,1.7888543819993845,true,0.2,0.4472135955043647,false,2.6,3.71483512420122,false,0.0,1.210576058124894e-7,false,0.0,1.666000468656264e-8,true,0.0,0.0,false
제헌,74,1948.09.23.,제1대국회 제1회(임시회) 제73차 국회본회의(전체회의) (1948.09.23.),0,0,0,0,0,0,2.6,3.974921382870171,false,0.2,0.4472135955043647,false,3.4,3.435112807463401,false,0.0,1.210576058124894e-7,false,0.2,0.44721359549995837,false,0.0,0.0,false
제헌,75,1948.09.24.,제1대국회 제1회(임시회) 제74차 국회본회의(전체회의) (1948.09.24.),6,0,7,0,0,0,2.6,3.974921382870171,false,0.2,0.4472135955043647,false,3.4,3.435112807463401,false,0.0,1.210576058124894e-7,false,0.2,0.44721359549995837,false,0.0,0.0,false
제헌,76,1948.09.27.,제1대국회 제1회(임시회) 제75차 국회본회의(전체회의) (1948.09.27.),4,0,6,0,0,0,3.8,3.898717737923404,false,0.2,0.4472135955043647,false,4.8,3.114482300479341,false,0.0,1.210576058124894e-7,false,0.2,0.44721359549995837,false,0.0,0.0,false
제헌,77,1948.09.28.,제1대국회 제1회(임시회) 제76차 국회본회의(전체회의) (1948.09.28.),0,5,0,0,0,0,4.6,3.286335345030789,false,0.2,0.4472135955043647,true,5.0,3.1622776601682356,false,0.0,1.210576058124894e-7,false,0.2,0.44721359549995837,false,0.0,0.0,false
제헌,78,1948.09.29.,제1대국회 제1회(임시회) 제77차 국회본회의(전체회의) (1948.09.29.),0,1,1,0,0,0,3.8,3.898717737923404,false,1.0,2.236067977500669,false,3.4,3.2863353450308583,false,0.0,1.210576058124894e-7,false,0.2,0.44721359549995837,false,0.0,0.0,false
제헌,79,1948.09.30.,제1대국회 제1회(임시회) 제78차 국회본회의(전체회의) (1948.09.30.),7,0,2,0,0,1,2.0,2.8284271247459194,false,1.2,2.1679483388687864,false,2.8,3.4205262752972807,false,0.0,1.210576058124894e-7,false,0.0,1.580506819158526e-8,false,0.0,0.0,true
제헌,80,1948.10.01.,제1대국회 제1회(임시회) 제79차 국회본회의(전체회의) (1948.10.01.),0,0,0,0,0,1,3.4,3.2863353450307775,false,1.2,2.1679483388687864,false,3.2,3.114482300479341,false,0.0,1.210576058124894e-7,false,0.0,1.580506819158526e-8,false,0.2,0.44721359549995776,false
제헌,81,1948.10.02.,제1대국회 제1회(임시회) 제80차 국회본회의(전체회의) (1948.10.02.),0,0,0,0,0,0,2.2,3.1937438845340247,false,1.2,2.1679483388687864,false,1.8,2.489979919597564,false,0.0,1.210576058124894e-7,false,0.0,1.580506819158526e-8,false,0.4,0.5477225575051666,false
제헌,82,1948.10.04.,제1대국회 제1회(임시회) 제81차 국회본회의(전체회의) (1948.10.04.),1,0,1,0,0,0,1.4,3.130495168499455,false,1.2,2.1679483388687864,false,0.6,0.8944271909994069,false,0.0,1.210576058124894e-7,false,0.0,1.580506819158526e-8,false,0.4,0.5477225575051666,false
제헌,83,1948.10.05.,제1대국회 제1회(임시회) 제82차 국회본회의(전체회의) (1948.10.05.),19,1,0,1,0,0,1.6,3.049590136395126,true,0.2,0.4472135955043666,false,0.8,0.8366600265335314,false,0.0,1.210576058124894e-7,true,0.0,1.580506819158526e-8,false,0.4,0.5477225575051666,false
제헌,84,1948.10.06.,제1대국회 제1회(임시회) 제83차 국회본회의(전체회의) (1948.10.06.),29,0,26,0,2,4,5.4,8.142481194328832,true,0.2,0.4472135955043666,false,0.6,0.8944271909994069,true,0.2,0.44721359549997436,false,0.0,1.580506819158526e-8,true,0.4,0.5477225575051666,true
제헌,85,1948.10.07.,제1대국회 제1회(임시회) 제84차 국회본회의(전체회의) (1948.10.07.),0,0,0,0,0,0,9.8,13.442470011125149,false,0.2,0.4472135955043666,false,5.4,11.523888232710307,false,0.2,0.44721359549997436,false,0.4,0.8944271909999162,false,1.0,1.732050807568878,false
제헌,86,1948.10.11.,제1대국회 제1회(임시회) 제85차 국회본회의(전체회의) (1948.10.11.),0,0,0,0,0,0,9.8,13.442470011125149,false,0.2,0.4472135955043666,false,5.4,11.523888232710307,false,0.2,0.44721359549997436,false,0.4,0.8944271909999162,false,0.8,1.7888543819998324,false
제헌,87,1948.10.12.,제1대국회 제1회(임시회) 제86차 국회본회의(전체회의) (1948.10.12.),8,1,0,0,0,0,9.8,13.442470011125149,false,0.2,0.4472135955043666,false,5.4,11.523888232710307,false,0.2,0.44721359549997436,false,0.4,0.8944271909999162,false,0.8,1.7888543819998324,false
제헌,88,1948.10.13.,제1대국회 제1회(임시회) 제87차 국회본회의(전체회의) (1948.10.13.),0,0,0,0,0,0,11.2,12.637246535539262,false,0.4,0.5477225575087635,false,5.2,11.627553482998868,false,0.2,0.44721359549997436,false,0.4,0.8944271909999162,false,0.8,1.7888543819998324,false
제헌,89,1948.10.14.,제1대국회 제1회(임시회) 제88차 국회본회의(전체회의) (1948.10.14.),0,0,0,0,0,0,7.4,12.561846997953717,false,0.2,0.4472135955043666,false,5.2,11.627553482998868,false,0.0,1.210576058124894e-7,false,0.4,0.8944271909999162,false,0.8,1.7888543819998324,false
제헌,90,1948.10.27.,제1대국회 제1회(임시회) 제89차 국회본회의(전체회의) (1948.10.27.),0,0,0,0,1,0,1.6,3.5777087639994454,false,0.2,0.4472135955043666,false,0.0,0.0,false,0.0,1.210576058124894e-7,false,0.0,1.4901161193847656e-8,true,0.0,0.0,false
제헌,91,1948.10.28.,제1대국회 제1회(임시회) 제90차 국회본회의(전체회의) (1948.10.28.),0,0,0,0,0,1,1.6,3.5777087639994454,false,0.2,0.4472135955043666,false,0.0,0.0,false,0.0,1.210576058124894e-7,false,0.2,0.44721359549995837,false,0.0,0.0,true
제헌,92,1948.10.29.,제1대국회 제1회(임시회) 제91차 국회본회의(전체회의) (1948.10.29.),2,0,0,0,0,0,1.6,3.5777087639994454,false,0.2,0.4472135955043666,false,0.0,0.0,false,0.0,1.210576058124894e-7,false,0.2,0.4472135954999583,false,0.2,0.44721359549995776,false
제헌,93,1948.10.30.,제1대국회 제1회(임시회) 제92차 국회본회의(전체회의) (1948.10.30.),0,0,0,0,1,0,0.4,0.8944271909990007,false,0.0,1.9864008006112555e-6,false,0.0,0.0,false,0.0,1.210576058124894e-7,false,0.2,0.4472135954999583,false,0.2,0.44721359549995776,false
제헌,94,1948.11.01.,제1대국회 제1회(임시회) 제93차 국회본회의(전체회의) (1948.11.01.),0,0,0,0,0,0,0.4,0.8944271909990007,false,0.0,1.9864008006112555e-6,false,0.0,0.0,false,0.0,1.210576058124894e-7,false,0.4,0.5477225575051665,false,0.2,0.44721359549995776,false
제헌,95,1948.11.02.,제1대국회 제1회(임시회) 제94차 국회본회의(전체회의) (1948.11.02.),0,0,1,0,0,1,0.4,0.8944271909990007,false,0.0,1.9864008006112555e-6,false,0.0,0.0,true,0.0,1.210576058124894e-7,false,0.4,0.5477225575051665,false,0.2,0.44721359549995776,false
제헌,96,1948.11.04.,제1대국회 제1회(임시회) 제95차 국회본회의(전체회의) (1948.11.04.),0,0,0,0,0,0,0.4,0.8944271909990007,false,0.0,1.9864008006112555e-6,false,0.2,0.44721359549894113,false,0.0,1.210576058124894e-7,false,0.2,0.44721359549995837,false,0.4,0.5477225575051666,false
제헌,97,1948.11.05.,제1대국회 제1회(임시회) 제96차 국회본회의(전체회의) (1948.11.05.),0,0,0,0,0,0,0.4,0.8944271909990007,false,0.0,1.9864008006112555e-6,false,0.2,0.44721359549894113,false,0.0,1.210576058124894e-7,false,0.2,0.44721359549995837,false,0.2,0.44721359549995776,false
제헌,98,1948.11.06.,제1대국회 제1회(임시회) 제97차 국회본회의(전체회의) (1948.11.06.),0,0,1,0,0,1,0.0,0.0,false,0.0,1.9864008006112555e-6,false,0.2,0.44721359549894113,false,0.0,1.210576058124894e-7,false,0.2,0.44721359549995837,false,0.2,0.44721359549995776,false
제헌,99,1948.11.08.,제1대국회 제1회(임시회) 제98차 국회본회의(전체회의) (1948.11.08.),0,0,0,0,0,0,0.0,0.0,false,0.0,1.9864008006112555e-6,false,0.4,0.5477225575043358,false,0.0,1.210576058124894e-7,false,0.0,1.666000468656264e-8,false,0.4,0.5477225575051666,false
제헌,100,1948.11.09.,제1대국회 제1회(임시회) 제99차 국회본회의(전체회의) (1948.11.09.),4,0,0,0,0,0,0.0,0.0,true,0.0,1.9864008006112555e-6,false,0.4,0.5477225575043358,false,0.0,1.210576058124894e-7,false,0.0,1.666000468656264e-8,false,0.4,0.5477225575051666,false
제헌,101,1948.11.10.,제1대국회 제1회(임시회) 제100차 국회본회의(전체회의) (1948.11.10.),4,0,0,0,0,0,0.8,1.7888543819993814,false,0.0,1.9864008006112555e-6,false,0.2,0.44721359549894113,false,0.0,1.210576058124894e-7,false,0.0,1.666000468656264e-8,false,0.2,0.44721359549995776,false
제헌,102,1948.11.11.,제1대국회 제1회(임시회) 제101차 국회본회의(전체회의) (1948.11.11.),0,0,0,0,0,0,1.6,2.190890230020308,false,0.0,1.9864008006112555e-6,false,0.2,0.44721359549894113,false,0.0,1.210576058124894e-7,false,0.0,1.666000468656264e-8,false,0.2,0.44721359549995776,false
제헌,103,1948.11.12.,제1대국회 제1회(임시회) 제102차 국회본회의(전체회의) (1948.11.12.),0,0,0,0,0,0,1.6,2.190890230020308,false,0.0,1.9864008006112555e-6,false,0.2,0.44721359549894113,false,0.0,1.210576058124894e-7,false,0.0,1.666000468656264e-8,false,0.2,0.44721359549995776,false
제헌,104,1948.11.13.,제1대국회 제1회(임시회) 제103차 국회본회의(전체회의) (1948.11.13.),0,0,0,0,0,0,1.6,2.190890230020308,false,0.0,1.9864008006112555e-6,false,0.0,0.0,false,0.0,1.210576058124894e-7,false,0.0,1.666000468656264e-8,false,0.0,0.0,false
제헌,105,1948.11.15.,제1대국회 제1회(임시회) 제104차 국회본회의(전체회의) (1948.11.15.),1,0,0,0,5,0,1.6,2.190890230020308,false,0.0,1.9864008006112555e-6,false,0.0,0.0,false,0.0,1.210576058124894e-7,false,0.0,1.666000468656264e-8,true,0.0,0.0,false
제헌,106,1948.11.16.,제1대국회 제1회(임시회) 제105차 국회본회의(전체회의) (1948.11.16.),1,0,0,0,0,0,1.0,1.7320508075684156,false,0.0,1.9864008006112555e-6,false,0.0,0.0,false,0.0,1.210576058124894e-7,false,1.0,2.23606797749979,false,0.0,0.0,false
제헌,107,1948.11.17.,제1대국회 제1회(임시회) 제106차 국회본회의(전체회의) (1948.11.17.),1,0,1,0,0,0,0.4,0.5477225575036713,false,0.0,1.9864008006112555e-6,false,0.0,0.0,true,0.0,1.210576058124894e-7,false,1.0,2.23606797749979,false,0.0,0.0,false
제헌,108,1948.11.18.,제1대국회 제1회(임시회) 제107차 국회본회의(전체회의) (1948.11.18.),1,0,0,0,6,0,0.6,0.5477225575036829,false,0.0,1.9864008006112555e-6,false,0.2,0.44721359549894113,false,0.0,1.210576058124894e-7,false,1.0,2.23606797749979,true,0.0,0.0,false
제헌,109,1948.11.19.,제1대국회 제1회(임시회) 제108차 국회본회의(전체회의) (1948.11.19.),0,0,0,0,0,0,0.8,0.4472135954981558,false,0.0,1.9864008006112555e-6,false,0.2,0.44721359549894113,false,0.0,1.210576058124894e-7,false,2.2,3.03315017762062,false,0.0,0.0,false
제헌,110,1948.11.20.,제1대국회 제1회(임시회) 제109차 국회본회의(전체회의) (1948.11.20.),0,0,0,0,1,0,0.8,0.4472135954981558,false,0.0,1.9864008006112555e-6,false,0.2,0.44721359549894113,false,0.0,1.210576058124894e-7,false,2.2,3.03315017762062,false,0.0,0.0,false
제헌,111,1948.11.22.,제1대국회 제1회(임시회) 제110차 국회본회의(전체회의) (1948.11.22.),8,0,0,0,2,0,0.6,0.5477225575036829,true,0.0,1.9864008006112555e-6,false,0.2,0.44721359549894113,false,0.0,1.210576058124894e-7,false,1.4,2.607680962081059,false,0.0,0.0,false
제헌,112,1948.11.23.,제1대국회 제1회(임시회) 제111차 국회본회의(전체회의) (1948.11.23.),0,0,0,0,0,0,2.0,3.3911649915624076,false,0.0,1.9864008006112555e-6,false,0.2,0.44721359549894113,false,0.0,1.210576058124894e-7,false,1.8,2.4899799195977463,false,0.0,0.0,false
제헌,113,1948.11.24.,제1대국회 제1회(임시회) 제112차 국회본회의(전체회의) (1948.11.24.),0,0,0,0,0,0,1.8,3.4928498393143745,false,0.0,1.9864008006112555e-6,false,0.0,0.0,false,0.0,1.210576058124894e-7,false,1.8,2.4899799195977463,false,0.0,0.0,false
제헌,114,1948.11.25.,제1대국회 제1회(임시회) 제113차 국회본회의(전체회의) (1948.11.25.),0,0,0,0,0,0,1.6,3.5777087639994454,false,0.0,1.9864008006112555e-6,false,0.0,0.0,false,0.0,1.210576058124894e-7,false,0.6,0.8944271909999147,false,0.0,0.0,false
제헌,115,1948.11.26.,제1대국회 제1회(임시회) 제114차 국회본회의(전체회의) (1948.11.26.),0,0,0,0,0,0,1.6,3.5777087639994454,false,0.0,1.9864008006112555e-6,false,0.0,0.0,false,0.0,1.210576058124894e-7,false,0.6,0.8944271909999147,false,0.0,0.0,false
제헌,116,1948.11.27.,제1대국회 제1회(임시회) 제115차 국회본회의(전체회의) (1948.11.27.),2,0,1,0,2,0,1.6,3.5777087639994454,false,0.0,1.9864008006112555e-6,false,0.0,0.0,true,0.0,1.210576058124894e-7,false,0.4,0.8944271909999147,false,0.0,0.0,false
제헌,117,1948.11.29.,제1대국회 제1회(임시회) 제116차 국회본회의(전체회의) (1948.11.29.),0,0,0,0,0,1,0.4,0.8944271909990007,false,0.0,1.9864008006112555e-6,false,0.2,0.44721359549894113,false,0.0,1.210576058124894e-7,false,0.4,0.8944271909999147,false,0.0,0.0,true
제헌,118,1948.11.30.,제1대국회 제1회(임시회) 제117차 국회본회의(전체회의) (1948.11.30.),0,0,0,0,0,0,0.4,0.8944271909990007,false,0.0,1.9864008006112555e-6,false,0.2,0.44721359549894113,false,0.0,1.210576058124894e-7,false,0.4,0.8944271909999147,false,0.2,0.44721359549995776,false
제헌,119,1948.12.01.,제1대국회 제1회(임시회) 제118차 국회본회의(전체회의) (1948.12.01.),1,0,0,4,0,16,0.4,0.8944271909990007,false,0.0,1.9864008006112555e-6,false,0.2,0.44721359549894113,false,0.0,1.210576058124894e-7,true,0.4,0.8944271909999147,false,0.2,0.44721359549995776,true
제헌,120,1948.12.02.,제1대국회 제1회(임시회) 제119차 국회본회의(전체회의) (1948.12.02.),0,0,0,2,0,17,0.6,0.8944271909990078,false,0.0,1.9864008006112555e-6,false,0.2,0.44721359549894113,false,0.8,1.788854381999836,false,0.4,0.8944271909999147,false,3.4,7.056911505750941,false
제헌,121,1948.12.03.,제1대국회 제1회(임시회) 제120차 국회본회의(전체회의) (1948.12.03.),0,0,0,0,0,12,0.6,0.8944271909990078,false,0.0,1.9864008006112555e-6,false,0.2,0.44721359549894113,false,1.2,1.788854381999836,false,0.4,0.8944271909999147,false,6.8,8.87130204648675,false
제헌,122,1948.12.04.,제1대국회 제1회(임시회) 제121차 국회본회의(전체회의) (1948.12.04.),1,0,0,0,0,0,0.2,0.4472135954981132,false,0.0,1.9864008006112555e-6,false,0.0,0.0,false,1.2,1.788854381999836,false,0.0,0.0,false,9.2,8.16700679563817,false
제헌,123,1948.12.06.,제1대국회 제1회(임시회) 제122차 국회본회의(전체회의) (1948.12.06.),12,0,3,0,0,0,0.4,0.5477225575036716,true,0.0,1.9864008006112555e-6,false,0.0,0.0,true,1.2,1.788854381999836,false,0.0,0.0,false,9.0,8.42614977317636,false
제헌,124,1948.12.07.,제1대국회 제1회(임시회) 제123차 국회본회의(전체회의) (1948.12.07.),0,0,0,0,0,0,2.8,5.167204273105382,false,0.0,1.9864008006112555e-6,false,0.6,1.3416407864995348,false,1.2,1.788854381999836,false,0.0,0.0,false,9.0,8.42614977317636,false
제헌,125,1948.12.08.,제1대국회 제1회(임시회) 제124차 국회본회의(전체회의) (1948.12.08.),1,0,1,0,2,0,2.6,5.272570530585485,false,0.0,1.9864008006112555e-6,false,0.6,1.3416407864995348,false,0.4,0.8944271909999246,false,0.0,0.0,true,5.8,8.136338242723198,false
제헌,126,1948.12.09.,제1대국회 제1회(임시회) 제125차 국회본회의(전체회의) (1948.12.09.),0,0,0,0,0,0,2.8,5.167204273105382,false,0.0,1.9864008006112555e-6,false,0.8,1.303840481040181,false,0.0,1.2467205919833117e-7,false,0.4,0.8944271909999147,false,2.4,5.366563145999499,false
제헌,127,1948.12.10.,제1대국회 제1회(임시회) 제126차 국회본회의(전체회의) (1948.12.10.),5,0,3,2,0,0,2.8,5.167204273105382,false,0.0,1.9864008006112555e-6,false,0.8,1.303840481040181,false,0.0,1.2467205919833117e-7,true,0.4,0.8944271909999147,false,0.0,1.97686242482388e-7,false
제헌,128,1948.12.11.,제1대국회 제1회(임시회) 제127차 국회본회의(전체회의) (1948.12.11.),8,0,0,0,0,4,3.6,5.128352561983094,false,0.0,1.9864008006112555e-6,false,1.4,1.5165750888100102,false,0.4,0.8944271909999246,false,0.4,0.8944271909999147,false,0.0,1.97686242482388e-7,true
제헌,129,1948.12.13.,제1대국회 제1회(임시회) 제128차 국회본회의(전체회의) (1948.12.13.),0,1,0,0,0,12,2.8,3.563705936240885,false,0.0,1.9864008006112555e-6,true,0.8,1.303840481040181,false,0.4,0.8944271909999246,false,0.4,0.8944271909999147,false,0.8,1.7888543819998428,true
제헌,130,1948.12.18.,제1대국회 제1회(임시회) 폐회식 국회본회의(전체회의) (1948.12.18.),0,0,0,0,0,0,2.8,3.563705936240885,false,0.2,0.4472135955043666,false,0.8,1.303840481040181,false,0.4,0.8944271909999246,false,0.4,0.8944271909999147,false,3.2,5.215361924162123,false
제헌,131,1948.12.20.,제1대국회 제2회(정기회) 개회식 국회본회의(전체회의) (1948.12.20.),0,0,0,0,0,0,2.6,3.7148351242011413,false,0.2,0.4472135955043666,false,0.6,1.3416407864995348,false,0.4,0.8944271909999246,false,0.0,0.0,false,3.2,5.215361924162123,false
제헌,132,1948.12.21.,제1대국회 제2회(정기회) 제1차 국회본회의(전체회의) (1948.12.21.),0,0,2,0,1,0,2.6,3.7148351242011413,false,0.2,0.4472135955043666,false,0.6,1.3416407864995348,false,0.4,0.8944271909999246,false,0.0,0.0,true,3.2,5.215361924162123,false
제헌,133,1948.12.22.,제1대국회 제2회(정기회) 제2차 국회본회의(전체회의) (1948.12.22.),3,0,0,0,0,1,1.6,3.5777087639994463,false,0.2,0.4472135955043666,false,0.4,0.8944271909994073,false,0.0,1.2467205919833117e-7,false,0.2,0.44721359549995543,false,3.2,5.215361924162123,false
제헌,134,1949.01.11.,제1대국회 제2회(정기회) 제3차 국회본회의(전체회의) (1949.01.11.),0,0,3,0,0,0,0.6,1.3416407864992705,false,0.2,0.4472135955043666,false,0.4,0.8944271909994073,true,0.0,1.2467205919833117e-7,false,0.2,0.44721359549995543,false,2.6,5.272570530585631,false
제헌,135,1949.01.12.,제1대국회 제2회(정기회) 제4차 국회본회의(전체회의) (1949.01.12.),1,0,0,0,0,0,0.6,1.3416407864992705,false,0.0,1.9864008006112555e-6,false,1.0,1.4142135623727734,false,0.0,1.2467205919833117e-7,false,0.2,0.44721359549995543,false,0.2,0.4472135955000056,false
제헌,136,1949.01.15.,제1대국회 제2회(정기회) 제5차 국회본회의(전체회의) (1949.01.15.),0,0,0,0,0,0,0.8,1.3038404810399138,false,0.0,1.9864008006112555e-6,false,1.0,1.4142135623727734,false,0.0,1.2467205919833117e-7,false,0.2,0.44721359549995543,false,0.2,0.4472135955000056,false
제헌,137,1949.01.17.,제1대국회 제2회(정기회) 제6차 국회본회의(전체회의) (1949.01.17.),0,0,0,0,0,0,0.8,1.3038404810399138,false,0.0,1.9864008006112555e-6,false,1.0,1.4142135623727734,false,0.0,1.2467205919833117e-7,false,0.2,0.44721359549995543,false,0.2,0.4472135955000056,false
제헌,138,1949.01.18.,제1대국회 제2회(정기회) 제7차 국회본회의(전체회의) (1949.01.18.),1,0,0,0,0,0,0.8,1.3038404810399138,false,0.0,1.9864008006112555e-6,false,0.6,1.3416407864995348,false,0.0,1.2467205919833117e-7,false,0.0,0.0,false,0.2,0.4472135955000056,false
제헌,139,1949.01.19.,제1대국회 제2회(정기회) 제8차 국회본회의(전체회의) (1949.01.19.),0,0,0,0,0,0,0.4,0.5477225575036767,false,0.0,1.9864008006112555e-6,false,0.6,1.3416407864995348,false,0.0,1.2467205919833117e-7,false,0.0,0.0,false,0.0,2.0647654623614278e-7,false
제헌,140,1949.01.20.,제1대국회 제2회(정기회) 제9차 국회본회의(전체회의) (1949.01.20.),0,0,2,0,0,0,0.4,0.5477225575036767,false,0.0,1.9864008006112555e-6,false,0.0,0.0,true,0.0,1.2467205919833117e-7,false,0.0,0.0,false,0.0,2.0647654623614278e-7,false
제헌,141,1949.01.21.,제1대국회 제2회(정기회) 제10차 국회본회의(전체회의) (1949.01.21.),0,0,1,0,0,0,0.2,0.4472135954981195,false,0.0,1.9864008006112555e-6,false,0.4,0.8944271909994072,false,0.0,1.2467205919833117e-7,false,0.0,0.0,false,0.0,2.0647654623614278e-7,false
제헌,142,1949.01.22.,제1대국회 제2회(정기회) 제11차 국회본회의(전체회의) (1949.01.22.),0,0,0,0,0,0,0.2,0.4472135954981195,false,0.0,1.9864008006112555e-6,false,0.6,0.8944271909994072,false,0.0,1.2467205919833117e-7,false,0.0,0.0,false,0.0,2.0647654623614278e-7,false
제헌,143,1949.01.24.,제1대국회 제2회(정기회) 제12차 국회본회의(전체회의) (1949.01.24.),0,0,0,0,0,0,0.2,0.4472135954981195,false,0.0,1.9864008006112555e-6,false,0.6,0.8944271909994072,false,0.0,1.2467205919833117e-7,false,0.0,0.0,false,0.0,2.0647654623614278e-7,false
제헌,144,1949.01.25.,제1대국회 제2회(정기회) 제13차 국회본회의(전체회의) (1949.01.25.),1,1,0,0,0,0,0.0,0.0,true,0.0,1.9864008006112555e-6,true,0.6,0.8944271909994072,false,0.0,1.2467205919833117e-7,false,0.0,0.0,false,0.0,2.0647654623614278e-7,false
제헌,145,1949.01.26.,제1대국회 제2회(정기회) 제14차 국회본회의(전체회의) (1949.01.26.),1,1,1,0,0,0,0.2,0.4472135954981195,false,0.2,0.4472135955043666,false,0.6,0.8944271909994072,false,0.0,1.2467205919833117e-7,false,0.0,0.0,false,0.0,2.0647654623614278e-7,false
제헌,146,1949.01.27.,제1대국회 제2회(정기회) 제15차 국회본회의(전체회의) (1949.01.27.),0,0,0,0,0,0,0.4,0.5477225575036767,false,0.4,0.5477225575087635,false,0.4,0.5477225575043353,false,0.0,1.2467205919833117e-7,false,0.0,0.0,false,0.0,2.0647654623614278e-7,false
제헌,147,1949.01.28.,제1대국회 제2회(정기회) 제16차 국회본회의(전체회의) (1949.01.28.),0,0,6,0,0,0,0.4,0.5477225575036767,false,0.4,0.5477225575087635,false,0.2,0.44721359549894035,true,0.0,1.2467205919833117e-7,false,0.0,0.0,false,0.0,2.0647654623614278e-7,false
제헌,148,1949.01.29.,제1대국회 제2회(정기회) 제17차 국회본회의(전체회의) (1949.01.29.),3,0,1,0,0,0,0.4,0.5477225575036767,true,0.4,0.5477225575087635,false,1.4,2.607680962080885,false,0.0,1.2467205919833117e-7,false,0.0,0.0,false,0.0,2.0647654623614278e-7,false
제헌,149,1949.01.31.,제1대국회 제2회(정기회) 제18차 국회본회의(전체회의) (1949.01.31.),4,0,0,0,0,0,1.0,1.2247448713909388,true,0.4,0.5477225575087635,false,1.6,2.509980079602045,false,0.0,1.2467205919833117e-7,false,0.0,0.0,false,0.0,2.0647654623614278e-7,false
제헌,150,1949.02.01.,제1대국회 제2회(정기회) 제19차 국회본회의(전체회의) (1949.02.01.),4,0,0,0,0,0,1.6,1.816590212458067,false,0.2,0.4472135955043666,false,1.6,2.509980079602045,false,0.0,1.2467205919833117e-7,false,0.0,0.0,false,0.0,2.0647654623614278e-7,false
제헌,151,1949.02.02.,제1대국회 제2회(정기회) 제20차 국회본회의(전체회의) (1949.02.02.),0,1,0,0,1,0,2.2,2.04939015319155,false,0.0,1.9864008006112555e-6,true,1.4,2.607680962080885,false,0.0,1.2467205919833117e-7,false,0.0,0.0,true,0.0,2.0647654623614278e-7,false
제헌,152,1949.02.03.,제1대국회 제2회(정기회) 제21차 국회본회의(전체회의) (1949.02.03.),1,0,0,0,0,0,2.2,2.04939015319155,false,0.2,0.4472135955043666,false,1.4,2.607680962080885,false,0.0,1.2467205919833117e-7,false,0.2,0.44721359549995543,false,0.0,2.0647654623614278e-7,false
제헌,153,1949.02.04.,제1대국회 제2회(정기회) 제22차 국회본회의(전체회의) (1949.02.04.),0,0,0,0,0,0,2.4,1.8165902124580813,false,0.2,0.4472135955043666,false,0.2,0.44721359549894013,false,0.0,1.2467205919833117e-7,false,0.2,0.44721359549995543,false,0.0,2.0647654623614278e-7,false
제헌,154,1949.02.05.,제1대국회 제2회(정기회) 제23차 국회본회의(전체회의) (1949.02.05.),3,0,1,0,0,0,1.8,2.0493901531915437,false,0.2,0.4472135955043666,false,0.0,0.0,true,0.0,1.2467205919833117e-7,false,0.2,0.44721359549995543,false,0.0,2.0647654623614278e-7,false
제헌,155,1949.02.07.,제1대국회 제2회(정기회) 제24차 국회본회의(전체회의) (1949.02.07.),0,0,0,0,0,0,1.6,1.8165902124580675,false,0.2,0.4472135955043666,false,0.2,0.44721359549894013,false,0.0,1.2467205919833117e-7,false,0.2,0.44721359549995543,false,0.0,2.0647654623614278e-7,false
제헌,156,1949.02.08.,제1대국회 제2회(정기회) 제25차 국회본회의(전체회의) (1949.02.08.),2,0,2,0,0,0,0.8,1.3038404810399145,false,0.2,0.4472135955043666,false,0.2,0.44721359549894013,true,0.0,1.2467205919833117e-7,false,0.2,0.44721359549995543,false,0.0,2.0647654623614278e-7,false
제헌,157,1949.02.09.,제1대국회 제2회(정기회) 제26차 국회본회의(전체회의) (1949.02.09.),1,2,0,0,0,0,1.2,1.3038404810399242,false,0.0,1.9864008006112555e-6,true,0.6,0.8944271909994069,false,0.0,1.2467205919833117e-7,false,0.0,0.0,false,0.0,2.0647654623614278e-7,false
제헌,158,1949.02.10.,제1대국회 제2회(정기회) 제27차 국회본회의(전체회의) (1949.02.10.),1,0,0,0,0,0,1.2,1.3038404810399242,false,0.4,0.8944271910021189,false,0.6,0.8944271909994069,false,0.0,1.2467205919833117e-7,false,0.0,0.0,false,0.0,2.0647654623614278e-7,false
제헌,159,1949.02.11.,제1대국회 제2회(정기회) 제28차 국회본회의(전체회의) (1949.02.11.),0,0,0,0,2,0,1.4,1.1401754250984513,false,0.4,0.8944271910021189,false,0.6,0.8944271909994069,false,0.0,1.2467205919833117e-7,false,0.0,0.0,true,0.0,2.0647654623614278e-7,false
제헌,160,1949.02.12.,제1대국회 제2회(정기회) 제29차 국회본회의(전체회의) (1949.02.12.),0,0,0,0,0,0,0.8,0.8366600265331166,false,0.4,0.8944271910021189,false,0.4,0.8944271909994069,false,0.0,1.2467205919833117e-7,false,0.4,0.8944271909999147,false,0.0,2.0647654623614278e-7,false
제헌,161,1949.02.14.,제1대국회 제2회(정기회) 제30차 국회본회의(전체회의) (1949.02.14.),11,0,0,0,1,0,0.8,0.8366600265331166,true,0.4,0.8944271910021189,false,0.4,0.8944271909994069,false,0.0,1.2467205919833117e-7,false,0.4,0.8944271909999147,false,0.0,2.0647654623614278e-7,false
제헌,162,1949.02.15.,제1대국회 제2회(정기회) 제31차 국회본회의(전체회의) (1949.02.15.),0,0,1,0,0,0,2.6,4.7222875812468805,false,0.4,0.8944271910021189,false,0.0,0.0,true,0.0,1.2467205919833117e-7,false,0.6,0.8944271909999147,false,0.0,2.0647654623614278e-7,false
제헌,163,1949.02.16.,제1대국회 제2회(정기회) 제32차 국회본회의(전체회의) (1949.02.16.),0,0,0,0,0,0,2.4,4.827007354458713,false,0.0,1.9864147733593477e-6,false,0.2,0.44721359549894013,false,0.0,1.2467205919833117e-7,false,0.6,0.8944271909999147,false,0.0,2.0647654623614278e-7,false
제헌,164,1949.02.17.,제1대국회 제2회(정기회) 제33차 국회본회의(전체회의) (1949.02.17.),8,0,0,0,0,0,2.2,4.919349550499384,false,0.0,1.9864147733593477e-6,false,0.2,0.44721359549894013,false,0.0,1.2467205919833117e-7,false,0.6,0.8944271909999147,false,0.0,2.0647654623614278e-7,false
제헌,165,1949.02.18.,제1대국회 제2회(정기회) 제34차 국회본회의(전체회의) (1949.02.18.),4,0,2,0,0,0,3.8,5.310367218940569,false,0.0,1.9864147733593477e-6,false,0.2,0.44721359549894013,true,0.0,1.2467205919833117e-7,false,0.2,0.44721359549995543,false,0.0,2.0647654623614278e-7,false
제헌,166,1949.02.19.,제1대국회 제2회(정기회) 제35차 국회본회의(전체회의) (1949.02.19.),8,0,7,0,0,0,4.6,4.878524367060049,false,0.0,1.9864147733593477e-6,false,0.6,0.8944271909994069,true,0.0,1.2467205919833117e-7,false,0.2,0.44721359549995543,false,0.0,2.0647654623614278e-7,false
제헌,167,1949.02.19.,제1대국회 제2회(정기회) 제35차 국회본회의(전체회의) (1949.02.19.)_164,8,0,7,0,0,0,4.0,3.9999999999998264,false,0.0,1.9864147733593477e-6,false,2.0,2.915475947422494,false,0.0,1.2467205919833117e-7,false,0.0,0.0,false,0.0,2.0647654623614278e-7,false
제헌,168,1949.02.21.,제1대국회 제2회(정기회) 제36차 국회본회의(전체회의) (1949.02.21.),0,0,0,0,0,0,5.6,3.577708763999484,false,0.0,1.9864147733593477e-6,false,3.2,3.5637059362409644,false,0.0,1.2467205919833117e-7,false,0.0,0.0,false,0.0,2.0647654623614278e-7,false
제헌,169,1949.02.22.,제1대국회 제2회(정기회) 제37차 국회본회의(전체회의) (1949.02.22.),2,0,0,0,0,0,5.6,3.577708763999484,false,0.0,1.9864147733593477e-6,false,3.2,3.5637059362409644,false,0.0,1.2467205919833117e-7,false,0.0,0.0,false,0.0,2.0647654623614278e-7,false
제헌,170,1949.02.23.,제1대국회 제2회(정기회) 제38차 국회본회의(전체회의) (1949.02.23.),0,0,0,0,0,0,4.4,3.577708763999473,false,0.0,1.9864147733593477e-6,false,3.2,3.5637059362409644,false,0.0,1.2467205919833117e-7,false,0.0,0.0,false,0.0,2.0647654623614278e-7,false
제헌,171,1949.02.24.,제1대국회 제2회(정기회) 제39차 국회본회의(전체회의) (1949.02.24.),1,0,0,0,0,0,3.6,4.0987803063836665,false,0.0,1.9864147733593477e-6,false,2.8,3.834057902536044,false,0.0,1.2467205919833117e-7,false,0.0,0.0,false,0.0,2.0647654623614278e-7,false
제헌,172,1949.02.25.,제1대국회 제2회(정기회) 제40차 국회본회의(전체회의) (1949.02.25.),2,0,0,0,0,0,2.2,3.3466401061360767,false,0.0,1.9864147733593477e-6,false,1.4,3.1304951684995603,false,0.0,1.2467205919833117e-7,false,0.0,0.0,false,0.0,2.0647654623614278e-7,false
제헌,173,1949.02.26.,제1대국회 제2회(정기회) 제41차 국회본회의(전체회의) (1949.02.26.),0,0,4,0,0,0,1.0,0.9999999999992062,false,0.0,1.9864147733593477e-6,false,0.0,0.0,true,0.0,1.2467205919833117e-7,false,0.0,0.0,false,0.0,2.0647654623614278e-7,false
제헌,174,1949.02.28.,제1대국회 제2회(정기회) 제42차 국회본회의(전체회의) (1949.02.28.),2,0,0,0,2,0,1.0,0.9999999999992062,false,0.0,1.9864147733593477e-6,false,0.8,1.7888543819995781,false,0.0,1.2467205919833117e-7,false,0.0,0.0,true,0.0,2.0647654623614278e-7,false
제헌,175,1949.03.02.,제1대국회 제2회(정기회) 제43차 국회본회의(전체회의) (1949.03.02.),1,0,0,3,18,0,1.0,0.9999999999992062,false,0.0,1.9864147733593477e-6,false,0.8,1.7888543819995781,false,0.0,1.2467205919833117e-7,true,0.4,0.8944271909999147,true,0.0,2.0647654623614278e-7,false
제헌,176,1949.03.03.,제1대국회 제2회(정기회) 제44차 국회본회의(전체회의) (1949.03.03.),0,0,0,0,2,0,1.2,0.8366600265331348,false,0.0,1.9864147733593477e-6,false,0.8,1.7888543819995781,false,0.6,1.3416407864998796,false,4.0,7.874007874011811,false,0.0,2.0647654623614278e-7,false
제헌,177,1949.03.04.,제1대국회 제2회(정기회) 제45차 국회본회의(전체회의) (1949.03.04.),0,0,0,0,0,0,1.0,0.9999999999992062,false,0.0,1.9864147733593477e-6,false,0.8,1.7888543819995781,false,0.6,1.3416407864998796,false,4.4,7.6681158050723255,false,0.0,2.0647654623614278e-7,false
제헌,178,1949.03.05.,제1대국회 제2회(정기회) 제46차 국회본회의(전체회의) (1949.03.05.),0,0,0,0,6,0,0.6,0.8944271909990136,false,0.0,1.9864147733593477e-6,false,0.8,1.7888543819995781,false,0.6,1.3416407864998796,false,4.4,7.6681158050723255,false,0.0,2.0647654623614278e-7,false
제헌,179,1949.03.07.,제1대국회 제2회(정기회) 제47차 국회본회의(전체회의) (1949.03.07.),7,2,10,0,1,0,0.6,0.8944271909990136,true,0.0,1.9864147733593477e-6,true,0.0,0.0,true,0.6,1.3416407864998796,false,5.6,7.26636084983398,false,0.0,2.0647654623614278e-7,false
제헌,180,1949.03.08.,제1대국회 제2회(정기회) 제48차 국회본회의(전체회의) (1949.03.08.),0,0,2,0,0,0,1.6,3.0495901363951274,false,0.4,0.8944271910021189,false,2.0,4.4721359549994775,false,0.6,1.3416407864998796,false,5.4,7.402702209328699,false,0.0,2.0647654623614278e-7,false
제헌,181,1949.03.09.,제1대국회 제2회(정기회) 제49차 국회본회의(전체회의) (1949.03.09.),0,0,0,1,0,0,1.4,3.130495168499456,false,0.4,0.8944271910021189,false,2.4,4.335896677735655,false,0.0,1.2467205919833117e-7,true,1.8,2.4899799195977463,false,0.0,2.0647654623614278e-7,false
제헌,182,1949.03.10.,제1대국회 제2회(정기회) 제50차 국회본회의(전체회의) (1949.03.10.),2,0,1,2,1,0,1.4,3.130495168499456,false,0.4,0.8944271910021189,false,2.4,4.335896677735655,false,0.2,0.4472135954999753,true,1.4,2.6076809620810595,false,0.0,2.0647654623614278e-7,false
제헌,183,1949.03.11.,제1대국회 제2회(정기회) 제51차 국회본회의(전체회의) (1949.03.11.),0,0,1,0,0,0,1.8,3.0331501776203673,false,0.4,0.8944271910021189,false,2.6,4.21900462194569,false,0.6,0.8944271909999245,false,1.6,2.5099800796022267,false,0.0,2.0647654623614278e-7,false
제헌,184,1949.03.12.,제1대국회 제2회(정기회) 제52차 국회본회의(전체회의) (1949.03.12.),1,2,0,0,2,0,1.8,3.0331501776203673,false,0.4,0.8944271910021189,false,2.8,4.086563348340398,false,0.6,0.8944271909999246,false,0.4,0.547722557505167,true,0.0,2.0647654623614278e-7,false
제헌,185,1949.03.14.,제1대국회 제2회(정기회) 제53차 국회본회의(전체회의) (1949.03.14.),5,0,0,1,0,0,0.6,0.894427190999012,true,0.4,0.8944271910021189,false,0.8,0.836660026533532,false,0.6,0.8944271909999246,false,0.6,0.8944271909999163,false,0.0,2.0647654623614278e-7,false
제헌,186,1949.03.15.,제1대국회 제2회(정기회) 제54차 국회본회의(전체회의) (1949.03.15.),0,0,0,0,0,0,1.6,2.0736441353323984,false,0.4,0.8944271910021189,false,0.4,0.5477225575043356,false,0.8,0.8366600265340848,false,0.6,0.8944271909999163,false,0.0,2.0647654623614278e-7,false
제헌,187,1949.03.16.,제1대국회 제2회(정기회) 제55차 국회본회의(전체회의) (1949.03.16.),2,0,2,0,0,0,1.6,2.0736441353323984,false,0.4,0.8944271910021189,false,0.4,0.5477225575043356,true,0.6,0.8944271909999246,false,0.6,0.8944271909999163,false,0.0,2.0647654623614278e-7,false
제헌,188,1949.03.17.,제1대국회 제2회(정기회) 제56차 국회본회의(전체회의) (1949.03.17.),1,1,0,0,0,0,1.6,2.0736441353323984,false,0.4,0.8944271910021189,false,0.6,0.8944271909994074,false,0.2,0.44721359549997547,false,0.4,0.8944271909999164,false,0.0,2.0647654623614278e-7,false
제헌,189,1949.03.18.,제1대국회 제2회(정기회) 제57차 국회본회의(전체회의) (1949.03.18.),1,0,4,3,0,0,1.8,1.923538406166735,false,0.6,0.8944271910021174,false,0.4,0.8944271909994074,true,0.2,0.44721359549997547,true,0.4,0.8944271909999164,false,0.0,2.0647654623614278e-7,false
제헌,190,1949.03.19.,제1대국회 제2회(정기회) 제58차 국회본회의(전체회의) (1949.03.19.),4,0,1,0,0,0,1.8,1.923538406166735,false,0.2,0.44721359550436673,false,1.2,1.7888543819995777,false,0.8,1.3038404810405357,false,0.0,3.650024149988857e-8,false,0.0,2.0647654623614278e-7,false
제헌,191,1949.03.21.,제1대국회 제2회(정기회) 제59차 국회본회의(전체회의) (1949.03.21.),0,0,0,0,1,0,1.6,1.516575088809799,false,0.2,0.44721359550436673,false,1.4,1.6733200530678796,false,0.6,1.3416407864998796,false,0.0,3.650024149988857e-8,true,0.0,2.0647654623614278e-7,false
제헌,192,1949.03.22.,제1대국회 제2회(정기회) 제60차 국회본회의(전체회의) (1949.03.22.),0,0,0,0,0,0,1.6,1.516575088809799,false,0.2,0.44721359550436673,false,1.4,1.6733200530678796,false,0.6,1.3416407864998796,false,0.2,0.4472135954999592,false,0.0,2.0647654623614278e-7,false
제헌,193,1949.03.23.,제1대국회 제2회(정기회) 제61차 국회본회의(전체회의) (1949.03.23.),4,4,0,0,0,0,1.2,1.6431676725150186,false,0.2,0.44721359550436673,true,1.0,1.7320508075686147,false,0.6,1.3416407864998796,false,0.2,0.4472135954999592,false,0.0,2.0647654623614278e-7,false
제헌,194,1949.03.24.,제1대국회 제2회(정기회) 제62차 국회본회의(전체회의) (1949.03.24.),2,0,0,0,0,0,1.8,2.049390153191545,false,0.8,1.7888543820009317,false,1.0,1.7320508075686147,false,0.6,1.3416407864998796,false,0.2,0.4472135954999592,false,0.0,2.0647654623614278e-7,false
제헌,195,1949.03.25.,제1대국회 제2회(정기회) 제63차 국회본회의(전체회의) (1949.03.25.),7,0,0,0,0,0,2.0,1.9999999999996192,true,0.8,1.7888543820009317,false,0.2,0.4472135954989401,false,0.0,1.2644054553268208e-7,false,0.2,0.4472135954999592,false,0.0,2.0647654623614278e-7,false
제헌,196,1949.03.26.,제1대국회 제2회(정기회) 제64차 국회본회의(전체회의) (1949.03.26.),5,0,1,0,0,0,2.6,2.9664793948380153,false,0.8,1.7888543820009317,false,0.0,0.0,true,0.0,1.2644054553268208e-7,false,0.2,0.4472135954999592,false,0.0,2.0647654623614278e-7,false
제헌,197,1949.03.28.,제1대국회 제2회(정기회) 제65차 국회본회의(전체회의) (1949.03.28.),7,0,0,0,0,0,3.6,2.701851217220997,false,0.8,1.7888543820009317,false,0.2,0.4472135954989401,false,0.0,1.2644054553268208e-7,false,0.0,3.650024149988857e-8,false,0.0,2.0647654623614278e-7,false
제헌,198,1949.03.29.,제1대국회 제2회(정기회) 제66차 국회본회의(전체회의) (1949.03.29.),2,2,5,0,0,0,5.0,2.1213203435593306,false,0.8,1.7888543820009317,false,0.2,0.4472135954989401,true,0.0,1.2644054553268208e-7,false,0.0,3.650024149988857e-8,false,0.0,2.0647654623614278e-7,false
제헌,199,1949.03.30.,제1대국회 제2회(정기회) 제67차 국회본회의(전체회의) (1949.03.30.),0,0,0,0,0,0,4.6,2.5099800796019576,false,0.4,0.8944271910021189,false,1.2,2.1679483388676704,false,0.0,1.2644054553268208e-7,false,0.0,3.650024149988857e-8,false,0.0,2.0647654623614278e-7,false
제헌,200,1949.03.31.,제1대국회 제2회(정기회) 제68차 국회본회의(전체회의) (1949.03.31.),4,0,1,0,1,0,4.2,3.114482300479266,false,0.4,0.8944271910021189,false,1.2,2.1679483388676704,false,0.0,1.2644054553268208e-7,false,0.0,3.650024149988857e-8,true,0.0,2.0647654623614278e-7,false
제헌,201,1949.04.01.,제1대국회 제2회(정기회) 제69차 국회본회의(전체회의) (1949.04.01.),1,0,0,0,0,0,3.6,2.7018512172209963,false,0.4,0.8944271910021189,false,1.4,2.073644135332553,false,0.0,1.2644054553268208e-7,false,0.2,0.4472135954999592,false,0.0,2.0647654623614278e-7,false
제헌,202,1949.04.02.,제1대국회 제2회(정기회) 제70차 국회본회의(전체회의) (1949.04.02.),3,1,5,0,0,0,2.8,2.774887385102056,false,0.4,0.8944271910021189,false,1.2,2.1679483388676704,false,0.0,1.2644054553268208e-7,false,0.2,0.4472135954999592,false,0.0,2.0647654623614278e-7,false
제헌,203,1949.04.04.,제1대국회 제2회(정기회) 제71차 국회본회의(전체회의) (1949.04.04.),0,0,0,1,0,0,2.0,1.581138830083706,false,0.6,0.8944271910021174,false,2.2,2.5884358211087815,false,0.0,1.2644054553268208e-7,true,0.2,0.4472135954999592,false,0.0,2.0647654623614278e-7,false
제헌,204,1949.04.06.,제1대국회 제2회(정기회) 제72차 국회본회의(전체회의) (1949.04.06.),0,0,0,0,0,0,1.6,1.8165902124580666,false,0.2,0.4472135955043666,false,1.2,2.1679483388676704,false,0.2,0.4472135954999758,false,0.2,0.4472135954999592,false,0.0,2.0647654623614278e-7,false
제헌,205,1949.04.07.,제1대국회 제2회(정기회) 제73차 국회본회의(전체회의) (1949.04.07.),6,3,0,0,0,0,1.6,1.8165902124580666,true,0.2,0.4472135955043666,true,1.2,2.1679483388676704,false,0.2,0.4472135954999758,false,0.2,0.4472135954999592,false,0.0,2.0647654623614278e-7,false
제헌,206,1949.04.12.,제1대국회 제2회(정기회) 제74차 국회본회의(전체회의) (1949.04.12.),1,0,0,0,0,0,2.0,2.5495097567960925,false,0.8,1.303840481042039,false,1.0,2.2360679774995864,false,0.2,0.4472135954999758,false,0.0,3.650024149988857e-8,false,0.0,2.0647654623614278e-7,false
제헌,207,1949.04.14.,제1대국회 제2회(정기회) 제75차 국회본회의(전체회의) (1949.04.14.),0,0,0,0,0,0,2.0,2.5495097567960925,false,0.8,1.303840481042039,false,1.0,2.2360679774995864,false,0.2,0.4472135954999758,false,0.0,3.650024149988857e-8,false,0.0,2.0647654623614278e-7,false
제헌,208,1949.04.15.,제1대국회 제2회(정기회) 제76차 국회본회의(전체회의) (1949.04.15.),0,0,1,0,0,0,1.4,2.6076809620807584,false,0.6,1.3416407865013416,false,0.0,0.0,true,0.2,0.4472135954999758,false,0.0,3.650024149988857e-8,false,0.0,2.0647654623614278e-7,false
제헌,209,1949.04.16.,제1대국회 제2회(정기회) 제77차 국회본회의(전체회의) (1949.04.16.),1,0,0,0,0,0,1.4,2.6076809620807584,false,0.6,1.3416407865013416,false,0.2,0.44721359549893946,false,0.0,1.2644054553268208e-7,false,0.0,3.650024149988857e-8,false,0.0,2.0647654623614278e-7,false
제헌,210,1949.04.18.,제1대국회 제2회(정기회) 제78차 국회본회의(전체회의) (1949.04.18.),15,1,1,0,0,0,1.6,2.5099800796019163,true,0.6,1.3416407865013416,false,0.2,0.44721359549893946,false,0.0,1.2644054553268208e-7,false,0.0,3.650024149988857e-8,false,0.0,2.0647654623614278e-7,false
제헌,211,1949.04.19.,제1대국회 제2회(정기회) 제79차 국회본회의(전체회의) (1949.04.19.),6,3,9,0,2,0,3.4,6.50384501660353,false,0.2,0.4472135955043666,true,0.4,0.5477225575043349,true,0.0,1.2644054553268208e-7,false,0.0,3.650024149988857e-8,true,0.0,2.0647654623614278e-7,false
제헌,212,1949.04.20.,제1대국회 제2회(정기회) 제80차 국회본회의(전체회의) (1949.04.20.),3,0,6,0,1,0,4.4,6.426507605223745,false,0.8,1.303840481042039,false,2.2,3.834057902536044,false,0.0,1.2644054553268208e-7,false,0.4,0.8944271909999164,false,0.0,2.0647654623614278e-7,false
제헌,213,1949.04.21.,제1대국회 제2회(정기회) 제81차 국회본회의(전체회의) (1949.04.21.),8,0,1,0,0,0,5.0,6.041522986797176,false,0.8,1.303840481042039,false,3.4,3.911521443121473,false,0.0,1.2644054553268208e-7,false,0.6,0.8944271909999163,false,0.0,2.0647654623614278e-7,false
제헌,214,1949.04.22.,제1대국회 제2회(정기회) 제82차 국회본회의(전체회의) (1949.04.22.),0,0,0,0,0,0,6.6,5.412947441089631,false,0.8,1.303840481042039,false,3.4,3.911521443121473,false,0.0,1.2644054553268208e-7,false,0.6,0.8944271909999163,false,0.0,2.0647654623614278e-7,false
제헌,215,1949.04.23.,제1대국회 제2회(정기회) 제83차 국회본회의(전체회의) (1949.04.23.),16,0,0,0,0,0,6.4,5.683308895353021,false,0.8,1.303840481042039,false,3.4,3.911521443121473,false,0.0,1.2644054553268208e-7,false,0.6,0.8944271909999163,false,0.0,2.0647654623614278e-7,false
제헌,216,1949.04.25.,제1대국회 제2회(정기회) 제84차 국회본회의(전체회의) (1949.04.25.),1,0,0,0,0,0,6.6,6.0663003552411405,false,0.6,1.3416407865013416,false,3.2,4.086563348340398,false,0.0,1.2644054553268208e-7,false,0.6,0.8944271909999163,false,0.0,2.0647654623614278e-7,false
제헌,217,1949.04.26.,제1대국회 제2회(정기회) 제85차 국회본회의(전체회의) (1949.04.26.),1,0,0,0,0,0,5.6,6.580273550544743,false,0.0,1.9863868277648757e-6,false,1.4,2.607680962080884,false,0.0,1.2644054553268208e-7,false,0.2,0.4472135954999592,false,0.0,2.0647654623614278e-7,false
제헌,218,1949.04.27.,제1대국회 제2회(정기회) 제86차 국회본회의(전체회의) (1949.04.27.),2,0,1,0,1,0,5.2,6.833739825307859,false,0.0,1.9863868277648757e-6,false,0.2,0.447213595498934,false,0.0,1.2644054553268208e-7,false,0.0,3.611802948576457e-8,true,0.0,2.0647654623614278e-7,false
제헌,219,1949.04.28.,제1대국회 제2회(정기회) 제1차 전원위원회(전체회의) (1949.04.28.),0,2,3,0,2,0,4.0,6.745368781615917,false,0.0,1.9863868277648757e-6,true,0.2,0.447213595498934,true,0.0,1.2644054553268208e-7,false,0.2,0.4472135954999592,true,0.0,2.0647654623614278e-7,false
제헌,220,1949.04.28.,제1대국회 제2회(정기회) 제1차 전원위원회(전체회의) (1949.04.28.)_40376,0,2,3,0,2,0,4.0,6.745368781615917,false,0.4,0.8944271910021189,false,0.8,1.303840481040179,false,0.0,1.2644054553268208e-7,false,0.6,0.8944271909999163,false,0.0,2.0647654623614278e-7,false
제헌,221,1949.04.28.,제1대국회 제2회(정기회) 제87차 국회본회의(전체회의) (1949.04.28.),0,4,0,0,0,0,0.8,0.8366600265331031,false,0.8,1.0954451150121287,true,1.4,1.5165750888100087,false,0.0,1.2644054553268208e-7,false,1.0,1.0000000000000002,false,0.0,2.0647654623614278e-7,false
제헌,222,1949.04.29.,제1대국회 제2회(정기회) 제2차 전원위원회(전체회의) (1949.04.29.),152,0,2,0,0,0,0.6,0.8944271909989984,true,1.6,1.6733200530693242,false,1.4,1.5165750888100087,false,0.0,1.2644054553268208e-7,false,1.0,1.0000000000000002,false,0.0,2.0647654623614278e-7,false
제헌,223,1949.04.30.,제1대국회 제2회(정기회) 제88차 국회본회의(전체회의) (1949.04.30.),46,17,3,0,4,0,30.8,67.75839431391508,false,1.6,1.6733200530693242,true,1.8,1.3038404810401796,false,0.0,1.2644054553268208e-7,false,1.0,1.0000000000000002,true,0.0,2.0647654623614278e-7,false
제헌,224,1949.05.02.,제1대국회 제2회(정기회) 폐회식 국회본회의(전체회의) (1949.05.02.),1,2,6,0,0,0,39.6,65.91509690503383,false,5.0,6.855654600401327,false,2.2,1.3038404810401798,true,0.0,1.2644054553268208e-7,false,1.6,1.6733200530681511,false,0.0,2.0647654623614278e-7,false
제헌,225,1949.05.21.,제1대국회 제3회(임시회) 개회식 국회본회의(전체회의) (1949.05.21.),0,0,0,0,0,0,39.8,65.7662527440936,false,5.0,6.855654600401327,false,2.8,2.1679483388676695,false,0.0,1.2644054553268208e-7,false,1.2,1.7888543819998317,false,0.0,2.0647654623614278e-7,false
제헌,226,1949.05.23.,제1대국회 제3회(임시회) 제1차 국회본회의(전체회의) (1949.05.23.),1,0,0,0,0,0,39.8,65.7662527440936,false,4.6,7.127411872482457,false,2.2,2.4899799195975634,false,0.0,1.2644054553268208e-7,false,0.8,1.788854381999832,false,0.0,2.0647654623614278e-7,false
제헌,227,1949.05.24.,제1대국회 제3회(임시회) 제2차 국회본회의(전체회의) (1949.05.24.),0,0,0,0,0,0,40.0,65.6163089483095,false,3.8,7.429670248402946,false,2.2,2.4899799195975634,false,0.0,1.2644054553268208e-7,false,0.8,1.788854381999832,false,0.0,2.0647654623614278e-7,false
제헌,228,1949.05.25.,제1대국회 제3회(임시회) 제3차 국회본회의(전체회의) (1949.05.25.),11,0,0,0,0,0,9.6,20.354360712142178,false,3.8,7.429670248402946,false,1.8,2.683281572999577,false,0.0,1.2644054553268208e-7,false,0.8,1.788854381999832,false,0.0,2.0647654623614278e-7,false
제헌,229,1949.05.26.,제1대국회 제3회(임시회) 제4차 국회본회의(전체회의) (1949.05.26.),1,0,0,0,1,0,2.6,4.722287581246666,false,0.4,0.8944271910021211,false,1.2,2.683281572999577,false,0.0,1.2644054553268208e-7,false,0.0,3.650024149988857e-8,true,0.0,2.0647654623614278e-7,false
제헌,230,1949.05.27.,제1대국회 제3회(임시회) 제5차 국회본회의(전체회의) (1949.05.27.),0,1,0,0,0,0,2.6,4.722287581246666,false,0.0,1.987616062227853e-6,true,0.0,0.0,false,0.0,1.2644054553268208e-7,false,0.2,0.4472135954999592,false,0.0,2.0647654623614278e-7,false
제헌,231,1949.05.28.,제1대국회 제3회(임시회) 제6차 국회본회의(전체회의) (1949.05.28.),1,5,0,0,0,0,2.6,4.722287581246666,false,0.2,0.4472135955043717,true,0.0,0.0,false,0.0,1.2644054553268208e-7,false,0.2,0.4472135954999592,false,0.0,2.0647654623614278e-7,false
제헌,232,1949.05.30.,제1대국회 제3회(임시회) 제7차 국회본회의(전체회의) (1949.05.30.),0,25,0,0,0,0,2.6,4.722287581246666,false,1.2,2.1679483388687872,true,0.0,0.0,false,0.0,1.2644054553268208e-7,false,0.2,0.4472135954999592,false,0.0,2.0647654623614278e-7,false
제헌,233,1949.05.31.,제1대국회 제3회(임시회) 제8차 국회본회의(전체회의) (1949.05.31.),0,1,0,0,0,0,2.6,4.722287581246666,false,6.2,10.709808588392411,false,0.0,0.0,false,0.0,1.2644054553268208e-7,false,0.2,0.4472135954999592,false,0.0,2.0647654623614278e-7,false
제헌,234,1949.06.01.,제1대국회 제3회(임시회) 제9차 국회본회의(전체회의) (1949.06.01.),0,0,0,0,0,0,0.4,0.5477225575017854,false,6.4,10.573551910309224,false,0.0,0.0,false,0.0,1.2644054553268208e-7,false,0.2,0.4472135954999592,false,0.0,2.0647654623614278e-7,false
제헌,235,1949.06.02.,제1대국회 제3회(임시회) 제10차 국회본회의(전체회의) (1949.06.02.),0,0,1,0,1,0,0.2,0.4472135954957984,false,6.4,10.573551910309224,false,0.0,0.0,true,0.0,1.2644054553268208e-7,false,0.0,3.650024149988857e-8,true,0.0,2.0647654623614278e-7,false
제헌,236,1949.06.03.,제1대국회 제3회(임시회) 제11차 국회본회의(전체회의) (1949.06.03.),1,0,0,3,0,0,0.2,0.4472135954957984,false,6.2,10.709808588392411,false,0.2,0.4472135954989335,false,0.0,1.2644054553268208e-7,true,0.2,0.4472135954999592,false,0.0,2.0647654623614278e-7,false
제헌,237,1949.06.04.,제1대국회 제3회(임시회) 제12차 국회본회의(전체회의) (1949.06.04.),0,2,0,0,0,0,0.2,0.4472135954957984,false,5.2,11.077003204838567,false,0.2,0.4472135954989335,false,0.6,1.3416407864998796,false,0.2,0.4472135954999592,false,0.0,2.0647654623614278e-7,false
제헌,238,1949.06.06.,제1대국회 제3회(임시회) 제13차 국회본회의(전체회의) (1949.06.06.),1,0,0,0,0,0,0.2,0.4472135954957984,false,0.6,0.8944271910021137,false,0.2,0.4472135954989335,false,0.6,1.3416407864998796,false,0.2,0.4472135954999592,false,0.0,2.0647654623614278e-7,false
제헌,239,1949.06.07.,제1대국회 제3회(임시회) 제14차 국회본회의(전체회의) (1949.06.07.),2,0,0,0,0,0,0.4,0.5477225575017854,true,0.4,0.8944271910021152,false,0.2,0.4472135954989335,false,0.6,1.3416407864998796,false,0.2,0.4472135954999592,false,0.0,2.0647654623614278e-7,false
제헌,240,1949.06.13.,제1대국회 제3회(임시회) 제15차 국회본회의(전체회의) (1949.06.13.),0,0,1,0,0,0,0.8,0.8366600265318828,false,0.4,0.8944271910021152,false,0.2,0.4472135954989335,false,0.6,1.3416407864998796,false,0.2,0.4472135954999592,false,0.0,2.0647654623614278e-7,false
제헌,241,1949.06.14.,제1대국회 제3회(임시회) 제16차 국회본회의(전체회의) (1949.06.14.),0,1,0,0,0,0,0.8,0.8366600265318828,false,0.4,0.8944271910021152,false,0.2,0.4472135954989335,false,0.6,1.3416407864998796,false,0.0,3.650024149988857e-8,false,0.0,2.0647654623614278e-7,false
제헌,242,1949.06.15.,제1대국회 제3회(임시회) 제17차 국회본회의(전체회의) (1949.06.15.),0,0,0,0,0,0,0.6,0.8944271909978552,false,0.6,0.8944271910021137,false,0.2,0.4472135954989335,false,0.0,1.2644054553268208e-7,false,0.0,3.650024149988857e-8,false,0.0,2.0647654623614278e-7,false
제헌,243,1949.06.16.,제1대국회 제3회(임시회) 제18차 국회본회의(전체회의) (1949.06.16.),0,0,0,0,0,0,0.6,0.8944271909978552,false,0.2,0.44721359550435974,false,0.2,0.4472135954989335,false,0.0,1.2644054553268208e-7,false,0.0,3.650024149988857e-8,false,0.0,2.0647654623614278e-7,false
제헌,244,1949.06.17.,제1대국회 제3회(임시회) 제19차 국회본회의(전체회의) (1949.06.17.),0,0,3,0,0,0,0.4,0.8944271909978456,false,0.2,0.44721359550435974,false,0.2,0.4472135954989335,true,0.0,1.2644054553268208e-7,false,0.0,3.650024149988857e-8,false,0.0,2.0647654623614278e-7,false
제헌,245,1949.06.18.,제1대국회 제3회(임시회) 제20차 국회본회의(전체회의) (1949.06.18.),0,1,0,0,0,0,0.0,0.0,false,0.2,0.44721359550435974,false,0.8,1.3038404810401787,false,0.0,1.2644054553268208e-7,false,0.0,3.650024149988857e-8,false,0.0,2.0647654623614278e-7,false
제헌,246,1949.06.20.,제1대국회 제3회(임시회) 폐회식 국회본회의(전체회의) (1949.06.20.),0,2,0,0,0,0,0.0,0.0,false,0.4,0.5477225575087576,true,0.6,1.3416407864995326,false,0.0,1.2644054553268208e-7,false,0.0,3.650024149988857e-8,false,0.0,2.0647654623614278e-7,false
제헌,247,1949.07.01.,제1대국회 제4회(임시회) 개회식 국회본회의(전체회의) (1949.07.01.),0,0,0,0,0,0,0.0,0.0,false,0.6,0.8944271910021137,false,0.6,1.3416407864995326,false,0.0,1.2644054553268208e-7,false,0.0,3.650024149988857e-8,false,0.0,2.0647654623614278e-7,false
제헌,248,1949.07.02.,제1대국회 제4회(임시회) 제1차 국회본회의(전체회의) (1949.07.02.),1,0,0,0,0,0,0.0,0.0,true,0.6,0.8944271910021137,false,0.6,1.3416407864995326,false,0.0,1.2644054553268208e-7,false,0.0,3.650024149988857e-8,false,0.0,2.0647654623614278e-7,false
제헌,249,1949.07.04.,제1대국회 제4회(임시회) 제2차 국회본회의(전체회의) (1949.07.04.),0,2,0,0,0,2,0.2,0.4472135954957984,false,0.6,0.8944271910021137,false,0.6,1.3416407864995326,false,0.0,1.2644054553268208e-7,false,0.0,3.650024149988857e-8,false,0.0,2.0647654623614278e-7,true
제헌,250,1949.07.06.,제1대국회 제4회(임시회) 제3차 국회본회의(전체회의) (1949.07.06.),8,0,0,0,0,0,0.2,0.4472135954957984,true,1.0,1.0000000000019629,false,0.0,0.0,false,0.0,1.2644054553268208e-7,false,0.0,3.650024149988857e-8,false,0.4,0.8944271909999397,false
제헌,251,1949.07.07.,제1대국회 제4회(임시회) 제4차 국회본회의(전체회의) (1949.07.07.),2,0,0,0,1,0,1.8,3.492849839314083,false,0.8,1.0954451150121254,false,0.0,0.0,false,0.0,1.2644054553268208e-7,false,0.0,3.650024149988857e-8,true,0.4,0.8944271909999397,false
제헌,252,1949.07.08.,제1대국회 제4회(임시회) 제5차 국회본회의(전체회의) (1949.07.08.),0,3,0,0,0,0,2.2,3.346640106135772,false,0.4,0.8944271910021152,true,0.0,0.0,false,0.0,1.2644054553268208e-7,false,0.2,0.4472135954999592,false,0.4,0.8944271909999397,false
제헌,253,1949.07.09.,제1대국회 제4회(임시회) 제6차 국회본회의(전체회의) (1949.07.09.),2,0,0,0,0,0,2.2,3.346640106135772,false,1.0,1.414213562374483,false,0.0,0.0,false,0.0,1.2644054553268208e-7,false,0.2,0.4472135954999592,false,0.4,0.8944271909999397,false
제헌,254,1949.07.11.,제1대국회 제4회(임시회) 제7차 국회본회의(전체회의) (1949.07.11.),1,180,0,0,0,0,2.4,3.286335345030459,false,1.0,1.414213562374483,true,0.0,0.0,false,0.0,1.2644054553268208e-7,false,0.2,0.4472135954999592,false,0.4,0.8944271909999397,false
제헌,255,1949.07.12.,제1대국회 제4회(임시회) 제8차 국회본회의(전체회의) (1949.07.12.),0,332,2,0,0,1,2.6,3.1304951684991438,false,36.6,80.17356172704318,true,0.0,0.0,true,0.0,1.2644054553268208e-7,false,0.2,0.4472135954999592,false,0.0,2.0647654623614278e-7,true
제헌,256,1949.07.14.,제1대국회 제4회(임시회) 제10차 국회본회의(전체회의) (1949.07.14.),4,2,0,0,0,0,1.0,0.9999999999981739,true,103.0,149.6562728387955,false,0.4,0.8944271909994037,false,0.0,1.2644054553268208e-7,false,0.2,0.4472135954999592,false,0.2,0.4472135955000056,false
제헌,257,1949.07.15.,제1대국회 제4회(임시회) 제11차 국회본회의(전체회의) (1949.07.15.),23,0,21,0,0,0,1.4,1.67332005306707,true,103.4,149.3144333277932,false,0.4,0.8944271909994037,true,0.0,1.2644054553268208e-7,false,0.0,3.650024149988857e-8,false,0.2,0.4472135955000056,false
제헌,258,1949.07.16.,제1대국회 제4회(임시회) 제12차 국회본회의(전체회의) (1949.07.16.),1,2,3,0,0,0,6.0,9.617692030835505,false,102.8,149.82389662533814,false,4.6,9.208691546577022,false,0.0,1.2644054553268208e-7,false,0.0,3.650024149988857e-8,false,0.2,0.4472135955000056,false
제헌,259,1949.07.19.,제1대국회 제4회(임시회) 제13차 국회본회의(전체회의) (1949.07.19.),0,0,0,0,3,0,5.8,9.731392500562125,false,103.2,149.48310941373947,false,5.2,8.927485648266208,false,0.0,1.2644054553268208e-7,false,0.0,3.650024149988857e-8,true,0.2,0.4472135955000056,false
제헌,260,1949.07.20.,제1대국회 제4회(임시회) 제14차 국회본회의(전체회의) (1949.07.20.),3,2,1,0,0,0,5.6,9.86407623652599,false,67.2,148.03107781813927,false,5.2,8.927485648266208,false,0.0,1.2644054553268208e-7,false,0.6,1.341640786499874,false,0.2,0.4472135955000056,false
제헌,261,1949.07.21.,제1대국회 제4회(임시회) 제15차 국회본회의(전체회의) (1949.07.21.),0,0,0,0,48,0,6.2,9.523654760647133,false,1.2,1.095445115013648,false,5.0,9.027735042633845,false,0.0,1.2644054553268208e-7,false,0.6,1.341640786499874,true,0.0,2.0647654623614278e-7,false
제헌,262,1949.07.22.,제1대국회 제4회(임시회) 제16차 국회본회의(전체회의) (1949.07.22.),1,0,0,0,56,0,5.4,9.914635646356185,false,0.8,1.0954451150136584,false,5.0,9.027735042633845,false,0.0,1.2644054553268208e-7,false,10.2,21.17073451725282,true,0.0,2.0647654623614278e-7,false
제헌,263,1949.07.23.,제1대국회 제4회(임시회) 제17차 국회본회의(전체회의) (1949.07.23.),9,0,0,0,1,0,1.0,1.2247448713901097,true,0.8,1.0954451150136584,false,0.8,1.3038404810401862,false,0.0,1.2644054553268208e-7,false,21.4,28.10338057956729,false,0.0,2.0647654623614278e-7,false
제헌,264,1949.07.25.,제1대국회 제4회(임시회) 제18차 국회본회의(전체회의) (1949.07.25.),2,0,84,0,0,0,2.6,3.7815340802373463,false,0.4,0.8944271910040023,false,0.2,0.4472135954989538,true,0.0,1.2644054553268208e-7,false,21.6,27.91594526431086,false,0.0,2.0647654623614278e-7,false
제헌,265,1949.07.26.,제1대국회 제4회(임시회) 제19차 국회본회의(전체회의) (1949.07.26.),2,0,0,0,1,0,3.0,3.5355339059322493,false,0.4,0.8944271910040023,false,17.0,37.45664160065607,false,0.0,1.2644054553268208e-7,false,21.0,28.442925306655784,false,0.0,2.0647654623614278e-7,false
제헌,266,1949.07.27.,제1대국회 제4회(임시회) 제20차 국회본회의(전체회의) (1949.07.27.),0,0,0,0,0,0,2.8,3.5637059362406056,false,0.0,2.707894017634695e-6,false,16.8,37.565942021996456,false,0.0,1.2644054553268208e-7,false,21.2,28.261280933460892,false,0.0,2.0647654623614278e-7,false
제헌,267,1949.07.28.,제1대국회 제4회(임시회) 제21차 국회본회의(전체회의) (1949.07.28.),21,3,1,0,1,0,2.8,3.5637059362406056,true,0.0,2.707894017634695e-6,true,16.8,37.565942021996456,false,0.0,1.2644054553268208e-7,false,11.6,24.825390228554312,false,0.0,2.0647654623614278e-7,false
제헌,268,1949.07.29.,제1대국회 제4회(임시회) 제22차 국회본회의(전체회의) (1949.07.29.),3,3,0,0,0,0,6.8,8.64291617453258,false,0.6,1.3416407865025939,false,17.0,37.45664160065607,false,0.0,1.2644054553268208e-7,false,0.6,0.5477225575051661,false,0.0,2.0647654623614278e-7,false
제헌,269,1949.07.30.,제1대국회 제4회(임시회) 제23차 국회본회의(전체회의) (1949.07.30.),1,9,0,0,0,0,5.6,8.677557259966468,false,1.2,1.643167672517709,true,17.0,37.45664160065607,false,0.0,1.2644054553268208e-7,false,0.4,0.5477225575051661,false,0.0,2.0647654623614278e-7,false
제헌,270,1949.07.30.,제1대국회 제4회(임시회) 제9차 국회본회의(전체회의) (1949.07.30.),1,0,0,0,1,0,5.4,8.792041856133123,false,3.0,3.6742346141757416,false,0.2,0.44721359549894113,false,0.0,1.2644054553268208e-7,false,0.4,0.5477225575051661,false,0.0,2.0647654623614278e-7,false
제헌,271,1949.08.01.,제1대국회 제4회(임시회) 폐회식 국회본회의(전체회의) (1949.08.01.),1,3,0,0,2,1,5.2,8.899438184514612,false,3.0,3.6742346141757416,false,0.2,0.44721359549894113,false,0.0,1.2644054553268208e-7,false,0.4,0.5477225575051661,true,0.0,2.0647654623614278e-7,true
제헌,272,1949.09.12.,제1대국회 제5회(임시회) 개회식 국회본회의(전체회의) (1949.09.12.),0,0,0,0,0,0,5.4,8.763560920082472,false,3.6,3.286335345032081,false,0.2,0.44721359549894113,false,0.0,1.2644054553268208e-7,false,0.8,0.8366600265340756,false,0.2,0.4472135955000056,false
제헌,273,1949.09.19.,제1대국회 제5회(임시회) 제1차 국회본회의(전체회의) (1949.09.19.),1,0,0,0,0,0,1.2,1.0954451150086926,false,3.0,3.6742346141757416,false,0.0,0.0,false,0.0,1.2644054553268208e-7,false,0.6,0.8944271909999159,false,0.2,0.4472135955000056,false
제헌,274,1949.09.20.,제1대국회 제5회(임시회) 제2차 국회본회의(전체회의) (1949.09.20.),2,0,0,0,0,0,0.8,0.4472135954959033,true,2.4,3.9115214431225094,false,0.0,0.0,false,0.0,1.2644054553268208e-7,false,0.6,0.8944271909999159,false,0.2,0.4472135955000056,false
제헌,275,1949.09.21.,제1대국회 제5회(임시회) 제3차 국회본회의(전체회의) (1949.09.21.),5,0,0,0,1,0,1.0,0.7071067811839952,true,0.6,1.3416407865025939,false,0.0,0.0,false,0.0,1.2644054553268208e-7,false,0.6,0.8944271909999159,false,0.2,0.4472135955000056,false
제헌,276,1949.09.22.,제1대국회 제5회(임시회) 제4차 국회본회의(전체회의) (1949.09.22.),1,3,0,0,0,2,1.8,1.923538406166214,false,0.6,1.3416407865025939,false,0.0,0.0,false,0.0,1.2644054553268208e-7,false,0.6,0.8944271909999159,false,0.2,0.4472135955000056,true
제헌,277,1949.09.23.,제1대국회 제5회(임시회) 제5차 국회본회의(전체회의) (1949.09.23.),4,0,0,0,0,0,1.8,1.923538406166214,false,0.6,1.3416407865025939,false,0.0,0.0,false,0.0,1.2644054553268208e-7,false,0.2,0.4472135954999581,false,0.4,0.8944271909999397,false
제헌,278,1949.09.24.,제1대국회 제5회(임시회) 제6차 국회본회의(전체회의) (1949.09.24.),4,0,1,0,0,0,2.6,1.816590212457539,false,0.6,1.3416407865025939,false,0.0,0.0,true,0.0,1.2644054553268208e-7,false,0.2,0.4472135954999581,false,0.4,0.8944271909999397,false
제헌,279,1949.09.26.,제1대국회 제5회(임시회) 제7차 국회본회의(전체회의) (1949.09.26.),0,1,1,0,4,0,3.2,1.643167672514457,false,0.6,1.3416407865025939,false,0.2,0.44721359549894113,false,0.0,1.2644054553268208e-7,false,0.2,0.4472135954999581,true,0.4,0.8944271909999397,false
제헌,280,1949.09.27.,제1대국회 제5회(임시회) 제8차 국회본회의(전체회의) (1949.09.27.),3,4,1,0,0,0,2.8,2.167948338867083,false,0.8,1.3038404810433242,true,0.4,0.5477225575043358,false,0.0,1.2644054553268208e-7,false,1.0,1.7320508075688772,false,0.4,0.8944271909999397,false
제헌,281,1949.09.28.,제1대국회 제5회(임시회) 제9차 국회본회의(전체회의) (1949.09.28.),5,0,5,0,1,3,2.4,1.8165902124575344,false,1.6,1.8165902124604882,false,0.6,0.5477225575043358,true,0.0,1.2644054553268208e-7,false,0.8,1.7888543819998317,false,0.4,0.8944271909999397,true
제헌,282,1949.09.29.,제1대국회 제5회(임시회) 제10차 국회본회의(전체회의) (1949.09.29.),2,134,8,0,0,0,3.2,1.923538406166245,false,1.0,1.7320508075709777,true,1.6,1.9493588689615595,true,0.0,1.2644054553268208e-7,false,1.0,1.7320508075688772,false,0.6,1.3416407864998896,false
제헌,283,1949.09.30.,제1대국회 제5회(임시회) 제11차 국회본회의(전체회의) (1949.09.30.),2,14,2,0,0,1,2.8,1.9235384061662362,false,27.8,59.39023488756384,false,3.2,3.1937438845341197,false,0.0,1.2644054553268208e-7,false,1.0,1.7320508075688772,false,0.6,1.3416407864998896,false
제헌,284,1949.10.01.,제1대국회 제5회(임시회) 제12차 국회본회의(전체회의) (1949.10.01.),7,0,1,0,0,1,2.4,1.8165902124575344,true,30.6,58.06720244682023,false,3.4,3.0495901363952322,false,0.0,1.2644054553268208e-7,false,1.0,1.7320508075688772,false,0.8,1.303840481040546,false
제헌,285,1949.10.04.,제1대국회 제5회(임시회) 제13차 국회본회의(전체회의) (1949.10.04.),0,0,0,0,0,1,3.8,2.167948338867103,false,30.4,58.19621980850651,false,3.4,3.0495901363952322,false,0.0,1.2644054553268208e-7,false,0.2,0.4472135954999579,false,1.0,1.2247448713916063,false
제헌,286,1949.10.05.,제1대국회 제5회(임시회) 제14차 국회본회의(전체회의) (1949.10.05.),0,0,0,0,0,1,3.2,2.774887385101705,false,29.6,58.67537814109089,false,3.2,3.2710854467590864,false,0.0,1.2644054553268208e-7,false,0.2,0.4472135954999579,false,1.2,1.0954451150103515,false
제헌,287,1949.10.07.,제1대국회 제5회(임시회) 제15차 국회본회의(전체회의) (1949.10.07.),0,0,0,0,0,1,2.2,2.863564212654658,false,29.6,58.67537814109089,false,2.2,3.346640106136167,false,0.0,1.2644054553268208e-7,false,0.0,0.0,false,0.8,0.4472135955000054,false
제헌,288,1949.10.08.,제1대국회 제5회(임시회) 제16차 국회본회의(전체회의) (1949.10.08.),13,2,0,0,0,1,1.8,3.0331501776200365,true,2.8,6.2609903370000675,false,0.6,0.8944271909994095,false,0.0,1.2644054553268208e-7,false,0.0,0.0,false,1.0,2.05938144938428e-7,false
제헌,289,1949.10.10.,제1대국회 제5회(임시회) 제17차 국회본회의(전체회의) (1949.10.10.),4,0,0,1,0,54,4.0,5.87367006223508,false,0.4,0.8944271910045862,false,0.2,0.4472135954989452,false,0.0,1.2644054553268208e-7,true,0.0,0.0,false,1.0,2.05938144938428e-7,true
제헌,290,1949.10.11.,제1대국회 제5회(임시회) 제18차 국회본회의(전체회의) (1949.10.11.),20,0,1,0,0,45,3.4,5.639148871948372,true,0.4,0.8944271910045862,false,0.0,0.0,true,0.2,0.4472135954999758,false,0.0,0.0,false,11.6,23.70232056149777,false
제헌,291,1949.10.12.,제1대국회 제5회(임시회) 제19차 국회본회의(전체회의) (1949.10.12.),1,0,0,0,0,0,7.4,8.820430828479806,false,0.4,0.8944271910045862,false,0.2,0.4472135954989452,false,0.2,0.4472135954999758,false,0.0,0.0,false,20.4,26.754438884043147,false
제헌,292,1949.10.13.,제1대국회 제5회(임시회) 제20차 국회본회의(전체회의) (1949.10.13.),1,2,0,0,0,0,7.6,8.619744775803802,false,0.4,0.8944271910045862,false,0.2,0.4472135954989452,false,0.2,0.4472135954999758,false,0.0,0.0,false,20.2,26.938819573247823,false
제헌,293,1949.10.14.,제1대국회 제5회(임시회) 제21차 국회본회의(전체회의) (1949.10.14.),2,0,0,1,0,0,7.8,8.408329203830982,false,0.8,1.095445115014135,false,0.2,0.4472135954989452,false,0.2,0.4472135954999758,false,0.0,0.0,false,20.0,27.120103244641236,false
제헌,294,1949.10.24.,제1대국회 제5회(임시회) 제22차 국회본회의(전체회의) (1949.10.24.),2,0,0,0,0,0,5.6,8.142481194328715,false,0.4,0.8944271910045861,false,0.2,0.4472135954989452,false,0.4,0.5477225575051807,false,0.0,0.0,false,19.8,27.298351598585583,false
제헌,295,1949.10.25.,제1대국회 제5회(임시회) 제23차 국회본회의(전체회의) (1949.10.25.),0,0,0,0,0,0,5.2,8.288546314040644,false,0.4,0.8944271910045861,false,0.2,0.4472135954989452,false,0.2,0.4472135954999758,false,0.0,0.0,false,9.0,20.12461179749811,false
제헌,296,1949.10.26.,제1대국회 제5회(임시회) 제24차 국회본회의(전체회의) (1949.10.26.),0,0,0,0,0,0,1.2,0.8366600265319285,false,0.4,0.8944271910045861,false,0.0,0.0,false,0.2,0.4472135954999758,false,0.0,0.0,false,0.0,0.0,false
제헌,297,1949.10.27.,제1대국회 제5회(임시회) 제25차 국회본회의(전체회의) (1949.10.27.),1,0,0,0,0,0,1.0,0.999999999998195,false,0.4,0.8944271910045861,false,0.0,0.0,false,0.2,0.4472135954999758,false,0.0,0.0,false,0.0,0.0,false
제헌,298,1949.10.28.,제1대국회 제5회(임시회) 제26차 국회본회의(전체회의) (1949.10.28.),8,0,0,0,0,0,1.0,0.999999999998195,true,0.0,2.8943372008646676e-6,false,0.0,0.0,false,0.2,0.4472135954999758,false,0.0,0.0,false,0.0,0.0,false
제헌,299,1949.10.29.,제1대국회 제5회(임시회) 제27차 국회본회의(전체회의) (1949.10.29.),0,0,0,0,3,2,2.2,3.3466401061357782,false,0.0,2.8943372008646676e-6,false,0.0,0.0,false,0.0,1.2644054553268208e-7,false,0.0,0.0,true,0.0,0.0,true
제헌,300,1949.10.31.,제1대국회 제5회(임시회) 제28차 국회본회의(전체회의) (1949.10.31.),44,0,0,0,0,0,1.8,3.4928498393140894,true,0.0,2.8943372008646676e-6,false,0.0,0.0,false,0.0,1.2644054553268208e-7,false,0.6,1.3416407864998738,false,0.4,0.8944271909999159,false
제헌,301,1949.11.01.,제1대국회 제5회(임시회) 제29차 국회본회의(전체회의) (1949.11.01.),3,0,2,0,0,2,10.6,18.96839476603113,false,0.0,2.8943372008646676e-6,false,0.0,0.0,true,0.0,1.2644054553268208e-7,false,0.6,1.3416407864998738,false,0.4,0.8944271909999159,false
제헌,302,1949.11.02.,제1대국회 제5회(임시회) 제30차 국회본회의(전체회의) (1949.11.02.),3,0,3,0,1,0,11.2,18.593009439033725,false,0.0,2.8943372008646676e-6,false,0.4,0.8944271909994095,true,0.0,1.2644054553268208e-7,false,0.6,1.3416407864998738,false,0.8,1.0954451150103321,false
제헌,303,1949.11.03.,제1대국회 제5회(임시회) 제31차 국회본회의(전체회의) (1949.11.03.),28,0,1,0,0,6,11.6,18.338484124921482,false,0.0,2.8943372008646676e-6,false,1.0,1.4142135623727747,false,0.0,1.2644054553268208e-7,false,0.8,1.3038404810405297,false,0.8,1.0954451150103321,true
제헌,304,1949.11.04.,제1대국회 제5회(임시회) 제32차 국회본회의(전체회의) (1949.11.04.),3,1,1,0,3,4,15.6,19.50128200913975,false,0.0,2.8943372008646676e-6,true,1.2,1.3038404810401822,false,0.0,1.2644054553268208e-7,false,0.8,1.3038404810405297,false,2.0,2.449489742783178,false
제헌,305,1949.11.05.,제1대국회 제5회(임시회) 제33차 국회본회의(전체회의) (1949.11.05.),0,0,0,0,0,0,16.2,18.939376969689306,false,0.2,0.4472135955093112,false,1.4,1.1401754250987404,false,0.0,1.2644054553268208e-7,false,0.8,1.3038404810405297,false,2.4,2.6076809620810595,false
제헌,306,1949.11.07.,제1대국회 제5회(임시회) 제34차 국회본회의(전체회의) (1949.11.07.),4,0,53,0,0,0,7.4,11.588787684654378,false,0.2,0.4472135955093112,false,1.4,1.1401754250987404,true,0.0,1.2644054553268208e-7,false,0.8,1.3038404810405297,false,2.4,2.6076809620810595,false
제헌,307,1949.11.08.,제1대국회 제5회(임시회) 제35차 국회본회의(전체회의) (1949.11.08.),7,0,29,0,0,0,7.6,11.502173707608359,false,0.2,0.4472135955093112,false,11.6,23.168944732119307,false,0.0,1.2644054553268208e-7,false,0.8,1.3038404810405297,false,2.0,2.8284271247461903,false
제헌,308,1949.11.09.,제1대국회 제5회(임시회) 제36차 국회본회의(전체회의) (1949.11.09.),0,0,0,0,0,0,8.4,11.238327277668908,false,0.2,0.4472135955093112,false,16.8,23.668544526438442,false,0.0,1.2644054553268208e-7,false,0.6,1.3416407864998738,false,2.0,2.8284271247461903,false
제헌,309,1949.11.10.,제1대국회 제5회(임시회) 제37차 국회본회의(전체회의) (1949.11.10.),0,0,0,0,0,0,2.8,2.949576240749947,false,0.2,0.4472135955093112,false,16.6,23.839043604977093,false,0.0,1.2644054553268208e-7,false,0.6,1.3416407864998738,false,0.8,1.7888543819998317,false
제헌,310,1949.11.11.,제1대국회 제5회(임시회) 제38차 국회본회의(전체회의) (1949.11.11.),22,0,0,0,0,0,2.2,3.1937438845337205,true,0.0,2.8943372008646676e-6,false,16.4,24.006249186409757,false,0.0,1.2644054553268208e-7,false,0.0,0.0,false,0.0,0.0,false
제헌,311,1949.11.12.,제1대국회 제5회(임시회) 제39차 국회본회의(전체회의) (1949.11.12.),7,0,1,0,0,0,6.6,9.099450532861692,false,0.0,2.8943372008646676e-6,false,16.4,24.006249186409757,false,0.0,1.2644054553268208e-7,false,0.0,0.0,false,0.0,0.0,false
제헌,312,1949.11.14.,제1대국회 제5회(임시회) 제40차 국회본회의(전체회의) (1949.11.14.),0,0,0,0,0,0,7.2,8.983317872590113,false,0.0,2.8943372008646676e-6,false,6.0,12.864680330268573,false,0.0,1.2644054553268208e-7,false,0.0,0.0,false,0.0,0.0,false
제헌,313,1949.11.15.,제1대국회 제5회(임시회) 제41차 국회본회의(전체회의) (1949.11.15.),2,0,8,0,3,0,5.8,9.549869109050492,false,0.0,2.8943372008646676e-6,false,0.2,0.44721359549900447,true,0.0,1.2644054553268208e-7,false,0.0,0.0,true,0.0,0.0,false
제헌,314,1949.11.16.,제1대국회 제5회(임시회) 제42차 국회본회의(전체회의) (1949.11.16.),53,0,107,0,0,0,6.2,9.284395510747961,true,0.0,2.8943372008646676e-6,false,1.8,3.492849839314475,true,0.0,1.2644054553268208e-7,false,0.6,1.3416407864998738,false,0.0,0.0,false
제헌,315,1949.11.17.,제1대국회 제5회(임시회) 제43차 국회본회의(전체회의) (1949.11.17.),0,0,0,0,0,0,16.8,21.993180761317763,false,0.0,2.8943372008646676e-6,false,23.2,46.96488049596208,false,0.0,1.2644054553268208e-7,false,0.6,1.3416407864998738,false,0.0,0.0,false
제헌,316,1949.11.18.,제1대국회 제5회(임시회) 제44차 국회본회의(전체회의) (1949.11.18.),0,0,4,0,0,0,12.4,22.875751353780654,false,0.0,2.8943372008646676e-6,false,23.2,46.96488049596208,false,0.0,1.2644054553268208e-7,false,0.6,1.3416407864998738,false,0.0,0.0,false
제헌,317,1949.11.19.,제1대국회 제5회(임시회) 제45차 국회본회의(전체회의) (1949.11.19.),0,0,1,0,0,5,11.0,23.494680248941407,false,0.0,2.8943372008646676e-6,false,23.8,46.6283175763398,false,0.0,1.2644054553268208e-7,false,0.6,1.3416407864998738,false,0.0,0.0,true
제헌,318,1949.11.21.,제1대국회 제5회(임시회) 제46차 국회본회의(전체회의) (1949.11.21.),0,0,43,0,1,0,11.0,23.494680248941407,false,0.0,2.8943372008646676e-6,false,24.0,46.50268809434568,false,0.0,1.2644054553268208e-7,false,0.6,1.3416407864998738,false,1.0,2.23606797749979,false
제헌,319,1949.11.22.,제1대국회 제5회(임시회) 제47차 국회본회의(전체회의) (1949.11.22.),6,0,4,0,1,1,10.6,23.702320561497718,false,0.0,2.8943372008646676e-6,false,31.0,46.12483062299524,false,0.0,1.2644054553268208e-7,false,0.2,0.4472135954999579,false,1.0,2.23606797749979,false
제헌,320,1949.11.23.,제1대국회 제5회(임시회) 제48차 국회본회의(전체회의) (1949.11.23.),7,0,0,0,0,0,1.2,2.6832815729991295,true,0.0,2.8943372008646676e-6,false,10.4,18.311198759229267,false,0.0,1.2644054553268208e-7,false,0.4,0.5477225575051661,false,1.2,2.16794833886788,false
제헌,321,1949.11.24.,제1대국회 제5회(임시회) 제49차 국회본회의(전체회의) (1949.11.24.),5,0,0,0,0,0,2.6,3.5777087639992153,false,0.0,2.8943372008646676e-6,false,10.4,18.311198759229267,false,0.0,1.2644054553268208e-7,false,0.4,0.5477225575051661,false,1.2,2.16794833886788,false
제헌,322,1949.11.25.,제1대국회 제5회(임시회) 제50차 국회본회의(전체회의) (1949.11.25.),2,0,5,0,0,0,3.6,3.3615472627938567,false,0.0,2.8943372008646676e-6,false,9.6,18.74299869284527,false,0.0,1.2644054553268208e-7,false,0.4,0.5477225575051661,false,1.2,2.16794833886788,false
제헌,323,1949.11.26.,제1대국회 제5회(임시회) 제51차 국회본회의(전체회의) (1949.11.26.),7,0,0,0,0,0,4.0,2.915475947422119,false,0.0,2.8943372008646676e-6,false,10.4,18.3657289536789,false,0.0,1.2644054553268208e-7,false,0.4,0.5477225575051661,false,0.2,0.4472135954999579,false
제헌,324,1949.11.28.,제1대국회 제5회(임시회) 제52차 국회본회의(전체회의) (1949.11.28.),8,0,0,0,0,0,5.4,2.0736441353320516,false,0.0,2.8943372008646676e-6,false,1.8,2.4899799195976198,false,0.0,1.2644054553268208e-7,false,0.2,0.4472135954999579,false,0.2,0.4472135954999579,false
제헌,325,1949.11.29.,제1대국회 제5회(임시회) 제53차 국회본회의(전체회의) (1949.11.29.),8,0,0,0,0,1,5.8,2.3874672772620453,false,0.0,2.8943372008646676e-6,false,1.0,2.236067977499646,false,0.0,1.2644054553268208e-7,false,0.0,0.0,false,0.0,0.0,true
제헌,326,1949.11.30.,제1대국회 제5회(임시회) 제54차 국회본회의(전체회의) (1949.11.30.),29,0,6,0,1,0,6.0,2.549509756795816,true,0.0,2.8943372008646676e-6,false,1.0,2.236067977499646,true,0.0,1.2644054553268208e-7,false,0.0,0.0,true,0.2,0.4472135954999579,false
제헌,327,1949.12.01.,제1대국회 제5회(임시회) 제55차 국회본회의(전체회의) (1949.12.01.),1,2,1,0,0,0,10.8,10.473776778220808,false,0.0,2.8943372008646676e-6,true,2.2,3.033150177620517,false,0.0,1.2644054553268208e-7,false,0.2,0.4472135954999579,false,0.2,0.4472135954999579,false
제헌,328,1949.12.02.,제1대국회 제5회(임시회) 제56차 국회본회의(전체회의) (1949.12.02.),0,0,0,0,0,1,10.6,10.691117808723156,false,0.4,0.8944271910045861,false,1.4,2.6076809620809374,false,0.0,1.2644054553268208e-7,false,0.2,0.4472135954999579,false,0.2,0.4472135954999579,false
제헌,329,1949.12.03.,제1대국회 제5회(임시회) 제57차 국회본회의(전체회의) (1949.12.03.),2,21,32,0,6,0,9.2,11.691877522451103,false,0.4,0.8944271910045861,true,1.4,2.6076809620809374,true,0.0,1.2644054553268208e-7,false,0.2,0.4472135954999579,true,0.4,0.5477225575051661,false
제헌,330,1949.12.04.,제1대국회 제5회(임시회) 폐회식 국회본회의(전체회의) (1949.12.04.),3,0,0,0,1,6,8.0,12.144957801491005,false,4.6,9.20869154657751,false,7.8,13.754999091239501,false,0.0,1.2644054553268208e-7,false,1.4,2.6076809620810595,false,0.4,0.5477225575051661,true
제헌,331,1949.12.20.,제1대국회 제6회(정기회) 개회식 국회본회의(전체회의) (1949.12.20.),0,0,0,0,0,0,7.0,12.349089035228353,false,4.6,9.20869154657751,false,7.8,13.754999091239501,false,0.0,1.2644054553268208e-7,false,1.6,2.5099800796022267,false,1.4,2.6076809620810595,false
제헌,332,1949.12.21.,제1대국회 제6회(정기회) 제1차 국회본회의(전체회의) (1949.12.21.),4,0,0,0,0,0,1.2,1.3038404810392565,true,4.6,9.20869154657751,false,6.6,14.205632685663792,false,0.0,1.2644054553268208e-7,false,1.4,2.6076809620810595,false,1.4,2.6076809620810595,false
제헌,333,1949.12.22.,제1대국회 제6회(정기회) 제2차 국회본회의(전체회의) (1949.12.22.),1,0,0,0,0,0,1.8,1.7888543819989167,false,4.2,9.39148550549955,false,6.4,14.310835055998636,false,0.0,1.2644054553268208e-7,false,1.4,2.6076809620810595,false,1.4,2.6076809620810595,false
제헌,334,1950.01.12.,제1대국회 제6회(정기회) 제3차 국회본회의(전체회의) (1950.01.12.),1,0,0,0,0,0,2.0,1.5811388300831595,false,4.2,9.39148550549955,false,6.4,14.310835055998636,false,0.0,1.2644054553268208e-7,false,1.4,2.6076809620810595,false,1.2,2.6832815729997477,false
제헌,335,1950.01.13.,제1대국회 제6회(정기회) 제4차 국회본회의(전체회의) (1950.01.13.),0,0,0,0,0,0,1.8,1.6431676725145021,false,0.0,2.895583582279949e-6,false,0.0,0.0,false,0.0,1.2644054553268208e-7,false,0.2,0.4472135954999579,false,1.2,2.6832815729997477,false
제헌,336,1950.01.14.,제1대국회 제6회(정기회) 제5차 국회본회의(전체회의) (1950.01.14.),0,0,8,0,0,0,1.2,1.643167672514488,false,0.0,2.895583582279949e-6,false,0.0,0.0,true,0.0,1.2644054553268208e-7,false,0.0,0.0,false,0.0,2.9802322387695312e-8,false
제헌,337,1950.01.16.,제1대국회 제6회(정기회) 제6차 국회본회의(전체회의) (1950.01.16.),2,3,3,0,0,0,1.2,1.643167672514488,false,0.0,2.895583582279949e-6,true,1.6,3.577708763999579,false,0.0,1.2644054553268208e-7,false,0.0,0.0,false,0.0,2.9802322387695312e-8,false
제헌,338,1950.01.17.,제1대국회 제6회(정기회) 제7차 국회본회의(전체회의) (1950.01.17.),0,1,0,0,0,0,0.8,0.8366600265320726,false,0.6,1.3416407865029858,false,2.2,3.4928498393145113,false,0.0,1.2644054553268208e-7,false,0.0,0.0,false,0.0,2.9802322387695312e-8,false
제헌,339,1950.01.18.,제1대국회 제6회(정기회) 제8차 국회본회의(전체회의) (1950.01.18.),1,0,0,0,0,0,0.6,0.8944271909980335,false,0.8,1.3038404810437276,false,2.2,3.4928498393145113,false,0.0,1.2644054553268208e-7,false,0.0,0.0,false,0.0,2.9802322387695312e-8,false
제헌,340,1950.01.19.,제1대국회 제6회(정기회) 제9차 국회본회의(전체회의) (1950.01.19.),2,0,0,0,0,0,0.6,0.8944271909980335,false,0.8,1.3038404810437276,false,2.2,3.4928498393145113,false,0.0,1.2644054553268208e-7,false,0.0,0.0,false,0.0,2.9802322387695312e-8,false
제헌,341,1950.01.20.,제1대국회 제6회(정기회) 제10차 국회본회의(전체회의) (1950.01.20.),0,0,0,0,0,0,1.0,0.999999999998332,false,0.8,1.3038404810437276,false,2.2,3.4928498393145113,false,0.0,1.2644054553268208e-7,false,0.0,0.0,false,0.0,2.9802322387695312e-8,false
제헌,342,1950.01.21.,제1대국회 제6회(정기회) 제11차 국회본회의(전체회의) (1950.01.21.),0,0,0,0,0,0,1.0,0.999999999998332,false,0.8,1.3038404810437276,false,0.6,1.341640786499644,false,0.0,1.2644054553268208e-7,false,0.0,0.0,false,0.0,2.9802322387695312e-8,false
제헌,343,1950.01.23.,제1대국회 제6회(정기회) 제12차 국회본회의(전체회의) (1950.01.23.),0,0,1,0,0,0,0.6,0.8944271909980335,false,0.2,0.4472135955093193,false,0.0,0.0,true,0.0,1.2644054553268208e-7,false,0.0,0.0,false,0.0,2.9802322387695312e-8,false
제헌,344,1950.01.24.,제1대국회 제6회(정기회) 제13차 국회본회의(전체회의) (1950.01.24.),18,0,0,0,0,1,0.6,0.8944271909980335,true,0.0,2.895583582279949e-6,false,0.2,0.44721359549926204,false,0.0,1.2644054553268208e-7,false,0.0,0.0,false,0.0,2.9802322387695312e-8,true
제헌,345,1950.01.25.,제1대국회 제6회(정기회) 제14차 국회본회의(전체회의) (1950.01.25.),0,0,0,0,0,0,4.0,7.874007874011614,false,0.0,2.895583582279949e-6,false,0.2,0.44721359549926204,false,0.0,1.2644054553268208e-7,false,0.0,0.0,false,0.2,0.4472135954999589,false
제헌,346,1950.01.26.,제1대국회 제6회(정기회) 제15차 국회본회의(전체회의) (1950.01.26.),0,0,0,0,0,0,3.6,8.049844718999049,false,0.0,2.895583582279949e-6,false,0.2,0.44721359549926204,false,0.0,1.2644054553268208e-7,false,0.0,0.0,false,0.2,0.4472135954999589,false
제헌,347,1950.01.27.,제1대국회 제6회(정기회) 제16차 국회본회의(전체회의) (1950.01.27.),14,0,0,0,0,0,3.6,8.049844718999049,false,0.0,2.895583582279949e-6,false,0.2,0.44721359549926204,false,0.0,1.2644054553268208e-7,false,0.0,0.0,false,0.2,0.4472135954999589,false
제헌,348,1950.01.28.,제1대국회 제6회(정기회) 제17차 국회본회의(전체회의) (1950.01.28.),3,0,0,0,1,0,6.4,8.876936408468696,false,0.0,2.895583582279949e-6,false,0.2,0.44721359549926204,false,0.0,1.2644054553268208e-7,false,0.0,0.0,true,0.2,0.4472135954999589,false
제헌,349,1950.01.30.,제1대국회 제6회(정기회) 제18차 국회본회의(전체회의) (1950.01.30.),0,0,0,0,0,0,7.0,8.42614977317619,false,0.0,2.895583582279949e-6,false,0.0,0.0,false,0.0,1.2644054553268208e-7,false,0.2,0.4472135954999579,false,0.2,0.4472135954999589,false
제헌,350,1950.01.31.,제1대국회 제6회(정기회) 제19차 국회본회의(전체회의) (1950.01.31.),7,0,0,0,1,0,3.4,6.066300355240982,false,0.0,2.895583582279949e-6,false,0.0,0.0,false,0.0,1.2644054553268208e-7,false,0.2,0.4472135954999579,false,0.0,2.9802322387695312e-8,false
제헌,351,1950.02.01.,제1대국회 제6회(정기회) 제20차 국회본회의(전체회의) (1950.02.01.),1,0,4,0,0,0,4.8,5.890670590009,false,0.0,2.895583582279949e-6,false,0.0,0.0,true,0.0,1.2644054553268208e-7,false,0.4,0.5477225575051661,false,0.0,2.9802322387695312e-8,false
제헌,352,1950.02.02.,제1대국회 제6회(정기회) 제21차 국회본회의(전체회의) (1950.02.02.),0,0,0,0,1,1,5.0,5.700877125495427,false,0.0,2.895583582279949e-6,false,0.8,1.78885438199966,false,0.0,1.2644054553268208e-7,false,0.4,0.5477225575051661,false,0.0,2.9802322387695312e-8,true
제헌,353,1950.02.03.,제1대국회 제6회(정기회) 제22차 국회본회의(전체회의) (1950.02.03.),3,0,2,0,0,0,2.2,2.9495762407499795,false,0.0,2.895583582279949e-6,false,0.8,1.78885438199966,false,0.0,1.2644054553268208e-7,false,0.6,0.5477225575051661,false,0.2,0.4472135954999589,false
제헌,354,1950.02.04.,제1대국회 제6회(정기회) 제23차 국회본회의(전체회의) (1950.02.04.),8,0,0,0,0,0,2.2,2.9495762407499795,false,0.0,2.895583582279949e-6,false,1.2,1.7888543819996618,false,0.0,1.2644054553268208e-7,false,0.4,0.5477225575051661,false,0.2,0.4472135954999589,false
제헌,355,1950.02.07.,제1대국회 제6회(정기회) 제24차 국회본회의(전체회의) (1950.02.07.),1,1,0,0,0,0,3.8,3.563705936240658,false,0.0,2.895583582279949e-6,true,1.2,1.7888543819996618,false,0.0,1.2644054553268208e-7,false,0.4,0.5477225575051661,false,0.2,0.4472135954999589,false
제헌,356,1950.02.08.,제1대국회 제6회(정기회) 제25차 국회본회의(전체회의) (1950.02.08.),1,1,0,0,0,0,2.6,3.2093613071757456,false,0.2,0.4472135955093193,false,1.2,1.7888543819996618,false,0.0,1.2644054553268208e-7,false,0.2,0.4472135954999579,false,0.2,0.4472135954999589,false
제헌,357,1950.02.09.,제1대국회 제6회(정기회) 제26차 국회본회의(전체회의) (1950.02.09.),8,4,0,0,1,0,2.6,3.2093613071757456,false,0.4,0.5477225575127993,true,0.4,0.8944271909995696,false,0.0,1.2644054553268208e-7,false,0.2,0.4472135954999579,false,0.2,0.4472135954999589,false
제헌,358,1950.02.10.,제1대국회 제6회(정기회) 제27차 국회본회의(전체회의) (1950.02.10.),7,0,0,0,0,0,4.2,3.5637059362406625,false,1.2,1.6431676725180289,false,0.4,0.8944271909995696,false,0.0,1.2644054553268208e-7,false,0.2,0.4472135954999579,false,0.0,2.9802322387695312e-8,false
제헌,359,1950.02.11.,제1대국회 제6회(정기회) 제28차 국회본회의(전체회의) (1950.02.11.),0,0,3,0,1,0,5.0,3.6742346141743587,false,1.2,1.6431676725180289,false,0.0,0.0,true,0.0,1.2644054553268208e-7,false,0.2,0.4472135954999579,false,0.0,2.9802322387695312e-8,false
제헌,360,1950.02.13.,제1대국회 제6회(정기회) 제29차 국회본회의(전체회의) (1950.02.13.),16,0,0,1,0,0,3.4,3.781534080237394,true,1.2,1.6431676725180289,false,0.6,1.341640786499644,false,0.0,1.2644054553268208e-7,true,0.4,0.5477225575051661,false,0.0,2.9802322387695312e-8,false
제헌,361,1950.02.14.,제1대국회 제6회(정기회) 제30차 국회본회의(전체회의) (1950.02.14.),0,0,3,0,0,0,6.4,6.426507605223627,false,1.0,1.7320508075712813,false,0.6,1.341640786499644,false,0.2,0.4472135954999758,false,0.4,0.5477225575051661,false,0.0,2.9802322387695312e-8,false
제헌,362,1950.02.15.,제1대국회 제6회(정기회) 제31차 국회본회의(전체회의) (1950.02.15.),0,0,3,0,0,0,6.2,6.648308055437647,false,0.8,1.7888543820021625,false,1.2,1.6431676725153133,false,0.2,0.4472135954999758,false,0.4,0.5477225575051661,false,0.0,2.9802322387695312e-8,false
제헌,363,1950.02.16.,제1대국회 제6회(정기회) 제32차 국회본회의(전체회의) (1950.02.16.),0,0,0,0,0,0,4.6,7.056911505750725,false,0.0,2.895583582279949e-6,false,1.8,1.643167672515316,false,0.2,0.4472135954999758,false,0.2,0.4472135954999579,false,0.0,2.9802322387695312e-8,false
제헌,364,1950.02.17.,제1대국회 제6회(정기회) 제33차 국회본회의(전체회의) (1950.02.17.),5,0,2,0,3,0,3.2,7.1554175279991075,false,0.0,2.895583582279949e-6,false,1.8,1.643167672515316,false,0.2,0.4472135954999758,false,0.2,0.4472135954999579,true,0.0,2.9802322387695312e-8,false
제헌,365,1950.02.18.,제1대국회 제6회(정기회) 제34차 국회본회의(전체회의) (1950.02.18.),0,0,0,0,1,0,4.2,6.942621983083693,false,0.0,2.895583582279949e-6,false,1.6,1.5165750888101115,false,0.2,0.4472135954999758,false,0.6,1.3416407864998738,false,0.0,2.9802322387695312e-8,false
제헌,366,1950.02.20.,제1대국회 제6회(정기회) 제35차 국회본회의(전체회의) (1950.02.20.),0,0,0,0,0,2,1.0,2.2360679774990495,false,0.0,2.895583582279949e-6,false,1.6,1.5165750888101115,false,0.0,1.2644054553268208e-7,false,0.8,1.3038404810405297,false,0.0,2.9802322387695312e-8,true
제헌,367,1950.02.21.,제1대국회 제6회(정기회) 제36차 국회본회의(전체회의) (1950.02.21.),0,0,0,0,0,0,1.0,2.2360679774990495,false,0.0,2.895583582279949e-6,false,1.0,1.414213562372879,false,0.0,1.2644054553268208e-7,false,0.8,1.3038404810405297,false,0.4,0.8944271909999164,false
제헌,368,1950.02.22.,제1대국회 제6회(정기회) 제37차 국회본회의(전체회의) (1950.02.22.),2,1,0,0,0,0,1.0,2.2360679774990495,false,0.0,2.895583582279949e-6,true,0.4,0.8944271909995697,false,0.0,1.2644054553268208e-7,false,0.8,1.3038404810405297,false,0.4,0.8944271909999164,false
제헌,369,1950.02.23.,제1대국회 제6회(정기회) 제38차 국회본회의(전체회의) (1950.02.23.),2,0,0,0,0,0,1.4,2.1908902300199165,false,0.2,0.4472135955093193,false,0.4,0.8944271909995697,false,0.0,1.2644054553268208e-7,false,0.8,1.3038404810405297,false,0.4,0.8944271909999164,false
제헌,370,1950.02.24.,제1대국회 제6회(정기회) 제39차 국회본회의(전체회의) (1950.02.24.),0,1,0,2,0,0,0.8,1.0954451150088145,false,0.2,0.4472135955093193,false,0.0,0.0,false,0.0,1.2644054553268208e-7,true,0.2,0.44721359549995743,false,0.4,0.8944271909999164,false
제헌,371,1950.02.25.,제1대국회 제6회(정기회) 제40차 국회본회의(전체회의) (1950.02.25.),0,1,0,0,0,0,0.8,1.0954451150088145,false,0.4,0.5477225575127993,false,0.0,0.0,false,0.4,0.8944271909999248,false,0.0,0.0,false,0.4,0.8944271909999164,false
제헌,372,1950.02.28.,제1대국회 제6회(정기회) 제41차 국회본회의(전체회의) (1950.02.28.),28,0,3,0,0,2,0.8,1.0954451150088145,true,0.6,0.5477225575127889,false,0.0,0.0,true,0.4,0.8944271909999248,false,0.0,0.0,false,0.0,2.9802322387695312e-8,true
제헌,373,1950.03.02.,제1대국회 제6회(정기회) 제42차 국회본회의(전체회의) (1950.03.02.),3,1,0,0,1,1,6.4,12.116104984688649,false,0.6,0.5477225575127889,false,0.6,1.341640786499644,false,0.4,0.8944271909999248,false,0.0,0.0,true,0.4,0.8944271909999164,false
제헌,374,1950.03.03.,제1대국회 제6회(정기회) 제43차 국회본회의(전체회의) (1950.03.03.),12,1,1,0,2,1,6.6,12.033287165192938,false,0.6,0.5477225575127889,false,0.6,1.341640786499644,false,0.4,0.8944271909999248,false,0.2,0.44721359549995743,true,0.6,0.8944271909999164,false
제헌,375,1950.03.04.,제1대국회 제6회(정기회) 제44차 국회본회의(전체회의) (1950.03.04.),0,0,0,0,0,0,8.6,11.907980517283242,false,0.8,0.44721359550928114,false,0.8,1.3038404810402944,false,0.4,0.8944271909999248,false,0.6,0.8944271909999156,false,0.8,0.836660026534076,false
제헌,376,1950.03.06.,제1대국회 제6회(정기회) 제45차 국회본회의(전체회의) (1950.03.06.),0,0,0,0,0,0,8.6,11.907980517283242,false,0.6,0.5477225575127889,false,0.8,1.3038404810402944,false,0.0,1.2644054553268208e-7,false,0.6,0.8944271909999156,false,0.8,0.836660026534076,false
제헌,377,1950.03.07.,제1대국회 제6회(정기회) 제46차 국회본회의(전체회의) (1950.03.07.),0,0,0,0,6,0,8.6,11.907980517283242,false,0.4,0.5477225575127993,false,0.8,1.3038404810402944,false,0.0,1.2644054553268208e-7,false,0.6,0.8944271909999156,true,0.8,0.836660026534076,false
제헌,378,1950.03.08.,제1대국회 제6회(정기회) 제47차 국회본회의(전체회의) (1950.03.08.),0,0,0,0,0,0,3.0,5.196152422706328,false,0.4,0.5477225575127993,false,0.2,0.44721359549926226,false,0.0,1.2644054553268208e-7,false,1.8,2.4899799195977463,false,0.4,0.547722557505167,false
제헌,379,1950.03.09.,제1대국회 제6회(정기회) 제48차 국회본회의(전체회의) (1950.03.09.),0,0,2,0,0,0,2.4,5.366563145999197,false,0.2,0.44721359550931933,false,0.2,0.44721359549926226,true,0.0,1.2644054553268208e-7,false,1.6,2.6076809620810595,false,0.2,0.4472135954999589,false
제헌,380,1950.03.10.,제1대국회 제6회(정기회) 제49차 국회본회의(전체회의) (1950.03.10.),0,0,1,0,0,3,0.0,0.0,false,0.0,2.895588375018935e-6,false,0.4,0.8944271909995697,false,0.0,1.2644054553268208e-7,false,1.2,2.6832815729997477,false,0.0,2.9802322387695312e-8,true
제헌,381,1950.03.11.,제1대국회 제6회(정기회) 제50차 국회본회의(전체회의) (1950.03.11.),0,0,0,0,25,0,0.0,0.0,false,0.0,2.895588375018935e-6,false,0.6,0.8944271909995712,false,0.0,1.2644054553268208e-7,false,1.2,2.6832815729997477,true,0.6,1.341640786499874,false
제헌,382,1950.03.13.,제1대국회 제6회(정기회) 제51차 국회본회의(전체회의) (1950.03.13.),1,0,0,0,9,0,0.0,0.0,true,0.0,2.895588375018935e-6,false,0.6,0.8944271909995712,false,0.0,1.2644054553268208e-7,false,6.2,10.825894882179487,false,0.6,1.341640786499874,false
제헌,383,1950.03.14.,제1대국회 제6회(정기회) 제52차 국회본회의(전체회의) (1950.03.14.),0,0,0,0,0,0,0.2,0.4472135954961936,false,0.0,2.895588375018935e-6,false,0.6,0.8944271909995712,false,0.0,1.2644054553268208e-7,false,6.8,10.894952959971878,false,0.6,1.341640786499874,false
제헌,384,1950.03.15.,제1대국회 제6회(정기회) 제53차 국회본회의(전체회의) (1950.03.15.),0,0,0,0,0,0,0.2,0.4472135954961936,false,0.0,2.895588375018935e-6,false,0.6,0.8944271909995712,false,0.0,1.2644054553268208e-7,false,6.8,10.894952959971878,false,0.6,1.341640786499874,false
제헌,385,1950.03.16.,제1대국회 제6회(정기회) 제54차 국회본회의(전체회의) (1950.03.16.),0,0,0,0,1,0,0.2,0.4472135954961936,false,0.0,2.895588375018935e-6,false,0.2,0.44721359549926226,false,0.0,1.2644054553268208e-7,false,6.8,10.894952959971878,false,0.6,1.341640786499874,false
제헌,386,1950.03.17.,제1대국회 제6회(정기회) 제55차 국회본회의(전체회의) (1950.03.17.),0,0,1,0,1,0,0.2,0.4472135954961936,false,0.0,2.895588375018935e-6,false,0.0,0.0,true,0.0,1.2644054553268208e-7,false,7.0,10.747092630102339,false,0.0,2.9802322387695312e-8,false
제헌,387,1950.03.18.,제1대국회 제6회(정기회) 제56차 국회본회의(전체회의) (1950.03.18.),0,2,1,0,0,0,0.2,0.4472135954961936,false,0.0,2.895588375018935e-6,true,0.2,0.44721359549926226,false,0.0,1.2644054553268208e-7,false,2.2,3.8340579025361627,false,0.0,2.9802322387695312e-8,false
제헌,388,1950.03.20.,제1대국회 제6회(정기회) 제57차 국회본회의(전체회의) (1950.03.20.),0,0,0,0,0,0,0.0,0.0,false,0.4,0.8944271910045902,false,0.4,0.5477225575046007,false,0.0,1.2644054553268208e-7,false,0.4,0.5477225575051662,false,0.0,2.9802322387695312e-8,false
제헌,389,1950.03.21.,제1대국회 제6회(정기회) 제58차 국회본회의(전체회의) (1950.03.21.),0,4,0,0,0,0,0.0,0.0,false,0.4,0.8944271910045902,true,0.4,0.5477225575046007,false,0.0,1.2644054553268208e-7,false,0.4,0.5477225575051662,false,0.0,2.9802322387695312e-8,false
제헌,390,1950.03.22.,제1대국회 제6회(정기회) 제59차 국회본회의(전체회의) (1950.03.22.),0,0,0,0,0,0,0.0,0.0,false,1.2,1.7888543820021563,false,0.4,0.5477225575046007,false,0.0,1.2644054553268208e-7,false,0.4,0.5477225575051662,false,0.0,2.9802322387695312e-8,false
제헌,391,1950.03.23.,제1대국회 제6회(정기회) 제60차 국회본회의(전체회의) (1950.03.23.),0,0,3,0,0,0,0.0,0.0,false,1.2,1.7888543820021563,false,0.4,0.5477225575046007,true,0.0,1.2644054553268208e-7,false,0.2,0.4472135954999581,false,0.0,2.9802322387695312e-8,false
제헌,392,1950.03.24.,제1대국회 제6회(정기회) 제61차 국회본회의(전체회의) (1950.03.24.),1,0,0,0,0,0,0.0,0.0,true,1.2,1.7888543820021563,false,0.8,1.3038404810402944,false,0.0,1.2644054553268208e-7,false,0.0,1.4901161193847656e-8,false,0.0,2.9802322387695312e-8,false
제헌,393,1950.03.25.,제1대국회 제6회(정기회) 제62차 국회본회의(전체회의) (1950.03.25.),13,0,0,0,0,0,0.2,0.4472135954961936,true,0.8,1.7888543820021625,false,0.6,1.341640786499644,false,0.0,1.2644054553268208e-7,false,0.0,1.4901161193847656e-8,false,0.0,2.9802322387695312e-8,false
제헌,394,1950.03.27.,제1대국회 제6회(정기회) 제63차 국회본회의(전체회의) (1950.03.27.),3,0,0,0,0,1,2.8,5.7183913821980425,false,0.8,1.7888543820021625,false,0.6,1.341640786499644,false,0.0,1.2644054553268208e-7,false,0.0,1.4901161193847656e-8,false,0.0,2.9802322387695312e-8,true
제헌,395,1950.03.28.,제1대국회 제6회(정기회) 제64차 국회본회의(전체회의) (1950.03.28.),3,3,0,0,0,0,3.4,5.504543577808871,false,0.0,2.895583582279949e-6,true,0.6,1.341640786499644,false,0.0,1.2644054553268208e-7,false,0.0,1.4901161193847656e-8,false,0.2,0.4472135954999589,false
제헌,396,1950.03.29.,제1대국회 제6회(정기회) 제65차 국회본회의(전체회의) (1950.03.29.),0,0,0,0,0,0,4.0,5.196152422706337,false,0.6,1.3416407865029858,false,0.6,1.341640786499644,false,0.0,1.2644054553268208e-7,false,0.0,1.4901161193847656e-8,false,0.2,0.4472135954999589,false
제헌,397,1950.03.30.,제1대국회 제6회(정기회) 제66차 국회본회의(전체회의) (1950.03.30.),4,0,0,0,0,0,4.0,5.196152422706336,false,0.6,1.3416407865029858,false,0.0,0.0,false,0.0,1.2644054553268208e-7,false,0.0,1.4901161193847656e-8,false,0.2,0.4472135954999589,false
제헌,398,1950.03.31.,제1대국회 제6회(정기회) 제67차 국회본회의(전체회의) (1950.03.31.),3,2,5,0,0,0,4.6,4.929503017546188,false,0.6,1.3416407865029858,false,0.0,0.0,true,0.0,1.2644054553268208e-7,false,0.0,1.4901161193847656e-8,false,0.2,0.4472135954999589,false
제헌,399,1950.04.04.,제1대국회 제6회(정기회) 제68차 국회본회의(전체회의) (1950.04.04.),2,0,0,0,0,0,2.6,1.5165750888092633,false,1.0,1.4142135623760392,false,1.0,2.236067977499653,false,0.0,1.2644054553268208e-7,false,0.0,1.4901161193847656e-8,false,0.2,0.4472135954999589,false
제헌,400,1950.04.06.,제1대국회 제6회(정기회) 제69차 국회본회의(전체회의) (1950.04.06.),0,0,0,0,0,0,2.4,1.5165750888092582,false,1.0,1.4142135623760392,false,1.0,2.236067977499653,false,0.0,1.2644054553268208e-7,false,0.0,1.4901161193847656e-8,false,0.0,2.9802322387695312e-8,false
제헌,401,1950.04.07.,제1대국회 제6회(정기회) 제70차 국회본회의(전체회의) (1950.04.07.),0,0,0,2,0,2,1.8,1.788854381998927,false,0.4,0.8944271910045902,false,1.0,2.236067977499653,false,0.0,1.2644054553268208e-7,true,0.0,1.4901161193847656e-8,false,0.0,2.9802322387695312e-8,true
제헌,402,1950.04.08.,제1대국회 제6회(정기회) 제71차 국회본회의(전체회의) (1950.04.08.),2,0,0,0,1,0,1.8,1.788854381998927,false,0.4,0.8944271910045902,false,1.0,2.236067977499653,false,0.4,0.8944271909999248,false,0.0,1.4901161193847656e-8,true,0.4,0.8944271909999164,false
제헌,403,1950.04.10.,제1대국회 제6회(정기회) 제72차 국회본회의(전체회의) (1950.04.10.),0,0,0,0,6,0,1.4,1.3416407864986561,false,0.4,0.8944271910045902,false,1.0,2.236067977499653,false,0.4,0.8944271909999248,false,0.2,0.4472135954999581,true,0.4,0.8944271909999164,false
제헌,404,1950.04.11.,제1대국회 제6회(정기회) 제73차 국회본회의(전체회의) (1950.04.11.),5,3,13,0,0,0,0.8,1.09544511500882,true,0.0,2.895564411244675e-6,true,0.0,0.0,true,0.4,0.8944271909999248,false,1.4,2.6076809620810595,false,0.4,0.8944271909999164,false
제헌,405,1950.04.12.,제1대국회 제6회(정기회) 제74차 국회본회의(전체회의) (1950.04.12.),0,3,8,0,0,0,1.4,2.1908902300199187,false,0.6,1.3416407865029858,false,2.6,5.813776741499403,false,0.4,0.8944271909999248,false,1.4,2.6076809620810595,false,0.4,0.8944271909999164,false
제헌,406,1950.04.13.,제1대국회 제6회(정기회) 제75차 국회본회의(전체회의) (1950.04.13.),2,80,2,0,0,0,1.4,2.1908902300199187,false,1.2,1.6431676725180289,true,4.2,6.016643582596482,false,0.4,0.8944271909999248,false,1.4,2.6076809620810595,false,0.4,0.8944271909999164,false
제헌,407,1950.04.14.,제1대국회 제6회(정기회) 제76차 국회본회의(전체회의) (1950.04.14.),0,12,1,0,0,0,1.8,2.0493901531911303,false,17.2,35.13829819442039,false,4.6,5.727128425310493,false,0.0,1.2644054553268208e-7,false,1.4,2.6076809620810595,false,0.0,2.9802322387695312e-8,false
제헌,408,1950.04.15.,제1대국회 제6회(정기회) 제77차 국회본회의(전체회의) (1950.04.15.),2,2,1,0,0,0,1.4,2.1908902300199187,false,19.6,34.063176598784906,false,4.8,5.540758070877978,false,0.0,1.2644054553268208e-7,false,1.2,2.6832815729997477,false,0.0,2.9802322387695312e-8,false
제헌,409,1950.04.17.,제1대국회 제6회(정기회) 제78차 국회본회의(전체회의) (1950.04.17.),0,0,0,0,0,0,1.8,2.0493901531911303,false,20.0,33.786091813052415,false,5.0,5.338539126015604,false,0.0,1.2644054553268208e-7,false,0.0,2.9802322387695312e-8,false,0.0,2.9802322387695312e-8,false
제헌,410,1950.04.18.,제1대국회 제6회(정기회) 제79차 국회본회의(전체회의) (1950.04.18.),4,3,0,0,0,1,0.8,1.0954451150088202,true,19.4,34.18771709254666,false,2.4,3.2093613071761515,false,0.0,1.2644054553268208e-7,false,0.0,2.9802322387695312e-8,false,0.0,2.9802322387695312e-8,true
제헌,411,1950.04.19.,제1대국회 제6회(정기회) 제80차 국회본회의(전체회의) (1950.04.19.),0,3,0,0,2,0,1.6,1.6733200530671795,false,19.4,34.18771709254666,false,0.8,0.8366600265337141,false,0.0,1.2644054553268208e-7,false,0.0,2.9802322387695312e-8,true,0.2,0.4472135954999589,false
제헌,412,1950.04.20.,제1대국회 제6회(정기회) 제81차 국회본회의(전체회의) (1950.04.20.),0,0,0,0,2,0,1.2,1.7888543819989142,false,4.0,4.636809247748736,false,0.4,0.5477225575046091,false,0.0,1.2644054553268208e-7,false,0.4,0.8944271909999163,false,0.2,0.4472135954999589,false
제헌,413,1950.04.21.,제1대국회 제6회(정기회) 제82차 국회본회의(전체회의) (1950.04.21.),2,0,1,0,0,0,1.2,1.7888543819989142,false,1.6,1.5165750888130585,false,0.2,0.4472135954992727,false,0.0,1.2644054553268208e-7,false,0.8,1.0954451150103326,false,0.2,0.4472135954999589,false
제헌,414,1950.04.22.,제1대국회 제6회(정기회) 제83차 국회본회의(전체회의) (1950.04.22.),126,1,7,0,1,0,1.2,1.7888543819989142,true,1.2,1.6431676725180422,false,0.2,0.4472135954992727,true,0.0,1.2644054553268208e-7,false,0.8,1.0954451150103326,false,0.2,0.4472135954999589,false
제헌,415,1950.06.02.,제1대국회 제6회(정기회) 폐회식 국회본회의(전체회의) (1950.06.02.),2,2,2,0,0,0,26.4,55.702782695301664,false,1.4,1.5165750888130622,false,1.6,3.0495901363952838,false,0.0,1.2644054553268208e-7,false,1.0,1.0000000000000002,false,0.2,0.4472135954999589,false
