Assembly_Num,Speaker,직책,Party,지역,소속위원회,당선횟수,기술,소득,노동,이민,이주,외국인,발언횟수,총어절수,기술_회기수,소득_회기수,노동_회기수,이민_회기수,이주_회기수,외국인_회기수,기술_빈도_1만어절당,소득_빈도_1만어절당,노동_빈도_1만어절당,이민_빈도_1만어절당,이주_빈도_1만어절당,외국인_빈도_1만어절당
제2대,전진한,의원,대한노동총연맹,경남 부산무,"",5선,0,0,605,0,0,0,51,15697,0,0,15,0,0,0,0.0,0.0,385.42,0.0,0.0,0.0
제2대,"",사회보건위원장,"","","","",0,0,397,0,0,0,141,14871,58,37,45,2,4,13,0.0,0.0,266.96,0.0,0.0,0.0
제2대,이진수,의원,대한국민당,경기 양주을,"",재선,10,3,354,0,0,4,336,81526,4,1,22,0,0,3,1.23,0.37,43.42,0.0,0.0,0.49
제2대,김익기,사회보건위원장,무소속,경북 안동을,"",5선,0,0,208,0,0,0,73,9725,2,0,5,0,0,1,0.0,0.0,213.88,0.0,0.0,0.0
제2대,신익희,의장,민주국민당,전남 광주,"",3선,44,533,179,3,0,4,3606,333612,10,11,14,2,0,4,1.32,15.98,5.37,0.09,0.0,0.12
제2대,윤치영,부의장,대한국민당,충남 공주을,"",4선,25,18,165,0,0,5,2022,76761,7,4,9,1,0,3,3.26,2.34,21.5,0.0,0.0,0.65
제헌,전진한,의원,대한노동총연맹,경북 상주을,"",5선,0,0,157,0,0,0,33,11076,1,0,8,0,1,0,0.0,0.0,141.75,0.0,0.0,0.0
제2대,김용우,사회보건위원장,무소속,서울 서대문구갑,"",초선,12,0,150,0,0,0,239,31165,9,2,20,0,0,1,3.85,0.0,48.13,0.0,0.0,0.0
제2대,정남국,의원,민주국민당,전남 완도,"",초선,6,2,145,0,0,0,81,24543,4,1,12,0,0,0,2.44,0.81,59.08,0.0,0.0,0.0
제2대,신광균,의원,일민국락부,경기 개풍,"",재선,4,9,144,0,0,4,59,22527,4,2,9,0,0,1,1.78,4.0,63.92,0.0,0.0,1.78
제2대,조광섭,의원,조선민주당,서울 영등포구갑,"",초선,7,0,138,0,1,3,132,33616,4,0,19,0,1,1,2.08,0.0,41.05,0.0,0.3,0.89
제2대,"","","","","","",105,149,130,2,9,9,1513,370355,58,37,45,2,4,13,2.84,4.02,3.51,0.05,0.24,0.24
제2대,임기봉,의원,"",전남 목포,"",초선,19,0,129,0,0,0,60,22653,6,0,21,0,0,0,8.39,0.0,56.95,0.0,0.0,0.0
제2대,조봉암,부의장,대한국민당,경기 인천병,"",재선,113,275,114,4,0,24,5735,379787,18,14,21,2,0,13,2.98,7.24,3.0,0.11,0.0,0.63
제3대,정준,의원,자유당,경기 김포군,"",4선,15,11,103,0,0,0,248,98957,5,3,12,0,0,0,1.52,1.11,10.41,0.0,0.0,0.0
제4대,김학준,위원,민주당,충남 공주군을,"",재선,4,9,100,0,0,0,264,34205,4,7,7,0,0,0,1.17,2.63,29.24,0.0,0.0,0.0
제2대,장건상,의원,무소속,경남 부산을,"",초선,3,1,99,0,0,0,10,6693,1,1,3,0,0,0,4.48,1.49,147.92,0.0,0.0,0.0
제4대,손창환,보건사회부장관,"","","","",46,7,79,10,0,1,81,35164,9,4,11,4,0,1,13.08,1.99,22.47,2.84,0.0,0.28
제2대,임용순,의원,대한청년단,강원 삼척,"",초선,15,0,78,0,0,0,46,13313,6,0,7,0,0,0,11.27,0.0,58.59,0.0,0.0,0.0
제2대,김지태,의원,무소속,경남 부산갑,"",재선,5,29,78,0,0,0,43,16692,2,7,8,0,0,0,3.0,17.37,46.73,0.0,0.0,0.0
제헌,윤재욱,의원,대동청년당,서울 영등포구,"",재선,7,0,74,0,0,0,104,26379,4,0,7,0,0,0,2.65,0.0,28.05,0.0,0.0,0.0
제4대,민관식,위원,무소속,서울 동대문구갑,"",5선,5,8,71,0,0,0,356,52776,3,5,6,0,0,1,0.95,1.52,13.45,0.0,0.0,0.0
제2대,엄상섭,의원,무소속,전남 광양,"",재선,10,13,68,0,0,1,249,103105,12,5,10,0,0,1,0.97,1.26,6.6,0.0,0.0,0.1
제3대,서상준,의사국장,"","","","",62,18,64,3,7,9,501,210516,19,11,22,2,1,6,2.95,0.86,3.04,0.14,0.33,0.43
제3대,정대천,의원,자유당,경기 파주군,"",재선,1,0,63,0,0,0,13,5218,1,0,9,0,0,0,1.92,0.0,120.74,0.0,0.0,0.0
제2대,최원호,의원,민주국민당,경남 김해갑,"",재선,3,0,60,0,0,0,18,11758,2,0,4,0,0,0,2.55,0.0,51.03,0.0,0.0,0.0
제2대,"",보건사회위원장,"","","","",0,0,59,0,0,0,1,887,58,37,45,2,4,13,0.0,0.0,665.16,0.0,0.0,0.0
제헌,장홍염,의원,한국민주당,전남 무안을,"",재선,0,8,58,0,1,0,133,24044,0,1,11,0,1,0,0.0,3.33,24.12,0.0,0.42,0.0
제2대,육홍균,의원,대한국민당,경북 선산,"",재선,0,0,54,0,0,0,11,3220,0,0,1,0,0,0,0.0,0.0,167.7,0.0,0.0,0.0
제3대,박영종,의원,자유당,전남 담양,"",초선,292,36,52,0,0,13,1295,563382,97,22,15,0,0,5,5.18,0.64,0.92,0.0,0.0,0.23
제2대,서범석,의원,무소속,경기 옹진갑,"",6선,0,3,50,0,0,0,142,38851,0,2,5,0,0,0,0.0,0.77,12.87,0.0,0.0,0.0
제3대,김영선,위원,자유당,충남 보령군,"",3선,23,93,48,1,0,0,154,56900,14,15,13,2,0,0,4.04,16.34,8.44,0.18,0.0,0.0
제2대,태완선,의원,무소속,강원 영월,"",3선,5,3,47,0,0,1,154,39901,2,2,7,0,0,1,1.25,0.75,11.78,0.0,0.0,0.25
제2대,최면수,의원,대한국민당,충북 보은,"",초선,0,0,46,0,0,0,19,3715,0,0,4,0,0,0,0.0,0.0,123.82,0.0,0.0,0.0
제헌,문시환,의원,조선민족청년단,경남 부산갑,"",초선,1,0,45,0,0,0,86,10161,1,0,2,0,0,0,0.98,0.0,44.29,0.0,0.0,0.0
제4대,전문위원,"","","","","",28,4,44,0,1,1,311,21866,6,2,3,0,1,1,12.81,1.83,20.12,0.0,0.46,0.46
제2대,이종형,의원,"","","","",6,1,42,0,0,1,235,85343,4,1,11,0,0,1,0.7,0.12,4.92,0.0,0.0,0.12
제3대,정준모,보건사회부장관,자유당,전북 장수군,"",재선,30,2,41,0,0,0,34,18456,7,3,8,0,0,0,16.25,1.08,22.21,0.0,0.0,0.0
제2대,오의관,의원,무소속,경기 옹진을,"",초선,5,6,41,0,0,0,177,26456,4,2,8,0,0,0,1.89,2.27,15.5,0.0,0.0,0.0
제2대,서상준,의사국장,"","","","",6,2,37,17,1,3,386,90022,4,2,10,4,1,2,0.67,0.22,4.11,1.89,0.11,0.33
제2대,장홍염,의원,민주국민당,전남 무안을,"",재선,0,4,36,0,0,1,86,25048,0,2,5,0,0,1,0.0,1.6,14.37,0.0,0.0,0.4
제4대,"","","","","","",552,104,36,32,3,43,7862,687083,138,25,25,10,3,18,8.03,1.51,0.52,0.47,0.04,0.63
제2대,김용우,의원,무소속,서울 서대문구갑,"",초선,3,7,36,0,0,1,87,22417,9,2,20,0,0,1,1.34,3.12,16.06,0.0,0.0,0.45
제2대,김봉재,의원,무소속,경남 창원을,"",재선,4,5,35,0,0,0,113,40914,4,2,5,0,0,0,0.98,1.22,8.55,0.0,0.0,0.0
제헌,"",산업위원장,"","","","",44,1,34,0,4,1,378,58088,35,14,13,1,8,13,7.57,0.17,5.85,0.0,0.69,0.17
제2대,김영선,의원,무소속,충남 보령군,"",3선,14,42,32,0,0,0,38,25941,5,9,7,0,0,0,5.4,16.19,12.34,0.0,0.0,0.0
제헌,이진수,의원,무소속,경기 양주을,"",재선,65,6,28,0,3,7,766,81517,20,4,9,0,1,3,7.97,0.74,3.43,0.0,0.37,0.86
제4대,계광순,위원,민주당,강원 춘천,"",3선,18,5,28,0,0,0,35,31201,6,2,3,0,0,0,5.77,1.6,8.97,0.0,0.0,0.0
제4대,유옥우,위원,민주당,전남 무안군을,"",5선,13,74,27,0,0,0,409,83611,6,15,6,0,0,1,1.55,8.85,3.23,0.0,0.0,0.0
제4대,이종수,보건사회부노동국장,자유당,경남 김해을,"",3선,0,0,27,0,0,0,2,661,1,1,2,0,0,0,0.0,0.0,408.47,0.0,0.0,0.0
제헌,황호현,의원,대한독립촉성국민회,강원 평창,"",3선,4,1,26,1,0,0,161,22460,4,1,5,1,0,0,1.78,0.45,11.58,0.45,0.0,0.0
제2대,최창순,사회부장관,"","","","",1,1,26,0,0,0,9,5147,1,1,1,0,0,0,1.94,1.94,50.51,0.0,0.0,0.0
제헌,김도연,의원,한국민주당,서울 서대문구,"",6선,1,0,26,0,0,0,39,5805,6,8,1,1,0,2,1.72,0.0,44.79,0.0,0.0,0.0
제2대,김정실,의원,무소속,경남 고성,"",초선,3,0,26,0,0,1,114,32922,3,0,3,0,0,1,0.91,0.0,7.9,0.0,0.0,0.3
제헌,이승만,의장,대한독립촉성국민회,서울 동대문구갑,"",초선,1,0,25,0,0,1,398,20311,1,0,3,0,0,1,0.49,0.0,12.31,0.0,0.0,0.49
제2대,유승준,의원,무소속,충남 홍성,"",재선,8,1,24,0,0,0,115,29841,7,1,5,0,0,0,2.68,0.34,8.04,0.0,0.0,0.0
제3대,윤형남,의원,무소속,전남 순천시,"",3선,5,18,24,0,0,4,151,54294,6,5,4,0,0,1,0.92,3.32,4.42,0.0,0.0,0.74
제헌,이석,의원,대한독립촉성국민회,경북 경주을,"",초선,0,9,24,0,0,0,88,6074,0,1,2,0,0,0,0.0,14.82,39.51,0.0,0.0,0.0
제3대,김영선,의원,자유당,충남 보령군,"",3선,11,26,24,1,0,0,42,36218,14,15,13,2,0,0,3.04,7.18,6.63,0.28,0.0,0.0
제3대,박재홍,의원,국민당,경남 김해갑,"",초선,10,6,24,0,0,0,113,56902,8,2,3,0,0,0,1.76,1.05,4.22,0.0,0.0,0.0
제헌,전진한,사회부장관,대한노동총연맹,경북 상주을,"",5선,3,0,24,0,2,0,2,4307,1,0,8,0,1,0,6.97,0.0,55.72,0.0,4.64,0.0
제4대,정성태,위원,민주당,전남 광주갑,"",6선,13,5,23,15,0,1,219,33598,6,3,6,4,0,1,3.87,1.49,6.85,4.46,0.0,0.3
제2대,조봉암,의원,대한국민당,경기 인천병,"",재선,3,0,23,0,0,2,66,21017,18,14,21,2,0,13,1.43,0.0,10.94,0.0,0.0,0.95
제3대,"","","","","","",254,197,22,19,14,46,2935,426841,94,35,22,8,8,20,5.95,4.62,0.52,0.45,0.33,1.08
제2대,강경옥,의원,무소속,제주 남제주군,"",3선,11,6,22,0,0,1,64,28326,6,3,6,0,0,1,3.88,2.12,7.77,0.0,0.0,0.35
제2대,안만복,의원,무소속,충남 서산을,"",재선,0,0,22,0,0,1,49,24090,0,0,4,0,0,1,0.0,0.0,9.13,0.0,0.0,0.42
제헌,박해극,의원,무소속,경남 밀양을,"",초선,1,0,22,0,15,3,132,23453,1,0,3,0,2,1,0.43,0.0,9.38,0.0,6.4,1.28
제2대,박종만,사무총장,"","","","",0,0,22,0,0,0,21,36915,0,0,5,0,0,0,0.0,0.0,5.96,0.0,0.0,0.0
제헌,조한백,의원,무소속,전북 김제갑,"",4선,28,0,21,0,3,0,313,51849,8,0,3,0,1,0,5.4,0.0,4.05,0.0,0.58,0.0
제3대,김두한,의원,무소속,서울 종로구을,"",재선,1,0,20,0,0,0,62,15354,1,0,5,0,0,0,0.65,0.0,13.03,0.0,0.0,0.0
제4대,송인상,재무부장관,"","","","",83,85,20,1,0,14,262,156529,37,32,17,1,0,5,5.3,5.43,1.28,0.06,0.0,0.89
제4대,나판수,위원,자유당,전남 무안갑,"",초선,4,0,20,1,0,0,208,15215,2,0,4,1,0,0,2.63,0.0,13.14,0.66,0.0,0.0
제4대,심상대,증인,"","","","",0,3,20,0,0,0,6,857,0,1,1,0,0,0,0.0,35.01,233.37,0.0,0.0,0.0
제3대,조경규,의원,자유당,경남 함안군,"",3선,0,0,20,0,0,0,28,14106,9,4,7,0,0,4,0.0,0.0,14.18,0.0,0.0,0.0
제헌,이재형,의원,무소속,경기 시흥,"",7선,1,7,19,0,2,0,109,34683,1,1,3,0,2,0,0.29,2.02,5.48,0.0,0.58,0.0
제2대,이용설,의원,무소속,경기 인천시갑,"",초선,7,0,19,0,0,0,65,23626,3,0,3,0,0,0,2.96,0.0,8.04,0.0,0.0,0.0
제4대,고담용,위원,민주당,제주 제주,"",재선,6,4,18,0,0,0,71,29211,5,2,1,0,0,0,2.05,1.37,6.16,0.0,0.0,0.0
제4대,주요한,위원,민주당,서울 중구갑,"",재선,64,22,18,0,0,6,205,83545,18,12,3,0,0,5,7.66,2.63,2.15,0.0,0.0,0.72
제3대,김상돈,의원,민주국민당,서울 마포구갑,"",4선,6,4,18,1,0,1,338,127861,4,4,9,1,0,1,0.47,0.31,1.41,0.08,0.0,0.08
제헌,강선명,의원,무소속,전남 목포,"",초선,13,2,18,0,1,0,81,26240,4,2,1,0,1,0,4.95,0.76,6.86,0.0,0.38,0.0
제2대,곽상훈,의원,무소속,경기 인천시을,"",5선,1,0,17,0,0,0,108,35044,1,0,2,0,0,0,0.29,0.0,4.85,0.0,0.0,0.0
제헌,허남수,의사국장,"","","","",15,25,17,1,4,11,197,73865,7,12,4,1,4,6,2.03,3.38,2.3,0.14,0.54,1.49
제4대,김원전,위원,자유당,전북 군산,"",초선,20,5,17,0,0,2,89,15689,6,2,3,0,0,2,12.75,3.19,10.84,0.0,0.0,1.27
제헌,이석주,의원,대한독립촉성국민회,전북 완주을,"",초선,13,0,17,0,2,0,250,32662,4,0,4,0,1,0,3.98,0.0,5.2,0.0,0.61,0.0
제헌,"","","","","","",66,132,17,1,4,20,968,164934,35,14,13,1,8,13,4.0,8.0,1.03,0.06,0.24,1.21
제3대,이기붕,의장,자유당,서울 서대문구을,"",재선,15,1,16,0,0,1,2416,110807,4,1,4,0,0,1,1.35,0.09,1.44,0.0,0.0,0.09
제2대,백남식,의원,대한독립촉성국민회,경북 상주을,"",재선,0,12,16,0,0,0,290,38010,0,8,5,0,0,0,0.0,3.16,4.21,0.0,0.0,0.0
제2대,박철웅,의원,무소속,전남 광주,"",3선,13,1,15,0,1,3,57,30248,6,1,7,0,1,2,4.3,0.33,4.96,0.0,0.33,0.99
제2대,신익희,의원,민주국민당,전남 광주,"",3선,2,1,15,1,0,1,56,34015,10,11,14,2,0,4,0.59,0.29,4.41,0.29,0.0,0.29
제3대,최재유,보건사회부장관,"","","","",13,0,14,0,0,2,46,13977,7,0,4,0,0,2,9.3,0.0,10.02,0.0,0.0,1.43
제3대,이철승,의원,무소속,전북 전주,"",7선,10,6,14,0,0,0,214,117843,25,12,11,0,0,0,0.85,0.51,1.19,0.0,0.0,0.0
제4대,이창우,증인,"","","","",2,0,14,0,0,0,68,1368,1,0,1,0,0,0,14.62,0.0,102.34,0.0,0.0,0.0
제2대,곽의영,의원,무소속,충북 청원군을,"",3선,24,11,14,0,0,0,226,69914,11,6,5,0,0,0,3.43,1.57,2.0,0.0,0.0,0.0
제헌,박해정,의원,무소속,경북 경산,"",4선,7,2,14,0,0,1,154,23061,6,1,4,0,0,1,3.04,0.87,6.07,0.0,0.0,0.43
제3대,정명섭,의원,자유당,전남 나주군을,"",3선,37,0,13,0,0,0,47,28539,5,0,3,0,0,0,12.96,0.0,4.56,0.0,0.0,0.0
제3대,조병옥,의원,민주국민당,경북 대구시을,"",재선,8,16,13,0,0,0,181,93707,5,6,7,0,0,0,0.85,1.71,1.39,0.0,0.0,0.0
제헌,조헌영,의원,한국민주당,경북 영양,"",재선,25,1,13,0,8,3,477,128104,10,1,7,0,3,2,1.95,0.08,1.01,0.0,0.62,0.23
제4대,문종두,위원,무소속,경북 김천,"",재선,50,24,13,0,0,0,383,56508,9,3,1,0,0,0,8.85,4.25,2.3,0.0,0.0,0.0
제4대,"",재정경제위원장,"","","","",3,17,13,0,0,0,22,9664,138,25,25,10,3,18,3.1,17.59,13.45,0.0,0.0,0.0
제4대,정재설,농림부장관,"","","","",40,11,12,1,1,0,95,48684,12,4,3,1,1,0,8.22,2.26,2.46,0.21,0.21,0.0
제헌,조봉암,의원,무소속,경기 인천을,"",재선,0,0,12,0,0,3,42,12881,1,0,4,0,0,1,0.0,0.0,9.32,0.0,0.0,2.33
제3대,전진한,의원,무소속,경남 부산시을,"",5선,2,0,12,0,0,0,12,13544,2,0,3,0,0,0,1.48,0.0,8.86,0.0,0.0,0.0
제헌,윤재근,의원,무소속,경기 강화,"",4선,8,0,12,1,0,1,38,10558,3,0,3,1,0,1,7.58,0.0,11.37,0.95,0.0,0.95
제헌,김수선,의원,무소속,경남 울산을,"",재선,12,2,12,0,1,0,188,48659,5,2,4,0,1,0,2.47,0.41,2.47,0.0,0.21,0.0
제4대,조대훈,증인,"","","","",0,0,12,0,0,0,36,862,0,0,1,0,0,0,0.0,0.0,139.21,0.0,0.0,0.0
제4대,이생우,증인,"","","","",1,0,12,0,0,0,27,1816,1,0,1,0,0,0,5.51,0.0,66.08,0.0,0.0,0.0
제4대,김용후,증인,"","","","",2,0,12,0,1,0,66,2736,1,0,1,0,1,0,7.31,0.0,43.86,0.0,3.65,0.0
제3대,최갑환,의원,무소속,경남 고성,"",초선,19,1,12,0,0,0,62,27653,3,1,2,0,0,0,6.87,0.36,4.34,0.0,0.0,0.0
제헌,이범석,국무총리,"","","","",19,4,11,0,0,0,61,34934,8,3,4,0,1,0,5.44,1.15,3.15,0.0,0.0,0.0
제3대,민관식,위원,무소속,서울 동대문구,"",5선,6,4,11,0,0,0,98,19452,6,6,3,1,0,0,3.08,2.06,5.65,0.0,0.0,0.0
제3대,정해영,의원,자유당,경남 울산군을,"",7선,0,6,11,0,0,3,20,19809,0,3,6,0,0,1,0.0,3.03,5.55,0.0,0.0,1.51
제3대,조영규,의원,민주국민당,전남 영광군,"",4선,27,20,11,2,0,8,631,161532,12,9,6,2,0,5,1.67,1.24,0.68,0.12,0.0,0.5
제4대,진형하,의원,민주당,충남 대전을,"",3선,0,0,11,0,0,0,8,5378,2,0,1,0,0,1,0.0,0.0,20.45,0.0,0.0,0.0
제3대,손권배,의원,자유당,전북 완주을,"",초선,0,0,11,0,0,0,8,7605,0,0,1,0,0,0,0.0,0.0,14.46,0.0,0.0,0.0
제4대,이근직,농림부장관,"","","","",40,61,11,5,1,1,117,59287,10,7,4,1,1,1,6.75,10.29,1.86,0.84,0.17,0.17
제4대,송인상,부흥부장관,"","","","",134,50,11,0,0,0,157,82825,37,32,17,1,0,5,16.18,6.04,1.33,0.0,0.0,0.0
제헌,김준연,의원,한국민주당,전남 영암,"",5선,0,0,11,0,0,0,161,29407,0,0,1,0,0,0,0.0,0.0,3.74,0.0,0.0,0.0
제4대,정준,의원,무소속,경기 김포군,"",4선,1,0,10,0,0,0,64,28855,2,1,4,0,0,0,0.35,0.0,3.47,0.0,0.0,0.0
제헌,서상일,의원,한국민주당,경북 대구을,"",재선,14,0,10,0,4,1,269,31618,6,1,6,1,5,1,4.43,0.0,3.16,0.0,1.27,0.32
제헌,박순석,의원,무소속,경북 영일갑,"",3선,8,1,10,0,1,0,305,35959,5,1,3,0,1,0,2.22,0.28,2.78,0.0,0.28,0.0
제헌,김영동,의원,무소속,전북 고창갑,"",초선,11,0,10,0,0,0,133,8557,3,0,3,0,0,0,12.85,0.0,11.69,0.0,0.0,0.0
제4대,김동욱,위원,민주당,"경남 부산시,서구을","",3선,8,40,10,0,0,0,102,52841,6,11,4,0,0,0,1.51,7.57,1.89,0.0,0.0,0.0
제2대,박영출,의원,대한국민당,경북 의성갑,"",재선,20,3,10,0,0,0,180,37207,8,3,4,1,0,3,5.38,0.81,2.69,0.0,0.0,0.0
제2대,소선규,의원,민주국민당,전북 익산갑,"",4선,2,24,10,1,0,0,210,72752,2,7,4,1,0,1,0.27,3.3,1.37,0.14,0.0,0.0
제4대,김재곤,위원,민주당,경기 인천시갑,"",3선,7,3,10,0,0,0,215,40689,3,2,1,0,0,0,1.72,0.74,2.46,0.0,0.0,0.0
제4대,이사형,위원,무소속,전남 나주갑,"",초선,3,0,10,0,0,1,60,6616,3,0,1,0,0,1,4.53,0.0,15.11,0.0,0.0,1.51
제헌,이정래,의원,한국민주당,전남 보성,"",3선,6,1,10,0,1,0,345,53662,4,1,2,0,1,0,1.12,0.19,1.86,0.0,0.19,0.0
제헌,이영준,문교사회위원장,한국민주당,서울 동대문구을,"",4선,44,0,10,0,0,1,176,18653,9,0,6,0,1,1,23.59,0.0,5.36,0.0,0.0,0.54
제3대,조경규,부의장,자유당,경남 함안군,"",3선,86,15,10,0,0,7,6671,372369,9,4,7,0,0,4,2.31,0.4,0.27,0.0,0.0,0.19
제2대,안용대,의원,무소속,경북 경주갑,"",재선,3,5,10,0,6,0,92,30820,1,1,5,0,1,0,0.97,1.62,3.24,0.0,1.95,0.0
제2대,임영신,의원,대한국민당,충남 금산,"",재선,3,0,10,0,0,2,82,24235,1,0,2,0,0,2,1.24,0.0,4.13,0.0,0.0,0.83
제2대,이종현,의원,무소속,서울 마포구을,"",초선,9,3,10,0,0,0,122,35302,4,1,5,0,0,0,2.55,0.85,2.83,0.0,0.0,0.0
제헌,노일환,의원,한국민주당,전북 순창,"",초선,4,0,10,0,0,2,235,39358,3,0,5,0,0,2,1.02,0.0,2.54,0.0,0.0,0.51
제4대,박찬현,위원,민주당,"경남 부산시,진구을","",4선,2,9,10,0,0,0,50,15659,4,3,2,0,0,0,1.28,5.75,6.39,0.0,0.0,0.0
제헌,전진항,의원,"","","","",0,0,9,0,0,0,1,545,0,0,1,0,0,0,0.0,0.0,165.14,0.0,0.0,0.0
제4대,김선태,위원,민주당,전남 완도군,"",3선,12,0,9,0,0,0,648,58680,11,0,3,0,0,0,2.04,0.0,1.53,0.0,0.0,0.0
제4대,유상근,내무부통계국장,"","","","",0,0,9,0,0,0,8,2542,0,0,1,0,0,0,0.0,0.0,35.41,0.0,0.0,0.0
제4대,박해정,의원,민주당,경북 경산,"",4선,5,18,9,0,0,0,42,26503,4,6,2,0,0,0,1.89,6.79,3.4,0.0,0.0,0.0
제헌,신익희,의장,대한독립촉성국민회,전남 광주,"",3선,145,219,9,0,17,12,3875,257725,9,4,4,0,12,5,5.63,8.5,0.35,0.0,0.66,0.47
제3대,박해정,의원,무소속,경북 경산,"",4선,12,8,9,0,0,0,103,54500,4,5,6,0,0,0,2.2,1.47,1.65,0.0,0.0,0.0
제2대,김훈,상공부장관,"","","","",27,0,9,0,0,0,20,14492,6,0,1,0,0,0,18.63,0.0,6.21,0.0,0.0,0.0
제4대,유성권,위원,민주당,서울 성동구갑,"",3선,5,0,9,1,0,0,199,8744,5,0,2,1,0,0,5.72,0.0,10.29,1.14,0.0,0.0
제헌,이재학,의원,무소속,강원 홍천,"",5선,6,2,9,0,0,0,74,20406,4,1,5,0,0,0,2.94,0.98,4.41,0.0,0.0,0.0
제헌,윤석구,의원,무소속,전북 군산,"",초선,49,0,9,0,0,0,58,6315,3,0,2,0,0,0,77.59,0.0,14.25,0.0,0.0,0.0
제4대,출석,증인,"","","","",0,0,8,0,0,0,14,548,0,0,1,0,0,0,0.0,0.0,145.99,0.0,0.0,0.0
제2대,박영출,사회보건위원장,대한국민당,경북 의성갑,"",재선,5,1,8,1,0,5,90,12851,8,3,4,1,0,3,3.89,0.78,6.23,0.78,0.0,3.89
제4대,김동순,증인,"","","","",0,0,8,0,0,0,30,807,0,0,1,0,0,0,0.0,0.0,99.13,0.0,0.0,0.0
제2대,김정식,의원,대한청년단,경북 영주,"",초선,5,8,8,0,0,2,155,34346,4,3,3,0,0,1,1.46,2.33,2.33,0.0,0.0,0.58
제2대,윤길중,의원,무소속,강원 원주,"",6선,4,1,8,0,0,0,76,27135,7,2,4,0,0,0,1.47,0.37,2.95,0.0,0.0,0.0
제4대,김진만,위원,자유당,강원 삼척군,"",7선,1,9,8,1,0,0,49,5465,1,2,1,1,0,0,1.83,16.47,14.64,1.83,0.0,0.0
제3대,여론화,"","","","","",0,0,8,0,0,0,1,431,0,0,1,0,0,0,0.0,0.0,185.61,0.0,0.0,0.0
제헌,홍성하,재정경제위원장,한국민주당,서울 동대문구갑,"",초선,32,220,8,0,2,1,399,118346,12,18,7,0,5,1,2.7,18.59,0.68,0.0,0.17,0.08
제3대,김도연,의원,민주국민당,서울 서대문구갑,"",6선,5,12,8,0,0,0,67,44969,4,7,3,0,0,0,1.11,2.67,1.78,0.0,0.0,0.0
제2대,김종순,의원,무소속,전남 나주갑,"",초선,10,10,8,0,0,2,146,53401,6,3,3,0,0,1,1.87,1.87,1.5,0.0,0.0,0.37
제헌,조영규,의원,한국민주당,전남 영광,"",4선,8,2,8,0,2,3,243,38878,7,1,3,0,2,2,2.06,0.51,2.06,0.0,0.51,0.77
제3대,김판술,의원,민주국민당,전북 군산,"",3선,6,28,8,0,0,0,44,30806,9,7,7,0,0,0,1.95,9.09,2.6,0.0,0.0,0.0
제헌,곽상훈,의원,무소속,경기 인천갑,"",5선,1,0,8,0,5,1,170,31818,1,0,2,0,2,1,0.31,0.0,2.51,0.0,1.57,0.31
제2대,홍창섭,의원,무소속,강원 춘천,"",4선,18,6,8,0,0,0,98,32899,4,1,3,0,0,0,5.47,1.82,2.43,0.0,0.0,0.0
제2대,조주영,의원,무소속,경남 남해,"",초선,10,4,8,0,0,0,173,63758,3,2,2,0,0,0,1.57,0.63,1.25,0.0,0.0,0.0
제헌,신성균,의원,무소속,전북 전주,"",초선,2,0,7,0,3,0,278,36630,2,0,1,0,1,0,0.55,0.0,1.91,0.0,0.82,0.0
제헌,임영신,의원,대한여자국민당,경북 안동을,"",재선,2,0,7,0,2,1,80,9550,6,0,5,0,2,2,2.09,0.0,7.33,0.0,2.09,1.05
제3대,이영희,의원,자유당,경남 의령군,"",재선,8,4,7,0,0,0,79,40016,4,2,2,0,0,0,2.0,1.0,1.75,0.0,0.0,0.0
제4대,권복인,위원,자유당,충북 옥천군,"",초선,1,2,7,0,0,0,36,8245,1,1,1,0,0,0,1.21,2.43,8.49,0.0,0.0,0.0
제4대,이용범,의원,자유당,경남 창원을,"",재선,0,0,7,0,0,0,3,275,1,0,1,0,0,0,0.0,0.0,254.55,0.0,0.0,0.0
제4대,정한주,증인,"","","","",0,0,7,0,0,0,19,582,0,0,1,0,0,0,0.0,0.0,120.27,0.0,0.0,0.0
제4대,배성기,위원,민주당,전북 완주군을,"",재선,23,3,7,0,0,1,75,22760,9,3,4,0,0,1,10.11,1.32,3.08,0.0,0.0,0.44
제3대,신규식,의원,무소속,전북 부안군,"",재선,8,0,7,0,0,0,119,36414,3,0,3,0,0,0,2.2,0.0,1.92,0.0,0.0,0.0
제4대,서범석,위원,민주당,서울 성북구,"",6선,9,8,7,0,1,0,463,65560,6,4,1,0,1,0,1.37,1.22,1.07,0.0,0.15,0.0
제헌,김동원,부의장,한국민주당,서울 용산구,"",초선,16,3,7,0,23,20,4185,179077,7,1,6,0,14,6,0.89,0.17,0.39,0.0,1.28,1.12
제헌,전문위원,"","","","","",10,2,7,0,0,13,187,46282,6,1,3,0,0,3,2.16,0.43,1.51,0.0,0.0,2.81
제2대,엄병학,의원,대한국민당,전북 임실,"",재선,1,0,7,0,0,0,51,12122,1,0,3,0,0,0,0.82,0.0,5.77,0.0,0.0,0.0
제2대,의사과장,"","","","","",3,8,7,1,0,0,168,28576,1,7,3,1,0,0,1.05,2.8,2.45,0.35,0.0,0.0
제3대,이철승,위원,무소속,전북 전주,"",7선,29,138,7,0,0,0,395,75641,25,12,11,0,0,0,3.83,18.24,0.93,0.0,0.0,0.0
제헌,서이환,의원,무소속,경북 울릉,"",재선,4,0,7,0,0,3,96,21243,4,0,3,0,0,1,1.88,0.0,3.3,0.0,0.0,1.41
제4대,이일해,증인,"","","","",0,1,7,0,0,0,21,324,0,1,1,0,0,0,0.0,30.86,216.05,0.0,0.0,0.0
제3대,이충환,위원장,자유당,충북 진천군,"",6선,4,5,7,0,0,1,1967,80066,24,8,1,1,0,3,0.5,0.62,0.87,0.0,0.0,0.12
제헌,황두연,의원,"",전남 순천갑,"",초선,12,1,7,0,5,7,178,40544,3,1,2,0,2,2,2.96,0.25,1.73,0.0,1.23,1.73
제2대,서이환,의원,일민국락부,경북 울릉,"",재선,7,0,7,1,0,0,76,37185,4,0,4,1,0,0,1.88,0.0,1.88,0.27,0.0,0.0
제4대,박충모,위원,민주당,강원 원주,"",재선,3,0,7,0,0,0,98,9169,3,0,1,0,0,0,3.27,0.0,7.63,0.0,0.0,0.0
제3대,송인상,부흥부장관,"","","","",50,29,7,0,0,0,36,21245,6,6,2,0,0,0,23.53,13.65,3.29,0.0,0.0,0.0
제3대,장경근,의원,자유당,경기 부천,"",재선,25,1,6,0,0,1,51,56007,9,1,4,0,0,1,4.46,0.18,1.07,0.0,0.0,0.18
제2대,권태욱,의원,무소속,경남 마산,"",재선,1,4,6,0,0,0,29,10082,1,1,1,0,0,0,0.99,3.97,5.95,0.0,0.0,0.0
제4대,허윤수,위원,민주당,경남 마산,"",초선,23,4,6,0,0,1,101,30371,10,3,2,0,0,1,7.57,1.32,1.98,0.0,0.0,0.33
제2대,신용욱,의원,무소속,전북 고창을,"",재선,12,1,6,0,0,0,35,7449,5,1,2,0,0,0,16.11,1.34,8.05,0.0,0.0,0.0
제헌,김병회,의원,무소속,전남 진도,"",초선,9,1,6,1,1,0,160,37805,3,1,3,1,1,0,2.38,0.26,1.59,0.26,0.26,0.0
제헌,강기문,위원,무소속,경남 산청,"",초선,6,4,6,0,0,0,10,4813,3,2,3,0,0,0,12.47,8.31,12.47,0.0,0.0,0.0
제3대,윤만석,법제사법위원장,자유당,경북 문경,"",초선,4,0,6,0,0,0,159,20505,3,0,2,0,0,0,1.95,0.0,2.93,0.0,0.0,0.0
제4대,구용서,상공부장관,"","","","",75,6,6,1,0,1,133,75425,19,3,4,1,0,1,9.94,0.8,0.8,0.13,0.0,0.13
제3대,정준모,사회보건위원장,자유당,전북 장수군,"",재선,0,0,6,0,0,0,8,2103,7,3,8,0,0,0,0.0,0.0,28.53,0.0,0.0,0.0
제2대,박정근,의원,무소속,전북 전주,"",재선,6,19,6,0,1,0,173,76824,6,10,4,0,1,0,0.78,2.47,0.78,0.0,0.13,0.0
제헌,최태규,의원,무소속,강원 정선,"",초선,0,0,6,0,0,0,57,5084,0,0,1,0,0,0,0.0,0.0,11.8,0.0,0.0,0.0
제2대,박순천,의원,대한부인회,서울 종로구갑,"",5선,1,0,6,0,0,0,22,7474,1,0,2,0,0,0,1.34,0.0,8.03,0.0,0.0,0.0
제4대,임차주,위원,자유당,전북 순창군,"",3선,21,1,6,0,0,0,70,23713,4,1,3,0,0,0,8.86,0.42,2.53,0.0,0.0,0.0
제헌,김경도,의원,대한독립촉성국민회,경남 함양,"",초선,7,0,6,0,0,4,80,16383,6,0,2,0,0,1,4.27,0.0,3.66,0.0,0.0,2.44
제3대,김의준,의원,무소속,경기 여주군,"",3선,2,0,6,1,0,0,43,19912,1,0,1,1,0,0,1.0,0.0,3.01,0.5,0.0,0.0
제헌,오용국,의원,무소속,제주 남제주,"",초선,26,1,6,0,0,0,82,17944,7,1,5,0,0,0,14.49,0.56,3.34,0.0,0.0,0.0
제3대,김판술,위원,민주국민당,전북 군산,"",3선,23,6,6,0,0,0,68,11794,9,7,7,0,0,0,19.5,5.09,5.09,0.0,0.0,0.0
제4대,강영훈,위원,민주당,경기 양주갑,"",재선,39,0,6,0,1,2,576,38192,12,0,5,0,1,1,10.21,0.0,1.57,0.0,0.26,0.52
제4대,이호진,의사국장,"","","","",21,54,6,7,0,15,262,127935,12,11,3,4,0,7,1.64,4.22,0.47,0.55,0.0,1.17
제헌,이성학,의원,대동청년당,전남 해남을,"",초선,2,1,6,0,1,0,202,20079,2,1,1,0,1,0,1.0,0.5,2.99,0.0,0.5,0.0
제3대,김정호,의원,자유당,전남 광양,"",초선,14,5,6,0,0,7,41,23561,3,1,2,0,0,1,5.94,2.12,2.55,0.0,0.0,2.97
제4대,김덕겸,증인,"","","","",0,1,6,0,0,0,15,241,0,1,1,0,0,0,0.0,41.49,248.96,0.0,0.0,0.0
제4대,김순길,증인,"","","","",0,0,6,0,0,0,59,1066,0,0,1,0,0,0,0.0,0.0,56.29,0.0,0.0,0.0
제3대,강승구,의원,무소속,경기 양주군을,"",3선,2,10,5,0,0,0,36,27038,1,3,2,0,0,0,0.74,3.7,1.85,0.0,0.0,0.0
제헌,오석주,의원,대한독립촉성국민회,전남 고흥갑,"",초선,9,3,5,0,0,0,130,16013,4,1,4,0,0,0,5.62,1.87,3.12,0.0,0.0,0.0
제4대,한근조,의원,민주당,서울 종로구을,"",3선,1,0,5,0,0,0,14,15236,1,0,2,0,0,0,0.66,0.0,3.28,0.0,0.0,0.0
제3대,곽의영,의원,자유당,충북 청원군을,"",3선,9,14,5,0,0,0,95,52835,7,6,3,0,0,0,1.7,2.65,0.95,0.0,0.0,0.0
제3대,김철안,사회보건위원장,자유당,경북 금릉군,"",재선,0,0,5,0,0,0,20,4264,2,0,2,0,1,0,0.0,0.0,11.73,0.0,0.0,0.0
제4대,김창우,증인,"","","","",0,0,5,0,0,0,63,2158,0,0,1,0,0,0,0.0,0.0,23.17,0.0,0.0,0.0
제3대,정일형,의원,무소속,서울 중구을,"",8선,22,1,5,0,1,0,62,37008,7,1,4,0,1,0,5.94,0.27,1.35,0.0,0.27,0.0
제4대,김도연,위원,민주당,서울 서대문구갑,"",6선,12,35,5,0,0,1,147,48815,5,13,2,0,0,1,2.46,7.17,1.02,0.0,0.0,0.2
제2대,김익기,사회보권위원장,무소속,경북 안동을,"",5선,0,0,5,0,0,0,1,55,2,0,5,0,0,1,0.0,0.0,909.09,0.0,0.0,0.0
제헌,윤병구,의원,무소속,충남 예산,"",재선,17,0,5,0,5,0,188,26368,7,0,5,0,2,0,6.45,0.0,1.9,0.0,1.9,0.0
제3대,정운갑,농림부장관,"","","","",45,1,5,0,0,0,100,44080,10,1,3,0,0,0,10.21,0.23,1.13,0.0,0.0,0.0
제2대,허정,사회부장관,"","","","",1,0,5,0,2,0,9,10499,1,0,2,0,1,0,0.95,0.0,4.76,0.0,1.9,0.0
제헌,신광균,의원,대한독립촉성국민회,경기 개풍,"",재선,1,0,5,0,0,0,96,18081,1,0,4,0,0,0,0.55,0.0,2.77,0.0,0.0,0.0
제4대,신도철,증인,"","","","",0,0,5,0,0,0,20,258,0,0,1,0,0,0,0.0,0.0,193.8,0.0,0.0,0.0
제2대,이종욱,의원,대한독립촉성국민회,강원 평창,"",초선,2,0,5,0,0,0,33,5169,1,0,1,0,0,0,3.87,0.0,9.67,0.0,0.0,0.0
제3대,변진갑,의원,무소속,전남 장성군,"",3선,41,0,5,0,0,0,215,114065,5,0,3,0,0,0,3.59,0.0,0.44,0.0,0.0,0.0
제2대,남송학,의원,대한국민당,서울 용산구을,"",재선,1,1,5,0,0,0,94,21608,1,1,1,0,0,0,0.46,0.46,2.31,0.0,0.0,0.0
제3대,김익기,사회보건위원장,자유당,경북 안동을,"",5선,8,2,5,0,0,0,16,6274,1,1,2,0,0,0,12.75,3.19,7.97,0.0,0.0,0.0
제3대,김상도,의원,자유당,경북 영천군갑,"",재선,5,4,5,0,0,0,139,72602,4,3,3,0,0,0,0.69,0.55,0.69,0.0,0.0,0.0
제헌,조국현,의원,"",전남 화순,"",재선,12,15,4,2,0,5,395,50446,10,4,3,1,0,2,2.38,2.97,0.79,0.4,0.0,0.99
제2대,변진갑,의원,무소속,전남 장성,"",3선,0,2,4,0,0,0,139,45915,0,2,1,0,0,0,0.0,0.44,0.87,0.0,0.0,0.0
제2대,정순조,의원,대한독립촉성국민회,전남 광주갑,"",초선,1,0,4,0,0,0,31,7125,1,0,2,0,0,0,1.4,0.0,5.61,0.0,0.0,0.0
제3대,유옥우,의원,자유당,전남 무안군을,"",5선,6,1,4,3,0,0,182,61011,6,5,2,2,0,0,0.98,0.16,0.66,0.49,0.0,0.0
제4대,이영희,위원,자유당,경남 의령,"",재선,22,5,4,0,0,0,219,22681,8,3,1,0,0,0,9.7,2.2,1.76,0.0,0.0,0.0
제4대,조영규,위원,민주당,전남 영광군,"",4선,18,6,4,0,0,1,152,38099,7,4,2,0,0,1,4.72,1.57,1.05,0.0,0.0,0.26
제헌,홍순옥,의원,무소속,경남 창원갑,"",초선,10,0,4,2,0,0,70,7554,3,0,2,1,0,0,13.24,0.0,5.3,2.65,0.0,0.0
제2대,이충환,의원,무소속,충북 진천,"",6선,13,24,4,0,0,0,90,43103,9,5,3,0,0,1,3.02,5.57,0.93,0.0,0.0,0.0
제헌,김장렬,의원,"","","","",4,0,4,0,0,0,41,10228,2,0,1,0,0,0,3.91,0.0,3.91,0.0,0.0,0.0
제2대,권중돈,의원,무소속,경북 영천군갑,"",5선,1,0,4,0,0,2,68,13694,1,0,3,0,0,2,0.73,0.0,2.92,0.0,0.0,1.46
제3대,남송학,교통체신위원장,자유당,서울 용산구을,"",재선,0,0,4,0,0,0,14,4907,2,0,2,0,0,0,0.0,0.0,8.15,0.0,0.0,0.0
제헌,황윤호,의원,무소속,경남 진양,"",초선,1,0,4,0,0,1,59,7647,1,0,2,0,0,1,1.31,0.0,5.23,0.0,0.0,1.31
제헌,정해준,의원,대한독립촉성국민회,충남 금산,"",초선,2,1,4,0,0,0,93,8417,4,1,1,0,0,0,2.38,1.19,4.75,0.0,0.0,0.0
제3대,김진만,의원,자유당,강원 삼척군,"",7선,0,0,4,0,0,0,4,1878,1,1,1,0,0,0,0.0,0.0,21.3,0.0,0.0,0.0
제헌,이항발,의원,무소속,전남 나주갑,"",초선,7,0,4,0,0,0,49,10791,1,0,2,0,0,0,6.49,0.0,3.71,0.0,0.0,0.0
제3대,송방용,의원,무소속,전북 김제군갑,"",4선,7,15,4,0,0,0,205,47768,3,9,3,0,0,0,1.47,3.14,0.84,0.0,0.0,0.0
제4대,박춘성,내무부통계국장,"","","","",0,0,4,0,0,0,1,247,0,0,1,0,0,0,0.0,0.0,161.94,0.0,0.0,0.0
제2대,조경규,내무위원장,무소속,경북 대구갑,"",3선,1,7,4,0,0,0,92,10820,3,1,1,0,0,0,0.92,6.47,3.7,0.0,0.0,0.0
제3대,서동진,의원,민주국민당,경북 대구시갑,"",재선,2,0,4,0,0,0,38,30475,2,0,2,0,0,0,0.66,0.0,1.31,0.0,0.0,0.0
제2대,박제환,의원,무소속,경기 부천,"",재선,0,0,4,0,0,0,6,3907,0,0,1,0,0,0,0.0,0.0,10.24,0.0,0.0,0.0
제3대,김달수,의원,자유당,충남 공주군을,"",재선,0,0,4,0,0,0,3,4704,0,0,1,0,0,0,0.0,0.0,8.5,0.0,0.0,0.0
제헌,나용균,내무치안위원장,한국민주당,전북 정읍갑,"",4선,1,0,4,0,4,0,146,13875,2,1,3,0,2,0,0.72,0.0,2.88,0.0,2.88,0.0
제4대,신규식,의원,자유당,전북 부안,"",재선,0,0,4,0,0,0,22,8003,10,4,2,0,0,0,0.0,0.0,5.0,0.0,0.0,0.0
제헌,김광준,의원,무소속,경북 울진,"",3선,11,0,4,0,10,0,236,46268,7,0,4,0,2,0,2.38,0.0,0.86,0.0,2.16,0.0
제2대,백두진,재무부장관,"","","","",29,121,4,0,0,2,96,66282,11,15,6,0,0,2,4.38,18.26,0.6,0.0,0.0,0.3
제2대,기획처장,"","","","","",3,12,4,0,0,0,44,17337,3,2,2,0,0,0,1.73,6.92,2.31,0.0,0.0,0.0
제헌,김웅진,의원,무소속,경기 수원을,"",재선,55,2,4,0,0,1,279,28444,10,2,3,0,0,1,19.34,0.7,1.41,0.0,0.0,0.35
제헌,이철원,사무총장,"","","","",0,2,4,0,0,0,14,7331,0,1,1,0,0,0,0.0,2.73,5.46,0.0,0.0,0.0
제2대,손원일,국방부장관,"","","","",0,0,4,0,0,0,9,4852,0,0,1,0,0,0,0.0,0.0,8.24,0.0,0.0,0.0
제3대,양일동,"",무소속,전북 옥구,"",5선,0,2,4,0,0,2,1,5098,2,7,1,0,0,1,0.0,3.92,7.85,0.0,0.0,3.92
제4대,장낙중,증인,"","","","",0,0,4,0,0,0,19,298,0,0,1,0,0,0,0.0,0.0,134.23,0.0,0.0,0.0
제4대,박철웅,위원,자유당,전남 고흥군을,"",3선,58,0,4,1,0,4,111,32129,14,1,2,2,0,3,18.05,0.0,1.24,0.31,0.0,1.24
제4대,엄상섭,위원,민주당,서울 용산구갑,"",재선,9,2,4,0,0,0,362,70671,9,4,2,0,1,0,1.27,0.28,0.57,0.0,0.0,0.0
제2대,이재형,의원,대한국민당,경기 시흥,"",7선,1,6,4,0,0,0,104,27943,12,17,4,0,0,0,0.36,2.15,1.43,0.0,0.0,0.0
제3대,서임수,총무국장,"","","","",9,4,4,0,0,3,47,23929,3,4,2,0,0,3,3.76,1.67,1.67,0.0,0.0,1.25
제헌,이성득,의원,무소속,경기 개성,"",초선,0,0,4,0,17,0,158,21389,0,0,3,0,2,0,0.0,0.0,1.87,0.0,7.95,0.0
제2대,최성웅,의원,대한청년단,경남 밀양갑,"",초선,0,0,4,0,0,0,14,10223,0,0,2,0,0,0,0.0,0.0,3.91,0.0,0.0,0.0
제헌,김용재,의원,대한독립촉성국민회,충남 당진,"",초선,0,0,4,0,0,0,81,2680,0,0,2,0,0,0,0.0,0.0,14.93,0.0,0.0,0.0
제헌,유진홍,의원,대한독립촉성국민회,충남 논산갑,"",초선,3,1,4,0,0,1,214,26193,4,1,3,0,0,1,1.15,0.38,1.53,0.0,0.0,0.38
제2대,정일형,의원,무소속,서울 중구을,"",8선,1,1,4,0,0,1,44,11313,1,2,1,3,0,2,0.88,0.88,3.54,0.0,0.0,0.88
제3대,김철안,의원,자유당,경북 금릉군,"",재선,2,0,4,0,1,0,41,25533,2,0,2,0,1,0,0.78,0.0,1.57,0.0,0.39,0.0
제3대,정준모,의원,자유당,전북 장수군,"",재선,3,2,4,0,0,0,14,11051,7,3,8,0,0,0,2.71,1.81,3.62,0.0,0.0,0.0
제2대,조순,의원,대한청년단,전남 곡성,"",3선,1,3,4,0,0,0,17,10163,1,2,1,0,0,0,0.98,2.95,3.94,0.0,0.0,0.0
제4대,류청,위원,"","","","",6,2,4,0,0,1,153,46247,6,2,2,0,0,1,1.3,0.43,0.86,0.0,0.0,0.22
제4대,정일형,의원,민주당,서울 중구을,"",8선,0,0,4,0,0,4,20,22056,0,0,1,0,0,1,0.0,0.0,1.81,0.0,0.0,1.81
제4대,손문경,사회보건위원장,자유당,전남 고흥갑,"",재선,0,0,4,0,0,0,2,874,1,0,3,0,0,0,0.0,0.0,45.77,0.0,0.0,0.0
제3대,박세경,의원,자유당,전북 임실군,"",재선,1,1,4,0,0,0,28,10636,2,1,2,0,0,0,0.94,0.94,3.76,0.0,0.0,0.0
제4대,정준모,위원,자유당,전북 장수,"",재선,35,6,4,0,0,0,25,11927,5,3,3,0,0,0,29.35,5.03,3.35,0.0,0.0,0.0
제4대,이철승,위원,민주당,전북 전주을,"",7선,43,40,4,1,0,1,1229,146641,21,12,4,2,0,1,2.93,2.73,0.27,0.07,0.0,0.07
제4대,홍진기,법무부장관,"","","","",0,0,4,1,3,0,105,31708,0,0,2,1,2,0,0.0,0.0,1.26,0.32,0.95,0.0
제헌,이종현,농림부장관,"","","","",10,0,4,0,0,0,55,24466,4,0,3,0,0,0,4.09,0.0,1.63,0.0,0.0,0.0
제3대,황남팔,의원,자유당,경남 진양,"",재선,7,6,4,0,0,0,128,85476,7,5,3,0,0,0,0.82,0.7,0.47,0.0,0.0,0.0
제헌,최봉식,의원,무소속,경남 울산갑,"",초선,0,6,3,0,2,0,29,7168,0,1,3,0,1,0,0.0,8.37,4.19,0.0,2.79,0.0
제3대,"",법제사법위원장,"","","","",6,0,3,0,0,1,416,57114,94,35,22,8,8,20,1.05,0.0,0.53,0.0,0.0,0.18
제2대,윤택중,문교위원장,민주국민당,전북 익산을,"",3선,0,0,3,0,0,0,24,4260,0,0,2,0,0,0,0.0,0.0,7.04,0.0,0.0,0.0
제헌,강기문,의원,무소속,경남 산청,"",초선,7,0,3,0,0,0,31,5370,3,2,3,0,0,0,13.04,0.0,5.59,0.0,0.0,0.0
제헌,이훈구,의원,무소속,충남 서천,"",재선,0,0,3,0,0,0,53,14329,0,0,2,0,0,0,0.0,0.0,2.09,0.0,0.0,0.0
제3대,김익기,의원,자유당,경북 안동을,"",5선,0,0,3,0,0,0,18,4713,1,1,2,0,0,0,0.0,0.0,6.37,0.0,0.0,0.0
제헌,임영신,상공부장관,대한여자국민당,경북 안동을,"",재선,18,0,3,0,0,1,20,9095,6,0,5,0,2,2,19.79,0.0,3.3,0.0,0.0,1.1
제4대,윤병구,위원,자유당,충남 예산군,"",재선,14,1,3,0,0,0,21,7897,5,1,3,0,0,0,17.73,1.27,3.8,0.0,0.0,0.0
제4대,박병배,의원,무소속,충남 대덕군 ,"",5선,1,3,3,0,1,0,8,14793,14,2,5,0,2,0,0.68,2.03,2.03,0.0,0.68,0.0
제4대,이만우,위원,민주당,"경남 부산시,영도을","",재선,11,2,3,1,0,0,117,26582,7,2,2,1,0,0,4.14,0.75,1.13,0.38,0.0,0.0
제4대,명주덕,증인,"","","","",1,0,3,0,0,0,51,1575,1,0,1,0,0,0,6.35,0.0,19.05,0.0,0.0,0.0
제3대,장경근,내무부장관,자유당,경기 부천,"",재선,8,0,3,0,0,0,70,33204,9,1,4,0,0,1,2.41,0.0,0.9,0.0,0.0,0.0
제3대,이종림,교통부장관,"","","","",9,0,3,0,0,0,48,20686,4,0,2,0,0,0,4.35,0.0,1.45,0.0,0.0,0.0
제2대,김종회,의원,무소속,충남 대덕,"",초선,9,0,3,0,0,0,67,30392,7,0,3,0,0,0,2.96,0.0,0.99,0.0,0.0,0.0
제3대,조순,운영위원장,자유당,전남 곡성군,"",3선,5,3,3,0,0,0,153,34451,7,3,2,0,0,0,1.45,0.87,0.87,0.0,0.0,0.0
제4대,손문경,위원장,자유당,전남 고흥갑,"",재선,0,0,3,0,0,0,117,2011,1,0,3,0,0,0,0.0,0.0,14.92,0.0,0.0,0.0
제2대,박술음,사회부장관,"","","","",4,0,3,0,0,1,11,5483,1,0,1,0,0,1,7.3,0.0,5.47,0.0,0.0,1.82
제헌,현영익,의사국장,"","","","",1,0,3,0,0,0,4,958,1,0,1,0,0,0,10.44,0.0,31.32,0.0,0.0,0.0
제2대,의장대리,의장,"","","","",7,0,3,0,0,1,963,45699,2,0,2,0,0,1,1.53,0.0,0.66,0.0,0.0,0.22
제2대,엄상섭,법제사법위원장,무소속,전남 광양,"",재선,13,9,3,0,0,0,146,34125,12,5,10,0,0,1,3.81,2.64,0.88,0.0,0.0,0.0
제4대,김두진,위원,자유당,제주 북제주,"",재선,5,2,3,0,0,0,66,17541,2,2,2,0,0,0,2.85,1.14,1.71,0.0,0.0,0.0
제4대,조한백,의원,민주당,전북 김제군갑,"",4선,6,8,3,0,0,0,25,21227,7,6,3,0,0,1,2.83,3.77,1.41,0.0,0.0,0.0
제헌,김익로,의원,"","","","",0,0,3,0,0,0,32,3895,0,0,1,0,0,0,0.0,0.0,7.7,0.0,0.0,0.0
제4대,류홍,위원,민주당,서울 영등포구을,"",3선,3,13,3,0,0,1,24,9862,1,2,1,0,0,1,3.04,13.18,3.04,0.0,0.0,1.01
제3대,민관식,의원,무소속,서울 동대문구,"",5선,6,14,3,4,0,0,53,37382,6,6,3,1,0,0,1.61,3.75,0.8,1.07,0.0,0.0
제2대,백두진,국무총리,"","","","",3,0,3,0,0,0,29,17937,11,15,6,0,0,2,1.67,0.0,1.67,0.0,0.0,0.0
제3대,황성수,부의장,자유당,전남 보성군,"",4선,0,0,3,0,0,2,938,44010,1,0,2,0,0,1,0.0,0.0,0.68,0.0,0.0,0.45
제헌,이영준,의원,한국민주당,서울 동대문구을,"",4선,10,0,3,0,1,0,42,6054,9,0,6,0,1,1,16.52,0.0,4.96,0.0,1.65,0.0
제3대,구흥남,부흥위원장,자유당,전남 화순군,"",재선,1,0,3,0,0,0,21,5069,3,0,1,0,0,1,1.97,0.0,5.92,0.0,0.0,0.0
제헌,권태욱,의원,무소속,경남 마산,"",재선,0,4,3,0,0,0,24,3808,0,2,1,0,0,0,0.0,10.5,7.88,0.0,0.0,0.0
제4대,김선태,의원,민주당,전남 완도군,"",3선,7,0,3,0,0,0,43,43029,11,0,3,0,0,0,1.63,0.0,0.7,0.0,0.0,0.0
제4대,박창화,위원,민주당,경남 밀양갑,"",초선,1,0,3,0,0,0,53,18974,1,0,2,0,0,0,0.53,0.0,1.58,0.0,0.0,0.0
제헌,조병한,의원,무소속,경북 문경,"",초선,1,0,3,0,0,0,48,5948,1,0,2,0,0,0,1.68,0.0,5.04,0.0,0.0,0.0
제4대,신현확,부흥부장관,"","","","",77,1,3,0,0,10,214,64076,12,1,1,0,0,3,12.02,0.16,0.47,0.0,0.0,1.56
제4대,민관식,의원,무소속,서울 동대문구갑,"",5선,1,0,3,0,0,1,34,15748,3,5,6,0,0,1,0.64,0.0,1.91,0.0,0.0,0.64
제2대,윤길중,법제사법위원장,무소속,강원 원주,"",6선,19,1,3,0,0,0,138,34760,7,2,4,0,0,0,5.47,0.29,0.86,0.0,0.0,0.0
제3대,이갑식,의원,무소속,전남 구례군,"",재선,3,0,3,0,0,0,3,2714,1,0,3,0,0,0,11.05,0.0,11.05,0.0,0.0,0.0
제2대,이교선,의원,무소속,경기 안성,"",재선,1,2,3,0,0,0,29,14085,1,1,2,0,0,0,0.71,1.42,2.13,0.0,0.0,0.0
제4대,윤용구,위원,자유당,경북 청송,"",재선,6,1,3,0,0,0,169,29287,3,1,2,0,0,0,2.05,0.34,1.02,0.0,0.0,0.0
제2대,지청천,의원,민주국민당,서울 성동구갑,"",재선,0,0,3,0,0,0,12,3572,0,0,1,0,0,0,0.0,0.0,8.4,0.0,0.0,0.0
제4대,이필호,위원,민주당,전남 광주을 ,"",초선,4,0,3,2,0,0,482,23031,3,1,3,2,0,0,1.74,0.0,1.3,0.87,0.0,0.0
제4대,오범수,위원,자유당,충북 청원갑,"",재선,14,0,3,0,1,0,132,8609,9,0,1,0,1,0,16.26,0.0,3.48,0.0,1.16,0.0
제헌,조규갑,의원,무소속,경남 김해을,"",초선,1,0,3,0,0,0,51,5663,1,0,2,0,0,0,1.77,0.0,5.3,0.0,0.0,0.0
제4대,정대천,위원,자유당,경기 파주,"",재선,0,1,3,0,0,0,22,667,0,1,2,0,0,0,0.0,14.99,44.98,0.0,0.0,0.0
제2대,김석관,교통부장관,"","","","",13,0,3,0,0,0,32,17415,5,0,2,0,0,0,7.46,0.0,1.72,0.0,0.0,0.0
제헌,박기운,의원,무소속,충북 청주,"",3선,0,0,3,0,0,0,77,5337,0,0,2,0,0,0,0.0,0.0,5.62,0.0,0.0,0.0
제4대,김종철,위원,자유당,충남 천안군을,"",6선,12,23,3,0,0,8,53,16830,5,8,1,0,0,2,7.13,13.67,1.78,0.0,0.0,4.75
제3대,김두진,의원,무소속,제주 북제주군을,"",재선,0,1,3,0,0,0,17,9642,3,2,2,0,0,0,0.0,1.04,3.11,0.0,0.0,0.0
제헌,윤보선,상공부장관,"","","","",7,0,3,0,2,1,21,6585,3,0,1,0,1,1,10.63,0.0,4.56,0.0,3.04,1.52
제3대,김선태,의원,무소속,전남 완도군,"",3선,15,0,3,0,0,0,76,73782,14,0,1,0,0,0,2.03,0.0,0.41,0.0,0.0,0.0
제2대,송방용,의원,무소속,전북 김제갑,"",4선,2,0,3,0,0,0,115,24048,1,0,3,0,0,0,0.83,0.0,1.25,0.0,0.0,0.0
제2대,박성하,의원,중앙불교위원회,경북 대구을,"",초선,0,0,3,0,0,0,35,14173,0,0,1,0,0,0,0.0,0.0,2.12,0.0,0.0,0.0
제2대,조중서,총무국장,"","","","",0,1,3,1,0,0,66,11769,0,1,1,1,0,0,0.0,0.85,2.55,0.85,0.0,0.0
제4대,박병배,위원,무소속,충남 대덕군 ,"",5선,25,1,3,0,2,0,748,56933,14,2,5,0,2,0,4.39,0.18,0.53,0.0,0.35,0.0
제헌,최국현,의원,무소속,경기 고양을,"",재선,1,1,2,0,1,0,77,6862,1,1,1,0,1,0,1.46,1.46,2.91,0.0,1.46,0.0
제2대,조병문,의원,무소속,전남 진도,"",재선,6,15,2,0,0,0,57,18042,4,2,2,0,0,0,3.33,8.31,1.11,0.0,0.0,0.0
제헌,민경식,의원,대한독립촉성국민회,경기 용인,"",초선,0,0,2,0,4,3,56,10597,0,0,2,0,1,1,0.0,0.0,1.89,0.0,3.77,2.83
제4대,이만우,의원,민주당,"경남 부산시,영도을","",재선,1,1,2,0,0,0,25,13381,7,2,2,1,0,0,0.75,0.75,1.49,0.0,0.0,0.0
제3대,박정근,의원,자유당,전북 진안군,"",재선,8,2,2,0,0,0,81,63942,13,4,4,0,0,1,1.25,0.31,0.31,0.0,0.0,0.0
제4대,김규성,증인,"","","","",0,0,2,0,0,0,6,157,0,0,1,0,0,0,0.0,0.0,127.39,0.0,0.0,0.0
제4대,조광희,위원,자유당,경북 상주갑,"",초선,47,1,2,1,0,0,27,23039,9,1,1,1,0,0,20.4,0.43,0.87,0.43,0.0,0.0
제2대,지연해,의원,무소속,전북 옥구,"",초선,8,11,2,0,0,8,103,54033,4,6,1,0,0,4,1.48,2.04,0.37,0.0,0.0,1.48
제3대,인태식,재무부장관,자유당,충남 당진군갑,"",3선,5,108,2,0,0,1,176,52641,6,14,3,0,0,1,0.95,20.52,0.38,0.0,0.0,0.19
제4대,윤용길,증인,"","","","",0,0,2,0,0,0,17,697,0,0,1,0,0,0,0.0,0.0,28.69,0.0,0.0,0.0
제3대,백남식,의원,무소속,경북 상주군을,"",재선,9,11,2,0,0,1,142,37512,4,6,3,0,0,2,2.4,2.93,0.53,0.0,0.0,0.27
제4대,박상길,의원,무소속,경남 함양,"",초선,0,0,2,0,0,1,17,10914,2,1,2,0,0,1,0.0,0.0,1.83,0.0,0.0,0.92
제4대,이영선,증인,"","","","",0,0,2,0,0,0,12,207,0,0,1,0,0,0,0.0,0.0,96.62,0.0,0.0,0.0
제4대,조일환,위원,민주당,경북 대구시무,"",4선,8,0,2,0,0,3,57,8448,3,0,1,0,0,2,9.47,0.0,2.37,0.0,0.0,3.55
제3대,최병국,의원,자유당,경기 화성을,"",초선,0,1,2,0,0,0,28,27452,0,1,1,0,0,0,0.0,0.36,0.73,0.0,0.0,0.0
제2대,이재형,상공부장관,대한국민당,경기 시흥,"",7선,3,1,2,0,0,0,25,11264,12,17,4,0,0,0,2.66,0.89,1.78,0.0,0.0,0.0
제3대,홍창섭,의원,자유당,강원 춘천,"",4선,2,0,2,0,0,0,81,27901,5,1,1,0,0,0,0.72,0.0,0.72,0.0,0.0,0.0
제2대,윤재근,의원,대한국민당,경기 강화,"",4선,0,0,2,0,0,0,21,7387,0,0,2,0,0,0,0.0,0.0,2.71,0.0,0.0,0.0
제4대,우희창,위원,민주당,충남 서천,"",재선,3,0,2,0,0,0,227,23502,4,2,2,0,0,0,1.28,0.0,0.85,0.0,0.0,0.0
제2대,이재형,재정경제위원장,대한국민당,경기 시흥,"",7선,9,410,2,0,0,0,442,91054,12,17,4,0,0,0,0.99,45.03,0.22,0.0,0.0,0.0
제헌,한창수,총무국장,"","","","",6,4,2,0,3,7,15,10337,3,2,1,0,2,2,5.8,3.87,1.93,0.0,2.9,6.77
제3대,김준연,의원,민주국민당,전남 영암군,"",5선,5,2,2,0,0,0,60,30808,2,2,1,0,0,0,1.62,0.65,0.65,0.0,0.0,0.0
제3대,함상훈,증인,"","","","",0,0,2,0,0,0,2,3863,0,0,1,0,0,0,0.0,0.0,5.18,0.0,0.0,0.0
제3대,이재학,부의장,자유당,강원 홍천군,"",5선,14,239,2,0,0,3,1720,70868,5,3,3,0,0,1,1.98,33.72,0.28,0.0,0.0,0.42
제3대,신의식,교통체신위원장,자유당,경기 용인시,"",재선,1,0,2,0,0,0,6,2777,2,1,2,0,0,0,3.6,0.0,7.2,0.0,0.0,0.0
제4대,박찬현,의원,민주당,"경남 부산시,진구을","",4선,6,0,2,0,0,0,17,14555,4,3,2,0,0,0,4.12,0.0,1.37,0.0,0.0,0.0
제4대,이재형,위원,무소속,경기 시흥시,"",7선,10,19,2,0,0,1,134,39987,7,3,1,0,0,1,2.5,4.75,0.5,0.0,0.0,0.25
제2대,김광준,의원,무소속,경북 울진,"",3선,11,0,2,0,0,0,133,41262,4,0,1,0,0,0,2.67,0.0,0.48,0.0,0.0,0.0
제2대,정헌조,의원,대한청년단,전남 영광,"",재선,0,1,2,0,0,0,34,9403,0,1,1,0,0,0,0.0,1.06,2.13,0.0,0.0,0.0
제헌,나용균,의원,한국민주당,전북 정읍갑,"",4선,2,1,2,0,0,0,112,15166,2,1,3,0,2,0,1.32,0.66,1.32,0.0,0.0,0.0
제3대,정재완,의원,무소속,전남 여수,"",4선,0,3,2,0,0,0,16,11807,0,2,1,0,0,0,0.0,2.54,1.69,0.0,0.0,0.0
제4대,이유근,증인,"","","","",0,1,2,0,0,0,5,459,0,1,1,0,0,0,0.0,21.79,43.57,0.0,0.0,0.0
제3대,김형덕,의원,자유당,경남 밀양군갑,"",재선,0,0,2,0,0,0,7,4306,0,0,2,0,0,0,0.0,0.0,4.64,0.0,0.0,0.0
제헌,권태희,의원,무소속,경북 김천갑,"",초선,8,4,2,0,3,3,209,32054,8,1,2,0,2,2,2.5,1.25,0.62,0.0,0.94,0.94
제4대,김정렬,국방부장관,"","","","",17,0,2,1,0,0,161,42281,7,0,1,1,0,0,4.02,0.0,0.47,0.24,0.0,0.0
제4대,류지원,위원,"","","","",2,0,2,0,0,0,127,6206,1,0,1,0,0,0,3.22,0.0,3.22,0.0,0.0,0.0
제3대,김형근,내무부장관,"","","","",3,0,2,0,0,0,72,20905,1,0,1,0,0,0,1.44,0.0,0.96,0.0,0.0,0.0
제3대,정중섭,의원,민주국민당,전남 목포,"",재선,44,0,2,1,0,0,77,52264,6,0,2,1,0,0,8.42,0.0,0.38,0.19,0.0,0.0
제3대,한동석,의원,자유당,경기 고양,"",초선,0,3,2,0,0,0,69,28875,1,5,1,0,0,0,0.0,1.04,0.69,0.0,0.0,0.0
제헌,강욱중,의원,조선민족청년단,경남 함안,"",초선,6,0,2,0,1,2,156,28041,4,0,2,0,1,1,2.14,0.0,0.71,0.0,0.36,0.71
제헌,최윤동,의원,한국민주당,경북 대구갑,"",초선,5,0,2,1,1,0,59,14276,3,0,2,1,1,0,3.5,0.0,1.4,0.7,0.7,0.0
제헌,김봉두,위원,무소속,전북 장수,"",초선,0,0,2,0,0,0,1,390,0,0,1,0,0,0,0.0,0.0,51.28,0.0,0.0,0.0
제3대,류지원,의원,"","","","",0,0,2,0,0,0,15,4531,0,0,1,0,0,0,0.0,0.0,4.41,0.0,0.0,0.0
제2대,노기용,의원,무소속,경남 합천갑,"",초선,8,9,2,0,0,0,64,18862,2,4,1,0,0,0,4.24,4.77,1.06,0.0,0.0,0.0
제2대,정기원,의원,무소속,경남 부산정,"",재선,6,0,2,0,0,0,18,6848,1,0,1,0,0,0,8.76,0.0,2.92,0.0,0.0,0.0
제4대,해무청장,"","","","","",66,11,2,0,0,0,118,35965,11,2,2,0,0,0,18.35,3.06,0.56,0.0,0.0,0.0
제3대,권병호,총무국장,"","","","",0,1,2,0,0,0,3,6196,0,1,1,0,0,0,0.0,1.61,3.23,0.0,0.0,0.0
제4대,나익진,"","","","","",4,1,2,0,0,2,9,3351,1,1,1,0,0,1,11.94,2.98,5.97,0.0,0.0,5.97
제4대,외자청장,"","","","","",1,0,2,0,0,0,16,3920,1,0,1,0,0,0,2.55,0.0,5.1,0.0,0.0,0.0
제4대,정중섭,의원,민주당,전남 목포,"",재선,0,0,2,1,0,0,27,21293,2,0,1,1,0,0,0.0,0.0,0.94,0.47,0.0,0.0
제2대,양병일,의원,민주국민당,전남 강진,"",재선,2,10,2,0,0,0,8,9286,2,3,2,0,0,0,2.15,10.77,2.15,0.0,0.0,0.0
제3대,정일형,위원,무소속,서울 중구을,"",8선,4,0,2,0,0,0,9,833,7,1,4,0,1,0,48.02,0.0,24.01,0.0,0.0,0.0
제헌,홍희종,의원,조선민족청년단,전북 김제을,"",초선,3,0,2,0,0,0,92,21661,2,0,1,0,0,0,1.38,0.0,0.92,0.0,0.0,0.0
제헌,최범술,의원,무소속,경남 사천,"",초선,0,0,2,0,0,0,43,3371,0,0,1,0,0,0,0.0,0.0,5.93,0.0,0.0,0.0
제헌,송진백,의원,대한독립촉성국민회,충남 대덕,"",초선,0,1,2,0,0,0,49,6303,0,1,1,0,0,0,0.0,1.59,3.17,0.0,0.0,0.0
제3대,류순식,의원,"","","","",0,0,2,0,0,2,29,11464,1,0,2,0,0,1,0.0,0.0,1.74,0.0,0.0,1.74
제3대,손도심,의원,자유당,경기 화성갑,"",재선,7,0,2,0,0,1,55,48363,5,0,2,0,0,1,1.45,0.0,0.41,0.0,0.0,0.21
제4대,김원규,위원,자유당,경북 영덕군,"",재선,1,0,2,0,0,0,106,4585,1,0,1,0,0,0,2.18,0.0,4.36,0.0,0.0,0.0
제4대,김현철,재무부장관,"","","","",21,75,2,0,0,1,183,106021,11,18,2,0,0,1,1.98,7.07,0.19,0.0,0.0,0.09
제2대,"",교통체신위원장,"","","","",0,0,2,0,0,0,11,5594,58,37,45,2,4,13,0.0,0.0,3.58,0.0,0.0,0.0
제3대,전문위원,"","","","","",20,0,2,0,0,1,183,20767,6,0,2,0,0,1,9.63,0.0,0.96,0.0,0.0,0.48
제2대,여운홍,의원,무소속,경기 양평군,"",재선,1,0,2,0,0,0,60,9937,1,0,1,0,0,0,1.01,0.0,2.01,0.0,0.0,0.0
제3대,인은,위원장,"","","","",0,0,2,0,0,0,1,4211,0,0,1,0,0,0,0.0,0.0,4.75,0.0,0.0,0.0
제헌,정도영,의원,대한독립촉성국민회,경북 영천갑,"",초선,0,1,2,0,8,0,80,4513,0,1,1,0,2,0,0.0,2.22,4.43,0.0,17.73,0.0
제3대,소선규,의원,민주국민당,전북 익산갑,"",4선,8,23,2,0,0,0,195,90658,7,9,2,0,0,0,0.88,2.54,0.22,0.0,0.0,0.0
제3대,변영태,국무총리,"","","","",5,1,2,0,0,0,26,24793,3,1,2,1,0,1,2.02,0.4,0.81,0.0,0.0,0.0
제3대,현석호,위원,자유당,경북 예천군,"",재선,2,1,2,0,0,0,101,16181,6,1,1,1,0,2,1.24,0.62,1.24,0.0,0.0,0.0
제헌,대통령,"","","","","",1,0,2,0,0,4,29,28231,1,0,1,0,0,3,0.35,0.0,0.71,0.0,0.0,1.42
제4대,윤성순,외무위원장,자유당,경기 포천군,"",3선,3,0,2,0,0,6,5,5015,1,0,2,0,0,2,5.98,0.0,3.99,0.0,0.0,11.96
제헌,진헌식,의원,대한독립촉성국민회,충남 연기,"",초선,2,0,2,0,0,2,160,9802,1,0,1,0,0,1,2.04,0.0,2.04,0.0,0.0,2.04
제3대,육완국,위원,무소속,충남 논산을,"",초선,0,0,2,0,0,0,8,1742,2,1,1,0,0,0,0.0,0.0,11.48,0.0,0.0,0.0
제헌,김웅권,의원,무소속,경기 파주,"",초선,0,0,2,0,0,0,5,891,0,0,1,0,0,0,0.0,0.0,22.45,0.0,0.0,0.0
제3대,조만종,의원,자유당,경남 밀양을,"",초선,0,0,2,0,0,0,15,3698,3,2,1,0,0,0,0.0,0.0,5.41,0.0,0.0,0.0
제3대,"",상공위원장,"","","","",1,0,2,0,0,0,37,8219,94,35,22,8,8,20,1.22,0.0,2.43,0.0,0.0,0.0
제헌,이원홍,의원,대한독립촉성국민회,경남 합천갑,"",재선,2,0,2,0,1,0,187,21365,1,0,1,0,1,0,0.94,0.0,0.94,0.0,0.47,0.0
제2대,방만수,의원,무소속,경북 경산,"",초선,0,3,2,0,0,0,39,11937,0,3,2,0,0,0,0.0,2.51,1.68,0.0,0.0,0.0
제2대,장택상,부의장,무소속,경북 칠곡,"",4선,18,1,2,0,0,1,1344,39210,2,2,2,0,0,4,4.59,0.26,0.51,0.0,0.0,0.26
제헌,주기용,의원,무소속,경남 창원을,"",초선,16,0,2,1,1,0,61,18615,4,0,2,1,1,0,8.6,0.0,1.07,0.54,0.54,0.0
제3대,임철호,농림부장관,"","","","",32,1,2,0,0,1,103,33185,7,1,2,0,0,1,9.64,0.3,0.6,0.0,0.0,0.3
제헌,배헌,의원,무소속,전북 이리,"",초선,0,0,2,0,0,0,28,2178,0,0,1,0,0,0,0.0,0.0,9.18,0.0,0.0,0.0
제3대,이중재,재무부장관,"","","","",12,23,2,0,0,0,150,39100,4,7,1,0,0,0,3.07,5.88,0.51,0.0,0.0,0.0
제3대,박정근,위원,자유당,전북 진안군,"",재선,17,4,2,0,0,1,350,47484,13,4,4,0,0,1,3.58,0.84,0.42,0.0,0.0,0.21
제2대,이범승,의원,무소속,충남 연기,"",재선,0,0,2,0,0,0,22,5701,0,0,2,0,0,0,0.0,0.0,3.51,0.0,0.0,0.0
제3대,이갑식,상공위원장,무소속,전남 구례군,"",재선,0,0,1,0,0,0,12,9834,1,0,3,0,0,0,0.0,0.0,1.02,0.0,0.0,0.0
제4대,이종판,증인,"","","","",0,0,1,0,0,0,20,974,0,0,1,0,0,0,0.0,0.0,10.27,0.0,0.0,0.0
제2대,"",상공위원장,"","","","",10,0,1,0,0,12,229,28816,58,37,45,2,4,13,3.47,0.0,0.35,0.0,0.0,4.16
제3대,권중돈,의원,무소속,경북 영천군을,"",5선,0,0,1,0,0,0,61,12152,0,0,1,0,0,0,0.0,0.0,0.82,0.0,0.0,0.0
제3대,박영출,외무위원장,자유당,경북 의성갑,"",재선,0,0,1,0,0,0,6,1042,2,4,2,0,0,2,0.0,0.0,9.6,0.0,0.0,0.0
제3대,최영철,의원,무소속,전남 나주갑,"",초선,9,0,1,0,0,0,14,8117,3,0,1,0,0,0,11.09,0.0,1.23,0.0,0.0,0.0
제2대,김수학,의원,무소속,전북 고창갑,"",초선,2,20,1,0,0,0,31,13774,5,5,2,0,0,0,1.45,14.52,0.73,0.0,0.0,0.0
제2대,이춘기,의원,무소속,전북 이리,"",재선,2,4,1,0,0,0,48,13960,2,2,1,0,0,0,1.43,2.87,0.72,0.0,0.0,0.0
제3대,유봉순,의원,무소속,경남 합천군갑,"",재선,6,15,1,0,0,1,84,51331,6,5,2,0,0,1,1.17,2.92,0.19,0.0,0.0,0.19
제2대,윤택중,의원,민주국민당,전북 익산을,"",3선,0,0,1,0,0,0,30,3447,0,0,2,0,0,0,0.0,0.0,2.9,0.0,0.0,0.0
제헌,박종남,의원,무소속,전남 광산,"",초선,0,0,1,0,0,1,24,4345,0,0,1,0,0,1,0.0,0.0,2.3,0.0,0.0,2.3
제헌,서상일,산업위원장,한국민주당,경북 대구을,"",재선,5,2,1,1,2,0,44,14521,6,1,6,1,5,1,3.44,1.38,0.69,0.69,1.38,0.0
제3대,신의식,의원,자유당,경기 용인시,"",재선,1,7,1,0,0,0,19,6405,2,1,2,0,0,0,1.56,10.93,1.56,0.0,0.0,0.0
제헌,홍성하,의원,한국민주당,서울 동대문구갑,"",초선,3,8,1,0,3,0,142,29967,12,18,7,0,5,1,1.0,2.67,0.33,0.0,1.0,0.0
제4대,정준,위원,무소속,경기 김포군,"",4선,3,2,1,0,0,0,41,24942,2,1,4,0,0,0,1.2,0.8,0.4,0.0,0.0,0.0
제4대,김병순,위원,자유당,전남 해남군갑,"",4선,34,0,1,0,0,0,25,14606,8,0,1,0,0,0,23.28,0.0,0.68,0.0,0.0,0.0
제3대,윤재욱,의원,무소속,서울 영등포구갑,"",재선,2,0,1,0,0,0,19,11470,3,0,1,0,0,0,1.74,0.0,0.87,0.0,0.0,0.0
제2대,이종순,의원,무소속,충남 부여을 ,"",초선,0,0,1,0,0,0,11,2064,0,0,1,0,0,0,0.0,0.0,4.84,0.0,0.0,0.0
제2대,함인섭,농림부장관,"","","","",5,0,1,0,0,0,19,8767,2,0,1,0,0,0,5.7,0.0,1.14,0.0,0.0,0.0
제3대,김의택,의원,무소속,전남 함평군,"",4선,1,0,1,0,0,0,27,19345,2,2,2,0,0,0,0.52,0.0,0.52,0.0,0.0,0.0
제4대,나상근,의원,자유당,강원 인제,"",초선,0,0,1,0,0,0,2,2499,4,0,1,0,0,0,0.0,0.0,4.0,0.0,0.0,0.0
제4대,최희송,위원,민주당,경북 대구시을,"",4선,0,2,1,2,0,1,50,2393,0,1,1,1,0,1,0.0,8.36,4.18,8.36,0.0,4.18
제헌,이인,법제사법위원장,무소속,서울 종로구을,"",3선,1,0,1,0,4,0,112,15766,4,0,1,1,2,0,0.63,0.0,0.63,0.0,2.54,0.0
제3대,김일,의원,자유당,서울 성북구,"",초선,1,0,1,1,0,0,47,16406,1,0,1,1,0,0,0.61,0.0,0.61,0.61,0.0,0.0
제4대,최병용,증인,"","","","",0,0,1,0,0,0,6,304,0,0,1,0,0,0,0.0,0.0,32.89,0.0,0.0,0.0
제4대,한광석,위원,자유당,충남 부여군갑,"",재선,3,0,1,0,0,0,156,16024,4,0,1,0,0,0,1.87,0.0,0.62,0.0,0.0,0.0
제헌,김동준,의원,무소속,충남 서산을,"",초선,6,1,1,0,0,0,63,4368,3,1,1,0,0,0,13.74,2.29,2.29,0.0,0.0,0.0
제3대,박종길,의원,무소속,경북 영양군,"",3선,1,0,1,0,0,0,9,4058,1,0,1,0,0,1,2.46,0.0,2.46,0.0,0.0,0.0
제헌,김상돈,의원,무소속,서울 마포구,"",4선,0,0,1,0,0,8,166,39318,1,0,1,0,0,3,0.0,0.0,0.25,0.0,0.0,2.03
제3대,신정호,위원,무소속,충북 청원군갑,"",재선,6,3,1,0,0,2,83,17289,8,2,1,0,0,2,3.47,1.74,0.58,0.0,0.0,1.16
제4대,경리과장,"","","","","",1,0,1,0,0,0,78,6925,1,0,1,0,0,0,1.44,0.0,1.44,0.0,0.0,0.0
제4대,"",외무위원장,"","","","",0,2,1,0,0,0,2,1354,138,25,25,10,3,18,0.0,14.77,7.39,0.0,0.0,0.0
제4대,주금용,위원,무소속,경남 진해,"",초선,1,0,1,0,0,0,44,4774,1,3,1,0,0,0,2.09,0.0,2.09,0.0,0.0,0.0
제2대,양우정,의원,무소속,경남 함안,"",초선,0,0,1,0,0,0,32,9087,0,0,1,0,0,0,0.0,0.0,1.1,0.0,0.0,0.0
제3대,변영태,외무부장관,"","","","",2,0,1,1,0,1,35,16231,3,1,2,1,0,1,1.23,0.0,0.62,0.62,0.0,0.62
제3대,김일환,상공부장관,"","","","",50,0,1,0,0,0,89,28414,10,0,1,0,0,0,17.6,0.0,0.35,0.0,0.0,0.0
제2대,서상덕,의원,대한청년단,전남 나주을,"",초선,0,0,1,0,0,0,28,9125,0,0,1,0,0,0,0.0,0.0,1.1,0.0,0.0,0.0
제3대,유봉순,위원,무소속,경남 합천군갑,"",재선,9,2,1,0,0,0,46,12997,6,5,2,0,0,1,6.92,1.54,0.77,0.0,0.0,0.0
제3대,인태식,재정경제위원장,자유당,충남 당진군갑,"",3선,1,2,1,0,0,0,104,12686,6,14,3,0,0,1,0.79,1.58,0.79,0.0,0.0,0.0
제2대,오성환,운영위원장,대한국민당,서울 마포구갑,"",초선,0,0,1,0,0,0,37,6731,1,0,2,0,0,1,0.0,0.0,1.49,0.0,0.0,0.0
제2대,김의준,의원,무소속,경기 여주,"",3선,0,0,1,0,0,0,39,19609,0,0,1,0,0,0,0.0,0.0,0.51,0.0,0.0,0.0
제3대,남송학,의원,자유당,서울 용산구을,"",재선,6,0,1,0,0,0,77,32940,2,0,2,0,0,0,1.82,0.0,0.3,0.0,0.0,0.0
제3대,신도성,의원,민주국민당,경남 거창,"",초선,8,1,1,0,0,0,21,27239,5,1,1,0,0,0,2.94,0.37,0.37,0.0,0.0,0.0
제2대,오성환,의원,대한국민당,서울 마포구갑,"",초선,1,0,1,0,0,3,98,22087,1,0,2,0,0,1,0.45,0.0,0.45,0.0,0.0,1.36
제3대,조병문,의원,자유당,전남 진도군,"",재선,13,2,1,0,0,0,75,20178,10,2,1,0,0,0,6.44,0.99,0.5,0.0,0.0,0.0
제3대,황성수,의원,자유당,전남 보성군,"",4선,1,0,1,0,0,0,30,22860,1,0,2,0,0,1,0.44,0.0,0.44,0.0,0.0,0.0
제4대,박상길,위원,무소속,경남 함양,"",초선,2,1,1,0,0,0,54,6247,2,1,2,0,0,1,3.2,1.6,1.6,0.0,0.0,0.0
제3대,김재곤,의원,자유당,경기 인천시갑,"",3선,33,0,1,0,0,1,26,17482,7,0,1,0,0,1,18.88,0.0,0.57,0.0,0.0,0.57
제2대,"",법제사법위원장,"","","","",3,0,1,0,0,9,301,38602,58,37,45,2,4,13,0.78,0.0,0.26,0.0,0.0,2.33
제2대,이재학,의원,대한국민당,강원 홍천,"",5선,1,0,1,0,0,0,52,19668,1,0,1,0,0,0,0.51,0.0,0.51,0.0,0.0,0.0
제4대,구철회,위원,민주당,경기 용인,"",초선,3,0,1,0,0,0,37,7185,3,0,1,0,0,1,4.18,0.0,1.39,0.0,0.0,0.0
제4대,민병기,내무부장관,"","","","",9,0,1,0,0,0,66,16268,4,0,1,0,0,0,5.53,0.0,0.61,0.0,0.0,0.0
제헌,신익희,부의장,대한독립촉성국민회,전남 광주,"",3선,1,0,1,0,0,1,558,29796,9,4,4,0,12,5,0.34,0.0,0.34,0.0,0.0,0.34
제3대,안동준,의원,자유당,충북 괴산군,"",4선,0,1,1,0,0,0,13,9877,1,1,1,0,0,0,0.0,1.01,1.01,0.0,0.0,0.0
제헌,조종승,의원,무소속,충북 단양,"",재선,2,0,1,0,0,0,156,16572,2,0,1,0,0,0,1.21,0.0,0.6,0.0,0.0,0.0
제4대,강용옥,상공부공업국장,"","","","",15,0,1,0,0,0,21,1875,2,0,1,0,0,0,80.0,0.0,5.33,0.0,0.0,0.0
제4대,이남신,농림부축정국장,"","","","",12,0,1,0,0,0,31,7932,4,0,1,0,0,0,15.13,0.0,1.26,0.0,0.0,0.0
제3대,황경수,의원,자유당,경기 평택,"",초선,2,10,1,0,0,0,33,15920,3,6,1,0,0,0,1.26,6.28,0.63,0.0,0.0,0.0
제3대,이우줄,의원,"","","","",1,0,1,0,0,0,5,5759,1,0,1,0,0,0,1.74,0.0,1.74,0.0,0.0,0.0
제헌,김인식,의원,대동청년당,경기 옹진을,"",초선,2,1,1,0,0,0,122,10206,1,1,1,0,0,0,1.96,0.98,0.98,0.0,0.0,0.0
제3대,손창환,보건사회부장관,"","","","",3,0,1,0,0,0,14,5356,2,0,1,0,0,0,5.6,0.0,1.87,0.0,0.0,0.0
제3대,정규상,의원,자유당,강원 영월군,"",재선,3,0,1,0,0,0,33,11986,3,1,1,0,0,0,2.5,0.0,0.83,0.0,0.0,0.0
제헌,류성갑,의원,"","","","",0,0,1,0,0,1,42,4338,0,0,1,0,0,1,0.0,0.0,2.31,0.0,0.0,2.31
제4대,조호갑,증인,"","","","",0,0,1,0,0,0,27,263,0,0,1,0,0,0,0.0,0.0,38.02,0.0,0.0,0.0
제2대,김인태,의원,무소속,경기 화성갑,"",초선,2,0,1,0,0,0,41,26895,1,0,1,0,0,0,0.74,0.0,0.37,0.0,0.0,0.0
제3대,나희집,위원,자유당,충남 서천,"",초선,0,0,1,0,0,0,72,8700,0,1,2,0,0,0,0.0,0.0,1.15,0.0,0.0,0.0
제2대,장택상,의원,무소속,경북 칠곡,"",4선,0,2,1,0,0,3,73,21628,2,2,2,0,0,4,0.0,0.92,0.46,0.0,0.0,1.39
제4대,강영훈,의원,민주당,경기 양주갑,"",재선,0,0,1,0,0,0,2,5982,12,0,5,0,1,1,0.0,0.0,1.67,0.0,0.0,0.0
제헌,전문의원,"","","","","",0,0,1,0,0,0,1,1215,0,0,1,0,0,0,0.0,0.0,8.23,0.0,0.0,0.0
제4대,양일동,위원,무소속,전북 옥구,"",5선,25,10,1,1,0,0,746,37762,8,4,2,1,0,0,6.62,2.65,0.26,0.26,0.0,0.0
제3대,김영삼,의원,자유당,경남 거제군,"",9선,1,1,1,0,0,0,59,25785,1,1,1,0,0,0,0.39,0.39,0.39,0.0,0.0,0.0
제4대,"",법제사법위원장,"","","","",0,0,1,0,0,0,3,1782,138,25,25,10,3,18,0.0,0.0,5.61,0.0,0.0,0.0
제3대,신행용,의원,무소속,전남 무안갑,"",초선,0,0,1,0,0,0,26,13116,3,1,1,0,0,0,0.0,0.0,0.76,0.0,0.0,0.0
제2대,김용화,의원,대한국민당,충남 천안,"",재선,0,0,1,0,0,0,8,3621,0,0,1,0,0,0,0.0,0.0,2.76,0.0,0.0,0.0
제4대,윤성순,의원,자유당,경기 포천군,"",3선,0,0,1,0,0,2,1,512,1,0,2,0,0,2,0.0,0.0,19.53,0.0,0.0,39.06
제헌,장면,의원,무소속,서울 종로구을,"",재선,0,0,1,0,0,2,55,7096,0,0,1,0,0,1,0.0,0.0,1.41,0.0,0.0,2.82
제4대,문봉제,교통부장관,"","","","",31,0,1,0,1,0,40,10582,5,0,1,0,1,0,29.3,0.0,0.95,0.0,0.95,0.0
제2대,법제처장,"","","","","",5,5,1,0,0,0,40,22487,3,3,1,0,0,0,2.22,2.22,0.44,0.0,0.0,0.0
제4대,김훈,위원,민주당,경기 인천시병,"",재선,1,0,1,0,0,0,96,5006,2,0,1,0,0,0,2.0,0.0,2.0,0.0,0.0,0.0
제2대,김용택,사회부장관,"","","","",1,0,1,0,0,0,2,494,1,0,1,0,0,0,20.24,0.0,20.24,0.0,0.0,0.0
제3대,양영주,의원,자유당,전북 남원,"",초선,3,9,1,0,0,0,76,30525,8,5,1,0,0,0,0.98,2.95,0.33,0.0,0.0,0.0
제헌,이범석,국방부장관,"","","","",1,0,1,0,2,0,8,13153,8,3,4,0,1,0,0.76,0.0,0.76,0.0,1.52,0.0
제2대,김동성,의원,무소속,경기 개성,"",초선,0,0,1,0,0,0,16,5076,0,0,1,0,0,0,0.0,0.0,1.97,0.0,0.0,0.0
제4대,박종길,위원,자유당,경북 영양군,"",3선,1,0,1,1,0,0,29,10006,1,0,1,1,0,0,1.0,0.0,1.0,1.0,0.0,0.0
제3대,손원일,국방부장관,"","","","",5,0,1,0,0,0,18,12515,2,0,1,0,0,0,4.0,0.0,0.8,0.0,0.0,0.0
제헌,한석범,의원,한국민주당,경남 부산병,"",초선,0,0,1,0,0,0,33,3489,0,0,1,0,0,0,0.0,0.0,2.87,0.0,0.0,0.0
제헌,장병만,의원,대한독립촉성국민회,경북 칠곡,"",초선,9,9,1,3,0,0,255,33955,3,2,1,1,0,0,2.65,2.65,0.29,0.88,0.0,0.0
제4대,홍봉진,위원,민주당,경기 화성을,"",초선,3,1,1,0,0,0,34,8338,1,2,1,0,0,0,3.6,1.2,1.2,0.0,0.0,0.0
제4대,유용식,위원,자유당,경기 양평,"",초선,6,2,1,0,0,0,317,7373,3,1,1,6,0,0,8.14,2.71,1.36,0.0,0.0,0.0
제4대,신규식,위원,자유당,전북 부안,"",재선,23,12,1,0,0,0,175,35195,10,4,2,0,0,0,6.54,3.41,0.28,0.0,0.0,0.0
제4대,김팔,"","","","","",0,0,1,0,0,0,30,492,0,0,1,0,0,0,0.0,0.0,20.33,0.0,0.0,0.0
제헌,이구수,의원,"","","","",0,0,1,0,0,0,93,7865,0,0,1,0,0,0,0.0,0.0,1.27,0.0,0.0,0.0
제헌,서정희,의원,한국민주당,경기 포천,"",초선,0,0,1,0,0,0,56,7806,0,0,1,0,0,0,0.0,0.0,1.28,0.0,0.0,0.0
제4대,김주묵,의원,민주당,충북 음성군,"",초선,0,1,1,0,0,0,13,13504,3,2,2,0,0,0,0.0,0.74,0.74,0.0,0.0,0.0
제헌,윤영선,농림부장관,"","","","",2,0,1,0,0,0,20,6118,1,0,1,0,0,0,3.27,0.0,1.63,0.0,0.0,0.0
제헌,김약수,부의장,조선공화당,경남 동래,"",초선,3,1,1,0,13,11,2064,97650,3,1,1,0,6,1,0.31,0.1,0.1,0.0,1.33,1.13
제3대,이익흥,내무부장관,"","","","",4,0,1,0,0,2,109,27591,2,0,1,0,0,1,1.45,0.0,0.36,0.0,0.0,0.72
제2대,한필수,의원,무소속,충북 제천,"",초선,0,0,1,0,0,0,6,1973,0,0,1,0,0,0,0.0,0.0,5.07,0.0,0.0,0.0
제헌,유성갑,의원,단민당,전남 고흥을,"",초선,0,1,1,0,3,0,97,15735,0,1,1,0,2,0,0.0,0.64,0.64,0.0,1.91,0.0
제2대,김정두,의원,무소속,전북 순창,"",초선,1,0,1,0,0,0,42,8905,1,0,1,0,0,0,1.12,0.0,1.12,0.0,0.0,0.0
제3대,천세기,의원,무소속,경기 양평군,"",재선,1,0,1,0,0,0,56,20027,3,0,1,0,0,0,0.5,0.0,0.5,0.0,0.0,0.0
제4대,이원,증인,"","","","",0,0,1,0,0,0,3,187,0,0,1,0,0,0,0.0,0.0,53.48,0.0,0.0,0.0
제3대,양정과장,"","","","","",0,0,1,0,0,0,11,412,0,0,1,0,0,0,0.0,0.0,24.27,0.0,0.0,0.0
제3대,김창수,의원,자유당,전북 정읍갑,"",초선,1,0,1,0,0,0,4,5601,1,0,1,0,0,0,1.79,0.0,1.79,0.0,0.0,0.0
제4대,양일동,수해대책특별위원장,무소속,전북 옥구,"",5선,0,0,1,0,0,0,1,998,8,4,2,1,0,0,0.0,0.0,10.02,0.0,0.0,0.0
제2대,"",국무총리,"","","","",21,10,1,0,0,3,37,27120,58,37,45,2,4,13,7.74,3.69,0.37,0.0,0.0,1.11
제헌,박우경,의원,무소속,충북 영동,"",초선,3,0,1,0,0,1,147,7867,3,0,1,0,0,1,3.81,0.0,1.27,0.0,0.0,1.27
제4대,김일환,교통부장관,"","","","",17,0,1,0,0,1,71,18435,15,0,1,2,0,1,9.22,0.0,0.54,0.0,0.0,0.54
제3대,나희집,의원,자유당,충남 서천,"",초선,0,4,1,0,0,0,41,15514,0,1,2,0,0,0,0.0,2.58,0.64,0.0,0.0,0.0
제2대,김익기,의원,무소속,경북 안동을,"",5선,3,0,1,0,0,1,19,3908,2,0,5,0,0,1,7.68,0.0,2.56,0.0,0.0,2.56
제3대,이용범,의원,자유당,경남 창원군을,"",재선,4,0,1,0,0,0,5,1842,2,0,1,0,0,0,21.72,0.0,5.43,0.0,0.0,0.0
제4대,김공평,위원,자유당,충남 논산갑,"",초선,0,0,1,0,0,0,54,3236,0,0,1,0,0,0,0.0,0.0,3.09,0.0,0.0,0.0
제2대,임흥순,의원,민주국민당,서울 성동구을,"",재선,1,0,1,0,0,0,30,10331,1,0,1,0,0,0,0.97,0.0,0.97,0.0,0.0,0.0
제헌,윤치영,부의장,한국민주당,서울 중구,"",4선,2,5,1,0,23,0,2014,59246,3,2,1,2,9,1,0.34,0.84,0.17,0.0,3.88,0.0
제헌,이요한,의원,대한독립촉성국민회,전북 옥구,"",초선,1,0,1,0,0,0,24,2180,1,0,1,0,0,0,4.59,0.0,4.59,0.0,0.0,0.0
제3대,이재학,의원,자유당,강원 홍천군,"",5선,1,0,1,0,0,0,18,7325,5,3,3,0,0,1,1.37,0.0,1.37,0.0,0.0,0.0
제2대,윤영선,의원,민주국민당,전남 해남갑,"",초선,0,1,1,0,0,0,10,2780,0,1,1,0,0,0,0.0,3.6,3.6,0.0,0.0,0.0
제3대,김달호,의원,무소속,경북 상주,"",초선,9,0,1,0,0,1,127,45636,4,0,1,0,0,1,1.97,0.0,0.22,0.0,0.0,0.22
제2대,이종현,산업위원장,무소속,서울 마포구을,"",초선,0,0,1,0,0,0,18,3677,4,1,5,0,0,0,0.0,0.0,2.72,0.0,0.0,0.0
제2대,황성수,의원,무소속,서울 용산구갑,"",4선,9,0,1,0,0,7,72,23863,4,0,1,0,0,5,3.77,0.0,0.42,0.0,0.0,2.93
제헌,정준,의원,무소속,경기 김포,"",4선,1,0,1,1,7,1,345,41734,1,0,1,1,1,1,0.24,0.0,0.24,0.24,1.68,0.24
제3대,김현철,재무부장관,"","","","",27,71,1,0,0,0,293,87481,16,17,2,0,0,0,3.09,8.12,0.11,0.0,0.0,0.0
제헌,육홍균,의원,대한독립촉성국민회,경북 선산,"",재선,0,0,1,0,0,0,61,10636,0,0,1,0,0,0,0.0,0.0,0.94,0.0,0.0,0.0
제2대,조대연,의원,무소속,충북 충주,"",초선,0,0,1,0,0,0,6,3646,0,0,1,0,0,0,0.0,0.0,2.74,0.0,0.0,0.0
제2대,이채오,의원,무소속,경남 통영을,"",초선,1,2,1,0,0,0,40,17126,1,1,1,0,0,0,0.58,1.17,0.58,0.0,0.0,0.0
제헌,김봉조,의원,교육협회,경북 청송,"",재선,1,0,1,0,4,1,99,16462,1,0,1,0,2,1,0.61,0.0,0.61,0.0,2.43,0.61
제4대,임문석,위원,민주당,경북 대구시병,"",재선,21,7,1,0,0,13,157,26581,8,5,1,0,0,6,7.9,2.63,0.38,0.0,0.0,4.89
제2대,이충환,예산결산위원장,무소속,충북 진천,"",6선,0,2,1,0,0,1,90,19735,9,5,3,0,0,1,0.0,1.01,0.51,0.0,0.0,0.51
제4대,김의택,의원,민주당,전남 함평군,"",4선,0,0,1,0,0,0,7,2086,2,0,1,0,0,0,0.0,0.0,4.79,0.0,0.0,0.0
제3대,이치영,이재국장,"","","","",0,1,1,0,0,0,6,1020,0,1,1,0,0,0,0.0,9.8,9.8,0.0,0.0,0.0
제3대,김현철,부흥부장관,"","","","",8,1,1,0,0,0,30,15441,16,17,2,0,0,0,5.18,0.65,0.65,0.0,0.0,0.0
제4대,윤형남,의원,민주당,전남 순천시,"",3선,2,0,1,0,0,0,37,17258,3,1,1,0,0,0,1.16,0.0,0.58,0.0,0.0,0.0
제헌,전규홍,사무총장,"","","","",0,0,1,0,0,0,87,6093,0,0,1,0,0,0,0.0,0.0,1.64,0.0,0.0,0.0
제2대,오위영,의원,무소속,경남 울산갑,"",3선,1,11,1,0,0,0,6,4795,3,5,1,0,0,1,2.09,22.94,2.09,0.0,0.0,0.0
제4대,엄상섭,의원,민주당,서울 용산구갑,"",재선,11,3,1,0,3,0,97,52007,9,4,2,0,1,0,2.12,0.58,0.19,0.0,0.58,0.0
제4대,박흥규,예산결산위원장,자유당,전남 광주병,"",재선,5,1,1,0,0,0,28,4515,5,1,1,0,0,0,11.07,2.21,2.21,0.0,0.0,0.0
제4대,배성기,의원,민주당,전북 완주군을,"",재선,3,1,1,0,0,0,9,10009,9,3,4,0,0,1,3.0,1.0,1.0,0.0,0.0,0.0
제3대,윤병호,의원,무소속,경남 남해,"",초선,2,0,1,0,0,0,23,18616,1,0,1,0,0,0,1.07,0.0,0.54,0.0,0.0,0.0
제헌,김동원,의원,한국민주당,서울 용산구,"",초선,0,0,1,0,0,1,37,4704,7,1,6,0,14,6,0.0,0.0,2.13,0.0,0.0,2.13
제3대,"",외무위원장,"","","","",25,0,1,0,0,0,28,5444,94,35,22,8,8,20,45.92,0.0,1.84,0.0,0.0,0.0
제3대,박영종,위원,자유당,전남 담양,"",초선,51,12,1,0,0,1,293,81464,97,22,15,0,0,5,6.26,1.47,0.12,0.0,0.0,0.12
제3대,이형진,위원,자유당,강원 평창,"",초선,6,0,1,0,0,1,117,10323,5,0,1,0,0,1,5.81,0.0,0.97,0.0,0.0,0.97
제2대,이도영,의원,무소속,충북 청원갑,"",초선,2,0,1,0,0,0,9,2604,1,0,1,0,0,0,7.68,0.0,3.84,0.0,0.0,0.0
제3대,박영출,의원,자유당,경북 의성갑,"",재선,2,2,1,0,0,7,112,26650,2,4,2,0,0,2,0.75,0.75,0.38,0.0,0.0,2.63
제3대,백남식,위원,무소속,경북 상주군을,"",재선,0,2,1,0,0,1,77,10411,4,6,3,0,0,2,0.0,1.92,0.96,0.0,0.0,0.96
제4대,강지형,증인,"","","","",0,0,1,0,0,0,10,126,0,0,1,0,0,0,0.0,0.0,79.37,0.0,0.0,0.0
제2대,전문위원,"","","","","",1,0,1,0,0,0,1,2470,1,0,1,0,0,0,4.05,0.0,4.05,0.0,0.0,0.0
제3대,백한성,내무부장관,"","","","",2,0,1,0,0,0,46,23793,2,0,1,0,0,0,0.84,0.0,0.42,0.0,0.0,0.0
제4대,신영주,위원,무소속,경남 창녕군,"",재선,4,1,1,0,0,0,163,11201,4,1,1,0,0,0,3.57,0.89,0.89,0.0,0.0,0.0
제헌,이승만,의원,대한독립촉성국민회,서울 동대문구갑,"",초선,0,0,1,0,0,0,16,5014,1,0,3,0,0,1,0.0,0.0,1.99,0.0,0.0,0.0
제4대,최천,위원,민주당,경남 충무,"",3선,4,0,1,0,0,0,10,6078,3,0,1,0,0,0,6.58,0.0,1.65,0.0,0.0,0.0
제4대,피복창장,"","","","","",1,0,1,0,0,0,10,133,1,0,1,0,0,0,75.19,0.0,75.19,0.0,0.0,0.0
제4대,김상돈,위원,민주당,서울 마포구,"",4선,1,0,1,1,0,0,80,12302,1,1,1,1,0,0,0.81,0.0,0.81,0.81,0.0,0.0
제헌,이유선,의원,대한독립촉성국민회,경기 부천,"",초선,2,0,1,0,0,0,47,6202,1,0,1,0,0,0,3.22,0.0,1.61,0.0,0.0,0.0
제4대,김인권,농림부농정국장,"","","","",6,0,1,0,0,0,55,9455,4,0,1,0,0,0,6.35,0.0,1.06,0.0,0.0,0.0
제3대,김홍식,의원,자유당,경북 고령,"",초선,9,15,1,0,0,1,54,63943,3,3,1,0,0,1,1.41,2.35,0.16,0.0,0.0,0.16
제헌,이종린,의원,무소속,충남 서산갑,"",재선,2,0,1,0,0,0,34,4805,1,0,1,0,0,0,4.16,0.0,2.08,0.0,0.0,0.0
제헌,허영호,의원,무소속,경남 부산갑,"",초선,19,2,1,0,0,0,31,7688,2,1,1,0,0,0,24.71,2.6,1.3,0.0,0.0,0.0
제4대,김성곤,위원,자유당,경북 달성군,"",4선,0,0,1,0,0,0,10,1870,0,0,1,0,0,0,0.0,0.0,5.35,0.0,0.0,0.0
제4대,신용권,증인,"","","","",0,0,1,0,0,0,5,144,0,0,1,0,0,0,0.0,0.0,69.44,0.0,0.0,0.0
제4대,주요한,의원,민주당,서울 중구갑,"",재선,10,31,1,0,0,3,45,58214,18,12,3,0,0,5,1.72,5.33,0.17,0.0,0.0,0.52
제4대,김용진,위원,민주당,경남 진주,"",재선,1,0,1,0,0,0,237,20980,1,0,1,0,0,0,0.48,0.0,0.48,0.0,0.0,0.0
제3대,정기원,외무위원장,자유당,경남 부산시병,"",재선,0,0,1,0,0,0,20,7176,1,0,1,0,0,0,0.0,0.0,1.39,0.0,0.0,0.0
제4대,이철승,의원,민주당,전북 전주을,"",7선,1,10,1,4,0,0,53,46387,21,12,4,2,0,1,0.22,2.16,0.22,0.86,0.0,0.0
제헌,이남규,의원,대한독립촉성국민회,전남 목포,"",재선,0,0,1,0,1,0,76,10196,0,0,1,0,1,0,0.0,0.0,0.98,0.0,0.98,0.0
제헌,최헌길,의원,대한독립촉성국민회,강원 강릉을,"",재선,5,0,1,0,0,0,54,5012,2,0,1,0,0,0,9.98,0.0,2.0,0.0,0.0,0.0
제2대,"",재정경제위원장,"","","","",8,26,1,0,0,0,78,19752,58,37,45,2,4,13,4.05,13.16,0.51,0.0,0.0,0.0
제3대,"",국방위원장,"","","","",18,0,1,0,0,0,71,21502,94,35,22,8,8,20,8.37,0.0,0.47,0.0,0.0,0.0
제3대,김성삼,의원,자유당,경남 창원갑,"",초선,18,0,1,0,0,0,24,19076,7,0,1,0,0,0,9.44,0.0,0.52,0.0,0.0,0.0
제2대,이시목,의원,무소속,경남 의령,"",초선,0,0,1,0,0,0,7,3587,0,0,1,0,0,0,0.0,0.0,2.79,0.0,0.0,0.0
제3대,김의택,위원,무소속,전남 함평군,"",4선,1,2,1,0,0,0,41,13922,2,2,2,0,0,0,0.72,1.44,0.72,0.0,0.0,0.0
제4대,김주묵,위원,민주당,충북 음성군,"",초선,7,1,1,0,0,0,90,20394,3,2,2,0,0,0,3.43,0.49,0.49,0.0,0.0,0.0
제4대,허윤수,의원,민주당,경남 마산,"",초선,0,0,1,0,0,0,6,3701,10,3,2,0,0,1,0.0,0.0,2.7,0.0,0.0,0.0
제헌,이문원,의원,무소속,전북 익산을,"",초선,6,0,1,0,0,1,192,23598,3,0,1,0,2,1,2.54,0.0,0.42,0.0,0.0,0.42
제헌,박상영,의원,한국민주당,경북 예천,"",초선,3,0,1,2,0,0,65,6064,1,0,1,1,0,0,4.95,0.0,1.65,3.3,0.0,0.0
제2대,김수학,재정경제위원장,무소속,전북 고창갑,"",초선,7,62,1,0,0,0,48,12233,5,5,2,0,0,0,5.72,50.68,0.82,0.0,0.0,0.0
제헌,김철,의원,대한독립촉성국민회,경북 경주갑,"",재선,0,0,1,0,0,0,139,1347,0,0,1,0,0,0,0.0,0.0,7.42,0.0,0.0,0.0
제3대,정해영,위원,자유당,경남 울산군을,"",7선,0,4,1,0,0,0,116,11897,0,3,6,0,0,1,0.0,3.36,0.84,0.0,0.0,0.0
제2대,임문환,농림부장관,"","","","",13,1,1,0,0,0,54,32593,8,1,1,0,0,0,3.99,0.31,0.31,0.0,0.0,0.0
제3대,이정휴,위원,자유당,전남 광산군갑,"",초선,0,0,1,0,0,0,1,564,0,0,1,0,0,0,0.0,0.0,17.73,0.0,0.0,0.0
제2대,박정근,농림위원장,무소속,전북 전주,"",재선,10,5,1,0,0,0,196,61509,6,10,4,0,1,0,1.63,0.81,0.16,0.0,0.0,0.0
제4대,홍길선,위원,민주당,경기 수원,"",4선,0,0,1,0,0,0,17,266,0,0,1,0,0,0,0.0,0.0,37.59,0.0,0.0,0.0
제4대,유기수,위원,무소속,강원 정선,"",초선,5,0,1,0,0,0,142,7536,2,0,1,0,0,0,6.63,0.0,1.33,0.0,0.0,0.0
제3대,최창섭,의원,자유당,경남 합천군을,"",3선,0,0,1,0,0,1,19,5722,0,0,1,0,0,1,0.0,0.0,1.75,0.0,0.0,1.75
제4대,김희덕,증인,"","","","",0,0,0,0,0,0,35,993,0,0,0,0,0,0,0.0,0.0,0.0,0.0,0.0,0.0
제4대,그래서,육군본부인사국장,"","","","",0,0,0,0,0,0,1,11,0,0,0,0,0,0,0.0,0.0,0.0,0.0,0.0,0.0
제2대,변집갑,의원,"","","","",0,0,0,0,0,0,1,221,0,0,0,0,0,0,0.0,0.0,0.0,0.0,0.0,0.0
제3대,민영남,의원,무소속,전남 해남군을,"",재선,8,3,0,0,0,0,49,31435,6,2,0,0,0,0,2.54,0.95,0.0,0.0,0.0,0.0
제헌,서우석,의원,한국민주당,전남 곡성,"",초선,1,0,0,0,8,1,467,52798,1,0,0,0,2,1,0.19,0.0,0.0,0.0,1.52,0.19
제4대,전형산,의원,자유당,강원 인제군,"",재선,0,0,0,0,0,0,2,2180,0,0,0,0,0,0,0.0,0.0,0.0,0.0,0.0,0.0
제4대,"",국방부경리국장,"","","","",0,0,0,0,0,0,3,110,138,25,25,10,3,18,0.0,0.0,0.0,0.0,0.0,0.0
제4대,박주복,증인,"","","","",1,0,0,0,0,0,9,263,1,0,0,0,0,0,38.02,0.0,0.0,0.0,0.0,0.0
제헌,홍길선,의원,대동청년당,경기 수원갑,"",4선,0,0,0,0,1,0,9,1675,0,0,0,0,1,0,0.0,0.0,0.0,0.0,5.97,0.0
제헌,공보처장,"","","","","",0,0,0,0,0,1,20,6652,0,0,0,0,0,1,0.0,0.0,0.0,0.0,0.0,1.5
제3대,임우영,의원,국민회,강원 춘성군,"",재선,0,0,0,0,0,0,3,1316,0,0,0,0,0,0,0.0,0.0,0.0,0.0,0.0,0.0
제헌,신성모,국방부장관,"","","","",1,0,0,0,0,0,16,8879,1,0,0,0,0,0,1.13,0.0,0.0,0.0,0.0,0.0
제3대,최병권,위원,자유당,경북 울릉군,"",재선,8,5,0,0,0,0,34,3639,3,3,0,0,0,0,21.98,13.74,0.0,0.0,0.0,0.0
제3대,김성삼,위원,자유당,경남 창원갑,"",초선,5,0,0,0,0,0,2,732,7,0,1,0,0,0,68.31,0.0,0.0,0.0,0.0,0.0
제헌,장기영,의원,무소속,강원 영월,"",초선,0,0,0,0,0,0,13,4335,0,0,0,0,0,0,0.0,0.0,0.0,0.0,0.0,0.0
제3대,백선진,국방부관리국장,"","","","",0,0,0,0,0,0,1,94,0,0,0,0,0,0,0.0,0.0,0.0,0.0,0.0,0.0
제4대,"",사회보건위원장,"","","","",0,0,0,0,0,0,6,554,138,25,25,10,3,18,0.0,0.0,0.0,0.0,0.0,0.0
제3대,조병문,농림위원장,자유당,전남 진도군,"",재선,12,0,0,0,0,0,172,33397,10,2,1,0,0,0,3.59,0.0,0.0,0.0,0.0,0.0
제4대,김용진,의원,민주당,경남 진주,"",재선,0,0,0,0,0,0,13,4051,1,0,1,0,0,0,0.0,0.0,0.0,0.0,0.0,0.0
제3대,이인,위원,국민당,서울 영등포구을,"",3선,0,0,0,0,0,0,1,79,2,0,0,1,0,0,0.0,0.0,0.0,0.0,0.0,0.0
제4대,박만규,문교부편수국장,"","","","",3,1,0,0,0,0,6,1436,2,1,0,0,0,0,20.89,6.96,0.0,0.0,0.0,0.0
제4대,이성주,위원,자유당,경기 고양,"",초선,0,0,0,0,0,0,28,5232,4,1,0,0,0,0,0.0,0.0,0.0,0.0,0.0,0.0
제2대,이교선,상공부장관,무소속,경기 안성,"",재선,0,0,0,0,0,0,3,596,1,1,2,0,0,0,0.0,0.0,0.0,0.0,0.0,0.0
제2대,융자선,"","","","","",0,0,0,0,0,0,1,1,0,0,0,0,0,0,0.0,0.0,0.0,0.0,0.0,0.0
제4대,이존화,의원,자유당,전북 완주갑,"",재선,0,0,0,0,0,0,1,883,3,1,0,0,0,0,0.0,0.0,0.0,0.0,0.0,0.0
제3대,김종신,의원,자유당,경남 마산,"",초선,3,0,0,0,0,0,24,12266,4,1,0,0,0,1,2.45,0.0,0.0,0.0,0.0,0.0
제3대,김현철,재무장관,"","","","",0,0,0,0,0,0,2,548,16,17,2,0,0,0,0.0,0.0,0.0,0.0,0.0,0.0
제2대,최헌길,의원,대한국민당,강원 강릉을,"",재선,2,0,0,0,0,0,53,11543,1,0,0,0,0,0,1.73,0.0,0.0,0.0,0.0,0.0
제3대,"",재정경제위원장,"","","","",7,0,0,0,0,2,114,18431,94,35,22,8,8,20,3.8,0.0,0.0,0.0,0.0,1.09
제3대,송문경,의원,"","","","",0,0,0,0,0,0,1,398,0,0,0,0,0,0,0.0,0.0,0.0,0.0,0.0,0.0
제3대,수반,"","","","","",0,1,0,0,0,0,1,451,0,1,0,0,0,0,0.0,22.17,0.0,0.0,0.0,0.0
제4대,강종무,위원,자유당,경남 김해갑,"",초선,2,0,0,0,0,0,19,5977,2,0,0,0,0,0,3.35,0.0,0.0,0.0,0.0,0.0
제4대,김익기,위원,자유당,경북 안동을,"",5선,0,0,0,0,0,0,1,87,0,0,0,0,0,0,0.0,0.0,0.0,0.0,0.0,0.0
제4대,김진원,위원,자유당,전북 무주,"",초선,0,0,0,0,0,0,5,718,0,0,0,0,0,0,0.0,0.0,0.0,0.0,0.0,0.0
제4대,조병옥,의원,민주당,서울 성동구을,"",재선,0,0,0,0,0,0,13,14932,0,1,0,0,0,0,0.0,0.0,0.0,0.0,0.0,0.0
제4대,하이람,"","","","","",0,0,0,0,0,0,1,265,0,0,0,0,0,0,0.0,0.0,0.0,0.0,0.0,0.0
제헌,남궁현,위원,대한독립촉성국민회,충남 부여갑,"",초선,0,0,0,0,0,0,2,214,0,0,0,0,0,0,0.0,0.0,0.0,0.0,0.0,0.0
제4대,사회,"","","","","",3,0,0,0,0,1,316,6569,1,0,0,0,0,1,4.57,0.0,0.0,0.0,0.0,1.52
제헌,징홍염,의원,"","","","",0,0,0,0,0,0,2,560,0,0,0,0,0,0,0.0,0.0,0.0,0.0,0.0,0.0
제4대,정금체,증인,"","","","",0,0,0,0,0,0,23,156,0,0,0,0,0,0,0.0,0.0,0.0,0.0,0.0,0.0
제헌,대법원장,"","","","","",3,0,0,0,0,0,7,3401,1,0,0,0,0,0,8.82,0.0,0.0,0.0,0.0,0.0
제4대,김송환,상공부상역국장,"","","","",0,2,0,0,0,0,17,1690,0,1,0,0,0,0,0.0,11.83,0.0,0.0,0.0,0.0
제3대,강봉옥,위원,자유당,경남 하동,"",초선,0,0,0,0,0,0,2,322,0,0,0,0,0,0,0.0,0.0,0.0,0.0,0.0,0.0
제헌,최운규,의원,"","","","",0,0,0,0,0,0,1,1,0,0,0,0,0,0,0.0,0.0,0.0,0.0,0.0,0.0
제3대,아까종업,체신부경리국장,"","","","",4,0,0,0,0,0,1,177,1,0,0,0,0,0,225.99,0.0,0.0,0.0,0.0,0.0
제4대,박순천,위원,민주당,"경남 부산시,동구갑","",5선,0,0,0,0,0,0,14,4542,0,0,0,0,0,0,0.0,0.0,0.0,0.0,0.0,0.0
제2대,"",운영위원장,"","","","",0,0,0,0,0,0,3,316,58,37,45,2,4,13,0.0,0.0,0.0,0.0,0.0,0.0
제4대,최남규,경상남도경찰국장,"","","","",0,0,0,0,0,0,14,3324,0,0,0,0,0,0,0.0,0.0,0.0,0.0,0.0,0.0
제3대,김용우,국방장관,"","","","",0,0,0,0,0,0,1,1198,4,0,0,0,0,0,0.0,0.0,0.0,0.0,0.0,0.0
제헌,류래완,의원,"","","","",0,0,0,0,0,0,10,405,0,0,0,0,0,0,0.0,0.0,0.0,0.0,0.0,0.0
제3대,이근칠,문교부고등교육국장,"","","","",0,0,0,0,0,0,1,48,0,0,0,0,0,0,0.0,0.0,0.0,0.0,0.0,0.0
제2대,박현숙,무임소장관,"","","","",0,0,0,0,0,0,1,69,0,0,0,0,0,0,0.0,0.0,0.0,0.0,0.0,0.0
제4대,기타,"","","","","",0,0,0,0,0,0,1,19,0,0,0,0,0,0,0.0,0.0,0.0,0.0,0.0,0.0
제3대,에서,"","","","","",0,0,0,0,0,0,2,31,0,0,0,0,0,0,0.0,0.0,0.0,0.0,0.0,0.0
제4대,농사원장,"","","","","",3,0,0,0,0,0,4,1953,1,0,0,0,0,0,15.36,0.0,0.0,0.0,0.0,0.0
제4대,봉급이,육군본부작전교육국장,"","","","",0,0,0,0,0,0,1,17,0,0,0,0,0,0,0.0,0.0,0.0,0.0,0.0,0.0
제2대,박정근,"",무소속,전북 전주,"",재선,0,0,0,0,0,0,1,36,6,10,4,0,1,0,0.0,0.0,0.0,0.0,0.0,0.0
제3대,정기원,의원,자유당,경남 부산시병,"",재선,0,0,0,0,0,0,12,4868,1,0,1,0,0,0,0.0,0.0,0.0,0.0,0.0,0.0
제2대,이석기,내무위원장,무소속,충남 부여갑,"",3선,2,0,0,0,0,0,38,9356,3,1,0,0,0,0,2.14,0.0,0.0,0.0,0.0,0.0
제3대,전상요,의원,무소속,강원 정선,"",초선,0,0,0,0,0,0,7,2101,0,0,0,0,0,0,0.0,0.0,0.0,0.0,0.0,0.0
제2대,이학림,의원,무소속,충북 음성,"",재선,0,0,0,0,0,0,2,994,0,0,0,0,0,0,0.0,0.0,0.0,0.0,0.0,0.0
제3대,김선우,위원,자유당,충북 보은군,"",재선,0,0,0,0,0,0,5,815,1,0,0,0,0,0,0.0,0.0,0.0,0.0,0.0,0.0
제헌,장기영,체신부장관,무소속,강원 영월,"",초선,0,0,0,0,0,0,1,50,0,0,0,0,0,0,0.0,0.0,0.0,0.0,0.0,0.0
제3대,김달수,위원,자유당,충남 공주군을,"",재선,0,0,0,0,0,0,24,2057,0,0,1,0,0,0,0.0,0.0,0.0,0.0,0.0,0.0
제4대,김상도,"",자유당,경북 영천갑,"",재선,0,0,0,0,0,0,1,24,1,0,0,0,0,1,0.0,0.0,0.0,0.0,0.0,0.0
제4대,"",농림위원장,"","","","",0,0,0,0,0,0,2,195,138,25,25,10,3,18,0.0,0.0,0.0,0.0,0.0,0.0
제4대,제가,육군본부작전교육국장,"","","","",0,0,0,0,0,0,1,20,0,0,0,0,0,0,0.0,0.0,0.0,0.0,0.0,0.0
제헌,운치영,부의장,"","","","",0,0,0,0,0,0,1,24,0,0,0,0,0,0,0.0,0.0,0.0,0.0,0.0,0.0
제3대,류진산,위원,"","","","",2,1,0,0,0,2,77,17581,7,1,0,0,0,1,1.14,0.57,0.0,0.0,0.0,1.14
제4대,유봉순,의원,자유당,경남 합천갑,"",재선,0,0,0,0,0,0,12,8262,1,2,0,0,0,0,0.0,0.0,0.0,0.0,0.0,0.0
제3대,양일동,위원,무소속,전북 옥구,"",5선,1,11,0,0,0,0,221,19681,2,7,1,0,0,1,0.51,5.59,0.0,0.0,0.0,0.0
제4대,김상도,위원,자유당,경북 영천갑,"",재선,1,0,0,0,0,1,61,11690,1,0,0,0,0,1,0.86,0.0,0.0,0.0,0.0,0.86
제3대,사업비라,농림국장,"","","","",1,0,0,0,0,0,1,6,1,0,0,0,0,0,1666.67,0.0,0.0,0.0,0.0,0.0
제4대,주로,육군본부작전교육국장,"","","","",0,0,0,0,0,0,1,4,0,0,0,0,0,0,0.0,0.0,0.0,0.0,0.0,0.0
제2대,조진만,법무부장관,"","","","",1,0,0,0,0,0,26,6710,1,0,0,0,0,0,1.49,0.0,0.0,0.0,0.0,0.0
제4대,최석림,위원,무소속,경남 고성군,"",4선,3,0,0,0,0,0,19,5300,1,0,0,0,0,0,5.66,0.0,0.0,0.0,0.0,0.0
제3대,가하여,"","","","","",0,0,0,0,0,0,1,226,0,0,0,0,0,0,0.0,0.0,0.0,0.0,0.0,0.0
제3대,최용근,위원,자유당,강원 강릉시갑,"",재선,0,0,0,0,0,0,31,2142,4,1,0,0,0,1,0.0,0.0,0.0,0.0,0.0,0.0
제헌,김철수,의원,대한독립촉성국민회,충남 부여을 ,"",초선,0,0,0,0,0,0,29,57,0,0,0,0,0,0,0.0,0.0,0.0,0.0,0.0,0.0
제3대,하는,"","","","","",0,0,0,0,0,0,1,2,0,0,0,0,0,0,0.0,0.0,0.0,0.0,0.0,0.0
제4대,유충렬,서울특별시경찰국장,"","","","",2,0,0,0,0,0,6,1991,1,0,0,0,0,0,10.05,0.0,0.0,0.0,0.0,0.0
제2대,"",외무국방위원장,"","","","",0,0,0,0,0,0,3,680,58,37,45,2,4,13,0.0,0.0,0.0,0.0,0.0,0.0
제4대,특별한,수로국장,"","","","",0,0,0,0,0,0,1,13,0,0,0,0,0,0,0.0,0.0,0.0,0.0,0.0,0.0
제4대,김형일,연합참모본부장,"","","","",0,0,0,0,0,0,1,291,0,0,0,0,0,0,0.0,0.0,0.0,0.0,0.0,0.0
제2대,오위영,예산결산위원장,무소속,경남 울산갑,"",3선,6,1,0,0,0,0,42,7612,3,5,1,0,0,1,7.88,1.31,0.0,0.0,0.0,0.0
제2대,우문,의원,대한국민당,경북 김천,"",초선,7,0,0,3,0,6,45,11176,6,0,0,1,0,1,6.26,0.0,0.0,2.68,0.0,5.37
제4대,감사합니,육군본부작전교육국장,"","","","",0,0,0,0,0,0,1,5,0,0,0,0,0,0,0.0,0.0,0.0,0.0,0.0,0.0
제3대,윤만석,위원,자유당,경북 문경,"",초선,0,0,0,0,0,0,2,319,3,0,2,0,0,0,0.0,0.0,0.0,0.0,0.0,0.0
제4대,대법원장,"","","","","",0,0,0,0,0,0,1,381,0,0,0,0,0,0,0.0,0.0,0.0,0.0,0.0,0.0
제헌,강달수,의원,부산15구락부,경남 하동,"",초선,0,0,0,0,0,0,14,407,0,0,0,0,0,0,0.0,0.0,0.0,0.0,0.0,0.0
제4대,정규상,위원장,자유당,강원 영월,"",재선,2,0,0,0,0,1,161,3866,3,0,0,0,0,2,5.17,0.0,0.0,0.0,0.0,2.59
제3대,장경근,위원,자유당,경기 부천,"",재선,0,0,0,0,0,0,1,4098,9,1,4,0,0,1,0.0,0.0,0.0,0.0,0.0,0.0
제3대,윤제술,의원,무소속,전북 김제군을,"",6선,4,0,0,0,0,0,21,17084,1,0,0,0,0,0,2.34,0.0,0.0,0.0,0.0,0.0
제헌,뱍해극,의원,"","","","",0,0,0,0,0,0,1,369,0,0,0,0,0,0,0.0,0.0,0.0,0.0,0.0,0.0
제3대,책정,"","","","","",0,0,0,0,0,0,1,4,0,0,0,0,0,0,0.0,0.0,0.0,0.0,0.0,0.0
제3대,색갈,"","","","","",0,0,0,0,0,0,1,3,0,0,0,0,0,0,0.0,0.0,0.0,0.0,0.0,0.0
제4대,그것은,공군본부경리국장,"","","","",0,0,0,0,0,0,1,8,0,0,0,0,0,0,0.0,0.0,0.0,0.0,0.0,0.0
제2대,박희현,재무부장관,"","","","",1,4,0,0,0,0,36,18520,1,3,0,0,0,0,0.54,2.16,0.0,0.0,0.0,0.0
제헌,이청천,전원위원장,"","","","",0,0,0,0,0,0,1,57,0,0,0,0,0,0,0.0,0.0,0.0,0.0,0.0,0.0
제3대,대리자,"","","","","",0,0,0,0,0,0,1,5,0,0,0,0,0,0,0.0,0.0,0.0,0.0,0.0,0.0
제3대,황병수,의원,"","","","",0,0,0,0,0,0,1,279,0,0,0,0,0,0,0.0,0.0,0.0,0.0,0.0,0.0
제헌,차윤홍,사무국장,"","","","",0,0,0,0,0,0,4,128,1,0,0,0,0,0,0.0,0.0,0.0,0.0,0.0,0.0
제2대,서상호,의원,무소속,경남 통영갑,"",초선,0,0,0,0,0,0,1,514,0,0,0,0,0,0,0.0,0.0,0.0,0.0,0.0,0.0
제4대,김준연,의원,통일당,전남 영암군,"",5선,0,0,0,0,0,0,21,6392,0,0,0,1,0,0,0.0,0.0,0.0,0.0,0.0,0.0
제헌,이진수,위원,무소속,경기 양주을,"",재선,0,0,0,0,0,0,10,775,20,4,9,0,1,3,0.0,0.0,0.0,0.0,0.0,0.0
제3대,지금말씀,농림국장,"","","","",1,0,0,0,0,0,1,5,1,0,0,0,0,0,2000.0,0.0,0.0,0.0,0.0,0.0
제3대,박도언,농림부양정국장,"","","","",0,0,0,0,0,0,1,115,1,0,0,0,0,0,0.0,0.0,0.0,0.0,0.0,0.0
제헌,지대형,외무국방위원장,"","","","",0,0,0,1,1,20,13,5885,1,0,0,1,1,1,0.0,0.0,0.0,1.7,1.7,33.98
제헌,이정기,의원,조선민족청년단,전북 남원,"",초선,0,0,0,0,0,0,1,1,0,0,0,0,0,0,0.0,0.0,0.0,0.0,0.0,0.0
제3대,김종신,위원장,자유당,경남 마산,"",초선,1,2,0,0,0,0,585,12547,4,1,0,0,0,1,0.8,1.59,0.0,0.0,0.0,0.0
제3대,김봉관,양정국장,"","","","",0,0,0,0,0,0,1,18,0,0,0,0,0,0,0.0,0.0,0.0,0.0,0.0,0.0
제헌,이병관,위원,무소속,경북 김천을,"",초선,4,0,0,0,0,0,1,375,1,0,0,0,0,0,106.67,0.0,0.0,0.0,0.0,0.0
제3대,이성주,위원,자유당,경기 고양,"",초선,0,0,0,0,0,0,3,438,0,0,0,0,0,0,0.0,0.0,0.0,0.0,0.0,0.0
제3대,소속,"","","","","",2,0,0,0,0,0,1,432,1,0,0,0,0,0,46.3,0.0,0.0,0.0,0.0,0.0
제헌,김옥주,위원,무소속,전남 광양,"",초선,3,0,0,0,0,0,21,2219,3,0,0,0,2,0,13.52,0.0,0.0,0.0,0.0,0.0
제4대,박만원,의원,자유당,경북 군위군,"",3선,0,2,0,0,0,0,20,13563,2,1,0,1,0,0,0.0,1.47,0.0,0.0,0.0,0.0
제2대,대리,법제사법위원장,"","","","",0,0,0,0,0,0,1,73,0,0,0,0,0,0,0.0,0.0,0.0,0.0,0.0,0.0
제3대,오림근,기획처예산국장,"","","","",2,0,0,0,0,0,4,89,1,0,0,0,0,0,224.72,0.0,0.0,0.0,0.0,0.0
제4대,류진산,위원,"","","","",3,0,0,0,0,0,118,18104,3,0,0,0,0,0,1.66,0.0,0.0,0.0,0.0,0.0
제헌,장도영,의원,"","","","",0,0,0,0,0,0,1,6,0,0,0,0,0,0,0.0,0.0,0.0,0.0,0.0,0.0
제헌,서우식,의원,"","","","",0,0,0,0,0,0,1,1,0,0,0,0,0,0,0.0,0.0,0.0,0.0,0.0,0.0
제4대,부정을,국방부경리국장,"","","","",0,0,0,0,0,0,1,11,0,0,0,0,0,0,0.0,0.0,0.0,0.0,0.0,0.0
제헌,이순탁,정부위원,"","","","",0,0,0,0,0,0,1,486,0,0,0,0,0,0,0.0,0.0,0.0,0.0,0.0,0.0
제3대,김병윤,농림부농정국장,"","","","",0,0,0,0,0,0,8,794,0,0,0,0,0,0,0.0,0.0,0.0,0.0,0.0,0.0
제3대,김정호,위원,자유당,전남 광양,"",초선,1,0,0,0,0,0,13,1547,3,1,2,0,0,1,6.46,0.0,0.0,0.0,0.0,0.0
제4대,인태식,의원,자유당,충남 당진갑,"",3선,0,0,0,0,0,0,2,4378,0,0,0,0,0,0,0.0,0.0,0.0,0.0,0.0,0.0
제4대,박용익,위원,자유당,강원 명주,"",재선,0,0,0,0,0,0,3,28,0,0,0,0,0,0,0.0,0.0,0.0,0.0,0.0,0.0
제4대,동의,"","","","","",0,0,0,0,0,0,1,6,0,0,0,0,0,0,0.0,0.0,0.0,0.0,0.0,0.0
제3대,서인홍,의원,무소속,경남 진주,"",초선,1,0,0,0,0,0,18,7011,1,0,0,0,0,0,1.43,0.0,0.0,0.0,0.0,0.0
제4대,서득용,증인,"","","","",0,0,0,0,0,0,12,111,0,0,0,0,0,0,0.0,0.0,0.0,0.0,0.0,0.0
제3대,것을,"","","","","",0,0,0,0,0,0,1,36,0,0,0,0,0,0,0.0,0.0,0.0,0.0,0.0,0.0
제3대,면서,"","","","","",0,0,0,0,0,0,1,1,0,0,0,0,0,0,0.0,0.0,0.0,0.0,0.0,0.0
제4대,구흥남,부흥위원장,자유당,전남 화순,"",재선,0,0,0,0,0,0,3,564,7,0,0,1,0,0,0.0,0.0,0.0,0.0,0.0,0.0
제4대,이한빈,재무부예산국장,"","","","",2,0,0,0,0,0,38,5167,2,0,0,0,0,0,3.87,0.0,0.0,0.0,0.0,0.0
제4대,지창하,체신부경리국장,"","","","",3,0,0,0,0,0,19,1116,2,0,0,0,0,0,26.88,0.0,0.0,0.0,0.0,0.0
제3대,통령,"","","","","",0,0,0,0,0,0,1,40,0,0,0,0,0,0,0.0,0.0,0.0,0.0,0.0,0.0
제헌,빅윤원,의원,"","","","",0,0,0,0,0,0,1,230,0,0,0,0,0,0,0.0,0.0,0.0,0.0,0.0,0.0
제4대,하태환,위원장,자유당,경북 포항,"",재선,0,0,0,0,0,0,265,7612,0,0,0,1,0,0,0.0,0.0,0.0,0.0,0.0,0.0
제4대,김봉준,증인,"","","","",0,0,0,0,0,0,21,790,0,0,0,0,0,0,0.0,0.0,0.0,0.0,0.0,0.0
제4대,정순조,증인,"","","","",0,0,0,0,0,0,11,160,0,0,0,0,0,0,0.0,0.0,0.0,0.0,0.0,0.0
제2대,소선규,상공위원장,민주국민당,전북 익산갑,"",4선,1,2,0,0,0,2,87,16203,2,7,4,1,0,1,0.62,1.23,0.0,0.0,0.0,1.23
제3대,최순주,의원,자유당,충북 영동,"",초선,0,0,0,0,0,0,12,5291,1,2,0,0,1,1,0.0,0.0,0.0,0.0,0.0,0.0
제3대,조병옥,위원,민주국민당,경북 대구시을,"",재선,0,0,0,0,0,0,2,646,5,6,7,0,0,0,0.0,0.0,0.0,0.0,0.0,0.0
제2대,조봉안,부의장,"","","","",0,0,0,0,0,0,3,13,0,0,0,0,0,0,0.0,0.0,0.0,0.0,0.0,0.0
제4대,민한식,내무부토목국장,"","","","",22,0,0,0,0,0,20,4759,4,0,0,0,0,0,46.23,0.0,0.0,0.0,0.0,0.0
제4대,최규남,위원,자유당,서울 서대문구을,"",초선,0,0,0,0,0,0,7,763,3,0,0,0,0,0,0.0,0.0,0.0,0.0,0.0,0.0
제4대,저희들이,육군본부인사국장,"","","","",0,0,0,0,0,0,1,38,0,0,0,0,0,0,0.0,0.0,0.0,0.0,0.0,0.0
제4대,북한에서,공군작전참모부장,"","","","",0,0,0,0,0,0,1,45,0,0,0,0,0,0,0.0,0.0,0.0,0.0,0.0,0.0
제4대,김정권,육군본부정보국장,"","","","",3,0,0,0,0,0,24,413,1,0,0,0,0,0,72.64,0.0,0.0,0.0,0.0,0.0
제4대,이것이,해병대사령부군수국장,"","","","",0,0,0,0,0,0,1,10,0,0,0,0,0,0,0.0,0.0,0.0,0.0,0.0,0.0
제2대,김정기,의원,무소속,전남 승주,"",초선,0,0,0,0,0,0,8,1524,0,0,0,0,0,0,0.0,0.0,0.0,0.0,0.0,0.0
제3대,이익흥,내무장관,"","","","",0,0,0,0,0,0,3,58,2,0,1,0,0,1,0.0,0.0,0.0,0.0,0.0,0.0
제3대,황성수,위원,자유당,전남 보성군,"",4선,0,0,0,0,0,0,1,370,1,0,2,0,0,1,0.0,0.0,0.0,0.0,0.0,0.0
제3대,박천일,검찰국장,"","","","",0,1,0,0,0,0,1,536,0,1,0,0,0,0,0.0,18.66,0.0,0.0,0.0,0.0
제헌,조한백,위원,무소속,전북 김제갑,"",4선,0,0,0,0,0,0,6,449,8,0,3,0,1,0,0.0,0.0,0.0,0.0,0.0,0.0
제4대,이형모,위원,자유당,전남 승주,"",재선,4,4,0,0,1,2,227,24846,7,3,0,0,1,2,1.61,1.61,0.0,0.0,0.4,0.8
제4대,홍순희,위원,민주당,전북 고창을,"",초선,0,0,0,0,0,0,11,6603,0,0,0,0,0,0,0.0,0.0,0.0,0.0,0.0,0.0
제3대,지금제가,농지관리국장,"","","","",0,0,0,0,0,0,1,2,0,0,0,0,0,0,0.0,0.0,0.0,0.0,0.0,0.0
제4대,최인규,내무부장관,자유당,경기 광주,"",초선,11,0,0,0,0,0,168,41169,9,0,0,0,0,0,2.67,0.0,0.0,0.0,0.0,0.0
제4대,박세경,"",자유당,전북 임실,"",재선,0,0,0,0,0,0,2,40,3,3,0,0,0,1,0.0,0.0,0.0,0.0,0.0,0.0
제헌,박경우,의원,"","","","",0,0,0,0,0,0,1,1,0,0,0,0,0,0,0.0,0.0,0.0,0.0,0.0,0.0
제4대,금년도에,해병대사령부인사국장,"","","","",0,0,0,0,0,0,1,20,0,0,0,0,0,0,0.0,0.0,0.0,0.0,0.0,0.0
제4대,정의필,문교부보통교육국장,"","","","",0,1,0,0,0,0,7,878,0,1,0,0,0,0,0.0,11.39,0.0,0.0,0.0,0.0
제4대,어디를,육군본부군수국장,"","","","",0,0,0,0,0,0,1,57,0,0,0,0,0,0,0.0,0.0,0.0,0.0,0.0,0.0
제4대,김재위,위원,자유당,경남 산청군,"",재선,12,0,0,0,0,0,63,3509,2,0,0,0,0,0,34.2,0.0,0.0,0.0,0.0,0.0
제2대,김준연,법무부장관,"","","","",0,0,0,0,0,0,2,1020,0,0,0,0,0,0,0.0,0.0,0.0,0.0,0.0,0.0
제3대,김동욱,위원,무소속,경남 부산정,"",3선,2,1,0,0,0,0,29,3119,5,4,0,0,0,0,6.41,3.21,0.0,0.0,0.0,0.0
제3대,조병문,"",자유당,전남 진도군,"",재선,0,0,0,0,0,0,1,26,10,2,1,0,0,0,0.0,0.0,0.0,0.0,0.0,0.0
제4대,이영언,위원장,자유당,"경남 부산시,영도갑","",재선,0,0,0,2,0,0,138,1642,0,0,0,2,0,0,0.0,0.0,0.0,12.18,0.0,0.0
제3대,오형근,위원,자유당,경기 가평,"",초선,0,0,0,0,0,0,13,923,0,0,0,0,0,0,0.0,0.0,0.0,0.0,0.0,0.0
제2대,윤성순,교통부장관,무소속,경기 포천,"",3선,6,0,0,0,0,0,15,5519,5,0,0,0,0,1,10.87,0.0,0.0,0.0,0.0,0.0
제3대,조순,의원,자유당,전남 곡성군,"",3선,1,0,0,0,0,0,103,15867,7,3,2,0,0,0,0.63,0.0,0.0,0.0,0.0,0.0
제헌,신현돈,의원,대한독립촉성국민회,전북 무주,"",재선,2,0,0,0,0,0,59,8506,2,0,0,0,0,0,2.35,0.0,0.0,0.0,0.0,0.0
제3대,현석호,의원,자유당,경북 예천군,"",재선,7,0,0,10,0,3,84,74343,6,1,1,1,0,2,0.94,0.0,0.0,1.35,0.0,0.4
제4대,윤재근,위원,무소속,경기 강화군,"",4선,1,1,0,0,0,0,77,6829,1,1,0,0,0,0,1.46,1.46,0.0,0.0,0.0,0.0
제2대,상환기한,"","","","","",0,0,0,0,0,0,1,2,0,0,0,0,0,0,0.0,0.0,0.0,0.0,0.0,0.0
제3대,오형근,의원,자유당,경기 가평,"",초선,0,0,0,0,0,0,1,149,0,0,0,0,0,0,0.0,0.0,0.0,0.0,0.0,0.0
제4대,강영훈,육군본부관리부장,민주당,경기 양주갑,"",재선,3,0,0,0,0,0,51,1946,12,0,5,0,1,1,15.42,0.0,0.0,0.0,0.0,0.0
제2대,조봉암그,부의장,"","","","",0,0,0,0,0,0,1,12,0,0,0,0,0,0,0.0,0.0,0.0,0.0,0.0,0.0
제4대,박세경,위원장,자유당,전북 임실,"",재선,0,0,0,0,0,0,90,3002,3,3,0,0,0,1,0.0,0.0,0.0,0.0,0.0,0.0
제헌,박우경,위원,무소속,충북 영동,"",초선,1,0,0,0,0,0,1,553,3,0,1,0,0,1,18.08,0.0,0.0,0.0,0.0,0.0
제4대,구흥남,의원,자유당,전남 화순,"",재선,0,0,0,0,0,0,10,4107,7,0,0,1,0,0,0.0,0.0,0.0,0.0,0.0,0.0
제헌,김우삭,의원,"","","","",0,0,0,0,0,0,1,1,0,0,0,0,0,0,0.0,0.0,0.0,0.0,0.0,0.0
제헌,최창섭,의원,무소속,경남 합천을,"",3선,0,0,0,0,0,0,43,859,0,0,0,0,0,0,0.0,0.0,0.0,0.0,0.0,0.0
제2대,윤길중,문교위원장,무소속,강원 원주,"",6선,0,0,0,0,0,0,1,174,7,2,4,0,0,0,0.0,0.0,0.0,0.0,0.0,0.0
제4대,나용균,의원,민주당,전북 정읍군갑,"",4선,0,0,0,0,0,0,3,2427,0,0,0,0,0,0,0.0,0.0,0.0,0.0,0.0,0.0
제4대,박병권,위원,"","","","",0,0,0,0,0,0,1,6,0,0,0,0,0,0,0.0,0.0,0.0,0.0,0.0,0.0
제4대,최창섭,의원,자유당,경남 합천군을,"",3선,0,0,0,0,0,0,6,461,0,0,0,0,0,0,0.0,0.0,0.0,0.0,0.0,0.0
제4대,황숙현,의원,자유당,전남 광양,"",초선,0,0,0,0,0,0,2,1443,6,1,0,0,0,1,0.0,0.0,0.0,0.0,0.0,0.0
제4대,박순석,내무위원장,자유당,경북 영일갑,"",3선,0,0,0,0,0,0,3,1255,0,1,0,0,0,0,0.0,0.0,0.0,0.0,0.0,0.0
제4대,정현팔,증인,"","","","",0,0,0,0,0,0,12,482,0,0,0,0,0,0,0.0,0.0,0.0,0.0,0.0,0.0
제헌,김영동,교통체신위원장,무소속,전북 고창갑,"",초선,0,0,0,0,0,0,20,1962,3,0,3,0,0,0,0.0,0.0,0.0,0.0,0.0,0.0
제헌,김교현,의원,무소속,충북 보은,"",초선,0,1,0,0,0,0,53,9033,0,1,0,0,0,0,0.0,1.11,0.0,0.0,0.0,0.0
제2대,곽상훈,전원위원장,무소속,경기 인천시을,"",5선,0,0,0,0,0,0,3,573,1,0,2,0,0,0,0.0,0.0,0.0,0.0,0.0,0.0
제4대,수행,"","","","","",0,0,0,0,0,0,4,40,0,0,0,0,0,0,0.0,0.0,0.0,0.0,0.0,0.0
제4대,손석래,증인,"","","","",0,0,0,0,0,0,190,2170,0,0,0,0,0,0,0.0,0.0,0.0,0.0,0.0,0.0
제3대,김재황,위원,무소속,서울 성동구을,"",초선,0,0,0,0,0,0,3,483,1,0,0,0,0,0,0.0,0.0,0.0,0.0,0.0,0.0
제3대,이충환,의원,자유당,충북 진천군,"",6선,28,3,0,0,0,0,188,92422,24,8,1,1,0,3,3.03,0.32,0.0,0.0,0.0,0.0
제4대,저희들이,공군작전참모부장,"","","","",0,0,0,0,0,0,1,27,0,0,0,0,0,0,0.0,0.0,0.0,0.0,0.0,0.0
제4대,오길영,교통부자재국장,"","","","",0,0,0,0,0,0,1,24,0,0,0,0,0,0,0.0,0.0,0.0,0.0,0.0,0.0
제4대,의가사제,육군본부인사국장,"","","","",0,0,0,0,0,0,1,38,0,0,0,0,0,0,0.0,0.0,0.0,0.0,0.0,0.0
제3대,정상열,의원,자유당,충남 대전,"",초선,0,0,0,0,0,0,5,4652,5,2,0,0,0,0,0.0,0.0,0.0,0.0,0.0,0.0
제3대,임차주,의원,자유당,전북 순창군,"",3선,7,1,0,0,0,0,6,5004,1,1,0,0,0,0,13.99,2.0,0.0,0.0,0.0,0.0
제2대,윤택중,문교사회위원장,민주국민당,전북 익산을,"",3선,0,0,0,0,0,0,1,221,0,0,2,0,0,0,0.0,0.0,0.0,0.0,0.0,0.0
제4대,참모장,"","","","","",0,0,0,0,0,0,2,16,0,0,0,0,0,0,0.0,0.0,0.0,0.0,0.0,0.0
제4대,김삭,위원,민주당,전남 무안병,"",초선,1,0,0,0,0,0,15,2105,1,0,0,0,0,0,4.75,0.0,0.0,0.0,0.0,0.0
제4대,저희들이,해병대사령부군수국장,"","","","",0,0,0,0,0,0,1,79,0,0,0,0,0,0,0.0,0.0,0.0,0.0,0.0,0.0
제4대,김찬현,위원,"","","","",0,0,0,0,0,0,1,248,0,0,0,0,0,0,0.0,0.0,0.0,0.0,0.0,0.0
제3대,김동욱,의원,무소속,경남 부산정,"",3선,6,11,0,0,0,0,83,43819,5,4,0,0,0,0,1.37,2.51,0.0,0.0,0.0,0.0
제4대,"",교통부자재국장,"","","","",3,0,0,0,0,0,36,1338,138,25,25,10,3,18,22.42,0.0,0.0,0.0,0.0,0.0
제4대,권오종,위원,민주당,경북 안동갑,"",재선,21,0,0,0,0,0,138,7296,5,0,0,0,0,0,28.78,0.0,0.0,0.0,0.0,0.0
제2대,김봉조,"",무소속,경북 청송,"",재선,0,0,0,0,0,0,1,27,1,0,0,0,0,0,0.0,0.0,0.0,0.0,0.0,0.0
제4대,정규상,상공분과위원장,자유당,강원 영월,"",재선,0,0,0,0,0,0,1,675,3,0,0,0,0,2,0.0,0.0,0.0,0.0,0.0,0.0
제3대,역시,"","","","","",0,0,0,0,0,0,1,103,0,0,0,0,0,0,0.0,0.0,0.0,0.0,0.0,0.0
제헌,이영준,"",한국민주당,서울 동대문구을,"",4선,0,0,0,0,0,0,1,667,9,0,6,0,1,1,0.0,0.0,0.0,0.0,0.0,0.0
제3대,안정근,재무부세관국장,"","","","",0,0,0,0,0,0,6,340,1,0,0,0,0,0,0.0,0.0,0.0,0.0,0.0,0.0
제4대,제대증을,육군본부인사국장,"","","","",0,0,0,0,0,0,1,39,0,0,0,0,0,0,0.0,0.0,0.0,0.0,0.0,0.0
제3대,강인택,감찰위원장,"","","","",0,0,0,0,0,0,2,426,0,0,0,0,0,0,0.0,0.0,0.0,0.0,0.0,0.0
제4대,김서일,상공부특허국장,"","","","",2,1,0,0,0,0,3,1048,1,1,0,0,0,0,19.08,9.54,0.0,0.0,0.0,0.0
제4대,정문흠,위원,자유당,경북 봉화군,"",3선,0,0,0,0,0,0,8,458,0,0,0,0,0,0,0.0,0.0,0.0,0.0,0.0,0.0
제4대,된장,육군본부군수국장,"","","","",1,0,0,0,0,0,1,122,1,0,0,0,0,0,81.97,0.0,0.0,0.0,0.0,0.0
제4대,강정규,증인,"","","","",1,0,0,0,0,0,28,673,1,0,0,0,0,0,14.86,0.0,0.0,0.0,0.0,0.0
제4대,김창우,한국운수외자부장,"","","","",0,0,0,0,0,0,1,62,0,0,1,0,0,0,0.0,0.0,0.0,0.0,0.0,0.0
제3대,관한,"","","","","",0,0,0,0,0,0,1,20,0,0,0,0,0,0,0.0,0.0,0.0,0.0,0.0,0.0
제3대,황경수,수해대책위원장,자유당,경기 평택,"",초선,0,0,0,0,0,0,4,786,3,6,1,0,0,0,0.0,0.0,0.0,0.0,0.0,0.0
제헌,백관수,법제사법분과위원장,한국민주당,전북 고창을,"",초선,4,0,0,0,0,0,1,1655,6,0,0,0,1,4,24.17,0.0,0.0,0.0,0.0,0.0
제2대,주영공사,"","","","","",0,0,0,0,0,0,1,803,0,0,0,0,0,0,0.0,0.0,0.0,0.0,0.0,0.0
제2대,장흥,병무국장,"","","","",0,0,0,0,0,0,1,299,0,0,0,0,0,0,0.0,0.0,0.0,0.0,0.0,0.0
제3대,김재황,의원,무소속,서울 성동구을,"",초선,3,0,0,0,0,0,15,12328,1,0,0,0,0,0,2.43,0.0,0.0,0.0,0.0,0.0
제헌,김상돈,특별조사위부위원장,무소속,서울 마포구,"",4선,8,0,0,0,0,0,1,2179,1,0,1,0,0,3,36.71,0.0,0.0,0.0,0.0,0.0
제3대,박도언,농림부농정국장,"","","","",0,0,0,0,0,0,1,149,1,0,0,0,0,0,0.0,0.0,0.0,0.0,0.0,0.0
제4대,손석두,의원,자유당,전남 장흥,"",재선,0,2,0,0,0,0,2,1655,2,4,0,0,0,0,0.0,12.08,0.0,0.0,0.0,0.0
제3대,송우범,국방위원장,자유당,충남 대덕,"",초선,0,0,0,0,0,0,2,311,0,0,0,0,0,0,0.0,0.0,0.0,0.0,0.0,0.0
제4대,박흥규,의원,자유당,전남 광주병,"",재선,0,0,0,0,0,0,1,113,5,1,1,0,0,0,0.0,0.0,0.0,0.0,0.0,0.0
제4대,행정근무,육군본부군수국장,"","","","",0,0,0,0,0,0,1,119,0,0,0,0,0,0,0.0,0.0,0.0,0.0,0.0,0.0
제2대,서상권,법무부장관,"","","","",0,0,0,0,0,0,3,420,0,0,0,0,0,0,0.0,0.0,0.0,0.0,0.0,0.0
제4대,최병환,내무부지방국장,"","","","",0,1,0,0,0,0,19,5201,0,1,0,0,0,0,0.0,1.92,0.0,0.0,0.0,0.0
제2대,윤영선,농림부장관,민주국민당,전남 해남갑,"",초선,0,0,0,0,0,0,1,310,0,1,1,0,0,0,0.0,0.0,0.0,0.0,0.0,0.0
제3대,김선택,위원,"","","","",0,0,0,0,0,0,1,171,0,0,0,0,0,0,0.0,0.0,0.0,0.0,0.0,0.0
제3대,강종무,농림부농지관리국장,"","","","",0,0,0,0,0,0,8,704,0,0,0,0,0,0,0.0,0.0,0.0,0.0,0.0,0.0
제헌,이만근,의원,무소속,충북 청원을,"",초선,0,0,0,0,0,0,2,2,0,0,0,0,0,0,0.0,0.0,0.0,0.0,0.0,0.0
제헌,권태의,의원,"","","","",0,0,0,0,0,0,1,119,0,0,0,0,0,0,0.0,0.0,0.0,0.0,0.0,0.0
제4대,주로,해병대사령부군수국장,"","","","",0,0,0,0,0,0,1,43,0,0,0,0,0,0,0.0,0.0,0.0,0.0,0.0,0.0
제4대,이성주,"",자유당,경기 고양,"",초선,0,0,0,0,0,0,1,51,4,1,0,0,0,0,0.0,0.0,0.0,0.0,0.0,0.0
제3대,우리나라,"","","","","",0,0,0,0,0,0,1,43,0,0,0,0,0,0,0.0,0.0,0.0,0.0,0.0,0.0
제2대,김익로,의원,"","","","",0,0,0,0,0,0,55,7686,0,0,0,0,0,0,0.0,0.0,0.0,0.0,0.0,0.0
제헌,이영준,문교사회위원회위원장,한국민주당,서울 동대문구을,"",4선,0,0,0,0,0,0,1,42,9,0,6,0,1,1,0.0,0.0,0.0,0.0,0.0,0.0
제4대,김준연,위원,통일당,전남 영암군,"",5선,0,0,0,1,0,0,22,1821,0,0,0,1,0,0,0.0,0.0,0.0,5.49,0.0,0.0
제4대,김송환,상공부전기국장,"","","","",0,0,0,0,0,0,3,686,0,1,0,0,0,0,0.0,0.0,0.0,0.0,0.0,0.0
제헌,정준의원,"","","","","",0,0,0,0,0,0,3,19,0,0,0,0,0,0,0.0,0.0,0.0,0.0,0.0,0.0
제4대,최세황,국방부장관,"","","","",0,0,0,0,0,0,1,169,0,0,0,0,0,0,0.0,0.0,0.0,0.0,0.0,0.0
제헌,이병관,의원,무소속,경북 김천을,"",초선,0,0,0,0,0,0,18,3405,1,0,0,0,0,0,0.0,0.0,0.0,0.0,0.0,0.0
제3대,최순주,부의장,자유당,충북 영동,"",초선,5,106,0,0,1,1,798,31376,1,2,0,0,1,1,1.59,33.78,0.0,0.0,0.32,0.32
제헌,정구삼,의원,대한독립촉성국민회,충북 옥천,"",초선,0,0,0,0,0,0,13,237,0,0,0,0,0,0,0.0,0.0,0.0,0.0,0.0,0.0
제4대,"",부흥위원장,"","","","",0,0,0,0,0,0,1,349,138,25,25,10,3,18,0.0,0.0,0.0,0.0,0.0,0.0
제3대,임흥순,위원,무소속,서울 성동구갑,"",재선,0,0,0,0,0,0,9,1061,0,0,0,0,0,0,0.0,0.0,0.0,0.0,0.0,0.0
제4대,이재곤,체신부전무국장,"","","","",0,0,0,0,0,0,2,103,0,0,0,0,0,0,0.0,0.0,0.0,0.0,0.0,0.0
제4대,이정희,의원,자유당,경북 영주군,"",재선,0,0,0,0,0,0,1,165,0,0,0,0,0,0,0.0,0.0,0.0,0.0,0.0,0.0
제3대,오재영,위원,무소속,경기 안성,"",재선,0,0,0,0,0,0,1,200,0,0,0,0,0,0,0.0,0.0,0.0,0.0,0.0,0.0
제4대,이우용,해군본부경리국장,"","","","",0,0,0,0,0,0,12,466,0,0,0,0,0,0,0.0,0.0,0.0,0.0,0.0,0.0
제2대,이석기,내무부위원장,무소속,충남 부여갑,"",3선,0,0,0,0,0,0,1,675,3,1,0,0,0,0,0.0,0.0,0.0,0.0,0.0,0.0
제3대,백재홍,의원,"","","","",0,0,0,0,0,0,1,212,0,0,0,0,0,0,0.0,0.0,0.0,0.0,0.0,0.0
제3대,없읍니다,"","","","","",0,0,0,0,0,0,1,29,0,0,0,0,0,0,0.0,0.0,0.0,0.0,0.0,0.0
제2대,김택천,의원,무소속,경남 울산을,"",초선,0,0,0,0,0,0,1,1,0,0,0,0,0,0,0.0,0.0,0.0,0.0,0.0,0.0
제4대,김응순,해무청해운국장,"","","","",0,0,0,0,0,0,3,220,0,0,0,0,0,0,0.0,0.0,0.0,0.0,0.0,0.0
제헌,노진설,선거위원회위원장,"","","","",0,0,0,0,0,0,3,232,0,0,0,0,0,0,0.0,0.0,0.0,0.0,0.0,0.0
제4대,나상근,위원,자유당,강원 인제,"",초선,5,0,0,0,0,0,69,6936,4,0,1,0,0,0,7.21,0.0,0.0,0.0,0.0,0.0
제4대,의사과장,"","","","","",0,0,0,2,0,0,12,3522,0,0,0,1,0,0,0.0,0.0,0.0,5.68,0.0,0.0
제3대,오재영,의원,무소속,경기 안성,"",재선,0,0,0,0,0,0,3,2351,0,0,0,0,0,0,0.0,0.0,0.0,0.0,0.0,0.0
제4대,김병주,교통부자재국장,"","","","",0,0,0,0,0,0,1,19,0,0,0,0,0,0,0.0,0.0,0.0,0.0,0.0,0.0
제4대,이번에,육군본부총무국장,"","","","",0,0,0,0,0,0,1,51,0,0,0,0,0,0,0.0,0.0,0.0,0.0,0.0,0.0
제3대,해서는,"","","","","",0,0,0,0,0,0,1,70,0,0,0,0,0,0,0.0,0.0,0.0,0.0,0.0,0.0
제4대,정준모,의원,자유당,전북 장수,"",재선,0,2,0,0,0,0,1,850,5,3,3,0,0,0,0.0,23.53,0.0,0.0,0.0,0.0
제2대,이한창,의원,자유당,전남 구례,"",초선,0,0,0,0,0,0,6,3799,0,0,0,0,0,0,0.0,0.0,0.0,0.0,0.0,0.0
제3대,김만기,재무부사세국장,"","","","",0,14,0,0,0,0,21,2222,1,5,0,0,0,0,0.0,63.01,0.0,0.0,0.0,0.0
제4대,이성주,운영위원장,자유당,경기 고양,"",초선,0,0,0,0,0,0,9,1304,4,1,0,0,0,0,0.0,0.0,0.0,0.0,0.0,0.0
제헌,김유택,재무부장관,"","","","",0,0,0,0,0,0,1,522,0,0,0,0,0,0,0.0,0.0,0.0,0.0,0.0,0.0
제3대,사령,"","","","","",0,0,0,0,0,0,1,1,0,0,0,0,0,0,0.0,0.0,0.0,0.0,0.0,0.0
제4대,연참에서,공군작전참모부장,"","","","",0,0,0,0,0,0,1,4,0,0,0,0,0,0,0.0,0.0,0.0,0.0,0.0,0.0
제4대,강태호,증인,"","","","",0,0,0,0,0,0,17,1127,0,0,0,0,0,0,0.0,0.0,0.0,0.0,0.0,0.0
제헌,박현욱,총무국장,"","","","",0,0,0,0,0,0,1,8,0,0,0,0,0,0,0.0,0.0,0.0,0.0,0.0,0.0
제3대,오임근,재무부예산국장,"","","","",4,1,0,0,0,0,110,11739,5,2,0,0,0,0,3.41,0.85,0.0,0.0,0.0,0.0
제4대,박순석,위원장,자유당,경북 영일갑,"",3선,0,0,0,0,0,0,134,2204,0,1,0,0,0,0,0.0,0.0,0.0,0.0,0.0,0.0
제3대,한은총재,"","","","","",0,0,0,0,0,0,1,2411,0,0,0,0,0,0,0.0,0.0,0.0,0.0,0.0,0.0
제3대,정명섭,"",자유당,전남 나주군을,"",3선,0,0,0,0,0,0,1,125,5,0,3,0,0,0,0.0,0.0,0.0,0.0,0.0,0.0
제3대,손석두,의원,자유당,전남 장흥군,"",재선,0,0,0,0,0,0,1,1717,0,0,0,0,0,0,0.0,0.0,0.0,0.0,0.0,0.0
제헌,권승렬,정부위원,"","","","",0,0,0,0,0,0,3,1333,0,0,0,0,0,1,0.0,0.0,0.0,0.0,0.0,0.0
제3대,"",위원,"","","","",0,0,0,0,0,0,1,57,94,35,22,8,8,20,0.0,0.0,0.0,0.0,0.0,0.0
제3대,상공부장,상공부장,"","","","",0,0,0,0,0,0,1,1,0,0,0,0,0,0,0.0,0.0,0.0,0.0,0.0,0.0
제4대,김익기,"",자유당,경북 안동을,"",5선,0,0,0,0,0,0,1,26,0,0,0,0,0,0,0.0,0.0,0.0,0.0,0.0,0.0
제4대,김형돈,위원,자유당,경남 창원갑,"",초선,1,0,0,0,0,0,60,4380,1,0,0,0,0,0,2.28,0.0,0.0,0.0,0.0,0.0
제헌,"",부의장,"","","","",0,0,0,0,0,0,29,411,35,14,13,1,8,13,0.0,0.0,0.0,0.0,0.0,0.0
제4대,박영두,증인,"","","","",0,0,0,0,1,0,38,2992,0,0,0,0,1,0,0.0,0.0,0.0,0.0,3.34,0.0
제헌,배헌의원,"","","","","",0,0,0,0,0,0,1,11,0,0,0,0,0,0,0.0,0.0,0.0,0.0,0.0,0.0
제헌,이상학,의원,"","","","",0,0,0,0,0,0,2,2,0,0,0,0,0,0,0.0,0.0,0.0,0.0,0.0,0.0
제3대,이영언,의원,자유당,경남 부산시무,"",재선,0,0,0,0,0,0,2,1149,0,0,0,0,0,2,0.0,0.0,0.0,0.0,0.0,0.0
제헌,장택상,외무부장관,"","","","",0,0,0,0,0,3,16,3833,0,0,0,0,0,1,0.0,0.0,0.0,0.0,0.0,7.83
제헌,주기용,위원,무소속,경남 창원을,"",초선,0,0,0,0,0,0,1,1,4,0,2,1,1,0,0.0,0.0,0.0,0.0,0.0,0.0
제3대,김의준,위원,무소속,경기 여주군,"",3선,0,0,0,0,0,0,11,2076,1,0,1,1,0,0,0.0,0.0,0.0,0.0,0.0,0.0
제4대,안용대,위원,무소속,경북 경주,"",재선,2,17,0,0,0,6,42,8918,2,4,0,0,0,2,2.24,19.06,0.0,0.0,0.0,6.73
제4대,김성탁,위원,자유당,경남 울산군을,"",초선,12,0,0,0,0,0,7,2488,3,0,0,0,0,0,48.23,0.0,0.0,0.0,0.0,0.0
제헌,검찰총장,"","","","","",2,0,0,0,0,0,12,6674,1,0,0,0,0,0,3.0,0.0,0.0,0.0,0.0,0.0
제4대,구태회,의원,자유당,경남 진양,"",6선,1,0,0,0,0,0,4,1783,2,2,0,0,0,0,5.61,0.0,0.0,0.0,0.0,0.0
제4대,전효섭,상공부광업국장,"","","","",0,0,0,0,0,0,1,350,3,0,0,0,0,0,0.0,0.0,0.0,0.0,0.0,0.0
제2대,박영출,사회보건위원회위원장,대한국민당,경북 의성갑,"",재선,0,0,0,0,0,0,1,38,8,3,4,1,0,3,0.0,0.0,0.0,0.0,0.0,0.0
제헌,장희창,재무부장관,"","","","",0,0,0,0,0,0,1,31,0,0,0,0,0,0,0.0,0.0,0.0,0.0,0.0,0.0
제3대,신두영,국무원사무국장,"","","","",11,0,0,0,0,0,10,3849,1,0,0,0,0,0,28.58,0.0,0.0,0.0,0.0,0.0
제4대,김윤기,국회의사당현상설계도안심사위원장,"","","","",0,0,0,0,0,0,3,375,2,0,0,0,0,0,0.0,0.0,0.0,0.0,0.0,0.0
제2대,해서,"","","","","",0,0,0,0,0,0,1,11,0,0,0,0,0,0,0.0,0.0,0.0,0.0,0.0,0.0
제2대,조봉임,부의장,"","","","",0,0,0,0,0,0,1,77,0,0,0,0,0,0,0.0,0.0,0.0,0.0,0.0,0.0
제4대,장택상,위원,무소속,경북 칠곡군,"",4선,4,0,0,0,0,0,60,7383,2,0,0,0,0,0,5.42,0.0,0.0,0.0,0.0,0.0
제헌,송창식,의원,대한독립촉성국민회,경기 이천,"",초선,9,67,0,0,0,0,33,10255,3,3,0,0,0,0,8.78,65.33,0.0,0.0,0.0,0.0
제3대,"",외무장관,"","","","",0,0,0,0,0,0,2,480,94,35,22,8,8,20,0.0,0.0,0.0,0.0,0.0,0.0
제3대,의사일정,"","","","","",0,0,0,0,0,0,1,158,0,0,0,0,0,0,0.0,0.0,0.0,0.0,0.0,0.0
제2대,의자,"","","","","",0,0,0,0,0,0,1,28,0,0,0,0,0,0,0.0,0.0,0.0,0.0,0.0,0.0
제4대,"",육군본부총무국장,"","","","",0,0,0,0,0,0,1,5,138,25,25,10,3,18,0.0,0.0,0.0,0.0,0.0,0.0
제3대,김준환,관재국장,"","","","",1,0,0,0,0,0,32,2071,1,0,0,0,0,0,4.83,0.0,0.0,0.0,0.0,0.0
제3대,파면건의,"","","","","",0,0,0,0,0,0,1,215,0,0,0,0,0,0,0.0,0.0,0.0,0.0,0.0,0.0
제3대,김종규,위원,자유당,경기 양주갑,"",초선,0,0,0,0,0,0,1,13,0,1,0,0,0,0,0.0,0.0,0.0,0.0,0.0,0.0
제헌,대리,법제사법위원장,"","","","",0,0,0,0,0,0,1,1239,0,0,0,0,0,0,0.0,0.0,0.0,0.0,0.0,0.0
제3대,홍창섭,농림위원장,자유당,강원 춘천,"",4선,10,1,0,0,0,0,84,37086,5,1,1,0,0,0,2.7,0.27,0.0,0.0,0.0,0.0
제4대,이영희,위원장,자유당,경남 의령,"",재선,0,0,0,0,0,0,297,4557,8,3,1,0,0,0,0.0,0.0,0.0,0.0,0.0,0.0
제2대,"",내무부장관,"","","","",0,0,0,0,0,0,2,1117,58,37,45,2,4,13,0.0,0.0,0.0,0.0,0.0,0.0
제3대,이기붕,의원,자유당,서울 서대문구을,"",재선,0,0,0,0,0,0,10,2351,4,1,4,0,0,1,0.0,0.0,0.0,0.0,0.0,0.0
제헌,신방현,의원,무소속,충남 공주을,"",초선,0,0,0,0,0,0,26,727,0,0,0,0,0,0,0.0,0.0,0.0,0.0,0.0,0.0
제헌,육홍균,위원,대한독립촉성국민회,경북 선산,"",재선,0,0,0,0,0,0,2,172,0,0,1,0,0,0,0.0,0.0,0.0,0.0,0.0,0.0
제3대,박도언,양정국장,"","","","",0,0,0,0,0,0,4,177,1,0,0,0,0,0,0.0,0.0,0.0,0.0,0.0,0.0
제헌,김병주,의원,"","","","",0,0,0,0,0,0,3,179,0,0,0,0,0,0,0.0,0.0,0.0,0.0,0.0,0.0
제4대,여기에,국방부경리국장,"","","","",0,0,0,0,0,0,1,19,0,0,0,0,0,0,0.0,0.0,0.0,0.0,0.0,0.0
제4대,"",해병대사령부인사국장,"","","","",0,0,0,0,0,0,3,35,138,25,25,10,3,18,0.0,0.0,0.0,0.0,0.0,0.0
제3대,했니다읍,"","","","","",0,0,0,0,0,0,1,4,0,0,0,0,0,0,0.0,0.0,0.0,0.0,0.0,0.0
제2대,황성수,위원,무소속,서울 용산구갑,"",4선,0,0,0,0,0,0,1,13,4,0,1,0,0,5,0.0,0.0,0.0,0.0,0.0,0.0
제3대,김종신,위원,자유당,경남 마산,"",초선,3,0,0,0,0,1,48,6945,4,1,0,0,0,1,4.32,0.0,0.0,0.0,0.0,1.44
제4대,정영기,상공부광무국장,"","","","",0,0,0,0,0,0,7,975,0,0,0,0,0,0,0.0,0.0,0.0,0.0,0.0,0.0
제4대,신규식,"",자유당,전북 부안,"",재선,0,0,0,0,0,0,1,27,10,4,2,0,0,0,0.0,0.0,0.0,0.0,0.0,0.0
제4대,유용식,국방위원장,자유당,경기 양평,"",초선,0,0,0,0,0,0,4,1046,3,1,1,6,0,0,0.0,0.0,0.0,0.0,0.0,0.0
제2대,이병홍,의원,무소속,경남 산청,"",재선,0,0,0,0,0,0,12,6567,0,0,0,0,0,0,0.0,0.0,0.0,0.0,0.0,0.0
제4대,이상용,위원,자유당,"경남 부산시,서구갑","",초선,3,0,0,0,0,0,18,5121,3,1,0,0,0,1,5.86,0.0,0.0,0.0,0.0,0.0
제3대,김기철,의원,자유당,충북 충주,"",4선,0,0,0,0,0,0,7,3400,2,0,0,0,0,0,0.0,0.0,0.0,0.0,0.0,0.0
제4대,황호현,의원,무소속,강원 평창군,"",3선,0,1,0,0,0,0,4,6815,2,1,0,0,0,0,0.0,1.47,0.0,0.0,0.0,0.0
제3대,최병권,의원,자유당,경북 울릉군,"",재선,0,0,0,0,0,0,10,4798,3,3,0,0,0,0,0.0,0.0,0.0,0.0,0.0,0.0
제헌,김명인,의원,"","","","",0,0,0,0,0,0,2,289,0,0,0,0,0,0,0.0,0.0,0.0,0.0,0.0,0.0
제4대,서정귀,의원,민주당,경남 통영군,"",재선,4,29,0,0,0,0,8,9161,5,8,0,0,0,0,4.37,31.66,0.0,0.0,0.0,0.0
제4대,김영준,농림부산림국장,"","","","",21,1,0,0,0,2,28,11566,4,1,0,0,0,1,18.16,0.86,0.0,0.0,0.0,1.73
제4대,손재형,"",무소속,전남 진도군,"",재선,0,0,0,0,0,0,1,22,1,0,0,0,0,0,0.0,0.0,0.0,0.0,0.0,0.0
제3대,방면에,"","","","","",0,0,0,0,0,0,2,648,0,0,0,0,0,0,0.0,0.0,0.0,0.0,0.0,0.0
제4대,이형모,위원장,자유당,전남 승주,"",재선,3,0,0,0,0,1,336,6500,7,3,0,0,1,2,4.62,0.0,0.0,0.0,0.0,1.54
제2대,신태영,국방부장관,"","","","",1,0,0,0,0,0,21,6807,1,0,0,0,0,0,1.47,0.0,0.0,0.0,0.0,0.0
제3대,정성태,의원,무소속,전남 광주,"",6선,4,8,0,0,0,0,40,21063,1,2,0,0,0,0,1.9,3.8,0.0,0.0,0.0,0.0
제헌,차윤홍,의사국장,"","","","",1,0,0,0,0,0,219,25418,1,0,0,0,0,0,0.39,0.0,0.0,0.0,0.0,0.0
제헌,이영준,문교후생위원장,한국민주당,서울 동대문구을,"",4선,1,0,0,0,0,0,2,518,9,0,6,0,1,1,19.31,0.0,0.0,0.0,0.0,0.0
제3대,김춘호,의원,자유당,전북 이리,"",초선,4,4,0,0,0,1,89,23234,2,2,0,0,0,1,1.72,1.72,0.0,0.0,0.0,0.43
제3대,박순석,의원,자유당,경북 영일군갑,"",3선,4,0,0,0,0,0,92,19198,2,0,0,0,0,0,2.08,0.0,0.0,0.0,0.0,0.0
제4대,구태회,위원,자유당,경남 진양,"",6선,4,15,0,0,0,0,35,5934,2,2,0,0,0,0,6.74,25.28,0.0,0.0,0.0,0.0
제3대,소선규,위원,민주국민당,전북 익산갑,"",4선,2,28,0,0,0,0,128,26372,7,9,2,0,0,0,0.76,10.62,0.0,0.0,0.0,0.0
제2대,홍익표,"",무소속,경기 가평,"",6선,0,0,0,0,0,0,1,13,0,0,0,0,0,0,0.0,0.0,0.0,0.0,0.0,0.0
제3대,대단히죄,체신부경리국장,"","","","",0,0,0,0,0,0,1,31,0,0,0,0,0,0,0.0,0.0,0.0,0.0,0.0,0.0
제2대,김정실,법제사법위원장,무소속,경남 고성,"",초선,2,0,0,0,0,0,157,13272,3,0,3,0,0,1,1.51,0.0,0.0,0.0,0.0,0.0
제4대,김정기,위원,자유당,경남 남해,"",초선,0,0,0,0,0,0,2,296,0,0,0,0,0,0,0.0,0.0,0.0,0.0,0.0,0.0
제3대,이규성,공군본부군수국장,"","","","",0,0,0,0,0,0,1,184,0,0,0,0,0,0,0.0,0.0,0.0,0.0,0.0,0.0
제4대,박철웅,의원,자유당,전남 고흥군을,"",3선,0,3,0,1,0,1,6,1709,14,1,2,2,0,3,0.0,17.55,0.0,5.85,0.0,5.85
제3대,양일동,의원,무소속,전북 옥구,"",5선,1,5,0,0,0,0,164,40686,2,7,1,0,0,1,0.25,1.23,0.0,0.0,0.0,0.0
제헌,권승렬,법무부장관,"","","","",0,0,0,0,0,1,28,15432,0,0,0,0,0,1,0.0,0.0,0.0,0.0,0.0,0.65
제4대,"",해군본부인사국장,"","","","",0,0,0,0,0,0,1,22,138,25,25,10,3,18,0.0,0.0,0.0,0.0,0.0,0.0
제3대,권택상,재무부사세국장,"","","","",0,18,0,0,0,0,37,3216,0,3,0,0,0,0,0.0,55.97,0.0,0.0,0.0,0.0
제4대,류순식,위원,"","","","",31,0,0,0,0,0,255,15587,5,0,0,0,0,0,19.89,0.0,0.0,0.0,0.0,0.0
제3대,의원,의원,"","","","",0,0,0,0,0,0,1,48,0,0,0,0,0,0,0.0,0.0,0.0,0.0,0.0,0.0
제3대,유급,"","","","","",0,0,0,0,0,0,1,82,0,0,0,0,0,0,0.0,0.0,0.0,0.0,0.0,0.0
제4대,이재현,위원,무소속,경남 삼천포시,"",재선,0,0,0,0,0,0,9,3706,0,0,0,0,0,0,0.0,0.0,0.0,0.0,0.0,0.0
제4대,이것은,해병대사령부군수국장,"","","","",0,0,0,0,0,0,1,19,1,0,0,0,0,0,0.0,0.0,0.0,0.0,0.0,0.0
제3대,박기운,의원,제헌국회호헌동지회,충북 청주,"",3선,0,0,0,0,0,1,9,4841,0,0,0,0,0,1,0.0,0.0,0.0,0.0,0.0,2.07
제3대,참의원,의원,"","","","",0,0,0,0,0,0,1,4,0,0,0,0,0,0,0.0,0.0,0.0,0.0,0.0,0.0
제헌,"",의장,"","","","",0,0,0,0,0,2,51,881,35,14,13,1,8,13,0.0,0.0,0.0,0.0,0.0,22.7
제4대,홍진기,내무부장관,"","","","",0,0,0,0,0,0,13,2842,0,0,2,1,2,0,0.0,0.0,0.0,0.0,0.0,0.0
제헌,황병구,의원,"","","","",0,0,0,0,0,0,1,680,0,0,0,0,0,0,0.0,0.0,0.0,0.0,0.0,0.0
제2대,이상철,국회운영위원장,무소속,충남 청양,"",3선,0,0,0,0,0,0,1,1023,0,0,0,0,0,0,0.0,0.0,0.0,0.0,0.0,0.0
제2대,이종영,위원,대한독립촉성국민회,강원 정선,"",초선,0,0,0,0,0,0,3,1548,0,0,0,0,0,0,0.0,0.0,0.0,0.0,0.0,0.0
제2대,진헌식,내무부장관,"","","","",0,0,0,0,0,0,6,2416,0,0,0,0,0,0,0.0,0.0,0.0,0.0,0.0,0.0
제3대,함재훈,의원,자유당,강원 원주,"",재선,0,0,0,0,0,0,2,641,0,0,0,0,0,0,0.0,0.0,0.0,0.0,0.0,0.0
제4대,"",위원장,"","","","",2,0,0,4,0,0,1498,34467,138,25,25,10,3,18,0.58,0.0,0.0,1.16,0.0,0.0
제4대,김남학,증인,"","","","",0,0,0,0,0,0,1,8,0,0,0,0,0,0,0.0,0.0,0.0,0.0,0.0,0.0
제4대,구흥남,"",자유당,전남 화순,"",재선,0,0,0,0,0,0,1,22,7,0,0,1,0,0,0.0,0.0,0.0,0.0,0.0,0.0
제4대,최원구,증인,"","","","",0,0,0,0,0,0,14,807,0,0,0,0,0,0,0.0,0.0,0.0,0.0,0.0,0.0
제헌,김재학,의원,한국민주당,경남 통영갑,"",초선,2,0,0,0,0,0,124,8646,2,0,0,0,0,0,2.31,0.0,0.0,0.0,0.0,0.0
제2대,류덕천,의원,"","","","",0,0,0,0,0,0,1,369,0,0,0,0,0,0,0.0,0.0,0.0,0.0,0.0,0.0
제4대,손재형,문교위원장,무소속,전남 진도군,"",재선,0,0,0,0,0,0,11,2207,1,0,0,0,0,0,0.0,0.0,0.0,0.0,0.0,0.0
제2대,김상현,의원,무소속,전북 무주,"",재선,0,0,0,0,0,0,2,1251,0,0,0,0,0,0,0.0,0.0,0.0,0.0,0.0,0.0
제4대,이규성,공군본부경리국장,"","","","",4,0,0,0,0,0,12,935,2,0,0,0,0,0,42.78,0.0,0.0,0.0,0.0,0.0
제4대,김윤기,국회의사당건축설계도안심사위원장,"","","","",5,0,0,0,0,0,6,573,2,0,0,0,0,0,87.26,0.0,0.0,0.0,0.0,0.0
제2대,이순용,내무부장관,"","","","",1,0,0,0,0,0,13,3114,1,0,0,0,0,0,3.21,0.0,0.0,0.0,0.0,0.0
제3대,강승구,위원,무소속,경기 양주군을,"",3선,0,0,0,0,0,0,19,3670,1,3,2,0,0,0,0.0,0.0,0.0,0.0,0.0,0.0
제4대,김창옥,해병대군수국장,"","","","",0,0,0,0,0,0,1,80,0,0,0,0,0,0,0.0,0.0,0.0,0.0,0.0,0.0
제헌,이승만원,의장,"","","","",0,0,0,0,0,0,1,57,0,0,0,0,0,0,0.0,0.0,0.0,0.0,0.0,0.0
제2대,이규갑,문교사회위원장,대한국민당,충남 아산,"",초선,0,0,0,0,0,0,12,696,0,0,0,0,0,0,0.0,0.0,0.0,0.0,0.0,0.0
제3대,"",교통체신위원장,"","","","",6,0,0,0,0,0,6,1418,94,35,22,8,8,20,42.31,0.0,0.0,0.0,0.0,0.0
제3대,입니까,"","","","","",0,0,0,0,0,0,1,2,0,0,0,0,0,0,0.0,0.0,0.0,0.0,0.0,0.0
제헌,조봉암,농림부장관,무소속,경기 인천을,"",재선,1,0,0,0,0,0,74,30079,1,0,4,0,0,1,0.33,0.0,0.0,0.0,0.0,0.0
제3대,황성수,외무위원장,자유당,전남 보성군,"",4선,0,0,0,0,0,0,16,5674,1,0,2,0,0,1,0.0,0.0,0.0,0.0,0.0,0.0
제4대,권중돈,의원,민주당,경북 영천군을,"",5선,0,0,0,0,0,0,9,5870,3,0,0,0,0,1,0.0,0.0,0.0,0.0,0.0,0.0
제4대,조일환,의원,민주당,경북 대구시무,"",4선,0,0,0,0,0,0,8,2565,3,0,1,0,0,2,0.0,0.0,0.0,0.0,0.0,0.0
제헌,이호석,의원,무소속,경북 성주,"",초선,0,0,0,0,0,0,61,3645,0,0,0,0,0,0,0.0,0.0,0.0,0.0,0.0,0.0
제3대,이형모,위원,자유당,전남 승주,"",재선,0,5,0,0,0,0,155,16287,0,2,0,0,0,0,0.0,3.07,0.0,0.0,0.0,0.0
제4대,명단,증인,"","","","",0,0,0,0,0,0,4,91,0,0,0,0,0,0,0.0,0.0,0.0,0.0,0.0,0.0
제3대,정상열,위원,자유당,충남 대전,"",초선,8,5,0,0,0,0,123,20858,5,2,0,0,0,0,3.84,2.4,0.0,0.0,0.0,0.0
제3대,강경옥,의원,자유당,제주 남제주군,"",3선,0,0,0,0,0,2,39,13390,0,0,0,0,0,1,0.0,0.0,0.0,0.0,0.0,1.49
제4대,손문경,위원,자유당,전남 고흥갑,"",재선,2,0,0,0,0,0,52,2268,1,0,3,0,0,0,8.82,0.0,0.0,0.0,0.0,0.0
제2대,윤담,의원,대한독립촉성국민회,충남 논산을,"",3선,0,0,0,0,0,0,6,1232,0,0,0,0,0,0,0.0,0.0,0.0,0.0,0.0,0.0
제3대,강성태,상공부장관,"","","","",27,2,0,0,0,0,61,29116,8,1,0,0,0,0,9.27,0.69,0.0,0.0,0.0,0.0
제3대,윤우경,구황실재산관리국장,"","","","",0,0,0,0,0,1,3,841,1,0,0,0,0,1,0.0,0.0,0.0,0.0,0.0,11.89
제3대,구흥남,부흥분과위원장,자유당,전남 화순군,"",재선,0,0,0,0,0,0,1,337,3,0,1,0,0,1,0.0,0.0,0.0,0.0,0.0,0.0
제4대,사실은,육군본부인사국장,"","","","",0,0,0,0,0,0,1,109,0,0,0,0,0,0,0.0,0.0,0.0,0.0,0.0,0.0
제2대,김종회,외무국방위원장,무소속,충남 대덕,"",초선,0,0,0,0,0,0,1,443,7,0,3,0,0,0,0.0,0.0,0.0,0.0,0.0,0.0
제3대,김우동,의원,무소속,경북 선산군,"",재선,0,0,0,0,0,0,3,1224,0,0,0,0,0,0,0.0,0.0,0.0,0.0,0.0,0.0
제3대,박만원,재정경제위원장,자유당,경북 군위군,"",3선,13,353,0,0,0,2,227,54672,10,9,0,0,0,2,2.38,64.57,0.0,0.0,0.0,0.37
제4대,권택상,재무부사세국장,"","","","",1,41,0,0,0,0,80,9687,1,9,0,0,0,0,1.03,42.32,0.0,0.0,0.0,0.0
제3대,송우범,위원장,자유당,충남 대덕,"",초선,0,0,0,0,0,0,52,1592,0,0,0,0,0,0,0.0,0.0,0.0,0.0,0.0,0.0
제헌,이인,의원,무소속,서울 종로구을,"",3선,2,0,0,0,0,0,49,10104,4,0,1,1,2,0,1.98,0.0,0.0,0.0,0.0,0.0
제4대,홍익표,위원,민주당,경기 가평군,"",6선,0,0,0,0,0,0,16,3716,0,0,0,0,0,0,0.0,0.0,0.0,0.0,0.0,0.0
제2대,곽태진,의원,민주국민당,경북 고령군,"",재선,0,0,0,0,0,0,14,2124,0,0,0,0,0,0,0.0,0.0,0.0,0.0,0.0,0.0
제2대,사식자,"","","","","",0,0,0,0,0,0,2,34,0,0,0,0,0,0,0.0,0.0,0.0,0.0,0.0,0.0
제4대,이갑도,증인,"","","","",0,0,0,0,0,0,24,200,0,0,0,0,0,0,0.0,0.0,0.0,0.0,0.0,0.0
제4대,김의준,위원,자유당,경기 여주군,"",3선,0,0,0,0,0,0,3,137,0,1,0,0,0,0,0.0,0.0,0.0,0.0,0.0,0.0
제3대,나창헌,위원,자유당,충남 서산갑,"",초선,0,0,0,0,0,0,1,32,0,1,0,1,0,0,0.0,0.0,0.0,0.0,0.0,0.0
제4대,박동균,육군본부병무국장,"","","","",0,0,0,0,0,0,20,676,1,0,0,0,0,0,0.0,0.0,0.0,0.0,0.0,0.0
제3대,사세청장,"","","","","",0,0,0,0,0,0,1,557,0,0,0,0,0,0,0.0,0.0,0.0,0.0,0.0,0.0
제2대,한국원,의원,무소속,경북 영덕,"",초선,12,2,0,0,0,1,31,6913,4,2,0,0,0,1,17.36,2.89,0.0,0.0,0.0,1.45
제2대,윤성순,의원,무소속,경기 포천,"",3선,5,0,0,0,0,2,18,6889,5,0,0,0,0,1,7.26,0.0,0.0,0.0,0.0,2.9
제4대,권병호,국방부정훈국장,"","","","",0,0,0,0,0,0,12,160,0,0,0,0,0,0,0.0,0.0,0.0,0.0,0.0,0.0
제3대,안동준,국방위원장,자유당,충북 괴산군,"",4선,1,0,0,0,0,0,10,4053,1,1,1,0,0,0,2.47,0.0,0.0,0.0,0.0,0.0
제4대,"",육군본부인사국장,"","","","",0,0,0,0,0,0,5,176,138,25,25,10,3,18,0.0,0.0,0.0,0.0,0.0,0.0
제2대,부의원장,"","","","","",0,0,0,0,0,0,1,6,0,0,0,0,0,0,0.0,0.0,0.0,0.0,0.0,0.0
제헌,김상호,의원,한국민주당,전남 나주을,"",초선,0,0,0,1,0,0,8,1333,0,0,0,1,0,0,0.0,0.0,0.0,7.5,0.0,0.0
제2대,이판열,의원,민주국민당,전남 구례,"",초선,0,1,0,0,0,0,4,1594,0,1,0,0,0,0,0.0,6.27,0.0,0.0,0.0,0.0
제3대,창섭,"","","","","",0,0,0,0,0,0,1,61,0,0,0,0,0,0,0.0,0.0,0.0,0.0,0.0,0.0
제3대,김영주,외무부정무국장,"","","","",1,0,0,0,0,0,6,256,1,0,0,0,0,0,39.06,0.0,0.0,0.0,0.0,0.0
제4대,정남규,증인,"","","","",0,0,0,0,0,0,22,210,0,0,0,0,0,0,0.0,0.0,0.0,0.0,0.0,0.0
제헌,이윤영,사회부장관,조선민주당,서울 종로구갑,"",초선,0,0,0,0,0,0,5,1932,0,0,0,0,0,0,0.0,0.0,0.0,0.0,0.0,0.0
제4대,손석두,"",자유당,전남 장흥,"",재선,0,0,0,0,0,0,1,35,2,4,0,0,0,0,0.0,0.0,0.0,0.0,0.0,0.0
제헌,심익희,의장,"","","","",0,0,0,0,0,0,4,154,0,0,0,0,0,0,0.0,0.0,0.0,0.0,0.0,0.0
제헌,김익희,의장,"","","","",0,0,0,0,0,0,1,124,0,0,0,0,0,0,0.0,0.0,0.0,0.0,0.0,0.0
제3대,류진산,특별조사위원장,"","","","",0,0,0,0,0,0,2,1210,7,1,0,0,0,1,0.0,0.0,0.0,0.0,0.0,0.0
제4대,전매청장,"","","","","",2,0,0,0,0,0,16,3466,2,0,0,0,0,0,5.77,0.0,0.0,0.0,0.0,0.0
제4대,검사,"","","","","",0,0,0,0,0,0,32,1672,0,0,0,0,0,0,0.0,0.0,0.0,0.0,0.0,0.0
제헌,신익회,의장,"","","","",0,0,0,0,0,0,1,18,0,0,0,0,0,0,0.0,0.0,0.0,0.0,0.0,0.0
제헌,의사과장,"","","","","",0,2,0,0,0,0,36,7228,0,2,0,0,0,0,0.0,2.77,0.0,0.0,0.0,0.0
제3대,김법린,의원,자유당,경남 동래,"",초선,1,0,0,0,0,0,14,3180,4,0,0,0,0,1,3.14,0.0,0.0,0.0,0.0,0.0
제4대,곽근호,증인,"","","","",0,0,0,0,0,0,6,45,0,0,0,0,0,0,0.0,0.0,0.0,0.0,0.0,0.0
제3대,박만원,"",자유당,경북 군위군,"",3선,0,0,0,0,0,0,1,24,10,9,0,0,0,2,0.0,0.0,0.0,0.0,0.0,0.0
제4대,명칭은,육군본부인사국장,"","","","",0,0,0,0,0,0,1,14,0,0,0,0,0,0,0.0,0.0,0.0,0.0,0.0,0.0
제3대,최규옥,농림부장관,"","","","",3,0,0,0,0,0,22,13264,3,0,0,0,0,0,2.26,0.0,0.0,0.0,0.0,0.0
제2대,김준태,의원,무소속,경북 청도,"",3선,1,0,0,0,0,0,14,4098,1,0,0,0,0,0,2.44,0.0,0.0,0.0,0.0,0.0
제2대,오위영,재정경제위원장,무소속,경남 울산갑,"",3선,0,3,0,0,0,1,10,4354,3,5,1,0,0,1,0.0,6.89,0.0,0.0,0.0,2.3
제3대,장하정,부흥부기획국장,"","","","",0,0,0,0,0,0,1,214,0,0,0,0,0,0,0.0,0.0,0.0,0.0,0.0,0.0
제4대,교통부,"","","","","",0,0,0,0,0,0,4,30,0,0,0,0,0,0,0.0,0.0,0.0,0.0,0.0,0.0
제3대,이영의,의원,"","","","",0,0,0,0,0,0,1,3,0,0,0,0,0,0,0.0,0.0,0.0,0.0,0.0,0.0
제3대,"",농림부농정국장,"","","","",0,0,0,0,0,0,9,158,94,35,22,8,8,20,0.0,0.0,0.0,0.0,0.0,0.0
제3대,이정휴,의원,자유당,전남 광산군갑,"",초선,0,0,0,0,0,0,2,714,0,0,1,0,0,0,0.0,0.0,0.0,0.0,0.0,0.0
제헌,박윤원,"",무소속,경남 남해,"",초선,0,0,0,0,0,1,1,173,4,0,0,1,2,2,0.0,0.0,0.0,0.0,0.0,57.8
제2대,백낙준,문교부장관,"","","","",7,1,0,0,0,0,28,19449,5,1,0,0,0,0,3.6,0.51,0.0,0.0,0.0,0.0
제3대,윤성순,의원,자유당,경기 포천군,"",3선,7,0,0,0,0,0,8,4411,4,1,0,0,0,1,15.87,0.0,0.0,0.0,0.0,0.0
제2대,신중목,의원,무소속,경남 거창,"",초선,0,0,0,0,0,0,21,4371,2,0,0,0,0,0,0.0,0.0,0.0,0.0,0.0,0.0
제4대,최규하,외무부장관,"","","","",0,0,0,0,0,0,1,2,0,0,0,0,0,0,0.0,0.0,0.0,0.0,0.0,0.0
제2대,민영복,의원,무소속,충북 청주,"",초선,1,0,0,0,0,0,23,4217,1,0,0,0,0,0,2.37,0.0,0.0,0.0,0.0,0.0
제4대,김정열,국방부장관,"","","","",17,0,0,0,0,0,88,32727,7,0,0,0,0,0,5.19,0.0,0.0,0.0,0.0,0.0
제4대,권중섭,위원,"","","","",0,0,0,0,0,0,1,9,0,0,0,0,0,0,0.0,0.0,0.0,0.0,0.0,0.0
제헌,이재형,위원,무소속,경기 시흥,"",7선,0,0,0,0,0,0,6,964,1,1,3,0,2,0,0.0,0.0,0.0,0.0,0.0,0.0
제2대,최원수,의원,무소속,경북 영일갑,"",초선,1,0,0,0,0,0,8,1985,1,0,0,0,0,0,5.04,0.0,0.0,0.0,0.0,0.0
제4대,김원규,의원,자유당,경북 영덕군,"",재선,0,0,0,0,0,0,2,267,1,0,1,0,0,0,0.0,0.0,0.0,0.0,0.0,0.0
제4대,김윤기,국회의사당도안심사위원회위원장,"","","","",6,0,0,0,0,0,5,1317,2,0,0,0,0,0,45.56,0.0,0.0,0.0,0.0,0.0
제3대,세정과장,"","","","","",0,0,0,0,0,0,2,113,0,0,0,0,0,0,0.0,0.0,0.0,0.0,0.0,0.0
제헌,이항발,위원,무소속,전남 나주갑,"",초선,0,0,0,0,0,0,2,230,1,0,2,0,0,0,0.0,0.0,0.0,0.0,0.0,0.0
제3대,신도성,위원,민주국민당,경남 거창,"",초선,0,0,0,0,0,0,4,92,5,1,1,0,0,0,0.0,0.0,0.0,0.0,0.0,0.0
제4대,손석두,위원장,자유당,전남 장흥,"",재선,0,0,0,0,0,0,60,823,2,4,0,0,0,0,0.0,0.0,0.0,0.0,0.0,0.0
제2대,박만원,재경경제위원장,무소속,경북 군위,"",3선,0,1,0,0,0,0,1,1048,16,7,0,0,0,1,0.0,9.54,0.0,0.0,0.0,0.0
제헌,이종선,사무총장,"","","","",0,1,0,0,0,0,9,3791,0,1,0,0,0,0,0.0,2.64,0.0,0.0,0.0,0.0
제2대,김준희,의원,대한독립촉성국민회,전북 진안,"",초선,0,0,0,0,0,0,9,1594,0,0,0,0,0,0,0.0,0.0,0.0,0.0,0.0,0.0
제2대,김형덕,의원,무소속,경남 밀양을,"",재선,3,0,0,0,0,0,10,3113,1,0,0,0,0,0,9.64,0.0,0.0,0.0,0.0,0.0
제헌,박순석,"",무소속,경북 영일갑,"",3선,0,0,0,0,0,0,1,254,5,1,3,0,1,0,0.0,0.0,0.0,0.0,0.0,0.0
제2대,이동환,의원,무소속,경기 파주,"",초선,2,1,0,0,0,0,12,3077,1,1,0,0,0,0,6.5,3.25,0.0,0.0,0.0,0.0
제4대,이옥동,위원,무소속,전북 진안,"",초선,2,0,0,0,0,0,26,9224,2,0,0,0,0,0,2.17,0.0,0.0,0.0,0.0,0.0
제3대,박도수,농림부양정국장,"","","","",0,0,0,0,0,0,1,786,0,0,0,0,0,0,0.0,0.0,0.0,0.0,0.0,0.0
제3대,윤보선,의원,민주국민당,서울 종로구갑,"",4선,9,11,0,0,0,0,16,17866,3,2,0,0,0,0,5.04,6.16,0.0,0.0,0.0,0.0
제4대,김인호,위원,자유당,"경남 부산시,동래구","",초선,1,0,0,0,0,0,7,2816,1,0,0,0,0,0,3.55,0.0,0.0,0.0,0.0,0.0
제헌,이석주,위원,대한독립촉성국민회,전북 완주을,"",초선,0,0,0,0,0,0,2,553,4,0,4,0,1,0,0.0,0.0,0.0,0.0,0.0,0.0
제4대,김종철,의원,자유당,충남 천안군을,"",6선,1,1,0,0,0,0,1,3066,5,8,1,0,0,2,3.26,3.26,0.0,0.0,0.0,0.0
제3대,이형진,의원,자유당,강원 평창,"",초선,0,0,0,0,0,0,2,1716,5,0,1,0,0,1,0.0,0.0,0.0,0.0,0.0,0.0
제3대,김철,의원,무소속,경북 경주군갑,"",재선,0,0,0,0,0,0,1,146,0,0,0,0,0,0,0.0,0.0,0.0,0.0,0.0,0.0
제헌,김교중,의원,대동청년당,전북 무주,"",초선,1,2,0,0,0,1,8,2859,1,1,0,0,0,1,3.5,7.0,0.0,0.0,0.0,3.5
제4대,조경규,위원,자유당,경남 함안군,"",3선,0,0,0,0,0,0,6,866,0,0,0,0,0,0,0.0,0.0,0.0,0.0,0.0,0.0
제헌,백관수,법제사업위원장,한국민주당,전북 고창을,"",초선,0,0,0,0,0,0,1,78,6,0,0,0,1,4,0.0,0.0,0.0,0.0,0.0,0.0
제헌,배은희,고시위원장,"","","","",0,0,0,0,0,0,2,1934,0,0,0,0,0,0,0.0,0.0,0.0,0.0,0.0,0.0
제3대,이영언,상공위원장,자유당,경남 부산시무,"",재선,0,0,0,0,0,5,46,5425,0,0,0,0,0,2,0.0,0.0,0.0,0.0,0.0,9.22
제4대,신응균,육군본부행정참모부장,"","","","",0,0,0,0,0,0,1,440,0,0,0,0,0,0,0.0,0.0,0.0,0.0,0.0,0.0
제3대,정기원,외무분과위원장,자유당,경남 부산시병,"",재선,2,0,0,0,0,0,1,517,1,0,1,0,0,0,38.68,0.0,0.0,0.0,0.0,0.0
제4대,여기에,육군본부총무국장,"","","","",0,0,0,0,0,0,1,39,0,0,0,0,0,0,0.0,0.0,0.0,0.0,0.0,0.0
제헌,신성균,위원,무소속,전북 전주,"",초선,0,0,0,0,0,0,3,395,2,0,1,0,1,0,0.0,0.0,0.0,0.0,0.0,0.0
제4대,윤제술,의원,민주당,전북 김제군을,"",6선,0,3,0,0,0,0,8,19478,0,1,0,0,0,0,0.0,1.54,0.0,0.0,0.0,0.0
제2대,최국현,의원,민주국민당,경기 고양,"",재선,0,0,0,0,0,0,30,5313,0,0,0,0,0,0,0.0,0.0,0.0,0.0,0.0,0.0
제헌,강욱중,위원,조선민족청년단,경남 함안,"",초선,1,0,0,0,0,0,5,746,4,0,2,0,1,1,13.4,0.0,0.0,0.0,0.0,0.0
제4대,정명섭,의원,자유당,전남 나주군을,"",3선,0,0,0,0,0,0,4,1758,5,0,0,0,0,0,0.0,0.0,0.0,0.0,0.0,0.0
제2대,황성수,외무위원장,무소속,서울 용산구갑,"",4선,0,0,0,0,0,1,25,7492,4,0,1,0,0,5,0.0,0.0,0.0,0.0,0.0,1.33
제4대,우희창,의원,민주당,충남 서천,"",재선,4,2,0,0,0,0,19,6165,4,2,2,0,0,0,6.49,3.24,0.0,0.0,0.0,0.0
제4대,박용록,증인,"","","","",0,0,0,0,0,0,17,638,0,0,0,0,0,0,0.0,0.0,0.0,0.0,0.0,0.0
제2대,장택상,국무총리,무소속,경북 칠곡,"",4선,0,0,0,0,0,0,11,3350,2,2,2,0,0,4,0.0,0.0,0.0,0.0,0.0,0.0
제3대,이재학,의장,자유당,강원 홍천군,"",5선,0,0,0,0,0,0,1,3,5,3,3,0,0,1,0.0,0.0,0.0,0.0,0.0,0.0
제3대,이봉희,양정국장,"","","","",0,0,0,0,0,0,6,274,0,0,0,0,0,0,0.0,0.0,0.0,0.0,0.0,0.0
제4대,김인권,농림부양정국장,"","","","",0,0,0,0,0,0,1,4,4,0,1,0,0,0,0.0,0.0,0.0,0.0,0.0,0.0
제헌,백관수,법제사법위원장,한국민주당,전북 고창을,"",초선,4,0,0,0,0,3,147,14067,6,0,0,0,1,4,2.84,0.0,0.0,0.0,0.0,2.13
제3대,발표,"","","","","",0,0,0,0,0,0,1,78,0,0,0,0,0,0,0.0,0.0,0.0,0.0,0.0,0.0
제4대,전형산,위원,자유당,강원 인제군,"",재선,0,0,0,0,0,0,13,582,0,0,0,0,0,0,0.0,0.0,0.0,0.0,0.0,0.0
제2대,김우성,의원,무소속,전북 장수,"",초선,0,0,0,0,1,0,8,1411,0,0,0,0,1,0,0.0,0.0,0.0,0.0,7.09,0.0
제4대,공군에서,공군작전참모부장,"","","","",0,0,0,0,0,0,1,25,0,0,0,0,0,0,0.0,0.0,0.0,0.0,0.0,0.0
제3대,구흥남,"",자유당,전남 화순군,"",재선,0,0,0,0,0,0,1,22,3,0,1,0,0,1,0.0,0.0,0.0,0.0,0.0,0.0
제헌,원장길,위원,대동청년당,강원 강릉갑,"",초선,4,0,0,0,0,0,2,196,1,0,0,0,0,0,204.08,0.0,0.0,0.0,0.0,0.0
제4대,군수과장,"","","","","",0,0,0,0,0,0,5,48,0,0,0,0,0,0,0.0,0.0,0.0,0.0,0.0,0.0
제4대,우선,육군본부인사국장,"","","","",0,0,0,0,0,0,1,69,0,0,0,0,0,0,0.0,0.0,0.0,0.0,0.0,0.0
제2대,이재학,문교위원장,대한국민당,강원 홍천,"",5선,0,0,0,0,0,0,13,2679,1,0,1,0,0,0,0.0,0.0,0.0,0.0,0.0,0.0
제헌,한엄회,의원,"","","","",0,0,0,0,0,0,1,1,0,0,0,0,0,0,0.0,0.0,0.0,0.0,0.0,0.0
제3대,신태권,위원,자유당,충남 논산갑,"",초선,0,0,0,0,0,1,56,5255,1,0,0,0,0,1,0.0,0.0,0.0,0.0,0.0,1.9
제3대,니다,"","","","","",0,0,0,0,0,0,1,103,0,0,0,0,0,0,0.0,0.0,0.0,0.0,0.0,0.0
제2대,박만원,"",무소속,경북 군위,"",3선,0,0,0,0,0,0,1,122,16,7,0,0,0,1,0.0,0.0,0.0,0.0,0.0,0.0
제4대,사령관의,해병대사령부인사국장,"","","","",0,0,0,0,0,0,1,10,0,0,0,0,0,0,0.0,0.0,0.0,0.0,0.0,0.0
제3대,이의,"","","","","",0,0,0,0,0,0,1,86,0,0,0,0,0,0,0.0,0.0,0.0,0.0,0.0,0.0
제3대,공보실장,"","","","","",8,0,0,0,0,1,48,7479,2,0,0,0,0,1,10.7,0.0,0.0,0.0,0.0,1.34
제4대,김동석,의원,자유당,경북 선산,"",초선,0,0,0,0,0,0,2,162,0,0,0,0,0,0,0.0,0.0,0.0,0.0,0.0,0.0
제4대,허형구,증인,"","","","",0,0,0,0,0,0,26,1181,0,0,0,0,0,0,0.0,0.0,0.0,0.0,0.0,0.0
제4대,홍승업,위원,자유당,강원 고성,"",초선,0,0,0,0,0,0,23,3944,0,0,0,0,0,0,0.0,0.0,0.0,0.0,0.0,0.0
제3대,법정,"","","","","",0,0,0,0,0,0,1,112,0,0,0,0,0,0,0.0,0.0,0.0,0.0,0.0,0.0
제3대,작용,"","","","","",0,0,0,0,0,0,1,234,0,0,0,0,0,0,0.0,0.0,0.0,0.0,0.0,0.0
제2대,고영완,의원,민주국민당,전남 장흥군,"",재선,0,0,0,0,0,0,17,4262,0,0,0,0,0,0,0.0,0.0,0.0,0.0,0.0,0.0
제헌,이범교,의원,대한독립촉성국민회,경북 영천을,"",초선,0,0,0,0,0,0,8,16,0,0,0,0,0,0,0.0,0.0,0.0,0.0,0.0,0.0
제2대,김태선,내무부장관,"","","","",0,0,0,0,0,0,13,1921,0,0,0,0,0,0,0.0,0.0,0.0,0.0,0.0,0.0
제4대,이종수,위원장,자유당,경남 김해을,"",3선,1,1,0,0,0,0,178,4994,1,1,2,0,0,0,2.0,2.0,0.0,0.0,0.0,0.0
제4대,손문경,"",자유당,전남 고흥갑,"",재선,0,0,0,0,0,0,1,19,1,0,3,0,0,0,0.0,0.0,0.0,0.0,0.0,0.0
제4대,김치은,증인,"","","","",0,0,0,0,0,0,18,141,0,0,0,0,0,0,0.0,0.0,0.0,0.0,0.0,0.0
제헌,유치영,부의장,"","","","",0,0,0,0,0,0,1,34,0,0,0,0,0,0,0.0,0.0,0.0,0.0,0.0,0.0
제4대,정운갑,위원,자유당,충북 진천군,"",5선,0,0,0,0,0,0,9,4287,0,0,0,0,0,0,0.0,0.0,0.0,0.0,0.0,0.0
제2대,박정규,의원,대한독립촉성국민회,경남 함양,"",초선,0,0,0,0,0,0,2,689,0,0,0,0,0,0,0.0,0.0,0.0,0.0,0.0,0.0
제헌,윤석구,체신부장관,무소속,전북 군산,"",초선,16,0,0,0,0,0,9,3958,3,0,2,0,0,0,40.42,0.0,0.0,0.0,0.0,0.0
제4대,이것을,수로국장,"","","","",0,0,0,0,0,0,1,6,1,0,0,0,0,0,0.0,0.0,0.0,0.0,0.0,0.0
제3대,품종,"","","","","",0,0,0,0,0,0,1,17,0,0,0,0,0,0,0.0,0.0,0.0,0.0,0.0,0.0
제3대,천세기,위원,무소속,경기 양평군,"",재선,3,0,0,0,0,0,7,1169,3,0,1,0,0,0,25.66,0.0,0.0,0.0,0.0,0.0
제3대,조재천,의원,민주국민당,경북 달성군,"",4선,9,1,0,0,1,1,85,112104,3,1,0,0,1,1,0.8,0.09,0.0,0.0,0.09,0.09
제헌,조중현,의원,무소속,경기 장단,"",초선,0,0,0,0,0,0,2,101,0,0,0,0,0,0,0.0,0.0,0.0,0.0,0.0,0.0
제3대,유순식,의원,자유당,충남 서산군을,"",재선,0,0,0,0,0,0,2,495,0,0,0,0,0,0,0.0,0.0,0.0,0.0,0.0,0.0
제2대,김정실,위원,무소속,경남 고성,"",초선,0,0,0,0,0,0,1,80,3,0,3,0,0,1,0.0,0.0,0.0,0.0,0.0,0.0
제헌,김익기,의원,대한독립촉성국민회,경북 안동갑,"",5선,0,0,0,0,0,0,13,1375,0,0,0,0,0,0,0.0,0.0,0.0,0.0,0.0,0.0
제2대,임흥순,"",민주국민당,서울 성동구을,"",재선,0,0,0,0,0,0,1,9,1,0,1,0,0,0,0.0,0.0,0.0,0.0,0.0,0.0
제3대,이것은,문화국장,"","","","",0,0,0,0,0,0,1,9,0,0,0,0,0,0,0.0,0.0,0.0,0.0,0.0,0.0
제3대,윤일상,위원,자유당,경기 강화,"",초선,3,0,0,0,0,0,10,2300,2,0,0,0,0,0,13.04,0.0,0.0,0.0,0.0,0.0
제4대,정명섭,"",자유당,전남 나주군을,"",3선,0,0,0,0,0,0,1,23,5,0,0,0,0,0,0.0,0.0,0.0,0.0,0.0,0.0
제4대,사실이,육군본부군수국장,"","","","",0,0,0,0,0,0,1,24,0,0,0,0,0,0,0.0,0.0,0.0,0.0,0.0,0.0
제4대,정두길,교통부공전국장,"","","","",1,0,0,0,0,1,31,740,1,0,0,0,0,1,13.51,0.0,0.0,0.0,0.0,13.51
제4대,간사,"","","","","",0,0,0,0,0,0,2,253,0,0,0,0,0,0,0.0,0.0,0.0,0.0,0.0,0.0
제3대,전상요,임시의장,무소속,강원 정선,"",초선,0,0,0,0,0,0,2,919,0,0,0,0,0,0,0.0,0.0,0.0,0.0,0.0,0.0
제헌,황호연,의원,"","","","",0,0,0,0,0,0,1,66,0,0,0,0,0,0,0.0,0.0,0.0,0.0,0.0,0.0
제2대,최재우,보건부장관,"","","","",0,0,0,0,0,0,1,226,0,0,0,0,0,0,0.0,0.0,0.0,0.0,0.0,0.0
제4대,김우창,증인,"","","","",0,0,0,0,0,0,1,5,0,0,0,0,0,0,0.0,0.0,0.0,0.0,0.0,0.0
제3대,지금수리,농림국장,"","","","",0,0,0,0,0,0,1,50,0,0,0,0,0,0,0.0,0.0,0.0,0.0,0.0,0.0
제4대,박철재,문교부기술교육국장,"","","","",8,0,0,0,1,0,6,1923,2,0,0,0,1,0,41.6,0.0,0.0,0.0,5.2,0.0
제3대,권중돈,위원,무소속,경북 영천군을,"",5선,0,0,0,0,0,0,6,942,0,0,1,0,0,0,0.0,0.0,0.0,0.0,0.0,0.0
제4대,윤택중,의원,민주당,전북 익산을,"",3선,0,0,0,0,0,0,3,1607,6,0,0,0,0,1,0.0,0.0,0.0,0.0,0.0,0.0
제4대,이용철,재무부세관국장,"","","","",0,0,0,0,0,0,7,335,0,0,0,0,0,0,0.0,0.0,0.0,0.0,0.0,0.0
제4대,이존화,"",자유당,전북 완주갑,"",재선,0,0,0,0,0,0,1,24,3,1,0,0,0,0,0.0,0.0,0.0,0.0,0.0,0.0
제헌,조헌영,위원,한국민주당,경북 영양,"",재선,0,0,0,0,0,0,8,1669,10,1,7,0,3,2,0.0,0.0,0.0,0.0,0.0,0.0
제3대,신언한,법무부형정국장,"","","","",0,0,0,0,0,0,1,140,1,0,0,0,0,0,0.0,0.0,0.0,0.0,0.0,0.0
제4대,이것은,공군작전참모부장,"","","","",1,0,0,0,0,0,1,24,1,0,0,0,0,0,416.67,0.0,0.0,0.0,0.0,0.0
제4대,"",육군본부작전교육국장,"","","","",0,0,0,0,0,0,1,66,138,25,25,10,3,18,0.0,0.0,0.0,0.0,0.0,0.0
제4대,전만중,위원,자유당,경북 울진,"",재선,0,0,0,0,0,0,1,107,0,0,0,0,0,0,0.0,0.0,0.0,0.0,0.0,0.0
제4대,정명섭,위원,자유당,전남 나주군을,"",3선,11,0,0,0,0,0,72,6090,5,0,0,0,0,0,18.06,0.0,0.0,0.0,0.0,0.0
제4대,여러,육군본부군수국장,"","","","",0,0,0,0,0,0,1,92,0,0,0,0,0,0,0.0,0.0,0.0,0.0,0.0,0.0
제4대,한상봉,문교부고등교육국장,"","","","",1,0,0,0,0,0,9,648,1,0,0,0,0,0,15.43,0.0,0.0,0.0,0.0,0.0
제2대,정일형,외무위원장,무소속,서울 중구을,"",8선,0,1,0,9,0,3,12,3716,1,2,1,3,0,2,0.0,2.69,0.0,24.22,0.0,8.07
제3대,하마디,"","","","","",0,0,0,0,0,0,1,1,0,0,0,0,0,0,0.0,0.0,0.0,0.0,0.0,0.0
제4대,작전에,공군작전참모부장,"","","","",0,0,0,0,0,0,1,7,0,0,0,0,0,0,0.0,0.0,0.0,0.0,0.0,0.0
제헌,오기영,의원,"","","","",0,0,0,0,0,0,1,1,0,0,0,0,0,0,0.0,0.0,0.0,0.0,0.0,0.0
제4대,내년에,공군본부경리국장,"","","","",0,0,0,0,0,0,1,3,0,0,0,0,0,0,0.0,0.0,0.0,0.0,0.0,0.0
제4대,최재유,문교부장관,"","","","",67,1,0,0,1,4,112,51062,11,1,0,0,1,1,13.12,0.2,0.0,0.0,0.2,0.78
제3대,지변,"","","","","",0,0,0,0,0,0,1,5,0,0,0,0,0,0,0.0,0.0,0.0,0.0,0.0,0.0
제4대,박충훈,육군본부경리국장,"","","","",0,0,0,0,0,0,29,456,0,0,0,0,0,0,0.0,0.0,0.0,0.0,0.0,0.0
제2대,"",예산결산위원장,"","","","",1,0,0,0,0,0,13,6755,58,37,45,2,4,13,1.48,0.0,0.0,0.0,0.0,0.0
제3대,염우량,의원,자유당,충남 공주갑,"",초선,3,1,0,0,0,0,41,15767,3,1,0,0,0,0,1.9,0.63,0.0,0.0,0.0,0.0
제3대,내무차관,"","","","","",0,0,0,0,0,0,1,165,0,0,0,0,0,0,0.0,0.0,0.0,0.0,0.0,0.0
제4대,정운갑,의원,자유당,충북 진천군,"",5선,0,0,0,0,0,0,5,6956,0,0,0,0,0,0,0.0,0.0,0.0,0.0,0.0,0.0
제헌,구중회,의원,무소속,경남 창녕,"",초선,1,0,0,0,0,0,31,1381,1,0,0,0,0,0,7.24,0.0,0.0,0.0,0.0,0.0
제2대,이호근,의원,대한청년단,경북 예천,"",초선,0,0,0,0,0,0,1,80,0,0,0,0,0,0,0.0,0.0,0.0,0.0,0.0,0.0
제헌,이병국,의원,대한독립촉성국민회,충남 천안,"",초선,0,0,0,0,0,0,6,441,0,0,0,0,0,0,0.0,0.0,0.0,0.0,0.0,0.0
제3대,하면,"","","","","",0,0,0,0,0,0,1,5,0,0,0,0,0,0,0.0,0.0,0.0,0.0,0.0,0.0
제4대,홍병각,의원,자유당,충북 충주,"",초선,0,1,0,0,0,1,7,4281,2,2,0,0,0,2,0.0,2.34,0.0,0.0,0.0,2.34
제3대,으니까,"","","","","",0,0,0,0,0,0,1,5,0,0,0,0,0,0,0.0,0.0,0.0,0.0,0.0,0.0
제3대,윤병호,"",무소속,경남 남해,"",초선,0,0,0,0,0,0,1,13,1,0,1,0,0,0,0.0,0.0,0.0,0.0,0.0,0.0
제4대,박흥규,위원,자유당,전남 광주병,"",재선,1,0,0,0,0,0,34,1527,5,1,1,0,0,0,6.55,0.0,0.0,0.0,0.0,0.0
제3대,가지만,"","","","","",0,0,0,0,0,0,1,10,0,0,0,0,0,0,0.0,0.0,0.0,0.0,0.0,0.0
제4대,이성주,위원장,자유당,경기 고양,"",초선,14,3,0,0,0,0,733,26154,4,1,0,0,0,0,5.35,1.15,0.0,0.0,0.0,0.0
제2대,김동성,부의장,무소속,경기 개성,"",초선,0,0,0,0,0,0,58,2355,0,0,1,0,0,0,0.0,0.0,0.0,0.0,0.0,0.0
제3대,신용욱,위원,자유당,전북 고창군을,"",재선,0,0,0,0,0,1,21,972,1,0,0,0,0,1,0.0,0.0,0.0,0.0,0.0,10.29
제헌,지대형,전원위원장,"","","","",0,0,0,0,0,0,11,591,1,0,0,1,1,1,0.0,0.0,0.0,0.0,0.0,0.0
제4대,이상용,의원,자유당,"경남 부산시,서구갑","",초선,0,7,0,0,0,0,1,869,3,1,0,0,0,1,0.0,80.55,0.0,0.0,0.0,0.0
제4대,이종남,의원,민주당,"경남 부산시,진구갑","",3선,6,1,0,0,0,1,29,35173,5,7,0,0,0,2,1.71,0.28,0.0,0.0,0.0,0.28
제4대,아까,육군본부인사국장,"","","","",0,0,0,0,0,0,1,126,0,0,0,0,0,0,0.0,0.0,0.0,0.0,0.0,0.0
제4대,민한기,내무부토목국장,"","","","",3,0,0,0,0,0,2,824,1,0,0,0,0,0,36.41,0.0,0.0,0.0,0.0,0.0
제3대,모순된,"","","","","",0,0,0,0,0,0,1,79,0,0,0,0,0,0,0.0,0.0,0.0,0.0,0.0,0.0
제4대,윤우경,구황실재산사무총국장,"","","","",0,0,0,0,0,0,24,5200,1,0,0,0,0,1,0.0,0.0,0.0,0.0,0.0,0.0
제3대,려고,"","","","","",0,0,0,0,0,0,1,99,0,0,0,0,0,0,0.0,0.0,0.0,0.0,0.0,0.0
제4대,진석중,위원,자유당,경남 거제,"",초선,1,1,0,0,0,0,48,14106,1,1,0,0,0,0,0.71,0.71,0.0,0.0,0.0,0.0
제헌,김덕열,의원,무소속,경기 양주갑,"",초선,0,0,0,0,0,0,1,35,0,0,0,0,0,0,0.0,0.0,0.0,0.0,0.0,0.0
제4대,김창동,의원,자유당,충남 청양,"",초선,0,0,0,0,0,0,3,1193,2,0,0,0,0,0,0.0,0.0,0.0,0.0,0.0,0.0
제4대,오위영,의원,민주당,"경남 부산시,동구을","",3선,0,0,0,0,0,0,2,5,0,0,0,0,0,0,0.0,0.0,0.0,0.0,0.0,0.0
제4대,최규남,외무위원장,자유당,서울 서대문구을,"",초선,3,0,0,0,0,0,5,2335,3,0,0,0,0,0,12.85,0.0,0.0,0.0,0.0,0.0
제3대,김만기,사세국장,"","","","",1,16,0,0,0,0,8,2003,1,5,0,0,0,0,4.99,79.88,0.0,0.0,0.0,0.0
제3대,산률,"","","","","",0,0,0,0,0,0,1,1,0,0,0,0,0,0,0.0,0.0,0.0,0.0,0.0,0.0
제4대,윤제술,위원,민주당,전북 김제군을,"",6선,0,0,0,0,0,0,58,14812,0,1,0,0,0,0,0.0,0.0,0.0,0.0,0.0,0.0
제2대,업상섭,의원,"","","","",0,0,0,0,0,0,1,101,0,0,0,0,0,0,0.0,0.0,0.0,0.0,0.0,0.0
제4대,윤태은,체신부전무국장,"","","","",9,0,0,0,0,1,47,3289,2,0,0,0,0,1,27.36,0.0,0.0,0.0,0.0,3.04
제헌,오택렬,의원,"","","","",1,0,0,0,0,0,69,2238,1,0,0,0,0,0,4.47,0.0,0.0,0.0,0.0,0.0
제3대,원회,"","","","","",0,0,0,0,0,0,1,74,0,0,0,0,0,0,0.0,0.0,0.0,0.0,0.0,0.0
제헌,김병로,특별재판부장,"","","","",0,0,0,0,0,0,1,1277,0,0,0,0,0,0,0.0,0.0,0.0,0.0,0.0,0.0
제4대,저희들은,공군사관학교정보국장,"","","","",0,0,0,0,0,0,1,47,0,0,0,0,0,0,0.0,0.0,0.0,0.0,0.0,0.0
제2대,사무처장,"","","","","",0,0,0,0,0,0,1,380,0,0,0,0,0,0,0.0,0.0,0.0,0.0,0.0,0.0
제3대,박만원,의원,자유당,경북 군위군,"",3선,6,6,0,0,0,2,51,24206,10,9,0,0,0,2,2.48,2.48,0.0,0.0,0.0,0.83
제2대,"",문교위원장,"","","","",0,1,0,0,0,0,4,1605,58,37,45,2,4,13,0.0,6.23,0.0,0.0,0.0,0.0
제헌,허남원,의사국장,"","","","",0,0,0,0,0,0,1,390,0,0,0,0,0,0,0.0,0.0,0.0,0.0,0.0,0.0
제3대,박용익,의원,무소속,강원 강릉시을,"",재선,0,0,0,0,0,0,2,354,2,2,0,0,0,2,0.0,0.0,0.0,0.0,0.0,0.0
제4대,윤병구,의원,자유당,충남 예산군,"",재선,0,0,0,0,0,0,5,3346,5,1,3,0,0,0,0.0,0.0,0.0,0.0,0.0,0.0
제헌,임철원,사무총장,"","","","",0,0,0,0,0,0,1,26,0,0,0,0,0,0,0.0,0.0,0.0,0.0,0.0,0.0
제4대,그것은,육군본부인사국장,"","","","",0,0,0,0,0,0,2,36,0,0,0,0,0,0,0.0,0.0,0.0,0.0,0.0,0.0
제3대,끌난,"","","","","",0,0,0,0,0,0,1,2,0,0,0,0,0,0,0.0,0.0,0.0,0.0,0.0,0.0
제4대,손재형,위원,무소속,전남 진도군,"",재선,2,0,0,0,0,0,23,4869,1,0,0,0,0,0,4.11,0.0,0.0,0.0,0.0,0.0
제2대,이것입니,"","","","","",4,0,0,0,0,0,1,355,1,0,0,0,0,0,112.68,0.0,0.0,0.0,0.0,0.0
제헌,빅헤정,의원,"","","","",0,0,0,0,0,0,1,313,0,0,0,0,0,0,0.0,0.0,0.0,0.0,0.0,0.0
제4대,박영교,위원,자유당,경북 의성을,"",재선,8,0,0,0,0,0,19,2239,3,0,0,0,0,0,35.73,0.0,0.0,0.0,0.0,0.0
제3대,정명섭,교통체신위원장,자유당,전남 나주군을,"",3선,0,0,0,0,0,0,5,3091,5,0,3,0,0,0,0.0,0.0,0.0,0.0,0.0,0.0
제3대,박종만,사무총장,"","","","",0,0,0,0,0,0,6,203,0,0,0,0,0,0,0.0,0.0,0.0,0.0,0.0,0.0
제3대,홍진기,법무부장관,"","","","",0,0,0,0,0,0,1,60,0,0,0,0,0,0,0.0,0.0,0.0,0.0,0.0,0.0
제4대,지금,육군본부인사국장,"","","","",0,0,0,0,0,0,1,275,0,0,0,0,0,0,0.0,0.0,0.0,0.0,0.0,0.0
제4대,조일재,위원,민주당,경남 동래군,"",재선,0,0,0,0,0,0,165,15439,0,2,0,0,0,0,0.0,0.0,0.0,0.0,0.0,0.0
제4대,이종수,교통체신위원장,자유당,경남 김해을,"",3선,0,0,0,0,0,0,6,3169,1,1,2,0,0,0,0.0,0.0,0.0,0.0,0.0,0.0
제4대,아까,해군본부인사국장,"","","","",0,0,0,0,0,0,1,24,0,0,0,0,0,0,0.0,0.0,0.0,0.0,0.0,0.0
제4대,명재억,농림부농사원교도국장,"","","","",0,0,0,0,0,0,1,130,0,0,0,0,0,0,0.0,0.0,0.0,0.0,0.0,0.0
제4대,대개,수로국장,"","","","",0,0,0,0,0,0,1,37,0,0,0,0,0,0,0.0,0.0,0.0,0.0,0.0,0.0
제3대,유정식,전매청연초국장,"","","","",0,0,0,0,0,0,1,253,0,0,0,0,0,0,0.0,0.0,0.0,0.0,0.0,0.0
제3대,최규남,문교부장관,"","","","",30,0,0,0,0,0,45,12264,3,0,0,0,0,0,24.46,0.0,0.0,0.0,0.0,0.0
제4대,이성호,해군본부후방참모부장,"","","","",1,0,0,0,0,0,7,192,1,0,0,0,0,0,52.08,0.0,0.0,0.0,0.0,0.0
제3대,이광,체신부장관,"","","","",0,0,0,0,0,0,6,2628,0,0,0,0,0,0,0.0,0.0,0.0,0.0,0.0,0.0
제4대,김의준,위원장,자유당,경기 여주군,"",3선,0,0,0,0,0,0,347,8763,0,1,0,0,0,0,0.0,0.0,0.0,0.0,0.0,0.0
제4대,최인규,교통부장관,자유당,경기 광주,"",초선,9,0,0,0,0,0,58,7942,9,0,0,0,0,0,11.33,0.0,0.0,0.0,0.0,0.0
제4대,김철안,위원,자유당,경북 금릉,"",재선,7,1,0,0,0,0,61,16295,4,1,0,0,0,0,4.3,0.61,0.0,0.0,0.0,0.0
제4대,윤명운,의원,민주당,서울 영등포구갑,"",재선,0,0,0,0,0,0,10,6629,2,1,0,0,0,0,0.0,0.0,0.0,0.0,0.0,0.0
제4대,유성권,의원,민주당,서울 성동구갑,"",3선,2,0,0,0,0,0,24,6104,5,0,2,1,0,0,3.28,0.0,0.0,0.0,0.0,0.0
제4대,이영언,"",자유당,"경남 부산시,영도갑","",재선,0,0,0,0,0,0,1,29,0,0,0,2,0,0,0.0,0.0,0.0,0.0,0.0,0.0
제4대,이근채,"","","","","",2,0,0,0,0,1,3,755,1,0,0,0,0,1,26.49,0.0,0.0,0.0,0.0,13.25
제3대,정존수,의원,자유당,경기 수원,"",재선,2,0,0,0,0,0,5,1405,1,0,0,0,0,0,14.23,0.0,0.0,0.0,0.0,0.0
제4대,박종길,의원,자유당,경북 영양군,"",3선,0,0,0,0,0,0,4,1472,1,0,1,1,0,0,0.0,0.0,0.0,0.0,0.0,0.0
제헌,서상일,시국대책부위원장,한국민주당,경북 대구을,"",재선,0,0,0,0,0,0,7,1017,6,1,6,1,5,1,0.0,0.0,0.0,0.0,0.0,0.0
제4대,최재섭,증인,"","","","",0,0,0,0,0,0,40,433,0,0,0,0,0,0,0.0,0.0,0.0,0.0,0.0,0.0
제4대,연구는,국방부경리국장,"","","","",0,0,0,0,0,0,1,34,0,0,0,0,0,0,0.0,0.0,0.0,0.0,0.0,0.0
제3대,없도록,"","","","","",0,0,0,0,0,0,1,48,0,0,0,0,0,0,0.0,0.0,0.0,0.0,0.0,0.0
제4대,"",운영위원장,"","","","",0,0,0,0,0,0,3,1085,138,25,25,10,3,18,0.0,0.0,0.0,0.0,0.0,0.0
제3대,이종태,전매청총무국장,"","","","",0,0,0,0,0,0,1,60,0,0,0,0,0,0,0.0,0.0,0.0,0.0,0.0,0.0
제4대,신도환,위원,무소속,경북 대구시갑,"",5선,1,0,0,0,0,0,13,833,1,0,0,0,0,0,12.0,0.0,0.0,0.0,0.0,0.0
제3대,신현주,서울특별시건설국장,"","","","",0,0,0,0,0,0,3,589,0,0,0,0,0,0,0.0,0.0,0.0,0.0,0.0,0.0
제4대,지금,육군본부군수국장,"","","","",0,0,0,0,0,0,1,9,0,0,0,0,0,0,0.0,0.0,0.0,0.0,0.0,0.0
제3대,이재,부의장,"","","","",0,0,0,0,0,0,1,194,0,0,0,0,0,0,0.0,0.0,0.0,0.0,0.0,0.0
제4대,정낙훈,위원,자유당,충남 대전갑,"",초선,1,0,0,0,0,0,14,4296,1,0,0,0,0,0,2.33,0.0,0.0,0.0,0.0,0.0
제4대,계획인원,육군본부인사국장,"","","","",0,0,0,0,0,0,1,5,0,0,0,0,0,0,0.0,0.0,0.0,0.0,0.0,0.0
제헌,홍익표,의원,무소속,경기 가평,"",6선,0,0,0,0,0,0,4,157,0,0,0,0,0,0,0.0,0.0,0.0,0.0,0.0,0.0
제3대,김장흥,치안국장,"","","","",0,0,0,0,0,0,1,216,0,0,0,0,0,0,0.0,0.0,0.0,0.0,0.0,0.0
제2대,노진설,감찰위원회위원장,"","","","",0,0,0,0,0,0,1,320,0,0,0,0,0,0,0.0,0.0,0.0,0.0,0.0,0.0
제3대,니까,"","","","","",0,0,0,0,0,0,1,10,0,0,0,0,0,0,0.0,0.0,0.0,0.0,0.0,0.0
제4대,최진국,증인,"","","","",0,0,0,0,0,0,21,622,0,0,0,0,0,0,0.0,0.0,0.0,0.0,0.0,0.0
제4대,정존수,"",자유당,경기 평택군,"",재선,0,0,0,0,0,0,1,24,0,0,0,0,0,0,0.0,0.0,0.0,0.0,0.0,0.0
제4대,초청인사,"","","","","",0,0,0,0,0,0,1,24,0,0,0,0,0,0,0.0,0.0,0.0,0.0,0.0,0.0
제3대,윤우경,구황실총무국장,"","","","",0,0,0,0,0,0,5,246,1,0,0,0,0,1,0.0,0.0,0.0,0.0,0.0,0.0
제4대,표는,위원장,"","","","",3,3,0,0,0,3,4,5773,3,1,0,0,0,3,5.2,5.2,0.0,0.0,0.0,5.2
제헌,원용균,의원,대한독립촉성국민회,강원 횡성,"",초선,0,0,0,0,0,0,5,1063,0,0,0,0,0,0,0.0,0.0,0.0,0.0,0.0,0.0
제3대,수연의직,농지관리국장,"","","","",2,0,0,0,0,0,1,12,1,0,0,0,0,0,1666.67,0.0,0.0,0.0,0.0,0.0
제2대,한국원,사회보건위원장,무소속,경북 영덕,"",초선,0,0,0,0,0,0,28,1617,4,2,0,0,0,1,0.0,0.0,0.0,0.0,0.0,0.0
제4대,이기붕,의장,자유당,경기 이천,"",재선,0,1,0,0,0,0,59,3715,0,1,0,0,0,0,0.0,2.69,0.0,0.0,0.0,0.0
제헌,김명동,의원,무소속,충남 공주갑,"",재선,1,0,0,0,1,0,137,9513,1,0,0,0,1,0,1.05,0.0,0.0,0.0,1.05,0.0
제4대,하태환,"",자유당,경북 포항,"",재선,0,0,0,0,0,0,1,100,0,0,0,1,0,0,0.0,0.0,0.0,0.0,0.0,0.0
제2대,황성수,"",무소속,서울 용산구갑,"",4선,0,0,0,0,0,0,1,34,4,0,1,0,0,5,0.0,0.0,0.0,0.0,0.0,0.0
제3대,"",의원,"","","","",0,0,0,0,0,0,1,44,94,35,22,8,8,20,0.0,0.0,0.0,0.0,0.0,0.0
제3대,최정우,사무총장,"","","","",3,1,0,0,0,0,25,6223,1,1,0,0,0,0,4.82,1.61,0.0,0.0,0.0,0.0
제4대,박병호,위원,"","","","",0,0,0,0,0,0,1,2,0,0,0,0,0,0,0.0,0.0,0.0,0.0,0.0,0.0
제3대,김병윤,양정국장,"","","","",0,0,0,0,0,0,1,34,0,0,0,0,0,0,0.0,0.0,0.0,0.0,0.0,0.0
제3대,이존화,문교위원장,자유당,전북 완주군갑,"",재선,0,0,0,0,0,0,14,1736,4,0,0,0,0,1,0.0,0.0,0.0,0.0,0.0,0.0
제4대,이병하,위원,민주당,경북 대구시을,"",재선,1,0,0,0,0,0,64,6735,1,0,0,1,0,0,1.48,0.0,0.0,0.0,0.0,0.0
제4대,김영간,법무부법무국장,"","","","",0,0,0,0,0,0,1,225,0,0,0,0,0,0,0.0,0.0,0.0,0.0,0.0,0.0
제헌,표현태,의원,대한독립촉성국민회,경남 거창,"",초선,0,0,0,0,0,0,18,927,0,0,0,0,0,0,0.0,0.0,0.0,0.0,0.0,0.0
제4대,이성주,의원,자유당,경기 고양,"",초선,1,0,0,0,0,0,31,11442,4,1,0,0,0,0,0.87,0.0,0.0,0.0,0.0,0.0
제헌,윤치영,위원,한국민주당,서울 중구,"",4선,0,0,0,0,0,0,7,328,3,2,1,2,9,1,0.0,0.0,0.0,0.0,0.0,0.0
제4대,강두기,해무청시설국장,"","","","",0,0,0,0,0,0,4,347,0,0,0,0,0,0,0.0,0.0,0.0,0.0,0.0,0.0
제4대,감시는,해군본부관리참모부장,"","","","",0,0,0,0,0,0,1,39,0,0,0,0,0,0,0.0,0.0,0.0,0.0,0.0,0.0
제3대,신용욱,의원,자유당,전북 고창군을,"",재선,1,0,0,0,0,0,11,6802,1,0,0,0,0,1,1.47,0.0,0.0,0.0,0.0,0.0
제3대,헌법,"","","","","",0,0,0,0,0,0,1,14,0,0,0,0,0,0,0.0,0.0,0.0,0.0,0.0,0.0
제4대,심계원장,"","","","","",0,0,0,0,0,0,13,3894,0,0,0,0,0,0,0.0,0.0,0.0,0.0,0.0,0.0
제3대,위원회,위원,"","","","",0,0,0,0,0,0,1,8,0,0,0,0,0,0,0.0,0.0,0.0,0.0,0.0,0.0
제4대,정규상,"",자유당,강원 영월,"",재선,0,0,0,0,0,0,1,29,3,0,0,0,0,2,0.0,0.0,0.0,0.0,0.0,0.0
제헌,부의강,"","","","","",0,0,0,0,0,0,1,38,0,0,0,0,0,0,0.0,0.0,0.0,0.0,0.0,0.0
제2대,백한성,내무부장관,"","","","",0,1,0,0,0,0,28,8925,0,1,0,0,0,0,0.0,1.12,0.0,0.0,0.0,0.0
제4대,장경수,해군본부수로국장,"","","","",0,0,0,0,0,0,1,12,0,0,0,0,0,0,0.0,0.0,0.0,0.0,0.0,0.0
제3대,야간에,"","","","","",0,0,0,0,0,0,1,3,0,0,0,0,0,0,0.0,0.0,0.0,0.0,0.0,0.0
제4대,이상용,내무위원장,자유당,"경남 부산시,서구갑","",초선,0,0,0,0,0,0,3,1022,3,1,0,0,0,1,0.0,0.0,0.0,0.0,0.0,0.0
제4대,제길윤,증인,"","","","",0,0,0,0,0,0,7,161,0,0,0,0,0,0,0.0,0.0,0.0,0.0,0.0,0.0
제3대,표는,위원장,"","","","",0,0,0,0,0,0,1,68,0,0,0,0,0,0,0.0,0.0,0.0,0.0,0.0,0.0
제4대,안용백,문교위원장,자유당,전남 보성,"",초선,0,0,0,0,0,0,2,194,1,0,0,0,0,1,0.0,0.0,0.0,0.0,0.0,0.0
제3대,외교상,"","","","","",0,0,0,0,0,0,1,31,0,0,0,0,0,0,0.0,0.0,0.0,0.0,0.0,0.0
제헌,차경모,의원,무소속,전남 강진,"",초선,0,0,0,0,0,0,9,2010,0,0,0,0,0,0,0.0,0.0,0.0,0.0,0.0,0.0
제3대,조순,위원,자유당,전남 곡성군,"",3선,2,0,0,0,0,0,19,4078,7,3,2,0,0,0,4.9,0.0,0.0,0.0,0.0,0.0
제4대,이영희,의원,자유당,경남 의령,"",재선,0,0,0,0,0,0,39,13696,8,3,1,0,0,0,0.0,0.0,0.0,0.0,0.0,0.0
제4대,수로여비,수로국장,"","","","",0,0,0,0,0,0,1,5,0,0,0,0,0,0,0.0,0.0,0.0,0.0,0.0,0.0
제헌,김상덕,특별조사위원장,민족통일본부,경북 고령,"",초선,0,0,0,0,0,0,13,2260,3,0,0,0,0,0,0.0,0.0,0.0,0.0,0.0,0.0
제4대,고담용,의원,민주당,제주 제주,"",재선,1,2,0,0,0,0,11,9038,5,2,1,0,0,0,1.11,2.21,0.0,0.0,0.0,0.0
제3대,표양문,의원,자유당,경기 인천병,"",초선,0,0,0,0,0,0,1,974,0,0,0,0,0,0,0.0,0.0,0.0,0.0,0.0,0.0
제2대,오하영,임시의장,무소속,서울 종로구을,"",초선,0,0,0,0,0,0,22,1062,0,0,0,0,0,0,0.0,0.0,0.0,0.0,0.0,0.0
제4대,한희석,부의장,자유당,충남 천안갑,"",재선,1,6,0,1,0,0,880,48362,1,1,0,1,0,0,0.21,1.24,0.0,0.21,0.0,0.0
제헌,국방차관,"","","","","",0,0,0,0,0,0,1,16,0,0,0,0,0,0,0.0,0.0,0.0,0.0,0.0,0.0
제2대,대리,내무위원장,"","","","",0,0,0,0,0,0,1,621,0,0,0,0,0,0,0.0,0.0,0.0,0.0,0.0,0.0
제4대,박세경,법사위원장,자유당,전북 임실,"",재선,0,0,0,0,0,0,1,16,3,3,0,0,0,1,0.0,0.0,0.0,0.0,0.0,0.0
제4대,이영희,농림위원장,자유당,경남 의령,"",재선,2,0,0,0,0,0,6,2560,8,3,1,0,0,0,7.81,0.0,0.0,0.0,0.0,0.0
제4대,김정환,의원,민주당,경남 밀양을,"",초선,1,0,0,0,0,0,2,2873,1,1,0,0,0,0,3.48,0.0,0.0,0.0,0.0,0.0
제3대,이정희,의원,자유당,경북 영주군,"",재선,13,2,0,0,1,2,13,17473,4,1,0,0,1,1,7.44,1.14,0.0,0.0,0.57,1.14
제3대,박도언,전매청총무국장,"","","","",2,0,0,0,0,0,42,1952,1,0,0,0,0,0,10.25,0.0,0.0,0.0,0.0,0.0
제2대,신중목,농림부장관,무소속,경남 거창,"",초선,3,0,0,0,0,0,11,8002,2,0,0,0,0,0,3.75,0.0,0.0,0.0,0.0,0.0
제헌,오택관,의원,한국독립당,경기 옹진갑,"",초선,0,0,0,0,0,0,62,4856,0,0,0,0,0,0,0.0,0.0,0.0,0.0,0.0,0.0
제3대,김익로,징계자격위원장,"","","","",0,0,0,0,0,0,5,1203,0,0,0,0,0,0,0.0,0.0,0.0,0.0,0.0,0.0
제4대,최경남,증인,"","","","",0,0,0,0,0,0,113,5612,0,0,0,0,0,0,0.0,0.0,0.0,0.0,0.0,0.0
제3대,모르지,"","","","","",0,0,0,0,0,0,1,300,0,0,0,0,0,0,0.0,0.0,0.0,0.0,0.0,0.0
제4대,박인순,보건사회부부녀국장,"","","","",1,0,0,0,0,0,1,370,1,0,0,0,0,0,27.03,0.0,0.0,0.0,0.0,0.0
제4대,이갑식,재정경제위원장,자유당,전남 구례,"",재선,0,11,0,0,0,0,3,2490,2,9,0,0,0,0,0.0,44.18,0.0,0.0,0.0,0.0
제4대,원호단체,국방부경리국장,"","","","",0,0,0,0,0,0,1,15,0,0,0,0,0,0,0.0,0.0,0.0,0.0,0.0,0.0
제4대,김성근,증인,"","","","",0,0,0,0,0,0,23,1329,0,0,0,0,0,0,0.0,0.0,0.0,0.0,0.0,0.0
제3대,한희석,내무분과위원장,자유당,충남 천안군,"",재선,0,0,0,0,0,0,3,400,1,0,0,0,0,0,0.0,0.0,0.0,0.0,0.0,0.0
제4대,류지원,의원,"","","","",0,0,0,0,0,0,2,1772,1,0,1,0,0,0,0.0,0.0,0.0,0.0,0.0,0.0
제4대,직원,"","","","","",0,0,0,0,0,0,1,13,0,0,0,0,0,0,0.0,0.0,0.0,0.0,0.0,0.0
제헌,원장길,의원,대동청년당,강원 강릉갑,"",초선,0,0,0,0,0,0,26,3475,1,0,0,0,0,0,0.0,0.0,0.0,0.0,0.0,0.0
제4대,구흥남,위원장,자유당,전남 화순,"",재선,5,0,0,1,0,0,190,6940,7,0,0,1,0,0,7.2,0.0,0.0,1.44,0.0,0.0
제4대,적어도,해군본부인사국장,"","","","",0,0,0,0,0,0,1,20,0,0,0,0,0,0,0.0,0.0,0.0,0.0,0.0,0.0
제4대,반장대리,"","","","","",0,0,0,0,0,0,1,87,0,0,0,0,0,0,0.0,0.0,0.0,0.0,0.0,0.0
제3대,대한민국,"","","","","",0,0,0,0,0,0,1,8,0,0,0,0,0,0,0.0,0.0,0.0,0.0,0.0,0.0
제2대,김태희,의원,무소속,황해도 연백을,"",초선,2,0,0,0,0,0,5,1535,1,0,0,0,0,0,13.03,0.0,0.0,0.0,0.0,0.0
제2대,"",시회보건위원장,"","","","",0,0,0,0,0,0,1,107,58,37,45,2,4,13,0.0,0.0,0.0,0.0,0.0,0.0
제3대,김철안,위원,자유당,경북 금릉군,"",재선,0,0,0,0,0,0,7,1844,2,0,2,0,1,0,0.0,0.0,0.0,0.0,0.0,0.0
제3대,행정부,"","","","","",0,0,0,0,0,0,1,16,0,0,0,0,0,0,0.0,0.0,0.0,0.0,0.0,0.0
제헌,남궁현,의원,대한독립촉성국민회,충남 부여갑,"",초선,0,0,0,0,0,0,27,2157,0,0,0,0,0,0,0.0,0.0,0.0,0.0,0.0,0.0
제4대,이필재,증인,"","","","",0,0,0,0,0,0,17,490,0,0,0,0,0,0,0.0,0.0,0.0,0.0,0.0,0.0
제헌,김동준,위원,무소속,충남 서산을,"",초선,0,0,0,0,0,0,2,2,3,1,1,0,0,0,0.0,0.0,0.0,0.0,0.0,0.0
제헌,황병규,"",무소속,전남 여수을,"",재선,0,0,0,0,0,0,1,2,2,0,0,0,0,0,0.0,0.0,0.0,0.0,0.0,0.0
제2대,김법린,문교부장관,"","","","",2,0,0,0,0,0,16,6870,2,0,0,0,0,0,2.91,0.0,0.0,0.0,0.0,0.0
제헌,최규옥,의원,대한독립촉성국민회,강원 춘천,"",재선,1,0,0,0,0,0,27,1251,1,0,0,0,0,0,7.99,0.0,0.0,0.0,0.0,0.0
제4대,이것은,공군본부경리국장,"","","","",0,0,0,0,0,0,1,4,1,0,0,0,0,0,0.0,0.0,0.0,0.0,0.0,0.0
제헌,오세창씨,"","","","","",0,0,0,0,0,0,1,59,0,0,0,0,0,0,0.0,0.0,0.0,0.0,0.0,0.0
제3대,인태식,재무장관,자유당,충남 당진군갑,"",3선,0,0,0,0,0,0,3,262,6,14,3,0,0,1,0.0,0.0,0.0,0.0,0.0,0.0
제헌,오기열,의원,무소속,전북 진안,"",초선,0,0,0,0,0,0,17,1110,0,0,0,0,0,0,0.0,0.0,0.0,0.0,0.0,0.0
제4대,차가,육군본부인사국장,"","","","",0,0,0,0,0,0,1,51,0,0,0,0,0,0,0.0,0.0,0.0,0.0,0.0,0.0
제3대,비성,"","","","","",0,0,0,0,0,0,1,463,0,0,0,0,0,0,0.0,0.0,0.0,0.0,0.0,0.0
제3대,이선근,문교부장관,"","","","",27,0,0,5,0,0,48,50828,9,0,0,2,0,0,5.31,0.0,0.0,0.98,0.0,0.0
제3대,김종원,내무부치안국장,"","","","",0,0,0,0,0,0,1,411,0,0,0,0,0,0,0.0,0.0,0.0,0.0,0.0,0.0
제4대,이강학,내무부치안국장,"","","","",1,0,0,0,0,0,27,4561,1,0,0,0,0,0,2.19,0.0,0.0,0.0,0.0,0.0
제4대,서임수,의원,무소속,강원 철원,"",초선,0,0,0,0,0,0,1,862,0,0,0,0,0,0,0.0,0.0,0.0,0.0,0.0,0.0
제2대,조헌영,의원,무소속,경북 영양,"",재선,0,0,0,0,0,0,2,293,0,0,0,0,0,0,0.0,0.0,0.0,0.0,0.0,0.0
제4대,수리비의,육군본부관리국장,"","","","",3,0,0,0,0,0,1,40,1,0,0,0,0,0,750.0,0.0,0.0,0.0,0.0,0.0
제4대,유용식,위원장,자유당,경기 양평,"",초선,0,0,0,7,0,0,240,6043,3,1,1,6,0,0,0.0,0.0,0.0,11.58,0.0,0.0
제4대,배경주,증인,"","","","",0,0,0,0,0,0,35,267,0,0,0,0,0,0,0.0,0.0,0.0,0.0,0.0,0.0
제2대,서상환,법무부장관,"","","","",0,0,0,0,0,0,24,11170,0,0,0,0,0,0,0.0,0.0,0.0,0.0,0.0,0.0
제3대,임흥순,의원,무소속,서울 성동구갑,"",재선,0,0,0,0,0,0,20,6862,0,0,0,0,0,0,0.0,0.0,0.0,0.0,0.0,0.0
제4대,안춘생,육군본부인사참모부장,"","","","",1,0,0,0,0,0,17,566,1,0,0,0,0,0,17.67,0.0,0.0,0.0,0.0,0.0
제4대,진형하,위원,민주당,충남 대전을,"",3선,3,0,0,0,0,1,175,15141,2,0,1,0,0,1,1.98,0.0,0.0,0.0,0.0,0.66
제3대,박흥규,위원,자유당,전남 광산을,"",재선,18,0,0,0,0,0,108,14835,10,0,0,0,0,0,12.13,0.0,0.0,0.0,0.0,0.0
제3대,박영출,위원,자유당,경북 의성갑,"",재선,0,0,0,0,0,0,10,749,2,4,2,0,0,2,0.0,0.0,0.0,0.0,0.0,0.0
제4대,김형대,증인,"","","","",0,0,0,0,0,0,32,929,0,0,0,0,0,0,0.0,0.0,0.0,0.0,0.0,0.0
제헌,이성학,위원,대동청년당,전남 해남을,"",초선,1,0,0,0,0,0,5,551,2,1,1,0,1,0,18.15,0.0,0.0,0.0,0.0,0.0
제4대,강봉수,보건사회부원호국장,"","","","",0,0,0,0,0,0,1,383,0,0,0,0,0,0,0.0,0.0,0.0,0.0,0.0,0.0
제4대,정명섭,교통체신위원장,자유당,전남 나주군을,"",3선,0,0,0,0,0,0,3,76,5,0,0,0,0,0,0.0,0.0,0.0,0.0,0.0,0.0
제2대,홍익표,운영위원장,무소속,경기 가평,"",6선,0,0,0,0,0,0,9,759,0,0,0,0,0,0,0.0,0.0,0.0,0.0,0.0,0.0
제3대,이호,법무부장관,"","","","",5,0,0,0,0,0,130,39836,3,0,0,0,0,0,1.26,0.0,0.0,0.0,0.0,0.0
제4대,안균섭,위원,자유당,전북 남원을,"",초선,1,0,0,0,0,0,152,11296,1,0,0,0,0,0,0.89,0.0,0.0,0.0,0.0,0.0
제2대,노랜드,의원,"","","","",0,0,0,0,0,0,1,534,0,0,0,0,0,0,0.0,0.0,0.0,0.0,0.0,0.0
제헌,노진설,감찰위원장,"","","","",0,0,0,0,0,0,1,240,0,0,0,0,0,0,0.0,0.0,0.0,0.0,0.0,0.0
제4대,그런,수로국장,"","","","",0,0,0,0,0,0,1,6,0,0,0,0,0,0,0.0,0.0,0.0,0.0,0.0,0.0
제3대,기획처장,"","","","","",0,1,0,0,0,0,14,6473,0,1,0,0,0,0,0.0,1.54,0.0,0.0,0.0,0.0
제4대,신정강,증인,"","","","",0,0,0,0,0,0,21,173,0,0,0,0,0,0,0.0,0.0,0.0,0.0,0.0,0.0
제3대,회부도,"","","","","",0,0,0,0,0,0,1,150,0,0,0,0,0,0,0.0,0.0,0.0,0.0,0.0,0.0
제4대,안용대,의원,무소속,경북 경주,"",재선,0,0,0,0,0,3,9,3974,2,4,0,0,0,2,0.0,0.0,0.0,0.0,0.0,7.55
제4대,발행하지,수로국장,"","","","",0,0,0,0,0,0,1,6,0,0,0,0,0,0,0.0,0.0,0.0,0.0,0.0,0.0
제3대,김상도,"",자유당,경북 영천군갑,"",재선,0,0,0,0,0,0,1,69,4,3,3,0,0,0,0.0,0.0,0.0,0.0,0.0,0.0
제3대,문봉제,교통부장관,"","","","",18,2,0,0,0,0,66,25025,8,1,0,0,0,1,7.19,0.8,0.0,0.0,0.0,0.0
제헌,부통령,"","","","","",0,0,0,0,0,0,2,294,0,0,0,0,0,0,0.0,0.0,0.0,0.0,0.0,0.0
제4대,공보실장,"","","","","",37,0,0,0,0,2,138,49887,8,0,0,0,0,2,7.42,0.0,0.0,0.0,0.0,0.4
제헌,원용환,의원,"","","","",0,0,0,0,0,0,1,1,0,0,0,0,0,0,0.0,0.0,0.0,0.0,0.0,0.0
제2대,사무차장,"","","","","",0,0,0,0,0,0,2,241,0,0,0,0,0,0,0.0,0.0,0.0,0.0,0.0,0.0
제4대,정의택,문교부보통교육국장,"","","","",0,0,0,0,0,0,17,1222,0,0,0,0,0,0,0.0,0.0,0.0,0.0,0.0,0.0
제4대,임문석,의원,민주당,경북 대구시병,"",재선,9,6,0,0,0,11,21,15658,8,5,1,0,0,6,5.75,3.83,0.0,0.0,0.0,7.03
제2대,속에,"","","","","",0,0,0,0,0,0,1,37,0,0,0,0,0,0,0.0,0.0,0.0,0.0,0.0,0.0
제4대,연락해서,증인,"","","","",0,0,0,0,0,0,1,1,0,0,0,0,0,0,0.0,0.0,0.0,0.0,0.0,0.0
제3대,염우양,의원,"","","","",0,0,0,0,0,0,1,99,0,0,0,0,0,0,0.0,0.0,0.0,0.0,0.0,0.0
제3대,윤만석,의원,자유당,경북 문경,"",초선,0,0,0,0,0,0,12,18430,3,0,2,0,0,0,0.0,0.0,0.0,0.0,0.0,0.0
제3대,조만종,위원,자유당,경남 밀양을,"",초선,7,2,0,0,0,0,82,14359,3,2,1,0,0,0,4.87,1.39,0.0,0.0,0.0,0.0
제3대,정영기,광무국장,"","","","",0,0,0,0,0,0,1,319,0,0,0,0,0,0,0.0,0.0,0.0,0.0,0.0,0.0
제2대,김경배,의원,대한국민당,황해도 연백갑,"",재선,0,0,0,0,0,0,2,40,0,0,0,0,0,0,0.0,0.0,0.0,0.0,0.0,0.0
제4대,이형모,부흥위원장,자유당,전남 승주,"",재선,0,0,0,0,0,0,2,103,7,3,0,0,1,2,0.0,0.0,0.0,0.0,0.0,0.0
제4대,김규만,위원,민주당,경북 의성갑,"",초선,1,0,0,1,0,0,5,1648,1,0,0,1,0,0,6.07,0.0,0.0,6.07,0.0,0.0
제3대,그전,"","","","","",0,0,0,0,0,0,1,1,0,0,0,0,0,0,0.0,0.0,0.0,0.0,0.0,0.0
제4대,김규진,증인,"","","","",0,0,0,0,0,0,3,128,0,0,0,0,0,0,0.0,0.0,0.0,0.0,0.0,0.0
제3대,강봉옥,의원,자유당,경남 하동,"",초선,0,0,0,0,0,0,3,3258,0,0,0,0,0,0,0.0,0.0,0.0,0.0,0.0,0.0
제4대,곽상훈,의원,민주당,경기 인천시을,"",5선,0,0,0,0,0,0,17,9723,0,0,0,0,0,0,0.0,0.0,0.0,0.0,0.0,0.0
제3대,이형모,의원,자유당,전남 승주,"",재선,0,0,0,0,0,0,7,5115,0,2,0,0,0,0,0.0,0.0,0.0,0.0,0.0,0.0
제4대,최인규,의원,자유당,경기 광주,"",초선,0,0,0,0,0,0,3,2904,9,0,0,0,0,0,0.0,0.0,0.0,0.0,0.0,0.0
제헌,"",산업위원회위원장,"","","","",0,0,0,0,0,0,1,19,35,14,13,1,8,13,0.0,0.0,0.0,0.0,0.0,0.0
제2대,박정근,위원,무소속,전북 전주,"",재선,0,0,0,0,0,0,1,1097,6,10,4,0,1,0,0.0,0.0,0.0,0.0,0.0,0.0
제3대,인태식,의원,자유당,충남 당진군갑,"",3선,1,2,0,0,0,0,9,6023,6,14,3,0,0,1,1.66,3.32,0.0,0.0,0.0,0.0
제4대,임봉순,증인,"","","","",0,0,0,0,0,0,30,509,0,0,0,0,0,0,0.0,0.0,0.0,0.0,0.0,0.0
제2대,오위영,전원위원장,무소속,경남 울산갑,"",3선,0,1,0,0,0,0,1,854,3,5,1,0,0,1,0.0,11.71,0.0,0.0,0.0,0.0
제헌,백남칠,관재총국장,"","","","",0,0,0,0,0,0,2,1555,0,0,0,0,0,0,0.0,0.0,0.0,0.0,0.0,0.0
제3대,홍창섭,농립위원장,자유당,강원 춘천,"",4선,0,0,0,0,0,0,1,6,5,1,1,0,0,0,0.0,0.0,0.0,0.0,0.0,0.0
제2대,"",외무위원장,"","","","",0,0,0,0,0,0,13,4337,58,37,45,2,4,13,0.0,0.0,0.0,0.0,0.0,0.0
제3대,아동,"","","","","",0,0,0,0,0,0,1,9,0,0,0,0,0,0,0.0,0.0,0.0,0.0,0.0,0.0
제헌,김우식,의원,전도회,경북 달성,"",초선,0,0,0,0,2,0,122,8610,0,0,0,0,1,0,0.0,0.0,0.0,0.0,2.32,0.0
제3대,번호표,"","","","","",0,0,0,0,0,0,1,4,0,0,0,0,0,0,0.0,0.0,0.0,0.0,0.0,0.0
제4대,원용석,"",자유당,충남 당진을,"",초선,0,0,0,0,0,0,1,20,9,7,0,0,1,4,0.0,0.0,0.0,0.0,0.0,0.0
제4대,김경술,증인,"","","","",0,1,0,0,0,0,56,3180,0,1,0,0,0,0,0.0,3.14,0.0,0.0,0.0,0.0
제헌,백관수,법제사법위원회위원장,한국민주당,전북 고창을,"",초선,0,0,0,0,0,0,3,445,6,0,0,0,1,4,0.0,0.0,0.0,0.0,0.0,0.0
제헌,윤치영,의원,한국민주당,서울 중구,"",4선,2,0,0,5,3,1,136,29062,3,2,1,2,9,1,0.69,0.0,0.0,1.72,1.03,0.34
제3대,장석윤,의원,무소속,강원 횡성군,"",재선,0,0,0,0,0,0,3,866,0,0,0,0,0,0,0.0,0.0,0.0,0.0,0.0,0.0
제4대,류지원,국방위원장,"","","","",0,0,0,0,0,0,3,1428,1,0,1,0,0,0,0.0,0.0,0.0,0.0,0.0,0.0
제4대,박용익,"",자유당,강원 명주,"",재선,0,0,0,0,0,0,1,66,0,0,0,0,0,0,0.0,0.0,0.0,0.0,0.0,0.0
제헌,유진홍,위원,대한독립촉성국민회,충남 논산갑,"",초선,3,0,0,0,0,0,3,744,4,1,3,0,0,1,40.32,0.0,0.0,0.0,0.0,0.0
제3대,장영근,위원,무소속,충북 단양,"",초선,0,0,0,0,0,0,2,9,0,0,0,0,0,0,0.0,0.0,0.0,0.0,0.0,0.0
제헌,김뱡회,의원,"","","","",0,0,0,0,0,0,1,1,0,0,0,0,0,0,0.0,0.0,0.0,0.0,0.0,0.0
제헌,오택열,의원,대한독립촉성국민회,경북 영덕,"",초선,0,0,0,0,0,0,23,46,0,0,0,0,0,0,0.0,0.0,0.0,0.0,0.0,0.0
제3대,김택술,의원,무소속,전북 정읍군을,"",재선,0,0,0,0,0,0,1,473,0,0,0,0,0,0,0.0,0.0,0.0,0.0,0.0,0.0
제4대,감사위원,"","","","","",0,0,0,0,0,0,4,24,0,0,0,0,0,0,0.0,0.0,0.0,0.0,0.0,0.0
제4대,병원장,"","","","","",0,0,0,0,0,0,2,11,0,0,0,0,0,0,0.0,0.0,0.0,0.0,0.0,0.0
제헌,신성모,내무부장관,"","","","",0,0,0,0,0,0,4,3163,1,0,0,0,0,0,0.0,0.0,0.0,0.0,0.0,0.0
제4대,박순석,"",자유당,경북 영일갑,"",3선,0,0,0,0,0,0,1,29,0,1,0,0,0,0,0.0,0.0,0.0,0.0,0.0,0.0
제헌,송필만,의원,한국민주당,충북 진천,"",재선,0,0,0,0,0,0,2,472,0,0,0,0,0,0,0.0,0.0,0.0,0.0,0.0,0.0
제4대,윤대은,체신부전무국장,"","","","",0,0,0,0,0,0,10,439,0,0,0,0,0,0,0.0,0.0,0.0,0.0,0.0,0.0
제2대,안상한,문교사회위원장,무소속,강원 횡성,"",초선,0,0,0,0,0,0,1,444,5,3,0,0,0,0,0.0,0.0,0.0,0.0,0.0,0.0
제3대,이용범,위원,자유당,경남 창원군을,"",재선,0,0,0,0,0,0,1,123,2,0,1,0,0,0,0.0,0.0,0.0,0.0,0.0,0.0
제4대,도망자에,해병대사령부인사국장,"","","","",0,0,0,0,0,0,1,8,0,0,0,0,0,0,0.0,0.0,0.0,0.0,0.0,0.0
제3대,의사,"","","","","",0,0,0,0,0,0,1,1,0,0,0,0,0,0,0.0,0.0,0.0,0.0,0.0,0.0
제4대,한근조,위원,민주당,서울 종로구을,"",3선,0,0,0,0,0,0,99,12819,1,0,2,0,0,0,0.0,0.0,0.0,0.0,0.0,0.0
제2대,김상덕,의원,"","","","",0,0,0,0,0,0,1,1,0,0,0,0,0,0,0.0,0.0,0.0,0.0,0.0,0.0
제4대,박흥규,위원장,자유당,전남 광주병,"",재선,3,0,0,0,0,0,1076,27568,5,1,1,0,0,0,1.09,0.0,0.0,0.0,0.0,0.0
제4대,이종준,위원,자유당,경북 월성군을,"",초선,0,0,0,0,0,0,7,1039,0,1,0,0,0,0,0.0,0.0,0.0,0.0,0.0,0.0
제4대,김상도,위원장,자유당,경북 영천갑,"",재선,0,0,0,0,0,0,383,8564,1,0,0,0,0,1,0.0,0.0,0.0,0.0,0.0,0.0
제3대,윤재욱,위원,무소속,서울 영등포구갑,"",재선,1,0,0,0,0,0,7,1852,3,0,1,0,0,0,5.4,0.0,0.0,0.0,0.0,0.0
제4대,저희들이,육군본부군수국장,"","","","",0,0,0,0,0,0,1,11,0,0,0,0,0,0,0.0,0.0,0.0,0.0,0.0,0.0
제4대,박희동,국장,"","","","",0,0,0,0,0,0,1,11,0,0,0,0,0,0,0.0,0.0,0.0,0.0,0.0,0.0
제4대,이채호,"","","","","",19,2,0,0,0,0,1,1234,1,1,0,0,0,0,153.97,16.21,0.0,0.0,0.0,0.0
제4대,이만호,증인,"","","","",0,0,0,0,0,0,47,867,0,0,0,0,0,0,0.0,0.0,0.0,0.0,0.0,0.0
제4대,송인상,재부무장관,"","","","",0,0,0,0,0,0,1,73,37,32,17,1,0,5,0.0,0.0,0.0,0.0,0.0,0.0
제3대,심계원장,"","","","","",3,0,0,0,0,0,22,5907,2,0,0,0,0,0,5.08,0.0,0.0,0.0,0.0,0.0
제3대,윤만석,김성주사건특별조사위원장,자유당,경북 문경,"",초선,0,0,0,0,0,0,1,2998,3,0,2,0,0,0,0.0,0.0,0.0,0.0,0.0,0.0
제4대,정존수,위원장,자유당,경기 평택군,"",재선,0,0,0,0,0,0,44,1766,0,0,0,0,0,0,0.0,0.0,0.0,0.0,0.0,0.0
제헌,"",재정경제위원장,"","","","",0,0,0,0,0,0,16,2868,35,14,13,1,8,13,0.0,0.0,0.0,0.0,0.0,0.0
제4대,"",부산경비사령부장,"","","","",0,0,0,0,0,0,17,153,138,25,25,10,3,18,0.0,0.0,0.0,0.0,0.0,0.0
제2대,서민호,내무치안위원장,무소속,전남 고흥을,"",4선,0,0,0,0,0,0,5,1245,1,0,0,0,0,0,0.0,0.0,0.0,0.0,0.0,0.0
제3대,김선우,의원,자유당,충북 보은군,"",재선,1,0,0,0,0,0,9,4710,1,0,0,0,0,0,2.12,0.0,0.0,0.0,0.0,0.0
제3대,황성수,"",자유당,전남 보성군,"",4선,0,0,0,0,0,0,1,215,1,0,2,0,0,1,0.0,0.0,0.0,0.0,0.0,0.0
제3대,조병욱,서울대학교교학국장,"","","","",0,0,0,0,0,0,1,274,0,0,0,0,0,0,0.0,0.0,0.0,0.0,0.0,0.0
제4대,여기는,육군본부작전교육국장,"","","","",0,0,0,0,0,0,1,23,0,0,0,0,0,0,0.0,0.0,0.0,0.0,0.0,0.0
제4대,주병환,의원,민주당,경북 성주군,"",재선,0,0,0,0,0,0,2,3861,2,0,0,0,0,0,0.0,0.0,0.0,0.0,0.0,0.0
제2대,조경규,내무위원회위원장,무소속,경북 대구갑,"",3선,0,0,0,0,0,0,1,383,3,1,1,0,0,0,0.0,0.0,0.0,0.0,0.0,0.0
제3대,박정근,위원장,자유당,전북 진안군,"",재선,0,0,0,0,0,0,1,6,13,4,4,0,0,1,0.0,0.0,0.0,0.0,0.0,0.0
제2대,김종희,의원,"","","","",0,0,0,0,0,0,1,194,0,0,0,0,0,0,0.0,0.0,0.0,0.0,0.0,0.0
제2대,홍창섭,국회운영위원장,무소속,강원 춘천,"",4선,0,0,0,0,0,0,3,240,4,1,3,0,0,0,0.0,0.0,0.0,0.0,0.0,0.0
제4대,전영석,위원,민주당,충남 서산갑,"",초선,2,0,0,0,0,0,10,3062,2,0,0,0,0,0,6.53,0.0,0.0,0.0,0.0,0.0
제2대,황병규,의원,대한국민당,전남 여천,"",재선,2,1,0,0,0,1,109,30015,5,1,0,0,0,1,0.67,0.33,0.0,0.0,0.0,0.33
제헌,정도영,위원,대한독립촉성국민회,경북 영천갑,"",초선,0,0,0,0,0,0,3,412,0,1,1,0,2,0,0.0,0.0,0.0,0.0,0.0,0.0
제4대,김웅수,육군본부군수참모부장,"","","","",16,0,0,0,0,0,39,3839,4,0,0,0,0,0,41.68,0.0,0.0,0.0,0.0,0.0
제3대,신의식,위원장,자유당,경기 용인시,"",재선,0,0,0,0,0,0,20,930,2,1,2,0,0,0,0.0,0.0,0.0,0.0,0.0,0.0
제4대,증인의,증인,"","","","",0,0,0,0,0,0,2,93,0,0,0,0,0,0,0.0,0.0,0.0,0.0,0.0,0.0
제헌,정항범씨,"","","","","",0,0,0,0,0,0,1,178,0,0,0,0,0,0,0.0,0.0,0.0,0.0,0.0,0.0
제4대,김효창,증인,"","","","",0,0,0,0,0,0,28,1721,0,0,0,0,0,0,0.0,0.0,0.0,0.0,0.0,0.0
제3대,변영태,외무장관,"","","","",0,0,0,0,0,0,1,61,3,1,2,1,0,1,0.0,0.0,0.0,0.0,0.0,0.0
제헌,신셩균,의원,"","","","",0,0,0,0,0,0,1,506,0,0,0,0,0,0,0.0,0.0,0.0,0.0,0.0,0.0
제2대,유덕천,의원,무소속,경남 진주,"",초선,0,0,0,0,0,0,1,1753,0,0,0,0,0,0,0.0,0.0,0.0,0.0,0.0,0.0
제3대,김두진,위원,무소속,제주 북제주군을,"",재선,5,4,0,0,0,0,50,5937,3,2,2,0,0,0,8.42,6.74,0.0,0.0,0.0,0.0
제4대,최용근,위원,자유당,강원 강릉,"",재선,0,0,0,0,0,0,39,4753,0,1,0,5,0,0,0.0,0.0,0.0,0.0,0.0,0.0
제2대,이순용,내무장관,"","","","",0,0,0,0,0,0,1,616,1,0,0,0,0,0,0.0,0.0,0.0,0.0,0.0,0.0
제4대,박종표,증인,"","","","",0,0,0,0,0,0,36,573,0,0,0,0,0,0,0.0,0.0,0.0,0.0,0.0,0.0
제3대,고재필,민의원법제조사국장,"","","","",0,0,0,0,0,0,1,569,0,0,0,0,0,0,0.0,0.0,0.0,0.0,0.0,0.0
제4대,임춘무,내무부통계국장,"","","","",0,0,0,0,0,0,2,464,0,0,0,0,0,0,0.0,0.0,0.0,0.0,0.0,0.0
제헌,김효석,내부무장관,대한독립촉성국민회,경남 합천을,"",초선,0,0,0,0,0,0,2,1252,0,1,0,0,0,0,0.0,0.0,0.0,0.0,0.0,0.0
제3대,열이,"","","","","",0,0,0,0,0,0,1,1,0,0,0,0,0,0,0.0,0.0,0.0,0.0,0.0,0.0
제3대,최용근,의원,자유당,강원 강릉시갑,"",재선,5,0,0,0,0,10,7,4976,4,1,0,0,0,1,10.05,0.0,0.0,0.0,0.0,20.1
제4대,이재학,위원,자유당,강원 홍천군,"",5선,10,0,0,0,0,0,260,9865,3,1,0,0,0,1,10.14,0.0,0.0,0.0,0.0,0.0
제4대,항공창장,"","","","","",0,0,0,0,0,0,13,408,0,0,0,0,0,0,0.0,0.0,0.0,0.0,0.0,0.0
제3대,오임근,예산국장,"","","","",2,5,0,0,0,0,151,15777,5,2,0,0,0,0,1.27,3.17,0.0,0.0,0.0,0.0
제3대,방출,"","","","","",0,0,0,0,0,0,1,35,0,0,0,0,0,0,0.0,0.0,0.0,0.0,0.0,0.0
제2대,지고,"","","","","",0,0,0,0,0,0,1,34,0,0,0,0,0,0,0.0,0.0,0.0,0.0,0.0,0.0
제4대,박용익,위원장,자유당,강원 명주,"",재선,0,0,0,0,0,0,234,4201,0,0,0,0,0,0,0.0,0.0,0.0,0.0,0.0,0.0
제3대,국회법,"","","","","",0,0,0,0,0,0,2,46,0,0,0,0,0,0,0.0,0.0,0.0,0.0,0.0,0.0
제3대,송경섭,위원,자유당,전남 고흥을,"",초선,0,0,0,0,0,0,17,2086,0,0,0,0,0,0,0.0,0.0,0.0,0.0,0.0,0.0
제3대,하태환,의원,무소속,경북 포항,"",재선,0,0,0,0,0,0,7,1777,2,0,0,0,0,0,0.0,0.0,0.0,0.0,0.0,0.0
제4대,그것이,육군본부작전교육국장,"","","","",0,0,0,0,0,0,1,37,0,0,0,0,0,0,0.0,0.0,0.0,0.0,0.0,0.0
제3대,"",교통부장관,"","","","",0,0,0,0,0,0,9,524,94,35,22,8,8,20,0.0,0.0,0.0,0.0,0.0,0.0
제4대,홍범희,위원,자유당,강원 원성,"",재선,1,0,0,0,0,1,66,4788,1,0,0,0,0,1,2.09,0.0,0.0,0.0,0.0,2.09
제4대,이존화,위원장,자유당,전북 완주갑,"",재선,8,1,0,0,0,0,145,5997,3,1,0,0,0,0,13.34,1.67,0.0,0.0,0.0,0.0
제2대,심익희,의장,"","","","",0,0,0,0,0,0,1,3,0,0,0,0,0,0,0.0,0.0,0.0,0.0,0.0,0.0
제4대,석주암,증인,"","","","",0,0,0,0,0,0,33,1129,0,0,0,0,0,0,0.0,0.0,0.0,0.0,0.0,0.0
제헌,최윤전,의사국장,"","","","",0,0,0,0,0,0,1,94,0,0,0,0,0,0,0.0,0.0,0.0,0.0,0.0,0.0
제3대,동의한데,"","","","","",0,0,0,0,0,0,1,22,0,0,0,0,0,0,0.0,0.0,0.0,0.0,0.0,0.0
제3대,박순석,위원,자유당,경북 영일군갑,"",3선,0,0,0,0,0,0,3,505,2,0,0,0,0,0,0.0,0.0,0.0,0.0,0.0,0.0
제4대,이재학,부의장,자유당,강원 홍천군,"",5선,0,1,0,0,0,3,1370,50029,3,1,0,0,0,1,0.0,0.2,0.0,0.0,0.0,0.6
제4대,신문은,육군본부인사국장,"","","","",0,0,0,0,0,0,1,26,0,0,0,0,0,0,0.0,0.0,0.0,0.0,0.0,0.0
제3대,신의식,"",자유당,경기 용인시,"",재선,0,0,0,0,0,0,1,22,2,1,2,0,0,0,0.0,0.0,0.0,0.0,0.0,0.0
제4대,이신득,체신부우정국장,"","","","",1,0,0,0,0,1,21,2046,1,0,0,0,0,1,4.89,0.0,0.0,0.0,0.0,4.89
제3대,최경남,국방부경리국장,"","","","",0,0,0,0,0,0,4,222,0,0,0,0,0,0,0.0,0.0,0.0,0.0,0.0,0.0
제2대,박양재,의원,무소속,전북 완주갑,"",초선,0,0,0,0,0,0,1,982,0,0,0,0,0,0,0.0,0.0,0.0,0.0,0.0,0.0
제4대,류순석,위원,"","","","",0,0,0,0,0,0,2,2260,0,0,0,0,0,0,0.0,0.0,0.0,0.0,0.0,0.0
제4대,조병옥,위원,민주당,서울 성동구을,"",재선,0,2,0,0,0,0,17,2878,0,1,0,0,0,0,0.0,6.95,0.0,0.0,0.0,0.0
제헌,이주형,위원,대한독립촉성국민회,경남 밀양갑,"",초선,0,0,0,0,0,0,10,1036,2,0,0,0,2,0,0.0,0.0,0.0,0.0,0.0,0.0
제3대,송경섭,의원,자유당,전남 고흥을,"",초선,0,0,0,0,0,0,25,5938,0,0,0,0,0,0,0.0,0.0,0.0,0.0,0.0,0.0
제3대,"",국무총리,"","","","",0,0,0,0,0,1,16,493,94,35,22,8,8,20,0.0,0.0,0.0,0.0,0.0,20.28
제3대,말마,"","","","","",0,0,0,0,0,0,1,4442,0,0,0,0,0,0,0.0,0.0,0.0,0.0,0.0,0.0
제3대,함두영,의원,자유당,서울 마포구을,"",초선,0,0,0,0,0,1,73,24250,1,1,0,0,0,1,0.0,0.0,0.0,0.0,0.0,0.41
제4대,최창섭,위원,자유당,경남 합천군을,"",3선,0,0,0,0,0,0,23,896,0,0,0,0,0,0,0.0,0.0,0.0,0.0,0.0,0.0
제4대,송영주,위원,민주당,전북 정읍을,"",초선,12,0,0,0,0,0,19,6854,3,0,0,0,0,0,17.51,0.0,0.0,0.0,0.0,0.0
제3대,김상현,위원,자유당,전북 무주군,"",재선,0,0,0,0,0,0,8,693,0,0,0,0,0,0,0.0,0.0,0.0,0.0,0.0,0.0
제4대,그런데,육군본부인사국장,"","","","",0,0,0,0,0,0,2,131,0,0,0,0,0,0,0.0,0.0,0.0,0.0,0.0,0.0
제4대,심진택,증인,"","","","",0,0,0,0,0,0,39,444,0,0,0,0,0,0,0.0,0.0,0.0,0.0,0.0,0.0
제3대,변정규,농지관리국장,"","","","",0,0,0,0,0,0,13,480,0,0,0,0,0,0,0.0,0.0,0.0,0.0,0.0,0.0
제4대,김두일,중앙선거위원장,"","","","",0,0,0,0,0,0,13,3070,0,0,0,0,0,0,0.0,0.0,0.0,0.0,0.0,0.0
제3대,정문흠,임시의장,자유당,경북 봉화군,"",3선,0,0,0,0,0,0,23,959,0,0,0,0,0,0,0.0,0.0,0.0,0.0,0.0,0.0
제4대,서상준,민의원사무처총무국장,"","","","",0,0,0,0,0,0,1,66,12,4,0,2,0,4,0.0,0.0,0.0,0.0,0.0,0.0
제3대,윤우경,구왕실총무국장,"","","","",0,0,0,0,0,0,1,58,1,0,0,0,0,1,0.0,0.0,0.0,0.0,0.0,0.0
제헌,사무차장,"","","","","",0,0,0,0,0,0,6,463,0,0,0,0,0,0,0.0,0.0,0.0,0.0,0.0,0.0
제헌,안준상,의원,조선민족청년단,경남 의령,"",초선,0,0,0,0,0,0,8,505,0,0,0,0,0,0,0.0,0.0,0.0,0.0,0.0,0.0
제헌,유홍렬,의원,"","","","",0,0,0,0,0,0,16,966,0,0,0,0,0,0,0.0,0.0,0.0,0.0,0.0,0.0
제3대,정재설,농림부장관,"","","","",12,5,0,0,0,0,41,16185,3,2,0,0,0,0,7.41,3.09,0.0,0.0,0.0,0.0
제4대,최용근,위원장,자유당,강원 강릉,"",재선,0,0,0,15,0,0,365,9220,0,1,0,5,0,0,0.0,0.0,0.0,16.27,0.0,0.0
제4대,저희로서,국방부경리국장,"","","","",0,0,0,0,0,0,1,434,0,0,0,0,0,0,0.0,0.0,0.0,0.0,0.0,0.0
제헌,허정,교통부장관,한국민주당,경남 부산을,"",초선,14,0,0,0,0,0,30,14917,6,0,0,0,0,0,9.39,0.0,0.0,0.0,0.0,0.0
제3대,성원경,의원,자유당,충남 예산군,"",재선,0,4,0,0,0,0,20,17899,0,1,0,0,0,0,0.0,2.23,0.0,0.0,0.0,0.0
제4대,여중,"","","","","",0,0,0,0,0,0,5,19,0,0,0,0,0,0,0.0,0.0,0.0,0.0,0.0,0.0
제3대,김두환,의원,"","","","",0,0,0,0,0,0,1,104,0,0,0,0,0,0,0.0,0.0,0.0,0.0,0.0,0.0
제3대,구흥남,의원,자유당,전남 화순군,"",재선,1,0,0,0,0,0,20,8114,3,0,1,0,0,1,1.23,0.0,0.0,0.0,0.0,0.0
제헌,한암회,위원,대한독립촉성국민회,경북 상주갑,"",초선,0,0,0,0,0,0,1,687,0,0,0,0,0,0,0.0,0.0,0.0,0.0,0.0,0.0
제4대,이응준,체신부장관,"","","","",8,0,0,0,0,0,22,3248,3,0,0,0,0,0,24.63,0.0,0.0,0.0,0.0,0.0
제4대,김계원,육군본부정보참모부장,"","","","",0,0,0,0,0,0,1,11,0,0,0,0,0,0,0.0,0.0,0.0,0.0,0.0,0.0
제2대,김종회,국방위원장,무소속,충남 대덕,"",초선,1,0,0,0,0,0,30,9854,7,0,3,0,0,0,1.01,0.0,0.0,0.0,0.0,0.0
제4대,이원장,의원,자유당,충남 보령군,"",재선,0,0,0,0,0,0,1,1141,1,0,0,0,0,0,0.0,0.0,0.0,0.0,0.0,0.0
제4대,오재영,위원,자유당,경기 안성,"",재선,3,0,0,0,0,0,44,3727,1,0,0,0,0,0,8.05,0.0,0.0,0.0,0.0,0.0
제3대,자유당,"","","","","",0,0,0,0,0,0,1,51,0,0,0,0,0,0,0.0,0.0,0.0,0.0,0.0,0.0
제3대,신행용,위원,무소속,전남 무안갑,"",초선,8,1,0,0,0,0,54,7294,3,1,1,0,0,0,10.97,1.37,0.0,0.0,0.0,0.0
제3대,조영규,부의장,민주국민당,전남 영광군,"",4선,0,0,0,0,0,0,1,439,12,9,6,2,0,5,0.0,0.0,0.0,0.0,0.0,0.0
제3대,도의원,의원,"","","","",0,0,0,0,0,0,1,8,0,0,0,0,0,0,0.0,0.0,0.0,0.0,0.0,0.0
제3대,강영직,교통부공전국장,"","","","",0,0,0,0,0,0,1,109,0,0,0,0,0,0,0.0,0.0,0.0,0.0,0.0,0.0
제헌,한암회,의원,대한독립촉성국민회,경북 상주갑,"",초선,0,0,0,0,0,0,2,188,0,0,0,0,0,0,0.0,0.0,0.0,0.0,0.0,0.0
제3대,나희집,농림위원장,자유당,충남 서천,"",초선,0,0,0,0,0,0,21,5458,0,1,2,0,0,0,0.0,0.0,0.0,0.0,0.0,0.0
제4대,주희국,증인,"","","","",0,0,0,0,0,0,50,722,0,0,0,0,0,0,0.0,0.0,0.0,0.0,0.0,0.0
제2대,지청천,외무국방위원장,민주국민당,서울 성동구갑,"",재선,0,0,0,0,0,0,7,1891,0,0,1,0,0,0,0.0,0.0,0.0,0.0,0.0,0.0
제3대,임송본,"","","","","",1,0,0,0,0,0,3,2191,1,0,0,0,0,0,4.56,0.0,0.0,0.0,0.0,0.0
제헌,권병노,의원,대한독립촉성국민회,경북 의성을,"",재선,0,0,0,0,0,0,1,1,0,0,0,0,0,0,0.0,0.0,0.0,0.0,0.0,0.0
제3대,의장,의장,"","","","",0,0,0,0,0,0,1,91,0,0,0,0,0,0,0.0,0.0,0.0,0.0,0.0,0.0
제4대,곽의영,체신부장관,자유당,충북 청원을,"",3선,75,1,0,0,0,3,99,33866,10,3,0,0,0,2,22.15,0.3,0.0,0.0,0.0,0.89
제헌,벡관수,의원,"","","","",0,0,0,0,0,0,3,179,0,0,0,0,0,0,0.0,0.0,0.0,0.0,0.0,0.0
제3대,서임수,사무처총무국장,"","","","",0,0,0,0,0,0,1,10,3,4,2,0,0,3,0.0,0.0,0.0,0.0,0.0,0.0
제3대,권오종,의원,국민회,경북 안동갑,"",재선,0,0,0,0,0,0,3,1487,2,0,0,0,0,0,0.0,0.0,0.0,0.0,0.0,0.0
제4대,이기붕,위원,자유당,경기 이천,"",재선,0,0,0,0,0,0,1,71,0,1,0,0,0,0,0.0,0.0,0.0,0.0,0.0,0.0
제헌,총무처장,"","","","","",1,0,0,0,0,0,9,2393,1,0,0,0,0,0,4.18,0.0,0.0,0.0,0.0,0.0
제헌,오택관,위원,한국독립당,경기 옹진갑,"",초선,0,0,0,0,0,0,1,140,0,0,0,0,0,0,0.0,0.0,0.0,0.0,0.0,0.0
제4대,최용근,의원,자유당,강원 강릉,"",재선,0,0,0,0,0,0,3,1810,0,1,0,5,0,0,0.0,0.0,0.0,0.0,0.0,0.0
제2대,황병규,"",대한국민당,전남 여천,"",재선,0,0,0,0,0,0,1,15,5,1,0,0,0,1,0.0,0.0,0.0,0.0,0.0,0.0
제헌,단장,"","","","","",0,0,0,0,0,0,1,604,0,0,0,0,0,0,0.0,0.0,0.0,0.0,0.0,0.0
제4대,이종남,위원,민주당,"경남 부산시,진구갑","",3선,14,16,0,0,0,1,298,24583,5,7,0,0,0,2,5.69,6.51,0.0,0.0,0.0,0.41
제3대,된다고,"","","","","",0,0,0,0,0,0,1,95,0,0,0,0,0,0,0.0,0.0,0.0,0.0,0.0,0.0
제2대,홍창섭,운영위원장,무소속,강원 춘천,"",4선,0,0,0,0,0,0,11,861,4,1,3,0,0,0,0.0,0.0,0.0,0.0,0.0,0.0
제3대,공보처장,"","","","","",0,0,0,0,0,0,4,186,0,0,0,0,0,0,0.0,0.0,0.0,0.0,0.0,0.0
제3대,기록원,"","","","","",0,0,0,0,0,0,1,21,0,0,0,0,0,0,0.0,0.0,0.0,0.0,0.0,0.0
제4대,정동기,공업국장,"","","","",0,0,0,0,0,0,1,136,1,0,0,0,0,0,0.0,0.0,0.0,0.0,0.0,0.0
제2대,서상덕,교통체신위원장,대한청년단,전남 나주을,"",초선,0,0,0,0,0,0,1,660,0,0,1,0,0,0,0.0,0.0,0.0,0.0,0.0,0.0
제4대,이성호,재무장관,"","","","",0,0,0,0,0,0,1,39,1,0,0,0,0,0,0.0,0.0,0.0,0.0,0.0,0.0
제헌,지청천,의원,대동청년당,서울 성동구,"",재선,0,0,0,0,0,0,2,1585,0,0,0,0,0,0,0.0,0.0,0.0,0.0,0.0,0.0
제4대,나상한,위원,"","","","",0,0,0,0,0,0,1,8,0,0,0,0,0,0,0.0,0.0,0.0,0.0,0.0,0.0
제3대,정존수,위원,자유당,경기 수원,"",재선,0,0,0,0,0,0,1,418,1,0,0,0,0,0,0.0,0.0,0.0,0.0,0.0,0.0
제4대,변진갑,위원,자유당,전남 장성군,"",3선,1,0,0,0,0,0,10,5853,2,2,0,0,1,0,1.71,0.0,0.0,0.0,0.0,0.0
제4대,박원석,공군본부군수국장,"","","","",0,0,0,0,0,0,12,457,0,0,0,0,0,0,0.0,0.0,0.0,0.0,0.0,0.0
제헌,김용현,의원,한국민주당,전남 무안갑,"",초선,0,0,0,0,0,0,3,3,0,0,0,0,0,0,0.0,0.0,0.0,0.0,0.0,0.0
제헌,김봉두,의원,무소속,전북 장수,"",초선,0,0,0,0,0,0,28,1987,0,0,1,0,0,0,0.0,0.0,0.0,0.0,0.0,0.0
제4대,안균섭,의원,자유당,전북 남원을,"",초선,0,0,0,0,0,0,5,1515,1,0,0,0,0,0,0.0,0.0,0.0,0.0,0.0,0.0
제2대,최재유,보건부장관,"","","","",0,0,0,0,0,0,8,2866,0,0,0,0,0,0,0.0,0.0,0.0,0.0,0.0,0.0
제4대,최병권,위원,자유당,경북 울릉,"",재선,2,0,0,0,0,0,213,10671,1,0,0,0,0,0,1.87,0.0,0.0,0.0,0.0,0.0
제4대,양일동,의원,무소속,전북 옥구,"",5선,0,3,0,0,0,0,39,7764,8,4,2,1,0,0,0.0,3.86,0.0,0.0,0.0,0.0
제2대,조병옥,내무부장관,"","","","",0,0,0,0,0,0,2,1386,0,0,0,0,0,0,0.0,0.0,0.0,0.0,0.0,0.0
제4대,그것을,해병대사령부군수국장,"","","","",0,0,0,0,0,0,1,72,0,0,0,0,0,0,0.0,0.0,0.0,0.0,0.0,0.0
제4대,적이,육군본부정보국장,"","","","",0,0,0,0,0,0,1,282,0,0,0,0,0,0,0.0,0.0,0.0,0.0,0.0,0.0
제4대,거기에,해병대사령부인사국장,"","","","",0,0,0,0,0,0,1,9,0,0,0,0,0,0,0.0,0.0,0.0,0.0,0.0,0.0
제2대,신익희,임시의장,민주국민당,전남 광주,"",3선,0,0,0,0,0,0,44,8700,10,11,14,2,0,4,0.0,0.0,0.0,0.0,0.0,0.0
제4대,박상운,상공부전기국장,"","","","",6,0,0,0,0,0,15,1815,3,0,0,0,0,0,33.06,0.0,0.0,0.0,0.0,0.0
제3대,외자청장,"","","","","",0,0,0,0,0,0,18,2136,0,0,0,0,0,0,0.0,0.0,0.0,0.0,0.0,0.0
제4대,서임수,위원,무소속,강원 철원,"",초선,0,0,0,0,0,0,115,5585,0,0,0,0,0,0,0.0,0.0,0.0,0.0,0.0,0.0
제2대,김양수,의원,민주국민당,전남 순천,"",초선,2,1,0,0,0,0,16,10464,2,1,0,0,0,0,1.91,0.96,0.0,0.0,0.0,0.0
제4대,안용백,위원,자유당,전남 보성,"",초선,1,0,0,0,0,1,14,3216,1,0,0,0,0,1,3.11,0.0,0.0,0.0,0.0,3.11
제2대,성득환,의원,민주국민당,충북 영동,"",초선,0,1,0,0,0,0,8,665,0,1,0,0,0,0,0.0,15.04,0.0,0.0,0.0,0.0
제4대,황성수,위원,자유당,전남 보성군,"",4선,0,0,0,0,0,0,77,5604,0,0,0,0,0,0,0.0,0.0,0.0,0.0,0.0,0.0
제헌,정우일,의원,무소속,경북 의성갑,"",초선,0,0,0,0,0,0,4,128,0,0,0,0,0,0,0.0,0.0,0.0,0.0,0.0,0.0
제3대,규정에,"","","","","",0,0,0,0,0,0,1,45,0,0,0,0,0,0,0.0,0.0,0.0,0.0,0.0,0.0
제4대,대법관,"","","","","",0,0,0,2,0,0,28,6007,0,0,0,1,0,0,0.0,0.0,0.0,3.33,0.0,0.0
제2대,이외의,"","","","","",0,0,0,0,0,0,1,1978,0,0,0,0,0,0,0.0,0.0,0.0,0.0,0.0,0.0
제헌,깁봉조,의원,"","","","",0,0,0,0,0,0,1,3,0,0,0,0,0,0,0.0,0.0,0.0,0.0,0.0,0.0
제3대,"",기획처예산국장,"","","","",4,0,0,0,0,1,44,973,94,35,22,8,8,20,41.11,0.0,0.0,0.0,0.0,10.28
제4대,장병균,증인,"","","","",0,0,0,0,0,0,28,660,0,0,0,0,0,0,0.0,0.0,0.0,0.0,0.0,0.0
제4대,김만,증인,"","","","",0,0,0,0,0,0,3,96,0,0,0,0,0,0,0.0,0.0,0.0,0.0,0.0,0.0
제2대,김명수,의원,민주국민당,경남 합천을,"",재선,0,0,0,0,0,0,4,2352,0,0,0,0,0,0,0.0,0.0,0.0,0.0,0.0,0.0
제2대,조주영,체신부장관,무소속,경남 남해,"",초선,0,0,0,0,0,0,5,3135,3,2,2,0,0,0,0.0,0.0,0.0,0.0,0.0,0.0
제3대,김영준,농림부산림국장,"","","","",1,0,0,0,0,0,1,455,2,0,0,0,0,0,21.98,0.0,0.0,0.0,0.0,0.0
제헌,백관수,위원,한국민주당,전북 고창을,"",초선,0,0,0,0,0,0,2,78,6,0,0,0,1,4,0.0,0.0,0.0,0.0,0.0,0.0
제4대,군인신분,해군본부인사국장,"","","","",0,0,0,0,0,0,1,29,0,0,0,0,0,0,0.0,0.0,0.0,0.0,0.0,0.0
제헌,이석의원,"","","","","",0,0,0,0,0,0,1,176,0,0,0,0,0,0,0.0,0.0,0.0,0.0,0.0,0.0
제4대,이태용,위원,민주당,충북 제천,"",4선,9,0,0,0,0,0,376,49939,6,0,0,0,1,0,1.8,0.0,0.0,0.0,0.0,0.0
제4대,오임근,재무부예산국장,"","","","",2,0,0,0,0,0,23,6216,1,0,0,0,0,0,3.22,0.0,0.0,0.0,0.0,0.0
제헌,대리,산업위원장,"","","","",0,0,0,0,0,0,2,331,0,0,0,0,0,0,0.0,0.0,0.0,0.0,0.0,0.0
제헌,박윤원,위원,무소속,경남 남해,"",초선,0,0,0,0,0,0,5,244,4,0,0,1,2,2,0.0,0.0,0.0,0.0,0.0,0.0
제4대,고재필,법제조사국장,"","","","",0,0,0,0,0,1,9,467,0,0,0,0,0,1,0.0,0.0,0.0,0.0,0.0,21.41
제3대,헌공령,"","","","","",0,0,0,0,0,0,1,87,0,0,0,0,0,0,0.0,0.0,0.0,0.0,0.0,0.0
제3대,지영진,의원,무소속,경남 양산군,"",재선,0,0,0,0,0,0,2,746,0,0,0,0,0,0,0.0,0.0,0.0,0.0,0.0,0.0
제4대,최구철,교통부총무국장,"","","","",0,0,0,0,0,0,2,55,0,0,0,0,0,0,0.0,0.0,0.0,0.0,0.0,0.0
제3대,소화,"","","","","",0,0,0,0,0,0,1,10,0,0,0,0,0,0,0.0,0.0,0.0,0.0,0.0,0.0
제4대,균등히,육군본부총무국장,"","","","",0,0,0,0,0,0,1,43,0,0,0,0,0,0,0.0,0.0,0.0,0.0,0.0,0.0
제3대,조남수,의원,자유당,충남 부여을 ,"",초선,0,0,0,0,0,0,1,478,0,0,0,0,0,0,0.0,0.0,0.0,0.0,0.0,0.0
제3대,최용근,재정경제위원장,자유당,강원 강릉시갑,"",재선,1,5,0,0,0,0,19,6208,4,1,0,0,0,1,1.61,8.05,0.0,0.0,0.0,0.0
제2대,서민호,내무위원장,무소속,전남 고흥을,"",4선,0,0,0,0,0,0,66,7635,1,0,0,0,0,0,0.0,0.0,0.0,0.0,0.0,0.0
제4대,조신환,증인,"","","","",0,0,0,0,0,0,32,940,0,0,0,0,0,0,0.0,0.0,0.0,0.0,0.0,0.0
제2대,백두진,재정부장관,"","","","",0,0,0,0,0,0,1,150,11,15,6,0,0,2,0.0,0.0,0.0,0.0,0.0,0.0
제4대,주금용,의원,무소속,경남 진해,"",초선,0,17,0,0,0,0,5,2498,1,3,1,0,0,0,0.0,68.05,0.0,0.0,0.0,0.0
제헌,황달수,의원,"","","","",0,0,0,0,0,0,1,1,0,0,0,0,0,0,0.0,0.0,0.0,0.0,0.0,0.0
제헌,김옥주,의원,무소속,전남 광양,"",초선,2,0,0,0,2,0,305,38632,3,0,0,0,2,0,0.52,0.0,0.0,0.0,0.52,0.0
제4대,김성곤,의원,자유당,경북 달성군,"",4선,0,0,0,0,0,0,2,2543,0,0,1,0,0,0,0.0,0.0,0.0,0.0,0.0,0.0
제4대,김봉규,증인,"","","","",0,0,0,0,0,0,42,505,0,0,0,0,0,0,0.0,0.0,0.0,0.0,0.0,0.0
제3대,류지원,국방위원장,"","","","",0,0,0,0,0,0,36,4992,0,0,1,0,0,0,0.0,0.0,0.0,0.0,0.0,0.0
제4대,"",서울지방검찰청부장,"","","","",0,0,0,0,0,0,1,131,138,25,25,10,3,18,0.0,0.0,0.0,0.0,0.0,0.0
제4대,유옥우,의원,민주당,전남 무안군을,"",5선,1,7,0,0,0,1,53,37985,6,15,6,0,0,1,0.26,1.84,0.0,0.0,0.0,0.26
제4대,박순석,의원,자유당,경북 영일갑,"",3선,0,1,0,0,0,0,11,2027,0,1,0,0,0,0,0.0,4.93,0.0,0.0,0.0,0.0
제헌,허남수,사무국장,"","","","",0,0,0,0,0,0,1,91,7,12,4,1,4,6,0.0,0.0,0.0,0.0,0.0,0.0
제4대,과거에는,국방부경리국장,"","","","",0,0,0,0,0,0,1,18,0,0,0,0,0,0,0.0,0.0,0.0,0.0,0.0,0.0
제4대,조순,의원,자유당,전남 곡성군,"",3선,0,0,0,0,0,0,5,157,13,2,0,0,0,1,0.0,0.0,0.0,0.0,0.0,0.0
제3대,이근직,내무부장관,"","","","",4,2,0,0,0,0,49,17087,2,2,0,0,0,0,2.34,1.17,0.0,0.0,0.0,0.0
제4대,윤용구,의원,자유당,경북 청송,"",재선,0,0,0,0,0,0,1,582,3,1,2,0,0,0,0.0,0.0,0.0,0.0,0.0,0.0
제3대,이영섭,의원,자유당,경기 시흥,"",초선,4,0,0,0,0,0,23,9849,2,0,0,0,0,0,4.06,0.0,0.0,0.0,0.0,0.0
제3대,김영상,의원,국민회,경남 함양,"",초선,0,0,0,0,0,0,2,392,0,0,0,0,0,0,0.0,0.0,0.0,0.0,0.0,0.0
제4대,유승준,의원,민주당,충남 홍성군,"",재선,0,1,0,0,0,0,9,8737,2,2,0,0,0,0,0.0,1.14,0.0,0.0,0.0,0.0
제3대,하을춘,의원,무소속,경남 창녕,"",초선,0,0,0,0,3,0,9,4494,0,0,0,0,1,0,0.0,0.0,0.0,0.0,6.68,0.0
제4대,원칙적으,국방부경리국장,"","","","",0,0,0,0,0,0,1,23,0,0,0,0,0,0,0.0,0.0,0.0,0.0,0.0,0.0
제4대,박세경,의원,자유당,전북 임실,"",재선,0,1,0,0,0,0,12,5251,3,3,0,0,0,1,0.0,1.9,0.0,0.0,0.0,0.0
제2대,조봉암,임시의장,대한국민당,경기 인천병,"",재선,0,0,0,0,0,0,56,2915,18,14,21,2,0,13,0.0,0.0,0.0,0.0,0.0,0.0
제3대,안준기,위원,자유당,경남 산청,"",초선,0,0,0,0,0,0,2,66,0,0,0,0,0,0,0.0,0.0,0.0,0.0,0.0,0.0
제3대,최창섭,대매사건조사위원장,자유당,경남 합천군을,"",3선,0,0,0,0,0,0,1,651,0,0,1,0,0,1,0.0,0.0,0.0,0.0,0.0,0.0
제4대,윤재근,의원,무소속,경기 강화군,"",4선,0,0,0,0,0,0,2,175,1,1,0,0,0,0,0.0,0.0,0.0,0.0,0.0,0.0
제4대,김술남,증인,"","","","",0,0,0,0,0,0,11,345,0,0,0,0,0,0,0.0,0.0,0.0,0.0,0.0,0.0
제3대,김우동,위원,무소속,경북 선산군,"",재선,0,0,0,0,0,0,3,89,0,0,0,0,0,0,0.0,0.0,0.0,0.0,0.0,0.0
제헌,징병민,의원,"","","","",0,0,0,0,0,0,1,135,0,0,0,0,0,0,0.0,0.0,0.0,0.0,0.0,0.0
제4대,안덕기,위원,자유당,경남 울산갑,"",초선,37,2,0,0,0,0,24,13363,10,2,0,0,0,0,27.69,1.5,0.0,0.0,0.0,0.0
제4대,백운붕,증인,"","","","",0,0,0,0,0,0,27,272,0,0,0,0,0,0,0.0,0.0,0.0,0.0,0.0,0.0
제4대,교재창이,수로국장,"","","","",0,0,0,0,0,0,1,28,0,0,0,0,0,0,0.0,0.0,0.0,0.0,0.0,0.0
제2대,대리,재정경제위원장,"","","","",0,0,0,0,0,0,1,22,0,0,0,0,0,0,0.0,0.0,0.0,0.0,0.0,0.0
제4대,주병환,위원,민주당,경북 성주군,"",재선,3,0,0,0,0,0,17,5206,2,0,0,0,0,0,5.76,0.0,0.0,0.0,0.0,0.0
제4대,"",태풍재해대책위원장,"","","","",0,1,0,0,0,0,2,1996,138,25,25,10,3,18,0.0,5.01,0.0,0.0,0.0,0.0
제4대,고철환,증인,"","","","",0,0,0,0,0,0,24,150,0,0,0,0,0,0,0.0,0.0,0.0,0.0,0.0,0.0
제헌,베중혁,의원,"","","","",0,0,0,0,0,0,2,9,0,0,0,0,0,0,0.0,0.0,0.0,0.0,0.0,0.0
제3대,하고,"","","","","",0,0,0,0,0,0,2,7,0,0,0,0,0,0,0.0,0.0,0.0,0.0,0.0,0.0
제4대,관리과장,"","","","","",0,0,0,0,0,0,22,701,0,0,0,0,0,0,0.0,0.0,0.0,0.0,0.0,0.0
제헌,양병직,의원,대동청년당,제주 북제주을,"",초선,0,0,0,0,0,0,2,1078,0,0,0,0,0,0,0.0,0.0,0.0,0.0,0.0,0.0
제헌,체신차관,"","","","","",0,0,0,0,0,0,1,87,0,0,0,0,0,0,0.0,0.0,0.0,0.0,0.0,0.0
제헌,김병회,위원,무소속,전남 진도,"",초선,0,0,0,0,0,0,3,319,3,1,3,1,1,0,0.0,0.0,0.0,0.0,0.0,0.0
제헌,이종순,의원,대한독립촉성국민회,강원 춘성,"",초선,0,0,0,0,0,0,49,1165,0,0,0,0,0,0,0.0,0.0,0.0,0.0,0.0,0.0
제4대,박충훈,국방부경리국장,"","","","",0,0,0,0,0,0,7,172,0,0,0,0,0,0,0.0,0.0,0.0,0.0,0.0,0.0
제4대,손재형,위원장,무소속,전남 진도군,"",재선,0,0,0,0,0,0,132,2290,1,0,0,0,0,0,0.0,0.0,0.0,0.0,0.0,0.0
제4대,최규남,"",자유당,서울 서대문구을,"",초선,0,0,0,0,0,0,1,14,3,0,0,0,0,0,0.0,0.0,0.0,0.0,0.0,0.0
제4대,김의준,의원,자유당,경기 여주군,"",3선,0,1,0,0,0,0,11,3645,0,1,0,0,0,0,0.0,2.74,0.0,0.0,0.0,0.0
제2대,격만,"","","","","",0,0,0,0,0,0,2,10,0,0,0,0,0,0,0.0,0.0,0.0,0.0,0.0,0.0
제헌,홍순녕,의원,"","","","",0,0,0,0,0,0,2,31,0,0,0,0,0,0,0.0,0.0,0.0,0.0,0.0,0.0
제헌,"",사무총장,"","","","",0,2,0,0,0,0,18,4392,35,14,13,1,8,13,0.0,4.55,0.0,0.0,0.0,0.0
제4대,정헌주,위원,민주당,경남 사천군,"",5선,5,2,0,0,0,1,60,13260,3,2,0,0,0,1,3.77,1.51,0.0,0.0,0.0,0.75
제3대,적당,"","","","","",0,0,0,0,0,0,1,70,0,0,0,0,0,0,0.0,0.0,0.0,0.0,0.0,0.0
제4대,김신단,재무부관재국장,"","","","",0,0,0,0,0,0,1,210,0,0,0,0,0,0,0.0,0.0,0.0,0.0,0.0,0.0
제4대,수로국장,수로국장,"","","","",0,0,0,0,0,0,1,50,0,0,0,0,0,0,0.0,0.0,0.0,0.0,0.0,0.0
제4대,김형섭,위원,자유당,전북 익산,"",초선,1,0,0,0,0,0,3,761,1,0,0,0,0,0,13.14,0.0,0.0,0.0,0.0,0.0
제헌,최운교,위원,무소속,충남 논산을,"",초선,21,0,0,0,0,0,2,544,6,3,0,0,1,1,386.03,0.0,0.0,0.0,0.0,0.0
제헌,윤도영,부의장,"","","","",0,0,0,0,0,0,1,14,0,0,0,0,0,0,0.0,0.0,0.0,0.0,0.0,0.0
제2대,주일공사,"","","","","",6,0,0,0,0,0,1,3622,1,0,0,0,0,0,16.57,0.0,0.0,0.0,0.0,0.0
제헌,차인홍,의사국장,"","","","",0,0,0,0,0,0,1,189,0,0,0,0,0,0,0.0,0.0,0.0,0.0,0.0,0.0
제헌,김병로,특별재판부부장,"","","","",0,0,0,0,0,0,1,344,0,0,0,0,0,0,0.0,0.0,0.0,0.0,0.0,0.0
제2대,양우정,외무위원장,무소속,경남 함안,"",초선,0,0,0,0,0,0,7,2956,0,0,1,0,0,0,0.0,0.0,0.0,0.0,0.0,0.0
제2대,김명동,의원,대한국민당,충남 공주을,"",재선,0,0,0,0,0,0,8,599,0,0,0,0,0,0,0.0,0.0,0.0,0.0,0.0,0.0
제4대,외무차관,"","","","","",0,0,0,0,0,0,1,164,0,0,0,0,0,0,0.0,0.0,0.0,0.0,0.0,0.0
제4대,변재갑,해병대관리국장,"","","","",0,0,0,0,0,0,2,202,0,0,0,0,0,0,0.0,0.0,0.0,0.0,0.0,0.0
제4대,박만원,예산결산위원장,자유당,경북 군위군,"",3선,0,0,0,0,0,0,3,364,2,1,0,1,0,0,0.0,0.0,0.0,0.0,0.0,0.0
제4대,정낙훈,의원,자유당,충남 대전갑,"",초선,0,0,0,0,0,0,1,1531,1,0,0,0,0,0,0.0,0.0,0.0,0.0,0.0,0.0
제2대,김형덕,상공위원장,무소속,경남 밀양을,"",재선,0,0,0,0,0,0,3,630,1,0,0,0,0,0,0.0,0.0,0.0,0.0,0.0,0.0
제3대,"",상공분과위원장,"","","","",3,0,0,0,0,0,1,3243,94,35,22,8,8,20,9.25,0.0,0.0,0.0,0.0,0.0
제3대,김종규,문교위원장,자유당,경기 양주갑,"",초선,0,0,0,0,0,0,14,3295,0,1,0,0,0,0,0.0,0.0,0.0,0.0,0.0,0.0
제3대,헤어지고,의원,"","","","",0,0,0,0,0,0,1,28,0,0,0,0,0,0,0.0,0.0,0.0,0.0,0.0,0.0
제3대,태영,"","","","","",0,0,0,0,0,0,1,1,0,0,0,0,0,0,0.0,0.0,0.0,0.0,0.0,0.0
제4대,총무과장,"","","","","",0,0,0,0,0,0,8,272,0,0,0,0,0,0,0.0,0.0,0.0,0.0,0.0,0.0
제4대,정문흠,임시의장,자유당,경북 봉화군,"",3선,0,0,0,0,0,0,1,568,0,0,0,0,0,0,0.0,0.0,0.0,0.0,0.0,0.0
제4대,수로국에,수로국장,"","","","",0,0,0,0,0,0,1,136,0,0,0,0,0,0,0.0,0.0,0.0,0.0,0.0,0.0
제3대,"",양정국장,"","","","",0,0,0,0,0,0,5,66,94,35,22,8,8,20,0.0,0.0,0.0,0.0,0.0,0.0
제2대,숄트,"","","","","",0,0,0,0,0,0,1,576,0,0,0,0,0,0,0.0,0.0,0.0,0.0,0.0,0.0
제4대,이상현,농림부농지관리국장,"","","","",13,0,0,0,0,1,17,6023,3,0,0,0,0,1,21.58,0.0,0.0,0.0,0.0,1.66
제4대,김신서,재무부세관국장,"","","","",1,0,0,0,0,0,15,1716,1,0,0,0,0,0,5.83,0.0,0.0,0.0,0.0,0.0
제4대,솔직히,육군본부군수국장,"","","","",0,0,0,0,0,0,2,31,0,0,0,0,0,0,0.0,0.0,0.0,0.0,0.0,0.0
제4대,박삼철,증인,"","","","",0,0,0,0,0,0,1,57,0,0,0,0,0,0,0.0,0.0,0.0,0.0,0.0,0.0
제2대,허남수,의사국장,"","","","",0,0,0,0,0,0,22,406,0,0,0,0,0,0,0.0,0.0,0.0,0.0,0.0,0.0
제4대,조순,운영위원장,자유당,전남 곡성군,"",3선,19,0,0,0,0,0,22,7424,13,2,0,0,0,1,25.59,0.0,0.0,0.0,0.0,0.0
제3대,결종,"","","","","",0,0,0,0,0,0,1,122,0,0,0,0,0,0,0.0,0.0,0.0,0.0,0.0,0.0
제3대,김원규,의원,자유당,경북 영덕군,"",재선,0,0,0,0,0,0,6,5361,0,0,0,0,0,0,0.0,0.0,0.0,0.0,0.0,0.0
제3대,내고,"","","","","",0,0,0,0,0,0,1,1,0,0,0,0,0,0,0.0,0.0,0.0,0.0,0.0,0.0
제3대,곽의영,위원,자유당,충북 청원군을,"",3선,0,0,0,0,0,0,1,16,7,6,3,0,0,0,0.0,0.0,0.0,0.0,0.0,0.0
제4대,윤보선,의원,민주당,서울 종로구갑,"",4선,1,1,0,0,0,1,7,7580,1,1,0,0,0,1,1.32,1.32,0.0,0.0,0.0,1.32
제헌,김상순,의원,한국민주당,전남 장성,"",초선,2,0,0,0,0,0,57,9401,2,0,0,0,0,0,2.13,0.0,0.0,0.0,0.0,0.0
제헌,배중혁,위원,대동청년당,경북 봉화,"",초선,0,0,0,0,0,0,3,215,0,0,0,0,1,0,0.0,0.0,0.0,0.0,0.0,0.0
제3대,언중지,"","","","","",0,0,0,0,0,0,1,115,0,0,0,0,0,0,0.0,0.0,0.0,0.0,0.0,0.0
제3대,김동조,외무부정무국장,"","","","",1,0,0,0,0,0,7,1133,1,0,0,0,0,0,8.83,0.0,0.0,0.0,0.0,0.0
제2대,박충식,의원,무소속,충남 공주갑,"",3선,0,0,0,0,0,0,1,1,0,0,0,0,0,0,0.0,0.0,0.0,0.0,0.0,0.0
제3대,김정열,국방부장관,"","","","",1,7,0,0,0,0,48,7543,1,1,0,0,0,0,1.33,9.28,0.0,0.0,0.0,0.0
제4대,최윤기,외자청구매국장,"","","","",0,0,0,0,0,0,7,193,0,0,0,0,0,0,0.0,0.0,0.0,0.0,0.0,0.0
제헌,지대형,위무국방위원장,"","","","",0,0,0,0,0,1,1,33,1,0,0,1,1,1,0.0,0.0,0.0,0.0,0.0,303.03
제4대,이정휴,위원장,자유당,전남 광산,"",초선,0,0,0,0,0,0,59,1069,2,0,0,0,0,0,0.0,0.0,0.0,0.0,0.0,0.0
제3대,"",림부장관,"","","","",0,0,0,0,0,0,1,14,94,35,22,8,8,20,0.0,0.0,0.0,0.0,0.0,0.0
제4대,대략,공군작전참모부장,"","","","",0,0,0,0,0,0,1,6,0,0,0,0,0,0,0.0,0.0,0.0,0.0,0.0,0.0
제2대,유홍,의원,"","","","",0,0,0,0,0,0,1,1,0,0,0,0,0,0,0.0,0.0,0.0,0.0,0.0,0.0
제헌,김문평,위원,대한독립촉성국민회,전남 여수갑,"",초선,0,0,0,0,0,0,1,7,0,0,0,0,0,1,0.0,0.0,0.0,0.0,0.0,0.0
제4대,김병국,증인,"","","","",0,0,0,0,0,0,42,1761,0,0,0,0,0,0,0.0,0.0,0.0,0.0,0.0,0.0
제3대,손도심,위원,자유당,경기 화성갑,"",재선,0,0,0,0,0,0,14,1154,5,0,2,0,0,1,0.0,0.0,0.0,0.0,0.0,0.0
제4대,송정범,부흥부기획국장,"","","","",4,0,0,0,0,0,3,359,1,0,0,0,0,0,111.42,0.0,0.0,0.0,0.0,0.0
제3대,도는,"","","","","",0,0,0,0,0,0,1,75,0,0,0,0,0,0,0.0,0.0,0.0,0.0,0.0,0.0
제3대,정규상,위원,자유당,강원 영월군,"",재선,4,1,0,0,0,0,38,5036,3,1,1,0,0,0,7.94,1.99,0.0,0.0,0.0,0.0
제4대,정규상,상공위원장,자유당,강원 영월,"",재선,3,0,0,0,0,0,12,4398,3,0,0,0,0,2,6.82,0.0,0.0,0.0,0.0,0.0
제3대,최용근,위원장,자유당,강원 강릉시갑,"",재선,0,0,0,0,0,0,40,260,4,1,0,0,0,1,0.0,0.0,0.0,0.0,0.0,0.0
제4대,박충모,증인,민주당,강원 원주,"",재선,0,0,0,0,0,0,7,1235,3,0,1,0,0,0,0.0,0.0,0.0,0.0,0.0,0.0
제2대,정남상,의원,"","","","",2,0,0,0,0,0,1,515,1,0,0,0,0,0,38.83,0.0,0.0,0.0,0.0,0.0
제4대,김정근,위원,무소속,경북 상주군을,"",재선,1,1,0,0,0,1,26,7207,1,1,0,0,0,1,1.39,1.39,0.0,0.0,0.0,1.39
제헌,김병희,의원,"","","","",0,0,0,0,0,0,1,1,0,0,0,0,0,0,0.0,0.0,0.0,0.0,0.0,0.0
제3대,"",전매청총무국장,"","","","",0,0,0,0,0,0,1,3,94,35,22,8,8,20,0.0,0.0,0.0,0.0,0.0,0.0
제4대,황정철,내무부토목국장,"","","","",3,0,0,0,0,0,36,3662,2,0,0,0,0,0,8.19,0.0,0.0,0.0,0.0,0.0
제2대,박성하,징계위원장,중앙불교위원회,경북 대구을,"",초선,0,0,0,0,0,0,1,205,0,0,1,0,0,0,0.0,0.0,0.0,0.0,0.0,0.0
제2대,조봉암,위원,대한국민당,경기 인천병,"",재선,0,0,0,0,0,0,1,233,18,14,21,2,0,13,0.0,0.0,0.0,0.0,0.0,0.0
제헌,윤친영,부의장,"","","","",0,0,0,0,0,0,1,17,0,0,0,0,0,0,0.0,0.0,0.0,0.0,0.0,0.0
제3대,대통령,"","","","","",0,0,0,0,0,0,2,1211,0,0,0,0,0,0,0.0,0.0,0.0,0.0,0.0,0.0
제3대,정문흠,의원,자유당,경북 봉화군,"",3선,0,0,0,0,0,0,18,1723,0,0,0,0,0,0,0.0,0.0,0.0,0.0,0.0,0.0
제3대,황남팔,위원,자유당,경남 진양,"",재선,0,0,0,0,0,0,24,4295,7,5,3,0,0,0,0.0,0.0,0.0,0.0,0.0,0.0
제3대,"",재무부장관,"","","","",0,0,0,0,0,0,6,133,94,35,22,8,8,20,0.0,0.0,0.0,0.0,0.0,0.0
제4대,홍병각,위원,자유당,충북 충주,"",초선,2,5,0,0,0,1,41,10241,2,2,0,0,0,2,1.95,4.88,0.0,0.0,0.0,0.98
제4대,여덕만,증인,"","","","",0,0,0,0,0,0,19,125,0,0,0,0,0,0,0.0,0.0,0.0,0.0,0.0,0.0
제헌,김동원,의장,한국민주당,서울 용산구,"",초선,0,0,0,0,0,0,1,15,7,1,6,0,14,6,0.0,0.0,0.0,0.0,0.0,0.0
제헌,김진구,의원,대한독립촉성국민회,강원 삼척,"",재선,0,0,0,0,0,0,5,442,0,0,0,0,0,0,0.0,0.0,0.0,0.0,0.0,0.0
제헌,정균식,의원,조선민족청년단,전남 담양,"",초선,2,0,0,0,0,0,30,3880,1,0,0,0,0,0,5.15,0.0,0.0,0.0,0.0,0.0
제헌,이성득,위원,무소속,경기 개성,"",초선,0,0,0,0,0,0,3,282,0,0,3,0,2,0,0.0,0.0,0.0,0.0,0.0,0.0
제4대,김두일,중앙선거위원회위원장,"","","","",0,0,0,0,0,0,9,3073,0,0,0,0,0,0,0.0,0.0,0.0,0.0,0.0,0.0
제4대,이근상,공보실공보국장,"","","","",0,0,0,0,0,0,6,326,0,0,0,0,0,0,0.0,0.0,0.0,0.0,0.0,0.0
제4대,알고는,육군본부인사국장,"","","","",0,0,0,0,0,0,1,10,0,0,0,0,0,0,0.0,0.0,0.0,0.0,0.0,0.0
제4대,이은태,위원,자유당,전남 여천,"",초선,1,0,0,0,0,0,70,2698,1,0,0,0,0,0,3.71,0.0,0.0,0.0,0.0,0.0
제헌,진헌식,위원,대한독립촉성국민회,충남 연기,"",초선,0,0,0,0,0,0,1,1,1,0,1,0,0,1,0.0,0.0,0.0,0.0,0.0,0.0
제4대,출석,"","","","","",0,0,0,0,0,0,42,393,0,0,1,0,0,0,0.0,0.0,0.0,0.0,0.0,0.0
제2대,정문흠,위원,무소속,경북 봉화,"",3선,0,0,0,0,0,0,2,135,0,0,0,0,0,0,0.0,0.0,0.0,0.0,0.0,0.0
제3대,"",외무부장관,"","","","",1,0,0,0,0,6,53,8516,94,35,22,8,8,20,1.17,0.0,0.0,0.0,0.0,7.05
제3대,업적,"","","","","",0,0,0,0,0,0,1,43,0,0,0,0,0,0,0.0,0.0,0.0,0.0,0.0,0.0
제4대,정재원,위원,자유당,경북 예천,"",초선,0,3,0,0,0,0,13,2019,0,1,0,0,0,0,0.0,14.86,0.0,0.0,0.0,0.0
제4대,조래운,증인,"","","","",0,0,0,0,0,0,14,143,0,0,0,0,0,0,0.0,0.0,0.0,0.0,0.0,0.0
제4대,박병권,육군본부관리부장,"","","","",0,0,0,0,0,0,1,78,0,0,0,0,0,0,0.0,0.0,0.0,0.0,0.0,0.0
제3대,김익노,의원,자유당,경북 영일군을,"",4선,0,0,0,0,0,0,1,382,0,0,0,0,0,0,0.0,0.0,0.0,0.0,0.0,0.0
제2대,이로써,"","","","","",0,0,0,0,0,0,1,1,0,0,0,0,0,0,0.0,0.0,0.0,0.0,0.0,0.0
제2대,이갑성,의원,무소속,경북 대구병,"",초선,2,0,0,0,0,0,14,1807,1,0,0,0,0,0,11.07,0.0,0.0,0.0,0.0,0.0
제헌,장면의원,"","","","","",0,0,0,0,0,0,1,36,0,0,0,0,0,0,0.0,0.0,0.0,0.0,0.0,0.0
제3대,미미,"","","","","",0,0,0,0,0,0,1,65,0,0,0,0,0,0,0.0,0.0,0.0,0.0,0.0,0.0
제4대,이영희,"",자유당,경남 의령,"",재선,0,0,0,0,0,0,2,45,8,3,1,0,0,0,0.0,0.0,0.0,0.0,0.0,0.0
제헌,재무차관,"","","","","",0,0,0,0,0,0,5,847,0,0,0,0,0,0,0.0,0.0,0.0,0.0,0.0,0.0
제헌,조영규,위원,한국민주당,전남 영광,"",4선,3,0,0,0,0,0,15,1032,7,1,3,0,2,2,29.07,0.0,0.0,0.0,0.0,0.0
제3대,이근칠,고등교육국장,"","","","",0,0,0,0,0,0,1,84,0,0,0,0,0,0,0.0,0.0,0.0,0.0,0.0,0.0
제3대,들리는,"","","","","",0,0,0,0,0,0,1,20,0,0,0,0,0,0,0.0,0.0,0.0,0.0,0.0,0.0
제2대,이상철,의원,무소속,충남 청양,"",3선,0,0,0,0,0,0,17,4740,0,0,0,0,0,0,0.0,0.0,0.0,0.0,0.0,0.0
제헌,서상일,산업위원회위원장,한국민주당,경북 대구을,"",재선,0,0,0,0,0,0,1,107,6,1,6,1,5,1,0.0,0.0,0.0,0.0,0.0,0.0
제4대,주영복,공군본부인사국장,"","","","",3,0,0,0,0,0,5,282,1,0,0,0,0,0,106.38,0.0,0.0,0.0,0.0,0.0
제4대,양일동,"",무소속,전북 옥구,"",5선,0,0,0,0,0,0,1,124,8,4,2,1,0,0,0.0,0.0,0.0,0.0,0.0,0.0
제3대,박만원,위원장,자유당,경북 군위군,"",3선,0,5,0,0,0,0,200,4747,10,9,0,0,0,2,0.0,10.53,0.0,0.0,0.0,0.0
제3대,조용순,법무부장관,"","","","",4,0,0,0,0,0,59,17859,3,0,0,0,0,0,2.24,0.0,0.0,0.0,0.0,0.0
제헌,김인,의원,"","","","",0,0,0,0,0,0,1,57,0,0,0,0,0,0,0.0,0.0,0.0,0.0,0.0,0.0
제3대,김진만,"",자유당,강원 삼척군,"",7선,0,0,0,0,0,0,1,25,1,1,1,0,0,0,0.0,0.0,0.0,0.0,0.0,0.0
제헌,"",법제사법위원장,"","","","",13,0,0,0,1,0,44,10610,35,14,13,1,8,13,12.25,0.0,0.0,0.0,0.94,0.0
제3대,이충환,위원,자유당,충북 진천군,"",6선,12,13,0,8,0,3,172,38084,24,8,1,1,0,3,3.15,3.41,0.0,2.1,0.0,0.79
제헌,초운교,의원,"","","","",0,0,0,0,0,0,1,226,0,0,0,0,0,0,0.0,0.0,0.0,0.0,0.0,0.0
제3대,김익로,징계위원장,"","","","",0,0,0,0,0,0,1,178,0,0,0,0,0,0,0.0,0.0,0.0,0.0,0.0,0.0
제4대,구흥남,위원,자유당,전남 화순,"",재선,9,0,0,0,0,0,49,8365,7,0,0,1,0,0,10.76,0.0,0.0,0.0,0.0,0.0
제헌,김상덕,의원,민족통일본부,경북 고령,"",초선,3,0,0,0,0,0,62,12248,3,0,0,0,0,0,2.45,0.0,0.0,0.0,0.0,0.0
제3대,정존수,특별조사위원장,자유당,경기 수원,"",재선,0,0,0,0,0,0,8,10393,1,0,0,0,0,0,0.0,0.0,0.0,0.0,0.0,0.0
제4대,장경근,위원,자유당,경기 부천,"",재선,0,0,0,0,0,0,42,4157,1,1,0,0,0,0,0.0,0.0,0.0,0.0,0.0,0.0
제4대,변시민,문교부문화국장,"","","","",0,0,0,0,0,0,3,265,0,0,0,0,0,0,0.0,0.0,0.0,0.0,0.0,0.0
제4대,최용근,예산결산위원장,자유당,강원 강릉,"",재선,0,0,0,0,0,0,4,909,0,1,0,5,0,0,0.0,0.0,0.0,0.0,0.0,0.0
제2대,서상국,의원,민주국민당,전남 함평,"",초선,0,0,0,0,0,0,2,2,0,0,0,0,0,0,0.0,0.0,0.0,0.0,0.0,0.0
제헌,조옥현,의원,대한독립촉성국민회,전남 순천을,"",초선,0,0,0,0,0,0,34,2022,0,0,0,0,0,0,0.0,0.0,0.0,0.0,0.0,0.0
제3대,김수선,의원,무소속,경남 울산군갑,"",재선,2,0,0,0,0,0,7,9023,1,0,0,0,0,0,2.22,0.0,0.0,0.0,0.0,0.0
제4대,한희석,위원,자유당,충남 천안갑,"",재선,0,0,0,0,0,0,31,2916,1,1,0,1,0,0,0.0,0.0,0.0,0.0,0.0,0.0
제헌,지대형,위원장,"","","","",1,0,0,0,0,0,114,3148,1,0,0,1,1,1,3.18,0.0,0.0,0.0,0.0,0.0
제4대,이존화,위원,자유당,전북 완주갑,"",재선,0,0,0,0,0,0,8,1177,3,1,0,0,0,0,0.0,0.0,0.0,0.0,0.0,0.0
제4대,이학만,증인,"","","","",0,0,0,0,0,0,21,215,0,0,0,0,0,0,0.0,0.0,0.0,0.0,0.0,0.0
제3대,지덕영,상역국장,"","","","",0,0,0,0,0,0,2,476,0,0,0,0,0,0,0.0,0.0,0.0,0.0,0.0,0.0
제2대,이재형,위원,대한국민당,경기 시흥,"",7선,0,0,0,0,0,0,1,545,12,17,4,0,0,0,0.0,0.0,0.0,0.0,0.0,0.0
제4대,이협우,위원,자유당,경북 월성군갑,"",3선,0,0,0,0,0,0,1,76,0,0,0,0,0,0,0.0,0.0,0.0,0.0,0.0,0.0
제3대,"",문교부장관,"","","","",0,0,0,0,0,0,1,298,94,35,22,8,8,20,0.0,0.0,0.0,0.0,0.0,0.0
제4대,이존화,문교위원장,자유당,전북 완주갑,"",재선,0,0,0,0,0,0,7,2506,3,1,0,0,0,0,0.0,0.0,0.0,0.0,0.0,0.0
제헌,김중기,의원,무소속,전남 장흥,"",초선,1,0,0,0,1,0,73,4550,1,0,0,0,1,0,2.2,0.0,0.0,0.0,2.2,0.0
제헌,김억기,의원,"","","","",0,0,0,0,0,0,1,1,0,0,0,0,0,0,0.0,0.0,0.0,0.0,0.0,0.0
제3대,의사과장,"","","","","",7,5,0,0,0,1,87,29513,2,3,0,0,0,1,2.37,1.69,0.0,0.0,0.0,0.34
제4대,임철호,의원,자유당,충남 부여을 ,"",초선,0,0,0,0,0,0,5,1562,3,1,0,0,0,1,0.0,0.0,0.0,0.0,0.0,0.0
제4대,임철호,부의장,자유당,충남 부여을 ,"",초선,2,4,0,0,0,1,521,24116,3,1,0,0,0,1,0.83,1.66,0.0,0.0,0.0,0.41
제2대,여운홍,위원,무소속,경기 양평군,"",재선,0,0,0,0,0,0,1,1,1,0,1,0,0,0,0.0,0.0,0.0,0.0,0.0,0.0
제헌,윤치영,내무부장관,한국민주당,서울 중구,"",4선,0,0,0,0,0,0,34,13886,3,2,1,2,9,1,0.0,0.0,0.0,0.0,0.0,0.0
제2대,김제능,의원,자유당,충남 서산갑,"",초선,0,0,0,1,0,0,37,14079,0,0,0,1,0,0,0.0,0.0,0.0,0.71,0.0,0.0
제4대,이강내,헌병부장,"","","","",0,0,0,0,0,0,1,13,0,0,0,0,0,0,0.0,0.0,0.0,0.0,0.0,0.0
제3대,이존화,의원,자유당,전북 완주군갑,"",재선,6,0,0,0,0,2,30,15842,4,0,0,0,0,1,3.79,0.0,0.0,0.0,0.0,1.26
제헌,김용화,의원,무소속,충남 천안,"",재선,0,0,0,0,0,0,1,16,0,0,0,0,0,0,0.0,0.0,0.0,0.0,0.0,0.0
제3대,최윤기,외자청관리국장,"","","","",0,0,0,0,0,0,1,132,0,0,0,0,0,0,0.0,0.0,0.0,0.0,0.0,0.0
제4대,정규상,위원,자유당,강원 영월,"",재선,0,0,0,0,0,1,28,3855,3,0,0,0,0,2,0.0,0.0,0.0,0.0,0.0,2.59
제헌,김약수,의원,조선공화당,경남 동래,"",초선,1,0,0,0,0,0,48,6970,3,1,1,0,6,1,1.43,0.0,0.0,0.0,0.0,0.0
제4대,조광희,의원,자유당,경북 상주갑,"",초선,1,0,0,0,0,0,4,1818,9,1,1,1,0,0,5.5,0.0,0.0,0.0,0.0,0.0
제4대,없습니다,수로국장,"","","","",0,0,0,0,0,0,1,6,0,0,0,0,0,0,0.0,0.0,0.0,0.0,0.0,0.0
제4대,한광석,의원,자유당,충남 부여군갑,"",재선,1,0,0,0,0,0,4,3760,4,0,1,0,0,0,2.66,0.0,0.0,0.0,0.0,0.0
제4대,안여하,증인,"","","","",0,0,0,0,0,0,7,59,0,0,0,0,0,0,0.0,0.0,0.0,0.0,0.0,0.0
제2대,백한성,내부무장관,"","","","",0,0,0,0,0,0,1,460,0,1,0,0,0,0,0.0,0.0,0.0,0.0,0.0,0.0
제헌,김인식,위원,대동청년당,경기 옹진을,"",초선,0,0,0,0,0,0,3,802,1,1,1,0,0,0,0.0,0.0,0.0,0.0,0.0,0.0
제4대,박성희,증인,"","","","",0,0,0,0,0,0,3,64,0,0,0,0,0,0,0.0,0.0,0.0,0.0,0.0,0.0
제3대,었지요,"","","","","",0,0,0,0,0,0,1,2,0,0,0,0,0,0,0.0,0.0,0.0,0.0,0.0,0.0
제4대,이민우,위원,동명이인(확인필요): 민주당 / 자유당,동명이인(확인필요): 충북 청주 / 충남 아산,동명이인(확인필요): ,동명이인(확인필요): 6선 / 재선,9,0,0,0,0,0,12,1985,1,0,0,0,0,0,45.34,0.0,0.0,0.0,0.0,0.0
제4대,황성수,의원,자유당,전남 보성군,"",4선,0,0,0,0,0,0,1,286,0,0,0,0,0,0,0.0,0.0,0.0,0.0,0.0,0.0
제4대,인천공창,해군본부함정국장,"","","","",0,0,0,0,0,0,1,5,0,0,0,0,0,0,0.0,0.0,0.0,0.0,0.0,0.0
제헌,"",내무치안위원장,"","","","",0,0,0,0,0,0,183,10952,35,14,13,1,8,13,0.0,0.0,0.0,0.0,0.0,0.0
제3대,국방차관,"","","","","",0,0,0,0,0,0,2,573,0,0,0,0,0,0,0.0,0.0,0.0,0.0,0.0,0.0
제2대,윤치영,의원,대한국민당,충남 공주을,"",4선,3,0,0,7,0,1,38,21837,7,4,9,1,0,3,1.37,0.0,0.0,3.21,0.0,0.46
제헌,이종근,의원,대한독립촉성국민회,충남 청양,"",초선,0,0,0,0,0,0,15,624,0,0,0,0,0,0,0.0,0.0,0.0,0.0,0.0,0.0
제4대,김선우,위원,자유당,충북 보은,"",재선,0,2,0,0,0,1,41,11573,0,1,0,0,0,1,0.0,1.73,0.0,0.0,0.0,0.86
제헌,정광호,의원,한국민주당,전남 광주,"",초선,7,8,0,0,6,0,312,44294,6,3,0,0,5,0,1.58,1.81,0.0,0.0,1.35,0.0
제헌,김태수,의원,대한독립촉성국민회,경남 창원갑,"",초선,0,0,0,0,0,0,5,102,0,0,0,0,0,0,0.0,0.0,0.0,0.0,0.0,0.0
제3대,김달호,위원,무소속,경북 상주,"",초선,0,0,0,0,0,0,21,5823,4,0,1,0,0,1,0.0,0.0,0.0,0.0,0.0,0.0
제4대,"",예산결산위원장,"","","","",0,1,0,0,0,0,1,2695,138,25,25,10,3,18,0.0,3.71,0.0,0.0,0.0,0.0
제헌,배중혁,의원,대동청년당,경북 봉화,"",초선,0,0,0,0,2,0,123,11614,0,0,0,0,1,0,0.0,0.0,0.0,0.0,1.72,0.0
제헌,김덕렬,의원,"","","","",0,0,0,0,0,0,5,389,0,0,0,0,0,0,0.0,0.0,0.0,0.0,0.0,0.0
제4대,김향수,위원,무소속,충남 당진,"",초선,1,0,0,0,0,0,6,2051,1,0,0,0,0,0,4.88,0.0,0.0,0.0,0.0,0.0
제4대,김인순,보건사회부부녀국장,"","","","",2,0,0,0,0,0,1,836,1,0,0,0,0,0,23.92,0.0,0.0,0.0,0.0,0.0
제2대,최원봉,의원,무소속,경남 부산무,"",초선,0,0,0,0,0,0,2,1031,0,0,0,0,0,0,0.0,0.0,0.0,0.0,0.0,0.0
제3대,이인,의원,국민당,서울 영등포구을,"",3선,5,0,0,4,0,0,83,35904,2,0,0,1,0,0,1.39,0.0,0.0,1.11,0.0,0.0
제헌,김재학,위원,한국민주당,경남 통영갑,"",초선,0,0,0,0,0,0,4,205,2,0,0,0,0,0,0.0,0.0,0.0,0.0,0.0,0.0
제4대,이것은,육군본부인사국장,"","","","",0,0,0,0,0,0,1,41,1,0,0,0,0,0,0.0,0.0,0.0,0.0,0.0,0.0
제헌,펴현태,의원,"","","","",0,0,0,0,0,0,1,5,0,0,0,0,0,0,0.0,0.0,0.0,0.0,0.0,0.0
제2대,이종림,교통부장관,"","","","",0,0,0,0,0,0,1,147,0,0,0,0,0,0,0.0,0.0,0.0,0.0,0.0,0.0
제3대,"",국방부병무국장,"","","","",0,0,0,0,0,0,3,464,94,35,22,8,8,20,0.0,0.0,0.0,0.0,0.0,0.0
제2대,총무처장,"","","","","",0,0,0,0,0,0,3,392,0,0,0,0,0,0,0.0,0.0,0.0,0.0,0.0,0.0
제3대,정치화,"","","","","",0,0,0,0,0,0,1,19,0,0,0,0,0,0,0.0,0.0,0.0,0.0,0.0,0.0
제4대,하태환,위원,자유당,경북 포항,"",재선,0,0,0,1,0,0,26,2007,0,0,0,1,0,0,0.0,0.0,0.0,4.98,0.0,0.0
제헌,이의상,의원,대한독립촉성국민회,충북 음성,"",초선,0,0,0,0,0,0,3,4,0,0,0,0,0,0,0.0,0.0,0.0,0.0,0.0,0.0
제2대,공진항,농림부장관,"","","","",0,0,0,0,0,0,9,2503,0,0,0,0,0,0,0.0,0.0,0.0,0.0,0.0,0.0
제3대,신의식,위원,자유당,경기 용인시,"",재선,0,0,0,0,0,0,30,3089,2,1,2,0,0,0,0.0,0.0,0.0,0.0,0.0,0.0
제3대,국군,"","","","","",0,0,0,0,0,0,1,166,0,0,0,0,0,0,0.0,0.0,0.0,0.0,0.0,0.0
제4대,이재형,의원,무소속,경기 시흥시,"",7선,0,0,0,0,0,0,5,2729,7,3,1,0,0,1,0.0,0.0,0.0,0.0,0.0,0.0
제3대,박영출,운영위원장,자유당,경북 의성갑,"",재선,0,2,0,0,0,0,46,8049,2,4,2,0,0,2,0.0,2.48,0.0,0.0,0.0,0.0
제4대,하태환,태풍재해대책위원장,자유당,경북 포항,"",재선,0,0,0,0,0,0,2,441,0,0,0,1,0,0,0.0,0.0,0.0,0.0,0.0,0.0
제4대,이상용,위원장,자유당,"경남 부산시,서구갑","",초선,0,0,0,0,0,4,193,3183,3,1,0,0,0,1,0.0,0.0,0.0,0.0,0.0,12.57
제헌,손재학,의원,대한독립촉성국민회,충남 홍성,"",초선,0,0,0,0,0,0,1,18,0,0,0,0,0,0,0.0,0.0,0.0,0.0,0.0,0.0
제헌,조종승,위원,무소속,충북 단양,"",재선,0,0,0,0,0,0,1,72,2,0,1,0,0,0,0.0,0.0,0.0,0.0,0.0,0.0
제헌,깅욱중,의원,"","","","",0,0,0,0,0,0,1,193,0,0,0,0,0,0,0.0,0.0,0.0,0.0,0.0,0.0
제4대,이정희,위원,자유당,경북 영주군,"",재선,0,0,0,0,0,0,5,434,0,0,0,0,0,0,0.0,0.0,0.0,0.0,0.0,0.0
제2대,윤택중,문교부장관,민주국민당,전북 익산을,"",3선,0,0,0,0,0,0,1,193,0,0,2,0,0,0,0.0,0.0,0.0,0.0,0.0,0.0
제헌,"",교통부장관,"","","","",0,0,0,0,0,0,1,554,35,14,13,1,8,13,0.0,0.0,0.0,0.0,0.0,0.0
제3대,김용우,사무총장,"","","","",0,0,0,0,0,0,2,174,4,0,0,0,0,0,0.0,0.0,0.0,0.0,0.0,0.0
제4대,김원만,위원,민주당,서울 용산구을,"",5선,11,0,0,0,0,0,62,18986,6,1,0,0,0,0,5.79,0.0,0.0,0.0,0.0,0.0
제4대,이것을,해병대사령부군수국장,"","","","",1,0,0,0,0,0,1,60,1,0,0,0,0,0,166.67,0.0,0.0,0.0,0.0,0.0
제2대,양성봉,농림부장관,"","","","",0,0,0,0,0,0,3,633,0,0,0,0,0,0,0.0,0.0,0.0,0.0,0.0,0.0
제3대,김상현,의원,자유당,전북 무주군,"",재선,0,0,0,0,0,0,3,383,0,0,0,0,0,0,0.0,0.0,0.0,0.0,0.0,0.0
제3대,조영규,위원,민주국민당,전남 영광군,"",4선,0,0,0,0,0,0,9,3020,12,9,6,2,0,5,0.0,0.0,0.0,0.0,0.0,0.0
제3대,김춘호,운영위원장,자유당,전북 이리,"",초선,1,0,0,0,0,0,31,7288,2,2,0,0,0,1,1.37,0.0,0.0,0.0,0.0,0.0
제4대,이종준,의원,자유당,경북 월성군을,"",초선,0,1,0,0,0,0,3,1261,0,1,0,0,0,0,0.0,7.93,0.0,0.0,0.0,0.0
제헌,"",교통체신위원장,"","","","",1,0,0,0,0,0,4,996,35,14,13,1,8,13,10.04,0.0,0.0,0.0,0.0,0.0
제헌,정해준,교통체신위원장,대한독립촉성국민회,충남 금산,"",초선,1,0,0,0,0,0,10,2744,4,1,1,0,0,0,3.64,0.0,0.0,0.0,0.0,0.0
제4대,현시학,해군본부작전참모부장,"","","","",0,0,0,0,0,0,2,98,0,0,0,0,0,0,0.0,0.0,0.0,0.0,0.0,0.0
제3대,조정환,외무부장관,"","","","",20,0,0,11,0,0,50,13872,7,0,0,2,0,0,14.42,0.0,0.0,7.93,0.0,0.0
제3대,이용철,재무부관재국장,"","","","",0,0,0,0,0,0,2,255,0,0,0,0,0,0,0.0,0.0,0.0,0.0,0.0,0.0
제3대,박철재,문교부기술교육국장,"","","","",4,0,0,0,0,0,12,2240,1,0,0,0,0,0,17.86,0.0,0.0,0.0,0.0,0.0
제3대,한동석,위원,자유당,경기 고양,"",초선,2,5,0,0,0,0,129,17514,1,5,1,0,0,0,1.14,2.85,0.0,0.0,0.0,0.0
제3대,이동희,교통부경리국장,"","","","",0,0,0,0,0,0,4,236,0,0,0,0,0,0,0.0,0.0,0.0,0.0,0.0,0.0
제3대,박용익,위원,무소속,강원 강릉시을,"",재선,0,0,0,0,0,0,3,129,2,2,0,0,0,2,0.0,0.0,0.0,0.0,0.0,0.0
제헌,이국현,의원,"","","","",0,0,0,0,0,0,1,1,0,0,0,0,0,0,0.0,0.0,0.0,0.0,0.0,0.0
제4대,권찬주,증인,"","","","",0,0,0,0,0,0,10,149,0,0,0,0,0,0,0.0,0.0,0.0,0.0,0.0,0.0
제2대,임흥순,국방위원장,민주국민당,서울 성동구을,"",재선,0,0,0,0,0,0,12,5993,1,0,1,0,0,0,0.0,0.0,0.0,0.0,0.0,0.0
제4대,하태환,국방위원장,자유당,경북 포항,"",재선,0,0,0,0,0,0,22,2114,0,0,0,1,0,0,0.0,0.0,0.0,0.0,0.0,0.0
제4대,박동균,국방부병무국장,"","","","",2,0,0,0,0,0,9,703,1,0,0,0,0,0,28.45,0.0,0.0,0.0,0.0,0.0
제4대,김웅수,육군본부군수국장,"","","","",5,0,0,0,0,0,4,2336,4,0,0,0,0,0,21.4,0.0,0.0,0.0,0.0,0.0
제헌,노익환,위원,"","","","",0,0,0,0,0,0,1,401,0,0,0,0,0,0,0.0,0.0,0.0,0.0,0.0,0.0
제3대,성인교육,문화국장,"","","","",0,0,0,0,0,0,1,131,0,0,0,0,0,0,0.0,0.0,0.0,0.0,0.0,0.0
제헌,백성욱,내무부장관,"","","","",0,0,0,0,0,0,14,3777,0,0,0,0,0,0,0.0,0.0,0.0,0.0,0.0,0.0
제4대,곽의영,의원,자유당,충북 청원을,"",3선,0,1,0,0,0,0,9,3960,10,3,0,0,0,2,0.0,2.53,0.0,0.0,0.0,0.0
제3대,박흥규,의원,자유당,전남 광산을,"",재선,5,0,0,0,0,0,27,12377,10,0,0,0,0,0,4.04,0.0,0.0,0.0,0.0,0.0
제2대,여영복,의원,무소속,경북 금릉,"",초선,0,0,0,0,0,0,8,821,0,0,0,0,0,0,0.0,0.0,0.0,0.0,0.0,0.0
제헌,긴익희,의장,"","","","",0,0,0,0,0,0,1,1,0,0,0,0,0,0,0.0,0.0,0.0,0.0,0.0,0.0
제4대,김용진,서울특별시내무국장,민주당,경남 진주,"",재선,0,0,0,0,0,0,1,6,1,0,1,0,0,0,0.0,0.0,0.0,0.0,0.0,0.0
제4대,임철호,위원,자유당,충남 부여을 ,"",초선,13,0,0,0,0,0,190,13165,3,1,0,0,0,1,9.87,0.0,0.0,0.0,0.0,0.0
제4대,조종호,위원,무소속,충북 단양군,"",4선,16,1,0,0,0,0,27,12782,7,3,0,0,1,1,12.52,0.78,0.0,0.0,0.0,0.0
제헌,하지,"","","","","",0,0,0,0,0,0,1,292,0,0,0,0,0,0,0.0,0.0,0.0,0.0,0.0,0.0
제헌,김영기,의원,대한독립촉성국민회,경기 안성,"",초선,0,0,0,0,0,0,58,3696,0,0,0,0,0,0,0.0,0.0,0.0,0.0,0.0,0.0
제3대,김해림,내무부토목국장,"","","","",1,0,0,0,0,0,5,183,1,0,0,0,0,0,54.64,0.0,0.0,0.0,0.0,0.0
제헌,김경배,의원,무소속,황해도 연백갑,"",재선,0,0,0,0,0,0,63,1133,0,0,0,0,0,0,0.0,0.0,0.0,0.0,0.0,0.0
제2대,이진수,위원,대한국민당,경기 양주을,"",재선,0,0,0,0,0,0,1,5,4,1,22,0,0,3,0.0,0.0,0.0,0.0,0.0,0.0
제3대,속기록,"","","","","",0,0,0,0,0,0,1,9,0,0,0,0,0,0,0.0,0.0,0.0,0.0,0.0,0.0
제3대,민영남,위원,무소속,전남 해남군을,"",재선,4,1,0,0,0,0,49,8698,6,2,0,0,0,0,4.6,1.15,0.0,0.0,0.0,0.0
제4대,현오봉,위원,무소속,제주 남제주군,"",6선,1,0,0,0,0,0,18,669,1,0,0,0,0,0,14.95,0.0,0.0,0.0,0.0,0.0
제헌,장병만,위원,대한독립촉성국민회,경북 칠곡,"",초선,0,0,0,0,0,0,7,557,3,2,1,1,0,0,0.0,0.0,0.0,0.0,0.0,0.0
제4대,김선우,의원,자유당,충북 보은,"",재선,0,0,0,0,0,0,1,5077,0,1,0,0,0,1,0.0,0.0,0.0,0.0,0.0,0.0
제3대,윤일상,의원,자유당,경기 강화,"",초선,0,0,0,0,0,0,3,1234,2,0,0,0,0,0,0.0,0.0,0.0,0.0,0.0,0.0
제4대,이은철,증인,"","","","",0,0,0,0,0,0,21,251,0,0,0,0,0,0,0.0,0.0,0.0,0.0,0.0,0.0
제3대,박세경,법제사법위원장,자유당,전북 임실군,"",재선,1,0,0,0,0,0,78,18611,2,1,2,0,0,0,0.54,0.0,0.0,0.0,0.0,0.0
제4대,정성태,의원,민주당,전남 광주갑,"",6선,0,0,0,0,0,0,4,739,6,3,6,4,0,1,0.0,0.0,0.0,0.0,0.0,0.0
제2대,대통령,"","","","","",0,0,0,0,0,1,7,6865,0,0,0,0,0,1,0.0,0.0,0.0,0.0,0.0,1.46
제2대,"",내무위원장,"","","","",0,0,0,0,0,0,95,11862,58,37,45,2,4,13,0.0,0.0,0.0,0.0,0.0,0.0
제3대,전만중,의원,자유당,경북 울진군,"",재선,0,0,0,0,0,0,3,794,0,0,0,0,0,0,0.0,0.0,0.0,0.0,0.0,0.0
제4대,결국은,국방부경리국장,"","","","",0,0,0,0,0,0,1,36,0,0,0,0,0,0,0.0,0.0,0.0,0.0,0.0,0.0
제3대,농림차관,"","","","","",1,0,0,0,0,0,3,1808,1,0,0,0,0,0,5.53,0.0,0.0,0.0,0.0,0.0
제4대,홍봉진,의원,민주당,경기 화성을,"",초선,0,1,0,0,0,0,8,8209,1,2,1,0,0,0,0.0,1.22,0.0,0.0,0.0,0.0
제헌,유준상,의원,대한독립촉성국민회,전북 완주갑,"",초선,0,0,0,0,0,0,7,7,0,0,0,0,0,0,0.0,0.0,0.0,0.0,0.0,0.0
제4대,조종호,의원,무소속,충북 단양군,"",4선,2,4,0,0,1,1,12,11822,7,3,0,0,1,1,1.69,3.38,0.0,0.0,0.85,0.85
제4대,이원장,위원,자유당,충남 보령군,"",재선,1,0,0,0,0,0,217,7994,1,0,0,0,0,0,1.25,0.0,0.0,0.0,0.0,0.0
제4대,김창동,위원,자유당,충남 청양,"",초선,4,0,0,0,0,0,55,14911,2,0,0,0,0,0,2.68,0.0,0.0,0.0,0.0,0.0
제3대,재무차관,"","","","","",0,1,0,0,0,0,1,1243,0,1,0,0,0,0,0.0,8.05,0.0,0.0,0.0,0.0
제3대,잡지출은,농림국장,"","","","",0,0,0,0,0,0,1,2,0,0,0,0,0,0,0.0,0.0,0.0,0.0,0.0,0.0
제4대,정재완,의원,민주당,전남 여수,"",4선,0,0,0,0,0,0,4,6451,15,1,0,0,0,6,0.0,0.0,0.0,0.0,0.0,0.0
제헌,이윤영,의원,조선민주당,서울 종로구갑,"",초선,0,0,0,0,0,0,25,6996,0,0,0,0,0,0,0.0,0.0,0.0,0.0,0.0,0.0
제4대,해서,"","","","","",0,0,0,0,0,0,1,68,0,0,0,0,0,0,0.0,0.0,0.0,0.0,0.0,0.0
제헌,김영도,의원,"","","","",0,0,0,0,0,0,1,1,0,0,0,0,0,0,0.0,0.0,0.0,0.0,0.0,0.0
제2대,변태영,외무부장관,"","","","",0,0,0,0,0,0,1,494,0,0,0,0,0,0,0.0,0.0,0.0,0.0,0.0,0.0
제4대,지영진,위원,자유당,경남 양산군,"",재선,19,0,0,0,0,0,8,2578,3,0,0,0,0,0,73.7,0.0,0.0,0.0,0.0,0.0
제3대,안동준,"",자유당,충북 괴산군,"",4선,0,0,0,0,0,0,1,26,1,1,1,0,0,0,0.0,0.0,0.0,0.0,0.0,0.0
제4대,정규상,의원,자유당,강원 영월,"",재선,0,0,0,0,0,0,3,1404,3,0,0,0,0,2,0.0,0.0,0.0,0.0,0.0,0.0
제4대,이동진,위원,"","","","",0,0,0,0,0,0,1,192,0,0,0,0,0,0,0.0,0.0,0.0,0.0,0.0,0.0
제헌,원용한,의원,대동청년당,경기 여주,"",초선,0,3,0,0,0,0,51,1966,0,1,0,0,0,0,0.0,15.26,0.0,0.0,0.0,0.0
제3대,김정렬,국방부장관,"","","","",8,0,0,0,0,0,16,7223,1,0,0,0,0,0,11.08,0.0,0.0,0.0,0.0,0.0
제3대,양영주,위원,자유당,전북 남원,"",초선,7,6,0,0,0,0,111,17350,8,5,1,0,0,0,4.03,3.46,0.0,0.0,0.0,0.0
제4대,참석자,"","","","","",0,0,0,0,0,0,1,12,0,0,0,0,0,0,0.0,0.0,0.0,0.0,0.0,0.0
제헌,윤치영,네무부장관,한국민주당,서울 중구,"",4선,0,0,0,0,0,0,2,2379,3,2,1,2,9,1,0.0,0.0,0.0,0.0,0.0,0.0
제4대,박충식,위원,자유당,충남 공주군갑,"",3선,0,0,0,0,0,0,2,34,0,0,0,0,0,0,0.0,0.0,0.0,0.0,0.0,0.0
제3대,"",부의장,"","","","",0,0,0,0,0,0,2,97,94,35,22,8,8,20,0.0,0.0,0.0,0.0,0.0,0.0
제4대,김원태,내무위원장,자유당,충북 괴산군,"",3선,4,0,0,0,0,0,8,2329,1,2,0,0,0,1,17.17,0.0,0.0,0.0,0.0,0.0
제4대,김원만,의원,민주당,서울 용산구을,"",5선,0,1,0,0,0,0,11,7394,6,1,0,0,0,0,0.0,1.35,0.0,0.0,0.0,0.0
제2대,김택술,의원,대한노동총연맹,전북 정읍을,"",재선,0,0,0,0,0,0,1,341,0,0,0,0,0,0,0.0,0.0,0.0,0.0,0.0,0.0
제4대,다른,육군본부작전교육국장,"","","","",0,0,0,0,0,0,1,4,0,0,0,0,0,0,0.0,0.0,0.0,0.0,0.0,0.0
제4대,민영학,증인,"","","","",0,0,0,0,0,0,13,1024,0,0,0,0,0,0,0.0,0.0,0.0,0.0,0.0,0.0
제3대,서임수,민의원총무국장,"","","","",0,0,0,0,0,0,5,303,3,4,2,0,0,3,0.0,0.0,0.0,0.0,0.0,0.0
제헌,최윤동,외무국방위원장,한국민주당,경북 대구갑,"",초선,0,0,0,0,0,0,1,91,3,0,2,1,1,0,0.0,0.0,0.0,0.0,0.0,0.0
제3대,김종대,재무부이재국장,"","","","",0,0,0,0,0,0,1,95,0,0,0,0,0,0,0.0,0.0,0.0,0.0,0.0,0.0
제3대,"",외무부통상국장,"","","","",0,0,0,0,0,0,1,25,94,35,22,8,8,20,0.0,0.0,0.0,0.0,0.0,0.0
제4대,박계진,증인,"","","","",0,0,0,0,0,0,15,428,0,0,0,0,0,0,0.0,0.0,0.0,0.0,0.0,0.0
제헌,선생좌하,"","","","","",0,0,0,0,0,0,1,511,0,0,0,0,0,0,0.0,0.0,0.0,0.0,0.0,0.0
제4대,김원태,위원장,자유당,충북 괴산군,"",3선,0,0,0,0,0,2,254,5996,1,2,0,0,0,1,0.0,0.0,0.0,0.0,0.0,3.34
제4대,법제실장,"","","","","",0,0,0,0,0,0,4,907,0,0,0,0,0,0,0.0,0.0,0.0,0.0,0.0,0.0
제4대,"",공군사관학교정보국장,"","","","",0,0,0,0,0,0,1,1,138,25,25,10,3,18,0.0,0.0,0.0,0.0,0.0,0.0
제4대,오위영,위원,민주당,"경남 부산시,동구을","",3선,0,0,0,0,0,0,23,3106,0,0,0,0,0,0,0.0,0.0,0.0,0.0,0.0,0.0
제헌,서용길,위원,무소속,충남 아산,"",초선,0,0,0,0,0,0,5,812,1,0,0,0,0,0,0.0,0.0,0.0,0.0,0.0,0.0
제4대,김일환,내무부장관,"","","","",33,0,0,2,0,0,87,22847,15,0,1,2,0,1,14.44,0.0,0.0,0.88,0.0,0.0
제4대,최용근,"",자유당,강원 강릉,"",재선,0,0,0,0,0,0,1,29,0,1,0,5,0,0,0.0,0.0,0.0,0.0,0.0,0.0
제4대,휼병감,"","","","","",0,0,0,0,0,0,1,21,0,0,0,0,0,0,0.0,0.0,0.0,0.0,0.0,0.0
제4대,국쾌남,위원,자유당,전남 담양,"",초선,0,0,0,0,0,0,7,349,0,0,0,0,0,0,0.0,0.0,0.0,0.0,0.0,0.0
제4대,서범석,의원,민주당,서울 성북구,"",6선,0,0,0,0,0,0,42,17756,6,4,1,0,1,0,0.0,0.0,0.0,0.0,0.0,0.0
제헌,오용국,위원,무소속,제주 남제주,"",초선,0,0,0,0,0,0,1,230,7,1,5,0,0,0,0.0,0.0,0.0,0.0,0.0,0.0
제3대,한희석,의원,자유당,충남 천안군,"",재선,0,0,0,0,0,0,37,27484,1,0,0,0,0,0,0.0,0.0,0.0,0.0,0.0,0.0
제3대,신하균,의원,민주당,경기 광주,"",3선,0,0,0,0,0,0,5,3961,0,0,0,0,0,0,0.0,0.0,0.0,0.0,0.0,0.0
제4대,함성용,외자청관리국장,"","","","",0,0,0,0,0,0,14,398,0,0,0,0,0,0,0.0,0.0,0.0,0.0,0.0,0.0
제2대,이종수,의원,무소속,경남 김해을,"",3선,0,0,0,0,0,0,2,9,0,0,0,0,0,0,0.0,0.0,0.0,0.0,0.0,0.0
제3대,이협우,의원,무소속,경북 경주군을,"",3선,0,0,0,0,0,0,1,1,0,0,0,0,0,0,0.0,0.0,0.0,0.0,0.0,0.0
제헌,최운교,의원,무소속,충남 논산을,"",초선,13,6,0,0,1,1,320,42207,6,3,0,0,1,1,3.08,1.42,0.0,0.0,0.24,0.24
제2대,이상철,운영위원장,무소속,충남 청양,"",3선,0,0,0,0,0,0,3,736,0,0,0,0,0,0,0.0,0.0,0.0,0.0,0.0,0.0
제헌,지대형,의원,"","","","",0,0,0,0,0,0,7,418,1,0,0,1,1,1,0.0,0.0,0.0,0.0,0.0,0.0
제2대,"",문교사회위원장,"","","","",0,0,0,0,0,0,6,800,58,37,45,2,4,13,0.0,0.0,0.0,0.0,0.0,0.0
제2대,김종회,위원,무소속,충남 대덕,"",초선,0,0,0,0,0,0,1,9,7,0,3,0,0,0,0.0,0.0,0.0,0.0,0.0,0.0
제2대,배은희,고시위원장,대한국민당,경북 달성,"",초선,0,0,0,0,0,0,1,328,0,0,0,0,0,0,0.0,0.0,0.0,0.0,0.0,0.0
제2대,황병규,상공위원장,대한국민당,전남 여천,"",재선,18,0,0,0,0,0,23,11359,5,1,0,0,0,1,15.85,0.0,0.0,0.0,0.0,0.0
제2대,강창용,의원,무소속,제주 북제주을,"",초선,1,0,0,0,0,0,16,4173,1,0,0,0,0,0,2.4,0.0,0.0,0.0,0.0,0.0
제4대,정재완,위원,민주당,전남 여수,"",4선,47,4,0,0,0,13,173,26279,15,1,0,0,0,6,17.89,1.52,0.0,0.0,0.0,4.95
제3대,귀속주,"","","","","",0,0,0,0,0,0,2,32,0,0,0,0,0,0,0.0,0.0,0.0,0.0,0.0,0.0
제4대,양회경,해군본부정보국장,"","","","",0,0,0,0,0,0,1,14,0,0,0,0,0,0,0.0,0.0,0.0,0.0,0.0,0.0
제3대,이호진,의사국장,"","","","",0,0,0,0,0,0,1,330,0,0,0,0,0,0,0.0,0.0,0.0,0.0,0.0,0.0
제4대,유봉순,위원,자유당,경남 합천갑,"",재선,1,2,0,0,0,0,117,39442,1,2,0,0,0,0,0.25,0.51,0.0,0.0,0.0,0.0
제4대,윤형남,위원,민주당,전남 순천시,"",3선,3,1,0,0,0,0,52,11034,3,1,1,0,0,0,2.72,0.91,0.0,0.0,0.0,0.0
제헌,김효석,내무장관,대한독립촉성국민회,경남 합천을,"",초선,0,0,0,0,0,0,1,163,0,1,0,0,0,0,0.0,0.0,0.0,0.0,0.0,0.0
제4대,조순,위원장,자유당,전남 곡성군,"",3선,46,2,0,0,0,1,873,32614,13,2,0,0,0,1,14.1,0.61,0.0,0.0,0.0,0.31
제3대,"",부흥위원장,"","","","",0,0,0,0,0,0,2,1004,94,35,22,8,8,20,0.0,0.0,0.0,0.0,0.0,0.0
제4대,유승준,위원,민주당,충남 홍성군,"",재선,2,1,0,0,0,0,41,8073,2,2,0,0,0,0,2.48,1.24,0.0,0.0,0.0,0.0
제헌,이영준,위원,한국민주당,서울 동대문구을,"",4선,0,0,0,0,0,0,1,137,9,0,6,0,1,1,0.0,0.0,0.0,0.0,0.0,0.0
제4대,안광훈,증인,"","","","",0,0,0,0,0,0,24,405,0,0,0,0,0,0,0.0,0.0,0.0,0.0,0.0,0.0
제2대,이규갑,의원,대한국민당,충남 아산,"",초선,0,0,0,0,0,0,23,2018,0,0,0,0,0,0,0.0,0.0,0.0,0.0,0.0,0.0
제4대,전봉희,공군본부정보국장,"","","","",0,0,0,0,0,0,9,306,0,0,0,0,0,0,0.0,0.0,0.0,0.0,0.0,0.0
제4대,참사,"","","","","",0,0,0,0,0,0,1,5,0,0,0,0,0,0,0.0,0.0,0.0,0.0,0.0,0.0
제3대,쟈부라키,의원,"","","","",0,0,0,0,0,0,1,689,0,0,0,0,0,0,0.0,0.0,0.0,0.0,0.0,0.0
제4대,원용석,위원,자유당,충남 당진을,"",초선,7,2,0,0,0,1,46,7651,9,7,0,0,1,4,9.15,2.61,0.0,0.0,0.0,1.31
제4대,김정근,의원,무소속,경북 상주군을,"",재선,0,0,0,0,0,0,8,2068,1,1,0,0,0,1,0.0,0.0,0.0,0.0,0.0,0.0
제3대,이충환,예산결산위원장,자유당,충북 진천군,"",6선,16,18,0,0,0,1,245,86411,24,8,1,1,0,3,1.85,2.08,0.0,0.0,0.0,0.12
제헌,서용길,의원,무소속,충남 아산,"",초선,1,0,0,0,0,0,275,29350,1,0,0,0,0,0,0.34,0.0,0.0,0.0,0.0,0.0
제2대,조경규,"",무소속,경북 대구갑,"",3선,0,0,0,0,0,0,1,26,3,1,1,0,0,0,0.0,0.0,0.0,0.0,0.0,0.0
제3대,김영찬,재무부장관,"","","","",0,0,0,0,0,0,1,1517,0,0,0,0,0,0,0.0,0.0,0.0,0.0,0.0,0.0
제3대,부위장,"","","","","",0,0,0,0,0,0,1,7,0,0,0,0,0,0,0.0,0.0,0.0,0.0,0.0,0.0
제3대,홍순철,위원,자유당,충남 아산,"",초선,0,0,0,0,0,0,3,119,0,0,0,0,0,0,0.0,0.0,0.0,0.0,0.0,0.0
제3대,"",예산결산위원장,"","","","",0,1,0,0,0,0,27,4718,94,35,22,8,8,20,0.0,2.12,0.0,0.0,0.0,0.0
제4대,대통령,"","","","","",0,0,0,0,0,0,1,1559,0,0,0,0,0,0,0.0,0.0,0.0,0.0,0.0,0.0
제헌,기획처장,"","","","","",9,6,0,0,0,0,44,24838,6,1,0,0,0,0,3.62,2.42,0.0,0.0,0.0,0.0
제3대,황경수,위원,자유당,경기 평택,"",초선,2,11,0,0,0,0,52,11062,3,6,1,0,0,0,1.81,9.94,0.0,0.0,0.0,0.0
제4대,여기에는,육군본부작전교육국장,"","","","",0,0,0,0,0,0,1,15,0,0,0,0,0,0,0.0,0.0,0.0,0.0,0.0,0.0
제4대,구철회,의원,민주당,경기 용인,"",초선,3,0,0,0,0,1,5,6112,3,0,1,0,0,1,4.91,0.0,0.0,0.0,0.0,1.64
제4대,이영준,위원,민주당,서울 동대문구을,"",4선,0,0,0,0,0,0,14,4421,0,0,0,0,0,0,0.0,0.0,0.0,0.0,0.0,0.0
제3대,김종규,의원,자유당,경기 양주갑,"",초선,0,1,0,0,0,0,9,4008,0,1,0,0,0,0,0.0,2.5,0.0,0.0,0.0,0.0
제3대,의장대리,의장,"","","","",0,0,0,0,0,0,152,7613,0,0,0,0,0,0,0.0,0.0,0.0,0.0,0.0,0.0
제3대,홍창섭,위원,자유당,강원 춘천,"",4선,0,0,0,0,0,0,1,45,5,1,1,0,0,0,0.0,0.0,0.0,0.0,0.0,0.0
제3대,육완국,의원,무소속,충남 논산을,"",초선,14,8,0,0,0,0,9,5362,2,1,1,0,0,0,26.11,14.92,0.0,0.0,0.0,0.0
제3대,유완창,부흥부장관,"","","","",5,2,0,0,0,0,71,11267,3,1,0,0,0,0,4.44,1.78,0.0,0.0,0.0,0.0
제3대,김석호,의원,무소속,제주 북제주갑,"",초선,0,0,0,0,0,0,3,1310,0,0,0,0,0,0,0.0,0.0,0.0,0.0,0.0,0.0
제3대,송우범,의원,자유당,충남 대덕,"",초선,0,0,0,0,0,0,2,848,0,0,0,0,0,0,0.0,0.0,0.0,0.0,0.0,0.0
제2대,정재환,법무부장관,"","","","",0,0,0,0,0,0,1,126,0,0,0,0,0,0,0.0,0.0,0.0,0.0,0.0,0.0
제3대,이응준,체신부장관,"","","","",4,1,0,0,0,0,47,6252,2,1,0,0,0,0,6.4,1.6,0.0,0.0,0.0,0.0
제2대,서민호,의원,무소속,전남 고흥을,"",4선,1,0,0,0,0,0,81,31571,1,0,0,0,0,0,0.32,0.0,0.0,0.0,0.0,0.0
제2대,장면,국무총리,"","","","",10,2,0,0,0,0,37,28893,2,1,0,0,0,0,3.46,0.69,0.0,0.0,0.0,0.0
제3대,이남신,농림부축정국장,"","","","",2,0,0,0,0,0,4,438,1,0,0,0,0,0,45.66,0.0,0.0,0.0,0.0,0.0
제2대,김익노,의원,무소속,경북 영일을,"",4선,0,0,0,0,0,0,2,245,0,0,0,0,0,0,0.0,0.0,0.0,0.0,0.0,0.0
제4대,일반신문,육군본부인사국장,"","","","",0,0,0,0,0,0,1,29,0,0,0,0,0,0,0.0,0.0,0.0,0.0,0.0,0.0
제4대,김규만,의원,민주당,경북 의성갑,"",초선,0,0,0,0,0,0,1,574,1,0,0,1,0,0,0.0,0.0,0.0,0.0,0.0,0.0
제4대,황숙현,위원,자유당,전남 광양,"",초선,11,5,0,0,0,3,67,20395,6,1,0,0,0,1,5.39,2.45,0.0,0.0,0.0,1.47
제4대,장택상,의원,무소속,경북 칠곡군,"",4선,0,0,0,0,0,0,40,4693,2,0,0,0,0,0,0.0,0.0,0.0,0.0,0.0,0.0
제2대,신흥균,의원,"","","","",0,0,0,0,0,0,1,83,0,0,0,0,0,0,0.0,0.0,0.0,0.0,0.0,0.0
제헌,김철의원,"","","","","",0,0,0,0,0,0,1,1,0,0,0,0,0,0,0.0,0.0,0.0,0.0,0.0,0.0
제2대,서이환,위원,일민국락부,경북 울릉,"",재선,0,0,0,0,0,0,4,1485,4,0,4,1,0,0,0.0,0.0,0.0,0.0,0.0,0.0
제3대,울시,"","","","","",0,0,0,0,0,0,1,208,0,0,0,0,0,0,0.0,0.0,0.0,0.0,0.0,0.0
제3대,김영준,산림국장,"","","","",1,0,0,0,0,0,2,348,2,0,0,0,0,0,28.74,0.0,0.0,0.0,0.0,0.0
제3대,라도,"","","","","",0,0,0,0,0,0,1,85,0,0,0,0,0,0,0.0,0.0,0.0,0.0,0.0,0.0
제4대,이갑식,위원장,자유당,전남 구례,"",재선,2,16,0,0,0,0,385,11606,2,9,0,0,0,0,1.72,13.79,0.0,0.0,0.0,0.0
제2대,신성모,국방부장관,"","","","",0,0,0,0,0,0,3,2610,0,0,0,0,0,0,0.0,0.0,0.0,0.0,0.0,0.0
제4대,이재형,시국대책위원장,무소속,경기 시흥시,"",7선,0,0,0,0,0,0,12,199,7,3,1,0,0,1,0.0,0.0,0.0,0.0,0.0,0.0
제4대,박세경,위원,자유당,전북 임실,"",재선,0,0,0,0,0,0,22,2271,3,3,0,0,0,1,0.0,0.0,0.0,0.0,0.0,0.0
제4대,류경호,증인,"","","","",1,0,0,0,0,0,116,689,1,0,0,0,0,0,14.51,0.0,0.0,0.0,0.0,0.0
제3대,천일염은,염산국장,"","","","",0,0,0,0,0,0,1,4,0,0,0,0,0,0,0.0,0.0,0.0,0.0,0.0,0.0
제2대,한국원,"",무소속,경북 영덕,"",초선,0,0,0,0,0,0,1,46,4,2,0,0,0,1,0.0,0.0,0.0,0.0,0.0,0.0
제4대,김석진,위원,자유당,전남 해남을,"",초선,4,1,0,0,0,0,210,22724,3,2,0,0,0,0,1.76,0.44,0.0,0.0,0.0,0.0
제헌,안호상,문교부장관,"","","","",47,0,0,0,0,0,30,12826,9,0,0,0,0,0,36.64,0.0,0.0,0.0,0.0,0.0
제3대,조용순,법무장관,"","","","",0,0,0,0,0,0,1,26,3,0,0,0,0,0,0.0,0.0,0.0,0.0,0.0,0.0
제4대,이익흥,위원,자유당,경기 연천,"",초선,0,0,0,0,0,0,18,415,0,0,0,0,0,0,0.0,0.0,0.0,0.0,0.0,0.0
제3대,서인홍,위원,무소속,경남 진주,"",초선,0,0,0,0,0,0,34,2395,1,0,0,0,0,0,0.0,0.0,0.0,0.0,0.0,0.0
제4대,김종대,재무부이재국장,"","","","",0,0,0,0,0,0,32,5745,0,0,0,0,0,0,0.0,0.0,0.0,0.0,0.0,0.0
제4대,김훈,의원,민주당,경기 인천시병,"",재선,1,0,0,0,0,0,8,3485,2,0,1,0,0,0,2.87,0.0,0.0,0.0,0.0,0.0
제4대,황응수,증인,"","","","",0,0,0,0,1,0,17,2042,0,0,0,0,1,0,0.0,0.0,0.0,0.0,4.9,0.0
제헌,최용덕,국방부장관,"","","","",0,0,0,0,0,0,1,213,0,0,0,0,0,0,0.0,0.0,0.0,0.0,0.0,0.0
제3대,정성태,위원,무소속,전남 광주,"",6선,0,0,0,0,0,0,49,3866,1,2,0,0,0,0,0.0,0.0,0.0,0.0,0.0,0.0
제헌,노일환,위원,한국민주당,전북 순창,"",초선,0,0,0,0,0,0,1,400,3,0,5,0,0,2,0.0,0.0,0.0,0.0,0.0,0.0
제4대,변재준,증인,"","","","",0,0,0,0,0,0,3,90,0,0,0,0,0,0,0.0,0.0,0.0,0.0,0.0,0.0
제3대,진행,"","","","","",0,0,0,0,0,0,1,37,0,0,0,0,0,0,0.0,0.0,0.0,0.0,0.0,0.0
제4대,류청,의원,"","","","",0,0,0,0,0,0,3,3784,6,2,2,0,0,1,0.0,0.0,0.0,0.0,0.0,0.0
제2대,윤길중,법제사업위원장,무소속,강원 원주,"",6선,0,0,0,0,0,0,2,51,7,2,4,0,0,0,0.0,0.0,0.0,0.0,0.0,0.0
제4대,애로사항,해군본부인사국장,"","","","",0,0,0,0,0,0,1,15,0,0,0,0,0,0,0.0,0.0,0.0,0.0,0.0,0.0
제2대,변광호,의원,민주국민당,전북 군산,"",초선,0,0,0,0,0,0,15,7705,0,0,0,0,0,0,0.0,0.0,0.0,0.0,0.0,0.0
제4대,박현숙,위원,자유당,강원 금화,"",재선,0,0,0,0,0,0,22,1387,0,0,0,0,0,0,0.0,0.0,0.0,0.0,0.0,0.0
제3대,유옥우,"",자유당,전남 무안군을,"",5선,0,0,0,0,0,0,1,44,6,5,2,2,0,0,0.0,0.0,0.0,0.0,0.0,0.0
제3대,김동성,증인,"","","","",0,0,0,0,0,0,2,416,0,0,0,0,0,0,0.0,0.0,0.0,0.0,0.0,0.0
제4대,아닙니다,해병대사령부인사국장,"","","","",0,0,0,0,0,0,1,16,0,0,0,0,0,0,0.0,0.0,0.0,0.0,0.0,0.0
제4대,구봉회,증인,"","","","",0,0,0,0,0,0,4,559,0,0,0,0,0,0,0.0,0.0,0.0,0.0,0.0,0.0
제4대,이창렬,"","","","","",5,3,0,0,0,1,5,1649,1,1,0,0,0,1,30.32,18.19,0.0,0.0,0.0,6.06
제2대,대법원장,"","","","","",0,0,0,0,0,0,10,7587,0,0,0,0,0,0,0.0,0.0,0.0,0.0,0.0,0.0
제4대,강성태,위원,자유당,경기 양주을,"",초선,0,0,0,0,0,0,9,1886,0,0,0,0,0,0,0.0,0.0,0.0,0.0,0.0,0.0
제헌,깁병회,의원,"","","","",0,0,0,0,0,0,1,1,0,0,0,0,0,0,0.0,0.0,0.0,0.0,0.0,0.0
제4대,반장,"","","","","",5,0,0,2,0,0,296,6363,3,0,0,2,0,0,7.86,0.0,0.0,3.14,0.0,0.0
제4대,이종시,증인,"","","","",0,0,0,0,0,0,10,122,0,0,0,0,0,0,0.0,0.0,0.0,0.0,0.0,0.0
제헌,신상학,의원,무소속,경남 김해갑,"",초선,0,0,0,0,0,0,121,2990,0,0,0,0,0,0,0.0,0.0,0.0,0.0,0.0,0.0
제4대,문종두,의원,무소속,경북 김천,"",재선,0,0,0,0,0,0,8,2436,9,3,1,0,0,0,0.0,0.0,0.0,0.0,0.0,0.0
제3대,위원,위원,"","","","",0,0,0,0,0,0,1,135,0,0,0,0,0,0,0.0,0.0,0.0,0.0,0.0,0.0
제4대,제대장병,국방부경리국장,"","","","",0,0,0,0,0,0,1,11,0,0,0,0,0,0,0.0,0.0,0.0,0.0,0.0,0.0
제3대,신태권,의원,자유당,충남 논산갑,"",초선,1,0,0,0,0,0,31,14297,1,0,0,0,0,1,0.7,0.0,0.0,0.0,0.0,0.0
제헌,정진근,의원,무소속,경남 양산,"",초선,0,0,0,0,0,0,3,3,0,0,0,0,0,0,0.0,0.0,0.0,0.0,0.0,0.0
제2대,정문흠,"",무소속,경북 봉화,"",3선,0,0,0,0,0,0,1,34,0,0,0,0,0,0,0.0,0.0,0.0,0.0,0.0,0.0
제3대,이태용,위원,자유당,충북 제천,"",4선,1,16,0,0,0,1,221,36840,1,5,0,0,0,1,0.27,4.34,0.0,0.0,0.0,0.27
제4대,조일재,의원,민주당,경남 동래군,"",재선,0,2,0,0,0,0,9,6582,0,2,0,0,0,0,0.0,3.04,0.0,0.0,0.0,0.0
제3대,애엽연,"","","","","",0,0,0,0,0,0,1,9,0,0,0,0,0,0,0.0,0.0,0.0,0.0,0.0,0.0
제헌,기획저창,"","","","","",0,0,0,0,0,0,1,386,0,0,0,0,0,0,0.0,0.0,0.0,0.0,0.0,0.0
제헌,김동언,부의장,"","","","",0,0,0,0,0,0,1,3,0,0,0,0,0,0,0.0,0.0,0.0,0.0,0.0,0.0
제2대,이석기,의원,무소속,충남 부여갑,"",3선,1,1,0,0,0,0,52,18772,3,1,0,0,0,0,0.53,0.53,0.0,0.0,0.0,0.0
제4대,이재형,국회시국대책위원장,무소속,경기 시흥시,"",7선,0,0,0,0,0,0,2,746,7,3,1,0,0,1,0.0,0.0,0.0,0.0,0.0,0.0
제3대,김익로,의원,"","","","",0,0,0,0,0,0,17,3680,0,0,0,0,0,0,0.0,0.0,0.0,0.0,0.0,0.0
제4대,윤우경,구황실재산관리총국장,"","","","",1,0,0,0,0,1,2,1866,1,0,0,0,0,1,5.36,0.0,0.0,0.0,0.0,5.36
제4대,이재기,증인,"","","","",1,0,0,0,0,0,33,370,1,0,0,0,0,0,27.03,0.0,0.0,0.0,0.0,0.0
제헌,정현모,의원,무소속,경북 안동을,"",초선,0,0,0,0,0,0,2,519,0,0,0,0,0,0,0.0,0.0,0.0,0.0,0.0,0.0
제3대,김성복,의원,무소속,전남 보성,"",초선,0,0,0,0,0,0,6,3695,0,0,0,0,0,0,0.0,0.0,0.0,0.0,0.0,0.0
제4대,강성태,의원,자유당,경기 양주을,"",초선,0,0,0,0,0,0,1,312,0,0,0,0,0,0,0.0,0.0,0.0,0.0,0.0,0.0
제헌,기초위원,"","","","","",0,0,0,0,0,0,1,100,0,0,0,0,0,0,0.0,0.0,0.0,0.0,0.0,0.0
제헌,김웅진,위원,무소속,경기 수원을,"",재선,0,0,0,0,0,0,1,313,10,2,3,0,0,1,0.0,0.0,0.0,0.0,0.0,0.0
제헌,권태희,위원,무소속,경북 김천갑,"",초선,0,0,0,0,0,0,3,100,8,1,2,0,2,2,0.0,0.0,0.0,0.0,0.0,0.0
제2대,장택상,위원,무소속,경북 칠곡,"",4선,0,0,0,0,0,0,2,175,2,2,2,0,0,4,0.0,0.0,0.0,0.0,0.0,0.0
제4대,대개,해병대사령부군수국장,"","","","",0,0,0,0,0,0,1,45,0,0,0,0,0,0,0.0,0.0,0.0,0.0,0.0,0.0
제3대,최창섭,"",자유당,경남 합천군을,"",3선,0,0,0,0,0,0,1,153,0,0,1,0,0,1,0.0,0.0,0.0,0.0,0.0,0.0
제3대,지창하,체신부경리국장,"","","","",0,0,0,0,0,0,12,135,0,0,0,0,0,0,0.0,0.0,0.0,0.0,0.0,0.0
제3대,신언한,형정국장,"","","","",1,0,0,0,0,0,1,158,1,0,0,0,0,0,63.29,0.0,0.0,0.0,0.0,0.0
제2대,김준태,위원,무소속,경북 청도,"",3선,0,0,0,0,0,0,1,105,1,0,0,0,0,0,0.0,0.0,0.0,0.0,0.0,0.0
제4대,이종우,연합참모본부장,"","","","",0,0,0,0,0,0,19,266,0,0,0,0,0,0,0.0,0.0,0.0,0.0,0.0,0.0
제2대,윤성순,교통체신위원장,무소속,경기 포천,"",3선,0,0,0,0,0,0,7,2575,5,0,0,0,0,1,0.0,0.0,0.0,0.0,0.0,0.0
제2대,신익희,부의장,민주국민당,전남 광주,"",3선,0,0,0,0,0,0,4,561,10,11,14,2,0,4,0.0,0.0,0.0,0.0,0.0,0.0
제4대,한상구,외자청경리국장,"","","","",0,0,0,0,0,0,2,186,0,0,0,0,0,0,0.0,0.0,0.0,0.0,0.0,0.0
제4대,김철안,의원,자유당,경북 금릉,"",재선,0,0,0,0,0,0,3,1252,4,1,0,0,0,0,0.0,0.0,0.0,0.0,0.0,0.0
제4대,조정훈,위원,민주당,전북 남원군갑,"",재선,0,0,0,0,0,0,4,770,0,0,0,0,0,0,0.0,0.0,0.0,0.0,0.0,0.0
제3대,하을춘,위원,무소속,경남 창녕,"",초선,0,0,0,0,0,0,3,765,0,0,0,0,1,0,0.0,0.0,0.0,0.0,0.0,0.0
제4대,김완길,증인,"","","","",0,0,0,0,0,0,5,1187,0,0,0,0,0,0,0.0,0.0,0.0,0.0,0.0,0.0
제4대,반재현,위원,무소속,경북 청도,"",초선,3,0,0,0,0,0,52,9468,2,0,0,0,0,0,3.17,0.0,0.0,0.0,0.0,0.0
제헌,참모총장,"","","","","",0,0,0,0,0,0,7,1068,0,0,0,0,0,0,0.0,0.0,0.0,0.0,0.0,0.0
제2대,구영숙,보건부장관,"","","","",0,0,0,0,0,0,2,946,0,0,0,0,0,0,0.0,0.0,0.0,0.0,0.0,0.0
제3대,겠지만,"","","","","",0,0,0,0,0,0,1,1,0,0,0,0,0,0,0.0,0.0,0.0,0.0,0.0,0.0
제2대,신각휴,의원,민주국민당,충북 옥천,"",3선,0,0,0,0,0,0,2,4008,0,0,0,0,0,0,0.0,0.0,0.0,0.0,0.0,0.0
제4대,최유영,증인,"","","","",0,0,0,0,0,0,4,548,0,0,0,0,0,0,0.0,0.0,0.0,0.0,0.0,0.0
제헌,홍순영,의원,대한독립촉성국민회,제주 북제주갑,"",초선,0,0,0,0,0,0,2,6,0,0,0,0,0,0,0.0,0.0,0.0,0.0,0.0,0.0
제3대,성원수,"","","","","",0,0,0,0,0,0,1,44,0,0,0,0,0,0,0.0,0.0,0.0,0.0,0.0,0.0
제헌,나용균,위원,한국민주당,전북 정읍갑,"",4선,0,0,0,0,0,0,8,921,2,1,3,0,2,0,0.0,0.0,0.0,0.0,0.0,0.0
제4대,오재영,의원,자유당,경기 안성,"",재선,0,0,0,0,0,0,1,3406,1,0,0,0,0,0,0.0,0.0,0.0,0.0,0.0,0.0
제4대,노태선,증인,"","","","",0,0,0,0,0,0,13,179,0,0,0,0,0,0,0.0,0.0,0.0,0.0,0.0,0.0
제헌,정균식,위원,조선민족청년단,전남 담양,"",초선,0,0,0,0,0,0,1,121,1,0,0,0,0,0,0.0,0.0,0.0,0.0,0.0,0.0
제3대,하을춘,내무위원장,무소속,경남 창녕,"",초선,0,0,0,0,0,0,19,3450,0,0,0,0,1,0,0.0,0.0,0.0,0.0,0.0,0.0
제3대,문종두,의원,무소속,경북 김천군,"",재선,2,2,0,0,0,0,23,12201,1,1,0,0,0,0,1.64,1.64,0.0,0.0,0.0,0.0
제2대,정재완,의원,무소속,전남 여수,"",4선,6,6,0,0,0,0,21,13744,3,3,0,0,0,0,4.37,4.37,0.0,0.0,0.0,0.0
제3대,밟어,"","","","","",0,0,0,0,0,0,1,20,0,0,0,0,0,0,0.0,0.0,0.0,0.0,0.0,0.0
제2대,서상준,의장국장,"","","","",0,0,0,0,0,0,1,681,4,2,10,4,1,2,0.0,0.0,0.0,0.0,0.0,0.0
제3대,이석기,의원,무소속,충남 부여군갑,"",3선,0,9,0,0,0,0,53,10364,0,1,0,0,0,0,0.0,8.68,0.0,0.0,0.0,0.0
제4대,최영빈,증인,"","","","",0,0,0,0,0,0,8,77,0,0,0,0,0,0,0.0,0.0,0.0,0.0,0.0,0.0
제4대,류지원,위원장,"","","","",0,0,0,0,0,0,85,2374,1,0,1,0,0,0,0.0,0.0,0.0,0.0,0.0,0.0
제3대,적습,"","","","","",0,0,0,0,0,0,1,1,0,0,0,0,0,0,0.0,0.0,0.0,0.0,0.0,0.0
제4대,서정학,내무부치안국장,"","","","",4,0,0,0,0,0,12,3980,2,0,0,0,0,0,10.05,0.0,0.0,0.0,0.0,0.0
제3대,강세형,의원,무소속,전북 익산을,"",초선,0,0,0,0,0,0,96,25919,0,0,0,0,0,0,0.0,0.0,0.0,0.0,0.0,0.0
제3대,먼저시내,체신부전무국장,"","","","",1,0,0,0,0,0,1,33,1,0,0,0,0,0,303.03,0.0,0.0,0.0,0.0,0.0
제헌,김광균,의원,"","","","",0,0,0,0,0,0,2,16,0,0,0,0,0,0,0.0,0.0,0.0,0.0,0.0,0.0
제2대,조봉암,의장,대한국민당,경기 인천병,"",재선,0,0,0,0,0,0,1,20,18,14,21,2,0,13,0.0,0.0,0.0,0.0,0.0,0.0
제4대,작년에도,육군본부인사국장,"","","","",0,0,0,0,0,0,1,17,0,0,0,0,0,0,0.0,0.0,0.0,0.0,0.0,0.0
제헌,정인보,감찰위원장,"","","","",1,0,0,0,0,0,3,1896,1,0,0,0,0,0,5.27,0.0,0.0,0.0,0.0,0.0
제3대,표는,상임위원장,"","","","",0,0,0,0,0,0,1,265,0,0,0,0,0,0,0.0,0.0,0.0,0.0,0.0,0.0
제4대,성원경,증인,"","","","",0,0,0,0,0,0,13,75,0,0,0,0,0,0,0.0,0.0,0.0,0.0,0.0,0.0
제헌,조영규,"",한국민주당,전남 영광,"",4선,0,0,0,0,0,0,1,133,7,1,3,0,2,2,0.0,0.0,0.0,0.0,0.0,0.0
제4대,신두영,국무원사무국장,"","","","",13,0,0,0,0,0,23,5868,3,0,0,0,0,0,22.15,0.0,0.0,0.0,0.0,0.0
제2대,변영태,외무부장관,"","","","",4,0,0,0,0,2,64,34824,3,0,0,0,0,2,1.15,0.0,0.0,0.0,0.0,0.57
제헌,진직현,의원,대한독립촉성국민회,전북 임실,"",초선,0,0,0,0,0,0,4,101,0,0,0,0,0,0,0.0,0.0,0.0,0.0,0.0,0.0
제헌,김종선,의원,한국민주당,전남 구례,"",초선,0,0,0,0,0,0,41,45,0,0,0,0,0,0,0.0,0.0,0.0,0.0,0.0,0.0
제4대,첫째,육군본부군수국장,"","","","",1,0,0,0,0,0,1,428,1,0,0,0,0,0,23.36,0.0,0.0,0.0,0.0,0.0
제4대,류순식,의원,"","","","",0,0,0,0,0,0,2,5131,5,0,0,0,0,0,0.0,0.0,0.0,0.0,0.0,0.0
제헌,이종린,외무국방위원장,무소속,충남 서산갑,"",재선,0,0,0,0,0,0,10,2988,1,0,1,0,0,0,0.0,0.0,0.0,0.0,0.0,0.0
제헌,구영숙,보건부장관,"","","","",0,0,0,0,0,0,1,158,0,0,0,0,0,0,0.0,0.0,0.0,0.0,0.0,0.0
제3대,부의장,부의장,"","","","",0,0,0,0,0,0,1,4,0,0,0,0,0,0,0.0,0.0,0.0,0.0,0.0,0.0
제4대,황호현,위원,무소속,강원 평창군,"",3선,3,0,0,0,0,0,54,8891,2,1,0,0,0,0,3.37,0.0,0.0,0.0,0.0,0.0
제2대,류홍,위원,대한독립촉성국민회,서울 영등포구을,"",3선,0,0,0,0,0,1,3,1524,0,0,0,0,0,1,0.0,0.0,0.0,0.0,0.0,6.56
제3대,구흥남,위원,자유당,전남 화순군,"",재선,1,0,0,0,0,2,39,5461,3,0,1,0,0,1,1.83,0.0,0.0,0.0,0.0,3.66
제헌,유홍열,의원,무소속,충북 제천,"",초선,0,0,0,0,0,0,1,2,0,0,0,0,0,0,0.0,0.0,0.0,0.0,0.0,0.0
제4대,오범수,의원,자유당,충북 청원갑,"",재선,3,0,0,0,0,0,8,1248,9,0,1,0,1,0,24.04,0.0,0.0,0.0,0.0,0.0
제헌,김효석,내무부장관,대한독립촉성국민회,경남 합천을,"",초선,0,2,0,0,0,0,28,12012,0,1,0,0,0,0,0.0,1.67,0.0,0.0,0.0,0.0
제2대,박만원,재정경제위원장,무소속,경북 군위,"",3선,11,58,0,0,0,0,291,53725,16,7,0,0,0,1,2.05,10.8,0.0,0.0,0.0,0.0
제3대,"",위원장,"","","","",7,5,0,0,0,1,2065,42918,94,35,22,8,8,20,1.63,1.17,0.0,0.0,0.0,0.23
제2대,신익희,위원,민주국민당,전남 광주,"",3선,0,0,0,0,0,0,2,640,10,11,14,2,0,4,0.0,0.0,0.0,0.0,0.0,0.0
제4대,김진만,의원,자유당,강원 삼척군,"",7선,0,0,0,0,0,0,2,1472,1,2,1,1,0,0,0.0,0.0,0.0,0.0,0.0,0.0
제3대,안준기,의원,자유당,경남 산청,"",초선,0,0,0,0,0,0,20,5413,0,0,0,0,0,0,0.0,0.0,0.0,0.0,0.0,0.0
제헌,김도연,재무부장관,한국민주당,서울 서대문구,"",6선,13,125,0,1,0,7,79,39566,6,8,1,1,0,2,3.29,31.59,0.0,0.25,0.0,1.77
제3대,윤우경,구황실재산관리사무총국장,"","","","",2,0,0,0,0,0,3,2423,1,0,0,0,0,1,8.25,0.0,0.0,0.0,0.0,0.0
제4대,정동기,"","","","","",1,0,0,0,0,0,66,2187,1,0,0,0,0,0,4.57,0.0,0.0,0.0,0.0,0.0
제헌,이주형,의원,대한독립촉성국민회,경남 밀양갑,"",초선,6,0,0,0,4,0,127,26397,2,0,0,0,2,0,2.27,0.0,0.0,0.0,1.52,0.0
제헌,윤재욱,위원,대동청년당,서울 영등포구,"",재선,0,0,0,0,0,0,1,748,4,0,7,0,0,0,0.0,0.0,0.0,0.0,0.0,0.0
제3대,문종두,위원,무소속,경북 김천군,"",재선,0,0,0,0,0,0,1,262,1,1,0,0,0,0,0.0,0.0,0.0,0.0,0.0,0.0
제헌,노진설,국회선거위원장,"","","","",0,0,0,0,0,0,3,1444,0,0,0,0,0,0,0.0,0.0,0.0,0.0,0.0,0.0
제3대,한희석,내무위원장,자유당,충남 천안군,"",재선,1,0,0,0,0,0,82,21582,1,0,0,0,0,0,0.46,0.0,0.0,0.0,0.0,0.0
제3대,의회,"","","","","",0,0,0,0,0,0,1,1,0,0,0,0,0,0,0.0,0.0,0.0,0.0,0.0,0.0
제4대,김정렴,재무부이재국장,"","","","",0,0,0,0,0,0,9,993,0,0,0,0,0,0,0.0,0.0,0.0,0.0,0.0,0.0
제3대,종자,"","","","","",0,0,0,0,0,0,1,16,0,0,0,0,0,0,0.0,0.0,0.0,0.0,0.0,0.0
제3대,남송학,위원,자유당,서울 용산구을,"",재선,0,0,0,0,0,0,13,4415,2,0,2,0,0,0,0.0,0.0,0.0,0.0,0.0,0.0
제2대,공보처장,"","","","","",0,0,0,0,0,1,5,6281,0,0,0,0,0,1,0.0,0.0,0.0,0.0,0.0,1.59
제2대,용도,"","","","","",0,0,0,0,0,0,1,5,0,0,0,0,0,0,0.0,0.0,0.0,0.0,0.0,0.0
제헌,임영신,상공장관,대한여자국민당,경북 안동을,"",재선,0,0,0,0,0,0,1,3,6,0,5,0,2,2,0.0,0.0,0.0,0.0,0.0,0.0
제3대,신익희,의원,민주국민당,전남 광주,"",3선,0,0,0,0,0,0,8,8204,0,0,0,0,0,0,0.0,0.0,0.0,0.0,0.0,0.0
제3대,정명섭,특별조사위원장,자유당,전남 나주군을,"",3선,0,0,0,0,0,0,1,6847,5,0,3,0,0,0,0.0,0.0,0.0,0.0,0.0,0.0
제3대,손문경,의원,자유당,전남 고흥군갑,"",재선,0,0,0,0,0,0,9,2202,0,0,0,0,0,0,0.0,0.0,0.0,0.0,0.0,0.0
제4대,이동근,위원,자유당,강원 양양,"",초선,1,2,0,0,0,0,40,2084,1,1,0,0,0,0,4.8,9.6,0.0,0.0,0.0,0.0
제3대,톤당,고등교육국장,"","","","",0,0,0,0,0,0,1,60,0,0,0,0,0,0,0.0,0.0,0.0,0.0,0.0,0.0
제2대,장기영,체신부장관,"","","","",0,0,0,0,0,0,5,633,0,0,0,0,0,0,0.0,0.0,0.0,0.0,0.0,0.0
제헌,박기운,위원,무소속,충북 청주,"",3선,0,0,0,0,0,0,1,1,0,0,2,0,0,0,0.0,0.0,0.0,0.0,0.0,0.0
제헌,김준연,위원,한국민주당,전남 영암,"",5선,0,0,0,0,0,0,6,454,0,0,1,0,0,0,0.0,0.0,0.0,0.0,0.0,0.0
제헌,민희식,교통부장관,"","","","",6,0,0,0,0,0,2,1589,1,0,0,0,0,0,37.76,0.0,0.0,0.0,0.0,0.0
제3대,박술음,사회부장관,"","","","",0,0,0,0,0,0,3,1059,0,0,0,0,0,0,0.0,0.0,0.0,0.0,0.0,0.0
제4대,강호륜,공군본부작전국장,"","","","",0,0,0,0,0,0,7,270,0,0,0,0,0,0,0.0,0.0,0.0,0.0,0.0,0.0
제헌,김준영,의원,"","","","",0,0,0,0,0,0,1,1,0,0,0,0,0,0,0.0,0.0,0.0,0.0,0.0,0.0
제3대,조순위원,"","","","","",0,0,0,0,0,0,6,65,0,0,0,0,0,0,0.0,0.0,0.0,0.0,0.0,0.0
제3대,윤형남,위원,무소속,전남 순천시,"",3선,3,1,0,0,0,0,73,4980,6,5,4,0,0,1,6.02,2.01,0.0,0.0,0.0,0.0
제3대,총수,"","","","","",0,0,0,0,0,0,1,37,0,0,0,0,0,0,0.0,0.0,0.0,0.0,0.0,0.0
제헌,긴동원,부의장,"","","","",0,0,0,0,0,0,1,2,0,0,0,0,0,0,0.0,0.0,0.0,0.0,0.0,0.0
제2대,구을회,의원,무소속,충남 당진,"",초선,0,0,0,1,0,0,19,3060,0,0,0,1,0,0,0.0,0.0,0.0,3.27,0.0,0.0
제3대,서상준,사무국장,"","","","",0,0,0,0,0,0,3,593,19,11,22,2,1,6,0.0,0.0,0.0,0.0,0.0,0.0
제헌,최석화,의원,무소속,경기 평택,"",초선,4,0,0,0,0,0,44,7192,1,0,0,0,0,0,5.56,0.0,0.0,0.0,0.0,0.0
제헌,이종린,외무국방위원회위원장,무소속,충남 서산갑,"",재선,0,0,0,0,0,0,1,350,1,0,1,0,0,0,0.0,0.0,0.0,0.0,0.0,0.0
제2대,이갑성,위원,무소속,경북 대구병,"",초선,0,0,0,0,0,0,1,6,1,0,0,0,0,0,0.0,0.0,0.0,0.0,0.0,0.0
제4대,재정법에,해군본부함정국장,"","","","",0,0,0,0,0,0,1,9,0,0,0,0,0,0,0.0,0.0,0.0,0.0,0.0,0.0
제3대,윤용구,의원,자유당,경북 청송군,"",재선,0,0,0,0,0,0,3,1849,0,0,0,0,0,0,0.0,0.0,0.0,0.0,0.0,0.0
제4대,김준기,증인,"","","","",0,0,0,0,0,0,10,178,0,0,0,0,0,0,0.0,0.0,0.0,0.0,0.0,0.0
제3대,이충환,예산위원장,자유당,충북 진천군,"",6선,0,0,0,0,0,0,1,105,24,8,1,1,0,3,0.0,0.0,0.0,0.0,0.0,0.0
제4대,사무차장,"","","","","",0,0,0,0,0,0,12,489,0,0,0,0,0,0,0.0,0.0,0.0,0.0,0.0,0.0
제4대,박충모,의원,민주당,강원 원주,"",재선,1,0,0,0,0,0,8,6311,3,0,1,0,0,0,1.58,0.0,0.0,0.0,0.0,0.0
제헌,김익노,의원,무소속,경북 영일을,"",4선,0,0,0,0,0,0,1,1,0,0,0,0,0,0,0.0,0.0,0.0,0.0,0.0,0.0
제3대,문봉제,국무원사무국장,"","","","",11,0,0,0,0,1,41,4721,8,1,0,0,0,1,23.3,0.0,0.0,0.0,0.0,2.12
제4대,나판수,의원,자유당,전남 무안갑,"",초선,0,0,0,0,0,0,12,5820,2,0,4,1,0,0,0.0,0.0,0.0,0.0,0.0,0.0
제2대,금리,"","","","","",0,0,0,0,0,0,1,2,0,0,0,0,0,0,0.0,0.0,0.0,0.0,0.0,0.0
제2대,백남식,위원,대한독립촉성국민회,경북 상주을,"",재선,0,0,0,0,0,0,1,176,0,8,5,0,0,0,0.0,0.0,0.0,0.0,0.0,0.0
제헌,유내완,의원,"","","","",0,0,0,0,0,0,15,497,0,0,0,0,0,0,0.0,0.0,0.0,0.0,0.0,0.0
제헌,박윤원,의원,무소속,경남 남해,"",초선,6,0,0,3,2,3,138,21877,4,0,0,1,2,2,2.74,0.0,0.0,1.37,0.91,1.37
제헌,신익희,의원,대한독립촉성국민회,전남 광주,"",3선,0,0,0,0,1,1,42,25149,9,4,4,0,12,5,0.0,0.0,0.0,0.0,0.4,0.4
제2대,백락준,문교부장관,"","","","",0,0,0,0,0,0,2,865,0,0,0,0,0,0,0.0,0.0,0.0,0.0,0.0,0.0
제헌,김문평,의원,대한독립촉성국민회,전남 여수갑,"",초선,0,0,0,0,0,2,60,10173,0,0,0,0,0,1,0.0,0.0,0.0,0.0,0.0,1.97
제헌,이청천,의원,"","","","",0,0,0,0,0,0,12,3698,0,0,0,0,0,0,0.0,0.0,0.0,0.0,0.0,0.0
제2대,국회의장,"","","","","",0,0,0,0,0,0,1,344,0,0,0,0,0,0,0.0,0.0,0.0,0.0,0.0,0.0
제2대,김판석,의원,대한청년단,경북 포항,"",초선,0,0,0,0,0,3,13,2483,0,0,0,0,0,1,0.0,0.0,0.0,0.0,0.0,12.08
제2대,배은희,고시위원회위원장,대한국민당,경북 달성,"",초선,0,0,0,0,0,0,1,934,0,0,0,0,0,0,0.0,0.0,0.0,0.0,0.0,0.0
제헌,서성달,의원,대한독립촉성국민회,경기 고양갑,"",초선,6,1,0,0,0,0,50,6877,1,1,0,0,0,0,8.72,1.45,0.0,0.0,0.0,0.0
제헌,손진백,의원,"","","","",0,0,0,0,0,0,1,423,0,0,0,0,0,0,0.0,0.0,0.0,0.0,0.0,0.0
제2대,부의작,"","","","","",0,0,0,0,0,0,1,5,0,0,0,0,0,0,0.0,0.0,0.0,0.0,0.0,0.0
제3대,조병문,농림분과위원장,자유당,전남 진도군,"",재선,0,0,0,0,0,0,3,122,10,2,1,0,0,0,0.0,0.0,0.0,0.0,0.0,0.0
제4대,그것은,육군본부군수국장,"","","","",0,0,0,0,0,0,2,6,0,0,0,0,0,0,0.0,0.0,0.0,0.0,0.0,0.0
제3대,안정근,세관국장,"","","","",1,0,0,0,0,0,6,635,1,0,0,0,0,0,15.75,0.0,0.0,0.0,0.0,0.0
제헌,김철,위원,대한독립촉성국민회,경북 경주갑,"",재선,0,0,0,0,0,0,2,3,0,0,1,0,0,0,0.0,0.0,0.0,0.0,0.0,0.0
제3대,이열모,재무부이재국장,"","","","",1,1,0,0,0,0,89,7489,1,1,0,0,0,0,1.34,1.34,0.0,0.0,0.0,0.0
제4대,연사,"","","","","",0,0,0,0,0,0,1,6,0,0,0,0,0,0,0.0,0.0,0.0,0.0,0.0,0.0
제3대,신정호,의원,무소속,충북 청원군갑,"",재선,5,0,0,0,0,0,39,14142,8,2,1,0,0,2,3.54,0.0,0.0,0.0,0.0,0.0
제헌,김만선,의원,"","","","",0,0,0,0,0,0,1,1,0,0,0,0,0,0,0.0,0.0,0.0,0.0,0.0,0.0
제4대,박명길,위원,"","","","",0,0,0,0,0,0,1,8,0,0,0,0,0,0,0.0,0.0,0.0,0.0,0.0,0.0
제3대,되었,"","","","","",0,0,0,0,0,0,1,81,0,0,0,0,0,0,0.0,0.0,0.0,0.0,0.0,0.0
제헌,이종선,의원,"","","","",0,0,0,0,0,0,1,1,0,1,0,0,0,0,0.0,0.0,0.0,0.0,0.0,0.0
제3대,권오종,위원,국민회,경북 안동갑,"",재선,7,0,0,0,0,0,12,1583,2,0,0,0,0,0,44.22,0.0,0.0,0.0,0.0,0.0
제3대,김병로,법전편찬위원장,"","","","",0,0,0,0,0,0,1,4336,0,0,0,0,0,0,0.0,0.0,0.0,0.0,0.0,0.0
제4대,류진산,의원,"","","","",0,0,0,0,0,0,36,16777,3,0,0,0,0,0,0.0,0.0,0.0,0.0,0.0,0.0
제4대,최응복,내무부지방국장,"","","","",0,6,0,0,0,0,25,4445,0,2,0,0,0,0,0.0,13.5,0.0,0.0,0.0,0.0
제4대,류홍,의원,민주당,서울 영등포구을,"",3선,0,2,0,0,0,0,21,8776,1,2,1,0,0,1,0.0,2.28,0.0,0.0,0.0,0.0
제4대,저희는,해군본부관리참모부장,"","","","",0,0,0,0,0,0,1,54,0,0,0,0,0,0,0.0,0.0,0.0,0.0,0.0,0.0
제2대,권병로,의원,"","","","",0,0,0,0,0,0,1,391,0,0,0,0,0,0,0.0,0.0,0.0,0.0,0.0,0.0
제3대,강세형,위원,무소속,전북 익산을,"",초선,0,0,0,0,0,0,3,181,0,0,0,0,0,0,0.0,0.0,0.0,0.0,0.0,0.0
제2대,조경규,내무치안위원장,무소속,경북 대구갑,"",3선,0,0,0,0,0,0,1,538,3,1,1,0,0,0,0.0,0.0,0.0,0.0,0.0,0.0
제3대,유옥우,위원,자유당,전남 무안군을,"",5선,2,12,0,0,0,0,269,27880,6,5,2,2,0,0,0.72,4.3,0.0,0.0,0.0,0.0
제2대,이종욱,위원,대한독립촉성국민회,강원 평창,"",초선,0,0,0,0,0,0,1,493,1,0,1,0,0,0,0.0,0.0,0.0,0.0,0.0,0.0
제4대,박윤식,증인,"","","","",0,0,0,0,0,0,14,395,0,0,0,0,0,0,0.0,0.0,0.0,0.0,0.0,0.0
제4대,정상희,위원,자유당,충북 중원군,"",재선,0,0,0,0,0,0,1,6,0,0,0,0,0,0,0.0,0.0,0.0,0.0,0.0,0.0
제4대,저희가,해군본부관리참모부장,"","","","",0,0,0,0,0,0,2,103,0,0,0,0,0,0,0.0,0.0,0.0,0.0,0.0,0.0
제2대,강인택,체신부장관,"","","","",0,0,0,0,0,0,2,938,0,0,0,0,0,0,0.0,0.0,0.0,0.0,0.0,0.0
제3대,류진산,의원,"","","","",6,0,0,0,0,0,148,76208,7,1,0,0,0,1,0.79,0.0,0.0,0.0,0.0,0.0
제2대,"",내무치안위원장,"","","","",0,0,0,0,0,0,35,2381,58,37,45,2,4,13,0.0,0.0,0.0,0.0,0.0,0.0
제3대,"",육군본부행정참모부장,"","","","",0,0,0,0,0,0,1,15,94,35,22,8,8,20,0.0,0.0,0.0,0.0,0.0,0.0
제4대,박순천,의원,민주당,"경남 부산시,동구갑","",5선,0,0,0,0,0,0,4,433,0,0,0,0,0,0,0.0,0.0,0.0,0.0,0.0,0.0
제2대,조광섭,위원,조선민주당,서울 영등포구갑,"",초선,0,0,0,0,0,0,1,21,4,0,19,0,1,1,0.0,0.0,0.0,0.0,0.0,0.0
제2대,"",농림위원장,"","","","",1,0,0,0,0,0,6,3490,58,37,45,2,4,13,2.87,0.0,0.0,0.0,0.0,0.0
제3대,박용익,예산결산위원장,무소속,강원 강릉시을,"",재선,6,6,0,0,0,1,18,7020,2,2,0,0,0,2,8.55,8.55,0.0,0.0,0.0,1.42
제4대,"",내무위원장,"","","","",0,0,0,0,0,0,4,1425,138,25,25,10,3,18,0.0,0.0,0.0,0.0,0.0,0.0
제4대,고재필,민의원사무처법제조사국장,"","","","",0,0,0,0,0,0,1,248,0,0,0,0,0,1,0.0,0.0,0.0,0.0,0.0,0.0
제4대,가격은,육군본부군수국장,"","","","",0,0,0,0,0,0,1,7,0,0,0,0,0,0,0.0,0.0,0.0,0.0,0.0,0.0
제헌,이성우,의원,무소속,전남 함평,"",초선,0,0,0,0,0,0,5,452,0,0,0,0,0,0,0.0,0.0,0.0,0.0,0.0,0.0
제3대,김병윤,농정국장,"","","","",0,0,0,0,0,0,1,318,0,0,0,0,0,0,0.0,0.0,0.0,0.0,0.0,0.0
제3대,직히,"","","","","",0,0,0,0,0,0,1,6,0,0,0,0,0,0,0.0,0.0,0.0,0.0,0.0,0.0
제3대,박만원,위원,자유당,경북 군위군,"",3선,0,3,0,0,0,0,48,8571,10,9,0,0,0,2,0.0,3.5,0.0,0.0,0.0,0.0
제4대,곽의영,위원,자유당,충북 청원을,"",3선,0,1,0,0,0,0,49,5834,10,3,0,0,0,2,0.0,1.71,0.0,0.0,0.0,0.0
제2대,"",산업위원장,"","","","",0,0,0,0,0,0,1,395,58,37,45,2,4,13,0.0,0.0,0.0,0.0,0.0,0.0
제4대,"",해군본부관리참모부장,"","","","",0,0,0,0,0,0,1,30,138,25,25,10,3,18,0.0,0.0,0.0,0.0,0.0,0.0
제헌,김약수,의장,조선공화당,경남 동래,"",초선,0,0,0,0,0,0,2,124,3,1,1,0,6,1,0.0,0.0,0.0,0.0,0.0,0.0
제4대,최창언,육군본부정훈국장,"","","","",2,0,0,0,0,0,8,580,1,0,0,0,0,0,34.48,0.0,0.0,0.0,0.0,0.0
제헌,이인,법제사법위원회위원장,무소속,서울 종로구을,"",3선,0,0,0,0,0,0,1,1379,4,0,1,1,2,0,0.0,0.0,0.0,0.0,0.0,0.0
제헌,황호현,위원,대한독립촉성국민회,강원 평창,"",3선,3,0,0,0,0,0,4,794,4,1,5,1,0,0,37.78,0.0,0.0,0.0,0.0,0.0
제2대,이기붕,국방부장관,"","","","",0,0,0,0,0,0,7,2293,0,0,0,0,0,0,0.0,0.0,0.0,0.0,0.0,0.0
제2대,신용욱,교통체신위원장,무소속,전북 고창을,"",재선,1,0,0,0,0,0,6,1840,5,1,2,0,0,0,5.43,0.0,0.0,0.0,0.0,0.0
제3대,손권배,위원,자유당,전북 완주을,"",초선,0,0,0,0,0,0,12,1171,0,0,1,0,0,0,0.0,0.0,0.0,0.0,0.0,0.0
제4대,피고,"","","","","",2,0,0,0,0,0,274,5144,2,0,0,0,0,0,3.89,0.0,0.0,0.0,0.0,0.0
제4대,이상용,"",자유당,"경남 부산시,서구갑","",초선,0,0,0,0,0,0,1,34,3,1,0,0,0,1,0.0,0.0,0.0,0.0,0.0,0.0
제헌,조현영,의원,"","","","",0,0,0,0,0,0,1,530,0,0,0,0,0,0,0.0,0.0,0.0,0.0,0.0,0.0
제3대,서정학,내무부치안국장,"","","","",0,0,0,0,0,0,5,1269,0,0,0,0,0,0,0.0,0.0,0.0,0.0,0.0,0.0
제4대,손도심,의원,자유당,경기 화성갑,"",재선,1,0,0,0,0,0,35,33962,3,0,0,0,0,0,0.29,0.0,0.0,0.0,0.0,0.0
제4대,박만원,위원장,자유당,경북 군위군,"",3선,3,0,0,0,0,0,379,23676,2,1,0,1,0,0,1.27,0.0,0.0,0.0,0.0,0.0
제3대,암시장에,염산국장,"","","","",0,0,0,0,0,0,1,9,0,0,0,0,0,0,0.0,0.0,0.0,0.0,0.0,0.0
제헌,박찬현,의원,무소속,경남 부산정,"",4선,4,0,0,0,1,0,153,16740,4,0,0,0,1,0,2.39,0.0,0.0,0.0,0.6,0.0
제4대,김상도,의원,자유당,경북 영천갑,"",재선,0,0,0,0,0,0,3,3551,1,0,0,0,0,1,0.0,0.0,0.0,0.0,0.0,0.0
제4대,그런데,육군본부작전교육국장,"","","","",0,0,0,0,0,0,1,20,0,0,0,0,0,0,0.0,0.0,0.0,0.0,0.0,0.0
제3대,예산을,"","","","","",0,0,0,0,0,0,1,6,0,0,0,0,0,0,0.0,0.0,0.0,0.0,0.0,0.0
제헌,황병규,의원,무소속,전남 여수을,"",재선,10,0,0,0,0,0,67,9133,2,0,0,0,0,0,10.95,0.0,0.0,0.0,0.0,0.0
제3대,정명선,의원,자유당,충남 청양,"",초선,0,0,0,0,0,0,2,1378,0,0,0,0,0,0,0.0,0.0,0.0,0.0,0.0,0.0
제4대,이동세,교통부경리국장,"","","","",4,0,0,0,0,0,12,250,1,0,0,0,0,0,160.0,0.0,0.0,0.0,0.0,0.0
제2대,싱익희,의장,"","","","",0,0,0,0,0,0,1,7,0,0,0,0,0,0,0.0,0.0,0.0,0.0,0.0,0.0
제헌,내무차관,"","","","","",0,0,0,0,0,0,12,4004,0,0,0,0,0,0,0.0,0.0,0.0,0.0,0.0,0.0
제4대,윤명운,위원,민주당,서울 영등포구갑,"",재선,11,1,0,0,0,0,164,22982,2,1,0,0,0,0,4.79,0.44,0.0,0.0,0.0,0.0
제4대,민장식,위원,민주당,충북 영동군,"",재선,5,6,0,0,0,1,82,23119,3,2,0,0,0,1,2.16,2.6,0.0,0.0,0.0,0.43
제4대,김원전,의원,자유당,전북 군산,"",초선,0,0,0,0,0,1,2,178,6,2,3,0,0,2,0.0,0.0,0.0,0.0,0.0,56.18
제3대,정갑주,위원,자유당,경남 사천,"",초선,0,0,0,0,0,0,16,850,0,0,0,0,1,0,0.0,0.0,0.0,0.0,0.0,0.0
제헌,장기영,위원,무소속,강원 영월,"",초선,0,0,0,0,0,0,1,75,0,0,0,0,0,0,0.0,0.0,0.0,0.0,0.0,0.0
제3대,이규석,농림부양정국장,"","","","",0,0,0,0,0,0,3,152,0,0,0,0,0,0,0.0,0.0,0.0,0.0,0.0,0.0
제3대,신현확,상공부공업국장,"","","","",2,0,0,0,0,0,1,219,1,0,0,0,0,0,91.32,0.0,0.0,0.0,0.0,0.0
제3대,박종길,위원,무소속,경북 영양군,"",3선,0,0,0,0,0,1,42,5601,1,0,1,0,0,1,0.0,0.0,0.0,0.0,0.0,1.79
제3대,김지태,의원,자유당,경남 부산시갑,"",재선,0,11,0,0,0,0,4,2958,0,1,0,0,0,0,0.0,37.19,0.0,0.0,0.0,0.0
제2대,계셔서,"","","","","",0,0,0,0,0,0,1,12,0,0,0,0,0,0,0.0,0.0,0.0,0.0,0.0,0.0
제4대,최규옥,위원,자유당,강원 양구,"",재선,2,0,0,0,0,0,34,2164,1,0,0,0,0,0,9.24,0.0,0.0,0.0,0.0,0.0
제4대,박만원,위원,자유당,경북 군위군,"",3선,0,0,0,4,0,0,90,14773,2,1,0,1,0,0,0.0,0.0,0.0,2.71,0.0,0.0
제3대,장택상,의원,무소속,경북 칠곡군,"",4선,4,2,0,2,0,1,85,24376,3,1,0,2,0,1,1.64,0.82,0.0,0.82,0.0,0.41
제헌,농림차관,"","","","","",0,0,0,0,0,0,1,302,0,0,0,0,0,0,0.0,0.0,0.0,0.0,0.0,0.0
제4대,김석근,해군본부경리부국장,"","","","",0,0,0,0,0,0,2,82,0,0,0,0,0,0,0.0,0.0,0.0,0.0,0.0,0.0
제2대,김봉조,의원,무소속,경북 청송,"",재선,1,0,0,0,0,0,59,13891,1,0,0,0,0,0,0.72,0.0,0.0,0.0,0.0,0.0
제2대,서장주,의원,무소속,경남 양산,"",초선,0,0,0,0,0,0,2,937,0,0,0,0,0,0,0.0,0.0,0.0,0.0,0.0,0.0
제헌,이강우,의원,무소속,경남 진주,"",초선,0,0,0,0,0,0,66,9855,0,0,0,0,0,0,0.0,0.0,0.0,0.0,0.0,0.0
제4대,병역법에,공군본부인사국장,"","","","",0,0,0,0,0,0,1,15,0,0,0,0,0,0,0.0,0.0,0.0,0.0,0.0,0.0
제3대,언요청,"","","","","",0,0,0,0,0,0,1,81,0,0,0,0,0,0,0.0,0.0,0.0,0.0,0.0,0.0
제4대,정중섭,위원,민주당,전남 목포,"",재선,4,0,0,0,0,0,131,10004,2,0,1,1,0,0,4.0,0.0,0.0,0.0,0.0,0.0
제4대,김무신,증인,"","","","",0,0,0,0,0,0,8,436,0,0,0,0,0,0,0.0,0.0,0.0,0.0,0.0,0.0
제4대,김도연,의원,민주당,서울 서대문구갑,"",6선,0,12,0,0,0,0,4,9076,5,13,2,0,0,1,0.0,13.22,0.0,0.0,0.0,0.0
제3대,행정권,"","","","","",0,0,0,0,0,0,1,14,0,0,0,0,0,0,0.0,0.0,0.0,0.0,0.0,0.0
제4대,손석두,위원,자유당,전남 장흥,"",재선,1,1,0,0,0,0,5,801,2,4,0,0,0,0,12.48,12.48,0.0,0.0,0.0,0.0
제4대,김재곤,의원,민주당,경기 인천시갑,"",3선,0,0,0,0,0,0,12,6129,3,2,1,0,0,0,0.0,0.0,0.0,0.0,0.0,0.0
제3대,총무처장,"","","","","",4,0,0,0,0,0,1,382,1,0,0,0,0,0,104.71,0.0,0.0,0.0,0.0,0.0
제헌,류홍열,의원,"","","","",0,0,0,0,0,0,3,156,0,0,0,0,0,0,0.0,0.0,0.0,0.0,0.0,0.0
제헌,정준,위원,무소속,경기 김포,"",4선,0,0,0,0,0,0,1,6,1,0,1,1,1,1,0.0,0.0,0.0,0.0,0.0,0.0
제4대,김두진,의원,자유당,제주 북제주,"",재선,0,0,0,0,0,0,1,394,2,2,2,0,0,0,0.0,0.0,0.0,0.0,0.0,0.0
제3대,이재곤,체신부전무국장,"","","","",0,0,0,0,0,0,5,285,0,0,0,0,0,0,0.0,0.0,0.0,0.0,0.0,0.0
제4대,이성주,국회운영위원장,자유당,경기 고양,"",초선,0,0,0,0,0,0,2,1476,4,1,0,0,0,0,0.0,0.0,0.0,0.0,0.0,0.0
제4대,도서관장,"","","","","",0,0,0,0,0,0,5,224,0,0,0,0,0,0,0.0,0.0,0.0,0.0,0.0,0.0
제4대,이옥동,의원,무소속,전북 진안,"",초선,0,0,0,0,0,0,2,1052,2,0,0,0,0,0,0.0,0.0,0.0,0.0,0.0,0.0
제3대,김법린,문교위원장,자유당,경남 동래,"",초선,4,0,0,0,0,3,16,10214,4,0,0,0,0,1,3.92,0.0,0.0,0.0,0.0,2.94
제헌,윤칭영,부의장,"","","","",0,0,0,0,0,0,1,104,0,0,0,0,0,0,0.0,0.0,0.0,0.0,0.0,0.0
제3대,김용우,국방부장관,"","","","",6,0,0,0,0,0,41,21771,4,0,0,0,0,0,2.76,0.0,0.0,0.0,0.0,0.0
제3대,법제처장,"","","","","",0,0,0,0,0,0,2,2161,0,0,0,0,0,0,0.0,0.0,0.0,0.0,0.0,0.0
제4대,다른,해군본부인사국장,"","","","",0,0,0,0,0,0,1,6,0,0,0,0,0,0,0.0,0.0,0.0,0.0,0.0,0.0
제3대,해무청장,"","","","","",3,1,0,0,0,0,36,4261,2,1,0,0,0,0,7.04,2.35,0.0,0.0,0.0,0.0
제헌,이택관,의원,"","","","",0,0,0,0,0,0,1,1,0,0,0,0,0,0,0.0,0.0,0.0,0.0,0.0,0.0
제2대,서상준,사무국장,"","","","",0,0,0,0,0,0,1,95,4,2,10,4,1,2,0.0,0.0,0.0,0.0,0.0,0.0
제4대,정남택,위원,자유당,경북 고령,"",초선,3,0,0,0,0,0,38,2453,2,0,0,0,0,0,12.23,0.0,0.0,0.0,0.0,0.0
제3대,박해정,위원,무소속,경북 경산,"",4선,0,3,0,0,0,0,41,2625,4,5,6,0,0,0,0.0,11.43,0.0,0.0,0.0,0.0
제헌,간사,"","","","","",0,0,0,0,0,0,3,91,0,0,0,0,0,0,0.0,0.0,0.0,0.0,0.0,0.0
제4대,안용백,위원장,자유당,전남 보성,"",초선,0,0,0,0,0,0,147,2750,1,0,0,0,0,1,0.0,0.0,0.0,0.0,0.0,0.0
제2대,최주일,의원,대한청년단,전북 김제을,"",초선,0,0,0,0,0,0,10,1523,0,0,0,0,0,0,0.0,0.0,0.0,0.0,0.0,0.0
제4대,이진호,의사국장,"","","","",0,0,0,0,0,0,1,103,0,0,0,0,0,0,0.0,0.0,0.0,0.0,0.0,0.0
제4대,저도,육군본부인사국장,"","","","",0,0,0,0,0,0,2,178,0,0,0,0,0,0,0.0,0.0,0.0,0.0,0.0,0.0
제4대,정헌주,의원,민주당,경남 사천군,"",5선,0,0,0,0,0,0,3,3496,3,2,0,0,0,1,0.0,0.0,0.0,0.0,0.0,0.0
제헌,김호석,의원,"","","","",0,0,0,0,0,0,1,144,0,0,0,0,0,0,0.0,0.0,0.0,0.0,0.0,0.0
제4대,변진갑,위원장,자유당,전남 장성군,"",3선,1,0,0,0,0,0,467,14059,2,2,0,0,1,0,0.71,0.0,0.0,0.0,0.0,0.0
제4대,권종림,증인,"","","","",0,0,0,0,0,0,11,491,0,0,0,0,0,0,0.0,0.0,0.0,0.0,0.0,0.0
제3대,사무차장,"","","","","",0,0,0,0,0,0,8,1924,0,0,0,0,0,0,0.0,0.0,0.0,0.0,0.0,0.0
제4대,십만,"","","","","",0,0,0,0,0,0,1,48,0,0,0,0,0,0,0.0,0.0,0.0,0.0,0.0,0.0
제4대,조정환,외부무장관,"","","","",0,0,0,0,0,1,1,493,2,0,0,2,0,1,0.0,0.0,0.0,0.0,0.0,20.28
제4대,정명섭,위원장,자유당,전남 나주군을,"",3선,6,0,0,0,0,0,187,5060,5,0,0,0,0,0,11.86,0.0,0.0,0.0,0.0,0.0
제3대,수확,"","","","","",0,0,0,0,0,0,1,30,0,0,0,0,0,0,0.0,0.0,0.0,0.0,0.0,0.0
제2대,휫샤,"","","","","",0,0,0,0,0,0,1,220,0,0,0,0,0,0,0.0,0.0,0.0,0.0,0.0,0.0
제4대,김봉두,증인,"","","","",0,0,0,0,0,0,10,140,0,0,0,0,0,0,0.0,0.0,0.0,0.0,0.0,0.0
제2대,표를,"","","","","",0,0,0,0,0,0,1,2,0,0,0,0,0,0,0.0,0.0,0.0,0.0,0.0,0.0
제4대,정문흠,의원,자유당,경북 봉화군,"",3선,0,0,0,0,0,0,12,393,0,0,0,0,0,0,0.0,0.0,0.0,0.0,0.0,0.0
제헌,조재면,의원,대한독립촉성국민회,전북 부안,"",초선,0,0,0,0,0,0,7,16,0,0,0,0,0,0,0.0,0.0,0.0,0.0,0.0,0.0
제2대,"",의사국장,"","","","",0,0,0,0,0,0,2,479,58,37,45,2,4,13,0.0,0.0,0.0,0.0,0.0,0.0
제헌,오택열,위원,대한독립촉성국민회,경북 영덕,"",초선,0,0,0,0,0,0,2,2,0,0,0,0,0,0,0.0,0.0,0.0,0.0,0.0,0.0
제4대,군원,국방부경리국장,"","","","",0,0,0,0,0,0,1,29,0,0,0,0,0,0,0.0,0.0,0.0,0.0,0.0,0.0
제헌,권병로,의원,"","","","",0,0,0,0,0,0,8,1463,0,0,0,0,0,0,0.0,0.0,0.0,0.0,0.0,0.0
제2대,박성하,징계자격위원장,중앙불교위원회,경북 대구을,"",초선,0,0,0,0,0,0,4,1926,0,0,1,0,0,0,0.0,0.0,0.0,0.0,0.0,0.0
제3대,이치영,재무부이재국장,"","","","",0,0,0,0,0,0,18,1527,0,1,1,0,0,0,0.0,0.0,0.0,0.0,0.0,0.0
제헌,이상돈,의원,민주국민당,충남 천안,"",3선,2,0,0,0,0,0,11,6615,1,0,0,0,0,0,3.02,0.0,0.0,0.0,0.0,0.0
제3대,김철안,보건사회위원장,자유당,경북 금릉군,"",재선,0,0,0,0,0,0,1,1332,2,0,2,0,1,0,0.0,0.0,0.0,0.0,0.0,0.0
제4대,젯트기를,공군사관학교정보국장,"","","","",0,0,0,0,0,0,1,11,0,0,0,0,0,0,0.0,0.0,0.0,0.0,0.0,0.0
제3대,유지원,의원,자유당,충남 연기군,"",재선,0,0,0,0,0,0,1,350,0,0,0,0,0,0,0.0,0.0,0.0,0.0,0.0,0.0
제2대,김용무,의원,민주국민당,전남 무안갑,"",초선,0,0,0,0,0,0,2,472,0,0,0,0,0,0,0.0,0.0,0.0,0.0,0.0,0.0
제4대,박해정,위원,민주당,경북 경산,"",4선,6,5,0,0,0,0,160,38086,4,6,2,0,0,0,1.58,1.31,0.0,0.0,0.0,0.0
제3대,윤우경,구황실재산관리사무국장,"","","","",0,0,0,0,0,0,2,690,1,0,0,0,0,1,0.0,0.0,0.0,0.0,0.0,0.0
제3대,휴전협정,"","","","","",0,0,0,0,0,0,1,7,0,0,0,0,0,0,0.0,0.0,0.0,0.0,0.0,0.0
제3대,김종규,문교분과위원장,자유당,경기 양주갑,"",초선,0,0,0,0,0,0,1,187,0,1,0,0,0,0,0.0,0.0,0.0,0.0,0.0,0.0
제헌,백형남,의원,대동청년당,전북 익산갑,"",초선,1,0,0,0,0,0,2,642,1,0,0,0,0,0,15.58,0.0,0.0,0.0,0.0,0.0
제4대,서한두,위원,자유당,경남 거창,"",초선,1,0,0,0,0,0,6,2990,1,0,0,0,0,0,3.34,0.0,0.0,0.0,0.0,0.0
제3대,법제실장,"","","","","",0,0,0,0,0,1,5,933,0,0,0,0,0,1,0.0,0.0,0.0,0.0,0.0,10.72
제2대,오한영,보건부장관,"","","","",0,0,0,0,0,0,1,348,0,0,0,0,0,0,0.0,0.0,0.0,0.0,0.0,0.0
제2대,박승하,의원,무소속,강원 춘성,"",초선,0,0,0,0,3,0,14,4740,0,0,0,0,1,0,0.0,0.0,0.0,0.0,6.33,0.0
제4대,김석진,의원,자유당,전남 해남을,"",초선,0,1,0,0,0,0,13,5984,3,2,0,0,0,0,0.0,1.67,0.0,0.0,0.0,0.0
제2대,부통령,"","","","","",0,0,0,0,0,0,3,1155,0,0,0,0,0,0,0.0,0.0,0.0,0.0,0.0,0.0
제4대,이양수,증인,"","","","",0,0,0,0,0,0,16,908,0,0,0,0,0,0,0.0,0.0,0.0,0.0,0.0,0.0
제2대,장석윤,내무부장관,"","","","",0,0,0,0,0,0,8,3399,0,0,0,0,0,0,0.0,0.0,0.0,0.0,0.0,0.0
제3대,도진희,의원,자유당,경북 성주,"",초선,1,1,0,0,0,0,64,13424,1,1,0,0,0,0,0.74,0.74,0.0,0.0,0.0,0.0
제4대,본부에서,공군본부경리국장,"","","","",0,0,0,0,0,0,1,11,0,0,0,0,0,0,0.0,0.0,0.0,0.0,0.0,0.0
제헌,이승만,임시의장,대한독립촉성국민회,서울 동대문구갑,"",초선,0,0,0,0,0,0,39,1622,1,0,3,0,0,1,0.0,0.0,0.0,0.0,0.0,0.0
제4대,신규식,농림위원장,자유당,전북 부안,"",재선,1,0,0,0,0,0,19,10514,10,4,2,0,0,0,0.95,0.0,0.0,0.0,0.0,0.0
제4대,손영수,위원,자유당,경남 하동,"",초선,0,0,0,0,0,0,50,4402,0,0,0,0,0,0,0.0,0.0,0.0,0.0,0.0,0.0
제2대,조정훈,의원,무소속,전북 남원,"",재선,1,0,0,0,0,0,4,3714,1,0,0,0,0,0,2.69,0.0,0.0,0.0,0.0,0.0
제4대,이태용,의원,민주당,충북 제천,"",4선,0,0,0,0,2,0,10,7119,6,0,0,0,1,0,0.0,0.0,0.0,0.0,2.81,0.0
제4대,서상준,총무국장,"","","","",47,4,0,2,0,2,309,23101,12,4,0,2,0,4,20.35,1.73,0.0,0.87,0.0,0.87
제4대,홍순희,의원,민주당,전북 고창을,"",초선,0,0,0,0,0,0,5,2092,0,0,0,0,0,0,0.0,0.0,0.0,0.0,0.0,0.0
제4대,김성용,증인,"","","","",0,0,0,0,0,0,3,1537,0,0,0,0,0,0,0.0,0.0,0.0,0.0,0.0,0.0
제4대,최정우,사무총장,"","","","",7,0,0,0,0,0,40,3812,2,0,0,0,0,0,18.36,0.0,0.0,0.0,0.0,0.0
제2대,김인선,의원,애국단체연합회,제주 북제주갑,"",초선,1,0,0,0,0,0,17,4200,1,0,0,0,0,0,2.38,0.0,0.0,0.0,0.0,0.0
제4대,"",해군본부작전참모부장,"","","","",0,0,0,0,0,0,1,445,138,25,25,10,3,18,0.0,0.0,0.0,0.0,0.0,0.0
제3대,"",농림부장관,"","","","",0,0,0,0,0,0,5,116,94,35,22,8,8,20,0.0,0.0,0.0,0.0,0.0,0.0
제3대,김지준,의원,자유당,충남 홍성,"",초선,0,0,0,0,0,0,4,971,1,0,0,0,0,0,0.0,0.0,0.0,0.0,0.0,0.0
제2대,최순주,재무부장관,"","","","",0,0,0,0,0,0,9,4806,0,0,0,0,0,0,0.0,0.0,0.0,0.0,0.0,0.0
제3대,이석기,위원,무소속,충남 부여군갑,"",3선,0,0,0,0,0,0,10,3673,0,1,0,0,0,0,0.0,0.0,0.0,0.0,0.0,0.0
제3대,변리,"","","","","",0,0,0,0,0,0,1,2,0,0,0,0,0,0,0.0,0.0,0.0,0.0,0.0,0.0
제3대,변진갑,"",무소속,전남 장성군,"",3선,0,0,0,0,0,0,1,63,5,0,3,0,0,0,0.0,0.0,0.0,0.0,0.0,0.0
제3대,"",운영위원장,"","","","",0,0,0,0,0,0,2,150,94,35,22,8,8,20,0.0,0.0,0.0,0.0,0.0,0.0
제3대,"",의장,"","","","",0,0,0,0,0,0,1,1,94,35,22,8,8,20,0.0,0.0,0.0,0.0,0.0,0.0
제4대,이익흥,의원,자유당,경기 연천,"",초선,0,0,0,0,0,0,9,2451,0,0,0,0,0,0,0.0,0.0,0.0,0.0,0.0,0.0
제4대,김장섭,의원,자유당,경북 영일군을,"",4선,0,0,0,0,0,0,1,156,0,0,0,0,0,0,0.0,0.0,0.0,0.0,0.0,0.0
제3대,임철호,농림장관,"","","","",0,0,0,0,0,0,2,172,7,1,2,0,0,1,0.0,0.0,0.0,0.0,0.0,0.0
제헌,허정,의원,한국민주당,경남 부산을,"",초선,0,0,0,0,0,0,31,2968,6,0,0,0,0,0,0.0,0.0,0.0,0.0,0.0,0.0
제3대,박상운,상공부전기국장,"","","","",0,0,0,0,0,0,3,193,0,0,0,0,0,0,0.0,0.0,0.0,0.0,0.0,0.0
제4대,정년이,해군본부인사국장,"","","","",0,0,0,0,0,0,1,21,0,0,0,0,0,0,0.0,0.0,0.0,0.0,0.0,0.0
제4대,피감사자,"","","","","",0,0,0,0,0,0,4,288,0,0,0,0,0,0,0.0,0.0,0.0,0.0,0.0,0.0
제4대,이규성,공군본부관리국장,"","","","",1,0,0,0,0,0,14,512,2,0,0,0,0,0,19.53,0.0,0.0,0.0,0.0,0.0
제2대,안상한,의원,무소속,강원 횡성,"",초선,5,15,0,0,0,0,109,32771,5,3,0,0,0,0,1.53,4.58,0.0,0.0,0.0,0.0
제3대,김병순,의원,자유당,전남 해남군갑,"",4선,6,0,0,0,0,0,3,1862,1,0,0,0,0,0,32.22,0.0,0.0,0.0,0.0,0.0
제3대,이존화,위원,자유당,전북 완주군갑,"",재선,7,0,0,0,0,0,13,1602,4,0,0,0,0,1,43.7,0.0,0.0,0.0,0.0,0.0
제헌,홍성하,재정경제위원회위원장,한국민주당,서울 동대문구갑,"",초선,0,0,0,0,0,0,3,1366,12,18,7,0,5,1,0.0,0.0,0.0,0.0,0.0,0.0
제4대,김원태,위원,자유당,충북 괴산군,"",3선,0,1,0,0,0,0,10,2440,1,2,0,0,0,1,0.0,4.1,0.0,0.0,0.0,0.0
제4대,김태동,부흥부조정국장,"","","","",2,0,0,0,0,0,16,1523,1,0,0,0,0,0,13.13,0.0,0.0,0.0,0.0,0.0
제4대,조정환,외무부장관,"","","","",3,0,0,10,0,0,35,8454,2,0,0,2,0,1,3.55,0.0,0.0,11.83,0.0,0.0
제2대,김웅진,의원,대한국민당,경기 화성을,"",재선,0,0,0,0,0,0,1,305,0,0,0,0,0,0,0.0,0.0,0.0,0.0,0.0,0.0
제3대,김종규,"",자유당,경기 양주갑,"",초선,0,0,0,0,0,0,1,22,0,1,0,0,0,0,0.0,0.0,0.0,0.0,0.0,0.0
제4대,김봉진,증인,"","","","",0,0,0,0,0,0,25,788,0,0,0,0,0,0,0.0,0.0,0.0,0.0,0.0,0.0
제4대,오길영,교통부경리국장,"","","","",0,0,0,0,0,0,16,366,0,0,0,0,0,0,0.0,0.0,0.0,0.0,0.0,0.0
제헌,류준상,의원,"","","","",0,0,0,0,0,0,2,111,0,0,0,0,0,0,0.0,0.0,0.0,0.0,0.0,0.0
제3대,변진갑,위원,무소속,전남 장성군,"",3선,0,0,0,0,0,0,3,1143,5,0,3,0,0,0,0.0,0.0,0.0,0.0,0.0,0.0
제3대,손준현,의원,자유당,충북 영동,"",초선,0,0,0,0,0,0,3,256,0,0,0,0,0,0,0.0,0.0,0.0,0.0,0.0,0.0
제2대,배은희,의원,대한국민당,경북 달성,"",초선,0,0,0,0,0,0,22,4627,0,0,0,0,0,0,0.0,0.0,0.0,0.0,0.0,0.0
제3대,하태환,위원,무소속,경북 포항,"",재선,5,0,0,0,0,0,31,4712,2,0,0,0,0,0,10.61,0.0,0.0,0.0,0.0,0.0
제3대,주불공사,"","","","","",0,0,0,0,0,0,1,160,0,0,0,0,0,0,0.0,0.0,0.0,0.0,0.0,0.0
제4대,반재현,의원,무소속,경북 청도,"",초선,0,0,0,0,0,0,1,132,2,0,0,0,0,0,0.0,0.0,0.0,0.0,0.0,0.0
제2대,주불공사,"","","","","",0,0,0,0,0,0,1,649,0,0,0,0,0,0,0.0,0.0,0.0,0.0,0.0,0.0
제헌,겸경도,의원,"","","","",0,0,0,0,0,0,1,240,0,0,0,0,0,0,0.0,0.0,0.0,0.0,0.0,0.0
제4대,변진갑,농림위원장,자유당,전남 장성군,"",3선,0,3,0,0,1,0,8,9718,2,2,0,0,1,0,0.0,3.09,0.0,0.0,1.03,0.0
제4대,조영규,의원,민주당,전남 영광군,"",4선,1,0,0,0,0,0,93,18981,7,4,2,0,0,1,0.53,0.0,0.0,0.0,0.0,0.0
제3대,이충환,예결위원장,자유당,충북 진천군,"",6선,0,0,0,0,0,0,1,3,24,8,1,1,0,3,0.0,0.0,0.0,0.0,0.0,0.0
제3대,이태용,의원,자유당,충북 제천,"",4선,0,0,0,0,0,0,16,9606,1,5,0,0,0,1,0.0,0.0,0.0,0.0,0.0,0.0
제헌,기록원,"","","","","",0,0,0,0,0,0,3,104,0,0,0,0,0,0,0.0,0.0,0.0,0.0,0.0,0.0
제3대,"",농림위원장,"","","","",4,2,0,0,0,0,35,9808,94,35,22,8,8,20,4.08,2.04,0.0,0.0,0.0,0.0
제헌,성낙서,의원,대한독립촉성국민회,충남 대전,"",초선,0,0,0,0,0,0,5,300,0,0,0,0,0,0,0.0,0.0,0.0,0.0,0.0,0.0
제3대,윤우경,구황실관리국장,"","","","",0,0,0,0,0,1,1,119,1,0,0,0,0,1,0.0,0.0,0.0,0.0,0.0,84.03
제2대,데는,"","","","","",0,0,0,0,0,0,1,370,0,0,0,0,0,0,0.0,0.0,0.0,0.0,0.0,0.0
제4대,이병하,의원,민주당,경북 대구시을,"",재선,0,0,0,2,0,0,5,4439,1,0,0,1,0,0,0.0,0.0,0.0,4.51,0.0,0.0
제4대,시행령에,육군본부인사국장,"","","","",0,0,0,0,0,0,1,38,0,0,0,0,0,0,0.0,0.0,0.0,0.0,0.0,0.0
제4대,원용석,위원장,자유당,충남 당진을,"",초선,5,2,0,0,0,8,141,7608,9,7,0,0,1,4,6.57,2.63,0.0,0.0,0.0,10.52
제4대,차형기,증인,"","","","",0,0,0,0,0,0,33,376,0,0,0,0,0,0,0.0,0.0,0.0,0.0,0.0,0.0
제4대,하태환,의원,자유당,경북 포항,"",재선,0,0,0,0,0,0,3,107,0,0,0,1,0,0,0.0,0.0,0.0,0.0,0.0,0.0
제헌,신현모,의원,한국민주당,황해도 연백을,"",초선,0,0,0,0,0,0,3,844,0,0,0,0,0,0,0.0,0.0,0.0,0.0,0.0,0.0
제4대,이용범,위원,자유당,경남 창원을,"",재선,10,0,0,0,0,0,17,1748,1,0,1,0,0,0,57.21,0.0,0.0,0.0,0.0,0.0
제헌,"",문교사회위원장,"","","","",0,0,0,0,0,0,1,236,35,14,13,1,8,13,0.0,0.0,0.0,0.0,0.0,0.0
제4대,윤택중,위원,민주당,전북 익산을,"",3선,8,0,0,0,0,1,100,28866,6,0,0,0,0,1,2.77,0.0,0.0,0.0,0.0,0.35
제4대,조재천,의원,민주당,경북 대구시정,"",4선,3,0,0,0,0,0,54,110253,5,0,0,1,0,1,0.27,0.0,0.0,0.0,0.0,0.0
제2대,여는,"","","","","",0,0,0,0,0,0,1,6,0,0,0,0,0,0,0.0,0.0,0.0,0.0,0.0,0.0
제3대,및군사,"","","","","",0,0,0,0,0,0,1,81,0,0,0,0,0,0,0.0,0.0,0.0,0.0,0.0,0.0
제4대,이두형,위원,"","","","",0,0,0,0,0,0,3,371,0,0,0,0,0,0,0.0,0.0,0.0,0.0,0.0,0.0
제4대,"",상공위원장,"","","","",1,0,0,0,0,0,2,627,138,25,25,10,3,18,15.95,0.0,0.0,0.0,0.0,0.0
제3대,라든지,"","","","","",0,0,0,0,0,0,1,159,0,0,0,0,0,0,0.0,0.0,0.0,0.0,0.0,0.0
제4대,김의택,위원,민주당,전남 함평군,"",4선,5,0,0,0,0,0,36,10720,2,0,1,0,0,0,4.66,0.0,0.0,0.0,0.0,0.0
제3대,대법관,"","","","","",1,0,0,0,0,0,4,668,1,0,0,0,0,0,14.97,0.0,0.0,0.0,0.0,0.0
제4대,김의준,법제사법위원장,자유당,경기 여주군,"",3선,0,0,0,0,0,0,17,5757,0,1,0,0,0,0,0.0,0.0,0.0,0.0,0.0,0.0
제4대,유영준,위원,자유당,경기 옹진,"",초선,9,0,0,2,0,1,166,6839,5,0,0,2,0,1,13.16,0.0,0.0,2.92,0.0,1.46
제4대,"",국방부총무국장,"","","","",1,0,0,0,0,0,15,300,138,25,25,10,3,18,33.33,0.0,0.0,0.0,0.0,0.0
제헌,홍범희,의원,무소속,강원 원주,"",재선,5,0,0,0,0,0,18,3724,1,0,0,0,0,0,13.43,0.0,0.0,0.0,0.0,0.0
제2대,박기배,의원,무소속,전남 해남을,"",초선,1,4,0,0,0,0,9,4139,1,2,0,0,0,0,2.42,9.66,0.0,0.0,0.0,0.0
제2대,최병주,의원,무소속,전북 부안,"",초선,0,0,0,0,0,0,2,492,0,0,0,0,0,0,0.0,0.0,0.0,0.0,0.0,0.0
제3대,안준기,"",자유당,경남 산청,"",초선,0,0,0,0,0,0,1,38,0,0,0,0,0,0,0.0,0.0,0.0,0.0,0.0,0.0
제3대,"",내무위원장,"","","","",9,0,0,4,0,0,29,22971,94,35,22,8,8,20,3.92,0.0,0.0,1.74,0.0,0.0
제4대,손영수,위원장,자유당,경남 하동,"",초선,0,0,0,0,0,0,18,591,0,0,0,0,0,0,0.0,0.0,0.0,0.0,0.0,0.0
제헌,김봉조,위원,교육협회,경북 청송,"",재선,0,0,0,0,0,0,2,120,1,0,1,0,2,1,0.0,0.0,0.0,0.0,0.0,0.0
제3대,함재훈,위원,자유당,강원 원주,"",재선,0,0,0,0,0,0,1,130,0,0,0,0,0,0,0.0,0.0,0.0,0.0,0.0,0.0
제4대,김동욱,의원,민주당,"경남 부산시,서구을","",3선,1,12,0,0,0,0,26,15715,6,11,4,0,0,0,0.64,7.64,0.0,0.0,0.0,0.0
제헌,백관수,의원,한국민주당,전북 고창을,"",초선,5,0,0,0,1,19,275,25410,6,0,0,0,1,4,1.97,0.0,0.0,0.0,0.39,7.48
제4대,이명선,증인,"","","","",0,0,0,0,0,0,13,565,0,0,0,0,0,0,0.0,0.0,0.0,0.0,0.0,0.0
제3대,김기철,위원,자유당,충북 충주,"",4선,2,0,0,0,0,0,22,3870,2,0,0,0,0,0,5.17,0.0,0.0,0.0,0.0,0.0
제4대,정세환,위원,무소속,전북 고창갑,"",재선,0,1,0,0,0,0,19,1184,0,1,0,0,0,0,0.0,8.45,0.0,0.0,0.0,0.0
제2대,조경규,의원,무소속,경북 대구갑,"",3선,6,0,0,0,0,0,41,10540,3,1,1,0,0,0,5.69,0.0,0.0,0.0,0.0,0.0
제4대,유용식,"",자유당,경기 양평,"",초선,0,0,0,0,0,0,1,34,3,1,1,6,0,0,0.0,0.0,0.0,0.0,0.0,0.0
제헌,박혜정,의원,"","","","",0,0,0,0,0,0,1,538,0,0,0,0,0,0,0.0,0.0,0.0,0.0,0.0,0.0
제헌,법제처장,"","","","","",6,0,0,0,0,0,24,10469,2,0,0,0,0,0,5.73,0.0,0.0,0.0,0.0,0.0
제3대,김진만,상공위원장,자유당,강원 삼척군,"",7선,3,0,0,0,0,0,10,4876,1,1,1,0,0,0,6.15,0.0,0.0,0.0,0.0,0.0
제4대,정재원,의원,자유당,경북 예천,"",초선,0,0,0,0,0,0,1,303,0,1,0,0,0,0,0.0,0.0,0.0,0.0,0.0,0.0
제헌,김기철,의원,대동청년당,충북 충주,"",4선,0,0,0,0,0,0,10,125,0,0,0,0,0,0,0.0,0.0,0.0,0.0,0.0,0.0
제4대,김영관,해군본부인사국장,"","","","",0,0,0,0,0,0,4,97,0,0,0,0,0,0,0.0,0.0,0.0,0.0,0.0,0.0
제4대,이재형,시국대책특별위원장,무소속,경기 시흥시,"",7선,0,0,0,0,0,0,3,633,7,3,1,0,0,1,0.0,0.0,0.0,0.0,0.0,0.0
제4대,손도심,위원,자유당,경기 화성갑,"",재선,5,0,0,0,0,0,224,5698,3,0,0,0,0,0,8.78,0.0,0.0,0.0,0.0,0.0
제3대,주중대사,"","","","","",0,0,0,0,0,0,1,986,0,0,0,0,0,0,0.0,0.0,0.0,0.0,0.0,0.0
제4대,이상룡,위원,"","","","",0,0,0,0,0,0,3,285,0,0,0,0,0,0,0.0,0.0,0.0,0.0,0.0,0.0
제2대,융자은행,"","","","","",0,0,0,0,0,0,1,18,0,0,0,0,0,0,0.0,0.0,0.0,0.0,0.0,0.0
제4대,김응주,위원,민주당,"경남 부산시,중구","",4선,11,0,0,0,0,0,50,13568,6,0,0,0,0,0,8.11,0.0,0.0,0.0,0.0,0.0
제4대,이규일,공보실방송관리국장,"","","","",0,0,0,0,0,0,4,178,0,0,0,0,0,0,0.0,0.0,0.0,0.0,0.0,0.0
제2대,안상한,문교위원장,무소속,강원 횡성,"",초선,1,0,0,0,0,0,40,4424,5,3,0,0,0,0,2.26,0.0,0.0,0.0,0.0,0.0
제4대,권소협이,증인,"","","","",0,0,0,0,0,0,2,19,0,0,0,0,0,0,0.0,0.0,0.0,0.0,0.0,0.0
제헌,박준,의원,무소속,경북 군위,"",초선,0,0,0,0,0,0,48,7389,0,0,0,0,0,0,0.0,0.0,0.0,0.0,0.0,0.0
제3대,두번,"","","","","",0,0,0,0,0,0,1,34,0,0,0,0,0,0,0.0,0.0,0.0,0.0,0.0,0.0
제3대,조경규,의장,자유당,경남 함안군,"",3선,0,0,0,0,0,0,1,48,9,4,7,0,0,4,0.0,0.0,0.0,0.0,0.0,0.0
제2대,운치영,부의장,"","","","",0,0,0,0,0,0,1,6,0,0,0,0,0,0,0.0,0.0,0.0,0.0,0.0,0.0
제4대,이필호,의원,민주당,전남 광주을 ,"",초선,0,1,0,0,0,0,7,2630,3,1,3,2,0,0,0.0,3.8,0.0,0.0,0.0,0.0
제4대,박창화,의원,민주당,경남 밀양갑,"",초선,0,0,0,0,0,0,3,2065,1,0,2,0,0,0,0.0,0.0,0.0,0.0,0.0,0.0
제3대,박세경,"",자유당,전북 임실군,"",재선,0,0,0,0,0,0,1,21,2,1,2,0,0,0,0.0,0.0,0.0,0.0,0.0,0.0
제3대,인태식,위원,자유당,충남 당진군갑,"",3선,0,0,0,0,0,0,2,367,6,14,3,0,0,1,0.0,0.0,0.0,0.0,0.0,0.0
제3대,김영삼,위원,자유당,경남 거제군,"",9선,0,0,0,0,0,0,4,1500,1,1,1,0,0,0,0.0,0.0,0.0,0.0,0.0,0.0
제3대,곽상훈,의원,무소속,경기 인천시을,"",5선,0,0,0,0,0,0,29,13578,1,1,0,0,0,0,0.0,0.0,0.0,0.0,0.0,0.0
제4대,권중돈,위원,민주당,경북 영천군을,"",5선,6,0,0,0,0,1,305,9862,3,0,0,0,0,1,6.08,0.0,0.0,0.0,0.0,1.01
제3대,최수주,부의장,"","","","",0,0,0,0,0,0,1,6,0,0,0,0,0,0,0.0,0.0,0.0,0.0,0.0,0.0
제3대,유지원,국방위원장,자유당,충남 연기군,"",재선,0,0,0,0,0,0,1,365,0,0,0,0,0,0,0.0,0.0,0.0,0.0,0.0,0.0
제4대,지당한,국방부경리국장,"","","","",0,0,0,0,0,0,1,40,0,0,0,0,0,0,0.0,0.0,0.0,0.0,0.0,0.0
제3대,김신서,재무부세관국장,"","","","",0,0,0,0,0,0,6,330,0,0,0,0,0,0,0.0,0.0,0.0,0.0,0.0,0.0
제4대,안광호,국방부관리국장,"","","","",0,0,0,0,0,0,10,923,0,0,0,0,0,0,0.0,0.0,0.0,0.0,0.0,0.0
제헌,이강우,위원,무소속,경남 진주,"",초선,0,0,0,0,0,0,3,150,0,0,0,0,0,0,0.0,0.0,0.0,0.0,0.0,0.0
제4대,"",공군작전참모부장,"","","","",0,0,0,0,0,0,1,8,138,25,25,10,3,18,0.0,0.0,0.0,0.0,0.0,0.0
제4대,장경근,의원,자유당,경기 부천,"",재선,1,1,0,0,0,0,15,11616,1,1,0,0,0,0,0.86,0.86,0.0,0.0,0.0,0.0
제3대,함두영,위원,자유당,서울 마포구을,"",초선,2,2,0,0,0,0,118,9327,1,1,0,0,0,1,2.14,2.14,0.0,0.0,0.0,0.0
제3대,한희석,"",자유당,충남 천안군,"",재선,0,0,0,0,0,0,1,25,1,0,0,0,0,0,0.0,0.0,0.0,0.0,0.0,0.0
제3대,최재유,사회보건부장관,"","","","",0,0,0,0,0,0,1,353,7,0,4,0,0,2,0.0,0.0,0.0,0.0,0.0,0.0
제4대,김정환,위원,민주당,경남 밀양을,"",초선,0,1,0,0,0,0,11,4639,1,1,0,0,0,0,0.0,2.16,0.0,0.0,0.0,0.0
제헌,임병직,외무부장관,"","","","",0,0,0,0,0,0,7,2020,0,0,0,0,0,0,0.0,0.0,0.0,0.0,0.0,0.0
제4대,이존일,증인,"","","","",0,0,0,0,0,0,8,586,0,0,0,0,0,0,0.0,0.0,0.0,0.0,0.0,0.0
제4대,김순희,증인,"","","","",0,0,0,0,0,0,14,421,0,0,0,0,0,0,0.0,0.0,0.0,0.0,0.0,0.0
제4대,엄요섭,증인,"","","","",0,0,0,0,0,0,15,2180,0,0,0,0,0,0,0.0,0.0,0.0,0.0,0.0,0.0
제3대,윤우경,구황실재산사무총국장,"","","","",0,0,0,0,0,0,2,701,1,0,0,0,0,1,0.0,0.0,0.0,0.0,0.0,0.0
제3대,이우룡,해군본부예산국장,"","","","",0,0,0,0,0,0,2,223,0,0,0,0,0,0,0.0,0.0,0.0,0.0,0.0,0.0
제4대,이영우,해병대사령부작전교육국장,"","","","",0,0,0,0,0,0,6,138,0,0,0,0,0,0,0.0,0.0,0.0,0.0,0.0,0.0
제헌,장홍염,위원,한국민주당,전남 무안을,"",재선,0,0,0,0,0,0,18,754,0,1,11,0,1,0,0.0,0.0,0.0,0.0,0.0,0.0
제4대,이종수,"",자유당,경남 김해을,"",3선,0,0,0,0,0,0,1,20,1,1,2,0,0,0,0.0,0.0,0.0,0.0,0.0,0.0
제3대,르지만,"","","","","",0,0,0,0,0,0,1,35,0,0,0,0,0,0,0.0,0.0,0.0,0.0,0.0,0.0
제4대,그중에서,육군본부군수국장,"","","","",0,0,0,0,0,0,1,109,0,0,0,0,0,0,0.0,0.0,0.0,0.0,0.0,0.0
제4대,이영언,상공위원장,자유당,"경남 부산시,영도갑","",재선,0,0,0,0,0,0,3,65,0,0,0,2,0,0,0.0,0.0,0.0,0.0,0.0,0.0
제2대,한필수,위원,무소속,충북 제천,"",초선,0,0,0,0,0,0,1,99,0,0,1,0,0,0,0.0,0.0,0.0,0.0,0.0,0.0
제2대,연병호,의원,대한국민당,충북 괴산,"",재선,0,0,0,0,0,0,1,1,0,0,0,0,0,0,0.0,0.0,0.0,0.0,0.0,0.0
제2대,노진설,감찰위원장,"","","","",0,0,0,0,0,0,4,2532,0,0,0,0,0,0,0.0,0.0,0.0,0.0,0.0,0.0
제4대,현재,해병대사령부군수국장,"","","","",0,0,0,0,0,0,1,6,0,0,0,0,0,0,0.0,0.0,0.0,0.0,0.0,0.0
제4대,정경도,증인,"","","","",0,0,0,0,0,0,6,242,0,0,0,0,0,0,0.0,0.0,0.0,0.0,0.0,0.0
제4대,허판수,증인,"","","","",0,0,0,0,0,0,16,899,0,0,0,0,0,0,0.0,0.0,0.0,0.0,0.0,0.0
제2대,조경규,위원,무소속,경북 대구갑,"",3선,0,0,0,0,0,0,1,94,3,1,1,0,0,0,0.0,0.0,0.0,0.0,0.0,0.0
제헌,박순석,위원,무소속,경북 영일갑,"",3선,9,0,0,0,0,0,7,1133,5,1,3,0,1,0,79.44,0.0,0.0,0.0,0.0,0.0
제3대,윤치영,의원,국민당,서울 중구갑,"",4선,3,0,0,0,0,1,34,26313,1,0,0,0,0,1,1.14,0.0,0.0,0.0,0.0,0.38
제3대,천병규,재무부장관,"","","","",0,0,0,0,0,0,1,245,0,0,0,0,0,0,0.0,0.0,0.0,0.0,0.0,0.0
제4대,김학준,의원,민주당,충남 공주군을,"",재선,1,6,0,0,0,0,4,6707,4,7,7,0,0,0,1.49,8.95,0.0,0.0,0.0,0.0
제4대,김원태,의원,자유당,충북 괴산군,"",3선,0,1,0,0,0,0,7,5172,1,2,0,0,0,1,0.0,1.93,0.0,0.0,0.0,0.0
제4대,이형모,의원,자유당,전남 승주,"",재선,1,0,0,0,0,0,3,1231,7,3,0,0,1,2,8.12,0.0,0.0,0.0,0.0,0.0
제3대,김보영,의원,자유당,경북 청도,"",초선,1,0,0,0,0,0,4,2268,1,0,0,0,0,0,4.41,0.0,0.0,0.0,0.0,0.0
제4대,이갑식,위원,자유당,전남 구례,"",재선,0,6,0,0,0,0,16,2752,2,9,0,0,0,0,0.0,21.8,0.0,0.0,0.0,0.0
제4대,윤우경,구황실재산관리사무총국장,"","","","",0,0,0,0,0,0,38,4979,1,0,0,0,0,1,0.0,0.0,0.0,0.0,0.0,0.0
제3대,"",예산국장,"","","","",0,0,0,0,0,0,1,14,94,35,22,8,8,20,0.0,0.0,0.0,0.0,0.0,0.0
제4대,류지원,"","","","","",0,0,0,0,0,0,1,95,1,0,1,0,0,0,0.0,0.0,0.0,0.0,0.0,0.0
제4대,이은태,의원,자유당,전남 여천,"",초선,0,0,0,0,0,0,3,1145,1,0,0,0,0,0,0.0,0.0,0.0,0.0,0.0,0.0
제4대,최희송,의원,민주당,경북 대구시을,"",4선,0,0,0,0,0,0,2,897,0,1,1,1,0,1,0.0,0.0,0.0,0.0,0.0,0.0
제4대,박순석,위원,자유당,경북 영일갑,"",3선,0,0,0,0,0,0,12,2168,0,1,0,0,0,0,0.0,0.0,0.0,0.0,0.0,0.0
제4대,보이,"","","","","",0,0,0,0,0,0,1,16,0,0,0,0,0,0,0.0,0.0,0.0,0.0,0.0,0.0
제3대,서울,체신부전무국장,"","","","",0,0,0,0,0,0,1,58,0,0,0,0,0,0,0.0,0.0,0.0,0.0,0.0,0.0
제헌,백남채,의원,한국민주당,경북 대구병,"",초선,0,0,0,0,0,0,37,200,0,0,0,0,0,0,0.0,0.0,0.0,0.0,0.0,0.0
제3대,조경규,부장,자유당,경남 함안군,"",3선,0,0,0,0,0,0,1,3,9,4,7,0,0,4,0.0,0.0,0.0,0.0,0.0,0.0
제3대,최영철,위원,무소속,전남 나주갑,"",초선,3,0,0,0,0,0,15,4603,3,0,1,0,0,0,6.52,0.0,0.0,0.0,0.0,0.0
제4대,조경규,의원,자유당,경남 함안군,"",3선,0,0,0,0,0,0,1,851,0,0,0,0,0,0,0.0,0.0,0.0,0.0,0.0,0.0
제헌,김장열,의원,무소속,전남 완도,"",초선,2,0,0,0,0,0,27,4177,1,0,0,0,0,0,4.79,0.0,0.0,0.0,0.0,0.0
제3대,이상,"","","","","",0,0,0,0,0,0,1,168,0,0,0,0,0,0,0.0,0.0,0.0,0.0,0.0,0.0
제3대,이봉희,농림부양정국장,"","","","",0,0,0,0,0,0,33,2655,0,0,0,0,0,0,0.0,0.0,0.0,0.0,0.0,0.0
제3대,안동철도,교통부관리국장,"","","","",1,0,0,0,0,0,1,21,1,0,0,0,0,0,476.19,0.0,0.0,0.0,0.0,0.0
제3대,이렇게,"","","","","",0,0,0,0,0,0,1,22,0,0,0,0,0,0,0.0,0.0,0.0,0.0,0.0,0.0
제3대,김철안,"",자유당,경북 금릉군,"",재선,0,0,0,0,0,0,1,19,2,0,2,0,1,0,0.0,0.0,0.0,0.0,0.0,0.0
제4대,서정귀,위원,민주당,경남 통영군,"",재선,13,12,0,0,0,0,108,11873,5,8,0,0,0,0,10.95,10.11,0.0,0.0,0.0,0.0
제헌,이문원,위원,무소속,전북 익산을,"",초선,0,0,0,0,2,0,5,1820,3,0,1,0,2,1,0.0,0.0,0.0,0.0,10.99,0.0
제헌,황병규,위원,무소속,전남 여수을,"",재선,0,0,0,0,0,0,1,122,2,0,0,0,0,0,0.0,0.0,0.0,0.0,0.0,0.0
제4대,최용근,재정경제위원장,자유당,강원 강릉,"",재선,0,19,0,0,0,0,30,4090,0,1,0,5,0,0,0.0,46.45,0.0,0.0,0.0,0.0
제3대,정운갑,농림장관,"","","","",0,0,0,0,0,0,3,172,10,1,3,0,0,0,0.0,0.0,0.0,0.0,0.0,0.0
제4대,최인규,위원,자유당,경기 광주,"",초선,4,0,0,0,0,0,26,6458,9,0,0,0,0,0,6.19,0.0,0.0,0.0,0.0,0.0
제3대,하을춘,위원장,무소속,경남 창녕,"",초선,0,0,0,0,0,0,25,681,0,0,0,0,1,0,0.0,0.0,0.0,0.0,0.0,0.0
제3대,이병홍,의원,호헌동지회,경남 산청군,"",재선,0,0,0,0,0,0,5,2958,0,0,0,0,0,0,0.0,0.0,0.0,0.0,0.0,0.0
제3대,서울대학,고등교육국장,"","","","",0,0,0,0,0,0,1,51,0,0,0,0,0,0,0.0,0.0,0.0,0.0,0.0,0.0
제3대,경찰의,"","","","","",0,0,0,0,0,0,1,1432,0,0,0,0,0,0,0.0,0.0,0.0,0.0,0.0,0.0
제헌,박우결,의원,"","","","",0,0,0,0,0,0,1,120,0,0,0,0,0,0,0.0,0.0,0.0,0.0,0.0,0.0
제3대,괴괴,"","","","","",0,0,0,0,0,0,1,76,0,0,0,0,0,0,0.0,0.0,0.0,0.0,0.0,0.0
제3대,박용익,위원장,무소속,강원 강릉시을,"",재선,2,0,0,0,0,1,586,6778,2,2,0,0,0,2,2.95,0.0,0.0,0.0,0.0,1.48
제헌,박유경,의원,"","","","",0,0,0,0,0,0,1,71,0,0,0,0,0,0,0.0,0.0,0.0,0.0,0.0,0.0
제4대,박세현,증인,"","","","",0,0,0,0,0,0,9,662,0,0,0,0,0,0,0.0,0.0,0.0,0.0,0.0,0.0
제3대,정낙훈,농림부장관,"","","","",0,0,0,0,0,0,3,521,0,0,0,0,0,0,0.0,0.0,0.0,0.0,0.0,0.0
제4대,김동수,증인,"","","","",0,0,0,0,0,0,61,552,0,0,0,0,0,0,0.0,0.0,0.0,0.0,0.0,0.0
제4대,저는,증인,"","","","",0,0,0,0,0,0,1,19,0,0,0,0,0,0,0.0,0.0,0.0,0.0,0.0,0.0
제3대,아니올시,체신부경리국장,"","","","",0,0,0,0,0,0,1,2,0,0,0,0,0,0,0.0,0.0,0.0,0.0,0.0,0.0
제헌,서순영,의원,무소속,경남 통영을,"",초선,1,3,0,0,3,0,58,17045,1,2,0,0,1,0,0.59,1.76,0.0,0.0,1.76,0.0
제4대,최석,육군본부관리참모부장,"","","","",0,0,0,0,0,0,1,79,0,0,0,0,0,0,0.0,0.0,0.0,0.0,0.0,0.0
제3대,정부원안,"","","","","",0,0,0,0,0,0,1,4,0,0,0,0,0,0,0.0,0.0,0.0,0.0,0.0,0.0
제3대,김선태,위원,무소속,전남 완도군,"",3선,6,0,0,0,0,0,30,6365,14,0,1,0,0,0,9.43,0.0,0.0,0.0,0.0,0.0
제4대,천기홍,증인,"","","","",0,0,0,0,0,0,14,252,0,0,0,0,0,0,0.0,0.0,0.0,0.0,0.0,0.0
제3대,민한기,내무부토목국장,"","","","",0,0,0,0,0,0,1,225,0,0,0,0,0,0,0.0,0.0,0.0,0.0,0.0,0.0
제4대,손영수,의원,자유당,경남 하동,"",초선,0,0,0,0,0,0,2,822,0,0,0,0,0,0,0.0,0.0,0.0,0.0,0.0,0.0
제3대,신정댄지,"","","","","",0,0,0,0,0,0,1,261,0,0,0,0,0,0,0.0,0.0,0.0,0.0,0.0,0.0
제3대,전매청장,"","","","","",3,0,0,0,0,0,35,7672,3,0,0,0,0,0,3.91,0.0,0.0,0.0,0.0,0.0
제3대,최천,의원,민주국민당,경남 통영군,"",3선,5,0,0,0,0,0,12,6423,3,0,0,0,0,0,7.78,0.0,0.0,0.0,0.0,0.0
제4대,장석윤,위원,자유당,강원 횡성,"",재선,0,0,0,0,0,2,53,9486,0,0,0,0,0,1,0.0,0.0,0.0,0.0,0.0,2.11
제2대,관재청장,"","","","","",0,0,0,0,0,0,3,631,0,0,0,0,0,0,0.0,0.0,0.0,0.0,0.0,0.0
제3대,류순식,위원,"","","","",1,0,0,0,0,0,3,219,1,0,2,0,0,1,45.66,0.0,0.0,0.0,0.0,0.0
제3대,정세환,위원,무소속,전북 고창군갑,"",재선,0,0,0,0,0,0,9,126,0,0,0,0,0,0,0.0,0.0,0.0,0.0,0.0,0.0
제헌,김동운,부의장,"","","","",0,0,0,0,0,0,1,17,0,0,0,0,0,0,0.0,0.0,0.0,0.0,0.0,0.0
제헌,김상덕,반민특위위원장,민족통일본부,경북 고령,"",초선,1,0,0,0,0,0,4,2743,3,0,0,0,0,0,3.65,0.0,0.0,0.0,0.0,0.0
제헌,송봉해,의원,대한독립촉성국민회,전남 해남갑,"",초선,0,0,0,0,1,0,45,12543,0,0,0,0,1,0,0.0,0.0,0.0,0.0,0.8,0.0
제4대,손석두,재정경제위원장,자유당,전남 장흥,"",재선,3,3,0,0,0,0,10,4199,2,4,0,0,0,0,7.14,7.14,0.0,0.0,0.0,0.0
제2대,정헌주,의원,무소속,경남 사천,"",5선,1,6,0,0,0,0,4,5207,1,1,0,0,0,0,1.92,11.52,0.0,0.0,0.0,0.0
제3대,유진산,의원,무소속,충남 금산군,"",7선,0,0,0,0,0,0,5,6328,0,0,0,0,0,0,0.0,0.0,0.0,0.0,0.0,0.0
제2대,박팔봉,의원,무소속,전남 고흥갑,"",초선,0,0,0,0,0,0,1,565,0,0,0,0,0,0,0.0,0.0,0.0,0.0,0.0,0.0
제4대,변진갑,의원,자유당,전남 장성군,"",3선,0,1,0,0,0,0,6,3636,2,2,0,0,1,0,0.0,2.75,0.0,0.0,0.0,0.0
제3대,윤성순,상공위원장,자유당,경기 포천군,"",3선,0,0,0,0,0,0,1,34,4,1,0,0,0,1,0.0,0.0,0.0,0.0,0.0,0.0
제헌,정해준,위원,대한독립촉성국민회,충남 금산,"",초선,9,0,0,0,0,0,4,415,4,1,1,0,0,0,216.87,0.0,0.0,0.0,0.0,0.0
제2대,윤치영,위원,대한국민당,충남 공주을,"",4선,0,0,0,0,0,0,2,968,7,4,9,1,0,3,0.0,0.0,0.0,0.0,0.0,0.0
제3대,한미,부흥부기획국장,"","","","",0,0,0,0,0,0,1,20,0,0,0,0,0,0,0.0,0.0,0.0,0.0,0.0,0.0
제2대,정문흠,의원,무소속,경북 봉화,"",3선,0,0,0,0,0,0,11,1230,0,0,0,0,0,0,0.0,0.0,0.0,0.0,0.0,0.0
제4대,속기,"","","","","",0,0,0,0,0,0,4,40,0,0,0,0,0,0,0.0,0.0,0.0,0.0,0.0,0.0
제4대,전창희,증인,"","","","",0,0,0,0,0,0,43,1825,0,0,0,0,0,0,0.0,0.0,0.0,0.0,0.0,0.0
제4대,그렇게,국방부경리국장,"","","","",0,0,0,0,0,0,1,44,0,0,0,0,0,0,0.0,0.0,0.0,0.0,0.0,0.0
제2대,박만원,의원,무소속,경북 군위,"",3선,12,1,0,0,0,3,147,62492,16,7,0,0,0,1,1.92,0.16,0.0,0.0,0.0,0.48
제4대,이재학,의원,자유당,강원 홍천군,"",5선,0,0,0,0,0,0,2,1109,3,1,0,0,0,1,0.0,0.0,0.0,0.0,0.0,0.0
제4대,서정윤,"","","","","",0,0,0,0,0,0,13,105,0,0,0,0,0,0,0.0,0.0,0.0,0.0,0.0,0.0
제2대,곽상훈,특별심사위원장,무소속,경기 인천시을,"",5선,0,0,0,0,0,0,1,501,1,0,2,0,0,0,0.0,0.0,0.0,0.0,0.0,0.0
제4대,주영택,증인,"","","","",0,0,0,0,0,0,4,87,0,0,0,0,0,0,0.0,0.0,0.0,0.0,0.0,0.0
제4대,조한백,위원,민주당,전북 김제군갑,"",4선,14,16,0,0,0,1,78,19237,7,6,3,0,0,1,7.28,8.32,0.0,0.0,0.0,0.52
제2대,하드라도,"","","","","",0,0,0,0,0,0,1,35,0,0,0,0,0,0,0.0,0.0,0.0,0.0,0.0,0.0
제헌,이재학,위원,무소속,강원 홍천,"",5선,0,0,0,0,0,0,7,1221,4,1,5,0,0,0,0.0,0.0,0.0,0.0,0.0,0.0
제2대,변영태,외부무장관,"","","","",0,0,0,0,0,0,1,535,3,0,0,0,0,2,0.0,0.0,0.0,0.0,0.0,0.0
제헌,김연준,의원,"","","","",0,0,0,0,0,0,1,6,0,0,0,0,0,0,0.0,0.0,0.0,0.0,0.0,0.0
제헌,신성모,국방장관,"","","","",0,0,0,0,0,0,1,276,1,0,0,0,0,0,0.0,0.0,0.0,0.0,0.0,0.0
제4대,최규남,의원,자유당,서울 서대문구을,"",초선,2,0,0,0,0,0,8,6205,3,0,0,0,0,0,3.22,0.0,0.0,0.0,0.0,0.0
제3대,수정,"","","","","",0,0,0,0,0,0,1,48,0,0,0,0,0,0,0.0,0.0,0.0,0.0,0.0,0.0
제4대,김원중,위원,자유당,전북 이리,"",초선,0,0,0,0,0,0,4,1059,0,0,0,0,0,0,0.0,0.0,0.0,0.0,0.0,0.0
제4대,한희석,의원,자유당,충남 천안갑,"",재선,0,0,0,0,0,0,23,18547,1,1,0,1,0,0,0.0,0.0,0.0,0.0,0.0,0.0
제4대,민장식,의원,민주당,충북 영동군,"",재선,0,1,0,0,0,0,7,10657,3,2,0,0,0,1,0.0,0.94,0.0,0.0,0.0,0.0
제4대,나용균,위원,민주당,전북 정읍군갑,"",4선,0,0,0,0,0,0,14,4430,0,0,0,0,0,0,0.0,0.0,0.0,0.0,0.0,0.0
제3대,에스테스,"","","","","",0,0,0,0,0,0,1,283,0,0,0,0,0,0,0.0,0.0,0.0,0.0,0.0,0.0
제4대,김효섭,상공부광무국장,"","","","",2,0,0,0,0,0,1,328,1,0,0,0,0,0,60.98,0.0,0.0,0.0,0.0,0.0
제4대,김성탁,의원,자유당,경남 울산군을,"",초선,0,0,0,0,0,0,1,128,3,0,0,0,0,0,0.0,0.0,0.0,0.0,0.0,0.0
제3대,조경규,내무분과위원장,자유당,경남 함안군,"",3선,0,0,0,0,0,0,1,1145,9,4,7,0,0,4,0.0,0.0,0.0,0.0,0.0,0.0
제4대,한옥신,증인,"","","","",0,0,0,0,0,0,45,7734,0,0,0,0,0,0,0.0,0.0,0.0,0.0,0.0,0.0
제3대,윤성순,위원장,자유당,경기 포천군,"",3선,1,0,0,0,0,0,14,303,4,1,0,0,0,1,33.0,0.0,0.0,0.0,0.0,0.0
제3대,김지준,위원,자유당,충남 홍성,"",초선,1,0,0,0,0,0,24,1646,1,0,0,0,0,0,6.08,0.0,0.0,0.0,0.0,0.0
제3대,홍창섭,농림분과위원장,자유당,강원 춘천,"",4선,0,0,0,0,0,0,1,4,5,1,1,0,0,0,0.0,0.0,0.0,0.0,0.0,0.0
제헌,권태희,문교사회위원장,무소속,경북 김천갑,"",초선,23,0,0,0,0,1,28,6804,8,1,2,0,2,2,33.8,0.0,0.0,0.0,0.0,1.47
제4대,송영주,의원,민주당,전북 정읍을,"",초선,0,0,0,0,0,0,1,1200,3,0,0,0,0,0,0.0,0.0,0.0,0.0,0.0,0.0
제헌,최석홍,의원,대동청년당,경북 영주,"",초선,0,0,0,0,0,0,5,575,0,0,0,0,0,0,0.0,0.0,0.0,0.0,0.0,0.0
제헌,"",외무국방위원장,"","","","",4,0,0,0,0,14,29,3325,35,14,13,1,8,13,12.03,0.0,0.0,0.0,0.0,42.11
제2대,김동성,임시의장,무소속,경기 개성,"",초선,0,0,0,0,0,0,14,766,0,0,1,0,0,0,0.0,0.0,0.0,0.0,0.0,0.0
제4대,김봉렬,체신부경리국장,"","","","",0,0,0,0,0,0,34,2169,0,0,0,0,0,0,0.0,0.0,0.0,0.0,0.0,0.0
제2대,김정식,위원,대한청년단,경북 영주,"",초선,0,0,0,0,0,0,2,572,4,3,3,0,0,1,0.0,0.0,0.0,0.0,0.0,0.0
제4대,정존수,위원,자유당,경기 평택군,"",재선,0,0,0,0,0,0,10,138,0,0,0,0,0,0,0.0,0.0,0.0,0.0,0.0,0.0
제3대,윤성순,임시의장,자유당,경기 포천군,"",3선,0,0,0,0,0,0,5,618,4,1,0,0,0,1,0.0,0.0,0.0,0.0,0.0,0.0
제헌,"",내무부치안국장,"","","","",0,0,0,0,0,0,2,746,35,14,13,1,8,13,0.0,0.0,0.0,0.0,0.0,0.0
제3대,김준환,재무부관재국장,"","","","",0,0,0,0,0,0,15,1438,1,0,0,0,0,0,0.0,0.0,0.0,0.0,0.0,0.0
제3대,곽의영,부흥위원장,자유당,충북 청원군을,"",3선,0,0,0,0,0,0,8,1879,7,6,3,0,0,0,0.0,0.0,0.0,0.0,0.0,0.0
제2대,김종렬,의원,"","","","",0,0,0,0,0,0,1,163,0,0,0,0,0,0,0.0,0.0,0.0,0.0,0.0,0.0
제4대,지금까지,국방부경리국장,"","","","",0,0,0,0,0,0,1,24,0,0,0,0,0,0,0.0,0.0,0.0,0.0,0.0,0.0
제3대,정갑식,의원,"","","","",0,0,0,0,0,0,1,144,0,0,0,0,0,0,0.0,0.0,0.0,0.0,0.0,0.0
제3대,염우량,위원,자유당,충남 공주갑,"",초선,0,0,0,0,0,0,13,2059,3,1,0,0,0,0,0.0,0.0,0.0,0.0,0.0,0.0
제헌,김광준,위원,무소속,경북 울진,"",3선,0,0,0,0,0,0,8,809,7,0,4,0,2,0,0.0,0.0,0.0,0.0,0.0,0.0
제3대,백남식,홍수피해조사위원장,무소속,경북 상주군을,"",재선,0,0,0,0,0,0,1,4530,4,6,3,0,0,2,0.0,0.0,0.0,0.0,0.0,0.0
제4대,거기에,육군본부작전교육국장,"","","","",0,0,0,0,0,0,1,206,0,0,0,0,0,0,0.0,0.0,0.0,0.0,0.0,0.0
제3대,윤우경,구황실재산관리총국장,"","","","",0,0,0,0,0,0,1,280,1,0,0,0,0,1,0.0,0.0,0.0,0.0,0.0,0.0
제3대,손석두,위원,자유당,전남 장흥군,"",재선,0,0,0,0,0,0,2,484,0,0,0,0,0,0,0.0,0.0,0.0,0.0,0.0,0.0
제헌,박종환,의원,대한독립촉성국민회,경북 청도,"",초선,0,0,0,0,0,0,11,288,0,0,0,0,0,0,0.0,0.0,0.0,0.0,0.0,0.0
제3대,정명섭,위원장,자유당,전남 나주군을,"",3선,0,0,0,0,0,0,91,3146,5,0,3,0,0,0,0.0,0.0,0.0,0.0,0.0,0.0
제4대,주인,"","","","","",0,0,0,0,0,0,10,111,0,0,0,0,0,0,0.0,0.0,0.0,0.0,0.0,0.0
제2대,김양수,위원,민주국민당,전남 순천,"",초선,0,0,0,0,0,0,1,217,2,1,0,0,0,0,0.0,0.0,0.0,0.0,0.0,0.0
제4대,지영진,의원,자유당,경남 양산군,"",재선,0,0,0,0,0,0,3,509,3,0,0,0,0,0,0.0,0.0,0.0,0.0,0.0,0.0
제4대,조순,위원,자유당,전남 곡성군,"",3선,8,0,0,0,0,0,25,1208,13,2,0,0,0,1,66.23,0.0,0.0,0.0,0.0,0.0
제4대,박덕영,위원,자유당,강원 화천,"",초선,5,0,0,0,0,0,158,4649,3,0,0,0,0,0,10.76,0.0,0.0,0.0,0.0,0.0
제4대,정상숙,증인,"","","","",0,0,0,0,0,0,15,186,0,0,0,0,0,0,0.0,0.0,0.0,0.0,0.0,0.0
제3대,신각휴,위원,민주국민당,충북 옥천군,"",3선,1,0,0,0,0,0,35,7492,1,0,0,1,0,0,1.33,0.0,0.0,0.0,0.0,0.0
제헌,이석,위원,대한독립촉성국민회,경북 경주을,"",초선,0,0,0,0,0,0,6,287,0,1,2,0,0,0,0.0,0.0,0.0,0.0,0.0,0.0
제4대,예산할당,국방부경리국장,"","","","",0,0,0,0,0,0,1,12,0,0,0,0,0,0,0.0,0.0,0.0,0.0,0.0,0.0
제3대,길경복,서울특별시경찰국장,"","","","",0,0,0,0,0,0,1,355,0,0,0,0,0,0,0.0,0.0,0.0,0.0,0.0,0.0
제4대,김응주,의원,민주당,"경남 부산시,중구","",4선,2,0,0,0,0,0,14,13474,6,0,0,0,0,0,1.48,0.0,0.0,0.0,0.0,0.0
제3대,추측,"","","","","",0,0,0,0,0,0,1,325,0,0,0,0,0,0,0.0,0.0,0.0,0.0,0.0,0.0
제3대,박재홍,위원,국민당,경남 김해갑,"",초선,9,0,0,0,0,0,14,2693,8,2,3,0,0,0,33.42,0.0,0.0,0.0,0.0,0.0
제4대,이동희,교통부경리국장,"","","","",0,0,0,0,0,0,61,2372,0,0,0,0,0,0,0.0,0.0,0.0,0.0,0.0,0.0
제3대,대령을,"","","","","",0,0,0,0,0,2,1,996,0,0,0,0,0,1,0.0,0.0,0.0,0.0,0.0,20.08
제3대,윤성순,외무위원장,자유당,경기 포천군,"",3선,8,6,0,0,0,6,12,8193,4,1,0,0,0,1,9.76,7.32,0.0,0.0,0.0,7.32
제4대,그것은,국방부경리국장,"","","","",0,0,0,0,0,0,3,83,0,0,0,0,0,0,0.0,0.0,0.0,0.0,0.0,0.0
제4대,저도,육군본부군수국장,"","","","",0,0,0,0,0,0,1,9,0,0,0,0,0,0,0.0,0.0,0.0,0.0,0.0,0.0
제4대,이정용,경상남도경찰국장,"","","","",1,0,0,0,0,0,31,10389,1,0,0,0,0,0,0.96,0.0,0.0,0.0,0.0,0.0
제4대,김일환,상공부장관,"","","","",18,0,0,0,0,0,30,12119,15,0,1,2,0,1,14.85,0.0,0.0,0.0,0.0,0.0
제2대,이종영,의원,대한독립촉성국민회,강원 정선,"",초선,0,0,0,0,0,0,18,2752,0,0,0,0,0,0,0.0,0.0,0.0,0.0,0.0,0.0
제3대,손원일,국방장관,"","","","",0,0,0,0,0,0,2,1195,2,0,1,0,0,0,0.0,0.0,0.0,0.0,0.0,0.0
제3대,송방용,위원,무소속,전북 김제군갑,"",4선,0,11,0,0,0,0,535,40743,3,9,3,0,0,0,0.0,2.7,0.0,0.0,0.0,0.0
제4대,김영찬,상공부장관,"","","","",0,0,0,0,0,0,1,50,0,0,0,0,0,0,0.0,0.0,0.0,0.0,0.0,0.0
제2대,이수선,사무총장,"","","","",0,0,0,0,0,0,6,685,0,0,0,0,0,0,0.0,0.0,0.0,0.0,0.0,0.0
제4대,이병학,보건사회부방역국장,"","","","",0,0,0,0,0,0,1,738,0,0,0,0,0,0,0.0,0.0,0.0,0.0,0.0,0.0
제헌,유진수,의원,"","","","",0,0,0,0,0,0,1,1,0,0,0,0,0,0,0.0,0.0,0.0,0.0,0.0,0.0
제3대,동의안,"","","","","",0,0,0,0,0,0,1,1,0,0,0,0,0,0,0.0,0.0,0.0,0.0,0.0,0.0
제3대,한성수,부의장,"","","","",0,0,0,0,0,0,2,191,0,0,0,0,0,0,0.0,0.0,0.0,0.0,0.0,0.0
제2대,김정실,"",무소속,경남 고성,"",초선,0,0,0,0,0,0,1,13,3,0,3,0,0,1,0.0,0.0,0.0,0.0,0.0,0.0
제헌,보헌영,의원,"","","","",0,0,0,0,0,0,1,137,0,0,0,0,0,0,0.0,0.0,0.0,0.0,0.0,0.0
제3대,정명섭,위원,자유당,전남 나주군을,"",3선,2,0,0,0,0,0,5,1050,5,0,3,0,0,0,19.05,0.0,0.0,0.0,0.0,0.0
제2대,"",국방위원장,"","","","",2,0,0,0,0,0,3,2096,58,37,45,2,4,13,9.54,0.0,0.0,0.0,0.0,0.0
제헌,이우선,의원,"","","","",0,0,0,0,0,0,1,1,0,0,0,0,0,0,0.0,0.0,0.0,0.0,0.0,0.0
제2대,소선규,위원,민주국민당,전북 익산갑,"",4선,0,0,0,0,0,0,1,508,2,7,4,1,0,1,0.0,0.0,0.0,0.0,0.0,0.0
제4대,원용석,의원,자유당,충남 당진을,"",초선,0,8,0,0,0,0,11,5610,9,7,0,0,1,4,0.0,14.26,0.0,0.0,0.0,0.0
제3대,신각휴,의원,민주국민당,충북 옥천군,"",3선,0,0,0,5,0,0,3,3865,1,0,0,1,0,0,0.0,0.0,0.0,12.94,0.0,0.0
제헌,빅순석,의원,"","","","",0,0,0,0,0,0,5,1062,0,0,0,0,0,0,0.0,0.0,0.0,0.0,0.0,0.0
제4대,그렇게,육군본부총무국장,"","","","",0,0,0,0,0,0,1,19,0,0,0,0,0,0,0.0,0.0,0.0,0.0,0.0,0.0
제4대,박용익,운영위원장,자유당,강원 명주,"",재선,0,0,0,0,0,0,4,520,0,0,0,0,0,0,0.0,0.0,0.0,0.0,0.0,0.0
제3대,정갑주,의원,자유당,경남 사천,"",초선,0,0,0,0,2,0,29,9986,0,0,0,0,1,0,0.0,0.0,0.0,0.0,2.0,0.0
제4대,신규식,위원장,자유당,전북 부안,"",재선,1,0,0,0,0,0,212,7032,10,4,2,0,0,0,1.42,0.0,0.0,0.0,0.0,0.0
제헌,윤치영,내무장관,한국민주당,서울 중구,"",4선,0,0,0,0,0,0,3,468,3,2,1,2,9,1,0.0,0.0,0.0,0.0,0.0,0.0
제헌,김종문,의원,한국민주당,전북 정읍을,"",초선,0,0,0,0,0,0,5,5,0,0,0,0,0,0,0.0,0.0,0.0,0.0,0.0,0.0
제2대,관상훈,의원,"","","","",0,0,0,0,0,0,1,7,0,0,0,0,0,0,0.0,0.0,0.0,0.0,0.0,0.0
제3대,극적,"","","","","",0,0,0,0,0,0,1,95,0,0,0,0,0,0,0.0,0.0,0.0,0.0,0.0,0.0
제헌,조국현,위원,"",전남 화순,"",재선,0,0,0,0,0,0,2,560,10,4,3,1,0,2,0.0,0.0,0.0,0.0,0.0,0.0
제4대,정동기,국방장관,"","","","",0,0,0,0,0,0,1,19,1,0,0,0,0,0,0.0,0.0,0.0,0.0,0.0,0.0
제3대,김상도,징계자격위원장,자유당,경북 영천군갑,"",재선,0,0,0,0,0,0,1,1622,4,3,3,0,0,0,0.0,0.0,0.0,0.0,0.0,0.0
제4대,봉급,해군본부인사국장,"","","","",0,0,0,0,0,0,1,19,0,0,0,0,0,0,0.0,0.0,0.0,0.0,0.0,0.0
제3대,최재유,문교부장관,"","","","",10,0,0,0,0,1,16,8704,7,0,4,0,0,2,11.49,0.0,0.0,0.0,0.0,1.15
제2대,김의준,법제사법위원장,무소속,경기 여주,"",3선,0,0,0,0,0,0,90,9835,0,0,1,0,0,0,0.0,0.0,0.0,0.0,0.0,0.0
제헌,김효석,의원,대한독립촉성국민회,경남 합천을,"",초선,0,0,0,0,0,0,4,592,0,1,0,0,0,0,0.0,0.0,0.0,0.0,0.0,0.0
제4대,윤유선,보건사회부의정국장,"","","","",0,0,0,0,0,0,4,463,0,0,0,0,0,0,0.0,0.0,0.0,0.0,0.0,0.0
제헌,이석화,의원,"","","","",0,0,0,0,0,0,1,1,0,0,0,0,0,0,0.0,0.0,0.0,0.0,0.0,0.0
제4대,임우영,위원,자유당,강원 춘성,"",재선,0,0,0,0,0,0,5,1129,0,0,0,0,0,0,0.0,0.0,0.0,0.0,0.0,0.0
제헌,이인,법무부장관,무소속,서울 종로구을,"",3선,3,0,0,3,0,0,23,6784,4,0,1,1,2,0,4.42,0.0,0.0,4.42,0.0,0.0
제2대,신익히,의장,"","","","",0,0,0,0,0,0,1,16,0,0,0,0,0,0,0.0,0.0,0.0,0.0,0.0,0.0
제3대,서동진,위원,민주국민당,경북 대구시갑,"",재선,0,0,0,0,0,0,2,240,2,0,2,0,0,0,0.0,0.0,0.0,0.0,0.0,0.0
제2대,안동혁,상공부장관,"","","","",1,0,0,0,0,0,12,6881,1,0,0,0,0,0,1.45,0.0,0.0,0.0,0.0,0.0
제4대,이성호,"","","","","",0,0,0,0,0,0,87,906,1,0,0,0,0,0,0.0,0.0,0.0,0.0,0.0,0.0
제2대,김문용,의원,자유당,전남 담양,"",초선,0,0,0,0,0,0,4,1368,0,0,0,0,0,0,0.0,0.0,0.0,0.0,0.0,0.0
제4대,"",사무총장,"","","","",0,0,0,0,0,0,38,1435,138,25,25,10,3,18,0.0,0.0,0.0,0.0,0.0,0.0
제4대,정존수,징계자격위원장,자유당,경기 평택군,"",재선,0,0,0,0,0,0,4,859,0,0,0,0,0,0,0.0,0.0,0.0,0.0,0.0,0.0
제2대,덕터,"","","","","",0,0,0,0,0,0,1,235,0,0,0,0,0,0,0.0,0.0,0.0,0.0,0.0,0.0
제3대,최문흠,임시의장,"","","","",0,0,0,0,0,0,1,70,0,0,0,0,0,0,0.0,0.0,0.0,0.0,0.0,0.0
제2대,지청천,전원위원장,민주국민당,서울 성동구갑,"",재선,0,0,0,0,0,0,30,937,0,0,1,0,0,0,0.0,0.0,0.0,0.0,0.0,0.0
제헌,홍희종,위원,조선민족청년단,전북 김제을,"",초선,64,0,0,0,0,0,1,1474,2,0,1,0,0,0,434.19,0.0,0.0,0.0,0.0,0.0
제헌,이석구,의원,"","","","",0,0,0,0,0,0,1,65,0,0,0,0,0,0,0.0,0.0,0.0,0.0,0.0,0.0
제3대,김도연,위원,민주국민당,서울 서대문구갑,"",6선,0,9,0,0,0,0,37,7524,4,7,3,0,0,0,0.0,11.96,0.0,0.0,0.0,0.0
제3대,곽상훈,부의장,무소속,경기 인천시을,"",5선,1,2,0,0,0,0,860,39395,1,1,0,0,0,0,0.25,0.51,0.0,0.0,0.0,0.0
제3대,해서,"","","","","",0,0,0,0,0,0,2,109,0,0,0,0,0,0,0.0,0.0,0.0,0.0,0.0,0.0
제4대,조재천,위원,민주당,경북 대구시정,"",4선,2,0,0,11,0,1,187,49057,5,0,0,1,0,1,0.41,0.0,0.0,2.24,0.0,0.2
제헌,연병호,의원,무소속,충북 괴산,"",재선,0,0,0,0,0,0,5,1570,0,0,0,0,0,0,0.0,0.0,0.0,0.0,0.0,0.0
제4대,김성립,증인,"","","","",0,0,0,0,0,0,14,520,0,0,0,0,0,0,0.0,0.0,0.0,0.0,0.0,0.0
제4대,군수참모,"","","","","",0,0,0,0,0,0,3,14,0,0,0,0,0,0,0.0,0.0,0.0,0.0,0.0,0.0
제3대,숫자적인,부흥부기획국장,"","","","",0,0,0,0,0,0,1,133,0,0,0,0,0,0,0.0,0.0,0.0,0.0,0.0,0.0
제3대,김지태,위원,자유당,경남 부산시갑,"",재선,0,0,0,0,0,0,1,107,0,1,0,0,0,0,0.0,0.0,0.0,0.0,0.0,0.0
제3대,소위,"","","","","",0,0,0,0,0,0,1,10,0,0,0,0,0,0,0.0,0.0,0.0,0.0,0.0,0.0
제4대,제가,해병대사령부군수국장,"","","","",0,0,0,0,0,0,1,53,0,0,0,0,0,0,0.0,0.0,0.0,0.0,0.0,0.0
제4대,이중춘,농림부양정국장,"","","","",0,0,0,0,0,0,1,122,0,0,0,0,0,0,0.0,0.0,0.0,0.0,0.0,0.0
제3대,외국원조,"","","","","",0,0,0,0,0,0,1,225,0,0,0,0,0,0,0.0,0.0,0.0,0.0,0.0,0.0
제3대,"",보건사회위원장,"","","","",0,0,0,0,0,0,1,376,94,35,22,8,8,20,0.0,0.0,0.0,0.0,0.0,0.0
제4대,이병선,해군본부경리국장,"","","","",0,0,0,0,0,0,1,30,0,0,0,0,0,0,0.0,0.0,0.0,0.0,0.0,0.0
제4대,원용석,부흥위원장,자유당,충남 당진을,"",초선,2,5,0,0,1,5,6,4574,9,7,0,0,1,4,4.37,10.93,0.0,0.0,2.19,10.93
제4대,이상훈,교통부육운국장,"","","","",0,0,0,0,0,0,19,723,0,0,0,0,0,0,0.0,0.0,0.0,0.0,0.0,0.0
제4대,정경모,보건사회부약정국장,"","","","",0,0,0,0,1,0,1,195,0,0,0,0,1,0,0.0,0.0,0.0,0.0,51.28,0.0
제3대,윤치영,"",국민당,서울 중구갑,"",4선,0,0,0,0,0,0,1,43,1,0,0,0,0,1,0.0,0.0,0.0,0.0,0.0,0.0
제4대,이정휴,위원,자유당,전남 광산,"",초선,5,0,0,0,0,0,411,7019,2,0,0,0,0,0,7.12,0.0,0.0,0.0,0.0,0.0
제3대,이성주,의원,자유당,경기 고양,"",초선,0,0,0,0,0,0,14,33952,0,0,0,0,0,0,0.0,0.0,0.0,0.0,0.0,0.0
제헌,권승열,법무부장관,"","","","",1,0,0,0,0,0,1,3497,1,0,0,0,0,0,2.86,0.0,0.0,0.0,0.0,0.0
제3대,류지원,위원,"","","","",0,0,0,0,0,0,3,312,0,0,1,0,0,0,0.0,0.0,0.0,0.0,0.0,0.0
제3대,"",문교위원장,"","","","",3,0,0,0,0,1,22,13632,94,35,22,8,8,20,2.2,0.0,0.0,0.0,0.0,0.73
제4대,김상돈,의원,민주당,서울 마포구,"",4선,0,2,0,0,0,0,39,7893,1,1,1,1,0,0,0.0,2.53,0.0,0.0,0.0,0.0
제3대,나창헌,의원,자유당,충남 서산갑,"",초선,0,1,0,1,0,0,10,7255,0,1,0,1,0,0,0.0,1.38,0.0,1.38,0.0,0.0
제4대,현영일,교통부시설국장,"","","","",5,0,0,0,0,0,18,1712,2,0,0,0,0,0,29.21,0.0,0.0,0.0,0.0,0.0
제4대,윤담,위원,민주당,충남 논산을,"",3선,2,0,0,0,0,0,19,3875,1,0,0,0,0,0,5.16,0.0,0.0,0.0,0.0,0.0
제2대,업상섭,법제사법위원장,"","","","",0,0,0,0,0,0,2,752,0,0,0,0,0,0,0.0,0.0,0.0,0.0,0.0,0.0
제4대,"",국방위원장,"","","","",0,0,0,0,0,0,4,4187,138,25,25,10,3,18,0.0,0.0,0.0,0.0,0.0,0.0
제3대,"",연초사업국장,"","","","",0,0,0,0,0,0,2,28,94,35,22,8,8,20,0.0,0.0,0.0,0.0,0.0,0.0
제3대,김성호,의원,자유당,전남 강진,"",초선,0,0,0,0,0,1,27,8687,0,0,0,0,0,1,0.0,0.0,0.0,0.0,0.0,1.15
제4대,일관된,국방부경리국장,"","","","",0,0,0,0,0,0,1,5,0,0,0,0,0,0,0.0,0.0,0.0,0.0,0.0,0.0
제헌,"",내무부장,"","","","",0,0,0,0,0,0,1,80,35,14,13,1,8,13,0.0,0.0,0.0,0.0,0.0,0.0
제3대,이종수,의원,무소속,경남 김해을,"",3선,0,0,0,0,0,0,5,2447,0,0,0,0,0,0,0.0,0.0,0.0,0.0,0.0,0.0
제4대,김봉관,농림부양정국장,"","","","",5,0,0,0,0,0,18,4346,2,0,0,0,0,0,11.5,0.0,0.0,0.0,0.0,0.0
제3대,윤우경,구황실사무총국장,"","","","",0,0,0,0,0,0,3,454,1,0,0,0,0,1,0.0,0.0,0.0,0.0,0.0,0.0
제3대,박영출,"",자유당,경북 의성갑,"",재선,0,0,0,0,0,0,1,45,2,4,2,0,0,2,0.0,0.0,0.0,0.0,0.0,0.0
제4대,서상준,의사국장,"","","","",2,0,0,2,0,4,34,7394,12,4,0,2,0,4,2.7,0.0,0.0,2.7,0.0,5.41
제3대,김철주,의원,무소속,전남 여천,"",초선,0,0,0,0,0,0,4,855,0,0,0,0,0,0,0.0,0.0,0.0,0.0,0.0,0.0
제3대,김진만,위원,자유당,강원 삼척군,"",7선,0,3,0,0,0,0,15,835,1,1,1,0,0,0,0.0,35.93,0.0,0.0,0.0,0.0
제4대,박세경,법제사법위원장,자유당,전북 임실,"",재선,4,6,0,0,0,1,153,21633,3,3,0,0,0,1,1.85,2.77,0.0,0.0,0.0,0.46
제4대,김화수,증인,"","","","",0,0,0,0,0,0,35,668,0,0,0,0,0,0,0.0,0.0,0.0,0.0,0.0,0.0
제4대,전효섭,상공부광무국장,"","","","",12,0,0,0,0,0,21,2150,3,0,0,0,0,0,55.81,0.0,0.0,0.0,0.0,0.0
제헌,이남규,위원,대한독립촉성국민회,전남 목포,"",재선,0,0,0,0,0,0,1,365,0,0,1,0,1,0,0.0,0.0,0.0,0.0,0.0,0.0
제3대,조경규,내무위원장,자유당,경남 함안군,"",3선,0,0,0,0,0,0,43,8073,9,4,7,0,0,4,0.0,0.0,0.0,0.0,0.0,0.0
제4대,조인구,내무부치안국장,"","","","",0,0,0,0,0,0,29,1302,0,0,0,0,0,0,0.0,0.0,0.0,0.0,0.0,0.0
제3대,"",사회보건위원장,"","","","",0,0,0,0,2,0,2,2482,94,35,22,8,8,20,0.0,0.0,0.0,0.0,8.06,0.0
제4대,심재현,위원,"","","","",0,0,0,0,0,0,1,100,0,0,0,0,0,0,0.0,0.0,0.0,0.0,0.0,0.0
