Assembly_Num,Speaker,Party,Speaker_Type,Primary_Role,Role_Groups,Speaker_Source,Speech_Count,Total_Chars,Share_of_Chars,Active_Sessions,First_Speech_Date,Last_Speech_Date,Technology,Income,Labor,Immigration,Migration,Foreigner,Discourse_Development,Discourse_Boundary,Keyword_Total,Development_Per_1k_Chars,Boundary_Per_1k_Chars,Keyword_Per_1k_Chars
제2대,신익희,민주국민당,의원,의장,의원; 의장단,member,3712,1525447,0.074,12,1950-06-19,1954-05-01,49,565,199,20,62,8,813,90,903,0.533,0.059,0.592
제2대,김용우,무소속,의원,사회보건위원장,위원장; 의원,member,410,256316,0.01243,10,1950-11-10,1954-02-25,15,8,665,1,10,2,688,13,701,2.684,0.051,2.735
제2대,전진한,대한노동총연맹,의원,의원,의원,member,51,60731,0.00295,5,1952-02-14,1954-03-02,0,0,653,1,1,0,653,2,655,10.752,0.033,10.785
제2대,조봉암,대한국민당,의원,부의장,의원; 의장단,member,6643,1956095,0.09489,12,1950-06-19,1954-04-23,130,285,141,21,29,29,556,79,635,0.284,0.04,0.325
제2대,이재형,대한국민당,의원,재정경제위원장,국무위원; 위원장; 의원,member,572,515223,0.02499,10,1950-11-20,1953-11-27,13,433,8,4,18,0,454,22,476,0.881,0.043,0.924
제2대,이진수,대한국민당,의원,의원,의원,member,337,315551,0.01531,10,1950-06-20,1954-03-23,10,3,369,26,11,5,382,42,424,1.211,0.133,1.344
제2대,윤치영,대한국민당,의원,부의장,의원; 의장단,member,2062,431697,0.02094,7,1952-02-14,1954-03-30,28,18,170,14,11,8,216,33,249,0.5,0.076,0.577
제2대,김익기,무소속,의원,사회보건위원장,위원장; 의원,member,93,53791,0.00261,6,1950-11-20,1953-01-28,3,0,226,1,4,1,229,6,235,4.257,0.112,4.369
제2대,백두진,미상/직책자,정부/기타 직책자,재무부장관,국무위원; 기타,learned,135,368559,0.01788,9,1951-03-19,1954-03-30,38,139,10,8,9,5,187,22,209,0.507,0.06,0.567
제2대,엄상섭,무소속,의원,법제사법위원장대리,위원장; 의원,member,659,657347,0.03189,10,1950-11-21,1954-03-31,26,23,73,26,24,10,122,60,182,0.186,0.091,0.277
제2대,신광균,일민국락부,의원,의원,위원장; 의원,member,60,93301,0.00453,10,1950-11-01,1954-04-22,5,9,148,0,2,4,162,6,168,1.736,0.064,1.801
제2대,조광섭,조선민주당,의원,의원,의원,member,133,127952,0.00621,12,1950-06-20,1954-03-04,7,0,146,5,5,3,153,13,166,1.196,0.102,1.297
제2대,정남국,민주국민당,의원,의원,의원,member,81,93680,0.00454,10,1950-11-25,1954-03-31,6,2,146,6,1,0,154,7,161,1.644,0.075,1.719
제2대,임기봉,미상/직책자,정부/기타 직책자,의원,의원,member,60,85916,0.00417,9,1950-06-20,1954-03-31,20,1,131,2,2,0,152,4,156,1.769,0.047,1.816
제2대,김지태,무소속,의원,의원,의원,member,43,64795,0.00314,7,1951-04-18,1954-03-26,6,30,81,1,5,0,117,6,123,1.806,0.093,1.898
제2대,박희현,미상/직책자,정부/기타 직책자,재무부차관,국무위원,learned,156,271521,0.01317,8,1951-10-06,1954-03-31,10,85,0,8,16,0,95,24,119,0.35,0.088,0.438
제2대,장건상,무소속,의원,의원,의원,member,10,26139,0.00127,5,1950-11-21,1953-01-27,3,1,101,4,0,0,105,4,109,4.017,0.153,4.17
제2대,박만원,무소속,의원,재정경제위원장,미상; 위원장; 의원,member,440,458674,0.02225,11,1950-11-02,1954-05-01,23,63,0,5,14,3,86,22,108,0.187,0.048,0.235
제2대,김수학,무소속,의원,재정경제위원장,위원장; 의원,member,79,103686,0.00503,10,1950-06-20,1954-01-22,9,85,3,3,5,0,97,8,105,0.936,0.077,1.013
제2대,이종형,미상/직책자,정부/기타 직책자,의원,의원,fallback,235,324968,0.01576,10,1950-11-20,1954-01-22,6,1,44,30,20,4,51,54,105,0.157,0.166,0.323
제2대,태완선,무소속,의원,의원,위원장; 의원,member,271,199848,0.00969,10,1950-11-07,1953-11-27,13,3,49,9,10,11,65,30,95,0.325,0.15,0.475
제2대,임용순,대한청년단,의원,의원,의원,member,46,52458,0.00254,7,1951-02-27,1953-10-20,15,0,79,0,1,0,94,1,95,1.792,0.019,1.811
제2대,김영선,무소속,의원,의원,의원,member,38,100447,0.00487,7,1950-11-06,1954-01-15,15,42,32,0,6,0,89,6,95,0.886,0.06,0.946
제2대,김봉재,무소속,의원,의원,위원장; 의원,member,117,166586,0.00808,10,1950-11-20,1954-03-31,12,5,36,11,30,0,53,41,94,0.318,0.246,0.564
제2대,서상준,미상/직책자,정부/기타 직책자,의사국장,의장단; 정부위원,learned,388,386661,0.01876,10,1950-12-15,1954-04-22,6,2,38,27,7,3,46,37,83,0.119,0.096,0.215
제2대,서범석,무소속,의원,의원,의원,member,142,150737,0.00731,10,1950-11-02,1954-04-23,0,3,52,14,7,0,55,21,76,0.365,0.139,0.504
제2대,김유택,미상/직책자,정부/기타 직책자,재무부차관,국무위원; 기타,learned,67,52014,0.00252,4,1950-11-10,1951-09-06,9,55,0,1,9,1,64,11,75,1.23,0.211,1.442
제2대,박영출,대한국민당,의원,의원,위원장; 의원,member,278,192920,0.00936,11,1950-06-20,1954-03-29,26,4,18,10,9,6,48,25,73,0.249,0.13,0.378
제2대,최원호,민주국민당,의원,의원,의원,member,18,44794,0.00217,8,1951-11-03,1954-03-27,3,0,62,4,1,0,65,5,70,1.451,0.112,1.563
제2대,장홍염,민주국민당,의원,의원,의원,member,86,97266,0.00472,8,1950-12-22,1954-04-23,0,4,39,18,6,1,43,25,68,0.442,0.257,0.699
제2대,박정근,무소속,의원,농림위원장,미상; 위원장; 의원,member,371,539579,0.02617,12,1950-06-20,1954-05-01,17,24,7,2,17,1,48,20,68,0.089,0.037,0.126
제2대,이충환,무소속,의원,예산결산위원장,미상; 위원장; 의원,member,208,270594,0.01313,10,1950-12-11,1954-05-01,14,32,6,8,6,1,52,15,67,0.192,0.055,0.248
제2대,소선규,민주국민당,의원,의원,위원장; 의원,member,334,363191,0.01762,11,1950-11-01,1954-03-31,3,27,10,6,12,3,40,21,61,0.11,0.058,0.168
제2대,육홍균,대한국민당,의원,의원,의원,member,11,12248,0.00059,7,1950-11-18,1953-12-28,0,0,56,1,1,0,56,2,58,4.572,0.163,4.735
제2대,최창순,미상/직책자,정부/기타 직책자,사회부차관,국무위원,learned,32,71867,0.00349,5,1950-11-18,1952-09-03,8,1,37,3,9,0,46,12,58,0.64,0.167,0.807
제2대,곽의영,무소속,의원,의원,의원,member,226,274236,0.0133,11,1950-11-11,1954-02-24,24,13,15,2,1,1,52,4,56,0.19,0.015,0.204
제2대,오의관,무소속,의원,의원,위원장; 의원,member,180,107234,0.0052,10,1950-11-02,1954-04-22,5,6,42,0,1,0,53,1,54,0.494,0.009,0.504
제2대,윤길중,무소속,의원,법제사법위원장,위원장; 의원,member,217,238172,0.01155,9,1950-11-10,1953-11-30,23,2,12,11,5,1,37,17,54,0.155,0.071,0.227
제2대,강경옥,무소속,의원,의원,위원장; 의원,member,65,109787,0.00533,11,1950-11-22,1953-12-23,11,6,22,5,6,2,39,13,52,0.355,0.118,0.474
제2대,곽상훈,무소속,의원,의원,위원장; 의원,member,112,138232,0.00671,11,1950-11-07,1954-04-23,1,0,19,26,4,0,20,30,50,0.145,0.217,0.362
제2대,지연해,무소속,의원,의원,의원,member,103,207667,0.01007,11,1950-06-20,1954-03-31,8,11,2,9,10,8,21,27,48,0.101,0.13,0.231
제2대,김정실,무소속,의원,법제사법위원장,미상; 위원장; 의원,member,300,189553,0.00919,9,1951-03-23,1954-05-01,5,0,26,2,12,3,31,17,48,0.164,0.09,0.253
제2대,조주영,무소속,의원,의원,국무위원; 의원,member,178,256218,0.01243,11,1950-11-01,1954-03-29,10,5,8,18,5,2,23,25,48,0.09,0.098,0.187
제2대,최면수,대한국민당,의원,의원,의원,member,19,14027,0.00068,6,1950-11-22,1953-10-06,0,0,46,0,0,0,46,0,46,3.279,0.0,3.279
제2대,양병일,민주국민당,의원,재정경제위원장대리,위원장; 의원,member,46,66526,0.00323,5,1952-03-07,1954-01-13,4,35,2,1,4,0,41,5,46,0.616,0.075,0.691
제2대,김훈,미상/직책자,정부/기타 직책자,상공부장관,국무위원,member,20,55161,0.00268,4,1950-11-06,1952-03-11,29,0,9,5,2,0,38,7,45,0.689,0.127,0.816
제2대,김용택,미상/직책자,정부/기타 직책자,사회부차관,국무위원,learned,19,19506,0.00095,3,1952-12-02,1953-10-01,1,0,44,0,0,0,45,0,45,2.307,0.0,2.307
제2대,허정,미상/직책자,정부/기타 직책자,국무총리서리,국무위원,member,42,116931,0.00567,3,1951-01-16,1952-03-19,18,1,7,8,10,0,26,18,44,0.222,0.154,0.376
제2대,홍창섭,무소속,의원,의원,위원장; 의원,member,112,130739,0.00634,11,1950-11-11,1954-01-22,18,8,8,1,7,0,34,8,42,0.26,0.061,0.321
제2대,박철웅,무소속,의원,의원,의원,member,57,114839,0.00557,8,1951-01-23,1954-03-31,13,1,16,3,6,3,30,12,42,0.261,0.104,0.366
제2대,장택상,무소속,의원,부의장,국무위원; 의원; 의장단,member,1610,279043,0.01354,12,1950-06-19,1954-03-27,18,3,3,2,9,6,24,17,41,0.086,0.061,0.147
제2대,김종순,무소속,의원,의원,위원장; 의원,member,148,206271,0.01001,10,1950-11-15,1954-03-24,10,10,8,3,8,2,28,13,41,0.136,0.063,0.199
제2대,백남식,대한독립촉성국민회,의원,의원,위원장; 의원,member,293,148902,0.00722,12,1950-06-20,1954-03-31,0,13,16,7,4,0,29,11,40,0.195,0.074,0.269
제2대,황병규,대한국민당,의원,의원,미상; 위원장; 의원,member,134,160277,0.00777,10,1950-11-04,1954-05-01,21,1,0,7,9,1,22,17,39,0.137,0.106,0.243
제2대,유승준,무소속,의원,의원,위원장; 의원,member,116,113652,0.00551,11,1950-06-20,1954-03-23,8,1,24,2,3,0,33,5,38,0.29,0.044,0.334
제2대,이용설,무소속,의원,의원,의원,member,65,88349,0.00429,10,1950-12-15,1954-03-23,7,0,19,5,3,0,26,8,34,0.294,0.091,0.385
제2대,안만복,무소속,의원,의원,의원,member,49,91708,0.00445,11,1950-11-07,1954-03-30,0,0,22,7,2,2,22,11,33,0.24,0.12,0.36
제2대,김정식,대한청년단,의원,의원,의원,member,157,136051,0.0066,11,1950-06-20,1953-11-28,6,8,8,4,4,3,22,11,33,0.162,0.081,0.243
제2대,안용대,무소속,의원,의원,위원장; 의원,member,165,154968,0.00752,10,1950-11-22,1954-03-23,3,5,10,1,12,0,18,13,31,0.116,0.084,0.2
제2대,안상한,무소속,의원,의원,위원장; 의원,member,150,143854,0.00698,10,1950-11-21,1954-03-31,6,16,0,7,2,0,22,9,31,0.153,0.063,0.215
제2대,김광준,무소속,의원,의원,위원장; 의원,member,169,171526,0.00832,9,1950-12-13,1954-01-23,11,0,2,12,5,0,13,17,30,0.076,0.099,0.175
제2대,서이환,일민국락부,의원,의원,위원장; 의원,member,85,157982,0.00766,11,1950-06-20,1953-12-22,7,0,7,6,9,0,14,15,29,0.089,0.095,0.184
제2대,노기용,무소속,의원,의원,의원,member,64,72255,0.00351,10,1950-11-22,1954-03-29,10,9,2,2,6,0,21,8,29,0.291,0.111,0.401
제2대,이종현,무소속,의원,의원,위원장; 의원,member,140,147978,0.00718,11,1950-06-20,1954-02-24,9,3,11,1,3,1,23,5,28,0.155,0.034,0.189
제2대,정일형,무소속,의원,의원,위원장; 의원,member,67,70878,0.00344,12,1950-06-19,1954-01-23,1,2,5,13,2,4,8,19,27,0.113,0.268,0.381
제2대,오위영,무소속,의원,예산결산위원장,위원장; 의원,member,63,76232,0.0037,7,1950-11-03,1953-11-26,7,16,1,2,0,1,24,3,27,0.315,0.039,0.354
제2대,박종만,미상/직책자,정부/기타 직책자,사무총장,기타; 사무처,learned,23,141032,0.00684,10,1950-12-15,1954-05-01,0,1,23,0,2,0,24,2,26,0.17,0.014,0.184
제2대,임영신,대한국민당,의원,의원,의원,member,82,90848,0.00441,9,1951-05-14,1954-03-31,3,0,10,10,0,3,13,13,26,0.143,0.143,0.286
제2대,한국원,무소속,의원,사회보건위원장대리,미상; 위원장; 의원,member,116,42735,0.00207,9,1951-04-24,1954-05-01,13,2,5,1,3,1,20,5,25,0.468,0.117,0.585
제2대,조병문,무소속,의원,의원,위원장; 의원,member,58,69709,0.00338,9,1950-11-18,1953-11-24,6,15,2,1,0,0,23,1,24,0.33,0.014,0.344
제2대,황성수,무소속,의원,의원,미상; 위원장; 의원,member,101,125163,0.00607,11,1950-11-23,1954-05-01,10,0,1,1,3,9,11,13,24,0.088,0.104,0.192
제2대,김종회,무소속,의원,의원,위원장; 의원,member,99,156936,0.00761,8,1950-11-02,1953-04-30,10,0,3,5,5,0,13,10,23,0.083,0.064,0.147
제2대,조경규,무소속,의원,내무위원장,미상; 위원장; 의원,member,137,86776,0.00421,10,1950-11-03,1954-05-01,7,7,4,0,4,0,18,4,22,0.207,0.046,0.254
제2대,신용욱,무소속,의원,의원,위원장; 의원,member,41,35670,0.00173,8,1950-11-21,1954-03-31,13,1,6,2,0,0,20,2,22,0.561,0.056,0.617
제2대,김일환,미상/직책자,정부/기타 직책자,국방부차관,국무위원,learned,49,82946,0.00402,5,1951-07-11,1953-05-06,17,0,1,1,3,0,18,4,22,0.217,0.048,0.265
제2대,원용석,미상/직책자,정부/기타 직책자,기획처장,국무위원; 기타,member,70,118173,0.00573,7,1951-07-18,1954-03-31,9,7,1,0,3,1,17,4,21,0.144,0.034,0.178
제2대,장경근,미상/직책자,정부/기타 직책자,국방부차관,국무위원,member,50,115494,0.0056,3,1950-11-01,1951-05-29,10,0,0,2,9,0,10,11,21,0.087,0.095,0.182
제2대,김석관,미상/직책자,정부/기타 직책자,교통부장관,국무위원,learned,32,66687,0.00323,6,1950-11-06,1953-01-12,13,1,3,1,3,0,17,4,21,0.255,0.06,0.315
제2대,임문환,미상/직책자,정부/기타 직책자,농림부장관,국무위원,learned,57,129659,0.00629,3,1951-03-30,1952-03-05,15,1,1,0,2,0,17,2,19,0.131,0.015,0.147
제2대,우문,대한국민당,의원,의원,위원장; 의원,member,46,46893,0.00227,10,1950-11-08,1954-04-22,7,0,0,5,0,7,7,12,19,0.149,0.256,0.405
제2대,서민호,무소속,의원,의원,위원장; 의원,member,152,154890,0.00751,5,1950-11-01,1952-04-15,1,0,0,11,6,0,1,17,18,0.006,0.11,0.116
제2대,이채오,무소속,의원,상공위원장대리,위원장; 의원,member,115,108294,0.00525,8,1951-01-17,1954-03-31,4,2,2,3,3,3,8,9,17,0.074,0.083,0.157
제2대,정재완,무소속,의원,의원,위원장; 의원,member,23,57599,0.00279,8,1951-02-01,1953-11-23,8,7,0,1,1,0,15,2,17,0.26,0.035,0.295
제2대,권태욱,무소속,의원,의원,의원,member,29,38104,0.00185,7,1951-01-29,1954-03-30,2,4,6,4,1,0,12,5,17,0.315,0.131,0.446
제2대,장면,미상/직책자,정부/기타 직책자,국무총리,국무위원,member,37,111415,0.0054,3,1951-01-30,1952-04-04,10,2,0,2,2,0,12,4,16,0.108,0.036,0.144
제2대,윤성순,무소속,의원,의원,국무위원; 위원장; 의원,member,40,57581,0.00279,7,1951-03-06,1953-10-20,11,0,0,0,3,2,11,5,16,0.191,0.087,0.278
제2대,오성환,대한국민당,의원,의원,위원장; 의원,member,136,112335,0.00545,11,1950-06-20,1954-04-23,1,0,2,4,6,3,3,13,16,0.027,0.116,0.142
제2대,신태익,미상/직책자,정부/기타 직책자,법제처장,기타,learned,40,88122,0.00427,8,1950-12-13,1954-02-25,6,5,1,0,2,0,12,2,14,0.136,0.023,0.159
제2대,조순,대한청년단,의원,의원,의원,member,17,38680,0.00188,5,1950-11-22,1953-04-06,1,3,5,1,4,0,9,5,14,0.233,0.129,0.362
제2대,남송학,대한국민당,의원,의원,위원장; 의원,member,96,86744,0.00421,10,1950-06-20,1953-10-17,1,1,5,6,1,0,7,7,14,0.081,0.081,0.161
제2대,황호현,미상/직책자,정부/기타 직책자,내무부차관,국무위원,member,24,50292,0.00244,4,1952-10-23,1953-11-30,0,0,7,3,4,0,7,7,14,0.139,0.139,0.278
제2대,정재설,미상/직책자,정부/기타 직책자,농림부차관,국무위원,learned,44,72016,0.00349,5,1952-12-01,1953-12-26,6,5,2,0,1,0,13,1,14,0.181,0.014,0.194
제2대,변진갑,무소속,의원,의원,위원장; 의원,member,140,177060,0.00859,9,1951-02-24,1954-02-24,0,2,4,2,5,0,6,7,13,0.034,0.04,0.073
제2대,권중돈,무소속,의원,의원,의원,member,68,53340,0.00259,9,1950-11-01,1954-01-23,1,0,4,4,1,3,5,8,13,0.094,0.15,0.244
제2대,박성하,중앙불교위원회,의원,의원,위원장; 의원,member,40,61631,0.00299,10,1950-11-03,1954-01-13,0,1,3,6,3,0,4,9,13,0.065,0.146,0.211
제2대,변영태,미상/직책자,정부/기타 직책자,외무부장관,국무위원,learned,65,133481,0.00648,6,1951-04-26,1954-03-30,4,0,0,2,5,2,4,9,13,0.03,0.067,0.097
제2대,엄병학,대한국민당,의원,의원,의원,member,51,46507,0.00226,10,1950-11-20,1954-02-24,1,0,8,1,3,0,9,4,13,0.194,0.086,0.28
제2대,백낙준,미상/직책자,정부/기타 직책자,문교부장관,국무위원,learned,28,74571,0.00362,4,1951-02-17,1952-07-21,8,2,0,0,2,0,10,2,12,0.134,0.027,0.161
제2대,송방용,무소속,의원,의원,위원장; 의원,member,117,95639,0.00464,10,1950-11-11,1954-04-22,2,0,3,1,6,0,5,7,12,0.052,0.073,0.125
제2대,이석기,무소속,의원,의원,위원장; 의원,member,111,116665,0.00566,10,1950-11-15,1954-03-29,3,1,0,0,8,0,4,8,12,0.034,0.069,0.103
제2대,이춘기,무소속,의원,의원,위원장; 의원,member,63,81547,0.00396,11,1950-06-20,1954-03-29,3,4,2,2,0,0,9,2,11,0.11,0.025,0.135
제2대,최재유,미상/직책자,정부/기타 직책자,보건부차관,국무위원,learned,22,31408,0.00152,5,1951-07-11,1954-01-11,6,0,0,0,1,4,6,5,11,0.191,0.159,0.35
제2대,김양수,민주국민당,의원,의원,의원,member,17,39820,0.00193,6,1951-04-02,1954-03-30,2,1,0,4,4,0,3,8,11,0.075,0.201,0.276
제2대,이재학,대한국민당,의원,의원,위원장; 의원,member,65,84588,0.0041,10,1950-11-10,1954-03-30,1,0,1,2,6,0,2,8,10,0.024,0.095,0.118
제2대,이교선,무소속,의원,의원,국무위원; 의원,member,32,56371,0.00273,7,1951-03-05,1953-11-26,1,3,3,2,0,1,7,3,10,0.124,0.053,0.177
제2대,정기원,무소속,의원,의원,의원,member,18,26317,0.00128,5,1950-12-24,1953-11-26,7,0,2,0,1,0,9,1,10,0.342,0.038,0.38
제2대,윤재근,대한국민당,의원,의원,위원장; 의원,member,23,35846,0.00174,8,1950-12-11,1954-03-31,2,0,2,5,1,0,4,6,10,0.112,0.167,0.279
제2대,박순천,대한부인회,의원,의원,의원,member,22,28257,0.00137,7,1950-12-13,1953-11-19,1,0,6,0,3,0,7,3,10,0.248,0.106,0.354
제2대,박기배,무소속,의원,의원,의원,member,9,15684,0.00076,3,1951-03-26,1953-04-04,1,5,0,1,2,0,6,3,9,0.383,0.191,0.574
제2대,정순조,대한독립촉성국민회,의원,의원,의원,member,31,27256,0.00132,9,1950-11-01,1954-03-29,1,0,4,0,4,0,5,4,9,0.183,0.147,0.33
제2대,함인섭,미상/직책자,정부/기타 직책자,농림부장관,국무위원,learned,19,34178,0.00166,2,1952-03-18,1952-08-26,5,0,1,2,1,0,6,3,9,0.176,0.088,0.263
제2대,이종욱,대한독립촉성국민회,의원,의원,의원,member,34,21405,0.00104,10,1950-11-08,1953-11-16,2,0,5,0,2,0,7,2,9,0.327,0.093,0.42
제2대,최성웅,대한청년단,의원,의원,위원장; 의원,member,15,45103,0.00219,7,1951-03-20,1954-04-22,0,0,5,2,2,0,5,4,9,0.111,0.089,0.2
제2대,박술음,미상/직책자,정부/기타 직책자,사회부장관,국무위원,learned,11,21261,0.00103,4,1952-10-17,1954-01-23,4,0,3,1,0,1,7,2,9,0.329,0.094,0.423
제2대,윤택중,민주국민당,의원,의원,국무위원; 위원장; 의원,member,56,32285,0.00157,10,1950-11-21,1954-03-23,0,0,5,2,1,0,5,3,8,0.155,0.093,0.248
제2대,방만수,무소속,의원,의원,의원,member,39,46519,0.00226,10,1950-11-10,1954-03-30,0,3,3,2,0,0,6,2,8,0.129,0.043,0.172
제2대,정헌주,무소속,의원,의원,위원장; 의원,member,5,24358,0.00118,3,1951-04-25,1951-12-26,1,6,0,0,1,0,7,1,8,0.287,0.041,0.328
제2대,정헌조,대한청년단,의원,의원,의원,member,34,35640,0.00173,9,1950-11-21,1954-01-23,0,1,2,1,3,0,3,4,7,0.084,0.112,0.196
제2대,박제환,무소속,의원,의원,의원,member,6,15147,0.00073,3,1950-10-31,1951-12-08,0,0,5,2,0,0,5,2,7,0.33,0.132,0.462
제2대,김제능,자유당,의원,의원,의원,member,37,53809,0.00261,7,1952-02-14,1954-02-20,0,0,0,6,1,0,0,7,7,0.0,0.13,0.13
제2대,임정규,미상/직책자,정부/기타 직책자,상공부차관,국무위원,learned,4,3089,0.00015,2,1952-11-26,1953-10-01,7,0,0,0,0,0,7,0,7,2.266,0.0,2.266
제2대,홍범희,미상/직책자,정부/기타 직책자,내무부차관,국무위원,member,39,54037,0.00262,2,1951-07-11,1952-07-15,2,0,1,0,4,0,3,4,7,0.056,0.074,0.13
제2대,김봉조,무소속,의원,의원,미상; 위원장; 의원,member,62,55143,0.00267,10,1950-11-20,1954-05-01,1,0,0,3,2,0,1,5,6,0.018,0.091,0.109
제2대,조진만,미상/직책자,정부/기타 직책자,법무부장관,국무위원,learned,26,25700,0.00125,3,1951-05-21,1952-02-22,1,0,0,0,5,0,1,5,6,0.039,0.195,0.233
제2대,양우정,무소속,의원,의원,위원장; 의원,member,39,46342,0.00225,6,1950-11-01,1953-06-10,0,0,1,0,5,0,1,5,6,0.022,0.108,0.129
제2대,홍헌표,미상/직책자,정부/기타 직책자,내무부차관,국무위원,learned,53,56495,0.00274,2,1950-11-02,1951-05-14,3,0,0,0,3,0,3,3,6,0.053,0.053,0.106
제2대,임흥순,민주국민당,의원,의원,미상; 위원장; 의원,member,43,62565,0.00303,9,1950-11-03,1954-05-01,1,0,1,2,2,0,2,4,6,0.032,0.064,0.096
제2대,손원일,미상/직책자,정부/기타 직책자,국방부장관,국무위원,learned,9,18560,0.0009,2,1953-08-01,1953-11-19,0,0,4,2,0,0,4,2,6,0.216,0.108,0.323
제2대,김의준,무소속,의원,법제사법위원장,위원장; 의원,member,129,113721,0.00552,8,1951-04-30,1954-03-31,0,0,1,4,1,0,1,5,6,0.009,0.044,0.053
제2대,신중목,무소속,의원,의원,국무위원; 의원,member,32,47970,0.00233,9,1950-10-31,1953-12-26,3,0,0,0,3,0,3,3,6,0.063,0.063,0.125
제2대,김정두,무소속,의원,의원,의원,member,42,34250,0.00166,8,1950-11-03,1953-06-13,1,0,1,0,3,0,2,3,5,0.058,0.088,0.146
제2대,이내호,미상/직책자,정부/기타 직책자,상공부차관,국무위원,learned,5,4340,0.00021,1,1951-11-16,1951-11-16,1,0,0,0,0,4,1,4,5,0.23,0.922,1.152
제2대,김준태,무소속,의원,의원,의원,member,15,16280,0.00079,5,1952-06-20,1953-07-22,1,0,0,1,3,0,1,4,5,0.061,0.246,0.307
제2대,김우성,무소속,의원,의원,의원,member,8,5410,0.00026,5,1950-11-08,1953-11-14,0,0,0,3,2,0,0,5,5,0.0,0.924,0.924
제2대,박승하,무소속,의원,의원,의원,member,14,18004,0.00087,5,1950-11-01,1953-09-30,0,0,0,1,4,0,0,5,5,0.0,0.278,0.278
제2대,여운홍,무소속,의원,의원,위원장; 의원,member,62,38186,0.00185,8,1951-07-03,1954-03-04,1,0,2,1,1,0,3,2,5,0.079,0.052,0.131
제2대,김동성,무소속,의원,부의장,의원; 의장단,member,88,32351,0.00157,8,1950-10-30,1953-11-16,0,0,2,1,2,0,2,3,5,0.062,0.093,0.155
제2대,김인태,무소속,의원,의원,위원장; 의원,member,42,104092,0.00505,8,1951-04-26,1954-01-15,2,0,1,0,2,0,3,2,5,0.029,0.019,0.048
제2대,조중서,미상/직책자,정부/기타 직책자,총무국장,정부위원,learned,66,44979,0.00218,11,1950-11-26,1954-05-01,0,1,3,1,0,0,4,1,5,0.089,0.022,0.111
제2대,최국현,민주국민당,의원,의원,의원,member,30,20304,0.00098,8,1950-06-19,1954-03-30,0,0,0,3,1,0,0,4,4,0.0,0.197,0.197
제2대,지청천,민주국민당,의원,전원위원장,위원장; 의원,member,49,25200,0.00122,7,1950-11-02,1953-06-13,0,0,3,1,0,0,3,1,4,0.119,0.04,0.159
제2대,이병홍,무소속,의원,의원,의원,member,12,24809,0.0012,2,1951-07-11,1953-04-30,0,0,0,1,3,0,0,4,4,0.0,0.161,0.161
제2대,이상철,무소속,의원,의원,위원장; 의원,member,22,25364,0.00123,7,1950-10-31,1953-10-20,0,0,0,1,3,0,0,4,4,0.0,0.158,0.158
제2대,이철원,미상/직책자,정부/기타 직책자,공보처장,기타,learned,4,24270,0.00118,3,1951-11-10,1952-11-07,0,0,0,1,2,1,0,4,4,0.0,0.165,0.165
제2대,김태희,무소속,의원,교통체신위원장대리,위원장; 의원,member,10,17849,0.00087,6,1951-04-30,1954-03-31,2,0,2,0,0,0,4,0,4,0.224,0.0,0.224
제2대,김용화,대한국민당,의원,의원,의원,member,8,13824,0.00067,4,1951-07-10,1953-12-26,0,0,1,1,2,0,1,3,4,0.072,0.217,0.289
제2대,신태영,미상/직책자,정부/기타 직책자,국방부장관,국무위원,learned,21,26129,0.00127,3,1952-04-03,1953-03-30,1,0,0,0,2,0,1,2,3,0.038,0.077,0.115
제2대,이동환,무소속,의원,의원,의원,member,12,11908,0.00058,4,1950-11-07,1952-04-17,2,1,0,0,0,0,3,0,3,0.252,0.0,0.252
제2대,곽태진,민주국민당,의원,의원,의원,member,14,8529,0.00041,4,1950-11-18,1952-01-21,0,0,0,3,0,0,0,3,3,0.0,0.352,0.352
제2대,류홍,대한독립촉성국민회,의원,위원,의원,member,3,5806,0.00028,1,1952-07-03,1952-07-04,0,0,0,2,0,1,0,3,3,0.0,0.517,0.517
제2대,신성모,미상/직책자,정부/기타 직책자,국방부장관,국무위원,learned,3,9911,0.00048,1,1951-01-26,1951-01-26,0,0,0,1,2,0,0,3,3,0.0,0.303,0.303
제2대,김형덕,무소속,의원,의원,위원장; 의원,member,13,14686,0.00071,6,1950-11-01,1953-10-12,3,0,0,0,0,0,3,0,3,0.204,0.0,0.204
제2대,장석윤,미상/직책자,정부/기타 직책자,내무부장관,국무위원,member,10,17413,0.00084,1,1952-01-22,1952-04-17,0,0,0,1,1,1,0,3,3,0.0,0.172,0.172
제2대,윤영선,민주국민당,의원,의원,국무위원; 의원,member,11,11593,0.00056,5,1950-11-18,1952-08-28,0,1,1,1,0,0,2,1,3,0.173,0.086,0.259
제2대,박팔봉,무소속,의원,의원,의원,member,1,2155,0.0001,1,1951-07-14,1951-07-14,0,0,0,0,2,1,0,3,3,0.0,1.392,1.392
제2대,강직순,미상/직책자,정부/기타 직책자,체신부차관,국무위원,learned,8,9501,0.00046,2,1951-03-31,1951-11-02,2,0,0,0,1,0,2,1,3,0.211,0.105,0.316
제2대,김정기,무소속,의원,의원,의원,member,8,5848,0.00028,3,1950-11-01,1954-03-30,0,0,0,3,0,0,0,3,3,0.0,0.513,0.513
제2대,이도영,무소속,의원,의원,의원,member,9,10099,0.00049,5,1951-09-04,1954-02-25,2,0,1,0,0,0,3,0,3,0.297,0.0,0.297
제2대,김법린,미상/직책자,정부/기타 직책자,문교부장관,국무위원,member,16,27147,0.00132,4,1952-11-04,1953-12-26,2,0,0,1,0,0,2,1,3,0.074,0.037,0.111
제2대,배은희,대한국민당,의원,의원,위원장; 의원,member,24,22500,0.00109,7,1951-04-29,1954-03-31,0,0,0,1,2,0,0,3,3,0.0,0.133,0.133
제2대,이갑성,무소속,의원,의원,의원,member,15,6802,0.00033,7,1950-12-16,1954-03-31,2,0,0,0,1,0,2,1,3,0.294,0.147,0.441
제2대,김판석,대한청년단,의원,의원,의원,member,13,9297,0.00045,4,1950-11-07,1953-02-19,0,0,0,0,0,3,0,3,3,0.0,0.323,0.323
제2대,강인택,미상/직책자,정부/기타 직책자,체신부장관,국무위원,fallback,2,3572,0.00017,2,1952-10-16,1953-09-29,0,0,0,1,1,0,0,2,2,0.0,0.56,0.56
제2대,서상덕,대한청년단,의원,의원,위원장; 의원,member,31,38919,0.00189,9,1950-11-22,1954-03-31,0,0,2,0,0,0,2,0,2,0.051,0.0,0.051
제2대,백한성,미상/직책자,정부/기타 직책자,내무부장관,국무위원,learned,29,35634,0.00173,3,1953-09-26,1954-03-31,0,1,0,1,0,0,1,1,2,0.028,0.028,0.056
제2대,윤담,대한독립촉성국민회,의원,의원,의원,member,6,4746,0.00023,5,1950-11-20,1953-04-28,0,0,0,0,2,0,0,2,2,0.0,0.421,0.421
제2대,구을회,무소속,의원,의원,의원,member,19,12009,0.00058,6,1950-06-20,1953-10-12,0,0,0,2,0,0,0,2,2,0.0,0.167,0.167
제2대,김명수,민주국민당,의원,의원,의원,member,4,9144,0.00044,3,1950-11-25,1952-11-27,0,0,0,0,2,0,0,2,2,0.0,0.219,0.219
제2대,정남상,미상/직책자,정부/기타 직책자,의원,의원,fallback,1,1960,0.0001,1,1953-07-13,1953-07-13,2,0,0,0,0,0,2,0,2,1.02,0.0,1.02
제2대,이선교,미상/직책자,정부/기타 직책자,전문위원,의원,fallback,1,9360,0.00045,1,1950-11-04,1950-11-04,1,0,1,0,0,0,2,0,2,0.214,0.0,0.214
제2대,정준모,미상/직책자,정부/기타 직책자,보건부차관,국무위원,member,7,15601,0.00076,3,1952-11-15,1954-01-08,2,0,0,0,0,0,2,0,2,0.128,0.0,0.128
제2대,주석균,미상/직책자,정부/기타 직책자,농림부차관,국무위원,learned,6,9522,0.00046,1,1950-11-10,1950-11-25,1,0,1,0,0,0,2,0,2,0.21,0.0,0.21
제2대,민영복,무소속,의원,의원,의원,member,23,16166,0.00078,5,1950-11-18,1952-02-29,1,0,0,0,1,0,1,1,2,0.062,0.062,0.124
제2대,김익로,미상/직책자,정부/기타 직책자,의원,위원장; 의원,learned,56,29108,0.00141,9,1950-11-11,1953-12-01,0,0,0,1,1,0,0,2,2,0.0,0.069,0.069
제2대,이기붕,미상/직책자,정부/기타 직책자,국방부장관,국무위원,member,7,8617,0.00042,3,1951-05-17,1952-01-23,0,0,0,1,1,0,0,2,2,0.0,0.232,0.232
제2대,최헌길,대한국민당,의원,의원,의원,member,53,42929,0.00208,9,1950-10-31,1954-01-06,2,0,0,0,0,0,2,0,2,0.047,0.0,0.047
제2대,이시목,무소속,의원,의원,의원,member,7,13723,0.00067,4,1951-09-03,1953-12-29,0,0,1,0,1,0,1,1,2,0.073,0.073,0.146
제2대,이범승,무소속,의원,의원,의원,member,22,21820,0.00106,4,1952-02-14,1953-10-19,0,0,2,0,0,0,2,0,2,0.092,0.0,0.092
제2대,조정훈,무소속,의원,의원,의원,member,4,14254,0.00069,4,1950-12-15,1952-05-14,1,0,0,0,1,0,1,1,2,0.07,0.07,0.14
제2대,업상섭,미상/직책자,정부/기타 직책자,법제사법위원장대리,위원장; 의원,learned,6,3389,0.00016,3,1951-05-15,1953-07-03,0,0,0,2,0,0,0,2,2,0.0,0.59,0.59
제2대,함덕용,미상/직책자,정부/기타 직책자,상공부차관,국무위원,fallback,1,3485,0.00017,1,1952-11-07,1952-11-07,1,1,0,0,0,0,2,0,2,0.574,0.0,0.574
제2대,이병호,미상/직책자,정부/기타 직책자,상공부차관,국무위원,learned,18,18410,0.00089,2,1951-10-05,1952-05-23,1,0,0,0,0,0,1,0,1,0.054,0.0,0.054
제2대,김석명,미상/직책자,정부/기타 직책자,교통부차관,국무위원,learned,14,8376,0.00041,3,1951-08-04,1952-07-16,0,0,0,1,0,0,0,1,1,0.0,0.119,0.119
제2대,진헌식,미상/직책자,정부/기타 직책자,내무부장관,국무위원,member,6,9176,0.00045,3,1952-09-03,1953-04-24,0,0,1,0,0,0,1,0,1,0.109,0.0,0.109
제2대,김인선,애국단체연합회,의원,의원,의원,member,17,16160,0.00078,4,1951-02-14,1953-07-13,1,0,0,0,0,0,1,0,1,0.062,0.0,0.062
제2대,이순용,미상/직책자,정부/기타 직책자,내무부장관,국무위원,learned,14,14420,0.0007,2,1951-05-19,1951-10-15,1,0,0,0,0,0,1,0,1,0.069,0.0,0.069
제2대,서장주,무소속,의원,의원,의원,member,2,3506,0.00017,1,1951-03-28,1951-03-28,0,0,0,1,0,0,0,1,1,0.0,0.285,0.285
제2대,이종영,대한독립촉성국민회,의원,의원,의원,member,21,16483,0.0008,5,1950-06-20,1952-07-04,0,0,0,1,0,0,0,1,1,0.0,0.061,0.061
제2대,강창용,무소속,의원,의원,의원,member,16,16085,0.00078,7,1950-11-04,1953-07-23,1,0,0,0,0,0,1,0,1,0.062,0.0,0.062
제2대,조대연,무소속,의원,의원,의원,member,6,13858,0.00067,4,1950-10-31,1953-05-25,0,0,1,0,0,0,1,0,1,0.072,0.0,0.072
제2대,여영복,무소속,의원,의원,의원,member,8,3219,0.00016,4,1950-11-24,1953-04-10,0,0,0,0,1,0,0,1,1,0.0,0.311,0.311
제2대,이종순,무소속,의원,의원,의원,member,11,8028,0.00039,6,1950-11-25,1953-10-20,0,0,1,0,0,0,1,0,1,0.125,0.0,0.125
제2대,최원수,무소속,의원,의원,의원,member,8,7784,0.00038,4,1953-04-10,1954-03-26,1,0,0,0,0,0,1,0,1,0.128,0.0,0.128
제2대,성득환,민주국민당,의원,의원,의원,member,8,2629,0.00013,2,1950-11-03,1951-03-19,0,1,0,0,0,0,1,0,1,0.38,0.0,0.38
제2대,갈홍기,미상/직책자,정부/기타 직책자,외무부차관,국무위원; 기타,learned,3,3094,0.00015,2,1952-08-29,1953-03-30,0,0,0,1,0,0,0,1,1,0.0,0.323,0.323
제2대,미국상원,미상/직책자,정부/기타 직책자,의원,의원,fallback,2,3883,0.00019,2,1951-12-06,1952-11-24,0,1,0,0,0,0,1,0,1,0.258,0.0,0.258
제2대,이수선,미상/직책자,정부/기타 직책자,사무총장,사무처,learned,6,2685,0.00013,1,1950-06-19,1950-06-19,0,0,0,1,0,0,0,1,1,0.0,0.372,0.372
제2대,한필수,무소속,의원,의원,위원장; 의원,member,8,8632,0.00042,5,1951-03-23,1952-10-27,0,0,1,0,0,0,1,0,1,0.116,0.0,0.116
제2대,안동혁,미상/직책자,정부/기타 직책자,상공부장관,국무위원,learned,12,26720,0.0013,3,1953-10-14,1954-02-23,1,0,0,0,0,0,1,0,1,0.037,0.0,0.037
제2대,이판열,민주국민당,의원,의원,의원,member,4,6016,0.00029,1,1950-11-08,1950-11-23,0,1,0,0,0,0,1,0,1,0.166,0.0,0.166
제2대,정재환,미상/직책자,정부/기타 직책자,법무부차관,국무위원,learned,7,6780,0.00033,4,1952-06-21,1953-07-25,0,0,0,1,0,0,0,1,1,0.0,0.147,0.147
제2대,김우평,미상/직책자,정부/기타 직책자,외자구매처장,기타,fallback,2,5872,0.00028,1,1951-01-29,1951-01-29,0,0,0,0,0,0,0,0,0,0.0,0.0,0.0
제2대,김상현,무소속,의원,의원,의원,member,2,4823,0.00023,1,1951-07-10,1951-07-10,0,0,0,0,0,0,0,0,0,0.0,0.0,0.0
제2대,서상호,무소속,의원,의원,의원,member,1,2064,0.0001,1,1952-11-27,1952-11-27,0,0,0,0,0,0,0,0,0,0.0,0.0,0.0
제2대,변태영,미상/직책자,정부/기타 직책자,외무부장관,국무위원,fallback,1,1860,0.00009,1,1951-07-05,1951-07-05,0,0,0,0,0,0,0,0,0,0.0,0.0,0.0
제2대,이한창,자유당,의원,의원,의원,member,6,14286,0.00069,5,1952-02-27,1953-07-23,0,0,0,0,0,0,0,0,0,0.0,0.0,0.0
제2대,유홍,미상/직책자,정부/기타 직책자,의원,의원,fallback,1,6,0.0,1,1950-06-19,1950-06-19,0,0,0,0,0,0,0,0,0,0.0,0.0,0.0
제2대,김상덕,미상/직책자,정부/기타 직책자,의원,의원,member,1,6,0.0,1,1950-11-22,1950-11-22,0,0,0,0,0,0,0,0,0,0.0,0.0,0.0
제2대,전규홍,미상/직책자,정부/기타 직책자,총무처장,기타,learned,1,882,0.00004,1,1951-04-28,1951-04-28,0,0,0,0,0,0,0,0,0,0.0,0.0,0.0
제2대,김택천,무소속,의원,의원,의원,member,1,6,0.0,1,1950-11-25,1950-11-25,0,0,0,0,0,0,0,0,0,0.0,0.0,0.0
제2대,고병간,미상/직책자,정부/기타 직책자,문교부차관,국무위원,fallback,2,4204,0.0002,1,1952-04-17,1952-04-17,0,0,0,0,0,0,0,0,0,0.0,0.0,0.0
제2대,노진설,미상/직책자,정부/기타 직책자,감찰위원장,위원장,learned,5,10839,0.00053,3,1951-04-28,1952-05-23,0,0,0,0,0,0,0,0,0,0.0,0.0,0.0
제2대,오하영,무소속,의원,임시의장,의장단,member,22,4359,0.00021,1,1950-06-19,1950-06-19,0,0,0,0,0,0,0,0,0,0.0,0.0,0.0
제2대,노용호,미상/직책자,정부/기타 직책자,법원행정처장,기타,learned,1,3174,0.00015,1,1950-11-25,1950-11-25,0,0,0,0,0,0,0,0,0,0.0,0.0,0.0
제2대,김용무,민주국민당,의원,의원,의원,member,2,1788,0.00009,1,1950-06-20,1950-06-20,0,0,0,0,0,0,0,0,0,0.0,0.0,0.0
제2대,조봉안,미상/직책자,정부/기타 직책자,부의장,의장단,fallback,3,56,0.0,3,1952-07-18,1953-04-14,0,0,0,0,0,0,0,0,0,0.0,0.0,0.0
제2대,홍익표,무소속,의원,운영위원장,미상; 위원장,member,11,3992,0.00019,2,1953-07-25,1954-05-01,0,0,0,0,0,0,0,0,0,0.0,0.0,0.0
제2대,최재우,미상/직책자,정부/기타 직책자,보건부장관,국무위원,fallback,1,940,0.00005,1,1953-10-08,1953-10-08,0,0,0,0,0,0,0,0,0,0.0,0.0,0.0
제2대,이호진,미상/직책자,정부/기타 직책자,의사국장대리,정부위원,learned,2,1988,0.0001,2,1953-04-20,1954-01-23,0,0,0,0,0,0,0,0,0,0.0,0.0,0.0
제2대,조봉임,미상/직책자,정부/기타 직책자,부의장,의장단,fallback,1,299,0.00001,1,1952-10-30,1952-10-30,0,0,0,0,0,0,0,0,0,0.0,0.0,0.0
제2대,노랜드,미상/직책자,정부/기타 직책자,의원,의원,fallback,1,2073,0.0001,1,1953-08-29,1953-08-29,0,0,0,0,0,0,0,0,0,0.0,0.0,0.0
제2대,연병호,대한국민당,의원,의원,의원,member,1,6,0.0,1,1951-01-31,1951-01-31,0,0,0,0,0,0,0,0,0,0.0,0.0,0.0
제2대,김종희,미상/직책자,정부/기타 직책자,의원,의원,fallback,1,732,0.00004,1,1951-05-08,1951-05-08,0,0,0,0,0,0,0,0,0,0.0,0.0,0.0
제2대,이종수,무소속,의원,의원,의원,member,2,37,0.0,1,1950-12-11,1950-12-11,0,0,0,0,0,0,0,0,0,0.0,0.0,0.0
제2대,공진항,미상/직책자,정부/기타 직책자,농림부장관,국무위원,learned,9,9814,0.00048,2,1950-12-13,1951-03-31,0,0,0,0,0,0,0,0,0,0.0,0.0,0.0
제2대,심익희,미상/직책자,정부/기타 직책자,의장,의장단,learned,1,13,0.0,1,1952-07-28,1952-07-28,0,0,0,0,0,0,0,0,0,0.0,0.0,0.0
제2대,도마스,미상/직책자,정부/기타 직책자,미국뉴욕주지사,기타,fallback,1,1667,0.00008,1,1951-07-08,1951-07-08,0,0,0,0,0,0,0,0,0,0.0,0.0,0.0
제2대,김윤근,미상/직책자,정부/기타 직책자,법무부차관,국무위원,learned,13,11854,0.00058,3,1950-11-25,1951-09-26,0,0,0,0,0,0,0,0,0,0.0,0.0,0.0
제2대,이호근,대한청년단,의원,의원,의원,member,1,299,0.00001,1,1953-07-01,1953-07-01,0,0,0,0,0,0,0,0,0,0.0,0.0,0.0
제2대,최석주,미상/직책자,정부/기타 직책자,공보처차장,기타,fallback,1,392,0.00002,1,1953-04-29,1953-04-29,0,0,0,0,0,0,0,0,0,0.0,0.0,0.0
제2대,민복기,미상/직책자,정부/기타 직책자,법무부차관,국무위원,learned,5,11181,0.00054,1,1952-03-08,1952-05-23,0,0,0,0,0,0,0,0,0,0.0,0.0,0.0
제2대,김명동,대한국민당,의원,의원,의원,member,8,2292,0.00011,3,1950-11-02,1950-12-22,0,0,0,0,0,0,0,0,0,0.0,0.0,0.0
제2대,변집갑,미상/직책자,정부/기타 직책자,의원,의원,fallback,1,854,0.00004,1,1951-12-07,1951-12-07,0,0,0,0,0,0,0,0,0,0.0,0.0,0.0
제2대,박충식,무소속,의원,의원,의원,member,1,6,0.0,1,1950-11-18,1950-11-18,0,0,0,0,0,0,0,0,0,0.0,0.0,0.0
제2대,신각휴,민주국민당,의원,의원,의원,member,2,15647,0.00076,2,1950-11-24,1951-10-22,0,0,0,0,0,0,0,0,0,0.0,0.0,0.0
제2대,고영완,민주국민당,의원,의원,의원,member,17,16378,0.00079,8,1950-06-20,1954-01-23,0,0,0,0,0,0,0,0,0,0.0,0.0,0.0
제2대,남봉순,미상/직책자,정부/기타 직책자,농림부차관,국무위원,fallback,1,171,0.00001,1,1954-02-25,1954-02-25,0,0,0,0,0,0,0,0,0,0.0,0.0,0.0
제2대,서상국,민주국민당,의원,의원,의원,member,2,12,0.0,2,1950-11-25,1950-12-21,0,0,0,0,0,0,0,0,0,0.0,0.0,0.0
제2대,장기영,미상/직책자,정부/기타 직책자,체신부장관,국무위원,member,5,2361,0.00011,1,1951-04-17,1951-05-03,0,0,0,0,0,0,0,0,0,0.0,0.0,0.0
제2대,류테리오,미상/직책자,정부/기타 직책자,의장,의장단,fallback,1,4271,0.00021,1,1952-01-18,1952-01-18,0,0,0,0,0,0,0,0,0,0.0,0.0,0.0
제2대,코디어,미상/직책자,정부/기타 직책자,유엔사무차장,기타,fallback,1,4178,0.0002,1,1952-03-25,1952-03-25,0,0,0,0,0,0,0,0,0,0.0,0.0,0.0
제2대,홍진기,미상/직책자,정부/기타 직책자,법무부차관,국무위원,learned,3,627,0.00003,1,1954-03-03,1954-03-30,0,0,0,0,0,0,0,0,0,0.0,0.0,0.0
제2대,김준희,대한독립촉성국민회,의원,의원,의원,member,9,6050,0.00029,4,1951-07-06,1953-11-30,0,0,0,0,0,0,0,0,0,0.0,0.0,0.0
제2대,서상권,미상/직책자,정부/기타 직책자,법무부장관,국무위원,fallback,3,1563,0.00008,2,1952-06-21,1953-11-19,0,0,0,0,0,0,0,0,0,0.0,0.0,0.0
제2대,강성태,미상/직책자,정부/기타 직책자,재무부차관,국무위원,member,14,19685,0.00095,2,1953-09-23,1954-03-27,0,0,0,0,0,0,0,0,0,0.0,0.0,0.0
제2대,조헌영,무소속,의원,의원,의원,member,2,1129,0.00005,1,1950-06-20,1950-06-20,0,0,0,0,0,0,0,0,0,0.0,0.0,0.0
제2대,싱익희,미상/직책자,정부/기타 직책자,의장,의장단,fallback,1,30,0.0,1,1952-03-10,1952-03-10,0,0,0,0,0,0,0,0,0,0.0,0.0,0.0
제2대,류덕천,미상/직책자,정부/기타 직책자,의원,위원장; 의원,fallback,2,6260,0.0003,1,1954-03-02,1954-03-02,0,0,0,0,0,0,0,0,0,0.0,0.0,0.0
제2대,박정규,대한독립촉성국민회,의원,의원,의원,member,2,2632,0.00013,2,1950-12-16,1953-04-06,0,0,0,0,0,0,0,0,0,0.0,0.0,0.0
제2대,윤인상,미상/직책자,정부/기타 직책자,상공부차관,국무위원,learned,2,3553,0.00017,1,1953-11-17,1953-11-26,0,0,0,0,0,0,0,0,0,0.0,0.0,0.0
제2대,양성봉,미상/직책자,정부/기타 직책자,농림부장관,국무위원,learned,3,2404,0.00012,2,1953-10-20,1954-03-30,0,0,0,0,0,0,0,0,0,0.0,0.0,0.0
제2대,서상환,미상/직책자,정부/기타 직책자,법무부장관,국무위원,learned,24,42081,0.00204,5,1952-03-24,1953-09-28,0,0,0,0,0,0,0,0,0,0.0,0.0,0.0
제2대,유완창,미상/직책자,정부/기타 직책자,관재청장,정부위원,learned,2,3253,0.00016,2,1950-11-18,1951-10-20,0,0,0,0,0,0,0,0,0,0.0,0.0,0.0
제2대,한홍,미상/직책자,정부/기타 직책자,외자관리청차장,기타,fallback,1,1322,0.00006,1,1952-04-17,1952-04-17,0,0,0,0,0,0,0,0,0,0.0,0.0,0.0
제2대,정운갑,미상/직책자,정부/기타 직책자,총무처장,기타,member,1,168,0.00001,1,1953-11-24,1953-11-24,0,0,0,0,0,0,0,0,0,0.0,0.0,0.0
제2대,신흥균,미상/직책자,정부/기타 직책자,의원,의원,fallback,1,315,0.00002,1,1953-08-28,1953-08-28,0,0,0,0,0,0,0,0,0,0.0,0.0,0.0
제2대,김익노,무소속,의원,의원,의원,member,2,905,0.00004,2,1951-12-07,1952-09-09,0,0,0,0,0,0,0,0,0,0.0,0.0,0.0
제2대,김웅진,대한국민당,의원,의원,의원,member,1,1110,0.00005,1,1950-06-20,1950-06-20,0,0,0,0,0,0,0,0,0,0.0,0.0,0.0
제2대,관상훈,미상/직책자,정부/기타 직책자,의원,의원,fallback,1,31,0.0,1,1952-09-10,1952-09-10,0,0,0,0,0,0,0,0,0,0.0,0.0,0.0
제2대,민의원,미상/직책자,정부/기타 직책자,의장,의장단,fallback,2,1941,0.00009,2,1952-12-19,1953-12-19,0,0,0,0,0,0,0,0,0,0.0,0.0,0.0
제2대,김형근,미상/직책자,정부/기타 직책자,내무부차관,국무위원,learned,2,2216,0.00011,1,1954-02-24,1954-03-26,0,0,0,0,0,0,0,0,0,0.0,0.0,0.0
제2대,조정환,미상/직책자,정부/기타 직책자,외무부차관,국무위원,learned,14,12806,0.00062,3,1951-02-03,1953-10-05,0,0,0,0,0,0,0,0,0,0.0,0.0,0.0
제2대,신익히,미상/직책자,정부/기타 직책자,의장,의장단,fallback,1,68,0.0,1,1952-08-29,1952-08-29,0,0,0,0,0,0,0,0,0,0.0,0.0,0.0
제2대,정운근,미상/직책자,정부/기타 직책자,사무차장,기타,fallback,2,987,0.00005,1,1951-07-02,1951-07-11,0,0,0,0,0,0,0,0,0,0.0,0.0,0.0
제2대,정준용,미상/직책자,정부/기타 직책자,보건부차관,국무위원,fallback,2,2052,0.0001,1,1953-11-12,1953-11-12,0,0,0,0,0,0,0,0,0,0.0,0.0,0.0
제2대,김태선,미상/직책자,정부/기타 직책자,내무부장관,국무위원,learned,13,7647,0.00037,1,1952-08-20,1952-08-28,0,0,0,0,0,0,0,0,0,0.0,0.0,0.0
제2대,김종렬,미상/직책자,정부/기타 직책자,의원,의원,fallback,1,644,0.00003,1,1950-11-15,1950-11-15,0,0,0,0,0,0,0,0,0,0.0,0.0,0.0
제2대,운치영,미상/직책자,정부/기타 직책자,부의장,의장단,fallback,1,29,0.0,1,1953-05-04,1953-05-04,0,0,0,0,0,0,0,0,0,0.0,0.0,0.0
제2대,박양재,무소속,의원,의원,의원,member,1,3890,0.00019,1,1951-12-24,1951-12-24,0,0,0,0,0,0,0,0,0,0.0,0.0,0.0
제2대,김의창,미상/직책자,정부/기타 직책자,체신부차관,국무위원,learned,1,1142,0.00006,1,1952-11-26,1952-11-26,0,0,0,0,0,0,0,0,0,0.0,0.0,0.0
제2대,이호,미상/직책자,정부/기타 직책자,국방부차관,국무위원,learned,3,703,0.00003,1,1954-03-31,1954-03-31,0,0,0,0,0,0,0,0,0,0.0,0.0,0.0
제2대,박현숙,미상/직책자,정부/기타 직책자,무임소장관,국무위원,member,1,269,0.00001,1,1952-10-17,1952-10-17,0,0,0,0,0,0,0,0,0,0.0,0.0,0.0
제2대,최주일,대한청년단,의원,의원,의원,member,10,5721,0.00028,5,1952-02-14,1953-07-21,0,0,0,0,0,0,0,0,0,0.0,0.0,0.0
제2대,김경배,대한국민당,의원,의원,의원,member,2,165,0.00001,1,1950-06-20,1950-06-20,0,0,0,0,0,0,0,0,0,0.0,0.0,0.0
제2대,구영숙,미상/직책자,정부/기타 직책자,보건부장관,국무위원; 기타,fallback,3,8244,0.0004,2,1950-11-18,1952-11-14,0,0,0,0,0,0,0,0,0,0.0,0.0,0.0
제2대,한희석,미상/직책자,정부/기타 직책자,내무부차관,국무위원,member,2,2804,0.00014,2,1953-10-19,1953-11-30,0,0,0,0,0,0,0,0,0,0.0,0.0,0.0
제2대,황호연,미상/직책자,정부/기타 직책자,내무부차관,국무위원,fallback,1,8258,0.0004,1,1953-04-04,1953-04-04,0,0,0,0,0,0,0,0,0,0.0,0.0,0.0
제2대,김문용,자유당,의원,의원,의원,member,4,5299,0.00026,2,1952-02-21,1953-05-06,0,0,0,0,0,0,0,0,0,0.0,0.0,0.0
제2대,최원봉,무소속,의원,의원,의원,member,2,3884,0.00019,2,1950-06-20,1950-11-07,0,0,0,0,0,0,0,0,0,0.0,0.0,0.0
제2대,오한영,미상/직책자,정부/기타 직책자,보건부장관,국무위원,fallback,1,1372,0.00007,1,1951-07-14,1951-07-14,0,0,0,0,0,0,0,0,0,0.0,0.0,0.0
제2대,허남수,미상/직책자,정부/기타 직책자,의사국장,정부위원,learned,22,1676,0.00008,1,1950-06-19,1950-06-20,0,0,0,0,0,0,0,0,0,0.0,0.0,0.0
제2대,변광호,민주국민당,의원,의원,의원,member,15,30076,0.00146,8,1950-11-01,1954-03-31,0,0,0,0,0,0,0,0,0,0.0,0.0,0.0
제2대,대리,미상/직책자,정부/기타 직책자,법제사법위원장,위원장,fallback,3,2807,0.00014,2,1950-11-23,1951-03-31,0,0,0,0,0,0,0,0,0,0.0,0.0,0.0
제2대,김준연,미상/직책자,정부/기타 직책자,법무부장관,국무위원,member,2,3962,0.00019,1,1950-12-25,1950-12-25,0,0,0,0,0,0,0,0,0,0.0,0.0,0.0
제2대,김병로,미상/직책자,정부/기타 직책자,대법원장,기타,learned,10,29170,0.00142,5,1951-05-21,1954-02-15,0,0,0,0,0,0,0,0,0,0.0,0.0,0.0
제2대,한동석,미상/직책자,정부/기타 직책자,총무처장,기타,member,1,425,0.00002,1,1951-11-15,1951-11-15,0,0,0,0,0,0,0,0,0,0.0,0.0,0.0
제2대,최병주,무소속,의원,의원,의원,member,2,1909,0.00009,1,1950-06-20,1950-06-20,0,0,0,0,0,0,0,0,0,0.0,0.0,0.0
제2대,백락준,미상/직책자,정부/기타 직책자,문교부장관,국무위원,fallback,2,3227,0.00016,1,1951-12-07,1951-12-07,0,0,0,0,0,0,0,0,0,0.0,0.0,0.0
제2대,장흥,미상/직책자,정부/기타 직책자,병무국장,정부위원,fallback,1,1231,0.00006,1,1953-09-28,1953-09-28,0,0,0,0,0,0,0,0,0,0.0,0.0,0.0
제2대,조병옥,미상/직책자,정부/기타 직책자,내무부장관,국무위원,member,2,5460,0.00026,2,1950-12-16,1951-01-16,0,0,0,0,0,0,0,0,0,0.0,0.0,0.0
제2대,김택술,대한노동총연맹,의원,의원,의원,member,1,1337,0.00006,1,1951-07-28,1951-07-28,0,0,0,0,0,0,0,0,0,0.0,0.0,0.0
제2대,최순주,미상/직책자,정부/기타 직책자,재무부장관,국무위원,member,9,18601,0.0009,2,1950-11-06,1951-03-03,0,0,0,0,0,0,0,0,0,0.0,0.0,0.0
제2대,조희현,미상/직책자,정부/기타 직책자,재무부차관,국무위원,fallback,1,1728,0.00008,1,1952-04-17,1952-04-17,0,0,0,0,0,0,0,0,0,0.0,0.0,0.0
제2대,권병로,미상/직책자,정부/기타 직책자,의원,의원,fallback,1,1464,0.00007,1,1951-10-15,1951-10-15,0,0,0,0,0,0,0,0,0,0.0,0.0,0.0
제2대,이규갑,대한국민당,의원,의원,위원장; 의원,member,35,10446,0.00051,5,1951-01-20,1953-07-22,0,0,0,0,0,0,0,0,0,0.0,0.0,0.0
제2대,정문흠,무소속,의원,의원,미상; 의원,member,14,5401,0.00026,7,1951-02-27,1954-05-01,0,0,0,0,0,0,0,0,0,0.0,0.0,0.0
제2대,이종림,미상/직책자,정부/기타 직책자,교통부장관,국무위원,learned,1,570,0.00003,1,1954-02-17,1954-02-17,0,0,0,0,0,0,0,0,0,0.0,0.0,0.0
제2대,정진욱,미상/직책자,정부/기타 직책자,보건부차관,국무위원,learned,1,195,0.00001,1,1954-03-31,1954-03-31,0,0,0,0,0,0,0,0,0,0.0,0.0,0.0
제2대,이학림,무소속,의원,의원,의원,member,2,3700,0.00018,2,1951-02-02,1951-08-03,0,0,0,0,0,0,0,0,0,0.0,0.0,0.0
제2대,허증수,미상/직책자,정부/기타 직책자,문교부차관,국무위원,learned,3,703,0.00003,2,1952-12-05,1954-03-30,0,0,0,0,0,0,0,0,0,0.0,0.0,0.0
제2대,유덕천,무소속,의원,의원,의원,member,1,6796,0.00033,1,1951-04-26,1951-04-26,0,0,0,0,0,0,0,0,0,0.0,0.0,0.0
제2대,인태식,미상/직책자,정부/기타 직책자,관재청장,정부위원,member,2,773,0.00004,1,1953-09-30,1953-10-01,0,0,0,0,0,0,0,0,0,0.0,0.0,0.0
제3대,박영종,자유당,의원,의원,위원장; 의원,member,1642,2498518,0.07196,8,1954-06-10,1958-03-24,369,50,56,128,75,20,475,223,698,0.19,0.089,0.279
제3대,박만원,자유당,의원,재정경제위원장,미상; 위원장; 의원,member,568,378686,0.01091,8,1954-06-10,1957-12-31,19,381,1,6,38,8,401,52,453,1.059,0.137,1.196
제3대,이철승,무소속,의원,위원,위원장; 의원,member,680,789421,0.02274,10,1954-06-22,1958-03-24,50,148,22,41,25,0,220,66,286,0.279,0.084,0.362
제3대,이재학,자유당,의원,부의장,의원; 의장단,member,1741,327800,0.00944,9,1954-06-18,1958-03-24,17,250,3,9,2,3,270,14,284,0.824,0.043,0.866
제3대,김영선,자유당,의원,위원,의원,member,196,364304,0.01049,8,1955-03-31,1958-02-22,35,128,76,6,10,0,239,16,255,0.656,0.044,0.7
제3대,조경규,자유당,의원,부의장,위원장; 의원; 의장단; 정부위원,member,6897,1634099,0.04707,8,1954-07-08,1958-02-22,94,15,31,13,62,9,140,84,224,0.086,0.051,0.137
제3대,이충환,자유당,의원,위원장,위원장; 의원,member,2748,1230770,0.03545,9,1954-06-10,1958-02-21,68,39,7,40,37,7,114,84,198,0.093,0.068,0.161
제3대,서상준,미상/직책자,정부/기타 직책자,의사국장,정부위원,learned,504,883798,0.02546,10,1954-06-11,1958-05-29,65,18,64,14,13,10,147,37,184,0.166,0.042,0.208
제3대,정준,자유당,의원,의원,의원,member,248,373720,0.01076,9,1954-06-09,1958-02-20,15,11,108,35,14,0,134,49,183,0.359,0.131,0.49
제3대,김영찬,미상/직책자,정부/기타 직책자,재무부차관,국무위원; 기타,learned,148,231442,0.00667,4,1954-07-16,1957-12-24,8,115,2,2,8,12,125,22,147,0.54,0.095,0.635
제3대,인태식,자유당,의원,재무부장관,국무위원; 위원장; 의원,member,295,285312,0.00822,8,1954-09-06,1957-11-01,7,115,3,6,5,1,125,12,137,0.438,0.042,0.48
제3대,김현철,미상/직책자,정부/기타 직책자,재무부장관,국무위원,learned,331,418124,0.01204,6,1955-05-27,1957-12-31,37,73,2,9,15,0,112,24,136,0.268,0.057,0.325
제3대,조영규,민주국민당,의원,의원,위원장; 의원; 의장단,member,650,637914,0.01837,9,1954-06-10,1958-02-08,28,22,11,36,23,9,61,68,129,0.096,0.107,0.202
제3대,장경근,자유당,의원,법제사법위원장대리,국무위원; 위원장; 의원,member,451,554547,0.01597,8,1954-06-22,1957-12-17,38,1,12,46,28,3,51,77,128,0.092,0.139,0.231
제3대,최순주,자유당,의원,부의장,의원; 의장단,member,810,161252,0.00464,3,1954-06-09,1955-12-19,5,109,0,5,3,1,114,9,123,0.707,0.056,0.763
제3대,현석호,자유당,의원,위원,위원장; 의원,member,210,354038,0.0102,9,1954-09-28,1958-03-24,9,1,2,71,20,8,12,99,111,0.034,0.28,0.314
제3대,소선규,민주국민당,의원,의원,위원장; 의원,member,365,445427,0.01283,9,1954-06-10,1958-02-22,11,51,2,21,22,1,64,44,108,0.144,0.099,0.242
제3대,정준모,자유당,의원,보건사회부장관,국무위원; 위원장; 의원,member,57,132349,0.00381,6,1954-06-24,1957-10-21,34,5,52,2,10,0,91,12,103,0.688,0.091,0.778
제3대,정일형,무소속,의원,의원,위원장; 의원,member,75,157359,0.00453,9,1954-06-10,1958-02-22,28,1,8,51,6,1,37,58,95,0.235,0.369,0.604
제3대,송인상,미상/직책자,정부/기타 직책자,부흥부장관,국무위원; 기타,learned,50,90340,0.0026,4,1955-01-20,1957-12-31,52,30,7,1,1,0,89,2,91,0.985,0.022,1.007
제3대,김판술,민주국민당,의원,위원,의원,member,112,166208,0.00479,8,1954-07-14,1957-12-29,31,35,16,4,2,0,82,6,88,0.493,0.036,0.529
제3대,윤형남,무소속,의원,의원,의원,member,224,230468,0.00664,9,1954-06-10,1958-02-22,9,20,24,20,10,4,53,34,87,0.23,0.148,0.377
제3대,천병규,미상/직책자,정부/기타 직책자,재무부차관,국무위원,learned,231,171092,0.00493,5,1956-06-14,1958-02-22,11,59,1,2,13,0,71,15,86,0.415,0.088,0.503
제3대,변진갑,무소속,의원,의원,미상; 의원,member,259,454500,0.01309,9,1954-07-09,1958-02-18,45,1,5,12,21,0,51,33,84,0.112,0.073,0.185
제3대,정명섭,자유당,의원,위원장,미상; 위원장; 의원,member,150,165021,0.00475,9,1954-06-10,1958-02-20,41,0,14,17,9,0,55,26,81,0.333,0.158,0.491
제3대,조병옥,민주국민당,의원,의원,의원,member,183,363861,0.01048,8,1954-06-10,1958-01-01,9,16,14,26,15,0,39,41,80,0.107,0.113,0.22
제3대,김상돈,민주국민당,의원,의원,의원,member,338,488539,0.01407,9,1954-06-10,1958-02-17,6,4,19,28,18,1,29,47,76,0.059,0.096,0.156
제3대,송방용,무소속,의원,위원장대리,위원장; 의원,member,1648,462779,0.01333,7,1954-06-10,1957-12-29,9,32,4,6,15,7,45,28,73,0.097,0.061,0.158
제3대,민관식,무소속,의원,위원,의원,member,204,239266,0.00689,7,1954-09-20,1958-02-14,18,19,14,14,6,1,51,21,72,0.213,0.088,0.301
제3대,유봉순,무소속,의원,의원,위원장; 의원,member,140,261292,0.00753,9,1954-06-10,1958-03-24,15,17,2,19,17,1,34,37,71,0.13,0.142,0.272
제3대,정대천,자유당,의원,의원,의원,member,13,20227,0.00058,6,1954-12-18,1957-07-30,1,0,67,1,0,0,68,1,69,3.362,0.049,3.411
제3대,박정근,자유당,의원,위원,위원장; 의원,member,451,460499,0.01326,9,1954-11-09,1958-02-18,29,6,4,4,23,2,39,29,68,0.085,0.063,0.148
제3대,정중섭,민주국민당,의원,의원,의원,member,77,204887,0.0059,9,1954-07-12,1958-02-15,46,0,2,18,2,0,48,20,68,0.234,0.098,0.332
제3대,정운갑,미상/직책자,정부/기타 직책자,농림부장관,국무위원; 기타,member,135,221985,0.00639,7,1954-10-20,1957-06-05,52,1,5,2,4,1,58,7,65,0.261,0.032,0.293
제3대,박재홍,국민당,의원,의원,의원,member,127,225890,0.00651,8,1954-08-20,1958-02-21,21,6,24,12,2,0,51,14,65,0.226,0.062,0.288
제3대,조재천,민주국민당,의원,의원,의원,member,85,420971,0.01213,8,1954-07-08,1958-03-24,9,1,0,33,16,1,10,50,60,0.024,0.119,0.143
제3대,김원태,미상/직책자,정부/기타 직책자,농림부차관,국무위원,member,137,291977,0.00841,3,1954-09-28,1956-12-14,32,0,2,13,10,3,34,26,60,0.116,0.089,0.205
제3대,남송학,자유당,의원,의원,위원장; 의원,member,105,160555,0.00462,8,1954-06-10,1958-01-01,7,0,5,41,6,0,12,47,59,0.075,0.293,0.367
제3대,김일환,미상/직책자,정부/기타 직책자,상공부장관,국무위원,learned,89,112655,0.00324,5,1955-09-21,1957-12-31,53,0,1,1,3,0,54,4,58,0.479,0.036,0.515
제3대,윤성순,자유당,의원,위원장,위원장; 의원; 의장단,member,43,60121,0.00173,9,1954-09-22,1958-02-14,41,6,1,0,3,6,48,9,57,0.798,0.15,0.948
제3대,황남팔,자유당,의원,의원,위원장; 의원,member,163,355281,0.01023,8,1954-07-15,1957-12-30,7,6,4,20,11,6,17,37,54,0.048,0.104,0.152
제3대,김도연,민주국민당,의원,의원,위원장; 의원,member,105,203686,0.00587,9,1954-06-22,1958-02-22,5,21,8,10,9,0,34,19,53,0.167,0.093,0.26
제3대,유옥우,자유당,의원,위원,미상; 의원,member,454,337324,0.00972,10,1954-07-13,1958-02-15,8,13,4,14,11,0,25,25,50,0.074,0.074,0.148
제3대,류진산,미상/직책자,정부/기타 직책자,의원,위원장; 의원,learned,231,381850,0.011,9,1954-08-07,1958-02-07,9,1,0,26,11,2,10,39,49,0.026,0.102,0.128
제3대,박해정,무소속,의원,의원,의원,member,144,221710,0.00639,9,1954-06-16,1958-02-08,12,11,9,3,13,0,32,16,48,0.144,0.072,0.216
제3대,이선근,미상/직책자,정부/기타 직책자,문교부장관,국무위원,learned,48,196773,0.00567,3,1954-07-10,1956-02-16,27,0,0,12,6,2,27,20,47,0.137,0.102,0.239
제3대,최재유,미상/직책자,정부/기타 직책자,보건사회부장관,국무위원,learned,63,92731,0.00267,4,1955-03-08,1958-02-22,26,0,15,0,2,3,41,5,46,0.442,0.054,0.496
제3대,이중재,미상/직책자,정부/기타 직책자,재무부장관,국무위원,learned,150,152788,0.0044,2,1954-07-13,1955-06-30,12,24,2,3,3,1,38,7,45,0.249,0.046,0.295
제3대,김재곤,자유당,의원,의원,의원,member,26,67052,0.00193,8,1954-08-20,1958-02-21,34,0,1,8,1,1,35,10,45,0.522,0.149,0.671
제3대,이호,미상/직책자,정부/기타 직책자,법무부장관,국무위원,learned,172,205487,0.00592,8,1954-07-16,1957-12-30,8,0,0,13,23,0,8,36,44,0.039,0.175,0.214
제3대,김선태,무소속,의원,의원,의원,member,106,305166,0.00879,9,1954-07-15,1958-02-14,22,0,3,11,6,2,25,19,44,0.082,0.062,0.144
제3대,이기붕,자유당,의원,의장,의원; 의장단,member,2426,460107,0.01325,10,1954-06-09,1958-05-29,15,1,16,2,6,3,32,11,43,0.07,0.024,0.093
제3대,양영주,자유당,의원,위원,위원장; 의원,member,201,194839,0.00561,9,1954-06-24,1958-02-12,13,15,1,5,8,0,29,13,42,0.149,0.067,0.216
제3대,김상도,자유당,의원,의원,미상; 위원장; 의원,member,141,284488,0.00819,9,1954-06-16,1958-02-21,5,4,5,10,18,0,14,28,42,0.049,0.098,0.148
제3대,조정환,미상/직책자,정부/기타 직책자,외무부장관서리,국무위원,learned,105,88596,0.00255,6,1955-10-15,1957-12-31,21,0,0,12,2,7,21,21,42,0.237,0.237,0.474
제3대,임철호,미상/직책자,정부/기타 직책자,농림부장관,국무위원,member,105,130644,0.00376,1,1955-02-28,1955-07-22,35,1,2,1,2,1,38,4,42,0.291,0.031,0.321
제3대,김홍식,자유당,의원,의원,의원,member,54,253114,0.00729,7,1954-07-12,1958-01-01,9,15,1,7,8,1,25,16,41,0.099,0.063,0.162
제3대,양일동,무소속,의원,위원,미상; 위원장; 의원,member,476,269827,0.00777,9,1954-06-18,1958-02-22,2,18,4,5,9,2,24,16,40,0.089,0.059,0.148
제3대,문봉제,미상/직책자,정부/기타 직책자,교통부장관,국무위원; 정부위원,learned,107,118523,0.00341,6,1955-05-28,1958-02-20,31,2,0,0,3,3,33,6,39,0.278,0.051,0.329
제3대,조병문,자유당,의원,농림위원장,미상; 위원장; 의원,member,251,209578,0.00604,8,1954-06-18,1957-09-14,26,2,1,3,7,0,29,10,39,0.138,0.048,0.186
제3대,곽의영,자유당,의원,의원,위원장; 의원,member,139,227729,0.00656,7,1954-06-10,1958-02-22,10,16,5,2,5,1,31,8,39,0.136,0.035,0.171
제3대,전진한,무소속,의원,의원,의원,member,12,52359,0.00151,5,1954-07-01,1957-11-13,2,0,12,21,3,0,14,24,38,0.267,0.458,0.726
제3대,백남식,무소속,의원,위원장대리,위원장; 의원,member,478,228141,0.00657,7,1954-07-01,1957-12-29,11,13,3,5,3,3,27,11,38,0.118,0.048,0.167
제3대,이영희,자유당,의원,의원,의원,member,79,153892,0.00443,8,1954-08-27,1957-11-27,9,4,7,13,5,0,20,18,38,0.13,0.117,0.247
제3대,김정호,자유당,의원,의원,의원,member,54,97308,0.0028,8,1955-01-22,1957-10-14,15,5,6,1,2,8,26,11,37,0.267,0.113,0.38
제3대,김동욱,무소속,의원,의원,위원장; 의원,member,135,180996,0.00521,8,1954-07-01,1958-02-12,9,13,1,6,7,1,23,14,37,0.127,0.077,0.204
제3대,황성수,자유당,의원,부의장,미상; 위원장; 의원; 의장단,member,1049,302300,0.00871,5,1954-06-10,1957-12-30,1,0,4,8,21,2,5,31,36,0.017,0.103,0.119
제3대,최갑환,무소속,의원,의원,위원장; 의원,member,63,106480,0.00307,7,1954-06-18,1958-01-01,20,1,13,1,1,0,34,2,36,0.319,0.019,0.338
제3대,강성태,미상/직책자,정부/기타 직책자,상공부장관,국무위원,member,61,115861,0.00334,2,1954-07-16,1955-07-31,28,2,0,1,3,1,30,5,35,0.259,0.043,0.302
제3대,김만기,미상/직책자,정부/기타 직책자,재무부사세국장,정부위원,learned,29,16799,0.00048,2,1955-06-07,1956-01-09,1,34,0,0,0,0,35,0,35,2.083,0.0,2.083
제3대,신정호,무소속,의원,위원,의원,member,122,123836,0.00357,7,1955-06-10,1958-02-12,11,3,1,4,10,6,15,20,35,0.121,0.162,0.283
제3대,황경수,자유당,의원,위원,위원장; 의원,member,89,109661,0.00316,8,1954-06-18,1957-12-31,4,21,1,2,5,1,26,8,34,0.237,0.073,0.31
제3대,김두한,무소속,의원,의원,의원,member,62,58710,0.00169,8,1954-07-15,1957-12-30,1,0,21,9,2,0,22,11,33,0.375,0.187,0.562
제3대,한희석,자유당,의원,내무위원장,미상; 위원장; 의원,member,123,192993,0.00556,6,1954-06-11,1957-10-23,1,0,0,24,8,0,1,32,33,0.005,0.166,0.171
제3대,최규남,미상/직책자,정부/기타 직책자,문교부장관,국무위원,member,45,49984,0.00144,2,1956-06-13,1957-07-15,32,0,0,0,0,0,32,0,32,0.64,0.0,0.64
제3대,손도심,자유당,의원,의원,위원장; 의원,member,71,189282,0.00545,9,1954-07-12,1958-02-22,8,0,2,14,6,2,10,22,32,0.053,0.116,0.169
제3대,박흥규,자유당,의원,위원장대리,위원장; 의원,member,515,154983,0.00446,8,1954-08-11,1958-02-22,23,0,0,5,3,0,23,8,31,0.148,0.052,0.2
제3대,정상열,자유당,의원,위원,위원장; 의원,member,249,125057,0.0036,8,1954-10-05,1957-12-31,10,7,0,3,10,0,17,13,30,0.136,0.104,0.24
제3대,김성삼,자유당,의원,의원,의원,member,26,75715,0.00218,6,1955-01-17,1957-10-14,24,0,1,2,3,0,25,5,30,0.33,0.066,0.396
제3대,윤치영,국민당,의원,의원,미상; 위원장; 의원,member,36,101136,0.00291,9,1954-11-04,1958-02-22,7,0,1,10,10,1,8,21,29,0.079,0.208,0.287
제3대,최용근,자유당,의원,위원장,위원장; 의원,member,97,54332,0.00156,4,1956-07-11,1958-02-18,7,5,0,0,4,13,12,17,29,0.221,0.313,0.534
제3대,윤보선,민주국민당,의원,의원,의원,member,16,67034,0.00193,3,1954-07-16,1957-12-30,9,12,0,2,5,0,21,7,28,0.313,0.104,0.418
제3대,정해영,자유당,의원,위원,위원장; 의원,member,182,123633,0.00356,7,1954-07-16,1957-12-29,0,12,12,0,0,4,24,4,28,0.194,0.032,0.226
제3대,김달호,무소속,의원,의원,위원장; 의원,member,150,195601,0.00563,8,1954-09-27,1958-01-01,10,0,1,8,8,1,11,17,28,0.056,0.087,0.143
제3대,우만형,미상/직책자,정부/기타 직책자,내무부차관,국무위원; 기타,learned,23,27129,0.00078,4,1954-07-01,1958-02-10,28,0,0,0,0,0,28,0,28,1.032,0.0,1.032
제3대,민영남,무소속,의원,위원,위원장; 의원,member,99,156737,0.00451,9,1954-06-24,1958-02-17,13,5,0,7,3,0,18,10,28,0.115,0.064,0.179
제3대,강승구,무소속,의원,의원,위원장; 의원,member,57,119624,0.00345,8,1954-08-30,1958-02-18,2,10,5,6,4,0,17,10,27,0.142,0.084,0.226
제3대,한동석,자유당,의원,위원,의원,member,238,186469,0.00537,4,1954-06-22,1956-03-03,2,8,2,8,7,0,12,15,27,0.064,0.08,0.145
제3대,조순,자유당,의원,운영위원장,위원장; 의원,member,281,211563,0.00609,9,1954-06-10,1958-02-21,10,3,3,2,6,3,16,11,27,0.076,0.052,0.128
제3대,김동조,미상/직책자,정부/기타 직책자,외무부차관,국무위원; 정부위원,learned,19,14878,0.00043,4,1955-07-18,1957-12-13,14,0,2,9,2,0,16,11,27,1.075,0.739,1.815
제3대,신도성,민주국민당,의원,의원,의원,member,28,106470,0.00307,4,1954-06-10,1957-08-05,9,1,1,13,3,0,11,16,27,0.103,0.15,0.254
제3대,박영출,자유당,의원,의원,미상; 위원장; 의원,member,175,138863,0.004,4,1954-06-10,1956-12-31,2,4,2,8,1,10,8,19,27,0.058,0.137,0.194
제3대,정성태,무소속,의원,위원,의원,member,106,100203,0.00289,8,1954-09-25,1957-11-25,4,8,0,6,8,0,12,14,26,0.12,0.14,0.259
제3대,김익기,자유당,의원,의원,위원장; 의원,member,34,42729,0.00123,5,1954-07-08,1957-09-18,10,2,9,0,5,0,21,5,26,0.491,0.117,0.608
제3대,이존화,자유당,의원,의원,위원장; 의원,member,67,97905,0.00282,8,1954-06-18,1958-02-22,15,0,0,3,4,3,15,10,25,0.153,0.102,0.255
제3대,이태용,자유당,의원,위원,위원장; 의원,member,320,195518,0.00563,8,1954-10-07,1958-02-21,2,17,0,4,1,1,19,6,25,0.097,0.031,0.128
제3대,육완국,무소속,의원,의원,의원,member,17,27654,0.0008,5,1955-01-19,1957-04-02,14,8,2,1,0,0,24,1,25,0.868,0.036,0.904
제3대,윤만석,자유당,의원,법제사법위원장,위원장; 의원,member,174,167767,0.00483,6,1954-06-24,1957-11-20,4,0,6,11,4,0,10,15,25,0.06,0.089,0.149
제3대,김철안,자유당,의원,의원,미상; 위원장; 의원,member,71,126862,0.00365,7,1954-07-14,1957-12-29,3,0,10,5,6,0,13,11,24,0.102,0.087,0.189
제3대,김의택,무소속,의원,위원,국무위원; 위원장; 의원,member,90,153082,0.00441,8,1954-08-11,1958-02-08,10,2,2,5,5,0,14,10,24,0.091,0.065,0.157
제3대,장택상,무소속,의원,의원,의원,member,85,93629,0.0027,8,1954-06-10,1958-01-01,4,2,0,10,7,1,6,18,24,0.064,0.192,0.256
제3대,이성주,자유당,의원,의원,의원,member,17,127488,0.00367,4,1956-11-28,1958-02-12,0,0,0,10,13,0,0,23,23,0.0,0.18,0.18
제3대,변영태,미상/직책자,정부/기타 직책자,국무총리,국무위원,learned,77,162411,0.00468,2,1954-06-30,1955-07-18,8,1,3,3,6,2,12,11,23,0.074,0.068,0.142
제3대,정재설,미상/직책자,정부/기타 직책자,농림부장관,국무위원,learned,41,65026,0.00187,2,1957-06-19,1957-12-31,13,6,0,2,2,0,19,4,23,0.292,0.062,0.354
제3대,배응도,미상/직책자,정부/기타 직책자,상공부차관,국무위원,learned,24,56694,0.00163,2,1954-07-15,1955-07-19,21,0,0,0,2,0,21,2,23,0.37,0.035,0.406
제3대,이인,국민당,의원,의원,의원,member,84,139566,0.00402,9,1954-06-11,1958-02-20,5,0,0,11,7,0,5,18,23,0.036,0.129,0.165
제3대,신규식,무소속,의원,의원,의원,member,119,141815,0.00408,8,1954-06-18,1957-12-30,8,0,7,5,3,0,15,8,23,0.106,0.056,0.162
제3대,김준연,민주국민당,의원,의원,의원,member,60,119141,0.00343,7,1954-06-10,1958-02-22,5,2,2,7,6,0,9,13,22,0.076,0.109,0.185
제3대,이정희,자유당,의원,의원,의원,member,13,68119,0.00196,5,1954-07-16,1957-07-18,14,2,0,0,4,2,16,6,22,0.235,0.088,0.323
제3대,홍창섭,자유당,의원,농림위원장,위원장; 의원,member,170,255236,0.00735,9,1954-06-10,1958-02-19,13,1,2,1,4,0,16,5,21,0.063,0.02,0.082
제3대,최병국,자유당,의원,의원,의원,member,31,105445,0.00304,7,1954-06-10,1957-11-08,0,1,2,12,5,0,3,17,20,0.028,0.161,0.19
제3대,윤재욱,무소속,의원,국방위원장대리,위원장; 의원,member,94,111794,0.00322,9,1954-12-06,1957-10-31,15,0,2,0,3,0,17,3,20,0.152,0.027,0.179
제3대,권택상,미상/직책자,정부/기타 직책자,재무부사세국장,정부위원,learned,37,12999,0.00037,3,1956-07-12,1957-12-24,0,19,0,0,0,1,19,1,20,1.462,0.077,1.539
제3대,서임수,미상/직책자,정부/기타 직책자,총무국장,정부위원,member,53,95980,0.00276,8,1955-05-30,1958-02-05,9,4,4,0,0,3,17,3,20,0.177,0.031,0.208
제3대,박순석,자유당,의원,의원,의원,member,111,76887,0.00221,8,1954-07-01,1958-02-12,5,0,0,5,9,0,5,14,19,0.065,0.182,0.247
제3대,신행용,무소속,의원,위원,의원,member,80,79055,0.00228,7,1954-07-14,1957-12-29,10,1,1,4,2,0,12,6,18,0.152,0.076,0.228
제3대,정규상,자유당,의원,위원,위원장; 의원,member,72,65162,0.00188,8,1954-09-20,1958-02-22,7,1,1,3,6,0,9,9,18,0.138,0.138,0.276
제3대,박세경,자유당,의원,법제사법위원장,미상; 위원장; 의원,member,108,115596,0.00333,9,1954-07-13,1958-02-22,3,1,5,4,5,0,9,9,18,0.078,0.078,0.156
제3대,조만종,자유당,의원,위원,의원,member,97,68875,0.00198,5,1954-12-20,1957-12-29,7,2,2,3,3,1,11,7,18,0.16,0.102,0.261
제3대,김용우,미상/직책자,정부/기타 직책자,국방부장관,국무위원; 사무처,member,70,118052,0.0034,3,1954-06-17,1956-12-28,14,0,1,0,2,1,15,3,18,0.127,0.025,0.152
제3대,박용익,무소속,의원,위원장,미상; 위원장; 의원,member,611,61901,0.00178,5,1954-09-27,1957-06-21,8,6,0,1,1,2,14,4,18,0.226,0.065,0.291
제3대,김두진,무소속,의원,위원,위원장; 의원,member,71,66500,0.00192,6,1954-07-13,1957-12-27,5,6,3,3,1,0,14,4,18,0.211,0.06,0.271
제3대,이익흥,미상/직책자,정부/기타 직책자,내무부장관,국무위원,member,112,107874,0.00311,1,1956-05-26,1956-12-28,4,0,2,8,1,2,6,11,17,0.056,0.102,0.158
제3대,최영철,무소속,의원,위원,의원,member,29,49061,0.00141,6,1954-10-27,1957-12-21,13,0,1,1,1,0,14,2,16,0.285,0.041,0.326
제3대,오임근,미상/직책자,정부/기타 직책자,예산국장,정부위원,learned,261,112259,0.00323,4,1955-05-05,1957-12-30,7,6,0,0,3,0,13,3,16,0.116,0.027,0.143
제3대,윤제술,무소속,의원,의원,의원,member,21,64292,0.00185,6,1954-07-10,1957-06-26,4,0,0,10,2,0,4,12,16,0.062,0.187,0.249
제3대,김영환,미상/직책자,정부/기타 직책자,재무부차관,국무위원,fallback,1,7635,0.00022,1,1955-10-15,1955-10-15,0,2,0,0,2,12,2,14,16,0.262,1.834,2.096
제3대,김종신,자유당,의원,위원장,위원장; 의원,member,660,128607,0.0037,7,1954-10-29,1957-12-30,7,2,0,5,1,1,9,7,16,0.07,0.054,0.124
제3대,김진만,자유당,의원,위원,미상; 위원장; 의원,member,46,35713,0.00103,6,1954-09-22,1957-12-31,3,3,4,0,6,0,10,6,16,0.28,0.168,0.448
제3대,김일,자유당,의원,의원,위원장; 의원,member,48,62827,0.00181,6,1954-11-30,1957-12-31,1,0,1,13,1,0,2,14,16,0.032,0.223,0.255
제3대,김춘호,자유당,의원,의원,위원장; 의원,member,121,124067,0.00357,8,1954-06-10,1958-03-24,5,4,0,3,2,1,9,6,15,0.073,0.048,0.121
제3대,정재완,무소속,의원,의원,의원,member,29,48599,0.0014,6,1954-06-22,1957-07-23,5,4,2,0,2,2,11,4,15,0.226,0.082,0.309
제3대,문종두,무소속,의원,의원,의원,member,24,48408,0.00139,5,1954-09-24,1957-12-19,2,2,0,9,1,1,4,11,15,0.083,0.227,0.31
제3대,신의식,자유당,의원,위원,미상; 위원장; 의원,member,76,51112,0.00147,7,1954-08-07,1957-12-07,2,8,3,0,2,0,13,2,15,0.254,0.039,0.293
제3대,정존수,자유당,의원,법제사법위원장대리,위원장; 의원,member,98,76239,0.0022,7,1954-09-27,1957-09-06,5,0,0,4,5,0,5,9,14,0.066,0.118,0.184
제3대,신각휴,민주국민당,의원,위원,의원,member,50,51415,0.00148,3,1954-10-05,1956-02-09,5,0,0,8,0,1,5,9,14,0.097,0.175,0.272
제3대,이근직,미상/직책자,정부/기타 직책자,내무부장관,국무위원,learned,49,68221,0.00196,2,1957-10-14,1958-02-20,5,2,0,2,3,2,7,7,14,0.103,0.103,0.205
제3대,이종림,미상/직책자,정부/기타 직책자,교통부장관,국무위원,learned,57,89645,0.00258,5,1954-10-18,1957-03-11,9,0,3,0,1,1,12,2,14,0.134,0.022,0.156
제3대,최병권,자유당,의원,위원,위원장; 의원,member,45,32701,0.00094,6,1954-07-15,1957-10-14,8,5,0,0,1,0,13,1,14,0.398,0.031,0.428
제3대,곽상훈,무소속,의원,부의장,의원; 의장단,member,889,210690,0.00607,8,1954-06-09,1957-12-31,1,2,0,6,5,0,3,11,14,0.014,0.052,0.066
제3대,김형근,미상/직책자,정부/기타 직책자,내무부장관,국무위원,learned,74,86233,0.00248,4,1954-08-07,1956-02-20,3,1,2,6,2,0,6,8,14,0.07,0.093,0.162
제3대,김의준,무소속,의원,의원,의원,member,54,84726,0.00244,6,1954-06-10,1957-12-31,2,0,7,5,0,0,9,5,14,0.106,0.059,0.165
제3대,손권배,자유당,의원,위원,의원,member,20,33511,0.00097,6,1954-12-06,1957-11-22,0,0,12,1,0,0,12,1,13,0.358,0.03,0.388
제3대,김한기,미상/직책자,정부/기타 직책자,전문위원,의원,learned,123,57785,0.00166,5,1954-10-05,1957-12-29,9,0,0,1,2,1,9,4,13,0.156,0.069,0.225
제3대,김영삼,자유당,의원,의원,의원,member,63,106054,0.00305,10,1954-10-18,1958-02-21,1,1,1,4,6,0,3,10,13,0.028,0.094,0.123
제3대,김법린,자유당,의원,문교위원장,위원장; 의원,member,31,54428,0.00157,5,1954-11-01,1957-12-12,6,0,0,2,2,3,6,7,13,0.11,0.129,0.239
제3대,임차주,자유당,의원,의원,의원,member,6,19610,0.00056,2,1955-05-03,1956-12-29,7,2,0,0,4,0,9,4,13,0.459,0.204,0.663
제3대,김달수,자유당,의원,위원,위원장; 의원,member,41,32412,0.00093,5,1954-08-07,1957-12-07,6,0,4,0,2,0,10,2,12,0.309,0.062,0.37
제3대,손원일,미상/직책자,정부/기타 직책자,국방부장관,국무위원,learned,20,52359,0.00151,3,1954-07-15,1956-01-10,5,0,1,3,3,0,6,6,12,0.115,0.115,0.229
제3대,김지태,자유당,의원,의원,의원,member,5,12089,0.00035,5,1954-09-20,1957-12-28,0,12,0,0,0,0,12,0,12,0.993,0.0,0.993
제3대,구흥남,자유당,의원,위원,미상; 위원장; 의원,member,82,72607,0.00209,8,1954-11-02,1958-02-22,3,0,3,3,1,2,6,6,12,0.083,0.083,0.165
제3대,김수선,무소속,의원,의원,의원,member,9,34857,0.001,4,1954-10-17,1957-11-14,2,0,0,10,0,0,2,10,12,0.057,0.287,0.344
제3대,함두영,자유당,의원,위원,의원,member,191,128732,0.00371,7,1954-11-08,1957-12-16,2,2,0,0,7,1,4,8,12,0.031,0.062,0.093
제3대,윤인상,미상/직책자,정부/기타 직책자,재무부차관,국무위원,learned,58,52890,0.00152,2,1955-11-15,1956-07-19,1,9,0,1,1,0,10,2,12,0.189,0.038,0.227
제3대,강세형,무소속,의원,의원,의원,member,99,97434,0.00281,6,1954-07-08,1957-09-20,0,0,0,7,5,0,0,12,12,0.0,0.123,0.123
제3대,천세기,무소속,의원,의원,의원,member,63,80378,0.00232,9,1954-07-12,1958-02-20,4,0,1,4,2,1,5,7,12,0.062,0.087,0.149
제3대,이석기,무소속,의원,의원,의원,member,63,53893,0.00155,7,1955-07-31,1957-12-30,0,9,0,2,1,0,9,3,12,0.167,0.056,0.223
제3대,이형진,자유당,의원,위원,위원장; 의원,member,138,48873,0.00141,6,1954-10-15,1957-12-29,6,0,1,3,0,1,7,4,11,0.143,0.082,0.225
제3대,성원경,자유당,의원,의원,위원장; 의원,member,21,77853,0.00224,5,1955-06-03,1957-11-09,0,4,0,6,1,0,4,7,11,0.051,0.09,0.141
제3대,나창헌,자유당,의원,의원,위원장; 의원,member,13,33597,0.00097,4,1954-12-14,1957-11-04,5,1,0,3,2,0,6,5,11,0.179,0.149,0.327
제3대,김정열,미상/직책자,정부/기타 직책자,국방부장관,국무위원,learned,48,29755,0.00086,3,1957-07-30,1957-12-17,1,7,0,0,3,0,8,3,11,0.269,0.101,0.37
제3대,신두영,미상/직책자,정부/기타 직책자,국무원사무국장,정부위원,learned,10,15190,0.00044,1,1957-12-20,1957-12-20,11,0,0,0,0,0,11,0,11,0.724,0.0,0.724
제3대,정형모,미상/직책자,정부/기타 직책자,전문위원,의원,learned,7,2442,0.00007,2,1957-04-23,1957-07-23,11,0,0,0,0,0,11,0,11,4.505,0.0,4.505
제3대,윤병호,무소속,의원,의원,미상; 의원,member,24,70874,0.00204,7,1954-12-24,1957-06-14,2,0,1,3,4,0,3,7,10,0.042,0.099,0.141
제3대,안동준,자유당,의원,의원,미상; 위원장; 의원,member,24,53058,0.00153,5,1954-06-24,1957-09-05,1,2,1,3,3,0,4,6,10,0.075,0.113,0.188
제3대,김기철,자유당,의원,위원,위원장; 의원,member,30,36684,0.00106,6,1955-05-24,1957-10-07,5,0,0,1,4,0,5,5,10,0.136,0.136,0.273
제3대,이갑식,무소속,의원,상공위원장,위원장; 의원,member,26,64118,0.00185,4,1954-12-18,1956-12-30,6,0,4,0,0,0,10,0,10,0.156,0.0,0.156
제3대,서동진,민주국민당,의원,의원,의원,member,40,116526,0.00336,8,1954-07-10,1958-02-14,2,0,4,1,3,0,6,4,10,0.051,0.034,0.086
제3대,이영섭,자유당,의원,의원,의원,member,30,40077,0.00115,6,1954-06-22,1957-06-13,6,0,1,2,1,0,7,3,10,0.175,0.075,0.25
제3대,유완창,미상/직책자,정부/기타 직책자,부흥부장관,국무위원,learned,71,44447,0.00128,2,1955-02-28,1956-02-18,5,2,0,0,3,0,7,3,10,0.157,0.067,0.225
제3대,나희집,자유당,의원,위원,위원장; 의원,member,134,113945,0.00328,9,1954-09-03,1958-02-22,1,5,2,0,1,0,8,1,9,0.07,0.009,0.079
제3대,권오종,국민회,의원,위원,의원,member,15,12136,0.00035,3,1955-06-17,1957-12-16,7,0,0,2,0,0,7,2,9,0.577,0.165,0.742
제3대,백한성,미상/직책자,정부/기타 직책자,내무부장관,국무위원,learned,47,90606,0.00261,2,1954-07-15,1955-03-16,2,0,1,3,3,0,3,6,9,0.033,0.066,0.099
제3대,김정렬,미상/직책자,정부/기타 직책자,국방부장관,국무위원,fallback,16,27573,0.00079,2,1957-07-11,1957-12-31,8,0,0,0,1,0,8,1,9,0.29,0.036,0.326
제3대,류순식,미상/직책자,정부/기타 직책자,의원,위원장; 의원,learned,33,45168,0.0013,5,1954-08-09,1957-11-21,1,0,2,3,1,2,3,6,9,0.066,0.133,0.199
제3대,함상훈,미상/직책자,정부/기타 직책자,증인,증인·참고인,fallback,2,14958,0.00043,1,1954-11-05,1954-11-05,0,0,2,5,1,0,2,6,8,0.134,0.401,0.535
제3대,이형모,자유당,의원,위원,위원장; 의원,member,183,90779,0.00261,7,1954-10-15,1957-09-13,0,5,0,2,1,0,5,3,8,0.055,0.033,0.088
제3대,정긍모,미상/직책자,정부/기타 직책자,해군참모총장,기타,learned,9,4790,0.00014,1,1957-10-09,1957-10-09,6,0,0,0,2,0,6,2,8,1.253,0.418,1.67
제3대,고광만,미상/직책자,정부/기타 직책자,문교부차관,국무위원,learned,6,20659,0.0006,2,1957-01-17,1957-08-10,3,2,0,0,1,2,5,3,8,0.242,0.145,0.387
제3대,구용서,미상/직책자,정부/기타 직책자,산업은행총재,기타,learned,42,42438,0.00122,3,1954-09-01,1956-12-24,6,0,0,0,2,0,6,2,8,0.141,0.047,0.189
제3대,하태환,무소속,의원,위원,의원,member,38,24787,0.00071,4,1956-01-25,1957-12-29,5,0,0,1,2,0,5,3,8,0.202,0.121,0.323
제3대,최하영,미상/직책자,정부/기타 직책자,심계원장,기타,learned,19,27481,0.00079,4,1955-07-16,1957-12-14,5,0,0,1,1,0,5,2,7,0.182,0.073,0.255
제3대,오림근,미상/직책자,정부/기타 직책자,기획처예산국장,정부위원,learned,49,14955,0.00043,1,1954-10-05,1954-12-21,6,0,0,0,0,1,6,1,7,0.401,0.067,0.468
제3대,최창섭,자유당,의원,의원,미상; 위원장; 의원,member,21,25498,0.00073,5,1954-11-25,1957-07-08,0,0,1,3,2,1,1,6,7,0.039,0.235,0.275
제3대,이영언,자유당,의원,상공위원장,위원장; 의원,member,54,28536,0.00082,5,1954-10-09,1958-02-22,0,0,0,0,1,6,0,7,7,0.0,0.245,0.245
제3대,김병순,자유당,의원,의원,의원,member,3,7102,0.0002,3,1954-09-13,1958-02-18,7,0,0,0,0,0,7,0,7,0.986,0.0,0.986
제3대,백선엽,미상/직책자,정부/기타 직책자,육군참모총장,기타,learned,7,7276,0.00021,2,1957-10-07,1957-12-17,6,0,1,0,0,0,7,0,7,0.962,0.0,0.962
제3대,갈홍기,미상/직책자,정부/기타 직책자,공보실장,기타; 정부위원,learned,37,14416,0.00042,3,1954-10-20,1956-07-21,6,0,0,0,0,1,6,1,7,0.416,0.069,0.486
제3대,최정우,미상/직책자,정부/기타 직책자,사무총장,사무처,learned,40,37882,0.00109,8,1955-01-25,1958-04-07,4,1,0,1,0,0,5,1,6,0.132,0.026,0.158
제3대,김의창,미상/직책자,정부/기타 직책자,체신부차관,국무위원,learned,31,17482,0.0005,6,1954-12-21,1958-02-21,2,0,1,0,3,0,3,3,6,0.172,0.172,0.343
제3대,권중돈,무소속,의원,의원,의원,member,67,50512,0.00145,8,1954-06-10,1957-12-16,0,0,1,4,1,0,1,5,6,0.02,0.099,0.119
제3대,김재황,무소속,의원,의원,의원,member,18,48171,0.00139,3,1955-03-28,1957-10-14,3,0,0,2,0,1,3,3,6,0.062,0.062,0.125
제3대,이용범,자유당,의원,의원,의원,member,6,7625,0.00022,4,1954-09-03,1957-08-05,5,0,1,0,0,0,6,0,6,0.787,0.0,0.787
제3대,김성호,자유당,의원,의원,의원,member,27,33706,0.00097,6,1954-06-11,1957-08-10,0,0,0,4,1,1,0,6,6,0.0,0.178,0.178
제3대,신효선,미상/직책자,정부/기타 직책자,보건사회부차관,국무위원,learned,12,24287,0.0007,2,1956-07-06,1957-04-02,4,0,2,0,0,0,6,0,6,0.247,0.0,0.247
제3대,김창규,미상/직책자,정부/기타 직책자,공군참모차장,기타,learned,3,1806,0.00005,1,1957-10-10,1957-10-10,6,0,0,0,0,0,6,0,6,3.322,0.0,3.322
제3대,류지원,미상/직책자,정부/기타 직책자,국방위원장,위원장; 의원,learned,54,38545,0.00111,7,1954-06-28,1957-10-14,0,0,2,3,1,0,2,4,6,0.052,0.104,0.156
제3대,배영호,미상/직책자,정부/기타 직책자,법무부차관,국무위원,learned,12,23463,0.00068,3,1956-06-30,1957-11-06,3,0,1,1,1,0,4,2,6,0.17,0.085,0.256
제3대,신익희,민주국민당,의원,의원,의원,member,8,31457,0.00091,1,1954-06-10,1954-11-05,0,0,0,5,1,0,0,6,6,0.0,0.191,0.191
제3대,김치영,미상/직책자,정부/기타 직책자,전매청장,국무위원; 정부위원,learned,37,25129,0.00072,6,1954-09-25,1957-06-05,5,0,0,0,1,0,5,1,6,0.199,0.04,0.239
제3대,신태권,자유당,의원,위원,위원장; 의원,member,89,78435,0.00226,8,1954-08-18,1958-02-07,1,0,0,1,3,1,1,5,6,0.013,0.064,0.076
제3대,이응준,미상/직책자,정부/기타 직책자,체신부장관,국무위원,learned,47,25302,0.00073,3,1955-09-21,1957-12-04,4,1,0,0,1,0,5,1,6,0.198,0.04,0.237
제3대,조용순,미상/직책자,정부/기타 직책자,법무부장관,국무위원,learned,60,69234,0.00199,2,1954-07-15,1955-07-16,4,0,0,0,2,0,4,2,6,0.058,0.029,0.087
제3대,최천,민주국민당,의원,의원,의원,member,12,24366,0.0007,5,1954-07-14,1957-09-13,6,0,0,0,0,0,6,0,6,0.246,0.0,0.246
제3대,신현확,미상/직책자,정부/기타 직책자,부흥부차관,국무위원; 정부위원,learned,10,12432,0.00036,4,1956-01-07,1958-02-22,5,0,0,0,0,0,5,0,5,0.402,0.0,0.402
제3대,도진희,자유당,의원,의원,의원,member,64,51341,0.00148,4,1954-07-13,1956-03-02,1,1,0,1,2,0,2,3,5,0.039,0.058,0.097
제3대,염우량,자유당,의원,의원,의원,member,54,67775,0.00195,9,1954-08-06,1958-02-11,3,1,0,0,1,0,4,1,5,0.059,0.015,0.074
제3대,윤일상,자유당,의원,위원,위원장; 의원,member,19,24751,0.00071,5,1955-06-06,1957-12-30,3,0,0,0,1,1,3,2,5,0.121,0.081,0.202
제3대,윤우경,미상/직책자,정부/기타 직책자,구황실총무국장,정부위원,learned,21,23643,0.00068,4,1955-06-02,1957-12-20,2,0,0,0,1,2,2,3,5,0.085,0.127,0.211
제3대,김용택,미상/직책자,정부/기타 직책자,사회부차관,국무위원,learned,6,2792,0.00008,1,1954-10-18,1954-10-18,0,2,3,0,0,0,5,0,5,1.791,0.0,1.791
제3대,강경옥,자유당,의원,의원,위원장; 의원,member,41,54395,0.00157,7,1954-06-28,1957-09-17,0,0,0,2,1,2,0,5,5,0.0,0.092,0.092
제3대,정갑주,자유당,의원,의원,의원,member,45,41500,0.0012,5,1954-06-10,1957-09-03,0,0,0,2,3,0,0,5,5,0.0,0.12,0.12
제3대,손창환,미상/직책자,정부/기타 직책자,보건사회부장관,국무위원,learned,14,21405,0.00062,2,1957-06-19,1957-12-31,3,0,1,0,1,0,4,1,5,0.187,0.047,0.234
제3대,원용석,미상/직책자,정부/기타 직책자,기획처장,기타,member,62,52259,0.00151,1,1954-07-13,1954-12-18,1,1,0,0,1,2,2,3,5,0.038,0.057,0.096
제3대,권성기,미상/직책자,정부/기타 직책자,농림부차관,국무위원,learned,49,28962,0.00083,2,1955-12-15,1956-12-24,3,0,0,0,2,0,3,2,5,0.104,0.069,0.173
제3대,오재경,미상/직책자,정부/기타 직책자,공보실장,정부위원,learned,15,15268,0.00044,2,1956-12-16,1957-12-21,2,0,0,3,0,0,2,3,5,0.131,0.196,0.327
제3대,서인홍,무소속,의원,위원,의원,member,52,37051,0.00107,6,1954-12-27,1957-12-30,1,0,0,2,2,0,1,4,5,0.027,0.108,0.135
제3대,전상요,무소속,의원,의원,의원; 의장단,member,9,11921,0.00034,4,1954-06-09,1957-11-29,0,0,0,2,3,0,0,5,5,0.0,0.419,0.419
제3대,임흥순,무소속,의원,의원,의원,member,29,30299,0.00087,4,1954-06-18,1957-10-14,0,0,0,2,3,0,0,5,5,0.0,0.165,0.165
제3대,김선우,자유당,의원,의원,의원,member,14,20898,0.0006,5,1954-10-29,1957-12-29,1,0,0,0,3,0,1,3,4,0.048,0.144,0.191
제3대,정기원,자유당,의원,외무위원장,위원장; 의원,member,53,51518,0.00148,4,1955-03-31,1957-07-25,2,0,1,0,1,0,3,1,4,0.058,0.019,0.078
제3대,최규옥,미상/직책자,정부/기타 직책자,농림부장관,국무위원,member,27,52674,0.00152,1,1954-07-13,1954-12-16,3,0,0,0,1,0,3,1,4,0.057,0.019,0.076
제3대,박기운,제헌국회호헌동지회,의원,의원,의원,member,9,18351,0.00053,3,1955-04-23,1957-06-21,0,0,0,2,1,1,0,4,4,0.0,0.218,0.218
제3대,김창수,자유당,의원,의원,의원,member,4,21368,0.00062,2,1956-09-12,1957-01-30,1,0,1,0,2,0,2,2,4,0.094,0.094,0.187
제3대,석상옥,미상/직책자,정부/기타 직책자,교통부차관,국무위원,learned,5,1900,0.00005,2,1957-07-04,1957-12-07,4,0,0,0,0,0,4,0,4,2.105,0.0,2.105
제3대,박종길,무소속,의원,위원,위원장; 의원,member,52,37461,0.00108,5,1955-03-29,1957-12-31,1,0,1,1,0,1,2,2,4,0.053,0.053,0.107
제3대,이종수,무소속,의원,위원장대리,위원장; 의원,member,105,36087,0.00104,5,1955-05-19,1957-07-30,3,0,0,0,1,0,3,1,4,0.083,0.028,0.111
제3대,박철재,미상/직책자,정부/기타 직책자,문교부기술교육국장,정부위원,learned,12,8718,0.00025,1,1957-04-23,1957-04-23,4,0,0,0,0,0,4,0,4,0.459,0.0,0.459
제3대,김종갑,미상/직책자,정부/기타 직책자,국방부차관,국무위원,learned,11,17412,0.0005,2,1956-07-09,1957-07-16,2,0,0,0,2,0,2,2,4,0.115,0.115,0.23
제3대,하을춘,무소속,의원,위원장,위원장; 의원,member,61,44035,0.00127,8,1954-10-15,1958-02-21,0,0,0,1,3,0,0,4,4,0.0,0.091,0.091
제3대,김형덕,자유당,의원,의원,의원,member,7,16742,0.00048,3,1954-10-28,1956-01-11,0,0,2,0,2,0,2,2,4,0.119,0.119,0.239
제3대,김영준,미상/직책자,정부/기타 직책자,산림국장,정부위원,learned,3,3245,0.00009,2,1955-06-03,1956-12-18,2,0,0,1,0,0,2,1,3,0.616,0.308,0.924
제3대,이치영,미상/직책자,정부/기타 직책자,재무부이재국장,정부위원,learned,24,10851,0.00031,2,1955-05-28,1956-01-09,0,1,1,0,1,0,2,1,3,0.184,0.092,0.276
제3대,조남수,자유당,의원,의원,위원장; 의원,member,2,3382,0.0001,2,1955-06-03,1957-06-24,1,0,2,0,0,0,3,0,3,0.887,0.0,0.887
제3대,홍진기,미상/직책자,정부/기타 직책자,해무청장,국무위원; 정부위원,learned,12,10655,0.00031,6,1955-03-09,1958-02-22,3,0,0,0,0,0,3,0,3,0.282,0.0,0.282
제3대,송경섭,자유당,의원,의원,의원,member,42,31325,0.0009,8,1954-12-20,1957-12-02,0,0,0,1,2,0,0,3,3,0.0,0.096,0.096
제3대,권병호,미상/직책자,정부/기타 직책자,총무국장,정부위원,learned,3,26429,0.00076,1,1955-02-11,1955-02-11,0,1,2,0,0,0,3,0,3,0.114,0.0,0.114
제3대,이열모,미상/직책자,정부/기타 직책자,재무부이재국장,정부위원,learned,89,29986,0.00086,2,1956-07-11,1957-03-13,1,2,0,0,0,0,3,0,3,0.1,0.0,0.1
제3대,강봉옥,자유당,의원,의원,의원,member,5,13152,0.00038,3,1955-11-05,1957-07-13,1,0,0,2,0,0,1,2,3,0.076,0.152,0.228
제3대,안정근,미상/직책자,정부/기타 직책자,전매청장,정부위원,learned,27,18370,0.00053,4,1955-06-07,1957-12-24,3,0,0,0,0,0,3,0,3,0.163,0.0,0.163
제3대,김종규,자유당,의원,문교위원장,미상; 위원장; 의원,member,26,29766,0.00086,4,1954-09-27,1957-07-20,0,1,0,0,1,0,1,1,2,0.034,0.034,0.067
제3대,박천일,미상/직책자,정부/기타 직책자,검찰국장,정부위원,fallback,1,2039,0.00006,1,1955-07-16,1955-07-16,0,1,0,0,1,0,1,1,2,0.49,0.49,0.981
제3대,신용욱,자유당,의원,위원,의원,member,32,29648,0.00085,6,1954-09-20,1958-02-18,1,0,0,0,0,1,1,1,2,0.034,0.034,0.067
제3대,김보영,자유당,의원,의원,의원,member,4,8429,0.00024,2,1955-05-30,1957-07-24,1,0,0,1,0,0,1,1,2,0.119,0.119,0.237
제3대,이광,미상/직책자,정부/기타 직책자,체신부장관,국무위원,learned,6,9915,0.00029,1,1955-04-27,1955-07-20,0,0,0,0,2,0,0,2,2,0.0,0.202,0.202
제3대,남흥우,미상/직책자,정부/기타 직책자,전문위원,의원,learned,22,15514,0.00045,4,1954-10-05,1957-12-28,0,1,0,0,1,0,1,1,2,0.064,0.064,0.129
제3대,김병로,미상/직책자,정부/기타 직책자,전대법원장,기타; 위원장,learned,2,18335,0.00053,1,1957-11-06,1957-12-18,0,0,0,2,0,0,0,2,2,0.0,0.109,0.109
제3대,이남신,미상/직책자,정부/기타 직책자,농림부축정국장,정부위원,learned,4,1774,0.00005,1,1956-07-20,1956-07-20,2,0,0,0,0,0,2,0,2,1.127,0.0,1.127
제3대,박도언,미상/직책자,정부/기타 직책자,전매청총무국장,정부위원,learned,49,9496,0.00027,3,1954-09-25,1957-12-20,2,0,0,0,0,0,2,0,2,0.211,0.0,0.211
제3대,유진산,무소속,의원,위원,의원,member,16,26647,0.00077,1,1954-07-15,1954-12-06,0,0,0,2,0,0,0,2,2,0.0,0.075,0.075
제3대,유태영,미상/직책자,정부/기타 직책자,전문위원,의원,learned,8,8233,0.00024,2,1957-07-08,1957-12-06,1,0,1,0,0,0,2,0,2,0.243,0.0,0.243
제3대,장덕창,미상/직책자,정부/기타 직책자,공군참모총장,기타,learned,5,1474,0.00004,1,1957-10-10,1957-10-10,2,0,0,0,0,0,2,0,2,1.357,0.0,1.357
제3대,정진욱,미상/직책자,정부/기타 직책자,보건사회부차관,국무위원,learned,5,5292,0.00015,2,1955-06-29,1955-10-06,2,0,0,0,0,0,2,0,2,0.378,0.0,0.378
제3대,최세황,미상/직책자,정부/기타 직책자,국방부차관,국무위원,learned,14,15742,0.00045,2,1957-08-09,1957-12-17,2,0,0,0,0,0,2,0,2,0.127,0.0,0.127
제3대,김윤기,미상/직책자,정부/기타 직책자,교통부차관,국무위원,learned,32,21756,0.00063,4,1954-08-27,1957-03-09,0,0,0,0,1,1,0,2,2,0.0,0.092,0.092
제3대,이우줄,미상/직책자,정부/기타 직책자,의원,의원,fallback,5,22229,0.00064,3,1954-11-19,1955-10-12,1,0,1,0,0,0,2,0,2,0.09,0.0,0.09
제3대,민복기,미상/직책자,정부/기타 직책자,해무청장,정부위원,learned,26,7307,0.00021,1,1955-05-30,1955-07-19,1,1,0,0,0,0,2,0,2,0.274,0.0,0.274
제3대,김택술,무소속,의원,의원,의원,member,1,1819,0.00005,1,1955-03-17,1955-03-17,0,0,0,2,0,0,0,2,2,0.0,1.1,1.1
제3대,손석두,자유당,의원,재정경제위원장대리,위원장; 의원,member,44,23878,0.00069,4,1955-07-31,1957-11-25,0,0,0,0,1,0,0,1,1,0.0,0.042,0.042
제3대,김신서,미상/직책자,정부/기타 직책자,재무부세관국장,정부위원,learned,6,1290,0.00004,1,1956-07-12,1956-07-12,0,0,0,0,1,0,0,1,1,0.0,0.775,0.775
제3대,김철주,무소속,의원,의원,의원,member,4,3303,0.0001,2,1954-08-07,1957-09-03,0,0,0,0,0,1,0,1,1,0.0,0.303,0.303
제3대,오재영,무소속,의원,의원,의원,member,4,9346,0.00027,3,1955-10-05,1957-09-25,0,0,0,1,0,0,0,1,1,0.0,0.107,0.107
제3대,신태익,미상/직책자,정부/기타 직책자,법제실장,기타; 정부위원,learned,7,12181,0.00035,3,1954-07-15,1956-01-09,0,0,0,0,0,1,0,1,1,0.0,0.082,0.082
제3대,김영주,미상/직책자,정부/기타 직책자,외무부정무국장,정부위원,learned,6,988,0.00003,1,1957-06-24,1957-06-24,1,0,0,0,0,0,1,0,1,1.012,0.0,1.012
제3대,신하균,민주당,의원,의원,의원,member,5,14747,0.00042,3,1956-09-10,1957-10-17,0,0,0,1,0,0,0,1,1,0.0,0.068,0.068
제3대,김지준,자유당,의원,위원,의원,member,33,10774,0.00031,5,1954-09-25,1957-12-29,1,0,0,0,0,0,1,0,1,0.093,0.0,0.093
제3대,김유택,미상/직책자,정부/기타 직책자,한은총재,기타,learned,2,11585,0.00033,2,1954-11-02,1955-06-02,0,0,0,0,1,0,0,1,1,0.0,0.086,0.086
제3대,정문흠,자유당,의원,임시의장,의원; 의장단,member,41,10401,0.0003,7,1954-06-29,1958-02-11,0,0,0,0,1,0,0,1,1,0.0,0.096,0.096
제3대,이정휴,자유당,의원,의원,의원,member,3,4886,0.00014,3,1955-06-10,1957-09-25,0,0,1,0,0,0,1,0,1,0.205,0.0,0.205
제3대,최인규,미상/직책자,정부/기타 직책자,외자청장,정부위원,member,11,7390,0.00021,3,1956-02-04,1957-12-26,0,0,0,0,1,0,0,1,1,0.0,0.135,0.135
제3대,신언한,미상/직책자,정부/기타 직책자,형정국장,정부위원,learned,2,1260,0.00004,2,1955-07-16,1956-07-16,1,0,0,0,0,0,1,0,1,0.794,0.0,0.794
제3대,김준환,미상/직책자,정부/기타 직책자,관재국장,정부위원,learned,47,13880,0.0004,3,1955-06-01,1956-12-20,1,0,0,0,0,0,1,0,1,0.072,0.0,0.072
제3대,서극형,미상/직책자,정부/기타 직책자,전문위원,의원,learned,6,5024,0.00014,2,1956-07-12,1957-07-30,0,0,1,0,0,0,1,0,1,0.199,0.0,0.199
제3대,최재호,미상/직책자,정부/기타 직책자,체신부차관,국무위원,learned,3,1328,0.00004,1,1956-12-15,1956-12-15,0,0,0,0,1,0,0,1,1,0.0,0.753,0.753
제3대,오영재,미상/직책자,정부/기타 직책자,부흥부차관,국무위원,learned,21,11442,0.00033,2,1955-05-26,1956-02-16,0,0,0,0,1,0,0,1,1,0.0,0.087,0.087
제3대,한성수,미상/직책자,정부/기타 직책자,법원행정처장,기타; 의장단,learned,16,7738,0.00022,4,1955-05-28,1957-12-14,0,0,0,1,0,0,0,1,1,0.0,0.129,0.129
제3대,임우영,국민회,의원,의원,의원,member,3,4952,0.00014,2,1954-09-27,1957-07-09,0,0,0,1,0,0,0,1,1,0.0,0.202,0.202
제3대,김병윤,미상/직책자,정부/기타 직책자,농림부농정국장,국무위원; 정부위원,learned,33,22582,0.00065,6,1955-01-26,1958-02-18,0,0,0,0,1,0,0,1,1,0.0,0.044,0.044
제3대,송우범,자유당,의원,위원장,위원장; 의원,member,56,10994,0.00032,5,1955-11-01,1958-02-14,0,0,0,0,1,0,0,1,1,0.0,0.091,0.091
제3대,김익로,미상/직책자,정부/기타 직책자,의원,위원장; 의원,learned,23,19259,0.00055,6,1954-12-06,1957-04-17,0,0,0,0,1,0,0,1,1,0.0,0.052,0.052
제3대,고재필,미상/직책자,정부/기타 직책자,민의원법제조사국장,정부위원,learned,1,2230,0.00006,1,1957-12-22,1957-12-22,0,0,0,0,1,0,0,1,1,0.0,0.448,0.448
제3대,지덕영,미상/직책자,정부/기타 직책자,상역국장,정부위원,fallback,2,1894,0.00005,1,1955-07-19,1955-07-19,0,0,0,0,1,0,0,1,1,0.0,0.528,0.528
제3대,이봉희,미상/직책자,정부/기타 직책자,농림부양정국장,정부위원,learned,39,11873,0.00034,1,1956-01-28,1956-02-03,0,0,0,0,1,0,0,1,1,0.0,0.084,0.084
제3대,쟈부라키,미상/직책자,정부/기타 직책자,의원,의원,fallback,1,2689,0.00008,1,1955-12-08,1955-12-08,0,0,0,1,0,0,0,1,1,0.0,0.372,0.372
제3대,민문기,미상/직책자,정부/기타 직책자,법원행정처차장,기타,learned,5,5267,0.00015,1,1956-12-12,1956-12-12,0,0,0,0,1,0,0,1,1,0.0,0.19,0.19
제3대,김해림,미상/직책자,정부/기타 직책자,내무부토목국장,정부위원,learned,5,724,0.00002,2,1955-06-03,1956-12-14,1,0,0,0,0,0,1,0,1,1.381,0.0,1.381
제3대,김익노,자유당,의원,의원,의원,member,1,1394,0.00004,1,1954-12-04,1954-12-04,0,0,0,0,0,0,0,0,0,0.0,0.0,0.0
제3대,최윤기,미상/직책자,정부/기타 직책자,외자청관리국장,정부위원,learned,1,530,0.00002,1,1956-02-08,1956-02-08,0,0,0,0,0,0,0,0,0,0.0,0.0,0.0
제3대,지창하,미상/직책자,정부/기타 직책자,체신부경리국장,정부위원,learned,12,545,0.00002,1,1957-12-04,1957-12-04,0,0,0,0,0,0,0,0,0,0.0,0.0,0.0
제3대,김봉관,미상/직책자,정부/기타 직책자,양정국장,정부위원,learned,1,66,0.0,1,1955-06-04,1955-06-04,0,0,0,0,0,0,0,0,0,0.0,0.0,0.0
제3대,조응천,미상/직책자,정부/기타 직책자,체신부차관,국무위원,learned,2,2040,0.00006,2,1957-04-04,1957-12-14,0,0,0,0,0,0,0,0,0,0.0,0.0,0.0
제3대,김병구,미상/직책자,정부/기타 직책자,양정국장,정부위원,learned,5,806,0.00002,1,1954-09-28,1954-09-28,0,0,0,0,0,0,0,0,0,0.0,0.0,0.0
제3대,손노티,미상/직책자,정부/기타 직책자,외자구매처장,기타,fallback,2,1462,0.00004,1,1954-10-18,1954-10-18,0,0,0,0,0,0,0,0,0,0.0,0.0,0.0
제3대,장석윤,무소속,의원,의원,의원,member,3,3275,0.00009,2,1954-10-08,1955-07-25,0,0,0,0,0,0,0,0,0,0.0,0.0,0.0
제3대,박상운,미상/직책자,정부/기타 직책자,상공부전기국장,정부위원,learned,3,839,0.00002,1,1956-01-07,1956-01-07,0,0,0,0,0,0,0,0,0,0.0,0.0,0.0
제3대,김종대,미상/직책자,정부/기타 직책자,재무부이재국장,정부위원,learned,1,374,0.00001,1,1957-12-27,1957-12-27,0,0,0,0,0,0,0,0,0,0.0,0.0,0.0
제3대,조인상,미상/직책자,정부/기타 직책자,위원,의원,fallback,1,91,0.0,1,1954-10-17,1954-10-17,0,0,0,0,0,0,0,0,0,0.0,0.0,0.0
제3대,이근칠,미상/직책자,정부/기타 직책자,문교부고등교육국장,정부위원,fallback,2,545,0.00002,2,1955-06-06,1956-12-16,0,0,0,0,0,0,0,0,0,0.0,0.0,0.0
제3대,강명옥,미상/직책자,정부/기타 직책자,법무부법제실장,정부위원,learned,1,849,0.00002,1,1957-12-13,1957-12-13,0,0,0,0,0,0,0,0,0,0.0,0.0,0.0
제3대,유태식,미상/직책자,정부/기타 직책자,위원,의원,fallback,1,53,0.0,1,1954-09-25,1954-09-25,0,0,0,0,0,0,0,0,0,0.0,0.0,0.0
제3대,김영상,국민회,의원,의원,의원,member,2,1525,0.00004,2,1956-07-27,1957-12-31,0,0,0,0,0,0,0,0,0,0.0,0.0,0.0
제3대,김우동,무소속,의원,위원,의원,member,6,4881,0.00014,2,1956-07-19,1957-07-23,0,0,0,0,0,0,0,0,0,0.0,0.0,0.0
제3대,박술음,미상/직책자,정부/기타 직책자,사회부장관,국무위원,learned,3,4073,0.00012,1,1954-07-15,1955-01-15,0,0,0,0,0,0,0,0,0,0.0,0.0,0.0
제3대,이창규,미상/직책자,정부/기타 직책자,사세청장,정부위원,fallback,1,2233,0.00006,1,1955-07-20,1955-07-20,0,0,0,0,0,0,0,0,0,0.0,0.0,0.0
제3대,강종무,미상/직책자,정부/기타 직책자,농림부농지관리국장,정부위원,member,8,2724,0.00008,1,1956-02-03,1956-02-03,0,0,0,0,0,0,0,0,0,0.0,0.0,0.0
제3대,숫자적인,미상/직책자,정부/기타 직책자,부흥부기획국장,정부위원,fallback,1,493,0.00001,1,1955-05-27,1955-05-27,0,0,0,0,0,0,0,0,0,0.0,0.0,0.0
제3대,강인택,미상/직책자,정부/기타 직책자,감찰위원장,위원장,fallback,2,1645,0.00005,1,1954-07-15,1954-07-15,0,0,0,0,0,0,0,0,0,0.0,0.0,0.0
제3대,전만중,자유당,의원,의원,의원,member,3,3045,0.00009,2,1954-07-14,1956-03-06,0,0,0,0,0,0,0,0,0,0.0,0.0,0.0
제3대,김대식,미상/직책자,정부/기타 직책자,해병대사령관,기타,learned,7,5520,0.00016,1,1957-10-09,1957-10-09,0,0,0,0,0,0,0,0,0,0.0,0.0,0.0
제3대,노진설,미상/직책자,정부/기타 직책자,심계원장,기타,learned,10,4183,0.00012,4,1954-09-01,1956-07-16,0,0,0,0,0,0,0,0,0,0.0,0.0,0.0
제3대,이동희,미상/직책자,정부/기타 직책자,교통부경리국장,정부위원,learned,4,933,0.00003,2,1957-06-26,1957-12-07,0,0,0,0,0,0,0,0,0,0.0,0.0,0.0
제3대,민한기,미상/직책자,정부/기타 직책자,내무부토목국장,정부위원,fallback,1,901,0.00003,1,1957-11-18,1957-11-18,0,0,0,0,0,0,0,0,0,0.0,0.0,0.0
제3대,정갑식,미상/직책자,정부/기타 직책자,의원,의원,fallback,1,596,0.00002,1,1954-06-10,1954-06-10,0,0,0,0,0,0,0,0,0,0.0,0.0,0.0
제3대,김두환,미상/직책자,정부/기타 직책자,의원,의원,fallback,1,430,0.00001,1,1956-02-21,1956-02-21,0,0,0,0,0,0,0,0,0,0.0,0.0,0.0
제3대,김철,무소속,의원,의원,의원,member,1,600,0.00002,1,1957-10-15,1957-10-15,0,0,0,0,0,0,0,0,0,0.0,0.0,0.0
제3대,함재훈,자유당,의원,의원,의원,member,3,2941,0.00008,2,1956-10-08,1957-11-18,0,0,0,0,0,0,0,0,0,0.0,0.0,0.0
제3대,최경남,미상/직책자,정부/기타 직책자,국방부경리국장,정부위원,learned,4,915,0.00003,2,1956-02-09,1956-07-21,0,0,0,0,0,0,0,0,0,0.0,0.0,0.0
제3대,백선진,미상/직책자,정부/기타 직책자,국방부관리국장,정부위원,fallback,1,382,0.00001,1,1956-12-15,1956-12-15,0,0,0,0,0,0,0,0,0,0.0,0.0,0.0
제3대,톤당,미상/직책자,정부/기타 직책자,고등교육국장,정부위원,fallback,1,211,0.00001,1,1955-05-28,1955-05-28,0,0,0,0,0,0,0,0,0,0.0,0.0,0.0
제3대,배응식,미상/직책자,정부/기타 직책자,상공부차관,국무위원,fallback,1,4611,0.00013,1,1954-09-03,1954-09-03,0,0,0,0,0,0,0,0,0,0.0,0.0,0.0
제3대,이재곤,미상/직책자,정부/기타 직책자,체신부전무국장,정부위원,learned,5,1139,0.00003,1,1957-12-04,1957-12-04,0,0,0,0,0,0,0,0,0,0.0,0.0,0.0
제3대,표는,미상/직책자,정부/기타 직책자,상임위원장,위원장,fallback,1,904,0.00003,1,1956-12-31,1956-12-31,0,0,0,0,0,0,0,0,0,0.0,0.0,0.0
제3대,박종만,미상/직책자,정부/기타 직책자,사무총장,사무처,learned,6,836,0.00002,1,1954-06-09,1954-06-17,0,0,0,0,0,0,0,0,0,0.0,0.0,0.0
제3대,송문경,미상/직책자,정부/기타 직책자,의원,의원,fallback,1,1499,0.00004,1,1955-04-23,1955-04-23,0,0,0,0,0,0,0,0,0,0.0,0.0,0.0
제3대,김석호,무소속,의원,의원,의원,member,3,5111,0.00015,2,1955-07-27,1956-07-07,0,0,0,0,0,0,0,0,0,0.0,0.0,0.0
제3대,이규성,미상/직책자,정부/기타 직책자,공군본부군수국장,정부위원,learned,1,706,0.00002,1,1957-10-10,1957-10-10,0,0,0,0,0,0,0,0,0,0.0,0.0,0.0
제3대,유지원,자유당,의원,의원,위원장; 의원,member,2,2910,0.00008,1,1954-09-24,1954-09-24,0,0,0,0,0,0,0,0,0,0.0,0.0,0.0
제3대,윤택선,미상/직책자,정부/기타 직책자,전문위원,의원,fallback,5,1007,0.00003,1,1957-12-03,1957-12-05,0,0,0,0,0,0,0,0,0,0.0,0.0,0.0
제3대,한미,미상/직책자,정부/기타 직책자,부흥부기획국장,정부위원,fallback,1,81,0.0,1,1955-07-16,1955-07-16,0,0,0,0,0,0,0,0,0,0.0,0.0,0.0
제3대,이동환,미상/직책자,정부/기타 직책자,전문위원,의원,member,15,4043,0.00012,4,1955-03-08,1957-12-27,0,0,0,0,0,0,0,0,0,0.0,0.0,0.0
제3대,조병욱,미상/직책자,정부/기타 직책자,서울대학교교학국장,정부위원,fallback,1,1058,0.00003,1,1957-12-21,1957-12-21,0,0,0,0,0,0,0,0,0,0.0,0.0,0.0
제3대,윤용구,자유당,의원,의원,의원,member,3,7017,0.0002,3,1954-12-02,1955-10-14,0,0,0,0,0,0,0,0,0,0.0,0.0,0.0
제3대,장영근,무소속,의원,위원,의원,member,2,38,0.0,1,1957-12-04,1957-12-04,0,0,0,0,0,0,0,0,0,0.0,0.0,0.0
제3대,황병수,미상/직책자,정부/기타 직책자,의원,의원,fallback,1,1077,0.00003,1,1954-06-11,1954-06-11,0,0,0,0,0,0,0,0,0,0.0,0.0,0.0
제3대,강영직,미상/직책자,정부/기타 직책자,교통부공전국장,정부위원,fallback,1,418,0.00001,1,1957-06-26,1957-06-26,0,0,0,0,0,0,0,0,0,0.0,0.0,0.0
제3대,길경복,미상/직책자,정부/기타 직책자,서울특별시경찰국장,정부위원,fallback,1,1406,0.00004,1,1957-07-05,1957-07-05,0,0,0,0,0,0,0,0,0,0.0,0.0,0.0
제3대,김호직,미상/직책자,정부/기타 직책자,문교부차관,국무위원,fallback,3,2090,0.00006,1,1955-12-09,1956-02-17,0,0,0,0,0,0,0,0,0,0.0,0.0,0.0
제3대,손문경,자유당,의원,의원,의원,member,9,8529,0.00025,3,1954-06-11,1957-11-09,0,0,0,0,0,0,0,0,0,0.0,0.0,0.0
제3대,염우양,미상/직책자,정부/기타 직책자,의원,의원,fallback,1,394,0.00001,1,1954-10-18,1954-10-18,0,0,0,0,0,0,0,0,0,0.0,0.0,0.0
제3대,참의원,미상/직책자,정부/기타 직책자,의원,의원,fallback,1,9,0.0,1,1956-03-27,1956-03-27,0,0,0,0,0,0,0,0,0,0.0,0.0,0.0
제3대,지영진,무소속,의원,위원,의원,member,7,4061,0.00012,3,1954-10-15,1957-08-09,0,0,0,0,0,0,0,0,0,0.0,0.0,0.0
제3대,김장흥,미상/직책자,정부/기타 직책자,치안국장,정부위원,fallback,1,837,0.00002,1,1955-07-18,1955-07-18,0,0,0,0,0,0,0,0,0,0.0,0.0,0.0
제3대,오형근,자유당,의원,위원,의원,member,14,4277,0.00012,4,1955-07-08,1957-11-22,0,0,0,0,0,0,0,0,0,0.0,0.0,0.0
제3대,정낙훈,미상/직책자,정부/기타 직책자,농림부장관,국무위원,member,3,2053,0.00006,1,1955-09-23,1955-09-24,0,0,0,0,0,0,0,0,0,0.0,0.0,0.0
제3대,헤어지고,미상/직책자,정부/기타 직책자,의원,의원,fallback,1,67,0.0,1,1958-02-22,1958-02-22,0,0,0,0,0,0,0,0,0,0.0,0.0,0.0
제3대,이용철,미상/직책자,정부/기타 직책자,재무부관재국장,정부위원,learned,2,1010,0.00003,1,1957-11-25,1957-11-25,0,0,0,0,0,0,0,0,0,0.0,0.0,0.0
제3대,최수주,미상/직책자,정부/기타 직책자,부의장,의장단,fallback,1,24,0.0,1,1954-08-18,1954-08-18,0,0,0,0,0,0,0,0,0,0.0,0.0,0.0
제3대,최문흠,미상/직책자,정부/기타 직책자,임시의장,의장단,fallback,1,281,0.00001,1,1954-12-06,1954-12-06,0,0,0,0,0,0,0,0,0,0.0,0.0,0.0
제3대,이것은,미상/직책자,정부/기타 직책자,문화국장,정부위원,fallback,1,38,0.0,1,1955-05-28,1955-05-28,0,0,0,0,0,0,0,0,0,0.0,0.0,0.0
제3대,이종태,미상/직책자,정부/기타 직책자,전매청총무국장,정부위원,fallback,1,245,0.00001,1,1956-12-21,1956-12-21,0,0,0,0,0,0,0,0,0,0.0,0.0,0.0
제3대,회의록,미상/직책자,정부/기타 직책자,부의장,의장단,fallback,1,51,0.0,1,1957-10-14,1957-10-14,0,0,0,0,0,0,0,0,0,0.0,0.0,0.0
제3대,이상룡,미상/직책자,정부/기타 직책자,내무부차관,국무위원,fallback,1,309,0.00001,1,1957-03-07,1957-03-07,0,0,0,0,0,0,0,0,0,0.0,0.0,0.0
제3대,유정식,미상/직책자,정부/기타 직책자,전매청연초국장,정부위원,fallback,1,1011,0.00003,1,1956-07-20,1956-07-20,0,0,0,0,0,0,0,0,0,0.0,0.0,0.0
제3대,임석무,미상/직책자,정부/기타 직책자,법무부차관,국무위원,learned,7,10997,0.00032,2,1955-10-20,1956-06-02,0,0,0,0,0,0,0,0,0,0.0,0.0,0.0
제3대,손준현,자유당,의원,의원,의원,member,3,954,0.00003,2,1956-10-04,1957-07-18,0,0,0,0,0,0,0,0,0,0.0,0.0,0.0
제3대,이순용,미상/직책자,정부/기타 직책자,외자청장,정부위원,learned,7,1079,0.00003,1,1955-06-01,1955-06-01,0,0,0,0,0,0,0,0,0,0.0,0.0,0.0
제3대,김동성,미상/직책자,정부/기타 직책자,증인,증인·참고인,member,2,1622,0.00005,1,1954-11-05,1954-11-05,0,0,0,0,0,0,0,0,0,0.0,0.0,0.0
제3대,이호진,미상/직책자,정부/기타 직책자,의사국장,정부위원,learned,1,1382,0.00004,1,1956-06-18,1956-06-18,0,0,0,0,0,0,0,0,0,0.0,0.0,0.0
제3대,안준기,자유당,의원,의원,미상; 의원,member,23,21037,0.00061,5,1956-01-13,1957-11-28,0,0,0,0,0,0,0,0,0,0.0,0.0,0.0
제3대,이규석,미상/직책자,정부/기타 직책자,농림부양정국장,정부위원,learned,3,700,0.00002,1,1955-04-27,1955-04-27,0,0,0,0,0,0,0,0,0,0.0,0.0,0.0
제3대,이영의,미상/직책자,정부/기타 직책자,의원,의원,fallback,1,15,0.0,1,1955-06-08,1955-06-08,0,0,0,0,0,0,0,0,0,0.0,0.0,0.0
제3대,김선택,미상/직책자,정부/기타 직책자,위원,의원,fallback,1,657,0.00002,1,1957-12-28,1957-12-28,0,0,0,0,0,0,0,0,0,0.0,0.0,0.0
제3대,김원규,자유당,의원,의원,의원,member,6,20193,0.00058,3,1956-12-29,1957-11-04,0,0,0,0,0,0,0,0,0,0.0,0.0,0.0
제3대,박도수,미상/직책자,정부/기타 직책자,농림부양정국장,정부위원,fallback,1,3086,0.00009,1,1956-10-22,1956-10-22,0,0,0,0,0,0,0,0,0,0.0,0.0,0.0
제3대,유순식,자유당,의원,의원,의원,member,2,1893,0.00005,1,1954-11-19,1954-11-29,0,0,0,0,0,0,0,0,0,0.0,0.0,0.0
제3대,김호식,미상/직책자,정부/기타 직책자,문교부차관,국무위원,learned,11,2740,0.00008,1,1955-12-08,1956-01-06,0,0,0,0,0,0,0,0,0,0.0,0.0,0.0
제3대,서정학,미상/직책자,정부/기타 직책자,내무부치안국장,정부위원,learned,5,5065,0.00015,2,1957-07-05,1957-12-21,0,0,0,0,0,0,0,0,0,0.0,0.0,0.0
제3대,김종원,미상/직책자,정부/기타 직책자,내무부치안국장,정부위원,fallback,1,1646,0.00005,1,1956-07-17,1956-07-17,0,0,0,0,0,0,0,0,0,0.0,0.0,0.0
제3대,김상현,자유당,의원,위원,의원,member,11,4168,0.00012,3,1954-07-14,1957-10-14,0,0,0,0,0,0,0,0,0,0.0,0.0,0.0
제3대,홍순철,자유당,의원,위원,의원,member,3,428,0.00001,2,1957-07-08,1957-12-03,0,0,0,0,0,0,0,0,0,0.0,0.0,0.0
제3대,이우룡,미상/직책자,정부/기타 직책자,해군본부예산국장,정부위원,fallback,2,877,0.00003,1,1957-10-09,1957-10-09,0,0,0,0,0,0,0,0,0,0.0,0.0,0.0
제3대,황숙현,미상/직책자,정부/기타 직책자,농림위원회전문위원,의원,member,1,989,0.00003,1,1956-12-24,1956-12-24,0,0,0,0,0,0,0,0,0,0.0,0.0,0.0
제3대,장하정,미상/직책자,정부/기타 직책자,부흥부기획국장,정부위원,fallback,1,867,0.00002,1,1956-07-22,1956-07-22,0,0,0,0,0,0,0,0,0,0.0,0.0,0.0
제3대,백재홍,미상/직책자,정부/기타 직책자,의원,의원,fallback,1,793,0.00002,1,1956-01-13,1956-01-13,0,0,0,0,0,0,0,0,0,0.0,0.0,0.0
제3대,이병홍,호헌동지회,의원,의원,의원,member,5,11361,0.00033,2,1955-04-29,1955-10-07,0,0,0,0,0,0,0,0,0,0.0,0.0,0.0
제3대,도의원,미상/직책자,정부/기타 직책자,의원,의원,fallback,1,20,0.0,1,1957-10-28,1957-10-28,0,0,0,0,0,0,0,0,0,0.0,0.0,0.0
제3대,김석범,미상/직책자,정부/기타 직책자,해병사령관,기타,fallback,1,467,0.00001,1,1956-12-15,1956-12-15,0,0,0,0,0,0,0,0,0,0.0,0.0,0.0
제3대,신현주,미상/직책자,정부/기타 직책자,서울특별시건설국장,정부위원,learned,3,2266,0.00007,1,1957-08-05,1957-08-05,0,0,0,0,0,0,0,0,0,0.0,0.0,0.0
제3대,홍영기,미상/직책자,정부/기타 직책자,전문위원,의원,fallback,3,247,0.00001,1,1957-10-09,1957-10-14,0,0,0,0,0,0,0,0,0,0.0,0.0,0.0
제3대,박영진,미상/직책자,정부/기타 직책자,의원,의원,fallback,1,53,0.0,1,1954-10-27,1954-10-27,0,0,0,0,0,0,0,0,0,0.0,0.0,0.0
제3대,정영기,미상/직책자,정부/기타 직책자,광무국장,정부위원,learned,1,1340,0.00004,1,1955-07-19,1955-07-19,0,0,0,0,0,0,0,0,0,0.0,0.0,0.0
제3대,정명선,자유당,의원,의원,의원,member,2,5276,0.00015,1,1954-09-29,1954-11-02,0,0,0,0,0,0,0,0,0,0.0,0.0,0.0
제3대,김성복,무소속,의원,위원장대리,위원장; 의원,member,41,17070,0.00049,4,1955-03-10,1957-11-01,0,0,0,0,0,0,0,0,0,0.0,0.0,0.0
제3대,이협우,무소속,의원,의원,의원,member,1,6,0.0,1,1954-06-10,1954-06-10,0,0,0,0,0,0,0,0,0,0.0,0.0,0.0
제3대,박영배,미상/직책자,정부/기타 직책자,전문위원,의원,fallback,1,135,0.0,1,1956-07-12,1956-07-12,0,0,0,0,0,0,0,0,0,0.0,0.0,0.0
제3대,김선기,미상/직책자,정부/기타 직책자,문교부차관,국무위원,learned,3,1605,0.00005,2,1957-12-06,1958-02-21,0,0,0,0,0,0,0,0,0,0.0,0.0,0.0
제3대,변정규,미상/직책자,정부/기타 직책자,농지관리국장,정부위원,learned,13,1866,0.00005,1,1955-06-03,1955-06-06,0,0,0,0,0,0,0,0,0,0.0,0.0,0.0
제3대,정홍섭,미상/직책자,정부/기타 직책자,사무차장,기타,learned,2,2263,0.00007,2,1957-03-06,1957-08-31,0,0,0,0,0,0,0,0,0,0.0,0.0,0.0
제3대,표양문,자유당,의원,의원,의원,member,1,3750,0.00011,1,1955-06-16,1955-06-16,0,0,0,0,0,0,0,0,0,0.0,0.0,0.0
제3대,정세환,무소속,의원,위원,의원,member,9,506,0.00001,1,1956-07-11,1956-07-13,0,0,0,0,0,0,0,0,0,0.0,0.0,0.0
제4대,송인상,미상/직책자,정부/기타 직책자,재무부장관,국무위원,learned,420,943978,0.03507,4,1958-06-27,1959-12-31,226,146,31,14,39,16,403,69,472,0.427,0.073,0.5
제4대,이철승,민주당,의원,위원,의원,member,1282,753417,0.02799,7,1958-06-20,1960-04-26,46,51,5,57,38,1,102,96,198,0.135,0.127,0.263
제4대,주요한,민주당,의원,위원,위원장; 의원,member,251,550869,0.02046,4,1958-06-27,1960-01-11,78,56,20,16,6,11,154,33,187,0.28,0.06,0.339
제4대,손창환,미상/직책자,정부/기타 직책자,보건사회부장관,국무위원,learned,81,141163,0.00524,3,1958-07-22,1959-12-29,52,7,80,12,7,2,139,21,160,0.985,0.149,1.133
제4대,신현확,미상/직책자,정부/기타 직책자,부흥부장관,국무위원; 정부위원,learned,307,353296,0.01312,4,1958-07-08,1960-01-18,107,1,3,10,27,12,111,49,160,0.314,0.139,0.453
제4대,유옥우,민주당,의원,위원,의원,member,462,463165,0.0172,6,1958-06-09,1960-04-22,14,82,28,13,18,2,124,33,157,0.268,0.071,0.339
제4대,이근직,미상/직책자,정부/기타 직책자,농림부장관,국무위원,learned,117,235961,0.00877,2,1959-04-01,1959-12-29,42,66,11,7,7,1,119,15,134,0.504,0.064,0.568
제4대,김학준,민주당,의원,위원,의원,member,268,159409,0.00592,4,1958-08-23,1959-12-31,5,17,103,7,0,0,125,7,132,0.784,0.044,0.828
제4대,김현철,미상/직책자,정부/기타 직책자,재무부장관,국무위원,learned,183,416090,0.01546,2,1958-06-30,1958-12-24,21,77,3,4,16,5,101,25,126,0.243,0.06,0.303
제4대,구용서,미상/직책자,정부/기타 직책자,상공부장관,국무위원; 기타,learned,150,319285,0.01186,4,1958-07-20,1960-01-11,83,6,6,2,12,12,95,26,121,0.298,0.081,0.379
제4대,문종두,무소속,의원,위원,위원장; 의원,member,450,242202,0.009,5,1958-06-09,1959-12-18,50,24,14,14,17,0,88,31,119,0.363,0.128,0.491
제4대,민관식,무소속,의원,위원,의원,member,390,269894,0.01003,5,1958-07-07,1960-04-22,6,8,76,13,6,8,90,27,117,0.333,0.1,0.434
제4대,이호진,미상/직책자,정부/기타 직책자,의사국장,정부위원,learned,262,541038,0.0201,6,1958-07-08,1960-04-27,22,57,6,11,5,16,85,32,117,0.157,0.059,0.216
제4대,조재천,민주당,의원,위원,의원,member,241,601017,0.02233,6,1958-06-20,1960-04-25,6,0,0,63,42,1,6,106,112,0.01,0.176,0.186
제4대,조순,자유당,의원,위원장,위원장; 의원,member,925,163742,0.00608,6,1958-07-12,1960-04-27,77,2,0,6,17,1,79,24,103,0.482,0.147,0.629
제4대,김동욱,민주당,의원,위원,의원,member,128,265882,0.00988,4,1958-06-26,1960-01-19,9,57,10,8,18,0,76,26,102,0.286,0.098,0.384
제4대,곽의영,자유당,의원,체신부장관,국무위원; 의원,member,157,177752,0.0066,4,1958-06-26,1960-01-14,76,3,0,3,5,5,79,13,92,0.444,0.073,0.518
제4대,임문석,민주당,의원,위원,의원,member,178,161733,0.00601,4,1959-02-03,1960-04-19,32,14,1,8,7,27,47,42,89,0.291,0.26,0.55
제4대,권성기,미상/직책자,정부/기타 직책자,해무청장,정부위원,learned,118,142710,0.0053,3,1958-07-16,1959-12-29,67,11,2,1,7,1,80,9,89,0.561,0.063,0.624
제4대,박철웅,자유당,의원,위원,위원장; 의원,member,120,130785,0.00486,4,1958-07-02,1960-01-14,61,4,4,4,10,5,69,19,88,0.528,0.145,0.673
제4대,김도연,민주당,의원,위원,의원,member,151,219601,0.00816,4,1958-06-24,1960-01-18,13,48,5,15,3,2,66,20,86,0.301,0.091,0.392
제4대,엄상섭,민주당,의원,위원,의원,member,459,470888,0.01749,7,1958-06-20,1960-04-26,20,6,6,32,21,0,32,53,85,0.068,0.113,0.181
제4대,김일환,미상/직책자,정부/기타 직책자,내무부장관,국무위원,learned,188,212296,0.00789,5,1958-07-07,1959-12-29,72,0,1,8,2,1,73,11,84,0.344,0.052,0.396
제4대,최재유,미상/직책자,정부/기타 직책자,문교부장관,국무위원,learned,112,208482,0.00774,3,1958-11-06,1960-01-19,68,1,0,5,3,4,69,12,81,0.331,0.058,0.389
제4대,이종남,민주당,의원,위원,의원,member,327,232646,0.00864,5,1958-06-30,1960-04-19,20,19,0,5,30,4,39,39,78,0.168,0.168,0.335
제4대,정재설,미상/직책자,정부/기타 직책자,농림부장관,국무위원,learned,95,197781,0.00735,2,1958-06-21,1958-12-24,41,11,12,3,7,0,64,10,74,0.324,0.051,0.374
제4대,정성태,민주당,의원,위원,의원,member,223,133252,0.00495,5,1958-07-19,1959-12-22,13,6,24,25,4,1,43,30,73,0.323,0.225,0.548
제4대,정재완,민주당,의원,위원,의원,member,177,127376,0.00473,4,1958-06-30,1960-01-14,48,4,0,2,4,14,52,20,72,0.408,0.157,0.565
제4대,서상준,미상/직책자,정부/기타 직책자,총무국장,정부위원,learned,344,129743,0.00482,7,1958-06-07,1960-03-23,54,4,0,5,2,6,58,13,71,0.447,0.1,0.547
제4대,신규식,자유당,의원,위원장,미상; 위원장; 의원,member,429,240850,0.00895,4,1958-06-20,1959-12-23,26,12,5,11,17,0,43,28,71,0.179,0.116,0.295
제4대,박병배,무소속,의원,위원,의원,member,756,276724,0.01028,6,1958-06-27,1960-04-22,27,4,6,9,24,0,37,33,70,0.134,0.119,0.253
제4대,김병윤,미상/직책자,정부/기타 직책자,농림부차관,국무위원,learned,171,201684,0.00749,2,1958-06-20,1958-12-16,35,24,3,6,1,0,62,7,69,0.307,0.035,0.342
제4대,서정귀,민주당,의원,위원,의원,member,116,82585,0.00307,4,1958-07-19,1959-12-29,19,42,0,0,7,0,61,7,68,0.739,0.085,0.823
제4대,김선태,민주당,의원,위원,의원,member,691,389070,0.01445,6,1958-06-20,1960-04-26,19,0,12,18,19,0,31,37,68,0.08,0.095,0.175
제4대,김의창,미상/직책자,정부/기타 직책자,상공부차관,국무위원,learned,169,141636,0.00526,3,1958-07-15,1959-11-30,58,1,2,0,2,3,61,5,66,0.431,0.035,0.466
제4대,고담용,민주당,의원,위원,의원,member,82,149814,0.00557,6,1958-07-07,1960-03-19,7,8,19,12,18,0,34,30,64,0.227,0.2,0.427
제4대,계광순,민주당,의원,위원,의원,member,35,123377,0.00458,3,1958-07-07,1959-12-23,18,5,28,4,8,0,51,12,63,0.413,0.097,0.511
제4대,천병규,미상/직책자,정부/기타 직책자,재무부차관,국무위원,learned,128,147130,0.00547,1,1958-06-30,1958-08-23,11,38,0,1,11,1,49,13,62,0.333,0.088,0.421
제4대,강영훈,민주당,의원,위원,의원; 정부위원,member,629,180789,0.00672,5,1958-06-27,1959-12-21,45,0,7,2,5,3,52,10,62,0.288,0.055,0.343
제4대,조광희,자유당,의원,위원,위원장; 의원,member,32,99519,0.0037,4,1958-06-21,1959-12-21,53,2,3,2,1,1,58,4,62,0.583,0.04,0.623
제4대,조영규,민주당,의원,위원,위원장; 의원,member,260,225737,0.00839,6,1958-06-09,1960-04-26,19,7,4,20,11,1,30,32,62,0.133,0.142,0.275
제4대,박해정,민주당,의원,위원,의원,member,202,250415,0.0093,4,1958-06-24,1959-12-28,12,24,10,7,7,0,46,14,60,0.184,0.056,0.24
제4대,원용석,자유당,의원,위원장,미상; 위원장; 의원,member,293,113683,0.00422,4,1958-06-30,1960-01-21,14,18,0,6,5,17,32,28,60,0.281,0.246,0.528
제4대,서범석,민주당,의원,위원,위원장; 의원,member,548,328290,0.01219,8,1958-06-21,1960-04-27,9,8,7,21,13,0,24,34,58,0.073,0.104,0.177
제4대,조한백,민주당,의원,위원,의원,member,103,157223,0.00584,4,1958-06-19,1959-12-30,20,25,3,6,2,1,48,9,57,0.305,0.057,0.363
제4대,김선기,미상/직책자,정부/기타 직책자,문교부차관,국무위원,learned,122,143939,0.00535,3,1958-06-20,1959-12-15,44,0,8,1,3,1,52,5,57,0.361,0.035,0.396
제4대,김종철,자유당,의원,위원,의원,member,54,78131,0.0029,4,1958-07-16,1959-12-23,15,25,3,0,3,8,43,11,54,0.55,0.141,0.691
제4대,정준모,자유당,의원,위원,위원장; 의원,member,27,52176,0.00194,3,1958-07-22,1959-12-28,37,8,4,2,2,0,49,4,53,0.939,0.077,1.016
제4대,김원전,자유당,의원,위원,위원장; 의원,member,95,63038,0.00234,4,1958-06-27,1960-01-16,21,5,18,0,3,5,44,8,52,0.698,0.127,0.825
제4대,오표,미상/직책자,정부/기타 직책자,전문위원,의원,learned,65,14369,0.00053,4,1958-11-20,1960-04-18,2,3,45,0,0,0,50,0,50,3.48,0.0,3.48
제4대,양일동,무소속,의원,위원,미상; 위원장; 의원,member,787,182538,0.00678,7,1958-06-09,1960-04-27,26,13,2,1,7,0,41,8,49,0.225,0.044,0.268
제4대,이재형,무소속,의원,위원,위원장; 의원,member,156,171834,0.00638,5,1958-07-19,1960-04-27,10,20,2,7,8,1,32,16,48,0.186,0.093,0.279
제4대,최인규,자유당,의원,내무부장관,국무위원; 의원,member,255,235071,0.00873,5,1958-06-21,1960-01-19,25,0,0,16,6,1,25,23,48,0.106,0.098,0.204
제4대,류순식,미상/직책자,정부/기타 직책자,위원,위원장; 의원,learned,288,81857,0.00304,8,1958-07-11,1960-04-22,34,0,0,8,6,0,34,14,48,0.415,0.171,0.586
제4대,이영희,자유당,의원,위원장,미상; 위원장; 의원,member,784,187095,0.00695,5,1958-06-18,1960-01-21,25,6,4,10,1,0,35,11,46,0.187,0.059,0.246
제4대,전성천,미상/직책자,정부/기타 직책자,공보실장,정부위원,learned,86,118824,0.00441,2,1959-05-22,1959-12-15,23,0,0,12,9,1,23,22,45,0.194,0.185,0.379
제4대,배성기,민주당,의원,위원,위원장; 의원,member,86,126340,0.00469,4,1958-06-20,1960-01-19,26,4,8,4,1,1,38,6,44,0.301,0.047,0.348
제4대,박찬현,민주당,의원,위원,의원,member,67,114221,0.00424,4,1958-06-09,1960-01-19,9,9,12,6,8,0,30,14,44,0.263,0.123,0.385
제4대,권택상,미상/직책자,정부/기타 직책자,재무부사세국장,정부위원,learned,80,38829,0.00144,4,1958-07-18,1959-12-16,1,42,0,0,0,0,43,0,43,1.107,0.0,1.107
제4대,김석진,자유당,의원,위원,위원장; 의원,member,237,129501,0.00481,6,1958-06-30,1960-04-25,9,13,12,3,5,0,34,8,42,0.263,0.062,0.324
제4대,박만원,자유당,의원,위원장,미상; 위원장; 의원,member,494,206783,0.00768,4,1958-06-09,1960-01-21,3,2,0,13,22,2,5,37,42,0.024,0.179,0.203
제4대,안덕기,자유당,의원,위원,의원,member,24,50466,0.00187,4,1958-07-02,1959-11-19,38,2,0,0,1,1,40,2,42,0.793,0.04,0.832
제4대,김병순,자유당,의원,위원,위원장; 의원,member,27,56373,0.00209,4,1958-07-18,1959-12-05,36,0,1,0,4,0,37,4,41,0.656,0.071,0.727
제4대,정준,무소속,의원,의원,의원,member,105,206038,0.00765,5,1958-06-20,1960-04-27,4,2,11,19,5,0,17,24,41,0.083,0.116,0.199
제4대,김주묵,민주당,의원,위원,의원,member,103,134492,0.005,5,1958-06-23,1959-11-20,7,2,2,18,10,1,11,29,40,0.082,0.216,0.297
제4대,정영기,미상/직책자,정부/기타 직책자,부흥부차관,국무위원; 정부위원,learned,58,45715,0.0017,4,1958-07-07,1960-01-19,31,0,2,4,0,2,33,6,39,0.722,0.131,0.853
제4대,이갑식,자유당,의원,위원장,위원장; 의원,member,405,68148,0.00253,4,1958-07-18,1959-12-06,2,35,0,1,1,0,37,2,39,0.543,0.029,0.572
제4대,허윤수,민주당,의원,위원,의원,member,107,130093,0.00483,4,1958-06-21,1959-12-23,23,4,7,3,1,1,34,5,39,0.261,0.038,0.3
제4대,김법린,미상/직책자,정부/기타 직책자,원자력원장,기타,member,10,24810,0.00092,2,1959-05-26,1959-12-15,38,0,0,0,0,0,38,0,38,1.532,0.0,1.532
제4대,나판수,자유당,의원,위원,위원장; 의원,member,262,86239,0.0032,5,1958-06-23,1960-04-19,4,0,21,3,7,2,25,12,37,0.29,0.139,0.429
제4대,문봉제,미상/직책자,정부/기타 직책자,교통부장관,국무위원,learned,40,42325,0.00157,1,1958-07-19,1958-08-23,32,0,1,1,2,0,33,3,36,0.78,0.071,0.851
제4대,김정렬,미상/직책자,정부/기타 직책자,국방부장관,국무위원,fallback,161,166592,0.00619,6,1958-06-20,1960-04-22,17,0,2,2,14,0,19,16,35,0.114,0.096,0.21
제4대,정일형,민주당,의원,의원,위원장; 의원,member,22,92960,0.00345,4,1958-06-24,1960-01-11,0,2,5,15,9,4,7,28,35,0.075,0.301,0.377
제4대,최용근,자유당,의원,위원장,미상; 위원장; 의원,member,442,84392,0.00313,3,1958-06-28,1960-01-15,0,19,0,16,0,0,19,16,35,0.225,0.19,0.415
제4대,임차주,자유당,의원,위원장대리,위원장; 의원,member,146,97947,0.00364,4,1958-06-21,1959-12-05,21,2,6,1,4,0,29,5,34,0.296,0.051,0.347
제4대,임철호,자유당,의원,부의장,의원; 의장단,member,716,160354,0.00596,5,1958-08-21,1960-04-27,15,4,0,8,6,1,19,15,34,0.118,0.094,0.212
제4대,안용대,무소속,의원,위원,의원,member,51,50090,0.00186,4,1958-07-08,1959-11-13,2,18,0,0,3,11,20,14,34,0.399,0.279,0.679
제4대,오임근,미상/직책자,정부/기타 직책자,재무부차관,국무위원; 정부위원,learned,148,131494,0.00488,2,1958-07-16,1958-12-23,8,23,0,0,1,1,31,2,33,0.236,0.015,0.251
제4대,이만우,민주당,의원,위원,의원,member,142,154323,0.00573,4,1958-06-21,1959-12-30,13,3,5,5,7,0,21,12,33,0.136,0.078,0.214
제4대,김재곤,민주당,의원,위원,의원,member,227,181667,0.00675,5,1958-06-28,1960-04-26,7,3,10,10,3,0,20,13,33,0.11,0.072,0.182
제4대,이종수,자유당,의원,위원장,미상; 위원장; 정부위원,member,195,42277,0.00157,4,1958-07-24,1960-01-21,1,1,30,0,0,0,32,0,32,0.757,0.0,0.757
제4대,유봉순,자유당,의원,위원,위원장; 의원,member,144,184378,0.00685,6,1958-06-24,1960-04-15,1,2,0,5,22,1,3,28,31,0.016,0.152,0.168
제4대,류홍,민주당,의원,위원,의원,member,45,71920,0.00267,4,1958-06-19,1959-12-29,3,15,3,7,2,1,21,10,31,0.292,0.139,0.431
제4대,송요찬,미상/직책자,정부/기타 직책자,육군참모총장,기타,learned,71,53422,0.00198,3,1959-06-11,1959-12-21,25,0,2,2,1,0,27,3,30,0.505,0.056,0.562
제4대,박세경,자유당,의원,법제사법위원장,미상; 위원장; 의원,member,294,130815,0.00486,4,1958-06-23,1960-02-22,4,7,1,12,3,3,12,18,30,0.092,0.138,0.229
제4대,조종호,무소속,의원,위원,위원장; 의원,member,40,95760,0.00356,4,1958-06-19,1960-01-11,18,5,0,2,3,1,23,6,29,0.24,0.063,0.303
제4대,류청,미상/직책자,정부/기타 직책자,위원,의원,fallback,156,195420,0.00726,4,1958-07-16,1960-01-19,6,2,5,4,11,1,13,16,29,0.067,0.082,0.148
제4대,이형모,자유당,의원,위원장,위원장; 의원,member,568,130163,0.00484,5,1958-06-27,1960-04-19,10,4,0,2,10,3,14,15,29,0.108,0.115,0.223
제4대,구태회,자유당,의원,위원,위원장; 의원,member,43,43848,0.00163,4,1958-07-18,1960-01-18,5,20,1,1,2,0,26,3,29,0.593,0.068,0.661
제4대,최규하,미상/직책자,정부/기타 직책자,외무부차관,국무위원,learned,33,50314,0.00187,1,1959-10-15,1960-01-20,2,0,0,14,4,8,2,26,28,0.04,0.517,0.557
제4대,민장식,민주당,의원,위원,위원장; 의원,member,101,132555,0.00492,4,1958-07-18,1960-01-20,5,7,0,8,7,1,12,16,28,0.091,0.121,0.211
제4대,손도심,자유당,의원,위원,의원,member,259,152206,0.00565,5,1958-06-23,1960-04-11,6,0,0,11,10,0,6,21,27,0.039,0.138,0.177
제4대,김영준,미상/직책자,정부/기타 직책자,농림부산림국장,정부위원,learned,28,46776,0.00174,3,1958-07-18,1959-11-23,22,1,0,0,2,2,23,4,27,0.492,0.086,0.577
제4대,정중섭,민주당,의원,위원,의원,member,158,123269,0.00458,6,1958-07-07,1960-04-27,4,0,2,14,7,0,6,21,27,0.049,0.17,0.219
제4대,오재경,미상/직책자,정부/기타 직책자,공보실장,정부위원,learned,52,75991,0.00282,2,1958-07-03,1958-12-16,15,0,0,1,9,1,15,11,26,0.197,0.145,0.342
제4대,오범수,자유당,의원,위원,의원,member,140,38611,0.00143,6,1958-06-30,1960-04-22,17,0,3,2,4,0,20,6,26,0.518,0.155,0.673
제4대,김정열,미상/직책자,정부/기타 직책자,국방부장관,국무위원,learned,88,130312,0.00484,4,1958-07-22,1959-12-11,18,0,0,1,7,0,18,8,26,0.138,0.061,0.2
제4대,유성권,민주당,의원,위원,의원,member,223,57295,0.00213,6,1958-07-19,1960-04-22,7,0,10,8,1,0,17,9,26,0.297,0.157,0.454
제4대,이성주,자유당,의원,위원장,미상; 위원장; 의원,member,804,179316,0.00666,7,1958-06-09,1960-04-27,16,3,0,3,4,0,19,7,26,0.106,0.039,0.145
제4대,이재학,자유당,의원,부의장,의원; 의장단,member,1632,250084,0.00929,7,1958-06-07,1960-04-27,10,1,0,8,2,4,11,14,25,0.044,0.056,0.1
제4대,윤형남,민주당,의원,위원,의원,member,89,110850,0.00412,4,1958-07-08,1960-01-12,5,1,1,13,5,0,7,18,25,0.063,0.162,0.226
제4대,진형하,민주당,의원,위원,의원,member,183,79964,0.00297,5,1958-11-25,1960-04-19,3,0,12,4,5,1,15,10,25,0.188,0.125,0.313
제4대,권오종,민주당,의원,위원,의원,member,138,28527,0.00106,4,1958-06-18,1959-12-09,21,0,0,2,2,0,21,4,25,0.736,0.14,0.876
제4대,홍진기,미상/직책자,정부/기타 직책자,법무부장관,국무위원,learned,118,135506,0.00503,6,1958-06-20,1960-04-12,0,0,4,11,9,0,4,20,24,0.03,0.148,0.177
제4대,심상대,미상/직책자,정부/기타 직책자,증인,증인·참고인,fallback,6,3442,0.00013,1,1959-07-08,1959-07-08,0,3,20,0,0,0,23,0,23,6.682,0.0,6.682
제4대,민한식,미상/직책자,정부/기타 직책자,내무부토목국장,정부위원,learned,20,19079,0.00071,2,1958-07-16,1958-12-08,22,0,0,0,1,0,22,1,23,1.153,0.052,1.206
제4대,주금용,무소속,의원,위원,의원,member,49,28279,0.00105,5,1958-07-10,1959-12-26,1,18,1,1,2,0,20,3,23,0.707,0.106,0.813
제4대,이태용,민주당,의원,위원,위원장; 의원,member,440,238509,0.00886,7,1958-06-18,1960-04-27,9,0,0,3,10,1,9,14,23,0.038,0.059,0.096
제4대,이천승,미상/직책자,정부/기타 직책자,전문위원,의원,learned,75,14825,0.00055,4,1959-05-14,1960-03-23,21,0,0,0,1,1,21,2,23,1.417,0.135,1.551
제4대,구흥남,자유당,의원,위원장,미상; 위원장; 의원,member,253,78635,0.00292,4,1958-06-20,1960-01-14,16,0,0,3,3,0,16,6,22,0.203,0.076,0.28
제4대,김웅수,미상/직책자,정부/기타 직책자,육군본부군수참모부장,정부위원,learned,43,24967,0.00093,2,1958-07-02,1959-11-28,21,0,0,0,1,0,21,1,22,0.841,0.04,0.881
제4대,윤병구,자유당,의원,위원,의원,member,26,42911,0.00159,4,1958-06-19,1959-12-05,14,1,3,2,2,0,18,4,22,0.419,0.093,0.513
제4대,우희창,민주당,의원,위원,위원장; 의원,member,247,116988,0.00435,5,1958-06-27,1959-12-31,7,2,3,1,5,3,12,9,21,0.103,0.077,0.18
제4대,지영진,자유당,의원,위원,의원,member,11,12336,0.00046,3,1958-11-14,1959-12-09,20,0,0,0,1,0,20,1,21,1.621,0.081,1.702
제4대,한희석,자유당,의원,부의장,의원; 의장단,member,934,280858,0.01043,3,1958-06-07,1959-03-09,1,6,0,9,4,1,7,14,21,0.025,0.05,0.075
제4대,황숙현,자유당,의원,위원,위원장; 의원,member,70,84145,0.00313,4,1958-06-21,1959-12-29,11,5,0,0,2,3,16,5,21,0.19,0.059,0.25
제4대,정명섭,자유당,의원,위원장,미상; 위원장; 의원,member,267,50309,0.00187,5,1958-06-23,1959-11-30,18,0,0,0,3,0,18,3,21,0.358,0.06,0.417
제4대,박상길,무소속,의원,위원,의원,member,71,65623,0.00244,4,1958-06-26,1960-01-18,2,1,3,10,2,2,6,14,20,0.091,0.213,0.305
제4대,조정환,미상/직책자,정부/기타 직책자,외무부장관,국무위원,learned,36,35182,0.00131,4,1958-07-14,1959-09-01,3,0,0,12,3,1,3,16,19,0.085,0.455,0.54
제4대,김응주,민주당,의원,위원,의원,member,64,106347,0.00395,5,1958-07-15,1960-04-16,13,0,0,3,3,0,13,6,19,0.122,0.056,0.179
제4대,김진만,자유당,의원,위원,의원,member,51,27615,0.00103,4,1958-07-07,1959-11-24,1,9,8,1,0,0,18,1,19,0.652,0.036,0.688
제4대,유용식,자유당,의원,위원,미상; 위원장; 의원,member,562,58142,0.00216,6,1958-08-21,1960-04-22,6,2,1,7,3,0,9,10,19,0.155,0.172,0.327
제4대,윤명운,민주당,의원,위원,의원,member,174,114408,0.00425,7,1958-07-19,1960-04-10,12,1,0,5,1,0,13,6,19,0.114,0.052,0.166
제4대,윤성순,자유당,의원,외무위원장,위원장; 의원,member,6,21658,0.0008,3,1958-07-09,1959-05-25,5,0,3,0,2,9,8,11,19,0.369,0.508,0.877
제4대,정남규,미상/직책자,정부/기타 직책자,증인,기타; 증인·참고인,learned,37,28977,0.00108,3,1958-07-18,1960-03-24,17,0,0,0,1,0,17,1,18,0.587,0.035,0.621
제4대,김장섭,자유당,의원,농림부차관,국무위원; 의원,member,90,75123,0.00279,5,1958-09-08,1960-03-18,16,0,0,0,2,0,16,2,18,0.213,0.027,0.24
제4대,이용범,자유당,의원,위원,의원,member,20,7642,0.00028,3,1958-07-20,1959-12-28,10,0,7,1,0,0,17,1,18,2.225,0.131,2.355
제4대,김두진,자유당,의원,위원장대리,위원장; 의원,member,483,105242,0.00391,4,1958-06-21,1959-12-28,5,3,3,3,4,0,11,7,18,0.105,0.067,0.171
제4대,박종식,미상/직책자,정부/기타 직책자,재무부차관,국무위원,learned,110,49551,0.00184,2,1959-05-25,1960-01-19,2,0,0,0,0,16,2,16,18,0.04,0.323,0.363
제4대,김원만,민주당,의원,위원,위원장; 의원,member,94,105059,0.0039,4,1958-07-19,1960-01-11,12,1,0,4,1,0,13,5,18,0.124,0.048,0.171
제4대,김철안,자유당,의원,위원,의원,member,64,68235,0.00253,4,1958-06-21,1959-12-05,7,1,0,0,9,0,8,9,17,0.117,0.132,0.249
제4대,김용후,미상/직책자,정부/기타 직책자,증인,증인·참고인,fallback,66,11159,0.00041,1,1959-07-08,1959-07-08,2,0,13,0,2,0,15,2,17,1.344,0.179,1.523
제4대,강용옥,미상/직책자,정부/기타 직책자,상공부공업국장,정부위원,learned,21,7517,0.00028,2,1958-12-09,1959-12-05,15,0,1,0,1,0,16,1,17,2.129,0.133,2.262
제4대,정헌주,민주당,의원,위원,위원장; 의원,member,67,64839,0.00241,5,1958-06-24,1960-01-19,5,4,0,2,4,2,9,8,17,0.139,0.123,0.262
제4대,신두영,미상/직책자,정부/기타 직책자,국무원사무국장,정부위원,learned,23,23253,0.00086,3,1958-07-29,1959-12-18,14,0,0,1,2,0,14,3,17,0.602,0.129,0.731
제4대,홍병각,자유당,의원,위원,의원,member,48,57081,0.00212,4,1958-06-21,1959-12-29,2,6,0,5,2,2,8,9,17,0.14,0.158,0.298
제4대,한광석,자유당,의원,위원,의원,member,160,75483,0.0028,4,1958-06-20,1959-11-07,4,0,1,8,3,0,5,11,16,0.066,0.146,0.212
제4대,한근조,민주당,의원,위원,의원,member,113,107495,0.00399,6,1958-07-07,1960-04-12,1,0,5,5,5,0,6,10,16,0.056,0.093,0.149
제4대,송영주,민주당,의원,위원,의원,member,20,31207,0.00116,4,1958-06-20,1959-10-20,13,0,0,2,1,0,13,3,16,0.417,0.096,0.513
제4대,이창우,미상/직책자,정부/기타 직책자,증인,증인·참고인,fallback,68,5401,0.0002,1,1959-06-11,1959-06-11,2,0,14,0,0,0,16,0,16,2.962,0.0,2.962
제4대,정규상,자유당,의원,위원장,미상; 위원장; 의원,member,209,57234,0.00213,4,1958-07-07,1960-01-21,6,0,0,6,2,2,6,10,16,0.105,0.175,0.28
제4대,이상용,자유당,의원,위원장,미상; 위원장; 의원,member,216,41941,0.00156,5,1958-07-16,1960-03-22,3,7,0,0,2,4,10,6,16,0.238,0.143,0.381
제4대,이사형,무소속,의원,위원,의원,member,60,25669,0.00095,5,1958-07-21,1960-04-22,3,0,10,0,0,2,13,2,15,0.506,0.078,0.584
제4대,조일환,민주당,의원,위원,의원,member,65,43898,0.00163,4,1958-07-07,1960-01-20,8,0,3,1,0,3,11,4,15,0.251,0.091,0.342
제4대,이필호,민주당,의원,위원,위원장; 의원,member,493,100562,0.00374,6,1958-07-02,1960-04-22,4,1,3,3,4,0,8,7,15,0.08,0.07,0.149
제4대,민병기,미상/직책자,정부/기타 직책자,내무부장관,국무위원,learned,66,64708,0.0024,1,1958-06-20,1958-08-06,9,0,1,4,1,0,10,5,15,0.155,0.077,0.232
제4대,박흥규,자유당,의원,위원장,위원장; 의원,member,1139,136655,0.00508,5,1958-07-14,1960-04-15,9,1,1,2,2,0,11,4,15,0.08,0.029,0.11
제4대,전효섭,미상/직책자,정부/기타 직책자,상공부광무국장,정부위원,learned,22,10258,0.00038,1,1959-11-18,1959-11-23,12,0,0,1,2,0,12,3,15,1.17,0.292,1.462
제4대,이남신,미상/직책자,정부/기타 직책자,농림부축정국장,정부위원,learned,31,32743,0.00122,3,1958-07-18,1959-11-23,12,0,2,0,1,0,14,1,15,0.428,0.031,0.458
제4대,류진산,미상/직책자,정부/기타 직책자,위원,의원,learned,154,132933,0.00494,7,1958-08-06,1960-03-22,3,0,0,1,10,0,3,11,14,0.023,0.083,0.105
제4대,이상현,미상/직책자,정부/기타 직책자,농림부농지관리국장,정부위원,learned,17,26571,0.00099,3,1958-07-18,1959-11-23,13,0,0,0,0,1,13,1,14,0.489,0.038,0.527
제4대,윤용구,자유당,의원,위원,위원장; 의원,member,172,116326,0.00432,4,1958-06-20,1959-12-05,6,1,4,0,3,0,11,3,14,0.095,0.026,0.12
제4대,이생우,미상/직책자,정부/기타 직책자,증인,증인·참고인,fallback,27,7460,0.00028,1,1959-07-08,1959-07-08,1,0,12,0,1,0,13,1,14,1.743,0.134,1.877
제4대,장경근,자유당,의원,위원,의원,member,57,62460,0.00232,6,1958-06-24,1960-03-18,1,1,0,4,7,0,2,11,13,0.032,0.176,0.208
제4대,윤제술,민주당,의원,위원,의원,member,66,131878,0.0049,5,1958-06-19,1960-04-16,0,3,0,6,4,0,3,10,13,0.023,0.076,0.099
제4대,김성탁,자유당,의원,위원,의원,member,8,10333,0.00038,2,1959-07-01,1959-11-29,12,0,0,0,1,0,12,1,13,1.161,0.097,1.258
제4대,김원태,자유당,의원,위원장,위원장; 의원,member,279,63677,0.00237,5,1958-07-09,1959-12-31,4,2,0,2,3,2,6,7,13,0.094,0.11,0.204
제4대,박충모,민주당,의원,위원,의원; 증인·참고인,member,113,63864,0.00237,6,1958-06-27,1960-04-22,4,0,7,1,1,0,11,2,13,0.172,0.031,0.204
제4대,이존화,자유당,의원,위원장,미상; 위원장; 의원,member,162,41923,0.00156,2,1958-07-02,1959-06-10,10,1,0,2,0,0,11,2,13,0.262,0.048,0.31
제4대,명재억,미상/직책자,정부/기타 직책자,농림부중앙농사원장대리,기타; 정부위원,learned,9,13635,0.00051,1,1959-11-17,1959-11-23,12,1,0,0,0,0,13,0,13,0.953,0.0,0.953
제4대,조대훈,미상/직책자,정부/기타 직책자,증인,증인·참고인,fallback,36,3562,0.00013,1,1959-06-11,1959-06-11,0,0,13,0,0,0,13,0,13,3.65,0.0,3.65
제4대,김재위,자유당,의원,위원,의원,member,63,13592,0.0005,3,1958-07-19,1959-11-06,12,0,0,0,0,0,12,0,12,0.883,0.0,0.883
제4대,김상돈,민주당,의원,위원,의원,member,119,77565,0.00288,5,1958-06-19,1959-10-20,1,2,1,4,4,0,4,8,12,0.052,0.103,0.155
제4대,유영준,자유당,의원,위원,의원,member,166,27231,0.00101,5,1958-10-19,1960-04-22,9,0,0,2,0,1,9,3,12,0.331,0.11,0.441
제4대,구철회,민주당,의원,위원,의원,member,42,51996,0.00193,4,1958-06-21,1959-12-26,7,0,1,2,1,1,8,4,12,0.154,0.077,0.231
제4대,이정휴,자유당,의원,위원,위원장; 의원,member,494,49660,0.00184,5,1958-07-02,1960-01-19,5,0,0,1,6,0,5,7,12,0.101,0.141,0.242
제4대,김선우,자유당,의원,위원,위원장; 의원,member,61,64182,0.00238,5,1958-07-07,1959-12-17,2,2,0,4,3,1,4,8,12,0.062,0.125,0.187
제4대,김창규,미상/직책자,정부/기타 직책자,공군참모총장,기타,learned,28,18007,0.00067,2,1958-11-05,1959-12-11,11,0,0,0,1,0,11,1,12,0.611,0.056,0.666
제4대,권복인,자유당,의원,위원,의원,member,36,31765,0.00118,3,1958-11-19,1960-01-16,1,2,7,0,1,0,10,1,11,0.315,0.031,0.346
제4대,조병옥,민주당,의원,위원,의원,member,30,69341,0.00258,3,1958-06-23,1959-06-17,0,2,0,4,5,0,2,9,11,0.029,0.13,0.159
제4대,이응준,미상/직책자,정부/기타 직책자,체신부장관,국무위원,learned,22,12690,0.00047,1,1958-07-19,1958-08-23,10,0,0,0,1,0,10,1,11,0.788,0.079,0.867
제4대,손석두,자유당,의원,위원장,미상; 위원장; 의원,member,120,35347,0.00131,4,1958-07-10,1960-01-21,4,7,0,0,0,0,11,0,11,0.311,0.0,0.311
제4대,윤태은,미상/직책자,정부/기타 직책자,체신부전무국장,정부위원,learned,47,13023,0.00048,2,1959-11-06,1959-11-20,9,0,0,0,0,1,9,1,10,0.691,0.077,0.768
제4대,신효선,미상/직책자,정부/기타 직책자,보건사회부차관,국무위원,learned,6,9705,0.00036,3,1958-07-23,1959-11-17,2,0,7,0,0,1,9,1,10,0.927,0.103,1.03
제4대,변진갑,자유당,의원,위원장,위원장; 의원,member,491,131162,0.00487,5,1958-06-30,1960-04-25,2,4,0,0,4,0,6,4,10,0.046,0.03,0.076
제4대,곽상훈,민주당,의원,의원,의원,member,17,37313,0.00139,5,1958-06-27,1960-04-25,0,1,0,7,2,0,1,9,10,0.027,0.241,0.268
제4대,윤택중,민주당,의원,위원,위원장; 의원,member,115,121870,0.00453,4,1958-07-02,1960-01-19,9,0,0,0,0,1,9,1,10,0.074,0.008,0.082
제4대,이민우,민주당,의원,위원,의원,member,12,7680,0.00029,2,1958-07-07,1958-11-25,9,0,0,1,0,0,9,1,10,1.172,0.13,1.302
제4대,권중돈,민주당,의원,위원,의원,member,314,60592,0.00225,6,1958-06-24,1960-04-22,6,0,0,0,3,1,6,4,10,0.099,0.066,0.165
제4대,손문경,자유당,의원,위원장,미상; 위원장; 의원,member,172,20559,0.00076,6,1958-06-27,1960-01-21,2,0,7,0,0,0,9,0,9,0.438,0.0,0.438
제4대,신언한,미상/직책자,정부/기타 직책자,법무부차관,국무위원,learned,50,57802,0.00215,4,1958-07-08,1960-04-16,3,0,2,0,1,3,5,4,9,0.087,0.069,0.156
제4대,김의택,민주당,의원,위원,위원장; 의원,member,45,52554,0.00195,6,1958-06-09,1960-03-22,5,0,1,2,1,0,6,3,9,0.114,0.057,0.171
제4대,김의준,자유당,의원,위원장,위원장; 의원,member,378,72205,0.00268,3,1958-08-06,1959-07-06,0,1,0,5,3,0,1,8,9,0.014,0.111,0.125
제4대,박철재,미상/직책자,정부/기타 직책자,문교부기술교육국장,정부위원,learned,6,7493,0.00028,1,1958-07-18,1958-07-26,8,0,0,0,1,0,8,1,9,1.068,0.133,1.201
제4대,김인권,미상/직책자,정부/기타 직책자,농림부농정국장,정부위원,learned,56,39258,0.00146,4,1958-07-18,1959-11-23,6,0,1,0,2,0,7,2,9,0.178,0.051,0.229
제4대,유상근,미상/직책자,정부/기타 직책자,내무부통계국장,정부위원,learned,8,10659,0.0004,1,1959-11-17,1959-11-17,0,0,9,0,0,0,9,0,9,0.844,0.0,0.844
제4대,유승준,민주당,의원,위원,의원,member,50,64471,0.00239,3,1958-06-09,1959-07-09,2,2,0,3,2,0,4,5,9,0.062,0.078,0.14
제4대,최세황,미상/직책자,정부/기타 직책자,국방부차관,국무위원,learned,78,113574,0.00422,5,1958-07-02,1960-01-19,7,1,0,0,1,0,8,1,9,0.07,0.009,0.079
제4대,최규남,자유당,의원,의원,미상; 위원장; 의원,member,21,36831,0.00137,4,1958-07-16,1960-01-21,5,0,0,2,2,0,5,4,9,0.136,0.109,0.244
제4대,김훈,민주당,의원,위원,의원,member,104,32680,0.00121,6,1958-07-09,1960-04-27,2,0,1,5,1,0,3,6,9,0.092,0.184,0.275
제4대,김동순,미상/직책자,정부/기타 직책자,증인,증인·참고인,fallback,30,3129,0.00012,1,1959-06-11,1959-06-11,0,0,8,0,0,0,8,0,8,2.557,0.0,2.557
제4대,김종오,미상/직책자,정부/기타 직책자,교육총본부총장,기타,learned,5,7636,0.00028,1,1958-10-23,1958-10-23,5,0,0,0,3,0,5,3,8,0.655,0.393,1.048
제4대,이일해,미상/직책자,정부/기타 직책자,증인,증인·참고인,fallback,21,1320,0.00005,1,1959-07-08,1959-07-08,0,1,7,0,0,0,8,0,8,6.061,0.0,6.061
제4대,황호현,무소속,의원,위원,위원장; 의원,member,69,61231,0.00227,4,1958-07-19,1960-01-19,3,1,0,3,1,0,4,4,8,0.065,0.065,0.131
제4대,홍봉진,민주당,의원,위원,의원,member,42,63624,0.00236,4,1958-07-11,1960-01-19,3,2,1,1,0,1,6,2,8,0.094,0.031,0.126
제4대,조일재,민주당,의원,위원,의원,member,174,85575,0.00318,5,1958-07-10,1959-12-21,0,2,0,2,4,0,2,6,8,0.023,0.07,0.093
제4대,박영교,자유당,의원,위원,의원,member,19,8527,0.00032,3,1958-11-13,1959-11-18,8,0,0,0,0,0,8,0,8,0.938,0.0,0.938
제4대,김상도,자유당,의원,위원장,미상; 위원장; 의원,member,492,113008,0.0042,6,1958-08-21,1960-04-19,1,1,0,2,3,1,2,6,8,0.018,0.053,0.071
제4대,장택상,무소속,의원,위원,의원,member,100,47250,0.00176,6,1958-06-09,1960-04-25,5,0,0,2,1,0,5,3,8,0.106,0.063,0.169
제4대,정한주,미상/직책자,정부/기타 직책자,증인,증인·참고인,fallback,19,2354,0.00009,1,1959-07-08,1959-07-08,0,0,7,0,1,0,7,1,8,2.974,0.425,3.398
제4대,이옥동,무소속,의원,위원,의원,member,28,40303,0.0015,5,1958-07-07,1960-01-19,2,0,0,3,3,0,2,6,8,0.05,0.149,0.198
제4대,이원장,자유당,의원,위원,의원,member,218,35700,0.00133,5,1958-07-02,1960-04-19,1,0,0,1,5,0,1,6,7,0.028,0.168,0.196
제4대,김대식,미상/직책자,정부/기타 직책자,해병대사령관,기타,learned,16,20311,0.00075,2,1958-11-11,1959-11-30,4,0,0,0,3,0,4,3,7,0.197,0.148,0.345
제4대,김덕겸,미상/직책자,정부/기타 직책자,증인,증인·참고인,fallback,15,992,0.00004,1,1959-06-11,1959-06-11,0,1,6,0,0,0,7,0,7,7.056,0.0,7.056
제4대,김순길,미상/직책자,정부/기타 직책자,증인,증인·참고인,fallback,59,4367,0.00016,1,1959-06-11,1959-06-11,0,0,7,0,0,0,7,0,7,1.603,0.0,1.603
제4대,최정우,미상/직책자,정부/기타 직책자,사무총장,사무처,learned,52,25784,0.00096,2,1958-06-07,1958-12-23,7,0,0,0,0,0,7,0,7,0.271,0.0,0.271
제4대,반재현,무소속,의원,위원,의원,member,53,38216,0.00142,4,1958-07-19,1959-12-31,3,0,0,0,4,0,3,4,7,0.079,0.105,0.183
제4대,김용진,민주당,의원,위원,위원장; 의원; 정부위원,member,254,96189,0.00357,6,1958-06-18,1959-12-29,1,0,1,3,2,0,2,5,7,0.021,0.052,0.073
제4대,김창동,자유당,의원,위원,의원,member,58,61694,0.00229,4,1958-07-19,1959-12-23,4,0,0,2,1,0,4,3,7,0.065,0.049,0.113
제4대,최희송,민주당,의원,위원,의원,member,52,12962,0.00048,4,1958-10-06,1960-04-25,0,2,1,3,0,1,3,4,7,0.231,0.309,0.54
제4대,나상근,자유당,의원,위원,의원,member,71,36441,0.00135,2,1958-06-27,1958-12-23,5,0,1,1,0,0,6,1,7,0.165,0.027,0.192
제4대,유기수,무소속,의원,위원,의원,member,142,29097,0.00108,6,1958-07-26,1960-04-26,5,0,1,1,0,0,6,1,7,0.206,0.034,0.241
제4대,김준연,통일당,의원,위원,의원,member,43,31981,0.00119,4,1958-06-09,1960-01-18,0,0,0,4,3,0,0,7,7,0.0,0.219,0.219
제4대,석상옥,미상/직책자,정부/기타 직책자,교통부차관,국무위원,learned,6,3721,0.00014,1,1958-07-19,1958-07-29,7,0,0,0,0,0,7,0,7,1.881,0.0,1.881
제4대,이병하,민주당,의원,위원,의원,member,69,42551,0.00158,5,1958-08-02,1960-04-10,1,0,0,4,2,0,1,6,7,0.024,0.141,0.165
제4대,송원영,미상/직책자,정부/기타 직책자,교통부차관,국무위원,learned,132,20755,0.00077,3,1958-11-14,1959-11-18,6,0,0,0,1,0,6,1,7,0.289,0.048,0.337
제4대,한옥신,미상/직책자,정부/기타 직책자,증인,증인·참고인,fallback,45,29860,0.00111,1,1960-04-17,1960-04-19,0,0,0,0,7,0,0,7,7,0.0,0.234,0.234
제4대,이규성,미상/직책자,정부/기타 직책자,공군본부관리국장,정부위원,learned,26,5679,0.00021,2,1958-11-05,1959-11-30,5,0,0,0,1,0,5,1,6,0.88,0.176,1.057
제4대,이성우,미상/직책자,정부/기타 직책자,내무부차관,국무위원,member,35,32583,0.00121,3,1959-05-14,1960-03-19,2,1,0,0,3,0,3,3,6,0.092,0.092,0.184
제4대,조응천,미상/직책자,정부/기타 직책자,체신부차관,국무위원,learned,12,7765,0.00029,4,1958-07-22,1960-01-12,5,0,0,0,1,0,5,1,6,0.644,0.129,0.773
제4대,오재영,자유당,의원,위원,의원,member,45,26848,0.001,4,1958-06-23,1960-01-18,3,0,0,2,1,0,3,3,6,0.112,0.112,0.223
제4대,현영일,미상/직책자,정부/기타 직책자,교통부시설국장,정부위원,learned,18,6791,0.00025,3,1958-11-14,1959-11-18,5,0,0,0,1,0,5,1,6,0.736,0.147,0.884
제4대,신영주,무소속,의원,위원,위원장; 의원,member,175,45709,0.0017,6,1958-07-02,1960-04-27,4,1,1,0,0,0,6,0,6,0.131,0.0,0.131
제4대,최병권,자유당,의원,위원,의원,member,213,41518,0.00154,4,1958-06-27,1959-12-17,3,0,0,0,2,1,3,3,6,0.072,0.072,0.145
제4대,김창우,미상/직책자,정부/기타 직책자,증인,정부위원; 증인·참고인,fallback,64,9055,0.00034,1,1959-06-23,1959-07-08,0,0,5,0,1,0,5,1,6,0.552,0.11,0.663
제4대,박덕영,자유당,의원,위원,의원,member,158,18230,0.00068,5,1958-07-19,1959-12-07,5,0,0,1,0,0,5,1,6,0.274,0.055,0.329
제4대,이정용,미상/직책자,정부/기타 직책자,경상남도경찰국장,정부위원,learned,31,40081,0.00149,1,1960-04-15,1960-04-16,2,0,0,1,3,0,2,4,6,0.05,0.1,0.15
제4대,김정근,무소속,의원,위원,의원,member,34,36309,0.00135,4,1958-06-20,1959-12-14,1,1,0,3,0,1,2,4,6,0.055,0.11,0.165
제4대,류지원,미상/직책자,정부/기타 직책자,위원,미상; 위원장; 의원,learned,218,46632,0.00173,5,1958-06-20,1959-12-07,2,0,2,1,1,0,4,2,6,0.086,0.043,0.129
제4대,박상운,미상/직책자,정부/기타 직책자,상공부전기국장,정부위원,learned,15,7311,0.00027,1,1959-11-17,1959-11-30,6,0,0,0,0,0,6,0,6,0.821,0.0,0.821
제4대,박창화,민주당,의원,위원,의원,member,56,80273,0.00298,4,1958-07-18,1959-12-23,1,0,3,0,2,0,4,2,6,0.05,0.025,0.075
제4대,김윤기,미상/직책자,정부/기타 직책자,국회의사당도안심사위원회위원장,위원장,learned,5,5113,0.00019,1,1959-11-13,1959-11-13,6,0,0,0,0,0,6,0,6,1.173,0.0,1.173
제4대,장낙중,미상/직책자,정부/기타 직책자,증인,증인·참고인,fallback,19,1222,0.00005,1,1959-06-23,1959-06-23,0,0,6,0,0,0,6,0,6,4.91,0.0,4.91
제4대,최응복,미상/직책자,정부/기타 직책자,내무부지방국장,기타; 정부위원,learned,38,20646,0.00077,3,1958-07-15,1959-11-24,0,6,0,0,0,0,6,0,6,0.291,0.0,0.291
제4대,최석림,무소속,의원,위원,위원장; 의원,member,24,24116,0.0009,2,1958-11-19,1960-01-11,4,0,0,0,2,0,4,2,6,0.166,0.083,0.249
제4대,최천,민주당,의원,위원,의원,member,10,23808,0.00088,4,1958-07-16,1959-11-24,4,0,1,1,0,0,5,1,6,0.21,0.042,0.252
제4대,강종무,자유당,의원,위원,의원,member,19,23363,0.00087,4,1958-06-30,1959-12-05,2,0,0,3,0,0,2,3,5,0.086,0.128,0.214
제4대,국회의사,미상/직책자,정부/기타 직책자,당건축설계도안심사위원장,위원장,fallback,9,3864,0.00014,1,1959-11-11,1959-11-17,5,0,0,0,0,0,5,0,5,1.294,0.0,1.294
제4대,신도철,미상/직책자,정부/기타 직책자,증인,증인·참고인,fallback,20,1033,0.00004,1,1959-06-11,1959-06-11,0,0,5,0,0,0,5,0,5,4.84,0.0,4.84
제4대,류근창,미상/직책자,정부/기타 직책자,육군본부인사참모차장,기타,learned,29,4436,0.00016,1,1958-11-03,1958-11-03,5,0,0,0,0,0,5,0,5,1.127,0.0,1.127
제4대,김정환,민주당,의원,위원,의원,member,13,29032,0.00108,4,1958-07-16,1959-12-05,1,1,0,0,3,0,2,3,5,0.069,0.103,0.172
제4대,김봉관,미상/직책자,정부/기타 직책자,농림부양정국장,정부위원,learned,18,17277,0.00064,2,1959-05-29,1959-11-21,5,0,0,0,0,0,5,0,5,0.289,0.0,0.289
제4대,주병환,민주당,의원,위원,의원,member,19,34559,0.00128,5,1958-12-09,1960-03-22,3,0,0,1,0,1,3,2,5,0.087,0.058,0.145
제4대,김태동,미상/직책자,정부/기타 직책자,부흥부조정국장,정부위원,learned,16,6124,0.00023,1,1958-07-18,1958-07-18,3,0,0,2,0,0,3,2,5,0.49,0.327,0.816
제4대,박만규,미상/직책자,정부/기타 직책자,문교부편수국장,정부위원,learned,6,5814,0.00022,2,1958-07-02,1958-11-13,3,1,0,0,1,0,4,1,5,0.688,0.172,0.86
제4대,안용백,자유당,의원,위원장,위원장; 의원,member,163,24368,0.00091,3,1958-07-19,1959-06-10,1,0,0,0,3,1,1,4,5,0.041,0.164,0.205
제4대,황정철,미상/직책자,정부/기타 직책자,내무부토목국장,정부위원,learned,36,15335,0.00057,2,1959-05-29,1959-12-10,4,0,0,0,0,0,4,0,4,0.261,0.0,0.261
제4대,윤담,민주당,의원,위원,의원,member,19,14699,0.00055,5,1958-07-18,1959-11-21,2,0,0,0,2,0,2,2,4,0.136,0.136,0.272
제4대,김종대,미상/직책자,정부/기타 직책자,재무부이재국장,정부위원,learned,32,23306,0.00087,2,1958-07-16,1958-12-09,0,0,0,0,3,1,0,4,4,0.0,0.172,0.172
제4대,서정학,미상/직책자,정부/기타 직책자,내무부치안국장,정부위원,learned,12,16400,0.00061,1,1958-07-15,1958-08-06,4,0,0,0,0,0,4,0,4,0.244,0.0,0.244
제4대,임흥순,미상/직책자,정부/기타 직책자,서울특별시장,기타,member,22,11918,0.00044,1,1959-10-26,1959-10-26,3,0,0,0,1,0,3,1,4,0.252,0.084,0.336
제4대,하태환,자유당,의원,위원장,미상; 위원장; 의원,member,319,48172,0.00179,5,1958-06-27,1960-01-21,0,0,0,1,3,0,0,4,4,0.0,0.083,0.083
제4대,이영준,민주당,의원,위원,의원,member,14,17086,0.00063,3,1958-07-02,1959-11-19,0,0,0,2,2,0,0,4,4,0.0,0.234,0.234
제4대,정남택,자유당,의원,위원장대리,위원장; 의원,member,139,15632,0.00058,4,1958-07-21,1960-01-14,4,0,0,0,0,0,4,0,4,0.256,0.0,0.256
제4대,이한빈,미상/직책자,정부/기타 직책자,재무부예산국장,정부위원,learned,38,20748,0.00077,2,1958-11-24,1959-12-10,3,0,0,0,1,0,3,1,4,0.145,0.048,0.193
제4대,오위영,민주당,의원,위원,의원,member,25,12053,0.00045,3,1958-07-16,1959-05-30,0,0,0,0,4,0,0,4,4,0.0,0.332,0.332
제4대,김원규,자유당,의원,위원,의원,member,108,18660,0.00069,4,1958-07-16,1960-01-14,1,0,2,0,1,0,3,1,4,0.161,0.054,0.214
제4대,명주덕,미상/직책자,정부/기타 직책자,증인,증인·참고인,fallback,51,6189,0.00023,1,1959-07-08,1959-07-08,1,0,3,0,0,0,4,0,4,0.646,0.0,0.646
제4대,안균섭,자유당,의원,위원,의원,member,157,48891,0.00182,5,1958-06-27,1960-01-19,1,1,0,1,1,0,2,2,4,0.041,0.041,0.082
제4대,정대천,자유당,의원,위원,의원,member,22,2640,0.0001,2,1959-06-11,1959-12-02,0,1,3,0,0,0,4,0,4,1.515,0.0,1.515
제4대,윤보선,민주당,의원,의원,의원,member,7,29047,0.00108,3,1958-06-23,1960-04-16,1,1,0,1,0,1,2,2,4,0.069,0.069,0.138
제4대,이용운,미상/직책자,정부/기타 직책자,해군참모총장,기타,learned,36,12466,0.00046,3,1958-10-19,1960-01-12,3,0,0,0,1,0,3,1,4,0.241,0.08,0.321
제4대,박춘성,미상/직책자,정부/기타 직책자,내무부통계국장,정부위원,fallback,1,1239,0.00005,1,1958-07-15,1958-07-15,0,0,4,0,0,0,4,0,4,3.228,0.0,3.228
제4대,송정범,미상/직책자,정부/기타 직책자,부흥부기획국장,정부위원,learned,3,1426,0.00005,1,1958-12-16,1958-12-16,4,0,0,0,0,0,4,0,4,2.805,0.0,2.805
제4대,김동조,미상/직책자,정부/기타 직책자,외무부차관,국무위원,learned,13,29656,0.0011,3,1958-07-30,1959-06-15,0,0,0,1,3,0,0,4,4,0.0,0.135,0.135
제4대,유충렬,미상/직책자,정부/기타 직책자,서울특별시경찰국장,정부위원,learned,6,7905,0.00029,1,1959-10-26,1959-10-26,2,0,0,2,0,0,2,2,4,0.253,0.253,0.506
제4대,김병주,미상/직책자,정부/기타 직책자,교통부자재국장대리,정부위원,learned,37,5227,0.00019,1,1959-11-04,1959-11-04,3,0,0,0,1,0,3,1,4,0.574,0.191,0.765
제4대,이동세,미상/직책자,정부/기타 직책자,교통부경리국장,정부위원,fallback,12,1060,0.00004,1,1958-07-19,1958-07-19,4,0,0,0,0,0,4,0,4,3.774,0.0,3.774
제4대,이은태,자유당,의원,위원,의원,member,73,15054,0.00056,6,1958-07-24,1960-03-24,1,0,0,0,2,0,1,2,3,0.066,0.133,0.199
제4대,안희경,미상/직책자,정부/기타 직책자,외자청장,정부위원,learned,15,14386,0.00053,2,1958-12-13,1959-12-14,1,0,2,0,0,0,3,0,3,0.209,0.0,0.209
제4대,김두일,미상/직책자,정부/기타 직책자,중앙선거위원장,위원장,learned,22,24643,0.00092,2,1958-07-16,1959-12-29,0,0,0,2,1,0,0,3,3,0.0,0.122,0.122
제4대,박종길,자유당,의원,위원,의원,member,33,44707,0.00166,5,1958-06-28,1959-10-26,1,0,1,1,0,0,2,1,3,0.045,0.022,0.067
제4대,홍순희,민주당,의원,위원,위원장; 의원,member,17,33590,0.00125,4,1958-06-21,1959-11-21,0,0,0,3,0,0,0,3,3,0.0,0.089,0.089
제4대,김송환,미상/직책자,정부/기타 직책자,상공부상역국장,정부위원,learned,20,9693,0.00036,3,1958-07-18,1959-11-24,0,2,0,0,1,0,2,1,3,0.206,0.103,0.31
제4대,김서일,미상/직책자,정부/기타 직책자,상공부특허국장,정부위원,learned,3,4349,0.00016,1,1959-11-29,1959-11-29,2,1,0,0,0,0,3,0,3,0.69,0.0,0.69
제4대,주영복,미상/직책자,정부/기타 직책자,공군본부인사국장,정부위원,learned,5,1187,0.00004,1,1958-11-05,1958-11-05,3,0,0,0,0,0,3,0,3,2.527,0.0,2.527
제4대,민한기,미상/직책자,정부/기타 직책자,내무부토목국장,정부위원,fallback,2,3710,0.00014,1,1958-07-15,1958-07-15,3,0,0,0,0,0,3,0,3,0.809,0.0,0.809
제4대,수리비의,미상/직책자,정부/기타 직책자,육군본부관리국장,정부위원,fallback,1,156,0.00001,1,1959-10-01,1959-10-01,3,0,0,0,0,0,3,0,3,19.231,0.0,19.231
제4대,지창하,미상/직책자,정부/기타 직책자,체신부경리국장,정부위원,learned,19,4545,0.00017,2,1958-07-19,1959-11-30,3,0,0,0,0,0,3,0,3,0.66,0.0,0.66
제4대,신도성,미상/직책자,정부/기타 직책자,경상남도지사,기타,member,53,28458,0.00106,1,1960-03-24,1960-04-14,0,0,0,1,2,0,0,3,3,0.0,0.105,0.105
제4대,김정권,미상/직책자,정부/기타 직책자,육군본부정보국장,정부위원,learned,24,1730,0.00006,1,1958-11-13,1958-11-13,3,0,0,0,0,0,3,0,3,1.734,0.0,1.734
제4대,이영언,자유당,의원,위원장,미상; 위원장,member,142,7369,0.00027,3,1958-07-07,1959-06-17,0,0,0,2,1,0,0,3,3,0.0,0.407,0.407
제4대,이경춘,미상/직책자,정부/기타 직책자,공군본부군수국차장,기타,learned,4,411,0.00002,1,1958-11-05,1958-11-05,3,0,0,0,0,0,3,0,3,7.299,0.0,7.299
제4대,박순천,민주당,의원,위원,의원,member,18,19079,0.00071,4,1958-07-03,1959-07-13,0,0,0,1,2,0,0,3,3,0.0,0.157,0.157
제4대,장석윤,자유당,의원,위원,의원,member,53,37458,0.00139,4,1958-07-16,1960-01-14,0,0,0,0,1,2,0,3,3,0.0,0.08,0.08
제4대,이동근,자유당,의원,위원,의원,member,40,8277,0.00031,4,1958-07-19,1959-11-21,1,2,0,0,0,0,3,0,3,0.362,0.0,0.362
제4대,첫째,미상/직책자,정부/기타 직책자,해병진해기지사령관,기타; 정부위원,fallback,2,2321,0.00009,1,1958-11-13,1959-11-04,3,0,0,0,0,0,3,0,3,1.293,0.0,1.293
제4대,김승진,미상/직책자,정부/기타 직책자,전문위원,의원,fallback,4,2121,0.00008,1,1958-12-23,1958-12-23,3,0,0,0,0,0,3,0,3,1.414,0.0,1.414
제4대,정재원,자유당,의원,위원,의원,member,14,8957,0.00033,3,1958-07-07,1959-12-22,0,3,0,0,0,0,3,0,3,0.335,0.0,0.335
제4대,서임수,무소속,의원,위원,위원장; 의원,member,165,28220,0.00105,6,1958-06-18,1960-04-22,1,0,0,1,1,0,1,2,3,0.035,0.071,0.106
제4대,이유근,미상/직책자,정부/기타 직책자,증인,증인·참고인,fallback,5,1819,0.00007,1,1959-07-08,1959-07-08,0,1,2,0,0,0,3,0,3,1.649,0.0,1.649
제4대,이은복,미상/직책자,정부/기타 직책자,전문위원,의원,learned,11,7999,0.0003,2,1958-07-16,1959-11-29,2,1,0,0,0,0,3,0,3,0.375,0.0,0.375
제4대,정긍모,미상/직책자,정부/기타 직책자,해군참모총장,기타,learned,5,9989,0.00037,2,1958-11-06,1958-11-25,3,0,0,0,0,0,3,0,3,0.3,0.0,0.3
제4대,정두길,미상/직책자,정부/기타 직책자,교통부공전국장,정부위원,learned,31,3064,0.00011,1,1959-11-04,1959-11-04,1,0,0,0,1,1,1,2,3,0.326,0.653,0.979
제4대,진석중,자유당,의원,위원,위원장; 의원,member,49,54235,0.00201,3,1958-07-07,1959-12-21,1,1,0,0,1,0,2,1,3,0.037,0.018,0.055
제4대,김규성,미상/직책자,정부/기타 직책자,증인,증인·참고인,fallback,6,622,0.00002,1,1959-06-11,1959-06-11,0,0,2,0,0,0,2,0,2,3.215,0.0,3.215
제4대,최창언,미상/직책자,정부/기타 직책자,육군본부정훈국장,정부위원,learned,8,2243,0.00008,1,1958-11-02,1958-11-02,2,0,0,0,0,0,2,0,2,0.892,0.0,0.892
제4대,나용균,민주당,의원,위원,의원,member,17,26488,0.00098,5,1958-10-06,1960-03-19,0,0,0,2,0,0,0,2,2,0.0,0.076,0.076
제4대,박순석,자유당,의원,위원장,미상; 위원장; 의원,member,161,29978,0.00111,5,1958-06-24,1959-12-07,0,1,0,0,1,0,1,1,2,0.033,0.033,0.067
제4대,윤용길,미상/직책자,정부/기타 직책자,증인,증인·참고인,fallback,17,2928,0.00011,1,1959-07-08,1959-07-08,0,0,2,0,0,0,2,0,2,0.683,0.0,0.683
제4대,류경호,미상/직책자,정부/기타 직책자,증인,증인·참고인,learned,116,2710,0.0001,1,1958-07-11,1958-07-11,1,0,0,0,1,0,1,1,2,0.369,0.369,0.738
제4대,김규만,민주당,의원,위원,의원,member,6,8680,0.00032,3,1958-07-19,1959-05-30,1,0,0,1,0,0,1,1,2,0.115,0.115,0.23
제4대,이종준,자유당,의원,위원,의원,member,10,8962,0.00033,4,1958-08-21,1959-11-23,0,1,0,0,1,0,1,1,2,0.112,0.112,0.223
제4대,이회근,미상/직책자,정부/기타 직책자,전문위원,의원,learned,28,5622,0.00021,4,1958-07-11,1960-01-21,0,0,0,2,0,0,0,2,2,0.0,0.356,0.356
제4대,안정근,미상/직책자,정부/기타 직책자,전매청장,정부위원,learned,16,13681,0.00051,3,1958-08-05,1959-11-13,2,0,0,0,0,0,2,0,2,0.146,0.0,0.146
제4대,이효,미상/직책자,정부/기타 직책자,육군본부관리차장,기타,learned,27,3613,0.00013,2,1958-11-13,1959-11-28,2,0,0,0,0,0,2,0,2,0.554,0.0,0.554
제4대,김효섭,미상/직책자,정부/기타 직책자,상공부광무국장,정부위원,fallback,1,1323,0.00005,1,1959-11-29,1959-11-29,2,0,0,0,0,0,2,0,2,1.512,0.0,1.512
제4대,박영두,미상/직책자,정부/기타 직책자,증인,증인·참고인,fallback,38,11750,0.00044,1,1960-03-24,1960-04-17,0,0,0,1,1,0,0,2,2,0.0,0.17,0.17
제4대,정의필,미상/직책자,정부/기타 직책자,문교부보통교육국장,정부위원,fallback,7,3594,0.00013,1,1958-07-16,1958-07-16,0,2,0,0,0,0,2,0,2,0.556,0.0,0.556
제4대,윤재근,무소속,의원,위원,의원,member,79,27110,0.00101,6,1958-11-02,1960-04-27,1,1,0,0,0,0,2,0,2,0.074,0.0,0.074
제4대,현오봉,무소속,의원,위원,위원장; 의원,member,23,3095,0.00011,3,1958-07-18,1959-11-24,1,0,0,0,1,0,1,1,2,0.323,0.323,0.646
제4대,최규옥,자유당,의원,위원,의원,member,34,8317,0.00031,3,1958-11-27,1959-11-21,2,0,0,0,0,0,2,0,2,0.24,0.0,0.24
제4대,김향수,무소속,의원,위원,의원,member,6,7968,0.0003,2,1959-06-19,1959-11-30,1,0,0,0,1,0,1,1,2,0.126,0.126,0.251
제4대,이재현,무소속,의원,위원,위원장; 의원,member,12,14910,0.00055,4,1958-07-19,1960-01-14,0,0,0,2,0,0,0,2,2,0.0,0.134,0.134
제4대,윤우경,미상/직책자,정부/기타 직책자,구황실재산관리사무총국장,정부위원,learned,64,48173,0.00179,3,1958-07-30,1959-12-18,1,0,0,0,0,1,1,1,2,0.021,0.021,0.042
제4대,이재룡,미상/직책자,정부/기타 직책자,부산병기기지사령관,기타,learned,38,2391,0.00009,1,1958-07-05,1958-07-05,2,0,0,0,0,0,2,0,2,0.836,0.0,0.836
제4대,이강학,미상/직책자,정부/기타 직책자,내무부치안국장,정부위원,learned,27,18481,0.00069,3,1959-06-15,1960-01-19,1,0,0,1,0,0,1,1,2,0.054,0.054,0.108
제4대,전영석,민주당,의원,위원,위원장; 의원,member,12,11985,0.00045,4,1958-11-20,1959-11-20,2,0,0,0,0,0,2,0,2,0.167,0.0,0.167
제4대,김치영,미상/직책자,정부/기타 직책자,상공부차관,국무위원,learned,2,739,0.00003,1,1959-12-26,1960-01-12,2,0,0,0,0,0,2,0,2,2.706,0.0,2.706
제4대,원용덕,미상/직책자,정부/기타 직책자,헌병사령관,기타,learned,66,22695,0.00084,4,1958-07-03,1959-11-24,0,0,0,0,2,0,0,2,2,0.0,0.088,0.088
제4대,최경남,미상/직책자,정부/기타 직책자,증인,증인·참고인,learned,113,21465,0.0008,1,1958-07-25,1958-07-26,0,0,0,1,1,0,0,2,2,0.0,0.093,0.093
제4대,류순석,미상/직책자,정부/기타 직책자,위원,의원,fallback,2,8804,0.00033,1,1958-07-16,1958-07-16,0,0,0,0,2,0,0,2,2,0.0,0.227,0.227
제4대,한상봉,미상/직책자,정부/기타 직책자,문교부고등교육국장,정부위원,learned,9,2716,0.0001,3,1958-07-18,1959-06-09,1,0,0,0,1,0,1,1,2,0.368,0.368,0.736
제4대,백선엽,미상/직책자,정부/기타 직책자,연합참모본부총장,기타,learned,23,16952,0.00063,3,1958-07-02,1959-10-20,0,0,0,0,2,0,0,2,2,0.0,0.118,0.118
제4대,홍범희,자유당,의원,위원,위원장; 의원,member,100,20805,0.00077,6,1958-07-02,1960-04-19,1,0,0,0,0,1,1,1,2,0.048,0.048,0.096
제4대,보대리,미상/직책자,정부/기타 직책자,국방부차관,국무위원,learned,10,1878,0.00007,1,1959-11-24,1959-11-24,2,0,0,0,0,0,2,0,2,1.065,0.0,1.065
제4대,이신득,미상/직책자,정부/기타 직책자,체신부우정국장,정부위원,learned,21,8096,0.0003,2,1958-07-19,1959-11-06,1,0,0,0,0,1,1,1,2,0.124,0.124,0.247
제4대,김익기,자유당,의원,위원,미상; 의원,member,2,424,0.00002,2,1958-08-27,1959-12-06,0,0,0,0,2,0,0,2,2,0.0,4.717,4.717
제4대,최영희,미상/직책자,정부/기타 직책자,교육총본부총장,기타,learned,5,1651,0.00006,1,1959-11-09,1959-11-09,2,0,0,0,0,0,2,0,2,1.211,0.0,1.211
제4대,손재형,무소속,의원,위원장,미상; 위원장; 의원,member,170,37345,0.00139,4,1958-07-02,1960-01-21,2,0,0,0,0,0,2,0,2,0.054,0.0,0.054
제4대,이영선,미상/직책자,정부/기타 직책자,증인,증인·참고인,fallback,12,912,0.00003,1,1959-06-11,1959-06-11,0,0,2,0,0,0,2,0,2,2.193,0.0,2.193
제4대,박동균,미상/직책자,정부/기타 직책자,육군본부병무국장,정부위원,learned,29,5569,0.00021,2,1958-11-02,1959-11-17,2,0,0,0,0,0,2,0,2,0.359,0.0,0.359
제4대,김인순,미상/직책자,정부/기타 직책자,보건사회부부녀국장,정부위원,fallback,1,3709,0.00014,1,1959-11-12,1959-11-12,2,0,0,0,0,0,2,0,2,0.539,0.0,0.539
제4대,박용익,자유당,의원,위원장,미상; 위원장; 의원,member,242,19650,0.00073,3,1958-06-18,1959-02-19,0,0,0,2,0,0,0,2,2,0.0,0.102,0.102
제4대,최하영,미상/직책자,정부/기타 직책자,심계원장,기타,learned,13,15553,0.00058,2,1958-07-29,1959-12-16,1,0,0,0,1,0,1,1,2,0.064,0.064,0.129
제4대,이것은,미상/직책자,정부/기타 직책자,해병대사령부군수국장,기타; 정부위원,fallback,7,516,0.00002,1,1958-10-19,1959-11-06,1,0,0,0,0,0,1,0,1,1.938,0.0,1.938
제4대,강지형,미상/직책자,정부/기타 직책자,증인,증인·참고인,fallback,10,463,0.00002,1,1959-06-11,1959-06-11,0,0,1,0,0,0,1,0,1,2.16,0.0,2.16
제4대,박인순,미상/직책자,정부/기타 직책자,보건사회부부녀국장,정부위원,fallback,1,1540,0.00006,1,1958-08-04,1958-08-04,1,0,0,0,0,0,1,0,1,0.649,0.0,0.649
제4대,김동수,미상/직책자,정부/기타 직책자,증인,증인·참고인,fallback,61,2160,0.00008,1,1958-07-11,1958-07-11,0,0,0,0,1,0,0,1,1,0.0,0.463,0.463
제4대,윤유선,미상/직책자,정부/기타 직책자,보건사회부의정국장,정부위원,learned,4,2150,0.00008,2,1958-12-13,1959-11-12,0,0,1,0,0,0,1,0,1,0.465,0.0,0.465
제4대,이성호,미상/직책자,정부/기타 직책자,해군본부후방참모부장,국무위원; 미상; 정부위원,learned,95,4456,0.00017,1,1958-07-05,1959-11-04,1,0,0,0,0,0,1,0,1,0.224,0.0,0.224
제4대,고재필,미상/직책자,정부/기타 직책자,법제조사국장,정부위원,learned,10,2929,0.00011,4,1958-07-25,1959-10-19,0,0,0,0,0,1,0,1,1,0.0,0.341,0.341
제4대,이것을,미상/직책자,정부/기타 직책자,수로국장,정부위원,fallback,2,265,0.00001,1,1958-10-27,1958-11-11,1,0,0,0,0,0,1,0,1,3.774,0.0,3.774
제4대,우만형,미상/직책자,정부/기타 직책자,내무부차관,국무위원,learned,10,9242,0.00034,1,1958-07-09,1958-08-23,0,0,0,1,0,0,0,1,1,0.0,0.108,0.108
제4대,장덕창,미상/직책자,정부/기타 직책자,공군참모총장,기타,learned,11,8174,0.0003,1,1958-11-05,1958-11-05,1,0,0,0,0,0,1,0,1,0.122,0.0,0.122
제4대,안광호,미상/직책자,정부/기타 직책자,국방부관리국장,정부위원,learned,10,3856,0.00014,2,1958-07-02,1959-11-24,0,0,0,0,1,0,0,1,1,0.0,0.259,0.259
제4대,서한두,자유당,의원,위원,의원,member,6,11568,0.00043,2,1958-11-13,1959-11-21,1,0,0,0,0,0,1,0,1,0.086,0.0,0.086
제4대,최병용,미상/직책자,정부/기타 직책자,증인,증인·참고인,fallback,6,1179,0.00004,1,1959-07-08,1959-07-08,0,0,1,0,0,0,1,0,1,0.848,0.0,0.848
제4대,김형돈,자유당,의원,위원,의원,member,60,17702,0.00066,4,1958-07-18,1960-01-19,1,0,0,0,0,0,1,0,1,0.056,0.0,0.056
제4대,정운갑,자유당,의원,위원,의원,member,14,43312,0.00161,4,1958-07-26,1959-12-23,0,0,0,0,1,0,0,1,1,0.0,0.023,0.023
제4대,유재흥,미상/직책자,정부/기타 직책자,연합참모본부총장,기타,learned,7,4864,0.00018,1,1958-11-19,1958-11-19,0,0,0,0,1,0,0,1,1,0.0,0.206,0.206
제4대,안춘생,미상/직책자,정부/기타 직책자,육군본부인사참모부장,정부위원,learned,17,2196,0.00008,1,1958-11-03,1958-11-03,1,0,0,0,0,0,1,0,1,0.455,0.0,0.455
제4대,된장,미상/직책자,정부/기타 직책자,육군본부군수국장,정부위원,fallback,1,493,0.00002,1,1958-11-13,1958-11-13,1,0,0,0,0,0,1,0,1,2.028,0.0,2.028
제4대,이종판,미상/직책자,정부/기타 직책자,증인,증인·참고인,fallback,20,3895,0.00014,1,1959-07-08,1959-07-08,0,0,1,0,0,0,1,0,1,0.257,0.0,0.257
제4대,손영수,자유당,의원,위원,위원장; 의원,member,70,22311,0.00083,4,1958-08-08,1960-04-10,0,0,0,1,0,0,0,1,1,0.0,0.045,0.045
제4대,정경모,미상/직책자,정부/기타 직책자,보건사회부약정국장,정부위원,fallback,1,860,0.00003,1,1959-11-12,1959-11-12,0,0,0,0,1,0,0,1,1,0.0,1.163,1.163
제4대,박주복,미상/직책자,정부/기타 직책자,증인,증인·참고인,fallback,9,1001,0.00004,1,1960-03-24,1960-03-24,1,0,0,0,0,0,1,0,1,0.999,0.0,0.999
제4대,최병환,미상/직책자,정부/기타 직책자,내무부지방국장,정부위원,learned,19,22198,0.00082,2,1959-10-20,1959-11-18,0,1,0,0,0,0,1,0,1,0.045,0.0,0.045
제4대,김성곤,자유당,의원,위원,의원,member,12,16520,0.00061,1,1958-08-11,1958-08-22,0,0,1,0,0,0,1,0,1,0.061,0.0,0.061
제4대,김형섭,자유당,의원,위원,의원,member,3,2926,0.00011,2,1958-08-21,1958-11-25,1,0,0,0,0,0,1,0,1,0.342,0.0,0.342
제4대,김성근,미상/직책자,정부/기타 직책자,증인,증인·참고인,fallback,23,5026,0.00019,1,1960-04-18,1960-04-18,0,0,0,1,0,0,0,1,1,0.0,0.199,0.199
제4대,이문세,미상/직책자,정부/기타 직책자,전문위원,의원,fallback,2,2104,0.00008,2,1958-11-20,1959-11-17,0,0,1,0,0,0,1,0,1,0.475,0.0,0.475
제4대,정낙훈,자유당,의원,위원,의원,member,15,22495,0.00084,5,1958-06-30,1959-11-18,1,0,0,0,0,0,1,0,1,0.044,0.0,0.044
제4대,김용택,미상/직책자,정부/기타 직책자,육군본부군수참모부차장,기타,learned,1,150,0.00001,1,1959-10-01,1959-10-01,1,0,0,0,0,0,1,0,1,6.667,0.0,6.667
제4대,홍길선,민주당,의원,위원,의원,member,17,1095,0.00004,3,1958-11-20,1959-11-21,0,0,1,0,0,0,1,0,1,0.913,0.0,0.913
제4대,최석,미상/직책자,정부/기타 직책자,육군본부관리참모부장,정부위원,fallback,1,307,0.00001,1,1959-11-02,1959-11-02,0,0,0,0,1,0,0,1,1,0.0,3.257,3.257
제4대,강정규,미상/직책자,정부/기타 직책자,증인,증인·참고인,fallback,28,2560,0.0001,1,1958-07-26,1958-07-26,1,0,0,0,0,0,1,0,1,0.391,0.0,0.391
제4대,박충훈,미상/직책자,정부/기타 직책자,육군본부경리국장,정부위원,learned,36,2544,0.00009,2,1958-11-02,1959-11-30,0,0,0,0,1,0,0,1,1,0.0,0.393,0.393
제4대,이호상,미상/직책자,정부/기타 직책자,농업은행부총재,기타,learned,59,13106,0.00049,3,1958-11-28,1959-11-10,0,0,0,0,1,0,0,1,1,0.0,0.076,0.076
제4대,이병학,미상/직책자,정부/기타 직책자,보건사회부방역국장,정부위원,fallback,1,3097,0.00012,1,1959-11-12,1959-11-12,0,0,0,0,1,0,0,1,1,0.0,0.323,0.323
제4대,이재기,미상/직책자,정부/기타 직책자,증인,증인·참고인,fallback,33,1458,0.00005,1,1958-11-17,1958-11-17,1,0,0,0,0,0,1,0,1,0.686,0.0,0.686
제4대,이익흥,자유당,의원,위원,의원,member,27,10717,0.0004,5,1958-10-08,1960-04-22,0,0,0,0,1,0,0,1,1,0.0,0.093,0.093
제4대,부산병기,미상/직책자,정부/기타 직책자,기지사령부생산처장,기타,fallback,5,340,0.00001,1,1958-07-05,1958-07-05,1,0,0,0,0,0,1,0,1,2.941,0.0,2.941
제4대,김경술,미상/직책자,정부/기타 직책자,증인,증인·참고인,fallback,56,12395,0.00046,1,1960-03-24,1960-04-19,0,1,0,0,0,0,1,0,1,0.081,0.0,0.081
제4대,정문흠,자유당,의원,의원,의원; 의장단,member,21,5613,0.00021,5,1958-06-07,1960-03-18,0,0,0,0,1,0,0,1,1,0.0,0.178,0.178
제4대,김삭,민주당,의원,위원,의원,member,15,8405,0.00031,2,1958-11-25,1959-06-11,1,0,0,0,0,0,1,0,1,0.119,0.0,0.119
제4대,박영빈,미상/직책자,정부/기타 직책자,전문위원,의원,fallback,1,26,0.0,1,1959-12-16,1959-12-16,0,0,0,0,1,0,0,1,1,0.0,38.462,38.462
제4대,이기붕,자유당,의원,의장,의원; 의장단,member,60,15274,0.00057,2,1958-06-07,1958-10-14,0,1,0,0,0,0,1,0,1,0.065,0.0,0.065
제4대,오길영,미상/직책자,정부/기타 직책자,교통부경리국장,정부위원,learned,17,1654,0.00006,2,1958-11-14,1959-11-04,0,0,0,0,1,0,0,1,1,0.0,0.605,0.605
제4대,정존수,자유당,의원,위원장,미상; 위원장; 의원,member,59,11334,0.00042,2,1958-08-21,1959-12-03,0,0,0,0,1,0,0,1,1,0.0,0.088,0.088
제4대,김진원,자유당,의원,위원,의원,member,5,2849,0.00011,3,1958-07-07,1959-11-13,0,0,0,1,0,0,0,1,1,0.0,0.351,0.351
제4대,이원,미상/직책자,정부/기타 직책자,증인,증인·참고인,fallback,3,754,0.00003,1,1959-07-08,1959-07-08,0,0,1,0,0,0,1,0,1,1.326,0.0,1.326
제4대,황성수,자유당,의원,위원,위원장; 의원,member,81,26662,0.00099,3,1959-10-16,1960-04-09,0,0,0,1,0,0,0,1,1,0.0,0.038,0.038
제4대,김신서,미상/직책자,정부/기타 직책자,재무부세관국장,정부위원,learned,15,6721,0.00025,1,1958-12-22,1958-12-23,1,0,0,0,0,0,1,0,1,0.149,0.0,0.149
제4대,신용권,미상/직책자,정부/기타 직책자,증인,증인·참고인,fallback,5,596,0.00002,1,1959-07-08,1959-07-08,0,0,1,0,0,0,1,0,1,1.678,0.0,1.678
제4대,이상훈,미상/직책자,정부/기타 직책자,교통부육운국장,정부위원,learned,19,2928,0.00011,1,1959-11-04,1959-11-04,0,0,0,0,1,0,0,1,1,0.0,0.342,0.342
제4대,한성수,미상/직책자,정부/기타 직책자,법원행정처장,기타,learned,8,9099,0.00034,2,1958-07-25,1958-12-22,1,0,0,0,0,0,1,0,1,0.11,0.0,0.11
제4대,이선교,미상/직책자,정부/기타 직책자,전문위원,의원,fallback,6,2803,0.0001,2,1958-07-19,1960-01-19,0,0,0,0,1,0,0,1,1,0.0,0.357,0.357
제4대,홍익표,민주당,의원,위원,의원,member,16,14594,0.00054,2,1958-07-29,1959-06-08,0,0,0,0,1,0,0,1,1,0.0,0.069,0.069
제4대,신도환,무소속,의원,위원,의원,member,13,3206,0.00012,2,1958-11-25,1959-11-24,1,0,0,0,0,0,1,0,1,0.312,0.0,0.312
제4대,홍승업,자유당,의원,위원,위원장; 의원,member,30,15577,0.00058,4,1958-08-06,1960-04-18,0,0,0,1,0,0,0,1,1,0.0,0.064,0.064
제4대,변재갑,미상/직책자,정부/기타 직책자,해병대관리국장,정부위원,fallback,2,892,0.00003,1,1959-11-30,1959-11-30,0,0,0,0,0,1,0,1,1,0.0,1.121,1.121
제4대,김인호,자유당,의원,위원,의원,member,7,10974,0.00041,2,1958-11-19,1959-11-23,1,0,0,0,0,0,1,0,1,0.091,0.0,0.091
제4대,황응수,미상/직책자,정부/기타 직책자,증인,증인·참고인,fallback,17,7819,0.00029,1,1960-03-24,1960-04-18,0,0,0,0,1,0,0,1,1,0.0,0.128,0.128
제4대,김공평,자유당,의원,위원,의원,member,54,12345,0.00046,3,1958-07-16,1959-11-09,0,0,1,0,0,0,1,0,1,0.081,0.0,0.081
제4대,조호갑,미상/직책자,정부/기타 직책자,증인,증인·참고인,fallback,27,1126,0.00004,1,1959-06-11,1959-06-11,0,0,1,0,0,0,1,0,1,0.888,0.0,0.888
제4대,정세환,무소속,의원,위원,의원,member,19,4777,0.00018,2,1958-07-18,1958-12-23,0,1,0,0,0,0,1,0,1,0.209,0.0,0.209
제4대,이협우,자유당,의원,위원,의원,member,1,307,0.00001,1,1958-07-16,1958-07-16,0,0,0,0,0,0,0,0,0,0.0,0.0,0.0
제4대,교재창이,미상/직책자,정부/기타 직책자,수로국장,정부위원,fallback,1,109,0.0,1,1958-10-27,1958-10-27,0,0,0,0,0,0,0,0,0,0.0,0.0,0.0
제4대,훈련소의,미상/직책자,정부/기타 직책자,경상남도지구병사구사령관,기타,fallback,1,46,0.0,1,1958-10-21,1958-10-21,0,0,0,0,0,0,0,0,0,0.0,0.0,0.0
제4대,수령을,미상/직책자,정부/기타 직책자,충청남도지구병사구사령관,기타,fallback,1,48,0.0,1,1958-10-25,1958-10-25,0,0,0,0,0,0,0,0,0,0.0,0.0,0.0
제4대,김우창,미상/직책자,정부/기타 직책자,증인,증인·참고인,fallback,1,25,0.0,1,1959-06-23,1959-06-23,0,0,0,0,0,0,0,0,0,0.0,0.0,0.0
제4대,장병균,미상/직책자,정부/기타 직책자,증인,증인·참고인,fallback,28,2551,0.00009,1,1960-04-18,1960-04-18,0,0,0,0,0,0,0,0,0,0.0,0.0,0.0
제4대,사람이,미상/직책자,정부/기타 직책자,병기기지사령부부사령관,기타,fallback,1,101,0.0,1,1958-10-19,1958-10-19,0,0,0,0,0,0,0,0,0,0.0,0.0,0.0
제4대,함성용,미상/직책자,정부/기타 직책자,외자청관리국장,정부위원,learned,14,1612,0.00006,2,1959-07-08,1959-11-13,0,0,0,0,0,0,0,0,0,0.0,0.0,0.0
제4대,전형산,자유당,의원,위원,의원,member,15,11358,0.00042,2,1958-11-03,1959-11-17,0,0,0,0,0,0,0,0,0,0.0,0.0,0.0
제4대,이명선,미상/직책자,정부/기타 직책자,증인,증인·참고인,fallback,13,2104,0.00008,1,1960-03-24,1960-04-18,0,0,0,0,0,0,0,0,0,0.0,0.0,0.0
제4대,서득용,미상/직책자,정부/기타 직책자,증인,증인·참고인,fallback,12,420,0.00002,1,1960-03-24,1960-03-24,0,0,0,0,0,0,0,0,0,0.0,0.0,0.0
제4대,이번에,미상/직책자,정부/기타 직책자,육군본부총무국장,정부위원,fallback,1,202,0.00001,1,1958-11-02,1958-11-02,0,0,0,0,0,0,0,0,0,0.0,0.0,0.0
제4대,이수용,미상/직책자,정부/기타 직책자,전문위원,의원,learned,44,1151,0.00004,1,1958-07-04,1959-11-17,0,0,0,0,0,0,0,0,0,0.0,0.0,0.0
제4대,김정렴,미상/직책자,정부/기타 직책자,재무부이재국장,정부위원,learned,9,3885,0.00014,2,1959-05-30,1959-11-16,0,0,0,0,0,0,0,0,0,0.0,0.0,0.0
제4대,전부,미상/직책자,정부/기타 직책자,경상남도지구병사구사령관,기타,fallback,2,107,0.0,1,1958-10-21,1959-11-04,0,0,0,0,0,0,0,0,0,0.0,0.0,0.0
제4대,강태승,미상/직책자,정부/기타 직책자,해군대학총장,기타,fallback,1,63,0.0,1,1959-11-04,1959-11-04,0,0,0,0,0,0,0,0,0,0.0,0.0,0.0
제4대,최구철,미상/직책자,정부/기타 직책자,교통부총무국장,정부위원,fallback,2,215,0.00001,1,1958-07-19,1958-07-19,0,0,0,0,0,0,0,0,0,0.0,0.0,0.0
제4대,그것을,미상/직책자,정부/기타 직책자,인천경비부사령관,기타; 정부위원,fallback,2,310,0.00001,1,1958-10-27,1958-11-11,0,0,0,0,0,0,0,0,0,0.0,0.0,0.0
제4대,여덕만,미상/직책자,정부/기타 직책자,증인,증인·참고인,fallback,19,502,0.00002,1,1960-04-18,1960-04-18,0,0,0,0,0,0,0,0,0,0.0,0.0,0.0
제4대,고철로,미상/직책자,정부/기타 직책자,병기기지사령부부사령관,기타,fallback,1,39,0.0,1,1958-10-19,1958-10-19,0,0,0,0,0,0,0,0,0,0.0,0.0,0.0
제4대,최진복,미상/직책자,정부/기타 직책자,군의학교군종실장,정부위원,learned,4,566,0.00002,1,1958-10-21,1958-10-21,0,0,0,0,0,0,0,0,0,0.0,0.0,0.0
제4대,허판수,미상/직책자,정부/기타 직책자,증인,증인·참고인,fallback,16,3525,0.00013,1,1960-04-18,1960-04-18,0,0,0,0,0,0,0,0,0,0.0,0.0,0.0
제4대,신정강,미상/직책자,정부/기타 직책자,증인,증인·참고인,fallback,21,642,0.00002,1,1960-03-24,1960-03-24,0,0,0,0,0,0,0,0,0,0.0,0.0,0.0
제4대,장경수,미상/직책자,정부/기타 직책자,해군본부수로국장,정부위원,fallback,1,52,0.0,1,1959-11-04,1959-11-04,0,0,0,0,0,0,0,0,0,0.0,0.0,0.0
제4대,육해공군,미상/직책자,정부/기타 직책자,국방부총무국장대리,정부위원,fallback,1,86,0.0,1,1959-11-17,1959-11-17,0,0,0,0,0,0,0,0,0,0.0,0.0,0.0
제4대,일관된,미상/직책자,정부/기타 직책자,국방부경리국장,정부위원,fallback,1,24,0.0,1,1959-11-17,1959-11-17,0,0,0,0,0,0,0,0,0,0.0,0.0,0.0
제4대,상신한,미상/직책자,정부/기타 직책자,경상남도지구병사구사령관,기타,fallback,1,86,0.0,1,1958-10-21,1958-10-21,0,0,0,0,0,0,0,0,0,0.0,0.0,0.0
제4대,이우용,미상/직책자,정부/기타 직책자,해군본부경리국장,정부위원,learned,12,1830,0.00007,1,1958-11-06,1958-11-06,0,0,0,0,0,0,0,0,0,0.0,0.0,0.0
제4대,젯트기를,미상/직책자,정부/기타 직책자,공군사관학교정보국장,정부위원,fallback,1,44,0.0,1,1958-10-20,1958-10-20,0,0,0,0,0,0,0,0,0,0.0,0.0,0.0
제4대,박임항,미상/직책자,정부/기타 직책자,국방연구원장,기타,learned,6,6634,0.00025,1,1958-11-19,1958-11-19,0,0,0,0,0,0,0,0,0,0.0,0.0,0.0
제4대,김신단,미상/직책자,정부/기타 직책자,재무부관재국장,정부위원,fallback,1,806,0.00003,1,1959-11-13,1959-11-13,0,0,0,0,0,0,0,0,0,0.0,0.0,0.0
제4대,김석근,미상/직책자,정부/기타 직책자,해군본부경리부국장,정부위원,fallback,2,338,0.00001,1,1958-11-06,1958-11-06,0,0,0,0,0,0,0,0,0,0.0,0.0,0.0
제4대,사령관의,미상/직책자,정부/기타 직책자,해병대사령부인사국장,정부위원,fallback,1,36,0.0,1,1959-11-05,1959-11-05,0,0,0,0,0,0,0,0,0,0.0,0.0,0.0
제4대,안여하,미상/직책자,정부/기타 직책자,증인,증인·참고인,fallback,7,241,0.00001,1,1960-03-24,1960-03-24,0,0,0,0,0,0,0,0,0,0.0,0.0,0.0
제4대,알고는,미상/직책자,정부/기타 직책자,육군본부인사국장,정부위원,fallback,1,47,0.0,1,1958-11-13,1958-11-13,0,0,0,0,0,0,0,0,0,0.0,0.0,0.0
제4대,국방부와,미상/직책자,정부/기타 직책자,경상북도병사구사령관,기타,fallback,1,31,0.0,1,1958-10-27,1958-10-27,0,0,0,0,0,0,0,0,0,0.0,0.0,0.0
제4대,발행하지,미상/직책자,정부/기타 직책자,수로국장,정부위원,fallback,1,24,0.0,1,1958-10-27,1958-10-27,0,0,0,0,0,0,0,0,0,0.0,0.0,0.0
제4대,김남학,미상/직책자,정부/기타 직책자,증인,증인·참고인,fallback,1,35,0.0,1,1958-07-22,1958-07-22,0,0,0,0,0,0,0,0,0,0.0,0.0,0.0
제4대,말씀하신,미상/직책자,정부/기타 직책자,의무기지사령관,기타; 정부위원,fallback,2,647,0.00002,1,1959-10-23,1959-11-17,0,0,0,0,0,0,0,0,0,0.0,0.0,0.0
제4대,정년이,미상/직책자,정부/기타 직책자,해군본부인사국장,정부위원,fallback,1,105,0.0,1,1958-11-06,1958-11-06,0,0,0,0,0,0,0,0,0,0.0,0.0,0.0
제4대,나상한,미상/직책자,정부/기타 직책자,위원,의원,fallback,1,40,0.0,1,1958-08-05,1958-08-05,0,0,0,0,0,0,0,0,0,0.0,0.0,0.0
제4대,없었지요,미상/직책자,정부/기타 직책자,경기병사구사령관,기타,fallback,1,8,0.0,1,1959-10-01,1959-10-01,0,0,0,0,0,0,0,0,0,0.0,0.0,0.0
제4대,최남규,미상/직책자,정부/기타 직책자,경상남도경찰국장,정부위원,learned,14,13237,0.00049,1,1960-03-24,1960-03-24,0,0,0,0,0,0,0,0,0,0.0,0.0,0.0
제4대,총액이,미상/직책자,정부/기타 직책자,해병진해기지사령관,기타,fallback,1,26,0.0,1,1959-11-04,1959-11-04,0,0,0,0,0,0,0,0,0,0.0,0.0,0.0
제4대,북한에서,미상/직책자,정부/기타 직책자,공군작전참모부장,정부위원,fallback,1,178,0.00001,1,1958-11-05,1958-11-05,0,0,0,0,0,0,0,0,0,0.0,0.0,0.0
제4대,최선을,미상/직책자,정부/기타 직책자,해군함대사령관,기타,fallback,1,28,0.0,1,1959-11-04,1959-11-04,0,0,0,0,0,0,0,0,0,0.0,0.0,0.0
제4대,박윤식,미상/직책자,정부/기타 직책자,증인,증인·참고인,fallback,14,1542,0.00006,1,1960-03-24,1960-03-24,0,0,0,0,0,0,0,0,0,0.0,0.0,0.0
제4대,조정훈,민주당,의원,위원,의원,member,4,2918,0.00011,1,1958-08-21,1958-08-21,0,0,0,0,0,0,0,0,0,0.0,0.0,0.0
제4대,김형일,미상/직책자,정부/기타 직책자,연합참모본부장,정부위원,fallback,1,1147,0.00004,1,1958-11-19,1958-11-19,0,0,0,0,0,0,0,0,0,0.0,0.0,0.0
제4대,김치은,미상/직책자,정부/기타 직책자,증인,증인·참고인,fallback,18,585,0.00002,1,1960-03-24,1960-03-24,0,0,0,0,0,0,0,0,0,0.0,0.0,0.0
제4대,백운붕,미상/직책자,정부/기타 직책자,증인,증인·참고인,fallback,27,1113,0.00004,1,1958-07-11,1958-07-11,0,0,0,0,0,0,0,0,0,0.0,0.0,0.0
제4대,여기는,미상/직책자,정부/기타 직책자,육군본부작전교육국장,정부위원,fallback,1,93,0.0,1,1958-11-13,1958-11-13,0,0,0,0,0,0,0,0,0,0.0,0.0,0.0
제4대,김봉진,미상/직책자,정부/기타 직책자,증인,증인·참고인,fallback,25,3118,0.00012,1,1960-04-18,1960-04-18,0,0,0,0,0,0,0,0,0,0.0,0.0,0.0
제4대,정경도,미상/직책자,정부/기타 직책자,증인,증인·참고인,fallback,6,970,0.00004,1,1960-03-24,1960-03-24,0,0,0,0,0,0,0,0,0,0.0,0.0,0.0
제4대,거기서,미상/직책자,정부/기타 직책자,육군본부보도실장,정부위원,fallback,1,14,0.0,1,1958-11-13,1958-11-13,0,0,0,0,0,0,0,0,0,0.0,0.0,0.0
제4대,김응순,미상/직책자,정부/기타 직책자,해무청해운국장,정부위원,learned,3,860,0.00003,1,1959-11-29,1959-11-30,0,0,0,0,0,0,0,0,0,0.0,0.0,0.0
제4대,오바,미상/직책자,정부/기타 직책자,진해해군통제부사령관,기타,fallback,1,225,0.00001,1,1958-10-19,1958-10-19,0,0,0,0,0,0,0,0,0,0.0,0.0,0.0
제4대,연참에서,미상/직책자,정부/기타 직책자,공군작전참모부장,정부위원,fallback,1,13,0.0,1,1958-11-05,1958-11-05,0,0,0,0,0,0,0,0,0,0.0,0.0,0.0
제4대,김봉준,미상/직책자,정부/기타 직책자,증인,증인·참고인,fallback,21,3187,0.00012,1,1960-01-19,1960-01-19,0,0,0,0,0,0,0,0,0,0.0,0.0,0.0
제4대,봉급에,미상/직책자,정부/기타 직책자,헌병사령부경리실장,정부위원,fallback,1,60,0.0,1,1959-10-20,1959-10-20,0,0,0,0,0,0,0,0,0,0.0,0.0,0.0
제4대,석주암,미상/직책자,정부/기타 직책자,증인,증인·참고인,fallback,33,4385,0.00016,1,1958-11-17,1958-11-17,0,0,0,0,0,0,0,0,0,0.0,0.0,0.0
제4대,김진형,미상/직책자,정부/기타 직책자,한국은행총재,기타,fallback,2,2026,0.00008,1,1958-07-24,1958-07-25,0,0,0,0,0,0,0,0,0,0.0,0.0,0.0
제4대,부산에,미상/직책자,정부/기타 직책자,부산경비사령관,기타,fallback,1,18,0.0,1,1959-11-04,1959-11-04,0,0,0,0,0,0,0,0,0,0.0,0.0,0.0
제4대,금년에,미상/직책자,정부/기타 직책자,경상남도지구병사구사령관,기타,fallback,2,94,0.0,1,1958-10-21,1959-11-04,0,0,0,0,0,0,0,0,0,0.0,0.0,0.0
제4대,명칭은,미상/직책자,정부/기타 직책자,육군본부인사국장,정부위원,fallback,1,59,0.0,1,1958-11-13,1958-11-13,0,0,0,0,0,0,0,0,0,0.0,0.0,0.0
제4대,권소협이,미상/직책자,정부/기타 직책자,증인,증인·참고인,fallback,2,72,0.0,1,1960-04-19,1960-04-19,0,0,0,0,0,0,0,0,0,0.0,0.0,0.0
제4대,육대이상,미상/직책자,정부/기타 직책자,국방부총무국장대리,정부위원,fallback,1,8,0.0,1,1959-11-17,1959-11-17,0,0,0,0,0,0,0,0,0,0.0,0.0,0.0
제4대,수로여비,미상/직책자,정부/기타 직책자,수로국장,정부위원,fallback,1,18,0.0,1,1958-10-27,1958-10-27,0,0,0,0,0,0,0,0,0,0.0,0.0,0.0
제4대,작전에,미상/직책자,정부/기타 직책자,공군작전참모부장,정부위원,fallback,1,32,0.0,1,1958-11-05,1958-11-05,0,0,0,0,0,0,0,0,0,0.0,0.0,0.0
제4대,법적,미상/직책자,정부/기타 직책자,충청남도지구병사구사령관,기타,fallback,1,15,0.0,1,1958-10-25,1958-10-25,0,0,0,0,0,0,0,0,0,0.0,0.0,0.0
제4대,확실한,미상/직책자,정부/기타 직책자,국방부총무국장대리,정부위원,fallback,1,19,0.0,1,1959-11-17,1959-11-17,0,0,0,0,0,0,0,0,0,0.0,0.0,0.0
제4대,노태선,미상/직책자,정부/기타 직책자,증인,증인·참고인,fallback,13,697,0.00003,1,1958-07-22,1958-07-22,0,0,0,0,0,0,0,0,0,0.0,0.0,0.0
제4대,이덕영,미상/직책자,정부/기타 직책자,공군기술교육단인사처장,기타,fallback,2,252,0.00001,1,1958-10-24,1958-10-24,0,0,0,0,0,0,0,0,0,0.0,0.0,0.0
제4대,이상룡,미상/직책자,정부/기타 직책자,위원,의원,fallback,3,1141,0.00004,1,1958-07-07,1958-07-24,0,0,0,0,0,0,0,0,0,0.0,0.0,0.0
제4대,이은철,미상/직책자,정부/기타 직책자,증인,증인·참고인,fallback,21,981,0.00004,1,1958-07-22,1958-07-22,0,0,0,0,0,0,0,0,0,0.0,0.0,0.0
제4대,감시는,미상/직책자,정부/기타 직책자,해군본부관리참모부장,정부위원,fallback,1,169,0.00001,1,1958-11-06,1958-11-06,0,0,0,0,0,0,0,0,0,0.0,0.0,0.0
제4대,이항령,미상/직책자,정부/기타 직책자,전문위원,의원,fallback,1,182,0.00001,1,1958-07-19,1958-07-19,0,0,0,0,0,0,0,0,0,0.0,0.0,0.0
제4대,공군의,미상/직책자,정부/기타 직책자,공군본부정보차장,기타,fallback,1,384,0.00001,1,1958-11-05,1958-11-05,0,0,0,0,0,0,0,0,0,0.0,0.0,0.0
제4대,정상희,자유당,의원,위원,의원,member,1,30,0.0,1,1958-12-24,1958-12-24,0,0,0,0,0,0,0,0,0,0.0,0.0,0.0
제4대,현재,미상/직책자,정부/기타 직책자,해병대사령부군수국장,기타; 정부위원,fallback,3,251,0.00001,1,1958-10-21,1958-11-11,0,0,0,0,0,0,0,0,0,0.0,0.0,0.0
제4대,이재곤,미상/직책자,정부/기타 직책자,체신부전무국장,정부위원,learned,2,414,0.00002,1,1958-07-22,1958-07-22,0,0,0,0,0,0,0,0,0,0.0,0.0,0.0
제4대,근근히,미상/직책자,정부/기타 직책자,경상남도지구병사구사령관,기타,fallback,1,11,0.0,1,1958-10-21,1958-10-21,0,0,0,0,0,0,0,0,0,0.0,0.0,0.0
제4대,김화수,미상/직책자,정부/기타 직책자,증인,증인·참고인,fallback,35,2551,0.00009,1,1960-04-18,1960-04-18,0,0,0,0,0,0,0,0,0,0.0,0.0,0.0
제4대,김영관,미상/직책자,정부/기타 직책자,해군본부인사국장,정부위원,learned,4,412,0.00002,1,1959-11-04,1959-11-04,0,0,0,0,0,0,0,0,0,0.0,0.0,0.0
제4대,솔직히,미상/직책자,정부/기타 직책자,육군본부군수국장,정부위원,fallback,2,117,0.0,1,1958-11-13,1958-11-13,0,0,0,0,0,0,0,0,0,0.0,0.0,0.0
제4대,구봉회,미상/직책자,정부/기타 직책자,증인,증인·참고인,fallback,4,2135,0.00008,1,1960-04-17,1960-04-17,0,0,0,0,0,0,0,0,0,0.0,0.0,0.0
제4대,박삼철,미상/직책자,정부/기타 직책자,증인,증인·참고인,fallback,1,214,0.00001,1,1959-07-08,1959-07-08,0,0,0,0,0,0,0,0,0,0.0,0.0,0.0
제4대,재정법에,미상/직책자,정부/기타 직책자,해군본부함정국장,정부위원,fallback,1,31,0.0,1,1959-11-04,1959-11-04,0,0,0,0,0,0,0,0,0,0.0,0.0,0.0
제4대,김동석,자유당,의원,의원,의원,member,2,627,0.00002,1,1959-02-05,1959-02-05,0,0,0,0,0,0,0,0,0,0.0,0.0,0.0
제4대,사금만을,미상/직책자,정부/기타 직책자,충청남도지구병사구사령관,기타,fallback,1,38,0.0,1,1958-10-25,1958-10-25,0,0,0,0,0,0,0,0,0,0.0,0.0,0.0
제4대,강명현,미상/직책자,정부/기타 직책자,육군특무부대특무처장,기타,learned,8,951,0.00004,1,1958-10-27,1958-10-27,0,0,0,0,0,0,0,0,0,0.0,0.0,0.0
제4대,김영찬,미상/직책자,정부/기타 직책자,한국산업은행총재,국무위원; 기타,learned,5,1863,0.00007,2,1958-11-20,1960-04-16,0,0,0,0,0,0,0,0,0,0.0,0.0,0.0
제4대,권종림,미상/직책자,정부/기타 직책자,증인,증인·참고인,fallback,11,1929,0.00007,1,1960-03-24,1960-03-24,0,0,0,0,0,0,0,0,0,0.0,0.0,0.0
제4대,박병권,미상/직책자,정부/기타 직책자,육군본부관리부장,의원; 정부위원,fallback,2,320,0.00001,2,1958-07-19,1958-10-20,0,0,0,0,0,0,0,0,0,0.0,0.0,0.0
제4대,김충남,미상/직책자,정부/기타 직책자,해군참모차장,기타,fallback,1,280,0.00001,1,1959-11-04,1959-11-04,0,0,0,0,0,0,0,0,0,0.0,0.0,0.0
제4대,박숙희,미상/직책자,정부/기타 직책자,농업은행총재,기타,learned,10,3805,0.00014,1,1959-11-10,1959-11-10,0,0,0,0,0,0,0,0,0,0.0,0.0,0.0
제4대,김희덕,미상/직책자,정부/기타 직책자,증인,증인·참고인,fallback,35,3988,0.00015,1,1960-03-24,1960-04-17,0,0,0,0,0,0,0,0,0,0.0,0.0,0.0
제4대,작년에,미상/직책자,정부/기타 직책자,해군함대사령관,기타,fallback,1,132,0.0,1,1959-11-04,1959-11-04,0,0,0,0,0,0,0,0,0,0.0,0.0,0.0
제4대,박기희,미상/직책자,정부/기타 직책자,농업은행총재,기타,fallback,1,189,0.00001,1,1958-06-20,1958-06-20,0,0,0,0,0,0,0,0,0,0.0,0.0,0.0
제4대,수송비가,미상/직책자,정부/기타 직책자,부산경비사령관,기타,fallback,1,66,0.0,1,1959-11-04,1959-11-04,0,0,0,0,0,0,0,0,0,0.0,0.0,0.0
제4대,박세현,미상/직책자,정부/기타 직책자,증인,증인·참고인,fallback,9,2666,0.0001,1,1960-03-24,1960-03-24,0,0,0,0,0,0,0,0,0,0.0,0.0,0.0
제4대,김완길,미상/직책자,정부/기타 직책자,증인,증인·참고인,fallback,5,4427,0.00016,1,1960-04-18,1960-04-18,0,0,0,0,0,0,0,0,0,0.0,0.0,0.0
제4대,이정희,자유당,의원,위원,의원,member,6,2347,0.00009,2,1958-11-13,1960-03-18,0,0,0,0,0,0,0,0,0,0.0,0.0,0.0
제4대,김무신,미상/직책자,정부/기타 직책자,증인,증인·참고인,fallback,8,1643,0.00006,1,1960-04-18,1960-04-18,0,0,0,0,0,0,0,0,0,0.0,0.0,0.0
제4대,강성태,자유당,의원,위원,의원,member,10,8634,0.00032,3,1958-11-14,1959-11-24,0,0,0,0,0,0,0,0,0,0.0,0.0,0.0
제4대,인쇄비,미상/직책자,정부/기타 직책자,병기기지사령부부사령관,기타,fallback,1,144,0.00001,1,1958-10-19,1958-10-19,0,0,0,0,0,0,0,0,0,0.0,0.0,0.0
제4대,최윤기,미상/직책자,정부/기타 직책자,외자청구매국장,정부위원,learned,7,746,0.00003,1,1959-11-13,1959-11-13,0,0,0,0,0,0,0,0,0,0.0,0.0,0.0
제4대,주영택,미상/직책자,정부/기타 직책자,증인,증인·참고인,fallback,4,356,0.00001,1,1960-04-19,1960-04-19,0,0,0,0,0,0,0,0,0,0.0,0.0,0.0
제4대,김규진,미상/직책자,정부/기타 직책자,증인,증인·참고인,fallback,3,515,0.00002,1,1959-07-08,1959-07-08,0,0,0,0,0,0,0,0,0,0.0,0.0,0.0
제4대,곤란한,미상/직책자,정부/기타 직책자,인천경비부사령관,기타,fallback,1,41,0.0,1,1958-10-27,1958-10-27,0,0,0,0,0,0,0,0,0,0.0,0.0,0.0
제4대,주로,미상/직책자,정부/기타 직책자,해병대사령부군수국장,정부위원,fallback,2,184,0.00001,1,1958-11-11,1958-11-13,0,0,0,0,0,0,0,0,0,0.0,0.0,0.0
제4대,연간,미상/직책자,정부/기타 직책자,공군본부관리차장,기타,fallback,1,160,0.00001,1,1959-11-06,1959-11-06,0,0,0,0,0,0,0,0,0,0.0,0.0,0.0
제4대,김성용,미상/직책자,정부/기타 직책자,증인,증인·참고인,fallback,3,6202,0.00023,1,1960-04-18,1960-04-18,0,0,0,0,0,0,0,0,0,0.0,0.0,0.0
제4대,신응균,미상/직책자,정부/기타 직책자,육군본부행정참모부장,정부위원,fallback,1,1713,0.00006,1,1958-11-13,1958-11-13,0,0,0,0,0,0,0,0,0,0.0,0.0,0.0
제4대,민영학,미상/직책자,정부/기타 직책자,증인,증인·참고인,fallback,13,3902,0.00014,1,1960-04-18,1960-04-18,0,0,0,0,0,0,0,0,0,0.0,0.0,0.0
제4대,통례가,미상/직책자,정부/기타 직책자,충청남도지구병사구사령관,기타,fallback,1,113,0.0,1,1958-10-25,1958-10-25,0,0,0,0,0,0,0,0,0,0.0,0.0,0.0
제4대,배경주,미상/직책자,정부/기타 직책자,증인,증인·참고인,fallback,35,1078,0.00004,1,1958-07-11,1958-07-11,0,0,0,0,0,0,0,0,0,0.0,0.0,0.0
제4대,이종시,미상/직책자,정부/기타 직책자,증인,증인·참고인,fallback,10,489,0.00002,1,1959-07-08,1959-07-08,0,0,0,0,0,0,0,0,0,0.0,0.0,0.0
제4대,책정된,미상/직책자,정부/기타 직책자,병기기지사령부부사령관,기타,fallback,1,54,0.0,1,1958-10-19,1958-10-19,0,0,0,0,0,0,0,0,0,0.0,0.0,0.0
제4대,현시학,미상/직책자,정부/기타 직책자,해군본부작전참모부장,정부위원,fallback,2,414,0.00002,1,1959-11-04,1959-11-04,0,0,0,0,0,0,0,0,0,0.0,0.0,0.0
제4대,유경인,미상/직책자,정부/기타 직책자,공군본부인사차장,기타,learned,24,1440,0.00005,2,1959-11-06,1959-11-30,0,0,0,0,0,0,0,0,0,0.0,0.0,0.0
제4대,박병호,미상/직책자,정부/기타 직책자,위원,의원,fallback,1,10,0.0,1,1959-11-28,1959-11-28,0,0,0,0,0,0,0,0,0,0.0,0.0,0.0
제4대,월별로,미상/직책자,정부/기타 직책자,육군특무부대경리실장,정부위원,fallback,1,6,0.0,1,1959-10-24,1959-10-24,0,0,0,0,0,0,0,0,0,0.0,0.0,0.0
제4대,심재현,미상/직책자,정부/기타 직책자,위원,의원,fallback,1,419,0.00002,1,1958-08-21,1958-08-21,0,0,0,0,0,0,0,0,0,0.0,0.0,0.0
제4대,전만중,자유당,의원,위원,의원,member,1,438,0.00002,1,1959-10-26,1959-10-26,0,0,0,0,0,0,0,0,0,0.0,0.0,0.0
제4대,해병대사,미상/직책자,정부/기타 직책자,령부작전교육국차장,기타,fallback,2,87,0.0,1,1958-11-11,1958-11-11,0,0,0,0,0,0,0,0,0,0.0,0.0,0.0
제4대,배영호,미상/직책자,정부/기타 직책자,법원행정처장,기타,learned,7,6075,0.00023,1,1959-11-19,1959-12-07,0,0,0,0,0,0,0,0,0,0.0,0.0,0.0
제4대,김원중,자유당,의원,위원,의원,member,4,4087,0.00015,3,1958-08-19,1959-11-19,0,0,0,0,0,0,0,0,0,0.0,0.0,0.0
제4대,다른,미상/직책자,정부/기타 직책자,해군본부인사국장,정부위원,fallback,2,42,0.0,1,1958-11-06,1958-11-13,0,0,0,0,0,0,0,0,0,0.0,0.0,0.0
제4대,아닙니다,미상/직책자,정부/기타 직책자,해병대사령부인사국장,정부위원,fallback,1,53,0.0,1,1959-11-05,1959-11-05,0,0,0,0,0,0,0,0,0,0.0,0.0,0.0
제4대,그것이,미상/직책자,정부/기타 직책자,병기기지사령부부사령관,기타; 정부위원,fallback,2,352,0.00001,1,1958-10-19,1958-11-13,0,0,0,0,0,0,0,0,0,0.0,0.0,0.0
제4대,이것이,미상/직책자,정부/기타 직책자,해병대사령부군수국장,기타; 정부위원,fallback,2,220,0.00001,1,1958-11-05,1958-11-11,0,0,0,0,0,0,0,0,0,0.0,0.0,0.0
제4대,서일교,미상/직책자,정부/기타 직책자,전문위원,의원,learned,20,1590,0.00006,1,1959-12-03,1959-12-03,0,0,0,0,0,0,0,0,0,0.0,0.0,0.0
제4대,해군본부,미상/직책자,정부/기타 직책자,진해해군통제부사령관,기타,fallback,1,226,0.00001,1,1958-10-19,1958-10-19,0,0,0,0,0,0,0,0,0,0.0,0.0,0.0
제4대,이중춘,미상/직책자,정부/기타 직책자,농림부양정국장,정부위원,fallback,1,555,0.00002,1,1958-07-18,1958-07-18,0,0,0,0,0,0,0,0,0,0.0,0.0,0.0
제4대,작년도,미상/직책자,정부/기타 직책자,육군특무부대경리실장,정부위원,fallback,1,105,0.0,1,1959-10-24,1959-10-24,0,0,0,0,0,0,0,0,0,0.0,0.0,0.0
제4대,엄요섭,미상/직책자,정부/기타 직책자,증인,증인·참고인,fallback,15,8806,0.00033,1,1960-01-19,1960-01-19,0,0,0,0,0,0,0,0,0,0.0,0.0,0.0
제4대,권중섭,미상/직책자,정부/기타 직책자,위원,의원,fallback,1,29,0.0,1,1958-07-18,1958-07-18,0,0,0,0,0,0,0,0,0,0.0,0.0,0.0
제4대,적어도,미상/직책자,정부/기타 직책자,해군본부인사국장,정부위원,fallback,1,81,0.0,1,1958-11-06,1958-11-06,0,0,0,0,0,0,0,0,0,0.0,0.0,0.0
제4대,이병선,미상/직책자,정부/기타 직책자,해군본부경리국장,정부위원,fallback,1,115,0.0,1,1959-11-04,1959-11-04,0,0,0,0,0,0,0,0,0,0.0,0.0,0.0
제4대,이만호,미상/직책자,정부/기타 직책자,증인,증인·참고인,fallback,47,3363,0.00012,1,1960-03-24,1960-03-24,0,0,0,0,0,0,0,0,0,0.0,0.0,0.0
제4대,김일병,미상/직책자,정부/기타 직책자,해군참모차장,기타,fallback,1,438,0.00002,1,1958-07-19,1958-07-19,0,0,0,0,0,0,0,0,0,0.0,0.0,0.0
제4대,조신환,미상/직책자,정부/기타 직책자,증인,증인·참고인,fallback,32,3580,0.00013,1,1958-07-26,1958-07-26,0,0,0,0,0,0,0,0,0,0.0,0.0,0.0
제4대,아직까지,미상/직책자,정부/기타 직책자,부산경비사령관,기타,fallback,1,15,0.0,1,1959-11-04,1959-11-04,0,0,0,0,0,0,0,0,0,0.0,0.0,0.0
제4대,특별한,미상/직책자,정부/기타 직책자,수로국장,정부위원,fallback,1,50,0.0,1,1958-10-27,1958-10-27,0,0,0,0,0,0,0,0,0,0.0,0.0,0.0
제4대,내년에,미상/직책자,정부/기타 직책자,공군본부경리국장,정부위원,fallback,1,12,0.0,1,1959-11-06,1959-11-06,0,0,0,0,0,0,0,0,0,0.0,0.0,0.0
제4대,제가,미상/직책자,정부/기타 직책자,병기기지사령부부사령관,기타; 정부위원,fallback,5,580,0.00002,1,1958-10-19,1958-11-13,0,0,0,0,0,0,0,0,0,0.0,0.0,0.0
제4대,김계원,미상/직책자,정부/기타 직책자,육군본부정보참모부장,정부위원,fallback,1,42,0.0,1,1959-10-24,1959-10-24,0,0,0,0,0,0,0,0,0,0.0,0.0,0.0
제4대,전과,미상/직책자,정부/기타 직책자,경기병사구사령관,기타,fallback,1,31,0.0,1,1959-10-01,1959-10-01,0,0,0,0,0,0,0,0,0,0.0,0.0,0.0
제4대,재래의,미상/직책자,정부/기타 직책자,경기병사구사령관,기타,fallback,1,38,0.0,1,1959-10-01,1959-10-01,0,0,0,0,0,0,0,0,0,0.0,0.0,0.0
제4대,그런,미상/직책자,정부/기타 직책자,육군본부조달차장,기타; 정부위원,fallback,6,368,0.00001,1,1958-10-21,1959-11-04,0,0,0,0,0,0,0,0,0,0.0,0.0,0.0
제4대,황인표,미상/직책자,정부/기타 직책자,경상북도병사구사령관,기타,learned,3,395,0.00001,1,1958-10-20,1958-10-20,0,0,0,0,0,0,0,0,0,0.0,0.0,0.0
제4대,박충식,자유당,의원,위원,의원,member,2,122,0.0,1,1958-10-22,1958-11-08,0,0,0,0,0,0,0,0,0,0.0,0.0,0.0
제4대,조인구,미상/직책자,정부/기타 직책자,내무부치안국장,정부위원,learned,29,5133,0.00019,1,1960-04-13,1960-04-13,0,0,0,0,0,0,0,0,0,0.0,0.0,0.0
제4대,강명옥,미상/직책자,정부/기타 직책자,법무부법제실장,정부위원,learned,11,4658,0.00017,3,1958-07-25,1959-11-19,0,0,0,0,0,0,0,0,0,0.0,0.0,0.0
제4대,사무용품,미상/직책자,정부/기타 직책자,인천경비부사령관,기타,fallback,1,23,0.0,1,1958-10-27,1958-10-27,0,0,0,0,0,0,0,0,0,0.0,0.0,0.0
제4대,박용록,미상/직책자,정부/기타 직책자,증인,증인·참고인,fallback,17,2580,0.0001,1,1960-03-24,1960-04-18,0,0,0,0,0,0,0,0,0,0.0,0.0,0.0
제4대,허형구,미상/직책자,정부/기타 직책자,증인,증인·참고인,fallback,26,4548,0.00017,1,1960-04-18,1960-04-18,0,0,0,0,0,0,0,0,0,0.0,0.0,0.0
제4대,임우영,자유당,의원,위원,의원,member,5,4375,0.00016,3,1958-06-21,1959-11-10,0,0,0,0,0,0,0,0,0,0.0,0.0,0.0
제4대,윤택선,미상/직책자,정부/기타 직책자,전문위원,의원,fallback,8,4847,0.00018,3,1958-11-13,1959-11-13,0,0,0,0,0,0,0,0,0,0.0,0.0,0.0
제4대,그중에서,미상/직책자,정부/기타 직책자,육군본부군수국장,정부위원,fallback,1,445,0.00002,1,1958-11-13,1958-11-13,0,0,0,0,0,0,0,0,0,0.0,0.0,0.0
제4대,저희들이,미상/직책자,정부/기타 직책자,육군본부군수국장,기타; 정부위원,fallback,5,611,0.00002,1,1958-10-27,1958-11-13,0,0,0,0,0,0,0,0,0,0.0,0.0,0.0
제4대,가격은,미상/직책자,정부/기타 직책자,육군본부군수국장,정부위원,fallback,1,23,0.0,1,1958-11-13,1958-11-13,0,0,0,0,0,0,0,0,0,0.0,0.0,0.0
제4대,박명길,미상/직책자,정부/기타 직책자,위원,의원,fallback,1,26,0.0,1,1958-07-19,1958-07-19,0,0,0,0,0,0,0,0,0,0.0,0.0,0.0
제4대,이동진,미상/직책자,정부/기타 직책자,위원,의원,fallback,1,745,0.00003,1,1959-11-04,1959-11-04,0,0,0,0,0,0,0,0,0,0.0,0.0,0.0
제4대,여기에,미상/직책자,정부/기타 직책자,육군본부총무국장,기타; 정부위원,fallback,3,361,0.00001,1,1958-11-02,1959-11-17,0,0,0,0,0,0,0,0,0,0.0,0.0,0.0
제4대,이용철,미상/직책자,정부/기타 직책자,재무부세관국장,정부위원,learned,7,1325,0.00005,1,1959-11-19,1959-11-21,0,0,0,0,0,0,0,0,0,0.0,0.0,0.0
제4대,대략,미상/직책자,정부/기타 직책자,공군작전참모부장,정부위원,fallback,1,31,0.0,1,1958-11-05,1958-11-05,0,0,0,0,0,0,0,0,0,0.0,0.0,0.0
제4대,이두황,미상/직책자,정부/기타 직책자,전남지구병사구사령관,기타,learned,93,9010,0.00033,1,1959-10-01,1959-10-01,0,0,0,0,0,0,0,0,0,0.0,0.0,0.0
제4대,김찬현,미상/직책자,정부/기타 직책자,위원,의원,fallback,1,938,0.00003,1,1958-07-20,1958-07-20,0,0,0,0,0,0,0,0,0,0.0,0.0,0.0
제4대,직접,미상/직책자,정부/기타 직책자,육군병기기지사령관,기타,fallback,1,42,0.0,1,1959-10-01,1959-10-01,0,0,0,0,0,0,0,0,0,0.0,0.0,0.0
제4대,사실이,미상/직책자,정부/기타 직책자,육군본부군수국장,정부위원,fallback,1,92,0.0,1,1958-11-13,1958-11-13,0,0,0,0,0,0,0,0,0,0.0,0.0,0.0
제4대,공군에서,미상/직책자,정부/기타 직책자,공군작전참모부장,정부위원,fallback,1,98,0.0,1,1958-11-05,1958-11-05,0,0,0,0,0,0,0,0,0,0.0,0.0,0.0
제4대,항만과는,미상/직책자,정부/기타 직책자,병기기지사령부부사령관,기타,fallback,1,107,0.0,1,1958-10-19,1958-10-19,0,0,0,0,0,0,0,0,0,0.0,0.0,0.0
제4대,송재규,미상/직책자,정부/기타 직책자,농업은행특수업무부차장,기타,fallback,1,28,0.0,1,1959-07-08,1959-07-08,0,0,0,0,0,0,0,0,0,0.0,0.0,0.0
제4대,김효창,미상/직책자,정부/기타 직책자,증인,증인·참고인,fallback,28,6759,0.00025,1,1960-01-19,1960-01-19,0,0,0,0,0,0,0,0,0,0.0,0.0,0.0
제4대,저희가,미상/직책자,정부/기타 직책자,해군본부관리참모부장,정부위원,fallback,2,399,0.00001,1,1958-11-06,1958-11-06,0,0,0,0,0,0,0,0,0,0.0,0.0,0.0
제4대,이환녕,미상/직책자,정부/기타 직책자,전문위원,의원,fallback,2,831,0.00003,1,1959-06-09,1959-06-09,0,0,0,0,0,0,0,0,0,0.0,0.0,0.0
제4대,정상숙,미상/직책자,정부/기타 직책자,증인,증인·참고인,fallback,15,713,0.00003,1,1960-03-24,1960-03-24,0,0,0,0,0,0,0,0,0,0.0,0.0,0.0
제4대,작년에도,미상/직책자,정부/기타 직책자,육군본부인사국장,정부위원,fallback,1,67,0.0,1,1958-11-13,1958-11-13,0,0,0,0,0,0,0,0,0,0.0,0.0,0.0
제4대,이양수,미상/직책자,정부/기타 직책자,증인,증인·참고인,fallback,16,3578,0.00013,1,1960-03-24,1960-04-18,0,0,0,0,0,0,0,0,0,0.0,0.0,0.0
제4대,거기에,미상/직책자,정부/기타 직책자,해병대사령부인사국장,기타; 정부위원,fallback,3,1241,0.00005,1,1958-11-13,1959-11-05,0,0,0,0,0,0,0,0,0,0.0,0.0,0.0
제4대,수의계약,미상/직책자,정부/기타 직책자,육군본부조달차장,기타,fallback,1,182,0.00001,1,1958-10-28,1958-10-28,0,0,0,0,0,0,0,0,0,0.0,0.0,0.0
제4대,이근상,미상/직책자,정부/기타 직책자,공보실공보국장,정부위원,learned,6,1294,0.00005,2,1959-07-13,1959-11-24,0,0,0,0,0,0,0,0,0,0.0,0.0,0.0
제4대,심진택,미상/직책자,정부/기타 직책자,증인,증인·참고인,fallback,39,1675,0.00006,1,1958-07-11,1958-07-11,0,0,0,0,0,0,0,0,0,0.0,0.0,0.0
제4대,정정해서,미상/직책자,정부/기타 직책자,부산경비사령관,기타,fallback,1,10,0.0,1,1959-11-04,1959-11-04,0,0,0,0,0,0,0,0,0,0.0,0.0,0.0
제4대,균등히,미상/직책자,정부/기타 직책자,육군본부총무국장,정부위원,fallback,1,159,0.00001,1,1958-11-02,1958-11-02,0,0,0,0,0,0,0,0,0,0.0,0.0,0.0
제4대,최경록,미상/직책자,정부/기타 직책자,국방연구원장,기타,fallback,1,250,0.00001,1,1959-11-24,1959-11-24,0,0,0,0,0,0,0,0,0,0.0,0.0,0.0
제4대,강두기,미상/직책자,정부/기타 직책자,해무청시설국장,정부위원,learned,4,1428,0.00005,2,1958-07-23,1958-12-08,0,0,0,0,0,0,0,0,0,0.0,0.0,0.0
제4대,도망자에,미상/직책자,정부/기타 직책자,해병대사령부인사국장,정부위원,fallback,1,28,0.0,1,1959-11-05,1959-11-05,0,0,0,0,0,0,0,0,0,0.0,0.0,0.0
제4대,이진갑,미상/직책자,정부/기타 직책자,경북병사구사령관,기타,fallback,1,313,0.00001,1,1959-10-01,1959-10-01,0,0,0,0,0,0,0,0,0,0.0,0.0,0.0
제4대,자세한,미상/직책자,정부/기타 직책자,진해해군통제사령관,기타,fallback,1,98,0.0,1,1959-11-04,1959-11-04,0,0,0,0,0,0,0,0,0,0.0,0.0,0.0
제4대,김희찬,미상/직책자,정부/기타 직책자,국방위원회간사,기타; 의원,learned,5,320,0.00001,2,1958-07-10,1960-04-22,0,0,0,0,0,0,0,0,0,0.0,0.0,0.0
제4대,차형기,미상/직책자,정부/기타 직책자,증인,증인·참고인,fallback,33,1555,0.00006,1,1958-11-17,1958-11-17,0,0,0,0,0,0,0,0,0,0.0,0.0,0.0
제4대,나빠질,미상/직책자,정부/기타 직책자,경상북도병사구사령관,기타,fallback,1,19,0.0,1,1958-10-27,1958-10-27,0,0,0,0,0,0,0,0,0,0.0,0.0,0.0
제4대,금년도에,미상/직책자,정부/기타 직책자,해병대사령부인사국장,정부위원,fallback,1,83,0.0,1,1959-11-05,1959-11-05,0,0,0,0,0,0,0,0,0,0.0,0.0,0.0
제4대,정순조,미상/직책자,정부/기타 직책자,증인,증인·참고인,member,11,631,0.00002,1,1960-04-18,1960-04-18,0,0,0,0,0,0,0,0,0,0.0,0.0,0.0
제4대,적이,미상/직책자,정부/기타 직책자,육군본부정보국장,정부위원,fallback,1,1145,0.00004,1,1958-11-13,1958-11-13,0,0,0,0,0,0,0,0,0,0.0,0.0,0.0
제4대,박종권,미상/직책자,정부/기타 직책자,재무부차관,국무위원,fallback,1,1035,0.00004,1,1959-11-19,1959-11-19,0,0,0,0,0,0,0,0,0,0.0,0.0,0.0
제4대,김영륜,미상/직책자,정부/기타 직책자,전문위원,의원,fallback,1,1861,0.00007,1,1958-12-15,1958-12-15,0,0,0,0,0,0,0,0,0,0.0,0.0,0.0
제4대,현재까지,미상/직책자,정부/기타 직책자,육군특무부대내정처장,기타,fallback,1,108,0.0,1,1959-10-24,1959-10-24,0,0,0,0,0,0,0,0,0,0.0,0.0,0.0
제4대,많이,미상/직책자,정부/기타 직책자,경기병사구사령관,기타,fallback,1,5,0.0,1,1959-10-01,1959-10-01,0,0,0,0,0,0,0,0,0,0.0,0.0,0.0
제4대,조용순,미상/직책자,정부/기타 직책자,대법원장,기타,learned,1,1475,0.00005,1,1958-06-17,1958-06-17,0,0,0,0,0,0,0,0,0,0.0,0.0,0.0
제4대,윤대은,미상/직책자,정부/기타 직책자,체신부전무국장,정부위원,learned,10,1742,0.00006,1,1958-11-13,1958-11-13,0,0,0,0,0,0,0,0,0,0.0,0.0,0.0
제4대,윤영구,미상/직책자,정부/기타 직책자,전문위원,의원,fallback,6,153,0.00001,2,1959-07-09,1960-04-10,0,0,0,0,0,0,0,0,0,0.0,0.0,0.0
제4대,연락해서,미상/직책자,정부/기타 직책자,증인,증인·참고인,fallback,1,5,0.0,1,1958-07-25,1958-07-25,0,0,0,0,0,0,0,0,0,0.0,0.0,0.0
제4대,김봉두,미상/직책자,정부/기타 직책자,증인,증인·참고인,member,10,526,0.00002,1,1960-03-24,1960-03-24,0,0,0,0,0,0,0,0,0,0.0,0.0,0.0
제4대,정현팔,미상/직책자,정부/기타 직책자,증인,증인·참고인,fallback,12,1902,0.00007,1,1960-03-24,1960-03-24,0,0,0,0,0,0,0,0,0,0.0,0.0,0.0
제4대,박희동,미상/직책자,정부/기타 직책자,국장,정부위원,fallback,1,44,0.0,1,1959-11-06,1959-11-06,0,0,0,0,0,0,0,0,0,0.0,0.0,0.0
제4대,이종우,미상/직책자,정부/기타 직책자,연합참모본부장,정부위원,learned,19,1045,0.00004,1,1959-11-24,1959-11-24,0,0,0,0,0,0,0,0,0,0.0,0.0,0.0
제4대,현재로서,미상/직책자,정부/기타 직책자,해군함대사령관,기타,fallback,1,81,0.0,1,1959-11-04,1959-11-04,0,0,0,0,0,0,0,0,0,0.0,0.0,0.0
제4대,재료비는,미상/직책자,정부/기타 직책자,육군병기기지사령관,기타,fallback,1,9,0.0,1,1959-10-01,1959-10-01,0,0,0,0,0,0,0,0,0,0.0,0.0,0.0
제4대,부채는,미상/직책자,정부/기타 직책자,육군특무부대경리실장,정부위원,fallback,1,6,0.0,1,1959-10-24,1959-10-24,0,0,0,0,0,0,0,0,0,0.0,0.0,0.0
제4대,홍성준,미상/직책자,정부/기타 직책자,서울지구병사구사령관,기타,learned,16,1166,0.00004,1,1958-10-27,1958-10-27,0,0,0,0,0,0,0,0,0,0.0,0.0,0.0
제4대,이존일,미상/직책자,정부/기타 직책자,증인,증인·참고인,fallback,8,2349,0.00009,1,1958-11-17,1958-11-17,0,0,0,0,0,0,0,0,0,0.0,0.0,0.0
제4대,강봉수,미상/직책자,정부/기타 직책자,보건사회부원호국장,정부위원,fallback,1,1751,0.00007,1,1959-11-12,1959-11-12,0,0,0,0,0,0,0,0,0,0.0,0.0,0.0
제4대,종전에,미상/직책자,정부/기타 직책자,충청남도지구병사구사령관,기타,fallback,1,40,0.0,1,1958-10-25,1958-10-25,0,0,0,0,0,0,0,0,0,0.0,0.0,0.0
제4대,박주희,미상/직책자,정부/기타 직책자,농업은행총재,기타,fallback,2,1763,0.00007,1,1958-11-20,1958-11-20,0,0,0,0,0,0,0,0,0,0.0,0.0,0.0
제4대,육군에서,미상/직책자,정부/기타 직책자,경상북도병사구사령관,기타,fallback,1,69,0.0,1,1958-10-27,1958-10-27,0,0,0,0,0,0,0,0,0,0.0,0.0,0.0
제4대,나머지는,미상/직책자,정부/기타 직책자,부산경비사령관,기타,fallback,1,16,0.0,1,1959-11-04,1959-11-04,0,0,0,0,0,0,0,0,0,0.0,0.0,0.0
제4대,본부에서,미상/직책자,정부/기타 직책자,공군본부경리국장,정부위원,fallback,1,51,0.0,1,1959-11-06,1959-11-06,0,0,0,0,0,0,0,0,0,0.0,0.0,0.0
제4대,김형대,미상/직책자,정부/기타 직책자,증인,증인·참고인,fallback,32,3608,0.00013,1,1960-03-24,1960-04-18,0,0,0,0,0,0,0,0,0,0.0,0.0,0.0
제4대,지당한,미상/직책자,정부/기타 직책자,국방부경리국장,정부위원,fallback,1,174,0.00001,1,1959-11-17,1959-11-17,0,0,0,0,0,0,0,0,0,0.0,0.0,0.0
제4대,조경규,자유당,의원,위원,의원,member,7,6499,0.00024,2,1958-11-28,1959-02-19,0,0,0,0,0,0,0,0,0,0.0,0.0,0.0
제4대,없습니다,미상/직책자,정부/기타 직책자,수로국장,기타; 정부위원,fallback,5,68,0.0,1,1958-10-27,1959-11-04,0,0,0,0,0,0,0,0,0,0.0,0.0,0.0
제4대,최진국,미상/직책자,정부/기타 직책자,증인,증인·참고인,fallback,21,2426,0.00009,1,1959-07-08,1959-07-08,0,0,0,0,0,0,0,0,0,0.0,0.0,0.0
제4대,그것은,미상/직책자,정부/기타 직책자,국방부경리국장,기타; 정부위원,learned,15,1143,0.00004,1,1958-10-19,1959-11-17,0,0,0,0,0,0,0,0,0,0.0,0.0,0.0
제4대,대위,미상/직책자,정부/기타 직책자,부산경비사령부장,정부위원,learned,17,560,0.00002,1,1959-11-04,1959-11-04,0,0,0,0,0,0,0,0,0,0.0,0.0,0.0
제4대,김이호,미상/직책자,정부/기타 직책자,공군기술교육단군수처장,기타,fallback,1,22,0.0,1,1958-10-24,1958-10-24,0,0,0,0,0,0,0,0,0,0.0,0.0,0.0
제4대,이두형,미상/직책자,정부/기타 직책자,위원,의원,fallback,3,1440,0.00005,1,1958-12-09,1958-12-09,0,0,0,0,0,0,0,0,0,0.0,0.0,0.0
제4대,영달,미상/직책자,정부/기타 직책자,경기병사구사령관,기타,fallback,1,13,0.0,1,1959-10-01,1959-10-01,0,0,0,0,0,0,0,0,0,0.0,0.0,0.0
제4대,결국은,미상/직책자,정부/기타 직책자,국방부경리국장,정부위원,fallback,1,128,0.0,1,1959-11-17,1959-11-17,0,0,0,0,0,0,0,0,0,0.0,0.0,0.0
제4대,김성립,미상/직책자,정부/기타 직책자,증인,증인·참고인,fallback,14,2084,0.00008,1,1960-03-24,1960-03-24,0,0,0,0,0,0,0,0,0,0.0,0.0,0.0
제4대,정동기,미상/직책자,정부/기타 직책자,국방장관,국무위원,fallback,1,91,0.0,1,1958-07-05,1958-07-05,0,0,0,0,0,0,0,0,0,0.0,0.0,0.0
제4대,훈련소에,미상/직책자,정부/기타 직책자,경상남도지구병사구사령관,기타,fallback,1,42,0.0,1,1958-10-21,1958-10-21,0,0,0,0,0,0,0,0,0,0.0,0.0,0.0
제4대,전창희,미상/직책자,정부/기타 직책자,증인,증인·참고인,fallback,43,7265,0.00027,1,1960-03-24,1960-04-17,0,0,0,0,0,0,0,0,0,0.0,0.0,0.0
제4대,여기에는,미상/직책자,정부/기타 직책자,육군본부작전교육국장,정부위원,fallback,1,52,0.0,1,1958-11-13,1958-11-13,0,0,0,0,0,0,0,0,0,0.0,0.0,0.0
제4대,박도언,미상/직책자,정부/기타 직책자,농림부차관,국무위원,learned,2,1472,0.00005,1,1959-12-26,1960-01-11,0,0,0,0,0,0,0,0,0,0.0,0.0,0.0
제4대,김순희,미상/직책자,정부/기타 직책자,증인,증인·참고인,fallback,14,1632,0.00006,1,1960-03-24,1960-03-24,0,0,0,0,0,0,0,0,0,0.0,0.0,0.0
제4대,김술남,미상/직책자,정부/기타 직책자,증인,증인·참고인,fallback,11,1378,0.00005,1,1960-03-24,1960-03-24,0,0,0,0,0,0,0,0,0,0.0,0.0,0.0
제4대,현찰이,미상/직책자,정부/기타 직책자,경상남도지구병사구사령관,기타,fallback,1,31,0.0,1,1958-10-21,1958-10-21,0,0,0,0,0,0,0,0,0,0.0,0.0,0.0
제4대,관재비,미상/직책자,정부/기타 직책자,인천경비부사령관,기타,fallback,1,39,0.0,1,1958-10-27,1958-10-27,0,0,0,0,0,0,0,0,0,0.0,0.0,0.0
제4대,변시민,미상/직책자,정부/기타 직책자,문교부문화국장,정부위원,learned,3,1120,0.00004,1,1958-11-11,1958-11-13,0,0,0,0,0,0,0,0,0,0.0,0.0,0.0
제4대,지금까지,미상/직책자,정부/기타 직책자,국방부경리국장,기타; 정부위원,fallback,2,294,0.00001,1,1959-11-04,1959-11-17,0,0,0,0,0,0,0,0,0,0.0,0.0,0.0
제4대,군원,미상/직책자,정부/기타 직책자,국방부경리국장,정부위원,fallback,1,118,0.0,1,1959-11-17,1959-11-17,0,0,0,0,0,0,0,0,0,0.0,0.0,0.0
제4대,육본에서,미상/직책자,정부/기타 직책자,경상북도병사구사령관,기타,fallback,1,35,0.0,1,1958-10-27,1958-10-27,0,0,0,0,0,0,0,0,0,0.0,0.0,0.0
제4대,정대숙,미상/직책자,정부/기타 직책자,전문위원,의원,fallback,2,436,0.00002,1,1959-12-05,1960-01-18,0,0,0,0,0,0,0,0,0,0.0,0.0,0.0
제4대,함정은,미상/직책자,정부/기타 직책자,해군함대사령관,기타,fallback,1,240,0.00001,1,1959-11-04,1959-11-04,0,0,0,0,0,0,0,0,0,0.0,0.0,0.0
제4대,그래서,미상/직책자,정부/기타 직책자,육군본부보도실장,기타; 정부위원,fallback,3,296,0.00001,1,1958-10-19,1958-11-13,0,0,0,0,0,0,0,0,0,0.0,0.0,0.0
제4대,고철환,미상/직책자,정부/기타 직책자,증인,증인·참고인,fallback,24,659,0.00002,1,1960-03-24,1960-03-24,0,0,0,0,0,0,0,0,0,0.0,0.0,0.0
제4대,김만,미상/직책자,정부/기타 직책자,증인,증인·참고인,fallback,3,376,0.00001,1,1960-04-19,1960-04-19,0,0,0,0,0,0,0,0,0,0.0,0.0,0.0
제4대,천기홍,미상/직책자,정부/기타 직책자,증인,증인·참고인,fallback,14,975,0.00004,1,1960-03-24,1960-03-24,0,0,0,0,0,0,0,0,0,0.0,0.0,0.0
제4대,이병용,미상/직책자,정부/기타 직책자,전문위원,의원,fallback,1,37,0.0,1,1959-11-09,1959-11-09,0,0,0,0,0,0,0,0,0,0.0,0.0,0.0
제4대,잘하고,미상/직책자,정부/기타 직책자,진해해군통제사령관,기타,fallback,1,23,0.0,1,1959-11-04,1959-11-04,0,0,0,0,0,0,0,0,0,0.0,0.0,0.0
제4대,이학만,미상/직책자,정부/기타 직책자,증인,증인·참고인,fallback,21,858,0.00003,1,1960-03-24,1960-04-18,0,0,0,0,0,0,0,0,0,0.0,0.0,0.0
제4대,이필재,미상/직책자,정부/기타 직책자,증인,증인·참고인,fallback,17,1979,0.00007,1,1960-03-24,1960-03-24,0,0,0,0,0,0,0,0,0,0.0,0.0,0.0
제4대,이진호,미상/직책자,정부/기타 직책자,의사국장,정부위원,fallback,1,476,0.00002,1,1958-08-22,1958-08-22,0,0,0,0,0,0,0,0,0,0.0,0.0,0.0
제4대,현지,미상/직책자,정부/기타 직책자,해군함대사령관,기타,fallback,1,63,0.0,1,1959-11-04,1959-11-04,0,0,0,0,0,0,0,0,0,0.0,0.0,0.0
제4대,이영우,미상/직책자,정부/기타 직책자,해병대사령부작전교육국장,정부위원,learned,6,595,0.00002,1,1958-11-11,1958-11-11,0,0,0,0,0,0,0,0,0,0.0,0.0,0.0
제4대,대강,미상/직책자,정부/기타 직책자,경기병사구사령관,기타,fallback,1,22,0.0,1,1959-10-01,1959-10-01,0,0,0,0,0,0,0,0,0,0.0,0.0,0.0
제4대,국쾌남,자유당,의원,위원,의원,member,7,1419,0.00005,1,1958-12-22,1958-12-24,0,0,0,0,0,0,0,0,0,0.0,0.0,0.0
제4대,권찬주,미상/직책자,정부/기타 직책자,증인,증인·참고인,fallback,10,632,0.00002,1,1960-03-24,1960-03-24,0,0,0,0,0,0,0,0,0,0.0,0.0,0.0
제4대,시행령에,미상/직책자,정부/기타 직책자,육군본부인사국장,정부위원,fallback,1,140,0.00001,1,1958-11-13,1958-11-13,0,0,0,0,0,0,0,0,0,0.0,0.0,0.0
제4대,사실은,미상/직책자,정부/기타 직책자,해군함대사령관,기타; 정부위원,fallback,2,479,0.00002,1,1958-11-13,1959-11-04,0,0,0,0,0,0,0,0,0,0.0,0.0,0.0
제4대,박건원,미상/직책자,정부/기타 직책자,헌병사령부부사령관,기타,learned,4,785,0.00003,1,1958-11-11,1958-11-11,0,0,0,0,0,0,0,0,0,0.0,0.0,0.0
제4대,이규일,미상/직책자,정부/기타 직책자,공보실방송관리국장,정부위원,learned,4,728,0.00003,1,1959-11-20,1959-11-20,0,0,0,0,0,0,0,0,0,0.0,0.0,0.0
제4대,오히려,미상/직책자,정부/기타 직책자,진해해군통제부사령관,기타,fallback,1,53,0.0,1,1958-10-19,1958-10-19,0,0,0,0,0,0,0,0,0,0.0,0.0,0.0
제4대,봉급,미상/직책자,정부/기타 직책자,해군본부인사국장,기타; 정부위원,fallback,2,101,0.0,1,1958-11-06,1959-11-04,0,0,0,0,0,0,0,0,0,0.0,0.0,0.0
제4대,어떻게,미상/직책자,정부/기타 직책자,국방부총무국장대리,정부위원,fallback,1,31,0.0,1,1959-11-17,1959-11-17,0,0,0,0,0,0,0,0,0,0.0,0.0,0.0
제4대,이강내,미상/직책자,정부/기타 직책자,헌병부장,정부위원,fallback,1,65,0.0,1,1958-10-24,1958-10-24,0,0,0,0,0,0,0,0,0,0.0,0.0,0.0
제4대,최창섭,자유당,의원,위원,의원,member,29,5309,0.0002,6,1958-06-21,1960-04-22,0,0,0,0,0,0,0,0,0,0.0,0.0,0.0
제4대,차가,미상/직책자,정부/기타 직책자,육군본부인사국장,정부위원,fallback,1,214,0.00001,1,1958-11-13,1958-11-13,0,0,0,0,0,0,0,0,0,0.0,0.0,0.0
제4대,한계를,미상/직책자,정부/기타 직책자,국방부총무국장대리,정부위원,fallback,1,34,0.0,1,1959-11-17,1959-11-17,0,0,0,0,0,0,0,0,0,0.0,0.0,0.0
제4대,김정기,자유당,의원,위원,의원,member,2,1194,0.00004,1,1959-10-08,1959-10-08,0,0,0,0,0,0,0,0,0,0.0,0.0,0.0
제4대,연구는,미상/직책자,정부/기타 직책자,국방부경리국장,정부위원,fallback,1,154,0.00001,1,1959-11-17,1959-11-17,0,0,0,0,0,0,0,0,0,0.0,0.0,0.0
제4대,정완영,미상/직책자,정부/기타 직책자,전문위원,의원,learned,13,5280,0.0002,2,1958-12-22,1960-01-16,0,0,0,0,0,0,0,0,0,0.0,0.0,0.0
제4대,김병국,미상/직책자,정부/기타 직책자,증인,증인·참고인,fallback,42,6824,0.00025,1,1960-04-17,1960-04-19,0,0,0,0,0,0,0,0,0,0.0,0.0,0.0
제4대,최재섭,미상/직책자,정부/기타 직책자,증인,증인·참고인,fallback,40,1730,0.00006,1,1960-04-18,1960-04-18,0,0,0,0,0,0,0,0,0,0.0,0.0,0.0
제4대,외무부의,미상/직책자,정부/기타 직책자,국방부총무국장대리,정부위원,fallback,1,84,0.0,1,1959-11-17,1959-11-17,0,0,0,0,0,0,0,0,0,0.0,0.0,0.0
제4대,작년,미상/직책자,정부/기타 직책자,부산경비사령관,기타,fallback,1,20,0.0,1,1959-11-04,1959-11-04,0,0,0,0,0,0,0,0,0,0.0,0.0,0.0
제4대,최영빈,미상/직책자,정부/기타 직책자,증인,증인·참고인,fallback,8,321,0.00001,1,1958-11-17,1958-11-17,0,0,0,0,0,0,0,0,0,0.0,0.0,0.0
제4대,김봉렬,미상/직책자,정부/기타 직책자,체신부경리국장,정부위원,learned,34,8769,0.00033,2,1958-11-13,1959-11-06,0,0,0,0,0,0,0,0,0,0.0,0.0,0.0
제4대,아마,미상/직책자,정부/기타 직책자,진해해군통제부사령관,기타,fallback,1,22,0.0,1,1958-10-19,1958-10-19,0,0,0,0,0,0,0,0,0,0.0,0.0,0.0
제4대,한국운수,미상/직책자,정부/기타 직책자,부산경비사령관,기타,fallback,1,8,0.0,1,1959-11-04,1959-11-04,0,0,0,0,0,0,0,0,0,0.0,0.0,0.0
제4대,제길윤,미상/직책자,정부/기타 직책자,증인,증인·참고인,fallback,7,610,0.00002,1,1960-04-18,1960-04-18,0,0,0,0,0,0,0,0,0,0.0,0.0,0.0
제4대,해군하고,미상/직책자,정부/기타 직책자,의무기지사령관,기타,fallback,1,15,0.0,1,1959-10-23,1959-10-23,0,0,0,0,0,0,0,0,0,0.0,0.0,0.0
제4대,저희,미상/직책자,정부/기타 직책자,부산경비사령관,기타,learned,2,166,0.00001,1,1958-10-25,1959-11-04,0,0,0,0,0,0,0,0,0,0.0,0.0,0.0
제4대,그렇게,미상/직책자,정부/기타 직책자,국방부경리국장,정부위원,fallback,2,265,0.00001,1,1958-11-02,1959-11-17,0,0,0,0,0,0,0,0,0,0.0,0.0,0.0
제4대,과거에는,미상/직책자,정부/기타 직책자,국방부경리국장,정부위원,fallback,1,85,0.0,1,1959-11-17,1959-11-17,0,0,0,0,0,0,0,0,0,0.0,0.0,0.0
제4대,성원경,미상/직책자,정부/기타 직책자,증인,증인·참고인,member,13,297,0.00001,1,1958-07-22,1958-07-22,0,0,0,0,0,0,0,0,0,0.0,0.0,0.0
제4대,죽게,미상/직책자,정부/기타 직책자,부산경비사령관,기타,fallback,1,4,0.0,1,1959-11-04,1959-11-04,0,0,0,0,0,0,0,0,0,0.0,0.0,0.0
제4대,손석래,미상/직책자,정부/기타 직책자,증인,증인·참고인,learned,190,8882,0.00033,1,1960-03-24,1960-03-24,0,0,0,0,0,0,0,0,0,0.0,0.0,0.0
제4대,안광훈,미상/직책자,정부/기타 직책자,증인,증인·참고인,fallback,24,1572,0.00006,1,1958-07-22,1958-07-22,0,0,0,0,0,0,0,0,0,0.0,0.0,0.0
제4대,강호륜,미상/직책자,정부/기타 직책자,공군본부작전국장,정부위원,learned,7,1072,0.00004,1,1958-11-05,1958-11-05,0,0,0,0,0,0,0,0,0,0.0,0.0,0.0
제4대,우선,미상/직책자,정부/기타 직책자,육군본부인사국장,정부위원,fallback,1,281,0.00001,1,1958-11-13,1958-11-13,0,0,0,0,0,0,0,0,0,0.0,0.0,0.0
제4대,저희는,미상/직책자,정부/기타 직책자,병기기지사령부부사령관,기타; 정부위원,fallback,2,301,0.00001,1,1958-10-19,1958-11-06,0,0,0,0,0,0,0,0,0,0.0,0.0,0.0
제4대,저도,미상/직책자,정부/기타 직책자,육군본부인사국장,기타; 정부위원,fallback,4,773,0.00003,1,1958-11-13,1959-11-04,0,0,0,0,0,0,0,0,0,0.0,0.0,0.0
제4대,정홍섭,미상/직책자,정부/기타 직책자,사무총장대리,기타; 사무처,learned,54,10063,0.00037,6,1958-07-09,1960-03-29,0,0,0,0,0,0,0,0,0,0.0,0.0,0.0
제4대,제대증을,미상/직책자,정부/기타 직책자,육군본부인사국장,정부위원,fallback,1,176,0.00001,1,1958-11-13,1958-11-13,0,0,0,0,0,0,0,0,0,0.0,0.0,0.0
제4대,유태영,미상/직책자,정부/기타 직책자,전문위원,의원,learned,19,17583,0.00065,3,1958-11-13,1959-11-20,0,0,0,0,0,0,0,0,0,0.0,0.0,0.0
제4대,예결에서,미상/직책자,정부/기타 직책자,육군본부조달차장,기타,fallback,1,53,0.0,1,1958-10-28,1958-10-28,0,0,0,0,0,0,0,0,0,0.0,0.0,0.0
제4대,임봉순,미상/직책자,정부/기타 직책자,증인,증인·참고인,fallback,30,1930,0.00007,1,1959-06-23,1959-06-23,0,0,0,0,0,0,0,0,0,0.0,0.0,0.0
제4대,전봉희,미상/직책자,정부/기타 직책자,공군본부정보국장,정부위원,learned,9,1256,0.00005,1,1958-11-05,1958-11-05,0,0,0,0,0,0,0,0,0,0.0,0.0,0.0
제4대,조래운,미상/직책자,정부/기타 직책자,증인,증인·참고인,fallback,14,547,0.00002,1,1958-07-11,1958-07-11,0,0,0,0,0,0,0,0,0,0.0,0.0,0.0
제4대,김준기,미상/직책자,정부/기타 직책자,증인,증인·참고인,fallback,10,736,0.00003,1,1958-07-22,1958-07-22,0,0,0,0,0,0,0,0,0,0.0,0.0,0.0
제4대,주희국,미상/직책자,정부/기타 직책자,증인,증인·참고인,fallback,50,2928,0.00011,1,1960-03-24,1960-03-24,0,0,0,0,0,0,0,0,0,0.0,0.0,0.0
제4대,박계진,미상/직책자,정부/기타 직책자,증인,증인·참고인,fallback,15,1695,0.00006,1,1960-03-24,1960-04-18,0,0,0,0,0,0,0,0,0,0.0,0.0,0.0
제4대,김창옥,미상/직책자,정부/기타 직책자,해병대군수국장,정부위원,fallback,1,334,0.00001,1,1959-11-30,1959-11-30,0,0,0,0,0,0,0,0,0,0.0,0.0,0.0
제4대,김장훈,미상/직책자,정부/기타 직책자,함대부사령관,기타,fallback,1,119,0.0,1,1958-10-19,1958-10-19,0,0,0,0,0,0,0,0,0,0.0,0.0,0.0
제4대,최유영,미상/직책자,정부/기타 직책자,증인,증인·참고인,fallback,4,2135,0.00008,1,1960-04-18,1960-04-18,0,0,0,0,0,0,0,0,0,0.0,0.0,0.0
제4대,업자가,미상/직책자,정부/기타 직책자,육군본부조달차장,기타,fallback,1,137,0.00001,1,1958-10-28,1958-10-28,0,0,0,0,0,0,0,0,0,0.0,0.0,0.0
제4대,그다음에,미상/직책자,정부/기타 직책자,육군특무부대내정처장,기타,fallback,1,480,0.00002,1,1959-10-24,1959-10-24,0,0,0,0,0,0,0,0,0,0.0,0.0,0.0
제4대,저희들,미상/직책자,정부/기타 직책자,인천경비부사령관,기타,fallback,1,95,0.0,1,1958-10-27,1958-10-27,0,0,0,0,0,0,0,0,0,0.0,0.0,0.0
제4대,곽근호,미상/직책자,정부/기타 직책자,증인,증인·참고인,fallback,6,202,0.00001,1,1958-07-22,1958-07-22,0,0,0,0,0,0,0,0,0,0.0,0.0,0.0
제4대,군에서,미상/직책자,정부/기타 직책자,국방부총무국장대리,정부위원,fallback,1,254,0.00001,1,1959-11-17,1959-11-17,0,0,0,0,0,0,0,0,0,0.0,0.0,0.0
제4대,이동환,미상/직책자,정부/기타 직책자,내무부차관,국무위원,member,6,1225,0.00005,1,1960-04-11,1960-04-13,0,0,0,0,0,0,0,0,0,0.0,0.0,0.0
제4대,징병검사,미상/직책자,정부/기타 직책자,경기병사구사령관,기타,fallback,1,16,0.0,1,1959-10-01,1959-10-01,0,0,0,0,0,0,0,0,0,0.0,0.0,0.0
제4대,최원구,미상/직책자,정부/기타 직책자,증인,증인·참고인,fallback,14,3131,0.00012,1,1960-04-18,1960-04-18,0,0,0,0,0,0,0,0,0,0.0,0.0,0.0
제4대,한상구,미상/직책자,정부/기타 직책자,외자청경리국장,정부위원,fallback,2,742,0.00003,1,1959-11-13,1959-11-13,0,0,0,0,0,0,0,0,0,0.0,0.0,0.0
제4대,정금체,미상/직책자,정부/기타 직책자,증인,증인·참고인,fallback,23,576,0.00002,1,1958-07-22,1958-07-22,0,0,0,0,0,0,0,0,0,0.0,0.0,0.0
제4대,임춘무,미상/직책자,정부/기타 직책자,내무부통계국장,정부위원,fallback,2,1940,0.00007,1,1958-07-16,1958-07-16,0,0,0,0,0,0,0,0,0,0.0,0.0,0.0
제4대,감사한,미상/직책자,정부/기타 직책자,진해해군통제사령관,기타,fallback,1,451,0.00002,1,1959-11-04,1959-11-04,0,0,0,0,0,0,0,0,0,0.0,0.0,0.0
제4대,신문은,미상/직책자,정부/기타 직책자,육군본부인사국장,정부위원,fallback,1,101,0.0,1,1958-11-13,1958-11-13,0,0,0,0,0,0,0,0,0,0.0,0.0,0.0
제4대,저희들은,미상/직책자,정부/기타 직책자,육군특무부대내정처장,기타; 정부위원,fallback,2,278,0.00001,1,1958-10-20,1959-10-24,0,0,0,0,0,0,0,0,0,0.0,0.0,0.0
제4대,정의택,미상/직책자,정부/기타 직책자,문교부보통교육국장,정부위원,learned,17,4941,0.00018,2,1958-07-18,1958-11-06,0,0,0,0,0,0,0,0,0,0.0,0.0,0.0
제4대,대개,미상/직책자,정부/기타 직책자,수로국장,정부위원,fallback,2,325,0.00001,1,1958-10-27,1958-11-11,0,0,0,0,0,0,0,0,0,0.0,0.0,0.0
제4대,조태준,미상/직책자,정부/기타 직책자,공군기술교육단경리처장,기타,learned,12,701,0.00003,1,1958-10-24,1958-10-24,0,0,0,0,0,0,0,0,0,0.0,0.0,0.0
제4대,연천의,미상/직책자,정부/기타 직책자,육군본부조달차장,기타,fallback,1,63,0.0,1,1958-10-28,1958-10-28,0,0,0,0,0,0,0,0,0,0.0,0.0,0.0
제4대,김영간,미상/직책자,정부/기타 직책자,법무부법무국장,정부위원,fallback,1,907,0.00003,1,1960-01-11,1960-01-11,0,0,0,0,0,0,0,0,0,0.0,0.0,0.0
제4대,이태준,미상/직책자,정부/기타 직책자,전문위원,의원,fallback,2,3467,0.00013,2,1958-11-29,1959-11-19,0,0,0,0,0,0,0,0,0,0.0,0.0,0.0
제4대,박원석,미상/직책자,정부/기타 직책자,공군본부군수국장,정부위원,learned,12,1845,0.00007,2,1958-11-05,1959-11-30,0,0,0,0,0,0,0,0,0,0.0,0.0,0.0
제4대,이동희,미상/직책자,정부/기타 직책자,교통부경리국장,정부위원,learned,61,9746,0.00036,1,1958-11-14,1958-12-09,0,0,0,0,0,0,0,0,0,0.0,0.0,0.0
제4대,전부터,미상/직책자,정부/기타 직책자,해병진해기지사령관,기타,fallback,1,378,0.00001,1,1959-11-04,1959-11-04,0,0,0,0,0,0,0,0,0,0.0,0.0,0.0
제4대,부정을,미상/직책자,정부/기타 직책자,국방부경리국장,정부위원,fallback,1,34,0.0,1,1959-11-17,1959-11-17,0,0,0,0,0,0,0,0,0,0.0,0.0,0.0
제4대,중사,미상/직책자,정부/기타 직책자,병기기지사령부부사령관,기타,fallback,1,21,0.0,1,1958-10-19,1958-10-19,0,0,0,0,0,0,0,0,0,0.0,0.0,0.0
제4대,총장,미상/직책자,정부/기타 직책자,교육총본부부총장,기타,fallback,1,79,0.0,1,1958-10-25,1958-10-25,0,0,0,0,0,0,0,0,0,0.0,0.0,0.0
제4대,인태식,자유당,의원,의원,의원,member,2,16626,0.00062,2,1959-03-12,1960-04-27,0,0,0,0,0,0,0,0,0,0.0,0.0,0.0
제4대,금년도,미상/직책자,정부/기타 직책자,공군본부관리처장,기타,fallback,1,108,0.0,1,1959-11-06,1959-11-06,0,0,0,0,0,0,0,0,0,0.0,0.0,0.0
제4대,아직,미상/직책자,정부/기타 직책자,육군본부보도실장,정부위원,fallback,1,106,0.0,1,1958-11-13,1958-11-13,0,0,0,0,0,0,0,0,0,0.0,0.0,0.0
제4대,박현숙,자유당,의원,위원,의원,member,22,5171,0.00019,3,1958-07-16,1958-11-24,0,0,0,0,0,0,0,0,0,0.0,0.0,0.0
제4대,그렇지,미상/직책자,정부/기타 직책자,충청남도지구병사구사령관,기타,fallback,1,149,0.00001,1,1958-10-25,1958-10-25,0,0,0,0,0,0,0,0,0,0.0,0.0,0.0
제4대,이갑도,미상/직책자,정부/기타 직책자,증인,증인·참고인,fallback,24,848,0.00003,1,1960-03-24,1960-03-24,0,0,0,0,0,0,0,0,0,0.0,0.0,0.0
제4대,총병력이,미상/직책자,정부/기타 직책자,육군의무교육기지부사령관,기타,fallback,1,58,0.0,1,1958-10-21,1958-10-21,0,0,0,0,0,0,0,0,0,0.0,0.0,0.0
제4대,옛날에는,미상/직책자,정부/기타 직책자,경기병사구사령관,기타,fallback,1,53,0.0,1,1959-10-01,1959-10-01,0,0,0,0,0,0,0,0,0,0.0,0.0,0.0
제4대,시골에,미상/직책자,정부/기타 직책자,경상북도병사구사령관,기타,fallback,1,42,0.0,1,1958-10-27,1958-10-27,0,0,0,0,0,0,0,0,0,0.0,0.0,0.0
제4대,박성희,미상/직책자,정부/기타 직책자,증인,증인·참고인,fallback,3,253,0.00001,1,1960-04-18,1960-04-18,0,0,0,0,0,0,0,0,0,0.0,0.0,0.0
제4대,김수명,미상/직책자,정부/기타 직책자,육군의무교육기지사령관,기타,fallback,2,1868,0.00007,1,1958-10-21,1958-10-21,0,0,0,0,0,0,0,0,0,0.0,0.0,0.0
제4대,변재준,미상/직책자,정부/기타 직책자,증인,증인·참고인,fallback,3,355,0.00001,1,1960-04-19,1960-04-19,0,0,0,0,0,0,0,0,0,0.0,0.0,0.0
제4대,이흥배,미상/직책자,정부/기타 직책자,심계원차장,기타,fallback,1,669,0.00002,1,1959-12-05,1959-12-05,0,0,0,0,0,0,0,0,0,0.0,0.0,0.0
제4대,김봉규,미상/직책자,정부/기타 직책자,증인,증인·참고인,fallback,42,1997,0.00007,1,1960-03-24,1960-03-24,0,0,0,0,0,0,0,0,0,0.0,0.0,0.0
제4대,강태호,미상/직책자,정부/기타 직책자,증인,증인·참고인,fallback,17,4296,0.00016,1,1960-03-24,1960-04-18,0,0,0,0,0,0,0,0,0,0.0,0.0,0.0
제4대,봉급이,미상/직책자,정부/기타 직책자,육군본부작전교육국장,정부위원,fallback,1,70,0.0,1,1958-11-13,1958-11-13,0,0,0,0,0,0,0,0,0,0.0,0.0,0.0
제4대,모르는,미상/직책자,정부/기타 직책자,충청남도지구병사구사령관,기타,fallback,1,5,0.0,1,1958-10-25,1958-10-25,0,0,0,0,0,0,0,0,0,0.0,0.0,0.0
제4대,권병호,미상/직책자,정부/기타 직책자,국방부정훈국장,정부위원,learned,12,658,0.00002,1,1959-11-17,1959-11-17,0,0,0,0,0,0,0,0,0,0.0,0.0,0.0
제4대,어디를,미상/직책자,정부/기타 직책자,육군본부군수국장,정부위원,fallback,1,222,0.00001,1,1958-11-13,1958-11-13,0,0,0,0,0,0,0,0,0,0.0,0.0,0.0
제4대,박종표,미상/직책자,정부/기타 직책자,증인,증인·참고인,fallback,36,2323,0.00009,1,1960-03-24,1960-03-24,0,0,0,0,0,0,0,0,0,0.0,0.0,0.0
제4대,이용을,미상/직책자,정부/기타 직책자,충청남도지구병사구사령관,기타,fallback,1,19,0.0,1,1958-10-25,1958-10-25,0,0,0,0,0,0,0,0,0,0.0,0.0,0.0
제4대,양회경,미상/직책자,정부/기타 직책자,해군본부정보국장,정부위원,fallback,1,57,0.0,1,1959-11-04,1959-11-04,0,0,0,0,0,0,0,0,0,0.0,0.0,0.0
제헌,신익희,대한독립촉성국민회,의원,의장,의원; 의장단,member,4504,1270755,0.07631,6,1948-05-31,1950-06-02,149,227,11,18,89,17,387,124,511,0.305,0.098,0.402
제헌,홍성하,한국민주당,의원,재정경제위원장,위원장; 의원,member,545,605771,0.03638,6,1948-11-02,1950-04-22,35,241,11,11,18,3,287,32,319,0.474,0.053,0.527
제헌,전진한,대한노동총연맹,의원,의원,국무위원; 의원,member,35,59182,0.00355,4,1948-06-29,1949-11-21,3,0,185,10,4,0,188,14,202,3.177,0.237,3.413
제헌,김도연,한국민주당,의원,재무부장관,국무위원; 의원,member,121,175541,0.01054,6,1948-05-31,1950-04-22,14,130,26,8,13,7,170,28,198,0.968,0.16,1.128
제헌,이진수,무소속,의원,의원,의원,member,778,322452,0.01936,6,1948-05-31,1950-04-22,68,6,28,32,15,9,102,56,158,0.316,0.174,0.49
제헌,조헌영,한국민주당,의원,의원,위원장; 의원,member,705,582279,0.03496,6,1948-06-01,1950-04-22,44,1,46,18,37,5,91,60,151,0.156,0.103,0.259
제헌,장희창,미상/직책자,정부/기타 직책자,재무부차관,국무위원,learned,19,27263,0.00164,4,1948-11-17,1949-11-11,1,105,0,0,0,0,106,0,106,3.888,0.0,3.888
제헌,홍희종,조선민족청년단,의원,의원,위원장; 의원,member,177,160631,0.00965,6,1948-07-02,1950-04-22,86,0,2,3,5,0,88,8,96,0.548,0.05,0.598
제헌,윤재욱,대동청년당,의원,의원,의원,member,106,106148,0.00637,6,1948-05-31,1950-04-15,7,0,79,5,4,0,86,9,95,0.81,0.085,0.895
제헌,김동원,한국민주당,의원,부의장,의원; 의장단,member,4223,737556,0.04429,6,1948-06-01,1950-04-21,17,4,8,0,38,22,29,60,89,0.039,0.081,0.121
제헌,장홍염,한국민주당,의원,의원,의원,member,151,97495,0.00585,5,1948-06-09,1950-03-25,0,8,60,15,5,0,68,20,88,0.697,0.205,0.903
제헌,이영준,한국민주당,의원,문교사회위원장,미상; 위원장; 의원,member,223,102361,0.00615,6,1948-06-03,1950-02-18,60,0,13,7,3,1,73,11,84,0.713,0.107,0.821
제헌,허남수,미상/직책자,정부/기타 직책자,의사국장,정부위원,learned,198,316890,0.01903,5,1949-03-24,1950-04-22,15,25,19,4,8,11,59,23,82,0.186,0.073,0.259
제헌,송창식,대한독립촉성국민회,의원,의원,의원,member,33,39285,0.00236,6,1948-06-28,1950-03-22,10,67,0,1,2,0,77,3,80,1.96,0.076,2.036
제헌,윤석구,무소속,의원,의원,국무위원; 의원,member,67,39819,0.00239,5,1948-05-31,1950-04-22,67,0,9,0,1,0,76,1,77,1.909,0.025,1.934
제헌,조한백,무소속,의원,의원,위원장; 의원,member,326,204600,0.01229,6,1948-06-02,1950-04-22,29,0,22,13,11,1,51,25,76,0.249,0.122,0.371
제헌,윤치영,한국민주당,의원,부의장,국무위원; 의원; 의장단,member,2196,426501,0.02561,6,1948-05-31,1950-04-22,4,5,1,26,35,1,10,62,72,0.023,0.145,0.169
제헌,김웅진,무소속,의원,의원,의원,member,280,111088,0.00667,6,1948-07-02,1950-04-19,57,2,4,1,3,1,63,5,68,0.567,0.045,0.612
제헌,조영규,한국민주당,의원,의원,미상; 위원장; 의원,member,277,158062,0.00949,6,1948-06-01,1950-03-27,14,2,8,14,6,18,24,38,62,0.152,0.24,0.392
제헌,이범석,미상/직책자,정부/기타 직책자,국무총리,국무위원,learned,69,190539,0.01144,6,1948-08-03,1950-04-04,21,4,12,14,10,0,37,24,61,0.194,0.126,0.32
제헌,조국현,미상/직책자,정부/기타 직책자,의원,의원,member,399,200171,0.01202,6,1948-05-31,1950-04-22,12,15,5,9,10,8,32,27,59,0.16,0.135,0.295
제헌,권태희,무소속,의원,의원,위원장; 의원,member,241,151548,0.0091,6,1948-06-14,1950-04-22,31,5,2,5,9,4,38,18,56,0.251,0.119,0.37
제헌,박순석,무소속,의원,의원,미상; 의원,member,313,141330,0.00849,6,1948-05-31,1950-04-22,20,1,11,11,12,0,32,23,55,0.226,0.163,0.389
제헌,문시환,조선민족청년단,의원,의원,의원,member,87,39194,0.00235,1,1948-06-01,1948-10-07,1,0,49,1,2,0,50,3,53,1.276,0.077,1.352
제헌,이석주,대한독립촉성국민회,의원,의원,위원장; 의원,member,270,142892,0.00858,6,1948-05-31,1950-04-22,22,0,20,5,5,0,42,10,52,0.294,0.07,0.364
제헌,안호상,미상/직책자,정부/기타 직책자,문교부장관,국무위원,learned,30,49953,0.003,4,1948-10-01,1950-04-22,48,0,0,3,0,0,48,3,51,0.961,0.06,1.021
제헌,박해극,무소속,의원,의원,위원장; 의원,member,171,101805,0.00611,6,1948-06-01,1950-04-14,4,0,24,1,17,5,28,23,51,0.275,0.226,0.501
제헌,최운교,무소속,의원,의원,의원,member,322,166151,0.00998,6,1948-05-31,1950-04-22,34,6,0,3,6,1,40,10,50,0.241,0.06,0.301
제헌,김수선,무소속,의원,의원,의원,member,188,185954,0.01117,6,1948-06-30,1950-04-22,13,3,12,19,3,0,28,22,50,0.151,0.118,0.269
제헌,서상일,한국민주당,의원,의원,위원장; 의원,member,321,186840,0.01122,5,1948-06-01,1950-03-11,21,2,11,8,6,1,34,15,49,0.182,0.08,0.262
제헌,강선명,무소속,의원,의원,위원장; 의원,member,82,104197,0.00626,5,1949-01-18,1950-04-21,14,2,19,6,5,1,35,12,47,0.336,0.115,0.451
제헌,노일환,한국민주당,의원,의원,의원,member,237,153298,0.00921,3,1948-05-31,1949-06-16,4,0,12,21,7,3,16,31,47,0.104,0.202,0.307
제헌,이재형,무소속,의원,의원,의원,member,115,139451,0.00837,5,1948-07-03,1950-04-20,1,7,20,15,4,0,28,19,47,0.201,0.136,0.337
제헌,황두연,미상/직책자,정부/기타 직책자,의원,위원장; 의원,member,182,157660,0.00947,6,1948-06-02,1950-03-23,16,2,7,7,7,8,25,22,47,0.159,0.14,0.298
제헌,임영신,대한여자국민당,의원,의원,국무위원; 위원장; 의원,member,102,73416,0.00441,5,1948-08-21,1950-04-21,22,0,10,9,4,2,32,15,47,0.436,0.204,0.64
제헌,오용국,무소속,의원,의원,의원,member,83,69636,0.00418,6,1948-06-01,1950-04-04,26,1,6,2,10,0,33,12,45,0.474,0.172,0.646
제헌,이승만,대한독립촉성국민회,의원,의장,의원; 의장단,member,504,117787,0.00707,1,1948-05-31,1948-07-20,1,0,27,9,3,4,28,16,44,0.238,0.136,0.374
제헌,황호현,대한독립촉성국민회,의원,의원,의원,member,165,89416,0.00537,6,1948-06-26,1950-04-22,7,1,28,4,4,0,36,8,44,0.403,0.089,0.492
제헌,백관수,한국민주당,의원,의원,기타; 위원장; 의원,member,432,168203,0.0101,4,1948-06-10,1949-12-03,15,0,0,0,4,24,15,28,43,0.089,0.166,0.256
제헌,이정래,한국민주당,의원,의원,의원,member,346,205452,0.01234,6,1948-05-31,1950-04-22,7,3,10,14,8,0,20,22,42,0.097,0.107,0.204
제헌,윤병구,무소속,의원,의원,의원,member,188,101792,0.00611,5,1948-06-01,1950-04-20,20,0,5,7,8,0,25,15,40,0.246,0.147,0.393
제헌,김광준,무소속,의원,의원,위원장; 의원,member,419,243999,0.01465,6,1948-07-14,1950-04-22,11,0,4,10,11,0,15,21,36,0.061,0.086,0.148
제헌,이석,대한독립촉성국민회,의원,의원,기타; 위원장; 의원,member,107,38397,0.00231,5,1948-06-03,1950-04-04,0,10,25,1,0,0,35,1,36,0.912,0.026,0.938
제헌,이성득,무소속,의원,의원,의원,member,163,84144,0.00505,6,1948-06-02,1950-04-17,1,0,5,9,21,0,6,30,36,0.071,0.357,0.428
제헌,김병회,무소속,의원,의원,의원,member,163,148026,0.00889,3,1948-06-03,1949-06-18,10,1,6,11,8,0,17,19,36,0.115,0.128,0.243
제헌,박해정,무소속,의원,의원,의원,member,154,89622,0.00538,6,1948-05-31,1950-04-19,8,2,16,7,0,1,26,8,34,0.29,0.089,0.379
제헌,강기문,무소속,의원,의원,의원,member,41,39755,0.00239,4,1948-06-26,1949-12-03,13,6,9,3,3,0,28,6,34,0.704,0.151,0.855
제헌,유진오,미상/직책자,정부/기타 직책자,전문위원,기타; 의원,learned,102,105242,0.00632,2,1948-06-23,1949-03-28,10,0,6,3,3,11,16,17,33,0.152,0.162,0.314
제헌,조봉암,무소속,의원,농림부장관,국무위원; 의원,member,116,163763,0.00983,3,1948-06-01,1950-03-13,1,0,12,8,9,3,13,20,33,0.079,0.122,0.202
제헌,김약수,조선공화당,의원,부의장,의원; 의장단,member,2115,415382,0.02494,3,1948-05-31,1949-06-18,4,1,1,0,16,11,6,27,33,0.014,0.065,0.079
제헌,곽상훈,무소속,의원,의원,의원,member,170,121975,0.00732,6,1948-06-01,1950-04-20,1,0,8,14,6,2,9,22,31,0.074,0.18,0.254
제헌,김상돈,무소속,의원,의원,위원장; 의원,member,171,160941,0.00966,6,1948-06-02,1950-04-21,9,0,1,6,6,8,10,20,30,0.062,0.124,0.186
제헌,정준,무소속,의원,의원,의원,member,351,158704,0.00953,6,1948-05-31,1950-04-22,1,0,2,14,11,2,3,27,30,0.019,0.17,0.189
제헌,신성균,무소속,의원,의원,의원,member,283,143949,0.00864,4,1948-05-31,1949-07-30,3,0,7,9,10,0,10,19,29,0.069,0.132,0.201
제헌,윤재근,무소속,의원,의원,위원장; 의원,member,42,41580,0.0025,6,1948-06-02,1950-04-15,8,0,12,6,1,2,20,9,29,0.481,0.216,0.697
제헌,장병만,대한독립촉성국민회,의원,의원,의원,member,262,130573,0.00784,6,1948-06-09,1950-04-20,9,10,1,6,2,0,20,8,28,0.153,0.061,0.214
제헌,주기용,무소속,의원,의원,의원,member,62,72110,0.00433,5,1948-06-01,1950-04-08,16,0,2,3,7,0,18,10,28,0.25,0.139,0.388
제헌,김옥주,무소속,의원,의원,의원,member,327,159105,0.00955,3,1948-06-02,1949-06-18,5,0,0,17,5,0,5,22,27,0.031,0.138,0.17
제헌,서우석,한국민주당,의원,의원,위원장; 의원,member,473,214261,0.01287,6,1948-06-01,1950-04-22,12,0,0,2,10,3,12,15,27,0.056,0.07,0.126
제헌,장경근,미상/직책자,정부/기타 직책자,내무부차관,국무위원,member,47,112178,0.00674,5,1949-04-18,1950-03-03,10,11,2,2,1,1,23,4,27,0.205,0.036,0.241
제헌,지대형,미상/직책자,정부/기타 직책자,위원장,위원장; 의원,learned,146,40548,0.00243,4,1949-04-28,1949-11-05,1,0,0,2,1,22,1,25,26,0.025,0.617,0.641
제헌,김영동,무소속,의원,의원,위원장; 의원,member,157,41120,0.00247,6,1948-05-31,1950-04-19,11,0,10,2,3,0,21,5,26,0.511,0.122,0.632
제헌,정해준,대한독립촉성국민회,의원,의원,위원장; 의원,member,107,45405,0.00273,5,1948-05-31,1950-04-22,12,1,4,3,5,0,17,8,25,0.374,0.176,0.551
제헌,정광호,한국민주당,의원,의원,의원,member,312,167837,0.01008,6,1948-05-31,1950-04-22,7,8,0,0,10,0,15,10,25,0.089,0.06,0.149
제헌,조정환,미상/직책자,정부/기타 직책자,외무부차관,국무위원,learned,13,17638,0.00106,3,1949-04-27,1950-03-30,13,0,0,0,1,10,13,11,24,0.737,0.624,1.361
제헌,한창수,미상/직책자,정부/기타 직책자,총무국장,정부위원,learned,15,41443,0.00249,4,1949-06-20,1950-06-02,6,4,2,1,3,7,12,11,23,0.29,0.265,0.555
제헌,박윤원,무소속,의원,의원,미상; 의원,member,144,86323,0.00518,3,1948-06-16,1949-06-14,6,0,0,8,4,5,6,17,23,0.07,0.197,0.266
제헌,김경도,대한독립촉성국민회,의원,의원,의원,member,80,63143,0.00379,5,1948-07-02,1950-04-18,7,0,6,3,3,4,13,10,23,0.206,0.158,0.364
제헌,허영호,무소속,의원,의원,의원,member,31,30244,0.00182,5,1949-01-24,1950-03-16,19,2,1,0,0,0,22,0,22,0.727,0.0,0.727
제헌,이주형,대한독립촉성국민회,의원,의원,의원,member,137,103835,0.00624,6,1948-06-29,1950-04-20,6,0,0,8,8,0,6,16,22,0.058,0.154,0.212
제헌,이재학,무소속,의원,의원,의원,member,81,82704,0.00497,5,1948-07-01,1950-04-22,6,2,10,1,3,0,18,4,22,0.218,0.048,0.266
제헌,서이환,무소속,의원,의원,의원,member,96,83600,0.00502,6,1948-06-03,1950-04-11,4,0,7,7,1,3,11,11,22,0.132,0.132,0.263
제헌,유진홍,대한독립촉성국민회,의원,의원,의원,member,217,103094,0.00619,6,1948-06-16,1950-04-21,6,1,6,2,6,1,13,9,22,0.126,0.087,0.213
제헌,홍순옥,무소속,의원,의원,의원,member,70,28822,0.00173,6,1948-06-26,1950-04-18,10,0,4,6,2,0,14,8,22,0.486,0.278,0.763
제헌,허정,한국민주당,의원,교통부장관,국무위원; 의원,member,62,72287,0.00434,4,1948-06-01,1950-04-22,16,0,0,1,4,0,16,5,21,0.221,0.069,0.291
제헌,이항발,무소속,의원,의원,의원,member,52,43768,0.00263,5,1948-06-01,1950-03-31,7,0,10,2,2,0,17,4,21,0.388,0.091,0.48
제헌,이문원,무소속,의원,의원,의원,member,201,99148,0.00595,2,1948-05-31,1949-04-30,6,0,1,5,8,1,7,14,21,0.071,0.141,0.212
제헌,강욱중,조선민족청년단,의원,의원,의원,member,161,111599,0.0067,3,1948-06-09,1949-06-18,7,0,2,5,4,2,9,11,20,0.081,0.099,0.179
제헌,오석주,대한독립촉성국민회,의원,의원,의원,member,132,60524,0.00363,6,1948-06-02,1950-04-17,9,3,5,1,2,0,17,3,20,0.281,0.05,0.33
제헌,이순탁,미상/직책자,정부/기타 직책자,기획처장,기타; 정부위원,learned,24,73072,0.00439,3,1948-09-13,1949-07-09,8,7,0,0,4,0,15,4,19,0.205,0.055,0.26
제헌,이성학,대동청년당,의원,의원,의원,member,207,78981,0.00474,6,1948-05-31,1950-04-22,3,1,7,6,1,0,11,7,18,0.139,0.089,0.228
제헌,서용길,무소속,의원,의원,의원,member,282,116141,0.00697,4,1948-05-31,1949-07-07,1,0,0,7,8,0,1,15,16,0.009,0.129,0.138
제헌,윤보선,미상/직책자,정부/기타 직책자,상공부장관,국무위원,member,21,25422,0.00153,3,1949-06-18,1950-04-22,7,0,3,2,3,1,10,6,16,0.393,0.236,0.629
제헌,황병규,무소속,의원,의원,미상; 위원장; 의원,member,78,48323,0.0029,6,1948-06-08,1950-04-22,10,1,0,3,0,2,11,5,16,0.228,0.103,0.331
제헌,이종현,미상/직책자,정부/기타 직책자,농림부장관,국무위원,member,55,94040,0.00565,5,1949-03-09,1950-01-14,10,0,5,0,1,0,15,1,16,0.16,0.011,0.17
제헌,이인,무소속,의원,법제사법위원장,국무위원; 위원장; 의원,member,185,134380,0.00807,5,1948-08-16,1950-04-22,6,0,1,3,5,0,7,8,15,0.052,0.06,0.112
제헌,나용균,한국민주당,의원,내무치안위원장,기타; 위원장; 의원,member,267,119109,0.00715,6,1948-05-31,1950-04-17,3,1,6,0,5,0,10,5,15,0.084,0.042,0.126
제헌,김준연,한국민주당,의원,의원,의원,member,168,115980,0.00696,6,1948-05-31,1950-04-20,0,0,12,3,0,0,12,3,15,0.103,0.026,0.129
제헌,유성갑,단민당,의원,의원,의원,member,97,60219,0.00362,5,1948-08-28,1950-04-11,0,1,1,3,9,0,2,12,14,0.033,0.199,0.232
제헌,김인식,대동청년당,의원,의원,의원,member,125,43234,0.0026,4,1948-06-11,1950-04-10,2,2,1,2,7,0,5,9,14,0.116,0.208,0.324
제헌,최봉식,무소속,의원,의원,의원,member,29,27767,0.00167,4,1948-06-30,1950-03-18,0,6,3,1,3,0,9,4,13,0.324,0.144,0.468
제헌,박찬현,무소속,의원,의원,의원,member,153,63978,0.00384,6,1948-08-25,1950-04-22,4,0,0,3,6,0,4,9,13,0.063,0.141,0.203
제헌,윤길중,미상/직책자,정부/기타 직책자,전문위원,의원,member,43,47965,0.00288,6,1948-06-10,1950-04-10,4,2,0,7,0,0,6,7,13,0.125,0.146,0.271
제헌,정도영,대한독립촉성국민회,의원,의원,의원,member,83,19354,0.00116,5,1948-06-11,1950-04-10,0,1,2,0,9,0,3,9,12,0.155,0.465,0.62
제헌,이철원,미상/직책자,정부/기타 직책자,사무총장,기타; 사무처,learned,29,46874,0.00281,6,1948-09-27,1950-03-30,0,2,4,3,3,0,6,6,12,0.128,0.128,0.256
제헌,이병관,무소속,의원,산업위원장대리,위원장; 의원,member,70,43469,0.00261,3,1948-06-15,1950-04-21,6,0,1,0,4,1,7,5,12,0.161,0.115,0.276
제헌,서순영,무소속,의원,의원,의원,member,60,66914,0.00402,5,1948-06-02,1950-04-22,1,3,0,4,4,0,4,8,12,0.06,0.12,0.179
제헌,이원홍,대한독립촉성국민회,의원,의원,의원,member,188,83758,0.00503,6,1948-05-31,1950-04-14,2,0,2,3,5,0,4,8,12,0.048,0.096,0.143
제헌,진헌식,대한독립촉성국민회,의원,의원,의원,member,164,39304,0.00236,6,1948-05-31,1950-04-21,2,0,2,1,2,4,4,7,11,0.102,0.178,0.28
제헌,김효석,대한독립촉성국민회,의원,내무부장관,국무위원; 의원,member,41,66382,0.00399,3,1948-06-11,1949-10-29,0,2,0,8,1,0,2,9,11,0.03,0.136,0.166
제헌,정구흥,미상/직책자,정부/기타 직책자,농림부차관,국무위원,learned,30,39622,0.00238,4,1949-05-28,1950-03-04,8,0,0,2,1,0,8,3,11,0.202,0.076,0.278
제헌,최윤동,한국민주당,의원,의원,위원장; 의원,member,67,61229,0.00368,4,1948-06-14,1949-11-10,6,0,2,1,2,0,8,3,11,0.131,0.049,0.18
제헌,민경식,대한독립촉성국민회,의원,의원,위원장; 의원,member,59,42648,0.00256,5,1948-07-03,1950-04-21,0,0,2,2,4,3,2,9,11,0.047,0.211,0.258
제헌,김봉조,교육협회,의원,의원,의원,member,102,63587,0.00382,6,1948-06-02,1950-04-19,1,0,1,0,7,1,2,8,10,0.031,0.126,0.157
제헌,김장렬,미상/직책자,정부/기타 직책자,의원,의원,fallback,41,38468,0.00231,4,1948-08-31,1949-12-02,4,0,4,0,2,0,8,2,10,0.208,0.052,0.26
제헌,이윤영,조선민주당,의원,의원,국무위원; 의원,member,33,36652,0.0022,4,1948-06-01,1950-03-13,0,0,0,6,3,0,0,9,9,0.0,0.246,0.246
제헌,권태욱,무소속,의원,의원,의원,member,24,14703,0.00088,5,1948-06-09,1950-01-16,0,4,3,2,0,0,7,2,9,0.476,0.136,0.612
제헌,전진항,미상/직책자,정부/기타 직책자,의원,의원,fallback,1,2060,0.00012,1,1949-11-08,1949-11-08,0,0,9,0,0,0,9,0,9,4.369,0.0,4.369
제헌,전규홍,미상/직책자,정부/기타 직책자,사무총장,기타; 사무처,learned,111,36630,0.0022,4,1948-05-31,1949-09-23,1,0,1,2,5,0,2,7,9,0.055,0.191,0.246
제헌,최태규,무소속,의원,의원,의원,member,57,20059,0.0012,2,1948-06-12,1949-04-30,0,0,6,2,0,0,6,2,8,0.299,0.1,0.399
제헌,이유선,대한독립촉성국민회,의원,의원,의원,member,47,23914,0.00144,5,1948-07-03,1950-04-18,2,0,1,5,0,0,3,5,8,0.125,0.209,0.335
제헌,장면,무소속,의원,의원,의원,member,56,28400,0.00171,1,1948-06-01,1948-09-08,0,0,1,0,2,5,1,7,8,0.035,0.246,0.282
제헌,신광균,대한독립촉성국민회,의원,의원,위원장; 의원,member,97,72664,0.00436,5,1948-06-10,1950-04-15,2,0,5,0,1,0,7,1,8,0.096,0.014,0.11
제헌,서성달,대한독립촉성국민회,의원,의원,의원,member,52,26946,0.00162,4,1948-06-02,1950-04-20,6,1,0,0,1,0,7,1,8,0.26,0.037,0.297
제헌,이강우,무소속,의원,의원,의원,member,69,39056,0.00235,6,1948-06-30,1950-04-22,0,0,0,1,7,0,0,8,8,0.0,0.205,0.205
제헌,황윤호,무소속,의원,의원,의원,member,59,29408,0.00177,4,1948-07-27,1949-11-14,1,0,4,0,2,1,5,3,8,0.17,0.102,0.272
제헌,김우식,전도회,의원,의원,의원,member,123,33474,0.00201,6,1948-06-02,1950-04-22,0,0,0,6,2,0,0,8,8,0.0,0.239,0.239
제헌,최국현,무소속,의원,의원,의원,member,82,26712,0.0016,6,1948-06-02,1950-04-22,2,1,2,1,2,0,5,3,8,0.187,0.112,0.299
제헌,김동준,무소속,의원,의원,의원,member,65,17063,0.00102,6,1948-06-01,1950-04-08,6,1,1,0,0,0,8,0,8,0.469,0.0,0.469
제헌,최헌길,대한독립촉성국민회,의원,의원,의원,member,55,20005,0.0012,5,1948-06-02,1950-04-13,6,0,1,0,1,0,7,1,8,0.35,0.05,0.4
제헌,박기운,무소속,의원,의원,의원,member,78,20503,0.00123,6,1948-06-17,1950-03-23,0,0,3,4,0,0,3,4,7,0.146,0.195,0.341
제헌,이훈구,무소속,의원,의원,의원,member,54,54565,0.00328,5,1948-05-31,1950-04-17,0,0,3,3,1,0,3,4,7,0.055,0.073,0.128
제헌,권승열,미상/직책자,정부/기타 직책자,전문위원,국무위원; 기타; 의원,learned,48,61772,0.00371,3,1948-06-26,1949-09-19,1,0,1,0,1,4,2,5,7,0.032,0.081,0.113
제헌,김유택,미상/직책자,정부/기타 직책자,재무부차관,국무위원,learned,14,11632,0.0007,1,1950-02-08,1950-03-18,5,2,0,0,0,0,7,0,7,0.602,0.0,0.602
제헌,조종승,무소속,의원,의원,위원장; 의원,member,159,65137,0.00391,6,1948-06-29,1950-04-22,2,0,1,2,2,0,3,4,7,0.046,0.061,0.107
제헌,박우경,무소속,의원,의원,의원,member,148,32920,0.00198,6,1948-06-28,1950-03-28,4,0,1,0,0,1,5,1,6,0.152,0.03,0.182
제헌,장택상,미상/직책자,정부/기타 직책자,외무부장관,국무위원,member,16,14901,0.00089,1,1948-09-06,1948-12-13,0,0,0,1,0,5,0,6,6,0.0,0.403,0.403
제헌,조규갑,무소속,의원,의원,의원,member,51,21266,0.00128,5,1948-06-29,1950-04-20,1,0,3,0,2,0,4,2,6,0.188,0.094,0.282
제헌,차윤홍,미상/직책자,정부/기타 직책자,의사국장,의원; 정부위원,learned,227,114589,0.00688,3,1948-06-10,1949-07-25,1,0,0,2,1,2,1,5,6,0.009,0.044,0.052
제헌,민희식,미상/직책자,정부/기타 직책자,교통부장관,국무위원,fallback,2,6082,0.00037,1,1948-09-22,1948-09-22,6,0,0,0,0,0,6,0,6,0.987,0.0,0.987
제헌,김교중,대동청년당,의원,의원,의원,member,8,11496,0.00069,3,1949-01-25,1950-02-20,1,2,0,0,2,1,3,3,6,0.261,0.261,0.522
제헌,권승렬,미상/직책자,정부/기타 직책자,법무부장관,국무위원; 기타; 정부위원,learned,40,86562,0.0052,4,1948-09-15,1950-01-21,2,0,0,2,1,1,2,4,6,0.023,0.046,0.069
제헌,김용재,대한독립촉성국민회,의원,의원,의원,member,81,10546,0.00063,6,1948-06-16,1950-04-14,0,0,4,1,1,0,4,2,6,0.379,0.19,0.569
제헌,한암회,대한독립촉성국민회,의원,의원,의원,member,5,4061,0.00024,3,1948-06-02,1949-11-26,0,0,3,2,1,0,3,3,6,0.739,0.739,1.477
제헌,장창희,미상/직책자,정부/기타 직책자,재무부차관,국무위원,fallback,2,1645,0.0001,1,1949-09-29,1949-11-01,0,5,0,0,1,0,5,1,6,3.04,0.608,3.647
제헌,김문평,대한독립촉성국민회,의원,의원,의원,member,61,38959,0.00234,6,1948-06-01,1950-04-21,0,0,0,0,1,5,0,6,6,0.0,0.154,0.154
제헌,조병한,무소속,의원,의원,의원,member,48,23179,0.00139,6,1948-06-16,1950-04-19,1,0,3,1,1,0,4,2,6,0.173,0.086,0.259
제헌,박상영,한국민주당,의원,의원,의원,member,65,24034,0.00144,5,1948-06-10,1950-04-22,3,0,1,2,0,0,4,2,6,0.166,0.083,0.25
제헌,김재학,한국민주당,의원,의원,의원,member,128,35016,0.0021,6,1948-06-16,1950-04-21,2,0,0,2,1,0,2,3,5,0.057,0.086,0.143
제헌,송진백,대한독립촉성국민회,의원,의원,의원,member,49,23966,0.00144,4,1948-08-27,1950-04-18,0,1,2,2,0,0,3,2,5,0.125,0.083,0.209
제헌,윤영선,미상/직책자,정부/기타 직책자,농림부장관,국무위원,member,20,23732,0.00143,1,1950-01-27,1950-04-22,2,0,1,1,1,0,3,2,5,0.126,0.084,0.211
제헌,서정희,한국민주당,의원,의원,의원,member,57,30470,0.00183,4,1948-06-01,1950-04-07,0,0,1,3,1,0,1,4,5,0.033,0.131,0.164
제헌,최석화,무소속,의원,의원,의원,member,44,27711,0.00166,6,1948-06-11,1950-04-22,4,0,0,1,0,0,4,1,5,0.144,0.036,0.18
제헌,김봉두,무소속,의원,의원,의원,member,30,9543,0.00057,5,1948-06-02,1950-04-20,0,0,2,2,1,0,2,3,5,0.21,0.314,0.524
제헌,배중혁,대동청년당,의원,의원,의원,member,127,45767,0.00275,4,1948-06-02,1949-07-22,0,0,0,2,3,0,0,5,5,0.0,0.109,0.109
제헌,홍범희,무소속,의원,의원,의원,member,18,14302,0.00086,4,1948-06-28,1950-03-24,5,0,0,0,0,0,5,0,5,0.35,0.0,0.35
제헌,김상덕,민족통일본부,의원,의원,위원장; 의원,member,79,66874,0.00402,5,1948-06-09,1949-10-29,4,0,0,1,0,0,4,1,5,0.06,0.015,0.075
제헌,원장길,대동청년당,의원,의원,의원,member,29,15294,0.00092,4,1948-06-02,1949-09-27,4,0,0,1,0,0,4,1,5,0.262,0.065,0.327
제헌,현근,미상/직책자,정부/기타 직책자,농사개량원장,기타,fallback,1,4749,0.00029,1,1948-09-24,1948-09-24,5,0,0,0,0,0,5,0,5,1.053,0.0,1.053
제헌,김갑수,미상/직책자,정부/기타 직책자,법무부차관,국무위원,learned,24,45883,0.00276,2,1949-07-30,1950-04-19,3,0,1,0,1,0,4,1,5,0.087,0.022,0.109
제헌,현영익,미상/직책자,정부/기타 직책자,의사국장,정부위원,fallback,4,4113,0.00025,1,1950-03-07,1950-03-24,1,0,3,0,0,0,4,0,4,0.973,0.0,0.973
제헌,신성모,미상/직책자,정부/기타 직책자,국방부장관,국무위원,learned,21,46625,0.0028,4,1949-01-17,1950-04-20,1,0,0,2,1,0,1,3,4,0.021,0.064,0.086
제헌,최창순,미상/직책자,정부/기타 직책자,사회부차관,국무위원,learned,2,5281,0.00032,1,1949-10-24,1949-11-02,2,0,2,0,0,0,4,0,4,0.757,0.0,0.757
제헌,김익로,미상/직책자,정부/기타 직책자,의원,의원,learned,32,14724,0.00088,4,1948-08-21,1950-02-15,0,0,3,1,0,0,3,1,4,0.204,0.068,0.272
제헌,김상순,한국민주당,의원,의원,위원장; 의원,member,59,38457,0.00231,6,1948-06-15,1950-04-22,2,0,0,0,0,2,2,2,4,0.052,0.052,0.104
제헌,육홍균,대한독립촉성국민회,의원,의원,의원,member,64,41689,0.0025,5,1948-06-02,1950-04-14,1,0,1,1,1,0,2,2,4,0.048,0.048,0.096
제헌,이상돈,민주국민당,의원,의원,의원,member,11,25757,0.00155,3,1949-07-29,1950-03-31,2,0,0,0,2,0,2,2,4,0.078,0.078,0.155
제헌,원용한,대동청년당,의원,의원,의원,member,51,7627,0.00046,6,1948-06-08,1950-01-25,0,3,0,0,1,0,3,1,4,0.393,0.131,0.524
제헌,신현돈,대한독립촉성국민회,의원,의원,의원,member,61,32665,0.00196,1,1948-06-02,1948-10-12,2,0,0,0,2,0,2,2,4,0.061,0.061,0.122
제헌,이구수,미상/직책자,정부/기타 직책자,의원,의원,fallback,94,30081,0.00181,2,1948-06-01,1949-04-30,0,0,1,2,1,0,1,3,4,0.033,0.1,0.133
제헌,구중회,무소속,의원,의원,의원,member,32,5397,0.00032,6,1948-06-02,1950-04-11,1,0,0,1,2,0,1,3,4,0.185,0.556,0.741
제헌,이종린,무소속,의원,의원,위원장; 의원,member,45,32086,0.00193,3,1948-06-12,1950-04-22,2,0,1,0,0,0,3,0,3,0.093,0.0,0.093
제헌,김윤근,미상/직책자,정부/기타 직책자,법무부차관,국무위원,learned,6,7129,0.00043,1,1950-03-22,1950-04-20,2,0,0,1,0,0,2,1,3,0.281,0.14,0.421
제헌,김영기,대한독립촉성국민회,의원,의원,의원,member,58,14448,0.00087,4,1948-07-27,1950-03-16,0,0,0,2,1,0,0,3,3,0.0,0.208,0.208
제헌,김병로,미상/직책자,정부/기타 직책자,대법원장,기타; 정부위원,learned,9,19404,0.00117,4,1948-08-16,1949-09-19,3,0,0,0,0,0,3,0,3,0.155,0.0,0.155
제헌,이요한,대한독립촉성국민회,의원,의원,의원,member,24,8555,0.00051,5,1948-06-17,1950-03-17,1,0,1,0,1,0,2,1,3,0.234,0.117,0.351
제헌,박준,무소속,의원,의원,의원,member,48,28524,0.00171,6,1948-08-27,1950-04-20,0,0,0,1,2,0,0,3,3,0.0,0.105,0.105
제헌,정균식,조선민족청년단,의원,의원,의원,member,31,15704,0.00094,5,1948-06-03,1950-04-22,2,0,0,1,0,0,2,1,3,0.127,0.064,0.191
제헌,김용갑,미상/직책자,정부/기타 직책자,전문위원,의원,fallback,1,7428,0.00045,1,1949-03-23,1949-03-23,3,0,0,0,0,0,3,0,3,0.404,0.0,0.404
제헌,김교현,무소속,의원,의원,의원,member,53,34009,0.00204,4,1948-06-03,1950-04-19,0,1,0,0,2,0,1,2,3,0.029,0.059,0.088
제헌,박종남,무소속,의원,의원,의원,member,25,17102,0.00103,5,1948-06-02,1950-03-23,0,0,1,0,1,1,1,2,3,0.058,0.117,0.175
제헌,최용덕,미상/직책자,정부/기타 직책자,국방부차관,국무위원,learned,45,42681,0.00256,5,1948-09-24,1950-04-22,2,0,0,0,1,0,2,1,3,0.047,0.023,0.07
제헌,오택렬,미상/직책자,정부/기타 직책자,의원,의원,fallback,69,8935,0.00054,5,1948-11-22,1950-04-22,1,0,0,0,1,1,1,2,3,0.112,0.224,0.336
제헌,송봉해,대한독립촉성국민회,의원,의원,의원,member,45,47251,0.00284,6,1948-06-29,1950-03-11,0,0,0,0,3,0,0,3,3,0.0,0.063,0.063
제헌,이종선,미상/직책자,정부/기타 직책자,사무총장,기타; 사무처; 의원,learned,14,25552,0.00153,5,1949-02-23,1950-06-02,0,3,0,0,0,0,3,0,3,0.117,0.0,0.117
제헌,한석범,한국민주당,의원,의원,의원,member,33,13285,0.0008,5,1948-06-01,1950-03-18,0,0,1,1,0,0,1,1,2,0.075,0.075,0.151
제헌,류성갑,미상/직책자,정부/기타 직책자,의원,의원,fallback,42,16815,0.00101,2,1948-05-31,1950-01-31,0,0,1,0,0,1,1,1,2,0.059,0.059,0.119
제헌,연병호,무소속,의원,의원,의원,member,5,6172,0.00037,2,1948-06-12,1950-03-13,0,0,0,0,2,0,0,2,2,0.0,0.324,0.324
제헌,이청천,미상/직책자,정부/기타 직책자,의원,위원장; 의원,fallback,15,15247,0.00092,1,1948-06-02,1948-11-12,0,0,0,2,0,0,0,2,2,0.0,0.131,0.131
제헌,김장열,무소속,의원,의원,의원,member,28,15886,0.00095,3,1948-06-01,1949-11-22,2,0,0,0,0,0,2,0,2,0.126,0.0,0.126
제헌,배헌,무소속,의원,의원,의원,member,29,8670,0.00052,1,1948-05-31,1948-11-25,0,0,2,0,0,0,2,0,2,0.231,0.0,0.231
제헌,조옥현,대한독립촉성국민회,의원,의원,의원,member,34,7847,0.00047,4,1948-06-09,1950-03-15,0,0,0,2,0,0,0,2,2,0.0,0.255,0.255
제헌,이호석,무소속,의원,의원,의원,member,61,13834,0.00083,6,1948-06-09,1950-04-17,0,0,0,1,1,0,0,2,2,0.0,0.145,0.145
제헌,김진구,대한독립촉성국민회,의원,의원,의원,member,5,1769,0.00011,2,1949-01-12,1949-09-24,0,0,0,1,1,0,0,2,2,0.0,1.131,1.131
제헌,이남규,대한독립촉성국민회,의원,의원,의원,member,79,41992,0.00252,1,1948-05-31,1948-10-13,0,0,1,0,1,0,1,1,2,0.024,0.024,0.048
제헌,백형남,대동청년당,의원,의원,의원,member,2,2390,0.00014,1,1948-06-26,1948-07-02,1,0,0,1,0,0,1,1,2,0.418,0.418,0.837
제헌,오택관,한국독립당,의원,의원,의원,member,63,18739,0.00113,6,1948-06-12,1950-04-22,0,0,0,2,0,0,0,2,2,0.0,0.107,0.107
제헌,김웅권,무소속,의원,의원,의원,member,5,3434,0.00021,3,1948-07-03,1949-09-20,0,0,2,0,0,0,2,0,2,0.582,0.0,0.582
제헌,김명동,무소속,의원,의원,의원,member,137,36689,0.0022,6,1948-06-01,1950-04-22,1,0,0,0,1,0,1,1,2,0.027,0.027,0.055
제헌,최범술,무소속,의원,의원,의원,member,43,13189,0.00079,6,1948-06-12,1950-04-22,0,0,2,0,0,0,2,0,2,0.152,0.0,0.152
제헌,강달수,부산15구락부,의원,의원,의원,member,14,1559,0.00009,5,1948-12-01,1950-04-04,0,0,0,0,2,0,0,2,2,0.0,1.283,1.283
제헌,배은희,미상/직책자,정부/기타 직책자,고시위원장,위원장,member,2,7664,0.00046,2,1949-07-23,1950-03-25,0,0,0,2,0,0,0,2,2,0.0,0.261,0.261
제헌,김중기,무소속,의원,의원,의원,member,75,17572,0.00106,5,1948-06-02,1950-03-24,1,0,0,0,1,0,1,1,2,0.057,0.057,0.114
제헌,김상호,한국민주당,의원,의원,의원,member,8,5174,0.00031,4,1948-06-17,1950-02-13,0,0,0,1,0,0,0,1,1,0.0,0.193,0.193
제헌,이종순,대한독립촉성국민회,의원,의원,의원,member,49,4640,0.00028,6,1948-06-12,1950-04-17,0,0,0,0,1,0,0,1,1,0.0,0.216,0.216
제헌,신태익,미상/직책자,정부/기타 직책자,법제처장,기타,learned,11,14383,0.00086,3,1949-06-18,1950-04-19,0,0,0,1,0,0,0,1,1,0.0,0.07,0.07
제헌,김병완,미상/직책자,정부/기타 직책자,내무부치안국장서리,정부위원,fallback,2,2944,0.00018,1,1950-04-20,1950-04-20,0,0,0,1,0,0,0,1,1,0.0,0.34,0.34
제헌,김훈,미상/직책자,정부/기타 직책자,기획처장,기타,member,20,22527,0.00135,3,1949-07-30,1950-04-22,1,0,0,0,0,0,1,0,1,0.044,0.0,0.044
제헌,김철,대한독립촉성국민회,의원,의원,의원,member,142,5593,0.00034,6,1948-06-02,1950-03-24,0,0,1,0,0,0,1,0,1,0.179,0.0,0.179
제헌,김석관,미상/직책자,정부/기타 직책자,교통부차관,국무위원,learned,1,2048,0.00012,1,1950-02-23,1950-02-23,1,0,0,0,0,0,1,0,1,0.488,0.0,0.488
제헌,정인보,미상/직책자,정부/기타 직책자,감찰위원장,위원장,learned,3,7399,0.00044,1,1949-02-02,1949-02-03,1,0,0,0,0,0,1,0,1,0.135,0.0,0.135
제헌,유홍렬,미상/직책자,정부/기타 직책자,의원,의원,fallback,16,3819,0.00023,2,1949-06-14,1950-04-21,0,0,0,1,0,0,0,1,1,0.0,0.262,0.262
제헌,박혜정,미상/직책자,정부/기타 직책자,의원,의원,fallback,1,2058,0.00012,1,1949-04-23,1949-04-23,0,0,0,1,0,0,0,1,1,0.0,0.486,0.486
제헌,정구삼,대한독립촉성국민회,의원,의원,의원,member,13,1026,0.00006,3,1948-06-28,1950-03-24,0,0,0,0,0,1,0,1,1,0.0,0.975,0.975
제헌,김익희,미상/직책자,정부/기타 직책자,의장,의장단,fallback,1,524,0.00003,1,1949-04-30,1949-04-30,0,0,0,1,0,0,0,1,1,0.0,1.908,1.908
제헌,류홍열,미상/직책자,정부/기타 직책자,의원,의원,fallback,3,583,0.00004,1,1948-06-15,1948-07-12,0,0,0,1,0,0,0,1,1,0.0,1.715,1.715
제헌,지청천,대동청년당,의원,의원,의원,member,2,6175,0.00037,1,1950-02-20,1950-02-25,0,0,0,0,1,0,0,1,1,0.0,0.162,0.162
제헌,장기영,무소속,의원,의원,국무위원; 의원,member,15,16616,0.001,3,1948-06-17,1949-06-18,0,0,0,1,0,0,0,1,1,0.0,0.06,0.06
제헌,강직순,미상/직책자,정부/기타 직책자,체신부차관,국무위원,learned,3,1176,0.00007,1,1950-04-14,1950-04-14,0,0,0,0,1,0,0,1,1,0.0,0.85,0.85
제헌,백성욱,미상/직책자,정부/기타 직책자,내무부장관,국무위원,learned,14,14356,0.00086,1,1950-02-11,1950-04-20,0,0,0,1,0,0,0,1,1,0.0,0.07,0.07
제헌,최규옥,대한독립촉성국민회,의원,의원,의원,member,27,4916,0.0003,4,1948-06-01,1949-10-10,1,0,0,0,0,0,1,0,1,0.203,0.0,0.203
제헌,김동성,미상/직책자,정부/기타 직책자,공보처장,기타,member,14,11565,0.00069,2,1948-11-02,1949-02-15,0,0,0,0,0,1,0,1,1,0.0,0.086,0.086
제헌,홍길선,대동청년당,의원,의원,의원,member,9,6517,0.00039,4,1948-10-14,1949-12-03,0,0,0,0,1,0,0,1,1,0.0,0.153,0.153
제헌,홍은표,미상/직책자,정부/기타 직책자,기획처차장,기타,fallback,1,679,0.00004,1,1950-03-30,1950-03-30,0,0,0,0,1,0,0,1,1,0.0,1.473,1.473
제헌,미국상원,미상/직책자,정부/기타 직책자,의원,의원,fallback,1,2081,0.00012,1,1949-12-03,1949-12-03,0,0,0,0,0,0,0,0,0,0.0,0.0,0.0
제헌,차인홍,미상/직책자,정부/기타 직책자,의사국장,정부위원,fallback,1,808,0.00005,1,1949-02-12,1949-02-12,0,0,0,0,0,0,0,0,0,0.0,0.0,0.0
제헌,한엄회,미상/직책자,정부/기타 직책자,의원,의원,fallback,1,7,0.0,1,1949-06-17,1949-06-17,0,0,0,0,0,0,0,0,0,0.0,0.0,0.0
제헌,김종선,한국민주당,의원,의원,의원,member,41,263,0.00002,5,1948-07-20,1950-04-19,0,0,0,0,0,0,0,0,0,0.0,0.0,0.0
제헌,이정기,조선민족청년단,의원,의원,의원,member,1,6,0.0,1,1950-02-10,1950-02-10,0,0,0,0,0,0,0,0,0,0.0,0.0,0.0
제헌,구영숙,미상/직책자,정부/기타 직책자,보건부장관,국무위원,fallback,1,600,0.00004,1,1949-06-18,1949-06-18,0,0,0,0,0,0,0,0,0,0.0,0.0,0.0
제헌,베중혁,미상/직책자,정부/기타 직책자,의원,의원,fallback,2,34,0.0,1,1948-11-01,1948-11-08,0,0,0,0,0,0,0,0,0,0.0,0.0,0.0
제헌,송필만,한국민주당,의원,의원,의원,member,2,1777,0.00011,2,1949-04-14,1949-07-08,0,0,0,0,0,0,0,0,0,0.0,0.0,0.0
제헌,류준상,미상/직책자,정부/기타 직책자,의원,의원,fallback,2,420,0.00003,1,1948-06-26,1948-08-28,0,0,0,0,0,0,0,0,0,0.0,0.0,0.0
제헌,박경우,미상/직책자,정부/기타 직책자,의원,의원,fallback,1,7,0.0,1,1948-12-03,1948-12-03,0,0,0,0,0,0,0,0,0,0.0,0.0,0.0
제헌,김덕렬,미상/직책자,정부/기타 직책자,의원,의원,fallback,5,1475,0.00009,2,1949-11-03,1950-03-31,0,0,0,0,0,0,0,0,0,0.0,0.0,0.0
제헌,김동운,미상/직책자,정부/기타 직책자,부의장,의장단,fallback,1,73,0.0,1,1949-04-16,1949-04-16,0,0,0,0,0,0,0,0,0,0.0,0.0,0.0
제헌,황호연,미상/직책자,정부/기타 직책자,의원,의원,fallback,1,238,0.00001,1,1948-06-28,1948-06-28,0,0,0,0,0,0,0,0,0,0.0,0.0,0.0
제헌,오택열,대한독립촉성국민회,의원,의원,의원,member,25,239,0.00001,3,1948-12-21,1950-03-31,0,0,0,0,0,0,0,0,0,0.0,0.0,0.0
제헌,고병국,미상/직책자,정부/기타 직책자,전문위원,의원,fallback,3,2206,0.00013,1,1948-08-17,1948-08-17,0,0,0,0,0,0,0,0,0,0.0,0.0,0.0
제헌,조현영,미상/직책자,정부/기타 직책자,의원,의원,fallback,1,2016,0.00012,1,1949-04-06,1949-04-06,0,0,0,0,0,0,0,0,0,0.0,0.0,0.0
제헌,유준상,대한독립촉성국민회,의원,의원,의원,member,7,42,0.0,4,1948-09-11,1950-02-15,0,0,0,0,0,0,0,0,0,0.0,0.0,0.0
제헌,김호석,미상/직책자,정부/기타 직책자,의원,의원,fallback,2,1248,0.00007,2,1948-09-29,1950-02-18,0,0,0,0,0,0,0,0,0,0.0,0.0,0.0
제헌,서우식,미상/직책자,정부/기타 직책자,의원,의원,fallback,1,6,0.0,1,1950-01-25,1950-01-25,0,0,0,0,0,0,0,0,0,0.0,0.0,0.0
제헌,박우결,미상/직책자,정부/기타 직책자,의원,의원,fallback,1,461,0.00003,1,1949-09-20,1949-09-20,0,0,0,0,0,0,0,0,0,0.0,0.0,0.0
제헌,김종문,한국민주당,의원,의원,의원,member,5,30,0.0,2,1948-06-18,1949-11-17,0,0,0,0,0,0,0,0,0,0.0,0.0,0.0
제헌,운치영,미상/직책자,정부/기타 직책자,부의장,의장단,fallback,1,101,0.00001,1,1949-11-09,1949-11-09,0,0,0,0,0,0,0,0,0,0.0,0.0,0.0
제헌,호주대표,미상/직책자,정부/기타 직책자,의장,의장단,fallback,1,1506,0.00009,1,1949-02-23,1949-02-23,0,0,0,0,0,0,0,0,0,0.0,0.0,0.0
제헌,빅순석,미상/직책자,정부/기타 직책자,의원,의원,fallback,5,4039,0.00024,1,1948-11-09,1948-11-25,0,0,0,0,0,0,0,0,0,0.0,0.0,0.0
제헌,역시,미상/직책자,정부/기타 직책자,내무치안위원장,위원장,fallback,2,1366,0.00008,1,1949-02-19,1949-02-19,0,0,0,0,0,0,0,0,0,0.0,0.0,0.0
제헌,박현욱,미상/직책자,정부/기타 직책자,총무국장,정부위원,fallback,1,37,0.0,1,1949-05-21,1949-05-21,0,0,0,0,0,0,0,0,0,0.0,0.0,0.0
제헌,진정서,미상/직책자,정부/기타 직책자,내무치안위원장,위원장,fallback,2,1158,0.00007,1,1949-02-19,1949-02-19,0,0,0,0,0,0,0,0,0,0.0,0.0,0.0
제헌,오기열,무소속,의원,의원,의원,member,17,4448,0.00027,3,1948-06-16,1949-11-14,0,0,0,0,0,0,0,0,0,0.0,0.0,0.0
제헌,이성우,무소속,의원,의원,의원,member,5,1736,0.0001,2,1948-06-03,1949-03-25,0,0,0,0,0,0,0,0,0,0.0,0.0,0.0
제헌,김순탁,미상/직책자,정부/기타 직책자,기획처장,기타,fallback,1,2072,0.00012,1,1949-03-28,1949-03-28,0,0,0,0,0,0,0,0,0,0.0,0.0,0.0
제헌,대리,미상/직책자,정부/기타 직책자,참모총장,기타; 위원장,fallback,10,10400,0.00062,3,1948-11-11,1950-03-22,0,0,0,0,0,0,0,0,0,0.0,0.0,0.0
제헌,김준영,미상/직책자,정부/기타 직책자,의원,의원,fallback,1,6,0.0,1,1948-12-04,1948-12-04,0,0,0,0,0,0,0,0,0,0.0,0.0,0.0
제헌,징홍염,미상/직책자,정부/기타 직책자,의원,의원,fallback,2,2163,0.00013,1,1948-10-14,1948-11-13,0,0,0,0,0,0,0,0,0,0.0,0.0,0.0
제헌,긴익희,미상/직책자,정부/기타 직책자,의장,의장단,fallback,1,7,0.0,1,1949-09-28,1949-09-28,0,0,0,0,0,0,0,0,0,0.0,0.0,0.0
제헌,권병로,미상/직책자,정부/기타 직책자,의원,의원,fallback,8,5518,0.00033,3,1948-11-01,1950-04-13,0,0,0,0,0,0,0,0,0,0.0,0.0,0.0
제헌,김명인,미상/직책자,정부/기타 직책자,의원,의원,fallback,2,1132,0.00007,1,1948-06-10,1948-06-16,0,0,0,0,0,0,0,0,0,0.0,0.0,0.0
제헌,성낙서,대한독립촉성국민회,의원,의원,의원,member,5,1192,0.00007,1,1948-08-03,1948-08-16,0,0,0,0,0,0,0,0,0,0.0,0.0,0.0
제헌,김수학,미상/직책자,정부/기타 직책자,상공부차관,국무위원,member,1,1087,0.00007,1,1949-03-31,1949-03-31,0,0,0,0,0,0,0,0,0,0.0,0.0,0.0
제헌,최석홍,대동청년당,의원,의원,의원,member,5,2246,0.00013,3,1948-12-11,1950-03-17,0,0,0,0,0,0,0,0,0,0.0,0.0,0.0
제헌,윤칭영,미상/직책자,정부/기타 직책자,부의장,의장단,fallback,1,412,0.00002,1,1949-11-09,1949-11-09,0,0,0,0,0,0,0,0,0,0.0,0.0,0.0
제헌,백한성,미상/직책자,정부/기타 직책자,법무부차관,국무위원,learned,3,3977,0.00024,1,1949-02-22,1949-03-05,0,0,0,0,0,0,0,0,0,0.0,0.0,0.0
제헌,김영도,미상/직책자,정부/기타 직책자,의원,의원,fallback,1,6,0.0,1,1948-08-02,1948-08-02,0,0,0,0,0,0,0,0,0,0.0,0.0,0.0
제헌,박유경,미상/직책자,정부/기타 직책자,의원,의원,fallback,1,274,0.00002,1,1950-01-20,1950-01-20,0,0,0,0,0,0,0,0,0,0.0,0.0,0.0
제헌,장도영,미상/직책자,정부/기타 직책자,의원,의원,fallback,1,23,0.0,1,1948-11-05,1948-11-05,0,0,0,0,0,0,0,0,0,0.0,0.0,0.0
제헌,이국현,미상/직책자,정부/기타 직책자,의원,의원,fallback,1,6,0.0,1,1948-10-29,1948-10-29,0,0,0,0,0,0,0,0,0,0.0,0.0,0.0
제헌,이종근,대한독립촉성국민회,의원,의원,의원,member,15,2469,0.00015,6,1948-07-02,1950-02-24,0,0,0,0,0,0,0,0,0,0.0,0.0,0.0
제헌,신상학,무소속,의원,의원,의원,member,123,12461,0.00075,6,1948-06-02,1950-04-22,0,0,0,0,0,0,0,0,0,0.0,0.0,0.0
제헌,전유성,미상/직책자,정부/기타 직책자,총무처장,기타,fallback,1,898,0.00005,1,1949-07-23,1949-07-23,0,0,0,0,0,0,0,0,0,0.0,0.0,0.0
제헌,노진설,미상/직책자,정부/기타 직책자,선거위원회위원장,위원장,learned,7,7517,0.00045,3,1948-05-31,1950-03-25,0,0,0,0,0,0,0,0,0,0.0,0.0,0.0
제헌,김만선,미상/직책자,정부/기타 직책자,의원,의원,fallback,1,6,0.0,1,1949-01-29,1949-01-29,0,0,0,0,0,0,0,0,0,0.0,0.0,0.0
제헌,신셩균,미상/직책자,정부/기타 직책자,의원,의원,fallback,1,1946,0.00012,1,1949-04-15,1949-04-15,0,0,0,0,0,0,0,0,0,0.0,0.0,0.0
제헌,백두진,미상/직책자,정부/기타 직책자,외자총국총장,기타,learned,1,2862,0.00017,1,1950-03-04,1950-03-04,0,0,0,0,0,0,0,0,0,0.0,0.0,0.0
제헌,김인,미상/직책자,정부/기타 직책자,의원,의원,fallback,1,207,0.00001,1,1950-03-10,1950-03-10,0,0,0,0,0,0,0,0,0,0.0,0.0,0.0
제헌,긴동원,미상/직책자,정부/기타 직책자,부의장,의장단,fallback,1,13,0.0,1,1950-01-24,1950-01-24,0,0,0,0,0,0,0,0,0,0.0,0.0,0.0
제헌,정진근,무소속,의원,의원,의원,member,3,20,0.0,2,1949-01-24,1949-10-10,0,0,0,0,0,0,0,0,0,0.0,0.0,0.0
제헌,박희병,미상/직책자,정부/기타 직책자,전문위원,의원,fallback,2,1827,0.00011,1,1949-11-03,1949-11-09,0,0,0,0,0,0,0,0,0,0.0,0.0,0.0
제헌,백남칠,미상/직책자,정부/기타 직책자,관재총국장,정부위원,fallback,2,5922,0.00036,2,1949-11-07,1950-03-04,0,0,0,0,0,0,0,0,0,0.0,0.0,0.0
제헌,겸경도,미상/직책자,정부/기타 직책자,의원,의원,fallback,1,889,0.00005,1,1949-10-26,1949-10-26,0,0,0,0,0,0,0,0,0,0.0,0.0,0.0
제헌,이성준,미상/직책자,정부/기타 직책자,대검찰청차장,기타,fallback,1,545,0.00003,1,1950-04-20,1950-04-20,0,0,0,0,0,0,0,0,0,0.0,0.0,0.0
제헌,노진호,미상/직책자,정부/기타 직책자,사무차장,기타,fallback,1,75,0.0,1,1948-06-17,1948-06-17,0,0,0,0,0,0,0,0,0,0.0,0.0,0.0
제헌,진직현,대한독립촉성국민회,의원,의원,의원,member,4,404,0.00002,2,1948-06-09,1949-06-18,0,0,0,0,0,0,0,0,0,0.0,0.0,0.0
제헌,김덕열,무소속,의원,의원,의원,member,1,126,0.00001,1,1949-11-11,1949-11-11,0,0,0,0,0,0,0,0,0,0.0,0.0,0.0
제헌,손진백,미상/직책자,정부/기타 직책자,의원,의원,fallback,1,1547,0.00009,1,1950-02-24,1950-02-24,0,0,0,0,0,0,0,0,0,0.0,0.0,0.0
제헌,이범교,대한독립촉성국민회,의원,의원,의원,member,8,78,0.0,1,1948-07-12,1948-12-06,0,0,0,0,0,0,0,0,0,0.0,0.0,0.0
제헌,신현모,한국민주당,의원,의원,의원,member,3,3202,0.00019,3,1948-08-16,1949-10-26,0,0,0,0,0,0,0,0,0,0.0,0.0,0.0
제헌,표현태,대한독립촉성국민회,의원,의원,의원,member,18,3474,0.00021,5,1948-06-23,1950-04-19,0,0,0,0,0,0,0,0,0,0.0,0.0,0.0
제헌,김익기,대한독립촉성국민회,의원,의원,의원,member,13,5281,0.00032,3,1949-01-17,1949-10-04,0,0,0,0,0,0,0,0,0,0.0,0.0,0.0
제헌,보헌영,미상/직책자,정부/기타 직책자,의원,의원,fallback,1,512,0.00003,1,1948-12-02,1948-12-02,0,0,0,0,0,0,0,0,0,0.0,0.0,0.0
제헌,황달수,미상/직책자,정부/기타 직책자,의원,의원,fallback,1,6,0.0,1,1950-02-13,1950-02-13,0,0,0,0,0,0,0,0,0,0.0,0.0,0.0
제헌,조재면,대한독립촉성국민회,의원,의원,의원,member,7,80,0.0,4,1948-06-12,1949-10-26,0,0,0,0,0,0,0,0,0,0.0,0.0,0.0
제헌,김용화,무소속,의원,의원,의원,member,1,68,0.0,1,1949-06-13,1949-06-13,0,0,0,0,0,0,0,0,0,0.0,0.0,0.0
제헌,안준상,조선민족청년단,의원,의원,의원,member,8,1971,0.00012,2,1948-07-06,1949-04-21,0,0,0,0,0,0,0,0,0,0.0,0.0,0.0
제헌,이승만원,미상/직책자,정부/기타 직책자,의장,의장단,fallback,1,225,0.00001,1,1948-07-05,1948-07-05,0,0,0,0,0,0,0,0,0,0.0,0.0,0.0
제헌,박종만,미상/직책자,정부/기타 직책자,문교부차관,국무위원,learned,3,3184,0.00019,1,1950-01-24,1950-04-11,0,0,0,0,0,0,0,0,0,0.0,0.0,0.0
제헌,김병희,미상/직책자,정부/기타 직책자,의원,의원,fallback,1,7,0.0,1,1949-04-06,1949-04-06,0,0,0,0,0,0,0,0,0,0.0,0.0,0.0
제헌,홍익표,무소속,의원,의원,의원,member,4,621,0.00004,4,1948-11-09,1949-07-30,0,0,0,0,0,0,0,0,0,0.0,0.0,0.0
제헌,김뱡회,미상/직책자,정부/기타 직책자,의원,의원,fallback,1,6,0.0,1,1948-11-01,1948-11-01,0,0,0,0,0,0,0,0,0,0.0,0.0,0.0
제헌,최운규,미상/직책자,정부/기타 직책자,의원,의원,fallback,1,6,0.0,1,1949-04-21,1949-04-21,0,0,0,0,0,0,0,0,0,0.0,0.0,0.0
제헌,유내완,미상/직책자,정부/기타 직책자,의원,의원,fallback,15,1891,0.00011,3,1948-09-02,1950-02-23,0,0,0,0,0,0,0,0,0,0.0,0.0,0.0
제헌,채병덕,미상/직책자,정부/기타 직책자,참모총장대리,기타,learned,10,17713,0.00106,2,1948-11-10,1949-01-20,0,0,0,0,0,0,0,0,0,0.0,0.0,0.0
제헌,최윤봉,미상/직책자,정부/기타 직책자,외무국방위원장대리,위원장,fallback,1,544,0.00003,1,1949-07-14,1949-07-14,0,0,0,0,0,0,0,0,0,0.0,0.0,0.0
제헌,신익회,미상/직책자,정부/기타 직책자,의장,의장단,fallback,1,81,0.0,1,1949-04-12,1949-04-12,0,0,0,0,0,0,0,0,0,0.0,0.0,0.0
제헌,의장은,미상/직책자,정부/기타 직책자,내무치안위원장,위원장,fallback,2,264,0.00002,1,1949-02-19,1949-02-19,0,0,0,0,0,0,0,0,0,0.0,0.0,0.0
제헌,양병직,대동청년당,의원,의원,의원,member,2,4325,0.00026,2,1949-05-25,1949-10-13,0,0,0,0,0,0,0,0,0,0.0,0.0,0.0
제헌,깁병회,미상/직책자,정부/기타 직책자,의원,의원,fallback,1,6,0.0,1,1949-06-02,1949-06-02,0,0,0,0,0,0,0,0,0,0.0,0.0,0.0
제헌,오기영,미상/직책자,정부/기타 직책자,의원,의원,fallback,1,6,0.0,1,1948-12-09,1948-12-09,0,0,0,0,0,0,0,0,0,0.0,0.0,0.0
제헌,노익환,미상/직책자,정부/기타 직책자,위원,의원,fallback,1,1512,0.00009,1,1949-04-29,1949-04-29,0,0,0,0,0,0,0,0,0,0.0,0.0,0.0
제헌,손재학,대한독립촉성국민회,의원,의원,의원,member,1,80,0.0,1,1948-06-11,1948-06-11,0,0,0,0,0,0,0,0,0,0.0,0.0,0.0
제헌,김익진,미상/직책자,정부/기타 직책자,검찰총장,기타,fallback,2,1210,0.00007,2,1949-11-19,1950-01-21,0,0,0,0,0,0,0,0,0,0.0,0.0,0.0
제헌,김기철,대동청년당,의원,의원,의원,member,10,510,0.00003,5,1948-06-28,1950-02-04,0,0,0,0,0,0,0,0,0,0.0,0.0,0.0
제헌,한통숙,미상/직책자,정부/기타 직책자,상공부차관,국무위원,fallback,2,4677,0.00028,1,1949-11-19,1949-11-19,0,0,0,0,0,0,0,0,0,0.0,0.0,0.0
제헌,김철수,대한독립촉성국민회,의원,의원,의원,member,30,292,0.00002,4,1948-06-01,1950-04-21,0,0,0,0,0,0,0,0,0,0.0,0.0,0.0
제헌,이상규,미상/직책자,정부/기타 직책자,전문위원,의원,fallback,4,5488,0.00033,1,1950-02-08,1950-03-25,0,0,0,0,0,0,0,0,0,0.0,0.0,0.0
제헌,이석화,미상/직책자,정부/기타 직책자,의원,의원,fallback,1,6,0.0,1,1950-03-31,1950-03-31,0,0,0,0,0,0,0,0,0,0.0,0.0,0.0
제헌,벡관수,미상/직책자,정부/기타 직책자,의원,의원,fallback,3,687,0.00004,1,1948-11-15,1948-11-19,0,0,0,0,0,0,0,0,0,0.0,0.0,0.0
제헌,빅헤정,미상/직책자,정부/기타 직책자,의원,의원,fallback,1,1174,0.00007,1,1948-11-16,1948-11-16,0,0,0,0,0,0,0,0,0,0.0,0.0,0.0
제헌,류래완,미상/직책자,정부/기타 직책자,의원,의원,fallback,10,1528,0.00009,1,1948-05-31,1948-09-10,0,0,0,0,0,0,0,0,0,0.0,0.0,0.0
제헌,김형원,미상/직책자,정부/기타 직책자,공보처차장,기타,learned,3,6852,0.00041,1,1949-06-04,1949-06-04,0,0,0,0,0,0,0,0,0,0.0,0.0,0.0
제헌,권병노,대한독립촉성국민회,의원,의원,의원,member,1,7,0.0,1,1949-03-31,1949-03-31,0,0,0,0,0,0,0,0,0,0.0,0.0,0.0
제헌,이우선,미상/직책자,정부/기타 직책자,의원,의원,fallback,1,6,0.0,1,1950-03-23,1950-03-23,0,0,0,0,0,0,0,0,0,0.0,0.0,0.0
제헌,이병국,대한독립촉성국민회,의원,의원,의원,member,6,1729,0.0001,2,1948-06-26,1949-04-04,0,0,0,0,0,0,0,0,0,0.0,0.0,0.0
제헌,황희찬,미상/직책자,정부/기타 직책자,내무부차관,국무위원,learned,7,4593,0.00028,1,1948-09-24,1948-10-27,0,0,0,0,0,0,0,0,0,0.0,0.0,0.0
제헌,빅윤원,미상/직책자,정부/기타 직책자,의원,의원,fallback,1,893,0.00005,1,1948-11-18,1948-11-18,0,0,0,0,0,0,0,0,0,0.0,0.0,0.0
제헌,김동언,미상/직책자,정부/기타 직책자,부의장,의장단,fallback,1,12,0.0,1,1948-11-12,1948-11-12,0,0,0,0,0,0,0,0,0,0.0,0.0,0.0
제헌,유홍열,무소속,의원,의원,의원,member,1,9,0.0,1,1948-08-31,1948-08-31,0,0,0,0,0,0,0,0,0,0.0,0.0,0.0
제헌,윤도영,미상/직책자,정부/기타 직책자,부의장,의장단,fallback,1,56,0.0,1,1950-04-08,1950-04-08,0,0,0,0,0,0,0,0,0,0.0,0.0,0.0
제헌,임철원,미상/직책자,정부/기타 직책자,사무총장,사무처,fallback,1,103,0.00001,1,1949-05-02,1949-05-02,0,0,0,0,0,0,0,0,0,0.0,0.0,0.0
제헌,김억기,미상/직책자,정부/기타 직책자,의원,의원,fallback,1,6,0.0,1,1948-08-27,1948-08-27,0,0,0,0,0,0,0,0,0,0.0,0.0,0.0
제헌,징병민,미상/직책자,정부/기타 직책자,의원,의원,fallback,1,510,0.00003,1,1948-10-14,1948-10-14,0,0,0,0,0,0,0,0,0,0.0,0.0,0.0
제헌,펴현태,미상/직책자,정부/기타 직책자,의원,의원,fallback,1,22,0.0,1,1948-10-14,1948-10-14,0,0,0,0,0,0,0,0,0,0.0,0.0,0.0
제헌,김우삭,미상/직책자,정부/기타 직책자,의원,의원,fallback,1,6,0.0,1,1949-02-16,1949-02-16,0,0,0,0,0,0,0,0,0,0.0,0.0,0.0
제헌,기초,미상/직책자,정부/기타 직책자,위원,의원,fallback,1,422,0.00003,1,1948-06-28,1948-06-28,0,0,0,0,0,0,0,0,0,0.0,0.0,0.0
제헌,뱍해극,미상/직책자,정부/기타 직책자,의원,의원,fallback,1,1480,0.00009,1,1949-06-14,1949-06-14,0,0,0,0,0,0,0,0,0,0.0,0.0,0.0
제헌,초운교,미상/직책자,정부/기타 직책자,의원,의원,fallback,1,840,0.00005,1,1948-11-25,1948-11-25,0,0,0,0,0,0,0,0,0,0.0,0.0,0.0
제헌,윤친영,미상/직책자,정부/기타 직책자,부의장,의장단,fallback,1,77,0.0,1,1950-01-28,1950-01-28,0,0,0,0,0,0,0,0,0,0.0,0.0,0.0
제헌,유치영,미상/직책자,정부/기타 직책자,부의장,의장단,fallback,1,136,0.00001,1,1949-09-29,1949-09-29,0,0,0,0,0,0,0,0,0,0.0,0.0,0.0
제헌,최윤전,미상/직책자,정부/기타 직책자,의사국장,정부위원,fallback,1,454,0.00003,1,1949-03-31,1949-03-31,0,0,0,0,0,0,0,0,0,0.0,0.0,0.0
제헌,김홍진,미상/직책자,정부/기타 직책자,재무부차관대리,국무위원,fallback,2,352,0.00002,1,1948-12-22,1948-12-22,0,0,0,0,0,0,0,0,0,0.0,0.0,0.0
제헌,김연준,미상/직책자,정부/기타 직책자,의원,의원,fallback,1,22,0.0,1,1948-12-11,1948-12-11,0,0,0,0,0,0,0,0,0,0.0,0.0,0.0
제헌,원용환,미상/직책자,정부/기타 직책자,의원,의원,fallback,1,6,0.0,1,1949-03-29,1949-03-29,0,0,0,0,0,0,0,0,0,0.0,0.0,0.0
제헌,홍순녕,미상/직책자,정부/기타 직책자,의원,의원,fallback,2,135,0.00001,2,1949-05-23,1949-09-30,0,0,0,0,0,0,0,0,0,0.0,0.0,0.0
제헌,차경모,무소속,의원,의원,의원,member,9,7809,0.00047,2,1948-06-29,1949-07-26,0,0,0,0,0,0,0,0,0,0.0,0.0,0.0
제헌,박성준,미상/직책자,정부/기타 직책자,대검찰청차장,기타,fallback,1,465,0.00003,1,1950-04-20,1950-04-20,0,0,0,0,0,0,0,0,0,0.0,0.0,0.0
제헌,김용현,한국민주당,의원,의원,의원,member,3,18,0.0,2,1948-07-03,1950-02-11,0,0,0,0,0,0,0,0,0,0.0,0.0,0.0
제헌,김익노,무소속,의원,의원,의원,member,1,6,0.0,1,1948-08-27,1948-08-27,0,0,0,0,0,0,0,0,0,0.0,0.0,0.0
제헌,노용호,미상/직책자,정부/기타 직책자,사무차장,기타,learned,3,1641,0.0001,1,1948-07-27,1948-09-01,0,0,0,0,0,0,0,0,0,0.0,0.0,0.0
제헌,정현모,무소속,의원,의원,의원,member,2,1972,0.00012,1,1948-06-01,1948-07-15,0,0,0,0,0,0,0,0,0,0.0,0.0,0.0
제헌,원용균,대한독립촉성국민회,의원,의원,의원,member,5,4036,0.00024,3,1948-09-18,1950-04-10,0,0,0,0,0,0,0,0,0,0.0,0.0,0.0
제헌,황병구,미상/직책자,정부/기타 직책자,의원,의원,fallback,1,2555,0.00015,1,1948-11-06,1948-11-06,0,0,0,0,0,0,0,0,0,0.0,0.0,0.0
제헌,조중현,무소속,의원,의원,의원,member,2,410,0.00002,2,1949-01-12,1949-10-24,0,0,0,0,0,0,0,0,0,0.0,0.0,0.0
제헌,이석구,미상/직책자,정부/기타 직책자,의원,의원,fallback,1,290,0.00002,1,1949-11-05,1949-11-05,0,0,0,0,0,0,0,0,0,0.0,0.0,0.0
제헌,최창섭,무소속,의원,의원,의원,member,43,3477,0.00021,4,1949-04-12,1950-04-22,0,0,0,0,0,0,0,0,0,0.0,0.0,0.0
제헌,이상학,미상/직책자,정부/기타 직책자,의원,의원,fallback,2,12,0.0,2,1948-08-05,1950-02-22,0,0,0,0,0,0,0,0,0,0.0,0.0,0.0
제헌,김태수,대한독립촉성국민회,의원,의원,의원,member,5,389,0.00002,2,1949-11-17,1950-04-22,0,0,0,0,0,0,0,0,0,0.0,0.0,0.0
제헌,백남채,한국민주당,의원,의원,의원,member,38,863,0.00005,4,1948-06-02,1950-04-22,0,0,0,0,0,0,0,0,0,0.0,0.0,0.0
제헌,이만근,무소속,의원,의원,의원,member,2,13,0.0,2,1949-07-30,1949-09-20,0,0,0,0,0,0,0,0,0,0.0,0.0,0.0
제헌,임병직,미상/직책자,정부/기타 직책자,외무부장관,국무위원,learned,7,7663,0.00046,2,1949-02-23,1950-01-20,0,0,0,0,0,0,0,0,0,0.0,0.0,0.0
제헌,이의상,대한독립촉성국민회,의원,의원,의원,member,3,21,0.0,2,1948-07-05,1949-01-19,0,0,0,0,0,0,0,0,0,0.0,0.0,0.0
제헌,권태의,미상/직책자,정부/기타 직책자,의원,의원,fallback,1,489,0.00003,1,1950-04-20,1950-04-20,0,0,0,0,0,0,0,0,0,0.0,0.0,0.0
제헌,허남원,미상/직책자,정부/기타 직책자,의사국장,정부위원,fallback,1,1764,0.00011,1,1949-09-19,1949-09-19,0,0,0,0,0,0,0,0,0,0.0,0.0,0.0
제헌,신방현,무소속,의원,의원,의원,member,26,2895,0.00017,5,1948-09-03,1950-04-19,0,0,0,0,0,0,0,0,0,0.0,0.0,0.0
제헌,깅욱중,미상/직책자,정부/기타 직책자,의원,의원,fallback,1,774,0.00005,1,1949-04-06,1949-04-06,0,0,0,0,0,0,0,0,0,0.0,0.0,0.0
제헌,심익희,미상/직책자,정부/기타 직책자,의장,의장단,learned,4,606,0.00004,1,1949-09-28,1949-11-03,0,0,0,0,0,0,0,0,0,0.0,0.0,0.0
제헌,박종환,대한독립촉성국민회,의원,의원,의원,member,11,1167,0.00007,1,1948-07-01,1948-10-28,0,0,0,0,0,0,0,0,0,0.0,0.0,0.0
제헌,유진수,미상/직책자,정부/기타 직책자,의원,의원,fallback,1,6,0.0,1,1950-02-13,1950-02-13,0,0,0,0,0,0,0,0,0,0.0,0.0,0.0
제헌,남궁현,대한독립촉성국민회,의원,의원,의원,member,29,9103,0.00055,6,1948-07-06,1950-04-10,0,0,0,0,0,0,0,0,0,0.0,0.0,0.0
제헌,이택관,미상/직책자,정부/기타 직책자,의원,의원,fallback,1,6,0.0,1,1949-04-22,1949-04-22,0,0,0,0,0,0,0,0,0,0.0,0.0,0.0
제헌,김경배,무소속,의원,의원,의원,member,63,4568,0.00027,6,1948-06-12,1950-03-23,0,0,0,0,0,0,0,0,0,0.0,0.0,0.0
제헌,정우일,무소속,의원,의원,의원,member,4,472,0.00003,2,1948-08-16,1949-04-25,0,0,0,0,0,0,0,0,0,0.0,0.0,0.0
제헌,김광균,미상/직책자,정부/기타 직책자,의원,의원,fallback,2,70,0.0,1,1948-07-16,1948-07-16,0,0,0,0,0,0,0,0,0,0.0,0.0,0.0
제헌,홍순영,대한독립촉성국민회,의원,의원,의원,member,2,30,0.0,2,1949-07-16,1949-10-04,0,0,0,0,0,0,0,0,0,0.0,0.0,0.0
제헌,깁봉조,미상/직책자,정부/기타 직책자,의원,의원,fallback,1,15,0.0,1,1949-07-30,1949-07-30,0,0,0,0,0,0,0,0,0,0.0,0.0,0.0
제헌,김병주,미상/직책자,정부/기타 직책자,의원,의원,learned,3,696,0.00004,1,1948-08-23,1948-08-26,0,0,0,0,0,0,0,0,0,0.0,0.0,0.0
