Assembly_Num,Source,Target,Weight
제3대,박영종,조경규,1503
제2대,이재형,조봉암,640
제2대,엄상섭,조봉암,567
제3대,조경규,조영규,491
제3대,이충환,조경규,442
제3대,송방용,이충환,442
제3대,장경근,조경규,415
제3대,서상준,조경규,408
제2대,박만원,조봉암,399
제2대,서상준,조봉암,354
제2대,조봉암,태완선,333
제2대,김용우,윤치영,326
제2대,박정근,조봉암,316
제헌,김동원,백관수,313
제헌,신익희,홍성하,312
제2대,김용우,조봉암,296
제2대,김정실,신익희,286
제헌,김동원,조헌영,273
제3대,이재학,장경근,267
제3대,서상준,이기붕,265
제헌,신익희,조헌영,258
제3대,박영종,이재학,254
제2대,박만원,신익희,253
제2대,이진수,조봉암,253
제2대,백남식,조봉암,248
제3대,김상돈,조경규,248
제2대,엄상섭,윤치영,247
제3대,변진갑,조경규,245
제4대,박흥규,이철승,240
제2대,서상준,신익희,238
제3대,이철승,이충환,236
제3대,조경규,조병문,234
제3대,박영종,황성수,233
제2대,소선규,조봉암,230
제2대,신익희,이재형,229
제3대,박정근,이충환,228
제3대,조경규,조순,227
제2대,박영출,조봉암,227
제3대,이기붕,조영규,227
제4대,박세경,한희석,224
제4대,양일동,이성주,220
제3대,유옥우,조경규,218
제4대,김선태,손석래,217
제2대,김정실,조봉암,217
제헌,서우석,신익희,216
제헌,김광준,윤치영,216
제3대,이철승,조경규,212
제헌,김광준,김동원,212
제헌,김동원,서우석,202
제3대,박영종,이기붕,200
제헌,김동원,이진수,199
제2대,이종형,조봉암,197
제4대,양일동,조순,196
제2대,신익희,엄상섭,195
제3대,류진산,조경규,194
제4대,이재학,이호진,192
제3대,정준,조경규,191
제2대,윤길중,조봉암,188
제2대,이충환,조봉암,188
제2대,박정근,신익희,184
제2대,소선규,윤치영,180
제4대,박흥규,유옥우,180
제3대,인태식,조경규,178
제헌,신익희,이진수,174
제헌,신익희,차윤홍,170
제2대,곽의영,조봉암,166
제3대,송방용,조경규,166
제3대,박만원,황성수,165
제3대,김달호,조경규,161
제4대,김재곤,박흥규,161
제2대,이재형,장택상,160
제헌,김동원,홍성하,158
제2대,안용대,조봉암,157
제4대,엄상섭,조순,155
제3대,조경규,한희석,154
제4대,박흥규,서범석,154
제2대,조봉암,조주영,154
제헌,신익희,이인,153
제4대,류경호,이정휴,153
제4대,신현확,이형모,152
제2대,엄상섭,장택상,151
제2대,오의관,조봉암,150
제2대,신익희,조봉암,149
제2대,신익희,이진수,146
제3대,오임근,이충환,146
제3대,김현철,이충환,145
제3대,양일동,이충환,145
제헌,신성균,신익희,142
제2대,김광준,장택상,142
제헌,서용길,신익희,142
제3대,소선규,조경규,141
제헌,윤치영,홍성하,140
제헌,김동원,이영준,139
제3대,이기붕,이충환,139
제3대,정존수,황성수,138
제4대,김의준,조재천,137
제3대,윤형남,조경규,136
제2대,소선규,신익희,136
제헌,백관수,신익희,135
제2대,백두진,조봉암,135
제헌,김동원,정광호,135
제2대,김용우,신익희,135
제2대,김정식,조봉암,135
제4대,서상준,조순,134
제헌,윤치영,조헌영,134
제2대,김종순,조봉암,134
제2대,백남식,신익희,133
제4대,이성주,이재학,133
제2대,박희현,조봉암,133
제헌,김약수,김옥주,131
제4대,서범석,조순,131
제4대,강영훈,이성호,130
제헌,김약수,조헌영,130
제4대,이성주,임철호,130
제2대,이채오,조봉암,130
제3대,김상돈,이기붕,130
제헌,윤치영,이진수,128
제4대,박병배,이두황,128
제헌,윤치영,이영준,128
제3대,조경규,조병옥,127
제헌,신익희,허남수,127
제4대,이성주,이태용,127
제4대,김용진,조순,126
제3대,서상준,이재학,126
제헌,백관수,윤치영,125
제헌,김동원,서상일,125
제3대,양일동,조경규,125
제헌,김동원,허남수,124
제3대,윤만석,이기붕,123
제헌,김동원,차윤홍,123
제2대,서범석,조봉암,122
제2대,윤치영,이진수,121
제3대,송방용,이철승,118
제헌,김동원,조국현,118
제2대,장택상,조봉암,118
제2대,조봉암,황병규,118
제3대,이충환,이태용,117
제2대,박만원,윤치영,117
제헌,서상일,신익희,117
제3대,유옥우,이충환,117
제3대,이충환,한동석,116
제4대,김동수,이철승,116
제3대,윤재욱,조경규,115
제헌,신익희,윤치영,115
제3대,윤만석,조경규,115
제헌,김동원,나용균,115
제헌,김약수,신성균,114
제2대,변진갑,조봉암,114
제3대,이재학,조병문,113
제2대,이종현,조봉암,112
제헌,김옥주,신익희,112
제3대,백남식,조경규,112
제헌,신익희,이정래,111
제3대,이충환,함두영,111
제헌,노일환,신익희,111
제2대,오성환,조봉암,111
제3대,강세형,조경규,110
제3대,김춘호,조경규,110
제3대,곽상훈,박만원,110
제3대,조경규,황남팔,110
제2대,박영출,신익희,109
제3대,김상도,조경규,109
제3대,이충환,이형모,109
제3대,박흥규,이충환,109
제2대,김봉재,조봉암,109
제헌,신익희,최운교,108
제2대,유승준,조봉암,108
제2대,서민호,신익희,107
제3대,곽의영,조경규,107
제4대,김상도,이종남,107
제2대,이석기,조봉암,106
제3대,박영종,송방용,106
제4대,서범석,이성주,105
제헌,신익희,정준,105
제헌,윤치영,허남수,105
제헌,신익희,조한백,105
제2대,조광섭,조봉암,104
제헌,김동원,최운교,104
제2대,안상한,조봉암,104
제헌,신익희,이석주,103
제3대,김종신,박영종,103
제3대,박세경,조경규,102
제3대,송방용,이태용,102
제3대,김동욱,조경규,101
제헌,권태희,김동원,101
제2대,윤길중,장택상,101
제헌,김약수,이진수,100
제3대,박재홍,조경규,100
제헌,김동원,이정래,100
제3대,박정근,송방용,100
제3대,이재학,조영규,99
제2대,신익희,이충환,98
제2대,곽의영,신익희,98
제2대,신익희,태완선,98
제헌,신익희,정광호,97
제2대,박정근,윤치영,97
제3대,조경규,현석호,96
제4대,박흥규,조재천,96
제3대,김영선,김종신,96
제헌,신익희,조국현,96
제3대,조경규,홍창섭,96
제3대,이중재,이충환,96
제2대,조봉암,홍창섭,95
제2대,조봉암,지연해,95
제헌,김약수,서우석,95
제2대,안상한,윤치영,95
제헌,김동원,조영규,95
제2대,신익희,이종현,95
제2대,조봉암,황성수,95
제헌,김동원,정준,94
제4대,박흥규,엄상섭,93
제헌,김동원,신익희,93
제2대,오위영,조봉암,93
제헌,김약수,차윤홍,93
제2대,신익희,오의관,93
제3대,이재학,정준,93
제2대,김종회,조봉암,92
제2대,윤치영,조경규,92
제3대,김한기,송방용,92
제2대,박희현,신익희,92
제3대,박정근,조경규,92
제헌,김동원,홍희종,92
제4대,이태용,조순,91
제2대,송방용,조봉암,91
제헌,김약수,김웅진,90
제헌,나용균,신익희,90
제4대,김의준,한근조,90
제3대,백남식,송방용,90
제3대,김종신,이철승,90
제3대,조경규,함두영,89
제3대,신규식,조경규,89
제2대,서상준,장택상,89
제헌,김준연,신익희,89
제3대,이기붕,조병옥,88
제2대,서민호,조봉암,88
제2대,신익희,이종형,88
제2대,신익희,장택상,88
제2대,곽상훈,조봉암,88
제헌,김동원,서용길,88
제2대,신익희,한국원,87
제4대,박만원,조영규,87
제3대,민관식,이충환,87
제헌,신익희,홍희종,87
제3대,박만원,이재학,86
제3대,윤만석,최순주,86
제4대,이재학,조영규,86
제4대,김의준,진형하,86
제2대,윤치영,조봉암,86
제2대,신익희,조경규,86
제헌,김동원,이문원,85
제3대,김종신,이충환,85
제2대,김익기,신익희,85
제4대,김선태,김의준,85
제헌,김약수,서용길,85
제헌,김동원,조한백,85
제3대,김영선,송방용,85
제헌,신익희,이문원,84
제3대,이호,조경규,84
제헌,김웅진,신익희,84
제4대,양일동,이영희,84
제3대,김상돈,이재학,84
제2대,서상준,윤치영,83
제4대,엄상섭,한희석,83
제4대,변진갑,윤용구,83
제4대,엄상섭,이재학,83
제4대,양일동,이재학,83
제3대,이기붕,조순,83
제헌,김동원,박순석,83
제2대,정남국,조봉암,82
제헌,서상일,이승만,82
제4대,윤명운,조순,82
제4대,변진갑,유옥우,82
제헌,박해극,신익희,81
제3대,조경규,최갑환,81
제3대,박영출,이기붕,81
제헌,김동원,김옥주,81
제3대,이충환,정해영,81
제헌,김약수,노일환,80
제헌,김약수,백관수,79
제2대,백남식,윤치영,79
제4대,박흥규,유봉순,79
제3대,김현철,송방용,79
제4대,이갑식,이종남,79
제4대,박병배,이철승,78
제2대,김광준,신익희,78
제2대,변진갑,윤치영,78
제2대,김의준,신익희,78
제2대,남송학,조봉암,78
제4대,김창우,민관식,78
제헌,서우석,윤치영,78
제4대,권중돈,유용식,78
제3대,정중섭,조경규,77
제4대,문종두,송원영,77
제3대,조영규,최순주,77
제헌,박순석,신익희,77
제헌,김동원,유진홍,76
제2대,서이환,조봉암,76
제2대,박영출,장택상,76
제헌,윤치영,최운교,76
제2대,김의준,조봉암,76
제헌,김약수,이정래,76
제헌,윤치영,조국현,75
제4대,송인상,이형모,75
제4대,윤용구,이영희,75
제4대,신규식,이영희,75
제4대,김동욱,박흥규,75
제4대,김정렬,이철승,74
제4대,심진택,이철승,74
제헌,김동원,이석주,74
제헌,박순석,윤치영,74
제3대,박해정,조경규,74
제4대,김선태,이만호,74
제4대,박만원,박해정,74
제2대,송방용,신익희,74
제3대,유봉순,조경규,74
제3대,조경규,최순주,74
제3대,조경규,한동석,74
제3대,이충환,최순주,73
제4대,김용후,민관식,73
제3대,송방용,천병규,72
제3대,곽상훈,서상준,72
제4대,이재학,정준,72
제3대,박만원,이열모,72
제헌,곽상훈,신익희,72
제3대,송방용,오임근,71
제헌,김동원,김영동,71
제3대,이충환,임철호,70
제2대,김정식,신익희,70
제2대,임영신,조봉암,70
제4대,김병윤,신규식,70
제2대,김의준,윤치영,70
제헌,김동원,윤치영,70
제3대,이기붕,정준,69
제헌,윤치영,이정래,69
제2대,이재학,조봉암,69
제3대,이충환,현석호,69
제4대,서상준,양일동,69
제4대,이정휴,최경남,69
제3대,조영규,황성수,69
제헌,김수선,신익희,69
제2대,장홍염,조봉암,69
제2대,윤치영,이종형,69
제3대,이영희,조경규,69
제2대,양병일,조봉암,69
제3대,김영삼,조경규,68
제4대,이재학,이태용,68
제2대,윤치영,이채오,68
제헌,김약수,나용균,68
제헌,신익희,조영규,67
제3대,이충환,이형진,67
제헌,지대형,홍성하,67
제3대,남송학,조경규,67
제2대,조경규,조봉암,67
제4대,박흥규,이태용,67
제4대,신현확,원용석,67
제4대,김선태,박종표,67
제헌,김약수,정준,66
제3대,이기붕,황남팔,66
제헌,신익희,이성학,66
제2대,신익희,조주영,66
제3대,이기붕,이철승,66
제3대,이종수,조경규,66
제4대,이영희,조순,66
제4대,류경호,이필호,66
제헌,김동원,노일환,66
제3대,곽상훈,박영출,66
제4대,양일동,이태용,66
제2대,김봉조,조봉암,65
제헌,김동원,김상돈,65
제헌,김병회,신익희,65
제4대,강영훈,최경남,65
제4대,이재학,조재천,65
제헌,김도연,신익희,65
제4대,변진갑,신규식,65
제2대,조봉암,한국원,65
제4대,유옥우,이영희,65
제3대,김선태,조경규,65
제3대,박순석,조경규,65
제3대,나희집,이충환,64
제헌,김동원,장병만,64
제3대,이기붕,인태식,64
제헌,권태희,신익희,64
제4대,명주덕,민관식,64
제4대,신규식,유옥우,64
제3대,김도연,조경규,64
제3대,이기붕,홍창섭,64
제3대,김한기,박용익,64
제3대,양영주,조경규,64
제4대,류순식,양일동,64
제2대,신익희,조광섭,63
제3대,조경규,조재천,63
제4대,이재학,이철승,63
제헌,김상돈,신익희,63
제2대,신익희,유승준,63
제2대,신익희,황병규,63
제2대,박정근,장택상,63
제3대,박용익,송방용,63
제3대,박만원,조경규,63
제2대,김일환,조봉암,62
제3대,김현철,조경규,62
제3대,김상도,이기붕,62
제3대,이인,조경규,62
제헌,이승만,전규홍,62
제3대,이충환,정상열,62
제4대,강영훈,이철승,62
제2대,김익기,윤치영,62
제4대,김선기,이존화,61
제2대,김광준,조봉암,61
제4대,서상준,이성주,61
제헌,김동원,박해극,61
제3대,류지원,조경규,61
제3대,이석기,조경규,61
제헌,김동원,황두연,61
제4대,김도연,박흥규,61
제2대,조봉암,홍헌표,60
제2대,서범석,신익희,60
제2대,곽상훈,신익희,60
제헌,김광준,신익희,60
제3대,송방용,황성수,60
제4대,김병윤,변진갑,60
제4대,이재학,조순,60
제2대,원용석,조봉암,59
제3대,민관식,조경규,59
제3대,백남식,이기붕,59
제3대,변진갑,이재학,59
제2대,박만원,장택상,59
제2대,변영태,조봉암,59
제2대,서민호,장택상,58
제3대,송방용,양영주,58
제3대,소선규,송방용,58
제2대,김종순,신익희,58
제헌,신익희,이재형,58
제3대,김달호,이재학,58
제2대,권중돈,조봉암,57
제2대,윤택중,조봉암,57
제3대,김두한,조경규,57
제4대,류순식,조순,57
제2대,이춘기,조봉암,57
제2대,이종형,장택상,57
제헌,김동원,이인,56
제3대,신규식,이기붕,56
제헌,윤치영,이병관,56
제4대,김의준,엄상섭,56
제3대,박용익,유옥우,56
제4대,구흥남,이형모,56
제4대,박용익,이태용,56
제4대,문종두,박흥규,56
제4대,이호진,한희석,56
제헌,신익희,조봉암,56
제헌,김동원,김웅진,55
제2대,임문환,조봉암,55
제2대,곽의영,윤치영,55
제4대,유옥우,이재학,55
제3대,김홍식,조경규,55
제4대,이호진,임철호,55
제헌,김병회,김약수,55
제3대,서상준,황성수,55
제3대,곽상훈,김상돈,55
제4대,김재위,윤태은,55
제헌,김동원,김수선,55
제헌,김동원,이원홍,54
제3대,권중돈,조경규,54
제헌,강욱중,김약수,54
제4대,김학준,이창우,54
제3대,서상준,최순주,54
제3대,류진산,이충환,54
제4대,유옥우,이호상,54
제4대,최용근,한희석,54
제3대,손도심,조경규,54
제2대,백두진,신익희,54
제4대,원용석,이형모,54
제4대,이천승,조순,54
제2대,조병문,조봉암,54
제2대,장택상,한국원,54
제헌,김약수,홍성하,54
제2대,임기봉,조봉암,54
제3대,소선규,황성수,54
제3대,박영출,조경규,54
제3대,정운갑,조경규,54
제헌,김약수,정광호,53
제3대,김영찬,조경규,53
제4대,신현확,주요한,53
제4대,김용진,박용익,53
제2대,조봉암,최헌길,53
제2대,노기용,조봉암,53
제3대,이존화,조경규,53
제3대,장택상,조경규,53
제헌,김약수,이문원,53
제4대,유기수,이성주,53
제4대,양일동,임철호,53
제3대,양일동,이재학,53
제4대,박흥규,정성태,53
제3대,민영남,조경규,52
제4대,이필호,차형기,52
제3대,조순,황성수,52
제2대,오성환,윤치영,52
제2대,김수학,조봉암,52
제4대,정명섭,정성태,52
제4대,김상도,박병배,52
제헌,김광준,김약수,51
제2대,엄병학,조봉암,51
제4대,김순길,민관식,51
제3대,윤인상,이충환,51
제헌,신익희,이성득,51
제3대,송방용,이기붕,51
제4대,이종남,최용근,51
제4대,백운붕,이정휴,51
제4대,이재기,이필호,51
제3대,김상돈,최순주,51
제3대,곽상훈,이충환,51
제3대,김일,조경규,51
제헌,윤치영,조한백,51
제3대,박영종,최순주,51
제헌,김영동,신익희,51
제2대,신익희,안상한,51
제2대,박희현,윤치영,51
제4대,김두진,조영규,51
제2대,곽상훈,윤치영,50
제3대,박영종,박용익,50
제4대,강영훈,조신환,50
제헌,박윤원,신익희,50
제4대,석주암,이필호,50
제3대,손석두,이재학,50
제2대,김봉재,신익희,50
제3대,이영언,이재학,50
제2대,안용대,윤치영,50
제3대,정일형,조경규,50
제2대,김수학,신익희,50
제2대,이충환,장택상,50
제3대,김종신,박만원,50
제3대,윤형남,이재학,50
제4대,이형모,주요한,49
제2대,신익희,안용대,49
제3대,곽상훈,조영규,49
제3대,박세경,이재학,49
제4대,김선태,박만원,49
제3대,신정호,조경규,49
제2대,윤치영,이충환,49
제4대,류진산,이재학,49
제3대,유완창,이충환,49
제헌,김동원,이성학,49
제헌,김약수,박순석,49
제2대,김익로,조봉암,49
제2대,신익희,지연해,49
제4대,김순길,김학준,49
제4대,박흥규,이재형,49
제2대,신익희,정일형,48
제헌,김동원,오석주,48
제4대,이상용,최인규,48
제헌,윤치영,이인,48
제2대,장택상,조주영,48
제헌,윤치영,정광호,48
제4대,김선태,이재학,48
제4대,김현철,최용근,48
제3대,이기붕,조경규,48
제3대,조경규,천세기,48
제2대,여운홍,조봉암,48
제헌,곽상훈,김동원,48
제4대,강영훈,이정휴,48
제3대,박영종,박흥규,48
제헌,신익희,윤병구,48
제헌,윤치영,홍희종,48
제3대,박흥규,송방용,48
제2대,박철웅,조봉암,48
제3대,변진갑,이기붕,48
제헌,윤치영,장병만,48
제4대,박해정,이재학,48
제4대,원용석,주요한,48
제3대,김준연,조경규,48
제헌,김동원,황호현,48
제3대,양일동,이기붕,48
제3대,정기원,조경규,47
제4대,서정귀,송인상,47
제3대,김영찬,이충환,47
제4대,신영주,이철승,47
제2대,박영출,윤치영,47
제3대,송방용,이재학,47
제3대,박해정,이기붕,47
제헌,서이환,신익희,47
제4대,김현철,이갑식,47
제4대,민관식,박흥규,47
제3대,이영언,조경규,47
제헌,김동원,윤병구,47
제헌,곽상훈,윤치영,47
제4대,유용식,이필호,47
제3대,박만원,최순주,47
제헌,김약수,최운교,47
제4대,송인상,주요한,47
제헌,김약수,조한백,47
제4대,김장섭,이영희,46
제4대,박세경,엄상섭,46
제3대,이충환,정운갑,46
제4대,변진갑,이영희,46
제3대,곽상훈,박영종,46
제4대,유기수,조순,46
제4대,김석진,조순,46
제4대,류청,안용백,46
제헌,신익희,조종승,46
제4대,김병윤,유옥우,46
제4대,김원전,이형모,46
제4대,김원태,류진산,46
제헌,강욱중,신익희,46
제2대,정일형,조봉암,46
제4대,이영희,임차주,46
제3대,박영종,백남식,46
제3대,서동진,조경규,46
제2대,소선규,장택상,46
제4대,민병기,박순석,45
제4대,신규식,한희석,45
제4대,엄상섭,임철호,45
제2대,오의관,윤치영,45
제헌,신익희,황두연,45
제헌,김약수,박윤원,45
제2대,신익희,홍창섭,45
제4대,김용진,이영희,45
제4대,김두진,서범석,45
제헌,김동원,장홍염,45
제4대,권중돈,최경남,45
제헌,나용균,윤치영,45
제헌,김약수,신익희,45
제2대,강경옥,조봉암,45
제3대,나희집,조경규,45
제4대,이정휴,이필호,45
제4대,류순식,이성주,44
제3대,조경규,황경수,44
제4대,김원태,서범석,44
제3대,박만원,송방용,44
제2대,신광균,신익희,44
제4대,박용익,양일동,44
제4대,이재학,한희석,44
제헌,신익희,유진홍,44
제4대,서상준,엄상섭,44
제4대,서범석,이재학,44
제4대,오범수,이형모,44
제4대,이재룡,이철승,44
제4대,송인상,임철호,44
제헌,김명동,신익희,44
제헌,김동원,이성득,44
제2대,이용설,조봉암,44
제3대,유옥우,이재학,43
제헌,강선명,김동원,43
제4대,김선태,주희국,43
제4대,배경주,이정휴,43
제헌,신익희,진헌식,43
제4대,신규식,윤용구,43
제3대,조경규,하을춘,43
제헌,강욱중,김동원,43
제3대,김의택,조경규,43
제2대,김종회,신익희,43
제2대,김제능,조봉암,43
제4대,나판수,이창우,43
제헌,김상덕,김약수,43
제4대,서범석,양일동,43
제3대,박용익,인태식,43
제4대,김경술,김선태,43
제3대,이재학,조경규,43
제3대,소선규,이기붕,43
제2대,조봉암,최창순,43
제3대,이재학,이충환,43
제3대,김철안,조경규,43
제3대,곽상훈,홍창섭,43
제헌,김약수,배중혁,42
제3대,신각휴,이충환,42
제2대,신익희,임영신,42
제헌,김동원,이남규,42
제4대,김도연,이형모,42
제3대,김원태,조경규,42
제헌,김약수,김인식,42
제4대,변진갑,이근직,42
제헌,신익희,이구수,42
제헌,권태희,윤치영,42
제4대,원용석,정재완,42
제4대,박병배,유용식,42
제4대,이영희,황숙현,42
제헌,김동원,황병규,42
제4대,김원규,신현확,42
제2대,신익희,윤치영,42
제2대,안만복,조봉암,42
제3대,김정호,조경규,42
제4대,김봉규,김선태,42
제헌,신익희,이원홍,42
제2대,신광균,조봉암,42
제4대,민장식,손재형,42
제4대,이형모,정남택,42
제헌,신익희,허정,42
제4대,김도연,신현확,41
제헌,김동원,김병회,41
제4대,박용익,서임수,41
제3대,김두진,이충환,41
제4대,김철안,이영희,41
제헌,윤치영,정준,41
제4대,김의창,정규상,41
제3대,박정근,이봉희,41
제3대,이충환,황성수,41
제4대,구흥남,주요한,41
제3대,박영출,황성수,41
제헌,배중혁,신익희,41
제헌,김동원,진헌식,41
제3대,김형근,이충환,41
제3대,정명섭,조경규,41
제헌,김동원,박윤원,41
제헌,김동원,김재학,41
제2대,김인태,조봉암,41
제4대,류순식,이태용,41
제2대,이규갑,조봉암,41
제3대,조병옥,최순주,41
제3대,김종신,소선규,41
제3대,박용익,소선규,41
제2대,신익희,윤길중,41
제2대,백남식,장택상,41
제헌,신익희,윤재욱,41
제2대,백한성,조봉암,41
제4대,박용익,정재완,41
제2대,김유택,조봉암,41
제4대,박흥규,이재학,40
제헌,김동원,박우경,40
제3대,김판술,이충환,40
제4대,박용익,이영희,40
제3대,김원태,이충환,40
제헌,김경도,신익희,40
제2대,정헌조,조봉암,40
제3대,이재학,천병규,40
제헌,김동원,김명동,40
제4대,이철승,하태환,40
제4대,이영희,허윤수,40
제4대,권성기,이만우,40
제4대,김상돈,이재학,40
제2대,신익희,황성수,40
제3대,박정근,이기붕,40
제헌,김인식,신익희,40
제헌,김동원,전규홍,40
제4대,박충훈,이철승,40
제헌,신익희,이영준,40
제4대,윤재근,이성주,40
제헌,김상돈,윤치영,40
제2대,조봉암,홍범희,40
제2대,남송학,신익희,40
제3대,이재학,이철승,40
제4대,이필호,한광석,40
제3대,도진희,이기붕,40
제헌,신익희,장홍염,40
제헌,신익희,정해준,40
제4대,김선태,김형대,40
제4대,문종두,이종수,40
제3대,박용익,천병규,39
제2대,양우정,조봉암,39
제2대,우문,조봉암,39
제3대,박용익,백남식,39
제3대,김일환,송방용,39
제3대,소선규,이재학,39
제헌,신익희,지대형,39
제2대,김종순,장택상,39
제3대,송방용,이형모,39
제4대,문종두,박종식,39
제3대,이기붕,한동석,39
제2대,강경옥,윤치영,39
제헌,신광균,신익희,38
제3대,정존수,조경규,38
제2대,윤치영,이재형,38
제4대,김학준,조대훈,38
제4대,김선태,이갑도,38
제4대,김상도,신도성,38
제헌,김동원,박찬현,38
제4대,주요한,한희석,38
제4대,김석진,이성주,38
제4대,김상도,나판수,38
제헌,김동원,신광균,38
제4대,이성주,정중섭,38
제4대,박병배,하태환,38
제4대,김상도,진형하,38
제3대,송방용,유옥우,38
제2대,임흥순,조봉암,38
제헌,김도연,김동원,38
제2대,이석기,장택상,38
제헌,김수선,김약수,38
제2대,서이환,신익희,38
제3대,이중재,조경규,38
제3대,김동욱,이충환,37
제2대,조봉암,허정,37
제4대,류순식,서상준,37
제4대,신규식,정재설,37
제헌,김동원,신성균,37
제헌,신익희,이주형,37
제4대,송요찬,이철승,37
제헌,신익희,오석주,37
제4대,송원영,이종수,37
제4대,김일환,이종수,37
제3대,곽상훈,황성수,37
제헌,신익희,이종린,37
제3대,김종신,천병규,37
제헌,김도연,윤치영,37
제헌,강선명,윤치영,37
제3대,김판술,조경규,37
제2대,윤치영,정재설,37
제헌,김약수,조국현,37
제4대,류진산,조순,37
제2대,윤치영,조광섭,37
제3대,류진산,이기붕,37
제2대,신익희,오성환,37
제2대,장경근,조봉암,37
제헌,윤치영,장홍염,37
제3대,나희집,이재학,37
제헌,권태희,김약수,36
제4대,박세경,이재학,36
제3대,임철호,조경규,36
제헌,윤치영,이원홍,36
제2대,정재설,조봉암,36
제2대,신익희,이석기,36
제4대,류청,최재유,36
제헌,김동원,서정희,36
제4대,김원태,김일환,36
제4대,송인상,이재형,36
제4대,배성기,이영희,36
제2대,변진갑,신익희,36
제3대,곽상훈,조경규,36
제4대,김두진,이철승,36
제헌,윤치영,이성학,36
제3대,곽상훈,백한성,36
제2대,김정실,윤치영,36
제4대,김정열,박흥규,36
제헌,박찬현,윤치영,36
제3대,정규상,조경규,36
제4대,문종두,정명섭,36
제헌,김약수,박해정,36
제4대,양일동,유기수,36
제4대,이필호,하태환,36
제2대,방만수,조봉암,36
제3대,박재홍,이기붕,36
제3대,강경옥,조경규,36
제3대,변영태,이충환,36
제헌,김동원,김봉조,36
제2대,김봉재,윤치영,36
제헌,신익희,이범석,36
제4대,이영희,이재학,36
제3대,신태권,이충환,35
제3대,이익흥,조경규,35
제4대,이성주,이호진,35
제2대,신익희,원용석,35
제3대,김진만,조경규,35
제3대,김종신,김현철,35
제3대,양영주,이충환,35
제3대,곽상훈,변영태,35
제3대,구흥남,이충환,35
제헌,박해정,신익희,35
제4대,오표,이창우,35
제4대,여덕만,임문석,35
제4대,박해정,최용근,35
제3대,김원태,이기붕,35
제4대,류청,손재형,35
제헌,김동원,오용국,35
제헌,김동원,김인식,35
제4대,고철환,김선태,35
제4대,김도연,원용석,35
제3대,남송학,이기붕,35
제헌,신익희,임영신,35
제2대,윤길중,윤치영,35
제3대,박영종,이충환,35
제3대,곽상훈,정준,35
제헌,신익희,이석,34
제4대,김상도,양일동,34
제3대,박순석,이기붕,34
제헌,윤치영,조영규,34
제4대,김종철,이갑식,34
제3대,윤재욱,이재학,34
제4대,김석진,이갑식,34
제2대,신익희,임용순,34
제3대,유봉순,이기붕,34
제4대,서상준,이재학,34
제3대,유옥우,이익흥,34
제2대,신중목,조봉암,34
제2대,김정식,장택상,34
제3대,송방용,정상열,34
제2대,신익희,여운홍,34
제4대,이철승,이효,34
제헌,김약수,조영규,34
제3대,박만원,양일동,34
제3대,정성태,조경규,34
제3대,송방용,신정호,34
제3대,정중섭,황성수,34
제헌,김동원,박해정,34
제4대,송원영,정명섭,34
제4대,구흥남,송인상,34
제4대,윤형남,한희석,34
제4대,이성주,한희석,34
제헌,신익희,장병만,34
제2대,유승준,윤치영,34
제3대,도진희,조경규,34
제4대,김선태,김희덕,34
제4대,강영훈,이필호,34
제4대,이형모,정재완,34
제3대,염우량,조경규,34
제3대,이기붕,조재천,34
제헌,김동원,임영신,34
제2대,안용대,장택상,34
제4대,이만우,정규상,34
제4대,권성기,정규상,33
제헌,신익희,전규홍,33
제헌,김동원,이범석,33
제헌,김봉조,신익희,33
제4대,김용후,김학준,33
제2대,신익희,허정,33
제3대,송방용,최순주,33
제3대,김종신,송방용,33
제4대,유용식,이철승,33
제4대,류근창,유성권,33
제4대,박해정,이갑식,33
제3대,성원경,조경규,33
제4대,김의준,박만원,33
제4대,김학준,임봉순,33
제3대,박용익,신정호,33
제4대,김동욱,최용근,33
제4대,이근직,이영희,33
제4대,문종두,정두길,33
제3대,강승구,조경규,33
제4대,이동희,정명섭,33
제2대,장택상,태완선,33
제3대,곽상훈,백남식,33
제헌,김동원,유진오,33
제4대,김창동,이영희,33
제2대,백두진,장택상,33
제헌,김동원,조종승,33
제4대,장택상,최인규,33
제4대,이영희,한희석,33
제2대,윤치영,조주영,33
제3대,양영주,이기붕,32
제4대,박충모,유용식,32
제4대,서상준,이태용,32
제3대,이재학,황남팔,32
제4대,강영훈,이은철,32
제4대,박철웅,이형모,32
제4대,박창화,변진갑,32
제헌,김동원,주기용,32
제3대,김영찬,이기붕,32
제4대,박흥규,윤형남,32
제3대,박용익,박정근,32
제3대,박재홍,황성수,32
제3대,이기붕,조병문,32
제4대,이재학,이종남,32
제4대,구흥남,원용석,32
제3대,박영출,최순주,32
제2대,권태욱,조봉암,32
제4대,김병주,문종두,32
제헌,윤병구,윤치영,32
제헌,김동원,문시환,32
제3대,김종신,현석호,32
제4대,김현철,박흥규,32
제3대,이재학,정일형,32
제3대,이종림,이충환,32
제3대,이철승,최순주,32
제2대,신익희,장홍염,32
제4대,김두진,박흥규,32
제4대,양일동,한희석,32
제3대,김영선,이재학,32
제4대,이형모,정영기,31
제2대,신익희,이재학,31
제4대,손재형,최재유,31
제2대,김종회,장택상,31
제헌,박찬현,신익희,31
제4대,신영주,이성주,31
제3대,김춘호,이재학,31
제3대,김법린,조경규,31
제4대,이형모,최재섭,31
제헌,김약수,이성득,31
제4대,배성기,변진갑,31
제4대,우희창,이정휴,31
제헌,신익희,유성갑,31
제4대,구용서,이영언,31
제2대,곽의영,장택상,31
제2대,조봉암,황호현,31
제3대,곽의영,이기붕,31
제3대,박용익,양영주,31
제4대,윤우경,최용근,31
제2대,전진한,조봉암,31
제헌,김상덕,신익희,31
제4대,이갑식,조한백,31
제헌,김약수,장병만,31
제2대,윤치영,황병규,31
제4대,민관식,이종판,31
제4대,양일동,이호진,31
제3대,류진산,장경근,31
제헌,김동원,이재학,31
제4대,류지원,이철승,31
제헌,윤치영,이석주,31
제4대,박종식,이영희,31
제4대,김상도,임문석,31
제2대,서범석,윤치영,30
제3대,박만원,인태식,30
제2대,이진수,장택상,30
제2대,신익희,정남국,30
제2대,신익희,전진한,30
제4대,문종두,오길영,30
제3대,정준,최순주,30
제3대,김선태,이기붕,30
제3대,김도연,이기붕,30
제4대,안균섭,이정휴,30
제4대,김원태,김주묵,30
제헌,윤치영,황호현,30
제4대,김정렬,하태환,30
제4대,서범석,서상준,30
제2대,윤치영,황성수,30
제3대,민영남,송방용,30
제헌,신익희,황호현,30
제3대,김철안,이기붕,30
제3대,이충환,조만종,30
제4대,강영훈,강정규,30
제4대,우희창,하태환,30
제4대,이재학,주요한,30
제4대,손석래,이은태,30
제4대,김선태,전창희,30
제3대,박흥규,조경규,30
제2대,김유택,신익희,30
제헌,박해극,윤치영,30
제4대,김상돈,한희석,30
제3대,강성태,이충환,30
제2대,남송학,장택상,30
제4대,변진갑,임차주,30
제헌,김동원,이주형,30
제4대,송인상,이종남,30
제4대,서정귀,정존수,29
제4대,박병배,원용덕,29
제4대,김동욱,김두진,29
제헌,신익희,윤석구,29
제4대,강영훈,우희창,29
제2대,신익희,이춘기,29
제3대,이기붕,장경근,29
제4대,유성권,유용식,29
제2대,서이환,장택상,29
제3대,양일동,인태식,29
제헌,김동원,정해준,29
제헌,박우경,신익희,29
제4대,김상도,김성근,29
제3대,조경규,조정환,29
제헌,김약수,유진홍,29
제4대,임문석,최재섭,29
제2대,정순조,조봉암,29
제4대,안광훈,이정휴,29
제3대,윤치영,조경규,29
제4대,안용백,최재유,29
제4대,김상도,서범석,29
제4대,문종두,이동희,29
제2대,이용설,장택상,29
제4대,김의창,박흥규,29
제헌,윤치영,조종승,29
제3대,박용익,신행용,29
제4대,김동순,나판수,29
제4대,김창우,김학준,29
제헌,신익희,이훈구,29
제3대,이충환,최재유,29
제3대,이재학,현석호,29
제3대,백남식,이철승,29
제헌,김수선,윤치영,29
제3대,박만원,최용근,29
제3대,김의준,조경규,29
제4대,김훈,손도심,29
제4대,서범석,한희석,29
제헌,김효석,신익희,29
제4대,김석진,양일동,29
제2대,박성하,신익희,29
제2대,정재완,조봉암,29
제헌,이진수,조국현,29
제4대,신현확,정재완,29
제4대,임철호,정준,29
제2대,윤성순,조봉암,28
제3대,이철승,황성수,28
제4대,송인상,원용석,28
제헌,윤치영,황두연,28
제헌,김동원,신상학,28
제4대,안용백,윤택중,28
제헌,박상영,신익희,28
제2대,윤치영,전진한,28
제4대,박세경,임철호,28
제3대,박용익,조경규,28
제2대,오하영,허남수,28
제4대,박병배,우희창,28
제4대,김원규,이형모,28
제3대,김현철,이태용,28
제4대,박만원,정준,28
제3대,김현철,이철승,28
제4대,이갑식,이재형,28
제2대,박성하,조봉암,28
제3대,이기붕,이인,28
제2대,김지태,윤치영,28
제4대,이재학,임철호,28
제2대,윤치영,홍창섭,28
제4대,김두진,최인규,28
제3대,구용서,박만원,28
제4대,손재형,윤택중,28
제2대,신익희,임문환,28
제3대,김영선,조경규,28
제3대,변진갑,이충환,28
제4대,김상도,한옥신,28
제헌,신익희,이항발,28
제4대,이영희,이태용,28
제4대,손석래,정중섭,28
제3대,이재학,조순,28
제3대,김종신,유봉순,28
제4대,김봉진,임문석,28
제헌,김약수,최윤동,28
제2대,신용욱,신익희,28
제3대,조경규,황성수,28
제4대,강영훈,박병배,28
제4대,박만원,정성태,28
제3대,김의준,이기붕,28
제4대,이철승,천병규,28
제2대,신익희,임기봉,28
제3대,이재학,조병옥,28
제3대,이기붕,이호,28
제2대,장면,장택상,28
제3대,김현철,박흥규,27
제4대,김두진,변진갑,27
제2대,신태익,조봉암,27
제4대,김준연,한희석,27
제3대,김형근,조경규,27
제4대,김현철,박해정,27
제헌,신익희,이재학,27
제3대,곽상훈,조병옥,27
제4대,이호진,조순,27
제3대,신행용,조경규,27
제2대,김지태,조봉암,27
제헌,김약수,이석주,27
제3대,김종신,조만종,27
제4대,윤명운,이재학,27
제3대,조경규,천병규,27
제2대,김유택,장택상,27
제4대,나판수,손문경,27
제4대,이재학,장택상,27
제3대,김익기,조경규,27
제3대,김상돈,황성수,27
제헌,김약수,조봉암,27
제4대,이재학,홍진기,27
제4대,조영규,한희석,27
제3대,권중돈,이기붕,27
제헌,신익희,이강우,27
제3대,이충환,최병권,27
제3대,이재학,장택상,27
제4대,박흥규,한광석,27
제헌,윤치영,이석,27
제4대,이재학,이재형,27
제3대,김영선,박용익,27
제2대,장택상,장홍염,27
제3대,이익흥,황성수,27
제2대,김영선,신익희,27
제4대,김석진,박흥규,27
제4대,유경인,이원장,27
제4대,김동순,민관식,27
제2대,임용순,조봉암,27
제4대,김경술,정중섭,27
제헌,서이환,윤치영,27
제2대,권중돈,신익희,27
제3대,남흥우,송방용,26
제3대,이기붕,이영희,26
제4대,민병기,박흥규,26
제2대,서범석,장택상,26
제2대,윤성순,윤치영,26
제헌,김약수,이구수,26
제3대,박정근,오임근,26
제3대,송방용,인태식,26
제3대,백남식,최순주,26
제3대,문종두,조경규,26
제3대,최순주,홍창섭,26
제헌,윤치영,진헌식,26
제2대,김영선,조봉암,26
제4대,송요찬,유용식,26
제4대,유옥우,정재설,26
제4대,김상도,김재곤,26
제헌,윤치영,임영신,26
제3대,이기붕,장택상,26
제3대,곽상훈,조용순,26
제4대,문종두,최용근,26
제4대,서상준,이영희,26
제헌,신상학,신익희,26
제4대,오임근,이갑식,26
제2대,서상덕,조봉암,26
제헌,권승렬,신익희,26
제4대,오임근,유옥우,26
제4대,신규식,이근직,26
제4대,배경주,이필호,26
제헌,김동원,민경식,26
제4대,김주묵,이종수,26
제헌,유성갑,윤치영,26
제4대,고담용,최인규,26
제3대,곽상훈,김영찬,26
제3대,김종신,정재설,26
제4대,조재천,홍진기,26
제3대,김영찬,최순주,26
제3대,소선규,최순주,26
제4대,김효창,류청,26
제4대,구태회,이갑식,26
제4대,양일동,최용근,25
제2대,신익희,윤택중,25
제3대,박정근,박흥규,25
제3대,김도연,이재학,25
제3대,송방용,정규상,25
제2대,강경옥,신익희,25
제4대,우희창,이철승,25
제3대,박용익,이충환,25
제3대,소선규,이익흥,25
제2대,송방용,윤치영,25
제2대,윤치영,임기봉,25
제3대,이형진,정명섭,25
제헌,김약수,이원홍,25
제3대,이선근,조경규,25
제4대,박찬현,이갑식,25
제3대,권성기,송방용,25
제2대,변영태,장택상,25
제4대,손석두,송인상,25
제헌,김약수,유성갑,25
제4대,계광순,박만원,25
제4대,최경남,최병권,25
제4대,신규식,임차주,25
제4대,김원태,박순석,25
제4대,박만원,송인상,25
제3대,김의창,송방용,25
제3대,이갑식,이기붕,25
제3대,김성호,조경규,25
제3대,김종신,조정환,25
제4대,김의준,이재학,25
제헌,김동원,김준연,25
제4대,박병배,신도성,25
제2대,노기용,신익희,25
제3대,김상도,이재학,25
제3대,박흥규,이형모,25
제헌,신익희,이승만,25
제2대,원용석,윤치영,25
제3대,박흥규,정상열,25
제4대,김재곤,김화수,25
제3대,윤형남,이기붕,24
제4대,박세경,진형하,24
제4대,권택상,이갑식,24
제4대,박세경,서일교,24
제4대,신언한,임철호,24
제헌,유진홍,윤치영,24
제4대,김석진,임철호,24
제4대,김봉렬,문종두,24
제4대,류청,전성천,24
제4대,김동욱,이재학,24
제4대,유용식,조일재,24
제2대,김석관,조봉암,24
제3대,김종신,조경규,24
제3대,민영남,이재학,24
제헌,김동원,이훈구,24
제4대,김의창,김진만,24
제헌,김동원,배중혁,24
제3대,신태권,조경규,24
제4대,윤택중,이존화,24
제4대,박창화,이영희,24
제4대,박해정,송인상,24
제3대,박도언,박만원,24
제4대,김선태,박영두,24
제3대,송방용,현석호,24
제4대,김의창,이만우,24
제헌,강선명,신익희,24
제4대,김선태,임철호,24
제3대,김현철,최용근,24
제헌,민경식,윤치영,24
제3대,이재학,이호,24
제4대,유영준,이필호,24
제2대,신익희,지청천,24
제4대,안용대,이갑식,24
제헌,김동원,유성갑,24
제3대,김익기,이기붕,24
제3대,조경규,최용근,24
제3대,박흥규,이태용,24
제4대,유용식,이두황,24
제3대,신의식,정명섭,24
제3대,서임수,이기붕,24
제2대,이종욱,조봉암,24
제3대,민영남,박용익,24
제헌,김동원,허정,24
제3대,박용익,이익흥,24
제헌,김동원,최윤동,24
제3대,박흥규,인태식,24
제2대,김정실,장택상,24
제3대,송방용,임철호,24
제헌,김재학,신익희,24
제3대,한희석,황성수,24
제4대,조정환,최용근,24
제4대,김재곤,정규상,24
제3대,서인홍,이충환,24
제4대,류순식,서범석,23
제3대,강승구,이기붕,23
제4대,김두진,송인상,23
제4대,민관식,이생우,23
제2대,김지태,신익희,23
제헌,김경도,김동원,23
제4대,김학준,박만원,23
제4대,김주묵,송원영,23
제헌,김약수,윤병구,23
제2대,윤치영,태완선,23
제3대,이충환,홍창섭,23
제3대,이재학,조정환,23
제2대,김용우,장택상,23
제헌,오석주,윤치영,23
제4대,김두진,홍진기,23
제헌,김약수,문시환,23
제3대,송방용,함두영,23
제3대,김춘호,황성수,23
제헌,김우식,윤치영,23
제4대,박만원,허윤수,23
제3대,이근직,조경규,23
제3대,정준모,조경규,23
제3대,오임근,한동석,23
제헌,문시환,백관수,23
제헌,김상순,윤치영,23
제2대,박철웅,신익희,23
제3대,이충환,조용순,23
제2대,윤재근,조봉암,23
제4대,정준,한희석,23
제헌,박우경,윤치영,23
제4대,이성호,최병권,23
제4대,이원장,조일재,23
제헌,김동원,서이환,23
제헌,김약수,허남수,23
제3대,강세형,이기붕,23
제4대,이만우,이영언,23
제4대,조영규,최용근,23
제4대,김준연,원용석,23
제헌,김명동,김약수,23
제헌,김약수,이주형,23
제3대,백한성,이기붕,23
제2대,장면,조봉암,23
제4대,조순,하태환,23
제2대,변진갑,엄상섭,23
제4대,이성호,이필호,23
제3대,유옥우,황성수,23
제3대,박해정,이재학,23
제4대,민관식,신도철,23
제헌,김동준,신익희,23
제3대,유옥우,이기붕,23
제4대,김원태,정헌주,22
제4대,김상도,이정용,22
제3대,권성기,박흥규,22
제3대,이충환,이호,22
제헌,김동원,윤길중,22
제2대,윤치영,이용설,22
제3대,조경규,최재유,22
제4대,김일환,문종두,22
제헌,김동원,김철,22
제4대,손도심,한희석,22
제3대,김원태,송방용,22
제4대,김동욱,박만원,22
제3대,윤인상,조경규,22
제3대,김종신,신행용,22
제4대,서임수,이철승,22
제2대,신용욱,조봉암,22
제3대,송방용,이호,22
제3대,김형근,이기붕,22
제2대,신익희,조중서,22
제2대,오의관,장택상,22
제4대,오재영,유용식,22
제4대,김선태,서득용,22
제4대,구흥남,천병규,22
제4대,김학준,이생우,22
제4대,문종두,이한빈,22
제3대,조경규,최창섭,22
제헌,김동원,김우식,22
제헌,서순영,신익희,22
제3대,송방용,양일동,22
제2대,윤치영,정남국,22
제3대,김준연,이기붕,22
제4대,유옥우,이근직,22
제4대,이태용,임철호,22
제3대,구흥남,조경규,22
제4대,김두진,유옥우,22
제4대,엄상섭,장경근,22
제헌,윤치영,이재형,22
제4대,송인상,이갑식,22
제4대,권중돈,이정휴,22
제4대,서범석,장병균,22
제3대,송방용,오림근,22
제2대,장택상,지연해,22
제4대,안용백,이존화,22
제4대,유성권,임철호,22
제3대,이기붕,황성수,22
제4대,이재학,정중섭,22
제4대,이재학,장경근,22
제헌,김약수,이재형,22
제헌,신익희,최국현,22
제헌,김철,신익희,22
제2대,신익희,최헌길,22
제2대,신익희,이용설,22
제4대,정남택,정재완,22
제3대,박만원,조병문,22
제3대,김준환,류진산,22
제4대,오표,조호갑,22
제4대,김선우,이상용,22
제4대,김동욱,한희석,22
제4대,나판수,조대훈,22
제3대,조경규,최병국,22
제3대,백남식,정상열,22
제2대,백낙준,조봉암,22
제4대,안균섭,하태환,22
제4대,변진갑,오임근,22
제4대,변진갑,황숙현,22
제헌,김약수,윤치영,21
제4대,김선태,한희석,21
제4대,류지원,우희창,21
제헌,김동원,김약수,21
제4대,김병윤,윤용구,21
제3대,박용익,최규남,21
제4대,문종두,최인규,21
제2대,김정두,조봉암,21
제4대,대위,조일재,21
제4대,윤형남,임철호,21
제2대,신태익,윤치영,21
제3대,이재학,인태식,21
제2대,이종영,조봉암,21
제2대,김봉재,장택상,21
제3대,송방용,황남팔,21
제4대,서범석,임철호,21
제4대,구용서,김원만,21
제2대,김익기,조봉암,21
제헌,김약수,김준연,21
제4대,민장식,이성주,21
제3대,이종수,정성태,21
제3대,이기붕,최갑환,21
제3대,곽상훈,박순석,21
제헌,김동원,김문평,21
제4대,곽의영,정명섭,21
제헌,문시환,신익희,21
제4대,김원태,최인규,21
제2대,윤치영,임영신,21
제4대,원용석,임문석,21
제4대,구용서,정규상,21
제4대,유기수,이태용,21
제4대,조순,한희석,21
제3대,류지원,이기붕,21
제3대,김정호,이기붕,21
제4대,강영훈,하태환,21
제3대,김성삼,이재학,21
제4대,구흥남,정재완,21
제4대,임문석,임철호,21
제4대,김철안,신규식,21
제4대,김선태,김치은,21
제4대,권오종,박용익,21
제2대,권중돈,장택상,21
제4대,강영훈,최병권,21
제4대,김의창,이형모,21
제4대,임철호,장택상,21
제4대,김원태,유승준,21
제3대,박만원,이기붕,21
제4대,박찬현,최용근,21
제헌,신익희,황윤호,21
제4대,김상도,서정귀,21
제4대,박만원,최용근,21
제헌,김약수,정해준,21
제3대,김선태,이재학,21
제3대,양영주,이재학,21
제헌,윤치영,이성득,21
제2대,신익희,엄병학,21
제2대,신익희,이채오,21
제4대,임철호,조한백,21
제4대,곽상훈,이재학,21
제3대,김영찬,송방용,21
제4대,이종수,정성태,21
제4대,권오종,이종수,21
제4대,김두진,정성태,21
제4대,김의준,홍진기,21
제헌,김약수,서상일,21
제4대,구흥남,김도연,21
제4대,신현확,유옥우,21
제4대,박세경,조재천,21
제헌,김약수,이범석,21
제3대,곽상훈,윤형남,21
제2대,정기원,조봉암,21
제3대,김치영,이충환,20
제4대,곽의영,이형모,20
제3대,이기붕,함두영,20
제헌,박순석,이진수,20
제4대,구용서,이만우,20
제3대,송방용,윤형남,20
제2대,안상한,장택상,20
제3대,박만원,천병규,20
제3대,김만기,이태용,20
제4대,권오종,이성주,20
제4대,박흥규,천병규,20
제3대,송경섭,조경규,20
제4대,손도심,홍성준,20
제4대,임철호,최규하,20
제4대,이상용,장택상,20
제3대,강성태,조경규,20
제3대,이기붕,현석호,20
제3대,김상도,황성수,20
제2대,조봉암,최면수,20
제3대,문봉제,신정호,20
제4대,이기붕,조영규,20
제4대,이필호,조래운,20
제4대,김일환,정성태,20
제4대,우희창,한희석,20
제4대,류진산,한희석,20
제2대,오성환,장택상,20
제3대,곽상훈,이영희,20
제3대,박흥규,정운갑,20
제3대,이인,이재학,20
제3대,김선태,박용익,20
제3대,김재황,조경규,20
제3대,이기붕,천세기,20
제4대,임철호,조영규,20
제헌,윤치영,정구흥,20
제3대,김홍식,이기붕,20
제2대,신광균,윤치영,20
제헌,김동원,안호상,20
제3대,김달수,이충환,20
제4대,김정렬,우희창,20
제헌,김약수,김재학,20
제4대,이정휴,정금체,20
제2대,조봉암,최국현,20
제3대,오임근,이태용,20
제헌,김봉조,윤치영,20
제3대,김현철,한동석,20
제헌,김교현,신익희,20
제4대,김철안,변진갑,20
제4대,양일동,이천승,20
제2대,신익희,함인섭,20
제4대,김의창,문종두,20
제헌,김웅진,윤치영,20
제3대,김현철,정해영,20
제4대,이원장,이존화,20
제4대,양일동,허형구,20
제3대,장경근,조영규,20
제4대,이정휴,최병권,20
제2대,조봉암,조진만,20
제4대,권중돈,하태환,20
제헌,신익희,최용덕,20
제4대,구용서,최용근,20
제4대,김병순,이영희,20
제2대,백두진,윤치영,20
제3대,김진만,이충환,20
제3대,곽상훈,이인,20
제3대,문봉제,이충환,20
제3대,김용우,이기붕,20
제2대,신익희,조진만,20
제3대,박흥규,양일동,20
제4대,김용진,이태용,20
제헌,윤치영,최국현,20
제4대,나판수,이일해,20
제3대,윤성순,조경규,20
제3대,윤성순,이재학,20
제헌,신익희,주기용,20
제4대,김창동,변진갑,20
제4대,송인상,이재학,20
제4대,윤제술,이존화,20
제헌,신익희,이순탁,20
제4대,손재형,장석윤,20
제4대,서범석,이천승,20
제4대,김봉렬,정명섭,20
제4대,원용덕,이정휴,20
제4대,강영훈,정금체,20
제2대,김익로,신익희,20
제4대,우희창,이두황,20
제헌,신광균,윤치영,20
제4대,양일동,이갑식,20
제헌,김동원,최석화,19
제3대,이갑식,조경규,19
제4대,양일동,조인구,19
제헌,윤치영,최윤동,19
제4대,박만원,최인규,19
제3대,김동욱,황성수,19
제3대,정준,황성수,19
제4대,김응주,정규상,19
제3대,박용익,오임근,19
제헌,김동원,윤석구,19
제2대,조봉암,최성웅,19
제3대,이재학,이존화,19
제2대,신익희,우문,19
제헌,김동원,서순영,19
제헌,김동원,이재형,19
제헌,신익희,이철원,19
제4대,변진갑,허윤수,19
제3대,송방용,정해영,19
제4대,박만원,이재학,19
제4대,류진산,이호진,19
제4대,안균섭,유용식,19
제헌,곽상훈,김약수,19
제2대,이교선,조봉암,19
제4대,김삭,변진갑,19
제4대,손도심,이재학,19
제헌,이승만,이진수,19
제헌,서성달,윤치영,19
제4대,한희석,홍진기,19
제4대,송인상,유옥우,19
제3대,김의택,김종신,19
제3대,원용석,한동석,19
제2대,윤치영,이종현,19
제3대,이충환,정갑주,19
제4대,박흥규,송인상,19
제2대,조봉암,최원호,19
제2대,윤치영,지연해,19
제4대,유옥우,한희석,19
제2대,박순천,조봉암,19
제4대,이종남,허형구,19
제4대,박흥규,윤제술,19
제4대,민관식,임봉순,19
제4대,박철웅,이존화,19
제4대,문종두,박만원,19
제헌,김동원,최태규,19
제헌,김동원,정도영,19
제4대,오임근,정명섭,19
제3대,박흥규,정해영,19
제4대,박충모,하태환,19
제4대,이갑식,정규상,19
제3대,김종신,조순,19
제3대,신태권,이재학,19
제3대,이기붕,정준모,19
제3대,이존화,이충환,19
제4대,손문경,조순,19
제3대,이기붕,정갑주,19
제4대,이철승,최용근,19
제헌,이진수,정준,19
제4대,김상돈,이철승,19
제4대,변진갑,정재설,19
제4대,권성기,이영언,19
제3대,김종신,이태용,19
제2대,장택상,황성수,19
제4대,서임수,이영희,19
제3대,곽상훈,송방용,19
제3대,김판술,이기붕,19
제4대,송인상,조한백,19
제헌,신익희,홍순옥,19
제3대,김종신,윤형남,19
제3대,유봉순,최순주,19
제3대,이재학,천세기,19
제3대,이철승,이태용,19
제헌,김웅진,이진수,19
제헌,박기운,신익희,19
제2대,장택상,조광섭,19
제헌,서순영,윤치영,19
제4대,이상용,정헌주,19
제4대,박흥규,최정우,19
제4대,변진갑,조종호,19
제4대,권중돈,박충모,19
제4대,김의준,임철호,19
제4대,장석윤,최재유,19
제4대,박해정,한희석,19
제4대,유성권,이원장,19
제3대,박영종,천병규,19
제4대,곽의영,이종수,19
제헌,김동원,조봉암,19
제헌,윤치영,이재학,19
제4대,김의준,박세경,19
제4대,이성주,이회근,19
제4대,손창환,이형모,19
제2대,신익희,윤재근,18
제헌,김동원,김상순,18
제4대,이규성,이철승,18
제4대,김정권,이철승,18
제4대,김병국,임문석,18
제3대,박용익,황경수,18
제4대,류홍,임철호,18
제헌,김재학,윤치영,18
제4대,구흥남,김용진,18
제3대,김윤기,이충환,18
제3대,이재학,정성태,18
제3대,김일환,조경규,18
제4대,이종남,한희석,18
제2대,변영태,신익희,18
제4대,박흥규,오임근,18
제3대,이기붕,정운갑,18
제3대,민관식,이기붕,18
제4대,박병배,조태준,18
제2대,김윤근,조봉암,18
제4대,이병하,주희국,18
제4대,정남택,주요한,18
제3대,조병문,황성수,18
제4대,손재형,전성천,18
제4대,정중섭,한희석,18
제2대,장택상,조경규,18
제4대,손도심,조재천,18
제4대,박세경,황성수,18
제헌,김용재,신익희,18
제4대,김학준,최진국,18
제헌,김약수,윤재욱,18
제3대,김영선,천병규,18
제3대,김정열,이철승,18
제2대,장택상,홍창섭,18
제3대,이선근,이충환,18
제3대,김용우,조경규,18
제3대,염우량,이기붕,18
제3대,김병윤,조경규,18
제3대,유완창,이철승,18
제3대,안동준,조경규,18
제4대,김석진,이재학,18
제2대,김훈,조봉암,18
제3대,남송학,황성수,18
제3대,나희집,황성수,18
제4대,김화수,진형하,18
제2대,김봉조,장택상,18
제2대,김정두,장택상,18
제4대,이만우,이재학,18
제4대,원용석,한희석,18
제4대,김선태,정남규,18
제2대,송방용,장택상,18
제3대,김일환,이충환,18
제2대,장택상,조병문,18
제3대,류순식,조경규,18
제3대,곽상훈,조순,18
제4대,김두진,김학준,18
제4대,곽의영,한희석,18
제헌,이진수,조헌영,18
제4대,김두진,주요한,18
제3대,송방용,유봉순,18
제3대,이철승,이호,18
제3대,신효선,조경규,18
제4대,이영희,조종호,18
제헌,류성갑,이승만,18
제4대,임철호,주요한,18
제4대,정규상,조일환,18
제3대,박용익,이태용,18
제4대,김일환,이형모,18
제4대,유옥우,최용근,18
제3대,김현철,이기붕,18
제3대,백남식,황성수,18
제4대,박만원,주요한,18
제3대,황남팔,황성수,18
제헌,윤치영,이승만,18
제3대,김종신,오임근,18
제헌,윤영선,윤치영,18
제2대,서상환,신익희,18
제3대,박용익,정상열,18
제3대,조재천,황성수,18
제3대,김춘호,이기붕,18
제3대,김종신,박정근,18
제헌,권승렬,윤치영,18
제4대,유용식,최세황,18
제헌,김약수,황윤호,18
제4대,오위영,최용근,18
제4대,박병배,박영두,18
제헌,박우경,이진수,18
제2대,신익희,이종욱,18
제3대,곽상훈,최규옥,18
제4대,손석두,임철호,18
제헌,김동원,이유선,18
제4대,권오종,정명섭,18
제3대,김도연,김현철,18
제3대,박영종,정운갑,18
제4대,안용백,황호현,18
제4대,김원만,정규상,18
제헌,윤치영,최용덕,18
제4대,김학준,이일해,18
제3대,김동욱,이기붕,18
제3대,염우량,이재학,18
제3대,민관식,송방용,18
제3대,김준연,황성수,18
제4대,정명섭,최인규,18
제4대,김두진,최용근,18
제4대,김용진,엄상섭,18
제4대,박병배,서임수,18
제2대,배은희,윤치영,18
제헌,김동원,이승만,18
제4대,김봉준,윤택중,18
제4대,김원태,조영규,18
제3대,이기붕,이재학,18
제3대,김용우,백남식,18
제4대,천병규,한희석,18
제3대,류진산,이재학,18
제3대,배응도,이충환,18
제4대,정성태,최용근,17
제3대,정문흠,조영규,17
제헌,신익희,이남규,17
제4대,강영훈,안광훈,17
제3대,조경규,최영철,17
제2대,이범승,조봉암,17
제3대,백한성,최순주,17
제헌,윤치영,이주형,17
제4대,김훈,박덕영,17
제헌,이진수,조한백,17
제3대,인태식,정상열,17
제4대,박병배,최병권,17
제3대,백남식,이태용,17
제헌,신익희,조병한,17
제4대,이철승,최병권,17
제4대,반재현,황정철,17
제헌,김약수,박해극,17
제3대,이재학,최용근,17
제3대,이기붕,정일형,17
제4대,김재곤,최용근,17
제3대,김성복,장경근,17
제4대,권성기,진석중,17
제3대,박용익,조만종,17
제헌,윤치영,이범석,17
제3대,소선규,인태식,17
제3대,박흥규,오임근,17
제4대,박동균,손도심,17
제4대,우희창,유용식,17
제4대,곽의영,정성태,17
제4대,김상도,김석진,17
제3대,박용익,조정환,17
제3대,송방용,조순,17
제4대,조재천,한희석,17
제헌,김동원,장면,17
제2대,우문,장택상,17
제헌,김동원,육홍균,17
제2대,윤치영,이춘기,17
제4대,윤재근,임철호,17
제3대,민복기,양일동,17
제3대,김영삼,이기붕,17
제헌,김동원,신현돈,17
제3대,박해정,최순주,17
제헌,김동원,이병관,17
제3대,이기붕,정명섭,17
제헌,이성득,이진수,17
제헌,김영기,신익희,17
제헌,김우식,신익희,17
제4대,정헌주,최인규,17
제4대,오임근,이형모,17
제2대,신익희,조병문,17
제2대,장택상,홍범희,17
제4대,조영규,최인규,17
제4대,안용백,오재경,17
제4대,문종두,천병규,17
제3대,곽상훈,소선규,17
제3대,김일,이기붕,17
제헌,김동원,이종현,17
제3대,김법린,이기붕,17
제4대,김선기,김원전,17
제4대,김정렬,박병배,17
제헌,김동원,이구수,17
제3대,송경섭,이재학,17
제헌,김동원,김장열,17
제헌,김동원,윤재욱,17
제4대,김의창,조일환,17
제4대,서정귀,이갑식,17
제2대,오위영,윤치영,17
제4대,류홍,이갑식,17
제3대,김종신,송인상,17
제3대,곽상훈,도진희,17
제헌,김상돈,김약수,17
제헌,김약수,이종현,17
제3대,김두진,송방용,17
제헌,서정희,신익희,17
제4대,박종식,신규식,17
제3대,윤병호,이기붕,17
제헌,김동원,이석,17
제4대,이동세,이재형,17
제4대,유옥우,임차주,17
제4대,류청,박만원,17
제4대,곽의영,원용석,17
제4대,김일환,이영언,17
제3대,박재홍,정명섭,17
제4대,이영희,이호상,17
제2대,김석관,신익희,17
제3대,박종길,이충환,17
제4대,배성기,이근직,17
제4대,손재형,황호현,17
제2대,신익희,안만복,17
제4대,김주묵,이재학,17
제4대,우희창,이필호,17
제3대,박정근,이재학,17
제2대,김양수,조봉암,17
제2대,신익희,신태영,17
제4대,한근조,한희석,16
제4대,구용서,이갑식,16
제2대,조봉암,최재유,16
제3대,송방용,원용석,16
제헌,김약수,황호현,16
제4대,송원영,정성태,16
제3대,박정근,이태용,16
제4대,김현철,신규식,16
제2대,김봉조,신익희,16
제4대,김의준,한희석,16
제3대,이태용,조경규,16
제헌,신익희,최윤동,16
제4대,김봉진,이종남,16
제2대,이상철,조봉암,16
제3대,이재학,정중섭,16
제3대,이태용,황성수,16
제헌,오석주,이진수,16
제4대,유봉순,이상용,16
제4대,곽의영,김태동,16
제4대,류순식,신정강,16
제4대,김두진,정준,16
제4대,변진갑,송영주,16
제헌,김약수,진헌식,16
제4대,김창동,임차주,16
제3대,이재학,이종수,16
제3대,오임근,정해영,16
제3대,이재학,조재천,16
제헌,권태욱,신익희,16
제4대,김정권,박병배,16
제4대,김선태,천기홍,16
제4대,계광순,김두진,16
제2대,장택상,최재유,16
제2대,김용택,조봉암,16
제3대,강세형,조영규,16
제4대,손도심,이우용,16
제4대,문종두,이상훈,16
제4대,김상도,김희덕,16
제2대,백낙준,신익희,16
제2대,강창용,조봉암,16
제4대,정두길,정성태,16
제3대,곽상훈,박해정,16
제4대,김선기,이재학,16
제3대,이종림,조경규,16
제4대,이근직,임철호,16
제4대,김선태,이필재,16
제3대,김성삼,조경규,16
제3대,백남식,오림근,16
제4대,서상준,한희석,16
제3대,권택상,박만원,16
제3대,윤형남,최순주,16
제2대,조봉암,조순,16
제3대,문봉제,신의식,16
제2대,양병일,윤치영,16
제3대,이기붕,최순주,16
제4대,김정렬,임철호,16
제헌,윤재근,윤치영,16
제3대,이기붕,한희석,16
제헌,이승만,장면,16
제4대,박종길,박흥규,16
제4대,곽의영,최희송,16
제4대,안용백,장석윤,16
제3대,오영재,이충환,16
제헌,서용길,이승만,16
제4대,류지원,최세황,16
제4대,서상준,윤명운,16
제4대,이은태,정남규,16
제2대,윤치영,조병문,16
제헌,서우석,이승만,16
제헌,이진수,진헌식,16
제4대,이재학,조한백,16
제2대,이병호,조봉암,16
제4대,이만우,임철호,16
제4대,이필호,최영빈,16
제2대,박술음,조봉암,16
제2대,양우정,장택상,16
제2대,신익희,이교선,16
제2대,신익희,이병호,16
제4대,이천승,이태용,16
제헌,박찬현,이진수,16
제4대,김두진,김선태,16
제4대,김병국,양일동,16
제4대,김정렬,유용식,16
제4대,손문경,정준,16
제헌,신익희,윤보선,16
제4대,문종두,이영언,16
제헌,김동원,장경근,16
제4대,신규식,이재학,16
제2대,조봉암,함인섭,16
제4대,박병배,최세황,16
제4대,류순식,엄상섭,16
제4대,민장식,안용백,16
제4대,석주암,한광석,16
제3대,송방용,조만종,16
제4대,강종무,이영희,16
제3대,이기붕,정해영,16
제2대,김인태,신익희,16
제4대,김의택,이상용,16
제4대,김현철,이철승,16
제3대,김종신,김한기,16
제3대,윤병호,조경규,16
제4대,권오종,문종두,16
제4대,김선기,박흥규,16
제2대,신익희,장경근,16
제4대,서임수,이태용,16
제3대,이재학,홍창섭,16
제헌,김동원,윤보선,16
제헌,김동원,이항발,16
제4대,김창규,이철승,16
제헌,신익희,유진오,16
제3대,유완창,조경규,16
제3대,이기붕,이존화,16
제4대,김선태,박윤식,16
제2대,김의준,장택상,16
제3대,정준모,최순주,16
제4대,김인권,이영희,16
제4대,안용백,홍병각,16
제4대,김상도,정존수,16
제헌,김동원,류성갑,16
제4대,서임수,유용식,16
제4대,이철승,홍범희,16
제3대,이재학,정운갑,16
제4대,유옥우,임철호,16
제3대,최순주,황성수,15
제헌,윤치영,장경근,15
제3대,김종신,이근직,15
제헌,이원홍,이진수,15
제3대,곽상훈,박재홍,15
제헌,이진수,조영규,15
제3대,박흥규,유옥우,15
제3대,박정근,이철승,15
제4대,김상돈,신영주,15
제2대,박종만,조중서,15
제3대,김선태,송방용,15
제4대,이기붕,이성주,15
제헌,서성달,신익희,15
제4대,고담용,이상용,15
제2대,안만복,윤치영,15
제3대,곽상훈,신규식,15
제3대,이충환,이치영,15
제3대,김판술,박흥규,15
제3대,김두한,이기붕,15
제헌,이진수,황두연,15
제4대,박흥규,손창환,15
제4대,정명섭,최세황,15
제4대,손영수,최남규,15
제4대,문종두,송인상,15
제헌,김동원,김동준,15
제4대,김웅수,유영준,15
제4대,민관식,손문경,15
제3대,강경옥,이재학,15
제4대,고담용,김두진,15
제3대,박용익,박흥규,15
제헌,이진수,최운교,15
제2대,민영복,조봉암,15
제4대,김두진,유봉순,15
제4대,김현철,유옥우,15
제4대,권중돈,이원장,15
제4대,김선태,손영수,15
제3대,오임근,이형모,15
제4대,김정열,이철승,15
제헌,김갑수,윤치영,15
제4대,김선태,진형하,15
제2대,신익희,최국현,15
제2대,배은희,조봉암,15
제헌,박준,신익희,15
제4대,이갑식,정완영,15
제헌,신익희,정도영,15
제3대,곽상훈,조재천,15
제헌,조영규,조헌영,15
제헌,이문원,이승만,15
제4대,윤병구,이영희,15
제4대,이남신,이영희,15
제3대,송방용,하태환,15
제3대,김만기,이충환,15
제4대,송인상,신규식,15
제3대,곽상훈,이중재,15
제헌,윤치영,지대형,15
제4대,윤형남,최용근,15
제4대,민장식,전성천,15
제4대,조영규,최창섭,15
제4대,김두진,민관식,15
제4대,윤재근,이재학,15
제4대,김상도,이원장,15
제4대,임철호,조재천,15
제헌,신익희,전진한,15
제2대,김익로,윤치영,15
제4대,이갑식,홍봉진,15
제2대,윤치영,이범승,15
제4대,김원태,이은태,15
제헌,김동원,서성달,15
제4대,류지원,하태환,15
제헌,윤재욱,이승만,15
제헌,신상학,이진수,15
제4대,노태선,이정휴,15
제4대,반재현,이신득,15
제4대,류홍,이재학,15
제2대,이종현,장택상,15
제3대,갈홍기,이충환,15
제4대,유영준,하태환,15
제3대,곽상훈,이철승,15
제4대,김화수,임문석,15
제4대,윤우경,조한백,15
제헌,김경도,윤치영,15
제4대,김의창,정남택,15
제4대,우희창,최병권,15
제2대,신익희,임흥순,15
제4대,유봉순,이재학,15
제4대,류지원,박병배,15
제4대,김두진,엄상섭,15
제3대,윤우경,이충환,15
제4대,이재기,한광석,15
제4대,김병국,김상도,15
제헌,김약수,이호석,15
제4대,김학준,장낙중,15
제4대,박병배,유영준,15
제4대,민관식,임철호,15
제3대,김종신,박종길,15
제3대,이석기,황성수,15
제4대,김학준,조호갑,15
제헌,신익희,오용국,15
제3대,곽상훈,이기붕,15
제4대,이영희,정재설,15
제3대,김재곤,조경규,15
제4대,김병윤,임차주,15
제3대,신정호,이기붕,15
제3대,신의식,조경규,15
제3대,박만원,오임근,15
제4대,박종식,임차주,15
제4대,원용석,천병규,15
제2대,김정식,윤치영,15
제2대,신익희,장면,15
제3대,이호,황성수,15
제4대,김주묵,박순석,15
제4대,김성곤,박흥규,15
제3대,이동환,이충환,15
제4대,김상도,박영두,15
제헌,김동원,박기운,15
제헌,유진홍,이진수,15
제4대,엄상섭,정홍섭,15
제4대,김선기,이형모,15
제4대,박덕영,손도심,15
제3대,박순석,최순주,15
제3대,원용석,이충환,14
제헌,김동원,조병한,14
제3대,신규식,이재학,14
제3대,류순식,이기붕,14
제3대,조용순,최순주,14
제3대,이기붕,이중재,14
제4대,서임수,이필호,14
제헌,김문평,신익희,14
제4대,박순석,유봉순,14
제4대,박만원,한희석,14
제4대,김두진,손창환,14
제헌,이진수,조종승,14
제헌,배헌,이승만,14
제2대,김훈,신익희,14
제3대,문봉제,이형진,14
제2대,김형덕,신익희,14
제헌,윤길중,윤치영,14
제4대,나판수,명주덕,14
제3대,백남식,이충환,14
제3대,곽상훈,유옥우,14
제3대,곽상훈,양일동,14
제헌,김광준,장병만,14
제3대,이중재,이철승,14
제2대,김준태,조봉암,14
제3대,박만원,윤형남,14
제4대,이재학,최인규,14
제헌,이정래,조헌영,14
제4대,박찬현,한희석,14
제4대,류순식,전창희,14
제헌,이승만,정준,14
제4대,성원경,이정휴,14
제3대,김종신,최정우,14
제3대,이기붕,최병국,14
제헌,김약수,송진백,14
제3대,정재설,조경규,14
제4대,김학준,나판수,14
제4대,정일형,한희석,14
제4대,김원태,이상용,14
제4대,김인권,허윤수,14
제2대,김동성,신익희,14
제헌,김동원,이철원,14
제3대,이기붕,정성태,14
제4대,권중돈,오재영,14
제4대,박순석,최응복,14
제3대,박영출,이충환,14
제4대,이영희,정재완,14
제4대,이철승,임철호,14
제3대,김영찬,백남식,14
제헌,김약수,서이환,14
제3대,김종신,손창환,14
제2대,장경근,장택상,14
제4대,박세경,이성주,14
제3대,양일동,황성수,14
제4대,구흥남,나상근,14
제4대,김인권,신규식,14
제4대,신도환,전성천,14
제3대,박용익,정규상,14
제4대,권택상,서정귀,14
제3대,나창헌,조경규,14
제3대,변진갑,황성수,14
제3대,박흥규,이철승,14
제4대,김영준,이영희,14
제4대,김형돈,손재형,14
제4대,고담용,김원태,14
제4대,김일환,최용근,14
제3대,곽의영,백남식,14
제4대,최병권,하태환,14
제4대,김선기,박철웅,14
제3대,이응준,조경규,14
제3대,구흥남,이재학,14
제3대,김종신,황남팔,14
제4대,임철호,정규상,14
제3대,정갑주,조경규,14
제3대,조재천,최순주,14
제헌,조헌영,황두연,14
제3대,장경근,황성수,14
제4대,박만원,엄상섭,14
제헌,신익희,육홍균,14
제4대,김용진,서상준,14
제헌,이석주,이승만,14
제4대,김상돈,박동균,14
제4대,곽의영,구흥남,14
제4대,이재학,정일형,14
제4대,김선태,황성수,14
제3대,이영섭,조경규,14
제3대,이기붕,정규상,14
제4대,차형기,한광석,14
제2대,김판석,조봉암,14
제2대,신익희,정순조,14
제4대,손석래,이병하,14
제4대,박흥규,홍진기,14
제헌,김약수,이남규,14
제4대,김현철,임차주,14
제4대,박종식,임철호,14
제헌,이재형,조헌영,14
제3대,이충환,인태식,14
제4대,민관식,윤용길,14
제3대,김한기,박흥규,14
제4대,민관식,이재형,14
제4대,나판수,최용근,14
제헌,이승만,이정래,14
제4대,신현확,정남택,14
제4대,김선태,김성립,14
제4대,엄상섭,황성수,14
제4대,서임수,이재학,14
제3대,김종갑,조경규,14
제4대,박병배,이원장,14
제4대,변진갑,안덕기,14
제헌,윤치영,이종린,14
제4대,원용덕,이철승,14
제3대,박용익,이형모,14
제3대,곽상훈,한희석,14
제2대,엄병학,윤치영,14
제4대,유용식,하태환,14
제4대,김정근,변진갑,14
제4대,김원전,신현확,14
제4대,박순석,유승준,14
제4대,구흥남,최인규,14
제2대,김제능,윤치영,14
제4대,김상돈,하태환,14
제헌,김약수,김영동,14
제헌,김갑수,김동원,14
제2대,배은희,신익희,14
제4대,김선태,류순식,14
제3대,손원일,조경규,14
제4대,구용서,조일환,14
제4대,김용진,양일동,14
제4대,박덕영,이규성,14
제4대,김병윤,이철승,14
제헌,신익희,최태규,14
제4대,민관식,최응복,14
제2대,김수학,장택상,14
제4대,박철웅,원용석,14
제4대,민관식,최진국,14
제3대,박만원,송인상,14
제헌,김옥주,이진수,14
제4대,이재학,천병규,14
제헌,김동원,홍순옥,14
제3대,박정근,양일동,14
제4대,서정귀,정명섭,14
제헌,김동원,김상덕,14
제4대,반재현,지창하,14
제헌,신익희,안호상,14
제4대,박만원,박흥규,14
제3대,권오종,정명섭,14
제헌,김동원,오택관,14
제3대,김현철,이재학,14
제2대,강성태,윤치영,14
제3대,신태권,조용순,14
제3대,서인홍,조경규,14
제4대,안덕기,이영희,14
제4대,유영준,한광석,14
제3대,신용욱,지창하,14
제3대,남송학,최순주,14
제4대,서상준,유기수,14
제2대,권태욱,신익희,14
제3대,김지준,이충환,14
제4대,박숙희,신규식,14
제2대,신익희,정헌조,14
제헌,신익희,조규갑,14
제4대,김신서,이갑식,14
제4대,박만원,최규하,14
제4대,장경근,진형하,14
제3대,곽상훈,최순주,13
제3대,김달수,정명섭,13
제4대,정규상,진석중,13
제헌,김동원,김훈,13
제4대,김학준,명주덕,13
제2대,윤치영,이종욱,13
제헌,김훈,윤치영,13
제4대,임철호,진형하,13
제2대,윤치영,이교선,13
제3대,신태권,이호,13
제4대,이동희,정성태,13
제3대,송방용,홍창섭,13
제3대,송방용,이익흥,13
제3대,이근직,하을춘,13
제헌,이진수,홍성하,13
제3대,송방용,최재유,13
제4대,배성기,이재학,13
제헌,김봉두,김약수,13
제3대,민복기,이충환,13
제헌,서우석,이진수,13
제4대,오재경,이존화,13
제3대,김종신,하태환,13
제4대,나판수,민관식,13
제4대,김원전,박철웅,13
제4대,서범석,이태용,13
제4대,이태용,한희석,13
제3대,김용우,박용익,13
제4대,김석진,한희석,13
제4대,강종무,변진갑,13
제3대,박흥규,한동석,13
제3대,백남식,현석호,13
제헌,신익희,조옥현,13
제3대,오임근,이철승,13
제4대,박상길,이재학,13
제3대,박영종,인태식,13
제헌,신익희,윤재근,13
제헌,조한백,조헌영,13
제3대,양일동,정상열,13
제4대,나상근,이갑식,13
제헌,김동원,이강우,13
제헌,김약수,황두연,13
제3대,곽상훈,손도심,13
제4대,김의준,장경근,13
제4대,김용진,한희석,13
제4대,손문경,손창환,13
제4대,김웅수,서임수,13
제2대,김법린,신익희,13
제3대,김상현,김정열,13
제4대,김석진,서상준,13
제2대,윤치영,임용순,13
제4대,이정용,이종남,13
제4대,문종두,박상길,13
제4대,배성기,신규식,13
제헌,신익희,신현돈,13
제3대,김한기,이충환,13
제4대,김두진,신규식,13
제2대,조봉암,지청천,13
제3대,조경규,하태환,13
제4대,유영준,조일재,13
제4대,구용서,진석중,13
제4대,이동근,정명섭,13
제3대,신도성,이기붕,13
제3대,김도연,최용근,13
제3대,나희집,이철승,13
제헌,최운교,홍성하,13
제4대,권택상,이재형,13
제헌,김약수,신현돈,13
제3대,구흥남,이기붕,13
제2대,김종순,윤치영,13
제4대,김재곤,한옥신,13
제헌,송봉해,윤치영,13
제3대,곽상훈,남송학,13
제헌,윤치영,최헌길,13
제3대,유봉순,이재학,13
제4대,권성기,이형모,13
제3대,박용익,정해영,13
제4대,김진만,전효섭,13
제4대,박덕영,박현숙,13
제4대,문종두,현영일,13
제3대,김선우,조경규,13
제4대,김상도,이형모,13
제2대,윤치영,정일형,13
제4대,박순석,이재학,13
제헌,김약수,원용한,13
제3대,김원태,백남식,13
제4대,류경호,이수용,13
제4대,나상근,원용석,13
제4대,류순식,이재학,13
제4대,김형돈,김효창,13
제4대,김학준,신도철,13
제3대,서임수,최정우,13
제3대,윤보선,황성수,13
제헌,장병만,홍성하,13
제4대,박용익,이재학,13
제3대,박종길,조경규,13
제2대,노기용,윤치영,13
제2대,박승하,조봉암,13
제4대,이재룡,홍범희,13
제4대,한근조,홍진기,13
제4대,김정렬,서임수,13
제헌,신상학,윤치영,13
제2대,김인태,윤치영,13
제3대,서인홍,송방용,13
제4대,최인규,최희송,13
제4대,김응주,이재학,13
제4대,이철승,한희석,13
제헌,이진수,장병만,13
제4대,류청,윤택중,13
제3대,김종신,이호,13
제3대,변영태,최순주,13
제3대,양일동,이태용,13
제3대,박흥규,황경수,13
제3대,김영삼,황성수,13
제헌,김도연,김약수,13
제2대,장택상,허정,13
제헌,김동원,박상영,13
제2대,이규갑,장택상,13
제4대,박만원,박세경,13
제헌,김동원,송봉해,13
제4대,유성권,이재학,13
제2대,민영복,신익희,13
제2대,김용택,윤치영,13
제헌,이승만,정광호,13
제3대,이중재,한동석,13
제3대,강승구,정명섭,13
제3대,이인,최순주,13
제3대,김달호,이기붕,13
제2대,윤치영,장홍염,13
제헌,송창식,신익희,13
제4대,김순길,나판수,13
제4대,이종수,정명섭,13
제헌,백성욱,윤치영,13
제4대,김두진,신현확,13
제3대,박정근,이중재,13
제2대,장석윤,조봉암,13
제4대,조병옥,한희석,13
제4대,김석진,류순식,13
제4대,김훈,이종수,13
제4대,오재경,장석윤,13
제2대,방만수,신익희,13
제2대,김정두,신익희,13
제헌,신익희,이병관,13
제4대,서범석,이호진,13
제3대,김선태,황성수,13
제4대,서상준,이천승,12
제4대,박만원,이근직,12
제4대,이재학,조병옥,12
제4대,김두진,최재유,12
제3대,김용우,이충환,12
제헌,이진수,정광호,12
제4대,김원만,정명섭,12
제3대,박철재,윤성순,12
제4대,구흥남,이재학,12
제4대,김원태,윤명운,12
제2대,김인선,조봉암,12
제3대,장경근,최순주,12
제2대,방만수,장택상,12
제4대,오임근,이영희,12
제4대,민관식,박순석,12
제4대,김두진,문종두,12
제4대,김선태,박세현,12
제3대,윤제술,이기붕,12
제4대,문종두,이용철,12
제헌,김동원,김장렬,12
제4대,김원태,류순식,12
제2대,김용우,이진수,12
제2대,김태선,신익희,12
제3대,조순,최순주,12
제4대,양일동,윤재근,12
제2대,박희현,장택상,12
제헌,강기문,지대형,12
제헌,신익희,최범술,12
제4대,김도연,손창환,12
제4대,박만원,조재천,12
제3대,송방용,안정근,12
제4대,김선태,김순희,12
제4대,김봉규,이병하,12
제3대,류진산,황성수,12
제4대,김병국,진형하,12
제4대,박해정,손석두,12
제3대,김두진,조경규,12
제헌,서상일,조헌영,12
제4대,김두진,손재형,12
제헌,윤재욱,윤치영,12
제3대,이철승,천병규,12
제3대,최순주,한희석,12
제3대,유옥우,유완창,12
제4대,김의창,원용석,12
제4대,장병균,진형하,12
제헌,이성학,이진수,12
제헌,윤치영,전진한,12
제3대,갈홍기,유옥우,12
제3대,윤형남,황성수,12
제3대,김상도,이호,12
제4대,김정근,신규식,12
제4대,김장섭,허윤수,12
제2대,김일환,장택상,12
제4대,김덕겸,오표,12
제4대,박만원,전성천,12
제3대,김원규,조경규,12
제4대,신영주,이상용,12
제4대,박순석,서정학,12
제2대,이기붕,조봉암,12
제2대,신태익,장택상,12
제3대,박영종,윤성순,12
제헌,정준,조국현,12
제3대,이응준,이형진,12
제4대,류진산,이영희,12
제3대,곽의영,황성수,12
제4대,나상근,송인상,12
제3대,백남식,한동석,12
제4대,박계진,정중섭,12
제4대,송인상,양일동,12
제4대,손석두,이갑식,12
제4대,김정렬,이재학,12
제4대,손석두,조한백,12
제3대,정재완,조경규,12
제3대,신도성,황성수,12
제헌,김동원,박준,12
제3대,곽상훈,변진갑,12
제4대,박순석,서범석,12
제4대,이필재,정중섭,12
제3대,원용석,최순주,12
제4대,윤담,이영희,12
제4대,김창규,박병배,12
제3대,박흥규,이익흥,12
제4대,정영기,주요한,12
제2대,신익희,최순주,12
제3대,박흥규,백남식,12
제3대,송방용,최정우,12
제4대,김도연,오임근,12
제3대,이기붕,이석기,12
제4대,박덕영,유경인,12
제4대,김인권,변진갑,12
제4대,윤용구,이호상,12
제4대,문종두,이재학,12
제2대,안만복,장택상,12
제4대,류청,이존화,12
제3대,박흥규,신정호,12
제4대,김원태,유봉순,12
제4대,임철호,정일형,12
제3대,박영종,양영주,12
제2대,변광호,신익희,12
제2대,김제능,신익희,12
제3대,박용익,이열모,12
제3대,백남식,변진갑,12
제2대,조봉암,주석균,12
제3대,박영출,조영규,12
제2대,신익희,윤성순,12
제4대,윤명운,이상용,12
제4대,권복인,이갑식,12
제4대,김응주,이영언,12
제4대,김선태,정현팔,12
제4대,박병배,송요찬,12
제4대,한희석,홍봉진,12
제4대,김원태,한희석,12
제3대,이응준,이충환,12
제4대,구흥남,한희석,12
제4대,권오종,이신득,12
제4대,안균섭,최경남,12
제헌,신익희,황병규,12
제3대,오림근,한동석,12
제3대,김종신,최재유,12
제4대,김석진,엄상섭,12
제헌,김동원,이호석,12
제3대,소선규,조정환,12
제4대,이존일,이필호,12
제헌,신성모,신익희,12
제4대,송인상,이영희,12
제3대,서인홍,이기붕,12
제3대,조경규,조만종,12
제4대,권오종,양일동,12
제헌,윤치영,정도영,12
제4대,김병주,정성태,12
제4대,신도성,양일동,12
제2대,안동혁,조봉암,12
제4대,김재곤,이영언,12
제헌,이정래,이진수,12
제3대,이기붕,황경수,12
제4대,김선태,박세경,12
제4대,고담용,이재학,12
제4대,김원태,이재학,12
제4대,박흥규,오범수,12
제4대,박충모,이재학,12
제2대,신태영,조봉암,12
제3대,박흥규,양영주,12
제헌,김동준,윤치영,12
제2대,남송학,윤치영,12
제4대,김원규,원용석,12
제4대,민관식,정한주,12
제4대,변진갑,신현확,12
제4대,양일동,엄상섭,12
제4대,박병배,백선엽,12
제헌,정광호,조국현,12
제3대,양일동,오임근,12
제4대,이갑식,정세환,12
제4대,권중돈,김공평,12
제3대,김일,조영규,12
제헌,신익희,최석화,12
제4대,이원장,이철승,12
제4대,이필호,임철호,12
제4대,김용진,서범석,12
제4대,김의창,현오봉,12
제헌,김옥주,지대형,12
제4대,권종림,김선태,12
제4대,손영수,정중섭,12
제3대,장택상,황성수,12
제4대,조종호,한희석,12
제4대,박만원,서범석,12
제3대,김현철,박용익,12
제3대,이기붕,이선근,12
제4대,변진갑,조광희,12
제헌,윤석구,이승만,12
제3대,손도심,이기붕,12
제3대,박만원,이충환,12
제2대,육홍균,조봉암,12
제4대,박순석,이옥동,12
제2대,신익희,이갑성,12
제3대,민관식,백남식,12
제3대,양일동,정성태,12
제3대,박흥규,정규상,12
제3대,안준기,조병옥,12
제4대,류진산,최인규,12
제헌,이승만,조헌영,12
제3대,박용익,정준모,12
제헌,김동원,김효석,12
제4대,손재형,윤우경,12
제3대,김종신,문봉제,12
제헌,강욱중,조헌영,12
제헌,이승만,조봉암,12
제4대,신규식,이호상,12
제헌,이승만,최국현,12
제4대,반재현,이상용,12
제2대,신익희,신중목,12
제4대,안춘생,조일재,12
제4대,김학준,손문경,12
제2대,김법린,조봉암,12
제4대,이재학,최용근,12
제3대,송방용,한동석,12
제4대,류순식,박용익,12
제2대,윤치영,이재학,12
제헌,김약수,정도영,12
제4대,김재곤,이만우,12
제4대,박세경,한근조,12
제3대,윤제술,조경규,12
제헌,서상일,서용길,12
제3대,문봉제,조경규,12
제4대,김원규,김일환,11
제4대,김선태,최용근,11
제헌,김약수,이성학,11
제4대,권중돈,유성권,11
제3대,박용익,조순,11
제4대,김의준,최규옥,11
제4대,김진만,정규상,11
제3대,문봉제,박만원,11
제4대,김상도,김의준,11
제4대,김두진,이근직,11
제4대,송원영,이동근,11
제4대,박창화,신규식,11
제3대,박용익,이응준,11
제3대,곽상훈,원용석,11
제3대,정문흠,조경규,11
제헌,권태희,정광호,11
제4대,권중돈,이재학,11
제4대,김석진,김용진,11
제4대,장택상,홍진기,11
제3대,송방용,신행용,11
제2대,노기용,장택상,11
제2대,강직순,신익희,11
제4대,안용백,윤제술,11
제4대,김원태,최창섭,11
제3대,곽상훈,김철안,11
제3대,이충환,황남팔,11
제4대,서범석,이영희,11
제4대,류순식,이천승,11
제4대,우희창,이재학,11
제3대,백남식,이익흥,11
제2대,민영복,장택상,11
제헌,강기문,김동원,11
제3대,곽상훈,이재학,11
제4대,구흥남,민한식,11
제4대,이필호,조신환,11
제4대,조한백,최용근,11
제4대,권중돈,대위,11
제3대,박용익,정운갑,11
제2대,김명동,조봉암,11
제헌,신익희,장면,11
제4대,김응주,김의창,11
제3대,오임근,유옥우,11
제3대,소선규,정준모,11
제4대,김정근,한희석,11
제4대,이한빈,이형모,11
제2대,김병로,조봉암,11
제4대,김두일,박흥규,11
제3대,김종규,조경규,11
제4대,구용서,김두진,11
제4대,신언한,이재학,11
제헌,송진백,신익희,11
제4대,오범수,허판수,11
제4대,서임수,이종우,11
제4대,김두진,박해정,11
제헌,이승만,조영규,11
제헌,김약수,조종승,11
제헌,김동원,최범술,11
제3대,김준환,이철승,11
제4대,김두진,전성천,11
제4대,김용진,류순식,11
제4대,박용익,한희석,11
제헌,신익희,장경근,11
제3대,유옥우,천병규,11
제4대,신규식,이남신,11
제4대,강영훈,이수용,11
제헌,김상돈,서우석,11
제4대,나판수,손창환,11
제헌,박순석,조국현,11
제4대,유기수,정홍섭,11
제4대,이종우,이필호,11
제4대,신규식,오임근,11
제3대,김지준,송방용,11
제4대,고담용,박만원,11
제4대,김재곤,이재학,11
제3대,송방용,최하영,11
제4대,김성근,이종남,11
제4대,변진갑,이재학,11
제3대,윤치영,이재학,11
제3대,김현철,유옥우,11
제3대,김익로,조경규,11
제4대,박흥규,손영수,11
제3대,김의택,이충환,11
제4대,박상길,한희석,11
제3대,김정호,이재학,11
제4대,권오종,서상준,11
제3대,이재학,이태용,11
제4대,박찬현,손석두,11
제헌,김병회,조헌영,11
제4대,권오종,조순,11
제헌,윤치영,주기용,11
제3대,박영종,조정환,11
제4대,김의창,주요한,11
제4대,김형돈,엄요섭,11
제3대,박흥규,이호,11
제3대,김종신,이종수,11
제4대,박덕영,홍성준,11
제4대,송인상,정준,11
제3대,신용욱,정명섭,11
제3대,변영태,조경규,11
제4대,구흥남,신현확,11
제3대,김철안,황성수,11
제3대,곽상훈,김의준,11
제2대,서상덕,윤치영,11
제4대,유옥우,이남신,11
제헌,이영준,조한백,11
제3대,곽상훈,김춘호,11
제3대,나희집,송방용,11
제4대,이영우,이철승,11
제3대,이기붕,임흥순,11
제4대,유태영,정명섭,11
제2대,임흥순,장택상,11
제4대,정홍섭,조순,11
제3대,박영종,장경근,11
제헌,이승만,진헌식,11
제4대,권병호,이원장,11
제4대,김정열,유용식,11
제3대,우만형,조경규,11
제4대,강영훈,원용덕,11
제3대,곽상훈,유봉순,11
제4대,김정렬,류지원,11
제2대,조봉암,최주일,11
제헌,송봉해,신익희,11
제4대,박흥규,최인규,11
제헌,김약수,장홍염,11
제헌,김준연,이승만,11
제3대,유옥우,이열모,11
제4대,곽의영,신현확,11
제3대,권성기,박정근,11
제4대,류지원,유용식,11
제헌,신익희,장기영,11
제4대,임차주,허윤수,11
제4대,김진만,이영언,11
제4대,윤용구,임차주,11
제헌,김동원,최국현,11
제4대,김경술,이병하,11
제3대,문봉제,정명섭,11
제4대,이성우,최희송,11
제3대,최규옥,최순주,11
제헌,김영동,정준,11
제3대,서동진,이기붕,11
제4대,정존수,홍익표,11
제4대,엄상섭,진형하,11
제3대,김현철,백남식,11
제3대,박도언,박해정,11
제3대,김종신,박용익,11
제3대,박영종,이호,11
제헌,김약수,육홍균,11
제3대,김원태,정상열,11
제헌,김수선,나용균,11
제3대,이기붕,정문흠,11
제4대,송인상,이영언,11
제헌,신성균,이승만,11
제4대,박종식,윤용구,11
제3대,김익로,이기붕,11
제4대,김원만,이만우,11
제헌,김약수,김중기,11
제4대,김형돈,최재유,11
제4대,유봉순,이태용,11
제헌,김약수,이인,11
제헌,김약수,박찬현,11
제4대,김경술,황성수,11
제4대,이필호,조일재,11
제헌,김동원,최헌길,11
제헌,신익희,신태익,11
제3대,김종신,황성수,11
제2대,방만수,윤치영,11
제헌,김장렬,신익희,11
제3대,이기붕,조만종,11
제헌,민경식,신익희,11
제4대,곽의영,김재위,11
제4대,윤형남,이재학,11
제3대,박흥규,함두영,11
제헌,김중기,신익희,11
제4대,김장섭,신규식,11
제4대,손문경,이재룡,11
제4대,양일동,정순조,11
제3대,소선규,장경근,11
제3대,손도심,이재학,11
제헌,신익희,오택관,11
제헌,조헌영,홍성하,11
제헌,김약수,김익로,11
제4대,김석진,서범석,11
제4대,서범석,이종남,11
제4대,권성기,정재완,11
제헌,박순석,조영규,10
제3대,문종두,이기붕,10
제4대,민영학,오범수,10
제4대,오범수,유용식,10
제2대,이동환,조봉암,10
제4대,김상도,이학만,10
제3대,박흥규,이형진,10
제3대,박만원,박해정,10
제4대,신두영,이형모,10
제4대,김병윤,이영희,10
제2대,김동성,조봉암,10
제4대,손문경,송인상,10
제3대,민관식,장경근,10
제4대,이재학,임문석,10
제헌,신익희,원장길,10
제4대,손석두,이재형,10
제3대,조경규,조용순,10
제4대,김학준,이영선,10
제4대,김선태,박주복,10
제4대,강정규,이정휴,10
제3대,정대천,조경규,10
제4대,강영훈,류지원,10
제3대,박흥규,이기붕,10
제4대,구용서,최석림,10
제4대,유성권,주금용,10
제2대,김광준,윤치영,10
제4대,김정열,박만원,10
제3대,박흥규,천병규,10
제3대,김종신,윤일상,10
제4대,오임근,이재형,10
제4대,이철승,최하영,10
제4대,김재곤,한희석,10
제4대,이은태,황응수,10
제4대,이성주,정홍섭,10
제3대,김정렬,조경규,10
제2대,박종만,장택상,10
제3대,이기붕,정기원,10
제4대,나판수,이재학,10
제3대,양일동,천병규,10
제3대,이재학,정재설,10
제3대,배영호,조경규,10
제2대,김봉조,윤치영,10
제4대,박용익,이호진,10
제4대,고재필,조순,10
제3대,곽의영,최순주,10
제3대,이석기,이재학,10
제4대,박세경,신언한,10
제4대,신현확,이영희,10
제헌,김약수,신상학,10
제3대,송방용,유완창,10
제4대,구용서,임철호,10
제4대,김준기,이정휴,10
제4대,김용진,이재학,10
제4대,구철회,유용식,10
제3대,박순석,이충환,10
제헌,이재학,조헌영,10
제2대,곽태진,신익희,10
제4대,김상도,오범수,10
제3대,윤제술,황성수,10
제4대,정성태,최인규,10
제2대,김동성,서상준,10
제헌,박종남,신익희,10
제3대,박흥규,최규남,10
제3대,송방용,신두영,10
제헌,김상덕,윤치영,10
제4대,송요찬,이필호,10
제4대,변진갑,윤병구,10
제헌,김동원,윤영선,10
제4대,박만원,안균섭,10
제3대,양일동,이열모,10
제3대,강성태,곽상훈,10
제4대,나용균,최인규,10
제4대,오재경,윤택중,10
제3대,김원태,변진갑,10
제4대,김영준,허윤수,10
제4대,구흥남,김일환,10
제헌,김동원,김용재,10
제헌,김경배,신익희,10
제2대,조봉암,홍익표,10
제4대,이재학,조종호,10
제헌,신광균,조헌영,10
제헌,윤치영,이종순,10
제헌,권태희,이승만,10
제3대,박흥규,최재유,10
제2대,김태선,윤치영,10
제4대,유영준,이수용,10
제헌,박기운,이진수,10
제2대,변광호,조봉암,10
제3대,민관식,이중재,10
제4대,김원규,안희경,10
제4대,이재학,최규남,10
제4대,민장식,황호현,10
제4대,유용식,이정휴,10
제4대,윤태은,정명섭,10
제헌,신익희,이종선,10
제헌,김동원,김영기,10
제4대,손창환,임철호,10
제4대,구흥남,서상준,10
제3대,이봉희,이충환,10
제헌,김용재,이진수,10
제3대,현석호,황성수,10
제3대,신의식,이형진,10
제2대,박승하,신익희,10
제4대,김형돈,안용백,10
제3대,김두한,최순주,10
제3대,박만원,정성태,10
제헌,윤치영,홍순옥,10
제4대,이존화,황호현,10
제4대,보대리,이철승,10
제헌,윤치영,정해준,10
제4대,김원태,이성주,10
제3대,김일환,윤형남,10
제4대,권오종,이영희,10
제헌,서우석,조한백,10
제헌,장병만,정준,10
제2대,김일환,신익희,10
제3대,김원태,박정근,10
제4대,김정열,문종두,10
제3대,신행용,이기붕,10
제2대,이병홍,조봉암,10
제헌,강욱중,김광준,10
제헌,장병만,조헌영,10
제3대,양일동,최순주,10
제3대,김준환,이충환,10
제4대,박종식,이형모,10
제4대,이재학,한근조,10
제헌,박순석,신성균,10
제2대,원용석,장택상,10
제2대,신익희,신태익,10
제2대,조봉암,진헌식,10
제2대,윤치영,한국원,10
제3대,이기붕,이성주,10
제4대,김병주,박상길,10
제4대,김석진,박용익,10
제4대,김용진,변진갑,10
제4대,박흥규,이갑식,10
제2대,변진갑,장택상,10
제4대,김용진,임차주,10
제4대,김화수,양일동,10
제4대,강지형,민관식,10
제3대,권중돈,최순주,10
제4대,이철승,최세황,10
제4대,문종두,정성태,10
제3대,백남식,정운갑,10
제3대,김영선,박흥규,10
제4대,김봉준,김형돈,10
제3대,정명섭,최영철,10
제4대,임차주,황숙현,10
제2대,이내호,조봉암,10
제3대,곽상훈,이선근,10
제3대,문봉제,박용익,10
제3대,김성호,최순주,10
제2대,강성태,조봉암,10
제4대,신영주,하태환,10
제3대,유옥우,이호,10
제4대,이종남,전창희,10
제3대,김상도,양일동,10
제4대,나상근,이종남,10
제4대,이성주,조순,10
제4대,구흥남,김원전,10
제4대,박철웅,정남택,10
제3대,박도언,정상열,10
제4대,박병배,한희석,10
제3대,박용익,양일동,10
제3대,김성복,조경규,10
제3대,김종신,정상열,10
제3대,박도언,최용근,10
제4대,조한백,한희석,10
제4대,김선태,이명선,10
제2대,신익희,홍범희,10
제3대,송방용,이치영,10
제2대,윤치영,윤택중,10
제헌,김장렬,윤치영,10
제4대,유기수,이영희,10
제헌,윤치영,최범술,10
제4대,김선우,최인규,10
제3대,박영종,이철승,10
제4대,김정렬,한희석,10
제4대,김일환,이갑식,10
제헌,박순석,장병만,10
제2대,서이환,윤치영,10
제4대,박철웅,신현확,10
제3대,송방용,이응준,10
제4대,김정열,박병배,10
제4대,김두진,이재형,10
제2대,고영완,조봉암,10
제4대,임철호,정중섭,10
제4대,나판수,윤용길,10
제4대,이존화,천병규,10
제4대,김덕겸,나판수,10
제4대,김선태,신정강,10
제3대,강종무,박정근,10
제4대,권성기,김원만,10
제헌,신익희,조정환,10
제헌,김약수,조병한,10
제4대,박흥규,이상용,10
제4대,김일환,유봉순,10
제4대,김원태,장택상,10
제4대,이형모,천병규,10
제3대,이기붕,최규옥,10
제4대,이상용,최병권,10
제3대,김재곤,이기붕,10
제헌,김영동,이진수,10
제4대,이존화,홍병각,10
제4대,류진산,양일동,10
제헌,김약수,임영신,10
제4대,박병배,진형하,10
제4대,박흥규,정재설,10
제3대,임석무,조경규,10
제3대,박재홍,이재학,10
제3대,이종수,천병규,10
제헌,김동원,김중기,10
제3대,곽상훈,장택상,10
제3대,신하균,조경규,10
제4대,임철호,최규남,10
제3대,안동준,황성수,10
제3대,곽상훈,김준연,10
제4대,김상돈,류지원,10
제3대,곽상훈,류순식,10
제헌,김경배,김약수,10
제4대,김현철,조순,10
제4대,김공평,유용식,10
제3대,송우범,이철승,10
제헌,김약수,최봉식,10
제4대,오범수,임철호,10
제4대,김학준,민관식,10
제4대,김두진,이영희,10
제4대,박용록,진형하,10
제4대,김정렬,이정휴,10
제헌,서용길,정준,10
제4대,김선기,유옥우,10
제3대,송방용,정재설,10
제헌,김약수,최범술,10
제4대,최용근,홍봉진,10
제3대,정진욱,조경규,10
제헌,백관수,이주형,10
제3대,이성주,이재학,10
제4대,문종두,이동근,10
제헌,김재학,조한백,10
제3대,윤치영,이기붕,10
제3대,김의택,송방용,10
제4대,강정규,이필호,10
제4대,강영훈,김정렬,10
제2대,김석명,윤치영,10
제4대,양일동,윤명운,10
제3대,이영희,이재학,10
제4대,이재학,조일재,10
제헌,김장열,신익희,10
제3대,오임근,정상열,10
제헌,윤치영,조병한,10
제4대,문종두,오임근,10
제3대,송방용,이근직,10
제3대,김익로,황성수,10
제4대,김정열,박종길,10
제4대,김응주,임철호,10
제4대,이재학,홍순희,10
제헌,조헌영,최운교,10
제4대,나판수,정준모,10
제헌,김광준,이진수,10
제4대,고담용,한희석,10
제3대,이호,조영규,10
제4대,이재학,조정환,10
제3대,갈홍기,박용익,10
제3대,김춘호,최순주,10
제3대,양영주,황성수,10
제3대,곽의영,이재학,10
제2대,신익희,양우정,10
제4대,손석래,손영수,10
제4대,김용진,임철호,10
제4대,윤택중,최용근,10
제헌,김약수,홍희종,10
제3대,조경규,최천,10
제3대,신태권,황성수,10
제3대,이재학,전진한,9
제3대,곽의영,박영종,9
제3대,김영선,신현확,9
제헌,김동원,최봉식,9
제4대,이필호,최병권,9
제3대,손도심,정기원,9
제3대,이충환,천병규,9
제헌,김중기,이진수,9
제헌,김준연,윤치영,9
제3대,곽의영,김원태,9
제2대,김준희,윤치영,9
제4대,임문석,정순조,9
제4대,문봉제,이재형,9
제3대,이기붕,이종림,9
제4대,변진갑,송인상,9
제2대,김정두,윤치영,9
제4대,김석진,이태용,9
제4대,권복인,민관식,9
제4대,이재학,정재완,9
제3대,이충환,조순,9
제헌,김약수,최태규,9
제4대,김석진,민영학,9
제헌,김약수,류성갑,9
제헌,김철,이석,9
제4대,백선엽,이철승,9
제4대,하태환,홍범희,9
제헌,서우석,이석주,9
제4대,서범석,임문석,9
제3대,이기붕,정대천,9
제4대,김병순,신규식,9
제헌,안호상,윤치영,9
제헌,이진수,황호현,9
제4대,강명옥,한근조,9
제4대,김정렬,안균섭,9
제4대,권택상,박해정,9
제3대,박영종,송인상,9
제3대,백남식,소선규,9
제3대,김판술,이재학,9
제4대,오표,조대훈,9
제4대,천병규,최용근,9
제4대,김원규,최윤기,9
제4대,김선기,윤택중,9
제4대,신언한,이형모,9
제4대,이근직,임차주,9
제헌,김약수,박기운,9
제2대,이종순,조봉암,9
제4대,이형모,임문석,9
제4대,김의택,이재학,9
제3대,이재학,함두영,9
제3대,김영삼,이재학,9
제3대,김윤기,유옥우,9
제4대,임철호,한근조,9
제4대,이갑식,정재원,9
제헌,서우석,조국현,9
제2대,조봉암,한필수,9
제4대,김의준,이병하,9
제4대,구흥남,정재설,9
제헌,장홍염,홍성하,9
제헌,이석주,조한백,9
제헌,이성득,이승만,9
제4대,엄상섭,한근조,9
제3대,권택상,이종수,9
제3대,양일동,이종수,9
제4대,손석두,윤우경,9
제4대,김원태,박종길,9
제헌,오택관,윤치영,9
제3대,김의택,이기붕,9
제4대,이종남,한옥신,9
제4대,양일동,정홍섭,9
제4대,구흥남,이민우,9
제4대,민관식,이종남,9
제헌,신익희,이호석,9
제4대,김두진,조광희,9
제헌,이석주,정준,9
제4대,곽의영,주요한,9
제4대,양일동,한옥신,9
제3대,김현철,박영종,9
제헌,신익희,허영호,9
제4대,안용백,윤우경,9
제3대,양영주,최순주,9
제4대,김원태,반재현,9
제4대,김상도,이재학,9
제4대,김재위,송원영,9
제4대,임흥순,최희송,9
제4대,구철회,김웅수,9
제4대,서임수,하태환,9
제4대,박덕영,유성권,9
제4대,권택상,이종남,9
제헌,김약수,정균식,9
제3대,박흥규,현석호,9
제헌,김봉조,조헌영,9
제3대,박기운,조경규,9
제3대,김종신,김춘호,9
제4대,민관식,이영선,9
제3대,박영종,조영규,9
제4대,이상용,황정철,9
제4대,민장식,이정휴,9
제4대,박병배,안균섭,9
제3대,정갑주,최순주,9
제4대,이갑식,이용범,9
제4대,김일환,정남택,9
제2대,이순용,조봉암,9
제4대,유성권,최세황,9
제4대,김선태,정경도,9
제헌,이정래,조한백,9
제3대,강성태,이기붕,9
제4대,정규상,홍병각,9
제2대,임문환,장택상,9
제4대,곽의영,유성권,9
제4대,박만원,유봉순,9
제3대,이재학,정명섭,9
제3대,김선우,김종신,9
제4대,고철환,황성수,9
제4대,이사형,최세황,9
제4대,김두진,김정열,9
제2대,장택상,정남국,9
제4대,김두진,김일환,9
제4대,김원만,이영언,9
제4대,전성천,조영규,9
제4대,김두진,이태용,9
제헌,김동원,한석범,9
제4대,김훈,박용익,9
제4대,나용균,이상용,9
제헌,이정래,장병만,9
제3대,박용익,송경섭,9
제헌,서용길,조헌영,9
제4대,전성천,황호현,9
제3대,신의식,이재학,9
제헌,김옥주,홍성하,9
제헌,윤치영,이종현,9
제4대,김선태,홍진기,9
제4대,민장식,최재유,9
제4대,박만원,이태용,9
제4대,유기수,임철호,9
제4대,김현철,이재학,9
제4대,민관식,장낙중,9
제헌,이승만,이윤영,9
제3대,안준기,조경규,9
제3대,박세경,이기붕,9
제4대,박병배,홍범희,9
제헌,박상영,윤치영,9
제4대,박병배,이종남,9
제4대,원용석,정남택,9
제3대,이재학,정준모,9
제4대,주병환,황정철,9
제3대,유진산,이충환,9
제4대,김종대,이종남,9
제3대,권택상,정상열,9
제3대,김달호,박영종,9
제4대,이영언,정규상,9
제4대,유용식,최창언,9
제헌,김약수,김용재,9
제4대,정헌주,황정철,9
제4대,김웅수,박병배,9
제4대,이영언,진석중,9
제3대,오림근,이충환,9
제4대,변진갑,이호상,9
제4대,손석두,양일동,9
제4대,신영주,조일재,9
제4대,윤명운,이영희,9
제4대,유성권,정명섭,9
제헌,윤병구,조헌영,9
제4대,윤택중,전성천,9
제4대,오표,정한주,9
제4대,이만우,전효섭,9
제4대,권오종,이태용,9
제3대,정상열,천병규,9
제3대,박영종,소선규,9
제4대,서범석,조영규,9
제3대,윤일상,이재학,9
제4대,김의택,박순석,9
제헌,유진홍,조한백,9
제3대,이익흥,정상열,9
제3대,곽상훈,조병문,9
제4대,안균섭,이필호,9
제헌,김교현,김동원,9
제4대,민관식,이종시,9
제4대,이갑식,최용근,9
제4대,최용근,최정우,9
제4대,민관식,이유근,9
제4대,서범석,엄상섭,9
제4대,류순식,유기수,9
제4대,문봉제,정명섭,9
제4대,박만원,홍진기,9
제4대,임문석,허판수,9
제4대,서범석,신도성,9
제헌,김동원,남궁현,9
제2대,신중목,장택상,9
제2대,서상덕,신익희,9
제3대,소선규,천병규,9
제4대,이상용,이성우,9
제헌,김유택,신익희,9
제4대,박병배,양일동,9
제3대,신규식,최순주,9
제2대,김태희,조봉암,9
제헌,김영동,이승만,9
제3대,권택상,김종신,9
제헌,신익희,이종순,9
제헌,김약수,원장길,9
제헌,김옥주,노일환,9
제2대,김동성,서상환,9
제3대,박영종,양일동,9
제헌,서우석,이정래,9
제4대,손석두,이종남,9
제3대,박정근,천병규,9
제3대,김동욱,백남식,9
제4대,권중돈,안춘생,9
제4대,김병순,변진갑,9
제3대,곽상훈,김홍식,9
제4대,우희창,이사형,9
제3대,권성기,이충환,9
제3대,김영찬,박만원,9
제4대,서임수,송요찬,9
제3대,민문기,박용익,9
제헌,김약수,오석주,9
제헌,김동원,허영호,9
제4대,민관식,홍범희,9
제4대,엄상섭,윤명운,9
제헌,김약수,신광균,9
제헌,박준,윤치영,9
제3대,김상돈,조영규,9
제2대,엄상섭,장경근,9
제4대,김형돈,최응복,9
제헌,이석주,홍성하,9
제4대,윤보선,이재학,9
제4대,장경근,한근조,9
제3대,조경규,최병권,9
제3대,백남식,이형진,9
제4대,이사형,이형모,9
제4대,권오종,이동희,9
제4대,구흥남,권성기,9
제3대,송방용,황경수,9
제4대,송원영,유성권,9
제헌,조국현,조헌영,9
제3대,송방용,조정환,9
제2대,엄상섭,윤길중,9
제4대,김응주,이만우,9
제4대,박순석,이성주,9
제4대,김종대,이갑식,9
제3대,김종신,정규상,9
제4대,조일재,하태환,9
제3대,김달수,원용석,9
제4대,손영수,이병하,9
제2대,김석관,장택상,9
제헌,윤치영,허영호,9
제3대,양일동,정해영,9
제3대,송방용,정운갑,9
제3대,김정호,송우범,9
제헌,김약수,최국현,9
제3대,박만원,이철승,9
제3대,육완국,이기붕,9
제3대,박영종,정상열,9
제4대,민장식,이재학,9
제4대,김주묵,유승준,9
제3대,노진설,박용익,8
제4대,송원영,최규옥,8
제2대,정재환,조봉암,8
제4대,김용후,정대천,8
제3대,정성태,최용근,8
제4대,김상도,진석중,8
제4대,김병주,김재위,8
제3대,김영주,박영종,8
제3대,윤보선,조경규,8
제3대,곽상훈,김성호,8
제4대,강명현,박병배,8
제3대,김준환,유옥우,8
제4대,박병배,박원석,8
제헌,김광준,서우석,8
제헌,김도연,이진수,8
제4대,김선기,류청,8
제헌,김우식,조영규,8
제4대,김두진,허윤수,8
제4대,류청,장석윤,8
제3대,정성태,천병규,8
제헌,김경배,이진수,8
제4대,구흥남,조병옥,8
제헌,노일환,정준,8
제4대,정중섭,황성수,8
제2대,신익희,조정환,8
제4대,윤태은,정성태,8
제4대,신영주,정재설,8
제3대,류진산,최순주,8
제4대,이호상,황숙현,8
제4대,이원장,한옥신,8
제3대,박해정,송인상,8
제4대,박만원,손창환,8
제4대,이익흥,이철승,8
제4대,서임수,정재완,8
제3대,박영종,윤형남,8
제2대,신익희,윤영선,8
제4대,이필호,최경남,8
제4대,나판수,장낙중,8
제헌,이종현,이진수,8
제3대,김보영,조경규,8
제헌,나용균,이성학,8
제2대,민복기,조봉암,8
제4대,김학준,윤용길,8
제4대,박병배,이필호,8
제헌,김동원,송창식,8
제2대,윤치영,장택상,8
제4대,김현철,이재형,8
제4대,민한식,이형모,8
제4대,이태용,최용근,8
제2대,우문,윤치영,8
제3대,박해정,이열모,8
제4대,진형하,홍진기,8
제3대,문봉제,송방용,8
제2대,신익희,정재설,8
제4대,이영희,임철호,8
제4대,윤제술,정의택,8
제3대,이태용,임철호,8
제4대,이남신,허윤수,8
제3대,김판술,황성수,8
제4대,이재학,정성태,8
제헌,문시환,서상일,8
제4대,김상도,황숙현,8
제4대,김효창,이정휴,8
제3대,김도연,박만원,8
제헌,유진홍,홍성하,8
제헌,김동원,김종선,8
제헌,신익희,최창섭,8
제헌,박해정,윤치영,8
제헌,백관수,서용길,8
제4대,이정휴,조래운,8
제4대,김준연,이재학,8
제4대,류진산,이성주,8
제4대,신규식,황숙현,8
제헌,남궁현,신익희,8
제헌,김인식,정준,8
제헌,김종선,이진수,8
제3대,김일환,박영종,8
제2대,권태욱,윤치영,8
제헌,백관수,조헌영,8
제4대,김정열,하태환,8
제2대,신익희,이도영,8
제헌,이문원,황윤호,8
제3대,곽상훈,곽의영,8
제4대,손재형,홍병각,8
제3대,박흥규,소선규,8
제3대,변영태,양일동,8
제4대,정규상,최석림,8
제4대,이재학,이종수,8
제3대,조순,조영규,8
제3대,백남식,인태식,8
제3대,인태식,황성수,8
제3대,이철승,정긍모,8
제3대,김일환,소선규,8
제4대,박덕영,하태환,8
제4대,이익흥,이재학,8
제헌,김광준,조헌영,8
제헌,유진홍,정준,8
제3대,박세경,조병문,8
제4대,이재학,정존수,8
제4대,김정환,이영희,8
제3대,정상열,조경규,8
제헌,이승만,차윤홍,8
제3대,김달호,조정환,8
제3대,신정호,양영주,8
제2대,윤담,조봉암,8
제4대,김학준,정한주,8
제헌,김종선,윤치영,8
제4대,김선태,정중섭,8
제2대,손원일,조봉암,8
제3대,유봉순,황성수,8
제3대,박재홍,최순주,8
제4대,이수용,이필호,8
제3대,백한성,조경규,8
제4대,구용서,조영규,8
제4대,원용석,임철호,8
제4대,서정귀,이재학,8
제4대,신언한,진형하,8
제2대,이시목,조봉암,8
제3대,곽상훈,김원태,8
제4대,김원태,김장섭,8
제4대,류순식,이영희,8
제3대,함두영,황성수,8
제4대,김원만,조일환,8
제헌,권승렬,김동원,8
제4대,류청,민장식,8
제4대,민한식,박순석,8
제4대,박찬현,임철호,8
제4대,신규식,함성용,8
제4대,김상도,주금용,8
제3대,김철안,송방용,8
제4대,신규식,윤병구,8
제3대,곽상훈,김상도,8
제4대,김선기,윤제술,8
제3대,송방용,이중재,8
제3대,전진한,조경규,8
제4대,김일환,송원영,8
제4대,박병배,유재흥,8
제2대,강경옥,장택상,8
제4대,윤택중,최재유,8
제4대,안용대,이재학,8
제헌,강기문,신익희,8
제4대,김송환,김재곤,8
제3대,김영찬,변진갑,8
제3대,구용서,정상열,8
제헌,서상일,신광균,8
제2대,장건상,조봉암,8
제3대,문봉제,박영종,8
제헌,윤병구,이진수,8
제3대,이재학,최병국,8
제3대,이철승,한동석,8
제4대,김두진,박만원,8
제헌,노일환,이진수,8
제3대,이열모,정세환,8
제3대,김현철,박만원,8
제헌,조헌영,황호현,8
제2대,윤치영,황호현,8
제2대,김동성,백남식,8
제4대,류진산,이상용,8
제3대,김병구,박영종,8
제헌,김수선,조헌영,8
제2대,신익희,최재유,8
제헌,서상일,황두연,8
제4대,고담용,김일환,8
제4대,이재학,전성천,8
제3대,육완국,이충환,8
제헌,박순석,정준,8
제4대,윤우경,장석윤,8
제4대,김현철,정규상,8
제4대,손석두,홍봉진,8
제헌,조종승,조헌영,8
제3대,박영종,변영태,8
제4대,서범석,조인구,8
제3대,이충환,조정환,8
제2대,신익희,이순용,8
제4대,김상도,이양수,8
제헌,김옥주,박윤원,8
제4대,김현철,이종남,8
제4대,권중돈,원용덕,8
제3대,박영종,이익흥,8
제4대,나판수,조호갑,8
제4대,서범석,전창희,8
제3대,이정희,황성수,8
제헌,김동원,이종린,8
제3대,김윤기,이기붕,8
제2대,신익희,최주일,8
제헌,이석주,이진수,8
제4대,박순석,이상용,8
제4대,구흥남,김원규,8
제4대,김일환,한희석,8
제4대,김두진,박상길,8
제2대,신익희,이범승,8
제헌,서우석,신성균,8
제2대,장택상,정일형,8
제헌,김동원,정구흥,8
제4대,김현철,이형모,8
제4대,문종두,최규옥,8
제4대,양일동,윤우경,8
제4대,김원만,임철호,8
제3대,권택상,정성태,8
제4대,박순석,임철호,8
제4대,김선태,장경근,8
제4대,엄상섭,정존수,8
제4대,유승준,한희석,8
제헌,조국현,진헌식,8
제3대,이치영,이형모,8
제3대,구흥남,황성수,8
제헌,김윤근,윤치영,8
제3대,강세형,최순주,8
제4대,박충훈,우희창,8
제헌,장홍염,지대형,8
제4대,민병기,한희석,8
제4대,윤재근,이태용,8
제3대,이충환,한성수,8
제4대,권복인,양일동,8
제4대,하태환,한광석,8
제헌,신익희,최헌길,8
제4대,권중돈,류지원,8
제3대,박용익,이호,8
제3대,이정희,최순주,8
제4대,권중돈,박병배,8
제4대,김학준,심상대,8
제3대,박용익,이형진,8
제4대,김장섭,유옥우,8
제3대,박용익,이종림,8
제4대,이만우,한희석,8
제4대,김치은,이은태,8
제4대,박병배,조인구,8
제4대,구용서,오위영,8
제3대,박해정,양일동,8
제3대,손권배,조경규,8
제2대,곽태진,조봉암,8
제4대,박만원,신현확,8
제4대,김재곤,서범석,8
제4대,김현철,한희석,8
제헌,백남채,유진홍,8
제헌,김준연,지대형,8
제헌,배헌,신익희,8
제4대,박상길,이종수,8
제4대,곽의영,윤태은,8
제3대,손문경,조경규,8
제4대,김태동,이형모,8
제4대,김상도,조재천,8
제헌,유진오,최운교,8
제4대,이종수,최규옥,8
제4대,이형모,정재설,8
제헌,김웅진,신성균,8
제헌,김도연,이승만,8
제4대,김두진,김법린,8
제3대,김기철,조경규,8
제4대,김주묵,한희석,8
제3대,김준환,정해영,8
제4대,강영훈,유용식,8
제4대,유봉순,최용근,8
제3대,천병규,황성수,8
제4대,이재학,황호현,8
제4대,김도연,정남택,8
제3대,김도연,이종수,8
제4대,김두진,김재곤,8
제3대,김동욱,한동석,8
제헌,권태희,이진수,8
제3대,김정열,유옥우,8
제4대,김상도,홍승업,8
제헌,이승만,이원홍,8
제4대,이태용,최정우,8
제3대,이성주,조경규,8
제헌,신익희,한석범,8
제4대,안균섭,이사형,8
제4대,김재곤,천병규,8
제4대,계광순,이영언,8
제3대,이철승,정운갑,8
제3대,박흥규,이재학,8
제3대,변정규,송방용,8
제헌,이진수,홍희종,8
제4대,김창우,오표,8
제4대,박철웅,최인규,8
제4대,서정귀,이응준,8
제3대,백남식,이재학,8
제헌,박우경,서상일,8
제헌,조국현,조영규,8
제2대,박성하,장택상,8
제4대,김선태,황응수,8
제헌,김약수,김익기,8
제4대,김선우,김의택,8
제4대,류근창,조일재,8
제헌,이승만,이주형,8
제4대,권오종,정성태,8
제헌,홍성하,홍희종,8
제3대,강경옥,황성수,8
제4대,변진갑,한희석,8
제4대,서상준,이기붕,8
제헌,나용균,윤길중,8
제4대,유용식,이사형,8
제4대,김대식,유용식,8
제헌,신성균,조헌영,8
제2대,박영출,이진수,8
제헌,권승열,김약수,8
제2대,이상철,장택상,8
제4대,김용진,손문경,8
제3대,윤성순,이기붕,8
제4대,김의준,신언한,8
제4대,김원규,황정철,8
제4대,김형대,황성수,8
제3대,박종길,손원일,8
제헌,박순석,조헌영,8
제3대,신의식,이기붕,8
제4대,이강학,이상용,8
제헌,김문평,윤치영,8
제헌,서상일,최운교,8
제4대,정재설,최용근,8
제4대,김원규,정영기,8
제4대,류지원,오재영,8
제3대,송방용,윤일상,8
제헌,박해극,이진수,8
제4대,박흥규,정준모,8
제2대,이순용,장택상,8
제3대,이철승,임철호,8
제2대,정준모,조봉암,8
제3대,윤형남,인태식,8
제4대,김두진,최규하,8
제4대,김용후,나판수,8
제3대,민관식,이재학,8
제3대,백남식,신각휴,8
제3대,곽상훈,이종림,8
제헌,윤치영,한석범,8
제2대,신익희,이상철,8
제4대,엄상섭,유기수,8
제2대,박종만,신익희,8
제4대,권성기,김재곤,8
제4대,문종두,조정환,8
제4대,신영주,양일동,8
제2대,이진수,임영신,8
제4대,권찬주,박흥규,8
제3대,장경근,현석호,8
제헌,신현돈,이승만,8
제3대,김용우,양일동,8
제3대,김종신,오재경,8
제3대,김의택,이재학,8
제4대,윤제술,한희석,8
제2대,박종만,조봉암,8
제2대,장기영,장택상,8
제4대,김진만,박상운,8
제4대,안용백,전성천,8
제4대,이회근,조순,8
제4대,강영훈,곽근호,8
제4대,박상길,유성권,8
제헌,김동원,윤재근,8
제3대,김일환,이재학,8
제헌,신익희,이윤영,8
제2대,윤치영,최원호,8
제헌,박우경,최운교,8
제4대,박덕영,유용식,8
제4대,박충훈,최병권,8
제3대,이기붕,정중섭,8
제2대,김종회,윤치영,8
제헌,김동원,황윤호,8
제3대,이우줄,조경규,8
제3대,조경규,최규남,8
제4대,윤우경,홍봉진,8
제2대,신익희,황호현,8
제4대,손도심,이용운,8
제3대,박영종,최세황,8
제4대,김원만,이재학,8
제3대,김재곤,이재학,8
제4대,이종남,최재섭,8
제헌,김동원,김익로,8
제2대,여운홍,장택상,8
제3대,윤인상,이태용,8
제4대,신현확,임철호,8
제4대,김학준,신용권,8
제3대,양일동,이철승,8
제3대,손창환,정상열,8
제4대,김장섭,임차주,8
제4대,김동조,이재학,8
제4대,김원규,오범수,8
제헌,이진수,홍순옥,8
제3대,문봉제,소선규,8
제3대,이형모,천병규,8
제4대,김주묵,최창섭,8
제4대,명재억,유옥우,8
제헌,김동원,조규갑,8
제4대,김일환,정명섭,8
제3대,김성복,민관식,8
제4대,박충훈,서임수,8
제4대,김법린,김형돈,8
제헌,나용균,지대형,8
제3대,민영남,이기붕,8
제2대,박철웅,윤치영,8
제4대,김종철,손석두,8
제3대,박정근,정해영,8
제2대,공진항,조봉암,8
제3대,곽상훈,김익기,8
제2대,김용택,신익희,8
제4대,이형모,최인규,8
제3대,변진갑,조순,8
제4대,이재학,홍병각,8
제헌,김철,윤치영,8
제헌,정광호,조헌영,8
제4대,이강학,장택상,8
제3대,송방용,이봉희,7
제3대,신의식,염우량,7
제4대,이상용,정중섭,7
제3대,김의준,김종신,7
제2대,권중돈,윤치영,7
제헌,정해준,조헌영,7
제4대,정명섭,최희송,7
제3대,박정근,정상열,7
제헌,조국현,조종승,7
제2대,신익희,장석윤,7
제3대,김종규,최순주,7
제3대,이철승,현석호,7
제4대,손재형,안용백,7
제2대,신광균,장택상,7
제헌,신익희,오택렬,7
제헌,오용국,이석주,7
제3대,윤형남,이근직,7
제4대,김종철,송인상,7
제4대,송인상,조영규,7
제3대,이광,이충환,7
제헌,김우식,신상학,7
제4대,진형하,한근조,7
제2대,신태영,윤치영,7
제2대,박제환,신익희,7
제3대,송우범,윤재욱,7
제3대,곽상훈,이존화,7
제3대,김원태,양일동,7
제헌,김웅진,노일환,7
제헌,신성균,정준,7
제4대,엄상섭,이영희,7
제4대,김두진,송요찬,7
제3대,이영희,최순주,7
제4대,서상준,정재완,7
제4대,이태용,이호진,7
제헌,김동원,오택렬,7
제3대,김한기,박정근,7
제4대,유용식,이용운,7
제4대,유영준,유용식,7
제헌,김경배,김동원,7
제헌,윤치영,장면,7
제4대,권성기,김응주,7
제3대,인태식,최용근,7
제4대,윤재근,하태환,7
제4대,임문석,황응수,7
제헌,이진수,임영신,7
제4대,민장식,최응복,7
제3대,정일형,최순주,7
제헌,김동원,장택상,7
제4대,정명섭,조응천,7
제4대,김봉준,황호현,7
제3대,이태용,조정환,7
제헌,이성학,이영준,7
제4대,강영훈,박만원,7
제4대,박세경,홍진기,7
제헌,이주형,조헌영,7
제헌,서우석,정광호,7
제3대,백남식,정재완,7
제헌,이구수,조국현,7
제4대,김규만,변진갑,7
제4대,양일동,오임근,7
제4대,김도연,송인상,7
제2대,장택상,홍헌표,7
제헌,김동원,정균식,7
제4대,최창섭,한희석,7
제헌,박해정,조국현,7
제헌,윤석구,윤치영,7
제2대,김광준,엄상섭,7
제4대,조일재,한광석,7
제3대,이석기,장경근,7
제3대,김원태,유옥우,7
제3대,김춘호,박영종,7
제헌,윤치영,최봉식,7
제4대,김두진,류청,7
제헌,오용국,윤치영,7
제4대,이상현,이영희,7
제4대,이영희,조광희,7
제헌,김수선,이영준,7
제헌,신광균,홍성하,7
제4대,김두진,김병윤,7
제헌,나용균,조헌영,7
제2대,김익기,장택상,7
제4대,김동욱,하태환,7
제헌,김광준,노일환,7
제4대,임철호,정문흠,7
제헌,조한백,홍성하,7
제4대,박용익,조순,7
제4대,서상준,정홍섭,7
제4대,박철재,이존화,7
제4대,엄상섭,조재천,7
제헌,김약수,서성달,7
제4대,정중섭,최인규,7
제3대,송방용,이열모,7
제헌,강선명,김약수,7
제4대,안용대,한희석,7
제헌,김약수,이영준,7
제헌,강욱중,나용균,7
제헌,김약수,박상영,7
제헌,백관수,이정래,7
제3대,유봉순,하을춘,7
제4대,안정근,이갑식,7
제4대,김원만,김의창,7
제3대,김정열,임흥순,7
제4대,류진산,이강학,7
제헌,신성균,윤치영,7
제헌,신익희,이종현,7
제3대,김선태,박영종,7
제4대,신규식,정남규,7
제3대,박영종,박정근,7
제4대,송요찬,유영준,7
제헌,이승만,황두연,7
제4대,박세경,정존수,7
제3대,변영태,이철승,7
제4대,나판수,이종시,7
제3대,민관식,한동석,7
제3대,김형덕,조경규,7
제4대,신현확,오범수,7
제헌,신익희,원용한,7
제3대,김성삼,이기붕,7
제4대,이동근,이종수,7
제2대,장택상,최창순,7
제4대,손석두,이재학,7
제3대,신용욱,조경규,7
제3대,송경섭,송방용,7
제헌,안호상,이영준,7
제4대,권성기,정남택,7
제4대,신규식,허윤수,7
제헌,권승열,황두연,7
제3대,양일동,정운갑,7
제4대,김석진,박만원,7
제2대,유승준,장택상,7
제4대,김재곤,박용록,7
제4대,김두일,박만원,7
제3대,김의택,박영종,7
제헌,신익희,최봉식,7
제헌,김웅진,윤병구,7
제헌,박우경,홍성하,7
제3대,김기철,이충환,7
제3대,김영선,이기붕,7
제4대,이정용,임문석,7
제4대,김공평,박병배,7
제3대,원용석,이철승,7
제3대,박세경,황성수,7
제3대,김동조,정일형,7
제4대,김상도,최원구,7
제2대,고영완,신익희,7
제4대,박철웅,신두영,7
제3대,박종길,박흥규,7
제2대,구을회,신익희,7
제4대,이영언,조일환,7
제3대,장택상,최순주,7
제4대,김영준,신규식,7
제3대,김치영,백남식,7
제4대,구태회,손석두,7
제헌,정준,조헌영,7
제헌,김철,배중혁,7
제4대,유옥우,윤용구,7
제헌,김옥주,서용길,7
제4대,이철승,한광석,7
제4대,정명섭,지창하,7
제헌,이재형,장홍염,7
제헌,김효석,윤치영,7
제4대,김송환,조일환,7
제4대,박병배,이경춘,7
제헌,서우석,유진홍,7
제3대,이중재,최순주,7
제4대,오재경,이형모,7
제헌,김동원,송진백,7
제3대,정해영,조경규,7
제3대,김병윤,변진갑,7
제3대,이기붕,정상열,7
제3대,송방용,한성수,7
제2대,장택상,조진만,7
제3대,박세경,송방용,7
제4대,김훈,하태환,7
제3대,남송학,정명섭,7
제4대,김영찬,이갑식,7
제4대,김현철,손석두,7
제3대,박흥규,이종림,7
제3대,구용서,유옥우,7
제2대,김용화,조봉암,7
제3대,박도언,이충환,7
제2대,이재학,장택상,7
제4대,변진갑,홍순희,7
제헌,이문원,이종현,7
제4대,유기수,이재학,7
제헌,이성학,정준,7
제헌,김용재,정준,7
제헌,김웅진,이원홍,7
제헌,김약수,장택상,7
제2대,김인선,장택상,7
제4대,박창화,임차주,7
제4대,신영주,유영준,7
제4대,유성권,조일재,7
제4대,김상도,김선태,7
제헌,김약수,전규홍,7
제4대,유성권,최인규,7
제헌,이주형,지대형,7
제4대,윤제술,이재학,7
제4대,김병윤,허윤수,7
제3대,김종신,백남식,7
제4대,김현철,조한백,7
제헌,김옥주,정준,7
제3대,김종신,이기붕,7
제3대,구용서,송방용,7
제3대,박영종,유옥우,7
제헌,이석주,조국현,7
제3대,곽의영,이충환,7
제4대,강영훈,유영준,7
제4대,류지원,이사형,7
제2대,정문흠,조봉암,7
제4대,조순,최용근,7
제4대,이재학,정문흠,7
제헌,김명동,이승만,7
제3대,우만형,유봉순,7
제2대,이춘기,장택상,7
제헌,이영준,허영호,7
제4대,변진갑,정남규,7
제4대,정의택,황호현,7
제4대,원용석,정영기,7
제3대,박영종,최갑환,7
제4대,정중섭,정홍섭,7
제헌,이문원,조한백,7
제3대,곽상훈,정일형,7
제3대,강경옥,이기붕,7
제3대,김종규,박용익,7
제4대,류순식,정중섭,7
제헌,윤치영,조규갑,7
제헌,김옥주,이문원,7
제헌,이주형,장병만,7
제헌,장홍염,조봉암,7
제헌,송진백,윤치영,7
제헌,김용재,김웅진,7
제4대,송요찬,홍범희,7
제4대,최재유,황호현,7
제4대,김정렬,홍범희,7
제3대,박용익,최하영,7
제4대,김두진,김현철,7
제4대,김상도,장병균,7
제헌,조영규,지대형,7
제3대,한동석,현석호,7
제3대,안정근,정해영,7
제4대,오범수,오재경,7
제4대,류순식,이만호,7
제헌,김웅진,최운교,7
제4대,박병배,장덕창,7
제헌,김중기,조봉암,7
제4대,이상용,주병환,7
제4대,김주묵,정명섭,7
제2대,엄상섭,이재형,7
제4대,임철호,홍진기,7
제4대,엄상섭,이호진,7
제2대,윤치영,최원수,7
제헌,장병만,조영규,7
제헌,김유택,윤치영,7
제4대,김동조,박흥규,7
제3대,김정열,황성수,7
제3대,송방용,이형진,7
제4대,이재학,정운갑,7
제헌,신익희,이청천,7
제2대,구을회,윤치영,7
제헌,서정희,이승만,7
제3대,곽상훈,신익희,7
제4대,김원태,이옥동,7
제3대,민영남,박흥규,7
제3대,이중재,이태용,7
제3대,조병문,최순주,7
제3대,곽상훈,임흥순,7
제3대,양일동,이중재,7
제4대,서임수,우희창,7
제헌,김동원,원용한,7
제3대,송우범,최병권,7
제3대,류진산,조순,7
제4대,김훈,이재학,7
제4대,강용옥,정남택,7
제헌,이정래,조국현,7
제4대,김용후,홍길선,7
제헌,박기운,박우경,7
제2대,강창용,윤치영,7
제4대,류지원,안균섭,7
제2대,장택상,황병규,7
제헌,김교현,윤치영,7
제4대,권택상,유승준,7
제3대,강세형,조병옥,7
제4대,김원전,오범수,7
제헌,김봉조,이진수,7
제3대,박영종,정준,7
제3대,김수선,이기붕,7
제3대,박정근,이형모,7
제헌,박해정,이진수,7
제헌,김상돈,정준,7
제4대,박충모,손문경,7
제4대,김무신,홍승업,7
제4대,김선태,윤명운,7
제헌,강기문,윤치영,7
제4대,김병윤,배성기,7
제헌,김상순,신익희,7
제3대,이태용,인태식,7
제4대,손석두,이용범,7
제헌,조국현,조한백,7
제헌,신성균,장병만,7
제2대,박순천,신익희,7
제헌,김약수,이석,7
제3대,박만원,소선규,7
제헌,박해정,조헌영,7
제2대,신익희,홍헌표,7
제3대,이재학,정존수,7
제3대,김종신,민관식,7
제헌,신상학,조국현,7
제4대,류지원,이필호,7
제4대,류순식,윤명운,7
제3대,김달호,박흥규,7
제4대,송인상,조병옥,7
제3대,김영선,박만원,7
제4대,박상길,정명섭,7
제3대,민관식,박흥규,7
제3대,양영주,조정환,7
제4대,김무신,이종남,7
제헌,이남규,이승만,7
제헌,이종현,조한백,7
제3대,곽상훈,김동욱,7
제4대,이강학,최인규,7
제3대,박만원,서극형,7
제3대,김두진,박흥규,7
제3대,유옥우,정상열,7
제헌,서상일,진헌식,7
제3대,박종만,이기붕,7
제4대,곽의영,문종두,7
제헌,김광준,조국현,7
제4대,박해정,안용대,7
제4대,김두일,김선태,7
제헌,이주형,홍성하,7
제4대,민관식,최용근,7
제4대,권중돈,이필호,7
제4대,나판수,조순,7
제헌,김상돈,서용길,7
제3대,곽상훈,윤치영,7
제4대,서일교,엄상섭,7
제4대,김종대,박찬현,7
제3대,박순석,백남식,7
제4대,손문경,정준모,7
제3대,박용익,오재경,7
제2대,박정근,조정환,7
제3대,이기붕,이병홍,7
제4대,김인권,윤용구,7
제3대,박영종,신행용,7
제4대,박흥규,홍병각,7
제헌,김동원,최규옥,7
제헌,김상덕,최운교,7
제4대,이한빈,정명섭,7
제3대,변정규,이충환,7
제헌,신성모,윤치영,7
제3대,신정호,최규남,7
제4대,나판수,장병균,7
제헌,김동원,이종순,7
제4대,부산병기,이철승,7
제헌,김웅진,황두연,7
제헌,정광호,조영규,7
제3대,곽상훈,정명섭,7
제4대,김현철,박만원,7
제4대,안균섭,홍범희,7
제3대,정해영,조용순,7
제3대,남송학,이충환,7
제헌,김약수,서정희,7
제4대,박용익,박흥규,7
제4대,민관식,최병용,7
제3대,박영종,박철재,7
제4대,신규식,조종호,7
제4대,엄요섭,윤택중,7
제헌,김웅진,이정래,7
제3대,손원일,이충환,7
제4대,이영준,이존화,7
제3대,김원태,박영종,7
제4대,김원태,김의택,7
제3대,함두영,현석호,7
제3대,강세형,곽상훈,7
제3대,김홍식,황성수,7
제3대,김현철,박해정,7
제4대,박상길,이응준,7
제4대,양일동,이종남,7
제3대,김용우,정해영,7
제헌,장병만,조한백,7
제헌,백관수,조병한,7
제헌,권승열,신익희,7
제헌,강욱중,박해정,7
제헌,박순석,황호현,7
제4대,이성주,이천승,7
제3대,민영남,인태식,7
제4대,김용진,윤명운,7
제헌,김약수,장희창,7
제헌,서상일,정광호,7
제4대,김정근,이영희,7
제4대,나판수,서범석,7
제3대,이철승,정상열,7
제3대,곽상훈,신의식,7
제3대,김정렬,이재학,7
제헌,김약수,김철,7
제4대,김현철,문종두,7
제2대,김익로,장택상,7
제3대,박영종,박재홍,7
제4대,구태회,권택상,7
제4대,민관식,민병기,6
제4대,박만원,최하영,6
제3대,나희집,박흥규,6
제4대,김두진,오범수,6
제헌,김철,이진수,6
제3대,이순용,정해영,6
제4대,박흥규,신두영,6
제4대,이은태,정상숙,6
제3대,백남식,황경수,6
제헌,강선명,김광준,6
제3대,박흥규,조만종,6
제2대,신익희,최원수,6
제3대,김현철,정상열,6
제4대,오임근,윤용구,6
제헌,유진홍,조헌영,6
제3대,소선규,조만종,6
제4대,김인권,박창화,6
제3대,민관식,이철승,6
제4대,서범석,유기수,6
제4대,서정귀,임철호,6
제2대,임영신,장택상,6
제3대,전상요,조경규,6
제헌,박순석,윤병구,6
제2대,이종영,지청천,6
제3대,신두영,이철승,6
제4대,김재위,이상훈,6
제4대,이사형,이철승,6
제4대,김창우,손문경,6
제4대,류진산,유봉순,6
제2대,장택상,정재완,6
제3대,도진희,최순주,6
제4대,김선태,조재천,6
제4대,이종남,조인구,6
제2대,김용우,전진한,6
제3대,김판술,최순주,6
제3대,최순주,황남팔,6
제헌,윤병구,조영규,6
제3대,남송학,박영종,6
제4대,곽의영,박만원,6
제3대,이형모,정운갑,6
제헌,박윤원,지대형,6
제4대,윤택중,정의필,6
제3대,정규상,최순주,6
제2대,김문용,조봉암,6
제3대,김익로,이재학,6
제4대,송인상,최용근,6
제헌,서상일,이정래,6
제4대,박종식,이성주,6
제3대,김영선,신행용,6
제2대,서이환,지청천,6
제3대,민관식,오림근,6
제헌,김동원,홍범희,6
제헌,김도연,김병회,6
제3대,백남식,이영섭,6
제헌,김철,이호석,6
제2대,신익희,홍익표,6
제4대,윤성순,한희석,6
제3대,이중재,장택상,6
제4대,양일동,최정우,6
제헌,이석주,이성학,6
제헌,박해정,이승만,6
제3대,김의택,박용익,6
제헌,김동원,백남채,6
제2대,조봉암,조중서,6
제헌,백관수,서우석,6
제헌,김경배,최운교,6
제3대,김일환,박흥규,6
제4대,이원장,전형산,6
제헌,김약수,박준,6
제3대,김동욱,이재학,6
제4대,손영수,이학만,6
제헌,성낙서,신익희,6
제헌,김동원,최창섭,6
제3대,성원경,이재학,6
제헌,김봉두,신익희,6
제헌,김약수,박우경,6
제4대,김정렬,박충모,6
제4대,김종철,박해정,6
제2대,김법린,윤치영,6
제4대,류지원,박동균,6
제4대,구용서,이재학,6
제헌,강욱중,박찬현,6
제4대,강용옥,김원규,6
제4대,박영교,이종수,6
제헌,신익희,윤길중,6
제4대,오임근,홍봉진,6
제헌,박상영,이진수,6
제4대,조광희,한희석,6
제4대,김원만,송인상,6
제4대,서범석,최인규,6
제4대,배성기,윤용구,6
제헌,김약수,최용덕,6
제4대,류청,정의택,6
제헌,이재학,이진수,6
제3대,이치영,정해영,6
제3대,문봉제,이재학,6
제4대,신영주,한광석,6
제3대,임철호,함두영,6
제헌,이승만,전진한,6
제3대,유옥우,임철호,6
제헌,김옥주,김철,6
제4대,송인상,정재완,6
제헌,곽상훈,조헌영,6
제4대,김원만,정존수,6
제4대,나판수,최세황,6
제헌,정구흥,홍희종,6
제3대,최규남,황경수,6
제4대,윤택중,천병규,6
제헌,박순석,최헌길,6
제3대,김정열,이종수,6
제헌,박해정,최용덕,6
제헌,신익희,표현태,6
제4대,김용진,김인권,6
제4대,나판수,한희석,6
제3대,곽상훈,최갑환,6
제4대,정남택,최인규,6
제헌,김옥주,서우석,6
제헌,김약수,김장렬,6
제헌,김교중,윤치영,6
제2대,노진설,신익희,6
제4대,김상도,김장섭,6
제4대,강영훈,권중돈,6
제2대,김용화,윤치영,6
제4대,나판수,정한주,6
제3대,신행용,이호,6
제4대,윤명운,정중섭,6
제4대,김도연,이재학,6
제헌,김동원,박종남,6
제4대,신정강,황성수,6
제헌,노일환,이구수,6
제3대,구용서,이충환,6
제3대,박도언,윤형남,6
제3대,김형근,박흥규,6
제3대,박기운,이기붕,6
제3대,곽상훈,정갑주,6
제4대,나판수,이영준,6
제4대,권중돈,박덕영,6
제3대,구용서,이철승,6
제3대,윤치영,황성수,6
제3대,정해영,최순주,6
제3대,곽상훈,김용택,6
제헌,박찬현,홍성하,6
제4대,김두진,안균섭,6
제4대,윤성순,이재학,6
제헌,김옥주,유진홍,6
제2대,서상환,조봉암,6
제헌,윤치영,이상돈,6
제4대,배성기,임차주,6
제헌,이성득,이정래,6
제4대,김두진,유용식,6
제4대,구용서,홍승업,6
제4대,유옥우,천병규,6
제4대,안균섭,우희창,6
제헌,박찬현,최운교,6
제헌,김동원,현영익,6
제3대,최세황,황성수,6
제3대,민관식,황성수,6
제4대,권택상,원용석,6
제헌,김교현,유진오,6
제헌,서순영,이승만,6
제4대,정재완,최재유,6
제3대,민관식,이선근,6
제4대,박용익,최정우,6
제3대,김대식,송우범,6
제3대,김원태,신태권,6
제헌,이인,조헌영,6
제3대,곽상훈,한동석,6
제2대,곽의영,김정식,6
제4대,김병윤,나판수,6
제4대,한광석,한희석,6
제4대,이철승,이필호,6
제4대,엄상섭,이태용,6
제3대,박순석,정문흠,6
제2대,김윤근,신익희,6
제4대,신영주,이필호,6
제4대,권오종,송원영,6
제4대,김선태,이양수,6
제3대,신도성,조경규,6
제헌,김광준,정도영,6
제4대,서상준,주요한,6
제4대,양일동,이기붕,6
제헌,김약수,이재학,6
제3대,김두진,박용익,6
제4대,김병윤,이형모,6
제3대,박정근,임철호,6
제3대,김의창,이기붕,6
제헌,권승열,조헌영,6
제4대,이용범,임철호,6
제3대,곽상훈,박흥규,6
제3대,김용우,송방용,6
제헌,김종선,박찬현,6
제2대,신용욱,장택상,6
제4대,박철웅,함성용,6
제2대,신익희,이수선,6
제헌,김광준,정준,6
제4대,이필호,최세황,6
제4대,임철호,허윤수,6
제3대,양일동,윤인상,6
제4대,김두진,김선기,6
제4대,김상돈,홍범희,6
제4대,한희석,홍병각,6
제4대,양일동,오위영,6
제3대,곽상훈,양영주,6
제헌,박해극,정준,6
제3대,구흥남,박흥규,6
제3대,박영종,정일형,6
제3대,권성기,이봉희,6
제3대,김의준,최순주,6
제헌,박순석,이성득,6
제3대,권택상,송방용,6
제4대,박세경,송인상,6
제3대,박세경,최순주,6
제4대,박찬현,박해정,6
제4대,진형하,황성수,6
제3대,이형모,조경규,6
제4대,조일재,조태준,6
제3대,김병윤,이재학,6
제2대,백한성,윤치영,6
제4대,박철웅,정영기,6
제4대,권종림,이병하,6
제3대,이형진,조경규,6
제헌,정준,황호현,6
제헌,박해극,황두연,6
제4대,이재학,이정휴,6
제3대,김두진,최순주,6
제3대,이태용,이형진,6
제3대,윤병호,황성수,6
제3대,김일환,김종신,6
제2대,신익희,장건상,6
제헌,김동원,이윤영,6
제4대,김원전,정남택,6
제4대,황성수,황응수,6
제4대,곽상훈,한희석,6
제3대,배응도,조경규,6
제4대,박세경,배영호,6
제3대,김두한,황성수,6
제헌,김준연,서용길,6
제헌,이승만,정도영,6
제헌,김약수,한석범,6
제3대,박만원,정상열,6
제헌,백남채,신익희,6
제4대,오범수,주요한,6
제헌,윤치영,이유선,6
제4대,김도연,주요한,6
제4대,서일교,황성수,6
제2대,임용순,장택상,6
제4대,김상도,조일재,6
제4대,신규식,조광희,6
제4대,이만우,현오봉,6
제헌,배중혁,이진수,6
제3대,안동준,이재학,6
제4대,김도연,정재완,6
제3대,박흥규,유완창,6
제헌,박순석,유진홍,6
제2대,박희현,백남식,6
제4대,박순석,정헌주,6
제3대,유옥우,최재유,6
제4대,김의창,홍병각,6
제3대,이기붕,이영섭,6
제3대,김동조,윤성순,6
제4대,권성기,조일환,6
제2대,김일환,윤치영,6
제4대,민병기,정헌주,6
제4대,이만호,이은태,6
제2대,신익희,이병홍,6
제4대,김정렬,안광호,6
제헌,김철,이범교,6
제2대,박순천,윤치영,6
제3대,곽상훈,민관식,6
제4대,윤명운,황성수,6
제4대,정재완,주요한,6
제3대,이재학,최재유,6
제4대,구태회,임철호,6
제3대,김종신,김철안,6
제3대,곽상훈,김두진,6
제4대,민병기,이재학,6
제헌,김웅진,이석주,6
제4대,곽의영,박영교,6
제4대,김상도,변재준,6
제4대,이갑식,한희석,6
제3대,서동진,황성수,6
제3대,김달호,박용익,6
제4대,유봉순,윤명운,6
제2대,업상섭,윤치영,6
제3대,김영찬,김종신,6
제헌,이진수,최헌길,6
제4대,이재학,최재유,6
제4대,유상근,최희송,6
제4대,서범석,한옥신,6
제헌,서용길,서우석,6
제3대,이재학,이형모,6
제4대,김선태,정상숙,6
제헌,강달수,신익희,6
제4대,박윤식,이병하,6
제4대,류지원,최병권,6
제3대,오재경,이철승,6
제4대,최인규,한희석,6
제3대,변정규,함두영,6
제헌,김약수,장경근,6
제3대,고광만,조경규,6
제4대,조일재,홍범희,6
제3대,김호식,이충환,6
제헌,신익희,이유선,6
제4대,국회의사,이성주,6
제3대,유완창,이기붕,6
제2대,갈홍기,신익희,6
제3대,윤형남,이종수,6
제2대,신익희,정재환,6
제4대,안용대,최용근,6
제3대,나희집,이태용,6
제3대,변진갑,최순주,6
제2대,윤치영,이상철,6
제4대,양일동,이회근,6
제4대,류순식,손석래,6
제4대,권병호,박덕영,6
제4대,명주덕,오표,6
제4대,이종남,조한백,6
제3대,정상열,정성태,6
제3대,곽상훈,신도성,6
제4대,김봉관,이영희,6
제3대,김의창,이재학,6
제4대,이상용,임흥순,6
제4대,이재학,조응천,6
제4대,김종철,박만원,6
제3대,신정호,조정환,6
제4대,류지원,박충모,6
제3대,김일환,이철승,6
제3대,백남식,신정호,6
제헌,이재학,홍성하,6
제3대,이철승,이형모,6
제4대,배성기,이남신,6
제4대,김원태,김진원,6
제4대,김상도,이만우,6
제4대,박건원,신영주,6
제헌,윤병구,홍성하,6
제헌,김영동,황호현,6
제4대,민관식,이재학,6
제4대,신현확,한희석,6
제헌,김철수,윤치영,6
제2대,김영선,장택상,6
제4대,구용서,박만원,6
제4대,강태호,손영수,6
제헌,이성학,조한백,6
제헌,김재학,장병만,6
제4대,변진갑,임철호,6
제4대,김학준,이근직,6
제3대,김한기,유옥우,6
제3대,정해영,현석호,6
제4대,박세경,윤형남,6
제2대,박술음,윤치영,6
제4대,권성기,박흥규,6
제3대,정명섭,최순주,6
제헌,김동원,신태익,6
제헌,조영규,최운교,6
제헌,김수선,윤병구,6
제3대,송방용,윤우경,6
제헌,박해극,조헌영,6
제4대,강지형,나판수,6
제4대,윤택중,최응복,6
제2대,장택상,정순조,6
제헌,김동원,조옥현,6
제4대,유봉순,한희석,6
제4대,김두진,진석중,6
제4대,송인상,하태환,6
제4대,윤택선,정성태,6
제4대,김재곤,제길윤,6
제4대,이상훈,정성태,6
제3대,권중돈,이재학,6
제4대,김상도,홍범희,6
제4대,김원규,정재완,6
제4대,장택상,최병환,6
제4대,김상도,김원태,6
제2대,윤치영,이석기,6
제2대,백낙준,장택상,6
제헌,노일환,이승만,6
제3대,김종신,최세황,6
제4대,구용서,김진만,6
제4대,권중돈,우희창,6
제4대,신정강,이은태,6
제4대,류지원,손문경,6
제헌,김익로,신익희,6
제3대,정해영,한동석,6
제4대,김희덕,류순식,6
제헌,신성균,조국현,6
제2대,신익희,이규갑,6
제4대,이재형,최용근,6
제2대,홍헌표,황병규,6
제헌,신익희,오기열,6
제4대,김현철,민관식,6
제헌,신성균,이원홍,6
제헌,오택관,이진수,6
제2대,윤치영,이한창,6
제헌,윤치영,황병규,6
제3대,김치영,송방용,6
제4대,김선태,한근조,6
제4대,문봉제,서정귀,6
제헌,서우석,조헌영,6
제4대,신현확,양일동,6
제2대,김인태,장택상,6
제4대,송인상,윤형남,6
제4대,이성주,정헌주,6
제헌,서상일,이진수,6
제2대,엄상섭,한국원,6
제3대,김성복,김의택,6
제3대,문봉제,박종길,6
제3대,송방용,오영재,6
제2대,조봉암,조정훈,6
제헌,권태희,김웅진,6
제4대,윤명운,이갑도,6
제2대,신익희,안동혁,6
제헌,김중기,조국현,6
제4대,류홍,손석두,6
제4대,장택상,한희석,6
제4대,박병배,서범석,6
제헌,이주형,이진수,6
제헌,조한백,홍희종,6
제4대,박만원,이성주,6
제4대,유봉순,조영규,6
제헌,조봉암,조헌영,6
제3대,김철안,이재학,6
제4대,이상용,최희송,6
제3대,신태권,이기붕,6
제4대,류지원,손도심,6
제헌,배중혁,신성균,6
제2대,김석관,박철웅,6
제4대,양일동,정중섭,6
제3대,이남신,조만종,6
제3대,곽상훈,김도연,6
제2대,신용욱,윤치영,6
제3대,박영종,이열모,6
제헌,김웅진,박순석,6
제4대,김선우,최병권,6
제헌,신성균,홍성하,6
제3대,김일환,조영규,6
제헌,김동원,배헌,6
제헌,이종순,이진수,6
제3대,이재학,황경수,6
제4대,송인상,이철승,6
제4대,구철회,정명섭,6
제3대,김정열,송우범,6
제2대,김동성,박희현,6
제2대,이교선,장택상,6
제2대,조대연,조봉암,6
제3대,강승구,문봉제,6
제3대,김정렬,송방용,6
제4대,오임근,조한백,6
제4대,박덕영,이원장,6
제4대,이재학,이존화,6
제4대,박흥규,한성수,6
제3대,김달호,송방용,6
제2대,엄병학,장택상,6
제헌,이승만,이항발,6
제4대,최용근,홍진기,6
제3대,김만기,박흥규,6
제3대,나희집,최순주,6
제2대,장택상,조순,6
제헌,김영기,김옥주,6
제4대,류진산,이성우,6
제헌,강욱중,김옥주,6
제4대,권택상,서범석,6
제4대,이동근,정성태,6
제4대,유승준,이재학,6
제3대,김석호,조경규,6
제4대,이상용,최병환,6
제2대,신익희,조순,6
제4대,송인상,이종수,6
제2대,여운홍,윤치영,6
제3대,박세경,박용익,6
제4대,윤담,하태환,6
제3대,임차주,조경규,6
제헌,배중혁,조헌영,6
제2대,안동혁,윤치영,6
제헌,권승열,김동원,6
제2대,백남식,임문환,6
제4대,김의창,박철웅,6
제헌,김웅진,진헌식,6
제3대,최순주,한동석,6
제헌,김웅진,정준,6
제4대,손도심,최진복,6
제4대,구흥남,오범수,6
제2대,손원일,윤치영,6
제2대,윤영선,장택상,6
제4대,구흥남,정남택,6
제3대,정운갑,조만종,6
제4대,서범석,윤명운,6
제3대,박순석,송방용,6
제4대,이재학,조일환,6
제4대,문봉제,윤명운,6
제헌,김광준,조한백,6
제3대,양일동,최정우,6
제3대,양일동,정명섭,6
제헌,서상일,최범술,6
제3대,천세기,황성수,6
제3대,이태용,정상열,6
제헌,이유선,이진수,6
제4대,이근직,임문석,6
제헌,김약수,장기영,6
제4대,안균섭,정금체,6
제헌,조한백,진헌식,6
제4대,곽의영,박상길,6
제4대,서범석,오범수,6
제3대,정낙훈,조경규,6
제4대,강용옥,김진만,6
제2대,신익희,이종영,6
제4대,안광호,이철승,6
제3대,송인상,정기원,6
제2대,윤길중,태완선,6
제4대,김석진,이종남,6
제4대,원용석,이재학,6
제헌,오용국,이승만,6
제헌,박해극,이승만,6
제2대,김우성,조봉암,6
제3대,강승구,이재학,6
제3대,김상도,박영종,6
제3대,유진산,최순주,6
제헌,이영준,이정래,6
제3대,변영태,이기붕,6
제4대,신도성,이종남,6
제4대,주병환,최병환,6
제3대,김홍식,이재학,6
제3대,하태환,황성수,6
제2대,박순천,장택상,6
제4대,김원태,정낙훈,6
제3대,신의식,신정호,6
제3대,권성기,양일동,6
제3대,김판술,송방용,6
제3대,김달수,최규남,6
제3대,변진갑,장경근,6
제4대,김병국,서범석,6
제4대,박병배,유성권,6
제3대,김현철,이형모,6
제4대,이재학,정헌주,6
제헌,서상일,신성균,6
제3대,이기붕,임철호,6
제3대,도진희,최창섭,6
제3대,박해정,황성수,6
제3대,이충환,최인규,6
제4대,유옥우,이익흥,6
제4대,류청,오재경,6
제3대,김종신,김판술,6
제4대,김원전,손창환,6
제4대,박세경,이호진,6
제3대,고광만,이재학,6
제4대,정명섭,한희석,6
제4대,손문경,장낙중,6
제3대,박정근,유옥우,6
제3대,임흥순,최순주,6
제헌,김동원,유홍렬,6
제헌,김옥주,조한백,6
제헌,김옥주,조헌영,6
제2대,윤영선,조봉암,6
제헌,김병회,유진오,6
제헌,김효석,지대형,6
제헌,정광호,황두연,6
제헌,노일환,이석주,6
제4대,곽의영,이동근,6
제2대,김판석,신익희,6
제4대,이태용,정중섭,6
제4대,김봉두,김선태,6
제3대,오임근,이형진,6
제4대,이상현,허윤수,6
제2대,박정근,이재형,6
제2대,김훈,장택상,6
제2대,박성하,윤치영,6
제3대,조병옥,황성수,6
제4대,김장섭,주요한,6
제3대,서동진,최순주,6
제4대,나판수,박만원,6
제4대,권복인,오임근,6
제4대,신언한,한희석,6
제3대,박용익,하태환,6
제2대,백한성,신익희,6
제3대,박만원,박영종,6
제2대,김동성,변영태,6
제3대,이기붕,최천,6
제4대,장경근,조재천,6
제4대,김선기,이철승,6
제2대,박기배,신익희,6
제3대,박재홍,조병문,6
제4대,김동욱,조영규,6
제2대,김병로,신익희,6
제4대,김용진,정규상,6
제3대,민복기,이형진,6
제헌,김우식,이진수,6
제헌,김영기,김용재,6
제4대,김철안,유옥우,6
제3대,박용익,윤우경,6
제4대,민관식,이용운,6
제3대,강승구,신의식,6
제4대,임철호,최재유,6
제헌,이진수,최국현,6
제3대,이기붕,최재유,6
제3대,김일환,박만원,6
제4대,김경술,윤명운,6
제3대,갈홍기,최순주,6
제4대,이기붕,장택상,6
제헌,김약수,오택관,6
제4대,김선기,한희석,6
제2대,김석명,이진수,6
제2대,곽상훈,장택상,6
제4대,김일환,박해정,6
제4대,권택상,손석두,5
제헌,김도연,홍성하,5
제헌,김명동,조국현,5
제헌,이원홍,조영규,5
제헌,김준연,이성득,5
제4대,이성주,이재형,5
제4대,김경술,이종남,5
제헌,김우식,장병만,5
제4대,김만,김상도,5
제헌,권태희,서우석,5
제헌,김문평,김약수,5
제3대,정준모,조만종,5
제4대,김용진,유기수,5
제4대,김종철,최용근,5
제4대,김의택,유봉순,5
제헌,오택렬,조한백,5
제4대,윤형남,조정환,5
제헌,유성갑,조헌영,5
제4대,류진산,이태용,5
제3대,김기철,송방용,5
제3대,이종림,이철승,5
제3대,이재학,최순주,5
제4대,정남택,정영기,5
제4대,류진산,이은태,5
제4대,이종남,최원구,5
제3대,김병윤,이충환,5
제3대,김현철,이종수,5
제4대,이동희,최희송,5
제3대,김신서,박만원,5
제4대,송인상,조일환,5
제4대,한옥신,홍범희,5
제3대,이태용,정해영,5
제4대,김도연,천병규,5
제헌,송창식,윤치영,5
제3대,나희집,배응도,5
제4대,한근조,황성수,5
제4대,김공평,이철승,5
제2대,김동성,소선규,5
제헌,서상일,유진오,5
제4대,유영준,이철승,5
제2대,김유택,오의관,5
제헌,김옥주,김재학,5
제4대,손문경,이철승,5
제헌,김철,조국현,5
제4대,김의준,조경규,5
제4대,류순식,윤재근,5
제헌,조한백,지대형,5
제4대,김선우,황정철,5
제헌,김웅진,조한백,5
제3대,도진희,박영종,5
제3대,이열모,천병규,5
제헌,나용균,이영준,5
제3대,안동준,이기붕,5
제4대,정존수,조일재,5
제헌,김상돈,김옥주,5
제4대,권택상,김원전,5
제헌,김동원,이청천,5
제3대,김성복,류진산,5
제헌,장병만,최헌길,5
제4대,김병윤,정남택,5
제헌,권태희,정준,5
제3대,박용익,황성수,5
제3대,갈홍기,현석호,5
제헌,김병회,이승만,5
제4대,서상준,신영주,5
제헌,곽상훈,조국현,5
제헌,신익희,한창수,5
제2대,서민호,이종형,5
제4대,김장섭,나판수,5
제4대,김두진,한광석,5
제2대,김정기,신익희,5
제헌,신익희,유내완,5
제4대,유봉순,장택상,5
제3대,김용우,김판술,5
제4대,윤형남,이갑식,5
제4대,신두영,임문석,5
제4대,이상용,정낙훈,5
제3대,김호식,정갑주,5
제헌,유진홍,이정래,5
제4대,류청,엄요섭,5
제4대,김일환,박만원,5
제4대,김삭,이영희,5
제헌,이승만,장병만,5
제3대,양일동,한동석,5
제3대,김기철,박흥규,5
제4대,김선우,이성우,5
제4대,박창화,황숙현,5
제헌,원용한,이진수,5
제3대,이태용,함두영,5
제2대,장택상,지청천,5
제헌,이성학,장병만,5
제4대,김병윤,윤형남,5
제4대,서범석,정홍섭,5
제3대,강승구,최순주,5
제헌,노일환,박순석,5
제3대,곽상훈,배응도,5
제3대,이열모,이충환,5
제2대,윤치영,정준모,5
제4대,김철안,윤용구,5
제헌,곽상훈,이진수,5
제헌,이영준,홍희종,5
제3대,김윤기,정상열,5
제4대,유용식,주금용,5
제헌,이종현,홍성하,5
제4대,김선태,이호진,5
제2대,신익희,오위영,5
제4대,권복인,이재형,5
제3대,강성태,박흥규,5
제4대,김웅수,이철승,5
제헌,이진수,정해준,5
제4대,김용진,서임수,5
제4대,김정권,최병권,5
제헌,이석주,정광호,5
제4대,이영희,최정우,5
제4대,김원만,신현확,5
제4대,김상도,주영택,5
제4대,나판수,최유영,5
제3대,백남식,이호,5
제헌,나용균,조한백,5
제3대,정명섭,황성수,5
제3대,백남식,이형모,5
제헌,박찬현,정준,5
제4대,박순석,우만형,5
제4대,강태호,이은태,5
제헌,윤치영,이강우,5
제헌,오택렬,유진홍,5
제3대,이형진,임철호,5
제헌,서용길,이문원,5
제4대,오범수,유영준,5
제헌,조국현,최운교,5
제4대,최세황,하태환,5
제3대,김종규,이형모,5
제3대,강경옥,최순주,5
제헌,육홍균,이진수,5
제4대,김원태,양일동,5
제4대,이동희,최인규,5
제4대,김석진,정홍섭,5
제3대,장경근,정일형,5
제3대,이종수,정상열,5
제4대,고담용,박순석,5
제3대,박흥규,안정근,5
제4대,신언한,주요한,5
제헌,임영신,황호현,5
제헌,김약수,이훈구,5
제3대,김진만,이기붕,5
제4대,김선우,유봉순,5
제4대,유봉순,정헌주,5
제4대,김두진,윤용구,5
제4대,송인상,신현확,5
제4대,나상근,박해정,5
제4대,김석진,민관식,5
제3대,김두한,이재학,5
제헌,정준,조영규,5
제4대,박충모,한광석,5
제헌,김동원,연병호,5
제4대,김선우,정헌주,5
제헌,곽상훈,김우식,5
제3대,박영종,정기원,5
제4대,김덕겸,김학준,5
제3대,강성태,정상열,5
제헌,윤치영,전규홍,5
제4대,원용덕,이필호,5
제헌,김웅진,최봉식,5
제헌,서우석,차윤홍,5
제4대,김일환,유옥우,5
제헌,김옥주,황윤호,5
제3대,김달수,박흥규,5
제3대,양일동,윤우경,5
제4대,김원전,김현철,5
제헌,신성균,이훈구,5
제3대,백남식,양영주,5
제4대,민관식,천병규,5
제헌,신익희,정균식,5
제4대,박영두,이종남,5
제헌,김동원,백한성,5
제4대,이종남,홍범희,5
제헌,이문원,조국현,5
제헌,박찬현,정광호,5
제헌,박우경,조국현,5
제4대,손문경,이영준,5
제3대,김병윤,이태용,5
제4대,손석두,안용대,5
제헌,김약수,조규갑,5
제4대,이재학,정규상,5
제3대,류진산,하을춘,5
제4대,박해정,이종남,5
제4대,서범석,이형모,5
제헌,윤치영,최석화,5
제헌,이정래,황호현,5
제4대,이원장,정존수,5
제4대,김원규,김인권,5
제헌,유진홍,이성학,5
제3대,곽상훈,김두한,5
제3대,손권배,이종수,5
제4대,문종두,윤태은,5
제4대,오범수,이재학,5
제3대,송인상,이종수,5
제4대,변진갑,정영기,5
제4대,우희창,이원장,5
제4대,곽의영,송인상,5
제헌,허정,황병규,5
제4대,김병주,이종수,5
제4대,이동희,이정희,5
제3대,손문경,최순주,5
제헌,박해극,서우석,5
제3대,서임수,이충환,5
제3대,김영찬,정상열,5
제4대,김선기,손재형,5
제헌,서성달,이승만,5
제4대,류청,이규일,5
제4대,윤병구,이재학,5
제헌,김봉조,조국현,5
제2대,김동성,엄상섭,5
제3대,박상운,박정근,5
제2대,김광준,조주영,5
제헌,김광준,박해극,5
제4대,김의택,조순,5
제3대,이기붕,이용범,5
제헌,김문평,김우식,5
제4대,손재형,최규남,5
제헌,김동성,김동원,5
제4대,김장섭,박철웅,5
제4대,류지원,유영준,5
제4대,나판수,오표,5
제3대,문봉제,윤형남,5
제3대,유옥우,이중재,5
제4대,김의창,나상근,5
제4대,윤제술,천병규,5
제3대,박영종,서상준,5
제4대,나상근,홍익표,5
제헌,정준,최운교,5
제3대,신의식,유태영,5
제4대,박병배,이사형,5
제3대,이기붕,최병권,5
제4대,최용근,한성수,5
제4대,전창희,진형하,5
제헌,김약수,이강우,5
제3대,양영주,이형모,5
제3대,김종신,김지준,5
제4대,박세경,이병하,5
제4대,손문경,정대천,5
제헌,김병회,이남규,5
제3대,이형모,현석호,5
제4대,권중돈,최병권,5
제3대,송방용,신각휴,5
제3대,인태식,천병규,5
제2대,조봉암,최순주,5
제3대,곽상훈,최병국,5
제2대,장택상,정기원,5
제4대,구흥남,문봉제,5
제헌,서용길,이석주,5
제3대,신태권,조순,5
제헌,김철,신상학,5
제헌,신익희,최규옥,5
제3대,손석두,정성태,5
제4대,이형모,조병옥,5
제3대,곽상훈,이영섭,5
제4대,김정근,송인상,5
제4대,김학준,이성우,5
제4대,김현철,오위영,5
제헌,김동준,이진수,5
제4대,김봉관,허윤수,5
제헌,권태욱,김약수,5
제3대,김영선,송인상,5
제4대,곽의영,권오종,5
제3대,박해정,최용근,5
제3대,김용우,양영주,5
제4대,구철회,유영준,5
제헌,유진오,이진수,5
제4대,김용진,정재완,5
제4대,손문경,신효선,5
제4대,박병배,임문석,5
제헌,나용균,정광호,5
제헌,김경배,박순석,5
제4대,박만원,배영호,5
제4대,민관식,유용식,5
제2대,신성모,신익희,5
제4대,김종철,이종남,5
제2대,장택상,최헌길,5
제헌,김중기,이승만,5
제4대,윤명운,정명섭,5
제4대,박원석,유영준,5
제4대,박만원,이종남,5
제헌,이문원,조헌영,5
제3대,박해정,오임근,5
제4대,류근창,이원장,5
제헌,조국현,황두연,5
제3대,신태익,이충환,5
제헌,김수선,이진수,5
제3대,나창헌,이기붕,5
제4대,권중돈,한희석,5
제3대,백선엽,이철승,5
제3대,곽상훈,정재완,5
제4대,구태회,이종남,5
제4대,김병윤,김창동,5
제헌,유진홍,조국현,5
제2대,고영완,윤치영,5
제4대,이원장,홍익표,5
제4대,김희찬,이철승,5
제3대,송방용,홍진기,5
제4대,김창우,나판수,5
제3대,김호식,이태용,5
제4대,안춘생,이원장,5
제4대,김종철,오임근,5
제3대,김일환,정상열,5
제3대,박재홍,이형진,5
제4대,강영훈,이용운,5
제헌,강욱중,배중혁,5
제4대,이갑식,이익흥,5
제헌,김명동,이석,5
제4대,박흥규,신영주,5
제2대,김태희,신익희,5
제헌,권태희,박해정,5
제4대,송요찬,이효,5
제3대,김두진,이기붕,5
제3대,김형근,한동석,5
제4대,서상준,이회근,5
제헌,김옥주,조영규,5
제4대,김일환,서범석,5
제헌,이성학,이정래,5
제4대,김용진,김장섭,5
제2대,오성환,조주영,5
제헌,김훈,신익희,5
제헌,김옥주,배중혁,5
제4대,김두진,천병규,5
제헌,서순영,조헌영,5
제3대,김철안,최순주,5
제3대,김달수,백남식,5
제4대,박병배,한옥신,5
제헌,김동원,오택열,5
제4대,손재형,윤제술,5
제헌,김영동,조국현,5
제헌,김병회,신성균,5
제4대,박용익,서상준,5
제헌,권태희,정도영,5
제3대,정일형,황성수,5
제헌,김영기,이진수,5
제4대,정존수,조정훈,5
제3대,이중재,이형모,5
제4대,임철호,최인규,5
제4대,박만원,이종수,5
제헌,김약수,김영기,5
제헌,신성균,황두연,5
제2대,신익희,최면수,5
제2대,변광호,윤치영,5
제헌,김동원,조정환,5
제헌,오택렬,이진수,5
제3대,김의준,박영종,5
제헌,신성균,조영규,5
제4대,송정범,이형모,5
제2대,윤치영,최헌길,5
제4대,김상도,최재섭,5
제3대,박도언,송방용,5
제4대,권택상,윤제술,5
제3대,박흥규,최병권,5
제헌,권태욱,김동원,5
제헌,김약수,박종남,5
제4대,고담용,정헌주,5
제3대,곽의영,변진갑,5
제3대,유옥우,조정환,5
제3대,김준환,박만원,5
제3대,조영규,함두영,5
제3대,김판술,박정근,5
제4대,이만우,조일환,5
제헌,김약수,윤길중,5
제4대,김학준,최병용,5
제4대,윤우경,이존화,5
제4대,정문흠,한희석,5
제4대,유태영,이종수,5
제헌,오택렬,장병만,5
제4대,이상용,이옥동,5
제3대,김해림,송방용,5
제헌,김동원,최용덕,5
제3대,이충환,정성태,5
제4대,명재억,이영희,5
제헌,서상일,조한백,5
제헌,나용균,조국현,5
제3대,김재곤,윤형남,5
제4대,엄상섭,유봉순,5
제4대,박만원,조광희,5
제4대,김윤기,류순식,5
제4대,강용옥,정재완,5
제헌,김옥주,이원홍,5
제4대,석상옥,정명섭,5
제4대,임문석,홍범희,5
제헌,조영규,조한백,5
제4대,김의창,최석림,5
제4대,김재위,정명섭,5
제4대,김원만,김응주,5
제헌,김수선,조국현,5
제4대,오범수,유성권,5
제헌,김우식,조국현,5
제3대,이석기,조영규,5
제3대,안준기,이재학,5
제4대,정영기,정재완,5
제4대,박흥규,이성주,5
제헌,김약수,정인보,5
제3대,김판술,양일동,5
제헌,장병만,황호현,5
제3대,이영섭,최순주,5
제4대,나판수,조영규,5
제헌,박해정,윤병구,5
제3대,갈홍기,박흥규,5
제4대,정중섭,황호현,5
제3대,송방용,최인규,5
제헌,김우식,황두연,5
제2대,김준태,윤치영,5
제헌,김약수,채병덕,5
제4대,김일환,임철호,5
제4대,유용식,이원장,5
제헌,김광준,이재형,5
제4대,김선우,김원태,5
제2대,박정근,백두진,5
제헌,김봉조,진헌식,5
제4대,윤명운,한희석,5
제4대,김치은,윤명운,5
제헌,이원홍,조한백,5
제헌,서순영,홍성하,5
제4대,김선태,정문흠,5
제헌,이정래,정준,5
제3대,이철승,정성태,5
제헌,서이환,이영준,5
제헌,김동원,대리,5
제헌,노일환,조헌영,5
제2대,윤치영,정재완,5
제3대,오림근,정상열,5
제3대,신규식,황성수,5
제헌,나용균,이정래,5
제헌,조국현,최용덕,5
제4대,이근직,정남택,5
제헌,정준,조종승,5
제4대,류홍,양일동,5
제4대,박종식,정명섭,5
제헌,이정래,최운교,5
제4대,이태용,정재완,5
제헌,김동성,김약수,5
제3대,김영선,조만종,5
제3대,김용우,조만종,5
제4대,김상도,박용록,5
제4대,김의창,임문석,5
제4대,박세경,장경근,5
제헌,김약수,오용국,5
제3대,최용근,황경수,5
제3대,이충환,최하영,5
제3대,김판술,오영재,5
제4대,곽의영,정재완,5
제헌,권태희,황두연,5
제4대,조재천,진형하,5
제3대,오임근,함두영,5
제3대,오림근,이철승,5
제4대,서임수,이사형,5
제3대,김영찬,박영종,5
제2대,구을회,장택상,5
제3대,이태용,홍창섭,5
제2대,윤치영,임정규,5
제헌,김준연,조헌영,5
제헌,유진홍,정광호,5
제4대,김원규,박철웅,5
제4대,안용백,정중섭,5
제4대,이동근,이동희,5
제헌,이석주,이정래,5
제3대,김동욱,원용석,5
제2대,성득환,조봉암,5
제4대,서임수,안균섭,5
제4대,신영주,이태용,5
제4대,나상근,신현확,5
제4대,이원장,주금용,5
제3대,박정근,한동석,5
제헌,신방현,조국현,5
제4대,김선우,박순석,5
제3대,유옥우,정해영,5
제4대,김상돈,박덕영,5
제헌,서우석,이남규,5
제헌,이석주,조봉암,5
제헌,서우석,정준,5
제헌,박순석,오택렬,5
제4대,송요찬,하태환,5
제4대,이영언,최석림,5
제헌,박순석,홍순옥,5
제2대,장택상,정문흠,5
제3대,박도언,양일동,5
제헌,곽상훈,이정래,5
제4대,김훈,이용운,5
제2대,김동성,이재형,5
제4대,김봉관,배성기,5
제3대,민복기,이형모,5
제3대,박용익,최정우,5
제4대,박철웅,신언한,5
제3대,김의창,백남식,5
제헌,박순석,이석,5
제3대,김현철,정성태,5
제4대,서상준,최정우,5
제3대,이충환,최정우,5
제4대,서범석,윤재근,5
제3대,배영호,조영규,5
제4대,박종길,한희석,5
제헌,서용길,장경근,5
제3대,양영주,천병규,5
제4대,송인상,이태용,5
제4대,이재학,하태환,5
제헌,서우석,최운교,5
제2대,이종욱,장택상,5
제헌,김광준,조영규,5
제4대,김현철,안정근,5
제4대,이은철,이정휴,5
제헌,김철,정도영,5
제헌,유진홍,장병만,5
제4대,서한두,이영희,5
제헌,김약수,윤재근,5
제3대,강승구,이형진,5
제4대,박해정,최인규,5
제4대,김상도,민영학,5
제2대,이철원,조봉암,5
제3대,육완국,조경규,5
제3대,김동욱,박영종,5
제4대,곽의영,서상준,5
제3대,임흥순,조경규,5
제4대,나판수,이생우,5
제4대,이신득,정명섭,5
제4대,김두진,정재설,5
제4대,이사형,이필호,5
제헌,권승렬,김약수,5
제헌,서상일,조종승,5
제3대,김영선,조정환,5
제3대,백선엽,송우범,5
제헌,서정희,윤치영,5
제4대,박흥규,손석래,5
제4대,이상훈,정명섭,5
제헌,김약수,민경식,5
제3대,신정호,이재학,5
제3대,곽상훈,장경근,5
제헌,김철,장병만,5
제2대,신익희,최원호,5
제헌,곽상훈,김상덕,5
제3대,손석두,양일동,5
제헌,김동원,이요한,5
제4대,송인상,홍봉진,5
제4대,고담용,이강학,5
제4대,손문경,홍길선,5
제3대,박영종,정형모,5
제4대,강태호,나판수,5
제4대,유경인,주금용,5
제3대,박영종,우만형,5
제3대,곽상훈,류진산,5
제2대,오성환,이종형,5
제헌,원용한,윤치영,5
제헌,장홍염,조한백,5
제4대,민관식,유영준,5
제4대,구용서,김학준,5
제3대,김지준,이기붕,5
제4대,신영주,전봉희,5
제4대,김병윤,황숙현,5
제3대,박순석,이재학,5
제4대,박상길,오임근,5
제3대,김성복,우만형,5
제2대,신익희,최성웅,5
제4대,서범석,신규식,5
제4대,구철회,한희석,5
제4대,김승진,박해정,5
제3대,김용택,이영희,5
제3대,박용익,박종길,5
제4대,김정렬,최병권,5
제4대,이영희,이호진,5
제4대,권택상,김주묵,5
제4대,류지원,한광석,5
제4대,김훈,현영일,5
제4대,오임근,최용근,5
제헌,윤병구,이석,5
제헌,김재학,조영규,5
제3대,백남식,하을춘,5
제3대,김동조,박영종,5
제3대,유봉순,이근직,5
제헌,윤병구,이성학,5
제3대,이재학,하을춘,5
제헌,김경도,이진수,5
제4대,그것은,이필호,5
제헌,김교중,김약수,5
제4대,조일재,주금용,5
제헌,이성학,최운교,5
제4대,이형모,조인구,5
제헌,김인식,노일환,5
제3대,박영종,조순,5
제4대,송영주,신규식,5
제4대,송인상,한근조,5
제3대,김의택,인태식,5
제4대,김대식,박병배,5
제2대,박영출,소선규,5
제4대,김원만,최천,5
제4대,김일환,장택상,5
제4대,손영수,신도환,5
제4대,이갑식,최인규,5
제4대,김두진,나판수,5
제4대,김재곤,이철승,5
제4대,임문석,정남택,5
제2대,구을회,조봉암,5
제3대,오림근,이형모,5
제4대,신현확,이종남,5
제3대,남흥우,이충환,5
제헌,이석주,조헌영,5
제3대,신익희,최순주,5
제4대,나판수,임봉순,5
제헌,장홍염,정준,5
제3대,안정근,이충환,5
제헌,이성득,홍성하,5
제3대,천병규,황경수,5
제헌,김약수,황병규,5
제헌,김준연,이정래,5
제헌,김동원,김철수,5
제4대,김원전,김일환,5
제헌,김명동,이정래,5
제3대,백남식,조만종,5
제3대,김용우,박흥규,5
제헌,조영규,황호현,5
제4대,김상도,하태환,5
제3대,소선규,신정호,5
제3대,김두진,김상돈,5
제3대,이종수,최용근,5
제헌,박순석,이원홍,5
제헌,이주형,장홍염,5
제헌,강욱중,이진수,5
제헌,권태희,최운교,5
제4대,김원전,송인상,5
제헌,박윤원,조한백,5
제헌,김옥주,김중기,5
제헌,정광호,조한백,5
제헌,윤치영,최창섭,5
제4대,박덕영,정명섭,5
제헌,박찬현,장병만,5
제4대,윤보선,임철호,4
제3대,김성복,박순석,4
제4대,박충모,손창환,4
제4대,김웅수,유용식,4
제3대,강경옥,곽상훈,4
제3대,박만원,신규식,4
제헌,김약수,이순탁,4
제헌,조종승,황호현,4
제헌,권태욱,이승만,4
제3대,강세형,황성수,4
제3대,류지원,이철승,4
제4대,김웅수,이필호,4
제헌,김병회,정준,4
제3대,박영종,하을춘,4
제2대,장택상,정헌주,4
제4대,임우영,최용근,4
제3대,민관식,함두영,4
제4대,손영수,안여하,4
제헌,윤병구,이석주,4
제헌,오석주,유진홍,4
제4대,이재학,허윤수,4
제헌,노일환,박해정,4
제4대,구용서,류홍,4
제3대,박용익,송인상,4
제3대,권오종,조경규,4
제4대,유태영,이동희,4
제4대,안균섭,이재학,4
제3대,김형근,양일동,4
제헌,조국현,최창섭,4
제2대,김석명,소선규,4
제3대,조경규,홍진기,4
제4대,김선태,최인규,4
제헌,김웅진,백관수,4
제4대,손창환,정준,4
제3대,윤형남,이충환,4
제3대,김의준,유옥우,4
제4대,곽근호,이정휴,4
제헌,김도연,최운교,4
제4대,그것은,박덕영,4
제4대,유옥우,이기붕,4
제헌,김병로,지대형,4
제3대,정성태,황성수,4
제4대,윤제술,최재유,4
제4대,유봉순,이성주,4
제헌,남궁현,조헌영,4
제4대,윤명운,이호진,4
제4대,손문경,오표,4
제4대,김두진,윤택중,4
제4대,김용진,이호진,4
제4대,김상돈,원용덕,4
제4대,나판수,최진국,4
제헌,송진백,이진수,4
제2대,권태욱,장택상,4
제4대,김의택,장택상,4
제헌,김준연,조영규,4
제헌,박윤원,서우석,4
제4대,김공평,안균섭,4
제헌,김웅진,장병만,4
제헌,박찬현,오택렬,4
제3대,김형덕,이기붕,4
제헌,노일환,신성균,4
제3대,김형근,조만종,4
제헌,유진홍,이석주,4
제3대,박영종,한동석,4
제4대,김선태,엄상섭,4
제3대,정상열,최용근,4
제헌,강욱중,박윤원,4
제3대,양일동,정문흠,4
제헌,류성갑,신익희,4
제4대,김동조,한희석,4
제헌,권태희,조헌영,4
제4대,김봉관,신규식,4
제4대,임차주,홍순희,4
제4대,권찬주,윤영구,4
제2대,윤재근,윤치영,4
제3대,김선기,이재학,4
제3대,김일환,민관식,4
제3대,안준기,이기붕,4
제4대,박임항,이철승,4
제3대,신용욱,황성수,4
제3대,김정열,정성태,4
제헌,이성학,조국현,4
제4대,이근직,이재학,4
제4대,계광순,정규상,4
제4대,김두진,오임근,4
제4대,장석윤,황호현,4
제헌,김철,박우경,4
제4대,김상도,김완길,4
제3대,배응도,이기붕,4
제4대,김원규,이한빈,4
제4대,권복인,손석두,4
제헌,유진오,이승만,4
제헌,김약수,이항발,4
제3대,김호직,조경규,4
제3대,정해영,천병규,4
제4대,신영주,원용덕,4
제4대,김철안,이재학,4
제3대,민관식,이종림,4
제헌,이진수,최석화,4
제3대,백남식,이종림,4
제헌,권태희,이정래,4
제헌,김봉두,이석주,4
제4대,임흥순,장택상,4
제3대,신정호,유옥우,4
제4대,김선태,박흥규,4
제3대,김판술,이중재,4
제3대,이영섭,이재학,4
제4대,이재형,정명섭,4
제4대,이종수,정두길,4
제4대,박상길,하태환,4
제4대,류청,한상봉,4
제헌,윤병구,조국현,4
제4대,권복인,김원전,4
제헌,김옥주,박순석,4
제4대,신두영,정재완,4
제3대,곽상훈,김판술,4
제4대,고담용,김선우,4
제3대,신행용,조병문,4
제3대,곽상훈,김선태,4
제헌,유진오,장면,4
제헌,서용길,황호현,4
제2대,업상섭,조봉암,4
제3대,이근직,이철승,4
제4대,조한백,최인규,4
제3대,김달호,김현철,4
제4대,오범수,최원구,4
제4대,서임수,이효,4
제4대,신규식,정운갑,4
제헌,윤재욱,이석주,4
제4대,류지원,박흥규,4
제헌,김광준,유진홍,4
제3대,민관식,정상열,4
제4대,문종두,이기붕,4
제4대,김서일,이만우,4
제4대,박병배,송인상,4
제헌,오석주,정준,4
제헌,김재학,이석,4
제헌,이원홍,조국현,4
제헌,윤재욱,홍성하,4
제헌,김봉조,박순석,4
제3대,박영종,정준모,4
제3대,김정호,이철승,4
제헌,김약수,허영호,4
제헌,서상일,윤치영,4
제헌,박윤원,서용길,4
제4대,이만우,이은복,4
제3대,곽상훈,박술음,4
제헌,유진오,정광호,4
제4대,손재형,이존화,4
제헌,김재학,서상일,4
제3대,김도연,소선규,4
제헌,신성균,신현돈,4
제4대,문종두,하태환,4
제4대,김동욱,엄상섭,4
제헌,이인,홍성하,4
제4대,박종식,양일동,4
제헌,이원홍,조헌영,4
제3대,손준현,황성수,4
제3대,박순석,박영종,4
제헌,김동원,이상돈,4
제4대,박만원,최재유,4
제헌,김용재,윤치영,4
제4대,정성태,최구철,4
제3대,곽의영,송방용,4
제헌,김봉조,이승만,4
제3대,박만원,조영규,4
제3대,정운갑,조영규,4
제헌,구중회,신익희,4
제4대,박해정,정홍섭,4
제4대,곽의영,김주묵,4
제헌,이성학,지대형,4
제2대,신익희,최창순,4
제4대,류지원,이종우,4
제4대,유봉순,유옥우,4
제2대,윤치영,조정환,4
제헌,김중기,유진홍,4
제3대,김창수,이기붕,4
제4대,우희창,조순,4
제헌,김상돈,노일환,4
제헌,강욱중,김준연,4
제4대,김용진,정재설,4
제헌,신성균,이진수,4
제2대,윤치영,정헌조,4
제4대,곽의영,정남택,4
제4대,박철웅,정재완,4
제4대,이용운,진석중,4
제4대,김영준,김용진,4
제헌,박윤원,이진수,4
제4대,김상도,최병권,4
제4대,강종무,신규식,4
제헌,김준연,신성균,4
제3대,곽상훈,정중섭,4
제4대,김두진,윤제술,4
제헌,박우경,유진홍,4
제4대,이은태,이재학,4
제3대,김우동,조경규,4
제3대,송인상,이재학,4
제4대,강정규,권중돈,4
제4대,강태호,이종남,4
제4대,구철회,이태용,4
제헌,구중회,윤치영,4
제3대,김선태,박흥규,4
제헌,이승만,최운교,4
제4대,박철웅,이재학,4
제헌,신익희,장희창,4
제헌,민경식,홍성하,4
제3대,양영주,이태용,4
제4대,이재학,최규하,4
제2대,이진수,태완선,4
제4대,임문석,주요한,4
제3대,김의택,백남식,4
제4대,나판수,이종판,4
제2대,윤치영,장건상,4
제3대,김판술,서임수,4
제헌,김광준,김문평,4
제4대,백선엽,이익흥,4
제3대,김영찬,양일동,4
제4대,윤형남,최정우,4
제4대,박도언,임철호,4
제3대,박정근,유완창,4
제헌,박종남,윤치영,4
제4대,계광순,구용서,4
제헌,신익희,한암회,4
제4대,조호갑,홍길선,4
제4대,민병기,서범석,4
제3대,권성기,조경규,4
제3대,백남식,유옥우,4
제4대,임철호,최석림,4
제4대,박철웅,안희경,4
제2대,김정기,임영신,4
제4대,김정환,이재학,4
제헌,권태희,조한백,4
제4대,정두길,정명섭,4
제헌,김명동,윤치영,4
제4대,문봉제,이철승,4
제헌,김동원,의장은,4
제4대,서범석,이재형,4
제3대,강성태,이태용,4
제2대,윤치영,정준용,4
제4대,주금용,최세황,4
제3대,이재학,최천,4
제4대,김형돈,류청,4
제4대,조영규,홍진기,4
제4대,김종대,유옥우,4
제헌,김수선,김용재,4
제4대,구용서,주금용,4
제헌,윤병구,이정래,4
제3대,이철승,천세기,4
제4대,김정열,정성태,4
제3대,김정열,윤형남,4
제3대,김준환,송방용,4
제3대,신도성,장경근,4
제4대,손영수,이양수,4
제4대,서상준,조정환,4
제3대,김상돈,박영종,4
제4대,구태회,박해정,4
제2대,이재형,이춘기,4
제4대,이응준,정성태,4
제4대,김현철,정세환,4
제헌,김영기,박찬현,4
제4대,김경술,손영수,4
제3대,박종길,백남식,4
제3대,정세환,천병규,4
제3대,신규식,황남팔,4
제헌,김동원,김병로,4
제4대,정명섭,조순,4
제헌,권승열,송창식,4
제2대,김동성,이교선,4
제3대,이형모,인태식,4
제3대,우만형,이충환,4
제3대,강승구,곽상훈,4
제2대,곽의영,이동환,4
제4대,이응준,한희석,4
제헌,이재학,지대형,4
제3대,신현확,이재학,4
제2대,김정식,김종순,4
제4대,손창환,한희석,4
제2대,김동성,윤성순,4
제4대,김장섭,박충모,4
제4대,문종두,최재유,4
제3대,김종신,정해영,4
제4대,구흥남,이사형,4
제4대,이재학,주병환,4
제4대,윤명운,이태용,4
제4대,김두진,김석진,4
제3대,이선근,최순주,4
제4대,신규식,신현확,4
제4대,임철호,주금용,4
제3대,김동성,최순주,4
제4대,정재완,최용근,4
제4대,김두진,이응준,4
제헌,신성균,정해준,4
제3대,이재학,정재완,4
제헌,김갑수,신익희,4
제헌,서우석,윤병구,4
제4대,김병윤,이태용,4
제4대,이만우,진석중,4
제4대,구용서,안용대,4
제4대,강명현,권중돈,4
제4대,권병호,유성권,4
제2대,박영출,최헌길,4
제3대,천병규,최용근,4
제2대,윤치영,최성웅,4
제3대,박영종,최용근,4
제헌,박순석,진헌식,4
제4대,김재곤,이정용,4
제2대,김우성,장택상,4
제4대,김원만,서정귀,4
제헌,장홍염,정광호,4
제2대,곽의영,소선규,4
제4대,오범수,최용근,4
제4대,문종두,유태영,4
제4대,김형돈,민장식,4
제4대,민관식,최정우,4
제4대,민장식,이태용,4
제4대,양일동,정재완,4
제4대,박덕영,이정휴,4
제4대,김상도,한근조,4
제3대,김춘호,소선규,4
제4대,김원규,이근상,4
제3대,박영종,신의식,4
제2대,김석명,장택상,4
제헌,박기운,윤치영,4
제2대,안용대,윤길중,4
제4대,계광순,김일환,4
제4대,김종철,조한백,4
제4대,강영훈,전성천,4
제4대,박철웅,윤택중,4
제4대,김의준,정문흠,4
제4대,김동욱,임철호,4
제헌,신익희,이병국,4
제4대,반재현,최병환,4
제3대,김영찬,김원태,4
제4대,그것은,유영준,4
제헌,권태희,조종승,4
제3대,곽상훈,전만중,4
제3대,소선규,최세황,4
제4대,진형하,허형구,4
제4대,김두일,조영규,4
제4대,김선기,원용석,4
제4대,오임근,윤형남,4
제4대,신현확,이근직,4
제3대,장석윤,조경규,4
제3대,유옥우,함두영,4
제4대,강영훈,안균섭,4
제4대,정규상,한희석,4
제3대,조경규,조남수,4
제3대,이동희,정명섭,4
제3대,곽의영,김판술,4
제3대,박흥규,이선근,4
제헌,신광균,유진오,4
제4대,이종수,전영석,4
제3대,양일동,조순,4
제3대,민관식,이형모,4
제헌,노일환,황희찬,4
제3대,신용욱,이기붕,4
제4대,이존화,한상봉,4
제헌,김철,서우석,4
제3대,김치영,김현철,4
제헌,박해정,정준,4
제3대,나희집,이기붕,4
제헌,장병만,장홍염,4
제4대,김동욱,김상도,4
제헌,박기운,장병만,4
제4대,김공평,우희창,4
제4대,강태호,황성수,4
제헌,유성갑,이진수,4
제헌,김옥주,유성갑,4
제3대,남송학,이재학,4
제2대,구영숙,장택상,4
제헌,박찬현,조종승,4
제3대,김한기,이태용,4
제헌,김동원,지대형,4
제헌,김우식,홍성하,4
제2대,강창용,신익희,4
제헌,김동원,전진한,4
제3대,인태식,정해영,4
제4대,이창우,홍길선,4
제2대,류홍,지청천,4
제3대,김선태,백남식,4
제헌,김수선,조한백,4
제4대,김의창,진석중,4
제헌,박순석,백관수,4
제헌,권태희,진헌식,4
제헌,류성갑,서상일,4
제헌,김상돈,이석주,4
제헌,백관수,차윤홍,4
제헌,나용균,이재학,4
제헌,김병회,이석주,4
제3대,서임수,조경규,4
제3대,박순석,소선규,4
제헌,김철,이정래,4
제헌,김상돈,윤재욱,4
제4대,김두진,정규상,4
제3대,정존수,최순주,4
제4대,김석진,이재형,4
제4대,이재현,최재유,4
제4대,유영준,홍범희,4
제4대,김동순,김학준,4
제4대,김순희,윤명운,4
제4대,윤대은,정성태,4
제헌,서우석,이원홍,4
제헌,김웅진,조국현,4
제3대,곽의영,현석호,4
제4대,이영희,조영규,4
제헌,박순석,이강우,4
제4대,서범석,조재천,4
제4대,김주묵,박상길,4
제3대,김종신,양일동,4
제4대,류청,최규하,4
제4대,김선우,류순식,4
제헌,김웅진,황호현,4
제헌,나용균,서정희,4
제4대,김의창,이두형,4
제헌,유진홍,최운교,4
제4대,김의택,이기붕,4
제2대,윤치영,허증수,4
제4대,박흥규,최하영,4
제3대,김달호,최규남,4
제헌,김재학,백관수,4
제3대,이석기,하을춘,4
제4대,김봉렬,윤택선,4
제4대,박병배,이효,4
제4대,류진산,서상준,4
제4대,이철승,홍진기,4
제4대,김원규,함성용,4
제헌,김유택,홍성하,4
제헌,서우석,이문원,4
제4대,김진만,정영기,4
제헌,김수선,서상일,4
제3대,김달수,이기붕,4
제4대,신두영,정남택,4
제4대,김장섭,이재학,4
제3대,장영근,정명섭,4
제3대,최병국,황성수,4
제4대,정성태,현영일,4
제4대,송인상,최인규,4
제3대,박정근,양영주,4
제2대,김봉조,엄상섭,4
제4대,박만원,이기붕,4
제4대,권택상,민관식,4
제헌,조영규,황병규,4
제헌,김수선,정준,4
제4대,서정귀,이동세,4
제헌,장병만,조국현,4
제헌,윤치영,이요한,4
제헌,김병회,김상돈,4
제2대,곽의영,박영출,4
제4대,박흥규,윤우경,4
제2대,김인선,윤치영,4
제4대,김상도,조인구,4
제3대,이기붕,하을춘,4
제헌,권승렬,백관수,4
제4대,서범석,이철승,4
제4대,김송환,이영언,4
제4대,김상도,김정환,4
제3대,박세경,박흥규,4
제3대,권택상,최용근,4
제헌,신상학,홍성하,4
제3대,김대식,이철승,4
제헌,김동원,홍길선,4
제4대,나상근,서정귀,4
제헌,김웅진,유성갑,4
제3대,김동조,조경규,4
제헌,강욱중,조국현,4
제4대,임철호,조일환,4
제헌,김영동,조헌영,4
제3대,윤용구,조경규,4
제4대,박덕영,이필호,4
제3대,나희집,함두영,4
제4대,이성호,이철승,4
제4대,김상도,이은태,4
제4대,김재곤,이종남,4
제4대,박충모,진형하,4
제헌,서용길,이진수,4
제헌,류래완,신익희,4
제헌,노일환,서우석,4
제2대,김양수,변영태,4
제4대,김정열,허윤수,4
제헌,김웅진,이구수,4
제4대,오범수,최정우,4
제4대,신현확,이갑식,4
제3대,유옥우,조영규,4
제헌,박순석,박해정,4
제3대,구흥남,김상돈,4
제4대,나판수,임철호,4
제3대,김성복,조영규,4
제4대,김일환,안균섭,4
제3대,갈홍기,박영종,4
제4대,김두진,김상도,4
제헌,김상돈,이승만,4
제4대,김석진,나상근,4
제헌,이호석,장병만,4
제헌,윤치영,조정환,4
제4대,송영주,이상용,4
제3대,민관식,박정근,4
제헌,서우석,이재학,4
제헌,김명동,이석주,4
제4대,박찬현,이기붕,4
제4대,박순석,한희석,4
제2대,김준연,조봉암,4
제4대,김정렴,박해정,4
제3대,백남식,정성태,4
제4대,임철호,장경근,4
제3대,이형진,최영철,4
제3대,김정렬,조영규,4
제4대,김응순,이만우,4
제4대,이병하,이재학,4
제4대,김원규,신언한,4
제4대,김상돈,최세황,4
제4대,민한기,박순석,4
제헌,김명동,김웅진,4
제4대,이재학,주금용,4
제4대,박충모,임철호,4
제헌,강기문,김약수,4
제헌,강욱중,서우석,4
제헌,윤재욱,이정래,4
제헌,곽상훈,김철,4
제헌,박찬현,오석주,4
제3대,양일동,이선근,4
제4대,나판수,박용록,4
제헌,신상학,이성학,4
제3대,박흥규,이중재,4
제헌,박찬현,이주형,4
제3대,전상요,최순주,4
제3대,염우량,정명섭,4
제헌,강욱중,이재형,4
제4대,윤대은,정명섭,4
제3대,김병윤,백남식,4
제4대,박만원,한근조,4
제헌,박기운,정준,4
제3대,안동준,최순주,4
제헌,김웅진,서우석,4
제헌,나용균,이진수,4
제4대,이종남,임문석,4
제헌,서우석,홍성하,4
제2대,강창용,장택상,4
제4대,민병기,유봉순,4
제4대,구용서,이철승,4
제헌,장홍염,진헌식,4
제4대,김석진,이호진,4
제4대,김인권,김장섭,4
제4대,임철호,홍봉진,4
제헌,윤치영,이종선,4
제3대,김병로,조경규,4
제헌,신상학,장병만,4
제4대,유성권,홍범희,4
제헌,이승만,이청천,4
제4대,김정렴,이재형,4
제2대,서상환,엄상섭,4
제4대,김정렬,신영주,4
제헌,나용균,이석주,4
제헌,김웅진,오택렬,4
제3대,이기붕,최영철,4
제3대,송방용,최용근,4
제3대,양일동,조영규,4
제4대,이종수,최용근,4
제헌,오용국,조영규,4
제3대,박재홍,홍창섭,4
제4대,장택상,최규남,4
제헌,강욱중,조영규,4
제3대,이근직,이재학,4
제헌,권태희,조영규,4
제3대,정재설,조만종,4
제2대,장택상,조정환,4
제헌,유진오,장기영,4
제4대,변진갑,정운갑,4
제헌,김익기,신익희,4
제4대,김상돈,손도심,4
제4대,장경근,한희석,4
제3대,이기붕,조용순,4
제3대,조순,천세기,4
제3대,유옥우,정규상,4
제4대,박현숙,하태환,4
제헌,김약수,배헌,4
제4대,김원만,주금용,4
제3대,도진희,조영규,4
제4대,윤유선,이형모,4
제3대,박종길,이재학,4
제3대,윤재욱,이기붕,4
제4대,김봉규,류순식,4
제헌,김교현,김재학,4
제헌,서상일,서우석,4
제헌,신익희,이상돈,4
제3대,이충환,장택상,4
제3대,양일동,이봉희,4
제2대,박기배,장택상,4
제3대,민관식,윤재욱,4
제헌,신성균,이정래,4
제3대,김의택,양일동,4
제3대,조정환,황성수,4
제헌,김약수,신방현,4
제4대,이근직,조영규,4
제헌,김우식,이문원,4
제헌,박순석,정광호,4
제헌,박준,정준,4
제4대,김원규,신두영,4
제4대,강태호,류순식,4
제3대,서정학,송방용,4
제3대,이형진,황성수,4
제4대,박철웅,정의필,4
제3대,이기붕,조정환,4
제4대,이상현,황숙현,4
제4대,원용석,이한빈,4
제4대,김석진,최원구,4
제헌,장병만,정해준,4
제헌,김명동,노일환,4
제4대,김선태,최규옥,4
제4대,곽의영,이재학,4
제2대,김정식,오의관,4
제3대,민영남,최순주,4
제헌,배중혁,조봉암,4
제4대,이병하,한희석,4
제헌,백성욱,신익희,4
제헌,김광준,김상돈,4
제4대,김정열,최용근,4
제헌,이석주,이원홍,4
제헌,신성균,정광호,4
제4대,김종대,오범수,4
제3대,류지원,최순주,4
제4대,정중섭,정현팔,4
제2대,남송학,윤길중,4
제2대,서상덕,장택상,4
제헌,윤치영,한통숙,4
제2대,이갑성,조봉암,4
제3대,송방용,이종림,4
제헌,노진설,서우석,4
제2대,류덕천,신익희,4
제4대,김술남,이은태,4
제4대,이갑도,정중섭,4
제4대,신현확,임문석,4
제4대,김원규,김의창,4
제2대,이갑성,장택상,4
제2대,서장주,조봉암,4
제3대,송우범,유옥우,4
제2대,장택상,전진한,4
제3대,민관식,이태용,4
제3대,유옥우,이태용,4
제3대,원용석,정성태,4
제4대,이덕영,한광석,4
제4대,김정열,유옥우,4
제4대,김신서,김종철,4
제4대,조순,최정우,4
제4대,고담용,유봉순,4
제4대,민장식,임철호,4
제헌,이병관,황두연,4
제4대,김응주,전효섭,4
제헌,박우경,조규갑,4
제3대,김기철,황성수,4
제4대,명주덕,손문경,4
제4대,원용석,조병옥,4
제헌,김준연,이인,4
제4대,김상돈,백선엽,4
제헌,서우석,유성갑,4
제4대,강용옥,이형모,4
제4대,김정렴,이갑식,4
제2대,윤치영,정문흠,4
제3대,이정휴,조경규,4
제4대,박병배,한광석,4
제헌,김철,진헌식,4
제3대,이재학,정대천,4
제4대,김창규,유용식,4
제4대,김일환,유승준,4
제헌,이영준,정광호,4
제헌,이성득,진헌식,4
제헌,김수선,이병관,4
제3대,송방용,조영규,4
제3대,이태용,정재완,4
제4대,윤택중,임철호,4
제3대,최순주,황경수,4
제4대,권복인,이영희,4
제4대,서정학,이옥동,4
제2대,이석기,조주영,4
제헌,박찬현,황호현,4
제3대,강세형,양일동,4
제3대,안준기,정준,4
제3대,유태영,정명섭,4
제4대,김정렬,이필호,4
제4대,박충모,오재영,4
제3대,이기붕,이정희,4
제헌,박기운,조국현,4
제4대,김의창,전효섭,4
제헌,김동준,김약수,4
제4대,이존일,한광석,4
제헌,오용국,조헌영,4
제4대,서임수,최세황,4
제4대,송인상,진형하,4
제2대,노기용,엄상섭,4
제4대,이재학,이종준,4
제4대,권오종,서임수,4
제헌,박찬현,조한백,4
제헌,서우석,이성득,4
제4대,오임근,이재학,4
제4대,박철웅,임철호,4
제3대,박만원,박정근,4
제4대,엄상섭,최인규,4
제3대,송방용,정준모,4
제3대,박흥규,임철호,4
제3대,박영종,정재설,4
제헌,박순석,이승만,4
제헌,김봉조,정광호,4
제4대,전성천,정남택,4
제헌,권태희,이영준,4
제헌,권태희,황호현,4
제4대,박종식,정대천,4
제헌,이문원,이진수,4
제4대,문봉제,박흥규,4
제헌,오석주,오택렬,4
제헌,이인,홍범희,4
제3대,박해정,정준,4
제2대,박철웅,장택상,4
제3대,곽상훈,김재곤,4
제헌,이순탁,홍성하,4
제3대,조영규,천병규,4
제헌,김준연,박순석,4
제헌,김병로,김약수,4
제4대,주병환,최인규,4
제3대,이재학,최하영,4
제2대,김태선,조봉암,4
제헌,노일환,서용길,4
제헌,이강우,이진수,4
제4대,박찬현,이재학,4
제3대,박순석,이철승,4
제3대,손도심,최순주,4
제헌,김영동,홍성하,4
제3대,소선규,이호,4
제4대,권성기,김원규,4
제4대,박영교,최인규,4
제3대,김종신,윤우경,4
제4대,박해정,홍진기,4
제4대,국쾌남,나상근,4
제4대,오범수,이성호,4
제헌,김인식,서용길,4
제4대,김두진,최하영,4
제4대,류지원,이정휴,4
제헌,조영규,홍성하,4
제4대,김훈,한희석,4
제2대,박영출,조광섭,4
제4대,이갑식,이종준,4
제헌,김영기,최운교,4
제4대,김일환,조한백,4
제3대,민관식,정성태,4
제헌,신익희,이요한,4
제3대,김종갑,황성수,4
제4대,김종대,박만원,4
제4대,강영훈,성원경,4
제4대,이재현,황호현,4
제4대,서범석,손도심,4
제3대,이철승,조영규,4
제헌,서이환,조국현,4
제헌,장홍염,조국현,4
제4대,이근상,전성천,4
제헌,박해정,신성균,4
제3대,이충환,최규남,4
제3대,임우영,최순주,4
제4대,정재완,한희석,4
제헌,김상돈,조국현,4
제3대,김원태,박흥규,4
제4대,김규진,민관식,4
제헌,정도영,조헌영,4
제2대,신중목,윤치영,4
제4대,김학준,임철호,4
제3대,박순석,유옥우,4
제헌,윤병구,최운교,4
제4대,김원전,이종남,4
제4대,서임수,조일재,4
제3대,안준기,황성수,4
제4대,류근창,박덕영,4
제3대,류순식,박영종,4
제4대,김도연,정영기,4
제4대,김상도,박해정,4
제2대,박철웅,이호,4
제2대,김정기,조봉암,4
제4대,이재형,지창하,4
제4대,박병배,이익흥,4
제헌,신익희,윤영선,4
제4대,권성기,김두진,4
제4대,송원영,전영석,4
제4대,이철승,전봉희,4
제4대,나상근,한희석,4
제4대,김정권,신영주,4
제2대,장택상,정운근,4
제2대,신익희,윤인상,4
제헌,김광준,지대형,4
제3대,송우범,조경규,4
제헌,정광호,홍성하,4
제4대,송인상,천병규,4
제2대,김수학,윤치영,4
제4대,박상운,최석림,4
제4대,김두일,박순석,4
제헌,조헌영,지대형,4
제3대,정갑주,황성수,4
제4대,박순천,이재학,4
제3대,김재황,이기붕,4
제3대,김의택,황성수,4
제4대,김일환,이재학,4
제3대,이성주,하을춘,4
제3대,민관식,양일동,4
제4대,류청,이재학,4
제4대,이철승,이호진,4
제3대,곽상훈,윤만석,4
제4대,김대식,이철승,4
제4대,김원전,천병규,4
제3대,김영찬,조영규,4
제4대,김공평,박충모,4
제3대,신태권,오임근,4
제4대,유승준,이기붕,4
제4대,류홍,한희석,4
제헌,김병회,김수선,4
제헌,곽상훈,김광준,4
제4대,안균섭,주영복,4
제헌,김옥주,신현돈,4
제4대,류진산,박순석,4
제4대,손문경,이성우,4
제4대,이원장,최세황,4
제헌,박순석,최운교,4
제4대,송영주,임차주,4
제3대,김동욱,정상열,4
제헌,김재학,유진오,4
제3대,오영재,이태용,4
제3대,박영종,황남팔,4
제3대,문봉제,박해정,4
제3대,박정근,함두영,4
제4대,송인상,한희석,4
제헌,김상돈,정해준,4
제헌,김동원,김유택,4
제4대,문종두,유성권,4
제3대,이철승,함두영,4
제4대,임철호,지영진,4
제3대,김영선,김일환,4
제3대,조경규,함재훈,4
제헌,김약수,이병국,4
제2대,이한창,조봉암,4
제3대,박만원,정세환,4
제헌,김상돈,조헌영,4
제3대,강성태,최순주,4
제4대,안춘생,유성권,4
제2대,신익희,양병일,4
제4대,오범수,이원장,4
제헌,김옥주,신상학,4
제2대,곽의영,백남식,4
제4대,김병윤,박철웅,4
제3대,곽상훈,손원일,4
제4대,강성태,안용대,4
제2대,엄상섭,조광섭,4
제3대,나희집,박정근,4
제4대,유성권,전형산,4
제4대,김정렬,민관식,4
제3대,김일환,이기붕,4
제2대,민의원,조중서,4
제3대,박흥규,신행용,4
제헌,강욱중,김수선,4
제4대,김원전,오임근,4
제4대,김동석,이재학,4
제3대,김판술,이태용,4
제3대,곽상훈,박정근,4
제4대,이재형,임철호,4
제3대,김일,황성수,4
제헌,김철수,조종승,4
제4대,박창화,윤용구,4
제4대,김두진,안희경,4
제3대,이영섭,황성수,4
제4대,박종식,정준모,4
제4대,류진산,장택상,4
제헌,김옥주,김인식,4
제4대,김종대,이형모,4
제헌,박우경,이정래,4
제3대,신각휴,이중재,4
제4대,김두진,이재학,4
제4대,정대천,조호갑,4
제헌,조헌영,홍희종,4
제4대,김도연,김재곤,4
제헌,김봉조,김약수,4
제3대,박영종,정해영,4
제2대,이도영,조봉암,4
제헌,이승만,홍희종,4
제헌,장병만,진헌식,4
제헌,오택렬,윤치영,4
제3대,김현철,황경수,4
제3대,이기붕,정존수,4
제4대,손문경,양일동,4
제4대,강영훈,신영주,4
제4대,김규성,나판수,4
제헌,백관수,신성균,4
제헌,이성학,조헌영,4
제4대,장병균,홍범희,4
제3대,정기원,황성수,4
제4대,이양수,임문석,4
제2대,고병간,조봉암,4
제4대,이용범,최용근,4
제헌,권승열,유진오,4
제4대,김석진,오임근,4
제헌,정도영,조영규,4
제4대,이병하,전창희,4
제4대,손문경,최세황,4
제3대,조용순,한동석,4
제헌,서용길,홍성하,4
제헌,서상일,조국현,4
제4대,구봉회,진형하,4
제헌,김옥주,김용재,4
제4대,김주묵,민병기,4
제4대,손재형,임철호,4
제4대,박병배,이정휴,4
제4대,김두진,이상용,4
제3대,양영주,양일동,4
제3대,김정렬,김종신,4
제4대,류순식,이명선,4
제3대,박영종,조병문,4
제3대,양영주,정운갑,4
제4대,김동욱,최정우,4
제헌,나용균,서우석,4
제4대,류진산,류홍,4
제4대,정세환,최용근,4
제헌,이성득,조영규,4
제4대,박영교,송원영,4
제헌,김준연,백관수,4
제2대,신익희,이종순,4
제3대,김두진,조정환,4
제3대,김성복,이기붕,4
제2대,백락준,조봉암,4
제헌,김병회,지대형,4
제3대,이충환,한희석,4
제4대,김일환,정영기,4
제헌,권태희,김철,4
제3대,이충환,최규옥,4
제헌,김문평,조헌영,4
제헌,김병회,김영기,4
제3대,윤우경,이철승,4
제4대,이성우,이영준,4
제4대,윤용구,이상현,4
제4대,엄상섭,홍진기,4
제4대,강영훈,서임수,4
제4대,윤병구,한희석,4
제2대,윤치영,최재유,4
제3대,김일환,유옥우,4
제헌,김형원,신익희,4
제헌,김옥주,박찬현,4
제헌,민경식,조헌영,4
제3대,박흥규,이봉희,4
제4대,정성태,최규하,4
제4대,김주묵,서범석,4
제4대,나용균,한희석,4
제2대,노기용,백두진,4
제4대,국회의사,권오종,4
제4대,고담용,김정열,4
제3대,이동환,이형모,4
제4대,성원경,이필호,4
제헌,장희창,홍성하,4
제4대,류순석,박순석,4
제4대,이재학,인태식,4
제3대,양일동,최병권,4
제4대,신언한,엄상섭,4
제헌,김우식,오석주,4
제4대,박만원,진형하,4
제3대,김동욱,함두영,4
제3대,오형근,최용근,4
제4대,박충모,서범석,4
제헌,강기문,이강우,4
제4대,김준연,이기붕,4
제헌,강욱중,윤치영,4
제4대,박종표,이병하,4
제3대,이재학,정규상,4
제헌,김동원,류래완,4
제4대,서범석,이정용,4
제3대,김일,이재학,4
제헌,오택관,조한백,4
제4대,권성기,원용석,4
제4대,이강학,정중섭,4
제2대,이진수,최국현,4
제4대,이존화,한희석,4
제4대,김상도,안균섭,4
제4대,이필호,홍범희,4
제3대,이형모,정기원,4
제4대,임철호,조종호,4
제4대,김원만,문봉제,4
제3대,김정호,장덕창,4
제헌,김명동,윤병구,4
제헌,신상학,최헌길,4
제헌,권태희,박해극,4
제헌,정도영,조국현,4
제헌,권병로,윤치영,4
제3대,이영희,조영규,4
제4대,김상도,박창화,4
제헌,김경도,박순석,4
제2대,서상권,조봉암,4
제4대,정재설,한희석,4
제4대,이종우,이철승,4
제4대,윤용구,하태환,4
제4대,이재학,전형산,4
제헌,김준연,유진홍,4
제3대,안정근,황경수,4
제헌,김광준,백관수,4
제3대,박만원,오형근,4
제3대,김병윤,양일동,4
제4대,윤재근,이필호,4
제4대,김영준,배성기,4
제4대,권소협이,김상도,4
제4대,강영훈,장덕창,4
제헌,김옥주,이성학,4
제4대,서정귀,이종남,4
제헌,김웅진,박윤원,4
제2대,양성봉,조봉암,4
제4대,권오종,유태영,4
제3대,정상열,정해영,4
제4대,김석진,이영희,4
제헌,윤치영,이순탁,4
제3대,김영상,조경규,4
제4대,김태동,주요한,4
제3대,권중돈,황성수,4
제3대,윤만석,이재학,4
제헌,서용길,장병만,4
제헌,박윤원,조국현,4
제헌,김준연,홍성하,4
제헌,김광준,김상덕,4
제3대,소선규,정재설,4
제4대,김재곤,박병배,4
제2대,서상환,윤치영,4
제4대,김병윤,홍순희,4
제4대,박계진,황성수,4
제4대,김봉렬,유성권,4
제3대,천병규,황남팔,4
제3대,윤형남,홍창섭,4
제헌,박순석,이정래,4
제헌,정준,조한백,4
제헌,이재형,홍성하,4
제4대,김병윤,김철안,4
제3대,남송학,문봉제,4
제헌,김광준,신상학,4
제4대,김상도,김정기,4
제4대,안균섭,최병권,4
제3대,양일동,윤형남,4
제2대,김형덕,윤치영,4
제헌,이인,정준,4
제헌,강욱중,서상일,4
제4대,이성주,조영규,4
제3대,박정근,이열모,4
제4대,국쾌남,이용범,4
제헌,윤길중,조헌영,4
제헌,김병회,이진수,4
제3대,문봉제,최영철,4
제4대,박상운,정규상,4
제3대,이기붕,이종수,4
제4대,김병국,나판수,4
제헌,노일환,유진홍,4
제3대,김상도,최순주,4
제4대,구철회,임철호,4
제2대,김상현,조봉암,4
제3대,김일환,양일동,4
제헌,김영기,김인식,4
제4대,박만원,정재원,4
제3대,유완창,한동석,4
제4대,권성기,박철웅,4
제4대,김상도,김성탁,4
제4대,김영관,이원장,4
제헌,서우석,황두연,4
제4대,반재현,이응준,4
제3대,박영종,홍창섭,4
제3대,박용익,하을춘,4
제3대,양일동,유옥우,4
제3대,이재학,이정희,4
제헌,육홍균,윤치영,4
제3대,임철호,정상열,4
제4대,배성기,정남규,4
제헌,오택열,이진수,4
제3대,이기붕,임차주,4
제4대,김응주,김재곤,4
제3대,곽의영,민관식,4
제헌,조국현,최석화,4
제3대,신정호,이열모,4
제4대,권성기,조영규,4
제4대,박종식,이종수,4
제3대,김유택,이충환,4
제2대,백낙준,홍창섭,4
제4대,김원규,김원전,4
제4대,권택상,조한백,4
제3대,유옥우,이형모,4
제4대,손영수,정남규,4
제2대,윤치영,홍익표,4
제3대,류진산,조영규,4
제헌,박종만,윤치영,4
제2대,김명수,조봉암,4
제헌,장병만,조종승,4
제3대,김종신,남흥우,4
제3대,구용서,윤형남,4
제4대,김학준,손창환,4
제4대,김병윤,김정근,4
제4대,이재학,정재설,4
제2대,소선규,임흥순,4
제4대,김의준,최용근,4
제헌,김영동,오석주,4
제3대,최순주,함상훈,4
제3대,이영섭,조영규,4
제4대,김창동,한희석,4
제3대,곽상훈,정해영,4
제2대,대리,조봉암,4
제4대,이영희,정규상,4
제4대,윤재근,정규상,4
제헌,이성학,조영규,4
제헌,신성균,이성득,4
제헌,김수선,최헌길,4
제3대,곽상훈,황남팔,4
제4대,권오종,김석진,4
제4대,김석진,나판수,4
제헌,노일환,박윤원,4
제헌,신성균,윤석구,4
제3대,송우범,하태환,4
제3대,손석두,윤형남,4
제헌,김광준,최운교,4
제4대,김원중,이영희,4
제4대,박만원,박찬현,4
제4대,이형모,한희석,4
제4대,김의창,김재곤,4
제헌,이병관,홍성하,4
제헌,서용길,최운교,4
제2대,윤택중,장택상,4
제4대,김순희,황성수,4
제2대,이진수,조광섭,4
제4대,신영주,황정철,4
제헌,김동원,이순탁,4
제2대,신익희,이판열,4
제3대,이존화,최순주,4
제헌,박상영,이주형,4
제2대,이종현,이충환,4
제4대,김정환,신규식,4
제4대,김석근,손도심,4
제3대,김동조,정형모,4
제4대,박만원,오임근,4
제헌,서용길,조한백,4
제3대,조영규,최창섭,4
제4대,손창환,하태환,4
제4대,석상옥,윤명운,4
제헌,권태희,장병만,4
제헌,이진수,황병규,4
제4대,김정근,윤용구,4
제헌,김교현,이진수,4
제4대,김원태,이성우,4
제3대,김종규,이재학,4
제3대,김진만,황성수,4
제4대,류순식,정헌주,4
제헌,김동원,임병직,4
제3대,김용우,이재학,4
제4대,구용서,조한백,4
제4대,박종식,유옥우,4
제헌,김동원,백성욱,4
제3대,손도심,이철승,4
제3대,송우범,이재학,4
제헌,김철,조한백,4
제4대,이옥동,이재학,4
제헌,김준연,이성학,4
제4대,정상숙,정중섭,4
제4대,김원규,이재학,4
제헌,김옥주,최태규,4
제3대,김치영,이재학,4
제3대,김치영,조순,4
제헌,김인식,박기운,4
제3대,곽상훈,류지원,4
제3대,민관식,임철호,4
제4대,그것은,이철승,4
제2대,오의관,이진수,4
제4대,김송환,이은복,4
제2대,엄상섭,조주영,4
제2대,김동성,안용대,4
제2대,이병홍,장택상,4
제3대,신행용,황성수,4
제4대,박영교,윤대은,4
제4대,이영언,최천,4
제헌,김동원,신성모,4
제헌,박해정,정광호,4
제헌,이인,조국현,4
제4대,박종식,손문경,4
제2대,김용무,신익희,4
제4대,문종두,전성천,4
제4대,최용근,한광석,4
제헌,김우식,박순석,4
제헌,이진수,지대형,4
제헌,김약수,이유선,4
제3대,이형진,지창하,4
제4대,양일동,이정용,4
제4대,김의준,조순,4
제헌,김광준,이정래,4
제4대,박흥규,조정환,4
제3대,서인홍,이재학,4
제헌,김수선,진헌식,4
제4대,조일재,한희석,4
제헌,김인식,윤병구,4
제헌,원용한,이승만,4
제헌,나용균,이승만,4
제4대,류지원,홍범희,4
제2대,김수학,홍헌표,4
제헌,최운교,황두연,4
제4대,조재천,한근조,4
제3대,김상돈,김성호,4
제3대,곽상훈,인태식,4
제4대,김장섭,장택상,4
제4대,김효창,민장식,4
제헌,이성학,조종승,4
제3대,조영규,한희석,4
제헌,이범석,한창수,4
제헌,유진오,조영규,4
제3대,김철안,소선규,4
제헌,이석,장병만,4
제3대,김준환,양일동,4
제헌,이승만,이호석,4
제헌,박윤원,조영규,4
제3대,권중돈,우만형,4
제4대,김재위,이종수,4
제4대,박순천,이존화,4
제헌,김상돈,이진수,4
제3대,구흥남,김원태,4
제3대,양영주,유옥우,4
제2대,김우성,신익희,4
제3대,김병윤,김종신,4
제4대,권성기,주요한,4
제4대,정규상,현오봉,4
제4대,계광순,나판수,4
제3대,양일동,최용근,4
제2대,엄상섭,조진만,4
제4대,문봉제,이형모,4
제3대,김형근,서임수,4
제헌,김옥주,신성균,4
제헌,김웅진,이성학,4
제4대,박만원,신두영,4
제4대,박병배,조일재,4
제4대,박덕영,저희가,4
제4대,이종남,임철호,4
제3대,김기철,박용익,4
제4대,민한식,오범수,3
제2대,우문,윤길중,3
제헌,유홍렬,윤치영,3
제헌,김수선,이성득,3
제3대,유태영,이형진,3
제헌,이정래,조규갑,3
제4대,이선교,이존화,3
제헌,이원홍,장홍염,3
제헌,서이환,정구삼,3
제헌,김우식,이종린,3
제헌,김철,윤병구,3
제헌,김약수,오기열,3
제헌,박상영,조국현,3
제헌,문시환,신성균,3
제3대,이철승,홍창섭,3
제4대,구용서,문종두,3
제4대,권택상,김두진,3
제4대,김석진,이회근,3
제헌,김동원,오기열,3
제헌,김옥주,최국현,3
제헌,오택렬,조헌영,3
제3대,강성태,구흥남,3
제4대,김재곤,조일환,3
제3대,민관식,정운갑,3
제3대,김의택,박흥규,3
제2대,박영출,이규갑,3
제2대,서범석,홍창섭,3
제3대,신각휴,조경규,3
제4대,원용석,최인규,3
제3대,김한기,신정호,3
제헌,김웅진,김재학,3
제4대,윤담,전봉희,3
제2대,김동성,김준태,3
제헌,김우식,박해정,3
제헌,유성갑,이석주,3
제3대,이태용,이형모,3
제4대,이태용,조영규,3
제3대,김판술,이형모,3
제헌,김교현,조한백,3
제4대,변진갑,이상현,3
제헌,김익로,조헌영,3
제헌,오석주,홍성하,3
제3대,김도연,박도언,3
제3대,민영남,이충환,3
제헌,이성득,장병만,3
제헌,이윤영,조헌영,3
제헌,김영기,이석,3
제3대,김영선,박영종,3
제4대,류순식,이호진,3
제3대,김도연,송인상,3
제헌,서우석,장면,3
제3대,유봉순,이충환,3
제3대,김법린,조병문,3
제헌,유진오,조국현,3
제4대,허형구,홍승업,3
제4대,이영희,임우영,3
제4대,최병환,최희송,3
제3대,김선태,조영규,3
제헌,서상일,이종근,3
제4대,나판수,박병배,3
제4대,김재곤,양일동,3
제3대,김동욱,송방용,3
제헌,김종선,신익희,3
제헌,오용국,유진홍,3
제4대,김원만,전영석,3
제4대,김종대,박해정,3
제4대,최병환,최인규,3
제4대,권오종,최인규,3
제헌,곽상훈,조종승,3
제3대,민관식,배영호,3
제헌,권태희,신상학,3
제헌,조헌영,주기용,3
제4대,구태회,김신서,3
제3대,오임근,황성수,3
제3대,민영남,정해영,3
제3대,소선규,이충환,3
제헌,김봉조,서상일,3
제4대,권복인,이종남,3
제헌,박찬현,이인,3
제3대,김치영,박흥규,3
제4대,박만원,서임수,3
제헌,김준연,유진오,3
제4대,김원만,지영진,3
제4대,우만형,이재학,3
제헌,곽상훈,진헌식,3
제4대,권중돈,손도심,3
제4대,김현철,류홍,3
제3대,손도심,이충환,3
제헌,이성득,조국현,3
제헌,오택렬,조종승,3
제3대,곽상훈,함두영,3
제헌,배중혁,육홍균,3
제4대,박흥규,최응복,3
제2대,박제환,조봉암,3
제헌,백관수,전진한,3
제4대,김석진,신도성,3
제헌,신익희,장택상,3
제헌,이종현,조종승,3
제헌,서우석,이구수,3
제헌,신익희,임병직,3
제4대,정긍모,하태환,3
제4대,유용식,이종우,3
제3대,박정근,정운갑,3
제2대,윤치영,지청천,3
제4대,김도연,김두진,3
제3대,정준,조순,3
제헌,권태희,나용균,3
제4대,이호진,조재천,3
제헌,김옥주,박해정,3
제헌,오택렬,이원홍,3
제헌,김용재,장면,3
제헌,김광준,김웅진,3
제4대,이영언,천병규,3
제3대,박정근,이호,3
제4대,안용백,이재현,3
제4대,김석진,제길윤,3
제2대,박영출,서민호,3
제3대,원용석,정재완,3
제3대,구흥남,신태권,3
제4대,박병배,최영희,3
제헌,송봉해,유성갑,3
제2대,서민호,황병규,3
제4대,손창환,정남택,3
제2대,박정근,황병규,3
제4대,김상도,이동환,3
제4대,박현숙,이규성,3
제4대,손석두,정규상,3
제3대,김영선,이철승,3
제4대,류청,박순천,3
제3대,양일동,이형진,3
제헌,박해정,신상학,3
제헌,김광준,이성학,3
제3대,강세형,송인상,3
제헌,박해극,조한백,3
제헌,김인식,이진수,3
제4대,김송환,정규상,3
제헌,오택렬,임영신,3
제헌,김봉두,조헌영,3
제4대,유봉순,최인규,3
제4대,권성기,최인규,3
제헌,서용길,윤치영,3
제4대,강영훈,홍범희,3
제헌,윤병구,홍순옥,3
제3대,김원태,박용익,3
제헌,김재학,장홍염,3
제3대,백남식,원용석,3
제4대,김철안,오임근,3
제4대,강영훈,김창규,3
제4대,권오종,박종식,3
제헌,김봉조,이성학,3
제4대,이상용,이은태,3
제3대,이재학,정상열,3
제헌,김병회,최운교,3
제헌,김종선,조국현,3
제헌,박해정,이영준,3
제4대,박종식,박창화,3
제헌,오택렬,정준,3
제헌,이재학,조종승,3
제2대,소선규,안용대,3
제4대,이재형,정세환,3
제헌,김병회,서상일,3
제4대,이규일,전성천,3
제2대,변진갑,이범승,3
제헌,이석,정광호,3
제헌,김우식,이원홍,3
제4대,이영희,정남규,3
제4대,박주희,이갑식,3
제헌,김재학,이정래,3
제헌,김약수,김효석,3
제3대,강세형,류진산,3
제4대,류순식,정홍섭,3
제헌,김옥주,백관수,3
제헌,권태희,김광준,3
제4대,안균섭,한희석,3
제4대,신규식,정영기,3
제4대,이동환,이종남,3
제4대,구철회,조순,3
제헌,이석주,조종승,3
제3대,양일동,현석호,3
제4대,김선기,이원장,3
제4대,김두진,조정환,3
제4대,송인상,정명섭,3
제헌,김웅진,오석주,3
제헌,김광준,오석주,3
제2대,김정실,오의관,3
제헌,김병완,윤치영,3
제3대,구용서,박흥규,3
제4대,박숙희,이영희,3
제헌,박우경,이종순,3
제4대,이상용,최창섭,3
제3대,김대식,유옥우,3
제헌,윤치영,이윤영,3
제헌,김기철,김동원,3
제헌,조종승,홍순옥,3
제헌,오택렬,최운교,3
제4대,김원만,김재곤,3
제헌,윤석구,조국현,3
제헌,김인식,서우석,3
제4대,신영주,임흥순,3
제4대,김응주,현오봉,3
제헌,노일환,조옥현,3
제3대,오임근,이봉희,3
제4대,김봉관,유옥우,3
제헌,이승만,조국현,3
제4대,박찬현,천병규,3
제헌,김영동,이문원,3
제헌,서상일,장홍염,3
제헌,김철수,이성학,3
제2대,곽상훈,이재형,3
제4대,이정휴,하태환,3
제헌,배중혁,오택관,3
제2대,임기봉,장택상,3
제3대,김도연,손석두,3
제헌,박순석,이주형,3
제4대,송인상,주금용,3
제4대,우만형,한희석,3
제3대,신현주,장경근,3
제4대,곽의영,김봉렬,3
제헌,백관수,정광호,3
제헌,박해극,정광호,3
제헌,정해준,허정,3
제3대,박정근,백남식,3
제3대,김영준,이충환,3
제헌,김도연,조종승,3
제4대,김현철,윤용구,3
제3대,김영선,김한기,3
제헌,서상일,이남규,3
제헌,노일환,정해준,3
제헌,김수선,김옥주,3
제헌,박순석,장홍염,3
제3대,정해영,최경남,3
제3대,박영종,한희석,3
제4대,김원태,최응복,3
제헌,서용길,정구흥,3
제헌,김광준,이성득,3
제4대,양일동,조한백,3
제헌,이성득,장홍염,3
제헌,이구수,이남규,3
제3대,손석두,천병규,3
제4대,박만원,유용식,3
제헌,김병회,배중혁,3
제4대,김봉렬,김주묵,3
제헌,박우경,이석주,3
제4대,전효섭,정규상,3
제헌,이석주,최석화,3
제4대,김상돈,한광석,3
제4대,김재곤,홍범희,3
제4대,류순식,손문경,3
제4대,이두황,이사형,3
제4대,김형대,윤명운,3
제헌,이원홍,황두연,3
제3대,박영출,유옥우,3
제헌,김경배,윤치영,3
제헌,김우식,윤병구,3
제4대,김학준,이종시,3
제4대,나판수,박충모,3
제헌,김도연,김영동,3
제2대,백남식,신태익,3
제3대,김상돈,이인,3
제헌,윤치영,조옥현,3
제헌,김수선,이석주,3
제3대,나희집,최재유,3
제4대,신영주,최병환,3
제헌,이정래,조봉암,3
제헌,이종현,장병만,3
제4대,김공평,이필호,3
제헌,오택렬,조국현,3
제4대,오임근,유성권,3
제4대,조영규,최규하,3
제3대,유옥우,조용순,3
제헌,김옥주,이석,3
제3대,유옥우,정갑주,3
제4대,나판수,허판수,3
제4대,백선엽,신영주,3
제3대,오형근,인태식,3
제3대,김재곤,최순주,3
제4대,김창규,하태환,3
제3대,김윤기,민관식,3
제4대,박종식,정재원,3
제4대,그렇게,유영준,3
제4대,문종두,최세황,3
제헌,오용국,이원홍,3
제헌,김경도,이승만,3
제4대,주요한,지창하,3
제헌,조국현,황윤호,3
제헌,김중기,황두연,3
제3대,김철안,박용익,3
제4대,김두진,이용운,3
제헌,김상덕,서우석,3
제3대,박도언,오형근,3
제2대,윤성순,장택상,3
제헌,이원홍,정도영,3
제2대,김정식,이종형,3
제3대,이응준,최병권,3
제헌,윤석구,홍성하,3
제4대,김희덕,이종남,3
제2대,김종회,우문,3
제4대,박흥규,양일동,3
제헌,윤병구,황호현,3
제헌,이순탁,지대형,3
제4대,서범석,손문경,3
제4대,이수용,이정휴,3
제헌,김철,서이환,3
제2대,박종만,윤치영,3
제3대,정규상,최규남,3
제헌,김옥주,오택렬,3
제4대,박해정,정세환,3
제4대,강명옥,홍진기,3
제헌,신광균,이진수,3
제3대,민복기,함두영,3
제3대,김영삼,송우범,3
제4대,강영훈,김대식,3
제3대,신각휴,양일동,3
제헌,류홍열,신익희,3
제3대,윤재욱,천세기,3
제4대,나판수,한옥신,3
제4대,윤재근,정중섭,3
제3대,류진산,양일동,3
제4대,김창동,윤용구,3
제3대,김정열,최병권,3
제4대,서임수,이정휴,3
제헌,김재학,노일환,3
제3대,박영종,최규남,3
제4대,이영언,홍승업,3
제헌,김약수,조옥현,3
제4대,김정렬,김훈,3
제3대,원용석,유진산,3
제4대,김장섭,이상현,3
제헌,김옥주,황병규,3
제3대,김한기,정해영,3
제2대,변영태,양우정,3
제3대,김만기,양일동,3
제4대,나용균,이강학,3
제헌,조헌영,황병규,3
제헌,조종승,최운교,3
제4대,김정렬,최세황,3
제헌,윤치영,이문원,3
제헌,조종승,황두연,3
제4대,손도심,우희창,3
제헌,정광호,최용덕,3
제3대,김상도,조병옥,3
제2대,윤치영,정기원,3
제4대,손문경,이영희,3
제2대,박정근,윤택중,3
제헌,이성학,이원홍,3
제헌,김경도,황호현,3
제헌,김인식,박순석,3
제3대,류순식,장경근,3
제4대,신도성,임문석,3
제2대,이수선,허남수,3
제3대,김동욱,정기원,3
제헌,서상일,이원홍,3
제헌,김경배,김철,3
제2대,여운홍,이진수,3
제헌,백관수,이진수,3
제헌,신상학,황호현,3
제헌,조국현,최국현,3
제3대,백남식,천병규,3
제헌,김옥주,이승만,3
제3대,곽상훈,정규상,3
제3대,박정근,황남팔,3
제헌,김철,이성득,3
제3대,신정호,정상열,3
제4대,박만규,이존화,3
제헌,김동원,양병직,3
제4대,박순천,윤제술,3
제4대,손창환,최용근,3
제헌,나용균,백관수,3
제3대,오임근,최용근,3
제4대,김두진,김종철,3
제4대,안용대,이종남,3
제4대,권택상,김석진,3
제4대,강용옥,박철웅,3
제헌,권태희,이석,3
제3대,김두한,양일동,3
제4대,정규상,최천,3
제헌,장홍염,황호현,3
제헌,권태희,서상일,3
제2대,여영복,조봉암,3
제헌,이진수,장홍염,3
제4대,서상준,조병옥,3
제헌,윤치영,홍범희,3
제헌,서이환,조영규,3
제4대,박흥규,윤명운,3
제헌,김철,박해정,3
제4대,권중돈,이용운,3
제헌,김철수,윤병구,3
제헌,박우경,장병만,3
제헌,백관수,장병만,3
제4대,박병배,이형모,3
제헌,서용길,이구수,3
제4대,김훈,박동균,3
제4대,김장섭,손문경,3
제3대,남송학,신의식,3
제헌,김도연,조헌영,3
제4대,권중돈,그것은,3
제3대,구흥남,조병옥,3
제4대,유승준,이은태,3
제헌,황두연,황병규,3
제4대,김공평,최영희,3
제4대,김웅수,백선엽,3
제4대,이형모,허판수,3
제2대,김수학,오의관,3
제3대,양영주,이철승,3
제헌,조국현,홍희종,3
제4대,그런,박병배,3
제헌,김광준,조종승,3
제헌,김경도,홍순옥,3
제3대,김윤기,박용익,3
제헌,김웅진,조헌영,3
제헌,김철수,박우경,3
제헌,김병회,김옥주,3
제4대,권오종,박상길,3
제헌,이구수,이진수,3
제4대,민병기,이민우,3
제헌,강욱중,이구수,3
제4대,안용백,이종준,3
제4대,서범석,최원구,3
제3대,김의준,박흥규,3
제헌,유진오,정해준,3
제3대,소선규,홍진기,3
제헌,이구수,이문원,3
제헌,권태희,김영동,3
제헌,윤병구,이구수,3
제4대,유기수,윤명운,3
제4대,나판수,이원장,3
제헌,신성균,이석주,3
제헌,백관수,유진홍,3
제2대,신각휴,신익희,3
제헌,백남채,윤치영,3
제4대,김윤기,신영주,3
제4대,김정렬,조일재,3
제3대,나희집,임철호,3
제3대,변진갑,윤형남,3
제헌,노일환,이정래,3
제2대,서민호,엄상섭,3
제헌,서상일,홍성하,3
제4대,정대천,정준모,3
제헌,서정희,이진수,3
제헌,김광준,최윤동,3
제헌,박윤원,조헌영,3
제헌,이재형,최운교,3
제3대,김상돈,박순석,3
제헌,민경식,조봉암,3
제3대,김정열,손권배,3
제4대,서범석,유옥우,3
제4대,김재위,정두길,3
제3대,김성복,유봉순,3
제4대,김도연,최용근,3
제헌,김영동,서상일,3
제3대,소선규,한희석,3
제헌,김옥주,윤치영,3
제4대,구흥남,김두진,3
제4대,윤형남,이태용,3
제4대,김동욱,조재천,3
제4대,구용서,김응주,3
제헌,김준연,장홍염,3
제2대,김정두,서범석,3
제4대,박만원,이영희,3
제4대,나상근,안용대,3
제2대,방만수,엄상섭,3
제헌,조종승,조한백,3
제3대,소선규,오임근,3
제4대,서상준,이형모,3
제4대,구흥남,이호진,3
제3대,남송학,이응준,3
제4대,원용덕,조일재,3
제4대,이한빈,정성태,3
제헌,곽상훈,이성득,3
제4대,김인권,김철안,3
제헌,유성갑,이성학,3
제2대,이종수,조봉암,3
제3대,곽의영,박영출,3
제헌,김명동,서상일,3
제헌,김웅진,육홍균,3
제3대,박순석,조영규,3
제3대,김동욱,이형진,3
제헌,김인식,장병만,3
제헌,신익희,채병덕,3
제3대,민영남,박정근,3
제4대,김봉관,김창동,3
제헌,이원홍,조종승,3
제2대,엄상섭,태완선,3
제헌,홍희종,황두연,3
제4대,임철호,정홍섭,3
제3대,윤형남,정상열,3
제헌,조종승,홍성하,3
제4대,김종철,김현철,3
제4대,윤용구,황숙현,3
제헌,박우경,신성균,3
제헌,박순석,이재형,3
제4대,김의준,박흥규,3
제3대,강성태,민복기,3
제4대,송원영,최인규,3
제헌,김상덕,김상돈,3
제헌,김동원,이종근,3
제4대,이종우,하태환,3
제헌,이석주,이주형,3
제헌,오용국,조국현,3
제4대,김병윤,정재설,3
제4대,박순석,이은태,3
제3대,오림근,정성태,3
제2대,윤길중,이재형,3
제3대,곽상훈,정준모,3
제헌,이문원,지대형,3
제4대,김선우,류진산,3
제4대,원용덕,최병권,3
제3대,오임근,이중재,3
제3대,박세경,양일동,3
제4대,이원장,진형하,3
제헌,권태희,김동준,3
제3대,권중돈,이근직,3
제4대,김병윤,김용진,3
제헌,박윤원,이석주,3
제4대,권택상,정남택,3
제헌,신상학,이재형,3
제3대,신용욱,이재곤,3
제4대,권오종,문봉제,3
제4대,신규식,홍순희,3
제2대,박기배,엄상섭,3
제헌,김철,유진홍,3
제헌,김재학,최국현,3
제4대,김선우,이강학,3
제헌,김준연,이재형,3
제2대,백남식,이재형,3
제헌,서용길,이항발,3
제4대,이신득,이종수,3
제헌,김장열,이항발,3
제4대,김송환,이만우,3
제3대,김치영,박영종,3
제4대,류지원,신영주,3
제헌,문시환,진헌식,3
제3대,김기철,백남식,3
제헌,박순석,서순영,3
제4대,이병하,최남규,3
제4대,신규식,이기붕,3
제헌,이성학,정광호,3
제4대,김용진,김훈,3
제3대,이철승,조만종,3
제2대,이재형,태완선,3
제3대,김영선,박정근,3
제헌,서상일,오용국,3
제4대,오범수,이태용,3
제헌,권태희,이성학,3
제헌,나용균,황두연,3
제4대,구흥남,김선기,3
제헌,김병회,이정래,3
제헌,강욱중,박해극,3
제4대,권오종,김봉렬,3
제3대,문봉제,석상옥,3
제4대,김종대,최용근,3
제3대,이응준,정명섭,3
제헌,오택열,조한백,3
제4대,손도심,이정휴,3
제4대,이성우,이옥동,3
제2대,김인선,신익희,3
제3대,김종신,신현확,3
제헌,김재학,홍희종,3
제4대,김동조,조재천,3
제헌,노일환,윤병구,3
제3대,박흥규,조병문,3
제헌,권승열,한석범,3
제4대,김의준,이호진,3
제4대,김병윤,김원전,3
제헌,김상돈,조한백,3
제4대,김공평,오재영,3
제4대,김형돈,이존화,3
제4대,송인상,안용대,3
제헌,강욱중,윤병구,3
제헌,이진수,최용덕,3
제4대,유용식,이규성,3
제4대,송인상,오범수,3
제3대,박영종,이종림,3
제3대,이재곤,정명섭,3
제헌,김경배,진헌식,3
제헌,이주형,조국현,3
제4대,권성기,하태환,3
제4대,국쾌남,이갑식,3
제4대,최규옥,한근조,3
제4대,김재곤,조재천,3
제4대,김봉진,김상도,3
제4대,오임근,이태용,3
제헌,김교현,송창식,3
제4대,이철승,정성태,3
제헌,임영신,조한백,3
제4대,김훈,박현숙,3
제헌,김상덕,조헌영,3
제4대,박흥규,유충렬,3
제4대,박만원,송요찬,3
제4대,류지원,주금용,3
제4대,류순식,한희석,3
제3대,이호,정상열,3
제2대,변진갑,원용석,3
제4대,이은복,정규상,3
제3대,박흥규,하을춘,3
제3대,박만원,한동석,3
제헌,육홍균,이성학,3
제3대,신규식,조영규,3
제헌,박윤원,배중혁,3
제4대,윤명운,이병하,3
제4대,김창동,김철안,3
제3대,김판술,나희집,3
제헌,유진오,황두연,3
제3대,김병윤,김판술,3
제헌,이원홍,홍성하,3
제3대,양일동,윤재욱,3
제4대,이수용,한광석,3
제4대,박영교,이동희,3
제3대,박해정,정성태,3
제2대,김종순,윤길중,3
제4대,김대식,하태환,3
제헌,김상호,윤치영,3
제4대,김인권,임차주,3
제헌,김광준,김우식,3
제3대,김현철,유완창,3
제4대,손문경,윤명운,3
제3대,박만원,현석호,3
제헌,김웅진,이종순,3
제헌,백관수,홍성하,3
제4대,류순식,이상용,3
제헌,박해정,서우석,3
제4대,오재영,최창언,3
제헌,김중기,조헌영,3
제4대,손석두,최용근,3
제4대,손재형,오재경,3
제헌,이호석,조한백,3
제4대,김학준,오표,3
제3대,양일동,최재호,3
제4대,안용대,조한백,3
제4대,박상길,최규옥,3
제3대,송방용,이영섭,3
제헌,신익희,유홍렬,3
제3대,송방용,송인상,3
제4대,손문경,임봉순,3
제3대,박영종,최경남,3
제4대,류청,윤우경,3
제4대,신규식,천병규,3
제4대,김준연,신현확,3
제4대,강용옥,원용석,3
제4대,구철회,하태환,3
제헌,이성학,정도영,3
제헌,이석,정도영,3
제헌,장희창,최운교,3
제헌,김수선,박찬현,3
제헌,김광준,박찬현,3
제4대,조경규,조재천,3
제3대,김만기,안정근,3
제4대,홍범희,홍승업,3
제헌,김명동,서용길,3
제헌,김영동,박윤원,3
제헌,김광준,최규옥,3
제헌,이진수,황윤호,3
제헌,김재학,진헌식,3
제4대,정낙훈,정명섭,3
제2대,소선규,윤길중,3
제헌,권승열,박해정,3
제헌,신방현,유진홍,3
제헌,유진홍,황호현,3
제4대,임차주,조광희,3
제2대,김유택,황병규,3
제4대,박덕영,제가,3
제3대,김현철,박정근,3
제헌,대리,최윤동,3
제3대,권오종,이형진,3
제헌,박순석,홍성하,3
제헌,이정래,임영신,3
제4대,조영규,한성수,3
제3대,김의택,오임근,3
제3대,김의택,민영남,3
제헌,권병로,신익희,3
제헌,서상일,정준,3
제4대,서일교,진형하,3
제헌,김경배,이유선,3
제4대,김의창,유옥우,3
제헌,조한백,홍순옥,3
제4대,신영주,윤재근,3
제3대,김우동,박만원,3
제2대,윤길중,홍창섭,3
제3대,이호,한동석,3
제헌,박해정,최태규,3
제3대,김종규,김종신,3
제헌,김경배,이종순,3
제헌,이승만,허정,3
제4대,이병하,정중섭,3
제3대,박용익,서인홍,3
제4대,강영훈,김두진,3
제2대,김영선,안상한,3
제헌,신방현,윤치영,3
제헌,서우석,이성학,3
제4대,김상도,신효선,3
제헌,김영동,정해준,3
제4대,나상근,조한백,3
제헌,박순석,서용길,3
제헌,김준연,윤재욱,3
제3대,유봉순,이철승,3
제4대,김봉준,류청,3
제헌,황두연,황호현,3
제헌,김문평,유진홍,3
제4대,권택상,나상근,3
제4대,박흥규,오재경,3
제헌,이주형,최국현,3
제4대,박만규,최재유,3
제4대,정낙훈,황정철,3
제4대,김원규,주요한,3
제3대,유옥우,인태식,3
제헌,이재형,조한백,3
제2대,신익희,여영복,3
제헌,김경도,오용국,3
제헌,원장길,이진수,3
제헌,노일환,장병만,3
제헌,김광준,김수선,3
제헌,김용재,이주형,3
제헌,배중혁,정광호,3
제헌,서상일,이석주,3
제헌,김명동,신성균,3
제4대,주요한,한상구,3
제헌,권태희,유진홍,3
제헌,김철,이성학,3
제3대,이충환,조영규,3
제4대,이존화,조정환,3
제4대,김훈,임철호,3
제4대,신규식,임철호,3
제헌,배중혁,이문원,3
제2대,정문흠,지청천,3
제헌,이정래,조종승,3
제헌,유진홍,이강우,3
제헌,유진홍,조영규,3
제3대,이익흥,이재학,3
제헌,김교현,홍순옥,3
제3대,박정근,이형진,3
제헌,정해준,조한백,3
제3대,유봉순,정상열,3
제4대,김공평,하태환,3
제4대,나상근,문봉제,3
제4대,김철안,임차주,3
제4대,손문경,홍범희,3
제3대,김철주,이기붕,3
제헌,육홍균,이병관,3
제4대,김일환,민한식,3
제4대,안정근,조순,3
제2대,권중돈,홍헌표,3
제헌,이강우,최창섭,3
제헌,김광준,송봉해,3
제헌,오석주,최국현,3
제3대,박용익,서임수,3
제4대,권중돈,오범수,3
제3대,김상도,정준,3
제2대,김정식,이종현,3
제4대,박만원,윤우경,3
제헌,서용길,정광호,3
제3대,유옥우,이철승,3
제3대,곽상훈,정문흠,3
제헌,김영동,김철,3
제헌,이범석,홍성하,3
제4대,김의창,이영언,3
제헌,곽상훈,정준,3
제4대,류지원,솔직히,3
제헌,이원홍,최운교,3
제4대,송원영,이동희,3
제헌,김동원,유내완,3
제헌,박해극,이원홍,3
제4대,없습니다,이원장,3
제4대,김재곤,김진만,3
제헌,김준연,정준,3
제2대,곽의영,오의관,3
제3대,이형모,조용순,3
제4대,박동균,박현숙,3
제헌,김광준,김재학,3
제헌,박찬현,이정래,3
제헌,김교현,정준,3
제3대,남흥우,박정근,3
제헌,권태희,윤병구,3
제3대,김한기,백남식,3
제헌,김준연,이영준,3
제3대,김원태,이태용,3
제3대,박영종,하태환,3
제3대,류진산,송방용,3
제헌,김우식,육홍균,3
제4대,유기수,이호진,3
제4대,유봉순,유승준,3
제헌,박준,이성득,3
제헌,박우경,이원홍,3
제헌,김상돈,김우식,3
제2대,곽의영,김동성,3
제4대,천병규,황숙현,3
제헌,김문평,장병만,3
제4대,서정귀,이원장,3
제3대,박영종,손도심,3
제4대,이원장,홍범희,3
제헌,윤재근,이진수,3
제4대,서임수,유성권,3
제4대,권오종,유기수,3
제3대,민관식,최재유,3
제헌,이석,이정래,3
제4대,박덕영,이우용,3
제4대,류진산,최정우,3
제4대,이철승,해병대사,3
제헌,권승열,이석주,3
제2대,김용우,태완선,3
제헌,육홍균,황호현,3
제2대,이진수,조주영,3
제4대,이원장,조인구,3
제3대,배응도,이철승,3
제헌,장병만,최운교,3
제4대,권중돈,김정렬,3
제4대,이한빈,정남택,3
제3대,김익기,송방용,3
제헌,이석,이진수,3
제3대,신도성,최순주,3
제4대,김철안,박종식,3
제3대,김현철,함두영,3
제3대,구흥남,조영규,3
제헌,서우석,조영규,3
제헌,이정래,조영규,3
제헌,박우경,조한백,3
제3대,김치영,이형진,3
제헌,김약수,주기용,3
제3대,이인,조영규,3
제4대,윤명운,이성우,3
제헌,이문원,장홍염,3
제4대,김훈,송원영,3
제4대,권오종,한희석,3
제헌,구중회,최운교,3
제3대,곽상훈,손노티,3
제헌,유진오,황호현,3
제4대,이형모,홍범희,3
제헌,김철,신현돈,3
제4대,서범석,정중섭,3
제3대,김종신,서인홍,3
제헌,박기운,박순석,3
제헌,권태희,오석주,3
제3대,이철승,황남팔,3
제4대,엄상섭,조영규,3
제헌,김동원,김홍진,3
제3대,김치영,박정근,3
제4대,김종대,신규식,3
제4대,류진산,엄상섭,3
제헌,오석주,이정래,3
제헌,이승만,정해준,3
제3대,김두진,유옥우,3
제4대,김희덕,서범석,3
제3대,김동욱,이철승,3
제3대,김판술,최재유,3
제4대,박만원,이병하,3
제헌,신광균,조한백,3
제3대,김만기,이철승,3
제3대,양영주,정상열,3
제4대,김일환,정재완,3
제헌,김용재,황호현,3
제4대,김규성,오표,3
제헌,김병회,장홍염,3
제헌,오택렬,황호현,3
제헌,나용균,장경근,3
제4대,이수용,조일재,3
제헌,김용재,박찬현,3
제헌,김준연,조봉암,3
제헌,이강우,황호현,3
제헌,서용길,최윤동,3
제헌,김약수,이병관,3
제4대,김형돈,한상봉,3
제4대,김창규,류지원,3
제3대,김선태,정명섭,3
제헌,권승열,이성학,3
제4대,이동근,현영일,3
제헌,조영규,진헌식,3
제헌,노일환,주기용,3
제헌,오택렬,정광호,3
제헌,문시환,조헌영,3
제4대,김재곤,최재섭,3
제헌,이승만,이유선,3
제헌,신성균,홍희종,3
제4대,유충렬,임흥순,3
제헌,서용길,이남규,3
제3대,김치영,이태용,3
제3대,백남식,신도성,3
제헌,신익희,황희찬,3
제4대,류근창,안춘생,3
제2대,박영출,이종형,3
제3대,박만원,손권배,3
제헌,김철,이석주,3
제4대,박영두,임문석,3
제헌,배중혁,서우석,3
제4대,김수명,손도심,3
제4대,박흥규,이호진,3
제4대,김재위,서정귀,3
제3대,이중재,현석호,3
제헌,김인식,윤치영,3
제3대,권택상,천병규,3
제헌,박윤원,홍성하,3
제4대,이영희,홍순희,3
제4대,김경술,김상도,3
제4대,유태영,정성태,3
제3대,윤택선,정명섭,3
제3대,최정우,한동석,3
제4대,김의창,김인호,3
제헌,노일환,이문원,3
제헌,김수선,조종승,3
제4대,김인권,조광희,3
제헌,김광준,김옥주,3
제헌,박해극,이문원,3
제헌,권태희,지대형,3
제2대,소선규,윤택중,3
제헌,곽상훈,서우석,3
제헌,서성달,조국현,3
제헌,김명동,김상덕,3
제헌,박상영,최국현,3
제2대,김정식,태완선,3
제헌,서정희,신성균,3
제4대,김두진,오재경,3
제4대,박순석,천병규,3
제3대,조용순,현석호,3
제4대,민장식,윤택중,3
제헌,이진수,이호석,3
제4대,김주묵,문종두,3
제헌,문시환,송봉해,3
제헌,김종선,황병규,3
제4대,송원영,최희송,3
제헌,김명동,정준,3
제2대,박정근,엄상섭,3
제4대,김승진,이갑식,3
제2대,박만원,소선규,3
제4대,김신서,나상근,3
제헌,유성갑,이정래,3
제헌,이원홍,주기용,3
제헌,박윤원,박해극,3
제헌,박기운,백남채,3
제헌,김우식,유진오,3
제헌,강선명,서우석,3
제헌,김경도,이원홍,3
제헌,김재학,유성갑,3
제3대,윤재욱,정성태,3
제4대,손문경,이태용,3
제헌,조종승,허남수,3
제3대,강성태,양일동,3
제4대,김선태,조영규,3
제헌,김준연,이진수,3
제헌,강직순,이성학,3
제2대,신익희,최병주,3
제4대,권오종,김일환,3
제4대,김응주,이은복,3
제3대,박도언,박흥규,3
제4대,최남규,황성수,3
제헌,김인식,조영규,3
제3대,박해정,이종수,3
제3대,김지태,이기붕,3
제4대,윤용구,정재설,3
제2대,박영출,변영태,3
제헌,서우석,신상학,3
제3대,송경섭,이기붕,3
제헌,김영동,이성학,3
제3대,김현철,서인홍,3
제4대,이형모,전성천,3
제3대,김형근,송방용,3
제헌,박해정,홍순옥,3
제헌,이원홍,황호현,3
제헌,진헌식,최헌길,3
제헌,유진오,이원홍,3
제3대,김영선,이근직,3
제헌,김수선,정광호,3
제4대,류지원,장석윤,3
제헌,오석주,조영규,3
제4대,유옥우,황숙현,3
제2대,안용대,정남국,3
제4대,송인상,정남택,3
제2대,김형덕,장택상,3
제3대,오림근,현석호,3
제3대,박정근,홍창섭,3
제헌,김명동,박우경,3
제3대,김형근,유옥우,3
제헌,강욱중,이정래,3
제헌,김광준,이석주,3
제헌,이석주,허정,3
제헌,오택관,최운교,3
제3대,노진설,이충환,3
제헌,이정래,정균식,3
제헌,곽상훈,조영규,3
제4대,안희경,주요한,3
제2대,엄상섭,홍창섭,3
제3대,민관식,박영종,3
제2대,신익희,이동환,3
제4대,안용백,이환녕,3
제헌,윤재욱,정준,3
제3대,박종길,최하영,3
제4대,김선기,조영규,3
제4대,강태호,김상도,3
제2대,신익희,허남수,3
제헌,김명동,백관수,3
제2대,신익희,조헌영,3
제헌,유성갑,이원홍,3
제헌,나용균,최운교,3
제헌,서상일,최태규,3
제3대,김의창,박만원,3
제4대,김상돈,이우용,3
제4대,김현철,박찬현,3
제4대,유옥우,조광희,3
제헌,김영동,김옥주,3
제헌,이원홍,이정래,3
제헌,김병회,김웅진,3
제헌,김옥주,나용균,3
제4대,김용진,원용석,3
제4대,이원장,이종남,3
제헌,김상순,홍성하,3
제4대,민장식,장석윤,3
제4대,김선태,안여하,3
제4대,김선기,오범수,3
제2대,노기용,박정근,3
제3대,유옥우,윤인상,3
제4대,김선우,최희송,3
제3대,김준환,박정근,3
제4대,강명옥,손문경,3
제헌,김약수,대리,3
제헌,박찬현,이원홍,3
제4대,김용진,신규식,3
제헌,김우식,김철,3
제헌,유성갑,윤길중,3
제헌,박순석,박찬현,3
제3대,이기붕,전상요,3
제4대,구흥남,김현철,3
제헌,김동원,김상호,3
제4대,신영주,이재학,3
제헌,윤치영,이항발,3
제헌,류성갑,조헌영,3
제2대,김우평,조봉암,3
제헌,김영동,최운교,3
제3대,이갑식,조순,3
제헌,김중기,윤치영,3
제3대,김현철,양일동,3
제2대,윤길중,이진수,3
제4대,김성근,오범수,3
제4대,이영언,현오봉,3
제헌,이문원,정준,3
제3대,유봉순,하태환,3
제4대,서범석,유승준,3
제헌,오용국,황병규,3
제4대,윤제술,홍병각,3
제3대,김용우,박영종,3
제4대,나판수,최재섭,3
제3대,김두한,박영종,3
제4대,김석진,유기수,3
제헌,조종승,진헌식,3
제4대,김대식,유영준,3
제헌,김중기,조영규,3
제헌,김동원,장희창,3
제헌,김영동,윤치영,3
제헌,김병회,조국현,3
제헌,임영신,조국현,3
제3대,정상열,하태환,3
제4대,김선태,이병하,3
제4대,우희창,홍범희,3
제헌,김준연,정광호,3
제4대,김병국,이원장,3
제헌,김봉두,이승만,3
제헌,강기문,조한백,3
제헌,정구흥,조국현,3
제헌,강욱중,김영동,3
제헌,김종선,정준,3
제4대,임문석,전성천,3
제2대,공진항,백남식,3
제4대,김성곤,엄상섭,3
제4대,김규성,조대훈,3
제3대,이충환,정준,3
제4대,이동근,최인규,3
제4대,김동욱,윤형남,3
제헌,윤석구,윤재욱,3
제4대,박찬현,정규상,3
제4대,손문경,이종수,3
제4대,김훈,서임수,3
제3대,김종신,손권배,3
제3대,정일형,조정환,3
제헌,이진수,조옥현,3
제4대,이용범,조한백,3
제3대,김원태,김판술,3
제헌,서상일,서정희,3
제2대,김유택,노기용,3
제4대,김창동,윤병구,3
제헌,신상학,이석주,3
제3대,김동조,김영주,3
제4대,이종남,홍승업,3
제헌,권태희,홍성하,3
제3대,김판술,함두영,3
제헌,윤치영,장희창,3
제헌,서상일,육홍균,3
제헌,박우경,진헌식,3
제헌,김동원,빅순석,3
제헌,김상돈,윤병구,3
제헌,박해극,이정래,3
제헌,박우경,최창섭,3
제4대,문종두,최정우,3
제2대,김종회,백남식,3
제헌,이진수,이훈구,3
제3대,김형근,정상열,3
제4대,박용익,이존화,3
제2대,신익희,정헌주,3
제4대,구용서,박상운,3
제헌,유진홍,진헌식,3
제헌,김경배,김옥주,3
제헌,윤재욱,정해준,3
제3대,박정근,이갑식,3
제4대,문봉제,정성태,3
제4대,박상운,이형모,3
제4대,박순천,윤택중,3
제4대,박병배,이정용,3
제3대,김원태,박순석,3
제4대,김현철,양일동,3
제헌,이원홍,정준,3
제헌,장홍염,조영규,3
제헌,김영동,임영신,3
제3대,김영찬,이형모,3
제헌,민희식,신익희,3
제헌,김중기,이문원,3
제3대,신용욱,윤택선,3
제헌,김상순,이승만,3
제4대,권오종,최규옥,3
제4대,우희창,조일재,3
제헌,박순석,이호석,3
제헌,박순석,이성학,3
제헌,이석,황호현,3
제3대,양일동,우만형,3
제헌,윤재욱,장병만,3
제2대,신익희,이학림,3
제헌,이정래,정도영,3
제4대,이민우,천병규,3
제헌,김봉조,장병만,3
제헌,고병국,김동원,3
제3대,민관식,조영규,3
제4대,전효섭,현오봉,3
제헌,윤석구,조헌영,3
제헌,김봉조,홍성하,3
제4대,구흥남,민병기,3
제3대,양일동,함두영,3
제헌,윤병구,조한백,3
제헌,김철,유진오,3
제4대,김병윤,정운갑,3
제3대,윤보선,최순주,3
제헌,김영동,서우석,3
제4대,권복인,류홍,3
제4대,손창환,정성태,3
제3대,도진희,윤형남,3
제2대,안용대,엄상섭,3
제3대,신각휴,이기붕,3
제헌,박종환,신익희,3
제4대,박상길,정성태,3
제4대,이응준,정명섭,3
제3대,오임근,현석호,3
제헌,이인,조영규,3
제4대,곽의영,손문경,3
제헌,김경배,이석주,3
제4대,김인권,유옥우,3
제3대,강인택,최순주,3
제헌,김광준,박해정,3
제4대,권오종,김재위,3
제헌,김옥주,김웅진,3
제4대,구태회,김종철,3
제4대,신도성,윤명운,3
제헌,김약수,송봉해,3
제2대,백두진,조광섭,3
제3대,민관식,조정환,3
제헌,김동원,한창수,3
제헌,이훈구,조헌영,3
제헌,김광준,황두연,3
제4대,박철웅,임문석,3
제2대,서민호,홍헌표,3
제3대,박영종,황경수,3
제헌,신익희,오택열,3
제헌,유내완,이진수,3
제헌,박해정,황두연,3
제3대,백남식,정재설,3
제3대,김철안,신규식,3
제4대,강명현,강영훈,3
제4대,유상근,이상용,3
제3대,김준연,조영규,3
제헌,이진수,조봉암,3
제4대,민관식,오표,3
제2대,박정근,송방용,3
제3대,김상현,송우범,3
제헌,김명동,유진홍,3
제3대,윤형남,이열모,3
제헌,이석,최운교,3
제2대,윤치영,임흥순,3
제4대,보대리,유용식,3
제3대,송경섭,양영주,3
제4대,문종두,최희송,3
제2대,김정식,지청천,3
제헌,김동준,조헌영,3
제4대,김원전,원용석,3
제2대,김종순,황병규,3
제헌,김인식,윤재욱,3
제3대,김지준,정해영,3
제4대,김재곤,임문석,3
제3대,김성호,박영종,3
제2대,박만원,이충환,3
제헌,강욱중,이석주,3
제4대,김장섭,류진산,3
제4대,신현확,조일환,3
제3대,김동욱,류진산,3
제4대,이상용,임철호,3
제4대,이정휴,조신환,3
제헌,류래완,이승만,3
제헌,백관수,이원홍,3
제4대,강영훈,노태선,3
제3대,김지준,조경규,3
제4대,그런,이철승,3
제4대,서범석,이원장,3
제4대,서범석,오표,3
제3대,백남식,변영태,3
제헌,송봉해,이진수,3
제헌,김광준,홍성하,3
제4대,손도심,임철호,3
제헌,권태희,이주형,3
제2대,김동성,윤치영,3
제3대,이재학,정문흠,3
제헌,신광균,조국현,3
제헌,김경도,김약수,3
제4대,김창규,이원장,3
제헌,김준연,조국현,3
제3대,곽의영,박순석,3
제4대,유용식,이익흥,3
제4대,배성기,임철호,3
제4대,이수용,홍범희,3
제헌,김익로,이진수,3
제3대,박영종,정성태,3
제헌,문시환,이승만,3
제2대,김수학,김유택,3
제4대,곽의영,임철호,3
제헌,김옥주,황호현,3
제4대,최재유,홍병각,3
제4대,우희창,황인표,3
제헌,김약수,표현태,3
제헌,박우경,윤병구,3
제헌,이주형,최운교,3
제2대,서민호,안상한,3
제헌,신상학,최운교,3
제4대,김상도,박충모,3
제4대,곽의영,최인규,3
제4대,강용옥,김의창,3
제4대,이재학,진형하,3
제4대,오재경,이재현,3
제4대,김석진,조한백,3
제4대,이종수,정재원,3
제3대,백남식,오재경,3
제4대,정중섭,최남규,3
제3대,이중재,정상열,3
제헌,이재형,이진수,3
제3대,송경섭,유옥우,3
제4대,이용운,이철승,3
제헌,이성득,조헌영,3
제4대,박순천,안용백,3
제헌,윤치영,허정,3
제3대,소선규,양영주,3
제헌,김병회,나용균,3
제4대,박만원,임철호,3
제3대,김영찬,박정근,3
제헌,권태희,서용길,3
제헌,박순석,박우경,3
제2대,박영출,엄상섭,3
제3대,곽상훈,황경수,3
제2대,오위영,이재형,3
제3대,서극형,인태식,3
제헌,장택상,정준,3
제4대,서임수,이호진,3
제3대,백남식,최규남,3
제3대,김현철,이형진,3
제3대,김기철,김치영,3
제2대,김동성,장택상,3
제4대,김원전,최인규,3
제4대,신영주,유기수,3
제3대,박정근,최재유,3
제헌,김병회,이원홍,3
제4대,김창동,서정귀,3
제헌,남궁현,이진수,3
제4대,류순식,이병하,3
제헌,나용균,홍희종,3
제헌,권태희,박윤원,3
제3대,김준연,최순주,3
제4대,김현철,서정귀,3
제헌,김우식,백남채,3
제헌,김영동,김웅진,3
제2대,소선규,이충환,3
제4대,임차주,정재설,3
제3대,이순용,이충환,3
제3대,김의택,이석기,3
제헌,박해정,장경근,3
제헌,조한백,황호현,3
제헌,김동준,김명동,3
제4대,서상준,윤재근,3
제3대,곽상훈,권중돈,3
제3대,백남식,정문흠,3
제4대,정성태,최규옥,3
제4대,구철회,홍범희,3
제4대,주요한,최인규,3
제헌,이재형,조영규,3
제3대,이인,황성수,3
제4대,이종수,현영일,3
제2대,김수학,조경규,3
제4대,류진산,조영규,3
제4대,김종철,박종식,3
제헌,이종린,최운교,3
제4대,정명섭,최규옥,3
제4대,안덕기,임차주,3
제헌,강달수,김동원,3
제4대,김일환,윤형남,3
제4대,김준기,노태선,3
제2대,고영완,장택상,3
제3대,박흥규,이존화,3
제4대,김장섭,정남택,3
제4대,김재위,최용근,3
제4대,이성주,하태환,3
제4대,신현확,지영진,3
제3대,김정열,홍영기,3
제3대,김윤기,이형진,3
제헌,윤치영,이철원,3
제4대,박해정,조한백,3
제헌,김동원,이범교,3
제헌,조국현,홍성하,3
제4대,고담용,김선기,3
제4대,구흥남,박철웅,3
제헌,김옥주,정균식,3
제헌,김약수,최헌길,3
제4대,윤태은,이종수,3
제헌,곽상훈,윤길중,3
제4대,류순식,정재완,3
제헌,김경도,윤병구,3
제3대,박정근,이순용,3
제헌,윤치영,지청천,3
제4대,변시민,안용백,3
제4대,김의창,이은복,3
제4대,신현확,오임근,3
제4대,김성용,나판수,3
제헌,이진수,정도영,3
제헌,이인,정광호,3
제4대,손재형,이정휴,3
제4대,김선기,김형돈,3
제헌,김봉두,유진오,3
제3대,김형근,민관식,3
제4대,손도심,하태환,3
제3대,곽의영,한동석,3
제3대,박흥규,변영태,3
제2대,미국상원,신익희,3
제헌,나용균,정해준,3
제헌,김도연,박순석,3
제헌,김약수,홍순옥,3
제4대,김선우,박흥규,3
제헌,김병회,박순석,3
제헌,김광준,최헌길,3
제3대,박영종,변진갑,3
제헌,김병회,서우석,3
제4대,박상길,박종식,3
제3대,김의창,이충환,3
제2대,김유택,오위영,2
제3대,최갑환,최순주,2
제4대,민병기,유승준,2
제3대,김의택,변영태,2
제3대,곽상훈,장석윤,2
제3대,이재학,이종림,2
제3대,류지원,박영출,2
제4대,원용석,이태용,2
제2대,변집갑,조봉암,2
제3대,송인상,조경규,2
제3대,이것은,함두영,2
제3대,권성기,황성수,2
제3대,박영종,오임근,2
제4대,저희,조일재,2
제4대,공군의,유용식,2
제4대,고재필,이성주,2
제3대,김영선,최규남,2
제3대,권병호,이기붕,2
제헌,서정희,이정래,2
제헌,원용한,이구수,2
제3대,김준환,박흥규,2
제헌,백관수,이인,2
제헌,표현태,황윤호,2
제4대,김완길,이원장,2
제3대,곽상훈,우만형,2
제헌,김재학,이진수,2
제4대,손문경,엄상섭,2
제헌,김인식,최윤동,2
제4대,김응주,김일환,2
제헌,서우석,장홍염,2
제헌,권승렬,서상일,2
제2대,이호,조봉암,2
제헌,노일환,정광호,2
제2대,강경옥,김동성,2
제4대,조인구,진형하,2
제헌,김명동,박해극,2
제3대,이기붕,정홍섭,2
제3대,김두진,서인홍,2
제3대,오임근,인태식,2
제헌,박기운,원장길,2
제4대,류순식,이회근,2
제4대,박해정,안정근,2
제4대,나상근,이용범,2
제4대,신영주,이것은,2
제4대,최인규,하태환,2
제3대,나창헌,박도언,2
제3대,민관식,임흥순,2
제헌,유진오,조헌영,2
제4대,김장섭,정헌주,2
제3대,김종대,송방용,2
제2대,윤길중,이종현,2
제4대,김재곤,장병균,2
제4대,박원석,장덕창,2
제헌,김인식,박윤원,2
제헌,배중혁,오석주,2
제헌,박기운,박상영,2
제헌,김웅진,김철,2
제헌,김수선,박해정,2
제4대,김우창,민관식,2
제2대,대리,신익희,2
제4대,박흥규,임흥순,2
제헌,정광호,진헌식,2
제3대,오림근,원용석,2
제4대,박창화,하태환,2
제4대,민관식,손창환,2
제4대,박용익,이성주,2
제헌,박해정,이문원,2
제3대,김준환,박용익,2
제4대,엄상섭,이병하,2
제2대,소선규,신용욱,2
제3대,김영삼,최순주,2
제3대,김영삼,이철승,2
제4대,김석진,윤명운,2
제4대,안용백,한상봉,2
제3대,신행용,황남팔,2
제헌,김경도,조종승,2
제헌,박희병,윤치영,2
제4대,박병배,손도심,2
제헌,김효석,조영규,2
제4대,이종준,임철호,2
제헌,김약수,현근,2
제헌,김재학,이문원,2
제3대,김달수,이태용,2
제4대,이익흥,한희석,2
제헌,윤치영,이상규,2
제4대,관재비,이철승,2
제헌,김봉조,최운교,2
제3대,신행용,천병규,2
제2대,서민호,이진수,2
제3대,김형근,박영종,2
제4대,양일동,제길윤,2
제3대,최병국,최순주,2
제4대,문봉제,반재현,2
제헌,신태익,윤치영,2
제헌,차윤홍,최운교,2
제헌,서우석,조봉암,2
제헌,김익로,박윤원,2
제4대,류청,최응복,2
제4대,손영수,한희석,2
제헌,곽상훈,이남규,2
제3대,민관식,원용석,2
제3대,김종신,최인규,2
제헌,김경도,유성갑,2
제2대,김훈,박만원,2
제3대,남송학,염우량,2
제4대,김훈,이태용,2
제4대,없었지요,이철승,2
제헌,곽상훈,오용국,2
제4대,신현확,윤병구,2
제3대,김정열,양일동,2
제4대,임철호,조순,2
제헌,이성득,지대형,2
제3대,김춘호,조영규,2
제헌,김장열,이승만,2
제헌,김동원,백남칠,2
제4대,박만원,손재형,2
제4대,권오종,류순식,2
제4대,박철웅,천병규,2
제4대,최희송,한희석,2
제헌,원용한,황병규,2
제헌,김문평,조한백,2
제헌,강욱중,백관수,2
제헌,이영준,최운교,2
제4대,엄상섭,하태환,2
제4대,이필호,총장,2
제헌,김철수,이유선,2
제4대,이것은,이필호,2
제3대,김정호,정긍모,2
제3대,윤형남,정명섭,2
제2대,서상환,최국현,2
제헌,이문원,이석주,2
제헌,김명동,오택관,2
제헌,노일환,조국현,2
제4대,김용진,우만형,2
제헌,이남규,이윤영,2
제4대,이정용,진형하,2
제헌,김철,이승만,2
제4대,김종철,서정귀,2
제헌,문시환,정준,2
제2대,조봉암,조희현,2
제4대,강두기,오범수,2
제4대,김성곤,정성태,2
제2대,변영태,조광섭,2
제4대,곽의영,김준연,2
제4대,반재현,정존수,2
제헌,박윤원,이병관,2
제4대,손석두,오임근,2
제3대,송방용,조병문,2
제헌,민경식,이진수,2
제3대,오영재,현석호,2
제4대,유영준,이규성,2
제헌,윤재근,조헌영,2
제2대,이진수,장경근,2
제4대,유승준,최인규,2
제3대,백남식,신의식,2
제4대,박기희,신규식,2
제3대,이태용,정운갑,2
제4대,서범석,최정우,2
제3대,백남식,서인홍,2
제헌,김웅진,장경근,2
제2대,곽의영,오성환,2
제3대,김종갑,박영종,2
제헌,서순영,최운교,2
제헌,박상영,장홍염,2
제4대,이재학,정영기,2
제3대,김형근,신태권,2
제헌,김중기,오택관,2
제헌,송진백,조한백,2
제3대,이선근,이영희,2
제3대,박해정,손석두,2
제헌,서상일,윤재욱,2
제4대,김용진,임흥순,2
제4대,윤택중,황호현,2
제3대,이충환,홍진기,2
제헌,오택열,이원홍,2
제4대,김성탁,현오봉,2
제헌,서우석,이주형,2
제헌,김종선,정광호,2
제헌,지대형,황병규,2
제3대,김동욱,민관식,2
제3대,정긍모,홍영기,2
제3대,이호,황경수,2
제3대,김법린,이재학,2
제4대,박철웅,주요한,2
제3대,김치영,정해영,2
제헌,조봉암,최운교,2
제4대,구태회,한희석,2
제4대,김덕겸,정대천,2
제헌,주기용,홍성하,2
제4대,김원태,조순,2
제4대,윤제술,이원장,2
제헌,김상돈,윤길중,2
제3대,김준환,최용근,2
제4대,그래서,유용식,2
제4대,강태호,윤명운,2
제4대,김창동,이호상,2
제헌,신현돈,이정래,2
제4대,김종오,손도심,2
제헌,이상돈,장경근,2
제3대,김두진,인태식,2
제3대,이응준,이태용,2
제3대,김익기,이재학,2
제4대,박흥규,이응준,2
제3대,김재황,김정열,2
제헌,오석주,최헌길,2
제헌,김웅진,김인식,2
제3대,김상돈,소선규,2
제3대,신행용,이철승,2
제헌,이호석,정준,2
제헌,신성모,이강우,2
제4대,안용대,최인규,2
제2대,백남식,백두진,2
제2대,김양수,윤치영,2
제헌,김웅진,이성득,2
제3대,신각휴,현석호,2
제4대,김선우,윤명운,2
제4대,민관식,이기붕,2
제4대,김효창,윤택중,2
제4대,조병옥,주요한,2
제헌,배중혁,백관수,2
제4대,많이,이철승,2
제2대,양우정,이재형,2
제4대,박용익,엄상섭,2
제4대,김학준,이재학,2
제헌,권태희,송창식,2
제4대,이재학,황성수,2
제4대,윤우경,이갑식,2
제2대,권중돈,이종현,2
제4대,오재경,이철승,2
제헌,박윤원,이성득,2
제3대,류진산,신용욱,2
제4대,류진산,윤명운,2
제헌,김인식,송봉해,2
제3대,전진한,조병문,2
제3대,김영찬,정준,2
제헌,김용재,최태규,2
제2대,이재형,이진수,2
제헌,김명동,유진오,2
제4대,김원태,조일재,2
제4대,김공평,류지원,2
제4대,이기붕,정일형,2
제4대,문봉제,정재완,2
제헌,김덕열,김동원,2
제2대,박철웅,원용석,2
제3대,박영종,조병옥,2
제3대,이규석,이충환,2
제4대,박철웅,한희석,2
제4대,윤명운,최창섭,2
제4대,구철회,이재학,2
제헌,원용한,이주형,2
제4대,이원장,전부터,2
제헌,장홍염,정균식,2
제3대,이용범,최순주,2
제4대,박윤식,손영수,2
제헌,김병회,박기운,2
제3대,소선규,신행용,2
제헌,이원홍,정광호,2
제4대,구철회,권중돈,2
제헌,김수선,정도영,2
제헌,김영동,유진오,2
제헌,이병국,조헌영,2
제헌,류성갑,윤병구,2
제4대,서상준,원용석,2
제4대,박창화,한희석,2
제3대,양영주,이열모,2
제헌,서우석,임영신,2
제4대,김동욱,김두일,2
제3대,이용철,정성태,2
제4대,김두진,신두영,2
제3대,박영출,박흥규,2
제헌,김재학,지대형,2
제3대,안준기,장택상,2
제헌,정해준,지대형,2
제4대,김두일,이재학,2
제3대,김선우,최순주,2
제3대,강세형,구흥남,2
제3대,김지태,송방용,2
제4대,민영학,이원장,2
제2대,강경옥,김정두,2
제3대,박종길,오임근,2
제헌,권태희,노일환,2
제4대,김응주,김향수,2
제3대,정상열,조만종,2
제3대,김영환,조경규,2
제4대,김장섭,변진갑,2
제4대,김석진,김재곤,2
제3대,소선규,신규식,2
제3대,손권배,손석두,2
제4대,박상길,임철호,2
제4대,김종대,정규상,2
제헌,권태희,김병회,2
제4대,이종남,허판수,2
제3대,김영삼,김정열,2
제헌,김봉조,백관수,2
제헌,신익희,홍순녕,2
제4대,김의준,유옥우,2
제4대,된장,이필호,2
제4대,윤담,한광석,2
제헌,이남규,이석주,2
제4대,이철승,작년도,2
제3대,오재영,이재학,2
제헌,이재학,이재형,2
제헌,박찬현,최태규,2
제4대,금년도,이철승,2
제4대,이강학,주병환,2
제3대,갈홍기,한동석,2
제헌,오택관,정준,2
제3대,홍창섭,황성수,2
제헌,구중회,조영규,2
제3대,김종신,정명섭,2
제3대,김상현,조경규,2
제헌,이요한,최규옥,2
제헌,김명동,이진수,2
제3대,윤인상,이기붕,2
제헌,권승열,김봉두,2
제헌,이구수,이승만,2
제4대,유봉순,정재설,2
제3대,양영주,윤제술,2
제헌,박해극,진헌식,2
제4대,강성태,이갑식,2
제2대,김광준,김종순,2
제4대,구용서,홍봉진,2
제4대,정남택,최재유,2
제헌,김재학,박준,2
제헌,유진오,이석주,2
제헌,김용재,최석화,2
제4대,김응주,진석중,2
제3대,김익기,최순주,2
제헌,이문원,장병만,2
제4대,이기붕,이영희,2
제헌,김재학,박해정,2
제3대,김영선,백남식,2
제헌,구중회,김동준,2
제헌,김중기,서용길,2
제3대,류진산,한동석,2
제4대,김규만,신규식,2
제3대,이기붕,이상룡,2
제4대,이영언,이협우,2
제4대,오임근,황숙현,2
제헌,백성욱,서우석,2
제4대,손도심,아마,2
제3대,김만기,이형모,2
제4대,권중돈,최창언,2
제4대,성원경,안균섭,2
제3대,권중돈,문봉제,2
제4대,박용익,이옥동,2
제4대,김송환,김향수,2
제4대,윤명운,최남규,2
제헌,유진오,이항발,2
제3대,김치영,이기붕,2
제헌,김옥주,장병만,2
제4대,권오종,윤태은,2
제2대,윤담,윤치영,2
제4대,서범석,진형하,2
제2대,김문용,신익희,2
제3대,박도수,박흥규,2
제4대,박덕영,주로,2
제헌,나용균,윤재욱,2
제2대,변영태,이종현,2
제헌,김문평,박상영,2
제3대,문봉제,박재홍,2
제4대,권성기,임철호,2
제4대,박원석,이원장,2
제4대,진석중,현오봉,2
제3대,김도연,양일동,2
제헌,김중기,박기운,2
제헌,강기문,김철,2
제4대,구용서,김종철,2
제4대,김재곤,현오봉,2
제4대,주요한,최규하,2
제3대,이중재,이형진,2
제헌,서용길,오석주,2
제헌,장홍염,황두연,2
제3대,이선근,정재완,2
제헌,박순석,이훈구,2
제헌,조옥현,황두연,2
제3대,소선규,최정우,2
제4대,오재영,이재학,2
제3대,김성삼,송우범,2
제헌,강욱중,조봉암,2
제3대,김병윤,박정근,2
제3대,이응준,최영철,2
제3대,변진갑,최규옥,2
제4대,이양수,이원장,2
제헌,박순석,이영준,2
제2대,서민호,오성환,2
제4대,거기서,박덕영,2
제3대,원용석,현석호,2
제3대,정성태,홍진기,2
제헌,김광준,황호현,2
제헌,이진수,장면,2
제2대,이석기,이종형,2
제4대,임철호,정운갑,2
제4대,민관식,한희석,2
제3대,곽상훈,염우량,2
제3대,변영태,유진산,2
제3대,류순식,하을춘,2
제헌,권병로,김우식,2
제4대,이원장,해군하고,2
제헌,김약수,이종근,2
제2대,이종형,황병규,2
제3대,박해정,장택상,2
제3대,민영남,이익흥,2
제헌,구영숙,신익희,2
제헌,이순탁,이재학,2
제4대,박만원,손문경,2
제헌,김문평,정도영,2
제헌,이인,장병만,2
제헌,구중회,김동원,2
제헌,최운교,홍희종,2
제4대,김학준,한희석,2
제4대,김병윤,정준모,2
제4대,손도심,해군본부,2
제2대,김종순,박영출,2
제3대,김두진,이철승,2
제4대,이성우,이재학,2
제4대,김두일,문종두,2
제3대,김일환,이태용,2
제헌,김영동,박해극,2
제4대,박병배,정문흠,2
제헌,신성균,정도영,2
제헌,이병관,홍희종,2
제헌,김옥주,이구수,2
제헌,송진백,장병만,2
제4대,김석진,박종식,2
제헌,박우경,이성학,2
제3대,김영선,정상열,2
제헌,오석주,오용국,2
제헌,고병국,서우석,2
제4대,김석진,박찬현,2
제헌,김웅진,서용길,2
제3대,조순,홍창섭,2
제헌,김중기,홍순옥,2
제헌,이남규,이종근,2
제4대,박해정,임철호,2
제헌,강선명,김경도,2
제4대,국회의사,이재학,2
제4대,김재위,문종두,2
제4대,서범석,이은태,2
제3대,문봉제,이동희,2
제헌,서우석,유진오,2
제4대,유기수,윤재근,2
제2대,송방용,지연해,2
제4대,유봉순,임철호,2
제3대,김영삼,박정근,2
제3대,조정환,황경수,2
제3대,유완창,정해영,2
제2대,김정식,박철웅,2
제4대,유성권,함정은,2
제4대,김인권,윤병구,2
제4대,서임수,이원장,2
제4대,조병옥,천병규,2
제헌,권승렬,김장렬,2
제4대,신영주,정긍모,2
제2대,김수학,최면수,2
제4대,류순식,최용근,2
제헌,김효석,정준,2
제2대,구을회,최헌길,2
제헌,오용국,오택관,2
제4대,김상돈,정중섭,2
제2대,조봉암,최원봉,2
제3대,이철승,조병문,2
제헌,김우식,최운교,2
제4대,고재필,양일동,2
제4대,이존화,정의필,2
제4대,김철안,신현확,2
제3대,곽의영,정중섭,2
제4대,김정열,박동균,2
제3대,박흥규,신태권,2
제3대,윤형남,정성태,2
제헌,오용국,홍순옥,2
제헌,오택열,이석,2
제4대,강태승,이원장,2
제4대,박병배,제가,2
제4대,박용익,이회근,2
제4대,이종남,홍봉진,2
제헌,유성갑,조국현,2
제3대,김두진,정상열,2
제2대,도마스,조봉암,2
제헌,조국현,황병규,2
제헌,조봉암,최태규,2
제4대,권오종,박세경,2
제2대,박만원,서범석,2
제4대,안용백,조순,2
제3대,김영준,박흥규,2
제3대,윤형남,장경근,2
제3대,오임근,윤형남,2
제3대,김법린,박흥규,2
제3대,원용석,이기붕,2
제4대,이철승,이태용,2
제4대,그것은,조일재,2
제헌,김상순,오택렬,2
제3대,윤치영,최순주,2
제3대,김달수,송방용,2
제3대,윤용구,이기붕,2
제헌,김문평,신상학,2
제헌,김용재,이구수,2
제3대,김도연,오임근,2
제헌,김동원,김익기,2
제4대,김병순,임차주,2
제4대,정규상,홍승업,2
제헌,김동원,역시,2
제4대,유성권,이동희,2
제4대,김준기,이필호,2
제3대,이정희,조경규,2
제2대,박만원,이석기,2
제헌,이성학,장홍염,2
제3대,이기붕,이영언,2
제헌,강욱중,민경식,2
제2대,손원일,장흥,2
제4대,박상길,주요한,2
제3대,변영태,조병문,2
제헌,김광준,송진백,2
제헌,이훈구,조국현,2
제헌,오택관,진헌식,2
제4대,김인권,이남신,2
제4대,김웅수,송요찬,2
제3대,김달호,최순주,2
제헌,백남채,신방현,2
제헌,김상돈,이범석,2
제헌,김영동,이석주,2
제헌,김인식,김재학,2
제헌,김진구,이종순,2
제헌,이승만,장홍염,2
제헌,권태희,육홍균,2
제헌,윤병구,최창섭,2
제헌,김재학,정준,2
제4대,월별로,이철승,2
제헌,박해극,이요한,2
제4대,강명옥,이병하,2
제3대,박용익,이기붕,2
제헌,서우석,오기열,2
제4대,서범석,이상용,2
제3대,박영종,육완국,2
제4대,정재설,주요한,2
제3대,민영남,황성수,2
제3대,정기원,정형모,2
제2대,노진설,조봉암,2
제3대,조경규,조응천,2
제헌,노일환,장홍염,2
제4대,박건원,한광석,2
제헌,이영준,홍성하,2
제4대,김정렬,한광석,2
제2대,김광준,장면,2
제4대,김인순,손문경,2
제4대,임철호,정영기,2
제3대,김달호,류진산,2
제3대,정상열,최병권,2
제4대,윤용구,한희석,2
제4대,김진만,이재학,2
제헌,김옥주,남궁현,2
제헌,신성균,윤재욱,2
제4대,김두일,이철승,2
제4대,류순식,박용록,2
제2대,김익로,소선규,2
제4대,원용덕,이익흥,2
제4대,서정귀,홍익표,2
제3대,김의택,이철승,2
제헌,박해극,장홍염,2
제3대,고재필,김종신,2
제4대,유성권,현지,2
제3대,윤성순,최순주,2
제4대,김준연,임문석,2
제2대,권병로,신익희,2
제4대,박종길,임흥순,2
제3대,김두한,윤재욱,2
제헌,주기용,최창섭,2
제4대,박철웅,오범수,2
제헌,이문원,정해준,2
제4대,김정렴,이종남,2
제4대,박만원,진석중,2
제3대,류진산,박흥규,2
제3대,김종규,이기붕,2
제3대,김진만,박영종,2
제3대,서인홍,정해영,2
제헌,이승만,이승만원,2
제헌,배중혁,장병만,2
제헌,김유택,홍희종,2
제헌,나용균,이윤영,2
제4대,이병하,황성수,2
제3대,김종신,최영철,2
제헌,전진한,조영규,2
제4대,류지원,안광호,2
제4대,김일환,이재형,2
제3대,염우량,최영철,2
제헌,이주형,주기용,2
제헌,이종현,황윤호,2
제4대,김상돈,김정렬,2
제4대,김석진,윤재근,2
제헌,김동준,오석주,2
제4대,구태회,최용근,2
제4대,정남택,조응천,2
제2대,백남식,서범석,2
제4대,류진산,서범석,2
제3대,석상옥,이형진,2
제4대,대개,이철승,2
제4대,손문경,유기수,2
제4대,이정용,홍승업,2
제3대,김상돈,서인홍,2
제헌,김병로,신익희,2
제4대,박충모,이필호,2
제2대,김종회,장면,2
제3대,염우량,황성수,2
제4대,곽의영,김원전,2
제헌,서상일,홍희종,2
제헌,김중기,박우경,2
제3대,김종갑,백남식,2
제3대,송방용,조병욱,2
제4대,김주묵,송인상,2
제4대,이원,홍길선,2
제헌,정균식,조봉암,2
제3대,박정근,신태권,2
제2대,김익노,윤치영,2
제헌,이남규,장면,2
제4대,이영언,하태환,2
제헌,김수선,박해극,2
제4대,김영찬,이재학,2
제헌,장병만,조옥현,2
제2대,육홍균,장택상,2
제3대,인태식,황경수,2
제3대,곽의영,인태식,2
제3대,임철호,한동석,2
제헌,신익희,안준상,2
제4대,신현확,이재학,2
제4대,저희는,홍범희,2
제3대,변진갑,유봉순,2
제3대,류진산,한성수,2
제헌,김철,류성갑,2
제3대,양일동,이종림,2
제2대,김태희,장택상,2
제4대,손문경,정경모,2
제3대,김영선,유봉순,2
제4대,김정열,박덕영,2
제4대,유영준,최세황,2
제2대,김익노,조봉암,2
제4대,고담용,박흥규,2
제헌,김중기,박해정,2
제4대,신규식,이중춘,2
제3대,곽상훈,문종두,2
제헌,김태수,최국현,2
제헌,권승열,장병만,2
제헌,윤재욱,이성학,2
제헌,서성달,신성균,2
제4대,조일환,최석림,2
제3대,김종신,손석두,2
제4대,윤형남,조응천,2
제4대,안용백,한희석,2
제2대,신용욱,엄상섭,2
제2대,양성봉,윤치영,2
제4대,민장식,이재현,2
제3대,강성태,조영규,2
제4대,이종남,진형하,2
제4대,김철안,송영주,2
제2대,이병홍,홍범희,2
제3대,박만원,장경근,2
제헌,김광준,이원홍,2
제4대,원용덕,유용식,2
제4대,권중돈,신문은,2
제헌,김준연,이호석,2
제3대,김기철,김재황,2
제4대,김의택,류진산,2
제3대,변영태,현석호,2
제4대,박흥규,정낙훈,2
제헌,장면,최국현,2
제4대,신영주,임철호,2
제헌,신익희,호주대표,2
제헌,김재학,서이환,2
제4대,김성곤,한희석,2
제헌,김용재,백남채,2
제4대,김원전,문봉제,2
제4대,신현확,이영언,2
제헌,유성갑,유진홍,2
제3대,전진한,최순주,2
제3대,오형근,이기붕,2
제3대,염우량,홍순철,2
제헌,김명동,김철,2
제4대,김선우,이옥동,2
제4대,권중돈,조일재,2
제헌,이승만,조규갑,2
제4대,김신단,이영희,2
제3대,민영남,이호,2
제4대,김성곤,주요한,2
제4대,고담용,이성우,2
제4대,박만원,홍승업,2
제헌,김웅진,박해정,2
제4대,손영수,이재형,2
제헌,박찬현,윤병구,2
제헌,김광준,서이환,2
제2대,김영선,박만원,2
제헌,김재학,윤석구,2
제3대,이열모,최용근,2
제3대,송우범,이정휴,2
제2대,박영출,홍창섭,2
제헌,박기운,서상일,2
제2대,신익희,육홍균,2
제4대,그런,유성권,2
제헌,김상돈,임영신,2
제3대,구흥남,김한기,2
제헌,권태희,김상돈,2
제헌,김옥주,주기용,2
제4대,김두진,황정철,2
제3대,구흥남,정상열,2
제헌,박윤원,이원홍,2
제3대,구흥남,정기원,2
제헌,김철수,유진홍,2
제헌,백관수,조국현,2
제4대,나상근,천병규,2
제4대,노태선,성원경,2
제헌,김용재,진직현,2
제3대,김봉관,송방용,2
제4대,권중돈,주금용,2
제4대,김삭,정남규,2
제4대,조재천,최규옥,2
제2대,김일환,이진수,2
제헌,윤영선,이진수,2
제3대,류지원,이재학,2
제4대,김효창,이선교,2
제헌,이성득,이성학,2
제2대,백낙준,황성수,2
제4대,류순식,임철호,2
제4대,이기붕,이호진,2
제헌,박순석,홍희종,2
제헌,김익로,윤치영,2
제2대,노기용,박만원,2
제4대,권성기,김향수,2
제3대,이재학,한희석,2
제4대,사실은,유용식,2
제헌,권태희,홍순옥,2
제헌,김우식,최국현,2
제헌,박찬현,조국현,2
제3대,박용익,안정근,2
제헌,박해정,유진홍,2
제3대,김익로,박영종,2
제3대,육완국,이태용,2
제4대,이한빈,임철호,2
제3대,김상도,정운갑,2
제2대,김종순,박만원,2
제4대,손문경,신영주,2
제헌,강욱중,황윤호,2
제헌,윤길중,정광호,2
제4대,김상도,김화수,2
제4대,김정권,우희창,2
제2대,박영출,박정근,2
제4대,박영두,서범석,2
제3대,김용우,김종신,2
제4대,박임항,유용식,2
제3대,구용서,김도연,2
제헌,강욱중,김효석,2
제헌,김철,최국현,2
제헌,박윤원,이구수,2
제헌,정광호,차윤홍,2
제4대,정헌주,최응복,2
제헌,박해정,이호석,2
제헌,김용재,김중기,2
제3대,서상준,최정우,2
제4대,저희들이,조일재,2
제3대,김두환,조경규,2
제헌,이진수,홍범희,2
제헌,김철,최창섭,2
제3대,정명섭,조영규,2
제4대,안균섭,최영희,2
제헌,김동원,노용호,2
제2대,구영숙,조봉암,2
제4대,그것은,안균섭,2
제4대,김선기,정남택,2
제헌,김교현,정광호,2
제3대,윤보선,이기붕,2
제3대,안정근,유옥우,2
제3대,갈홍기,조만종,2
제3대,신정호,정해영,2
제헌,민경식,오석주,2
제4대,김두진,임차주,2
제2대,소선규,지청천,2
제3대,정상열,한동석,2
제4대,박병배,이재학,2
제헌,신익희,정구흥,2
제3대,이재학,최영철,2
제4대,김무신,김상도,2
제2대,김명수,장택상,2
제3대,송방용,이동환,2
제4대,유옥우,조영규,2
제헌,김중기,신성균,2
제4대,김학준,손영수,2
제4대,이철승,재래의,2
제헌,곽상훈,이원홍,2
제헌,김약수,차경모,2
제4대,구용서,이형모,2
제4대,김성탁,이재학,2
제4대,이동환,진형하,2
제3대,김성호,백남식,2
제헌,서이환,임영신,2
제2대,김동성,조병문,2
제3대,김종신,이열모,2
제4대,김규만,이재학,2
제4대,유충렬,이상용,2
제헌,유홍렬,황호현,2
제3대,조영규,한동석,2
제4대,서정귀,조정훈,2
제3대,김상도,류진산,2
제헌,김재학,서용길,2
제4대,곽의영,나상근,2
제3대,류순식,박순석,2
제3대,김현철,최병권,2
제3대,신태익,유진산,2
제3대,강성태,정명섭,2
제헌,류준상,유진오,2
제3대,곽상훈,최천,2
제3대,김달호,장택상,2
제4대,유성권,정성태,2
제4대,나판수,하태환,2
제헌,김용재,이석주,2
제4대,양일동,전창희,2
제헌,이병관,최운교,2
제4대,박영두,이은태,2
제헌,정해준,홍성하,2
제3대,임철호,조영규,2
제헌,김우식,신성균,2
제4대,안광호,유용식,2
제3대,강봉옥,이기붕,2
제4대,민병기,이재형,2
제헌,김우식,서상일,2
제4대,그런,이필호,2
제헌,이재학,진헌식,2
제4대,김재곤,최원구,2
제3대,김한기,황경수,2
제4대,박종길,이재학,2
제4대,김두진,이흥배,2
제3대,변진갑,조영규,2
제헌,신현돈,윤석구,2
제헌,김중기,최운교,2
제헌,서이환,조종승,2
제3대,민영남,천병규,2
제헌,역시,홍성하,2
제2대,구을회,장경근,2
제2대,김일환,박철웅,2
제4대,박창화,임철호,2
제헌,조병한,조영규,2
제3대,변진갑,정재완,2
제헌,이성득,이영준,2
제2대,곽의영,박정근,2
제헌,권태희,김용재,2
제3대,김동욱,이형모,2
제4대,박종식,안용대,2
제헌,박찬현,유진홍,2
제3대,김정호,임흥순,2
제2대,김종순,서민호,2
제2대,신익희,이기붕,2
제헌,김옥주,황두연,2
제3대,박용익,최인규,2
제3대,김의택,송인상,2
제3대,김상돈,이충환,2
제3대,강성태,박정근,2
제3대,양영주,이응준,2
제2대,윤치영,최창순,2
제헌,서용길,최국현,2
제헌,김동준,백관수,2
제헌,김장렬,최용덕,2
제헌,원용균,이종현,2
제4대,김영관,유성권,2
제2대,서민호,이석기,2
제4대,김두진,박종길,2
제3대,김두진,백남식,2
제3대,이재학,최세황,2
제2대,유덕천,조봉암,2
제헌,김봉조,이석주,2
제3대,강세형,윤보선,2
제헌,백관수,장홍염,2
제2대,백남식,태완선,2
제헌,강욱중,권태희,2
제헌,정도영,홍성하,2
제헌,미국상원,신익희,2
제3대,김수선,이재학,2
제4대,최재유,한상봉,2
제3대,장택상,조정환,2
제2대,백두진,이석기,2
제헌,배중혁,윤재욱,2
제4대,김상도,허판수,2
제헌,김교현,조국현,2
제3대,이존화,최재유,2
제4대,김두진,최세황,2
제2대,김정식,이교선,2
제헌,김수선,허영호,2
제3대,장경근,정명섭,2
제헌,박해정,이성학,2
제헌,김장렬,조국현,2
제4대,신규식,임우영,2
제2대,안용대,오성환,2
제헌,강욱중,노일환,2
제헌,박준,이진수,2
제3대,김종신,안정근,2
제헌,구중회,이진수,2
제4대,오재경,홍병각,2
제3대,양일동,오영재,2
제2대,김인선,백낙준,2
제4대,유승준,정의택,2
제3대,백남식,정준,2
제헌,김약수,벡관수,2
제3대,이호진,황성수,2
제3대,소선규,이태용,2
제헌,김용재,오택렬,2
제4대,이재학,한광석,2
제2대,김동성,김지태,2
제헌,지대형,황호현,2
제3대,오형근,윤형남,2
제4대,권오종,이재학,2
제헌,김영동,나용균,2
제4대,김병윤,이재학,2
제3대,박도언,정세환,2
제4대,김원만,류진산,2
제3대,안정근,오임근,2
제4대,유용식,이것이,2
제4대,김선기,박만규,2
제3대,나창헌,이재학,2
제3대,손석두,이기붕,2
제3대,이충환,임석무,2
제4대,박해정,최재유,2
제2대,김동성,김정식,2
제헌,김효석,이진수,2
제4대,박순석,임춘무,2
제헌,오택렬,이성학,2
제2대,김용우,신태익,2
제3대,오형근,정준모,2
제헌,서상일,전규홍,2
제헌,박우경,조종승,2
제3대,박만원,박영배,2
제헌,박윤원,이성학,2
제4대,정존수,황성수,2
제2대,박현숙,윤치영,2
제3대,김상돈,김윤기,2
제3대,박만원,지영진,2
제2대,김종순,백남식,2
제헌,민경식,이석주,2
제4대,이기붕,이재학,2
제4대,이용운,이익흥,2
제4대,김종대,오임근,2
제2대,김정실,안용대,2
제4대,김상돈,임철호,2
제4대,이철승,주영복,2
제2대,곽의영,이충환,2
제4대,강영훈,김공평,2
제2대,김정실,한국원,2
제헌,배헌,이석주,2
제헌,신광균,최운교,2
제4대,김일환,박흥규,2
제4대,김공평,이정휴,2
제3대,박흥규,홍진기,2
제3대,소선규,홍창섭,2
제4대,김두진,안정근,2
제4대,박덕영,신영주,2
제헌,이항발,홍순옥,2
제4대,권중돈,연락해서,2
제3대,곽상훈,이우줄,2
제헌,윤재욱,전진한,2
제헌,최운교,홍순옥,2
제헌,윤재욱,이영준,2
제2대,김경배,신익희,2
제3대,배응도,정상열,2
제3대,송문경,조경규,2
제3대,서인홍,안정근,2
제헌,김장렬,장택상,2
제2대,안상한,오의관,2
제3대,최순주,함두영,2
제4대,서범석,최응복,2
제3대,양영주,이형진,2
제헌,김광준,이강우,2
제3대,유봉순,조영규,2
제헌,유진홍,최국현,2
제헌,김봉조,장경근,2
제4대,권중돈,저도,2
제헌,김약수,최규옥,2
제3대,서임수,정홍섭,2
제4대,이정휴,황호현,2
제4대,김봉관,김학준,2
제헌,김영기,최태규,2
제3대,김기철,김선태,2
제4대,이응준,지창하,2
제4대,사무용품,이철승,2
제4대,김석진,이형모,2
제헌,이남규,정해준,2
제헌,박순석,이석주,2
제헌,서이환,조한백,2
제헌,김수선,이정래,2
제4대,손문경,이종판,2
제헌,박찬현,이석,2
제헌,김덕렬,신익희,2
제헌,박해극,홍성하,2
제헌,김문평,정광호,2
제2대,김준태,지청천,2
제4대,엄요섭,이선교,2
제3대,김진만,정상열,2
제헌,송창식,정광호,2
제2대,윤치영,홍범희,2
제4대,김도연,박철웅,2
제헌,이정래,진헌식,2
제4대,손도심,젯트기를,2
제4대,박병배,연천의,2
제헌,오택렬,최창섭,2
제4대,정재원,한희석,2
제4대,정성태,조응천,2
제헌,윤치영,이성준,2
제헌,이성학,임영신,2
제3대,유봉순,조병옥,2
제헌,신상학,정준,2
제헌,김명동,나용균,2
제3대,이태용,최정우,2
제3대,곽상훈,노진설,2
제4대,권오종,최세황,2
제4대,김인호,이영언,2
제4대,구태회,정완영,2
제4대,이용범,이종남,2
제4대,구용서,현오봉,2
제헌,김약수,신셩균,2
제4대,김남학,이정휴,2
제4대,이필호,책정된,2
제헌,유진홍,임영신,2
제4대,곽의영,권성기,2
제헌,김철,박종환,2
제헌,오택관,조영규,2
제4대,김일환,김진만,2
제4대,김선우,신영주,2
제3대,김도연,김신서,2
제3대,유옥우,최규남,2
제헌,오기열,조봉암,2
제2대,소선규,최헌길,2
제4대,박종식,임문석,2
제헌,이인,이정래,2
제헌,이성득,이청천,2
제헌,김웅진,유진홍,2
제4대,안정근,조한백,2
제4대,김훈,이우용,2
제4대,전영석,정성태,2
제헌,김인식,정광호,2
제헌,노일환,이성학,2
제4대,김영준,유옥우,2
제3대,김현철,현석호,2
제3대,신두영,윤형남,2
제4대,윤담,이필호,2
제2대,김동성,정순조,2
제4대,권중섭,김정렬,2
제헌,김수선,홍성하,2
제헌,김용재,이종근,2
제4대,이영선,홍길선,2
제헌,권태희,이석주,2
제헌,지대형,최용덕,2
제4대,박흥규,임철호,2
제3대,김철주,조경규,2
제2대,백두진,엄상섭,2
제4대,민장식,박순천,2
제3대,석상옥,이재학,2
제4대,이호진,정홍섭,2
제헌,이정래,최국현,2
제3대,최천,황성수,2
제4대,이용운,현시학,2
제4대,이재학,조용순,2
제헌,김인식,유진오,2
제4대,이진호,한희석,2
제4대,김진형,최용근,2
제헌,장면,최태규,2
제헌,장경근,조종승,2
제4대,이원장,작년,2
제2대,김종순,엄상섭,2
제헌,장병만,정도영,2
제헌,김봉조,김웅진,2
제4대,박순천,전성천,2
제4대,이동진,이종수,2
제헌,조봉암,조영규,2
제3대,손석두,조경규,2
제3대,송인상,오형근,2
제3대,김성삼,김정열,2
제헌,신익희,최창순,2
제4대,김일환,이종남,2
제헌,장병만,지대형,2
제2대,서범석,최헌길,2
제3대,윤성순,조정환,2
제2대,박정근,임문환,2
제4대,서정학,정헌주,2
제헌,김우식,이석,2
제2대,곽의영,유승준,2
제헌,지대형,최운교,2
제헌,김태수,신익희,2
제3대,박흥규,송인상,2
제헌,김수선,최범술,2
제헌,서상일,윤재근,2
제헌,정광호,조봉암,2
제헌,장홍염,채병덕,2
제3대,신규식,한희석,2
제3대,김상돈,남송학,2
제3대,김상돈,유봉순,2
제4대,김정렬,윤재근,2
제헌,김영동,조봉암,2
제헌,윤재욱,이진수,2
제헌,오석주,진헌식,2
제4대,김의창,이민우,2
제4대,문봉제,한희석,2
제헌,노일환,홍희종,2
제헌,김우식,조헌영,2
제헌,김봉두,김철,2
제헌,조규갑,진헌식,2
제2대,소선규,이재형,2
제4대,나판수,임문석,2
제헌,신익희,심익희,2
제헌,김광준,김용재,2
제3대,신규식,신효선,2
제4대,김학준,홍진기,2
제2대,조봉암,허증수,2
제헌,박우경,홍희종,2
제헌,신성모,정광호,2
제2대,김준희,신익희,2
제헌,강선명,이종현,2
제헌,안호상,조헌영,2
제헌,김옥주,김종선,2
제4대,정준모,최세황,2
제헌,김영동,이원홍,2
제3대,곽상훈,김형근,2
제헌,김철,이항발,2
제3대,이용철,최용근,2
제3대,박흥규,서인홍,2
제4대,이병선,이용운,2
제3대,김도연,이열모,2
제4대,김규성,김학준,2
제4대,김두진,김영준,2
제헌,이종현,최운교,2
제4대,안균섭,조순,2
제헌,김우식,장홍염,2
제3대,김영선,김춘호,2
제2대,신익희,홍진기,2
제3대,박만원,한희석,2
제4대,이재형,정성태,2
제2대,윤길중,지청천,2
제4대,이영언,전영석,2
제4대,신규식,우희창,2
제3대,김신서,손권배,2
제4대,김두진,유기수,2
제헌,남궁현,황병규,2
제헌,권승열,조국현,2
제3대,김도연,황성수,2
제헌,김봉조,서용길,2
제헌,이종순,최규옥,2
제3대,송방용,황숙현,2
제헌,노일환,조영규,2
제4대,조영규,진형하,2
제4대,박병배,이용운,2
제헌,김영동,박순석,2
제3대,김달수,박용익,2
제2대,안용대,장경근,2
제헌,김명동,조영규,2
제3대,강경옥,박재홍,2
제헌,나용균,장병만,2
제헌,윤병구,이원홍,2
제2대,박정근,최면수,2
제3대,김수선,최순주,2
제2대,박양재,조봉암,2
제2대,김양수,홍진기,2
제헌,이원홍,장면,2
제헌,서우석,홍희종,2
제4대,나상근,최인규,2
제4대,윤명운,이동세,2
제4대,김의택,한희석,2
제헌,김웅진,박찬현,2
제헌,김도연,정광호,2
제헌,서용길,지대형,2
제4대,박흥규,조영규,2
제2대,박영출,황성수,2
제4대,오재경,정재완,2
제3대,안준기,유옥우,2
제4대,이용운,이원장,2
제4대,이철승,저희들은,2
제4대,문봉제,이사형,2
제헌,박준,유진홍,2
제4대,권택상,박순석,2
제4대,나용균,이재학,2
제2대,김정실,박영출,2
제4대,박숙희,배성기,2
제3대,남송학,신용욱,2
제헌,박기운,이정래,2
제4대,이기붕,한희석,2
제4대,류진산,손문경,2
제4대,김형돈,장석윤,2
제헌,김병회,노일환,2
제4대,연간,이규성,2
제3대,김현철,송인상,2
제4대,유성권,이한빈,2
제헌,신방현,정광호,2
제헌,육홍균,이석주,2
제헌,박윤원,서성달,2
제헌,이인,조한백,2
제4대,도망자에,유성권,2
제4대,이종남,이종수,2
제4대,영달,이철승,2
제헌,박윤원,서상일,2
제4대,박창화,이재학,2
제4대,김두진,원용석,2
제헌,박종환,이성학,2
제헌,강욱중,김상돈,2
제4대,민병기,이존화,2
제3대,양일동,오형근,2
제3대,이철승,임흥순,2
제헌,이정래,장홍염,2
제3대,권중돈,하을춘,2
제4대,박병권,이철승,2
제헌,강기문,이원홍,2
제헌,이성학,이주형,2
제헌,김광준,이구수,2
제2대,장택상,조대연,2
제3대,신각휴,이철승,2
제헌,박상영,오석주,2
제헌,김영기,류래완,2
제3대,김종신,박흥규,2
제3대,손권배,이재학,2
제헌,김웅진,김준연,2
제4대,박종길,서정귀,2
제4대,권성기,최석림,2
제3대,김두진,김종신,2
제4대,김현철,홍봉진,2
제4대,김준연,정남택,2
제3대,김종규,박흥규,2
제헌,윤재욱,이성득,2
제헌,서용길,조봉암,2
제헌,박찬현,조헌영,2
제4대,이익흥,조영규,2
제4대,김재곤,최유영,2
제헌,나용균,오기열,2
제헌,진정서,최운교,2
제헌,김철,황호현,2
제헌,박기운,오택관,2
제4대,김원규,김장섭,2
제3대,김진만,송방용,2
제3대,강봉옥,신의식,2
제헌,나용균,홍성하,2
제헌,진헌식,최범술,2
제3대,양영주,이익흥,2
제3대,김상도,도진희,2
제3대,석상옥,정명섭,2
제헌,김경배,서우석,2
제3대,손창환,송방용,2
제3대,김종신,문종두,2
제4대,강영훈,김정열,2
제4대,이원장,최병권,2
제3대,손도심,황성수,2
제4대,서정귀,이영희,2
제3대,윤제술,최순주,2
제3대,유봉순,천세기,2
제4대,구철회,김정열,2
제2대,이진수,장홍염,2
제4대,손문경,이생우,2
제헌,조국현,황호현,2
제헌,곽상훈,이인,2
제헌,홍성하,황두연,2
제3대,김병순,이기붕,2
제4대,구흥남,정남규,2
제헌,민경식,최석화,2
제헌,조규갑,조헌영,2
제2대,곽태진,장택상,2
제2대,엄상섭,장홍염,2
제4대,이종수,임철호,2
제4대,계광순,송인상,2
제3대,강봉옥,황성수,2
제4대,이재학,이필호,2
제3대,김동욱,나희집,2
제4대,곤란한,이철승,2
제4대,김정열,이필호,2
제2대,신익희,한희석,2
제3대,박영종,윤인상,2
제4대,권병호,주금용,2
제헌,오택렬,진헌식,2
제헌,배중혁,이원홍,2
제헌,전규홍,최국현,2
제2대,오성환,윤길중,2
제3대,백남식,이영언,2
제헌,정해준,진헌식,2
제3대,김두진,이재학,2
제3대,김선택,송방용,2
제4대,김일환,반재현,2
제4대,김성탁,최천,2
제헌,육홍균,장희창,2
제헌,김인식,김장렬,2
제4대,배성기,정재설,2
제헌,윤재욱,이원홍,2
제2대,장기영,조봉암,2
제3대,이익흥,황경수,2
제헌,김중기,조한백,2
제헌,정준,조규갑,2
제헌,나용균,박찬현,2
제헌,김상순,이정래,2
제3대,이형모,함두영,2
제헌,김명동,이구수,2
제3대,김일환,박용익,2
제헌,김인식,황호현,2
제헌,오석주,조종승,2
제4대,권오종,이천승,2
제3대,서동진,신의식,2
제헌,서이환,이성학,2
제4대,안용대,이종수,2
제4대,김동조,유옥우,2
제2대,곽의영,김영선,2
제2대,고영완,장경근,2
제4대,이것을,이철승,2
제4대,박상길,윤태은,2
제헌,김준연,이재학,2
제4대,박병배,박임항,2
제헌,김우식,원용한,2
제헌,강욱중,김재학,2
제2대,박정근,유승준,2
제헌,강선명,유진홍,2
제3대,박순석,염우량,2
제4대,이원장,황인표,2
제헌,백남채,임영신,2
제3대,김의창,민관식,2
제3대,김지준,백남식,2
제3대,곽상훈,신행용,2
제4대,임철호,황숙현,2
제헌,서성달,장병만,2
제4대,나상근,손석두,2
제4대,김용후,정한주,2
제헌,안준상,황병규,2
제헌,김인식,조헌영,2
제4대,김종철,한희석,2
제4대,이태용,정성태,2
제3대,신의식,이응준,2
제3대,김창수,조경규,2
제2대,김형근,조봉암,2
제4대,신언한,정남택,2
제4대,강영훈,박충모,2
제3대,김병윤,김지준,2
제4대,김선기,홍병각,2
제2대,곽의영,안만복,2
제2대,신태영,이상철,2
제헌,서상일,최규옥,2
제헌,장병만,최윤동,2
제헌,이구수,조영규,2
제3대,정긍모,최병권,2
제2대,김영선,윤치영,2
제3대,김의택,조영규,2
제2대,유완창,조봉암,2
제4대,최재유,허윤수,2
제4대,김정렬,손문경,2
제4대,양일동,하태환,2
제헌,이범석,정준,2
제2대,신용욱,이순용,2
제2대,이진수,지연해,2
제3대,김영찬,원용석,2
제3대,김현철,조영규,2
제헌,권태희,허정,2
제헌,오용국,홍성하,2
제헌,강욱중,정도영,2
제3대,박정근,박종길,2
제4대,서정귀,이재형,2
제헌,이병관,이유선,2
제헌,박순석,이종순,2
제4대,김두진,정준모,2
제헌,김영동,김중기,2
제4대,박병배,종전에,2
제헌,김준연,서우석,2
제4대,윤우경,이용범,2
제헌,김광준,김명동,2
제헌,김웅권,조헌영,2
제4대,안균섭,저도,2
제헌,박해극,장병만,2
제3대,정상열,정준모,2
제헌,김훈,홍성하,2
제헌,김철수,이주형,2
제4대,강호륜,조일재,2
제헌,김동원,박종환,2
제3대,구흥남,이인,2
제3대,구용서,최순주,2
제4대,이재학,정낙훈,2
제4대,정존수,한근조,2
제4대,김정렬,송요찬,2
제헌,나용균,장면,2
제4대,유기수,이천승,2
제4대,안균섭,조영규,2
제2대,육홍균,윤치영,2
제3대,이병홍,조경규,2
제헌,서용길,이성득,2
제헌,강욱중,이석,2
제3대,박흥규,장경근,2
제헌,오기열,이정래,2
제4대,유성권,육해공군,2
제2대,김동성,김의준,2
제2대,이재형,조광섭,2
제헌,안호상,홍성하,2
제2대,김유택,이재형,2
제헌,이강우,조헌영,2
제3대,정재완,최순주,2
제헌,박해정,이유선,2
제4대,강영훈,한희석,2
제2대,이시목,장택상,2
제3대,김동조,박철재,2
제4대,이재곤,정명섭,2
제3대,김원태,소선규,2
제4대,김응주,한희석,2
제2대,유승준,정재설,2
제4대,서정귀,지창하,2
제헌,박찬현,조영규,2
제3대,권택상,김현철,2
제4대,문봉제,석상옥,2
제3대,민한기,하을춘,2
제헌,김상돈,박순석,2
제2대,윤치영,이병홍,2
제4대,김두진,문봉제,2
제4대,유재흥,하태환,2
제4대,박상길,박해정,2
제4대,손석두,안정근,2
제2대,김양수,지청천,2
제4대,류순식,정상숙,2
제헌,문시환,서용길,2
제헌,이강우,허정,2
제3대,김기철,이재학,2
제헌,이승만,이종근,2
제3대,정중섭,한성수,2
제헌,이원홍,황윤호,2
제2대,김봉재,김유택,2
제4대,김원태,홍진기,2
제헌,유진홍,이석,2
제4대,권성기,홍승업,2
제헌,윤병구,이성득,2
제3대,인태식,최순주,2
제3대,곽상훈,구흥남,2
제3대,곽상훈,김달수,2
제헌,김광준,진헌식,2
제헌,송창식,이성득,2
제4대,김치영,임철호,2
제4대,유용식,이효,2
제헌,오용국,정광호,2
제3대,이재학,지영진,2
제3대,이순용,함두영,2
제4대,류근창,전형산,2
제헌,서상일,정해준,2
제4대,곽상훈,임철호,2
제4대,김상도,박성희,2
제헌,김동준,박해극,2
제4대,이생우,정대천,2
제4대,안희경,정남택,2
제3대,곽상훈,천세기,2
제헌,최헌길,황병규,2
제4대,서정귀,한희석,2
제헌,서상일,이석,2
제4대,서범석,정일형,2
제4대,김찬현,최용근,2
제4대,이은태,한희석,2
제4대,권중돈,신영주,2
제헌,오석주,이성득,2
제헌,김동원,이성우,2
제헌,권승열,오택관,2
제4대,류청,손창환,2
제헌,김중기,이성학,2
제헌,김철,조헌영,2
제2대,김유택,태완선,2
제3대,신태권,윤인상,2
제4대,정규상,정세환,2
제2대,신익희,이시목,2
제2대,남송학,박영출,2
제헌,백관수,윤재욱,2
제4대,김창동,임철호,2
제헌,김장열,이석주,2
제헌,박해정,한석범,2
제헌,신성균,유진오,2
제4대,오재경,이원장,2
제4대,민장식,윤재근,2
제4대,김진원,박순석,2
제헌,이강우,정도영,2
제헌,허남수,홍희종,2
제3대,양일동,이익흥,2
제헌,이석주,차경모,2
제헌,오용국,황호현,2
제4대,이재학,조경규,2
제3대,김선태,김일,2
제4대,박덕영,여기는,2
제4대,나판수,이종남,2
제4대,김봉관,서한두,2
제3대,안정근,정규상,2
제4대,박만원,이호진,2
제2대,김동성,변진갑,2
제3대,김진만,최순주,2
제4대,박흥규,우희창,2
제헌,서상일,송봉해,2
제4대,없습니다,장경수,2
제3대,곽의영,남송학,2
제3대,이충환,조병문,2
제헌,오기열,정해준,2
제3대,김의준,이철승,2
제헌,김기철,장병만,2
제2대,장홍염,황병규,2
제헌,김우식,정광호,2
제3대,김두진,나희집,2
제4대,김인호,진석중,2
제4대,이정휴,이철승,2
제헌,채병덕,최태규,2
제헌,육홍균,윤병구,2
제4대,국방부와,박병배,2
제4대,김상도,허형구,2
제2대,김유택,소선규,2
제3대,양영주,인태식,2
제헌,문시환,이진수,2
제헌,김영동,신성균,2
제헌,이병관,이진수,2
제헌,김광준,윤병구,2
제헌,강선명,김수선,2
제헌,곽상훈,유진홍,2
제헌,이영준,조헌영,2
제4대,권중돈,차가,2
제4대,박만원,안희경,2
제3대,홍창섭,황남팔,2
제4대,손도심,양일동,2
제헌,김철,노일환,2
제헌,윤치영,최창순,2
제헌,김옥주,이성득,2
제헌,장병만,조병한,2
제헌,배중혁,장경근,2
제4대,엄상섭,이철승,2
제헌,권태희,오택렬,2
제헌,김웅진,채병덕,2
제3대,김종신,백선엽,2
제3대,이형모,정상열,2
제헌,이인,이진수,2
제2대,김정기,윤치영,2
제4대,이영언,지영진,2
제4대,윤우경,황호현,2
제헌,이진수,최창섭,2
제헌,민경식,임영신,2
제헌,김인식,유성갑,2
제헌,송창식,원용한,2
제2대,이석기,황병규,2
제3대,이용범,이재학,2
제3대,이철승,장덕창,2
제헌,김교현,최국현,2
제3대,박해정,손권배,2
제헌,김웅진,한석범,2
제헌,김용재,유진홍,2
제헌,구중회,김약수,2
제4대,유성권,최희송,2
제4대,국회의사,김석진,2
제4대,구철회,유성권,2
제3대,김정호,최용근,2
제3대,곽상훈,김영삼,2
제4대,박원석,최병권,2
제헌,민경식,이석,2
제헌,김광준,주기용,2
제헌,김옥주,이주형,2
제헌,김경배,조옥현,2
제4대,손창환,정준모,2
제4대,곽의영,임문석,2
제3대,김진만,이철승,2
제4대,유경인,유성권,2
제헌,오석주,홍희종,2
제4대,조정환,한희석,2
제4대,김재곤,전효섭,2
제4대,김병순,허윤수,2
제4대,윤택중,최규남,2
제4대,유옥우,최하영,2
제4대,김의준,조영규,2
제2대,변태영,조봉암,2
제4대,오임근,정재설,2
제헌,이진수,조규갑,2
제2대,신익희,정운갑,2
제4대,송영주,유옥우,2
제3대,이태용,천병규,2
제3대,송방용,신태권,2
제4대,이재학,조광희,2
제4대,정의필,최규남,2
제4대,오재경,황호현,2
제3대,박정근,신각휴,2
제헌,김수선,배중혁,2
제헌,김준연,김철,2
제헌,송진백,윤병구,2
제3대,김판술,이규석,2
제3대,나희집,양일동,2
제4대,문종두,이근직,2
제3대,윤재욱,황성수,2
제4대,류지원,이원장,2
제3대,류진산,배영호,2
제4대,박병배,이종우,2
제4대,국회의사,양일동,2
제3대,손석두,홍진기,2
제4대,금년도에,유성권,2
제3대,김진만,한동석,2
제3대,박순석,조병문,2
제헌,백관수,신현돈,2
제2대,백낙준,오성환,2
제4대,김두진,반재현,2
제3대,이철승,이형진,2
제2대,강인택,윤치영,2
제4대,김종오,이철승,2
제헌,김철,이원홍,2
제헌,김영기,오택열,2
제4대,이재학,지영진,2
제4대,박철웅,정재설,2
제4대,박종식,이재학,2
제4대,유옥우,이철승,2
제헌,김석관,신익희,2
제헌,이영준,이진수,2
제4대,이재학,이형모,2
제3대,이익흥,장택상,2
제4대,류청,박철웅,2
제3대,손도심,함두영,2
제헌,노일환,채병덕,2
제4대,박병배,이것은,2
제2대,윤치영,최면수,2
제헌,신상학,신현돈,2
제헌,이진수,차경모,2
제3대,손도심,장택상,2
제헌,김명동,이인,2
제헌,노일환,윤재욱,2
제4대,양일동,이원장,2
제헌,김상덕,이석,2
제3대,소선규,함두영,2
제2대,이종림,조봉암,2
제헌,신상학,정균식,2
제헌,김웅진,신상학,2
제헌,이유선,최범술,2
제헌,박우경,임영신,2
제4대,임철호,조응천,2
제헌,윤병구,장면,2
제3대,곽의영,정상열,2
제헌,박유경,윤치영,2
제3대,손도심,양일동,2
제헌,이문원,전규홍,2
제4대,임흥순,최창섭,2
제4대,김원태,윤영구,2
제헌,장홍염,전진한,2
제헌,김웅진,홍성하,2
제3대,윤만석,이인,2
제헌,나용균,조규갑,2
제헌,서상일,장면,2
제3대,김선태,김의창,2
제4대,권오종,정재완,2
제3대,문봉제,유옥우,2
제4대,김석진,김완길,2
제헌,구중회,유진홍,2
제4대,이영언,한희석,2
제3대,김법린,이충환,2
제헌,윤치영,이호석,2
제4대,이수용,이은철,2
제4대,윤우경,조영규,2
제4대,김장섭,이기붕,2
제3대,박만원,안준기,2
제헌,배중혁,조영규,2
제3대,권택상,윤형남,2
제3대,양일동,한성수,2
제2대,인태식,조봉암,2
제4대,김의택,이옥동,2
제3대,정규상,정해영,2
제헌,김광준,이주형,2
제3대,전상요,정중섭,2
제4대,손창환,유옥우,2
제헌,김웅진,오택관,2
제4대,김석진,안정근,2
제2대,박영출,한국원,2
제헌,백남칠,신익희,2
제헌,김광준,장홍염,2
제3대,이영희,황성수,2
제헌,장병만,황두연,2
제4대,곽의영,전영석,2
제3대,박영종,신용욱,2
제헌,서용길,윤석구,2
제헌,신상학,오석주,2
제4대,김상돈,이재룡,2
제4대,이근직,정영기,2
제3대,남송학,소선규,2
제2대,엄상섭,이종형,2
제3대,김일,이석기,2
제헌,배중혁,지대형,2
제헌,김도연,이원홍,2
제3대,남송학,지창하,2
제2대,김종순,태완선,2
제헌,이승만,조병한,2
제2대,윤치영,이시목,2
제헌,김병회,이주형,2
제3대,신태익,조경규,2
제헌,문시환,허정,2
제4대,김병윤,김인권,2
제3대,권성기,신각휴,2
제헌,김수학,신익희,2
제4대,강호륜,유영준,2
제헌,이유선,조국현,2
제헌,권태희,홍희종,2
제3대,김윤기,김지준,2
제4대,김재곤,신현확,2
제3대,갈홍기,소선규,2
제헌,백남채,이진수,2
제헌,김종선,박기운,2
제2대,곽상훈,김동성,2
제헌,이석주,진헌식,2
제3대,손창환,이재학,2
제4대,유기수,하태환,2
제헌,김순탁,신익희,2
제4대,전효섭,조일환,2
제헌,전진한,조헌영,2
제2대,장택상,최원호,2
제헌,이남규,이성득,2
제헌,신상학,정광호,2
제3대,김달호,이익흥,2
제4대,나판수,박종식,2
제헌,김수선,홍순옥,2
제3대,전상요,정준,2
제4대,박만원,원용석,2
제3대,박영종,유봉순,2
제헌,송진백,정균식,2
제헌,오기열,조한백,2
제헌,서이환,이승만,2
제3대,신도성,이충환,2
제4대,박병호,송요찬,2
제헌,장병만,홍순옥,2
제헌,노일환,이범석,2
제4대,원용석,정대숙,2
제헌,이석,조영규,2
제4대,구용서,이태용,2
제4대,류지원,이수용,2
제2대,김명동,신익희,2
제3대,김영선,이충환,2
제헌,이호석,최창섭,2
제4대,이원장,하태환,2
제2대,강성태,이충환,2
제헌,김우식,이구수,2
제3대,김준연,양일동,2
제2대,이동환,정일형,2
제3대,신정호,신효선,2
제2대,공진항,장홍염,2
제헌,김광균,이석주,2
제2대,김석관,소선규,2
제헌,윤병구,허정,2
제헌,김상돈,장경근,2
제헌,오용국,조한백,2
제헌,박상영,이정래,2
제헌,이윤영,최운교,2
제3대,노진설,박종길,2
제4대,오재영,원용석,2
제4대,주금용,한희석,2
제3대,양일동,조정환,2
제헌,구중회,윤병구,2
제헌,김인식,정도영,2
제3대,김의준,송방용,2
제4대,이형모,주영택,2
제4대,윤용구,천병규,2
제헌,김뱡회,신익희,2
제헌,김동원,원장길,2
제4대,김재곤,윤재근,2
제헌,이강우,이성득,2
제4대,김봉렬,유태영,2
제4대,김정렬,이만우,2
제헌,김동원,김윤근,2
제3대,송인상,조영규,2
제헌,이성학,진헌식,2
제4대,김원태,김응주,2
제3대,민영남,소선규,2
제헌,김상순,이진수,2
제헌,구중회,이승만,2
제4대,박영두,오범수,2
제4대,한희석,허윤수,2
제4대,김의창,전영석,2
제헌,오석주,정균식,2
제4대,김의창,정재완,2
제4대,김형대,윤영구,2
제4대,박해정,유봉순,2
제2대,백두진,조주영,2
제4대,전영석,현영일,2
제헌,김수선,서용길,2
제4대,구용서,이종남,2
제4대,김정근,이근직,2
제2대,이재형,장홍염,2
제3대,유옥우,이영희,2
제4대,곽의영,윤택선,2
제헌,김교현,조헌영,2
제3대,신태권,이태용,2
제헌,이재형,조국현,2
제헌,신성모,장홍염,2
제4대,김정렬,배성기,2
제헌,김병회,정광호,2
제헌,신익희,차경모,2
제4대,박흥규,백선엽,2
제4대,김웅수,하태환,2
제3대,강승구,황성수,2
제헌,김동준,지대형,2
제3대,이충환,최병국,2
제헌,이주형,황호현,2
제3대,김선태,유봉순,2
제3대,민복기,박흥규,2
제헌,김영동,김용재,2
제4대,정준,조영규,2
제4대,김두진,이한빈,2
제4대,안덕기,오재경,2
제헌,박찬현,이성학,2
제3대,김선기,송방용,2
제2대,이종형,조주영,2
제헌,김경배,김웅진,2
제헌,서용길,이성학,2
제헌,김약수,최창섭,2
제4대,강두기,구흥남,2
제4대,김원만,박상운,2
제4대,김일환,김주묵,2
제4대,권택상,류순식,2
제3대,윤일상,이기붕,2
제헌,원장길,이승만,2
제4대,민관식,이태용,2
제4대,박흥규,이학만,2
제3대,송방용,윤인상,2
제헌,김영동,이정래,2
제2대,곽의영,서범석,2
제4대,윤명운,정홍섭,2
제헌,김광준,황병규,2
제2대,남송학,이진수,2
제헌,이문원,장기영,2
제4대,고재필,박흥규,2
제헌,신익희,홍순영,2
제2대,박정규,조봉암,2
제4대,안희경,이형모,2
제2대,강직순,조봉암,2
제4대,이성주,이영희,2
제2대,서범석,장경근,2
제2대,김유택,홍창섭,2
제헌,백두진,신익희,2
제3대,김의택,하을춘,2
제3대,김진만,박용익,2
제2대,곽의영,이진수,2
제헌,이유선,차윤홍,2
제3대,김종신,이재학,2
제3대,소선규,황남팔,2
제2대,김광준,조광섭,2
제3대,김의준,이충환,2
제2대,곽의영,원용석,2
제헌,이정래,정해준,2
제헌,김익로,윤병구,2
제헌,이주형,조영규,2
제3대,이기붕,임석무,2
제헌,류성갑,이남규,2
제헌,이영준,이주형,2
제3대,염우량,최순주,2
제2대,최창순,태완선,2
제3대,김의택,김현철,2
제2대,김용화,신익희,2
제4대,김훈,유용식,2
제4대,곽상훈,손도심,2
제2대,곽의영,임기봉,2
제3대,손준현,이재학,2
제헌,이석,이석주,2
제2대,오성환,이석기,2
제4대,나판수,이문세,2
제3대,권중돈,김상돈,2
제3대,김상돈,정준,2
제헌,진헌식,최운교,2
제4대,권성기,김일환,2
제4대,김주묵,현영일,2
제2대,김동성,김종순,2
제3대,신각휴,이형모,2
제3대,권성기,박용익,2
제4대,유성권,유옥우,2
제4대,이양수,이종남,2
제4대,정재완,하태환,2
제3대,백남식,장하정,2
제헌,곽상훈,김영동,2
제2대,박제환,안용대,2
제헌,김영기,김웅진,2
제4대,박덕영,여기에는,2
제3대,백남식,정규상,2
제4대,김주묵,천병규,2
제헌,김동준,김중기,2
제2대,남송학,임문환,2
제4대,김상도,김성용,2
제4대,손문경,윤유선,2
제3대,손권배,장택상,2
제4대,권택상,홍봉진,2
제헌,곽상훈,박순석,2
제헌,노일환,조한백,2
제헌,김용재,윤병구,2
제헌,배중혁,정도영,2
제3대,김두한,이선근,2
제4대,권오종,최희송,2
제3대,양일동,최규남,2
제헌,김웅진,원용균,2
제4대,권중돈,시행령에,2
제헌,김웅진,서상일,2
제헌,정준,진헌식,2
제헌,강선명,김상돈,2
제2대,백남식,윤길중,2
제4대,유성권,최재유,2
제헌,강달수,김상순,2
제3대,김재황,황성수,2
제4대,최규남,한희석,2
제2대,백두진,조중서,2
제4대,유성권,현재로서,2
제3대,남송학,신규식,2
제헌,강선명,신광균,2
제4대,나상근,정존수,2
제2대,곽의영,임영신,2
제2대,박정근,이진수,2
제3대,이기붕,이응준,2
제3대,유진산,이철승,2
제헌,이석주,장병만,2
제4대,유기수,최정우,2
제3대,이태용,한동석,2
제헌,김웅진,홍길선,2
제헌,김인식,이주형,2
제헌,오석주,한석범,2
제3대,곽상훈,김지태,2
제4대,김형돈,윤택중,2
제4대,윤명운,하태환,2
제헌,서상일,윤병구,2
제헌,박윤원,정준,2
제4대,권중돈,작년에도,2
제헌,박해정,황호현,2
제헌,강기문,노일환,2
제3대,갈홍기,신정호,2
제4대,김의택,최인규,2
제3대,김상돈,인태식,2
제헌,김수선,신상학,2
제헌,이성득,정준,2
제헌,김문평,조봉암,2
제4대,본부에서,이철승,2
제헌,박순석,박준,2
제3대,송우범,임흥순,2
제3대,소선규,하태환,2
제3대,이철승,최병권,2
제3대,곽상훈,유지원,2
제헌,박해극,이석주,2
제헌,박순석,조규갑,2
제헌,송필만,신익희,2
제3대,백남식,조정환,2
제2대,김정실,이진수,2
제헌,정도영,정해준,2
제헌,김옥주,원장길,2
제2대,김택술,신익희,2
제헌,김병회,김준연,2
제헌,김명동,김웅권,2
제4대,안용백,조정환,2
제3대,소선규,정상열,2
제헌,박순석,이재학,2
제2대,김동성,이진수,2
제4대,이종수,조한백,2
제헌,김용재,홍성하,2
제4대,대위,오범수,2
제3대,정상열,함두영,2
제헌,이정래,임병직,2
제4대,구용서,민관식,2
제헌,박준,조헌영,2
제3대,변정규,이태용,2
제헌,김광준,나용균,2
제4대,이태용,한광석,2
제2대,조봉암,최원수,2
제3대,서임수,조정환,2
제헌,김도연,이남규,2
제4대,류순식,최정우,2
제헌,배중혁,장택상,2
제3대,김기철,최병권,2
제3대,강성태,정해영,2
제2대,김정식,안상한,2
제4대,김석진,김훈,2
제4대,김응주,조일환,2
제헌,김진구,신익희,2
제헌,박준,이재학,2
제4대,이태용,정홍섭,2
제3대,김영선,인태식,2
제3대,박순석,서정학,2
제4대,권종림,류순식,2
제3대,김상돈,백한성,2
제헌,곽상훈,송진백,2
제4대,박흥규,유기수,2
제4대,김재곤,유옥우,2
제4대,고재필,류순식,2
제3대,류진산,이인,2
제헌,권승열,신성균,2
제4대,김일환,이기붕,2
제헌,김용재,최헌길,2
제4대,박만원,정홍섭,2
제헌,박순석,임영신,2
제헌,김약수,허정,2
제2대,이재형,지청천,2
제3대,김재황,송우범,2
제2대,김석명,조봉암,2
제3대,김성복,이석기,2
제2대,조봉암,한희석,2
제4대,강영훈,이재학,2
제4대,정문흠,한근조,2
제4대,박종식,최규옥,2
제4대,김일환,김재위,2
제2대,이채오,장택상,2
제2대,이진수,임기봉,2
제헌,서우석,주기용,2
제헌,진헌식,황병규,2
제헌,이종선,이철원,2
제4대,김석진,전창희,2
제헌,김웅진,신현돈,2
제2대,조봉암,함덕용,2
제헌,백관수,윤길중,2
제헌,서우석,이영준,2
제4대,김병순,이남신,2
제4대,김종오,우희창,2
제헌,이문원,이재형,2
제2대,이호진,조봉암,2
제헌,김옥주,서성달,2
제4대,김도연,한희석,2
제3대,최갑환,황성수,2
제4대,서상준,우희창,2
제4대,박병배,이강내,2
제2대,백낙준,윤치영,2
제4대,곽의영,김의창,2
제4대,윤용구,이남신,2
제헌,신성균,윤병구,2
제4대,박순석,조영규,2
제3대,서상준,정문흠,2
제헌,정광호,정도영,2
제3대,곽상훈,최병권,2
제헌,윤재욱,조국현,2
제4대,박세경,정중섭,2
제4대,이종준,최재유,2
제헌,권승열,이진수,2
제2대,김동성,박영출,2
제3대,송방용,최병국,2
제3대,윤인상,현석호,2
제헌,신상학,이구수,2
제4대,주요한,함성용,2
제4대,유봉순,임흥순,2
제4대,이재학,이정희,2
제2대,윤치영,최국현,2
제헌,강기문,김준연,2
제헌,김옥주,최석화,2
제2대,오성환,오의관,2
제헌,송진백,이정래,2
제2대,곽의영,여운홍,2
제4대,김준연,이형모,2
제3대,신규식,정준,2
제3대,곽상훈,김달호,2
제헌,권승열,김준연,2
제3대,이인,인태식,2
제4대,서정학,임춘무,2
제헌,박성준,윤치영,2
제3대,김원태,이익흥,2
제3대,강봉옥,조경규,2
제2대,서민호,태완선,2
제헌,권태희,이재학,2
제4대,김의창,정성태,2
제헌,백관수,유내완,2
제3대,김영선,이열모,2
제4대,이정휴,조일재,2
제3대,김진만,이형진,2
제4대,조순,조응천,2
제4대,박만원,장경근,2
제헌,서우석,황호현,2
제2대,정헌주,조봉암,2
제헌,오택열,정준,2
제헌,백남채,이정래,2
제3대,곽상훈,이태용,2
제헌,유진홍,이인,2
제헌,박우경,신상학,2
제4대,김인권,김창동,2
제3대,김두한,백한성,2
제2대,신익희,이한창,2
제2대,서이환,이종형,2
제헌,진헌식,황두연,2
제4대,이강학,정헌주,2
제헌,서용길,허남수,2
제헌,이훈구,조봉암,2
제헌,오택관,원용한,2
제2대,김동성,조중서,2
제3대,인태식,정운갑,2
제헌,이영준,홍범희,2
제헌,김용재,박순석,2
제4대,김도연,민한식,2
제2대,김동성,이충환,2
제3대,변진갑,홍창섭,2
제헌,김동준,이승만,2
제4대,박흥규,이존화,2
제2대,윤치영,이호근,2
제헌,박찬현,최석화,2
제4대,이철승,전과,2
제3대,전만중,조경규,2
제헌,김용재,김철,2
제4대,김도연,김준연,2
제2대,엄상섭,이석기,2
제2대,노기용,임문환,2
제2대,박정근,지청천,2
제4대,김원규,송인상,2
제2대,전규홍,조봉암,2
제3대,오재영,조경규,2
제헌,서순영,조한백,2
제4대,이만우,이철승,2
제3대,김영선,유옥우,2
제헌,박우경,서우석,2
제헌,김옥주,정해준,2
제4대,변시민,최재유,2
제3대,신태권,정상열,2
제헌,권태희,김수선,2
제3대,곽상훈,전진한,2
제헌,이성득,최국현,2
제헌,곽상훈,김웅진,2
제4대,박만원,박상길,2
제헌,이종순,조국현,2
제4대,김석진,송인상,2
제3대,박정근,인태식,2
제3대,오임근,정성태,2
제4대,박순석,박춘성,2
제3대,김일환,안준기,2
제헌,김문평,조국현,2
제헌,권승렬,박윤원,2
제3대,김종신,정성태,2
제4대,이사형,최용근,2
제4대,이학만,정중섭,2
제2대,김동성,이용설,2
제3대,문봉제,현석호,2
제헌,노일환,윤치영,2
제헌,남궁현,장병만,2
제3대,박흥규,우만형,2
제2대,이종형,임영신,2
제헌,김준연,황윤호,2
제헌,김수선,박우경,2
제헌,이석주,홍희종,2
제3대,소선규,하을춘,2
제3대,양일동,임철호,2
제4대,김병윤,박창화,2
제2대,박정근,이종형,2
제2대,이병호,장택상,2
제4대,그것을,이철승,2
제헌,김영동,유진홍,2
제헌,송창식,조종승,2
제4대,류지원,윤담,2
제헌,권태희,백관수,2
제4대,국쾌남,김신서,2
제헌,배중혁,원장길,2
제4대,노태선,이필호,2
제4대,김인권,황숙현,2
제3대,오영재,조경규,2
제헌,문시환,유성갑,2
제3대,김종신,오형근,2
제헌,이원홍,장경근,2
제헌,윤치영,현영익,2
제헌,신상학,표현태,2
제헌,신상학,홍순옥,2
제4대,김재곤,엄상섭,2
제4대,손문경,최진국,2
제4대,엄상섭,정문흠,2
제4대,류지원,한희석,2
제3대,김종규,최규남,2
제3대,김판술,이철승,2
제4대,김영관,주금용,2
제4대,김정열,조영규,2
제3대,황경수,황성수,2
제3대,정대천,황성수,2
제헌,강선명,조영규,2
제4대,신영주,이호진,2
제4대,민관식,송인상,2
제3대,이충환,황경수,2
제3대,곽상훈,김의택,2
제헌,김옥주,최규옥,2
제3대,정성태,최순주,2
제3대,김선우,이기붕,2
제2대,곽상훈,김종순,2
제헌,서정희,윤재욱,2
제3대,박영종,신두영,2
제4대,반재현,윤명운,2
제4대,서범석,신영주,2
제4대,이재학,정명섭,2
제3대,서인홍,신행용,2
제헌,유진오,최국현,2
제헌,박해정,이종순,2
제2대,장택상,조중서,2
제4대,이영언,조순,2
제헌,김상순,서상일,2
제3대,변영태,이영섭,2
제3대,이열모,정상열,2
제헌,조영규,최석화,2
제헌,박윤원,이호석,2
제3대,곽상훈,이호,2
제4대,김정환,이동희,2
제4대,김상돈,박현숙,2
제4대,박해정,조영규,2
제4대,박순천,오재경,2
제3대,곽상훈,정명선,2
제4대,서정학,최응복,2
제헌,유성갑,황두연,2
제4대,권복인,정규상,2
제4대,이형모,임철호,2
제4대,권오종,신영주,2
제헌,최태규,황윤호,2
제4대,민관식,신용권,2
제헌,김영동,박준,2
제헌,임영신,조영규,2
제4대,이갑식,정상희,2
제헌,백관수,홍희종,2
제4대,박철웅,전성천,2
제3대,백한성,소선규,2
제3대,조경규,표양문,2
제3대,정명선,최순주,2
제4대,김정열,윤택중,2
제3대,유옥우,최순주,2
제4대,신현확,하태환,2
제헌,김종선,김철,2
제4대,반재현,하태환,2
제헌,박찬현,이강우,2
제4대,김의택,임철호,2
제4대,김선우,반재현,2
제4대,유옥우,허윤수,2
제4대,김병순,황숙현,2
제헌,김옥주,민경식,2
제4대,김순길,정대천,2
제3대,신용욱,이응준,2
제헌,이종순,정준,2
제3대,김원태,최순주,2
제헌,이재형,조규갑,2
제3대,권오종,문봉제,2
제3대,신의식,최순주,2
제헌,김장열,조헌영,2
제4대,문종두,정재설,2
제헌,정준,조옥현,2
제3대,윤성순,정형모,2
제헌,이석,최헌길,2
제4대,여덕만,오범수,2
제헌,윤치영,차윤홍,2
제2대,김의준,서상환,2
제4대,전성천,정성태,2
제헌,박해정,최창섭,2
제3대,양영주,조영규,2
제4대,김희덕,박병배,2
제4대,박해정,이종수,2
제4대,윤형남,조영규,2
제3대,박영종,송경섭,2
제3대,류진산,정갑주,2
제헌,김상돈,이성학,2
제헌,곽상훈,김인식,2
제헌,김준연,나용균,2
제3대,류순식,최순주,2
제헌,조헌영,최규옥,2
제3대,박술음,이기붕,2
제3대,신행용,정운갑,2
제4대,강영훈,정동기,2
제4대,민관식,서임수,2
제2대,박영출,이종현,2
제헌,박윤원,백관수,2
제4대,구태회,정규상,2
제4대,김장섭,류순식,2
제4대,김완길,진형하,2
제헌,이석주,조규갑,2
제3대,서인홍,양영주,2
제3대,박만원,정준,2
제4대,김장섭,윤용구,2
제헌,김상순,정준,2
제4대,박용익,정홍섭,2
제헌,박윤원,이훈구,2
제4대,박해정,이영희,2
제3대,이기붕,정갑식,2
제4대,김창규,오재영,2
제헌,김병회,조옥현,2
제4대,이철승,특별한,2
제4대,우희창,임철호,2
제헌,김웅진,장기영,2
제4대,강명옥,정준모,2
제3대,서임수,이태용,2
제4대,구용서,박찬현,2
제2대,김인선,백남식,2
제4대,박충식,유용식,2
제4대,민병기,서정학,2
제4대,윤우경,윤택중,2
제헌,김광준,전진한,2
제헌,박우경,이유선,2
제4대,김공평,한광석,2
제4대,박세경,조영규,2
제헌,이재형,지대형,2
제3대,김종신,황경수,2
제3대,신규식,조병문,2
제헌,서용길,이호석,2
제4대,이영언,정영기,2
제2대,신태익,윤택중,2
제헌,이성학,이종린,2
제3대,소선규,유옥우,2
제4대,오임근,조순,2
제4대,박종식,이한빈,2
제3대,김수선,박영출,2
제헌,김철,박상영,2
제헌,허정,홍성하,2
제헌,박해극,서용길,2
제4대,신응균,오재영,2
제4대,이성우,정헌주,2
제4대,김선태,이영희,2
제헌,김동원,진정서,2
제4대,안용대,이재형,2
제헌,대리,신익희,2
제4대,원용석,최규하,2
제4대,서범석,이회근,2
제3대,류순식,조병문,2
제헌,이호석,조헌영,2
제헌,김상돈,박해극,2
제2대,태완선,홍헌표,2
제헌,조봉암,차경모,2
제헌,김옥주,김준연,2
제헌,김재학,최창섭,2
제4대,오위영,조한백,2
제4대,김송환,김의창,2
제3대,이동환,천병규,2
제헌,신익희,전진항,2
제헌,강기문,이진수,2
제4대,부산에,이원장,2
제헌,육홍균,장병만,2
제헌,김약수,오택렬,2
제4대,김선태,신현확,2
제헌,이주형,홍희종,2
제2대,송방용,조주영,2
제헌,서용길,전진한,2
제헌,박우경,윤재근,2
제4대,고담용,하태환,2
제헌,조봉암,황호현,2
제2대,박영출,최면수,2
제3대,정운갑,천병규,2
제4대,김원만,최석림,2
제3대,김지준,이태용,2
제3대,곽의영,박만원,2
제2대,변영태,윤치영,2
제헌,조국현,홍순옥,2
제3대,구흥남,류진산,2
제4대,김익기,최용근,2
제헌,박우결,홍성하,2
제헌,박순석,신상학,2
제2대,김수학,방만수,2
제헌,백관수,전규홍,2
제3대,윤인상,이형모,2
제4대,김태동,원용석,2
제헌,김철수,신익희,2
제4대,이동환,임철호,2
제헌,김병회,장병만,2
제3대,권성기,이태용,2
제3대,백한성,최규옥,2
제3대,유옥우,현석호,2
제4대,이효,최병권,2
제3대,윤형남,최규옥,2
제4대,원용덕,하태환,2
제2대,김수학,이재형,2
제4대,강성태,구용서,2
제헌,이석,이항발,2
제헌,윤병구,정광호,2
제헌,곽상훈,김명동,2
제2대,백남식,안만복,2
제헌,김광준,박순석,2
제헌,김상순,유진홍,2
제4대,김선기,박순천,2
제3대,김현철,천병규,2
제2대,곽의영,노진설,2
제4대,권택상,오위영,2
제4대,그래서,이필호,2
제4대,구흥남,김태동,2
제4대,박철재,박흥규,2
제4대,류순식,박윤식,2
제헌,이종순,황호현,2
제4대,이원장,이재학,2
제헌,베중혁,신익희,2
제2대,김종희,조봉암,2
제3대,소선규,이응준,2
제2대,이종현,이종형,2
제4대,손도심,유용식,2
제헌,신현돈,조헌영,2
제헌,신성균,황병규,2
제헌,구중회,조국현,2
제3대,신의식,최영철,2
제4대,곽의영,김두진,2
제2대,김형덕,최국현,2
제3대,김한기,양일동,2
제4대,유재흥,윤재근,2
제3대,박영출,손도심,2
제헌,김웅진,김중기,2
제4대,김응주,박상운,2
제4대,류청,정중섭,2
제헌,김수선,이석,2
제3대,이중재,한희석,2
제4대,강호륜,안균섭,2
제헌,김옥주,이종현,2
제4대,김영준,윤용구,2
제헌,신상학,조영규,2
제2대,공진항,신익희,2
제헌,오택열,이강우,2
제헌,김웅진,정도영,2
제2대,김형근,신익희,2
제헌,나용균,서상일,2
제헌,박순석,정도영,2
제헌,이문원,이성득,2
제3대,김판술,정운갑,2
제4대,김선태,최규하,2
제3대,송방용,정재완,2
제4대,박병배,임철호,2
제2대,박영출,임영신,2
제헌,이강우,이원홍,2
제헌,서상일,원장길,2
제4대,김병윤,오임근,2
제4대,최천,홍승업,2
제2대,박만원,윤길중,2
제2대,남봉순,윤치영,2
제4대,김창우,유옥우,2
제4대,김선태,조정환,2
제4대,박덕영,손영수,2
제2대,강인택,신익희,2
제3대,송인상,이충환,2
제4대,오위영,이재학,2
제헌,박해극,윤병구,2
제4대,박상길,이동근,2
제2대,곽의영,박희현,2
제4대,이갑식,이영희,2
제헌,구중회,김철,2
제헌,김경배,황호현,2
제헌,유진홍,최용덕,2
제4대,이재학,최창섭,2
제헌,박우경,백관수,2
제4대,박흥규,원용덕,2
제3대,정재완,조순,2
제3대,김만기,박정근,2
제헌,오택관,윤병구,2
제헌,김수선,장희창,2
제4대,김법린,민장식,2
제헌,이종순,장병만,2
제4대,김병주,정명섭,2
제헌,오기열,조국현,2
제3대,김상도,조순,2
제2대,노랜드,조봉암,2
제2대,신익희,진헌식,2
제헌,김중기,이윤영,2
제2대,이석기,이충환,2
제헌,김재학,이원홍,2
제4대,문종두,조영규,2
제2대,조봉암,한홍,2
제4대,김법린,안용백,2
제3대,권병호,최정우,2
제4대,김석진,박성희,2
제헌,윤병구,이재형,2
제헌,김문평,이진수,2
제3대,박만원,박세경,2
제헌,박해정,이정래,2
제헌,김상돈,장면,2
제3대,소선규,황경수,2
제3대,김종신,조응천,2
제헌,김인식,오택렬,2
제헌,김경배,이정래,2
제3대,박흥규,이응준,2
제헌,박준,최헌길,2
제헌,김재학,이주형,2
제헌,신방현,홍순옥,2
제4대,김용진,박종식,2
제헌,유진홍,이호석,2
제3대,김선태,정존수,2
제2대,오의관,홍범희,2
제3대,신정호,황성수,2
제헌,김경도,이병관,2
제헌,이인,장홍염,2
제2대,신익희,정재완,2
제3대,백남식,최인규,2
제헌,박우경,이석,2
제3대,김재황,박영종,2
제4대,서정귀,정완영,2
제4대,권중돈,안균섭,2
제헌,이정래,이주형,2
제2대,김양수,여운홍,2
제2대,장경근,장홍염,2
제4대,이것은,이철승,2
제3대,김종규,황성수,2
제2대,관상훈,신익희,2
제4대,백선엽,하태환,2
제헌,박해정,이원홍,2
제4대,김형돈,이재현,2
제헌,신익희,홍범희,2
제헌,김명인,신익희,2
제4대,박병배,육군에서,2
제3대,류순식,박영출,2
제4대,강영훈,윤재근,2
제4대,정성태,조정환,2
제헌,김우식,오택관,2
제4대,박철웅,손창환,2
제헌,박순석,배중혁,2
제헌,남궁현,송봉해,2
제4대,김동욱,김의준,2
제헌,신성균,이남규,2
제헌,유진홍,장홍염,2
제4대,박병배,통례가,2
제헌,김약수,김우식,2
제3대,신태권,이형모,2
제헌,김봉두,이정래,2
제2대,박희현,이진수,2
제2대,민복기,신익희,2
제헌,정광호,정준,2
제헌,유진홍,최태규,2
제4대,권중돈,서임수,2
제3대,이철승,정해영,2
제2대,서범석,홍헌표,2
제3대,손창환,조경규,2
제4대,이병하,임철호,2
제헌,박해정,장병만,2
제헌,이종순,황두연,2
제2대,이병호,조광섭,2
제4대,이정희,정명섭,2
제3대,박정근,황경수,2
제2대,서상환,장택상,2
제4대,최진국,홍길선,2
제헌,조영규,최창섭,2
제4대,이철승,조영규,2
제4대,부채는,이철승,2
제3대,장택상,조병옥,2
제4대,박만원,손영수,2
제헌,김상돈,유진홍,2
제4대,예결에서,이철승,2
제헌,김준연,윤재근,2
제3대,김호식,조경규,2
제3대,갈홍기,양일동,2
제3대,정준,조영규,2
제3대,이익흥,조영규,2
제헌,이진수,장경근,2
제헌,김수선,오택관,2
제3대,이기붕,최정우,2
제4대,박충모,이철승,2
제헌,박우경,정준,2
제3대,송우범,천세기,2
제4대,이두형,이형모,2
제2대,안용대,이종현,2
제4대,권택상,이존화,2
제3대,이재학,임차주,2
제3대,송경섭,황성수,2
제헌,김철,박기운,2
제3대,원용석,정상열,2
제헌,원용한,최창섭,2
제4대,김상돈,이성주,2
제3대,김달호,박만원,2
제헌,윤석구,장병만,2
제헌,곽상훈,이석주,2
제4대,김원전,민관식,2
제4대,손도심,한광석,2
제3대,이기붕,정재완,2
제헌,김상순,박순석,2
제헌,김인식,이남규,2
제4대,권택상,최용근,2
제헌,문시환,배중혁,2
제헌,서상일,이문원,2
제2대,김광준,홍창섭,2
제3대,곽상훈,서동진,2
제3대,박영출,조병문,2
제헌,이석주,조영규,2
제4대,김용진,이천승,2
제4대,안광훈,이필호,2
제헌,윤보선,조종승,2
제헌,김봉조,박찬현,2
제4대,그것이,박덕영,2
제헌,류래완,이훈구,2
제헌,나용균,조병한,2
제4대,서범석,송인상,2
제4대,이원장,한계를,2
제4대,김형섭,변진갑,2
제헌,조한백,한석범,2
제2대,김양수,장택상,2
제4대,이한빈,최용근,2
제헌,박우경,유성갑,2
제2대,조봉암,최석주,2
제4대,민장식,하태환,2
제헌,신상학,이정래,2
제3대,김상현,이재학,2
제헌,김중기,서상일,2
제4대,김영준,박창화,2
제헌,김병회,박해극,2
제헌,김교중,신익희,2
제헌,김종선,오석주,2
제3대,김동욱,유완창,2
제2대,최성웅,최원호,2
제3대,김철,조경규,2
제3대,신효선,황성수,2
제4대,유성권,하태환,2
제4대,권복인,안정근,2
제4대,송인상,황성수,2
제헌,박순석,정해준,2
제4대,유성권,유영준,2
제2대,남송학,엄상섭,2
제2대,구을회,정재설,2
제헌,윤치영,이훈구,2
제2대,윤치영,정순조,2
제4대,고담용,황정철,2
제3대,김성삼,황성수,2
제헌,이종린,조영규,2
제헌,김봉조,조영규,2
제4대,김상도,정순조,2
제4대,이은태,임흥순,2
제헌,김약수,황희찬,2
제3대,박영출,신규식,2
제3대,권택상,양일동,2
제4대,손영수,황성수,2
제헌,신익희,최윤전,2
제헌,김수선,표현태,2
제3대,정기원,정일형,2
제헌,김명동,김영기,2
제헌,서순영,이진수,2
제4대,김준연,조재천,2
제3대,조영규,홍창섭,2
제4대,고담용,윤명운,2
제헌,김상순,이성학,2
제헌,배중혁,조규갑,2
제헌,박상영,주기용,2
제4대,박찬현,송인상,2
제4대,김선기,민관식,2
제4대,원용석,이영희,2
제4대,김선기,서범석,2
제4대,손영수,이재학,2
제3대,신각휴,정해영,2
제헌,김영동,오택관,2
제3대,김재곤,황성수,2
제헌,오택열,조영규,2
제4대,우희창,원용덕,2
제헌,김수선,장병만,2
제4대,거기에,유성권,2
제3대,이기붕,지영진,2
제2대,박만원,조주영,2
제헌,곽상훈,장병만,2
제2대,윤길중,최국현,2
제3대,정문흠,조병옥,2
제2대,이철원,장택상,2
제4대,서임수,유영준,2
제4대,김일환,이만우,2
제4대,안덕기,이존화,2
제헌,강선명,이진수,2
제헌,김웅진,이영준,2
제4대,김성탁,김의창,2
제헌,오택관,정광호,2
제4대,권찬주,류순식,2
제2대,윤치영,조대연,2
제3대,윤형남,이철승,2
제헌,김우식,신광균,2
제3대,김판술,민관식,2
제헌,조국현,최윤동,2
제헌,김윤근,이원홍,2
제4대,구용서,하태환,2
제헌,김수선,서우석,2
제헌,서이환,이성득,2
제헌,오석주,조국현,2
제4대,거기에,박덕영,2
제4대,명재억,윤용구,2
제4대,김정열,류청,2
제3대,소선규,윤일상,2
제4대,다른,신영주,2
제4대,윤형남,한성수,2
제헌,정광호,정구삼,2
제4대,권오종,김주묵,2
제3대,손권배,인태식,2
제4대,임문석,조일환,2
제2대,김명수,신익희,2
제헌,나용균,이문원,2
제2대,김봉재,서범석,2
제4대,박용익,안정근,2
제4대,이정휴,한희석,2
제헌,김상순,이원홍,2
제헌,이석주,정도영,2
제헌,김봉두,한석범,2
제헌,이성득,조봉암,2
제3대,강성태,민관식,2
제2대,권중돈,박정근,2
제3대,박흥규,조정환,2
제4대,유옥우,정영기,2
제2대,김광준,서범석,2
제4대,류진산,유승준,2
제헌,김교현,신광균,2
제4대,없습니다,이철승,2
제3대,김도연,문봉제,2
제3대,신태권,정재설,2
제헌,김상순,김인식,2
제3대,정상열,황성수,2
제헌,박준,이정래,2
제4대,김종대,김현철,2
제4대,임철호,정준모,2
제4대,양일동,이학만,2
제3대,김우동,이재학,2
제4대,김도연,정대숙,2
제헌,이주형,정준,2
제4대,박덕영,저희는,2
제4대,민병기,윤형남,2
제4대,이철승,장택상,2
제4대,김철안,한희석,2
제3대,배영호,소선규,2
제헌,김광준,이문원,2
제4대,김상도,이병하,2
제4대,박병배,사금만을,2
제2대,강성태,소선규,2
제2대,여운홍,임용순,2
제3대,김달수,김원태,2
제2대,이재형,조주영,2
제3대,이근직,이충환,2
제헌,오용국,주기용,2
제2대,김의준,서범석,2
제2대,윤치영,조순,2
제헌,조봉암,조한백,2
제2대,임정규,조봉암,2
제헌,오택열,장병만,2
제3대,김준환,윤형남,2
제헌,원용한,이호석,2
제헌,정도영,정준,2
제헌,윤치영,임병직,2
제3대,김기철,이형모,2
제3대,김두진,조순,2
제3대,나희집,이중재,2
제4대,김용진,천병규,2
제3대,송경섭,홍진기,2
제2대,서상덕,이진수,2
제3대,윤만석,하을춘,2
제4대,박해정,이태용,2
제2대,박기배,홍헌표,2
제4대,권중돈,임철호,2
제헌,신성균,조한백,2
제4대,유성권,이영희,2
제3대,곽상훈,구용서,2
제4대,김주묵,최규옥,2
제4대,김정권,윤담,2
제4대,문종두,반재현,2
제헌,송진백,이인,2
제2대,김익기,소선규,2
제4대,김석진,손석두,2
제2대,윤치영,이종순,2
제4대,고담용,김주묵,2
제3대,류지원,박흥규,2
제헌,김재학,이호석,2
제2대,박영출,조봉안,2
제헌,윤보선,이진수,2
제4대,유충렬,장택상,2
제4대,구철회,그것은,2
제2대,김동성,이종형,2
제4대,구철회,문봉제,2
제4대,주금용,현오봉,2
제4대,유기수,정중섭,2
제4대,서정귀,손석두,2
제3대,소선규,정규상,2
제헌,김옥주,박해극,2
제4대,송원영,이상훈,2
제4대,김일환,최규옥,2
제4대,김순길,손문경,2
제4대,손영수,이민우,2
제4대,류청,임철호,2
제4대,박순석,이상룡,2
제4대,김정열,엄상섭,2
제헌,김재학,김철,2
제헌,김경도,조헌영,2
제4대,민관식,정대천,2
제3대,김일환,황성수,2
제4대,김원태,임철호,2
제헌,이진수,허정,2
제3대,유봉순,최세황,2
제2대,강직순,박철웅,2
제4대,신영주,작전에,2
제2대,오한영,조봉암,2
제4대,한희석,황숙현,2
제헌,곽상훈,김상호,2
제4대,손도심,오히려,2
제4대,이응준,이재형,2
제3대,송인상,이형모,2
제헌,서이환,오택관,2
제3대,박영종,오재경,2
제헌,육홍균,표현태,2
제4대,김정열,민관식,2
제3대,김석범,백남식,2
제3대,오영재,유옥우,2
제헌,박찬현,황두연,2
제2대,김동성,조정훈,2
제3대,김영찬,이철승,2
제4대,박덕영,이것을,2
제4대,유성권,전부,2
제헌,박순석,박해극,2
제헌,김철,서상일,2
제3대,백남식,유진산,2
제4대,유봉순,조일재,2
제헌,이항발,조한백,2
제헌,김병회,이문원,2
제4대,신영주,이성우,2
제3대,김해림,소선규,2
제3대,변진갑,소선규,2
제헌,김준연,이석주,2
제3대,정명섭,지창하,2
제헌,김문평,조영규,2
제헌,오석주,홍순옥,2
제3대,김한기,정상열,2
제헌,김웅진,박준,2
제헌,김명동,이재형,2
제헌,이진수,홍길선,2
제2대,곽의영,임문환,2
제3대,소선규,이중재,2
제헌,벡관수,신익희,2
제2대,백남식,조주영,2
제3대,김익로,정문흠,2
제헌,서우석,오용국,2
제4대,김석진,한옥신,2
제4대,신현확,최인규,2
제3대,김선태,유옥우,2
제2대,김인태,박정근,2
제3대,김윤기,이철승,2
제헌,오택렬,홍성하,2
제4대,김선태,손창환,2
제헌,김철,정준,2
제3대,박영종,최하영,2
제4대,신도성,진형하,2
제3대,김현철,유봉순,2
제헌,강선명,최용덕,2
제3대,백재홍,이기붕,2
제4대,김일환,이상용,2
제4대,김성탁,정규상,2
제헌,김옥주,장홍염,2
제3대,김용우,황경수,2
제3대,소선규,최하영,2
제헌,오석주,윤병구,2
제3대,구흥남,유옥우,2
제3대,박종길,정상열,2
제4대,류근창,주금용,2
제헌,노일환,유성갑,2
제헌,김명동,문시환,2
제헌,권승렬,조헌영,2
제헌,김웅진,조봉암,2
제4대,박희동,이원장,2
제헌,김장렬,조봉암,2
제4대,이재학,정홍섭,2
제헌,박해정,최국현,2
제4대,이형모,정재원,2
제3대,이형진,정운갑,2
제헌,김경도,박찬현,2
제4대,임문석,정재완,2
제4대,김신서,서정귀,2
제4대,김선우,이재학,2
제3대,박만원,홍창섭,2
제3대,민관식,최하영,2
제4대,박순석,홍승업,2
제4대,진석중,홍승업,2
제헌,민경식,조영규,2
제4대,박성희,이종남,2
제2대,김동성,김수학,2
제헌,장병만,정광호,2
제헌,김상돈,신성모,2
제헌,정균식,최국현,2
제3대,김영선,김의택,2
제헌,김웅진,이승만,2
제헌,김상돈,이인,2
제헌,임영신,정광호,2
제3대,이응준,황경수,2
제3대,강세형,박영종,2
제4대,시골에,이철승,2
제헌,박순석,조봉암,2
제2대,조병옥,조봉암,2
제4대,이성우,정중섭,2
제4대,박종길,하태환,2
제3대,김치영,류진산,2
제헌,윤병구,이주형,2
제3대,김원태,조영규,2
제4대,이재형,조재천,2
제2대,박정근,이춘기,2
제4대,김원태,황정철,2
제3대,송방용,최규남,2
제4대,이상용,이재학,2
제4대,윤재근,한광석,2
제헌,김익진,신익희,2
제헌,나용균,신현돈,2
제3대,신각휴,함두영,2
제3대,곽상훈,신용욱,2
제3대,박흥규,하태환,2
제4대,김상도,조일환,2
제4대,류순식,박순석,2
제2대,엄상섭,이진수,2
제2대,이종순,장택상,2
제3대,김두한,서상준,2
제헌,김준연,남궁현,2
제3대,류진산,최창섭,2
제3대,김호직,하을춘,2
제3대,송방용,정존수,2
제3대,김성복,배영호,2
제4대,이근상,황호현,2
제3대,민관식,이형진,2
제헌,김상순,최범술,2
제3대,백남식,한성수,2
제헌,김덕렬,윤치영,2
제헌,이구수,최태규,2
제헌,서용길,진헌식,2
제4대,민장식,한상봉,2
제3대,김의창,조경규,2
제4대,김원만,김응순,2
제3대,김판술,이봉희,2
제헌,김우식,진헌식,2
제4대,안균섭,장덕창,2
제4대,윤택중,이원장,2
제4대,안덕기,정의택,2
제헌,김수선,최태규,2
제3대,이재학,임우영,2
제4대,구철회,김용진,2
제4대,발행하지,이원장,2
제4대,박덕영,박동균,2
제4대,김두진,김인권,2
제4대,민장식,한희석,2
제헌,김익로,조봉암,2
제3대,유옥우,정운갑,2
제4대,박철웅,이근직,2
제헌,유진오,정구삼,2
제헌,김상돈,이문원,2
제3대,김의준,이재학,2
제헌,유진오,진헌식,2
제4대,이영희,함성용,2
제4대,김상도,김원만,2
제4대,김선기,김선태,2
제헌,윤길중,정도영,2
제3대,윤형남,천병규,2
제헌,권승열,홍범희,2
제4대,윤명운,최인규,2
제2대,곽상훈,장건상,2
제4대,문종두,손창환,2
제3대,임철호,정해영,2
제4대,류진산,정홍섭,2
제3대,곽상훈,유순식,2
제2대,윤치영,이호진,2
제헌,박우경,이종린,2
제헌,김상덕,장병만,2
제4대,이명선,정중섭,2
제4대,구태회,임문석,2
제3대,강세형,소선규,2
제헌,이구수,이석주,2
제헌,박윤원,안준상,2
제헌,김동원,차경모,2
제3대,남흥우,백남식,2
제4대,반재현,정명섭,2
제헌,백관수,정도영,2
제4대,김용진,유옥우,2
제헌,이영준,조국현,2
제4대,정재완,천병규,2
제헌,김재학,황윤호,2
제4대,김창규,박만원,2
제4대,신영주,장덕창,2
제헌,조국현,표현태,2
제3대,강봉옥,문봉제,2
제4대,김인권,송영주,2
제헌,김약수,이윤영,2
제3대,신규식,천병규,2
제4대,오범수,정재설,2
제3대,박재홍,신의식,2
제4대,박흥규,안정근,2
제4대,김선기,정재완,2
제4대,박흥규,한희석,2
제2대,서이환,이갑성,2
제헌,이성득,조한백,2
제헌,이주형,최태규,2
제3대,김형근,이태용,2
제2대,오의관,유승준,2
제3대,김상돈,홍창섭,2
제2대,박영출,이용설,2
제헌,이윤영,이진수,2
제3대,윤병호,인태식,2
제헌,홍성하,황호현,2
제3대,천세기,황남팔,2
제4대,김두진,백선엽,2
제헌,이영준,진헌식,2
제헌,조종승,허정,2
제헌,오석주,주기용,2
제헌,김병회,박해정,2
제헌,김상덕,최태규,2
제헌,노일환,배중혁,2
제4대,임철호,황성수,2
제4대,박병배,이용을,2
제4대,유봉순,이철승,2
제4대,박영두,이형모,2
제4대,여기에,유성권,2
제헌,이성학,조규갑,2
제헌,곽상훈,최규옥,2
제3대,김병순,이재학,2
제4대,박덕영,아직,2
제2대,김준희,장택상,2
제헌,서정희,이문원,2
제헌,조한백,최운교,2
제헌,강욱중,홍성하,2
제헌,김철,이종순,2
제4대,이종남,최인규,2
제3대,김홍식,박영종,2
제헌,권승열,김영동,2
제헌,김봉조,유진오,2
제헌,이재형,정준,2
제3대,김법린,황성수,2
제헌,이영준,황두연,2
제헌,김약수,차인홍,2
제헌,김영기,황윤호,2
제4대,윤명운,임철호,2
제4대,박충모,우선,2
제헌,박찬현,최창섭,2
제3대,김창규,이철승,2
제2대,백남식,조광섭,2
제헌,이성학,최창섭,2
제헌,김동준,박우경,2
제헌,신익희,허남원,2
제헌,김옥주,이재형,2
제헌,김수선,최봉식,2
제헌,김상순,최운교,2
제3대,윤일상,최병권,2
제4대,김선우,최응복,2
제헌,김상덕,정준,2
제3대,서임수,양일동,2
제4대,김정렬,윤담,2
제헌,김웅진,이문원,2
제헌,이진수,최윤동,2
제3대,김택술,조경규,2
제2대,박철웅,이진수,2
제3대,김지준,오임근,2
제헌,이문원,홍희종,2
제4대,김정근,임철호,2
제헌,김동원,손재학,2
제3대,윤인상,정해영,2
제4대,구흥남,김응주,2
제헌,곽상훈,박기운,2
제4대,김원전,나상근,2
제4대,이태용,정재설,2
제헌,박순석,조한백,2
제헌,김광준,김준연,2
제4대,고담용,임흥순,2
제헌,이남규,이성학,2
제4대,서상준,서임수,2
제헌,이항발,조국현,2
제2대,김동성,안상한,2
제3대,김지태,조경규,2
제헌,김약수,서순영,2
제헌,문시환,신현돈,2
제2대,김웅진,신익희,2
제4대,박해정,이호진,2
제2대,이선교,장택상,2
제헌,박윤원,육홍균,2
제4대,박충훈,이원장,2
제3대,윤병호,이호,2
제4대,박흥규,홍익표,2
제3대,오임근,이열모,2
제헌,정준,조봉암,2
제2대,김종렬,조봉암,2
제4대,김진형,박흥규,2
제3대,민영남,유옥우,2
제4대,이영희,정운갑,2
제헌,박순석,송창식,2
제3대,김홍식,홍창섭,2
제2대,변영태,황성수,2
제4대,김종대,양일동,2
제2대,지청천,한필수,2
제4대,김상도,엄상섭,2
제3대,이재학,정해영,2
제2대,곽의영,김종회,2
제2대,박순천,백두진,2
제헌,박기운,정도영,2
제헌,김재학,김종선,2
제2대,김종회,변영태,2
제헌,김경도,조국현,2
제4대,나판수,문종두,2
제헌,김약수,김용갑,2
제4대,엄상섭,오범수,2
제4대,이상훈,이종수,2
제헌,김수선,최창섭,2
제4대,진석중,최용근,2
제헌,박해극,홍희종,2
제3대,박흥규,서임수,2
제3대,김의택,정상열,2
제헌,김용재,조국현,2
제헌,이남규,정준,2
제헌,김병회,김철,2
제2대,김의창,조봉암,2
제헌,박해정,조한백,2
제3대,민관식,지영진,2
제2대,조봉암,한동석,2
제2대,김태희,윤치영,2
제3대,김정호,김창규,2
제헌,김동원,김종문,2
제헌,박순석,황윤호,2
제3대,최순주,최창섭,2
제3대,구흥남,박영종,2
제헌,박기운,박윤원,2
제헌,최국현,황두연,2
제4대,류지원,이재학,2
제헌,김문평,최범술,2
제헌,박상영,백관수,2
제2대,남송학,조주영,2
제헌,나용균,이인,2
제3대,구흥남,이선근,2
제4대,구용서,지영진,2
제헌,김봉조,이요한,2
제4대,김용진,조종호,2
제헌,김상순,박우경,2
제4대,류홍,이종남,2
제4대,김선기,박종길,2
제헌,이주형,이호석,2
제헌,서정희,이범석,2
제헌,김옥주,이항발,2
제4대,변재갑,유성권,2
제4대,손재형,유성권,2
제4대,김희덕,양일동,2
제4대,손문경,이병학,2
제헌,이강우,이문원,2
제헌,신익희,이의상,2
제헌,신익희,유홍열,2
제4대,윤용구,허윤수,2
제헌,노일환,황병규,2
제헌,권태희,이성득,2
제4대,류홍,최용근,2
제3대,이영의,조경규,2
제3대,김형근,최순주,2
제4대,신영주,홍범희,2
제3대,김종신,박도언,2
제2대,김동성,정일형,2
제4대,이규성,전봉희,2
제헌,김수선,김우식,2
제헌,조한백,황두연,2
제헌,김재학,오용국,2
제헌,김봉조,김철,2
제3대,문봉제,민영남,2
제2대,김동성,홍창섭,2
제4대,김원규,정남택,2
제4대,곽의영,이신득,2
제4대,김치영,이재학,2
제3대,강승구,박재홍,2
제4대,박병배,봉급에,2
제3대,유옥우,이우룡,2
제4대,손창환,이재학,2
제4대,박흥규,이만호,2
제4대,강호륜,신영주,2
제헌,임영신,장병만,2
제3대,박종길,송방용,2
제3대,신행용,유옥우,2
제4대,박순석,정재원,2
제3대,김동욱,최순주,2
제헌,김우식,조종승,2
제헌,서성달,이석주,2
제4대,신영주,정년이,2
제4대,이태용,최인규,2
제3대,장덕창,천세기,2
제4대,정정해서,조일재,2
제3대,김현철,신태권,2
제4대,구흥남,김준연,2
제헌,신익희,연병호,2
제3대,조경규,최정우,2
제4대,서임수,오범수,2
제4대,김상돈,이것이,2
제헌,김경도,홍희종,2
제4대,이상용,정의택,2
제3대,조재천,한희석,2
제3대,신의식,윤택선,2
제4대,우희창,윤재근,2
제2대,박영출,정일형,2
제3대,박영출,박해정,2
제헌,이강우,조영규,2
제3대,이열모,이형모,2
제4대,우희창,유기수,2
제3대,윤일상,이충환,2
제4대,김재위,윤대은,2
제헌,원장길,최태규,2
제4대,구태회,김두진,2
제헌,원용한,조헌영,2
제4대,김정열,한광석,2
제3대,조만종,황성수,2
제헌,조영규,최윤동,2
제헌,송창식,조국현,2
제헌,이승만,이훈구,2
제헌,서우석,이윤영,2
제4대,하태환,한희석,2
제3대,김기철,김준환,2
제헌,이정래,정광호,2
제3대,나희집,이형진,2
제4대,금년에,오범수,2
제4대,김두진,조재천,2
제4대,김장섭,임문석,2
제헌,권태희,김옥주,2
제4대,문종두,유봉순,2
제헌,신상학,최태규,2
제4대,유상근,정중섭,2
제3대,신규식,조순,2
제3대,김종규,박영종,2
제2대,조봉암,최재우,2
제헌,신방현,조봉암,2
제3대,소선규,송경섭,2
제2대,김동성,박성하,2
제4대,임철호,최창섭,2
제2대,신태영,장택상,2
제3대,양영주,함두영,2
제4대,권오종,최정우,2
제헌,박순석,지대형,2
제2대,박정근,태완선,2
제3대,김상돈,조순,2
제3대,한동석,함두영,2
제4대,김봉렬,이종수,2
제헌,권태희,김도연,2
제3대,임철호,황남팔,2
제4대,김도연,임문석,2
제4대,이재학,최희송,2
제헌,노진설,윤치영,2
제4대,송인상,엄상섭,2
제헌,김경배,오택관,2
제3대,신익희,이기붕,2
제3대,강성태,송방용,2
제4대,류청,윤제술,2
제4대,유영준,제가,2
제3대,김법린,최순주,2
제헌,김명동,김재학,2
제헌,이문원,이성학,2
제3대,김재황,정준,2
제3대,김용우,소선규,2
제헌,이강우,이성학,2
제3대,권성기,이형진,2
제헌,유홍렬,정준,2
제헌,백남채,황호현,2
제3대,강종무,함두영,2
제4대,이학만,황성수,2
제3대,민관식,유봉순,2
제4대,정낙훈,지창하,2
제헌,신현돈,정해준,2
제3대,신규식,윤재욱,2
제4대,구흥남,정영기,2
제4대,박상길,조순,2
제2대,이판열,조봉암,2
제헌,신현돈,이석주,2
제3대,이근직,이기붕,2
제3대,문종두,황성수,2
제헌,배헌,서상일,2
제헌,이석주,이성득,2
제4대,곽의영,김도연,2
제헌,장병만,홍희종,2
제3대,김준연,이충환,2
제4대,류지원,박현숙,2
제2대,신익희,유완창,2
제3대,박용익,최재호,2
제3대,곽상훈,민영남,2
제3대,문종두,이재학,2
제4대,강정규,최경남,2
제헌,이승만,정균식,2
제4대,이영언,정중섭,2
제헌,김동원,장창희,2
제2대,소선규,엄상섭,2
제헌,백관수,서상일,2
제헌,김동원,박종만,2
제3대,유순식,이기붕,2
제헌,박기운,이석주,2
제4대,박찬현,임문석,2
제헌,김명동,정해준,2
제4대,김봉관,변진갑,2
제3대,서정학,신도성,2
제3대,김준환,김현철,2
제3대,정준,조병문,2
제헌,박기운,이남규,2
제3대,신행용,이재학,2
제4대,김재곤,박상운,2
제2대,김익로,이채오,2
제3대,이광,이기붕,2
제3대,이종수,인태식,2
제3대,곽상훈,윤제술,2
제헌,박우경,조헌영,2
제4대,오임근,윤제술,2
제헌,김교현,이정래,2
제4대,반재현,임철호,2
제4대,백선엽,윤형남,2
제3대,변영태,신태권,2
제헌,김용재,오석주,2
제3대,박흥규,이근칠,2
제4대,민병기,최응복,2
제4대,이원장,허형구,2
제2대,신익희,황호연,2
제4대,임철호,최용근,2
제4대,최인규,최창섭,2
제4대,김인호,이만우,2
제헌,김봉조,박해극,2
제3대,김선태,서인홍,2
제4대,적이,조일재,2
제헌,김옥주,이석주,2
제헌,유진홍,조종승,2
제헌,서상일,조규갑,2
제4대,김석진,서임수,2
제헌,김익진,윤치영,2
제헌,유진홍,이종순,2
제헌,김문평,이승만,2
제4대,박만규,윤택중,2
제4대,김석진,조인구,2
제4대,김공평,제대증을,2
제2대,김유택,김익로,2
제2대,곽의영,엄상섭,2
제헌,서우석,신현돈,2
제헌,서용길,이정래,2
제3대,강성태,박영종,2
제4대,정재완,최정우,2
제4대,이철승,저희들,2
제4대,권오종,김병주,2
제헌,김봉조,황호현,2
제4대,구태회,이재학,2
제4대,김일병,류지원,2
제4대,손도심,저희들은,2
제4대,장택상,정헌주,2
제4대,조광희,조종호,2
제헌,김재학,황병규,2
제2대,윤치영,인태식,2
제3대,신태권,최순주,2
제헌,김약수,최석화,2
제3대,박세경,소선규,2
제3대,곽의영,이철승,2
제4대,이존화,최규남,2
제4대,김두일,이상용,2
제헌,김광균,송봉해,2
제2대,김병로,조중서,2
제4대,이원장,첫째,2
제4대,박계진,박흥규,2
제4대,김주묵,박종식,2
제3대,윤인상,이치영,2
제4대,전창희,황성수,2
제2대,장홍염,홍범희,2
제4대,송재규,유옥우,2
제3대,정해영,황경수,2
제2대,변진갑,윤길중,2
제3대,정준,홍창섭,2
제3대,정운갑,황성수,2
제2대,장택상,함인섭,2
제2대,박팔봉,조봉암,2
제헌,육홍균,이승만,2
제4대,손문경,임철호,2
제헌,윤병구,정준,2
제헌,박우경,오석주,2
제4대,허윤수,홍진기,2
제3대,신태권,정해영,2
제헌,문시환,신광균,2
제2대,김준희,조봉암,2
제4대,정헌주,조영규,2
제4대,유용식,조영규,2
제헌,신성균,차윤홍,2
제3대,김영선,김현철,2
제헌,이종선,한창수,2
제헌,유진오,조옥현,2
제4대,강봉수,손문경,2
제헌,정준,홍성하,2
제헌,김우식,이성학,2
제3대,조영규,최영철,2
제4대,류지원,조일재,2
제헌,강달수,김약수,2
제3대,김원태,인태식,2
제2대,박만원,황병규,2
제2대,오성환,정헌조,2
제4대,김병국,이종남,2
제4대,오임근,이종남,2
제헌,조헌영,최태규,2
제헌,주기용,홍순옥,2
제헌,김우식,김준연,2
제4대,문종두,최규하,2
제4대,박동균,이필호,2
제2대,김수학,안상한,2
제헌,김동준,유진오,2
제헌,김우식,박우경,2
제4대,최용근,현오봉,2
제헌,신성균,황호현,2
제4대,김상도,정문흠,2
제2대,조봉암,조정환,2
제3대,김영찬,장경근,2
제헌,서성달,조헌영,2
제헌,김봉조,정준,2
제헌,이종린,정광호,2
제3대,김종신,이동환,2
제4대,강종무,윤용구,2
제헌,김영동,신상학,2
제헌,김광준,윤재근,2
제3대,이동환,인태식,2
제헌,서용길,신성균,2
제헌,김도연,이성학,2
제3대,김정호,황성수,2
제헌,김인식,이청천,2
제4대,신규식,이상현,2
제4대,김훈,현재,2
제헌,정해준,최국현,2
제3대,민관식,박만원,2
제헌,이정래,홍성하,2
제4대,김상돈,김훈,2
제헌,김병회,황호현,2
제헌,김약수,정우일,2
제헌,김도연,유진홍,2
제3대,김창수,황성수,2
제4대,박상길,이동희,2
제2대,신흥균,윤치영,2
제헌,김봉조,황두연,2
제4대,이형모,조순,2
제헌,김광준,조봉암,2
제3대,변영태,서상준,2
제4대,천병규,황호현,2
제4대,김일환,정헌주,2
제4대,손도심,안균섭,2
제헌,권승열,배헌,2
제3대,박도언,오임근,2
제3대,김일환,이형모,2
제4대,김재곤,유봉순,2
제4대,김봉두,정중섭,2
제4대,유성권,진형하,2
제2대,김동성,여운홍,2
제4대,박덕영,정성태,2
제4대,유성권,윤대은,2
제3대,류지원,박영종,2
제4대,김용진,배성기,2
제2대,이도영,태완선,2
제헌,이석주,황호현,2
제헌,김상순,조국현,2
제3대,김형근,신각휴,2
제헌,민경식,서우석,2
제헌,강달수,김철,2
제2대,신익희,업상섭,2
제3대,오재영,정문흠,2
제헌,김영동,진헌식,2
제헌,이성학,이훈구,2
제4대,김상도,박만원,2
제헌,임영신,진헌식,2
제3대,김원태,이철승,2
제3대,유봉순,이영희,2
제3대,윤보선,이철승,2
제3대,신현확,조경규,2
제4대,이용운,조영규,2
제헌,김재학,황호현,2
제3대,김두한,송경섭,2
제4대,류청,홍병각,2
제헌,권태희,이구수,2
제헌,송진백,조영규,2
제3대,이종수,황남팔,2
제3대,김준연,이재학,2
제4대,오범수,전창희,2
제헌,박기운,지대형,2
제헌,김동원,백형남,2
제4대,김선우,유상근,2
제헌,신성균,장면,2
제3대,김영찬,황남팔,2
제4대,오위영,한희석,2
제헌,김용화,신익희,2
제4대,오재경,윤제술,2
제3대,김종신,박세경,2
제4대,박철웅,홍병각,2
제헌,이종현,이주형,2
제4대,곽의영,손재형,2
제4대,류순식,박해정,2
제4대,윤택선,정명섭,2
제3대,박영종,이태용,2
제4대,윤형남,이사형,2
제3대,백남식,송경섭,2
제헌,김동성,배중혁,2
제4대,김동조,최용근,2
제헌,박준,이성학,2
제3대,양일동,조용순,2
제4대,박덕영,주금용,2
제4대,김두진,박인순,2
제헌,이주형,조종승,2
제4대,김향수,조일환,2
제헌,장홍염,조헌영,2
제4대,김치은,손영수,2
제2대,신익희,정진욱,2
제4대,박흥규,신정강,2
제4대,문종두,홍진기,2
제3대,변영태,정기원,2
제헌,권태욱,조한백,2
제헌,원용한,유내완,2
제4대,김상도,홍진기,2
제헌,곽상훈,박해극,2
제4대,송인상,안덕기,2
제4대,이형모,최재유,2
제3대,강성태,함두영,2
제3대,구흥남,이철승,2
제헌,이문원,최운교,2
제4대,이형모,황정철,2
제헌,이종순,임영신,2
제4대,신현확,이만우,2
제4대,민장식,엄요섭,2
제헌,박윤원,윤병구,2
제3대,박영종,신정호,2
제헌,김경배,황두연,2
제4대,김주묵,이동근,2
제헌,김인식,정균식,2
제2대,이석기,태완선,2
제헌,오석주,윤석구,2
제3대,박순석,조재천,2
제3대,권중돈,정기원,2
제헌,박해정,윤재욱,2
제헌,박순석,조종승,2
제3대,김춘호,양일동,2
제헌,이성득,최운교,2
제헌,서순영,장병만,2
제3대,나창헌,박영종,2
제4대,박영교,정명섭,2
제2대,김일환,송방용,2
제4대,구흥남,임문석,2
제4대,김진만,이만우,2
제4대,김상도,오표,2
제3대,박영종,최정우,2
제4대,임문석,장병균,2
제헌,김약수,홍범희,2
제헌,박해정,홍성하,2
제3대,유옥우,최창섭,2
제헌,이석주,정해준,2
제3대,박용익,최순주,2
제3대,김정열,정상열,2
제4대,옛날에는,이철승,2
제헌,박우경,정광호,2
제3대,김치영,나희집,2
제헌,배중혁,서용길,2
제헌,오석주,정광호,2
제헌,조국현,주기용,2
제헌,김철,박순석,2
제4대,유영준,이원장,2
제헌,곽상훈,박우경,2
제2대,박만원,이재형,2
제헌,육홍균,조헌영,2
제3대,나희집,정중섭,2
제3대,박용익,이재학,2
제4대,수로여비,이철승,2
제4대,윤형남,이철승,2
제4대,유옥우,함성용,2
제헌,신상학,이석,2
제4대,구철회,서상준,2
제헌,김봉조,조한백,2
제4대,민한식,정재완,2
제3대,정상열,현석호,2
제헌,김웅진,조종승,2
제3대,손도심,이존화,2
제4대,김정열,신영주,2
제헌,김동원,이종선,2
제3대,양일동,이호,2
제4대,이학만,진형하,2
제3대,이호,최순주,2
제3대,이응준,조영규,2
제4대,김선우,민병기,2
제4대,문종두,신현확,2
제4대,김성근,양일동,2
제4대,박용익,박해정,2
제4대,박종길,손영수,2
제4대,조일환,하태환,2
제헌,서상일,송창식,2
제2대,서민호,정일형,2
제헌,이유선,장병만,2
제4대,금년에,이필호,2
제헌,이성학,이요한,2
제4대,이원장,최원구,2
제3대,유옥우,이치영,2
제헌,김경배,김영동,2
제헌,백관수,조종승,2
제헌,나용균,배중혁,2
제헌,이승만,정현모,2
제3대,윤형남,조영규,2
제헌,윤재근,이승만,2
제2대,오의관,장경근,2
제4대,김동욱,이철승,2
제3대,이존화,이호,2
제3대,소선규,이종수,2
제헌,김도연,조국현,2
제4대,류지원,박병권,2
제4대,강명옥,박흥규,2
제4대,백운붕,이필호,2
제헌,문시환,조봉암,2
제헌,윤병구,이호석,2
제2대,엄상섭,운치영,2
제헌,김경도,이석주,2
제4대,이종판,정대천,2
제4대,이형모,홍진기,2
제헌,박우경,황두연,2
제헌,김도연,서정희,2
제3대,남송학,박흥규,2
제4대,이철승,징병검사,2
제2대,김지태,박희현,2
제헌,김인식,홍성하,2
제헌,김준연,박해정,2
제헌,이석주,이인,2
제3대,송방용,오재경,2
제헌,김교현,서우석,2
제4대,안균섭,최세황,2
제헌,김연준,신익희,2
제2대,윤치영,홍진기,2
제헌,최운교,최창섭,2
제2대,신익희,정기원,2
제헌,유준상,조국현,2
제2대,조광섭,지청천,2
제3대,김형덕,최순주,2
제헌,김봉조,신성균,2
제3대,염우량,이영희,2
제4대,김선태,반재현,2
제4대,김영간,원용석,2
제헌,김경도,정광호,2
제3대,박만원,유옥우,2
제헌,김상순,장병만,2
제4대,정규상,조영규,2
제헌,이상규,이진수,2
제3대,염우량,이형진,2
제4대,김원전,양일동,2
제4대,송영주,이재학,2
제2대,이도영,장택상,2
제헌,김동원,노진설,2
제3대,민관식,조만종,2
제3대,변진갑,오림근,2
제4대,김상돈,김선우,2
제헌,강욱중,김병회,2
제2대,여영복,윤치영,2
제4대,김봉렬,정성태,2
제헌,김영기,신성균,2
제4대,박상길,반재현,2
제4대,구태회,박만원,2
제3대,손도심,이태용,2
제3대,김두진,오임근,2
제헌,신상학,조한백,2
제2대,성득환,신익희,2
제헌,강달수,박찬현,2
제3대,유봉순,정재설,2
제4대,김정열,안광호,2
제3대,김상돈,박영출,2
제4대,손재형,이재현,2
제헌,강욱중,신성균,2
제헌,박상영,장병만,2
제4대,김두진,손영수,2
제헌,박윤원,박찬현,2
제헌,박찬현,이석주,2
제2대,김광준,윤길중,2
제4대,다른,박덕영,2
제3대,문봉제,조만종,2
제2대,서상권,신익희,2
제4대,박종식,배성기,2
제4대,장택상,정낙훈,2
제헌,김광준,박윤원,2
제헌,노일환,이인,2
제3대,강종무,박흥규,2
제헌,이항발,황호현,2
제2대,윤치영,이도영,2
제헌,김옥주,이정래,2
제헌,김명동,배중혁,2
제4대,손창환,지영진,2
제2대,장택상,조병옥,2
제2대,서상호,조봉암,2
제헌,배중혁,유진오,2
제헌,김도연,신광균,2
제4대,신언한,원용석,2
제3대,박영종,정중섭,2
제4대,결국은,유영준,2
제3대,강종무,신각휴,2
제헌,서우석,장병만,2
제3대,김일환,박정근,2
제헌,유홍렬,이진수,2
제헌,박윤원,박해정,2
제헌,강욱중,김웅진,2
제3대,손원일,유옥우,2
제4대,송인상,임차주,2
제헌,이석,지대형,2
제헌,오석주,이재형,2
제헌,김약수,지대형,2
제4대,제길윤,진형하,2
제3대,권성기,정상열,2
제3대,이형진,홍창섭,2
제4대,윤택중,한희석,2
제4대,김병국,김석진,2
