SpeakerKey,Community,CommunityName,CommunitySize,SpeechCount,Strength
이철승위원,1,커뮤니티 1,1984,1618,3051.0
박병배위원,1,커뮤니티 1,1984,646,1254.0
강영훈위원,1,커뮤니티 1,1984,597,1181.0
이필호위원,1,커뮤니티 1,1984,475,936.0
이정휴위원,1,커뮤니티 1,1984,400,755.0
권중돈위원,1,커뮤니티 1,1984,310,617.0
유용식위원,1,커뮤니티 1,1984,302,603.0
최병권위원,1,커뮤니티 1,1984,244,486.0
위원장하태환,1,커뮤니티 1,1984,265,481.0
손도심위원,1,커뮤니티 1,1984,238,470.0
이원장위원,1,커뮤니티 1,1984,215,421.0
위원장유용식,1,커뮤니티 1,1984,231,407.0
우희창위원,1,커뮤니티 1,1984,201,394.0
유성권위원,1,커뮤니티 1,1984,197,387.0
피고강정규,1,커뮤니티 1,1984,189,378.0
국방부장관김정렬,1,커뮤니티 1,1984,169,337.0
유영준위원,1,커뮤니티 1,1984,164,326.0
조일재위원,1,커뮤니티 1,1984,163,326.0
박덕영위원,1,커뮤니티 1,1984,158,316.0
한광석위원,1,커뮤니티 1,1984,155,310.0
신영주위원,1,커뮤니티 1,1984,152,304.0
안균섭위원,1,커뮤니티 1,1984,140,280.0
李敏雨위원,1,커뮤니티 1,1984,136,272.0
류지원위원,1,커뮤니티 1,1984,136,264.0
대구인단비누공장지배인이동필,1,커뮤니티 1,1984,117,234.0
증인류경호,1,커뮤니티 1,1984,116,232.0
증인최경남,1,커뮤니티 1,1984,113,226.0
박충모위원,1,커뮤니티 1,1984,98,193.0
김훈위원,1,커뮤니티 1,1984,96,192.0
반장신영주,1,커뮤니티 1,1984,93,185.0
국방부차관최세황,1,커뮤니티 1,1984,91,182.0
피고조신환,1,커뮤니티 1,1984,85,170.0
위원장류지원,1,커뮤니티 1,1984,85,154.0
김상돈위원,1,커뮤니티 1,1984,73,146.0
육군참모총장송요찬,1,커뮤니티 1,1984,71,142.0
헌병사령관원용덕,1,커뮤니티 1,1984,66,132.0
홍범희위원,1,커뮤니티 1,1984,64,128.0
증인김동수,1,커뮤니티 1,1984,61,122.0
위원장이정휴,1,커뮤니티 1,1984,59,116.0
제1군사령부경리참모김사득,1,커뮤니티 1,1984,55,110.0
김공평위원,1,커뮤니티 1,1984,52,104.0
제7급양대장이원건,1,커뮤니티 1,1984,52,104.0
제1조달근무대장마웅호,1,커뮤니티 1,1984,51,101.0
육군본부관리부장강영훈,1,커뮤니티 1,1984,50,100.0
제1군사령관송요찬,1,커뮤니티 1,1984,49,98.0
이사형위원,1,커뮤니티 1,1984,47,94.0
제3조달근무부대장한계태,1,커뮤니티 1,1984,47,93.0
위원장대리서임수,1,커뮤니티 1,1984,49,90.0
오재영위원,1,커뮤니티 1,1984,45,89.0
반장하태환,1,커뮤니티 1,1984,47,88.0
제3관구사령관이형석,1,커뮤니티 1,1984,44,88.0
전문위원이수용,1,커뮤니티 1,1984,44,88.0
위원장송우범,1,커뮤니티 1,1984,52,83.0
제2군사령관최영희,1,커뮤니티 1,1984,41,82.0
주금용위원,1,커뮤니티 1,1984,41,78.0
증인심진택,1,커뮤니티 1,1984,39,78.0
육군본부군수참모부장김웅수,1,커뮤니티 1,1984,39,78.0
반장서임수,1,커뮤니티 1,1984,40,77.0
제3조달근무부대구매과장이종춘,1,커뮤니티 1,1984,39,77.0
부산병기기지사령관이재룡,1,커뮤니티 1,1984,38,76.0
구철회위원,1,커뮤니티 1,1984,37,74.0
제6군단장강영훈,1,커뮤니티 1,1984,37,74.0
제6군단장백인엽,1,커뮤니티 1,1984,35,70.0
서울지방검찰청검사장김치열,1,커뮤니티 1,1984,35,70.0
증인배경주,1,커뮤니티 1,1984,35,70.0
위원장대리홍범희,1,커뮤니티 1,1984,34,66.0
증인차형기,1,커뮤니티 1,1984,33,66.0
증인이재기,1,커뮤니티 1,1984,33,66.0
증인석주암,1,커뮤니티 1,1984,33,66.0
증인조신환,1,커뮤니티 1,1984,32,64.0
헌병사령부제3부장김정채,1,커뮤니티 1,1984,32,64.0
제6관구공병부대장김재식,1,커뮤니티 1,1984,32,64.0
제1군사령부법무참모조병일,1,커뮤니티 1,1984,30,60.0
공군본부시설감최해인,1,커뮤니티 1,1984,30,60.0
제1지구경리대장강홍식,1,커뮤니티 1,1984,30,60.0
김팔중령,1,커뮤니티 1,1984,30,60.0
해군참모총장이용운,1,커뮤니티 1,1984,29,58.0
육군본부법무감김완용,1,커뮤니티 1,1984,29,58.0
육군본부경리국장박충훈,1,커뮤니티 1,1984,29,58.0
육군본부인사참모차장류근창,1,커뮤니티 1,1984,29,58.0
반장홍범희,1,커뮤니티 1,1984,38,57.0
제8지구급양대장방철수,1,커뮤니티 1,1984,28,56.0
제17범죄수사대장장일원,1,커뮤니티 1,1984,28,56.0
증인강정규,1,커뮤니티 1,1984,28,56.0
제2군사령부경리부장지기섭,1,커뮤니티 1,1984,27,54.0
증인백운붕,1,커뮤니티 1,1984,27,53.0
제8병참기지마산분창장장일하,1,커뮤니티 1,1984,26,52.0
부산특무부대장김진각,1,커뮤니티 1,1984,26,52.0
제17CID대장장일원,1,커뮤니티 1,1984,26,52.0
육군첩보부대장김용순,1,커뮤니티 1,1984,24,48.0
육군본부정보국장김정권,1,커뮤니티 1,1984,24,48.0
증인안광훈,1,커뮤니티 1,1984,24,48.0
반장이필호,1,커뮤니티 1,1984,27,46.0
공군본부인사차장유경인,1,커뮤니티 1,1984,23,46.0
제2군사령부관리차장양국환,1,커뮤니티 1,1984,23,46.0
증인정금체,1,커뮤니티 1,1984,23,46.0
제3군단장오덕준,1,커뮤니티 1,1984,22,44.0
해병대사령관김대식,1,커뮤니티 1,1984,22,44.0
박현숙위원,1,커뮤니티 1,1984,22,43.0
공군참모총장김창규,1,커뮤니티 1,1984,21,42.0
증인이은철,1,커뮤니티 1,1984,21,42.0
육군사관학교장이한림,1,커뮤니티 1,1984,21,41.0
제2보충대대장김두일,1,커뮤니티 1,1984,21,41.0
육군본부관리차장이효,1,커뮤니티 1,1984,20,40.0
제50예비사단장전부일,1,커뮤니티 1,1984,20,40.0
해군의무단장서재성,1,커뮤니티 1,1984,20,40.0
검사김창욱,1,커뮤니티 1,1984,20,40.0
육군본부병무국장박동균,1,커뮤니티 1,1984,20,39.0
제1군사령부감찰참모김인,1,커뮤니티 1,1984,19,38.0
연합참모본부장이종우,1,커뮤니티 1,1984,19,38.0
인쇄공창부창장이광수,1,커뮤니티 1,1984,19,38.0
육군특무부대장김재현,1,커뮤니티 1,1984,19,38.0
제11사단장이상철,1,커뮤니티 1,1984,19,38.0
위원장대리이정휴,1,커뮤니티 1,1984,20,37.0
외무위원장대리정기원,1,커뮤니티 1,1984,20,37.0
제2군사령부군수참모이규학,1,커뮤니티 1,1984,19,36.0
육군참모총장백선엽,1,커뮤니티 1,1984,18,36.0
제2군사령부예산과장최영주,1,커뮤니티 1,1984,18,36.0
육군통신기지창장박용규,1,커뮤니티 1,1984,18,36.0
육군본부인사참모부장안춘생,1,커뮤니티 1,1984,17,34.0
제8병참기지창장최화진,1,커뮤니티 1,1984,17,34.0
건설공병단부단장황원희,1,커뮤니티 1,1984,16,32.0
제1전투비행단장장지량,1,커뮤니티 1,1984,16,32.0
공군참모총장장덕창,1,커뮤니티 1,1984,16,32.0
서울지구병사구사령관홍성준,1,커뮤니티 1,1984,16,32.0
서울지구병사구사령부참모장문승용,1,커뮤니티 1,1984,15,30.0
제6관구사령관박병권,1,커뮤니티 1,1984,15,30.0
육군본부휼병감김근배,1,커뮤니티 1,1984,15,30.0
육군본부감찰감한신,1,커뮤니티 1,1984,15,30.0
제5군단장이성가,1,커뮤니티 1,1984,14,28.0
육군본부부관감이창우,1,커뮤니티 1,1984,14,28.0
제3범죄수사대장이종원,1,커뮤니티 1,1984,14,28.0
제2군사령부본부사령이동식,1,커뮤니티 1,1984,14,28.0
제6군단병참참모조성현,1,커뮤니티 1,1984,14,28.0
제5관구사령관이준식,1,커뮤니티 1,1984,14,28.0
공군본부관리국장이규성,1,커뮤니티 1,1984,14,28.0
증인조래운,1,커뮤니티 1,1984,14,28.0
제1군사령관유재흥,1,커뮤니티 1,1984,14,27.0
해군참모총장정긍모,1,커뮤니티 1,1984,14,27.0
제1군사령부군수참모김정무,1,커뮤니티 1,1984,13,26.0
제12건설공병단장오한영,1,커뮤니티 1,1984,13,26.0
육군본부통신감김선규,1,커뮤니티 1,1984,13,26.0
공군기술교육단장김득용,1,커뮤니티 1,1984,13,26.0
증인성원경,1,커뮤니티 1,1984,13,26.0
김정호위원,1,커뮤니티 1,1984,13,26.0
전형산위원,1,커뮤니티 1,1984,13,26.0
증인노태선,1,커뮤니티 1,1984,13,26.0
항공창장김명섭,1,커뮤니티 1,1984,13,26.0
서정윤중령,1,커뮤니티 1,1984,13,25.0
제6사단장이창정,1,커뮤니티 1,1984,13,25.0
검사강서룡,1,커뮤니티 1,1984,12,24.0
국방부과학연구소장정낙은,1,커뮤니티 1,1984,12,24.0
출석감사위원,1,커뮤니티 1,1984,12,24.0
해군본부경리국장이우용,1,커뮤니티 1,1984,12,24.0
국방부정훈국장권병호,1,커뮤니티 1,1984,12,24.0
연합참모본부총장백선엽,1,커뮤니티 1,1984,12,24.0
공군본부경리국장이규성,1,커뮤니티 1,1984,12,24.0
이익흥위원,1,커뮤니티 1,1984,12,24.0
공군기술교육단경리처장조태준,1,커뮤니티 1,1984,12,24.0
공군본부군수국장박원석,1,커뮤니티 1,1984,12,24.0
국방부총무국법무과장이운기,1,커뮤니티 1,1984,12,24.0
1군사령관송요찬,1,커뮤니티 1,1984,12,24.0
위원장대리신영주,1,커뮤니티 1,1984,12,22.0
이성호예.,1,커뮤니티 1,1984,11,22.0
제1사단장류흥수,1,커뮤니티 1,1984,11,22.0
81항공창관리과장이원복,1,커뮤니티 1,1984,11,22.0
육군기갑학교장그것은,1,커뮤니티 1,1984,11,22.0
육군본부경리감신연식,1,커뮤니티 1,1984,11,22.0
제1조달근무대장정찬주,1,커뮤니티 1,1984,11,22.0
공군본부의무차감계인교,1,커뮤니티 1,1984,11,22.0
육군본부병참감박경원,1,커뮤니티 1,1984,11,22.0
제3육군병원장홍용근,1,커뮤니티 1,1984,11,21.0
이성호그것은,1,커뮤니티 1,1984,10,20.0
제3범죄(CID)수사대장한필동,1,커뮤니티 1,1984,10,20.0
제2보충대대민창식,1,커뮤니티 1,1984,10,20.0
제2지구경리대장조승구,1,커뮤니티 1,1984,10,20.0
2군사령관최영희,1,커뮤니티 1,1984,10,20.0
육군본부휼병감김용주,1,커뮤니티 1,1984,10,20.0
증인김준기,1,커뮤니티 1,1984,10,20.0
진해해군통제부참모장김상길,1,커뮤니티 1,1984,10,20.0
주인서병지,1,커뮤니티 1,1984,10,20.0
국방부차관보대리박임환,1,커뮤니티 1,1984,10,20.0
국방부관리국장안광호,1,커뮤니티 1,1984,10,20.0
공군참모차장김창규,1,커뮤니티 1,1984,10,19.0
제2군부사령관최경록,1,커뮤니티 1,1984,9,18.0
제2군사령부관리과장최진종,1,커뮤니티 1,1984,9,18.0
해병대사령부병기감한승옥,1,커뮤니티 1,1984,9,18.0
공군본부정보국장전봉희,1,커뮤니티 1,1984,9,18.0
정훈학교장윤태호,1,커뮤니티 1,1984,9,18.0
육군의무기지보급창장김주환,1,커뮤니티 1,1984,9,18.0
해군보급창최명락,1,커뮤니티 1,1984,9,18.0
제12사단장이용,1,커뮤니티 1,1984,9,17.0
국방부병무국장박동균,1,커뮤니티 1,1984,9,16.0
육군본부정훈국장최창언,1,커뮤니티 1,1984,8,16.0
윤재욱위원,1,커뮤니티 1,1984,8,16.0
제6군단경리참모정도일,1,커뮤니티 1,1984,8,16.0
증인이존일,1,커뮤니티 1,1984,8,16.0
헌병사령부제3부수사과장심윤,1,커뮤니티 1,1984,8,16.0
제10전투비행단장김규만,1,커뮤니티 1,1984,8,16.0
제1군사령부정보처장정인택,1,커뮤니티 1,1984,8,16.0
국방부장관김정렬(계속),1,커뮤니티 1,1984,8,16.0
정동기그것은,1,커뮤니티 1,1984,8,16.0
제2군사령부회계과장강용구,1,커뮤니티 1,1984,8,16.0
증인최영빈,1,커뮤니티 1,1984,8,16.0
육군특무부대특무처장강명현,1,커뮤니티 1,1984,8,16.0
천세기위원,1,커뮤니티 1,1984,7,14.0
해군본부후방참모부장이성호,1,커뮤니티 1,1984,7,14.0
해군교재창장노진석,1,커뮤니티 1,1984,7,14.0
육군본부병기감안동순,1,커뮤니티 1,1984,7,14.0
공군본부작전국장강호륜,1,커뮤니티 1,1984,7,14.0
제9기지창장예.,1,커뮤니티 1,1984,7,14.0
해군교재창노진석,1,커뮤니티 1,1984,7,14.0
해군교육단박병태,1,커뮤니티 1,1984,7,14.0
함대사령관이용운,1,커뮤니티 1,1984,7,14.0
제2군사령부법무부장그것은,1,커뮤니티 1,1984,7,14.0
연합참모본부총장유재흥,1,커뮤니티 1,1984,7,14.0
육군본부관리부차장이효,1,커뮤니티 1,1984,6,12.0
국방부총무국제1군무과장노명호,1,커뮤니티 1,1984,6,12.0
육군본부정훈감유해준,1,커뮤니티 1,1984,6,12.0
제6군단군수국장김정덕,1,커뮤니티 1,1984,6,12.0
해병대사령부작전교육국장이영우,1,커뮤니티 1,1984,6,12.0
제1군사령부병참부장정강,1,커뮤니티 1,1984,6,12.0
국방연구원장박임항,1,커뮤니티 1,1984,6,12.0
육군본부군종감전종옥,1,커뮤니티 1,1984,6,12.0
제2군사령부헌병부장예.,1,커뮤니티 1,1984,6,12.0
제116육군병원약제과장박홍석,1,커뮤니티 1,1984,6,12.0
함대사령부기획과장김상호,1,커뮤니티 1,1984,6,12.0
해병교육단조광호,1,커뮤니티 1,1984,6,12.0
해병보급정비단배응호,1,커뮤니티 1,1984,6,12.0
제6군단인사참모최형록,1,커뮤니티 1,1984,6,12.0
증인곽근호,1,커뮤니티 1,1984,6,12.0
해군보급창장이수봉,1,커뮤니티 1,1984,5,10.0
공군본부정훈감소상영,1,커뮤니티 1,1984,5,10.0
기술교육단장장지량,1,커뮤니티 1,1984,5,10.0
교육총본부총장최영희,1,커뮤니티 1,1984,5,10.0
제1201공병단장예.,1,커뮤니티 1,1984,5,10.0
육군본부의무감정희섭,1,커뮤니티 1,1984,5,10.0
군수과장김종만,1,커뮤니티 1,1984,5,10.0
공군본부인사국장주영복,1,커뮤니티 1,1984,5,10.0
육군기갑학교장그,1,커뮤니티 1,1984,5,10.0
제2군사령부헌병부장그것은,1,커뮤니티 1,1984,5,10.0
51병기탄약창장이동수,1,커뮤니티 1,1984,5,10.0
제9기지창경리과장김걸,1,커뮤니티 1,1984,5,10.0
제1군사령부군수참모처장신재식,1,커뮤니티 1,1984,5,10.0
육군기갑학교장제가,1,커뮤니티 1,1984,5,10.0
제6사단군수참모황예헌,1,커뮤니티 1,1984,5,10.0
국방부지리연구소장황인권,1,커뮤니티 1,1984,5,10.0
정동기예.,1,커뮤니티 1,1984,5,10.0
부산병기기지사령부생산처장이종옥,1,커뮤니티 1,1984,5,10.0
제6군단법무참모최영환,1,커뮤니티 1,1984,5,10.0
제1군사령부인사처장박경원,1,커뮤니티 1,1984,5,10.0
주한미군사고문단장대리(통역)000,1,커뮤니티 1,1984,5,9.0
교육총본부총장김종오,1,커뮤니티 1,1984,5,9.0
김영삼위원,1,커뮤니티 1,1984,4,8.0
위원장대리이필호,1,커뮤니티 1,1984,4,8.0
육군헌병감이규광,1,커뮤니티 1,1984,4,8.0
제1군사령부감찰부장황철신,1,커뮤니티 1,1984,4,8.0
해군사관학교장이우권,1,커뮤니티 1,1984,4,8.0
공군본부행정차감류의열,1,커뮤니티 1,1984,4,8.0
제2훈련소장박병권,1,커뮤니티 1,1984,4,8.0
육군본부조달차감한순화,1,커뮤니티 1,1984,4,8.0
해군본부인사국장김영관,1,커뮤니티 1,1984,4,8.0
여중오경순,1,커뮤니티 1,1984,4,8.0
제2군사령부병참참모김덕서,1,커뮤니티 1,1984,4,8.0
이성호그런,1,커뮤니티 1,1984,4,8.0
정동기그런,1,커뮤니티 1,1984,4,8.0
육군본부군수국장김웅수,1,커뮤니티 1,1984,4,8.0
국방위원회간사김희찬,1,커뮤니티 1,1984,4,8.0
제2군사령부헌병부장제가,1,커뮤니티 1,1984,4,8.0
공군본부군수국차장이경춘,1,커뮤니티 1,1984,4,8.0
육군기갑학교장네!,1,커뮤니티 1,1984,4,8.0
군사정보대장그렇습니다.,1,커뮤니티 1,1984,4,8.0
공군사관학교장신상철,1,커뮤니티 1,1984,4,8.0
제2보충대대박정수,1,커뮤니티 1,1984,4,8.0
제2병참단제10기지창2종계장이정희,1,커뮤니티 1,1984,4,8.0
군의학교군종실장최진복,1,커뮤니티 1,1984,4,8.0
육군본부헌병감이규광,1,커뮤니티 1,1984,4,8.0
헌병사령부부사령관박건원,1,커뮤니티 1,1984,4,8.0
피감사기관참석자,1,커뮤니티 1,1984,4,7.0
증인명단,1,커뮤니티 1,1984,4,7.0
제7지구경리대장홍용욱,1,커뮤니티 1,1984,3,6.0
공군본부정훈감김기완,1,커뮤니티 1,1984,3,6.0
감사위원,1,커뮤니티 1,1984,3,6.0
헌병사령부참모장이창우,1,커뮤니티 1,1984,3,6.0
정동기제가,1,커뮤니티 1,1984,3,6.0
연합참모본부3부장김용기,1,커뮤니티 1,1984,3,6.0
제8병참기지창장그것은,1,커뮤니티 1,1984,3,6.0
제6군단특무대장예.,1,커뮤니티 1,1984,3,6.0
제8병참기지창장네!,1,커뮤니티 1,1984,3,6.0
제2군사령부인사참모처장그,1,커뮤니티 1,1984,3,6.0
제2군사령부법무부장예.,1,커뮤니티 1,1984,3,6.0
제2군사령부헌병부장그,1,커뮤니티 1,1984,3,6.0
해군교육단장한용수,1,커뮤니티 1,1984,3,6.0
김재황위원,1,커뮤니티 1,1984,3,6.0
제1군부사령관민기식,1,커뮤니티 1,1984,3,6.0
제2군사령부경리과장김병만,1,커뮤니티 1,1984,3,6.0
국방부경리국장그것은,1,커뮤니티 1,1984,3,6.0
국방부총무국장대리예.,1,커뮤니티 1,1984,3,6.0
제1201공병단장제가,1,커뮤니티 1,1984,3,6.0
해군공창장현재,1,커뮤니티 1,1984,3,6.0
보병학교부교장김득모,1,커뮤니티 1,1984,3,6.0
2군사령부인사참모최훈섭,1,커뮤니티 1,1984,3,6.0
헌병사령부부산분실장네!,1,커뮤니티 1,1984,3,6.0
경상북도병사구사령관황인표,1,커뮤니티 1,1984,3,6.0
해군본부법무감예.,1,커뮤니티 1,1984,3,6.0
해군공창장장호근,1,커뮤니티 1,1984,3,5.0
제2군사령부법무부장이것은,1,커뮤니티 1,1984,2,4.0
육군본부인사국장저도,1,커뮤니티 1,1984,2,4.0
1군사령부군수참모처장신재식,1,커뮤니티 1,1984,2,4.0
제2군사령부법무부장현재,1,커뮤니티 1,1984,2,4.0
국방부병무국병무과장장기춘,1,커뮤니티 1,1984,2,4.0
제6사단인사참모호린기,1,커뮤니티 1,1984,2,4.0
이성호사건,1,커뮤니티 1,1984,2,4.0
육군기갑학교장전에,1,커뮤니티 1,1984,2,4.0
육군본부군수국장솔직히,1,커뮤니티 1,1984,2,4.0
제9기지창장그것은,1,커뮤니티 1,1984,2,4.0
육군본부경리국예산과장김운서,1,커뮤니티 1,1984,2,4.0
육군본부군수국장그것은,1,커뮤니티 1,1984,2,4.0
육군기갑학교장예!,1,커뮤니티 1,1984,2,4.0
육군본부보도실장그것은,1,커뮤니티 1,1984,2,4.0
해병대사령부행정감예.,1,커뮤니티 1,1984,2,4.0
이성호그,1,커뮤니티 1,1984,2,4.0
육군본부조달차장그런,1,커뮤니티 1,1984,2,4.0
답없습니다.,1,커뮤니티 1,1984,2,4.0
육군본부심리전감그렇습니다.,1,커뮤니티 1,1984,2,4.0
공군보급창장그것은,1,커뮤니티 1,1984,2,4.0
육군본부인사국장그것은,1,커뮤니티 1,1984,2,4.0
제1군사령부특무대장장인근,1,커뮤니티 1,1984,2,4.0
육군기갑학교장그런,1,커뮤니티 1,1984,2,4.0
농림부장관임철호(계속),1,커뮤니티 1,1984,2,4.0
제1군사령부관리부장저희는,1,커뮤니티 1,1984,2,4.0
이성호확실히,1,커뮤니티 1,1984,2,4.0
육군본부인사국장그런데,1,커뮤니티 1,1984,2,4.0
참모장박병석,1,커뮤니티 1,1984,2,4.0
이성호저는,1,커뮤니티 1,1984,2,4.0
제6사단정보참모대리최배현,1,커뮤니티 1,1984,2,4.0
부산경비사령부참모장예.,1,커뮤니티 1,1984,2,4.0
제10지구급양대장예.,1,커뮤니티 1,1984,2,4.0
육군본부헌병감그것은,1,커뮤니티 1,1984,2,4.0
제2군사령부감찰부장현재,1,커뮤니티 1,1984,2,4.0
제1203건설공병단장예.,1,커뮤니티 1,1984,2,4.0
육군의무교육기지사령관김수명,1,커뮤니티 1,1984,2,4.0
해군본부법무감그것을,1,커뮤니티 1,1984,2,4.0
제2군사령부인사참모처장제가,1,커뮤니티 1,1984,2,4.0
경상남도지구병사구사령관예.,1,커뮤니티 1,1984,2,4.0
해군본부시설감그,1,커뮤니티 1,1984,2,4.0
제2군사령부인사참모처장아닙니다.,1,커뮤니티 1,1984,2,4.0
육군본부정훈감지금,1,커뮤니티 1,1984,2,4.0
제2군사령부인사참모처장이것은,1,커뮤니티 1,1984,2,4.0
제2군사령부인사참모처장현재,1,커뮤니티 1,1984,2,4.0
제2군사령부인사참모처장그것은,1,커뮤니티 1,1984,2,4.0
제6관구사령부경리부장예.,1,커뮤니티 1,1984,2,4.0
해군본부작전참모부장현시학,1,커뮤니티 1,1984,2,4.0
육군제17범죄수사대장없습니다.,1,커뮤니티 1,1984,2,4.0
정동기그,1,커뮤니티 1,1984,2,4.0
정동기그러니까,1,커뮤니티 1,1984,2,4.0
정동기그것이,1,커뮤니티 1,1984,2,4.0
육군본부병참감예.,1,커뮤니티 1,1984,2,4.0
제2군사령부휼병참모부장여기에,1,커뮤니티 1,1984,2,4.0
이성호아니에요.,1,커뮤니티 1,1984,2,4.0
이성호손해,1,커뮤니티 1,1984,2,4.0
이성호그렇게,1,커뮤니티 1,1984,2,4.0
제2보충대대신영균,1,커뮤니티 1,1984,2,4.0
제1201공병단장여기서는,1,커뮤니티 1,1984,2,4.0
육군기갑학교장그것을,1,커뮤니티 1,1984,2,4.0
제2군사령부참모장그것은,1,커뮤니티 1,1984,2,4.0
제10지구급양대장한,1,커뮤니티 1,1984,2,4.0
공군본부사령한기천,1,커뮤니티 1,1984,2,4.0
정동기일본,1,커뮤니티 1,1984,2,4.0
제2군사령부참모장그런,1,커뮤니티 1,1984,2,4.0
정동기최,1,커뮤니티 1,1984,2,4.0
정동기확실히,1,커뮤니티 1,1984,2,4.0
헌병사령부부산분실장제가,1,커뮤니티 1,1984,2,4.0
해병대관리국장변재갑,1,커뮤니티 1,1984,2,4.0
해병대사령부인사감예.,1,커뮤니티 1,1984,2,4.0
제9기지창검사과장제가,1,커뮤니티 1,1984,2,4.0
육군본부병참감실소령,1,커뮤니티 1,1984,2,4.0
제63육군병원장그렇습니다.,1,커뮤니티 1,1984,2,4.0
해군본부의무감그것이,1,커뮤니티 1,1984,2,4.0
제505수송단장그것은,1,커뮤니티 1,1984,2,4.0
제505수송단장현재,1,커뮤니티 1,1984,2,4.0
해군본부시설감그것은,1,커뮤니티 1,1984,2,4.0
병기기지사령부부사령관그것은,1,커뮤니티 1,1984,2,4.0
재무부재정차관보000,1,커뮤니티 1,1984,2,4.0
병참학교장저희,1,커뮤니티 1,1984,2,4.0
해군본부관리참모부장저희가,1,커뮤니티 1,1984,2,4.0
해군본부경리부국장김석근,1,커뮤니티 1,1984,2,4.0
해병대사령부인사감한,1,커뮤니티 1,1984,2,4.0
육군기갑학교장제,1,커뮤니티 1,1984,2,4.0
제2관구사령부경리부장네.,1,커뮤니티 1,1984,2,4.0
병참학교장8시간,1,커뮤니티 1,1984,2,4.0
병기보급창장호송헌병이,1,커뮤니티 1,1984,2,4.0
공군기술교육단인사처장이덕영,1,커뮤니티 1,1984,2,4.0
제29사단장당,1,커뮤니티 1,1984,2,4.0
제6군단군수참모김정덕,1,커뮤니티 1,1984,2,4.0
제2관구사령부헌병부장그런,1,커뮤니티 1,1984,2,4.0
해군함대사령부참모그것은,1,커뮤니티 1,1984,2,4.0
공군기술교육단법무관강승무,1,커뮤니티 1,1984,2,4.0
제6사단작전참모소병열,1,커뮤니티 1,1984,2,4.0
제2관구사령부헌병부장네!,1,커뮤니티 1,1984,2,4.0
李敏雨위원,1,커뮤니티 1,1984,2,4.0
병기기지창장이,1,커뮤니티 1,1984,2,4.0
제6군단병참참모조성형,1,커뮤니티 1,1984,2,4.0
김성삼위원,1,커뮤니티 1,1984,2,4.0
제3항만사령관그렇습니다.,1,커뮤니티 1,1984,2,4.0
공군본부감찰감없습니다.,1,커뮤니티 1,1984,2,4.0
충청남도지구병사구사령관그렇습니다.,1,커뮤니티 1,1984,2,4.0
해병대사령부법무감예.,1,커뮤니티 1,1984,2,4.0
해병대공병감강영구,1,커뮤니티 1,1984,2,4.0
해병대사령부법무감케이스에,1,커뮤니티 1,1984,2,4.0
해병대사령부법무감추징금을,1,커뮤니티 1,1984,2,4.0
해병대사령부작전교육국차장조중구,1,커뮤니티 1,1984,2,4.0
제3항만사령관그것은,1,커뮤니티 1,1984,2,4.0
제2관구사령관그런,1,커뮤니티 1,1984,2,4.0
제2군단장김형일,1,커뮤니티 1,1984,2,3.0
박충식위원,1,커뮤니티 1,1984,2,3.0
위원장대리우희창,1,커뮤니티 1,1984,1,2.0
연합참모본부장김형일,1,커뮤니티 1,1984,1,2.0
우희창위원(계속),1,커뮤니티 1,1984,1,2.0
육군본부관리국장수리비의,1,커뮤니티 1,1984,1,2.0
육군병기기지사령관대일구매관계는,1,커뮤니티 1,1984,1,2.0
육군병기기지사령관급양예산에,1,커뮤니티 1,1984,1,2.0
육군병기기지사령관직접,1,커뮤니티 1,1984,1,2.0
육군본부병기감몇,1,커뮤니티 1,1984,1,2.0
육군병기기지사령관재료비는,1,커뮤니티 1,1984,1,2.0
육군본부병기감4년간에,1,커뮤니티 1,1984,1,2.0
육군병기기지사령관박,1,커뮤니티 1,1984,1,2.0
육군병기기지사령관잉여품목이란,1,커뮤니티 1,1984,1,2.0
육군본부헌병감급식문제에,1,커뮤니티 1,1984,1,2.0
육군본부인사국장저희들이,1,커뮤니티 1,1984,1,2.0
해병대사령부공병감해병대사령부는,1,커뮤니티 1,1984,1,2.0
해병대사령부공병감예.,1,커뮤니티 1,1984,1,2.0
해병대사령부공병감이것은,1,커뮤니티 1,1984,1,2.0
해병대사령부공병감10년,1,커뮤니티 1,1984,1,2.0
해병대사령부통신감초단파가,1,커뮤니티 1,1984,1,2.0
해병대사령부통신감서해안에서는,1,커뮤니티 1,1984,1,2.0
해병대사령부통신감56년도에,1,커뮤니티 1,1984,1,2.0
육군본부인사국장시행령에,1,커뮤니티 1,1984,1,2.0
육군본부인사국장차가,1,커뮤니티 1,1984,1,2.0
육군본부인사국장권,1,커뮤니티 1,1984,1,2.0
해병대사령부공병감시멘트와,1,커뮤니티 1,1984,1,2.0
해병대사령부공병감저희들이,1,커뮤니티 1,1984,1,2.0
해병대사령부군수국장제가,1,커뮤니티 1,1984,1,2.0
해병대사령부재무감26%를,1,커뮤니티 1,1984,1,2.0
해병대사령부군수국장이것은,1,커뮤니티 1,1984,1,2.0
해병대사령부군수국장이것을,1,커뮤니티 1,1984,1,2.0
헌병사령부제3부수사계장그것은,1,커뮤니티 1,1984,1,2.0
해병대사령부군수국장현재,1,커뮤니티 1,1984,1,2.0
해병대사령부군수국장주로,1,커뮤니티 1,1984,1,2.0
헌병사령부제3부장방지책이라든지는,1,커뮤니티 1,1984,1,2.0
해병대사령부재무감명년도에,1,커뮤니티 1,1984,1,2.0
해병대사령부군수국장그것을,1,커뮤니티 1,1984,1,2.0
해병대사령부재무감저희들이,1,커뮤니티 1,1984,1,2.0
해병대사령부재무감목탄을,1,커뮤니티 1,1984,1,2.0
해병대사령부재무감군원에,1,커뮤니티 1,1984,1,2.0
해병대사령부재무감KPA서,1,커뮤니티 1,1984,1,2.0
해병대사령부재무감예.,1,커뮤니티 1,1984,1,2.0
해병대사령부재무감저희들로서는,1,커뮤니티 1,1984,1,2.0
해병대사령부병참감이,1,커뮤니티 1,1984,1,2.0
육군본부인사국장의가사제대는,1,커뮤니티 1,1984,1,2.0
육군본부인사국장작년에도,1,커뮤니티 1,1984,1,2.0
육군본부군수국장저희들이,1,커뮤니티 1,1984,1,2.0
육군본부인사국장신문은,1,커뮤니티 1,1984,1,2.0
육군첩보부대장역용관계는,1,커뮤니티 1,1984,1,2.0
육군본부작전교육국장여기는,1,커뮤니티 1,1984,1,2.0
육군본부작전교육국장다른,1,커뮤니티 1,1984,1,2.0
육군본부작전교육국장여기에는,1,커뮤니티 1,1984,1,2.0
육군본부작전교육국장주로,1,커뮤니티 1,1984,1,2.0
육군본부작전교육국장거기에,1,커뮤니티 1,1984,1,2.0
육군본부작전교육국장제가,1,커뮤니티 1,1984,1,2.0
육군본부작전교육국장한,1,커뮤니티 1,1984,1,2.0
육군본부작전교육국장그런데,1,커뮤니티 1,1984,1,2.0
육군본부작전교육국장그것이,1,커뮤니티 1,1984,1,2.0
육군본부작전교육국장감사합니다.,1,커뮤니티 1,1984,1,2.0
육군본부작전교육국장봉급이,1,커뮤니티 1,1984,1,2.0
육군본부보도실장아직,1,커뮤니티 1,1984,1,2.0
육군본부보도실장거기서,1,커뮤니티 1,1984,1,2.0
육군본부보도실장그래서,1,커뮤니티 1,1984,1,2.0
육군본부군수국장지금,1,커뮤니티 1,1984,1,2.0
육군본부군수국장된장,1,커뮤니티 1,1984,1,2.0
육군첩보부대장제가,1,커뮤니티 1,1984,1,2.0
육군첩보부대장과거,1,커뮤니티 1,1984,1,2.0
육군첩보부대장장복성,1,커뮤니티 1,1984,1,2.0
육군본부인사국장유,1,커뮤니티 1,1984,1,2.0
육군본부인사국장일반신문은,1,커뮤니티 1,1984,1,2.0
육군본부인사국장지금,1,커뮤니티 1,1984,1,2.0
육군본부인사국장이것은,1,커뮤니티 1,1984,1,2.0
육군본부인사국장우선,1,커뮤니티 1,1984,1,2.0
육군본부행정참모부장신응균,1,커뮤니티 1,1984,1,2.0
육군본부인사국장91년도에는,1,커뮤니티 1,1984,1,2.0
육군본부인사국장계획인원에,1,커뮤니티 1,1984,1,2.0
육군본부인사국장아까,1,커뮤니티 1,1984,1,2.0
육군본부정보국장적이,1,커뮤니티 1,1984,1,2.0
육군본부인사국장사실은,1,커뮤니티 1,1984,1,2.0
육군본부인사국장이,1,커뮤니티 1,1984,1,2.0
육군본부인사국장군,1,커뮤니티 1,1984,1,2.0
육군본부인사국장제대증을,1,커뮤니티 1,1984,1,2.0
육군본부인사국장명칭은,1,커뮤니티 1,1984,1,2.0
육군본부인사국장알고는,1,커뮤니티 1,1984,1,2.0
육군본부인사국장그래서,1,커뮤니티 1,1984,1,2.0
해병대사령부군수국장대개,1,커뮤니티 1,1984,1,2.0
해병대사령부군수국장이것이,1,커뮤니티 1,1984,1,2.0
해병대사령부군수국장저희들이,1,커뮤니티 1,1984,1,2.0
제12사단인사참모계획은,1,커뮤니티 1,1984,1,2.0
제12사단의무부장환자는,1,커뮤니티 1,1984,1,2.0
제12사단의무부장규정이,1,커뮤니티 1,1984,1,2.0
제1병참단장여기는,1,커뮤니티 1,1984,1,2.0
제1병참단장각처에,1,커뮤니티 1,1984,1,2.0
제2군단군수처장기본적인,1,커뮤니티 1,1984,1,2.0
제1병참단장그,1,커뮤니티 1,1984,1,2.0
제2군단군수처장제가,1,커뮤니티 1,1984,1,2.0
제1병참단장예.,1,커뮤니티 1,1984,1,2.0
제1병참단장군법회의에,1,커뮤니티 1,1984,1,2.0
"제1병참단장2,",1,커뮤니티 1,1984,1,2.0
제1병참단장거기에,1,커뮤니티 1,1984,1,2.0
제505수송단장2군에서,1,커뮤니티 1,1984,1,2.0
제505수송단장1군에서,1,커뮤니티 1,1984,1,2.0
제505수송단장예.,1,커뮤니티 1,1984,1,2.0
제7사단장그것은,1,커뮤니티 1,1984,1,2.0
제1군사령부작전처장전방에,1,커뮤니티 1,1984,1,2.0
제7사단장군보급소에서,1,커뮤니티 1,1984,1,2.0
제1군사령부작전처장원자탄을,1,커뮤니티 1,1984,1,2.0
제1사단장의견,1,커뮤니티 1,1984,1,2.0
제7사단장미군에서는,1,커뮤니티 1,1984,1,2.0
제1군사령부작전처장그것은,1,커뮤니티 1,1984,1,2.0
제6군단경리부장행정근무비는,1,커뮤니티 1,1984,1,2.0
제8사단장특히,1,커뮤니티 1,1984,1,2.0
제29사단장그것을,1,커뮤니티 1,1984,1,2.0
제1군사령부작전처장한국공군이,1,커뮤니티 1,1984,1,2.0
제8사단장순차적으로,1,커뮤니티 1,1984,1,2.0
제29사단장주진지,1,커뮤니티 1,1984,1,2.0
제29사단장계통이,1,커뮤니티 1,1984,1,2.0
제29사단장예.,1,커뮤니티 1,1984,1,2.0
제29사단장애로사항이라는,1,커뮤니티 1,1984,1,2.0
제29사단장불편을,1,커뮤니티 1,1984,1,2.0
해병대사령부재무감원완식,1,커뮤니티 1,1984,1,2.0
해병대사령부의무감해군에서,1,커뮤니티 1,1984,1,2.0
해병대사령부인사감일반형무소를,1,커뮤니티 1,1984,1,2.0
해병대사령부병무감예비병소집이,1,커뮤니티 1,1984,1,2.0
헌병사령부제3부수사계장이첩한다고,1,커뮤니티 1,1984,1,2.0
헌병사령부제3부수사계장미체포는,1,커뮤니티 1,1984,1,2.0
해병대사령부의무감해군병원을,1,커뮤니티 1,1984,1,2.0
해병대사령부의무감병원운영관리는,1,커뮤니티 1,1984,1,2.0
헌병사령부제3부장미군,1,커뮤니티 1,1984,1,2.0
해병대사령부인사감군으로,1,커뮤니티 1,1984,1,2.0
해병대사령부의무감8월,1,커뮤니티 1,1984,1,2.0
헌병사령부제3부장거기에,1,커뮤니티 1,1984,1,2.0
해병대사령부의무감의무,1,커뮤니티 1,1984,1,2.0
해병대사령부의무감해군은,1,커뮤니티 1,1984,1,2.0
해병대사령부행정감없습니다.,1,커뮤니티 1,1984,1,2.0
해병대사령부행정감그렇지,1,커뮤니티 1,1984,1,2.0
헌병사령부제3부수사계장제8CID,1,커뮤니티 1,1984,1,2.0
헌병사령부제3부수사계장다,1,커뮤니티 1,1984,1,2.0
해병대사령부인사감이,1,커뮤니티 1,1984,1,2.0
해병대사령부인사감프로에,1,커뮤니티 1,1984,1,2.0
헌병사령부제3부장저희,1,커뮤니티 1,1984,1,2.0
해병대사령부인사감일반부대는,1,커뮤니티 1,1984,1,2.0
헌병사령부제3부장저희들이,1,커뮤니티 1,1984,1,2.0
해병대사령부인사감자기,1,커뮤니티 1,1984,1,2.0
헌병사령부제3부장식유는,1,커뮤니티 1,1984,1,2.0
해병대사령부인사감이유가,1,커뮤니티 1,1984,1,2.0
헌병사령부제3부장CID에,1,커뮤니티 1,1984,1,2.0
해병대사령부인사감이유는,1,커뮤니티 1,1984,1,2.0
헌병사령부제3부장저희는,1,커뮤니티 1,1984,1,2.0
해병대사령부인사감저희들은,1,커뮤니티 1,1984,1,2.0
헌병사령부제3부장별것은,1,커뮤니티 1,1984,1,2.0
해병대사령부인사감하사관,1,커뮤니티 1,1984,1,2.0
헌병사령부제3부장다시,1,커뮤니티 1,1984,1,2.0
해병대사령부인사감저희들이,1,커뮤니티 1,1984,1,2.0
헌병사령부제3부수사계장그런데,1,커뮤니티 1,1984,1,2.0
해병대사령부인사감부대의,1,커뮤니티 1,1984,1,2.0
육군본부군수국장사실이,1,커뮤니티 1,1984,1,2.0
육군본부군수국장가격은,1,커뮤니티 1,1984,1,2.0
육군본부화학감저희는,1,커뮤니티 1,1984,1,2.0
육군본부예비군감두,1,커뮤니티 1,1984,1,2.0
육군본부예비군감절감하는,1,커뮤니티 1,1984,1,2.0
육군본부예비군감이런,1,커뮤니티 1,1984,1,2.0
육군본부예비군감개인,1,커뮤니티 1,1984,1,2.0
육군본부병기감내년부터는,1,커뮤니티 1,1984,1,2.0
육군본부병기감건물을,1,커뮤니티 1,1984,1,2.0
육군본부병기감향후,1,커뮤니티 1,1984,1,2.0
육군본부병기감미국,1,커뮤니티 1,1984,1,2.0
육군본부병기감부속이,1,커뮤니티 1,1984,1,2.0
육군본부병기감현재,1,커뮤니티 1,1984,1,2.0
육군본부병기감육군방침은,1,커뮤니티 1,1984,1,2.0
육군본부병기감모든,1,커뮤니티 1,1984,1,2.0
육군본부심리전감사전에,1,커뮤니티 1,1984,1,2.0
육군본부심리전감물론,1,커뮤니티 1,1984,1,2.0
육군본부심리전감3시간은,1,커뮤니티 1,1984,1,2.0
육군본부심리전감그것은,1,커뮤니티 1,1984,1,2.0
육군본부심리전감확대하고,1,커뮤니티 1,1984,1,2.0
육군본부수송감그게,1,커뮤니티 1,1984,1,2.0
육군본부수송감81억,1,커뮤니티 1,1984,1,2.0
육군본부수송감교통부에서,1,커뮤니티 1,1984,1,2.0
육군본부정훈감보내드리겠습니다.,1,커뮤니티 1,1984,1,2.0
휼병감김근배,1,커뮤니티 1,1984,1,2.0
관리참모부차장이효,1,커뮤니티 1,1984,1,2.0
육군본부정훈감일선에,1,커뮤니티 1,1984,1,2.0
육군본부정훈감정훈장교는,1,커뮤니티 1,1984,1,2.0
육군본부정훈감사기앙양에,1,커뮤니티 1,1984,1,2.0
육군본부정훈감통과된,1,커뮤니티 1,1984,1,2.0
육군본부정훈감과거에는,1,커뮤니티 1,1984,1,2.0
육군본부수송감자동차대대에서는,1,커뮤니티 1,1984,1,2.0
육군본부정훈감그런,1,커뮤니티 1,1984,1,2.0
육군본부정훈감편지,1,커뮤니티 1,1984,1,2.0
육군본부정훈감명년도,1,커뮤니티 1,1984,1,2.0
육군본부정훈감이것이,1,커뮤니티 1,1984,1,2.0
육군본부수송감그렇습니다.,1,커뮤니티 1,1984,1,2.0
육군본부수송감여기에,1,커뮤니티 1,1984,1,2.0
육군본부수송감현재에,1,커뮤니티 1,1984,1,2.0
육군본부심리전감과거에는,1,커뮤니티 1,1984,1,2.0
육군본부화학감1700만,1,커뮤니티 1,1984,1,2.0
육군본부군수국장저도,1,커뮤니티 1,1984,1,2.0
육군본부화학감타,1,커뮤니티 1,1984,1,2.0
육군본부공병감저희들은,1,커뮤니티 1,1984,1,2.0
육군본부공병감행정문제는,1,커뮤니티 1,1984,1,2.0
육군본부항공부감그것도,1,커뮤니티 1,1984,1,2.0
육군본부항공부감이,1,커뮤니티 1,1984,1,2.0
육군본부항공부감육군항공기에,1,커뮤니티 1,1984,1,2.0
육군본부항공부감비행기를,1,커뮤니티 1,1984,1,2.0
육군본부항공부감첫째는,1,커뮤니티 1,1984,1,2.0
육군본부항공부감사상관계가,1,커뮤니티 1,1984,1,2.0
육군본부항공부감넘어온,1,커뮤니티 1,1984,1,2.0
육군본부항공부감그렇습니다.,1,커뮤니티 1,1984,1,2.0
육군본부항공부감각,1,커뮤니티 1,1984,1,2.0
육군본부공병감그런데,1,커뮤니티 1,1984,1,2.0
육군본부공병감저희가,1,커뮤니티 1,1984,1,2.0
육군본부공병감작년에도,1,커뮤니티 1,1984,1,2.0
육군본부공병부감이렇게,1,커뮤니티 1,1984,1,2.0
육군본부공병감청부제가,1,커뮤니티 1,1984,1,2.0
육군본부공병감과거에는,1,커뮤니티 1,1984,1,2.0
육군본부공병감저희,1,커뮤니티 1,1984,1,2.0
육군본부공병감간단히,1,커뮤니티 1,1984,1,2.0
육군본부헌병감헌병사령부와,1,커뮤니티 1,1984,1,2.0
육군본부헌병감오,1,커뮤니티 1,1984,1,2.0
육군본부헌병감저희는,1,커뮤니티 1,1984,1,2.0
육군본부조달감실물가조사과장그전에는,1,커뮤니티 1,1984,1,2.0
육군본부조달감실물가조사과장각,1,커뮤니티 1,1984,1,2.0
육군본부조달감중요한,1,커뮤니티 1,1984,1,2.0
육군본부조달감전체를,1,커뮤니티 1,1984,1,2.0
육군본부병참감피복수명에,1,커뮤니티 1,1984,1,2.0
육군본부조달감지금,1,커뮤니티 1,1984,1,2.0
육군본부조달감그것을,1,커뮤니티 1,1984,1,2.0
육군본부군수국장여러,1,커뮤니티 1,1984,1,2.0
육군본부병참감작년도에,1,커뮤니티 1,1984,1,2.0
육군본부부관감해주고,1,커뮤니티 1,1984,1,2.0
육군본부부관감제대관계에,1,커뮤니티 1,1984,1,2.0
육군본부부관감부정제대하는,1,커뮤니티 1,1984,1,2.0
육군본부부관감작년도에,1,커뮤니티 1,1984,1,2.0
육군본부부관감잘,1,커뮤니티 1,1984,1,2.0
육군본부감찰감미국편제는,1,커뮤니티 1,1984,1,2.0
육군본부감찰감그,1,커뮤니티 1,1984,1,2.0
육군본부감찰감현재,1,커뮤니티 1,1984,1,2.0
육군본부병참감지휘관이,1,커뮤니티 1,1984,1,2.0
육군본부병참감그것은,1,커뮤니티 1,1984,1,2.0
육군본부조달감메리야스관계는,1,커뮤니티 1,1984,1,2.0
육군본부병참감만일,1,커뮤니티 1,1984,1,2.0
육군본부군수국장어디를,1,커뮤니티 1,1984,1,2.0
육군본부군수국장첫째,1,커뮤니티 1,1984,1,2.0
육군본부군수국장그중에서,1,커뮤니티 1,1984,1,2.0
육군본부군수국장행정근무비에,1,커뮤니티 1,1984,1,2.0
육군본부병참감우선,1,커뮤니티 1,1984,1,2.0
육군본부병참감그렇게,1,커뮤니티 1,1984,1,2.0
육군본부병참감상의가,1,커뮤니티 1,1984,1,2.0
육군본부병참감과거에,1,커뮤니티 1,1984,1,2.0
육군본부병참감이,1,커뮤니티 1,1984,1,2.0
육군본부병참감확실히,1,커뮤니티 1,1984,1,2.0
육군본부조달감조달문제에,1,커뮤니티 1,1984,1,2.0
육군본부조달감실관리과장저희가,1,커뮤니티 1,1984,1,2.0
육군본부조달감그것은,1,커뮤니티 1,1984,1,2.0
육군본부병참감피복관계는,1,커뮤니티 1,1984,1,2.0
육군본부병참감아직,1,커뮤니티 1,1984,1,2.0
육군본부법무감감형해주고,1,커뮤니티 1,1984,1,2.0
육군본부법무감이것은,1,커뮤니티 1,1984,1,2.0
육군본부법무감군수품입니다.,1,커뮤니티 1,1984,1,2.0
육군본부헌병감민간형무소에는,1,커뮤니티 1,1984,1,2.0
육군본부헌병감영천사건으로,1,커뮤니티 1,1984,1,2.0
육군본부헌병감국방부에,1,커뮤니티 1,1984,1,2.0
육군본부헌병감지금,1,커뮤니티 1,1984,1,2.0
육군본부헌병감전속시킨,1,커뮤니티 1,1984,1,2.0
육군본부헌병감검문소문제가,1,커뮤니티 1,1984,1,2.0
육군본부헌병감계,1,커뮤니티 1,1984,1,2.0
육군본부헌병감8월,1,커뮤니티 1,1984,1,2.0
육군본부헌병감예.,1,커뮤니티 1,1984,1,2.0
육군본부헌병감필요하면,1,커뮤니티 1,1984,1,2.0
병기기지창장이런,1,커뮤니티 1,1984,1,2.0
육군본부헌병감심장쇠약이,1,커뮤니티 1,1984,1,2.0
육군본부헌병감그런,1,커뮤니티 1,1984,1,2.0
육군본부헌병감법무감과,1,커뮤니티 1,1984,1,2.0
육군본부헌병감최초에,1,커뮤니티 1,1984,1,2.0
육군본부헌병감헌병감실은,1,커뮤니티 1,1984,1,2.0
육군본부헌병감헌병령에,1,커뮤니티 1,1984,1,2.0
육군본부헌병감저희,1,커뮤니티 1,1984,1,2.0
육군본부헌병감인사권은,1,커뮤니티 1,1984,1,2.0
육군본부법무감현재는,1,커뮤니티 1,1984,1,2.0
육군본부법무감저희도,1,커뮤니티 1,1984,1,2.0
육군본부법무감그렇습니다.,1,커뮤니티 1,1984,1,2.0
육군본부법무감전부합니다.,1,커뮤니티 1,1984,1,2.0
육군본부법무감집행,1,커뮤니티 1,1984,1,2.0
육군본부법무감소청사건이,1,커뮤니티 1,1984,1,2.0
육군본부법무감필요하시면,1,커뮤니티 1,1984,1,2.0
육군본부법무감원태성,1,커뮤니티 1,1984,1,2.0
육군본부법무감그것은,1,커뮤니티 1,1984,1,2.0
육군본부법무감서류상은,1,커뮤니티 1,1984,1,2.0
육군본부헌병감군복무를,1,커뮤니티 1,1984,1,2.0
육군본부법무감육군본부에서,1,커뮤니티 1,1984,1,2.0
육군본부법무감이,1,커뮤니티 1,1984,1,2.0
육군본부법무감반영만,1,커뮤니티 1,1984,1,2.0
육군본부법무감재산범입니다.,1,커뮤니티 1,1984,1,2.0
육군본부법무감보상법에,1,커뮤니티 1,1984,1,2.0
육군본부법무감몰수형이,1,커뮤니티 1,1984,1,2.0
육군본부헌병감저희가,1,커뮤니티 1,1984,1,2.0
병기기지창장저는,1,커뮤니티 1,1984,1,2.0
병기기지창장그때,1,커뮤니티 1,1984,1,2.0
육군제17범죄수사대장의무는,1,커뮤니티 1,1984,1,2.0
육군제17범죄수사대장서로,1,커뮤니티 1,1984,1,2.0
육군제17범죄수사대장야전군에,1,커뮤니티 1,1984,1,2.0
육군제17범죄수사대장지금부터,1,커뮤니티 1,1984,1,2.0
육군제17범죄수사대장적발,1,커뮤니티 1,1984,1,2.0
육군제17범죄수사대장같이,1,커뮤니티 1,1984,1,2.0
육군제17범죄수사대장물적,1,커뮤니티 1,1984,1,2.0
육군제17범죄수사대장왔을,1,커뮤니티 1,1984,1,2.0
육군제17범죄수사대장안,1,커뮤니티 1,1984,1,2.0
육군제17범죄수사대장아까,1,커뮤니티 1,1984,1,2.0
육군제17범죄수사대장관구,1,커뮤니티 1,1984,1,2.0
국방부총무국장대리외무부의,1,커뮤니티 1,1984,1,2.0
국방부총무국총무과장대리석탄을,1,커뮤니티 1,1984,1,2.0
육군제17범죄수사대장그렇지,1,커뮤니티 1,1984,1,2.0
육군제17범죄수사대장한번,1,커뮤니티 1,1984,1,2.0
제303수송관리단부단장없습니다.,1,커뮤니티 1,1984,1,2.0
육군제17범죄수사대장예.,1,커뮤니티 1,1984,1,2.0
육군본부의무감그렇지,1,커뮤니티 1,1984,1,2.0
제3육군병원장이것은,1,커뮤니티 1,1984,1,2.0
육군본부의무감그,1,커뮤니티 1,1984,1,2.0
육군본부의무감일반군인과,1,커뮤니티 1,1984,1,2.0
육군본부의무감환자,1,커뮤니티 1,1984,1,2.0
육군본부의무감결핵환자만,1,커뮤니티 1,1984,1,2.0
육군본부의무감하루,1,커뮤니티 1,1984,1,2.0
제63육군병원장품목,1,커뮤니티 1,1984,1,2.0
제63육군병원장약품구입관계는,1,커뮤니티 1,1984,1,2.0
육군제17범죄수사대장지금은,1,커뮤니티 1,1984,1,2.0
육군제17범죄수사대장금년,1,커뮤니티 1,1984,1,2.0
육군제17범죄수사대장그것은,1,커뮤니티 1,1984,1,2.0
육군제17범죄수사대장있습니다.,1,커뮤니티 1,1984,1,2.0
육군제17범죄수사대장잘,1,커뮤니티 1,1984,1,2.0
국방부총무국장대리말씀하신,1,커뮤니티 1,1984,1,2.0
국방부총무국장대리지금,1,커뮤니티 1,1984,1,2.0
국방부총무국장대리확실한,1,커뮤니티 1,1984,1,2.0
국방부총무국장대리군에서,1,커뮤니티 1,1984,1,2.0
국방부경리국감사과장360환부터,1,커뮤니티 1,1984,1,2.0
국방부경리국장이,1,커뮤니티 1,1984,1,2.0
국방부경리국장원칙적으로는,1,커뮤니티 1,1984,1,2.0
국방부경리국장여기에,1,커뮤니티 1,1984,1,2.0
국방부경리국장부정을,1,커뮤니티 1,1984,1,2.0
국방부경리국감사과장곧,1,커뮤니티 1,1984,1,2.0
국방부경리국통계과장군법회의의,1,커뮤니티 1,1984,1,2.0
국방부경리국장지금까지,1,커뮤니티 1,1984,1,2.0
국방부경리국장각,1,커뮤니티 1,1984,1,2.0
국방부경리국장결국은,1,커뮤니티 1,1984,1,2.0
국방부경리국장그렇게,1,커뮤니티 1,1984,1,2.0
국방부경리국장군원,1,커뮤니티 1,1984,1,2.0
국방부경리국장예.,1,커뮤니티 1,1984,1,2.0
국방부경리국장일관된,1,커뮤니티 1,1984,1,2.0
국방부경리국관리과장난립되어서,1,커뮤니티 1,1984,1,2.0
국방부총무국장대리제,1,커뮤니티 1,1984,1,2.0
국방부총무국장대리한계를,1,커뮤니티 1,1984,1,2.0
국방부총무국장대리국장보좌관입니다.,1,커뮤니티 1,1984,1,2.0
국방부총무국장대리육대이상,1,커뮤니티 1,1984,1,2.0
국방부총무국장대리수사기술문관입니다.,1,커뮤니티 1,1984,1,2.0
국방부총무국장대리육해공군,1,커뮤니티 1,1984,1,2.0
국방부총무국장대리어떻게,1,커뮤니티 1,1984,1,2.0
국방부경리국장저희로서는,1,커뮤니티 1,1984,1,2.0
국방부경리국장지당한,1,커뮤니티 1,1984,1,2.0
국방부경리국장예산할당된,1,커뮤니티 1,1984,1,2.0
국방부경리국장연구는,1,커뮤니티 1,1984,1,2.0
국방부경리국장과거에는,1,커뮤니티 1,1984,1,2.0
국방부경리국장제대장병의,1,커뮤니티 1,1984,1,2.0
국방부경리국장원호단체에,1,커뮤니티 1,1984,1,2.0
국방부경리국관리과장건빵을,1,커뮤니티 1,1984,1,2.0
육군본부의무감지금,1,커뮤니티 1,1984,1,2.0
제303수송관리단부단장그런,1,커뮤니티 1,1984,1,2.0
공군사관학교부교장같은,1,커뮤니티 1,1984,1,2.0
공군대학장공군대학이라는,1,커뮤니티 1,1984,1,2.0
공군대학장지금은,1,커뮤니티 1,1984,1,2.0
공군대학장자금은,1,커뮤니티 1,1984,1,2.0
공군본부시설감원칙적으로,1,커뮤니티 1,1984,1,2.0
공군대학장문제는,1,커뮤니티 1,1984,1,2.0
공군대학장6억,1,커뮤니티 1,1984,1,2.0
공군대학장현재,1,커뮤니티 1,1984,1,2.0
공군대학장5000칼로리가,1,커뮤니티 1,1984,1,2.0
공군대학장사상문제는,1,커뮤니티 1,1984,1,2.0
반장대리우희창,1,커뮤니티 1,1984,1,2.0
포병학교장하수도시설,1,커뮤니티 1,1984,1,2.0
기갑학교장영문을,1,커뮤니티 1,1984,1,2.0
통신학교장현재,1,커뮤니티 1,1984,1,2.0
화학학교장당,1,커뮤니티 1,1984,1,2.0
전문위원이병용,1,커뮤니티 1,1984,1,2.0
공군사관학교부교장과거,1,커뮤니티 1,1984,1,2.0
공군사관학교부교장3군사관학교가,1,커뮤니티 1,1984,1,2.0
제303수송관리단부단장그거,1,커뮤니티 1,1984,1,2.0
공군사관학교부교장아주,1,커뮤니티 1,1984,1,2.0
공군본부경리국장그것은,1,커뮤니티 1,1984,1,2.0
공군본부경리국장본부에서,1,커뮤니티 1,1984,1,2.0
공군본부경리국장이것은,1,커뮤니티 1,1984,1,2.0
공군본부경리국장내년에,1,커뮤니티 1,1984,1,2.0
공군본부관리처장금년도,1,커뮤니티 1,1984,1,2.0
공군사관학교장이번,1,커뮤니티 1,1984,1,2.0
공군사관학교장애로는,1,커뮤니티 1,1984,1,2.0
공군사관학교부교장여태까지,1,커뮤니티 1,1984,1,2.0
공군본부관리차장연간,1,커뮤니티 1,1984,1,2.0
공군사관학교장학교,1,커뮤니티 1,1984,1,2.0
공군사관학교부교장현재는,1,커뮤니티 1,1984,1,2.0
공군사관학교부교장사관학교는,1,커뮤니티 1,1984,1,2.0
공군사관학교장기술부문에,1,커뮤니티 1,1984,1,2.0
공군사관학교부교장지금,1,커뮤니티 1,1984,1,2.0
공군사관학교부교장이것은,1,커뮤니티 1,1984,1,2.0
공군사관학교부교장1기생이,1,커뮤니티 1,1984,1,2.0
제1201공병단장미,1,커뮤니티 1,1984,1,2.0
제1201공병단장아닙니다.,1,커뮤니티 1,1984,1,2.0
제1201공병단장하나도,1,커뮤니티 1,1984,1,2.0
제1201공병단장딴,1,커뮤니티 1,1984,1,2.0
제1201공병단장인계된,1,커뮤니티 1,1984,1,2.0
제1201공병단장단장이,1,커뮤니티 1,1984,1,2.0
제1201공병단장국회에서,1,커뮤니티 1,1984,1,2.0
제1201공병단장금년에,1,커뮤니티 1,1984,1,2.0
제1201공병단장요,1,커뮤니티 1,1984,1,2.0
제1201공병단군수과장현재,1,커뮤니티 1,1984,1,2.0
제1201공병단장그래서,1,커뮤니티 1,1984,1,2.0
제1201공병단장선을,1,커뮤니티 1,1984,1,2.0
제1202건설공병단장5300여만,1,커뮤니티 1,1984,1,2.0
제1202건설공병단장기와,1,커뮤니티 1,1984,1,2.0
제1202건설공병단장예.,1,커뮤니티 1,1984,1,2.0
제303수송관리단부단장사고는,1,커뮤니티 1,1984,1,2.0
제1201공병단장하와이교회는,1,커뮤니티 1,1984,1,2.0
제1201공병단장지적사항이,1,커뮤니티 1,1984,1,2.0
제1201공병단군수과장거기에,1,커뮤니티 1,1984,1,2.0
제1201공병단장재정관도,1,커뮤니티 1,1984,1,2.0
제1201공병단장7월,1,커뮤니티 1,1984,1,2.0
제1201공병단장오한영,1,커뮤니티 1,1984,1,2.0
제1201공병단장인수인계는,1,커뮤니티 1,1984,1,2.0
제1201공병단장그,1,커뮤니티 1,1984,1,2.0
제1201공병단장약,1,커뮤니티 1,1984,1,2.0
제1201공병단군수과장금년,1,커뮤니티 1,1984,1,2.0
전문위원김희찬,1,커뮤니티 1,1984,1,2.0
국방부장관최세황,1,커뮤니티 1,1984,1,2.0
국방연구원장최경록,1,커뮤니티 1,1984,1,2.0
박병호위원,1,커뮤니티 1,1984,1,2.0
해병대군수국장김창옥,1,커뮤니티 1,1984,1,2.0
공군본부인사국차장유경인,1,커뮤니티 1,1984,1,2.0
육군본부의무차감계인교,1,커뮤니티 1,1984,1,2.0
육군본부법무감김완룡,1,커뮤니티 1,1984,1,2.0
하태환위원(계속),1,커뮤니티 1,1984,1,2.0
전문위원박영빈,1,커뮤니티 1,1984,1,2.0
공군본부행정감한해남,1,커뮤니티 1,1984,1,2.0
병기기지창장병기감실,1,커뮤니티 1,1984,1,2.0
제6군단인사참모영년도,1,커뮤니티 1,1984,1,2.0
제6군단특무대장그것은,1,커뮤니티 1,1984,1,2.0
제6군단특무대장자대에서,1,커뮤니티 1,1984,1,2.0
제6군단특무대장군사우체국에서,1,커뮤니티 1,1984,1,2.0
제6군단특무대장체신부입니다.,1,커뮤니티 1,1984,1,2.0
제6군단특무대장한,1,커뮤니티 1,1984,1,2.0
제6군단특무대장저희가,1,커뮤니티 1,1984,1,2.0
제6군단특무대장총취급하는,1,커뮤니티 1,1984,1,2.0
제6군단특무대장각,1,커뮤니티 1,1984,1,2.0
제6군단특무대장우체국을,1,커뮤니티 1,1984,1,2.0
제6군단특무대장하루,1,커뮤니티 1,1984,1,2.0
제1군사령부관리부장예산과,1,커뮤니티 1,1984,1,2.0
제1군사령부보도실장이욱근,1,커뮤니티 1,1984,1,2.0
제1군사령부관리부장항목,1,커뮤니티 1,1984,1,2.0
육군본부사령박종화,1,커뮤니티 1,1984,1,2.0
제6군단특무대장부대에서,1,커뮤니티 1,1984,1,2.0
제1군사령부공병부장민간공업에,1,커뮤니티 1,1984,1,2.0
육군특무부대내정처장현재까지,1,커뮤니티 1,1984,1,2.0
제1군사령부관리부장상당한,1,커뮤니티 1,1984,1,2.0
육군특무부대경리실장작년도,1,커뮤니티 1,1984,1,2.0
육군특무부대경리실장월별로,1,커뮤니티 1,1984,1,2.0
육군특무부대경리실장부채는,1,커뮤니티 1,1984,1,2.0
육군특무부대장보좌관육군에서,1,커뮤니티 1,1984,1,2.0
육군특무부대장보좌관거기에,1,커뮤니티 1,1984,1,2.0
육군특무부대장보좌관제가,1,커뮤니티 1,1984,1,2.0
육군특무부대장보좌관하나도,1,커뮤니티 1,1984,1,2.0
제1군사령부관리부장제가,1,커뮤니티 1,1984,1,2.0
제1군사령부부사령관민기식,1,커뮤니티 1,1984,1,2.0
제1군사령부관리부장4통,1,커뮤니티 1,1984,1,2.0
제1군사령부관리부장그것도,1,커뮤니티 1,1984,1,2.0
제1군단장김용배,1,커뮤니티 1,1984,1,2.0
수도사단장현재,1,커뮤니티 1,1984,1,2.0
수도사단장지방,1,커뮤니티 1,1984,1,2.0
수도사단장다른,1,커뮤니티 1,1984,1,2.0
해군함대사령관저는,1,커뮤니티 1,1984,1,2.0
해군함대사령관현재로서,1,커뮤니티 1,1984,1,2.0
해군함대사령관그런,1,커뮤니티 1,1984,1,2.0
해군본부경리국장이병선,1,커뮤니티 1,1984,1,2.0
해군함대사령관신문지상에,1,커뮤니티 1,1984,1,2.0
해군함대사령관여기에,1,커뮤니티 1,1984,1,2.0
해군함대사령관전부,1,커뮤니티 1,1984,1,2.0
해군함대사령관할,1,커뮤니티 1,1984,1,2.0
해군함대사령관함정은,1,커뮤니티 1,1984,1,2.0
해군함대사령부작전참모0.6%입니다.,1,커뮤니티 1,1984,1,2.0
해군헌병감서정의,1,커뮤니티 1,1984,1,2.0
해군함대사령관현지,1,커뮤니티 1,1984,1,2.0
해군본부작전참모지금,1,커뮤니티 1,1984,1,2.0
해군함대사령부작전참모그런,1,커뮤니티 1,1984,1,2.0
해군함대사령관사실은,1,커뮤니티 1,1984,1,2.0
해군함대사령관함대사령관으로서,1,커뮤니티 1,1984,1,2.0
제9사단장한,1,커뮤니티 1,1984,1,2.0
수도사단장그렇게,1,커뮤니티 1,1984,1,2.0
수도사단장10일,1,커뮤니티 1,1984,1,2.0
수도사단장행정근무비,1,커뮤니티 1,1984,1,2.0
제9사단장첫째로,1,커뮤니티 1,1984,1,2.0
제9사단장저로서,1,커뮤니티 1,1984,1,2.0
제9사단장일부는,1,커뮤니티 1,1984,1,2.0
제9사단장없습니다.,1,커뮤니티 1,1984,1,2.0
육군본부관리참모부장최석,1,커뮤니티 1,1984,1,2.0
육군본부법무관김완용,1,커뮤니티 1,1984,1,2.0
육군본부공병감엄홍섭,1,커뮤니티 1,1984,1,2.0
제1군사령부작전처장정보참모께서,1,커뮤니티 1,1984,1,2.0
육군특무부대내정처장저희들은,1,커뮤니티 1,1984,1,2.0
육군특무부대내정처장그다음에,1,커뮤니티 1,1984,1,2.0
해군함대사령관작년에,1,커뮤니티 1,1984,1,2.0
육군본부참모장태풍으로,1,커뮤니티 1,1984,1,2.0
제8기지창장지장은,1,커뮤니티 1,1984,1,2.0
제8기지창장피복,1,커뮤니티 1,1984,1,2.0
제8기지창장제가,1,커뮤니티 1,1984,1,2.0
제9기지창검사과장주로,1,커뮤니티 1,1984,1,2.0
제9기지창검사과장상대,1,커뮤니티 1,1984,1,2.0
제9기지창검사과장건빵은,1,커뮤니티 1,1984,1,2.0
제9기지창장먼저,1,커뮤니티 1,1984,1,2.0
제9기지창보급부장2군에,1,커뮤니티 1,1984,1,2.0
제9기지창보급부장감축이,1,커뮤니티 1,1984,1,2.0
제9기지창창장제가,1,커뮤니티 1,1984,1,2.0
제9기지창보급부장직접,1,커뮤니티 1,1984,1,2.0
제9기지창보급부장금년도,1,커뮤니티 1,1984,1,2.0
제9기지창보급부장금년,1,커뮤니티 1,1984,1,2.0
제9기지창보급부장현재로,1,커뮤니티 1,1984,1,2.0
제9기지창보급부장지금,1,커뮤니티 1,1984,1,2.0
제8기지창장미창과,1,커뮤니티 1,1984,1,2.0
제8기지창장야적에,1,커뮤니티 1,1984,1,2.0
육군본부정보참모부장김계원,1,커뮤니티 1,1984,1,2.0
차량재생창장도로를,1,커뮤니티 1,1984,1,2.0
육군조병창장사람을,1,커뮤니티 1,1984,1,2.0
육군조병창장재료비,1,커뮤니티 1,1984,1,2.0
육군조병창장규모로,1,커뮤니티 1,1984,1,2.0
육군조병창장현재,1,커뮤니티 1,1984,1,2.0
육군조병창장지금,1,커뮤니티 1,1984,1,2.0
차량재생창장원가계산을,1,커뮤니티 1,1984,1,2.0
차량재생창장금년,1,커뮤니티 1,1984,1,2.0
차량재생창장여기서는,1,커뮤니티 1,1984,1,2.0
차량재생창장창장으로서,1,커뮤니티 1,1984,1,2.0
차량재생창장그런,1,커뮤니티 1,1984,1,2.0
차량재생창장모르겠습니다.,1,커뮤니티 1,1984,1,2.0
육군병기기지사령관지금,1,커뮤니티 1,1984,1,2.0
차량재생창장육군본부에서,1,커뮤니티 1,1984,1,2.0
육군본부군수참모부차장김용택,1,커뮤니티 1,1984,1,2.0
차량재생창장그것은,1,커뮤니티 1,1984,1,2.0
차량재생창장순전히,1,커뮤니티 1,1984,1,2.0
차량재생창장현재,1,커뮤니티 1,1984,1,2.0
제9기지창장교육파견입니다.,1,커뮤니티 1,1984,1,2.0
제9기지창장이번에,1,커뮤니티 1,1984,1,2.0
제9기지창보급과장제가,1,커뮤니티 1,1984,1,2.0
제9기지창보급과장재고품이,1,커뮤니티 1,1984,1,2.0
연합참모본부제1부장그,1,커뮤니티 1,1984,1,2.0
연합참모본부제1부장뭐,1,커뮤니티 1,1984,1,2.0
헌병사령부경리실장봉급에,1,커뮤니티 1,1984,1,2.0
연합참모본부제1부장좀,1,커뮤니티 1,1984,1,2.0
헌병사령부경리실장이것은,1,커뮤니티 1,1984,1,2.0
육군특무부대장보좌관첫째에서,1,커뮤니티 1,1984,1,2.0
육군특무부대경리실장인력사항은,1,커뮤니티 1,1984,1,2.0
육군특무부대장보좌관둘째,1,커뮤니티 1,1984,1,2.0
육군특무부대장보좌관기타사건이라는,1,커뮤니티 1,1984,1,2.0
육군특무부대장보좌관간첩,1,커뮤니티 1,1984,1,2.0
육군특무부대특무처장신원조사관계를,1,커뮤니티 1,1984,1,2.0
육군특무부대특무처장그것은,1,커뮤니티 1,1984,1,2.0
육군특무부대특무처장규정상에는,1,커뮤니티 1,1984,1,2.0
헌병사령부참모장민사사건으로,1,커뮤니티 1,1984,1,2.0
연합참모본부비서실장예!,1,커뮤니티 1,1984,1,2.0
연합참모본부비서실장국군통수계통이,1,커뮤니티 1,1984,1,2.0
제9기지창장사병들이,1,커뮤니티 1,1984,1,2.0
연합참모본부비서실장연합참모부총장으로,1,커뮤니티 1,1984,1,2.0
연합참모본부제1부장아니에요.,1,커뮤니티 1,1984,1,2.0
연합참모본부제2부장에……,1,커뮤니티 1,1984,1,2.0
육군본부공작처장형사사건에,1,커뮤니티 1,1984,1,2.0
해군함대사령관최선을,1,커뮤니티 1,1984,1,2.0
해군참모차장김충남,1,커뮤니티 1,1984,1,2.0
해병진해기지사령관세멘벽돌로,1,커뮤니티 1,1984,1,2.0
해병진해기지사령관지금,1,커뮤니티 1,1984,1,2.0
해병진해기지사령관제,1,커뮤니티 1,1984,1,2.0
해병진해기지사령관있었습니다.,1,커뮤니티 1,1984,1,2.0
해병진해기지사령관전부터,1,커뮤니티 1,1984,1,2.0
육군대학총장애로사항은,1,커뮤니티 1,1984,1,2.0
공군항공본창제81수리창장지장이,1,커뮤니티 1,1984,1,2.0
공군항공본창제81수리창장국고는,1,커뮤니티 1,1984,1,2.0
공군항공본창제81수리창장국고가,1,커뮤니티 1,1984,1,2.0
공군항공본창제81수리창장거기까지,1,커뮤니티 1,1984,1,2.0
공군항공본창제81수리창장예.,1,커뮤니티 1,1984,1,2.0
공군항공본창제81수리창장프로페라,1,커뮤니티 1,1984,1,2.0
공군항공본창제81수리창장진해에서,1,커뮤니티 1,1984,1,2.0
해병대사령부인사국장금년도에,1,커뮤니티 1,1984,1,2.0
해병대사령부인사국장8월,1,커뮤니티 1,1984,1,2.0
해병대사령부인사국행정과장통계가,1,커뮤니티 1,1984,1,2.0
해병대사령부인사국행정과장내년,1,커뮤니티 1,1984,1,2.0
해병진해기지사령관총액이,1,커뮤니티 1,1984,1,2.0
해병진해기지사령관그렇습니다.,1,커뮤니티 1,1984,1,2.0
부산경비사령부장대위해무청,1,커뮤니티 1,1984,1,2.0
해병진해기지사령관첫째,1,커뮤니티 1,1984,1,2.0
부산경비사령부장대위사전에,1,커뮤니티 1,1984,1,2.0
부산경비사령부장대위사람을,1,커뮤니티 1,1984,1,2.0
부산경비사령부장대위레일,1,커뮤니티 1,1984,1,2.0
해군함대사령부참모장입건을,1,커뮤니티 1,1984,1,2.0
진해해군공창장우리는,1,커뮤니티 1,1984,1,2.0
진해해군공창장없습니다.,1,커뮤니티 1,1984,1,2.0
진해해군공창장가게,1,커뮤니티 1,1984,1,2.0
진해해군공창장그,1,커뮤니티 1,1984,1,2.0
해군함대사령부참모장아시다시피,1,커뮤니티 1,1984,1,2.0
진해해군공창장예.,1,커뮤니티 1,1984,1,2.0
해군교육단장박병태,1,커뮤니티 1,1984,1,2.0
해군함대사령부참모일급으로,1,커뮤니티 1,1984,1,2.0
해군함대사령부참모장애로사항으로서,1,커뮤니티 1,1984,1,2.0
해군대학총장강태승,1,커뮤니티 1,1984,1,2.0
해병대사령부인사국행정과장가정환경,1,커뮤니티 1,1984,1,2.0
해병대사령부인사국장아닙니다.,1,커뮤니티 1,1984,1,2.0
해병대사령부인사국장도망자에,1,커뮤니티 1,1984,1,2.0
해병대사령부인사국장사령관의,1,커뮤니티 1,1984,1,2.0
해병대사령부법무감해군하고,1,커뮤니티 1,1984,1,2.0
해병대사령부법무감재범자수자에게는,1,커뮤니티 1,1984,1,2.0
해병대사령부행정감해병대에,1,커뮤니티 1,1984,1,2.0
해병대사령부행정감강조하고,1,커뮤니티 1,1984,1,2.0
해병대사령부군종감아직,1,커뮤니티 1,1984,1,2.0
해병대사령부군종감21명입니다.,1,커뮤니티 1,1984,1,2.0
해병대사령부군종감군목예산이라는,1,커뮤니티 1,1984,1,2.0
해병대사령부군종감받고,1,커뮤니티 1,1984,1,2.0
해병대사령부군종감병원에,1,커뮤니티 1,1984,1,2.0
해병대사령부군종감한,1,커뮤니티 1,1984,1,2.0
해병대사령부군종감전도해야,1,커뮤니티 1,1984,1,2.0
국장박희동,1,커뮤니티 1,1984,1,2.0
해병대사령부법무감잘하겠습니다.,1,커뮤니티 1,1984,1,2.0
해병대사령부법무감사령부에서,1,커뮤니티 1,1984,1,2.0
해병대사령부법무감그렇게,1,커뮤니티 1,1984,1,2.0
해병대사령부감찰감총체로,1,커뮤니티 1,1984,1,2.0
해병대사령부인사국장거기에,1,커뮤니티 1,1984,1,2.0
해병대사령부인사국장당,1,커뮤니티 1,1984,1,2.0
해병대사령부인사국장유,1,커뮤니티 1,1984,1,2.0
해병대사령부감찰감정기감찰검열은,1,커뮤니티 1,1984,1,2.0
해병대사령부감찰감헌병대에,1,커뮤니티 1,1984,1,2.0
해병대사령부감찰감개인의,1,커뮤니티 1,1984,1,2.0
해병대사령부감찰감예.,1,커뮤니티 1,1984,1,2.0
해병대사령부감찰감본처가,1,커뮤니티 1,1984,1,2.0
해병대사령부법무감약,1,커뮤니티 1,1984,1,2.0
해병대사령부감찰감4건입니다.,1,커뮤니티 1,1984,1,2.0
해병대사령부감찰감피의자를,1,커뮤니티 1,1984,1,2.0
해병대사령부감찰감장교는,1,커뮤니티 1,1984,1,2.0
해병대사령부감찰감포항지구,1,커뮤니티 1,1984,1,2.0
해병대사령부법무감약간,1,커뮤니티 1,1984,1,2.0
해병대사령부법무감그것은,1,커뮤니티 1,1984,1,2.0
해병대사령부법무감여기에,1,커뮤니티 1,1984,1,2.0
부산경비사령부장대위모르겠습니다.,1,커뮤니티 1,1984,1,2.0
부산경비사령부장대위그것은,1,커뮤니티 1,1984,1,2.0
해군본부정보국장양회경,1,커뮤니티 1,1984,1,2.0
해군본부헌병감명정입니다.,1,커뮤니티 1,1984,1,2.0
해군본부헌병감헌병이,1,커뮤니티 1,1984,1,2.0
부산경비사령관정정해서,1,커뮤니티 1,1984,1,2.0
해군본부헌병감거기에,1,커뮤니티 1,1984,1,2.0
해군본부헌병감연구해보았습니다마는,1,커뮤니티 1,1984,1,2.0
해군본부헌병감한,1,커뮤니티 1,1984,1,2.0
부산경비사령부참모장좀,1,커뮤니티 1,1984,1,2.0
해군본부헌병감별로,1,커뮤니티 1,1984,1,2.0
해군본부정훈감해군지로서,1,커뮤니티 1,1984,1,2.0
부산경비사령관작년,1,커뮤니티 1,1984,1,2.0
해군본부정훈감400만,1,커뮤니티 1,1984,1,2.0
부산경비사령관부산에,1,커뮤니티 1,1984,1,2.0
해군본부정훈감현재,1,커뮤니티 1,1984,1,2.0
부산경비사령관수송비가,1,커뮤니티 1,1984,1,2.0
부산경비사령관한국운수,1,커뮤니티 1,1984,1,2.0
부산경비사령관아직까지,1,커뮤니티 1,1984,1,2.0
해군본부함정국장재정법에,1,커뮤니티 1,1984,1,2.0
부산경비사령관나머지는,1,커뮤니티 1,1984,1,2.0
부산경비사령관저희,1,커뮤니티 1,1984,1,2.0
부산경비사령관영선수리비가,1,커뮤니티 1,1984,1,2.0
해군본부헌병감지장이,1,커뮤니티 1,1984,1,2.0
진해해군통제사령관잘하고,1,커뮤니티 1,1984,1,2.0
진해해군통제사령관거기에,1,커뮤니티 1,1984,1,2.0
진해해군통제사령관여기,1,커뮤니티 1,1984,1,2.0
진해해군통제사령관감사한,1,커뮤니티 1,1984,1,2.0
진해해군통제사령관예.,1,커뮤니티 1,1984,1,2.0
진해해군통제사령관자세한,1,커뮤니티 1,1984,1,2.0
진해해군통제사령관지금까지,1,커뮤니티 1,1984,1,2.0
해군함대사령관저도,1,커뮤니티 1,1984,1,2.0
해군본부법무감50만,1,커뮤니티 1,1984,1,2.0
해군본부법무감거의,1,커뮤니티 1,1984,1,2.0
해군본부법무감휴가를,1,커뮤니티 1,1984,1,2.0
부산경비사령관한,1,커뮤니티 1,1984,1,2.0
부산경비사령관죽게,1,커뮤니티 1,1984,1,2.0
부산경비사령관금년에,1,커뮤니티 1,1984,1,2.0
부산경비사령관예.,1,커뮤니티 1,1984,1,2.0
해군본부함정국장인천공창은,1,커뮤니티 1,1984,1,2.0
부산경비사령관없습니다.,1,커뮤니티 1,1984,1,2.0
부산경비사령관7000만,1,커뮤니티 1,1984,1,2.0
해군본부군수참모공창의,1,커뮤니티 1,1984,1,2.0
부산경비사령부참모장……,1,커뮤니티 1,1984,1,2.0
부산경비사령부장대위제가,1,커뮤니티 1,1984,1,2.0
부산경비사령부장대위없습니다.,1,커뮤니티 1,1984,1,2.0
해군본부경비부사령관봉급,1,커뮤니티 1,1984,1,2.0
부산경비사령부장대위그런,1,커뮤니티 1,1984,1,2.0
해군본부경비부사령관없습니다.,1,커뮤니티 1,1984,1,2.0
부산경비사령부장대위전화로서,1,커뮤니티 1,1984,1,2.0
해군본부수로국장장경수,1,커뮤니티 1,1984,1,2.0
부산경비사령부장대위사실,1,커뮤니티 1,1984,1,2.0
병원장없습니다.,1,커뮤니티 1,1984,1,2.0
부산경비사령부장대위불리한,1,커뮤니티 1,1984,1,2.0
병원장지금,1,커뮤니티 1,1984,1,2.0
부산경비사령부장대위서류는,1,커뮤니티 1,1984,1,2.0
부산경비사령부장대위요는,1,커뮤니티 1,1984,1,2.0
부산경비사령부장대위국방부에서,1,커뮤니티 1,1984,1,2.0
부산경비사령부장대위물품,1,커뮤니티 1,1984,1,2.0
해군본부기획과장부산에,1,커뮤니티 1,1984,1,2.0
부산경비사령부참모장본부에서,1,커뮤니티 1,1984,1,2.0
부산경비사령부참모장1차에,1,커뮤니티 1,1984,1,2.0
해군본부시설감돈은,1,커뮤니티 1,1984,1,2.0
부산경비사령부참모장5톤이라고,1,커뮤니티 1,1984,1,2.0
부산경비사령부참모장5톤입니다.,1,커뮤니티 1,1984,1,2.0
제7사단장지금,1,커뮤니티 1,1984,1,2.0
제3군단군수참모평균해서,1,커뮤니티 1,1984,1,2.0
제1보충대대장3일간,1,커뮤니티 1,1984,1,2.0
제1군사령부인사참모최세민,1,커뮤니티 1,1984,1,2.0
증인김남학,1,커뮤니티 1,1984,1,2.0
증인저는,1,커뮤니티 1,1984,1,2.0
증인연락해서,1,커뮤니티 1,1984,1,2.0
심재현위원,1,커뮤니티 1,1984,1,2.0
군수참모매월,1,커뮤니티 1,1984,1,2.0
1군사령부경리참모김사득,1,커뮤니티 1,1984,1,2.0
군수참모확실히,1,커뮤니티 1,1984,1,2.0
군수참모아직,1,커뮤니티 1,1984,1,2.0
육군본부관리부장박병권,1,커뮤니티 1,1984,1,2.0
해군참모차장김일병,1,커뮤니티 1,1984,1,2.0
권중섭위원,1,커뮤니티 1,1984,1,2.0
제2군사령부휼병참모부장군사령부가,1,커뮤니티 1,1984,1,2.0
제2군사령부법무부장16명입니다.,1,커뮤니티 1,1984,1,2.0
제2군사령부법무부장수가,1,커뮤니티 1,1984,1,2.0
제2군사령부법무부장40만,1,커뮤니티 1,1984,1,2.0
제2군사령부법무부장지금까지,1,커뮤니티 1,1984,1,2.0
제2군사령부법무부장200만,1,커뮤니티 1,1984,1,2.0
제2군사령부법무부장저희들은,1,커뮤니티 1,1984,1,2.0
제2군사령부법무부장각,1,커뮤니티 1,1984,1,2.0
제2군사령부법무부장결국,1,커뮤니티 1,1984,1,2.0
제2군사령부법무부장이상적인,1,커뮤니티 1,1984,1,2.0
제2군사령부법무부장정확한,1,커뮤니티 1,1984,1,2.0
제2군사령부법무부장여기에,1,커뮤니티 1,1984,1,2.0
제2군사령부법무부장논문으로,1,커뮤니티 1,1984,1,2.0
제2군사령부법무부장그런데,1,커뮤니티 1,1984,1,2.0
제2군사령부법무부장그래서,1,커뮤니티 1,1984,1,2.0
제2군사령부법무부장안,1,커뮤니티 1,1984,1,2.0
제2군사령부법무부장6관구에서,1,커뮤니티 1,1984,1,2.0
제2군사령부휼병참모부장군사령부에서,1,커뮤니티 1,1984,1,2.0
제2군사령부휼병참모부장제가,1,커뮤니티 1,1984,1,2.0
제2군사령부휼병참모부장위안소를,1,커뮤니티 1,1984,1,2.0
제2군사령부휼병참모부장그렇기,1,커뮤니티 1,1984,1,2.0
제2군사령부정보참모처장45명입니다.,1,커뮤니티 1,1984,1,2.0
제2군사령부특무대장7명입니다.,1,커뮤니티 1,1984,1,2.0
제2군사령부특무대장기술문관입니다.,1,커뮤니티 1,1984,1,2.0
제2군사령부특무대장수사,1,커뮤니티 1,1984,1,2.0
답지금,1,커뮤니티 1,1984,1,2.0
제2군사령부특무대장서로,1,커뮤니티 1,1984,1,2.0
제2군사령부특무대장업무상의,1,커뮤니티 1,1984,1,2.0
제2군사령부특무대장안,1,커뮤니티 1,1984,1,2.0
제2군사령부특무대장저희,1,커뮤니티 1,1984,1,2.0
제2군사령부특무대장예.,1,커뮤니티 1,1984,1,2.0
제2군사령부특무대장반공포로나,1,커뮤니티 1,1984,1,2.0
제2군사령부휼병참모부장예산이,1,커뮤니티 1,1984,1,2.0
제2군사령부휼병참모부장하나도,1,커뮤니티 1,1984,1,2.0
제2군사령부휼병참모부장년에,1,커뮤니티 1,1984,1,2.0
제2군사령부휼병참모부장소요액입니다.,1,커뮤니티 1,1984,1,2.0
제2군사령부휼병참모부장군에서는,1,커뮤니티 1,1984,1,2.0
제2군사령부법무부장이것을,1,커뮤니티 1,1984,1,2.0
제2군사령부법무부장그럴,1,커뮤니티 1,1984,1,2.0
제2군사령부정보참모처장정보국에,1,커뮤니티 1,1984,1,2.0
제2군사령부헌병부장아직,1,커뮤니티 1,1984,1,2.0
제2군사령부헌병부장첫째,1,커뮤니티 1,1984,1,2.0
제2군사령부헌병부장대개,1,커뮤니티 1,1984,1,2.0
제2군사령부헌병부장저희,1,커뮤니티 1,1984,1,2.0
제2군사령부헌병부장종전에는,1,커뮤니티 1,1984,1,2.0
제2군사령부헌병부장수사비가,1,커뮤니티 1,1984,1,2.0
제2군사령부헌병부장저희들이,1,커뮤니티 1,1984,1,2.0
제2군사령부본부사령관이동식,1,커뮤니티 1,1984,1,2.0
제2군사령부법무부장제,1,커뮤니티 1,1984,1,2.0
제2군사령부참모장어느,1,커뮤니티 1,1984,1,2.0
제2군사령부참모장가족에,1,커뮤니티 1,1984,1,2.0
제2군사령부참모장여비는,1,커뮤니티 1,1984,1,2.0
제2군사령부헌병부장물으신,1,커뮤니티 1,1984,1,2.0
제2군사령부헌병부장도망병은,1,커뮤니티 1,1984,1,2.0
제2군사령부헌병부장그런,1,커뮤니티 1,1984,1,2.0
제2군사령부헌병부장자수기간을,1,커뮤니티 1,1984,1,2.0
제2군사령부법무부장그러니까,1,커뮤니티 1,1984,1,2.0
제2군사령부법무부장그,1,커뮤니티 1,1984,1,2.0
제2군사령부법무부장들은,1,커뮤니티 1,1984,1,2.0
제2군사령부법무부장만족하게는,1,커뮤니티 1,1984,1,2.0
제2군사령부법무부장장기미결수는,1,커뮤니티 1,1984,1,2.0
제2군사령부헌병부장40명입니다.,1,커뮤니티 1,1984,1,2.0
제2군사령부헌병부장갈었습니다.,1,커뮤니티 1,1984,1,2.0
제2군사령부헌병부장9개월,1,커뮤니티 1,1984,1,2.0
제2군사령부헌병부장잘못한,1,커뮤니티 1,1984,1,2.0
제2군사령부헌병부장저희들은,1,커뮤니티 1,1984,1,2.0
제2군사령부헌병부장제일,1,커뮤니티 1,1984,1,2.0
제2군사령부헌병부장중요한,1,커뮤니티 1,1984,1,2.0
제2군사령부헌병부장장교도,1,커뮤니티 1,1984,1,2.0
제2군사령부헌병부장월평균,1,커뮤니티 1,1984,1,2.0
제2군사령부헌병부장장기복역자라면,1,커뮤니티 1,1984,1,2.0
제2군사령부정보참모처장예.,1,커뮤니티 1,1984,1,2.0
제2군사령부정보참모처장저희들이,1,커뮤니티 1,1984,1,2.0
제2군사령부인사참모처장장기복무자는,1,커뮤니티 1,1984,1,2.0
제2군사령부의무부장집에,1,커뮤니티 1,1984,1,2.0
제2군사령부의무부장과거,1,커뮤니티 1,1984,1,2.0
제2군사령부인사참모처장현재의,1,커뮤니티 1,1984,1,2.0
제2군사령부인사참모처장하사는,1,커뮤니티 1,1984,1,2.0
제2군사령부인사참모처장희망에,1,커뮤니티 1,1984,1,2.0
제2군사령부인사참모처장모자라기,1,커뮤니티 1,1984,1,2.0
제2군사령부인사참모처장임명하는,1,커뮤니티 1,1984,1,2.0
제2군사령부인사참모처장작년까지는,1,커뮤니티 1,1984,1,2.0
제2군사령부인사참모처장증서를,1,커뮤니티 1,1984,1,2.0
제2군사령부인사참모처장그런,1,커뮤니티 1,1984,1,2.0
제2군사령부인사참모처장8월,1,커뮤니티 1,1984,1,2.0
제2군사령부인사참모처장3년,1,커뮤니티 1,1984,1,2.0
제2군사령부인사참모처장만약에,1,커뮤니티 1,1984,1,2.0
제2군사령부인사참모처장지금,1,커뮤니티 1,1984,1,2.0
제2군사령부인사참모처장질문취지를,1,커뮤니티 1,1984,1,2.0
제2군사령부정보참모처장군사령부에서는,1,커뮤니티 1,1984,1,2.0
제2군사령부참모장예.,1,커뮤니티 1,1984,1,2.0
제2군사령부감찰부장제가,1,커뮤니티 1,1984,1,2.0
제2군사령부감찰부장예산에,1,커뮤니티 1,1984,1,2.0
제2군사령부감찰부장정상적으로,1,커뮤니티 1,1984,1,2.0
제2군사령부감찰부장1개월에,1,커뮤니티 1,1984,1,2.0
제2군사령부감찰부장소요액입니다.,1,커뮤니티 1,1984,1,2.0
제2군사령부감찰부장82만,1,커뮤니티 1,1984,1,2.0
제2군사령부참모장없습니다.,1,커뮤니티 1,1984,1,2.0
제2군사령부참모장3월달에,1,커뮤니티 1,1984,1,2.0
제2군사령부참모장제가,1,커뮤니티 1,1984,1,2.0
제2군사령부인사참모처장그렇습니다.,1,커뮤니티 1,1984,1,2.0
제2군사령부참모장369건입니다.,1,커뮤니티 1,1984,1,2.0
제2군사령부정보참모처장2군에서,1,커뮤니티 1,1984,1,2.0
제2군사령부정보참모처장경찰에서,1,커뮤니티 1,1984,1,2.0
제2군사령부정보참모처장G-2에서,1,커뮤니티 1,1984,1,2.0
제2군사령부정보참모처장그것이,1,커뮤니티 1,1984,1,2.0
제2군사령부정보참모처장이것은,1,커뮤니티 1,1984,1,2.0
제2군사령부정보참모처장그것은,1,커뮤니티 1,1984,1,2.0
제2군사령부정보참모처장개인신분에,1,커뮤니티 1,1984,1,2.0
제2군사령부감찰부장잘,1,커뮤니티 1,1984,1,2.0
제2군사령부감찰부장여비규정은,1,커뮤니티 1,1984,1,2.0
제2군사령부감찰부장각,1,커뮤니티 1,1984,1,2.0
제2군사령부감찰부장여비규정에,1,커뮤니티 1,1984,1,2.0
제2군사령부인사참모처장예.,1,커뮤니티 1,1984,1,2.0
제2군사령부인사참모처장좋습니다.,1,커뮤니티 1,1984,1,2.0
제2군사령부인사참모처장견해의,1,커뮤니티 1,1984,1,2.0
제2군사령부인사참모처장특별한,1,커뮤니티 1,1984,1,2.0
제2군사령부인사참모처장작년과,1,커뮤니티 1,1984,1,2.0
제2군사령부감찰부장사건의,1,커뮤니티 1,1984,1,2.0
제2군사령부감찰부장계통을,1,커뮤니티 1,1984,1,2.0
제2군사령부감찰부장일반검열이라는,1,커뮤니티 1,1984,1,2.0
제2군사령부감찰부장그런,1,커뮤니티 1,1984,1,2.0
제2군사령부감찰부장아닙니다.,1,커뮤니티 1,1984,1,2.0
제2군사령부감찰부장예.,1,커뮤니티 1,1984,1,2.0
제2군사령부감찰부장감찰부에는,1,커뮤니티 1,1984,1,2.0
제2군사령부감찰부장정기적으로,1,커뮤니티 1,1984,1,2.0
제2군사령부감찰부장여기에는,1,커뮤니티 1,1984,1,2.0
제2군사령부감찰부장월평균,1,커뮤니티 1,1984,1,2.0
제2군사령부감찰부장한,1,커뮤니티 1,1984,1,2.0
제2군사령부감찰부장이것은,1,커뮤니티 1,1984,1,2.0
외자청관리국장최윤기,1,커뮤니티 1,1984,1,2.0
2군사령부부사령관최경록,1,커뮤니티 1,1984,1,2.0
1군사령부정훈부장한희열,1,커뮤니티 1,1984,1,2.0
육군본부행정참모부장000,1,커뮤니티 1,1984,1,2.0
미해병고문관에드워드포니,1,커뮤니티 1,1984,1,2.0
공군본부군수국장이규성,1,커뮤니티 1,1984,1,2.0
김의준위원(계속),1,커뮤니티 1,1984,1,2.0
2군사령부헌병부장홍구표,1,커뮤니티 1,1984,1,2.0
위원장대리최병권,1,커뮤니티 1,1984,1,2.0
외무위원회전문위원정형모,1,커뮤니티 1,1984,1,2.0
이성호알았습니다.,1,커뮤니티 1,1984,1,2.0
이성호한,1,커뮤니티 1,1984,1,2.0
이성호생산공장에서,1,커뮤니티 1,1984,1,2.0
이성호한화표시금액은,1,커뮤니티 1,1984,1,2.0
이성호1200입니다.,1,커뮤니티 1,1984,1,2.0
이성호비용은,1,커뮤니티 1,1984,1,2.0
이성호정부보유불로,1,커뮤니티 1,1984,1,2.0
이성호바꾸어,1,커뮤니티 1,1984,1,2.0
이성호저희는,1,커뮤니티 1,1984,1,2.0
이성호우리,1,커뮤니티 1,1984,1,2.0
정동기그날,1,커뮤니티 1,1984,1,2.0
이성호재무장관,1,커뮤니티 1,1984,1,2.0
이성호제가,1,커뮤니티 1,1984,1,2.0
정동기전무,1,커뮤니티 1,1984,1,2.0
정동기그렇죠.,1,커뮤니티 1,1984,1,2.0
정동기검수가,1,커뮤니티 1,1984,1,2.0
정동기KPA,1,커뮤니티 1,1984,1,2.0
정동기미군대위,1,커뮤니티 1,1984,1,2.0
이성호대개,1,커뮤니티 1,1984,1,2.0
이성호두,1,커뮤니티 1,1984,1,2.0
이성호400만,1,커뮤니티 1,1984,1,2.0
이성호그때,1,커뮤니티 1,1984,1,2.0
이성호잡혀,1,커뮤니티 1,1984,1,2.0
이성호수사과나,1,커뮤니티 1,1984,1,2.0
이성호수첩,1,커뮤니티 1,1984,1,2.0
이성호못,1,커뮤니티 1,1984,1,2.0
이성호금시초문입니다.,1,커뮤니티 1,1984,1,2.0
이성호저희,1,커뮤니티 1,1984,1,2.0
이성호금액은,1,커뮤니티 1,1984,1,2.0
이성호1060만,1,커뮤니티 1,1984,1,2.0
이성호2월달에,1,커뮤니티 1,1984,1,2.0
이성호일부,1,커뮤니티 1,1984,1,2.0
이성호110만,1,커뮤니티 1,1984,1,2.0
이성호수표로,1,커뮤니티 1,1984,1,2.0
이성호보증수표입니다.,1,커뮤니티 1,1984,1,2.0
이성호자세히,1,커뮤니티 1,1984,1,2.0
이성호틀림없습니다.,1,커뮤니티 1,1984,1,2.0
이성호그게,1,커뮤니티 1,1984,1,2.0
정동기그것도,1,커뮤니티 1,1984,1,2.0
정동기협회를,1,커뮤니티 1,1984,1,2.0
이성호국가적,1,커뮤니티 1,1984,1,2.0
정동기저는,1,커뮤니티 1,1984,1,2.0
정동기우리가,1,커뮤니티 1,1984,1,2.0
정동기국방장관,1,커뮤니티 1,1984,1,2.0
정동기각,1,커뮤니티 1,1984,1,2.0
정동기상공부에서,1,커뮤니티 1,1984,1,2.0
정동기최경남,1,커뮤니티 1,1984,1,2.0
정동기확실한,1,커뮤니티 1,1984,1,2.0
정동기안,1,커뮤니티 1,1984,1,2.0
정동기금시초문입니다.,1,커뮤니티 1,1984,1,2.0
정동기대체적인,1,커뮤니티 1,1984,1,2.0
정동기조민제,1,커뮤니티 1,1984,1,2.0
정동기돈,1,커뮤니티 1,1984,1,2.0
정동기국방부에,1,커뮤니티 1,1984,1,2.0
정동기요전에,1,커뮤니티 1,1984,1,2.0
정동기사장들이,1,커뮤니티 1,1984,1,2.0
정동기내,1,커뮤니티 1,1984,1,2.0
정동기돈을,1,커뮤니티 1,1984,1,2.0
정동기100만,1,커뮤니티 1,1984,1,2.0
정동기사장이,1,커뮤니티 1,1984,1,2.0
정동기반환받은,1,커뮤니티 1,1984,1,2.0
정동기외원계원들입니다.,1,커뮤니티 1,1984,1,2.0
정동기수가,1,커뮤니티 1,1984,1,2.0
정동기극동사령부에,1,커뮤니티 1,1984,1,2.0
정동기무슨,1,커뮤니티 1,1984,1,2.0
정동기그렇습니다.,1,커뮤니티 1,1984,1,2.0
정동기그렇지요.,1,커뮤니티 1,1984,1,2.0
정동기내용은,1,커뮤니티 1,1984,1,2.0
이성호검찰이란,1,커뮤니티 1,1984,1,2.0
이성호들은,1,커뮤니티 1,1984,1,2.0
내무차관정운갑(계속),1,커뮤니티 1,1984,1,2.0
육군본부조달감신원식,1,커뮤니티 1,1984,1,2.0
이성호국방부에는,1,커뮤니티 1,1984,1,2.0
이성호그전에,1,커뮤니티 1,1984,1,2.0
이성호있습니다.,1,커뮤니티 1,1984,1,2.0
이성호그때에는,1,커뮤니티 1,1984,1,2.0
이성호입찰에,1,커뮤니티 1,1984,1,2.0
이성호그전부터,1,커뮤니티 1,1984,1,2.0
이성호그렇지,1,커뮤니티 1,1984,1,2.0
기타참석자,1,커뮤니티 1,1984,1,2.0
이성호추천내용은,1,커뮤니티 1,1984,1,2.0
이성호세세한,1,커뮤니티 1,1984,1,2.0
이성호회장에게가,1,커뮤니티 1,1984,1,2.0
제2군사령부참모장임충식,1,커뮤니티 1,1984,1,2.0
제2군사령부병기참모조병은,1,커뮤니티 1,1984,1,2.0
이성호모든,1,커뮤니티 1,1984,1,2.0
이성호가족밖에,1,커뮤니티 1,1984,1,2.0
이성호6월부터입니다.,1,커뮤니티 1,1984,1,2.0
이성호처음,1,커뮤니티 1,1984,1,2.0
여중화자,1,커뮤니티 1,1984,1,2.0
보이수하,1,커뮤니티 1,1984,1,2.0
병기기지사령부부사령관C급은,1,커뮤니티 1,1984,1,2.0
제7사단장내년에는,1,커뮤니티 1,1984,1,2.0
제10지구급양대장업자,1,커뮤니티 1,1984,1,2.0
제10지구급양대장품질관계는,1,커뮤니티 1,1984,1,2.0
수로국장발행하지,1,커뮤니티 1,1984,1,2.0
제10지구급양대장예산면으로,1,커뮤니티 1,1984,1,2.0
수로국장없습니다.,1,커뮤니티 1,1984,1,2.0
제10지구급양대장우리는,1,커뮤니티 1,1984,1,2.0
수로국장그런,1,커뮤니티 1,1984,1,2.0
제10지구급양대장그런,1,커뮤니티 1,1984,1,2.0
해군공창장예.,1,커뮤니티 1,1984,1,2.0
해군공창장우리,1,커뮤니티 1,1984,1,2.0
제10지구급양대장몰수하는,1,커뮤니티 1,1984,1,2.0
제10지구급양대장두부를,1,커뮤니티 1,1984,1,2.0
해군공창장군원은,1,커뮤니티 1,1984,1,2.0
제10지구급양대장파견대에,1,커뮤니티 1,1984,1,2.0
해군공창장과거에,1,커뮤니티 1,1984,1,2.0
제10지구급양대장대체하는,1,커뮤니티 1,1984,1,2.0
제10지구급양대장개인의,1,커뮤니티 1,1984,1,2.0
수로국장한,1,커뮤니티 1,1984,1,2.0
수로국장이것을,1,커뮤니티 1,1984,1,2.0
수로국장수로국에서는,1,커뮤니티 1,1984,1,2.0
제6관구사령부경리부장일반근무비는,1,커뮤니티 1,1984,1,2.0
제10지구급양대장이것은,1,커뮤니티 1,1984,1,2.0
인천경비부사령관징계관계는,1,커뮤니티 1,1984,1,2.0
제6관구사령부경리부장그,1,커뮤니티 1,1984,1,2.0
인천경비부사령관저희들이,1,커뮤니티 1,1984,1,2.0
제6관구사령부경리부장책상이,1,커뮤니티 1,1984,1,2.0
인천경비부사령관진해보급창에서,1,커뮤니티 1,1984,1,2.0
제10지구급양대장결국은,1,커뮤니티 1,1984,1,2.0
제10지구급양대장지금,1,커뮤니티 1,1984,1,2.0
제10지구급양대장급양대에서는,1,커뮤니티 1,1984,1,2.0
수로국장대개,1,커뮤니티 1,1984,1,2.0
제10지구급양대장콩나물업자하고,1,커뮤니티 1,1984,1,2.0
수로국장특별한,1,커뮤니티 1,1984,1,2.0
제10지구급양대장병실연구소가,1,커뮤니티 1,1984,1,2.0
"수로국장수로여비,",1,커뮤니티 1,1984,1,2.0
제10지구급양대장규정은,1,커뮤니티 1,1984,1,2.0
수로국장교재창이,1,커뮤니티 1,1984,1,2.0
해군공창장처음에,1,커뮤니티 1,1984,1,2.0
경상북도병사구사령관국방부와,1,커뮤니티 1,1984,1,2.0
제9기지창장그런,1,커뮤니티 1,1984,1,2.0
제9기지창장남는,1,커뮤니티 1,1984,1,2.0
육군본부조달차장수의계약,1,커뮤니티 1,1984,1,2.0
제9기지창장재고조사보고서를,1,커뮤니티 1,1984,1,2.0
제9기지창장간혹,1,커뮤니티 1,1984,1,2.0
육군본부조달차장수의계약은,1,커뮤니티 1,1984,1,2.0
제9기지창장인적인,1,커뮤니티 1,1984,1,2.0
제9기지창장평균,1,커뮤니티 1,1984,1,2.0
제9기지창장아닙니다.,1,커뮤니티 1,1984,1,2.0
제9기지창장지금,1,커뮤니티 1,1984,1,2.0
경상북도병사구사령관육군에서,1,커뮤니티 1,1984,1,2.0
제9기지창장그때,1,커뮤니티 1,1984,1,2.0
제9기지창장그런데,1,커뮤니티 1,1984,1,2.0
제9기지창장중간창으로서,1,커뮤니티 1,1984,1,2.0
육군본부조달차장연천의,1,커뮤니티 1,1984,1,2.0
육군본부조달차장중앙조달이지마는,1,커뮤니티 1,1984,1,2.0
제1조달근무대구매과장조봉래,1,커뮤니티 1,1984,1,2.0
제1조달근무대행정과장임승교,1,커뮤니티 1,1984,1,2.0
제9기지창장제가,1,커뮤니티 1,1984,1,2.0
제9기지창장2군,1,커뮤니티 1,1984,1,2.0
제9기지창장9기지창은,1,커뮤니티 1,1984,1,2.0
제9기지창장이것이,1,커뮤니티 1,1984,1,2.0
경상북도병사구사령관육본에서,1,커뮤니티 1,1984,1,2.0
경상북도병사구사령관867환입니다.,1,커뮤니티 1,1984,1,2.0
경상북도병사구사령관시골에,1,커뮤니티 1,1984,1,2.0
경상북도병사구사령관나빠질,1,커뮤니티 1,1984,1,2.0
제6관구사령부참모부장지금,1,커뮤니티 1,1984,1,2.0
제9기지창장자세히는,1,커뮤니티 1,1984,1,2.0
공군본부인사국장병역법에는,1,커뮤니티 1,1984,1,2.0
제9기지창장250드럼,1,커뮤니티 1,1984,1,2.0
제9기지창장수입으로,1,커뮤니티 1,1984,1,2.0
제9기지창장8기지창에서,1,커뮤니티 1,1984,1,2.0
인천경비부사령관그런,1,커뮤니티 1,1984,1,2.0
제10지구급양대장부대에서,1,커뮤니티 1,1984,1,2.0
제6관구사령부경리부장4․4반기에도,1,커뮤니티 1,1984,1,2.0
충청남도지구병사구사령관사금만을,1,커뮤니티 1,1984,1,2.0
충청남도지구병사구사령관이용을,1,커뮤니티 1,1984,1,2.0
제63육군병원장정신병,1,커뮤니티 1,1984,1,2.0
육군기갑학교장조사를,1,커뮤니티 1,1984,1,2.0
충청남도지구병사구사령관원호과장은,1,커뮤니티 1,1984,1,2.0
충청남도지구병사구사령관통례가,1,커뮤니티 1,1984,1,2.0
육군기갑학교장합해서,1,커뮤니티 1,1984,1,2.0
충청남도지구병사구사령관지금부터는,1,커뮤니티 1,1984,1,2.0
충청남도지구병사구사령관종전에,1,커뮤니티 1,1984,1,2.0
육군기갑학교장보급연료에서,1,커뮤니티 1,1984,1,2.0
육군기갑학교장최소한도,1,커뮤니티 1,1984,1,2.0
충청남도지구병사구사령관그렇지,1,커뮤니티 1,1984,1,2.0
육군기갑학교장그후에,1,커뮤니티 1,1984,1,2.0
육군기갑학교장인화면에,1,커뮤니티 1,1984,1,2.0
육군기갑학교장전적으로,1,커뮤니티 1,1984,1,2.0
육군기갑학교장교육과정의,1,커뮤니티 1,1984,1,2.0
육군기갑학교장그대로,1,커뮤니티 1,1984,1,2.0
육군기갑학교장저희들은,1,커뮤니티 1,1984,1,2.0
제2군사령부의무부장개업의로서,1,커뮤니티 1,1984,1,2.0
제2군사령부의무부장이것이,1,커뮤니티 1,1984,1,2.0
충청남도지구병사구사령관제가,1,커뮤니티 1,1984,1,2.0
육군기갑학교장이,1,커뮤니티 1,1984,1,2.0
충청남도지구병사구사령관법적,1,커뮤니티 1,1984,1,2.0
제63육군병원장전원예정자를,1,커뮤니티 1,1984,1,2.0
충청남도지구병사구사령부운영과장이병용,1,커뮤니티 1,1984,1,2.0
충청남도지구병사구사령관읽었습니다.,1,커뮤니티 1,1984,1,2.0
제2군사령부의무부장이번에,1,커뮤니티 1,1984,1,2.0
육군기갑학교장사실,1,커뮤니티 1,1984,1,2.0
제63육군병원장좋은,1,커뮤니티 1,1984,1,2.0
충청남도지구병사구사령관모르는,1,커뮤니티 1,1984,1,2.0
충청남도지구병사구사령관수령을,1,커뮤니티 1,1984,1,2.0
제2군사령부의무부장채혈비가,1,커뮤니티 1,1984,1,2.0
충청남도지구병사구사령관247만,1,커뮤니티 1,1984,1,2.0
제2군사령부의무부장하나도,1,커뮤니티 1,1984,1,2.0
충청남도지구병사구사령관인사이동을,1,커뮤니티 1,1984,1,2.0
제63육군병원장그것은,1,커뮤니티 1,1984,1,2.0
육군기갑학교장육본에서도,1,커뮤니티 1,1984,1,2.0
육군기갑학교장교육용,1,커뮤니티 1,1984,1,2.0
인천경비부사령관10명가량,1,커뮤니티 1,1984,1,2.0
인천경비부사령관관재비,1,커뮤니티 1,1984,1,2.0
인천경비부사령관없습니다.,1,커뮤니티 1,1984,1,2.0
군사정보대장육본정보국에서,1,커뮤니티 1,1984,1,2.0
인천경비부사령관1년,1,커뮤니티 1,1984,1,2.0
인천경비부사령관그것을,1,커뮤니티 1,1984,1,2.0
군사정보대운영과장그것은,1,커뮤니티 1,1984,1,2.0
인천경비부사령관사무용품,1,커뮤니티 1,1984,1,2.0
군사정보대장이것은,1,커뮤니티 1,1984,1,2.0
인천경비부사령관사무용품비만,1,커뮤니티 1,1984,1,2.0
군사정보대장현재,1,커뮤니티 1,1984,1,2.0
육군기갑학교장각종에서,1,커뮤니티 1,1984,1,2.0
인천경비부사령관징발형식으로,1,커뮤니티 1,1984,1,2.0
군사정보대장한,1,커뮤니티 1,1984,1,2.0
인천경비부사령관여러,1,커뮤니티 1,1984,1,2.0
군사정보대장총액적인,1,커뮤니티 1,1984,1,2.0
서울지구병사구사령부병무과장노선앙,1,커뮤니티 1,1984,1,2.0
인천경비부사령관곤란한,1,커뮤니티 1,1984,1,2.0
제6관구사령부경리부장그러니까,1,커뮤니티 1,1984,1,2.0
제10지구급양대장현재,1,커뮤니티 1,1984,1,2.0
군사정보대장교범은,1,커뮤니티 1,1984,1,2.0
인천경비부사령관함정수리비가,1,커뮤니티 1,1984,1,2.0
군사정보대장항공사진을,1,커뮤니티 1,1984,1,2.0
인천경비부사령관한,1,커뮤니티 1,1984,1,2.0
육군기갑학교장예비량과,1,커뮤니티 1,1984,1,2.0
육군기갑학교장요는,1,커뮤니티 1,1984,1,2.0
육군기갑학교장매달,1,커뮤니티 1,1984,1,2.0
육군기갑학교장휘발유는,1,커뮤니티 1,1984,1,2.0
육군기갑학교장장부가,1,커뮤니티 1,1984,1,2.0
교육총본부부총장제가,1,커뮤니티 1,1984,1,2.0
교육총본부부총장총장,1,커뮤니티 1,1984,1,2.0
육군기갑학교장기억은,1,커뮤니티 1,1984,1,2.0
육군기갑학교장장부관계는,1,커뮤니티 1,1984,1,2.0
육군기갑학교본부사령장부는,1,커뮤니티 1,1984,1,2.0
교육총본부부총장저희,1,커뮤니티 1,1984,1,2.0
인천경비부사령관후방지원이라면,1,커뮤니티 1,1984,1,2.0
인천경비부사령관저희들,1,커뮤니티 1,1984,1,2.0
육군본부조달차장예결에서,1,커뮤니티 1,1984,1,2.0
육군본부조달차장업자가,1,커뮤니티 1,1984,1,2.0
해군본부인사국장군인신분령이,1,커뮤니티 1,1984,1,2.0
해군본부인사국장적어도,1,커뮤니티 1,1984,1,2.0
해군본부인사국장정년이,1,커뮤니티 1,1984,1,2.0
해군본부인사국장다른,1,커뮤니티 1,1984,1,2.0
해군본부인사국장애로사항은,1,커뮤니티 1,1984,1,2.0
해군본부관리참모부장이,1,커뮤니티 1,1984,1,2.0
해군본부관리참모부장저희는,1,커뮤니티 1,1984,1,2.0
해군본부관리참모부장감시는,1,커뮤니티 1,1984,1,2.0
해군본부경리국기획과장이철희,1,커뮤니티 1,1984,1,2.0
해군본부의무감금년,1,커뮤니티 1,1984,1,2.0
해군본부의무감저희들은,1,커뮤니티 1,1984,1,2.0
해군본부의무부감이것이,1,커뮤니티 1,1984,1,2.0
해군본부의무감이것이,1,커뮤니티 1,1984,1,2.0
해군본부의무감거기에,1,커뮤니티 1,1984,1,2.0
해군본부의무감지원자가,1,커뮤니티 1,1984,1,2.0
해군본부의무감계급은,1,커뮤니티 1,1984,1,2.0
해군본부의무감예.,1,커뮤니티 1,1984,1,2.0
해군본부의무감목표량에는,1,커뮤니티 1,1984,1,2.0
해군본부인사국장몇,1,커뮤니티 1,1984,1,2.0
해군본부인사국장봉급,1,커뮤니티 1,1984,1,2.0
해군본부인사국장아까,1,커뮤니티 1,1984,1,2.0
해군본부작전참모부장한,1,커뮤니티 1,1984,1,2.0
공군본부법무감아직까지,1,커뮤니티 1,1984,1,2.0
공군본부법무감법무감실로서는,1,커뮤니티 1,1984,1,2.0
공군본부법무감해주기는,1,커뮤니티 1,1984,1,2.0
공군본부정보차장공군의,1,커뮤니티 1,1984,1,2.0
공군본부정보차장이것이,1,커뮤니티 1,1984,1,2.0
공군본부정보차장예.,1,커뮤니티 1,1984,1,2.0
공군본부의무감예.,1,커뮤니티 1,1984,1,2.0
공군본부의무감그것은,1,커뮤니티 1,1984,1,2.0
공군본부의무감예,1,커뮤니티 1,1984,1,2.0
공군본부의무감완치는,1,커뮤니티 1,1984,1,2.0
공군본부통신감그렇습니다.,1,커뮤니티 1,1984,1,2.0
공군본부통신감민간,1,커뮤니티 1,1984,1,2.0
공군본부통신감원래,1,커뮤니티 1,1984,1,2.0
공군본부통신감이것은,1,커뮤니티 1,1984,1,2.0
해군본부의무감결핵,1,커뮤니티 1,1984,1,2.0
해군본부의무감약,1,커뮤니티 1,1984,1,2.0
공군본부법무감현재,1,커뮤니티 1,1984,1,2.0
제1군사령부군수참모감독은,1,커뮤니티 1,1984,1,2.0
제1사단장아까,1,커뮤니티 1,1984,1,2.0
제7사단경리참모소요비를,1,커뮤니티 1,1984,1,2.0
제7사단장과거에는,1,커뮤니티 1,1984,1,2.0
제3군단군수참모그렇게,1,커뮤니티 1,1984,1,2.0
제6군단휼병참모4․6제니,1,커뮤니티 1,1984,1,2.0
제7사단인사참모413명이,1,커뮤니티 1,1984,1,2.0
제1군사령부군수참모현재,1,커뮤니티 1,1984,1,2.0
제7사단군수참모아직,1,커뮤니티 1,1984,1,2.0
제7사단장학술적으로,1,커뮤니티 1,1984,1,2.0
해군본부의무감적어도,1,커뮤니티 1,1984,1,2.0
제1군사령부군수참모없습니다.,1,커뮤니티 1,1984,1,2.0
제7사단3연대장당,1,커뮤니티 1,1984,1,2.0
제1군사령부군수참모이,1,커뮤니티 1,1984,1,2.0
제7사단인사참모월,1,커뮤니티 1,1984,1,2.0
제5군단참모장안광영,1,커뮤니티 1,1984,1,2.0
제1군사령부군수참모저희들의,1,커뮤니티 1,1984,1,2.0
제7사단3연대장비교적,1,커뮤니티 1,1984,1,2.0
제1군사령부작전처장이것이,1,커뮤니티 1,1984,1,2.0
제7사단경리참모행정노무비는,1,커뮤니티 1,1984,1,2.0
제6군단헌병부장CID,1,커뮤니티 1,1984,1,2.0
제7사단군수참모예를,1,커뮤니티 1,1984,1,2.0
제3군단참모장귀농선이,1,커뮤니티 1,1984,1,2.0
해군본부의무감전시에는,1,커뮤니티 1,1984,1,2.0
해군본부의무감이,1,커뮤니티 1,1984,1,2.0
해군본부의무감이번에,1,커뮤니티 1,1984,1,2.0
해군본부시설감아닙니다.,1,커뮤니티 1,1984,1,2.0
해군본부시설감FY,1,커뮤니티 1,1984,1,2.0
해군본부시설감9억,1,커뮤니티 1,1984,1,2.0
해군본부시설감있습니다.,1,커뮤니티 1,1984,1,2.0
해군본부시설감건축업자가,1,커뮤니티 1,1984,1,2.0
해군본부시설감현재,1,커뮤니티 1,1984,1,2.0
해군본부시설감들어오기는,1,커뮤니티 1,1984,1,2.0
해군본부시설감주로,1,커뮤니티 1,1984,1,2.0
제7사단장막사,1,커뮤니티 1,1984,1,2.0
제7사단장가상평가입니다.,1,커뮤니티 1,1984,1,2.0
공군본부법무감저희,1,커뮤니티 1,1984,1,2.0
"공군본부법무감예,",1,커뮤니티 1,1984,1,2.0
제1군사령부인사참모박창원,1,커뮤니티 1,1984,1,2.0
제1군사령부인사참모그,1,커뮤니티 1,1984,1,2.0
"육군본부총무국섭외과장예,",1,커뮤니티 1,1984,1,2.0
육군본부총무국섭외과장이번에,1,커뮤니티 1,1984,1,2.0
육군본부정훈국계획과장그런데,1,커뮤니티 1,1984,1,2.0
육군본부정훈국계획과장솔직히,1,커뮤니티 1,1984,1,2.0
육군본부정훈국계획과장확실히,1,커뮤니티 1,1984,1,2.0
육군본부정훈국계획과장그것은,1,커뮤니티 1,1984,1,2.0
육군본부정훈국계획과장역시,1,커뮤니티 1,1984,1,2.0
육군본부정훈국계획과장간행물을,1,커뮤니티 1,1984,1,2.0
육군본부정훈국영화과장저희들이,1,커뮤니티 1,1984,1,2.0
"육군본부정훈국영화과장예,",1,커뮤니티 1,1984,1,2.0
육군본부총무국경리과장다,1,커뮤니티 1,1984,1,2.0
육군본부총무국경리과장본부에,1,커뮤니티 1,1984,1,2.0
육군본부총무국법무과장육군형무소에,1,커뮤니티 1,1984,1,2.0
육군본부총무국법무과장군법회의송치,1,커뮤니티 1,1984,1,2.0
제1군사령부정보참모정민택,1,커뮤니티 1,1984,1,2.0
육군본부총무국총무과장정부조직법에,1,커뮤니티 1,1984,1,2.0
육군본부총무국장이번에,1,커뮤니티 1,1984,1,2.0
육군본부총무국총무과장91년도,1,커뮤니티 1,1984,1,2.0
육군본부총무국총무과장국장께서,1,커뮤니티 1,1984,1,2.0
육군본부총무국인사과장현재,1,커뮤니티 1,1984,1,2.0
육군본부총무국인사과장그런,1,커뮤니티 1,1984,1,2.0
육군본부총무국인사과장일부는,1,커뮤니티 1,1984,1,2.0
육군본부총무국장여기에,1,커뮤니티 1,1984,1,2.0
육군본부총무국인사과장예산면은,1,커뮤니티 1,1984,1,2.0
육군본부총무국인사과장작년까지는,1,커뮤니티 1,1984,1,2.0
육군본부총무국장균등히,1,커뮤니티 1,1984,1,2.0
육군본부총무국장각,1,커뮤니티 1,1984,1,2.0
육군본부총무국장그렇게,1,커뮤니티 1,1984,1,2.0
육군본부총무국법무과장거기에서,1,커뮤니티 1,1984,1,2.0
육군본부총무국법무과장파면은,1,커뮤니티 1,1984,1,2.0
공군본부법무감그렇습니다.,1,커뮤니티 1,1984,1,2.0
공군본부감찰감8월,1,커뮤니티 1,1984,1,2.0
공군본부감찰감사망사금이,1,커뮤니티 1,1984,1,2.0
공군본부감찰감사망하면,1,커뮤니티 1,1984,1,2.0
공군본부감찰감사망했을,1,커뮤니티 1,1984,1,2.0
공군본부감찰감30만,1,커뮤니티 1,1984,1,2.0
공군본부감찰감차량에,1,커뮤니티 1,1984,1,2.0
공군본부감찰감원인은,1,커뮤니티 1,1984,1,2.0
공군본부감찰감훈련,1,커뮤니티 1,1984,1,2.0
공군본부감찰감요,1,커뮤니티 1,1984,1,2.0
공군본부감찰감대개,1,커뮤니티 1,1984,1,2.0
공군본부감찰감있습니다.,1,커뮤니티 1,1984,1,2.0
공군본부감찰감한,1,커뮤니티 1,1984,1,2.0
공군본부감찰감본인은,1,커뮤니티 1,1984,1,2.0
공군본부법무감사형이,1,커뮤니티 1,1984,1,2.0
공군본부법무감34만,1,커뮤니티 1,1984,1,2.0
공군본부법무감국고금에다,1,커뮤니티 1,1984,1,2.0
공군본부법무감앞으로,1,커뮤니티 1,1984,1,2.0
공군본부법무감그,1,커뮤니티 1,1984,1,2.0
공군본부감찰감파괴된,1,커뮤니티 1,1984,1,2.0
공군본부감찰감그동안에,1,커뮤니티 1,1984,1,2.0
공군본부감찰감12건에,1,커뮤니티 1,1984,1,2.0
공군작전참모부장저희들이,1,커뮤니티 1,1984,1,2.0
공군본부군수국기획과장김창우,1,커뮤니티 1,1984,1,2.0
공군작전참모부장연참에서,1,커뮤니티 1,1984,1,2.0
공군작전참모부장대략,1,커뮤니티 1,1984,1,2.0
공군작전참모부장다,1,커뮤니티 1,1984,1,2.0
공군작전참모부장공군에서,1,커뮤니티 1,1984,1,2.0
공군작전참모부장이것은,1,커뮤니티 1,1984,1,2.0
공군작전참모부장작전에,1,커뮤니티 1,1984,1,2.0
공군작전참모부장북한에서,1,커뮤니티 1,1984,1,2.0
제1205건설공병단장삭감되지,1,커뮤니티 1,1984,1,2.0
제1205건설공병단장특수기술자는,1,커뮤니티 1,1984,1,2.0
해병교육단장각,1,커뮤니티 1,1984,1,2.0
해군사관학교장항공기,1,커뮤니티 1,1984,1,2.0
해군사관학교장일반,1,커뮤니티 1,1984,1,2.0
해병교육단장사전에,1,커뮤니티 1,1984,1,2.0
해병교육단장요망사항을,1,커뮤니티 1,1984,1,2.0
해병보급정비단장해병대는,1,커뮤니티 1,1984,1,2.0
함대부사령관김장훈,1,커뮤니티 1,1984,1,2.0
제2전투사령관이맹기,1,커뮤니티 1,1984,1,2.0
해군보급창장조직의,1,커뮤니티 1,1984,1,2.0
해군보급창장한,1,커뮤니티 1,1984,1,2.0
해군보급창장예.,1,커뮤니티 1,1984,1,2.0
해군사관학교부교장그것은,1,커뮤니티 1,1984,1,2.0
제2관구사령관이관해,1,커뮤니티 1,1984,1,2.0
해군사관학교부교장육사에,1,커뮤니티 1,1984,1,2.0
제2관구사령관그래도,1,커뮤니티 1,1984,1,2.0
제2관구사령부헌병부장발생이,1,커뮤니티 1,1984,1,2.0
병기보급창장가끔,1,커뮤니티 1,1984,1,2.0
진해해군통제부사령관오히려,1,커뮤니티 1,1984,1,2.0
제2관구사령부헌병부장있지요.,1,커뮤니티 1,1984,1,2.0
병기보급창장완전히,1,커뮤니티 1,1984,1,2.0
제2관구사령부헌병부장원칙적으로,1,커뮤니티 1,1984,1,2.0
제2관구사령부헌병부장단일화는,1,커뮤니티 1,1984,1,2.0
제2관구사령부헌병부장시간의,1,커뮤니티 1,1984,1,2.0
제2관구사령부헌병부장물론,1,커뮤니티 1,1984,1,2.0
제2관구사령부헌병부장CID의,1,커뮤니티 1,1984,1,2.0
제2관구사령부헌병부장그것이,1,커뮤니티 1,1984,1,2.0
해군사관학교장해군본부,1,커뮤니티 1,1984,1,2.0
해군사관학교부교장차이가,1,커뮤니티 1,1984,1,2.0
제2관구사령관CID의,1,커뮤니티 1,1984,1,2.0
해군사관학교부교장해군사관학교,1,커뮤니티 1,1984,1,2.0
제3항만사령관하역회사에서,1,커뮤니티 1,1984,1,2.0
병기보급창장기재하지,1,커뮤니티 1,1984,1,2.0
제5관구사령부참모장향토방위대……,1,커뮤니티 1,1984,1,2.0
제5관구사령부참모장영장을,1,커뮤니티 1,1984,1,2.0
제3항만사령관전연,1,커뮤니티 1,1984,1,2.0
제5관구사령부참모장사병들이,1,커뮤니티 1,1984,1,2.0
제8병참기지창장전부,1,커뮤니티 1,1984,1,2.0
제3항만사령관그것이,1,커뮤니티 1,1984,1,2.0
제5관구사령부참모장현재,1,커뮤니티 1,1984,1,2.0
제8병참기지창장아직,1,커뮤니티 1,1984,1,2.0
건설공병단작전과장김진태,1,커뮤니티 1,1984,1,2.0
제5관구사령부참모장규정대로,1,커뮤니티 1,1984,1,2.0
박병권위원,1,커뮤니티 1,1984,1,2.0
제8병참기지창장원래는,1,커뮤니티 1,1984,1,2.0
제8병참기지창장이중으로,1,커뮤니티 1,1984,1,2.0
제8병참기지창장현재,1,커뮤니티 1,1984,1,2.0
해군경비사령관1250톤인데,1,커뮤니티 1,1984,1,2.0
제8병참기지창장사장품이,1,커뮤니티 1,1984,1,2.0
제7항로보안단장후생대책은,1,커뮤니티 1,1984,1,2.0
제8병참기지창장매달,1,커뮤니티 1,1984,1,2.0
제5관구사령부참모장원자교육은,1,커뮤니티 1,1984,1,2.0
제3항만사령관감찰이,1,커뮤니티 1,1984,1,2.0
공군사관학교정보국장젯트기를,1,커뮤니티 1,1984,1,2.0
제3항만사령관하역회사하고,1,커뮤니티 1,1984,1,2.0
제5관구사령부참모장참모협조가,1,커뮤니티 1,1984,1,2.0
제2군사령부공병부장서윤택,1,커뮤니티 1,1984,1,2.0
공군사관학교정보국장저희들은,1,커뮤니티 1,1984,1,2.0
제3항만사령관작년도,1,커뮤니티 1,1984,1,2.0
제5관구사령부참모장그런,1,커뮤니티 1,1984,1,2.0
제8병참기지창장동정복이라든가,1,커뮤니티 1,1984,1,2.0
공군사관학교정보국장342명입니다.,1,커뮤니티 1,1984,1,2.0
제3항만사령관선박에서,1,커뮤니티 1,1984,1,2.0
제5관구사령부참모장중위가,1,커뮤니티 1,1984,1,2.0
제3항만사령관그,1,커뮤니티 1,1984,1,2.0
제8병참기지창장원인은,1,커뮤니티 1,1984,1,2.0
제3항만사령관평가보고라는,1,커뮤니티 1,1984,1,2.0
제8병참기지창장계획은,1,커뮤니티 1,1984,1,2.0
해군보급창장해군본부에서,1,커뮤니티 1,1984,1,2.0
제2관구사령부헌병부장대략,1,커뮤니티 1,1984,1,2.0
제8병참기지창장전투,1,커뮤니티 1,1984,1,2.0
병기기지사령부부사령관그래서,1,커뮤니티 1,1984,1,2.0
차량재생창장제가,1,커뮤니티 1,1984,1,2.0
제2관구사령관쌀은,1,커뮤니티 1,1984,1,2.0
진해해군통제부사령관오바,1,커뮤니티 1,1984,1,2.0
제1보충대대장가는,1,커뮤니티 1,1984,1,2.0
병기기지사령부부사령관책정된,1,커뮤니티 1,1984,1,2.0
병참학교장훈련소에서,1,커뮤니티 1,1984,1,2.0
차량재생창장사령부에서,1,커뮤니티 1,1984,1,2.0
제1보충대대장그것은,1,커뮤니티 1,1984,1,2.0
진해해군통제부보도과장여기서는,1,커뮤니티 1,1984,1,2.0
제1보충대대장현재,1,커뮤니티 1,1984,1,2.0
제1보충대대장그렇습니다.,1,커뮤니티 1,1984,1,2.0
병기수집소장460대가량,1,커뮤니티 1,1984,1,2.0
진해해군통제부보도과장해군참모총장께서,1,커뮤니티 1,1984,1,2.0
제1보충대대장사실,1,커뮤니티 1,1984,1,2.0
병기기지사령부부사령관사령부에서,1,커뮤니티 1,1984,1,2.0
병기수집소장지금,1,커뮤니티 1,1984,1,2.0
병참학교장그,1,커뮤니티 1,1984,1,2.0
제2관구사령부경리부장두,1,커뮤니티 1,1984,1,2.0
병참학교장그러한,1,커뮤니티 1,1984,1,2.0
병기기지사령부부사령관보상관계는,1,커뮤니티 1,1984,1,2.0
제1보충대대장그렇게,1,커뮤니티 1,1984,1,2.0
제2관구사령관출장비는,1,커뮤니티 1,1984,1,2.0
병참학교장학교는,1,커뮤니티 1,1984,1,2.0
차량재생창장재생,1,커뮤니티 1,1984,1,2.0
제2관구사령관안,1,커뮤니티 1,1984,1,2.0
제1보충대대장각,1,커뮤니티 1,1984,1,2.0
병기기지사령부부사령관이것은,1,커뮤니티 1,1984,1,2.0
병참학교장저희는,1,커뮤니티 1,1984,1,2.0
차량재생창장차량,1,커뮤니티 1,1984,1,2.0
제2관구사령관그것은,1,커뮤니티 1,1984,1,2.0
진해해군통제부사령관해군본부에,1,커뮤니티 1,1984,1,2.0
병기기지사령부부사령관고철로,1,커뮤니티 1,1984,1,2.0
병참학교장883명입니다.,1,커뮤니티 1,1984,1,2.0
차량재생창장일부,1,커뮤니티 1,1984,1,2.0
제1보충대대장호송여비만,1,커뮤니티 1,1984,1,2.0
병기기지사령부부사령관항만과는,1,커뮤니티 1,1984,1,2.0
진해해군통제부사령관해군본부,1,커뮤니티 1,1984,1,2.0
병참학교장오려고,1,커뮤니티 1,1984,1,2.0
차량재생창장생산계획,1,커뮤니티 1,1984,1,2.0
진해해군통제부보도과장해군본부나,1,커뮤니티 1,1984,1,2.0
병기기지사령부부사령관저희는,1,커뮤니티 1,1984,1,2.0
해군보급창장시내에,1,커뮤니티 1,1984,1,2.0
병기보급창장여기에서는,1,커뮤니티 1,1984,1,2.0
제2군사령부군수처장이규학,1,커뮤니티 1,1984,1,2.0
제2관구사령부경리부장여비계정에,1,커뮤니티 1,1984,1,2.0
진해해군통제부보도과장정훈교육반의,1,커뮤니티 1,1984,1,2.0
제2관구사령부경리부장자유재량이라고,1,커뮤니티 1,1984,1,2.0
병기기지사령부부사령관그것이,1,커뮤니티 1,1984,1,2.0
병기보급창장이것은,1,커뮤니티 1,1984,1,2.0
제2관구사령부경리부장그렇게,1,커뮤니티 1,1984,1,2.0
진해해군통제부사령관아마,1,커뮤니티 1,1984,1,2.0
제2관구사령부경리부장마음대로,1,커뮤니티 1,1984,1,2.0
병기수집소장16명입니다.,1,커뮤니티 1,1984,1,2.0
병기보급창장이런,1,커뮤니티 1,1984,1,2.0
진해해군통제부후방참모이,1,커뮤니티 1,1984,1,2.0
제2관구사령관여비문제에,1,커뮤니티 1,1984,1,2.0
진해해군통제부후방참모주보는,1,커뮤니티 1,1984,1,2.0
병기보급창장부두에서,1,커뮤니티 1,1984,1,2.0
진해해군통제부후방참모한,1,커뮤니티 1,1984,1,2.0
제2관구사령부작전참모나옵니다.,1,커뮤니티 1,1984,1,2.0
병기보급창장배에서,1,커뮤니티 1,1984,1,2.0
병기수집소장이것이,1,커뮤니티 1,1984,1,2.0
병기기지사령부부사령관제가,1,커뮤니티 1,1984,1,2.0
진해해군통제부보도과장예.,1,커뮤니티 1,1984,1,2.0
진해해군통제부보도과장정훈교육은,1,커뮤니티 1,1984,1,2.0
제1보충대대장교육비에,1,커뮤니티 1,1984,1,2.0
병기기지사령부부사령관중사,1,커뮤니티 1,1984,1,2.0
병기수집소장일시에,1,커뮤니티 1,1984,1,2.0
병참학교장지금,1,커뮤니티 1,1984,1,2.0
제2관구사령부경리부장그것은,1,커뮤니티 1,1984,1,2.0
제1보충대대장당,1,커뮤니티 1,1984,1,2.0
병기기지사령부부사령관개인의견은,1,커뮤니티 1,1984,1,2.0
병기수집소장그렇게,1,커뮤니티 1,1984,1,2.0
병참학교장일과시간에는,1,커뮤니티 1,1984,1,2.0
제2관구사령부경리부장어떤,1,커뮤니티 1,1984,1,2.0
병기기지사령부부사령관인쇄비,1,커뮤니티 1,1984,1,2.0
병기수집소장폐품하고,1,커뮤니티 1,1984,1,2.0
제2관구사령부경리부장여비규정에,1,커뮤니티 1,1984,1,2.0
병기기지사령부부사령관사람이,1,커뮤니티 1,1984,1,2.0
병기수집소장그대로,1,커뮤니티 1,1984,1,2.0
제2관구사령부경리부장한,1,커뮤니티 1,1984,1,2.0
해군경비사령관이것은,1,커뮤니티 1,1984,1,2.0
제7항로보안단장없습니다.,1,커뮤니티 1,1984,1,2.0
"제1205건설공병단장목공,",1,커뮤니티 1,1984,1,2.0
제8병참기지창장간혹,1,커뮤니티 1,1984,1,2.0
제5육군병원장주로,1,커뮤니티 1,1984,1,2.0
제5육군병원장여기서는,1,커뮤니티 1,1984,1,2.0
제5육군병원장현재,1,커뮤니티 1,1984,1,2.0
육군통신기지창최남일,1,커뮤니티 1,1984,1,2.0
제2군사령부의무부장이것은,1,커뮤니티 1,1984,1,2.0
제2군사령부의무부장훈련소에서,1,커뮤니티 1,1984,1,2.0
제8병참기지창장1종품입니다.,1,커뮤니티 1,1984,1,2.0
제8병참기지창장근간에,1,커뮤니티 1,1984,1,2.0
제8병참기지창장재고조사에서,1,커뮤니티 1,1984,1,2.0
제8병참기지창장이경태,1,커뮤니티 1,1984,1,2.0
제8병참기지창장제가,1,커뮤니티 1,1984,1,2.0
제8병참기지부창장저도,1,커뮤니티 1,1984,1,2.0
제8병참기지창장나간,1,커뮤니티 1,1984,1,2.0
제8병참기지창장있습니다.,1,커뮤니티 1,1984,1,2.0
제8병참기지창장육본중앙조달감실에서,1,커뮤니티 1,1984,1,2.0
제8병참기지창장지역에,1,커뮤니티 1,1984,1,2.0
제5육군병원장부산지구에는,1,커뮤니티 1,1984,1,2.0
제2군사령부의무부장1000명입니다.,1,커뮤니티 1,1984,1,2.0
경상남도지구병사구사령관파견중위가,1,커뮤니티 1,1984,1,2.0
경상남도지구병사구사령관근근히,1,커뮤니티 1,1984,1,2.0
제1203건설공병단장여기에,1,커뮤니티 1,1984,1,2.0
육군병기학교장규정이,1,커뮤니티 1,1984,1,2.0
육군병기학교장50t입니다.,1,커뮤니티 1,1984,1,2.0
육군병기학교장원하는,1,커뮤니티 1,1984,1,2.0
육군병기학교장예.,1,커뮤니티 1,1984,1,2.0
육군병기학교장그래서,1,커뮤니티 1,1984,1,2.0
경상남도지구병사구사령관상신한,1,커뮤니티 1,1984,1,2.0
경상남도지구병사구사령관그런,1,커뮤니티 1,1984,1,2.0
경상남도지구병사구사령관현찰이,1,커뮤니티 1,1984,1,2.0
경상남도지구병사구사령관전부,1,커뮤니티 1,1984,1,2.0
경상남도지구병사구사령관금년에,1,커뮤니티 1,1984,1,2.0
경상남도지구병사구사령관훈련소의,1,커뮤니티 1,1984,1,2.0
경상남도지구병사구사령관금년부터는,1,커뮤니티 1,1984,1,2.0
경상남도지구병사구사령관훈련소에,1,커뮤니티 1,1984,1,2.0
경상남도지구병사구사령관소속부대장으로써,1,커뮤니티 1,1984,1,2.0
경상남도지구병사구사령관현재,1,커뮤니티 1,1984,1,2.0
제8병참기지창장3경리대에서,1,커뮤니티 1,1984,1,2.0
제8병참기지창장지휘관의,1,커뮤니티 1,1984,1,2.0
제1203건설공병단장상신을,1,커뮤니티 1,1984,1,2.0
제7급양대경리과장10월분,1,커뮤니티 1,1984,1,2.0
공군기술교육단감찰관보좌관김영학,1,커뮤니티 1,1984,1,2.0
제3관구사령부병참부장사용계약을,1,커뮤니티 1,1984,1,2.0
공군기술교육단법무참모문관의,1,커뮤니티 1,1984,1,2.0
헌병부장이강내,1,커뮤니티 1,1984,1,2.0
공군기술교육단법무참모도망보다도,1,커뮤니티 1,1984,1,2.0
CID대장귀향증을,1,커뮤니티 1,1984,1,2.0
공군기술교육단법무참모탈영자,1,커뮤니티 1,1984,1,2.0
CID대장거기에,1,커뮤니티 1,1984,1,2.0
제7급양대경리과장지금,1,커뮤니티 1,1984,1,2.0
제8병참기지창장13만,1,커뮤니티 1,1984,1,2.0
제1육군병원장대개,1,커뮤니티 1,1984,1,2.0
제1육군병원장11만,1,커뮤니티 1,1984,1,2.0
제1육군병원장20퍼센트가량,1,커뮤니티 1,1984,1,2.0
제1육군병원장일반하고,1,커뮤니티 1,1984,1,2.0
제1205건설공병단장다,1,커뮤니티 1,1984,1,2.0
제1205건설공병단장역시,1,커뮤니티 1,1984,1,2.0
제1205건설공병단장대개,1,커뮤니티 1,1984,1,2.0
제1205건설공병단장4개,1,커뮤니티 1,1984,1,2.0
공군기술교육단군수처장김이호,1,커뮤니티 1,1984,1,2.0
제3관구사령부병참참모감찰에서,1,커뮤니티 1,1984,1,2.0
제3관구사령부정보참모그것은,1,커뮤니티 1,1984,1,2.0
제2군사령부참모장지금,1,커뮤니티 1,1984,1,2.0
제8병참기지창장정확하다고,1,커뮤니티 1,1984,1,2.0
제8병참기지창장여기를,1,커뮤니티 1,1984,1,2.0
제116육군병원장최낙정,1,커뮤니티 1,1984,1,2.0
제5병참재생창장819명의,1,커뮤니티 1,1984,1,2.0
답1주일에,1,커뮤니티 1,1984,1,2.0
제5병참재생창장확보됩니다.,1,커뮤니티 1,1984,1,2.0
제5병참재생창장사병과,1,커뮤니티 1,1984,1,2.0
제5병참재생창장문관이,1,커뮤니티 1,1984,1,2.0
답감독대상이,1,커뮤니티 1,1984,1,2.0
제5병참재생창장제,1,커뮤니티 1,1984,1,2.0
제5병참재생창장가능합니다.,1,커뮤니티 1,1984,1,2.0
제1203건설공병단장자금이,1,커뮤니티 1,1984,1,2.0
제1203건설공병단장가끔,1,커뮤니티 1,1984,1,2.0
해군경비사령관그것은,1,커뮤니티 1,1984,1,2.0
해군보급창부산분창장진해로,1,커뮤니티 1,1984,1,2.0
답국방부지시에,1,커뮤니티 1,1984,1,2.0
피복창장한,1,커뮤니티 1,1984,1,2.0
공군보급창장다소,1,커뮤니티 1,1984,1,2.0
답네.,1,커뮤니티 1,1984,1,2.0
피복창장재봉에,1,커뮤니티 1,1984,1,2.0
답그런데,1,커뮤니티 1,1984,1,2.0
피복창장토요일은,1,커뮤니티 1,1984,1,2.0
답업무수행에,1,커뮤니티 1,1984,1,2.0
제3지구경리대장현재까지,1,커뮤니티 1,1984,1,2.0
피복창장그것은,1,커뮤니티 1,1984,1,2.0
해군보급창부산분창장그것이,1,커뮤니티 1,1984,1,2.0
답월평균,1,커뮤니티 1,1984,1,2.0
피복창장대개,1,커뮤니티 1,1984,1,2.0
해군보급창부산분창장일단,1,커뮤니티 1,1984,1,2.0
답대부분,1,커뮤니티 1,1984,1,2.0
피복창장예.,1,커뮤니티 1,1984,1,2.0
해군보급창부산분창장망실된,1,커뮤니티 1,1984,1,2.0
공군보급창장사고라고,1,커뮤니티 1,1984,1,2.0
제7항로보안단장여기는,1,커뮤니티 1,1984,1,2.0
피복창장아침,1,커뮤니티 1,1984,1,2.0
제7항로보안단장좋은,1,커뮤니티 1,1984,1,2.0
제7항로보안단장여기에,1,커뮤니티 1,1984,1,2.0
제5관구사령부참모장예비사단은,1,커뮤니티 1,1984,1,2.0
제8병참기지창장네.,1,커뮤니티 1,1984,1,2.0
공군보급창장정찰기지요.,1,커뮤니티 1,1984,1,2.0
제7항로보안단장미국,1,커뮤니티 1,1984,1,2.0
제8병참기지창장관구사령부에서,1,커뮤니티 1,1984,1,2.0
공군보급창장도서가,1,커뮤니티 1,1984,1,2.0
답신축공사입니다.,1,커뮤니티 1,1984,1,2.0
피복창장동정복,1,커뮤니티 1,1984,1,2.0
제7항로보안단장통신관계는,1,커뮤니티 1,1984,1,2.0
공군보급창장장기보관할,1,커뮤니티 1,1984,1,2.0
답5관구사령부,1,커뮤니티 1,1984,1,2.0
피복창장자금이,1,커뮤니티 1,1984,1,2.0
제7항로보안단장민간기구에서,1,커뮤니티 1,1984,1,2.0
답본래,1,커뮤니티 1,1984,1,2.0
피복창장육군에서,1,커뮤니티 1,1984,1,2.0
답47만,1,커뮤니티 1,1984,1,2.0
답54개,1,커뮤니티 1,1984,1,2.0
제8병참기지마산분창박재현,1,커뮤니티 1,1984,1,2.0
해병대보급분창장장부는,1,커뮤니티 1,1984,1,2.0
해병대보급분창장간혹가다가,1,커뮤니티 1,1984,1,2.0
해병대보급분창장제가,1,커뮤니티 1,1984,1,2.0
타이어재생창장GMC,1,커뮤니티 1,1984,1,2.0
타이어재생창장캠엘,1,커뮤니티 1,1984,1,2.0
타이어재생창장그런,1,커뮤니티 1,1984,1,2.0
육군의무교육기지부사령관총병력이,1,커뮤니티 1,1984,1,2.0
제1203건설공병단장미,1,커뮤니티 1,1984,1,2.0
제3지구경리대장사업비,1,커뮤니티 1,1984,1,2.0
육군의무교육기지부사령관현재,1,커뮤니티 1,1984,1,2.0
제1203건설공병단장보관은,1,커뮤니티 1,1984,1,2.0
육군의무교육기지부사령관그것보다도,1,커뮤니티 1,1984,1,2.0
제1203건설공병단장감명(監命)에,1,커뮤니티 1,1984,1,2.0
육군의무교육기지부사령관민간사람들이,1,커뮤니티 1,1984,1,2.0
제1203건설공병단장없습니다.,1,커뮤니티 1,1984,1,2.0
제1203건설공병단장그렇습니다.,1,커뮤니티 1,1984,1,2.0
해병대보급분창장병참물자,1,커뮤니티 1,1984,1,2.0
해병대보급분창장임대료는,1,커뮤니티 1,1984,1,2.0
해병대보급분창장해무청,1,커뮤니티 1,1984,1,2.0
헌병사령부부산분실장지금은,1,커뮤니티 1,1984,1,2.0
답넉넉지,1,커뮤니티 1,1984,1,2.0
제3지구경리대장민간인이,1,커뮤니티 1,1984,1,2.0
제3지구경리대장지출관이,1,커뮤니티 1,1984,1,2.0
"제3지구경리대장540세대,",1,커뮤니티 1,1984,1,2.0
제3지구경리대장그것은,1,커뮤니티 1,1984,1,2.0
제3지구경리대장1건,1,커뮤니티 1,1984,1,2.0
제3지구경리대장2300만,1,커뮤니티 1,1984,1,2.0
제3지구경리대장지금,1,커뮤니티 1,1984,1,2.0
제3지구경리대장계약관계는,1,커뮤니티 1,1984,1,2.0
제3지구경리대장한,1,커뮤니티 1,1984,1,2.0
제2관구헌병부장가령,1,커뮤니티 1,1984,1,2.0
헌병사령부부산분실장헌병사령부의,1,커뮤니티 1,1984,1,2.0
헌병사령부부산분실장재무부장관의,1,커뮤니티 1,1984,1,2.0
헌병사령부부산분실장지금,1,커뮤니티 1,1984,1,2.0
헌병사령부부산분실장취조는,1,커뮤니티 1,1984,1,2.0
헌병사령부부산분실장그것은,1,커뮤니티 1,1984,1,2.0
헌병사령부부산분실장여기에서는,1,커뮤니티 1,1984,1,2.0
해병대사령부통신감그해에,1,커뮤니티 1,1984,1,1.0
제2군단장장창국,1,커뮤니티 1,1984,1,1.0
제505수송단장제가,1,커뮤니티 1,1984,1,1.0
육군본부공병감과거에,1,커뮤니티 1,1984,1,1.0
육군특무부대장보좌관근래의,1,커뮤니티 1,1984,1,1.0
공군항공본창제81수리창장현재,1,커뮤니티 1,1984,1,1.0
해병대사령부군종감그래서,1,커뮤니티 1,1984,1,1.0
정동기공업국장이지요.,1,커뮤니티 1,1984,1,1.0
공군본부통신감싸이트를,1,커뮤니티 1,1984,1,1.0
해군본부시설감우리가,1,커뮤니티 1,1984,1,1.0
제1205건설공병단장별로,1,커뮤니티 1,1984,1,1.0
공군사관학교라준국,1,커뮤니티 1,1984,1,1.0
타이어재생창장약,1,커뮤니티 1,1984,1,1.0
부의장조경규,2,커뮤니티 2,755,6653,12540.0
부의장이재학,2,커뮤니티 2,755,3089,5558.0
의장이기붕,2,커뮤니티 2,755,2451,4541.0
박영종의원,2,커뮤니티 2,755,1144,2278.0
의사국장서상준,2,커뮤니티 2,755,922,1832.0
조영규의원,2,커뮤니티 2,755,905,1806.0
부의장황성수,2,커뮤니티 2,755,938,1771.0
부의장한희석,2,커뮤니티 2,755,880,1638.0
부의장곽상훈,2,커뮤니티 2,755,859,1585.0
부의장최순주,2,커뮤니티 2,755,795,1476.0
재정경제위원장박만원,2,커뮤니티 2,755,547,1087.0
김상돈의원,2,커뮤니티 2,755,481,960.0
부의장임철호,2,커뮤니티 2,755,520,938.0
소선규의원,2,커뮤니티 2,755,374,748.0
변진갑의원,2,커뮤니티 2,755,351,698.0
예산결산위원장이충환,2,커뮤니티 2,755,345,689.0
법제사법위원장대리장경근,2,커뮤니티 2,755,326,652.0
송방용의원,2,커뮤니티 2,755,311,616.0
이충환의원,2,커뮤니티 2,755,271,542.0
이철승의원,2,커뮤니티 2,755,235,470.0
법제사법위원장박세경,2,커뮤니티 2,755,226,452.0
장택상의원,2,커뮤니티 2,755,191,382.0
양일동의원,2,커뮤니티 2,755,184,368.0
윤형남의원,2,커뮤니티 2,755,174,348.0
류진산의원,2,커뮤니티 2,755,171,342.0
운영위원장조순,2,커뮤니티 2,755,169,338.0
농림위원장조병문,2,커뮤니티 2,755,168,336.0
유옥우의원,2,커뮤니티 2,755,168,336.0
조병옥의원,2,커뮤니티 2,755,160,320.0
법제사법위원장윤만석,2,커뮤니티 2,755,157,314.0
박영종의원(계속),2,커뮤니티 2,755,151,302.0
의장대리조경규,2,커뮤니티 2,755,152,274.0
재무부차관김영찬,2,커뮤니티 2,755,137,274.0
권중돈의원,2,커뮤니티 2,755,134,268.0
신규식의원,2,커뮤니티 2,755,133,266.0
김상도의원,2,커뮤니티 2,755,129,258.0
이인의원,2,커뮤니티 2,755,126,252.0
조병문의원,2,커뮤니티 2,755,126,252.0
법무부장관이호,2,커뮤니티 2,755,123,246.0
조순의원,2,커뮤니티 2,755,122,244.0
정일형의원,2,커뮤니티 2,755,118,236.0
조재천의원,2,커뮤니티 2,755,116,232.0
황남팔의원,2,커뮤니티 2,755,110,220.0
이영희의원,2,커뮤니티 2,755,106,212.0
재정경제위원장인태식,2,커뮤니티 2,755,103,206.0
김도연의원,2,커뮤니티 2,755,102,202.0
김동욱의원,2,커뮤니티 2,755,101,202.0
강경옥의원,2,커뮤니티 2,755,101,202.0
이석기의원,2,커뮤니티 2,755,98,196.0
김선태의원,2,커뮤니티 2,755,98,196.0
유봉순의원,2,커뮤니티 2,755,94,188.0
박재홍의원,2,커뮤니티 2,755,93,186.0
김의준의원,2,커뮤니티 2,755,91,182.0
김춘호의원,2,커뮤니티 2,755,86,172.0
농림위원장홍창섭,2,커뮤니티 2,755,86,172.0
김달호의원,2,커뮤니티 2,755,85,170.0
정중섭의원,2,커뮤니티 2,755,85,169.0
법제사법위원장대리정존수,2,커뮤니티 2,755,84,168.0
민관식의원,2,커뮤니티 2,755,84,168.0
내무위원장한희석,2,커뮤니티 2,755,80,160.0
현석호의원,2,커뮤니티 2,755,77,154.0
내무부장관백한성,2,커뮤니티 2,755,74,148.0
양영주의원,2,커뮤니티 2,755,74,148.0
김영선의원,2,커뮤니티 2,755,74,146.0
손도심의원,2,커뮤니티 2,755,70,140.0
함두영의원,2,커뮤니티 2,755,68,136.0
유옥우의원(계속),2,커뮤니티 2,755,66,132.0
김상돈의원(계속),2,커뮤니티 2,755,66,132.0
국방위원장대리윤재욱,2,커뮤니티 2,755,64,128.0
한동석의원,2,커뮤니티 2,755,62,124.0
장경근의원,2,커뮤니티 2,755,59,118.0
조영규의원(계속),2,커뮤니티 2,755,58,116.0
김영삼의원,2,커뮤니티 2,755,56,112.0
최갑환의원,2,커뮤니티 2,755,56,112.0
강세형의원,2,커뮤니티 2,755,52,104.0
도진희의원,2,커뮤니티 2,755,51,102.0
김두한의원,2,커뮤니티 2,755,50,100.0
정명섭의원,2,커뮤니티 2,755,49,98.0
상공위원장이영언,2,커뮤니티 2,755,49,98.0
김홍식의원,2,커뮤니티 2,755,49,98.0
천세기의원,2,커뮤니티 2,755,49,98.0
재정경제위원장최용근,2,커뮤니티 2,755,48,96.0
한희석의원,2,커뮤니티 2,755,46,92.0
민영남의원,2,커뮤니티 2,755,46,92.0
운영위원장박영출,2,커뮤니티 2,755,46,92.0
김판술의원,2,커뮤니티 2,755,44,88.0
강세형의원(계속),2,커뮤니티 2,755,44,88.0
김철안의원,2,커뮤니티 2,755,43,86.0
문교부장관이선근,2,커뮤니티 2,755,43,86.0
김달호의원(계속),2,커뮤니티 2,755,42,84.0
정성태의원,2,커뮤니티 2,755,42,84.0
외무위원장황성수,2,커뮤니티 2,755,41,82.0
정문흠의원,2,커뮤니티 2,755,41,82.0
박세경의원,2,커뮤니티 2,755,40,80.0
염우량의원,2,커뮤니티 2,755,40,80.0
국방위원장류지원,2,커뮤니티 2,755,39,78.0
국무총리변영태,2,커뮤니티 2,755,39,78.0
이성주의원,2,커뮤니티 2,755,38,76.0
재정경제위원장대리이종수,2,커뮤니티 2,755,38,76.0
내무부차관김원태,2,커뮤니티 2,755,37,74.0
강승구의원,2,커뮤니티 2,755,36,72.0
김정호의원,2,커뮤니티 2,755,36,72.0
국방부차관이호,2,커뮤니티 2,755,36,72.0
정규상의원,2,커뮤니티 2,755,36,72.0
신정호의원,2,커뮤니티 2,755,36,70.0
나희집의원,2,커뮤니티 2,755,34,68.0
김재곤의원,2,커뮤니티 2,755,34,68.0
조병옥의원(계속),2,커뮤니티 2,755,34,68.0
소선규의원(계속),2,커뮤니티 2,755,33,66.0
주요한의원,2,커뮤니티 2,755,33,66.0
서동진의원,2,커뮤니티 2,755,32,64.0
이철승의원(계속),2,커뮤니티 2,755,32,64.0
총무국장서임수,2,커뮤니티 2,755,47,62.0
김의택의원,2,커뮤니티 2,755,31,62.0
황경수의원,2,커뮤니티 2,755,31,62.0
문종두의원,2,커뮤니티 2,755,30,60.0
이존화의원,2,커뮤니티 2,755,30,60.0
운영위원장김춘호,2,커뮤니티 2,755,29,58.0
내무부차관정운갑,2,커뮤니티 2,755,29,58.0
농림부장관최규옥,2,커뮤니티 2,755,28,56.0
신태권의원,2,커뮤니티 2,755,28,56.0
재정경제위원장대리손석두,2,커뮤니티 2,755,28,56.0
예산결산위원장박흥규,2,커뮤니티 2,755,28,56.0
최병국의원,2,커뮤니티 2,755,28,56.0
사회이갑식,2,커뮤니티 2,755,28,55.0
김일의원,2,커뮤니티 2,755,27,54.0
내무부차관우만형,2,커뮤니티 2,755,27,54.0
정갑주의원,2,커뮤니티 2,755,26,52.0
윤제술의원,2,커뮤니티 2,755,26,52.0
박흥규의원,2,커뮤니티 2,755,26,52.0
류순식의원,2,커뮤니티 2,755,26,52.0
이태용의원,2,커뮤니티 2,755,26,52.0
김성호의원,2,커뮤니티 2,755,25,50.0
송경섭의원,2,커뮤니티 2,755,25,50.0
유성권의원,2,커뮤니티 2,755,24,48.0
이종남의원,2,커뮤니티 2,755,24,48.0
김성삼의원,2,커뮤니티 2,755,24,48.0
부흥위원장구흥남,2,커뮤니티 2,755,24,47.0
김종신의원,2,커뮤니티 2,755,23,46.0
조재천의원(계속),2,커뮤니티 2,755,23,46.0
구흥남의원,2,커뮤니티 2,755,23,46.0
임시의장정문흠,2,커뮤니티 2,755,24,44.0
신행용의원,2,커뮤니티 2,755,22,44.0
김선태의원(계속),2,커뮤니티 2,755,21,42.0
문교위원장이존화,2,커뮤니티 2,755,21,42.0
농림위원장나희집,2,커뮤니티 2,755,21,42.0
신도성의원,2,커뮤니티 2,755,21,42.0
손도심의원(계속),2,커뮤니티 2,755,20,40.0
김일의원(계속),2,커뮤니티 2,755,20,40.0
안준기의원,2,커뮤니티 2,755,20,40.0
사회보건위원장김철안,2,커뮤니티 2,755,20,40.0
외무위원장정기원,2,커뮤니티 2,755,20,40.0
박재홍의원(계속),2,커뮤니티 2,755,20,40.0
임문석의원,2,커뮤니티 2,755,19,38.0
농림위원장신규식,2,커뮤니티 2,755,19,38.0
정중섭의원(계속),2,커뮤니티 2,755,19,38.0
정해영의원,2,커뮤니티 2,755,19,38.0
양일동의원(계속),2,커뮤니티 2,755,18,36.0
윤병호의원,2,커뮤니티 2,755,18,36.0
신의식의원,2,커뮤니티 2,755,18,36.0
예산결산위원장박용익,2,커뮤니티 2,755,18,36.0
황남팔의원(계속),2,커뮤니티 2,755,18,36.0
보건사회부차관신효선,2,커뮤니티 2,755,18,36.0
이영섭의원,2,커뮤니티 2,755,18,36.0
윤보선의원,2,커뮤니티 2,755,17,34.0
외무위원장윤성순,2,커뮤니티 2,755,17,34.0
정준의원(계속),2,커뮤니티 2,755,17,34.0
내무위원장하을춘,2,커뮤니티 2,755,16,32.0
김두진의원,2,커뮤니티 2,755,16,32.0
류지원의원,2,커뮤니티 2,755,16,32.0
문교위원장김법린,2,커뮤니티 2,755,16,32.0
곽의영의원(계속),2,커뮤니티 2,755,16,32.0
이만우의원,2,커뮤니티 2,755,15,30.0
정준모의원,2,커뮤니티 2,755,15,30.0
교통체신위원장남송학,2,커뮤니티 2,755,15,30.0
조만종의원,2,커뮤니티 2,755,15,30.0
부의장조경규(계속),2,커뮤니티 2,755,15,29.0
외무위원장대리정일형,2,커뮤니티 2,755,14,28.0
김법린의원,2,커뮤니티 2,755,14,28.0
서인홍의원,2,커뮤니티 2,755,14,28.0
윤형남의원(계속),2,커뮤니티 2,755,14,28.0
류홍의원,2,커뮤니티 2,755,14,28.0
재정경제위원장대리김석진,2,커뮤니티 2,755,14,28.0
성원경의원,2,커뮤니티 2,755,14,28.0
한희석의원(계속),2,커뮤니티 2,755,14,28.0
엄상섭의원(계속),2,커뮤니티 2,755,14,28.0
김상도의원(계속),2,커뮤니티 2,755,13,26.0
우희창의원,2,커뮤니티 2,755,13,26.0
정대천의원,2,커뮤니티 2,755,13,26.0
김재황의원,2,커뮤니티 2,755,13,26.0
박종길의원,2,커뮤니티 2,755,13,26.0
한근조의원,2,커뮤니티 2,755,13,26.0
류진산의원(계속),2,커뮤니티 2,755,13,26.0
도진희의원(계속),2,커뮤니티 2,755,13,26.0
안동준의원,2,커뮤니티 2,755,13,26.0
상공위원장정규상,2,커뮤니티 2,755,12,24.0
이정희의원,2,커뮤니티 2,755,12,24.0
김두한의원(계속),2,커뮤니티 2,755,12,24.0
최천의원,2,커뮤니티 2,755,12,24.0
상공위원장이갑식,2,커뮤니티 2,755,12,24.0
주요한의원(계속),2,커뮤니티 2,755,12,24.0
김주묵의원,2,커뮤니티 2,755,12,24.0
김석진의원,2,커뮤니티 2,755,12,24.0
법무부차관배영호,2,커뮤니티 2,755,12,24.0
이영희의원(계속),2,커뮤니티 2,755,12,24.0
상공위원장대리김진만,2,커뮤니티 2,755,12,24.0
조종호의원,2,커뮤니티 2,755,12,24.0
최순주의원,2,커뮤니티 2,755,12,23.0
조한백의원(계속),2,커뮤니티 2,755,11,22.0
김준연의원(계속),2,커뮤니티 2,755,11,22.0
박상길의원,2,커뮤니티 2,755,11,22.0
윤만석의원,2,커뮤니티 2,755,11,22.0
내무위원장대리유봉순,2,커뮤니티 2,755,11,22.0
김응주의원,2,커뮤니티 2,755,11,22.0
원용석의원,2,커뮤니티 2,755,11,22.0
최영철의원,2,커뮤니티 2,755,11,22.0
인태식의원,2,커뮤니티 2,755,11,22.0
서범석의원(계속),2,커뮤니티 2,755,10,20.0
재정경제위원장손석두,2,커뮤니티 2,755,10,20.0
남송학의원(계속),2,커뮤니티 2,755,10,20.0
상공위원장김진만,2,커뮤니티 2,755,10,20.0
최병권의원,2,커뮤니티 2,755,10,20.0
나판수의원,2,커뮤니티 2,755,10,20.0
김도연의원(계속),2,커뮤니티 2,755,10,20.0
송방용의원(계속),2,커뮤니티 2,755,10,20.0
국방부차관김종갑,2,커뮤니티 2,755,10,20.0
국방위원장안동준,2,커뮤니티 2,755,10,20.0
상공위원장대리이갑식,2,커뮤니티 2,755,10,20.0
이형모의원,2,커뮤니티 2,755,10,20.0
이만우의원(계속),2,커뮤니티 2,755,10,20.0
하태환의원,2,커뮤니티 2,755,10,20.0
김선우의원,2,커뮤니티 2,755,9,18.0
하을춘의원,2,커뮤니티 2,755,9,18.0
조일재의원,2,커뮤니티 2,755,9,18.0
김용진의원,2,커뮤니티 2,755,9,18.0
김종규의원,2,커뮤니티 2,755,9,18.0
이기붕의원,2,커뮤니티 2,755,9,18.0
의사과장권효섭,2,커뮤니티 2,755,9,18.0
이충환의원(계속),2,커뮤니티 2,755,9,18.0
운영위원장이성주,2,커뮤니티 2,755,9,18.0
나익진씨,2,커뮤니티 2,755,9,18.0
손문경의원,2,커뮤니티 2,755,9,18.0
사회보건위원장정준모,2,커뮤니티 2,755,8,16.0
변진갑의원(계속),2,커뮤니티 2,755,8,16.0
오범수의원,2,커뮤니티 2,755,8,16.0
부흥위원장곽의영,2,커뮤니티 2,755,8,16.0
신규식의원(계속),2,커뮤니티 2,755,8,16.0
이용범의원,2,커뮤니티 2,755,8,16.0
김정근의원,2,커뮤니티 2,755,8,16.0
김원만의원,2,커뮤니티 2,755,8,16.0
육완국의원,2,커뮤니티 2,755,8,16.0
서정귀의원,2,커뮤니티 2,755,8,16.0
조일환의원,2,커뮤니티 2,755,8,16.0
김훈의원,2,커뮤니티 2,755,8,16.0
백남식의원(계속),2,커뮤니티 2,755,8,16.0
김동욱의원(계속),2,커뮤니티 2,755,8,16.0
문교위원장대리이존화,2,커뮤니티 2,755,8,16.0
이익흥의원,2,커뮤니티 2,755,8,16.0
내무위원장김원태,2,커뮤니티 2,755,8,16.0
박만원의원(계속),2,커뮤니티 2,755,8,16.0
정일형의원(계속),2,커뮤니티 2,755,8,16.0
김원규의원,2,커뮤니티 2,755,7,14.0
이종수의원,2,커뮤니티 2,755,7,14.0
최용근의원,2,커뮤니티 2,755,7,14.0
윤명운의원,2,커뮤니티 2,755,7,14.0
류홍의원(계속),2,커뮤니티 2,755,7,14.0
배성기의원,2,커뮤니티 2,755,7,14.0
천세기의원(계속),2,커뮤니티 2,755,7,14.0
김원태의원,2,커뮤니티 2,755,7,14.0
내무위원장대리김의택,2,커뮤니티 2,755,7,14.0
법무부장관이호(계속),2,커뮤니티 2,755,7,14.0
나창헌의원,2,커뮤니티 2,755,7,14.0
법무부차관임석무,2,커뮤니티 2,755,7,14.0
내무부장관홍진기,2,커뮤니티 2,755,7,14.0
농림위원장변진갑,2,커뮤니티 2,755,7,14.0
특별조사위원장정존수,2,커뮤니티 2,755,7,14.0
구흥남의원(계속),2,커뮤니티 2,755,7,14.0
현석호의원(계속),2,커뮤니티 2,755,7,14.0
국방부차관이호(계속),2,커뮤니티 2,755,7,14.0
이석기의원(계속),2,커뮤니티 2,755,7,14.0
한동석의원(계속),2,커뮤니티 2,755,7,14.0
전상요의원,2,커뮤니티 2,755,7,14.0
장경근의원(계속),2,커뮤니티 2,755,7,14.0
나희집의원(계속),2,커뮤니티 2,755,7,12.0
내무부장관홍진기(계속),2,커뮤니티 2,755,6,12.0
문교위원장대리윤일상,2,커뮤니티 2,755,6,12.0
농림부장관정운갑(계속),2,커뮤니티 2,755,6,12.0
외무위원장박영출,2,커뮤니티 2,755,6,12.0
성원경의원(계속),2,커뮤니티 2,755,6,12.0
교통체신위원장신의식,2,커뮤니티 2,755,6,12.0
문교부차관고광만,2,커뮤니티 2,755,6,12.0
조병문의원(계속),2,커뮤니티 2,755,6,12.0
내무부장관장경근(계속),2,커뮤니티 2,755,6,12.0
윤보선의원(계속),2,커뮤니티 2,755,6,12.0
교통체신위원장이종수,2,커뮤니티 2,755,6,12.0
김영선의원(계속),2,커뮤니티 2,755,6,12.0
서동진의원(계속),2,커뮤니티 2,755,6,12.0
이인의원(계속),2,커뮤니티 2,755,6,12.0
박상길의원(계속),2,커뮤니티 2,755,6,12.0
민장식의원,2,커뮤니티 2,755,6,12.0
재무부차관김영찬(계속),2,커뮤니티 2,755,6,12.0
김진만의원,2,커뮤니티 2,755,6,12.0
최갑환의원(계속),2,커뮤니티 2,755,6,12.0
운영위원장조순(계속),2,커뮤니티 2,755,6,12.0
손권배의원,2,커뮤니티 2,755,6,12.0
최규남의원,2,커뮤니티 2,755,6,12.0
박해정의원(계속),2,커뮤니티 2,755,6,12.0
고담용의원,2,커뮤니티 2,755,6,12.0
농림위원장이영희,2,커뮤니티 2,755,6,12.0
우희창의원(계속),2,커뮤니티 2,755,6,12.0
진형하의원,2,커뮤니티 2,755,6,12.0
장택상의원(계속),2,커뮤니티 2,755,6,12.0
윤병호의원(계속),2,커뮤니티 2,755,5,10.0
임시의장윤성순,2,커뮤니티 2,755,5,10.0
부흥부장관김현철(계속),2,커뮤니티 2,755,5,10.0
이영섭의원(계속),2,커뮤니티 2,755,5,10.0
법제사법위원장박세경(계속),2,커뮤니티 2,755,5,10.0
신하균의원,2,커뮤니티 2,755,5,10.0
지영진의원,2,커뮤니티 2,755,5,10.0
류순식의원(계속),2,커뮤니티 2,755,5,10.0
보건사회부차관정진욱,2,커뮤니티 2,755,5,10.0
이병하의원,2,커뮤니티 2,755,5,10.0
고담용의원(계속),2,커뮤니티 2,755,5,10.0
김홍식의원(계속),2,커뮤니티 2,755,5,10.0
유진산의원,2,커뮤니티 2,755,5,10.0
공보처장갈홍기,2,커뮤니티 2,755,5,10.0
신각휴의원,2,커뮤니티 2,755,5,10.0
정운갑의원,2,커뮤니티 2,755,5,10.0
이창렬씨,2,커뮤니티 2,755,5,10.0
허윤수의원,2,커뮤니티 2,755,5,10.0
박병배의원(계속),2,커뮤니티 2,755,5,10.0
박충모의원,2,커뮤니티 2,755,5,10.0
상공부장관강성태(계속),2,커뮤니티 2,755,5,10.0
이종남의원(계속),2,커뮤니티 2,755,5,10.0
김성복의원,2,커뮤니티 2,755,5,10.0
문교부장관이선근(계속),2,커뮤니티 2,755,5,10.0
주금용의원,2,커뮤니티 2,755,5,10.0
임차주의원,2,커뮤니티 2,755,5,10.0
김정호의원(계속),2,커뮤니티 2,755,5,10.0
정상열의원,2,커뮤니티 2,755,5,10.0
함두영의원(계속),2,커뮤니티 2,755,5,10.0
이필호의원,2,커뮤니티 2,755,5,10.0
부흥위원장원용석,2,커뮤니티 2,755,5,10.0
외무위원장최규남,2,커뮤니티 2,755,5,10.0
정존수의원,2,커뮤니티 2,755,5,10.0
상공위원장대리양영주,2,커뮤니티 2,755,5,10.0
홍봉진의원,2,커뮤니티 2,755,5,10.0
김보영의원,2,커뮤니티 2,755,4,8.0
농림위원장조병문(계속),2,커뮤니티 2,755,4,8.0
서인홍의원(계속),2,커뮤니티 2,755,4,8.0
내무위원장대리류진산,2,커뮤니티 2,755,4,8.0
김상현의원,2,커뮤니티 2,755,4,8.0
홍창섭의원(계속),2,커뮤니티 2,755,4,8.0
김용진의원(계속),2,커뮤니티 2,755,4,8.0
재무부차관천병규(계속),2,커뮤니티 2,755,4,8.0
재정경제위원장대리구태회,2,커뮤니티 2,755,4,8.0
이성주의원(계속),2,커뮤니티 2,755,4,8.0
박찬현의원(계속),2,커뮤니티 2,755,4,8.0
수해대책위원장황경수,2,커뮤니티 2,755,4,8.0
국방위원장대리윤재욱(계속),2,커뮤니티 2,755,4,8.0
조광희의원,2,커뮤니티 2,755,4,8.0
김철주의원,2,커뮤니티 2,755,4,8.0
재무부장관이중재(계속),2,커뮤니티 2,755,4,8.0
내무부장관백한성(계속),2,커뮤니티 2,755,4,8.0
법무부장관홍진기(계속),2,커뮤니티 2,755,4,8.0
구태회의원,2,커뮤니티 2,755,4,8.0
예산결산위원장최용근,2,커뮤니티 2,755,4,8.0
내무부차관김형근,2,커뮤니티 2,755,4,8.0
안균섭의원,2,커뮤니티 2,755,4,8.0
사무국장서상준,2,커뮤니티 2,755,4,8.0
김학준의원,2,커뮤니티 2,755,4,8.0
운영위원장박용익,2,커뮤니티 2,755,4,8.0
권중돈의원(계속),2,커뮤니티 2,755,4,8.0
김재곤의원(계속),2,커뮤니티 2,755,4,8.0
농림부차관김현철,2,커뮤니티 2,755,4,8.0
의장이기붕(계속),2,커뮤니티 2,755,4,8.0
예산결산위원장대리정상열,2,커뮤니티 2,755,4,8.0
징계자격위원장김익로,2,커뮤니티 2,755,4,8.0
李敏雨議員,2,커뮤니티 2,755,4,8.0
홍병각의원(계속),2,커뮤니티 2,755,4,8.0
신행용의원(계속),2,커뮤니티 2,755,4,8.0
윤용구의원,2,커뮤니티 2,755,4,8.0
이우줄의원,2,커뮤니티 2,755,4,8.0
상공부장관김일환(계속),2,커뮤니티 2,755,4,8.0
내무부차관김원태(계속),2,커뮤니티 2,755,4,8.0
국방위원장대리이정휴,2,커뮤니티 2,755,4,8.0
곽상훈의원(계속),2,커뮤니티 2,755,4,8.0
의원,2,커뮤니티 2,755,4,7.0
농림부장관정재설(계속),2,커뮤니티 2,755,3,6.0
법제사법위원장대리장경근(계속),2,커뮤니티 2,755,3,6.0
나창헌의원(계속),2,커뮤니티 2,755,3,6.0
외무부장관조정환(계속),2,커뮤니티 2,755,3,6.0
민영남의원(계속),2,커뮤니티 2,755,3,6.0
농림분과위원장조병문,2,커뮤니티 2,755,3,6.0
내무위원장박순석,2,커뮤니티 2,755,3,6.0
김우동의원,2,커뮤니티 2,755,3,6.0
박창화의원,2,커뮤니티 2,755,3,6.0
김원만의원(계속),2,커뮤니티 2,755,3,6.0
외무위원장대리윤성순,2,커뮤니티 2,755,3,6.0
임철호의원,2,커뮤니티 2,755,3,6.0
징계자격위원장정존수,2,커뮤니티 2,755,3,6.0
류청의원,2,커뮤니티 2,755,3,6.0
박충모의원(계속),2,커뮤니티 2,755,3,6.0
김창동의원,2,커뮤니티 2,755,3,6.0
내무위원장하을춘(계속),2,커뮤니티 2,755,3,6.0
예산결산위원장대리박정근,2,커뮤니티 2,755,3,6.0
김응주의원(계속),2,커뮤니티 2,755,3,6.0
이근채씨,2,커뮤니티 2,755,3,6.0
한광석의원,2,커뮤니티 2,755,3,6.0
윤명운의원(계속),2,커뮤니티 2,755,3,6.0
홍순희의원(계속),2,커뮤니티 2,755,3,6.0
구철회의원,2,커뮤니티 2,755,3,6.0
최인규의원,2,커뮤니티 2,755,3,6.0
홍병각의원,2,커뮤니티 2,755,3,6.0
재정경제위원장이갑식,2,커뮤니티 2,755,3,6.0
민관식의원(계속),2,커뮤니티 2,755,3,6.0
박병배의원,2,커뮤니티 2,755,3,6.0
홍봉진의원(계속),2,커뮤니티 2,755,3,6.0
시국대책특별위원장이재형,2,커뮤니티 2,755,3,6.0
강봉옥의원,2,커뮤니티 2,755,3,6.0
최영철의원(계속),2,커뮤니티 2,755,3,6.0
장석윤의원,2,커뮤니티 2,755,3,6.0
신정호의원(계속),2,커뮤니티 2,755,3,6.0
조순의원(계속),2,커뮤니티 2,755,3,6.0
예산결산위원장대리백남식,2,커뮤니티 2,755,3,6.0
전만중의원,2,커뮤니티 2,755,3,6.0
김창수의원,2,커뮤니티 2,755,3,6.0
내무장관이익흥(계속),2,커뮤니티 2,755,3,6.0
김지준의원,2,커뮤니티 2,755,3,6.0
최용근의원(계속),2,커뮤니티 2,755,3,6.0
김병순의원,2,커뮤니티 2,755,3,6.0
신태권의원(계속),2,커뮤니티 2,755,3,6.0
사회부차관김용택(계속),2,커뮤니티 2,755,3,6.0
김의준의원(계속),2,커뮤니티 2,755,3,6.0
김영삼의원(계속),2,커뮤니티 2,755,3,6.0
임우영의원,2,커뮤니티 2,755,3,6.0
윤제술의원(계속),2,커뮤니티 2,755,3,6.0
재무부장관인태식(계속),2,커뮤니티 2,755,3,6.0
정갑주의원(계속),2,커뮤니티 2,755,3,6.0
김춘호의원(계속),2,커뮤니티 2,755,3,6.0
손석두의원,2,커뮤니티 2,755,3,6.0
부의장최순주(계속),2,커뮤니티 2,755,3,6.0
이갑식의원,2,커뮤니티 2,755,3,6.0
예산결산위원장대리송방용,2,커뮤니티 2,755,3,6.0
권오종의원,2,커뮤니티 2,755,3,6.0
농림부장관정낙훈,2,커뮤니티 2,755,3,6.0
윤일상의원,2,커뮤니티 2,755,3,6.0
오재영의원,2,커뮤니티 2,755,3,6.0
김달수의원,2,커뮤니티 2,755,3,6.0
내무위원장대리하을춘,2,커뮤니티 2,755,2,4.0
사회보건위원장박영출(계속),2,커뮤니티 2,755,2,4.0
부흥위원장이형모,2,커뮤니티 2,755,2,4.0
문교위원장대리손도심,2,커뮤니티 2,755,2,4.0
문교위원장안용백,2,커뮤니티 2,755,2,4.0
이정휴의원,2,커뮤니티 2,755,2,4.0
임송본전식산은행두취(계속),2,커뮤니티 2,755,2,4.0
상공위원장대리강경옥,2,커뮤니티 2,755,2,4.0
나판수의원(계속),2,커뮤니티 2,755,2,4.0
진형하의원(계속),2,커뮤니티 2,755,2,4.0
국방장관손원일,2,커뮤니티 2,755,2,4.0
특별조사위원장류진산,2,커뮤니티 2,755,2,4.0
국방차관이호,2,커뮤니티 2,755,2,4.0
외자구매처장손노티,2,커뮤니티 2,755,2,4.0
교통체신위원장대리강승구,2,커뮤니티 2,755,2,4.0
최규남의원(계속),2,커뮤니티 2,755,2,4.0
언,2,커뮤니티 2,755,2,4.0
황성수의원(계속),2,커뮤니티 2,755,2,4.0
유순식의원,2,커뮤니티 2,755,2,4.0
김성호의원(계속),2,커뮤니티 2,755,2,4.0
증인김동성,2,커뮤니티 2,755,2,4.0
증인함상훈,2,커뮤니티 2,755,2,4.0
황숙현의원,2,커뮤니티 2,755,2,4.0
최희송의원,2,커뮤니티 2,755,2,4.0
손영수의원,2,커뮤니티 2,755,2,4.0
이은태의원,2,커뮤니티 2,755,2,4.0
상공위원장대리이영언,2,커뮤니티 2,755,2,4.0
김동석의원,2,커뮤니티 2,755,2,4.0
박용익의원,2,커뮤니티 2,755,2,4.0
박흥규의원(계속),2,커뮤니티 2,755,2,4.0
정명선의원,2,커뮤니티 2,755,2,4.0
재일거류민단장김재화,2,커뮤니티 2,755,2,4.0
이영언의원,2,커뮤니티 2,755,2,4.0
내무분과위원장한희석,2,커뮤니티 2,755,2,4.0
김두진의원(계속),2,커뮤니티 2,755,2,4.0
김영상의원,2,커뮤니티 2,755,2,4.0
총무처장정운갑,2,커뮤니티 2,755,2,4.0
내무위원장한희석(계속),2,커뮤니티 2,755,2,4.0
김재황의원(계속),2,커뮤니티 2,755,2,4.0
예산결산위원회장이충환,2,커뮤니티 2,755,2,4.0
이종준의원,2,커뮤니티 2,755,2,4.0
사무총장김용우,2,커뮤니티 2,755,2,4.0
임철호의원(계속),2,커뮤니티 2,755,2,4.0
양영주의원(계속),2,커뮤니티 2,755,2,4.0
이정희의원(계속),2,커뮤니티 2,755,2,4.0
김택술의원,2,커뮤니티 2,755,2,4.0
부의장이재학(계속),2,커뮤니티 2,755,2,4.0
문교위원장대리이존화(계속),2,커뮤니티 2,755,2,4.0
손준현의원,2,커뮤니티 2,755,2,4.0
국회시국대책위원장이재형,2,커뮤니티 2,755,2,4.0
함재훈의원,2,커뮤니티 2,755,2,4.0
예산결산위원장대리박흥규,2,커뮤니티 2,755,2,4.0
재정경제위원장대리이종수(계속),2,커뮤니티 2,755,2,4.0
상공위원장대리양영주(계속),2,커뮤니티 2,755,2,4.0
정명섭의원(계속),2,커뮤니티 2,755,2,4.0
유봉순의원(계속),2,커뮤니티 2,755,2,4.0
나상근의원,2,커뮤니티 2,755,2,4.0
이형진의원,2,커뮤니티 2,755,2,4.0
감찰위원장강인택,2,커뮤니티 2,755,2,4.0
정성태의원(계속),2,커뮤니티 2,755,2,4.0
사회보건위원장손문경,2,커뮤니티 2,755,2,4.0
송우범의원,2,커뮤니티 2,755,2,4.0
운영위원장김춘호(계속),2,커뮤니티 2,755,2,4.0
국방위원장송우범,2,커뮤니티 2,755,2,4.0
김의택의원(계속),2,커뮤니티 2,755,2,4.0
이옥동의원,2,커뮤니티 2,755,2,4.0
홍순희의원,2,커뮤니티 2,755,2,4.0
구철회의원(계속),2,커뮤니티 2,755,2,4.0
법제사법위원장윤만석(계속),2,커뮤니티 2,755,2,4.0
김석호의원,2,커뮤니티 2,755,2,4.0
국무총리변영태(계속),2,커뮤니티 2,755,2,4.0
이병홍의원(계속),2,커뮤니티 2,755,2,4.0
손권배의원(계속),2,커뮤니티 2,755,2,4.0
임문석의원(계속),2,커뮤니티 2,755,2,4.0
배성기의원(계속),2,커뮤니티 2,755,2,4.0
이필호의원(계속),2,커뮤니티 2,755,2,4.0
문교부차관김호직,2,커뮤니티 2,755,2,4.0
태풍재해대책위원장대리김상도,2,커뮤니티 2,755,2,4.0
상공위원장대리최석림,2,커뮤니티 2,755,2,4.0
김원전의원,2,커뮤니티 2,755,2,4.0
재정경제위원장대리나창헌,2,커뮤니티 2,755,2,4.0
법제사법위원장대리신태권,2,커뮤니티 2,755,2,4.0
상공부장관구용서(계속),2,커뮤니티 2,755,2,4.0
전형산의원,2,커뮤니티 2,755,2,4.0
강영훈의원,2,커뮤니티 2,755,2,4.0
농림부차관박도언,2,커뮤니티 2,755,2,4.0
상공부차관김치영,2,커뮤니티 2,755,2,4.0
부의장한성수,2,커뮤니티 2,755,2,3.0
참석자명단,2,커뮤니티 2,755,1,2.0
이채호씨,2,커뮤니티 2,755,1,2.0
유홍의원,2,커뮤니티 2,755,1,2.0
이종준의원(계속),2,커뮤니티 2,755,1,2.0
이원장의원,2,커뮤니티 2,755,1,2.0
제5차아세아민족반공대회,2,커뮤니티 2,755,1,2.0
김성탁의원,2,커뮤니티 2,755,1,2.0
법제사법위원장김의준(계속),2,커뮤니티 2,755,1,2.0
토이기국회의장레픽,2,커뮤니티 2,755,1,2.0
부의장윤치영),2,커뮤니티 2,755,1,2.0
이석화의원,2,커뮤니티 2,755,1,2.0
의사과장제42차,2,커뮤니티 2,755,1,2.0
서임수의원,2,커뮤니티 2,755,1,2.0
이익흥의원(계속),2,커뮤니티 2,755,1,2.0
한근조의원(계속),2,커뮤니티 2,755,1,2.0
주병환의원,2,커뮤니티 2,755,1,2.0
재일거류민단의장박근세,2,커뮤니티 2,755,1,2.0
김규만의원,2,커뮤니티 2,755,1,2.0
김석진의원(계속),2,커뮤니티 2,755,1,2.0
이은태의원(계속),2,커뮤니티 2,755,1,2.0
김정환의원(계속),2,커뮤니티 2,755,1,2.0
김정환의원,2,커뮤니티 2,755,1,2.0
허윤수의원(계속),2,커뮤니티 2,755,1,2.0
송영주의원,2,커뮤니티 2,755,1,2.0
주병환의원(계속),2,커뮤니티 2,755,1,2.0
운영위원장대리이영희,2,커뮤니티 2,755,1,2.0
김장섭의원,2,커뮤니티 2,755,1,2.0
농림위원장대리조종호,2,커뮤니티 2,755,1,2.0
상공부장관김영찬,2,커뮤니티 2,755,1,2.0
체신부차관조응천(계속),2,커뮤니티 2,755,1,2.0
내무차관장경근(계속),2,커뮤니티 2,755,1,2.0
반재현의원,2,커뮤니티 2,755,1,2.0
이석의원첫째,2,커뮤니티 2,755,1,2.0
부의장임철호(계속),2,커뮤니티 2,755,1,2.0
부흥위원장원용석(계속),2,커뮤니티 2,755,1,2.0
예산결산위원장대리김두진,2,커뮤니티 2,755,1,2.0
민장식의원(계속),2,커뮤니티 2,755,1,2.0
중앙선거위원장김두일(계속),2,커뮤니티 2,755,1,2.0
정재완의원(계속),2,커뮤니티 2,755,1,2.0
황호현의원(계속),2,커뮤니티 2,755,1,2.0
문교부장관최재유(계속),2,커뮤니티 2,755,1,2.0
법제사법위원장대리황성수,2,커뮤니티 2,755,1,2.0
재부무장관송인상,2,커뮤니티 2,755,1,2.0
상공분과위원장정규상,2,커뮤니티 2,755,1,2.0
외무차관최규하,2,커뮤니티 2,755,1,2.0
부의장긴동원,2,커뮤니티 2,755,1,2.0
하이람엘,2,커뮤니티 2,755,1,2.0
이존화의원(계속),2,커뮤니티 2,755,1,2.0
황병수의원,2,커뮤니티 2,755,1,2.0
이협우의원,2,커뮤니티 2,755,1,2.0
정갑식의원,2,커뮤니티 2,755,1,2.0
부의장곽상훈(계속),2,커뮤니티 2,755,1,2.0
상공부차관배응식,2,커뮤니티 2,755,1,2.0
임송본전식산은행두취,2,커뮤니티 2,755,1,2.0
의사과장이석진,2,커뮤니티 2,755,1,2.0
○○○의원,2,커뮤니티 2,755,1,2.0
내무위원장대리조영규,2,커뮤니티 2,755,1,2.0
김성곤의원(계속),2,커뮤니티 2,755,1,2.0
김주묵의원(계속),2,커뮤니티 2,755,1,2.0
의사국장이진호,2,커뮤니티 2,755,1,2.0
김성곤의원,2,커뮤니티 2,755,1,2.0
징계자격위원장정존수(계속),2,커뮤니티 2,755,1,2.0
김종철의원,2,커뮤니티 2,755,1,2.0
수해대책특별위원장양일동,2,커뮤니티 2,755,1,2.0
정재원의원,2,커뮤니티 2,755,1,2.0
부흥부차관신현확(계속),2,커뮤니티 2,755,1,2.0
이상용의원,2,커뮤니티 2,755,1,2.0
재정경제위원장최용근(계속),2,커뮤니티 2,755,1,2.0
부의장조봉암그러면,2,커뮤니티 2,755,1,2.0
상공위원장윤성순,2,커뮤니티 2,755,1,2.0
국방위원장유지원,2,커뮤니티 2,755,1,2.0
유지원의원,2,커뮤니티 2,755,1,2.0
농림차관김원태,2,커뮤니티 2,755,1,2.0
전사무총장김용우,2,커뮤니티 2,755,1,2.0
내무분과위원장조경규,2,커뮤니티 2,755,1,2.0
상공위원장대리김춘호,2,커뮤니티 2,755,1,2.0
부흥위원장대리원용석,2,커뮤니티 2,755,1,2.0
고,2,커뮤니티 2,755,1,2.0
내고,2,커뮤니티 2,755,1,2.0
재무차관김영찬,2,커뮤니티 2,755,1,2.0
사회보건부장관최재유,2,커뮤니티 2,755,1,2.0
상공분과위원장대리이갑식,2,커뮤니티 2,755,1,2.0
임시의장최문흠,2,커뮤니티 2,755,1,2.0
국무총리서리백한성,2,커뮤니티 2,755,1,2.0
김철안의원(계속),2,커뮤니티 2,755,1,2.0
예산위원장이충환,2,커뮤니티 2,755,1,2.0
박영진(朴永鎭)의원,2,커뮤니티 2,755,1,2.0
부위장최순주,2,커뮤니티 2,755,1,2.0
염우양의원,2,커뮤니티 2,755,1,2.0
농림위원장변진갑(계속),2,커뮤니티 2,755,1,2.0
◯8,2,커뮤니티 2,755,1,2.0
내무위원장대리유봉순(계속),2,커뮤니티 2,755,1,2.0
신의식의원(계속),2,커뮤니티 2,755,1,2.0
내무위원장대리김성복,2,커뮤니티 2,755,1,2.0
재정경제위원회대리나창헌,2,커뮤니티 2,755,1,2.0
법전편찬위원장김병로,2,커뮤니티 2,755,1,2.0
안준기,2,커뮤니티 2,755,1,2.0
김종신의원(계속),2,커뮤니티 2,755,1,2.0
류지원의원(계속),2,커뮤니티 2,755,1,2.0
윤만석의원(계속),2,커뮤니티 2,755,1,2.0
부장조경규,2,커뮤니티 2,755,1,2.0
백재홍의원,2,커뮤니티 2,755,1,2.0
문교부차관김호직(계속),2,커뮤니티 2,755,1,2.0
징계자격위원장김상도,2,커뮤니티 2,755,1,2.0
조영규의원(의석에서),2,커뮤니티 2,755,1,2.0
국방부장관김용우(계속),2,커뮤니티 2,755,1,2.0
의장(이기붕),2,커뮤니티 2,755,1,2.0
들리는,2,커뮤니티 2,755,1,2.0
염우량의원(계속),2,커뮤니티 2,755,1,2.0
윤재욱의원(계속),2,커뮤니티 2,755,1,2.0
김두환의원(계속),2,커뮤니티 2,755,1,2.0
징계자격위원장김익로(계속),2,커뮤니티 2,755,1,2.0
문교분과위원장김종규,2,커뮤니티 2,755,1,2.0
운영위원장대리조영규,2,커뮤니티 2,755,1,2.0
정해영의원(계속),2,커뮤니티 2,755,1,2.0
예산결산위원장이충환(계속),2,커뮤니티 2,755,1,2.0
농림위원장대리최갑환,2,커뮤니티 2,755,1,2.0
육완국의원(계속),2,커뮤니티 2,755,1,2.0
재정경제위원장대리김도연,2,커뮤니티 2,755,1,2.0
재무부장관천병규,2,커뮤니티 2,755,1,2.0
대법원장조용순,2,커뮤니티 2,755,1,2.0
사회보건위원장김익기(계속),2,커뮤니티 2,755,1,2.0
김성주사건특별조사위원장윤만석,2,커뮤니티 2,755,1,2.0
하와이교포원로단단장민근호,2,커뮤니티 2,755,1,2.0
김지준의원(계속),2,커뮤니티 2,755,1,2.0
쟈부라키의원,2,커뮤니티 2,755,1,2.0
운영위원장대리김일,2,커뮤니티 2,755,1,2.0
체신부장관이응준(계속),2,커뮤니티 2,755,1,2.0
조경규부의장,2,커뮤니티 2,755,1,2.0
재정경제위원회인태식,2,커뮤니티 2,755,1,2.0
김익기의원(계속),2,커뮤니티 2,755,1,2.0
재일거류민단국회옵써버박현,2,커뮤니티 2,755,1,2.0
재무장관김현철,2,커뮤니티 2,755,1,2.0
전대법원장김병로,2,커뮤니티 2,755,1,2.0
외무분과위원장정기원,2,커뮤니티 2,755,1,2.0
재일교포대표김득용,2,커뮤니티 2,755,1,2.0
홍창섭위원,2,커뮤니티 2,755,1,2.0
오재영의원(계속),2,커뮤니티 2,755,1,2.0
김창수의원(계속),2,커뮤니티 2,755,1,2.0
내무부차관이상룡,2,커뮤니티 2,755,1,2.0
박기운의원(계속),2,커뮤니티 2,755,1,2.0
조경규의원(계속),2,커뮤니티 2,755,1,2.0
교통체신위원장대리이형진,2,커뮤니티 2,755,1,2.0
의장이재학,2,커뮤니티 2,755,1,2.0
김선우의원(계속),2,커뮤니티 2,755,1,2.0
특별조사위원장정존수(계속),2,커뮤니티 2,755,1,2.0
특별조사위원장정명섭,2,커뮤니티 2,755,1,2.0
월남공화국대통령고,2,커뮤니티 2,755,1,2.0
외무위원장대리박영종,2,커뮤니티 2,755,1,2.0
이인위원,2,커뮤니티 2,755,1,2.0
문교위원장대리김법린,2,커뮤니티 2,755,1,2.0
김석호의원(계속),2,커뮤니티 2,755,1,2.0
내무분과위원장한희석(계속),2,커뮤니티 2,755,1,2.0
부흥분과위원장구흥남,2,커뮤니티 2,755,1,2.0
국방부차관김종갑(계속),2,커뮤니티 2,755,1,2.0
황경수의원(계속),2,커뮤니티 2,755,1,2.0
김성복의원(계속),2,커뮤니티 2,755,1,2.0
문교위원장김종규(계속),2,커뮤니티 2,755,1,2.0
상공위원장대리조남수,2,커뮤니티 2,755,1,2.0
보건사회위원장김철안,2,커뮤니티 2,755,1,2.0
손준현의원(계속),2,커뮤니티 2,755,1,2.0
변진갑의원(계속)……,2,커뮤니티 2,755,1,2.0
김원규의원(계속),2,커뮤니티 2,755,1,2.0
전진한의원(계속),2,커뮤니티 2,755,1,2.0
부의장조영규,2,커뮤니티 2,755,1,2.0
재무부차관김영환,2,커뮤니티 2,755,1,2.0
의장조경규,2,커뮤니티 2,755,1,2.0
임차주의원(계속),2,커뮤니티 2,755,1,2.0
농립위원장홍창섭,2,커뮤니티 2,755,1,2.0
송문경의원,2,커뮤니티 2,755,1,2.0
문교부장관(계속)미안합니다.,2,커뮤니티 2,755,1,2.0
주중대사김홍일,2,커뮤니티 2,755,1,2.0
박순석의원(계속),2,커뮤니티 2,755,1,2.0
재일교포대표김재화,2,커뮤니티 2,755,1,2.0
징계위원장김익로,2,커뮤니티 2,755,1,2.0
에스테스키포버,2,커뮤니티 2,755,1,2.0
내무부장관김형근(계속),2,커뮤니티 2,755,1,2.0
오형근의원,2,커뮤니티 2,755,1,2.0
사회보건위원장대리류순식,2,커뮤니티 2,755,1,2.0
내무위원회한희석,2,커뮤니티 2,755,1,2.0
정낙훈의원,2,커뮤니티 2,755,1,2.0
의사과장(속기록,2,커뮤니티 2,755,1,2.0
표양문의원,2,커뮤니티 2,755,1,2.0
이영의의원,2,커뮤니티 2,755,1,2.0
대매사건조사위원장최창섭,2,커뮤니티 2,755,1,2.0
이우줄의원(계속),2,커뮤니티 2,755,1,2.0
의사과장이호,2,커뮤니티 2,755,1,2.0
교통부장관이종림(계속),2,커뮤니티 2,755,1,2.0
홍수피해조사위원장백남식,2,커뮤니티 2,755,1,2.0
한광석의원(계속),2,커뮤니티 2,755,1,2.0
문교위원장대리성원경,2,커뮤니티 2,755,1,2.0
조남수의원,2,커뮤니티 2,755,1,2.0
의원신익희,2,커뮤니티 2,755,1,2.0
재일본거류민단대표김광남,2,커뮤니티 2,755,1,2.0
안균섭의원(계속),2,커뮤니티 2,755,1,2.0
십만환,2,커뮤니티 2,755,1,1.0
초청인사명단,2,커뮤니티 2,755,1,1.0
언요청,2,커뮤니티 2,755,1,1.0
해서,2,커뮤니티 2,755,1,1.0
직히,2,커뮤니티 2,755,1,1.0
변리,2,커뮤니티 2,755,1,1.0
찰,2,커뮤니티 2,755,1,1.0
역,2,커뮤니티 2,755,1,1.0
태,2,커뮤니티 2,755,1,1.0
행,2,커뮤니티 2,755,1,1.0
부의장(이재학)회의록,2,커뮤니티 2,755,1,1.0
부의장(조경규),2,커뮤니티 2,755,1,1.0
말마,2,커뮤니티 2,755,1,1.0
최창섭,2,커뮤니티 2,755,1,1.0
작용,2,커뮤니티 2,755,1,1.0
가지만,2,커뮤니티 2,755,1,1.0
터,2,커뮤니티 2,755,1,1.0
제32조,2,커뮤니티 2,755,1,1.0
정,2,커뮤니티 2,755,1,1.0
지,2,커뮤니티 2,755,1,1.0
림부장관관,2,커뮤니티 2,755,1,1.0
◯진행,2,커뮤니티 2,755,1,1.0
의자신익희,2,커뮤니티 2,755,1,1.0
의장신익희,3,커뮤니티 3,735,7502,13215.0
부의장윤치영,3,커뮤니티 3,735,4121,7539.0
부의장김동원,3,커뮤니티 3,735,4056,6910.0
부의장김약수,3,커뮤니티 3,735,2063,3417.0
이진수의원,3,커뮤니티 3,735,1072,2138.0
정준의원,3,커뮤니티 3,735,639,1276.0
부의장신익희,3,커뮤니티 3,735,591,1032.0
조헌영의원,3,커뮤니티 3,735,471,940.0
서우석의원,3,커뮤니티 3,735,467,932.0
박순석의원,3,커뮤니티 3,735,403,806.0
조국현의원,3,커뮤니티 3,735,395,790.0
재정경제위원장홍성하,3,커뮤니티 3,735,378,754.0
김광준의원,3,커뮤니티 3,735,363,726.0
의장이승만,3,커뮤니티 3,735,440,691.0
이정래의원,3,커뮤니티 3,735,337,674.0
조한백의원,3,커뮤니티 3,735,326,652.0
곽상훈의원,3,커뮤니티 3,735,319,636.0
최운교의원,3,커뮤니티 3,735,316,630.0
정광호의원,3,커뮤니티 3,735,306,606.0
김옥주의원,3,커뮤니티 3,735,300,596.0
박해정의원,3,커뮤니티 3,735,286,572.0
김웅진의원,3,커뮤니티 3,735,280,550.0
신성균의원,3,커뮤니티 3,735,276,544.0
서용길의원,3,커뮤니티 3,735,267,532.0
백관수의원,3,커뮤니티 3,735,254,506.0
장병만의원,3,커뮤니티 3,735,253,506.0
이석주의원,3,커뮤니티 3,735,242,484.0
사회보건위원장김용우,3,커뮤니티 3,735,238,476.0
서상일의원,3,커뮤니티 3,735,242,468.0
노일환의원,3,커뮤니티 3,735,235,464.0
김준연의원,3,커뮤니티 3,735,227,454.0
산업위원장대리조헌영,3,커뮤니티 3,735,214,428.0
장홍염의원,3,커뮤니티 3,735,214,428.0
이재형의원,3,커뮤니티 3,735,213,426.0
의사국장허남수,3,커뮤니티 3,735,219,425.0
유진홍의원,3,커뮤니티 3,735,212,422.0
법제사법위원장김정실,3,커뮤니티 3,735,207,414.0
권태희의원,3,커뮤니티 3,735,206,410.0
윤치영의원,3,커뮤니티 3,735,205,408.0
의사국장차윤홍,3,커뮤니티 3,735,216,404.0
내무치안위원장대리김광준,3,커뮤니티 3,735,205,404.0
이성학의원,3,커뮤니티 3,735,201,402.0
김수선의원,3,커뮤니티 3,735,194,388.0
윤병구의원,3,커뮤니티 3,735,192,382.0
이문원의원,3,커뮤니티 3,735,189,374.0
이원홍의원,3,커뮤니티 3,735,185,368.0
황두연의원,3,커뮤니티 3,735,175,350.0
문교사회위원장이영준,3,커뮤니티 3,735,175,350.0
황병규의원,3,커뮤니티 3,735,172,342.0
서이환의원,3,커뮤니티 3,735,166,332.0
황호현의원,3,커뮤니티 3,735,164,328.0
박찬현의원,3,커뮤니티 3,735,161,322.0
임영신의원,3,커뮤니티 3,735,159,318.0
진헌식의원,3,커뮤니티 3,735,159,317.0
이성득의원,3,커뮤니티 3,735,159,314.0
조종승의원,3,커뮤니티 3,735,156,312.0
김봉조의원,3,커뮤니티 3,735,156,312.0
김병회의원,3,커뮤니티 3,735,156,312.0
강욱중의원,3,커뮤니티 3,735,154,308.0
신광균의원,3,커뮤니티 3,735,151,302.0
이재학의원,3,커뮤니티 3,735,145,290.0
법제사법위원장백관수,3,커뮤니티 3,735,147,288.0
박우경의원,3,커뮤니티 3,735,143,284.0
김명동의원,3,커뮤니티 3,735,143,284.0
내무위원장조경규,3,커뮤니티 3,735,142,284.0
내무치안위원장나용균,3,커뮤니티 3,735,146,278.0
김철의원,3,커뮤니티 3,735,139,278.0
홍성하의원,3,커뮤니티 3,735,138,274.0
박윤원의원,3,커뮤니티 3,735,133,266.0
김영동의원,3,커뮤니티 3,735,133,264.0
박해극의원,3,커뮤니티 3,735,131,262.0
오석주의원,3,커뮤니티 3,735,129,256.0
이주형의원,3,커뮤니티 3,735,126,252.0
배중혁의원,3,커뮤니티 3,735,123,244.0
신상학의원,3,커뮤니티 3,735,122,242.0
김재학의원,3,커뮤니티 3,735,121,242.0
김우식의원,3,커뮤니티 3,735,120,240.0
윤재욱의원,3,커뮤니티 3,735,120,240.0
김인식의원,3,커뮤니티 3,735,120,238.0
나용균의원,3,커뮤니티 3,735,113,226.0
최국현의원,3,커뮤니티 3,735,113,224.0
법제사법위원장이인,3,커뮤니티 3,735,110,218.0
최헌길의원,3,커뮤니티 3,735,107,214.0
법제사법위원장김의준,3,커뮤니티 3,735,106,212.0
조봉암의원,3,커뮤니티 3,735,105,210.0
김익로의원,3,커뮤니티 3,735,102,204.0
전진한의원,3,커뮤니티 3,735,95,190.0
유성갑의원,3,커뮤니티 3,735,96,188.0
이구수의원,3,커뮤니티 3,735,92,184.0
정해준의원,3,커뮤니티 3,735,91,182.0
홍희종의원,3,커뮤니티 3,735,90,180.0
사회보건위원장김익기,3,커뮤니티 3,735,88,176.0
이석의원,3,커뮤니티 3,735,88,176.0
상공위원장소선규,3,커뮤니티 3,735,87,174.0
전문위원유진오,3,커뮤니티 3,735,87,172.0
박기운의원,3,커뮤니티 3,735,84,168.0
사회보건위원장대리김용우,3,커뮤니티 3,735,82,164.0
문시환의원,3,커뮤니티 3,735,82,162.0
김용재의원,3,커뮤니티 3,735,82,162.0
강선명의원,3,커뮤니티 3,735,81,162.0
산업위원장대리홍희종,3,커뮤니티 3,735,80,160.0
김경도의원,3,커뮤니티 3,735,80,160.0
柳聖甲議員,3,커뮤니티 3,735,79,158.0
오용국의원,3,커뮤니티 3,735,79,158.0
정도영의원,3,커뮤니티 3,735,79,158.0
재무부장관김도연,3,커뮤니티 3,735,78,154.0
이남규의원,3,커뮤니티 3,735,76,152.0
김중기의원,3,커뮤니티 3,735,75,150.0
농림부장관조봉암,3,커뮤니티 3,735,74,148.0
육홍균의원,3,커뮤니티 3,735,72,144.0
사무총장전규홍,3,커뮤니티 3,735,94,143.0
홍순옥의원,3,커뮤니티 3,735,70,140.0
오택렬의원,3,커뮤니티 3,735,69,138.0
최창섭의원,3,커뮤니티 3,735,68,136.0
이강우의원,3,커뮤니티 3,735,66,132.0
김경배의원,3,커뮤니티 3,735,65,130.0
박상영의원,3,커뮤니티 3,735,65,130.0
김동준의원,3,커뮤니티 3,735,63,126.0
오택관의원,3,커뮤니티 3,735,62,124.0
김상덕의원,3,커뮤니티 3,735,62,124.0
윤재근의원,3,커뮤니티 3,735,62,122.0
주기용의원,3,커뮤니티 3,735,61,122.0
이호석의원,3,커뮤니티 3,735,60,120.0
이종순의원,3,커뮤니티 3,735,60,120.0
국무총리이범석,3,커뮤니티 3,735,60,118.0
서순영의원,3,커뮤니티 3,735,59,116.0
신현돈의원,3,커뮤니티 3,735,58,116.0
김문평의원,3,커뮤니티 3,735,58,116.0
황윤호의원,3,커뮤니티 3,735,58,114.0
서정희의원,3,커뮤니티 3,735,57,114.0
김영기의원,3,커뮤니티 3,735,57,114.0
김상순의원,3,커뮤니티 3,735,57,114.0
장면의원,3,커뮤니티 3,735,56,110.0
민경식의원,3,커뮤니티 3,735,55,110.0
최태규의원,3,커뮤니티 3,735,55,110.0
최윤동의원,3,커뮤니티 3,735,59,108.0
농림부장관이종현,3,커뮤니티 3,735,53,106.0
윤석구의원,3,커뮤니티 3,735,53,106.0
서성달의원,3,커뮤니티 3,735,52,104.0
권태욱의원,3,커뮤니티 3,735,52,104.0
이훈구의원,3,커뮤니티 3,735,52,104.0
원용한의원,3,커뮤니티 3,735,52,102.0
산업위원장대리이병관,3,커뮤니티 3,735,51,100.0
이항발의원,3,커뮤니티 3,735,51,100.0
柳聖甲議員,3,커뮤니티 3,735,50,100.0
조규갑의원,3,커뮤니티 3,735,50,100.0
김교현의원,3,커뮤니티 3,735,50,100.0
김익기의원,3,커뮤니티 3,735,49,98.0
송진백의원,3,커뮤니티 3,735,49,98.0
박준의원,3,커뮤니티 3,735,48,96.0
김지태의원,3,커뮤니티 3,735,48,96.0
조병한의원,3,커뮤니티 3,735,47,94.0
이유선의원,3,커뮤니티 3,735,46,92.0
김약수의원,3,커뮤니티 3,735,46,92.0
최석화의원,3,커뮤니티 3,735,44,88.0
산업위원장서상일,3,커뮤니티 3,735,44,86.0
최범술의원,3,커뮤니티 3,735,43,86.0
전문위원윤길중,3,커뮤니티 3,735,43,86.0
국방부차관최용덕,3,커뮤니티 3,735,42,84.0
송봉해의원,3,커뮤니티 3,735,42,84.0
전문위원권승열,3,커뮤니티 3,735,41,82.0
김장렬의원,3,커뮤니티 3,735,41,82.0
이영준의원,3,커뮤니티 3,735,41,82.0
류성갑의원,3,커뮤니티 3,735,41,82.0
문교위원장안상한,3,커뮤니티 3,735,40,80.0
김종선의원,3,커뮤니티 3,735,38,76.0
백남채의원,3,커뮤니티 3,735,38,76.0
법제사법위원장대리박해극,3,커뮤니티 3,735,38,76.0
재무부장관박희현,3,커뮤니티 3,735,37,74.0
내무부차관장경근,3,커뮤니티 3,735,37,74.0
대통령이승만,3,커뮤니티 3,735,37,74.0
김동원의원,3,커뮤니티 3,735,36,70.0
이종린의원,3,커뮤니티 3,735,34,68.0
의사과장최윤전,3,커뮤니티 3,735,34,68.0
조옥현의원,3,커뮤니티 3,735,34,67.0
총무국장조중서,3,커뮤니티 3,735,66,66.0
내무부장관윤치영,3,커뮤니티 3,735,33,66.0
한석범의원,3,커뮤니티 3,735,33,66.0
구중회의원,3,커뮤니티 3,735,32,64.0
송창식의원,3,커뮤니티 3,735,32,64.0
강기문의원,3,커뮤니티 3,735,31,62.0
허정의원,3,커뮤니티 3,735,31,62.0
허영호의원,3,커뮤니티 3,735,30,60.0
김철수의원,3,커뮤니티 3,735,30,60.0
정균식의원,3,커뮤니티 3,735,30,60.0
문교부장관안호상,3,커뮤니티 3,735,30,60.0
교통부장관허정,3,커뮤니티 3,735,30,58.0
김봉두의원,3,커뮤니티 3,735,29,58.0
농림부차관정구흥,3,커뮤니티 3,735,29,58.0
사회보건위원장한국원,3,커뮤니티 3,735,28,56.0
문교사회위원장권태희,3,커뮤니티 3,735,28,56.0
법무부장관권승렬,3,커뮤니티 3,735,28,56.0
이진수의원(계속),3,커뮤니티 3,735,28,56.0
배헌의원,3,커뮤니티 3,735,28,56.0
이윤영의원,3,커뮤니티 3,735,27,54.0
김장열의원,3,커뮤니티 3,735,28,52.0
사무총장박종만,3,커뮤니티 3,735,27,52.0
남궁현의원,3,커뮤니티 3,735,26,52.0
최규옥의원,3,커뮤니티 3,735,26,52.0
내무부장관김효석,3,커뮤니티 3,735,26,52.0
원장길의원,3,커뮤니티 3,735,26,52.0
최봉식의원,3,커뮤니티 3,735,26,52.0
신방현의원,3,커뮤니티 3,735,26,52.0
외무부차관조정환,3,커뮤니티 3,735,25,48.0
박종남의원,3,커뮤니티 3,735,24,48.0
이요한의원,3,커뮤니티 3,735,24,48.0
오택열의원,3,커뮤니티 3,735,23,46.0
법무부장관이인,3,커뮤니티 3,735,23,46.0
이범승의원,3,커뮤니티 3,735,22,44.0
기획처장이순탁,3,커뮤니티 3,735,21,42.0
상공부장관윤보선,3,커뮤니티 3,735,21,42.0
배은희의원,3,커뮤니티 3,735,21,42.0
농림부장관윤영선,3,커뮤니티 3,735,21,42.0
사회부차관김용택,3,커뮤니티 3,735,20,40.0
교통체신위원장김영동,3,커뮤니티 3,735,20,40.0
국방부장관신성모,3,커뮤니티 3,735,19,38.0
상공부장관임영신,3,커뮤니티 3,735,19,36.0
홍범희의원,3,커뮤니티 3,735,18,36.0
이병관의원,3,커뮤니티 3,735,18,36.0
산업위원장이종현,3,커뮤니티 3,735,18,36.0
기획처장김훈,3,커뮤니티 3,735,18,36.0
표현태의원,3,커뮤니티 3,735,18,36.0
김형덕의원,3,커뮤니티 3,735,17,34.0
오기열의원,3,커뮤니티 3,735,17,34.0
김기철의원,3,커뮤니티 3,735,17,34.0
임시의장오하영,3,커뮤니티 3,735,22,32.0
이승만의원,3,커뮤니티 3,735,16,32.0
문교부장관김법린,3,커뮤니티 3,735,16,32.0
외무국방위원장대리조영규,3,커뮤니티 3,735,16,32.0
유홍렬의원,3,커뮤니티 3,735,16,32.0
외무부장관장택상,3,커뮤니티 3,735,16,32.0
변광호의원,3,커뮤니티 3,735,15,30.0
산업위원장대리이석주,3,커뮤니티 3,735,15,30.0
대법원장김병로,3,커뮤니티 3,735,15,30.0
유내완의원,3,커뮤니티 3,735,15,30.0
법무부차관김갑수,3,커뮤니티 3,735,15,30.0
교통부장관윤성순,3,커뮤니티 3,735,15,30.0
이종근의원,3,커뮤니티 3,735,15,30.0
강달수의원,3,커뮤니티 3,735,14,28.0
공보처장김동성,3,커뮤니티 3,735,14,28.0
외무국방위원장지대형,3,커뮤니티 3,735,13,26.0
내무부장관김태선,3,커뮤니티 3,735,13,26.0
정구삼의원,3,커뮤니티 3,735,13,26.0
특별조사위원장김상덕,3,커뮤니티 3,735,13,26.0
법제처장유진오,3,커뮤니티 3,735,13,26.0
이청천의원,3,커뮤니티 3,735,13,26.0
내무부장관백성욱,3,커뮤니티 3,735,13,26.0
장기영의원,3,커뮤니티 3,735,12,24.0
재무부차관장희창,3,커뮤니티 3,735,12,24.0
사무총장이철원,3,커뮤니티 3,735,14,23.0
박종환의원,3,커뮤니티 3,735,11,22.0
교통부차관김석명,3,커뮤니티 3,735,11,22.0
전원위원장지대형,3,커뮤니티 3,735,11,22.0
이상돈의원,3,커뮤니티 3,735,11,22.0
국무총리장택상,3,커뮤니티 3,735,11,22.0
재정경제위원장오위영,3,커뮤니티 3,735,10,20.0
참모총장대리채병덕,3,커뮤니티 3,735,10,20.0
재정경제위원장대리이석,3,커뮤니티 3,735,10,20.0
교통체신위원장정해준,3,커뮤니티 3,735,10,20.0
외무국방위원장이종린,3,커뮤니티 3,735,10,20.0
공보처장이철원,3,커뮤니티 3,735,10,20.0
차경모의원,3,커뮤니티 3,735,9,18.0
권병로의원,3,커뮤니티 3,735,9,18.0
김준희의원,3,커뮤니티 3,735,9,18.0
산업위원장대리황병규,3,커뮤니티 3,735,9,18.0
체신부차관강직순,3,커뮤니티 3,735,9,18.0
재무부장관최순주,3,커뮤니티 3,735,9,18.0
검찰총장권승렬,3,커뮤니티 3,735,9,18.0
김용화의원,3,커뮤니티 3,735,9,18.0
총무처장전규홍,3,커뮤니티 3,735,9,18.0
홍길선의원,3,커뮤니티 3,735,9,18.0
사무총장이종선,3,커뮤니티 3,735,9,17.0
체신부장관윤석구,3,커뮤니티 3,735,9,17.0
총무국장한창수,3,커뮤니티 3,735,15,16.0
김상호의원,3,커뮤니티 3,735,8,16.0
김교중의원,3,커뮤니티 3,735,8,16.0
최원수의원,3,커뮤니티 3,735,8,16.0
국방부장관이범석,3,커뮤니티 3,735,8,16.0
내무부차관김갑수,3,커뮤니티 3,735,8,16.0
보건부장관최재유,3,커뮤니티 3,735,8,16.0
류래완의원,3,커뮤니티 3,735,8,16.0
사무총장대리이철원,3,커뮤니티 3,735,9,14.0
지대형의원,3,커뮤니티 3,735,7,14.0
내무차관장경근,3,커뮤니티 3,735,7,14.0
조재면의원,3,커뮤니티 3,735,7,14.0
내무부차관황희찬,3,커뮤니티 3,735,7,14.0
외무국방위원장대리최윤동,3,커뮤니티 3,735,7,14.0
참모총장대리,3,커뮤니티 3,735,7,14.0
양병일의원,3,커뮤니티 3,735,7,14.0
시국대책부위원장서상일,3,커뮤니티 3,735,7,14.0
내무부차관이병호,3,커뮤니티 3,735,7,14.0
柳鴻烈議員,3,커뮤니티 3,735,7,14.0
농림부장관양성봉,3,커뮤니티 3,735,7,14.0
외무부장관임병직,3,커뮤니티 3,735,7,14.0
안준상의원,3,커뮤니티 3,735,7,14.0
유준상의원,3,커뮤니티 3,735,7,14.0
이범교의원,3,커뮤니티 3,735,7,14.0
내무치안위원장(나용균의원),3,커뮤니티 3,735,6,12.0
서이환의원(계속),3,커뮤니티 3,735,6,12.0
이한창의원,3,커뮤니티 3,735,6,12.0
김옥주의원(계속),3,커뮤니티 3,735,6,12.0
이병국의원,3,커뮤니티 3,735,6,12.0
교통체신위원장신용욱,3,커뮤니티 3,735,6,12.0
박제환의원,3,커뮤니티 3,735,6,12.0
연병호의원,3,커뮤니티 3,735,6,12.0
김정기의원,3,커뮤니티 3,735,6,12.0
이문원의원(계속),3,커뮤니티 3,735,6,12.0
사무총장이수선,3,커뮤니티 3,735,6,10.0
성낙서의원,3,커뮤니티 3,735,5,10.0
법무부차관권승열,3,커뮤니티 3,735,5,10.0
김종문의원,3,커뮤니티 3,735,5,10.0
김덕렬의원,3,커뮤니티 3,735,5,10.0
이정래의원(계속),3,커뮤니티 3,735,5,10.0
원용균의원,3,커뮤니티 3,735,5,10.0
김태수의원,3,커뮤니티 3,735,5,10.0
최석홍의원,3,커뮤니티 3,735,5,10.0
감찰위원장노진설,3,커뮤니티 3,735,5,10.0
빅순석의원,3,커뮤니티 3,735,5,10.0
이성우의원,3,커뮤니티 3,735,5,10.0
재정경제위원장대리조한백,3,커뮤니티 3,735,5,10.0
재정경제위원장홍성하(계속),3,커뮤니티 3,735,5,10.0
김진구의원,3,커뮤니티 3,735,5,10.0
柳來琬議員,3,커뮤니티 3,735,5,10.0
재무차관장희창,3,커뮤니티 3,735,5,10.0
柳來琬議員,3,커뮤니티 3,735,5,10.0
의장심익희,3,커뮤니티 3,735,5,9.0
이판열의원,3,커뮤니티 3,735,4,8.0
홍익표의원,3,커뮤니티 3,735,4,8.0
홍성하의원(계속),3,커뮤니티 3,735,4,8.0
반민특위위원장김상덕,3,커뮤니티 3,735,4,8.0
김웅권의원,3,커뮤니티 3,735,4,8.0
사무국장차윤홍,3,커뮤니티 3,735,4,8.0
산업의원장대리조헌영,3,커뮤니티 3,735,4,8.0
내무부장관신성모,3,커뮤니티 3,735,4,8.0
조헌영의원(계속),3,커뮤니티 3,735,4,8.0
柳鴻烈議員,3,커뮤니티 3,735,4,8.0
사회부장관이윤영,3,커뮤니티 3,735,4,8.0
의사국장현영익,3,커뮤니티 3,735,4,8.0
법제사법위원장대리김광준,3,커뮤니티 3,735,4,8.0
전문위원이상규,3,커뮤니티 3,735,4,8.0
장홍염의원(계속),3,커뮤니티 3,735,4,8.0
산업의원장대리홍희종,3,커뮤니티 3,735,4,8.0
정우일의원,3,커뮤니티 3,735,4,8.0
진직현의원,3,커뮤니티 3,735,4,8.0
柳俊相議員,3,커뮤니티 3,735,4,8.0
한암회의원,3,커뮤니티 3,735,4,8.0
전문위원차윤홍,3,커뮤니티 3,735,4,8.0
김효석의원,3,커뮤니티 3,735,4,8.0
김익노의원,3,커뮤니티 3,735,4,8.0
법무부차관홍진기,3,커뮤니티 3,735,4,8.0
상공부차관임정규,3,커뮤니티 3,735,4,8.0
김병회의원(계속),3,커뮤니티 3,735,4,8.0
국무총리서리백두진,3,커뮤니티 3,735,4,8.0
이석주의원(계속),3,커뮤니티 3,735,4,8.0
서상일의원(계속),3,커뮤니티 3,735,6,6.0
이의상의원,3,커뮤니티 3,735,3,6.0
류홍열의원,3,커뮤니티 3,735,3,6.0
김용현의원,3,커뮤니티 3,735,3,6.0
외무국방위원장대리정일형,3,커뮤니티 3,735,3,6.0
벡관수의원,3,커뮤니티 3,735,3,6.0
고시위원장배은희,3,커뮤니티 3,735,3,6.0
김인식위원,3,커뮤니티 3,735,3,6.0
내무장관윤치영,3,커뮤니티 3,735,3,6.0
간사이호진,3,커뮤니티 3,735,3,6.0
김병주의원,3,커뮤니티 3,735,3,6.0
산업위원장대리민경식,3,커뮤니티 3,735,3,6.0
문교부차관박종만,3,커뮤니티 3,735,3,6.0
김□□의원,3,커뮤니티 3,735,3,6.0
柳聖甲의원,3,커뮤니티 3,735,3,6.0
문교부차관허증수,3,커뮤니티 3,735,3,6.0
정부위원권승렬,3,커뮤니티 3,735,3,6.0
법제사법위원회위원장백관수,3,커뮤니티 3,735,3,6.0
柳來琬議員,3,커뮤니티 3,735,3,6.0
내무부차관김효석,3,커뮤니티 3,735,3,6.0
신현모의원,3,커뮤니티 3,735,3,6.0
감찰위원장정인보,3,커뮤니티 3,735,3,6.0
교통부차관김석명(계속),3,커뮤니티 3,735,3,6.0
내무차관김효석,3,커뮤니티 3,735,3,6.0
상공위원장김형덕,3,커뮤니티 3,735,3,6.0
정진근의원,3,커뮤니티 3,735,3,6.0
재정경제위원회위원장홍성하,3,커뮤니티 3,735,3,6.0
전문위원고병국,3,커뮤니티 3,735,3,6.0
법제사법위원장대리업상섭,3,커뮤니티 3,735,3,6.0
선거위원회위원장노진설,3,커뮤니티 3,735,3,6.0
공보처차장김형원,3,커뮤니티 3,735,3,6.0
사회보건위원장대리오의관,3,커뮤니티 3,735,3,6.0
산업위원장대리황두연,3,커뮤니티 3,735,3,6.0
柳來琬議員,3,커뮤니티 3,735,3,6.0
전원위원장곽상훈,3,커뮤니티 3,735,3,6.0
법무부차관백한성,3,커뮤니티 3,735,3,6.0
사무차장노용호,3,커뮤니티 3,735,3,5.0
황두연의원(계속),3,커뮤니티 3,735,2,4.0
정현모의원,3,커뮤니티 3,735,2,4.0
이만근의원,3,커뮤니티 3,735,2,4.0
백관수의원(계속),3,커뮤니티 3,735,2,4.0
이종현의원(계속),3,커뮤니티 3,735,2,4.0
황윤호의원(계속),3,커뮤니티 3,735,2,4.0
법제사법법원장백관수,3,커뮤니티 3,735,2,4.0
홍순영의원,3,커뮤니티 3,735,2,4.0
백관수위원,3,커뮤니티 3,735,2,4.0
내부무장관김효석,3,커뮤니티 3,735,2,4.0
재무부차관장창희,3,커뮤니티 3,735,2,4.0
재정경제위원장대리송방용,3,커뮤니티 3,735,2,4.0
오용국의원(계속),3,커뮤니티 3,735,2,4.0
전문위원박희병,3,커뮤니티 3,735,2,4.0
농림부장관이종현(계속),3,커뮤니티 3,735,2,4.0
외무부차관갈홍기,3,커뮤니티 3,735,2,4.0
김명인의원,3,커뮤니티 3,735,2,4.0
상공부차관한통숙,3,커뮤니티 3,735,2,4.0
검찰총장김익진,3,커뮤니티 3,735,2,4.0
관재총국장백남칠,3,커뮤니티 3,735,2,4.0
이학림의원,3,커뮤니티 3,735,2,4.0
교통체신위원장대리남송학,3,커뮤니티 3,735,2,4.0
기획처장김,3,커뮤니티 3,735,2,4.0
의사과장현영익,3,커뮤니티 3,735,2,4.0
베중혁의원,3,커뮤니티 3,735,2,4.0
산업위원장대리,3,커뮤니티 3,735,2,4.0
민의원의장신익희,3,커뮤니티 3,735,2,4.0
김교현의원(계속),3,커뮤니티 3,735,2,4.0
송필만의원,3,커뮤니티 3,735,2,4.0
네무부장관윤치영,3,커뮤니티 3,735,2,4.0
사회부장관전진한,3,커뮤니티 3,735,2,4.0
산업위원장대리김상순,3,커뮤니티 3,735,2,4.0
이상학의원,3,커뮤니티 3,735,2,4.0
징홍염의원,3,커뮤니티 3,735,2,4.0
유진홍의원(계속),3,커뮤니티 3,735,2,4.0
정준,3,커뮤니티 3,735,2,4.0
법제사법위원장대리서우석,3,커뮤니티 3,735,2,4.0
서용길의원(계속),3,커뮤니티 3,735,2,4.0
의장김약수,3,커뮤니티 3,735,2,4.0
서우석의원(계속),3,커뮤니티 3,735,2,4.0
노일환의원(계속),3,커뮤니티 3,735,2,4.0
김봉조의원(계속),3,커뮤니티 3,735,2,4.0
문교후생위원장이영준,3,커뮤니티 3,735,2,4.0
윤치영의원(계속),3,커뮤니티 3,735,2,4.0
임시의장전상요,3,커뮤니티 3,735,2,4.0
교통체신위원장대리조종승,3,커뮤니티 3,735,2,4.0
외무국방위원장대리윤재근,3,커뮤니티 3,735,2,4.0
사무차장이종선,3,커뮤니티 3,735,2,4.0
류준상의원,3,커뮤니티 3,735,2,4.0
교통부장관민희식,3,커뮤니티 3,735,2,4.0
김용무의원,3,커뮤니티 3,735,2,4.0
백형남의원,3,커뮤니티 3,735,2,4.0
유성갑의원(계속),3,커뮤니티 3,735,2,4.0
최병주의원,3,커뮤니티 3,735,2,4.0
권태희의원(계속),3,커뮤니티 3,735,2,4.0
보건부차관정준용,3,커뮤니티 3,735,2,4.0
양병직의원,3,커뮤니티 3,735,2,4.0
홍순녕의원,3,커뮤니티 3,735,2,4.0
이원홍의원(계속),3,커뮤니티 3,735,2,4.0
이교선의원(계속),3,커뮤니티 3,735,2,4.0
박해극의원(계속),3,커뮤니티 3,735,2,4.0
체신부장관강인택,3,커뮤니티 3,735,2,4.0
상공부차관윤인상,3,커뮤니티 3,735,2,4.0
내무부치안국장서리김병완,3,커뮤니티 3,735,2,4.0
柳俊相議員,3,커뮤니티 3,735,2,4.0
조중현의원,3,커뮤니티 3,735,2,4.0
유진홍위원,3,커뮤니티 3,735,2,4.0
재무부차관대리김홍진,3,커뮤니티 3,735,2,4.0
사무총장대리이종선,3,커뮤니티 3,735,2,3.0
대통령이승만(계속),3,커뮤니티 3,735,2,2.0
의사과장이진호,3,커뮤니티 3,735,1,2.0
농림위원장박정근(계속),3,커뮤니티 3,735,1,2.0
柳德天議員,3,커뮤니티 3,735,1,2.0
고시위원회위원장배은희,3,커뮤니티 3,735,1,2.0
국방차관최용덕,3,커뮤니티 3,735,1,2.0
내무부장관윤치영(계속),3,커뮤니티 3,735,1,2.0
국회의장신익희,3,커뮤니티 3,735,1,2.0
상공위원장대리황병규,3,커뮤니티 3,735,1,2.0
曺國鎔의원,3,커뮤니티 3,735,1,2.0
부의장윤도영,3,커뮤니티 3,735,1,2.0
법제사법위원장이인(계속),3,커뮤니티 3,735,1,2.0
체신차관강직순,3,커뮤니티 3,735,1,2.0
김문평의원(계속),3,커뮤니티 3,735,1,2.0
대검찰청차장박성준,3,커뮤니티 3,735,1,2.0
대검찰청차장이성준,3,커뮤니티 3,735,1,2.0
권태의의원,3,커뮤니티 3,735,1,2.0
재무부장관김도연(계속),3,커뮤니티 3,735,1,2.0
쫀포스터,3,커뮤니티 3,735,1,2.0
김연준의원,3,커뮤니티 3,735,1,2.0
오기영의원,3,커뮤니티 3,735,1,2.0
曺圭鈺의원,3,커뮤니티 3,735,1,2.0
국방부차관최용덕(계속),3,커뮤니티 3,735,1,2.0
김준영의원,3,커뮤니티 3,735,1,2.0
조영규자주,3,커뮤니티 3,735,1,2.0
박경우의원,3,커뮤니티 3,735,1,2.0
법무부징관이인,3,커뮤니티 3,735,1,2.0
박윤원이,3,커뮤니티 3,735,1,2.0
보헌영의원,3,커뮤니티 3,735,1,2.0
기록원보고,3,커뮤니티 3,735,1,2.0
손진백의원,3,커뮤니티 3,735,1,2.0
김호석의원,3,커뮤니티 3,735,1,2.0
교통부차관김석관,3,커뮤니티 3,735,1,2.0
재무부장관김유택,3,커뮤니티 3,735,1,2.0
최헌길의원(계속),3,커뮤니티 3,735,1,2.0
최봉식의원(미발언,3,커뮤니티 3,735,1,2.0
민경식의원(계속),3,커뮤니티 3,735,1,2.0
육군총참모장신태영,3,커뮤니티 3,735,1,2.0
외자총국총장백두진,3,커뮤니티 3,735,1,2.0
내무차관김갑수,3,커뮤니티 3,735,1,2.0
김인의원,3,커뮤니티 3,735,1,2.0
이우선의원,3,커뮤니티 3,735,1,2.0
기획처차장홍은표,3,커뮤니티 3,735,1,2.0
황병구의원,3,커뮤니티 3,735,1,2.0
초운교의원,3,커뮤니티 3,735,1,2.0
신성균의원(계속),3,커뮤니티 3,735,1,2.0
국회운영위원장이상철,3,커뮤니티 3,735,1,2.0
내무위원장대리,3,커뮤니티 3,735,1,2.0
장도영의원,3,커뮤니티 3,735,1,2.0
빅윤원의원,3,커뮤니티 3,735,1,2.0
제무부차관장희창,3,커뮤니티 3,735,1,2.0
빅헤정의원,3,커뮤니티 3,735,1,2.0
국방부장관최용덕,3,커뮤니티 3,735,1,2.0
특별심사위원장곽상훈,3,커뮤니티 3,735,1,2.0
장건상의원(계속),3,커뮤니티 3,735,1,2.0
부의장김동언,3,커뮤니티 3,735,1,2.0
외무국방위원장최윤동,3,커뮤니티 3,735,1,2.0
산업위원장대리김종순,3,커뮤니티 3,735,1,2.0
관재청장서리유완창,3,커뮤니티 3,735,1,2.0
외무국방위원장김종회,3,커뮤니티 3,735,1,2.0
미국상원의원스미스,3,커뮤니티 3,735,1,2.0
기록원(낭독)농림위원회의,3,커뮤니티 3,735,1,2.0
외무위원장대리여운홍,3,커뮤니티 3,735,1,2.0
이윤영위원,3,커뮤니티 3,735,1,2.0
사회보건위원회위원장박영출,3,커뮤니티 3,735,1,2.0
주중화민국대사이범석,3,커뮤니티 3,735,1,2.0
김뱡회의원,3,커뮤니티 3,735,1,2.0
윤재근의원(계속),3,커뮤니티 3,735,1,2.0
법무부장관권승열,3,커뮤니티 3,735,1,2.0
의사국장허남원,3,커뮤니티 3,735,1,2.0
조한백의원(낭독),3,커뮤니티 3,735,1,2.0
박우결의원,3,커뮤니티 3,735,1,2.0
재정경제의원장홍성하,3,커뮤니티 3,735,1,2.0
교통체신위원장대리신광균,3,커뮤니티 3,735,1,2.0
총무처장전유성,3,커뮤니티 3,735,1,2.0
전문의원윤길중,3,커뮤니티 3,735,1,2.0
깁봉조의원,3,커뮤니티 3,735,1,2.0
기획저창김훈,3,커뮤니티 3,735,1,2.0
농림부자관정구흥,3,커뮤니티 3,735,1,2.0
오석주의원(미발언,3,커뮤니티 3,735,1,2.0
柳聖甲議員(계속),3,커뮤니티 3,735,1,2.0
황병규이원,3,커뮤니티 3,735,1,2.0
법제사업위원장백관수,3,커뮤니티 3,735,1,2.0
겸경도의원,3,커뮤니티 3,735,1,2.0
의장긴익희,3,커뮤니티 3,735,1,2.0
위무국방위원장지대형,3,커뮤니티 3,735,1,2.0
국무총리이범석(낭독),3,커뮤니티 3,735,1,2.0
국방부방관신성모,3,커뮤니티 3,735,1,2.0
내무부장광김효석,3,커뮤니티 3,735,1,2.0
부의장유치영,3,커뮤니티 3,735,1,2.0
법제사법의원장백관수,3,커뮤니티 3,735,1,2.0
법제사법분과위원장백관수,3,커뮤니티 3,735,1,2.0
외무국방위원장대리임영신,3,커뮤니티 3,735,1,2.0
상공장관임영신,3,커뮤니티 3,735,1,2.0
박혜정의원,3,커뮤니티 3,735,1,2.0
특별검찰부검찰관장권승열,3,커뮤니티 3,735,1,2.0
특별재판부부장김병로,3,커뮤니티 3,735,1,2.0
특별재판부장김병로,3,커뮤니티 3,735,1,2.0
특검부검찰관장권승렬,3,커뮤니티 3,735,1,2.0
이택관의원,3,커뮤니티 3,735,1,2.0
부의강김약수,3,커뮤니티 3,735,1,2.0
내무장관김효석,3,커뮤니티 3,735,1,2.0
국방장관신성모,3,커뮤니티 3,735,1,2.0
최운규의원,3,커뮤니티 3,735,1,2.0
사무국장허남수,3,커뮤니티 3,735,1,2.0
박순석오늘,3,커뮤니티 3,735,1,2.0
산업위원회위원장대리조헌영,3,커뮤니티 3,735,1,2.0
부의장김동운,3,커뮤니티 3,735,1,2.0
안성군미곡공립국민학교대표김응기,3,커뮤니티 3,735,1,2.0
신셩균의원,3,커뮤니티 3,735,1,2.0
조현영의원,3,커뮤니티 3,735,1,2.0
김병희의원,3,커뮤니티 3,735,1,2.0
김우삭의원,3,커뮤니티 3,735,1,2.0
의사국장차인홍,3,커뮤니티 3,735,1,2.0
국회선거위원장노진설,3,커뮤니티 3,735,1,2.0
강욱중의원(계속),3,커뮤니티 3,735,1,2.0
교통체신위원회위원장,3,커뮤니티 3,735,1,2.0
김만선의원,3,커뮤니티 3,735,1,2.0
사회부장관이윤영(계속),3,커뮤니티 3,735,1,2.0
김기록원,3,커뮤니티 3,735,1,2.0
이성득의원(계속),3,커뮤니티 3,735,1,2.0
박윤원의원(계속),3,커뮤니티 3,735,1,2.0
최운교의원(계속),3,커뮤니티 3,735,1,2.0
문교사회위원회위원장이영준,3,커뮤니티 3,735,1,2.0
산업위원회위원장서상일,3,커뮤니티 3,735,1,2.0
국회선거위원회위원장,3,커뮤니티 3,735,1,2.0
특별조사위부위원장김상돈,3,커뮤니티 3,735,1,2.0
전문위원김용갑,3,커뮤니티 3,735,1,2.0
깅욱중의원,3,커뮤니티 3,735,1,2.0
柳來碗議員,3,커뮤니티 3,735,1,2.0
상공부차관김수학,3,커뮤니티 3,735,1,2.0
권병노의원,3,커뮤니티 3,735,1,2.0
의사국장최윤전,3,커뮤니티 3,735,1,2.0
원용환의원,3,커뮤니티 3,735,1,2.0
기획처장김순탁,3,커뮤니티 3,735,1,2.0
교통부장관허,3,커뮤니티 3,735,1,2.0
외무국방위원장(지대형의원),3,커뮤니티 3,735,1,2.0
柳聖甲議員(계속),3,커뮤니티 3,735,1,2.0
내무치안워원장나용균,3,커뮤니티 3,735,1,2.0
최태규의원(계속),3,커뮤니티 3,735,1,2.0
부의장김약수.,3,커뮤니티 3,735,1,2.0
호주대표(제미숀)의장,3,커뮤니티 3,735,1,2.0
검찰총장권승열,3,커뮤니티 3,735,1,2.0
허영호의원(계속),3,커뮤니티 3,735,1,2.0
깁병회의원,3,커뮤니티 3,735,1,2.0
이진수의원(의석에서),3,커뮤니티 3,735,1,2.0
재무부차관장경근,3,커뮤니티 3,735,1,2.0
김의원,3,커뮤니티 3,735,1,2.0
총무국장박현욱,3,커뮤니티 3,735,1,2.0
의장김익희,3,커뮤니티 3,735,1,2.0
뱍해극의원,3,커뮤니티 3,735,1,2.0
한엄회의원,3,커뮤니티 3,735,1,2.0
윤병구의원(계속),3,커뮤니티 3,735,1,2.0
외무국방위원장대리최윤봉,3,커뮤니티 3,735,1,2.0
최□길의원,3,커뮤니티 3,735,1,2.0
농림차관정구흥,3,커뮤니티 3,735,1,2.0
김상덕의원(계속),3,커뮤니티 3,735,1,2.0
육군총참모장채병덕,3,커뮤니티 3,735,1,2.0
柳聖甲의원,3,커뮤니티 3,735,1,2.0
박우경위원,3,커뮤니티 3,735,1,2.0
김웅진위원,3,커뮤니티 3,735,1,2.0
김봉두위원,3,커뮤니티 3,735,1,2.0
이석구의원,3,커뮤니티 3,735,1,2.0
유엔수석대표조병옥,3,커뮤니티 3,735,1,2.0
이영준지금,3,커뮤니티 3,735,1,2.0
미국상원의원애랜드,3,커뮤니티 3,735,1,2.0
김봉□의원,3,커뮤니티 3,735,1,2.0
나용균의원(계속),3,커뮤니티 3,735,1,2.0
미국대통령특사필립,3,커뮤니티 3,735,1,2.0
단장노벨,3,커뮤니티 3,735,1,2.0
내무부차관장경근(계속),3,커뮤니티 3,735,1,2.0
정광호의원(계속),3,커뮤니티 3,735,1,2.0
송창식의원(계속),3,커뮤니티 3,735,1,2.0
문교사회위원장대리권태희,3,커뮤니티 3,735,1,2.0
김동원의원(계속),3,커뮤니티 3,735,1,2.0
법제사법위원회위원장이인,3,커뮤니티 3,735,1,2.0
이종선의원,3,커뮤니티 3,735,1,2.0
최봉식의원(계속),3,커뮤니티 3,735,1,2.0
박우경의원(계속),3,커뮤니티 3,735,1,2.0
박유경의원,3,커뮤니티 3,735,1,2.0
교통체신위원장대리이석,3,커뮤니티 3,735,1,2.0
유진수의원,3,커뮤니티 3,735,1,2.0
황달수의원,3,커뮤니티 3,735,1,2.0
이정기의원,3,커뮤니티 3,735,1,2.0
재정경제워원장대리이석,3,커뮤니티 3,735,1,2.0
외무국방위원회위원장이종린,3,커뮤니티 3,735,1,2.0
부의장윤친영,3,커뮤니티 3,735,1,2.0
서우식의원,3,커뮤니티 3,735,1,2.0
전진항의원(계속),3,커뮤니티 3,735,1,2.0
미합중국상원의원노랜드,3,커뮤니티 3,735,1,2.0
산업위원장대리조헌영(계속),3,커뮤니티 3,735,1,2.0
재무부장관장희창,3,커뮤니티 3,735,1,2.0
김덕열의원,3,커뮤니티 3,735,1,2.0
재정경제위원장대리강선명,3,커뮤니티 3,735,1,2.0
부의장윤칭영,3,커뮤니티 3,735,1,2.0
김호석(金浩錫)의원,3,커뮤니티 3,735,1,2.0
기록원각,3,커뮤니티 3,735,1,2.0
김인식의원(계속),3,커뮤니티 3,735,1,2.0
박종남의원(계속),3,커뮤니티 3,735,1,2.0
대통령특사조병옥(계속),3,커뮤니티 3,735,1,2.0
징병민의원,3,커뮤니티 3,735,1,2.0
농사개량원장현근,3,커뮤니티 3,735,1,2.0
유승준의원(계속),3,커뮤니티 3,735,1,2.0
운영위원회오성환,3,커뮤니티 3,735,1,2.0
柳紅議員,3,커뮤니티 3,735,1,2.0
기획처장(의석에서),3,커뮤니티 3,735,1,2.0
재정경제위원장박만원(계속),3,커뮤니티 3,735,1,2.0
북미합중국부통령,3,커뮤니티 3,735,1,2.0
펴현태의원,3,커뮤니티 3,735,1,2.0
박영출의원(의석에서),3,커뮤니티 3,735,1,2.0
보건부차관정진욱,3,커뮤니티 3,735,1,2.0
재경경제위원장박만원,3,커뮤니티 3,735,1,2.0
농림분과위원장박정근,3,커뮤니티 3,735,1,2.0
법제사법위원장윤치영,3,커뮤니티 3,735,1,2.0
운영위원장대리오성환,3,커뮤니티 3,735,1,2.0
류덕천의원,3,커뮤니티 3,735,1,2.0
농림위원장대리류덕천,3,커뮤니티 3,735,1,2.0
농림부차관남봉순,3,커뮤니티 3,735,1,2.0
김문평위원,3,커뮤니티 3,735,1,2.0
이간사,3,커뮤니티 3,735,1,2.0
올림픽파견단장정항범,3,커뮤니티 3,735,1,2.0
의장김동원,3,커뮤니티 3,735,1,2.0
전원위원장이청천,3,커뮤니티 3,735,1,2.0
정부위원이순탁,3,커뮤니티 3,735,1,2.0
유홍열의원,3,커뮤니티 3,735,1,2.0
김억기의원,3,커뮤니티 3,735,1,2.0
손재학의원,3,커뮤니티 3,735,1,2.0
하지중장,3,커뮤니티 3,735,1,2.0
징계위원장박성하,3,커뮤니티 3,735,1,2.0
내무부차관황호연,3,커뮤니티 3,735,1,2.0
이호근의원,3,커뮤니티 3,735,1,2.0
신흥균의원,3,커뮤니티 3,735,1,2.0
재일거류민단단장김재화,3,커뮤니티 3,735,1,2.0
황호연의원,3,커뮤니티 3,735,1,2.0
김영도의원,3,커뮤니티 3,735,1,2.0
기초위원권승열,3,커뮤니티 3,735,1,2.0
재일거류민단장박열,3,커뮤니티 3,735,1,2.0
김광균의원,3,커뮤니티 3,735,1,2.0
의장이승만원,3,커뮤니티 3,735,1,2.0
오세창씨,3,커뮤니티 3,735,1,2.0
기록원김철씨가,3,커뮤니티 3,735,1,2.0
정항범씨얼마,3,커뮤니티 3,735,1,2.0
김식,3,커뮤니티 3,735,1,2.0
노진호(사무처),3,커뮤니티 3,735,1,2.0
유엔군총사령관마크크라크,3,커뮤니티 3,735,1,2.0
사식자다음은,3,커뮤니티 3,735,1,2.0
이국현의원,3,커뮤니티 3,735,1,2.0
휫샤미국하원의원,3,커뮤니티 3,735,1,2.0
이종형의원(계속),3,커뮤니티 3,735,1,2.0
국회사무총장박종만,3,커뮤니티 3,735,1,2.0
이청천의원(계속),3,커뮤니티 3,735,1,2.0
조광섭의원(계속),3,커뮤니티 3,735,1,2.0
여운홍의원(계속),3,커뮤니티 3,735,1,2.0
국제연합한국통일부흥위원단호주대표프림손,3,커뮤니티 3,735,1,2.0
유엔사무차장코디어,3,커뮤니티 3,735,1,2.0
배은희의원(계속),3,커뮤니티 3,735,1,2.0
의사과장(낭독),3,커뮤니티 3,735,1,2.0
사회보건위원장김용우(계속),3,커뮤니티 3,735,1,2.0
사회보권위원장김익기,3,커뮤니티 3,735,1,2.0
보건사회위원장대리김용우,3,커뮤니티 3,735,1,2.0
문교사회위원장윤택중,3,커뮤니티 3,735,1,2.0
김용우의원(계속),3,커뮤니티 3,735,1,2.0
무임소장관박현숙,3,커뮤니티 3,735,1,2.0
국회(민의원)의장신익희,3,커뮤니티 3,735,1,2.0
교통체신위원장서상덕,3,커뮤니티 3,735,1,2.0
관상훈의원,3,커뮤니티 3,735,1,2.0
숄트미국하원의원,3,커뮤니티 3,735,1,2.0
미국상원의원양,3,커뮤니티 3,735,1,2.0
운영위원장대리이상철,3,커뮤니티 3,735,1,2.0
대통령특사조병옥,3,커뮤니티 3,735,1,2.0
의장신익회,3,커뮤니티 3,735,1,1.0
사무총장임철원,3,커뮤니티 3,735,1,1.0
사무차장노진호,3,커뮤니티 3,735,1,1.0
사식자이것으로써,3,커뮤니티 3,735,1,1.0
사식자(司式者)지금부터,3,커뮤니티 3,735,1,1.0
위원장이충환,4,커뮤니티 4,519,2102,3958.0
위원장대리송방용,4,커뮤니티 4,519,789,1557.0
위원장박용익,4,커뮤니티 4,519,820,1521.0
유옥우위원,4,커뮤니티 4,519,674,1348.0
송방용위원,4,커뮤니티 4,519,649,1298.0
위원장김종신,4,커뮤니티 4,519,585,1117.0
재무부장관김현철,4,커뮤니티 4,519,467,933.0
위원장변진갑,4,커뮤니티 4,519,467,831.0
이형모위원,4,커뮤니티 4,519,400,800.0
재무부차관천병규,4,커뮤니티 4,519,354,708.0
위원장대리박흥규,4,커뮤니티 4,519,356,687.0
박영종위원,4,커뮤니티 4,519,342,684.0
박정근위원,4,커뮤니티 4,519,326,652.0
위원장이형모,4,커뮤니티 4,519,318,582.0
위원장이영희,4,커뮤니티 4,519,297,544.0
위원장대리백남식,4,커뮤니티 4,519,245,468.0
부흥부장관신현확,4,커뮤니티 4,519,213,426.0
위원장대리이영희,4,커뮤니티 4,519,220,407.0
주요한위원,4,커뮤니티 4,519,201,402.0
부흥부장관송인상,4,커뮤니티 4,519,191,381.0
위원장신규식,4,커뮤니티 4,519,212,379.0
정재완위원,4,커뮤니티 4,519,186,372.0
농림부차관김병윤,4,커뮤니티 4,519,184,368.0
김도연위원,4,커뮤니티 4,519,184,367.0
상공부차관김의창,4,커뮤니티 4,519,182,364.0
신규식위원,4,커뮤니티 4,519,175,350.0
이충환위원,4,커뮤니티 4,519,175,350.0
위원장구흥남,4,커뮤니티 4,519,190,349.0
재무부장관인태식,4,커뮤니티 4,519,173,346.0
한동석위원,4,커뮤니티 4,519,169,338.0
윤용구위원,4,커뮤니티 4,519,168,336.0
정상열위원,4,커뮤니티 4,519,159,318.0
김영선위원,4,커뮤니티 4,519,153,306.0
예산국장오임근,4,커뮤니티 4,519,151,302.0
위원장정규상,4,커뮤니티 4,519,161,293.0
재무부장관이중재,4,커뮤니티 4,519,146,292.0
박만원위원,4,커뮤니티 4,519,145,290.0
박흥규위원,4,커뮤니티 4,519,141,282.0
농림부장관정재설,4,커뮤니티 4,519,133,266.0
상공부장관구용서,4,커뮤니티 4,519,131,262.0
위원장원용석,4,커뮤니티 4,519,141,258.0
소선규위원,4,커뮤니티 4,519,129,258.0
재무부예산국장오임근,4,커뮤니티 4,519,128,256.0
재무부차관오임근,4,커뮤니티 4,519,125,250.0
이형진위원,4,커뮤니티 4,519,125,250.0
현석호위원,4,커뮤니티 4,519,125,250.0
윤형남위원,4,커뮤니티 4,519,125,250.0
전문위원김한기,4,커뮤니티 4,519,123,246.0
오범수위원,4,커뮤니티 4,519,120,240.0
양영주위원,4,커뮤니티 4,519,119,238.0
위원장이영언,4,커뮤니티 4,519,138,237.0
해무청장권성기,4,커뮤니티 4,519,118,236.0
농림부장관이근직,4,커뮤니티 4,519,117,234.0
함두영위원,4,커뮤니티 4,519,117,234.0
정해영위원,4,커뮤니티 4,519,116,230.0
이만우위원,4,커뮤니티 4,519,115,230.0
상공부장관김일환,4,커뮤니티 4,519,115,229.0
김두진위원,4,커뮤니티 4,519,114,228.0
박철웅위원,4,커뮤니티 4,519,110,220.0
재무부차관박종식,4,커뮤니티 4,519,110,219.0
위원장대리이태용,4,커뮤니티 4,519,107,204.0
기획처장원용석,4,커뮤니티 4,519,102,204.0
내무부장관이익흥,4,커뮤니티 4,519,102,204.0
허윤수위원,4,커뮤니티 4,519,101,202.0
농림부장관임철호,4,커뮤니티 4,519,101,202.0
김원규위원,4,커뮤니티 4,519,95,190.0
농림부장관정운갑,4,커뮤니티 4,519,94,188.0
김원전위원,4,커뮤니티 4,519,87,174.0
백남식위원,4,커뮤니티 4,519,87,174.0
곽의영위원,4,커뮤니티 4,519,86,172.0
위원장대리정남택,4,커뮤니티 4,519,101,168.0
위원장대리원용석,4,커뮤니티 4,519,87,168.0
신정호위원,4,커뮤니티 4,519,83,166.0
조만종위원,4,커뮤니티 4,519,82,164.0
외무부장관조정환,4,커뮤니티 4,519,82,164.0
구흥남위원,4,커뮤니티 4,519,79,158.0
위원장대리양일동,4,커뮤니티 4,519,80,154.0
김의택위원,4,커뮤니티 4,519,76,152.0
농림부차관김원태,4,커뮤니티 4,519,76,152.0
배성기위원,4,커뮤니티 4,519,75,150.0
부흥부차관신현확,4,커뮤니티 4,519,75,150.0
위원장대리임차주,4,커뮤니티 4,519,76,144.0
박종길위원,4,커뮤니티 4,519,71,142.0
농림부차관김장섭,4,커뮤니티 4,519,71,142.0
내무부장관김형근,4,커뮤니티 4,519,71,142.0
위원장대리정상열,4,커뮤니티 4,519,76,141.0
임차주위원,4,커뮤니티 4,519,70,140.0
나희집위원,4,커뮤니티 4,519,70,140.0
체신부장관이응준,4,커뮤니티 4,519,68,136.0
김철안위원,4,커뮤니티 4,519,68,136.0
김진만위원,4,커뮤니티 4,519,68,136.0
부흥부장관유완창,4,커뮤니티 4,519,67,134.0
정규상위원,4,커뮤니티 4,519,66,132.0
황숙현위원,4,커뮤니티 4,519,65,130.0
위원장대리황성수,4,커뮤니티 4,519,65,126.0
김원만위원,4,커뮤니티 4,519,62,124.0
김판술위원,4,커뮤니티 4,519,61,122.0
농업은행부총재이호상,4,커뮤니티 4,519,59,118.0
위원장대리문종두,4,커뮤니티 4,519,59,114.0
재무부차관윤인상,4,커뮤니티 4,519,57,114.0
교통부장관이종림,4,커뮤니티 4,519,57,114.0
법무부장관조용순,4,커뮤니티 4,519,57,114.0
상공부장관강성태,4,커뮤니티 4,519,56,112.0
조일환위원,4,커뮤니티 4,519,56,112.0
김창동위원,4,커뮤니티 4,519,55,110.0
하태환위원,4,커뮤니티 4,519,55,110.0
농림부농정국장김인권,4,커뮤니티 4,519,55,110.0
변진갑위원,4,커뮤니티 4,519,53,106.0
신행용위원,4,커뮤니티 4,519,53,106.0
신태권위원,4,커뮤니티 4,519,53,106.0
박창화위원,4,커뮤니티 4,519,52,104.0
황경수위원,4,커뮤니티 4,519,52,104.0
부흥부차관정영기,4,커뮤니티 4,519,51,102.0
외무부장관서리조정환,4,커뮤니티 4,519,50,100.0
내무부장관이근직,4,커뮤니티 4,519,49,98.0
민영남위원,4,커뮤니티 4,519,49,98.0
김응주위원,4,커뮤니티 4,519,49,98.0
조순위원,4,커뮤니티 4,519,49,98.0
김종신위원,4,커뮤니티 4,519,48,96.0
기획처예산국장오림근,4,커뮤니티 4,519,48,96.0
보건사회부장관최재유,4,커뮤니티 4,519,46,92.0
신각휴위원,4,커뮤니티 4,519,46,92.0
원용석위원,4,커뮤니티 4,519,46,92.0
진석중위원,4,커뮤니티 4,519,46,92.0
문교부장관최규남,4,커뮤니티 4,519,45,90.0
위원장대리정해영,4,커뮤니티 4,519,44,87.0
위원장대리소선규,4,커뮤니티 4,519,42,82.0
국무원사무국장문봉제,4,커뮤니티 4,519,41,82.0
농림부차관권성기,4,커뮤니티 4,519,40,80.0
국방부장관김용우,4,커뮤니티 4,519,40,80.0
정남택위원,4,커뮤니티 4,519,37,74.0
김달수위원,4,커뮤니티 4,519,35,70.0
농림부축정국장이남신,4,커뮤니티 4,519,35,70.0
서인홍위원,4,커뮤니티 4,519,34,68.0
보건사회부장관정준모,4,커뮤니티 4,519,34,68.0
공보실장갈홍기,4,커뮤니티 4,519,33,66.0
교통부차관김윤기,4,커뮤니티 4,519,33,66.0
국무원사무국장신두영,4,커뮤니티 4,519,33,66.0
전매청장안정근,4,커뮤니티 4,519,31,62.0
김지준위원,4,커뮤니티 4,519,29,58.0
농림부산림국장김영준,4,커뮤니티 4,519,29,58.0
조광희위원,4,커뮤니티 4,519,27,54.0
국방부장관손원일,4,커뮤니티 4,519,27,54.0
조종호위원,4,커뮤니티 4,519,27,54.0
해무청장민복기,4,커뮤니티 4,519,26,52.0
김정근위원,4,커뮤니티 4,519,26,52.0
최인규위원,4,커뮤니티 4,519,26,52.0
부흥부장관김현철,4,커뮤니티 4,519,25,50.0
심계원장최하영,4,커뮤니티 4,519,25,50.0
김병순위원,4,커뮤니티 4,519,25,50.0
외무부차관김동조,4,커뮤니티 4,519,25,50.0
전매청장김치영,4,커뮤니티 4,519,25,50.0
김준연위원,4,커뮤니티 4,519,25,50.0
외자청장서리신현확,4,커뮤니티 4,519,25,50.0
국방부차관김용우,4,커뮤니티 4,519,25,50.0
안덕기위원,4,커뮤니티 4,519,24,48.0
상공부차관배응도,4,커뮤니티 4,519,24,48.0
황남팔위원,4,커뮤니티 4,519,24,48.0
위원장하을춘,4,커뮤니티 4,519,25,45.0
전문위원남흥우,4,커뮤니티 4,519,22,44.0
법원행정처장한성수,4,커뮤니티 4,519,22,44.0
김기철위원,4,커뮤니티 4,519,22,44.0
농림부양정국장이봉희,4,커뮤니티 4,519,21,42.0
윤병구위원,4,커뮤니티 4,519,21,42.0
이존화위원,4,커뮤니티 4,519,21,42.0
민주당원내총무오위영,4,커뮤니티 4,519,21,42.0
상공부공업국장강용옥,4,커뮤니티 4,519,21,42.0
상공부광무국장전효섭,4,커뮤니티 4,519,21,42.0
부흥부차관오영재,4,커뮤니티 4,519,21,42.0
위원장대리김상도,4,커뮤니티 4,519,21,40.0
김달호위원,4,커뮤니티 4,519,20,40.0
위원장대리김원만,4,커뮤니티 4,519,21,38.0
송영주위원,4,커뮤니티 4,519,19,38.0
윤담위원,4,커뮤니티 4,519,19,38.0
조병옥위원,4,커뮤니티 4,519,19,38.0
체신부차관김의창,4,커뮤니티 4,519,19,38.0
강종무위원,4,커뮤니티 4,519,19,38.0
최석림위원,4,커뮤니티 4,519,19,38.0
내무부토목국장민한식,4,커뮤니티 4,519,18,36.0
농림부양정국장김봉관,4,커뮤니티 4,519,18,36.0
상공부전기국장박상운,4,커뮤니티 4,519,18,36.0
재무부이재국장이치영,4,커뮤니티 4,519,18,36.0
현오봉위원,4,커뮤니티 4,519,18,36.0
문교부기술교육국장박철재,4,커뮤니티 4,519,18,36.0
상공부상역국장김송환,4,커뮤니티 4,519,17,34.0
농림부농지관리국장이상현,4,커뮤니티 4,519,17,34.0
송경섭위원,4,커뮤니티 4,519,17,34.0
증인허판수,4,커뮤니티 4,519,16,32.0
농림위원장대리박정근,4,커뮤니티 4,519,16,32.0
부흥부조정국장김태동,4,커뮤니티 4,519,16,32.0
정갑주위원,4,커뮤니티 4,519,16,32.0
전문위원이동환,4,커뮤니티 4,519,15,30.0
외자청장안희경,4,커뮤니티 4,519,15,30.0
민의원사무총장최정우,4,커뮤니티 4,519,15,30.0
재무부관재국장김준환,4,커뮤니티 4,519,15,30.0
농림부농정국장김병윤,4,커뮤니티 4,519,15,30.0
김삭위원,4,커뮤니티 4,519,15,30.0
외자청관리국장함성용,4,커뮤니티 4,519,14,28.0
농림부양정국양정과장윤의주,4,커뮤니티 4,519,14,28.0
위원장윤성순,4,커뮤니티 4,519,14,26.0
육군본부헌병감김득모,4,커뮤니티 4,519,13,26.0
문교위원장김종규,4,커뮤니티 4,519,13,26.0
자유당원내총무조순,4,커뮤니티 4,519,13,26.0
지영진위원,4,커뮤니티 4,519,13,26.0
증인민영학,4,커뮤니티 4,519,13,26.0
김의준위원,4,커뮤니티 4,519,13,26.0
농지관리국장변정규,4,커뮤니티 4,519,13,26.0
한국운수사장임봉순,4,커뮤니티 4,519,13,26.0
체신부차관김의택,4,커뮤니티 4,519,12,24.0
부흥부차관김치영,4,커뮤니티 4,519,12,24.0
이민우위원,4,커뮤니티 4,519,12,24.0
재무부사세국직세과사무관배숙,4,커뮤니티 4,519,11,22.0
농림부농지관리국이사관김재욱,4,커뮤니티 4,519,11,22.0
전문위원이은복,4,커뮤니티 4,519,11,22.0
문교부차관김호식,4,커뮤니티 4,519,11,22.0
외자청장최인규,4,커뮤니티 4,519,11,22.0
유진산위원,4,커뮤니티 4,519,11,22.0
양정과장유석재,4,커뮤니티 4,519,11,22.0
농림부농사원장정남규,4,커뮤니티 4,519,11,22.0
농림위원장대리황남팔,4,커뮤니티 4,519,11,22.0
최천위원,4,커뮤니티 4,519,10,20.0
윤일상위원,4,커뮤니티 4,519,10,20.0
해무청장홍진기,4,커뮤니티 4,519,10,20.0
박영출위원,4,커뮤니티 4,519,10,20.0
농업은행총재박숙희,4,커뮤니티 4,519,10,20.0
심계원장노진설,4,커뮤니티 4,519,10,20.0
김정환위원,4,커뮤니티 4,519,10,20.0
홍순희위원,4,커뮤니티 4,519,10,20.0
재무부장관김현철(계속),4,커뮤니티 4,519,9,18.0
위원장이충환(계속),4,커뮤니티 4,519,9,18.0
강성태위원,4,커뮤니티 4,519,9,18.0
정일형위원,4,커뮤니티 4,519,9,18.0
농림부생사검사소장이춘성,4,커뮤니티 4,519,8,16.0
정운갑위원,4,커뮤니티 4,519,8,16.0
육완국위원,4,커뮤니티 4,519,8,16.0
산업은행이사이형민,4,커뮤니티 4,519,8,16.0
농림부중앙농사원장대리명재억,4,커뮤니티 4,519,8,16.0
신도성위원,4,커뮤니티 4,519,7,14.0
상공부공업과장강용옥,4,커뮤니티 4,519,7,14.0
외무부정무국장김동조,4,커뮤니티 4,519,7,14.0
상공부광무국장정영기,4,커뮤니티 4,519,7,14.0
내무부장관이익흥(계속),4,커뮤니티 4,519,7,14.0
외자청구매국장최윤기,4,커뮤니티 4,519,7,14.0
농림부중앙생사검사소장이춘성,4,커뮤니티 4,519,7,14.0
사세국장김만기,4,커뮤니티 4,519,7,14.0
이영섭위원,4,커뮤니티 4,519,7,14.0
재정경제위원장대리박만원,4,커뮤니티 4,519,7,14.0
김인호위원,4,커뮤니티 4,519,7,14.0
재무부장관김영찬,4,커뮤니티 4,519,7,14.0
외자청장이순용,4,커뮤니티 4,519,7,14.0
심계원차장최하영,4,커뮤니티 4,519,7,14.0
위원장대리홍승업,4,커뮤니티 4,519,7,13.0
내무위원장대리박흥규,4,커뮤니티 4,519,6,12.0
전문위원정형모,4,커뮤니티 4,519,6,12.0
체신부장관이광,4,커뮤니티 4,519,6,12.0
이철승위원(계속),4,커뮤니티 4,519,6,12.0
상공부중앙지질광물연구소장김옥준,4,커뮤니티 4,519,6,12.0
이재국장이치영,4,커뮤니티 4,519,6,12.0
외무부정무국장김영주,4,커뮤니티 4,519,6,12.0
농림부농지관리국이사관김재도,4,커뮤니티 4,519,6,12.0
재무부세관국장안정근,4,커뮤니티 4,519,6,12.0
하을춘위원,4,커뮤니티 4,519,6,12.0
양정국장이봉희,4,커뮤니티 4,519,6,12.0
서한두위원,4,커뮤니티 4,519,6,12.0
사무차장우만형,4,커뮤니티 4,519,6,12.0
대법원대법관김세완,4,커뮤니티 4,519,6,12.0
김향수위원,4,커뮤니티 4,519,6,12.0
김성탁위원,4,커뮤니티 4,519,6,12.0
세관국장안정근,4,커뮤니티 4,519,6,10.0
구황실총무국장윤우경,4,커뮤니티 4,519,5,10.0
임우영위원,4,커뮤니티 4,519,5,10.0
법제실장신태익,4,커뮤니티 4,519,5,10.0
내무부토목국장김해림,4,커뮤니티 4,519,5,10.0
법원행정처차장민문기,4,커뮤니티 4,519,5,10.0
재무부외환과장박성행,4,커뮤니티 4,519,5,10.0
민의원총무국장서임수,4,커뮤니티 4,519,5,10.0
위원장대리김의택,4,커뮤니티 4,519,5,10.0
위원장대리현오봉,4,커뮤니티 4,519,5,10.0
해무청총무과장최병길,4,커뮤니티 4,519,5,10.0
양정국장김병구,4,커뮤니티 4,519,5,10.0
김규만위원,4,커뮤니티 4,519,5,10.0
박영종위원(계속),4,커뮤니티 4,519,4,8.0
보건사회부의정국장윤유선,4,커뮤니티 4,519,4,8.0
농업협동조합중앙회회장공진항,4,커뮤니티 4,519,4,8.0
문교부기술교육국교육시설과장이민재,4,커뮤니티 4,519,4,8.0
재정경제위원장대리정상열,4,커뮤니티 4,519,4,8.0
중앙지질광물연구소장김옥준,4,커뮤니티 4,519,4,8.0
농림부농정국자재과장이재영,4,커뮤니티 4,519,4,8.0
농업협동조합중앙회부회장우만형,4,커뮤니티 4,519,4,8.0
국방부경리국장최경남,4,커뮤니티 4,519,4,8.0
농림부농지관리국장강종무,4,커뮤니티 4,519,4,8.0
해무청시설국장강두기,4,커뮤니티 4,519,4,8.0
재정경제위원장대리양일동,4,커뮤니티 4,519,4,8.0
송방용위원(계속),4,커뮤니티 4,519,4,8.0
김원중위원,4,커뮤니티 4,519,4,8.0
농림위원장대리김두진,4,커뮤니티 4,519,4,8.0
농사원장정남규,4,커뮤니티 4,519,4,8.0
부흥부장관유완창(계속),4,커뮤니티 4,519,4,8.0
위원장대리김동욱,4,커뮤니티 4,519,4,8.0
이영언위원,4,커뮤니티 4,519,4,8.0
위원장대리김원전,4,커뮤니티 4,519,4,8.0
국무원사무국이사관박지한,4,커뮤니티 4,519,3,6.0
상공부전기국장김송환,4,커뮤니티 4,519,3,6.0
해무청수산시험장해양조사과장한희수,4,커뮤니티 4,519,3,6.0
해무청해운국장김응순,4,커뮤니티 4,519,3,6.0
농림부농지관리국보상상환과장정기용,4,커뮤니티 4,519,3,6.0
국무원사무국인사과장김영준,4,커뮤니티 4,519,3,6.0
상공부특허국장김서일,4,커뮤니티 4,519,3,6.0
상공부중앙공업연구소장이채호,4,커뮤니티 4,519,3,6.0
위원장대리최석림,4,커뮤니티 4,519,3,6.0
이두형위원,4,커뮤니티 4,519,3,6.0
한국은행부총재김영찬,4,커뮤니티 4,519,3,6.0
부흥부기획국장송정범,4,커뮤니티 4,519,3,6.0
강세형위원,4,커뮤니티 4,519,3,6.0
구황실사무총국장윤우경,4,커뮤니티 4,519,3,6.0
박정근위원(계속),4,커뮤니티 4,519,3,6.0
구황실재산관리국장윤우경,4,커뮤니티 4,519,3,6.0
재정경제위원장대리김종신,4,커뮤니티 4,519,3,6.0
농림장관정운갑,4,커뮤니티 4,519,3,6.0
농림부양정국장이규석,4,커뮤니티 4,519,3,6.0
최병국위원,4,커뮤니티 4,519,3,6.0
대법관김동현,4,커뮤니티 4,519,3,6.0
재무장관인태식,4,커뮤니티 4,519,3,6.0
금융조합연합회장배민수,4,커뮤니티 4,519,3,6.0
농림부차관김원태(계속),4,커뮤니티 4,519,3,6.0
외무부장관서리조정환(계속),4,커뮤니티 4,519,3,6.0
농림장관임철호,4,커뮤니티 4,519,2,4.0
연초사업국장이면훈,4,커뮤니티 4,519,2,4.0
구흥남위원(계속),4,커뮤니티 4,519,2,4.0
농림부농산물검사소장박재용,4,커뮤니티 4,519,2,4.0
법무부장관조용순(계속),4,커뮤니티 4,519,2,4.0
최병권위원(계속),4,커뮤니티 4,519,2,4.0
산림국장김영준,4,커뮤니티 4,519,2,4.0
농림차관김현철,4,커뮤니티 4,519,2,4.0
부산경비사령부참모장딴,4,커뮤니티 4,519,2,4.0
외자청경리국장한상구,4,커뮤니티 4,519,2,4.0
김수선위원,4,커뮤니티 4,519,2,4.0
李敏祐위원,4,커뮤니티 4,519,2,4.0
대한수리조합연합회장임석필,4,커뮤니티 4,519,2,4.0
예산결산위원장대리정해영,4,커뮤니티 4,519,2,4.0
해군본부예산국장이우룡,4,커뮤니티 4,519,2,4.0
위원장대리배성기,4,커뮤니티 4,519,2,4.0
부흥위원장대리이형모,4,커뮤니티 4,519,2,4.0
양정국장박도언,4,커뮤니티 4,519,2,4.0
양정국장박도언(계속),4,커뮤니티 4,519,2,4.0
외무장관서리조정환,4,커뮤니티 4,519,2,4.0
교통체신위원장대리김달수,4,커뮤니티 4,519,2,4.0
농림부양정과장유석재,4,커뮤니티 4,519,2,4.0
전문위원정대숙,4,커뮤니티 4,519,2,4.0
상역국장지덕영,4,커뮤니티 4,519,2,4.0
위원장대리윤용구,4,커뮤니티 4,519,2,4.0
위원장대리전영석,4,커뮤니티 4,519,2,4.0
국방부차관보장건식,4,커뮤니티 4,519,2,4.0
윤만석위원,4,커뮤니티 4,519,2,4.0
위원장대리김용진,4,커뮤니티 4,519,2,4.0
서울대학교문리과대학장이희승,4,커뮤니티 4,519,2,4.0
국방위원장대리이철승,4,커뮤니티 4,519,2,4.0
구황실재산관리사무국장윤우경,4,커뮤니티 4,519,2,4.0
이충환위원(계속),4,커뮤니티 4,519,2,4.0
문교위원장대리이충환,4,커뮤니티 4,519,2,4.0
위원장대리김병순,4,커뮤니티 4,519,2,3.0
위원장대리김달호,4,커뮤니티 4,519,2,3.0
위원장대리진석중,4,커뮤니티 4,519,1,2.0
윤용구위원(발언도중),4,커뮤니티 4,519,1,2.0
농림부차관김병윤(계속),4,커뮤니티 4,519,1,2.0
김응주위원(계속),4,커뮤니티 4,519,1,2.0
농업은행특수업무부차장송재규,4,커뮤니티 4,519,1,2.0
한국운수외자부장김창우,4,커뮤니티 4,519,1,2.0
홍순희위원(계속),4,커뮤니티 4,519,1,2.0
재무부사세국장권택상(계속),4,커뮤니티 4,519,1,2.0
농림부농산물검사소장박재룡,4,커뮤니티 4,519,1,2.0
전문위원김영륜,4,커뮤니티 4,519,1,2.0
내무부토목국서무과장최홍구,4,커뮤니티 4,519,1,2.0
육군제17범죄수사대장그,4,커뮤니티 4,519,1,2.0
육군제17범죄수사대장압니다.,4,커뮤니티 4,519,1,2.0
육군제17범죄수사대강소령,4,커뮤니티 4,519,1,2.0
육군제17범죄수사대장제가,4,커뮤니티 4,519,1,2.0
농업협동조합부회장우만형,4,커뮤니티 4,519,1,2.0
재무부관재국장김신단,4,커뮤니티 4,519,1,2.0
법무부법무국장김영간,4,커뮤니티 4,519,1,2.0
농림부농사원교도국장명재억,4,커뮤니티 4,519,1,2.0
상공부광무국장김효섭,4,커뮤니티 4,519,1,2.0
중앙공업연구소장이주호,4,커뮤니티 4,519,1,2.0
위원장대리황숙현,4,커뮤니티 4,519,1,2.0
해무청수산시험장제조화학과장이봉래,4,커뮤니티 4,519,1,2.0
해무청총무과예산계장김대관,4,커뮤니티 4,519,1,2.0
농림부농업시험장장장영철,4,커뮤니티 4,519,1,2.0
농림부원예시험장장김동우,4,커뮤니티 4,519,1,2.0
위원장대리홍순희,4,커뮤니티 4,519,1,2.0
농림부농산물검사소장구윤석,4,커뮤니티 4,519,1,2.0
해양경비대장김석응,4,커뮤니티 4,519,1,2.0
김정기위원,4,커뮤니티 4,519,1,2.0
해병대막사장84명입니다.,4,커뮤니티 4,519,1,2.0
해군본부법무감직별,4,커뮤니티 4,519,1,2.0
부산경비사령관600만,4,커뮤니티 4,519,1,2.0
부산경비사령부장대위본부하고,4,커뮤니티 4,519,1,2.0
부산경비사령부참모장기억이,4,커뮤니티 4,519,1,2.0
해군본부건축과장4층인데,4,커뮤니티 4,519,1,2.0
해군본부시설감설계에,4,커뮤니티 4,519,1,2.0
해군본부시설감4년,4,커뮤니티 4,519,1,2.0
부산경비사령부참모장없습니다.,4,커뮤니티 4,519,1,2.0
부산경비사령부참모장그,4,커뮤니티 4,519,1,2.0
해군본부시설감그에,4,커뮤니티 4,519,1,2.0
해군본부건축과장저는,4,커뮤니티 4,519,1,2.0
부산경비사령부참모장작년이,4,커뮤니티 4,519,1,2.0
해군본부건축과장지하실에,4,커뮤니티 4,519,1,2.0
부산경비사령부참모장품목하고,4,커뮤니티 4,519,1,2.0
해군본부건축과장세,4,커뮤니티 4,519,1,2.0
부산경비사령부참모장영수증이,4,커뮤니티 4,519,1,2.0
해군본부건축과장그것이,4,커뮤니티 4,519,1,2.0
외자청장신현확,4,커뮤니티 4,519,1,2.0
위원장대리주요한,4,커뮤니티 4,519,1,2.0
보건사회부방역과장이병학,4,커뮤니티 4,519,1,2.0
나상한위원,4,커뮤니티 4,519,1,2.0
금융조합연합회이사김주인,4,커뮤니티 4,519,1,2.0
예산국장오림근,4,커뮤니티 4,519,1,2.0
체신부전무국장서울-광주간의,4,커뮤니티 4,519,1,2.0
체신부전무국장먼저,4,커뮤니티 4,519,1,2.0
체신부경리국장아니올시다.,4,커뮤니티 4,519,1,2.0
체신부경리국장대단히,4,커뮤니티 4,519,1,2.0
교통부관리국장안동철도국,4,커뮤니티 4,519,1,2.0
생사검사소장이춘성,4,커뮤니티 4,519,1,2.0
농림부양정국장이중춘,4,커뮤니티 4,519,1,2.0
기획처기획과장결국,4,커뮤니티 4,519,1,2.0
예산국제3과장결국,4,커뮤니티 4,519,1,2.0
염산국장암시장에서는,4,커뮤니티 4,519,1,2.0
유태식위원,4,커뮤니티 4,519,1,2.0
염산국장천일염은,4,커뮤니티 4,519,1,2.0
조순,4,커뮤니티 4,519,1,2.0
윤제술위원(계속),4,커뮤니티 4,519,1,2.0
이협우위원,4,커뮤니티 4,519,1,2.0
한국은행총재김유택,4,커뮤니티 4,519,1,2.0
조인상위원,4,커뮤니티 4,519,1,2.0
제2군사령부특무대장보실,4,커뮤니티 4,519,1,2.0
병무국장장흥,4,커뮤니티 4,519,1,2.0
농림부양정국장김인권,4,커뮤니티 4,519,1,2.0
농림부양정국장이봉희(계속),4,커뮤니티 4,519,1,2.0
육군참모장정일권,4,커뮤니티 4,519,1,2.0
○○○위원,4,커뮤니티 4,519,1,2.0
함재훈위원,4,커뮤니티 4,519,1,2.0
내무부치안국경무과장현규병,4,커뮤니티 4,519,1,2.0
재무부차관윤인상(계속),4,커뮤니티 4,519,1,2.0
상공부공업국장신현확,4,커뮤니티 4,519,1,2.0
신행용위원(계속),4,커뮤니티 4,519,1,2.0
김지태위원,4,커뮤니티 4,519,1,2.0
김선택위원,4,커뮤니티 4,519,1,2.0
법제사법위원장대리현석호,4,커뮤니티 4,519,1,2.0
민의원법제조사국장고재필,4,커뮤니티 4,519,1,2.0
서울대학교교학국장조병욱,4,커뮤니티 4,519,1,2.0
보건사회위원장대리김철안,4,커뮤니티 4,519,1,2.0
김영선위원(계속),4,커뮤니티 4,519,1,2.0
백남식위원(계속),4,커뮤니티 4,519,1,2.0
농림부농정국장박도언,4,커뮤니티 4,519,1,2.0
관리과장한종호,4,커뮤니티 4,519,1,2.0
농림위원장대리민영남,4,커뮤니티 4,519,1,2.0
재무부예산국제2과장이범호,4,커뮤니티 4,519,1,2.0
전매청총무국장이종태,4,커뮤니티 4,519,1,2.0
양영주위원(계속),4,커뮤니티 4,519,1,2.0
김의택위원(계속),4,커뮤니티 4,519,1,2.0
농림부양정국장박도언,4,커뮤니티 4,519,1,2.0
상공위원장대리백남식,4,커뮤니티 4,519,1,2.0
문교부고등교육국장이근칠,4,커뮤니티 4,519,1,2.0
김종규위원,4,커뮤니티 4,519,1,2.0
해병사령관김석범,4,커뮤니티 4,519,1,2.0
국방부관리국장백선진,4,커뮤니티 4,519,1,2.0
국방위원장대리김기철,4,커뮤니티 4,519,1,2.0
문교부직원000,4,커뮤니티 4,519,1,2.0
상공위원장대리정규상,4,커뮤니티 4,519,1,2.0
농림위원회전문위원황숙현,4,커뮤니티 4,519,1,2.0
김달호위원(계속),4,커뮤니티 4,519,1,2.0
재무부예산국제1과장000,4,커뮤니티 4,519,1,2.0
내무부치안국장김종원,4,커뮤니티 4,519,1,2.0
법무부형정국장신언한,4,커뮤니티 4,519,1,2.0
국방장관김용우,4,커뮤니티 4,519,1,2.0
서울특별시토목국도로과장박봉건,4,커뮤니티 4,519,1,2.0
과학연구소장정낙은,4,커뮤니티 4,519,1,2.0
위원장대리박흥규(계속),4,커뮤니티 4,519,1,2.0
외무부정무국조약과장한규영,4,커뮤니티 4,519,1,2.0
농림부양정국장박도수,4,커뮤니티 4,519,1,2.0
위원장박정근,4,커뮤니티 4,519,1,2.0
부흥부기획국장장하정,4,커뮤니티 4,519,1,2.0
기록원함두영,4,커뮤니티 4,519,1,2.0
농정국장김병윤,4,커뮤니티 4,519,1,2.0
양일동위원(계속),4,커뮤니티 4,519,1,2.0
고등교육국장이근칠,4,커뮤니티 4,519,1,2.0
양정국장김병윤,4,커뮤니티 4,519,1,2.0
예결위원장이충환,4,커뮤니티 4,519,1,2.0
형정국장신언한,4,커뮤니티 4,519,1,2.0
부흥부기획국장한미,4,커뮤니티 4,519,1,2.0
재무장관김현철(계속),4,커뮤니티 4,519,1,2.0
농업은행총재박기희,4,커뮤니티 4,519,1,2.0
수리조합연합회장임석필,4,커뮤니티 4,519,1,2.0
이형모위원(계속),4,커뮤니티 4,519,1,2.0
사세청장이창규,4,커뮤니티 4,519,1,2.0
사세국장김만기(계속),4,커뮤니티 4,519,1,2.0
광무국장정영기,4,커뮤니티 4,519,1,2.0
외무장관변영태,4,커뮤니티 4,519,1,2.0
치안국장김장흥,4,커뮤니티 4,519,1,2.0
세정과장지금,4,커뮤니티 4,519,1,2.0
외무부통상국장87년도,4,커뮤니티 4,519,1,2.0
부흥부기획국장숫자적인,4,커뮤니티 4,519,1,2.0
류진산위원(계속),4,커뮤니티 4,519,1,2.0
세정과장예산상에,4,커뮤니티 4,519,1,2.0
문화국장성인교육에,4,커뮤니티 4,519,1,2.0
양정국장김봉관,4,커뮤니티 4,519,1,2.0
위원장대리박종길,4,커뮤니티 4,519,1,2.0
구왕실총무국장윤우경,4,커뮤니티 4,519,1,2.0
구황실관리국장윤우경,4,커뮤니티 4,519,1,2.0
한은총재김유택,4,커뮤니티 4,519,1,2.0
부흥부경제계획관4억,4,커뮤니티 4,519,1,2.0
사무처총무국장서임수,4,커뮤니티 4,519,1,2.0
고등교육국장톤당,4,커뮤니티 4,519,1,2.0
고등교육국장서울대학교,4,커뮤니티 4,519,1,2.0
문화국장이것은,4,커뮤니티 4,519,1,2.0
한국운수사장임봉순(발언,4,커뮤니티 4,519,1,1.0
정운갑위원(계속),4,커뮤니티 4,519,1,1.0
유성권위원(계속),4,커뮤니티 4,519,1,1.0
김용진위원(발언도중),4,커뮤니티 4,519,1,1.0
위원장대리윤치영,4,커뮤니티 4,519,1,1.0
위원장박흥규,5,커뮤니티 5,507,1076,2011.0
양일동위원,5,커뮤니티 5,507,968,1936.0
위원장조순,5,커뮤니티 5,507,872,1515.0
김선태위원,5,커뮤니티 5,507,677,1353.0
이태용위원,5,커뮤니티 5,507,619,1238.0
위원장이성주,5,커뮤니티 5,507,733,1232.0
위원장박만원,5,커뮤니티 5,507,579,1072.0
서범석위원,5,커뮤니티 5,507,456,908.0
위원장대리김두진,5,커뮤니티 5,507,415,801.0
문종두위원,5,커뮤니티 5,507,382,764.0
위원장최용근,5,커뮤니티 5,507,405,745.0
엄상섭위원,5,커뮤니티 5,507,351,702.0
위원장이갑식,5,커뮤니티 5,507,385,698.0
위원장김상도,5,커뮤니티 5,507,383,687.0
위원장김의준,5,커뮤니티 5,507,347,609.0
이종남위원,5,커뮤니티 5,507,297,594.0
총무국장서상준,5,커뮤니티 5,507,307,592.0
정성태위원,5,커뮤니티 5,507,285,567.0
이재학위원,5,커뮤니티 5,507,264,528.0
의사국장이호진,5,커뮤니티 5,507,263,525.0
재무부장관송인상,5,커뮤니티 5,507,262,522.0
류순식위원,5,커뮤니티 5,507,258,516.0
위원장정명섭,5,커뮤니티 5,507,278,514.0
김용진위원,5,커뮤니티 5,507,236,471.0
위원장김원태,5,커뮤니티 5,507,254,439.0
이영희위원,5,커뮤니티 5,507,219,437.0
김재곤위원,5,커뮤니티 5,507,215,430.0
김석진위원,5,커뮤니티 5,507,210,420.0
박해정위원,5,커뮤니티 5,507,198,396.0
류진산위원,5,커뮤니티 5,507,194,388.0
증인손석래,5,커뮤니티 5,507,190,380.0
임철호위원,5,커뮤니티 5,507,189,378.0
조재천위원,5,커뮤니티 5,507,182,364.0
조영규위원,5,커뮤니티 5,507,174,348.0
진형하위원,5,커뮤니티 5,507,174,348.0
내무부장관최인규,5,커뮤니티 5,507,168,336.0
윤명운위원,5,커뮤니티 5,507,164,328.0
유봉순위원,5,커뮤니티 5,507,162,324.0
위원장이상용,5,커뮤니티 5,507,193,316.0
위원장이종수,5,커뮤니티 5,507,178,315.0
임문석위원,5,커뮤니티 5,507,157,314.0
권오종위원,5,커뮤니티 5,507,150,300.0
김동욱위원,5,커뮤니티 5,507,147,294.0
유기수위원,5,커뮤니티 5,507,142,284.0
민주당원내총무류진산,5,커뮤니티 5,507,141,281.0
이재형위원,5,커뮤니티 5,507,139,278.0
국방부장관김정열,5,커뮤니티 5,507,135,269.0
사회윤명운,5,커뮤니티 5,507,143,268.0
교통부차관송원영,5,커뮤니티 5,507,132,264.0
정중섭위원,5,커뮤니티 5,507,131,262.0
재무부사세국장권택상,5,커뮤니티 5,507,115,230.0
서임수위원,5,커뮤니티 5,507,115,230.0
사회박흥규,5,커뮤니티 5,507,128,221.0
서정귀위원,5,커뮤니티 5,507,107,214.0
교통부장관문봉제,5,커뮤니티 5,507,106,211.0
법무부장관홍진기,5,커뮤니티 5,507,102,204.0
위원장박순석,5,커뮤니티 5,507,110,203.0
체신부장관곽의영,5,커뮤니티 5,507,99,197.0
한근조위원,5,커뮤니티 5,507,98,196.0
재무부이재국장이열모,5,커뮤니티 5,507,89,178.0
김주묵위원,5,커뮤니티 5,507,88,175.0
위원장박세경,5,커뮤니티 5,507,90,174.0
내무부장관김일환,5,커뮤니티 5,507,87,174.0
윤재근위원,5,커뮤니티 5,507,83,166.0
조한백위원,5,커뮤니티 5,507,82,164.0
황성수위원,5,커뮤니티 5,507,79,158.0
위원장지대형,5,커뮤니티 5,507,81,157.0
경리과장안길호,5,커뮤니티 5,507,78,156.0
정명섭위원,5,커뮤니티 5,507,77,154.0
전문위원이천승,5,커뮤니티 5,507,75,150.0
교통부장관김일환,5,커뮤니티 5,507,71,142.0
최용근위원,5,커뮤니티 5,507,70,140.0
고담용위원,5,커뮤니티 5,507,70,140.0
이은태위원,5,커뮤니티 5,507,69,138.0
나상근위원,5,커뮤니티 5,507,69,138.0
교통부경리국장이동희,5,커뮤니티 5,507,65,130.0
위원장대리이종수,5,커뮤니티 5,507,68,129.0
사무총장최정우,5,커뮤니티 5,507,65,129.0
내무부장관장경근,5,커뮤니티 5,507,64,128.0
이병하위원,5,커뮤니티 5,507,64,128.0
김재위위원,5,커뮤니티 5,507,63,126.0
장택상위원,5,커뮤니티 5,507,62,124.0
김상도위원,5,커뮤니티 5,507,61,122.0
자유당원내총무박용익,5,커뮤니티 5,507,61,122.0
부산지방검찰청검사장양정수,5,커뮤니티 5,507,58,116.0
교통부장관최인규,5,커뮤니티 5,507,58,116.0
내무부장관민병기,5,커뮤니티 5,507,58,116.0
증인김경술,5,커뮤니티 5,507,56,112.0
정헌주위원,5,커뮤니티 5,507,55,110.0
위원장대리손석두,5,커뮤니티 5,507,55,106.0
박상길위원,5,커뮤니티 5,507,54,106.0
경상남도지사신도성,5,커뮤니티 5,507,53,106.0
김종철위원,5,커뮤니티 5,507,53,106.0
민주당원내부총무윤명운,5,커뮤니티 5,507,52,104.0
반재현위원,5,커뮤니티 5,507,52,104.0
증인주희국,5,커뮤니티 5,507,50,100.0
법무부차관신언한,5,커뮤니티 5,507,50,100.0
박찬현위원,5,커뮤니티 5,507,50,100.0
손영수위원,5,커뮤니티 5,507,50,100.0
최희송위원,5,커뮤니티 5,507,50,100.0
위원장손석두,5,커뮤니티 5,507,60,97.0
산업은행총재구용서,5,커뮤니티 5,507,48,96.0
증인이만호,5,커뮤니티 5,507,47,94.0
체신부전무국장윤태은,5,커뮤니티 5,507,47,94.0
손문경위원,5,커뮤니티 5,507,46,92.0
김선우위원,5,커뮤니티 5,507,46,92.0
증인한옥신,5,커뮤니티 5,507,45,90.0
증인전창희,5,커뮤니티 5,507,43,86.0
장경근위원,5,커뮤니티 5,507,43,86.0
전매청총무국장박도언,5,커뮤니티 5,507,43,86.0
위원장정존수,5,커뮤니티 5,507,44,84.0
안용대위원,5,커뮤니티 5,507,42,84.0
정준위원,5,커뮤니티 5,507,42,84.0
증인김봉규,5,커뮤니티 5,507,42,84.0
증인김병국,5,커뮤니티 5,507,42,82.0
구황실재산관리사무총국장윤우경,5,커뮤니티 5,507,41,82.0
유승준위원,5,커뮤니티 5,507,41,82.0
민주당원내총무김의택,5,커뮤니티 5,507,41,82.0
증인최재섭,5,커뮤니티 5,507,40,80.0
이동근위원,5,커뮤니티 5,507,40,80.0
위원장대리서범석,5,커뮤니티 5,507,43,79.0
증인박영두,5,커뮤니티 5,507,38,76.0
사무총장대리정홍섭,5,커뮤니티 5,507,38,76.0
재무부예산국장이한빈,5,커뮤니티 5,507,38,76.0
박순석위원,5,커뮤니티 5,507,37,74.0
권복인위원,5,커뮤니티 5,507,36,72.0
내무부토목국장황정철,5,커뮤니티 5,507,36,72.0
증인박종표,5,커뮤니티 5,507,36,72.0
교통부자재국장대리김병주,5,커뮤니티 5,507,36,72.0
증인김화수,5,커뮤니티 5,507,35,70.0
내무부차관이성우,5,커뮤니티 5,507,35,70.0
구태회위원,5,커뮤니티 5,507,35,70.0
증인김희덕,5,커뮤니티 5,507,35,70.0
홍봉진위원,5,커뮤니티 5,507,34,68.0
최규옥위원,5,커뮤니티 5,507,34,68.0
체신부경리국장김봉렬,5,커뮤니티 5,507,34,68.0
계광순위원,5,커뮤니티 5,507,34,68.0
재무부이재국장김종대,5,커뮤니티 5,507,33,66.0
관재국장김준환,5,커뮤니티 5,507,32,64.0
증인김형대,5,커뮤니티 5,507,32,64.0
외무부차관최규하,5,커뮤니티 5,507,31,62.0
교통부공전국장정두길,5,커뮤니티 5,507,31,62.0
체신부경리국장지창하,5,커뮤니티 5,507,31,62.0
한희석위원,5,커뮤니티 5,507,31,62.0
경상남도경찰국장이정용,5,커뮤니티 5,507,31,62.0
이성주위원,5,커뮤니티 5,507,31,60.0
신의식위원,5,커뮤니티 5,507,30,60.0
위원장대리김성복,5,커뮤니티 5,507,34,58.0
자유당원내부총무박흥규,5,커뮤니티 5,507,29,58.0
내무부치안국장조인구,5,커뮤니티 5,507,29,58.0
교통부총무과장홍성복,5,커뮤니티 5,507,28,56.0
부산지검검사장양정수,5,커뮤니티 5,507,28,56.0
정세환위원,5,커뮤니티 5,507,28,56.0
증인장병균,5,커뮤니티 5,507,28,56.0
류홍위원,5,커뮤니티 5,507,27,54.0
전문위원이회근,5,커뮤니티 5,507,27,54.0
내무부치안국장이강학,5,커뮤니티 5,507,27,54.0
전문위원유태영,5,커뮤니티 5,507,27,54.0
위원장대리류순식,5,커뮤니티 5,507,31,53.0
증인허형구,5,커뮤니티 5,507,26,52.0
전원위원장지청천,5,커뮤니티 5,507,30,50.0
증인김봉진,5,커뮤니티 5,507,25,50.0
증인고철환,5,커뮤니티 5,507,24,48.0
증인이갑도,5,커뮤니티 5,507,24,48.0
이옥동위원,5,커뮤니티 5,507,24,47.0
박세경위원,5,커뮤니티 5,507,23,46.0
최창섭위원,5,커뮤니티 5,507,23,46.0
오위영위원,5,커뮤니티 5,507,23,46.0
증인김성근,5,커뮤니티 5,507,23,46.0
홍승업위원,5,커뮤니티 5,507,23,46.0
증인정남규,5,커뮤니티 5,507,22,44.0
국방위원장하태환,5,커뮤니티 5,507,22,44.0
서울특별시장임흥순,5,커뮤니티 5,507,22,44.0
체신부우정국장이신득,5,커뮤니티 5,507,21,42.0
재무부세관국장김신서,5,커뮤니티 5,507,21,42.0
증인이학만,5,커뮤니티 5,507,21,42.0
재무부사세국장김만기,5,커뮤니티 5,507,21,42.0
증인신정강,5,커뮤니티 5,507,21,42.0
관리과장곽종호,5,커뮤니티 5,507,21,42.0
신용욱위원,5,커뮤니티 5,507,21,42.0
위원장대리조영규,5,커뮤니티 5,507,22,41.0
전문위원서일교,5,커뮤니티 5,507,20,40.0
국방부차관보백선진,5,커뮤니티 5,507,20,40.0
강승구위원,5,커뮤니티 5,507,19,38.0
나용균위원,5,커뮤니티 5,507,19,38.0
교통부육운국장이상훈,5,커뮤니티 5,507,19,38.0
내무부지방국장최병환,5,커뮤니티 5,507,19,38.0
증인여덕만,5,커뮤니티 5,507,19,38.0
박영교위원,5,커뮤니티 5,507,19,38.0
위원장대리김선우,5,커뮤니티 5,507,19,37.0
위원장신의식,5,커뮤니티 5,507,20,36.0
교통부시설국장현영일,5,커뮤니티 5,507,18,36.0
증인김치은,5,커뮤니티 5,507,18,36.0
내무부차관김장섭,5,커뮤니티 5,507,18,36.0
체신부경리국사계과장김형희,5,커뮤니티 5,507,18,36.0
이용범위원,5,커뮤니티 5,507,18,36.0
김옥주위원,5,커뮤니티 5,507,18,36.0
증인강태호,5,커뮤니티 5,507,17,34.0
내무부지방국장최응복,5,커뮤니티 5,507,17,34.0
증인황응수,5,커뮤니티 5,507,17,34.0
증인이필재,5,커뮤니티 5,507,17,34.0
이상용위원,5,커뮤니티 5,507,17,34.0
주병환위원,5,커뮤니티 5,507,17,34.0
증인박용록,5,커뮤니티 5,507,17,34.0
위원장손영수,5,커뮤니티 5,507,18,32.0
이갑식위원,5,커뮤니티 5,507,16,32.0
홍익표위원,5,커뮤니티 5,507,16,32.0
증인이양수,5,커뮤니티 5,507,16,32.0
교통부경리국장오길영,5,커뮤니티 5,507,16,32.0
증인정상숙,5,커뮤니티 5,507,15,30.0
자유당원내총무정문흠,5,커뮤니티 5,507,15,30.0
증인박계진,5,커뮤니티 5,507,15,30.0
최영철위원,5,커뮤니티 5,507,15,30.0
사무차장정홍섭,5,커뮤니티 5,507,14,28.0
증인천기홍,5,커뮤니티 5,507,14,28.0
증인김순희,5,커뮤니티 5,507,14,28.0
증인김성립,5,커뮤니티 5,507,14,28.0
증인박윤식,5,커뮤니티 5,507,14,28.0
경상남도경찰국장최남규,5,커뮤니티 5,507,14,28.0
자유당원내부총무현오봉,5,커뮤니티 5,507,14,28.0
박재홍위원,5,커뮤니티 5,507,14,28.0
정낙훈위원,5,커뮤니티 5,507,14,28.0
증인최원구,5,커뮤니티 5,507,14,28.0
한국은행부총재송인상,5,커뮤니티 5,507,14,28.0
위원장대리박세경,5,커뮤니티 5,507,13,26.0
오형근위원,5,커뮤니티 5,507,13,26.0
전문위원윤택선,5,커뮤니티 5,507,13,26.0
염우량위원,5,커뮤니티 5,507,13,26.0
정재원위원,5,커뮤니티 5,507,13,26.0
남송학위원,5,커뮤니티 5,507,13,26.0
체신부차관조응천,5,커뮤니티 5,507,13,26.0
증인이명선,5,커뮤니티 5,507,13,26.0
전문위원정완영,5,커뮤니티 5,507,13,26.0
위원장대리유봉순,5,커뮤니티 5,507,13,25.0
시국대책위원장이재형,5,커뮤니티 5,507,12,24.0
증인정현팔,5,커뮤니티 5,507,12,24.0
내무부치안국장서정학,5,커뮤니티 5,507,12,24.0
증인서득용,5,커뮤니티 5,507,12,24.0
체신부총무과장김정진,5,커뮤니티 5,507,12,24.0
교통부경리국장이동세,5,커뮤니티 5,507,12,24.0
국회사무총장최정우,5,커뮤니티 5,507,12,24.0
손권배위원,5,커뮤니티 5,507,12,24.0
정존수위원,5,커뮤니티 5,507,11,22.0
증인정순조,5,커뮤니티 5,507,11,22.0
증인권종림,5,커뮤니티 5,507,11,22.0
중앙선거위원장김두일,5,커뮤니티 5,507,11,22.0
증인김술남,5,커뮤니티 5,507,11,22.0
문교위원장손재형,5,커뮤니티 5,507,11,22.0
교통부차관석상옥,5,커뮤니티 5,507,11,22.0
엄상섭위원(계속),5,커뮤니티 5,507,11,22.0
대법관김세완,5,커뮤니티 5,507,11,22.0
증인김봉두,5,커뮤니티 5,507,10,20.0
김원태위원,5,커뮤니티 5,507,10,20.0
정문흠위원,5,커뮤니티 5,507,10,20.0
체신부전무국장윤대은,5,커뮤니티 5,507,10,20.0
이석기위원,5,커뮤니티 5,507,10,20.0
증인권찬주,5,커뮤니티 5,507,10,20.0
전영석위원,5,커뮤니티 5,507,10,20.0
한국산업은행총재구용서,5,커뮤니티 5,507,10,20.0
위원장대리이형진,5,커뮤니티 5,507,10,19.0
이진수위원,5,커뮤니티 5,507,9,18.0
교통부관재과장황문중,5,커뮤니티 5,507,9,18.0
장홍염위원,5,커뮤니티 5,507,9,18.0
증인박세현,5,커뮤니티 5,507,9,18.0
증인박주복,5,커뮤니티 5,507,9,18.0
재무부이재국장김정렴,5,커뮤니티 5,507,9,18.0
임흥순위원,5,커뮤니티 5,507,9,18.0
법제조사국장고재필,5,커뮤니티 5,507,9,18.0
중앙선거위원회위원장김두일,5,커뮤니티 5,507,9,18.0
임시소집책임자양일동,5,커뮤니티 5,507,9,17.0
대법관백한성,5,커뮤니티 5,507,8,16.0
교통체신위원장정명섭,5,커뮤니티 5,507,8,16.0
증인김무신,5,커뮤니티 5,507,8,16.0
김성곤위원(계속),5,커뮤니티 5,507,8,16.0
내무부통계국장유상근,5,커뮤니티 5,507,8,16.0
총무과장김상수,5,커뮤니티 5,507,8,16.0
법무부법제실장강명옥,5,커뮤니티 5,507,8,16.0
김상현위원,5,커뮤니티 5,507,8,16.0
소집책임자이재형,5,커뮤니티 5,507,8,15.0
국방부경리국장박충훈,5,커뮤니티 5,507,7,14.0
총무국경리과장안길호,5,커뮤니티 5,507,7,14.0
국쾌남위원,5,커뮤니티 5,507,7,14.0
손석두위원,5,커뮤니티 5,507,7,14.0
법원행정처장배영호,5,커뮤니티 5,507,7,14.0
재무부세관국장이용철,5,커뮤니티 5,507,7,14.0
박용익위원,5,커뮤니티 5,507,7,14.0
조경규위원,5,커뮤니티 5,507,7,14.0
체신부전무국장이재곤,5,커뮤니티 5,507,7,14.0
증인안여하,5,커뮤니티 5,507,7,14.0
증인박충모,5,커뮤니티 5,507,7,14.0
윤치영위원,5,커뮤니티 5,507,7,14.0
증인제길윤,5,커뮤니티 5,507,7,14.0
국회의사당건축설계도안심사위원장김윤기,5,커뮤니티 5,507,6,12.0
증인정경도,5,커뮤니티 5,507,6,12.0
내무부차관이동환,5,커뮤니티 5,507,6,12.0
이주형위원,5,커뮤니티 5,507,6,12.0
조헌영위원,5,커뮤니티 5,507,6,12.0
전문위원서극형,5,커뮤니티 5,507,6,12.0
전문위원윤영구,5,커뮤니티 5,507,6,12.0
서울특별시경찰국장유충렬,5,커뮤니티 5,507,6,12.0
이석위원,5,커뮤니티 5,507,6,12.0
자유당원내부총무원용석,5,커뮤니티 5,507,6,12.0
강기문위원,5,커뮤니티 5,507,6,11.0
사회보건위원장대리나판수,5,커뮤니티 5,507,5,10.0
서범석위원(계속),5,커뮤니티 5,507,5,10.0
유옥우위원(계속),5,커뮤니티 5,507,5,10.0
국회의사당도안심사위원회위원장김윤기,5,커뮤니티 5,507,5,10.0
조재천위원(계속),5,커뮤니티 5,507,5,10.0
육군제1201공병단장오한영,5,커뮤니티 5,507,5,10.0
반장김선우,5,커뮤니티 5,507,5,10.0
장병만위원,5,커뮤니티 5,507,5,10.0
김광준위원,5,커뮤니티 5,507,5,10.0
대법관김두일,5,커뮤니티 5,507,5,10.0
김진원위원,5,커뮤니티 5,507,5,10.0
증인김완길,5,커뮤니티 5,507,5,10.0
이정희위원,5,커뮤니티 5,507,5,10.0
서용길위원,5,커뮤니티 5,507,5,10.0
이성학위원,5,커뮤니티 5,507,5,10.0
도서관장신현경,5,커뮤니티 5,507,5,10.0
체신부전무국이사관임남수,5,커뮤니티 5,507,4,8.0
한국산업은행총재김영찬,5,커뮤니티 5,507,4,8.0
전문위원김승진,5,커뮤니티 5,507,4,8.0
대법관배정현,5,커뮤니티 5,507,4,8.0
국방위원장유용식,5,커뮤니티 5,507,4,8.0
강욱중위원,5,커뮤니티 5,507,4,8.0
증인구봉회,5,커뮤니티 5,507,4,8.0
증인주영택,5,커뮤니티 5,507,4,8.0
민의원사무총장대리정홍섭,5,커뮤니티 5,507,4,8.0
민주당원내부총무김의택,5,커뮤니티 5,507,4,8.0
교통부육운국공로과장윤영구,5,커뮤니티 5,507,4,8.0
교통부심사과장구차경,5,커뮤니티 5,507,4,8.0
교통부백이사관,5,커뮤니티 5,507,4,8.0
조정훈위원,5,커뮤니티 5,507,4,8.0
서이환위원,5,커뮤니티 5,507,4,8.0
위원장대리정헌주,5,커뮤니티 5,507,4,8.0
내무부치안국보안과장이강학,5,커뮤니티 5,507,4,7.0
재무부사세국직세과장성두현,5,커뮤니티 5,507,3,6.0
총무국관리과장곽종호,5,커뮤니티 5,507,3,6.0
내무위원장이상용,5,커뮤니티 5,507,3,6.0
전문위원홍영기,5,커뮤니티 5,507,3,6.0
증인변재준,5,커뮤니티 5,507,3,6.0
증인김만,5,커뮤니티 5,507,3,6.0
증인박성희,5,커뮤니티 5,507,3,6.0
경상남도경찰국경비과장최윤국,5,커뮤니티 5,507,3,6.0
경상남도경찰국사찰과장이화식,5,커뮤니티 5,507,3,6.0
내무부토목국장민한기,5,커뮤니티 5,507,3,6.0
이상룡위원,5,커뮤니티 5,507,3,6.0
국방부병무국장000,5,커뮤니티 5,507,3,6.0
서울특별시건설국장신현주,5,커뮤니티 5,507,3,6.0
예산결산위원장박만원,5,커뮤니티 5,507,3,6.0
자유당원내부총무곽의영,5,커뮤니티 5,507,3,6.0
민의원경리과장안길호,5,커뮤니티 5,507,3,6.0
김형섭위원,5,커뮤니티 5,507,3,6.0
국회의사당현상설계도안심사위원장김윤기,5,커뮤니티 5,507,3,6.0
홍순철위원,5,커뮤니티 5,507,3,6.0
교통부육운국영업과장임성일,5,커뮤니티 5,507,3,6.0
김우동위원,5,커뮤니티 5,507,3,6.0
배중혁위원,5,커뮤니티 5,507,3,6.0
신성균위원,5,커뮤니티 5,507,3,6.0
이성득위원,5,커뮤니티 5,507,3,6.0
박윤원위원,5,커뮤니티 5,507,3,6.0
이태용위원(계속),5,커뮤니티 5,507,3,6.0
김재학위원,5,커뮤니티 5,507,3,6.0
이종영위원,5,커뮤니티 5,507,3,6.0
이문원위원,5,커뮤니티 5,507,3,6.0
정해준위원,5,커뮤니티 5,507,3,6.0
인태식위원,5,커뮤니티 5,507,3,6.0
구황실재산관리총국장윤우경,5,커뮤니티 5,507,3,6.0
체신부차관최재호,5,커뮤니티 5,507,3,6.0
총무국장권병호,5,커뮤니티 5,507,3,5.0
자유당원내부총무이성주,5,커뮤니티 5,507,2,4.0
김정식위원,5,커뮤니티 5,507,2,4.0
교통부총무국장최구철,5,커뮤니티 5,507,2,4.0
재무부사세국관세과장구종서,5,커뮤니티 5,507,2,4.0
이석주위원,5,커뮤니티 5,507,2,4.0
이항발위원,5,커뮤니티 5,507,2,4.0
문종두위원(계속),5,커뮤니티 5,507,2,4.0
전문위원이태준,5,커뮤니티 5,507,2,4.0
김철위원,5,커뮤니티 5,507,2,4.0
김봉조위원,5,커뮤니티 5,507,2,4.0
신익희위원,5,커뮤니티 5,507,2,4.0
재무부사세국토지수득세과장황중율,5,커뮤니티 5,507,2,4.0
안준기위원,5,커뮤니티 5,507,2,4.0
산업은행이사강원기,5,커뮤니티 5,507,2,4.0
증인의모,5,커뮤니티 5,507,2,4.0
이강우위원,5,커뮤니티 5,507,2,4.0
태풍재해대책위원장하태환,5,커뮤니티 5,507,2,4.0
국방부차관보박임항,5,커뮤니티 5,507,2,4.0
권태희위원,5,커뮤니티 5,507,2,4.0
정도영위원,5,커뮤니티 5,507,2,4.0
김성곤위원,5,커뮤니티 5,507,2,4.0
증인권소협이,5,커뮤니티 5,507,2,4.0
경상남도경찰국수사과장김경술,5,커뮤니티 5,507,2,4.0
교통부자재국이사관김병주,5,커뮤니티 5,507,2,4.0
강봉옥위원,5,커뮤니티 5,507,2,4.0
서동진위원,5,커뮤니티 5,507,2,4.0
교통부시설국기감신무성,5,커뮤니티 5,507,2,4.0
김동욱위원(계속),5,커뮤니티 5,507,2,4.0
사회보건위원장대리정준모,5,커뮤니티 5,507,2,4.0
구황실재산관리사무총국사무관정연규,5,커뮤니티 5,507,2,4.0
오택열위원,5,커뮤니티 5,507,2,4.0
한국은행총재김진형,5,커뮤니티 5,507,2,4.0
원장길위원,5,커뮤니티 5,507,2,4.0
최운교위원,5,커뮤니티 5,507,2,4.0
국회운영위원장이성주,5,커뮤니티 5,507,2,4.0
재무부관재국장이용철,5,커뮤니티 5,507,2,4.0
장영근위원,5,커뮤니티 5,507,2,4.0
운영위원장대리이태용,5,커뮤니티 5,507,2,4.0
대법원대법관김두일,5,커뮤니티 5,507,2,4.0
김병회위원,5,커뮤니티 5,507,2,4.0
농업은행총재박주희,5,커뮤니티 5,507,2,4.0
위원장대리정규상,5,커뮤니티 5,507,3,3.0
교통부경리국총무과장강민구,5,커뮤니티 5,507,1,2.0
재무부관세국관세과장구종서,5,커뮤니티 5,507,1,2.0
교통부공로과장윤영구,5,커뮤니티 5,507,1,2.0
외부무장관조정환,5,커뮤니티 5,507,1,2.0
부흥부장관신현확(계속),5,커뮤니티 5,507,1,2.0
법제사법위원장대리박세경,5,커뮤니티 5,507,1,2.0
김선태위원(계속),5,커뮤니티 5,507,1,2.0
서울지방검찰청부장검사조인구,5,커뮤니티 5,507,1,2.0
한근조위원(계속),5,커뮤니티 5,507,1,2.0
윤택중위원(계속),5,커뮤니티 5,507,1,2.0
강성태의원,5,커뮤니티 5,507,1,2.0
정상희위원,5,커뮤니티 5,507,1,2.0
참사김종락,5,커뮤니티 5,507,1,2.0
농림위원장대리김용진,5,커뮤니티 5,507,1,2.0
교통부자재국장오길영,5,커뮤니티 5,507,1,2.0
육군본부병참감14명이고,5,커뮤니티 5,507,1,2.0
내무부총무과장강민구,5,커뮤니티 5,507,1,2.0
해병사령관김대식,5,커뮤니티 5,507,1,2.0
남궁현위원,5,커뮤니티 5,507,1,2.0
조국현위원,5,커뮤니티 5,507,1,2.0
육홍균위원,5,커뮤니티 5,507,1,2.0
김동준위원,5,커뮤니티 5,507,1,2.0
이종남위원(계속),5,커뮤니티 5,507,1,2.0
진형하위원(계속),5,커뮤니티 5,507,1,2.0
오범수위원(의석에서),5,커뮤니티 5,507,1,2.0
임철호위원(계속),5,커뮤니티 5,507,1,2.0
대법관오필선,5,커뮤니티 5,507,1,2.0
상공부광업국장전효섭,5,커뮤니티 5,507,1,2.0
재무부차관박종권,5,커뮤니티 5,507,1,2.0
노익환위원,5,커뮤니티 5,507,1,2.0
노일환위원,5,커뮤니티 5,507,1,2.0
정균식위원,5,커뮤니티 5,507,1,2.0
황병규위원,5,커뮤니티 5,507,1,2.0
오용국위원,5,커뮤니티 5,507,1,2.0
법제사법위원장대리조광희,5,커뮤니티 5,507,1,2.0
조종승위원,5,커뮤니티 5,507,1,2.0
주기용위원,5,커뮤니티 5,507,1,2.0
심계원차장이흥배,5,커뮤니티 5,507,1,2.0
김익기위원,5,커뮤니티 5,507,1,2.0
한암회위원,5,커뮤니티 5,507,1,2.0
외무부장관최규하,5,커뮤니티 5,507,1,2.0
홍희종위원,5,커뮤니티 5,507,1,2.0
오택관위원,5,커뮤니티 5,507,1,2.0
진헌식위원,5,커뮤니티 5,507,1,2.0
박기운위원,5,커뮤니티 5,507,1,2.0
국방부장관김정열(계속),5,커뮤니티 5,507,1,2.0
계광순위원(계속),5,커뮤니티 5,507,1,2.0
이병관위원,5,커뮤니티 5,507,1,2.0
서울특별시내무국장김용진,5,커뮤니티 5,507,1,2.0
전만중위원,5,커뮤니티 5,507,1,2.0
교통부자재국장김병주,5,커뮤니티 5,507,1,2.0
교통부총무과주임장익성,5,커뮤니티 5,507,1,2.0
이동진위원,5,커뮤니티 5,507,1,2.0
법사위원장박세경,5,커뮤니티 5,507,1,2.0
운영위원회전문위원이회근,5,커뮤니티 5,507,1,2.0
체신부전무국전신과장김창한,5,커뮤니티 5,507,1,2.0
민관식위원(계속),5,커뮤니티 5,507,1,2.0
육군제1군사령관송요찬,5,커뮤니티 5,507,1,2.0
민의원사무처법제조사국장고재필,5,커뮤니티 5,507,1,2.0
재정경제위원장대리이갑식,5,커뮤니티 5,507,1,2.0
보건사회부부녀국장박인순,5,커뮤니티 5,507,1,2.0
민의원사무처총무국장서상준,5,커뮤니티 5,507,1,2.0
내무부통계국장박춘성,5,커뮤니티 5,507,1,2.0
김찬현위원,5,커뮤니티 5,507,1,2.0
박명길위원,5,커뮤니티 5,507,1,2.0
내무부통계국장임춘무,5,커뮤니티 5,507,1,2.0
류순석위원,5,커뮤니티 5,507,1,2.0
이남규위원,5,커뮤니티 5,507,1,2.0
이기붕위원,5,커뮤니티 5,507,1,2.0
전문위원박영배,5,커뮤니티 5,507,1,2.0
내무부토목국이사관김동호,5,커뮤니티 5,507,1,2.0
나창헌위원,5,커뮤니티 5,507,1,2.0
내무부토목국도로과장임봉건,5,커뮤니티 5,507,1,2.0
전매청연초국장유정식,5,커뮤니티 5,507,1,2.0
교통부공전국장강영직,5,커뮤니티 5,507,1,2.0
서울특별시경찰국장길경복,5,커뮤니티 5,507,1,2.0
검찰국장박천일,5,커뮤니티 5,507,1,2.0
법무장관조용순,5,커뮤니티 5,507,1,2.0
장기영위원,5,커뮤니티 5,507,1,2.0
한필수위원,5,커뮤니티 5,507,1,2.0
조봉암위원,5,커뮤니티 5,507,1,2.0
여운홍위원,5,커뮤니티 5,507,1,2.0
이갑성위원,5,커뮤니티 5,507,1,2.0
김양수위원,5,커뮤니티 5,507,1,2.0
김준태위원,5,커뮤니티 5,507,1,2.0
이종욱위원,5,커뮤니티 5,507,1,2.0
조광섭위원,5,커뮤니티 5,507,1,2.0
재무부사세국장권택상(발언,5,커뮤니티 5,507,1,1.0
서범석위원(발언도중),5,커뮤니티 5,507,1,1.0
총무국장서상준(계속),5,커뮤니티 5,507,1,1.0
정헌주위원(발언,5,커뮤니티 5,507,1,1.0
박해정위원(계속),5,커뮤니티 5,507,1,1.0
한국산업은행총재구용서(발언도중),5,커뮤니티 5,507,1,1.0
박해정위원(발언도중),5,커뮤니티 5,507,1,1.0
총무국장서상준(발언도중),5,커뮤니티 5,507,1,1.0
부의장조봉암,6,커뮤니티 6,385,5796,10911.0
부의장장택상,6,커뮤니티 6,385,1344,2516.0
의장대리조봉암,6,커뮤니티 6,385,755,1405.0
재정경제위원장이재형,6,커뮤니티 6,385,441,882.0
백남식의원,6,커뮤니티 6,385,427,848.0
엄상섭의원,6,커뮤니티 6,385,335,668.0
곽의영의원,6,커뮤니티 6,385,314,628.0
박영출의원,6,커뮤니티 6,385,289,578.0
법제사법위원장대리엄상섭,6,커뮤니티 6,385,264,528.0
박정근의원,6,커뮤니티 6,385,254,508.0
의사과장이호진,6,커뮤니티 6,385,247,491.0
이종형의원,6,커뮤니티 6,385,233,466.0
박만원의원,6,커뮤니티 6,385,209,418.0
농림위원장박정근,6,커뮤니티 6,385,206,390.0
서범석의원,6,커뮤니티 6,385,180,360.0
오의관의원,6,커뮤니티 6,385,177,354.0
홍창섭의원,6,커뮤니티 6,385,174,348.0
조주영의원,6,커뮤니티 6,385,174,346.0
의장대리장택상,6,커뮤니티 6,385,179,325.0
남송학의원,6,커뮤니티 6,385,161,322.0
김정식의원,6,커뮤니티 6,385,154,308.0
태완선의원,6,커뮤니티 6,385,153,306.0
김종순의원,6,커뮤니티 6,385,143,286.0
법제사법위원장엄상섭,6,커뮤니티 6,385,143,286.0
법제사법위원장윤길중,6,커뮤니티 6,385,139,276.0
조광섭의원,6,커뮤니티 6,385,132,264.0
이종현의원,6,커뮤니티 6,385,122,244.0
유승준의원,6,커뮤니티 6,385,120,240.0
상공위원장대리태완선,6,커뮤니티 6,385,117,234.0
김정실의원,6,커뮤니티 6,385,117,232.0
재무부차관박희현,6,커뮤니티 6,385,116,232.0
김봉재의원,6,커뮤니티 6,385,113,226.0
안상한의원,6,커뮤니티 6,385,109,218.0
지연해의원,6,커뮤니티 6,385,103,206.0
황성수의원,6,커뮤니티 6,385,101,202.0
신익희의원,6,커뮤니티 6,385,101,201.0
안용대의원,6,커뮤니티 6,385,100,200.0
오성환의원,6,커뮤니티 6,385,98,196.0
외무부장관변영태,6,커뮤니티 6,385,95,190.0
재무부장관백두진,6,커뮤니티 6,385,92,184.0
사회보건위원장박영출,6,커뮤니티 6,385,88,176.0
김용우의원,6,커뮤니티 6,385,86,172.0
정남국의원,6,커뮤니티 6,385,80,160.0
서민호의원,6,커뮤니티 6,385,80,160.0
윤길중의원,6,커뮤니티 6,385,78,154.0
재무부차관김유택,6,커뮤니티 6,385,77,154.0
상공위원장대리이채오,6,커뮤니티 6,385,75,150.0
내무위원장대리안용대,6,커뮤니티 6,385,73,146.0
조경규의원,6,커뮤니티 6,385,69,138.0
내무위원장서민호,6,커뮤니티 6,385,66,132.0
김종회의원,6,커뮤니티 6,385,65,130.0
박철웅의원,6,커뮤니티 6,385,65,130.0
이용설의원,6,커뮤니티 6,385,65,130.0
노기용의원,6,커뮤니티 6,385,65,128.0
임기봉의원,6,커뮤니티 6,385,59,118.0
여운홍의원,6,커뮤니티 6,385,59,118.0
사회보건위원장대리한국원,6,커뮤니티 6,385,56,112.0
柳鴻議員,6,커뮤니티 6,385,55,110.0
내무부차관홍헌표,6,커뮤니티 6,385,53,106.0
엄병학의원,6,커뮤니티 6,385,52,104.0
임시의장조봉암,6,커뮤니티 6,385,56,102.0
이춘기의원,6,커뮤니티 6,385,50,100.0
부의장김동성,6,커뮤니티 6,385,58,98.0
안만복의원,6,커뮤니티 6,385,49,98.0
농림부장관임문환,6,커뮤니티 6,385,49,98.0
법제처장신태익,6,커뮤니티 6,385,48,96.0
국방부차관김일환,6,커뮤니티 6,385,47,94.0
재정경제위원장김수학,6,커뮤니티 6,385,47,94.0
국방부차관장경근,6,커뮤니티 6,385,47,94.0
신용욱의원,6,커뮤니티 6,385,46,92.0
임흥순의원,6,커뮤니티 6,385,46,92.0
임용순의원,6,커뮤니티 6,385,46,90.0
우문의원,6,커뮤니티 6,385,45,90.0
농림부차관정재설,6,커뮤니티 6,385,42,84.0
예산결산위원장오위영,6,커뮤니티 6,385,42,84.0
김정두의원,6,커뮤니티 6,385,41,82.0
김인태의원,6,커뮤니티 6,385,40,80.0
이채오의원,6,커뮤니티 6,385,40,80.0
정재완의원,6,커뮤니티 6,385,40,80.0
방만수의원,6,커뮤니티 6,385,40,80.0
임시의장신익희,6,커뮤니티 6,385,44,77.0
김제능의원,6,커뮤니티 6,385,39,77.0
재정경제위원장대리양병일,6,커뮤니티 6,385,38,76.0
내무위원장이석기,6,커뮤니티 6,385,38,76.0
내무부차관홍범희,6,커뮤니티 6,385,38,76.0
운영위원장오성환,6,커뮤니티 6,385,37,74.0
정헌조의원,6,커뮤니티 6,385,36,72.0
상공위원장대리소선규,6,커뮤니티 6,385,35,70.0
국무총리장면,6,커뮤니티 6,385,35,70.0
박성하의원,6,커뮤니티 6,385,34,68.0
국무총리서리허정,6,커뮤니티 6,385,33,66.0
윤택중의원,6,커뮤니티 6,385,32,64.0
이종욱의원,6,커뮤니티 6,385,32,64.0
정기원의원,6,커뮤니티 6,385,32,64.0
정순조의원,6,커뮤니티 6,385,31,62.0
한국원의원,6,커뮤니티 6,385,31,62.0
농림부차관원용석,6,커뮤니티 6,385,30,60.0
양우정의원,6,커뮤니티 6,385,30,60.0
국무총리백두진,6,커뮤니티 6,385,30,60.0
교통부장관김석관,6,커뮤니티 6,385,29,58.0
김수학의원,6,커뮤니티 6,385,29,58.0
국방위원장김종회,6,커뮤니티 6,385,28,56.0
서상덕의원,6,커뮤니티 6,385,28,56.0
문교부장관백낙준,6,커뮤니티 6,385,27,54.0
이교선의원,6,커뮤니티 6,385,27,54.0
윤성순의원,6,커뮤니티 6,385,27,54.0
법제사법위원장대리김정실,6,커뮤니티 6,385,27,54.0
재정경제위원장대리이충환,6,커뮤니티 6,385,27,54.0
박순천의원,6,커뮤니티 6,385,26,52.0
사회부차관최창순,6,커뮤니티 6,385,25,50.0
상공부장관이재형,6,커뮤니티 6,385,25,50.0
법무부장관조진만,6,커뮤니티 6,385,25,50.0
상공위원장황병규,6,커뮤니티 6,385,24,48.0
내무부차관황호현,6,커뮤니티 6,385,24,48.0
문교위원장윤택중,6,커뮤니티 6,385,24,48.0
민영복의원,6,커뮤니티 6,385,23,46.0
이규갑의원,6,커뮤니티 6,385,23,46.0
법무부장관서상환,6,커뮤니티 6,385,23,46.0
柳鴻議員,6,커뮤니티 6,385,22,44.0
국방부장관신태영,6,커뮤니티 6,385,21,42.0
내무위원장대리이석기,6,커뮤니티 6,385,19,38.0
농림부장관함인섭,6,커뮤니티 6,385,19,38.0
최면수의원,6,커뮤니티 6,385,19,38.0
신중목의원,6,커뮤니티 6,385,19,38.0
상공부장관김훈,6,커뮤니티 6,385,19,38.0
최원호의원,6,커뮤니티 6,385,18,36.0
법무부차관김윤근,6,커뮤니티 6,385,18,36.0
고영완의원,6,커뮤니티 6,385,18,36.0
이종영의원,6,커뮤니티 6,385,18,36.0
이상철의원,6,커뮤니티 6,385,18,34.0
김인선의원,6,커뮤니티 6,385,17,34.0
구을회의원,6,커뮤니티 6,385,17,34.0
이병홍의원,6,커뮤니티 6,385,17,34.0
김양수의원,6,커뮤니티 6,385,16,32.0
강창용의원,6,커뮤니티 6,385,16,32.0
김동성의원,6,커뮤니티 6,385,16,32.0
이갑성의원,6,커뮤니티 6,385,14,28.0
지청천의원,6,커뮤니티 6,385,14,28.0
재무부차관강성태,6,커뮤니티 6,385,14,28.0
곽태진의원,6,커뮤니티 6,385,14,28.0
보건부차관최재유,6,커뮤니티 6,385,14,28.0
사회부장관박술음,6,커뮤니티 6,385,14,28.0
박승하의원,6,커뮤니티 6,385,14,28.0
임시의장김동성,6,커뮤니티 6,385,14,26.0
김준태의원,6,커뮤니티 6,385,14,26.0
상공부장관안동혁,6,커뮤니티 6,385,13,26.0
최성웅의원,6,커뮤니티 6,385,13,26.0
문교위원장이재학,6,커뮤니티 6,385,13,26.0
예산결산위원장대리이춘기,6,커뮤니티 6,385,13,26.0
내무부장관이순용,6,커뮤니티 6,385,13,26.0
외무위원장정일형,6,커뮤니티 6,385,12,24.0
국방위원장임흥순,6,커뮤니티 6,385,12,24.0
이동환의원,6,커뮤니티 6,385,12,24.0
김판석의원,6,커뮤니티 6,385,12,24.0
문교사회위원장이규갑,6,커뮤니티 6,385,12,22.0
농림부장관신중목,6,커뮤니티 6,385,11,22.0
상공부차관이병호,6,커뮤니티 6,385,11,22.0
운영위원장홍익표,6,커뮤니티 6,385,11,22.0
운영위원장홍창섭,6,커뮤니티 6,385,11,22.0
윤영선의원,6,커뮤니티 6,385,10,20.0
최주일의원,6,커뮤니티 6,385,10,20.0
사회부장관최창순,6,커뮤니티 6,385,9,18.0
이도영의원,6,커뮤니티 6,385,9,18.0
장건상의원,6,커뮤니티 6,385,9,18.0
농림부장관공진항,6,커뮤니티 6,385,9,18.0
박기배의원,6,커뮤니티 6,385,9,18.0
김우성의원,6,커뮤니티 6,385,8,16.0
사회부장관허정,6,커뮤니티 6,385,8,16.0
성득환의원,6,커뮤니티 6,385,8,16.0
오위영의원,6,커뮤니티 6,385,8,16.0
여영복의원,6,커뮤니티 6,385,8,16.0
내무부장관장석윤,6,커뮤니티 6,385,8,16.0
외무국방위원장지청천,6,커뮤니티 6,385,7,14.0
정헌주의원,6,커뮤니티 6,385,7,14.0
국방부장관이기붕,6,커뮤니티 6,385,7,14.0
교통체신위원장윤성순,6,커뮤니티 6,385,7,14.0
신익희의장,6,커뮤니티 6,385,7,14.0
보건부차관정준모,6,커뮤니티 6,385,7,14.0
이시목의원,6,커뮤니티 6,385,7,14.0
의사과장서상준,6,커뮤니티 6,385,7,14.0
외무위원장양우정,6,커뮤니티 6,385,7,14.0
체신부장관장기영,6,커뮤니티 6,385,6,12.0
문교사회위원장대리박영출,6,커뮤니티 6,385,6,12.0
법무부차관정재환,6,커뮤니티 6,385,6,12.0
내무부장관진헌식,6,커뮤니티 6,385,6,12.0
농림부차관주석균,6,커뮤니티 6,385,6,12.0
조대연의원,6,커뮤니티 6,385,6,12.0
한필수의원,6,커뮤니티 6,385,6,12.0
윤담의원,6,커뮤니티 6,385,6,12.0
의장신익희(계속),6,커뮤니티 6,385,6,10.0
교통체신위원장대리김태희,6,커뮤니티 6,385,5,10.0
내무치안위원장서민호,6,커뮤니티 6,385,5,10.0
기획처장백두진,6,커뮤니티 6,385,5,10.0
법제처장신태익(계속),6,커뮤니티 6,385,5,10.0
체신부장관조주영,6,커뮤니티 6,385,5,10.0
법무부차관민복기,6,커뮤니티 6,385,5,10.0
조주영의원(계속),6,커뮤니티 6,385,5,10.0
의사과장대리김영각,6,커뮤니티 6,385,5,10.0
법제사법위원장대리서이환,6,커뮤니티 6,385,5,10.0
상공부차관이내호,6,커뮤니티 6,385,5,10.0
농림부장관임문환(계속),6,커뮤니티 6,385,5,10.0
김태희의원,6,커뮤니티 6,385,5,10.0
외무부장관변영태(계속),6,커뮤니티 6,385,4,8.0
김명수의원,6,커뮤니티 6,385,4,8.0
조정훈의원,6,커뮤니티 6,385,4,8.0
박영출의원(계속),6,커뮤니티 6,385,4,8.0
임흥순의원(계속),6,커뮤니티 6,385,4,8.0
재무부장관백두진(계속),6,커뮤니티 6,385,4,8.0
재정경제위원장대리오위영,6,커뮤니티 6,385,4,8.0
김광준의원(계속),6,커뮤니티 6,385,4,8.0
이재형의원(계속),6,커뮤니티 6,385,4,8.0
부통령이시영,6,커뮤니티 6,385,4,8.0
징계자격위원장박성하,6,커뮤니티 6,385,4,8.0
김문용의원,6,커뮤니티 6,385,4,8.0
재무부차관박희현(계속),6,커뮤니티 6,385,4,8.0
황병규의원(계속),6,커뮤니티 6,385,3,6.0
국회운영위원장홍창섭,6,커뮤니티 6,385,3,6.0
운영위원장이상철,6,커뮤니티 6,385,3,6.0
조봉암의원(계속),6,커뮤니티 6,385,3,6.0
강경옥의원(계속),6,커뮤니티 6,385,3,6.0
부의장조봉안,6,커뮤니티 6,385,3,6.0
재정경제위원장대리김봉재,6,커뮤니티 6,385,3,6.0
국방부차관장경근(계속),6,커뮤니티 6,385,3,6.0
보건부장관구영숙,6,커뮤니티 6,385,3,6.0
보건부차관임문환,6,커뮤니티 6,385,3,6.0
교통부장관김석관(계속),6,커뮤니티 6,385,3,6.0
상공부장관이교선,6,커뮤니티 6,385,3,6.0
법무부장관서상권,6,커뮤니티 6,385,3,6.0
서상국의원,6,커뮤니티 6,385,2,4.0
문교부차관고병간,6,커뮤니티 6,385,2,4.0
주불공사전규홍,6,커뮤니티 6,385,2,4.0
문교위원장대리정재완,6,커뮤니티 6,385,2,4.0
사회부장관김용택,6,커뮤니티 6,385,2,4.0
신중목의원(계속),6,커뮤니티 6,385,2,4.0
박철웅의원(의석에서),6,커뮤니티 6,385,2,4.0
국방위원장김종회(계속),6,커뮤니티 6,385,2,4.0
법제사법위원장업상섭,6,커뮤니티 6,385,2,4.0
법제사업위원장윤길중,6,커뮤니티 6,385,2,4.0
서장주의원,6,커뮤니티 6,385,2,4.0
양우정의원(계속),6,커뮤니티 6,385,2,4.0
법무부장관김준연,6,커뮤니티 6,385,2,4.0
부의장,6,커뮤니티 6,385,2,4.0
교통체신위원장대리백남식,6,커뮤니티 6,385,2,4.0
박정규의원,6,커뮤니티 6,385,2,4.0
내무부장관조병옥,6,커뮤니티 6,385,2,4.0
부의장운치영,6,커뮤니티 6,385,2,4.0
내무부차관한희석,6,커뮤니티 6,385,2,4.0
교통체신위원장대리서상덕,6,커뮤니티 6,385,2,4.0
국무총리장면(계속),6,커뮤니티 6,385,2,4.0
관재청장인태식,6,커뮤니티 6,385,2,4.0
김종순의원(계속),6,커뮤니티 6,385,2,4.0
외무부차관조정환(계속),6,커뮤니티 6,385,2,4.0
외자구매처장김우평,6,커뮤니티 6,385,2,4.0
기획처차장김유택,6,커뮤니티 6,385,2,4.0
문교부장관백락준,6,커뮤니티 6,385,2,4.0
법제사법위원장대리,6,커뮤니티 6,385,2,4.0
김익로의원(계속),6,커뮤니티 6,385,2,4.0
柳鴻,6,커뮤니티 6,385,2,4.0
사무차장정운근,6,커뮤니티 6,385,2,4.0
내무부장관서리장석윤,6,커뮤니티 6,385,2,4.0
김정식의원(계속),6,커뮤니티 6,385,2,4.0
재정경제위원장대리이춘기,6,커뮤니티 6,385,2,4.0
최원봉의원,6,커뮤니티 6,385,2,4.0
의사국장대리이호진,6,커뮤니티 6,385,2,4.0
농림부차관원용석(계속),6,커뮤니티 6,385,2,4.0
국방위원장대리윤재근,6,커뮤니티 6,385,2,4.0
문교위원장대리김봉조,6,커뮤니티 6,385,2,4.0
외무위원장대리황성수,6,커뮤니티 6,385,2,4.0
부의장조봉암(계속),6,커뮤니티 6,385,2,3.0
주영공사이묘묵,6,커뮤니티 6,385,1,2.0
김정두의원(계속),6,커뮤니티 6,385,1,2.0
미국뉴욕주지사도마스,6,커뮤니티 6,385,1,2.0
재정경제위원장이재형(계속),6,커뮤니티 6,385,1,2.0
외무부장관변태영,6,커뮤니티 6,385,1,2.0
부통령김성수,6,커뮤니티 6,385,1,2.0
김종회위원,6,커뮤니티 6,385,1,2.0
한국재건부흥원부원장써(Sir.),6,커뮤니티 6,385,1,2.0
김종희의원,6,커뮤니티 6,385,1,2.0
감찰위원회위원장노진설,6,커뮤니티 6,385,1,2.0
김종회의원(계속),6,커뮤니티 6,385,1,2.0
법제사법위원장대리강경옥,6,커뮤니티 6,385,1,2.0
사무처장박종만,6,커뮤니티 6,385,1,2.0
대법원장김병로(계속),6,커뮤니티 6,385,1,2.0
내무장관이순용,6,커뮤니티 6,385,1,2.0
안용대의원(계속),6,커뮤니티 6,385,1,2.0
유덕천의원,6,커뮤니티 6,385,1,2.0
재정부장관백두진,6,커뮤니티 6,385,1,2.0
재정경제위원장대리,6,커뮤니티 6,385,1,2.0
부의원장장택상,6,커뮤니티 6,385,1,2.0
내무치안위원장대리김광준(계속),6,커뮤니티 6,385,1,2.0
최성웅의원(계속),6,커뮤니티 6,385,1,2.0
의장조봉암,6,커뮤니티 6,385,1,2.0
내무위원장대리김광준,6,커뮤니티 6,385,1,2.0
서민호의원(계속),6,커뮤니티 6,385,1,2.0
내무위원장대리이석기(계속),6,커뮤니티 6,385,1,2.0
주일공사김용주,6,커뮤니티 6,385,1,2.0
김종렬의원,6,커뮤니티 6,385,1,2.0
박충식의원,6,커뮤니티 6,385,1,2.0
재정경제위원장김수학(계속),6,커뮤니티 6,385,1,2.0
법무부차관김윤근(계속),6,커뮤니티 6,385,1,2.0
법원행정처장노용호,6,커뮤니티 6,385,1,2.0
김택천의원,6,커뮤니티 6,385,1,2.0
민영복의원(계속),6,커뮤니티 6,385,1,2.0
재경부차관김유택,6,커뮤니티 6,385,1,2.0
김상현의원(계속),6,커뮤니티 6,385,1,2.0
총무처장한동석,6,커뮤니티 6,385,1,2.0
김종회의원(의석에서),6,커뮤니티 6,385,1,2.0
국방부차관김일환(계속),6,커뮤니티 6,385,1,2.0
덕터파이어,6,커뮤니티 6,385,1,2.0
농림위원장대리김인태,6,커뮤니티 6,385,1,2.0
재정경제위원장대리정헌주,6,커뮤니티 6,385,1,2.0
박양재의원,6,커뮤니티 6,385,1,2.0
농림위원장대리조병문,6,커뮤니티 6,385,1,2.0
변집갑의원,6,커뮤니티 6,385,1,2.0
김인태의원(계속),6,커뮤니티 6,385,1,2.0
체신부차관강직순(계속),6,커뮤니티 6,385,1,2.0
관재청장유완창,6,커뮤니티 6,385,1,2.0
문교부장관백낙준(계속),6,커뮤니티 6,385,1,2.0
사회부장관허정(계속),6,커뮤니티 6,385,1,2.0
태완선의원(계속),6,커뮤니티 6,385,1,2.0
김수학의원(계속),6,커뮤니티 6,385,1,2.0
재정경제위원회이재형,6,커뮤니티 6,385,1,2.0
내무부차관홍범희(계속),6,커뮤니티 6,385,1,2.0
부의작장택상,6,커뮤니티 6,385,1,2.0
업상섭의원,6,커뮤니티 6,385,1,2.0
박팔봉의원,6,커뮤니티 6,385,1,2.0
보건부장관오한영,6,커뮤니티 6,385,1,2.0
중화민국주재대한민국대사김홍일,6,커뮤니티 6,385,1,2.0
외자관리청차장한홍,6,커뮤니티 6,385,1,2.0
부의장최수주,6,커뮤니티 6,385,1,2.0
내부무장관백한성,6,커뮤니티 6,385,1,2.0
내무부위원장이석기,6,커뮤니티 6,385,1,2.0
국무총리백두진(계속),6,커뮤니티 6,385,1,2.0
농림위원장대리김익로,6,커뮤니티 6,385,1,2.0
농림위원장대리변진갑,6,커뮤니티 6,385,1,2.0
국무위원장조경규,6,커뮤니티 6,385,1,2.0
의원이기붕,6,커뮤니티 6,385,1,2.0
김수선의원(계속),6,커뮤니티 6,385,1,2.0
의장대리조봉암(계속),6,커뮤니티 6,385,1,2.0
문교위원장윤길중,6,커뮤니티 6,385,1,2.0
농림위원장대리신광균,6,커뮤니티 6,385,1,2.0
법무부장관정재환,6,커뮤니티 6,385,1,2.0
외무위원장대리우문,6,커뮤니티 6,385,1,2.0
내무위원장대리최성웅,6,커뮤니티 6,385,1,2.0
외부무장관변영태,6,커뮤니티 6,385,1,2.0
미국대통령특사타스카(황성수,6,커뮤니티 6,385,1,2.0
공보처차장최석주,6,커뮤니티 6,385,1,2.0
의장국장서상준,6,커뮤니티 6,385,1,2.0
정남상의원,6,커뮤니티 6,385,1,2.0
국방위원장대리홍익표,6,커뮤니티 6,385,1,2.0
노랜드의원,6,커뮤니티 6,385,1,2.0
윤택중의원(계속),6,커뮤니티 6,385,1,2.0
보건부장관최재우,6,커뮤니티 6,385,1,2.0
권태욱의원(계속),6,커뮤니티 6,385,1,2.0
柳鴻議員(계속),6,커뮤니티 6,385,1,2.0
운영위원장대리소선규,6,커뮤니티 6,385,1,2.0
외무위원장대리한필수,6,커뮤니티 6,385,1,2.0
류테리오(비율빈국회사절단,6,커뮤니티 6,385,1,2.0
문교사회위원장안상한,6,커뮤니티 6,385,1,2.0
법제사법위원장대리김종순,6,커뮤니티 6,385,1,2.0
내무위원회위원장조경규,6,커뮤니티 6,385,1,2.0
임영신의원(계속),6,커뮤니티 6,385,1,2.0
법무부장관서상환(계속),6,커뮤니티 6,385,1,2.0
재무부차관조희현,6,커뮤니티 6,385,1,2.0
전원위원장오위영,6,커뮤니티 6,385,1,2.0
상공부장관김훈(계속),6,커뮤니티 6,385,1,2.0
의장싱익희,6,커뮤니티 6,385,1,2.0
김정실위원,6,커뮤니티 6,385,1,2.0
시회보건위원장대리김용우,6,커뮤니티 6,385,1,2.0
상환기한,6,커뮤니티 6,385,1,2.0
융자은행,6,커뮤니티 6,385,1,2.0
의장신익희(계속해서),6,커뮤니티 6,385,1,2.0
융자선,6,커뮤니티 6,385,1,2.0
내무치안위원장조경규,6,커뮤니티 6,385,1,2.0
대한민국재일거류민단대표김재화,6,커뮤니티 6,385,1,2.0
서상호의원,6,커뮤니티 6,385,1,2.0
금리,6,커뮤니티 6,385,1,2.0
용도,6,커뮤니티 6,385,1,2.0
문교부장관윤택중,6,커뮤니티 6,385,1,2.0
부의장조봉임,6,커뮤니티 6,385,1,2.0
상공부차관함덕용,6,커뮤니티 6,385,1,2.0
신익희의원(계속),6,커뮤니티 6,385,1,2.0
상공위원장대리유승준,6,커뮤니티 6,385,1,2.0
대한적십자사총재구영숙,6,커뮤니티 6,385,1,2.0
의장신익히,6,커뮤니티 6,385,1,1.0
민관식위원,7,커뮤니티 7,69,500,1000.0
김학준위원,7,커뮤니티 7,69,264,528.0
나판수위원,7,커뮤니티 7,69,208,416.0
위원장손문경,7,커뮤니티 7,69,117,204.0
보건사회부장관손창환,7,커뮤니티 7,69,95,190.0
증인이창우,7,커뮤니티 7,69,68,136.0
증인김용후,7,커뮤니티 7,69,66,132.0
전문위원오표,7,커뮤니티 7,69,65,130.0
증인김창우,7,커뮤니티 7,69,63,126.0
증인김순길,7,커뮤니티 7,69,59,118.0
증인명주덕,7,커뮤니티 7,69,51,102.0
증인조대훈,7,커뮤니티 7,69,36,72.0
위원장대리나판수,7,커뮤니티 7,69,37,70.0
증인임봉순,7,커뮤니티 7,69,30,60.0
증인김동순,7,커뮤니티 7,69,30,60.0
증인이생우,7,커뮤니티 7,69,27,54.0
증인조호갑,7,커뮤니티 7,69,27,54.0
정준모위원,7,커뮤니티 7,69,25,50.0
정대천위원,7,커뮤니티 7,69,22,44.0
증인최진국,7,커뮤니티 7,69,21,42.0
증인이일해,7,커뮤니티 7,69,21,42.0
증인신도철,7,커뮤니티 7,69,20,40.0
증인이종판,7,커뮤니티 7,69,20,40.0
증인정한주,7,커뮤니티 7,69,19,38.0
증인장낙중,7,커뮤니티 7,69,19,38.0
출석전문위원,7,커뮤니티 7,69,18,36.0
증인윤용길,7,커뮤니티 7,69,17,34.0
홍길선위원,7,커뮤니티 7,69,17,34.0
증인김덕겸,7,커뮤니티 7,69,15,30.0
이영준위원,7,커뮤니티 7,69,15,30.0
출석조사위원,7,커뮤니티 7,69,12,24.0
증인이영선,7,커뮤니티 7,69,12,24.0
출석증인,7,커뮤니티 7,69,14,22.0
증인강지형,7,커뮤니티 7,69,10,20.0
증인이종시,7,커뮤니티 7,69,10,20.0
보건사회부시설과장윤석우,7,커뮤니티 7,69,6,12.0
증인김규성,7,커뮤니티 7,69,6,12.0
증인심상대,7,커뮤니티 7,69,6,12.0
증인최병용,7,커뮤니티 7,69,6,12.0
증인이유근,7,커뮤니티 7,69,5,10.0
증인신용권,7,커뮤니티 7,69,5,10.0
증인최유영,7,커뮤니티 7,69,4,8.0
속기,7,커뮤니티 7,69,4,8.0
수행,7,커뮤니티 7,69,4,8.0
법제실장강명옥,7,커뮤니티 7,69,4,8.0
피감사자및,7,커뮤니티 7,69,4,6.0
증인김성용,7,커뮤니티 7,69,3,6.0
중앙화학연구소장허령,7,커뮤니티 7,69,3,6.0
증인김규진,7,커뮤니티 7,69,3,6.0
증인이원,7,커뮤니티 7,69,3,6.0
보건사회부총무과장김하섭,7,커뮤니티 7,69,2,4.0
전문위원이문세,7,커뮤니티 7,69,2,4.0
보건사회부노동국장이종수,7,커뮤니티 7,69,2,4.0
농림국장지금,7,커뮤니티 7,69,2,4.0
보건사회부사회과장박재우,7,커뮤니티 7,69,1,2.0
증인김우창,7,커뮤니티 7,69,1,2.0
증인박삼철,7,커뮤니티 7,69,1,2.0
보건사회부방역국장이병학,7,커뮤니티 7,69,1,2.0
보건사회부약정국장정경모,7,커뮤니티 7,69,1,2.0
보건사회부원호국장강봉수,7,커뮤니티 7,69,1,2.0
보건사회부부녀국장김인순,7,커뮤니티 7,69,1,2.0
체신부경리국장아까,7,커뮤니티 7,69,1,2.0
농림국장잡지출은,7,커뮤니티 7,69,1,2.0
농림국장사업비라는,7,커뮤니티 7,69,1,2.0
농지관리국장지금,7,커뮤니티 7,69,1,2.0
농지관리국장수연의,7,커뮤니티 7,69,1,2.0
농림분과위원장홍창섭,7,커뮤니티 7,69,1,2.0
내무부차관정운갑(계속),7,커뮤니티 7,69,1,2.0
증인,7,커뮤니티 7,69,1,1.0
류청위원,8,커뮤니티 8,61,152,304.0
위원장이존화,8,커뮤니티 8,61,145,263.0
위원장안용백,8,커뮤니티 8,61,147,260.0
문교부장관최재유,8,커뮤니티 8,61,127,254.0
문교부차관김선기,8,커뮤니티 8,61,125,250.0
위원장손재형,8,커뮤니티 8,61,132,223.0
윤택중위원,8,커뮤니티 8,61,99,198.0
공보실장전성천,8,커뮤니티 8,61,86,172.0
민장식위원,8,커뮤니티 8,61,80,160.0
공보실장오재경,8,커뮤니티 8,61,67,134.0
김형돈위원,8,커뮤니티 8,61,60,120.0
윤제술위원,8,커뮤니티 8,61,57,114.0
황호현위원,8,커뮤니티 8,61,57,114.0
장석윤위원,8,커뮤니티 8,61,53,106.0
홍병각위원,8,커뮤니티 8,61,41,82.0
증인김효창,8,커뮤니티 8,61,28,56.0
구황실재산사무총국장윤우경,8,커뮤니티 8,61,26,52.0
손재형위원,8,커뮤니티 8,61,23,46.0
증인김봉준,8,커뮤니티 8,61,21,42.0
문교부보통교육국장정의택,8,커뮤니티 8,61,16,32.0
증인엄요섭,8,커뮤니티 8,61,14,28.0
안용백위원,8,커뮤니티 8,61,14,28.0
박순천위원,8,커뮤니티 8,61,14,28.0
서울특별시부시장최응복,8,커뮤니티 8,61,13,26.0
신도환위원,8,커뮤니티 8,61,13,26.0
서울특별시교육감김영훈,8,커뮤니티 8,61,12,24.0
위원장대리윤택중,8,커뮤니티 8,61,12,22.0
원자력원장김법린,8,커뮤니티 8,61,10,20.0
위원장대리민장식,8,커뮤니티 8,61,12,19.0
소집책임자이정휴,8,커뮤니티 8,61,11,19.0
위원장대리황호현,8,커뮤니티 8,61,11,18.0
문교부고등교육국장한상봉,8,커뮤니티 8,61,9,18.0
이재현위원,8,커뮤니티 8,61,9,18.0
전문위원이선교,8,커뮤니티 8,61,7,14.0
이종준위원,8,커뮤니티 8,61,7,14.0
문교부보통교육국장정의필,8,커뮤니티 8,61,7,14.0
문교부총무과장김승제,8,커뮤니티 8,61,7,14.0
최규남위원,8,커뮤니티 8,61,7,14.0
문교부편수국장박만규,8,커뮤니티 8,61,6,12.0
문교부과학기술과장이상선,8,커뮤니티 8,61,6,12.0
공보실공보국장이근상,8,커뮤니티 8,61,6,12.0
문교부수석장학관심태진,8,커뮤니티 8,61,5,10.0
공보실방송관리국장이규일,8,커뮤니티 8,61,4,8.0
내무부지방국재정과장최병환,8,커뮤니티 8,61,3,6.0
위원장대리박철웅,8,커뮤니티 8,61,3,6.0
문교부총무과장이동걸,8,커뮤니티 8,61,3,6.0
문교부문화국장변시민,8,커뮤니티 8,61,3,6.0
위원장대리손재형,8,커뮤니티 8,61,3,6.0
위원장대리이재현,8,커뮤니티 8,61,3,6.0
원자력연구소장박철재,8,커뮤니티 8,61,2,4.0
문교부기술교육국실업교육과장허선간,8,커뮤니티 8,61,2,4.0
재무부예산국제3과장계훈관,8,커뮤니티 8,61,2,4.0
소집책임자대리황호현,8,커뮤니티 8,61,2,4.0
전문위원이환녕,8,커뮤니티 8,61,2,4.0
간사정영모,8,커뮤니티 8,61,2,4.0
민장식위원(발언도중),8,커뮤니티 8,61,2,2.0
직원보고사항을,8,커뮤니티 8,61,1,2.0
류청위원(계속),8,커뮤니티 8,61,1,2.0
이정휴위원(발언도중),8,커뮤니티 8,61,1,2.0
전문위원이항령,8,커뮤니티 8,61,1,2.0
문교부보통교육국장정의택(발언도중),8,커뮤니티 8,61,1,1.0
양일동,9,커뮤니티 9,33,3,3.0
박세경정문흠,9,커뮤니티 9,33,1,2.0
이영희,9,커뮤니티 9,33,1,2.0
박세경김익노,9,커뮤니티 9,33,1,2.0
윤성순△박충식조경규,9,커뮤니티 9,33,1,2.0
박순석김진원,9,커뮤니티 9,33,1,2.0
최용근정세환,9,커뮤니티 9,33,1,2.0
박흥규(외)△손영수(법)김의준(법),9,커뮤니티 9,33,1,2.0
류지원안균섭,9,커뮤니티 9,33,1,2.0
이존화최규남,9,커뮤니티 9,33,1,2.0
구흥남곽의영,9,커뮤니티 9,33,1,2.0
신규식임차주,9,커뮤니티 9,33,1,2.0
이영언지영진,9,커뮤니티 9,33,1,2.0
김익기정대천△나판수,9,커뮤니티 9,33,1,2.0
정명섭이동근,9,커뮤니티 9,33,1,2.0
정존수김상도,9,커뮤니티 9,33,1,2.0
박용익류순식△이영희,9,커뮤니티 9,33,1,2.0
한희석△김성복,9,커뮤니티 9,33,1,2.0
박만원김종신,9,커뮤니티 9,33,1,2.0
박용익(징)정존수(법),9,커뮤니티 9,33,1,2.0
안동준류지원,9,커뮤니티 9,33,1,2.0
김종규전상요,9,커뮤니티 9,33,1,2.0
구흥남김석호,9,커뮤니티 9,33,1,2.0
조병문△김병순,9,커뮤니티 9,33,1,2.0
김진만이갑식,9,커뮤니티 9,33,1,2.0
김철안정대천,9,커뮤니티 9,33,1,2.0
신의식정명섭,9,커뮤니티 9,33,1,2.0
김상도김익로,9,커뮤니티 9,33,1,2.0
윤병호,9,커뮤니티 9,33,1,2.0
윤치영,9,커뮤니티 9,33,1,2.0
박영출,9,커뮤니티 9,33,1,2.0
정명섭,9,커뮤니티 9,33,1,2.0
황성수정기원,9,커뮤니티 9,33,1,2.0
문(서범석의원),10,커뮤니티 10,17,11,22.0
답(이순용체신부장관),10,커뮤니티 10,17,10,20.0
문(엄상섭의원),10,커뮤니티 10,17,9,18.0
답(조진만법무부장관),10,커뮤니티 10,17,7,14.0
답(임문환농림부장관),10,커뮤니티 10,17,7,14.0
답(허정국무총리서리),10,커뮤니티 10,17,6,12.0
답(장석윤내무부장관),10,커뮤니티 10,17,5,10.0
문(소선규의원),10,커뮤니티 10,17,5,10.0
문(이종형의원),10,커뮤니티 10,17,4,8.0
답(김석관교통부장관),10,커뮤니티 10,17,3,6.0
답(이윤영무임소장관),10,커뮤니티 10,17,2,4.0
문(서민호의원),10,커뮤니티 10,17,2,4.0
문(서이환의원),10,커뮤니티 10,17,1,2.0
답(변영태외무부장관),10,커뮤니티 10,17,1,2.0
문(이석기의원),10,커뮤니티 10,17,1,2.0
답(김훈상공부장관),10,커뮤니티 10,17,1,2.0
답(백낙준문교부장관),10,커뮤니티 10,17,1,2.0
이성주유기수(예),11,커뮤니티 11,15,1,2.0
박세경장경근,11,커뮤니티 11,15,1,2.0
이상용김정기,11,커뮤니티 11,15,1,2.0
최규남조경규,11,커뮤니티 11,15,1,2.0
유용식하태환,11,커뮤니티 11,15,1,2.0
박만원(외)손영수(법),11,커뮤니티 11,15,1,2.0
손석두최용근,11,커뮤니티 11,15,1,2.0
원용석이형모,11,커뮤니티 11,15,1,2.0
이영희신규식,11,커뮤니티 11,15,1,2.0
정규상진석중,11,커뮤니티 11,15,1,2.0
손재형신도환,11,커뮤니티 11,15,1,2.0
손문경정대천,11,커뮤니티 11,15,1,2.0
이종수정명섭,11,커뮤니티 11,15,1,2.0
김상도정준모(사),11,커뮤니티 11,15,1,2.0
하태환,11,커뮤니티 11,15,1,1.0
이재학의원(계속),12,커뮤니티 12,14,2,4.0
접,12,커뮤니티 12,14,1,2.0
담,12,커뮤니티 12,14,1,2.0
80대,12,커뮤니티 12,14,1,2.0
◯◯가하여,12,커뮤니티 12,14,1,2.0
산,12,커뮤니티 12,14,1,2.0
백년의,12,커뮤니티 12,14,1,2.0
된다고,12,커뮤니티 12,14,1,2.0
표,12,커뮤니티 12,14,1,2.0
생,12,커뮤니티 12,14,1,2.0
언중지,12,커뮤니티 12,14,1,2.0
창섭,12,커뮤니티 12,14,1,2.0
해서는,12,커뮤니티 12,14,1,2.0
회부도,12,커뮤니티 12,14,1,1.0
사회김의준,13,커뮤니티 13,8,17,31.0
서울변호사협회부회장이병인,13,커뮤니티 13,8,7,14.0
서울대학교교수신도성,13,커뮤니티 13,8,4,8.0
서울지방검찰청검사문인구,13,커뮤니티 13,8,2,4.0
성균관대학교교수신상초,13,커뮤니티 13,8,1,2.0
신문편집인협회회장이관구,13,커뮤니티 13,8,1,2.0
문학가협회중앙위원조연현,13,커뮤니티 13,8,1,2.0
연사,13,커뮤니티 13,8,1,1.0
구,14,커뮤니티 14,6,2,3.0
◯동의안,14,커뮤니티 14,6,1,2.0
산률,14,커뮤니티 14,6,1,2.0
원회,14,커뮤니티 14,6,1,2.0
의회◯,14,커뮤니티 14,6,1,2.0
◯위원,14,커뮤니티 14,6,1,1.0
격만,15,커뮤니티 15,6,2,2.0
격을사정하고,15,커뮤니티 15,6,1,2.0
말,15,커뮤니티 15,6,1,2.0
수가됩니다,15,커뮤니티 15,6,1,2.0
◯중좌와여히,15,커뮤니티 15,6,1,2.0
선거권자의자격,15,커뮤니티 15,6,1,1.0
울시,16,커뮤니티 16,6,1,2.0
성원수,16,커뮤니티 16,6,1,2.0
곡,16,커뮤니티 16,6,1,2.0
어,16,커뮤니티 16,6,1,2.0
으니까,16,커뮤니티 16,6,1,2.0
르지만,16,커뮤니티 16,6,1,1.0
김봉조이교승,17,커뮤니티 17,5,1,2.0
박정근김용화,17,커뮤니티 17,5,1,2.0
이충환(법)이석기(내),17,커뮤니티 17,5,1,2.0
임흥순김택천,17,커뮤니티 17,5,1,2.0
조경규안용대,17,커뮤니티 17,5,1,2.0
