SpeakerKey,Community,CommunityName,CommunitySize,SpeechCount,Strength
오치성위원,1,커뮤니티 1,3397,935,1785.0
이석제위원,1,커뮤니티 1,3397,858,1679.0
조시형위원,1,커뮤니티 1,3397,588,1167.0
유양수위원,1,커뮤니티 1,3397,551,1088.0
손창규위원,1,커뮤니티 1,3397,478,951.0
김동하위원,1,커뮤니티 1,3397,375,744.0
김윤근위원,1,커뮤니티 1,3397,374,728.0
이주일위원,1,커뮤니티 1,3397,250,490.0
부의장이의,1,커뮤니티 1,3397,233,454.0
유원식위원,1,커뮤니티 1,3397,174,347.0
유병현위원,1,커뮤니티 1,3397,127,254.0
위원장박정희,1,커뮤니티 1,3397,114,224.0
부의장이주일,1,커뮤니티 1,3397,103,205.0
길재호위원,1,커뮤니티 1,3397,97,193.0
오정근위원,1,커뮤니티 1,3397,95,179.0
강상욱위원,1,커뮤니티 1,3397,91,178.0
박태준위원,1,커뮤니티 1,3397,87,173.0
이태준고문,1,커뮤니티 1,3397,80,160.0
박원빈위원,1,커뮤니티 1,3397,80,159.0
의장박정희,1,커뮤니티 1,3397,74,142.0
위원장대리이주일,1,커뮤니티 1,3397,70,138.0
홍종철위원,1,커뮤니티 1,3397,65,129.0
부의장고문이태준,1,커뮤니티 1,3397,63,126.0
각위원,1,커뮤니티 1,3397,51,102.0
김형욱위원,1,커뮤니티 1,3397,50,95.0
신직수고문,1,커뮤니티 1,3397,42,84.0
재경위원유원식,1,커뮤니티 1,3397,37,74.0
재무부장관김세련,1,커뮤니티 1,3397,47,73.0
유원식의원,1,커뮤니티 1,3397,36,71.0
옥창호위원,1,커뮤니티 1,3397,35,69.0
김자문,1,커뮤니티 1,3397,33,66.0
경제기획원장김유택,1,커뮤니티 1,3397,28,56.0
손자문,1,커뮤니티 1,3397,26,52.0
정세웅위원,1,커뮤니티 1,3397,25,50.0
부의장좋습니다.,1,커뮤니티 1,3397,24,48.0
오치성의원,1,커뮤니티 1,3397,24,46.0
유양수의원,1,커뮤니티 1,3397,24,44.0
농림부차관김종대,1,커뮤니티 1,3397,24,44.0
부의장이,1,커뮤니티 1,3397,22,44.0
법사위원장대리길재호,1,커뮤니티 1,3397,22,44.0
재무부장관제안이유,1,커뮤니티 1,3397,22,44.0
부의장다른,1,커뮤니티 1,3397,21,42.0
내각기획통제관실심사분석관김영찬,1,커뮤니티 1,3397,20,40.0
이석제의원,1,커뮤니티 1,3397,19,36.0
의장이의,1,커뮤니티 1,3397,19,36.0
옥조남자문,1,커뮤니티 1,3397,17,34.0
서울특별시청소국장정종갑,1,커뮤니티 1,3397,15,30.0
반장최고위원,1,커뮤니티 1,3397,15,30.0
감찰위원회제3국장박배근,1,커뮤니티 1,3397,15,30.0
경제기획원부원장차균희,1,커뮤니티 1,3397,17,29.0
내각수반김현철,1,커뮤니티 1,3397,16,29.0
운영기획위원장오치성,1,커뮤니티 1,3397,19,28.0
통화대책위원김정렴,1,커뮤니티 1,3397,14,28.0
성창환고문,1,커뮤니티 1,3397,14,28.0
내각사무처장김병삼,1,커뮤니티 1,3397,14,26.0
김동하의원,1,커뮤니티 1,3397,13,26.0
농림부장관장형순,1,커뮤니티 1,3397,13,26.0
이전문위원,1,커뮤니티 1,3397,13,26.0
오정근의원,1,커뮤니티 1,3397,13,26.0
재무부차관김정렴,1,커뮤니티 1,3397,14,24.0
문교부장관김상협,1,커뮤니티 1,3397,13,24.0
감사단부단장오정근,1,커뮤니티 1,3397,12,24.0
법제처장축조낭독,1,커뮤니티 1,3397,11,22.0
교체위원장대리옥창호,1,커뮤니티 1,3397,11,22.0
전매청장신만재,1,커뮤니티 1,3397,11,22.0
부의장그러면,1,커뮤니티 1,3397,11,22.0
의장고문(신),1,커뮤니티 1,3397,11,22.0
의장고문신직수,1,커뮤니티 1,3397,10,20.0
이주일부의장,1,커뮤니티 1,3397,10,20.0
대령최병련,1,커뮤니티 1,3397,10,20.0
재무부기획조정관이철승,1,커뮤니티 1,3397,10,20.0
박동묘고문,1,커뮤니티 1,3397,10,20.0
사세국장김동수,1,커뮤니티 1,3397,10,20.0
감찰위원장채명신,1,커뮤니티 1,3397,9,18.0
법사위전문위원,1,커뮤니티 1,3397,9,18.0
상공부장관유창순,1,커뮤니티 1,3397,9,18.0
의장고문(곽),1,커뮤니티 1,3397,9,18.0
김용순의원,1,커뮤니티 1,3397,9,18.0
국방부장관박병권,1,커뮤니티 1,3397,9,17.0
길재호의원,1,커뮤니티 1,3397,9,17.0
외무부장관최덕신,1,커뮤니티 1,3397,14,16.0
원호처차장윤영모,1,커뮤니티 1,3397,12,16.0
이주일의원,1,커뮤니티 1,3397,8,16.0
박위원장이의,1,커뮤니티 1,3397,8,16.0
박원빈의원,1,커뮤니티 1,3397,8,16.0
재경위원유병현,1,커뮤니티 1,3397,8,16.0
부의장이것은,1,커뮤니티 1,3397,8,16.0
부의장그대로,1,커뮤니티 1,3397,8,16.0
부의장다음,1,커뮤니티 1,3397,8,16.0
부의장원안대로,1,커뮤니티 1,3397,8,16.0
부의장현재,1,커뮤니티 1,3397,8,16.0
국토건설청장제안이유,1,커뮤니티 1,3397,7,14.0
재무부세관국장민영훈,1,커뮤니티 1,3397,7,14.0
재무부관재국장유길상,1,커뮤니티 1,3397,7,14.0
재일한국거류민단사무차장정동하,1,커뮤니티 1,3397,7,14.0
법사위자문위원유민상,1,커뮤니티 1,3397,7,14.0
의장고문성창환,1,커뮤니티 1,3397,7,14.0
상공부장관제안이유,1,커뮤니티 1,3397,7,14.0
신직수의장고문,1,커뮤니티 1,3397,7,14.0
이고문,1,커뮤니티 1,3397,7,14.0
유병현의원,1,커뮤니티 1,3397,7,14.0
법사자문이병두,1,커뮤니티 1,3397,7,14.0
길기상대령,1,커뮤니티 1,3397,7,14.0
부산직할시경찰국장최두열,1,커뮤니티 1,3397,7,14.0
부의장재경위,1,커뮤니티 1,3397,7,14.0
재경위원장김동하,1,커뮤니티 1,3397,7,14.0
부의장이대로,1,커뮤니티 1,3397,7,14.0
보사부장관제안이유,1,커뮤니티 1,3397,7,13.0
운기위장오치성,1,커뮤니티 1,3397,9,12.0
법원행정처장김우영,1,커뮤니티 1,3397,7,12.0
경제기획원기획조정관이종환,1,커뮤니티 1,3397,6,12.0
법제처장축조낭독.,1,커뮤니티 1,3397,6,12.0
부의장별,1,커뮤니티 1,3397,6,12.0
감찰위원회제3국감찰관김인섭,1,커뮤니티 1,3397,6,12.0
재경위원박태준,1,커뮤니티 1,3397,6,12.0
공보부장관이원우,1,커뮤니티 1,3397,6,12.0
내무위원장대리박원빈,1,커뮤니티 1,3397,6,12.0
부의장제2조,1,커뮤니티 1,3397,6,12.0
부의장수정함.,1,커뮤니티 1,3397,6,12.0
김유택고문,1,커뮤니티 1,3397,6,12.0
내각기획통제관김정무,1,커뮤니티 1,3397,7,11.0
동립감독관윤차춘,1,커뮤니티 1,3397,6,11.0
법무부차관서일교,1,커뮤니티 1,3397,7,10.0
문교부장관제안이유,1,커뮤니티 1,3397,6,10.0
건설부장관박림환,1,커뮤니티 1,3397,6,10.0
부의장우선,1,커뮤니티 1,3397,5,10.0
상공부차관제안이유,1,커뮤니티 1,3397,5,10.0
부의장부칙,1,커뮤니티 1,3397,5,10.0
사무차관김상기,1,커뮤니티 1,3397,5,10.0
부의장좋을,1,커뮤니티 1,3397,5,10.0
홍종철의원,1,커뮤니티 1,3397,5,10.0
운영위길대령,1,커뮤니티 1,3397,5,10.0
국방부병무국장유근창,1,커뮤니티 1,3397,5,10.0
부의장이상,1,커뮤니티 1,3397,5,10.0
강상욱의원,1,커뮤니티 1,3397,5,10.0
부의장본,1,커뮤니티 1,3397,5,10.0
부의장무수정,1,커뮤니티 1,3397,5,10.0
재무부차관이한빈,1,커뮤니티 1,3397,5,10.0
해양경찰대경비과장주사원,1,커뮤니티 1,3397,5,10.0
상공부제1공업국장고석윤,1,커뮤니티 1,3397,5,10.0
박태준의원,1,커뮤니티 1,3397,5,10.0
김병삼처장,1,커뮤니티 1,3397,5,10.0
의장고문곽상수,1,커뮤니티 1,3397,5,10.0
성창환의장고문,1,커뮤니티 1,3397,5,10.0
법무부장관제안이유,1,커뮤니티 1,3397,5,9.0
외무부차관최문경,1,커뮤니티 1,3397,8,8.0
보사부장관정희섭,1,커뮤니티 1,3397,5,8.0
법무부장관조병일,1,커뮤니티 1,3397,5,8.0
부의장박정희,1,커뮤니티 1,3397,5,8.0
정감찰관,1,커뮤니티 1,3397,4,8.0
곽상수고문,1,커뮤니티 1,3397,4,8.0
경제기획원부원장,1,커뮤니티 1,3397,4,8.0
공보부차관이원우,1,커뮤니티 1,3397,4,8.0
보사부차관제안이유,1,커뮤니티 1,3397,4,8.0
내무부차관이계순,1,커뮤니티 1,3397,4,8.0
치안국장이소동,1,커뮤니티 1,3397,4,8.0
감사단장유양수,1,커뮤니티 1,3397,4,8.0
정세웅의원,1,커뮤니티 1,3397,4,8.0
김기봉대령,1,커뮤니티 1,3397,4,8.0
의장고문박동묘,1,커뮤니티 1,3397,4,8.0
부의장삭제하는데,1,커뮤니티 1,3397,4,8.0
김진위의원,1,커뮤니티 1,3397,4,8.0
재경위원장유양수,1,커뮤니티 1,3397,4,8.0
부의장제2조의,1,커뮤니티 1,3397,4,8.0
법사위이병두,1,커뮤니티 1,3397,4,8.0
심계원장이원엽,1,커뮤니티 1,3397,4,8.0
심계원사무총국장김진기,1,커뮤니티 1,3397,4,8.0
부의장왜,1,커뮤니티 1,3397,4,8.0
국토건설청차장안경모,1,커뮤니티 1,3397,4,8.0
부의장제3조의,1,커뮤니티 1,3397,4,8.0
기획조정관제안설명.,1,커뮤니티 1,3397,4,8.0
김진위위원,1,커뮤니티 1,3397,4,8.0
부의장제4조에,1,커뮤니티 1,3397,4,8.0
부의장제9조,1,커뮤니티 1,3397,4,8.0
경제기획원부원장제안이유,1,커뮤니티 1,3397,4,8.0
성고문,1,커뮤니티 1,3397,4,8.0
상공부차관설명,1,커뮤니티 1,3397,4,8.0
교통부차관제안이유,1,커뮤니티 1,3397,4,8.0
부의장수정,1,커뮤니티 1,3397,4,8.0
의장장도영,1,커뮤니티 1,3397,4,8.0
농림부차관제안이유,1,커뮤니티 1,3397,4,8.0
옥창호의원,1,커뮤니티 1,3397,4,8.0
김윤근의원,1,커뮤니티 1,3397,4,8.0
김병용판사,1,커뮤니티 1,3397,4,8.0
국방부차관이흥배,1,커뮤니티 1,3397,4,7.0
송찬호위원,1,커뮤니티 1,3397,4,7.0
상공부장관정래혁,1,커뮤니티 1,3397,3,6.0
병무국장각,1,커뮤니티 1,3397,3,6.0
재무부기획조정관제안이유,1,커뮤니티 1,3397,3,6.0
의장지금,1,커뮤니티 1,3397,3,6.0
부의장지난,1,커뮤니티 1,3397,3,6.0
의장고문성교수,1,커뮤니티 1,3397,3,6.0
김원동다음,1,커뮤니티 1,3397,3,6.0
경제기획원장이,1,커뮤니티 1,3397,3,6.0
의장이,1,커뮤니티 1,3397,3,6.0
운영위장대령,1,커뮤니티 1,3397,3,6.0
유민상자문,1,커뮤니티 1,3397,3,6.0
부의장각의에서,1,커뮤니티 1,3397,3,6.0
의장그,1,커뮤니티 1,3397,3,6.0
법사자문제안이유,1,커뮤니티 1,3397,3,6.0
재무부차관정인완,1,커뮤니티 1,3397,3,6.0
부의장누가,1,커뮤니티 1,3397,3,6.0
부의장제15조,1,커뮤니티 1,3397,3,6.0
부의장좋겠습니다.,1,커뮤니티 1,3397,3,6.0
부의장지금까지,1,커뮤니티 1,3397,3,6.0
부의장제1조에,1,커뮤니티 1,3397,3,6.0
이재국장이것은,1,커뮤니티 1,3397,3,6.0
부의장법사위와,1,커뮤니티 1,3397,3,6.0
경제기획원부원장송정범,1,커뮤니티 1,3397,3,6.0
상공부기획조정관구법정리임.,1,커뮤니티 1,3397,3,6.0
보사부장관이러한,1,커뮤니티 1,3397,3,6.0
재무부기획조정관구법정리임.,1,커뮤니티 1,3397,3,6.0
농림부장관제안이유,1,커뮤니티 1,3397,3,6.0
체신부차관최재호,1,커뮤니티 1,3397,3,6.0
상공부장관현재,1,커뮤니티 1,3397,3,6.0
내각수반송요찬,1,커뮤니티 1,3397,3,6.0
부의장1.,1,커뮤니티 1,3397,3,6.0
서울특별시장윤태일,1,커뮤니티 1,3397,3,6.0
부의장제5조,1,커뮤니티 1,3397,3,6.0
운기위민대령,1,커뮤니티 1,3397,3,6.0
채명신위원장,1,커뮤니티 1,3397,3,6.0
부의장삭제함.,1,커뮤니티 1,3397,3,6.0
보사부장관그렇게,1,커뮤니티 1,3397,3,6.0
부의장의견이,1,커뮤니티 1,3397,3,6.0
의장고문유형진,1,커뮤니티 1,3397,3,6.0
서울법대교수한태연,1,커뮤니티 1,3397,3,6.0
부의장사실상,1,커뮤니티 1,3397,3,6.0
외무부장관김홍일,1,커뮤니티 1,3397,3,6.0
각위원이의,1,커뮤니티 1,3397,3,6.0
법제처장제12조,1,커뮤니티 1,3397,3,6.0
공보부장관제안이유,1,커뮤니티 1,3397,3,6.0
문교부장관박일경,1,커뮤니티 1,3397,4,5.0
교통부차관박정구,1,커뮤니티 1,3397,3,4.0
부의장고문다른,1,커뮤니티 1,3397,2,4.0
부의장둘,1,커뮤니티 1,3397,2,4.0
부의장고문제20조,1,커뮤니티 1,3397,2,4.0
부의장서울시,1,커뮤니티 1,3397,2,4.0
부의장고문제99조,1,커뮤니티 1,3397,2,4.0
보사부장관현재까지는,1,커뮤니티 1,3397,2,4.0
부의장일단,1,커뮤니티 1,3397,2,4.0
부의장고문제8조,1,커뮤니티 1,3397,2,4.0
부의장부칙의,1,커뮤니티 1,3397,2,4.0
특허국장제안이유,1,커뮤니티 1,3397,2,4.0
부의장정부에서,1,커뮤니티 1,3397,2,4.0
의장영농자금,1,커뮤니티 1,3397,2,4.0
부의장고문제19조,1,커뮤니티 1,3397,2,4.0
국토건설청부청장제안이유,1,커뮤니티 1,3397,2,4.0
상공부담당관1.,1,커뮤니티 1,3397,2,4.0
부의장제6조,1,커뮤니티 1,3397,2,4.0
부의장고문제47조,1,커뮤니티 1,3397,2,4.0
의장현재,1,커뮤니티 1,3397,2,4.0
부의장요는,1,커뮤니티 1,3397,2,4.0
부의장명칭은,1,커뮤니티 1,3397,2,4.0
농림차관제안이유,1,커뮤니티 1,3397,2,4.0
법제처장charts에,1,커뮤니티 1,3397,2,4.0
부의장의장께,1,커뮤니티 1,3397,2,4.0
이위원,1,커뮤니티 1,3397,2,4.0
축산국장제안이유,1,커뮤니티 1,3397,2,4.0
부의장표결에,1,커뮤니티 1,3397,2,4.0
부의장원칙,1,커뮤니티 1,3397,2,4.0
보사부장관이의,1,커뮤니티 1,3397,2,4.0
부의장없애는,1,커뮤니티 1,3397,2,4.0
부의장법,1,커뮤니티 1,3397,2,4.0
의장그대로,1,커뮤니티 1,3397,2,4.0
병무국장제36조에,1,커뮤니티 1,3397,2,4.0
부의장현,1,커뮤니티 1,3397,2,4.0
부의장예산,1,커뮤니티 1,3397,2,4.0
의장좋습니다.,1,커뮤니티 1,3397,2,4.0
서일교검찰관의,1,커뮤니티 1,3397,2,4.0
부의장제7조는,1,커뮤니티 1,3397,2,4.0
보사부장관(축조낭독),1,커뮤니티 1,3397,2,4.0
부의장제4조,1,커뮤니티 1,3397,2,4.0
부의장여기에,1,커뮤니티 1,3397,2,4.0
부의장각,1,커뮤니티 1,3397,2,4.0
의장지금부터,1,커뮤니티 1,3397,2,4.0
국방연구원장대통령령으로,1,커뮤니티 1,3397,2,4.0
부의장제14조,1,커뮤니티 1,3397,2,4.0
보사부장관삭제하겠음.,1,커뮤니티 1,3397,2,4.0
부의장제6조는,1,커뮤니티 1,3397,2,4.0
부의장삭제,1,커뮤니티 1,3397,2,4.0
부의장좋다고,1,커뮤니티 1,3397,2,4.0
송정범제안이유,1,커뮤니티 1,3397,2,4.0
국방부장관그,1,커뮤니티 1,3397,2,4.0
보사부장관수정하겠음.,1,커뮤니티 1,3397,2,4.0
부의장삭제함이,1,커뮤니티 1,3397,2,4.0
의장고문(곽상수),1,커뮤니티 1,3397,2,4.0
대령유근국,1,커뮤니티 1,3397,2,4.0
상공부장관이미,1,커뮤니티 1,3397,2,4.0
지도과장허열,1,커뮤니티 1,3397,2,4.0
재무부장관좋은,1,커뮤니티 1,3397,2,4.0
육군C/S,1,커뮤니티 1,3397,2,4.0
법무부김용환,1,커뮤니티 1,3397,2,4.0
문사위황중령,1,커뮤니티 1,3397,2,4.0
재무부장관이,1,커뮤니티 1,3397,2,4.0
대동감독관차갑준,1,커뮤니티 1,3397,2,4.0
의장모든,1,커뮤니티 1,3397,2,4.0
법제처장제안이유,1,커뮤니티 1,3397,2,4.0
태국대사유재흥,1,커뮤니티 1,3397,2,4.0
사무처장과거,1,커뮤니티 1,3397,2,4.0
준장박두선,1,커뮤니티 1,3397,2,4.0
공업국장축조낭독.,1,커뮤니티 1,3397,2,4.0
박위원장통과시키겠습니다.,1,커뮤니티 1,3397,2,4.0
박위원장기획위원회,1,커뮤니티 1,3397,2,4.0
문교부장관현재,1,커뮤니티 1,3397,2,4.0
부의장교체위와,1,커뮤니티 1,3397,2,4.0
부의장제2조에,1,커뮤니티 1,3397,2,4.0
부의장앞으로는,1,커뮤니티 1,3397,2,4.0
부의장고문,1,커뮤니티 1,3397,2,4.0
부의장고문부칙,1,커뮤니티 1,3397,2,4.0
상공차관제안이유,1,커뮤니티 1,3397,2,4.0
부의장제4조의,1,커뮤니티 1,3397,2,4.0
법사자문위원제안이유,1,커뮤니티 1,3397,2,4.0
출석의원(26인),1,커뮤니티 1,3397,2,4.0
박원식위원,1,커뮤니티 1,3397,2,4.0
이진수전문위원,1,커뮤니티 1,3397,2,4.0
부의장제42조,1,커뮤니티 1,3397,2,4.0
의장2억,1,커뮤니티 1,3397,2,4.0
부의장해당,1,커뮤니티 1,3397,2,4.0
보사부차관거반,1,커뮤니티 1,3397,2,4.0
부의장제7조,1,커뮤니티 1,3397,2,4.0
재무부장관약,1,커뮤니티 1,3397,2,4.0
부의장수정하지,1,커뮤니티 1,3397,2,4.0
부의장두가지,1,커뮤니티 1,3397,2,4.0
곽상수의장고문,1,커뮤니티 1,3397,2,4.0
의장일반,1,커뮤니티 1,3397,2,4.0
오혁종위원,1,커뮤니티 1,3397,2,4.0
의장고문박교수,1,커뮤니티 1,3397,2,4.0
농림부차관농림부에서,1,커뮤니티 1,3397,2,4.0
국토건설청장현재,1,커뮤니티 1,3397,2,4.0
부의장필요한,1,커뮤니티 1,3397,2,4.0
감사단장이주일,1,커뮤니티 1,3397,2,4.0
김성은의원,1,커뮤니티 1,3397,2,4.0
부의장취지는,1,커뮤니티 1,3397,2,4.0
농정국장이미,1,커뮤니티 1,3397,2,4.0
의장법을,1,커뮤니티 1,3397,2,4.0
오검사다음에,1,커뮤니티 1,3397,2,4.0
김종오의원,1,커뮤니티 1,3397,2,4.0
내각사무처총무국장,1,커뮤니티 1,3397,2,4.0
부의장디젤,1,커뮤니티 1,3397,2,4.0
조봉식대령,1,커뮤니티 1,3397,2,4.0
의장교통부,1,커뮤니티 1,3397,2,4.0
부의장내각에서는,1,커뮤니티 1,3397,2,4.0
기획조정관제안이유,1,커뮤니티 1,3397,2,4.0
보사부장관구법정리임.,1,커뮤니티 1,3397,2,4.0
재무부장관천병규,1,커뮤니티 1,3397,2,4.0
재경위전문위원이창규,1,커뮤니티 1,3397,2,4.0
치안국장제안이유,1,커뮤니티 1,3397,2,4.0
고석이설립된,1,커뮤니티 1,3397,2,4.0
예산심사특별위원회위원장유양수,1,커뮤니티 1,3397,2,4.0
농림장관장형순,1,커뮤니티 1,3397,2,4.0
국민운동본부장유달영,1,커뮤니티 1,3397,2,4.0
부의장고문이정삼,1,커뮤니티 1,3397,2,4.0
농림부양정과장배규성,1,커뮤니티 1,3397,2,4.0
농정국장약,1,커뮤니티 1,3397,2,4.0
원호청차장제안이유,1,커뮤니티 1,3397,2,4.0
농정국장설명,1,커뮤니티 1,3397,2,4.0
부의장내일,1,커뮤니티 1,3397,2,4.0
이창규전문위원,1,커뮤니티 1,3397,2,4.0
농림부농정국장이인우,1,커뮤니티 1,3397,2,4.0
법사위전문위원조병완,1,커뮤니티 1,3397,2,4.0
부의장지금,1,커뮤니티 1,3397,2,4.0
최고위원유원식,1,커뮤니티 1,3397,2,4.0
교통부장관박춘식,1,커뮤니티 1,3397,2,4.0
내각사무처차장박영석,1,커뮤니티 1,3397,2,4.0
경기원부원장차균희,1,커뮤니티 1,3397,2,4.0
외무부차관이원경,1,커뮤니티 1,3397,2,4.0
이근상자문,1,커뮤니티 1,3397,2,4.0
부의장오늘,1,커뮤니티 1,3397,2,4.0
보사부장관한국진,1,커뮤니티 1,3397,2,4.0
부의장의장께서,1,커뮤니티 1,3397,2,4.0
부의장군의,1,커뮤니티 1,3397,2,4.0
내무부차관제안이유,1,커뮤니티 1,3397,2,4.0
운기위자문신두영,1,커뮤니티 1,3397,2,4.0
고문석자문,1,커뮤니티 1,3397,2,4.0
법원행정처장제안이유,1,커뮤니티 1,3397,2,4.0
상공부제2공업국장신오식,1,커뮤니티 1,3397,2,4.0
위원장대리김동하,1,커뮤니티 1,3397,2,4.0
재경위원장대리유병현,1,커뮤니티 1,3397,2,4.0
경기원조정국장이문택,1,커뮤니티 1,3397,2,4.0
중앙정보부법제관김성권,1,커뮤니티 1,3397,2,4.0
사무총국장사실상,1,커뮤니티 1,3397,2,4.0
검찰총장장영순,1,커뮤니티 1,3397,2,4.0
상공부장관지금까지는,1,커뮤니티 1,3397,2,4.0
송정범부원장,1,커뮤니티 1,3397,2,4.0
감찰위감찰위원윤태환,1,커뮤니티 1,3397,2,4.0
재무부차관제안이유,1,커뮤니티 1,3397,2,3.0
조병일위원,1,커뮤니티 1,3397,2,3.0
운영기획위원회보좌관길대령,1,커뮤니티 1,3397,2,3.0
내각사무처장내년도,1,커뮤니티 1,3397,2,3.0
재무부차관제안설명.,1,커뮤니티 1,3397,2,3.0
대령송상남,1,커뮤니티 1,3397,2,3.0
총무처장의장께서,1,커뮤니티 1,3397,2,3.0
인사국장제안이유,1,커뮤니티 1,3397,2,3.0
총무처장지금으로부터,1,커뮤니티 1,3397,2,2.0
예산국장김학열,1,커뮤니티 1,3397,2,2.0
상공부장관의욕적인,1,커뮤니티 1,3397,1,2.0
부의장시행령과,1,커뮤니티 1,3397,1,2.0
법대학장장차,1,커뮤니티 1,3397,1,2.0
의장상임위원회의,1,커뮤니티 1,3397,1,2.0
의장10일간에,1,커뮤니티 1,3397,1,2.0
의장공회사업을,1,커뮤니티 1,3397,1,2.0
김일두검사,1,커뮤니티 1,3397,1,2.0
의장통고액은,1,커뮤니티 1,3397,1,2.0
부의장정부,1,커뮤니티 1,3397,1,2.0
중앙제1감사반장이석제,1,커뮤니티 1,3397,1,2.0
지방제1반장조시형,1,커뮤니티 1,3397,1,2.0
이창규축조,1,커뮤니티 1,3397,1,2.0
중앙제6감사반장손창규,1,커뮤니티 1,3397,1,2.0
중앙제4감사반장김동하,1,커뮤니티 1,3397,1,2.0
이태준위원,1,커뮤니티 1,3397,1,2.0
중앙제5감사반장김윤근,1,커뮤니티 1,3397,1,2.0
부의장관계,1,커뮤니티 1,3397,1,2.0
전태근중령,1,커뮤니티 1,3397,1,2.0
오검사과거에,1,커뮤니티 1,3397,1,2.0
중앙제2감사반장조시형,1,커뮤니티 1,3397,1,2.0
부의장민영탄광이,1,커뮤니티 1,3397,1,2.0
이창규융자,1,커뮤니티 1,3397,1,2.0
이창규상공전문위원,1,커뮤니티 1,3397,1,2.0
성창환장차,1,커뮤니티 1,3397,1,2.0
이창규장차,1,커뮤니티 1,3397,1,2.0
부의장제14조는,1,커뮤니티 1,3397,1,2.0
부의장「그,1,커뮤니티 1,3397,1,2.0
심의위원①,1,커뮤니티 1,3397,1,2.0
이창규조성한다는,1,커뮤니티 1,3397,1,2.0
총무처장기획위에서,1,커뮤니티 1,3397,1,2.0
총무처장내년도,1,커뮤니티 1,3397,1,2.0
총무처장총체적으로,1,커뮤니티 1,3397,1,2.0
총무처장타자수는,1,커뮤니티 1,3397,1,2.0
총무처장사병은,1,커뮤니티 1,3397,1,2.0
부녀국장근절한다는,1,커뮤니티 1,3397,1,2.0
총무처장charts에,1,커뮤니티 1,3397,1,2.0
총무처장자문,1,커뮤니티 1,3397,1,2.0
총무처장최고회의,1,커뮤니티 1,3397,1,2.0
부의장제가,1,커뮤니티 1,3397,1,2.0
부의장심의회에서,1,커뮤니티 1,3397,1,2.0
김창규축조,1,커뮤니티 1,3397,1,2.0
오검사제18조,1,커뮤니티 1,3397,1,2.0
오검사다음에는,1,커뮤니티 1,3397,1,2.0
오검사제13조,1,커뮤니티 1,3397,1,2.0
교체위유전문위원,1,커뮤니티 1,3397,1,2.0
의장고문(박)미창과,1,커뮤니티 1,3397,1,2.0
이창규보통,1,커뮤니티 1,3397,1,2.0
의장여기에,1,커뮤니티 1,3397,1,2.0
총무처장법사위,1,커뮤니티 1,3397,1,2.0
상공부장관직할,1,커뮤니티 1,3397,1,2.0
이창규이것은,1,커뮤니티 1,3397,1,2.0
의장환화이건,1,커뮤니티 1,3397,1,2.0
부의장외화로,1,커뮤니티 1,3397,1,2.0
오검사저희들이,1,커뮤니티 1,3397,1,2.0
이창규「심의회의,1,커뮤니티 1,3397,1,2.0
의장고문(성)자유경제원칙을,1,커뮤니티 1,3397,1,2.0
보사부장관법안골자,1,커뮤니티 1,3397,1,2.0
의장실례를,1,커뮤니티 1,3397,1,2.0
보사부장관14조와,1,커뮤니티 1,3397,1,2.0
오검사그러면,1,커뮤니티 1,3397,1,2.0
외무부장관구두,1,커뮤니티 1,3397,1,2.0
법무과장처음,1,커뮤니티 1,3397,1,2.0
외무국방위원장유양수,1,커뮤니티 1,3397,1,2.0
국토건설단장제안이유,1,커뮤니티 1,3397,1,2.0
고석이이것이,1,커뮤니티 1,3397,1,2.0
국토건설청장운영해,1,커뮤니티 1,3397,1,2.0
국토건설청장단이란,1,커뮤니티 1,3397,1,2.0
고석이상공부직할기업체운영위원,1,커뮤니티 1,3397,1,2.0
국토건설청장건설간부는,1,커뮤니티 1,3397,1,2.0
상공부장관5.15부로,1,커뮤니티 1,3397,1,2.0
국토건설청장범법에,1,커뮤니티 1,3397,1,2.0
국토건설청장각의에서,1,커뮤니티 1,3397,1,2.0
국토건설청장현재까지,1,커뮤니티 1,3397,1,2.0
국토건설청장자율적인,1,커뮤니티 1,3397,1,2.0
고석이김진만은,1,커뮤니티 1,3397,1,2.0
이준성환수위사무국장,1,커뮤니티 1,3397,1,2.0
외무부장관주,1,커뮤니티 1,3397,1,2.0
문교부장관기술습득의,1,커뮤니티 1,3397,1,2.0
문교부장관대학정비는,1,커뮤니티 1,3397,1,2.0
문교부장관3년간,1,커뮤니티 1,3397,1,2.0
문교부장관존속대학,1,커뮤니티 1,3397,1,2.0
문사위원회오위원,1,커뮤니티 1,3397,1,2.0
의장고문(유박사),1,커뮤니티 1,3397,1,2.0
문사위오위원,1,커뮤니티 1,3397,1,2.0
"문교부장관5,000명에",1,커뮤니티 1,3397,1,2.0
국토건설청장27세까지는,1,커뮤니티 1,3397,1,2.0
정기봉대령,1,커뮤니티 1,3397,1,2.0
보사부차관국민의료법이,1,커뮤니티 1,3397,1,2.0
보사부차관구법령,1,커뮤니티 1,3397,1,2.0
부의장제12조의,1,커뮤니티 1,3397,1,2.0
보사부차관제6조에,1,커뮤니티 1,3397,1,2.0
보사부차관구법정리임.,1,커뮤니티 1,3397,1,2.0
"의정국장호텔,",1,커뮤니티 1,3397,1,2.0
보사부차관보사부로서는,1,커뮤니티 1,3397,1,2.0
보사부장관국방에,1,커뮤니티 1,3397,1,2.0
내각사무처장주간실시,1,커뮤니티 1,3397,1,2.0
의장상임위원회는,1,커뮤니티 1,3397,1,2.0
부의장정책과,1,커뮤니티 1,3397,1,2.0
부의장구법령의,1,커뮤니티 1,3397,1,2.0
해무국장정부안에,1,커뮤니티 1,3397,1,2.0
국토건설청장최소한도,1,커뮤니티 1,3397,1,2.0
국토건설청장지역적인,1,커뮤니티 1,3397,1,2.0
"의장교육,",1,커뮤니티 1,3397,1,2.0
국토건설청장시행령이,1,커뮤니티 1,3397,1,2.0
의장행정적인,1,커뮤니티 1,3397,1,2.0
법사위원회전문위원,1,커뮤니티 1,3397,1,2.0
해무국장현재,1,커뮤니티 1,3397,1,2.0
해무국장자격을,1,커뮤니티 1,3397,1,2.0
유덕준중령,1,커뮤니티 1,3397,1,2.0
부의장유원식,1,커뮤니티 1,3397,1,2.0
학교관리국장(계속,1,커뮤니티 1,3397,1,2.0
"학교관리국장52,000명에서",1,커뮤니티 1,3397,1,2.0
경제기획원장보좌관5·16선에,1,커뮤니티 1,3397,1,2.0
상공부차관연탄은,1,커뮤니티 1,3397,1,2.0
상공부차관이익금이,1,커뮤니티 1,3397,1,2.0
상공부차관15환,1,커뮤니티 1,3397,1,2.0
기획통제관외무공무원법은,1,커뮤니티 1,3397,1,2.0
상공부차관지방에,1,커뮤니티 1,3397,1,2.0
상공부차관오르지,1,커뮤니티 1,3397,1,2.0
경제기획원장보좌관기백환,1,커뮤니티 1,3397,1,2.0
기획통제관외무공무원법에,1,커뮤니티 1,3397,1,2.0
외무부기획통제관축조,1,커뮤니티 1,3397,1,2.0
경제기획원장보좌관전부,1,커뮤니티 1,3397,1,2.0
부의장제5조에는,1,커뮤니티 1,3397,1,2.0
지방제2반장정세웅,1,커뮤니티 1,3397,1,2.0
법무과장축조심의.,1,커뮤니티 1,3397,1,2.0
지방제4반장김형욱,1,커뮤니티 1,3397,1,2.0
지방제5반장손창규,1,커뮤니티 1,3397,1,2.0
지방제6반장김윤근,1,커뮤니티 1,3397,1,2.0
지방제7반장이석제,1,커뮤니티 1,3397,1,2.0
지방제8반장김동하,1,커뮤니티 1,3397,1,2.0
지방제9반장유병현,1,커뮤니티 1,3397,1,2.0
지방제10반장강상욱,1,커뮤니티 1,3397,1,2.0
중앙제3반장유원식,1,커뮤니티 1,3397,1,2.0
지방제3반장유원식,1,커뮤니티 1,3397,1,2.0
최진기외국위전문위원,1,커뮤니티 1,3397,1,2.0
기획통제관제6조,1,커뮤니티 1,3397,1,2.0
경제기획원조정국장골자는,1,커뮤니티 1,3397,1,2.0
이준성금년도의,1,커뮤니티 1,3397,1,2.0
이준성52%가,1,커뮤니티 1,3397,1,2.0
상공부장관쌍용양회의,1,커뮤니티 1,3397,1,2.0
학교관리국장대학정비기준,1,커뮤니티 1,3397,1,2.0
"학교관리국장89,000명이",1,커뮤니티 1,3397,1,2.0
국제기구과장이범석,1,커뮤니티 1,3397,1,2.0
외무부장관대유엔보고,1,커뮤니티 1,3397,1,2.0
농림부차관서울에,1,커뮤니티 1,3397,1,2.0
"상공부장관17,000환에서",1,커뮤니티 1,3397,1,2.0
우용해경기원외자도입국장,1,커뮤니티 1,3397,1,2.0
고석이외자,1,커뮤니티 1,3397,1,2.0
부의장백남일은,1,커뮤니티 1,3397,1,2.0
이준성부정축재자,1,커뮤니티 1,3397,1,2.0
농림부차관명년에,1,커뮤니티 1,3397,1,2.0
상공부화학연구위원챠-트에,1,커뮤니티 1,3397,1,2.0
상공부차관임시조치법을,1,커뮤니티 1,3397,1,2.0
농림부차관전에,1,커뮤니티 1,3397,1,2.0
농림부차관비료종류의,1,커뮤니티 1,3397,1,2.0
농림부차관“용성비료”하고,1,커뮤니티 1,3397,1,2.0
경제기획원장보좌관백대령,1,커뮤니티 1,3397,1,2.0
상공부차관연탄값이,1,커뮤니티 1,3397,1,2.0
부의장편제개편도,1,커뮤니티 1,3397,1,2.0
편수과장제안이유,1,커뮤니티 1,3397,1,2.0
의장연말,1,커뮤니티 1,3397,1,2.0
국방부장관국방대학원장이,1,커뮤니티 1,3397,1,2.0
국방부장관장차,1,커뮤니티 1,3397,1,2.0
재무부장관재정,1,커뮤니티 1,3397,1,2.0
부의장과거,1,커뮤니티 1,3397,1,2.0
국방부장관현,1,커뮤니티 1,3397,1,2.0
의장정부의,1,커뮤니티 1,3397,1,2.0
농림부차관230만섬의,1,커뮤니티 1,3397,1,2.0
재무부장관공약한,1,커뮤니티 1,3397,1,2.0
의장산업부흥국채에,1,커뮤니티 1,3397,1,2.0
의장대충자금은,1,커뮤니티 1,3397,1,2.0
예산국장80여억의,1,커뮤니티 1,3397,1,2.0
예산국장317억의,1,커뮤니티 1,3397,1,2.0
박태준중소기업은행,1,커뮤니티 1,3397,1,2.0
의장부정축재,1,커뮤니티 1,3397,1,2.0
예산국장20억은,1,커뮤니티 1,3397,1,2.0
의장회의,1,커뮤니티 1,3397,1,2.0
원자력원장오원선,1,커뮤니티 1,3397,1,2.0
의장막사는,1,커뮤니티 1,3397,1,2.0
옥창호위원교체위,1,커뮤니티 1,3397,1,2.0
의장추곡매상자금이,1,커뮤니티 1,3397,1,2.0
전매청장손영을,1,커뮤니티 1,3397,1,2.0
조달청장황인성,1,커뮤니티 1,3397,1,2.0
의장국정감사결과는,1,커뮤니티 1,3397,1,2.0
의장미국에서,1,커뮤니티 1,3397,1,2.0
국토건설청장조성근,1,커뮤니티 1,3397,1,2.0
의장상임위원은,1,커뮤니티 1,3397,1,2.0
이두희위원,1,커뮤니티 1,3397,1,2.0
재무부장관해,1,커뮤니티 1,3397,1,2.0
의장지난번의,1,커뮤니티 1,3397,1,2.0
의장해군출신,1,커뮤니티 1,3397,1,2.0
"감찰위원장대상기관,",1,커뮤니티 1,3397,1,2.0
대한양회감독관3개,1,커뮤니티 1,3397,1,2.0
조정관이기흥,1,커뮤니티 1,3397,1,2.0
상공부백박사,1,커뮤니티 1,3397,1,2.0
법제처장박일경,1,커뮤니티 1,3397,1,2.0
삼성감독관삼성재단에,1,커뮤니티 1,3397,1,2.0
삼호감독관10개,1,커뮤니티 1,3397,1,2.0
최고위원오치성,1,커뮤니티 1,3397,1,2.0
최고위원이주일,1,커뮤니티 1,3397,1,2.0
체신부장관배덕진,1,커뮤니티 1,3397,1,2.0
부원장4차,1,커뮤니티 1,3397,1,2.0
부의장농림위에서,1,커뮤니티 1,3397,1,2.0
공보실장당선작,1,커뮤니티 1,3397,1,2.0
박의장신문이나,1,커뮤니티 1,3397,1,2.0
태창방적박동균,1,커뮤니티 1,3397,1,2.0
수산국장농협에서,1,커뮤니티 1,3397,1,2.0
한당욱4대,1,커뮤니티 1,3397,1,2.0
법제처장양여한다면,1,커뮤니티 1,3397,1,2.0
법제처장축조심의.,1,커뮤니티 1,3397,1,2.0
박의장말을,1,커뮤니티 1,3397,1,2.0
박의장그다음에,1,커뮤니티 1,3397,1,2.0
법제처차장처리위원회를,1,커뮤니티 1,3397,1,2.0
법제처차장관청청사,1,커뮤니티 1,3397,1,2.0
공보실장당선,1,커뮤니티 1,3397,1,2.0
법제처차장네,1,커뮤니티 1,3397,1,2.0
관광과장동해안지구,1,커뮤니티 1,3397,1,2.0
교통부장관국가에서,1,커뮤니티 1,3397,1,2.0
공보실장제1심,1,커뮤니티 1,3397,1,2.0
법제처장돌아오면,1,커뮤니티 1,3397,1,2.0
법사자문충분히,1,커뮤니티 1,3397,1,2.0
법사자문공장저당법과,1,커뮤니티 1,3397,1,2.0
예산국장94년도,1,커뮤니티 1,3397,1,2.0
병무국장인사법,1,커뮤니티 1,3397,1,2.0
법제처장생활능력이,1,커뮤니티 1,3397,1,2.0
법사자문제안취지,1,커뮤니티 1,3397,1,2.0
한당욱법이론에,1,커뮤니티 1,3397,1,2.0
법제처장재산목록이,1,커뮤니티 1,3397,1,2.0
수산국장수산협동조합이,1,커뮤니티 1,3397,1,2.0
"한당욱숙명,",1,커뮤니티 1,3397,1,2.0
법사자문사건,1,커뮤니티 1,3397,1,2.0
재무부장관삭제해도,1,커뮤니티 1,3397,1,2.0
윤영모군사원호특별회계법안.,1,커뮤니티 1,3397,1,2.0
부시장연구하겠음.,1,커뮤니티 1,3397,1,2.0
윤영모전몰군경유자녀보호법안.,1,커뮤니티 1,3397,1,2.0
군사원호청장군사원호상의,1,커뮤니티 1,3397,1,2.0
군사원호청장현재,1,커뮤니티 1,3397,1,2.0
한은총재할인해서,1,커뮤니티 1,3397,1,2.0
이재국장한국은행법,1,커뮤니티 1,3397,1,2.0
한은총재10/100을,1,커뮤니티 1,3397,1,2.0
법안골자,1,커뮤니티 1,3397,1,2.0
준장윤택중,1,커뮤니티 1,3397,1,2.0
윤택중정부로서는,1,커뮤니티 1,3397,1,2.0
부시장제안이유.,1,커뮤니티 1,3397,1,2.0
대령윤영모,1,커뮤니티 1,3397,1,2.0
법사자문구법,1,커뮤니티 1,3397,1,2.0
사무처장제안경위,1,커뮤니티 1,3397,1,2.0
사무처이대령,1,커뮤니티 1,3397,1,2.0
국방부차관제,1,커뮤니티 1,3397,1,2.0
윤영모예년에,1,커뮤니티 1,3397,1,2.0
군사원호청장한사람의,1,커뮤니티 1,3397,1,2.0
윤택중직종별이,1,커뮤니티 1,3397,1,2.0
사무처장앞으로,1,커뮤니티 1,3397,1,2.0
부의장직제는,1,커뮤니티 1,3397,1,2.0
인사국장5·16혁명은,1,커뮤니티 1,3397,1,2.0
인사국장넥타이,1,커뮤니티 1,3397,1,2.0
상공부장관이것을,1,커뮤니티 1,3397,1,2.0
부의장공무원법에,1,커뮤니티 1,3397,1,2.0
상공부장관업무,1,커뮤니티 1,3397,1,2.0
농정국장현행가격은,1,커뮤니티 1,3397,1,2.0
부의장민영,1,커뮤니티 1,3397,1,2.0
농정국장예산,1,커뮤니티 1,3397,1,2.0
부의장5·16혁명의,1,커뮤니티 1,3397,1,2.0
윤택중각,1,커뮤니티 1,3397,1,2.0
부의장예산문제는,1,커뮤니티 1,3397,1,2.0
경리과장예산수정안,1,커뮤니티 1,3397,1,2.0
대한주택영단이사장장대령,1,커뮤니티 1,3397,1,2.0
보사부장관360동중,1,커뮤니티 1,3397,1,2.0
부시장서울특별시,1,커뮤니티 1,3397,1,2.0
인사국장그러한,1,커뮤니티 1,3397,1,2.0
감찰위원장여기에,1,커뮤니티 1,3397,1,2.0
감찰위원이,1,커뮤니티 1,3397,1,2.0
상공부장관업무의,1,커뮤니티 1,3397,1,2.0
부의장좋은,1,커뮤니티 1,3397,1,2.0
최고위원오정근,1,커뮤니티 1,3397,1,2.0
최고위원홍종철,1,커뮤니티 1,3397,1,2.0
재무부장관과거에는,1,커뮤니티 1,3397,1,2.0
법사자문제4조,1,커뮤니티 1,3397,1,2.0
재무부장관과거에,1,커뮤니티 1,3397,1,2.0
국방부차관해병대에,1,커뮤니티 1,3397,1,2.0
재무부장관정부에,1,커뮤니티 1,3397,1,2.0
재무부장관6개월내에,1,커뮤니티 1,3397,1,2.0
재무부장관은전에,1,커뮤니티 1,3397,1,2.0
정무국장지지는,1,커뮤니티 1,3397,1,2.0
정무국장해외,1,커뮤니티 1,3397,1,2.0
사무처장재원,1,커뮤니티 1,3397,1,2.0
법무과장확실한,1,커뮤니티 1,3397,1,2.0
의장현실적으로,1,커뮤니티 1,3397,1,2.0
내각수반정치적인,1,커뮤니티 1,3397,1,2.0
의장더,1,커뮤니티 1,3397,1,2.0
의장표결,1,커뮤니티 1,3397,1,2.0
사무처장정원감원과,1,커뮤니티 1,3397,1,2.0
부의장적자를,1,커뮤니티 1,3397,1,2.0
부의장취지만은,1,커뮤니티 1,3397,1,2.0
사무처장여기서는,1,커뮤니티 1,3397,1,2.0
재무부장관주는,1,커뮤니티 1,3397,1,2.0
경제기획원부원장예를,1,커뮤니티 1,3397,1,2.0
정무국장신문에,1,커뮤니티 1,3397,1,2.0
경제기획원부원장부정이득자에게,1,커뮤니티 1,3397,1,2.0
법사자문축조심의.,1,커뮤니티 1,3397,1,2.0
정무국장이미,1,커뮤니티 1,3397,1,2.0
재무부장관내각안에서,1,커뮤니티 1,3397,1,2.0
"재무부장관1,600만불의",1,커뮤니티 1,3397,1,2.0
경제기획원부원장우리나라에서,1,커뮤니티 1,3397,1,2.0
국방부차관소송,1,커뮤니티 1,3397,1,2.0
의장외자도입에,1,커뮤니티 1,3397,1,2.0
재무부장관새로운,1,커뮤니티 1,3397,1,2.0
재무부장관5개년,1,커뮤니티 1,3397,1,2.0
관상대장아직까지,1,커뮤니티 1,3397,1,2.0
의장운영계획의,1,커뮤니티 1,3397,1,2.0
의장우리,1,커뮤니티 1,3397,1,2.0
내무부지방국장지방세제,1,커뮤니티 1,3397,1,2.0
지방국장기준액을,1,커뮤니티 1,3397,1,2.0
법사자문제31조의,1,커뮤니티 1,3397,1,2.0
내무전문위원사업하는,1,커뮤니티 1,3397,1,2.0
법사자문제40조에서는,1,커뮤니티 1,3397,1,2.0
농정국장6월,1,커뮤니티 1,3397,1,2.0
농정국장못자리는,1,커뮤니티 1,3397,1,2.0
의장무방할,1,커뮤니티 1,3397,1,2.0
공군참모차장비행기에서,1,커뮤니티 1,3397,1,2.0
의장공무원범죄특례법은,1,커뮤니티 1,3397,1,2.0
대법원장법관으로서도,1,커뮤니티 1,3397,1,2.0
의장다시,1,커뮤니티 1,3397,1,2.0
의장그렇게,1,커뮤니티 1,3397,1,2.0
공군참모차장48시간,1,커뮤니티 1,3397,1,2.0
대법원행정처장대법원,1,커뮤니티 1,3397,1,2.0
의장행정사무,1,커뮤니티 1,3397,1,2.0
의장내년에는,1,커뮤니티 1,3397,1,2.0
공군참모차장국부적인,1,커뮤니티 1,3397,1,2.0
행정처장명년,1,커뮤니티 1,3397,1,2.0
농정국장6월20일에,1,커뮤니티 1,3397,1,2.0
부의장예년,1,커뮤니티 1,3397,1,2.0
사세국장현재,1,커뮤니티 1,3397,1,2.0
의장쌀에,1,커뮤니티 1,3397,1,2.0
사세국장소득세율,1,커뮤니티 1,3397,1,2.0
농림부차관지난달,1,커뮤니티 1,3397,1,2.0
사세국장영업세,1,커뮤니티 1,3397,1,2.0
의장공포할,1,커뮤니티 1,3397,1,2.0
상공부장관그,1,커뮤니티 1,3397,1,2.0
부의장융통성,1,커뮤니티 1,3397,1,2.0
상공부장관생산,1,커뮤니티 1,3397,1,2.0
의장술은,1,커뮤니티 1,3397,1,2.0
부의장양수기,1,커뮤니티 1,3397,1,2.0
농정국장양수기,1,커뮤니티 1,3397,1,2.0
의장오후,1,커뮤니티 1,3397,1,2.0
지방국장자동차세는,1,커뮤니티 1,3397,1,2.0
사세국장휘발유에,1,커뮤니티 1,3397,1,2.0
의장정책면에서,1,커뮤니티 1,3397,1,2.0
의장다른,1,커뮤니티 1,3397,1,2.0
사세국장세제개혁,1,커뮤니티 1,3397,1,2.0
농정국장소요량의,1,커뮤니티 1,3397,1,2.0
농정국장구체적인,1,커뮤니티 1,3397,1,2.0
부의장의장이,1,커뮤니티 1,3397,1,2.0
사세국장세제개정,1,커뮤니티 1,3397,1,2.0
농정국장경상도임.,1,커뮤니티 1,3397,1,2.0
관상대장일본에서,1,커뮤니티 1,3397,1,2.0
의장시영택시,1,커뮤니티 1,3397,1,2.0
김병삼경기,1,커뮤니티 1,3397,1,2.0
경제기획원부원장특종한,1,커뮤니티 1,3397,1,2.0
경제기획원부원장처리위원회의,1,커뮤니티 1,3397,1,2.0
경제기획원부원장금년도는,1,커뮤니티 1,3397,1,2.0
경제기획원부원장그래서,1,커뮤니티 1,3397,1,2.0
재무차관작년에는,1,커뮤니티 1,3397,1,2.0
외무부장관토요일에,1,커뮤니티 1,3397,1,2.0
외무부장관장차,1,커뮤니티 1,3397,1,2.0
관상대장사전에,1,커뮤니티 1,3397,1,2.0
부의장인공강우에,1,커뮤니티 1,3397,1,2.0
문사위원장손창규,1,커뮤니티 1,3397,1,2.0
"사무처장50,000명의",1,커뮤니티 1,3397,1,2.0
병무국장두,1,커뮤니티 1,3397,1,2.0
유형진고문,1,커뮤니티 1,3397,1,2.0
출석의원(9인),1,커뮤니티 1,3397,1,2.0
부의장근본취지에,1,커뮤니티 1,3397,1,2.0
내각수반공무원,1,커뮤니티 1,3397,1,2.0
부의장축조심의,1,커뮤니티 1,3397,1,2.0
병무국장진급시킬,1,커뮤니티 1,3397,1,2.0
경제기획부원장0～2,1,커뮤니티 1,3397,1,2.0
병무국장1안,1,커뮤니티 1,3397,1,2.0
법사위원장이석제,1,커뮤니티 1,3397,1,2.0
병무국장장교,1,커뮤니티 1,3397,1,2.0
사무처장하급직원은,1,커뮤니티 1,3397,1,2.0
내각수반이것은,1,커뮤니티 1,3397,1,2.0
국방장관곡가인상,1,커뮤니티 1,3397,1,2.0
관상대장약,1,커뮤니티 1,3397,1,2.0
김병삼인천공작창,1,커뮤니티 1,3397,1,2.0
부의장결론적으로,1,커뮤니티 1,3397,1,2.0
재무차관휘발유가,1,커뮤니티 1,3397,1,2.0
김병삼법무부,1,커뮤니티 1,3397,1,2.0
내각수반내주,1,커뮤니티 1,3397,1,2.0
김병삼방법을,1,커뮤니티 1,3397,1,2.0
의장연내에,1,커뮤니티 1,3397,1,2.0
부의장농림부,1,커뮤니티 1,3397,1,2.0
문교부장관예산은,1,커뮤니티 1,3397,1,2.0
김병삼내년,1,커뮤니티 1,3397,1,2.0
의장황지선,1,커뮤니티 1,3397,1,2.0
김병삼갱목,1,커뮤니티 1,3397,1,2.0
재무부기획조정관세제개혁,1,커뮤니티 1,3397,1,2.0
경리과장현행도는,1,커뮤니티 1,3397,1,2.0
부의장보류함.,1,커뮤니티 1,3397,1,2.0
업무국장개정법률,1,커뮤니티 1,3397,1,2.0
전매청장제안이유,1,커뮤니티 1,3397,1,2.0
재무부차관물론,1,커뮤니티 1,3397,1,2.0
부의장5개년,1,커뮤니티 1,3397,1,2.0
"재무부차관약품,",1,커뮤니티 1,3397,1,2.0
재무부차관귀속재산처리법중,1,커뮤니티 1,3397,1,2.0
재무부차관예산과는,1,커뮤니티 1,3397,1,2.0
김고문헌법상의,1,커뮤니티 1,3397,1,2.0
부의장자동차,1,커뮤니티 1,3397,1,2.0
법사위자문제안내용,1,커뮤니티 1,3397,1,2.0
재무부예산국장구법정리임.,1,커뮤니티 1,3397,1,2.0
재무부리재국장구법정리임.,1,커뮤니티 1,3397,1,2.0
국고국장재경위,1,커뮤니티 1,3397,1,2.0
재무부차관제16조에,1,커뮤니티 1,3397,1,2.0
부의장심의회는,1,커뮤니티 1,3397,1,2.0
경제기획원예산국장과거의,1,커뮤니티 1,3397,1,2.0
의장테레비,1,커뮤니티 1,3397,1,2.0
곽고문외국의,1,커뮤니티 1,3397,1,2.0
의장5개년,1,커뮤니티 1,3397,1,2.0
의장46억의,1,커뮤니티 1,3397,1,2.0
성창환중점적인,1,커뮤니티 1,3397,1,2.0
의장계수적으로,1,커뮤니티 1,3397,1,2.0
부의장재무부장관과,1,커뮤니티 1,3397,1,2.0
재무부차관공공단체,1,커뮤니티 1,3397,1,2.0
박동묘계획서의,1,커뮤니티 1,3397,1,2.0
재무부차관전체,1,커뮤니티 1,3397,1,2.0
이진수설명계속.,1,커뮤니티 1,3397,1,2.0
박동묘개간사업에,1,커뮤니티 1,3397,1,2.0
오성모전문위원,1,커뮤니티 1,3397,1,2.0
재무부차관재무부장관은,1,커뮤니티 1,3397,1,2.0
국고국장9조,1,커뮤니티 1,3397,1,2.0
재무부차관금년,1,커뮤니티 1,3397,1,2.0
부의장지방자치단체,1,커뮤니티 1,3397,1,2.0
김고문악용되면,1,커뮤니티 1,3397,1,2.0
곽고문이것은,1,커뮤니티 1,3397,1,2.0
재무부차관의장에게,1,커뮤니티 1,3397,1,2.0
부의장구법정리에,1,커뮤니티 1,3397,1,2.0
교체위전문위원제안이유,1,커뮤니티 1,3397,1,2.0
부의장새나라,1,커뮤니티 1,3397,1,2.0
부의장기존업자들에,1,커뮤니티 1,3397,1,2.0
재무부예산국장이한빈,1,커뮤니티 1,3397,1,2.0
상공부장관자동차,1,커뮤니티 1,3397,1,2.0
보사부장관암암리에,1,커뮤니티 1,3397,1,2.0
보사부장관14세,1,커뮤니티 1,3397,1,2.0
재정경제위원장김동하,1,커뮤니티 1,3397,1,2.0
부의장기본권을,1,커뮤니티 1,3397,1,2.0
상공부장관새로운,1,커뮤니티 1,3397,1,2.0
의장테레비보다,1,커뮤니티 1,3397,1,2.0
의장오늘,1,커뮤니티 1,3397,1,2.0
부의장서울시장과,1,커뮤니티 1,3397,1,2.0
신직수두어도,1,커뮤니티 1,3397,1,2.0
신직수특별한,1,커뮤니티 1,3397,1,2.0
부의장제2조2의,1,커뮤니티 1,3397,1,2.0
박태준위원삽입하겠음.,1,커뮤니티 1,3397,1,2.0
신직수방조를,1,커뮤니티 1,3397,1,2.0
부의장일본의,1,커뮤니티 1,3397,1,2.0
부의장제24조의,1,커뮤니티 1,3397,1,2.0
부의장국내,1,커뮤니티 1,3397,1,2.0
부의장동감임.,1,커뮤니티 1,3397,1,2.0
부의장인도적,1,커뮤니티 1,3397,1,2.0
문사자문이,1,커뮤니티 1,3397,1,2.0
부의장5월,1,커뮤니티 1,3397,1,2.0
부의장15조,1,커뮤니티 1,3397,1,2.0
부의장법적절차를,1,커뮤니티 1,3397,1,2.0
보사부장관고아원,1,커뮤니티 1,3397,1,2.0
박정희본인과,1,커뮤니티 1,3397,1,2.0
부의장행정조치로,1,커뮤니티 1,3397,1,2.0
심계원장능률적인,1,커뮤니티 1,3397,1,2.0
운동본부차장소요예산,1,커뮤니티 1,3397,1,2.0
이지형16억입니다.,1,커뮤니티 1,3397,1,2.0
관상대장극동으로부터,1,커뮤니티 1,3397,1,2.0
이지형정치적,1,커뮤니티 1,3397,1,2.0
이지형구체적,1,커뮤니티 1,3397,1,2.0
농림부장관이상으로서,1,커뮤니티 1,3397,1,2.0
행정관리국장지난번,1,커뮤니티 1,3397,1,2.0
사무처장과거부터의,1,커뮤니티 1,3397,1,2.0
부의장여러,1,커뮤니티 1,3397,1,2.0
부의장어떤,1,커뮤니티 1,3397,1,2.0
내각사무처장제안취지,1,커뮤니티 1,3397,1,2.0
사무처장이,1,커뮤니티 1,3397,1,2.0
사무처장혁명,1,커뮤니티 1,3397,1,2.0
부의장법은,1,커뮤니티 1,3397,1,2.0
심계원최병련,1,커뮤니티 1,3397,1,2.0
경리과장총괄표에,1,커뮤니티 1,3397,1,2.0
부의장방위사의,1,커뮤니티 1,3397,1,2.0
경리과장독립예산을,1,커뮤니티 1,3397,1,2.0
감찰위이제전,1,커뮤니티 1,3397,1,2.0
감찰위원장감찰위가,1,커뮤니티 1,3397,1,2.0
부의장지난번,1,커뮤니티 1,3397,1,2.0
공보실장원충연,1,커뮤니티 1,3397,1,2.0
의장기상,1,커뮤니티 1,3397,1,2.0
사세국장챠-트에,1,커뮤니티 1,3397,1,2.0
기획조정관낭독.,1,커뮤니티 1,3397,1,2.0
사세국장세제개혁의,1,커뮤니티 1,3397,1,2.0
"의장5,000대가",1,커뮤니티 1,3397,1,2.0
중앙정보부정문찬,1,커뮤니티 1,3397,1,2.0
부의장행정부의,1,커뮤니티 1,3397,1,2.0
부의장예산정원,1,커뮤니티 1,3397,1,2.0
농림부장관1만대,1,커뮤니티 1,3397,1,2.0
부의장세제개혁,1,커뮤니티 1,3397,1,2.0
부의장따라서,1,커뮤니티 1,3397,1,2.0
의장양수기,1,커뮤니티 1,3397,1,2.0
의장만들,1,커뮤니티 1,3397,1,2.0
농정국장지금,1,커뮤니티 1,3397,1,2.0
사무처장과거에,1,커뮤니티 1,3397,1,2.0
내각사무처장건의안,1,커뮤니티 1,3397,1,2.0
사무처장국제회의는,1,커뮤니티 1,3397,1,2.0
의장군은,1,커뮤니티 1,3397,1,2.0
경제기획원장제안설명,1,커뮤니티 1,3397,1,2.0
총무처장브리핑을,1,커뮤니티 1,3397,1,2.0
재경위원장이것은,1,커뮤니티 1,3397,1,2.0
경제기획원장외국에,1,커뮤니티 1,3397,1,2.0
경제기획원장미국,1,커뮤니티 1,3397,1,2.0
경제기획원장그,1,커뮤니티 1,3397,1,2.0
농림부장관수리안전답,1,커뮤니티 1,3397,1,2.0
경제기획원장경제개발에,1,커뮤니티 1,3397,1,2.0
농림부장관연구,1,커뮤니티 1,3397,1,2.0
총무처장이상으로,1,커뮤니티 1,3397,1,2.0
농림부장관평년고에,1,커뮤니티 1,3397,1,2.0
조봉식주불대사,1,커뮤니티 1,3397,1,2.0
홍전문위원제안이유,1,커뮤니티 1,3397,1,2.0
부의장82억의,1,커뮤니티 1,3397,1,2.0
부의장최고회의에서는,1,커뮤니티 1,3397,1,2.0
의장보고에,1,커뮤니티 1,3397,1,2.0
부의장휴식,1,커뮤니티 1,3397,1,2.0
경리과장각,1,커뮤니티 1,3397,1,2.0
총무처장최고회의에는,1,커뮤니티 1,3397,1,2.0
의장하부,1,커뮤니티 1,3397,1,2.0
부의장99억의,1,커뮤니티 1,3397,1,2.0
부의장내주,1,커뮤니티 1,3397,1,2.0
부의장거수,1,커뮤니티 1,3397,1,2.0
부의장안주는데,1,커뮤니티 1,3397,1,2.0
"부의장지사,",1,커뮤니티 1,3397,1,2.0
김원동법인체에서,1,커뮤니티 1,3397,1,2.0
내각사무처장국민운동본부에서,1,커뮤니티 1,3397,1,2.0
총무국장연도환영계획,1,커뮤니티 1,3397,1,2.0
서울특별시지부의장귀국,1,커뮤니티 1,3397,1,2.0
경기도지부경기도내에서는,1,커뮤니티 1,3397,1,2.0
부의장검소하고,1,커뮤니티 1,3397,1,2.0
공보부공보부계획,1,커뮤니티 1,3397,1,2.0
"부의장기자인터뷰,",1,커뮤니티 1,3397,1,2.0
총무국장의장,1,커뮤니티 1,3397,1,2.0
농림부장관본래,1,커뮤니티 1,3397,1,2.0
농림부장관전라북도의,1,커뮤니티 1,3397,1,2.0
내각사무처장보좌관charts에,1,커뮤니티 1,3397,1,2.0
내각사무처장사열대에,1,커뮤니티 1,3397,1,2.0
총무국장기는,1,커뮤니티 1,3397,1,2.0
김원동6항에,1,커뮤니티 1,3397,1,2.0
김원동무방할,1,커뮤니티 1,3397,1,2.0
김원동제4항은,1,커뮤니티 1,3397,1,2.0
김원동사실상의,1,커뮤니티 1,3397,1,2.0
김원동5항에,1,커뮤니티 1,3397,1,2.0
김원동제9항에,1,커뮤니티 1,3397,1,2.0
공보실장평년작에,1,커뮤니티 1,3397,1,2.0
김원동제10항은,1,커뮤니티 1,3397,1,2.0
김원동제11항의,1,커뮤니티 1,3397,1,2.0
조봉식조약과장의,1,커뮤니티 1,3397,1,2.0
조약과장제안이유,1,커뮤니티 1,3397,1,2.0
길대령(charts에,1,커뮤니티 1,3397,1,2.0
조봉식의장각하,1,커뮤니티 1,3397,1,2.0
사세국장이미,1,커뮤니티 1,3397,1,2.0
농림부장관오늘,1,커뮤니티 1,3397,1,2.0
부의장이의가,1,커뮤니티 1,3397,1,2.0
이근상내무와,1,커뮤니티 1,3397,1,2.0
이근상제안이유,1,커뮤니티 1,3397,1,2.0
경리과장총계.,1,커뮤니티 1,3397,1,2.0
부의장금년도의,1,커뮤니티 1,3397,1,2.0
고문석다음,1,커뮤니티 1,3397,1,2.0
문예국장재산관리인을,1,커뮤니티 1,3397,1,2.0
사세국장(최고위법사위의,1,커뮤니티 1,3397,1,2.0
재무부기획조정관꼭,1,커뮤니티 1,3397,1,2.0
보사부장관그렇습니다.,1,커뮤니티 1,3397,1,2.0
부의장13시,1,커뮤니티 1,3397,1,2.0
중앙정보부김성권소령,1,커뮤니티 1,3397,1,2.0
의장묘판이,1,커뮤니티 1,3397,1,2.0
재무부기획조정관오늘은,1,커뮤니티 1,3397,1,2.0
이석제위원제5조,1,커뮤니티 1,3397,1,2.0
농정국장농작물,1,커뮤니티 1,3397,1,2.0
부의장국가,1,커뮤니티 1,3397,1,2.0
부의장재경위원장과,1,커뮤니티 1,3397,1,2.0
상공부차관타국영기업체에,1,커뮤니티 1,3397,1,2.0
상공부차관전력개발을,1,커뮤니티 1,3397,1,2.0
부의장5분,1,커뮤니티 1,3397,1,2.0
상공부차관그것은,1,커뮤니티 1,3397,1,2.0
부의장각각,1,커뮤니티 1,3397,1,2.0
정제봉제안이유,1,커뮤니티 1,3397,1,2.0
외무국방위원장케네디,1,커뮤니티 1,3397,1,2.0
이근상법사자문,1,커뮤니티 1,3397,1,2.0
문교부문예국장이충성,1,커뮤니티 1,3397,1,2.0
상공부차관최소한도,1,커뮤니티 1,3397,1,2.0
감찰위원장약,1,커뮤니티 1,3397,1,2.0
부의장파벌문제의,1,커뮤니티 1,3397,1,2.0
감찰위원장연석회의를,1,커뮤니티 1,3397,1,2.0
인사국장자체,1,커뮤니티 1,3397,1,2.0
부의장세부사항은,1,커뮤니티 1,3397,1,2.0
부의장군인과,1,커뮤니티 1,3397,1,2.0
이근상법사전문위원,1,커뮤니티 1,3397,1,2.0
유덕준(교체위),1,커뮤니티 1,3397,1,2.0
인사국장기여금에,1,커뮤니티 1,3397,1,2.0
부의장이것을,1,커뮤니티 1,3397,1,2.0
인사국장공무원의,1,커뮤니티 1,3397,1,2.0
고문석문사자문,1,커뮤니티 1,3397,1,2.0
부의장단서는,1,커뮤니티 1,3397,1,2.0
농림부장관지방에,1,커뮤니티 1,3397,1,2.0
의장8m,1,커뮤니티 1,3397,1,2.0
문사자문위원엄연히,1,커뮤니티 1,3397,1,2.0
보사부장관이,1,커뮤니티 1,3397,1,2.0
농림부차관금년에는,1,커뮤니티 1,3397,1,2.0
조정관법률이,1,커뮤니티 1,3397,1,2.0
국방부군수국장군에서는,1,커뮤니티 1,3397,1,2.0
농림부농림국장챠-트에,1,커뮤니티 1,3397,1,2.0
사법국장김동수,1,커뮤니티 1,3397,1,2.0
기획조정관조문낭독.,1,커뮤니티 1,3397,1,2.0
기획조정관조문,1,커뮤니티 1,3397,1,2.0
부의장위의,1,커뮤니티 1,3397,1,2.0
의장가능한,1,커뮤니티 1,3397,1,2.0
농정국장돈이,1,커뮤니티 1,3397,1,2.0
보사부장관직접,1,커뮤니티 1,3397,1,2.0
재경위자문김봉관,1,커뮤니티 1,3397,1,2.0
보사부노동국장실업자의,1,커뮤니티 1,3397,1,2.0
문사위자문오정근,1,커뮤니티 1,3397,1,2.0
농정국장그렇지,1,커뮤니티 1,3397,1,2.0
농정국장조금,1,커뮤니티 1,3397,1,2.0
보사부장관서울특별시장,1,커뮤니티 1,3397,1,2.0
농정국장그렇습니다.,1,커뮤니티 1,3397,1,2.0
농정국장사들일,1,커뮤니티 1,3397,1,2.0
의장전국에,1,커뮤니티 1,3397,1,2.0
부의장시행령에,1,커뮤니티 1,3397,1,2.0
보사부장관개정법률안,1,커뮤니티 1,3397,1,2.0
보사부장관목적의식,1,커뮤니티 1,3397,1,2.0
부의장제7조1의,1,커뮤니티 1,3397,1,2.0
의장우물은,1,커뮤니티 1,3397,1,2.0
보사부장관위임사항이,1,커뮤니티 1,3397,1,2.0
보사부장관제7조1에,1,커뮤니티 1,3397,1,2.0
보사부장관직업소개소에,1,커뮤니티 1,3397,1,2.0
보사부장관소개는,1,커뮤니티 1,3397,1,2.0
농정국장반영토록,1,커뮤니티 1,3397,1,2.0
사무처장행정상,1,커뮤니티 1,3397,1,2.0
수산국장안강망,1,커뮤니티 1,3397,1,2.0
박위원장복구지침을,1,커뮤니티 1,3397,1,2.0
보사부장관건의사항,1,커뮤니티 1,3397,1,2.0
박위원장이재민의,1,커뮤니티 1,3397,1,2.0
치안국장전국,1,커뮤니티 1,3397,1,2.0
문교부장관도시에,1,커뮤니티 1,3397,1,2.0
문교부장관대학의,1,커뮤니티 1,3397,1,2.0
감사반원민용식,1,커뮤니티 1,3397,1,2.0
반장대리최고위원,1,커뮤니티 1,3397,1,2.0
문교부장관그,1,커뮤니티 1,3397,1,2.0
"치안국장도로작업,",1,커뮤니티 1,3397,1,2.0
박위원장자재,1,커뮤니티 1,3397,1,2.0
재무부차관최고회의에,1,커뮤니티 1,3397,1,2.0
재무부장관이론을,1,커뮤니티 1,3397,1,2.0
박위원장작년,1,커뮤니티 1,3397,1,2.0
재무부장관세율이,1,커뮤니티 1,3397,1,2.0
보사부장관경북,1,커뮤니티 1,3397,1,2.0
박위원장7월30일,1,커뮤니티 1,3397,1,2.0
박위원장좋은,1,커뮤니티 1,3397,1,2.0
내각수반(인사),1,커뮤니티 1,3397,1,2.0
보건사회부장관수해복구대책에,1,커뮤니티 1,3397,1,2.0
오종철위원,1,커뮤니티 1,3397,1,2.0
치안국장내무와,1,커뮤니티 1,3397,1,2.0
운영기회위원장오치성,1,커뮤니티 1,3397,1,2.0
재무부장관실질적으로,1,커뮤니티 1,3397,1,2.0
헌병감담당은,1,커뮤니티 1,3397,1,2.0
국방부차관580만환에,1,커뮤니티 1,3397,1,2.0
육참총장이것은,1,커뮤니티 1,3397,1,2.0
감찰위원장직권,1,커뮤니티 1,3397,1,2.0
감찰위조병일,1,커뮤니티 1,3397,1,2.0
조병일군인으로서,1,커뮤니티 1,3397,1,2.0
법무감이,1,커뮤니티 1,3397,1,2.0
법무감1군사령부의,1,커뮤니티 1,3397,1,2.0
의무감통신감의,1,커뮤니티 1,3397,1,2.0
감찰위원장지금,1,커뮤니티 1,3397,1,2.0
박위원장현,1,커뮤니티 1,3397,1,2.0
전위원,1,커뮤니티 1,3397,1,2.0
부의장국방부장관에게,1,커뮤니티 1,3397,1,2.0
부의장통화조치법에는,1,커뮤니티 1,3397,1,2.0
문교부장관별,1,커뮤니티 1,3397,1,2.0
문교부장관기회,1,커뮤니티 1,3397,1,2.0
부의장그것을,1,커뮤니티 1,3397,1,2.0
박위원장경쟁에서,1,커뮤니티 1,3397,1,2.0
문교부장관실업계,1,커뮤니티 1,3397,1,2.0
박위원장큰,1,커뮤니티 1,3397,1,2.0
부의장5분간,1,커뮤니티 1,3397,1,2.0
법무감검찰과에서,1,커뮤니티 1,3397,1,2.0
박위원장그때까지,1,커뮤니티 1,3397,1,2.0
감찰위원장법적,1,커뮤니티 1,3397,1,2.0
이한빈기술적,1,커뮤니티 1,3397,1,2.0
세관국장임철훈,1,커뮤니티 1,3397,1,2.0
재무부장관,1,커뮤니티 1,3397,1,2.0
박위원장대한상공회의소와,1,커뮤니티 1,3397,1,2.0
상공부장관상공회의소는,1,커뮤니티 1,3397,1,2.0
상공부장관융통성을,1,커뮤니티 1,3397,1,2.0
재건국민운동본부차장이찬형,1,커뮤니티 1,3397,1,2.0
박위원장상공회의소가,1,커뮤니티 1,3397,1,2.0
내무부차관이계기,1,커뮤니티 1,3397,1,2.0
상공부장관자문기관이며,1,커뮤니티 1,3397,1,2.0
박위원장신원조사는,1,커뮤니티 1,3397,1,2.0
박위원장개별적,1,커뮤니티 1,3397,1,2.0
이한빈실질적,1,커뮤니티 1,3397,1,2.0
차관이한빈,1,커뮤니티 1,3397,1,2.0
김교식서무에,1,커뮤니티 1,3397,1,2.0
수도방위사령부법무부장권영민,1,커뮤니티 1,3397,1,2.0
위원장지침은,1,커뮤니티 1,3397,1,2.0
"위원장장기개발계획지침,",1,커뮤니티 1,3397,1,2.0
재정경제위원박태준,1,커뮤니티 1,3397,1,2.0
김교식재경위의,1,커뮤니티 1,3397,1,2.0
위원장다른,1,커뮤니티 1,3397,1,2.0
국방부최대명,1,커뮤니티 1,3397,1,2.0
보사부장관보좌관내무부의,1,커뮤니티 1,3397,1,2.0
박위원장이번,1,커뮤니티 1,3397,1,2.0
치안국장영주는,1,커뮤니티 1,3397,1,2.0
박위원장최고회의에서,1,커뮤니티 1,3397,1,2.0
박위원장최고위원은,1,커뮤니티 1,3397,1,2.0
박위원장정부기구,1,커뮤니티 1,3397,1,2.0
박위원장본,1,커뮤니티 1,3397,1,2.0
감사관김교식,1,커뮤니티 1,3397,1,2.0
지방제1감사반원김원현,1,커뮤니티 1,3397,1,2.0
교체위장대리옥창호,1,커뮤니티 1,3397,1,2.0
법무부검찰과장장영순,1,커뮤니티 1,3397,1,2.0
박위원장각군,1,커뮤니티 1,3397,1,2.0
이지형차장,1,커뮤니티 1,3397,1,2.0
박위원장법사위에서,1,커뮤니티 1,3397,1,2.0
법제국장chart에,1,커뮤니티 1,3397,1,2.0
유근국인사국은,1,커뮤니티 1,3397,1,2.0
유근국chart에,1,커뮤니티 1,3397,1,2.0
부의고문이태준,1,커뮤니티 1,3397,1,2.0
사무처장최고회의,1,커뮤니티 1,3397,1,2.0
전매청기획조정관실김문호,1,커뮤니티 1,3397,1,2.0
유근국행정,1,커뮤니티 1,3397,1,2.0
위원장대리이주일「추천」을,1,커뮤니티 1,3397,1,2.0
사무처장우남,1,커뮤니티 1,3397,1,2.0
부의장누구의,1,커뮤니티 1,3397,1,2.0
박위원장인원과,1,커뮤니티 1,3397,1,2.0
박위원장질의에,1,커뮤니티 1,3397,1,2.0
재무부장관180일이란,1,커뮤니티 1,3397,1,2.0
박위원장이,1,커뮤니티 1,3397,1,2.0
헌병감17CID와,1,커뮤니티 1,3397,1,2.0
헌병감내,1,커뮤니티 1,3397,1,2.0
박위원장계속해서,1,커뮤니티 1,3397,1,2.0
경제기획원장전에,1,커뮤니티 1,3397,1,2.0
내각수반정부,1,커뮤니티 1,3397,1,2.0
경제기획원장추곡,1,커뮤니티 1,3397,1,2.0
재무부장관부정축재처리자금,1,커뮤니티 1,3397,1,2.0
내각수반부정축재자금특별회계법안을,1,커뮤니티 1,3397,1,2.0
검찰과장중요한,1,커뮤니티 1,3397,1,2.0
김용기장군,1,커뮤니티 1,3397,1,2.0
검찰과장도피했기,1,커뮤니티 1,3397,1,2.0
검찰과장계속하여,1,커뮤니티 1,3397,1,2.0
예산국장추가경정예산,1,커뮤니티 1,3397,1,2.0
내각수반경제,1,커뮤니티 1,3397,1,2.0
헌병감금년,1,커뮤니티 1,3397,1,2.0
내각수반사업,1,커뮤니티 1,3397,1,2.0
헌병감송치되어,1,커뮤니티 1,3397,1,2.0
박위원장예산,1,커뮤니티 1,3397,1,2.0
조병일현재,1,커뮤니티 1,3397,1,2.0
박위원장임기,1,커뮤니티 1,3397,1,2.0
검찰과장그것은,1,커뮤니티 1,3397,1,2.0
조병일재래법을,1,커뮤니티 1,3397,1,2.0
박위원장특별한,1,커뮤니티 1,3397,1,2.0
총무과장감찰위원회법의,1,커뮤니티 1,3397,1,2.0
총무과장중앙에서,1,커뮤니티 1,3397,1,2.0
법무감송치되었을,1,커뮤니티 1,3397,1,2.0
통신감본인은,1,커뮤니티 1,3397,1,2.0
박위원장먼저,1,커뮤니티 1,3397,1,2.0
조병일개정사항,1,커뮤니티 1,3397,1,2.0
"노동국장철도,",1,커뮤니티 1,3397,1,2.0
박위원장국가사업체,1,커뮤니티 1,3397,1,2.0
보사부장관활동을,1,커뮤니티 1,3397,1,2.0
검찰과장송치되어,1,커뮤니티 1,3397,1,2.0
부의장그런데,1,커뮤니티 1,3397,1,2.0
헌병감사불에도,1,커뮤니티 1,3397,1,2.0
재무부장관전체적으로,1,커뮤니티 1,3397,1,2.0
검찰과장차액이,1,커뮤니티 1,3397,1,2.0
송정범농어촌을,1,커뮤니티 1,3397,1,2.0
건설부장관지역개발사업이란,1,커뮤니티 1,3397,1,2.0
내무부장관지역사회개발의,1,커뮤니티 1,3397,1,2.0
고문관지역사회개발사업은,1,커뮤니티 1,3397,1,2.0
농림부장관지역사회개발사업은,1,커뮤니티 1,3397,1,2.0
재무부장관혼란을,1,커뮤니티 1,3397,1,2.0
검찰과장법무감실이,1,커뮤니티 1,3397,1,2.0
내무부장관지역개발사업을,1,커뮤니티 1,3397,1,2.0
송정범요는,1,커뮤니티 1,3397,1,2.0
송정범현재까지의,1,커뮤니티 1,3397,1,2.0
박위원장권한과,1,커뮤니티 1,3397,1,2.0
의무감재판에,1,커뮤니티 1,3397,1,2.0
군수참모부장본인의,1,커뮤니티 1,3397,1,2.0
부의장재판관이,1,커뮤니티 1,3397,1,2.0
법무감본건,1,커뮤니티 1,3397,1,2.0
김윤호인력,1,커뮤니티 1,3397,1,2.0
육군군수참모부장5·16혁명,1,커뮤니티 1,3397,1,2.0
재무부장관기획면은,1,커뮤니티 1,3397,1,2.0
부의장590만환에,1,커뮤니티 1,3397,1,2.0
한은조사부장송정범,1,커뮤니티 1,3397,1,2.0
헌병감5·16,1,커뮤니티 1,3397,1,2.0
법무감체포를,1,커뮤니티 1,3397,1,2.0
송정범외자청의,1,커뮤니티 1,3397,1,2.0
내각수반외자청은,1,커뮤니티 1,3397,1,2.0
농림부장관원조,1,커뮤니티 1,3397,1,2.0
재무부장관수입량을,1,커뮤니티 1,3397,1,2.0
내각수반앞으로,1,커뮤니티 1,3397,1,2.0
법무감600만환은,1,커뮤니티 1,3397,1,2.0
농림전문위원신영균,1,커뮤니티 1,3397,1,2.0
재무부장관수정안에,1,커뮤니티 1,3397,1,2.0
재무부장관천세기,1,커뮤니티 1,3397,1,2.0
검찰과장국방경비법,1,커뮤니티 1,3397,1,2.0
사세국장현재까지,1,커뮤니티 1,3397,1,2.0
검찰과장그것이,1,커뮤니티 1,3397,1,2.0
재무부장관형사소송법에,1,커뮤니티 1,3397,1,2.0
재무부장관예금을,1,커뮤니티 1,3397,1,2.0
한은총재외국에서도,1,커뮤니티 1,3397,1,2.0
재무부장관대충자금,1,커뮤니티 1,3397,1,2.0
재경위김용기,1,커뮤니티 1,3397,1,2.0
검찰과장재판,1,커뮤니티 1,3397,1,2.0
농림부장관군협,1,커뮤니티 1,3397,1,2.0
검찰과장사실행위가,1,커뮤니티 1,3397,1,2.0
사무처장업무의,1,커뮤니티 1,3397,1,2.0
백운상Slide에,1,커뮤니티 1,3397,1,2.0
부의장합동,1,커뮤니티 1,3397,1,2.0
헌병감중요한,1,커뮤니티 1,3397,1,2.0
내각수반대단히,1,커뮤니티 1,3397,1,2.0
농정국장농업협동조합법안,1,커뮤니티 1,3397,1,2.0
검찰과장물건을,1,커뮤니티 1,3397,1,2.0
농림부장관신용사업은,1,커뮤니티 1,3397,1,2.0
군사원호처장민병권,1,커뮤니티 1,3397,1,2.0
법제처장문홍주,1,커뮤니티 1,3397,1,2.0
구미과장이문용,1,커뮤니티 1,3397,1,2.0
박위원장법률고문과,1,커뮤니티 1,3397,1,2.0
재경위이정삼,1,커뮤니티 1,3397,1,2.0
박위원장재무부장관과,1,커뮤니티 1,3397,1,2.0
농림부농산물검사소장구태석,1,커뮤니티 1,3397,1,2.0
박위원장죄과가,1,커뮤니티 1,3397,1,2.0
박위원장예산관계,1,커뮤니티 1,3397,1,2.0
박위원장국토건설사업,1,커뮤니티 1,3397,1,2.0
박위원장국토개발사업은,1,커뮤니티 1,3397,1,2.0
박위원장경찰관의,1,커뮤니티 1,3397,1,2.0
전문위원이정삼,1,커뮤니티 1,3397,1,2.0
함위원장지금,1,커뮤니티 1,3397,1,2.0
박위원장오후에는,1,커뮤니티 1,3397,1,2.0
기획위원주언,1,커뮤니티 1,3397,1,2.0
출석의원(18인),1,커뮤니티 1,3397,1,2.0
재무부이재국장민영훈,1,커뮤니티 1,3397,1,2.0
재경위자문황종률,1,커뮤니티 1,3397,1,2.0
기획위원정인욱,1,커뮤니티 1,3397,1,2.0
제3감사반장김동하,1,커뮤니티 1,3397,1,2.0
제6감사반장김용순,1,커뮤니티 1,3397,1,2.0
제5감사반장김윤근,1,커뮤니티 1,3397,1,2.0
사무차관이한빈,1,커뮤니티 1,3397,1,2.0
종합계획국장김종대,1,커뮤니티 1,3397,1,2.0
자문위원민병기,1,커뮤니티 1,3397,1,2.0
의전과장이규성,1,커뮤니티 1,3397,1,2.0
내무위유학성,1,커뮤니티 1,3397,1,2.0
외무부국제기구과장이범석,1,커뮤니티 1,3397,1,2.0
장의장UN에서의,1,커뮤니티 1,3397,1,2.0
국제기구과장UN에서의,1,커뮤니티 1,3397,1,2.0
부정축재처리위원회담당관함병기,1,커뮤니티 1,3397,1,2.0
상공부차관보조봉식,1,커뮤니티 1,3397,1,2.0
호남비료공장파견관,1,커뮤니티 1,3397,1,2.0
재경위원장이주일,1,커뮤니티 1,3397,1,2.0
박위원장효소,1,커뮤니티 1,3397,1,2.0
장내각수반,1,커뮤니티 1,3397,1,2.0
박위원장최고회의에서는,1,커뮤니티 1,3397,1,2.0
재무부장관제2차,1,커뮤니티 1,3397,1,2.0
박위원장불필요한,1,커뮤니티 1,3397,1,2.0
건설부장관실업자,1,커뮤니티 1,3397,1,2.0
제4감사반장유양수,1,커뮤니티 1,3397,1,2.0
사무차관은행,1,커뮤니티 1,3397,1,2.0
상공부장관중소기업협동조합,1,커뮤니티 1,3397,1,2.0
이석제장의장,1,커뮤니티 1,3397,1,2.0
박위원장제6조1에,1,커뮤니티 1,3397,1,2.0
내무위전문위원이상선,1,커뮤니티 1,3397,1,2.0
윤영모군사원호대상자고용법(안),1,커뮤니티 1,3397,1,2.0
내각사무처인사국연금기금과장변영기,1,커뮤니티 1,3397,1,2.0
박위원장제11조,1,커뮤니티 1,3397,1,2.0
윤영모부칙1조,1,커뮤니티 1,3397,1,2.0
윤영모대법원에서,1,커뮤니티 1,3397,1,2.0
병무국장미비한,1,커뮤니티 1,3397,1,2.0
중앙정보부장(제안설명),1,커뮤니티 1,3397,1,2.0
부의장의견,1,커뮤니티 1,3397,1,2.0
윤영모자녀보호법이,1,커뮤니티 1,3397,1,2.0
윤영모부칙,1,커뮤니티 1,3397,1,2.0
재무부장관중소기업은행의,1,커뮤니티 1,3397,1,2.0
박위원장학술연구를,1,커뮤니티 1,3397,1,2.0
중앙정보부장방첩부대는,1,커뮤니티 1,3397,1,2.0
사무처장내무부에서,1,커뮤니티 1,3397,1,2.0
박위원장신년도부터,1,커뮤니티 1,3397,1,2.0
박위원장“원호청의,1,커뮤니티 1,3397,1,2.0
문사위자문위원고문석,1,커뮤니티 1,3397,1,2.0
윤영모병무국장을,1,커뮤니티 1,3397,1,2.0
박위원장장교의,1,커뮤니티 1,3397,1,2.0
윤영모(군사원호청설치법안,1,커뮤니티 1,3397,1,2.0
"사무차관1,000만환",1,커뮤니티 1,3397,1,2.0
경제기획원부원장보김학열,1,커뮤니티 1,3397,1,2.0
김교식직제안,1,커뮤니티 1,3397,1,2.0
김교식현재,1,커뮤니티 1,3397,1,2.0
위원장언제부터,1,커뮤니티 1,3397,1,2.0
김교식정부에,1,커뮤니티 1,3397,1,2.0
종합경제심의위원회자문주,1,커뮤니티 1,3397,1,2.0
종합경제심의위원회김교식,1,커뮤니티 1,3397,1,2.0
법제사법위원회자문위원유민상,1,커뮤니티 1,3397,1,2.0
중앙정보부기획통제관강신탁,1,커뮤니티 1,3397,1,2.0
의장(의장,1,커뮤니티 1,3397,1,2.0
이석제최고회의법,1,커뮤니티 1,3397,1,2.0
건설부장관박임환,1,커뮤니티 1,3397,1,2.0
위원장내주,1,커뮤니티 1,3397,1,2.0
"위원장이홍규,",1,커뮤니티 1,3397,1,2.0
이영근괘도에,1,커뮤니티 1,3397,1,2.0
위원장감찰관은,1,커뮤니티 1,3397,1,2.0
이정삼중소기업은행법과,1,커뮤니티 1,3397,1,2.0
박위원장양,1,커뮤니티 1,3397,1,2.0
건설부장관저희들이,1,커뮤니티 1,3397,1,2.0
농림부장관아직,1,커뮤니티 1,3397,1,2.0
김형욱의원,1,커뮤니티 1,3397,1,2.0
농림부장관하곡,1,커뮤니티 1,3397,1,2.0
운영위원장오치성,1,커뮤니티 1,3397,1,2.0
문사위자문고문석,1,커뮤니티 1,3397,1,2.0
문교부장학관강성익,1,커뮤니티 1,3397,1,2.0
사무처장전달하겠음.,1,커뮤니티 1,3397,1,2.0
국방부연참국장김부일,1,커뮤니티 1,3397,1,2.0
박위원장공무원,1,커뮤니티 1,3397,1,2.0
의장고문김홍일,1,커뮤니티 1,3397,1,2.0
제2감사반장조시형,1,커뮤니티 1,3397,1,2.0
박위원장표결에,1,커뮤니티 1,3397,1,2.0
박위원장앞으로,1,커뮤니티 1,3397,1,2.0
법사위서위원,1,커뮤니티 1,3397,1,2.0
고문서동각,1,커뮤니티 1,3397,1,2.0
박위원장도망에,1,커뮤니티 1,3397,1,2.0
제1감사반장이석제,1,커뮤니티 1,3397,1,2.0
이정삼정의,1,커뮤니티 1,3397,1,2.0
농림부장관최주철,1,커뮤니티 1,3397,1,2.0
문교부장관김상엽,1,커뮤니티 1,3397,1,2.0
농촌진흥청장정남규,1,커뮤니티 1,3397,1,2.0
재무부장관현재,1,커뮤니티 1,3397,1,2.0
농림부장관장경순,1,커뮤니티 1,3397,1,2.0
기획통제관실기획조정관최원명,1,커뮤니티 1,3397,1,2.0
사무처장내무부장관에게,1,커뮤니티 1,3397,1,2.0
건설부차관조성근,1,커뮤니티 1,3397,1,2.0
재경이정삼,1,커뮤니티 1,3397,1,2.0
국민운동본부차장이지형,1,커뮤니티 1,3397,1,2.0
박위원장군과의,1,커뮤니티 1,3397,1,2.0
이지형건의사항,1,커뮤니티 1,3397,1,2.0
국토개발청장태백산지역,1,커뮤니티 1,3397,1,2.0
국토건설기획국장태백산,1,커뮤니티 1,3397,1,2.0
헌병감군수참모부장으로부터,1,커뮤니티 1,3397,1,2.0
"공보부장관좌담회,",1,커뮤니티 1,3397,1,2.0
재건국민운동본부장유달영,1,커뮤니티 1,3397,1,2.0
"의장고문,",1,커뮤니티 1,3397,1,2.0
대령이영진,1,커뮤니티 1,3397,1,2.0
상공부장관오늘은,1,커뮤니티 1,3397,1,2.0
공보부장관대책본부와,1,커뮤니티 1,3397,1,2.0
공보실이명영,1,커뮤니티 1,3397,1,2.0
재건국민운동본부차장추동복을,1,커뮤니티 1,3397,1,2.0
재건국민운동본부차장재건국민운동시행세칙개정안.,1,커뮤니티 1,3397,1,2.0
유달영위원,1,커뮤니티 1,3397,1,2.0
상공부장관그날,1,커뮤니티 1,3397,1,2.0
재무부장관UN군,1,커뮤니티 1,3397,1,2.0
재건국민운동본부차장임무에는,1,커뮤니티 1,3397,1,2.0
재건국민운동본부차장열심히,1,커뮤니티 1,3397,1,2.0
재건국민운동본부차장종목별로,1,커뮤니티 1,3397,1,2.0
부의장UN군,1,커뮤니티 1,3397,1,2.0
재무부장관연수표,1,커뮤니티 1,3397,1,2.0
부의장연수표에,1,커뮤니티 1,3397,1,2.0
재건국민운동본부차장chart에,1,커뮤니티 1,3397,1,2.0
경제기획원부원장공공요금에,1,커뮤니티 1,3397,1,2.0
상공부장관타국의,1,커뮤니티 1,3397,1,2.0
사무처장내각수반과,1,커뮤니티 1,3397,1,2.0
고문(신),1,커뮤니티 1,3397,1,2.0
상공부차관더,1,커뮤니티 1,3397,1,2.0
상공부차관이것은,1,커뮤니티 1,3397,1,2.0
내무부장관매점매석,1,커뮤니티 1,3397,1,2.0
교통부장관두,1,커뮤니티 1,3397,1,2.0
고문(손),1,커뮤니티 1,3397,1,2.0
상공부차관민영화문제에,1,커뮤니티 1,3397,1,2.0
교통부차관제안취지,1,커뮤니티 1,3397,1,2.0
장근섭제안근거,1,커뮤니티 1,3397,1,2.0
장근섭시험단계는,1,커뮤니티 1,3397,1,2.0
농림부장관지금,1,커뮤니티 1,3397,1,2.0
국방부장관어제까지,1,커뮤니티 1,3397,1,2.0
상공부차관타회사에,1,커뮤니티 1,3397,1,2.0
상공부장관화폐교환,1,커뮤니티 1,3397,1,2.0
상공부차관제안취지,1,커뮤니티 1,3397,1,2.0
재무부장관유,1,커뮤니티 1,3397,1,2.0
외무부장관국내,1,커뮤니티 1,3397,1,2.0
상공부차관축조심의.,1,커뮤니티 1,3397,1,2.0
상공부차관수입태세가,1,커뮤니티 1,3397,1,2.0
상공부차관원안대로,1,커뮤니티 1,3397,1,2.0
체신부차관영세민으로부터,1,커뮤니티 1,3397,1,2.0
사무처장경제개발5개년계획,1,커뮤니티 1,3397,1,2.0
전기국장불화는,1,커뮤니티 1,3397,1,2.0
"심계원장내각,",1,커뮤니티 1,3397,1,2.0
기획통제관자조계획이,1,커뮤니티 1,3397,1,2.0
조시형선서문,1,커뮤니티 1,3397,1,2.0
행정처장이번,1,커뮤니티 1,3397,1,2.0
내각보고경제기획원장,1,커뮤니티 1,3397,1,2.0
대법원행정처장현재,1,커뮤니티 1,3397,1,2.0
사무처장기술위원장은,1,커뮤니티 1,3397,1,2.0
외무부차관근간,1,커뮤니티 1,3397,1,2.0
외무부차관브라질,1,커뮤니티 1,3397,1,2.0
재무부장관5·16혁명,1,커뮤니티 1,3397,1,2.0
외무부차관지리공화국과의,1,커뮤니티 1,3397,1,2.0
기획통제관chart에,1,커뮤니티 1,3397,1,2.0
이경제위원,1,커뮤니티 1,3397,1,2.0
기획통제관오늘,1,커뮤니티 1,3397,1,2.0
부의장8명에,1,커뮤니티 1,3397,1,2.0
한태연교내는,1,커뮤니티 1,3397,1,2.0
의장고문(신)벌칙중에,1,커뮤니티 1,3397,1,2.0
의장고문(신)증인은,1,커뮤니티 1,3397,1,2.0
법사위자문위원(선우)공무원으로서의,1,커뮤니티 1,3397,1,2.0
법사위자문위원(선우)기밀사항,1,커뮤니티 1,3397,1,2.0
의장고문(신)증인소환에,1,커뮤니티 1,3397,1,2.0
내무부장관아직,1,커뮤니티 1,3397,1,2.0
치안국장풍기단속,1,커뮤니티 1,3397,1,2.0
법무부장관최고회의,1,커뮤니티 1,3397,1,2.0
기획통제관통화량의,1,커뮤니티 1,3397,1,2.0
부의장요청과,1,커뮤니티 1,3397,1,2.0
전기국장3000～3500cal의,1,커뮤니티 1,3397,1,2.0
기획위chart에,1,커뮤니티 1,3397,1,2.0
재무부장관경기회복과,1,커뮤니티 1,3397,1,2.0
재무부차관charts에,1,커뮤니티 1,3397,1,2.0
부의장정책문제는,1,커뮤니티 1,3397,1,2.0
법제처장각원들,1,커뮤니티 1,3397,1,2.0
재무부차관비료의,1,커뮤니티 1,3397,1,2.0
재무부차관과거에,1,커뮤니티 1,3397,1,2.0
재무부장관농림부에서도,1,커뮤니티 1,3397,1,2.0
부의장25일까지,1,커뮤니티 1,3397,1,2.0
의장행정부의,1,커뮤니티 1,3397,1,2.0
사무처장공무원의,1,커뮤니티 1,3397,1,2.0
고문토지수득세의,1,커뮤니티 1,3397,1,2.0
상공부장관저질탄을,1,커뮤니티 1,3397,1,2.0
기획통제관대체로,1,커뮤니티 1,3397,1,2.0
운영위내일,1,커뮤니티 1,3397,1,2.0
의장고문(유),1,커뮤니티 1,3397,1,2.0
대령이연수,1,커뮤니티 1,3397,1,2.0
기획위인원은,1,커뮤니티 1,3397,1,2.0
기획위개편안,1,커뮤니티 1,3397,1,2.0
내각수반내각안,1,커뮤니티 1,3397,1,2.0
재무부차관행정부에서는,1,커뮤니티 1,3397,1,2.0
사무처장조달청에,1,커뮤니티 1,3397,1,2.0
문교부차관제안이유,1,커뮤니티 1,3397,1,2.0
감찰위원장구황실연혁.,1,커뮤니티 1,3397,1,2.0
사무처관계관국방부,1,커뮤니티 1,3397,1,2.0
사무처관계관신법률안,1,커뮤니티 1,3397,1,2.0
상역국장법안낭독.,1,커뮤니티 1,3397,1,2.0
부의장이미,1,커뮤니티 1,3397,1,2.0
농림부장관식량,1,커뮤니티 1,3397,1,2.0
보사부장관구호,1,커뮤니티 1,3397,1,2.0
한은총재민병수,1,커뮤니티 1,3397,1,2.0
차장설명,1,커뮤니티 1,3397,1,2.0
차장charts에,1,커뮤니티 1,3397,1,2.0
차장지부에서는,1,커뮤니티 1,3397,1,2.0
수산국장단체장,1,커뮤니티 1,3397,1,2.0
사무처장농림부에서,1,커뮤니티 1,3397,1,2.0
수산국장사후,1,커뮤니티 1,3397,1,2.0
대령장성원,1,커뮤니티 1,3397,1,2.0
산은총재김세련,1,커뮤니티 1,3397,1,2.0
공업국장상당히,1,커뮤니티 1,3397,1,2.0
본부장국민기대에,1,커뮤니티 1,3397,1,2.0
차장개정골자,1,커뮤니티 1,3397,1,2.0
재무차관처음,1,커뮤니티 1,3397,1,2.0
재무장관원칙적으로,1,커뮤니티 1,3397,1,2.0
재무장관재정자금,1,커뮤니티 1,3397,1,2.0
산은총재산은서,1,커뮤니티 1,3397,1,2.0
본부장의장과,1,커뮤니티 1,3397,1,2.0
장근섭수신,1,커뮤니티 1,3397,1,2.0
수산국장그렇지,1,커뮤니티 1,3397,1,2.0
법제처장공보부에서,1,커뮤니티 1,3397,1,2.0
사무처장체제상,1,커뮤니티 1,3397,1,2.0
내각수반정부로서는,1,커뮤니티 1,3397,1,2.0
내각수반Ceiling,1,커뮤니티 1,3397,1,2.0
사무처장모법에,1,커뮤니티 1,3397,1,2.0
수산국장어상자는,1,커뮤니티 1,3397,1,2.0
수산국장지금,1,커뮤니티 1,3397,1,2.0
법제처장수산시험장은,1,커뮤니티 1,3397,1,2.0
내각수반국방부의,1,커뮤니티 1,3397,1,2.0
법제처장8항에,1,커뮤니티 1,3397,1,2.0
수산국장영구성을,1,커뮤니티 1,3397,1,2.0
내각수반농림부장관이,1,커뮤니티 1,3397,1,2.0
수산국장출어자금,1,커뮤니티 1,3397,1,2.0
수산국장세,1,커뮤니티 1,3397,1,2.0
사무처장행정면은,1,커뮤니티 1,3397,1,2.0
법제처장외무부의,1,커뮤니티 1,3397,1,2.0
재무장관산은,1,커뮤니티 1,3397,1,2.0
의장계획,1,커뮤니티 1,3397,1,2.0
기획통제관행정부로서는,1,커뮤니티 1,3397,1,2.0
체신부장관우편관서에,1,커뮤니티 1,3397,1,2.0
정무국장백림사태.,1,커뮤니티 1,3397,1,2.0
사무처차장5개년계획서,1,커뮤니티 1,3397,1,2.0
의장체재는,1,커뮤니티 1,3397,1,2.0
대령윤현모,1,커뮤니티 1,3397,1,2.0
청장(한),1,커뮤니티 1,3397,1,2.0
문교부장관나가는,1,커뮤니티 1,3397,1,2.0
의장고문대학교수의,1,커뮤니티 1,3397,1,2.0
장근섭지장,1,커뮤니티 1,3397,1,2.0
장근섭제외됩니다.,1,커뮤니티 1,3397,1,2.0
장근섭현행,1,커뮤니티 1,3397,1,2.0
법사위자문제안취지,1,커뮤니티 1,3397,1,2.0
문교부장관보좌관제안설명.,1,커뮤니티 1,3397,1,2.0
사무처장실질적으로,1,커뮤니티 1,3397,1,2.0
기획통제관기호품은,1,커뮤니티 1,3397,1,2.0
기획통제관추석경기로,1,커뮤니티 1,3397,1,2.0
기획통제관금년도의,1,커뮤니티 1,3397,1,2.0
상공부차관5개년계획에,1,커뮤니티 1,3397,1,2.0
상공부차관Simplify,1,커뮤니티 1,3397,1,2.0
상공부차관심의회는,1,커뮤니티 1,3397,1,2.0
재무장관저는,1,커뮤니티 1,3397,1,2.0
상공부차관의결되었다,1,커뮤니티 1,3397,1,2.0
공업국장우선,1,커뮤니티 1,3397,1,2.0
상공부차관Veto할,1,커뮤니티 1,3397,1,2.0
공업국장축조낭독,1,커뮤니티 1,3397,1,2.0
문교부장관오늘날,1,커뮤니티 1,3397,1,2.0
의장한은총재,1,커뮤니티 1,3397,1,2.0
사무처장충분히,1,커뮤니티 1,3397,1,2.0
보사부아동과장4015명의,1,커뮤니티 1,3397,1,2.0
법사위자문법안내용,1,커뮤니티 1,3397,1,2.0
의장근,1,커뮤니티 1,3397,1,2.0
법무부관계관charts에,1,커뮤니티 1,3397,1,2.0
심계원제1국장직제안에,1,커뮤니티 1,3397,1,2.0
최병련사무총국의,1,커뮤니티 1,3397,1,2.0
심계원장전에,1,커뮤니티 1,3397,1,2.0
심계원장시간이,1,커뮤니티 1,3397,1,2.0
심계원장과거의,1,커뮤니티 1,3397,1,2.0
내각수반이와,1,커뮤니티 1,3397,1,2.0
제1변호사협회15명으로,1,커뮤니티 1,3397,1,2.0
서울법대학장이론상,1,커뮤니티 1,3397,1,2.0
대법원장5년,1,커뮤니티 1,3397,1,2.0
기획위이근상,1,커뮤니티 1,3397,1,2.0
서울변호사협회처음,1,커뮤니티 1,3397,1,2.0
부의장“농업을,1,커뮤니티 1,3397,1,2.0
대법원장군독권을,1,커뮤니티 1,3397,1,2.0
법대학장외국에는,1,커뮤니티 1,3397,1,2.0
농림부장관농업을,1,커뮤니티 1,3397,1,2.0
서울법대한명수,1,커뮤니티 1,3397,1,2.0
대법원판사군독판사의,1,커뮤니티 1,3397,1,2.0
의장고문실지에,1,커뮤니티 1,3397,1,2.0
경제기획원장5개년계획이,1,커뮤니티 1,3397,1,2.0
의장고문(손),1,커뮤니티 1,3397,1,2.0
부의장직제를,1,커뮤니티 1,3397,1,2.0
상공부장관수자원국을,1,커뮤니티 1,3397,1,2.0
법제처장그,1,커뮤니티 1,3397,1,2.0
경제기획원장금융·보험은,1,커뮤니티 1,3397,1,2.0
총무국장서훈계획.,1,커뮤니티 1,3397,1,2.0
재무부장관법을,1,커뮤니티 1,3397,1,2.0
"운영위법원조직법,",1,커뮤니티 1,3397,1,2.0
사무처장국제적으로,1,커뮤니티 1,3397,1,2.0
사무처장제16주년,1,커뮤니티 1,3397,1,2.0
총무국장계획설명.,1,커뮤니티 1,3397,1,2.0
사무처장후에,1,커뮤니티 1,3397,1,2.0
제1변호사협회적어도,1,커뮤니티 1,3397,1,2.0
서울변호사협회15명을,1,커뮤니티 1,3397,1,2.0
경제기획원장새로운,1,커뮤니티 1,3397,1,2.0
서울변호사협회이,1,커뮤니티 1,3397,1,2.0
교통부장관시행법의,1,커뮤니티 1,3397,1,2.0
사세국장법인세법부터,1,커뮤니티 1,3397,1,2.0
법제처장제18조,1,커뮤니티 1,3397,1,2.0
재무부장관세무행정의,1,커뮤니티 1,3397,1,2.0
이정삼무신고는,1,커뮤니티 1,3397,1,2.0
재경위자문가산세가,1,커뮤니티 1,3397,1,2.0
의장고문과거의,1,커뮤니티 1,3397,1,2.0
사세국장가산세는,1,커뮤니티 1,3397,1,2.0
의장고문과소신고는,1,커뮤니티 1,3397,1,2.0
재무부장관세무사법안이,1,커뮤니티 1,3397,1,2.0
심계원장정보비,1,커뮤니티 1,3397,1,2.0
심계원장한국은행의,1,커뮤니티 1,3397,1,2.0
교통부장관제안이유,1,커뮤니티 1,3397,1,2.0
박의장이것으로,1,커뮤니티 1,3397,1,2.0
채명신의원,1,커뮤니티 1,3397,1,2.0
서울법대학장제도의,1,커뮤니티 1,3397,1,2.0
대법원장판사들의,1,커뮤니티 1,3397,1,2.0
대법원장3심제를,1,커뮤니티 1,3397,1,2.0
대법원장실무자로서,1,커뮤니티 1,3397,1,2.0
서울변호사협회하루,1,커뮤니티 1,3397,1,2.0
제1변호사협회해방후,1,커뮤니티 1,3397,1,2.0
서울법대학장현실적으로,1,커뮤니티 1,3397,1,2.0
체신부장관제안이유,1,커뮤니티 1,3397,1,2.0
운영국장기획지침,1,커뮤니티 1,3397,1,2.0
운영국장제4장,1,커뮤니티 1,3397,1,2.0
기획처장이것은,1,커뮤니티 1,3397,1,2.0
박희범기초개념,1,커뮤니티 1,3397,1,2.0
정소영선진국과,1,커뮤니티 1,3397,1,2.0
경제기획원장내외합자의,1,커뮤니티 1,3397,1,2.0
경제기획원장외자도입을,1,커뮤니티 1,3397,1,2.0
심계원장제안이유,1,커뮤니티 1,3397,1,2.0
박의장표결에,1,커뮤니티 1,3397,1,2.0
군수참모부장5·16이후,1,커뮤니티 1,3397,1,2.0
국방부장관정부,1,커뮤니티 1,3397,1,2.0
검찰과장물품,1,커뮤니티 1,3397,1,2.0
내각수반HID의,1,커뮤니티 1,3397,1,2.0
박의장정보활동은,1,커뮤니티 1,3397,1,2.0
국방부장관정보비에,1,커뮤니티 1,3397,1,2.0
박의장정보비에,1,커뮤니티 1,3397,1,2.0
내각수반중요성은,1,커뮤니티 1,3397,1,2.0
법무감공소기소,1,커뮤니티 1,3397,1,2.0
내각수반정보비의,1,커뮤니티 1,3397,1,2.0
경제기획원장국방부장관은,1,커뮤니티 1,3397,1,2.0
경제기획원장추경예산의,1,커뮤니티 1,3397,1,2.0
국방부장관국방부에서는,1,커뮤니티 1,3397,1,2.0
감찰감감찰감실에서는,1,커뮤니티 1,3397,1,2.0
법무감감찰감실에서,1,커뮤니티 1,3397,1,2.0
국방부장관추경예산안,1,커뮤니티 1,3397,1,2.0
법무감감찰,1,커뮤니티 1,3397,1,2.0
검찰과장군수참모부에서,1,커뮤니티 1,3397,1,2.0
경제기획원장150만섬이란,1,커뮤니티 1,3397,1,2.0
박의장표결결과,1,커뮤니티 1,3397,1,2.0
재무부장관외자로,1,커뮤니티 1,3397,1,2.0
법무부장관시기문제가,1,커뮤니티 1,3397,1,2.0
김종오위원,1,커뮤니티 1,3397,1,2.0
중앙정보부행정차장개정내용,1,커뮤니티 1,3397,1,2.0
중앙정보부행정차장정보·수사요원에,1,커뮤니티 1,3397,1,2.0
중앙정보부행정차장이것이,1,커뮤니티 1,3397,1,2.0
재무부장관외자도입심의위원회에서는,1,커뮤니티 1,3397,1,2.0
외무부장관“콜럼비아”도,1,커뮤니티 1,3397,1,2.0
외무부장관알젠틴,1,커뮤니티 1,3397,1,2.0
재무부이재국장과거에는,1,커뮤니티 1,3397,1,2.0
법무부장관인간심리,1,커뮤니티 1,3397,1,2.0
부의장설명에,1,커뮤니티 1,3397,1,2.0
법무부장관숫자는,1,커뮤니티 1,3397,1,2.0
경제기획원장금후,1,커뮤니티 1,3397,1,2.0
박의장회의를,1,커뮤니티 1,3397,1,2.0
경제기획원장타협안에,1,커뮤니티 1,3397,1,2.0
내각수반참고삼아,1,커뮤니티 1,3397,1,2.0
박의장HID,1,커뮤니티 1,3397,1,2.0
법무감신품이,1,커뮤니티 1,3397,1,2.0
출석의원(19인),1,커뮤니티 1,3397,1,2.0
법무부장관8·15를,1,커뮤니티 1,3397,1,2.0
검찰과장범인이,1,커뮤니티 1,3397,1,2.0
박재명범무감,1,커뮤니티 1,3397,1,2.0
심계원장국방부,1,커뮤니티 1,3397,1,2.0
부의장국토건설부를,1,커뮤니티 1,3397,1,2.0
심계원장예측할,1,커뮤니티 1,3397,1,2.0
문교부장관시설에는,1,커뮤니티 1,3397,1,2.0
농림부장관석탄증산에,1,커뮤니티 1,3397,1,2.0
농림부장관갖가지,1,커뮤니티 1,3397,1,2.0
농림부장관금년의,1,커뮤니티 1,3397,1,2.0
"농림부장관전주,",1,커뮤니티 1,3397,1,2.0
사무처장과거에도,1,커뮤니티 1,3397,1,2.0
사무처장평균,1,커뮤니티 1,3397,1,2.0
사무처장T/O상에,1,커뮤니티 1,3397,1,2.0
감찰위원장4만명,1,커뮤니티 1,3397,1,2.0
부의장24만,1,커뮤니티 1,3397,1,2.0
감찰위원장감원이,1,커뮤니티 1,3397,1,2.0
내각사무처장경제관계부처,1,커뮤니티 1,3397,1,2.0
산림국장월동용,1,커뮤니티 1,3397,1,2.0
송정범각의는,1,커뮤니티 1,3397,1,2.0
"광무국장1,500만ton",1,커뮤니티 1,3397,1,2.0
부의장앞으로,1,커뮤니티 1,3397,1,2.0
산림국장약,1,커뮤니티 1,3397,1,2.0
산림국장동력펌프와,1,커뮤니티 1,3397,1,2.0
산림국장서울시에서,1,커뮤니티 1,3397,1,2.0
산림국장6월,1,커뮤니티 1,3397,1,2.0
산림국장천적을,1,커뮤니티 1,3397,1,2.0
광무국장석탄수급실적,1,커뮤니티 1,3397,1,2.0
전기국장11월,1,커뮤니티 1,3397,1,2.0
상공부장관5개년발전계획은,1,커뮤니티 1,3397,1,2.0
부의장자문기구라면,1,커뮤니티 1,3397,1,2.0
문교부장관현재의,1,커뮤니티 1,3397,1,2.0
심계원장제반,1,커뮤니티 1,3397,1,2.0
문교부장관근로학생을,1,커뮤니티 1,3397,1,2.0
검찰총장거기까지는,1,커뮤니티 1,3397,1,2.0
사세국장법안개요,1,커뮤니티 1,3397,1,2.0
사세국장약,1,커뮤니티 1,3397,1,2.0
검찰총장처벌법규의,1,커뮤니티 1,3397,1,2.0
재무부차관그렇습니다.,1,커뮤니티 1,3397,1,2.0
의장고문(성)조합의,1,커뮤니티 1,3397,1,2.0
상공부장관석탄수출은,1,커뮤니티 1,3397,1,2.0
재무부차관대안낭독.,1,커뮤니티 1,3397,1,2.0
치안국장현재로서,1,커뮤니티 1,3397,1,2.0
의장고문(곽)자격부여,1,커뮤니티 1,3397,1,2.0
치안국장실직자가,1,커뮤니티 1,3397,1,2.0
재무부차관외국의,1,커뮤니티 1,3397,1,2.0
의장고문(신)인권옹호에,1,커뮤니티 1,3397,1,2.0
치안국장이제,1,커뮤니티 1,3397,1,2.0
문사자문3가지,1,커뮤니티 1,3397,1,2.0
문교부장관내년도의,1,커뮤니티 1,3397,1,2.0
문교부장관4년제,1,커뮤니티 1,3397,1,2.0
의장고문원칙적으로,1,커뮤니티 1,3397,1,2.0
내무부장관제안이유,1,커뮤니티 1,3397,1,2.0
부의장단속주간과,1,커뮤니티 1,3397,1,2.0
내무부장관군과,1,커뮤니티 1,3397,1,2.0
내무부장관도지사가,1,커뮤니티 1,3397,1,2.0
검찰총장무고사건,1,커뮤니티 1,3397,1,2.0
부의장우리가,1,커뮤니티 1,3397,1,2.0
의장고문대체적으로,1,커뮤니티 1,3397,1,2.0
운영위민대령,1,커뮤니티 1,3397,1,2.0
김홍일조약을,1,커뮤니티 1,3397,1,2.0
김홍일일본의,1,커뮤니티 1,3397,1,2.0
문교부기술교육국장공포일로부터,1,커뮤니티 1,3397,1,2.0
법제처장조직상의,1,커뮤니티 1,3397,1,2.0
공보부장관체신부의,1,커뮤니티 1,3397,1,2.0
공보부장관Amp시설이,1,커뮤니티 1,3397,1,2.0
이정삼금융동결령,1,커뮤니티 1,3397,1,2.0
이정삼조항,1,커뮤니티 1,3397,1,2.0
대령김학순,1,커뮤니티 1,3397,1,2.0
총무처장본회의실에,1,커뮤니티 1,3397,1,2.0
문교부기술교육국장장관을,1,커뮤니티 1,3397,1,2.0
이범석UN문제,1,커뮤니티 1,3397,1,2.0
외무부엄영달,1,커뮤니티 1,3397,1,2.0
법제처장제16조,1,커뮤니티 1,3397,1,2.0
심계원장농림부의,1,커뮤니티 1,3397,1,2.0
심계원장여비를,1,커뮤니티 1,3397,1,2.0
준장최영두,1,커뮤니티 1,3397,1,2.0
정범보구체적,1,커뮤니티 1,3397,1,2.0
정범보그러한,1,커뮤니티 1,3397,1,2.0
정범보사회정의감의,1,커뮤니티 1,3397,1,2.0
법제처장이것을,1,커뮤니티 1,3397,1,2.0
기획위외교정책요강에,1,커뮤니티 1,3397,1,2.0
부의장법제처의,1,커뮤니티 1,3397,1,2.0
송정범의장께,1,커뮤니티 1,3397,1,2.0
운기위보고,1,커뮤니티 1,3397,1,2.0
법제처장인원,1,커뮤니티 1,3397,1,2.0
내각사무처장원래,1,커뮤니티 1,3397,1,2.0
국민운동본부차장그렇습니다.,1,커뮤니티 1,3397,1,2.0
국민운동본부차장필요에,1,커뮤니티 1,3397,1,2.0
국민운동본부차장정당의,1,커뮤니티 1,3397,1,2.0
국민운동본부차장되어있음.,1,커뮤니티 1,3397,1,2.0
국민운동본부차장부녀과가,1,커뮤니티 1,3397,1,2.0
보사부장관구,1,커뮤니티 1,3397,1,2.0
국민운동본부차장과거에,1,커뮤니티 1,3397,1,2.0
보사부장관고아실태에,1,커뮤니티 1,3397,1,2.0
부의장기획통제관이나,1,커뮤니티 1,3397,1,2.0
내각사무처장독나비에,1,커뮤니티 1,3397,1,2.0
내각사무처장번식율은,1,커뮤니티 1,3397,1,2.0
내각사무처장USOM에,1,커뮤니티 1,3397,1,2.0
재일한국거류민단부단장윤치하,1,커뮤니티 1,3397,1,2.0
국민운동본부차장chart에,1,커뮤니티 1,3397,1,2.0
의장고문의견,1,커뮤니티 1,3397,1,2.0
농림부장관5·16,1,커뮤니티 1,3397,1,2.0
농림부장관수리조합,1,커뮤니티 1,3397,1,2.0
"농림부장관경비절감,",1,커뮤니티 1,3397,1,2.0
농림부장관시한적으로,1,커뮤니티 1,3397,1,2.0
농림부장관고리채정리법에,1,커뮤니티 1,3397,1,2.0
농림부장관농어민에,1,커뮤니티 1,3397,1,2.0
의장고문(성)종래의,1,커뮤니티 1,3397,1,2.0
의장고문(신)벌금을,1,커뮤니티 1,3397,1,2.0
농림부장관신고하지,1,커뮤니티 1,3397,1,2.0
농림부장관기간이,1,커뮤니티 1,3397,1,2.0
대법원장전체에서,1,커뮤니티 1,3397,1,2.0
대법원장8명에,1,커뮤니티 1,3397,1,2.0
박은희중령,1,커뮤니티 1,3397,1,2.0
박동묘정부의,1,커뮤니티 1,3397,1,2.0
병무국장공석을,1,커뮤니티 1,3397,1,2.0
병무국장고려되지,1,커뮤니티 1,3397,1,2.0
해군관계담당관자연,1,커뮤니티 1,3397,1,2.0
해병대사령관해병대,1,커뮤니티 1,3397,1,2.0
의장다,1,커뮤니티 1,3397,1,2.0
의장7항의,1,커뮤니티 1,3397,1,2.0
의장일반방침으로서는,1,커뮤니티 1,3397,1,2.0
건설청장이,1,커뮤니티 1,3397,1,2.0
의장우선,1,커뮤니티 1,3397,1,2.0
의장행정부에,1,커뮤니티 1,3397,1,2.0
의장내무위에서는,1,커뮤니티 1,3397,1,2.0
의장세부,1,커뮤니티 1,3397,1,2.0
해군관계담당관챠-트에,1,커뮤니티 1,3397,1,2.0
병무국장인적,1,커뮤니티 1,3397,1,2.0
한규섭전주방적의,1,커뮤니티 1,3397,1,2.0
"병무국장예,",1,커뮤니티 1,3397,1,2.0
재경위담당관제7조,1,커뮤니티 1,3397,1,2.0
재경위담당관상관을,1,커뮤니티 1,3397,1,2.0
재경위자문①,1,커뮤니티 1,3397,1,2.0
부의장돈넬을,1,커뮤니티 1,3397,1,2.0
국토건설청장토목기술자라면,1,커뮤니티 1,3397,1,2.0
부의장제26조의,1,커뮤니티 1,3397,1,2.0
병무국장진급,1,커뮤니티 1,3397,1,2.0
병무국장임시,1,커뮤니티 1,3397,1,2.0
병무국장시간만,1,커뮤니티 1,3397,1,2.0
부의장설명하기로,1,커뮤니티 1,3397,1,2.0
병무국장챠-트에,1,커뮤니티 1,3397,1,2.0
병무국장매년,1,커뮤니티 1,3397,1,2.0
병무국장개정되는,1,커뮤니티 1,3397,1,2.0
의장한달,1,커뮤니티 1,3397,1,2.0
의장최고의,1,커뮤니티 1,3397,1,2.0
경제기획원장14page의,1,커뮤니티 1,3397,1,2.0
원호청차장“본법을,1,커뮤니티 1,3397,1,2.0
"의장재경위,",1,커뮤니티 1,3397,1,2.0
이재국장거주하는,1,커뮤니티 1,3397,1,2.0
원호청차장사실주의에,1,커뮤니티 1,3397,1,2.0
부의장학생,1,커뮤니티 1,3397,1,2.0
이재국장“어린이은행”,1,커뮤니티 1,3397,1,2.0
부의장제6조의,1,커뮤니티 1,3397,1,2.0
재무부장관요는,1,커뮤니티 1,3397,1,2.0
이재국장어느,1,커뮤니티 1,3397,1,2.0
재무부장관일률적으로,1,커뮤니티 1,3397,1,2.0
문교부장관국민학교의,1,커뮤니티 1,3397,1,2.0
부의장경제기획원장의,1,커뮤니티 1,3397,1,2.0
의장약간,1,커뮤니티 1,3397,1,2.0
경제기획원장은행의,1,커뮤니티 1,3397,1,2.0
부의장1일,1,커뮤니티 1,3397,1,2.0
의장본부,1,커뮤니티 1,3397,1,2.0
의장국민운동본부장이나,1,커뮤니티 1,3397,1,2.0
의장저축성,1,커뮤니티 1,3397,1,2.0
경제기획원장내각에서,1,커뮤니티 1,3397,1,2.0
의장어느,1,커뮤니티 1,3397,1,2.0
재무부장관지금,1,커뮤니티 1,3397,1,2.0
의장당좌예금,1,커뮤니티 1,3397,1,2.0
법사위자문물품관리법이,1,커뮤니티 1,3397,1,2.0
국고국장그것은,1,커뮤니티 1,3397,1,2.0
재무부국고국장운영관이란,1,커뮤니티 1,3397,1,2.0
의장시에서는,1,커뮤니티 1,3397,1,2.0
박일경1급,1,커뮤니티 1,3397,1,2.0
의장지방공무원보다,1,커뮤니티 1,3397,1,2.0
박일경제5조에,1,커뮤니티 1,3397,1,2.0
박일경제6조,1,커뮤니티 1,3397,1,2.0
사무국장작년,1,커뮤니티 1,3397,1,2.0
박일경(,1,커뮤니티 1,3397,1,2.0
시장중앙국장과의,1,커뮤니티 1,3397,1,2.0
내무국장기획조정관은,1,커뮤니티 1,3397,1,2.0
시장우수한,1,커뮤니티 1,3397,1,2.0
내무국장경찰업무에,1,커뮤니티 1,3397,1,2.0
박일경제3조에,1,커뮤니티 1,3397,1,2.0
이상선실무면과,1,커뮤니티 1,3397,1,2.0
의장제3조에,1,커뮤니티 1,3397,1,2.0
내무국장별로,1,커뮤니티 1,3397,1,2.0
부의장내무위의,1,커뮤니티 1,3397,1,2.0
의장좋겠습니다.,1,커뮤니티 1,3397,1,2.0
의장시정의,1,커뮤니티 1,3397,1,2.0
내무국장현재는,1,커뮤니티 1,3397,1,2.0
박일경제4조에,1,커뮤니티 1,3397,1,2.0
부의장수반실에,1,커뮤니티 1,3397,1,2.0
한규섭은행주는,1,커뮤니티 1,3397,1,2.0
내무국장실질적으로,1,커뮤니티 1,3397,1,2.0
의장시장을,1,커뮤니티 1,3397,1,2.0
박일경제5조,1,커뮤니티 1,3397,1,2.0
의장공포일은,1,커뮤니티 1,3397,1,2.0
재무차관재정법,1,커뮤니티 1,3397,1,2.0
박일경조례,1,커뮤니티 1,3397,1,2.0
재무부차관저축기관을,1,커뮤니티 1,3397,1,2.0
부의장장차,1,커뮤니티 1,3397,1,2.0
건설청장현재로서는,1,커뮤니티 1,3397,1,2.0
건설청장현재,1,커뮤니티 1,3397,1,2.0
부의장목적은,1,커뮤니티 1,3397,1,2.0
재경위자문공무원조합은,1,커뮤니티 1,3397,1,2.0
재경위담당관원칙적인,1,커뮤니티 1,3397,1,2.0
부의장재상정함이,1,커뮤니티 1,3397,1,2.0
이재국장제5조가,1,커뮤니티 1,3397,1,2.0
부의장교체위에서,1,커뮤니티 1,3397,1,2.0
옥창호위원160억을,1,커뮤니티 1,3397,1,2.0
재무부차관총,1,커뮤니티 1,3397,1,2.0
옥창호위원이것이,1,커뮤니티 1,3397,1,2.0
이재국장금통위에서,1,커뮤니티 1,3397,1,2.0
이재국장정부에서,1,커뮤니티 1,3397,1,2.0
신직수의장께서,1,커뮤니티 1,3397,1,2.0
부의장의장으로부터,1,커뮤니티 1,3397,1,2.0
부의장무고죄로,1,커뮤니티 1,3397,1,2.0
신직수전매지청에서,1,커뮤니티 1,3397,1,2.0
부의장은행주는,1,커뮤니티 1,3397,1,2.0
한규섭중령,1,커뮤니티 1,3397,1,2.0
내각사무처장포상계획,1,커뮤니티 1,3397,1,2.0
내각사무처장그,1,커뮤니티 1,3397,1,2.0
내각사무처장금년에는,1,커뮤니티 1,3397,1,2.0
내각사무처장독일에서,1,커뮤니티 1,3397,1,2.0
재무부차관국민저축운동을,1,커뮤니티 1,3397,1,2.0
부의장지금으로서는,1,커뮤니티 1,3397,1,2.0
의장“학생,1,커뮤니티 1,3397,1,2.0
부의장퇴직자중,1,커뮤니티 1,3397,1,2.0
상공부장관병역,1,커뮤니티 1,3397,1,2.0
부의장길위원의,1,커뮤니티 1,3397,1,2.0
상공부장관앞으로,1,커뮤니티 1,3397,1,2.0
옥조남자문제21조에,1,커뮤니티 1,3397,1,2.0
부의장지불방법은,1,커뮤니티 1,3397,1,2.0
부의장세부의,1,커뮤니티 1,3397,1,2.0
상공부장관이대로,1,커뮤니티 1,3397,1,2.0
상공부장관퇴직금,1,커뮤니티 1,3397,1,2.0
"부의장②,",1,커뮤니티 1,3397,1,2.0
부의장삽입해도,1,커뮤니티 1,3397,1,2.0
부의장위임사항을,1,커뮤니티 1,3397,1,2.0
부의장시정을,1,커뮤니티 1,3397,1,2.0
부의장경찰관,1,커뮤니티 1,3397,1,2.0
부의장5·16부터,1,커뮤니티 1,3397,1,2.0
부의장국제,1,커뮤니티 1,3397,1,2.0
외무부장관이제,1,커뮤니티 1,3397,1,2.0
대법원행정처장92명임.,1,커뮤니티 1,3397,1,2.0
경제기획원장공포식령이,1,커뮤니티 1,3397,1,2.0
부의장당일을,1,커뮤니티 1,3397,1,2.0
경제기획원장공공요금의,1,커뮤니티 1,3397,1,2.0
부의장2/3,1,커뮤니티 1,3397,1,2.0
경제기획원장법,1,커뮤니티 1,3397,1,2.0
부의장이렇게,1,커뮤니티 1,3397,1,2.0
외무부장관과거에,1,커뮤니티 1,3397,1,2.0
부의장교육공무원은,1,커뮤니티 1,3397,1,2.0
부의장궁극적,1,커뮤니티 1,3397,1,2.0
부의장과거의,1,커뮤니티 1,3397,1,2.0
보사부차관현,1,커뮤니티 1,3397,1,2.0
부의장꼭,1,커뮤니티 1,3397,1,2.0
외무부장관내각의,1,커뮤니티 1,3397,1,2.0
부의장4급,1,커뮤니티 1,3397,1,2.0
부의장교육공무원도,1,커뮤니티 1,3397,1,2.0
원호청차장원호대상자의,1,커뮤니티 1,3397,1,2.0
부의장좋겠음.,1,커뮤니티 1,3397,1,2.0
부의장민심수습,1,커뮤니티 1,3397,1,2.0
보사부장관없애자는,1,커뮤니티 1,3397,1,2.0
보사부장관한방의료의,1,커뮤니티 1,3397,1,2.0
보사부장관양의사가,1,커뮤니티 1,3397,1,2.0
부의장소액,1,커뮤니티 1,3397,1,2.0
부의장제1조의,1,커뮤니티 1,3397,1,2.0
부의장인사권이,1,커뮤니티 1,3397,1,2.0
부의장전국적인,1,커뮤니티 1,3397,1,2.0
부의장Walker,1,커뮤니티 1,3397,1,2.0
부의장서울의,1,커뮤니티 1,3397,1,2.0
길재호위원제안이유,1,커뮤니티 1,3397,1,2.0
부의장제2안이,1,커뮤니티 1,3397,1,2.0
부의장제2안을,1,커뮤니티 1,3397,1,2.0
경제기획원장재경위,1,커뮤니티 1,3397,1,2.0
원호청차장이대로,1,커뮤니티 1,3397,1,2.0
보사부장관현재까지,1,커뮤니티 1,3397,1,2.0
보사부장관우선순위가,1,커뮤니티 1,3397,1,2.0
보사부장관낭독,1,커뮤니티 1,3397,1,2.0
보사부장관특수기술자를,1,커뮤니티 1,3397,1,2.0
부의장국토건설단,1,커뮤니티 1,3397,1,2.0
원호청차장내각에서는,1,커뮤니티 1,3397,1,2.0
원호청차장법에,1,커뮤니티 1,3397,1,2.0
원호청차장순국지사의,1,커뮤니티 1,3397,1,2.0
보사부장관국토건설법에,1,커뮤니티 1,3397,1,2.0
부의장국토건설단법에,1,커뮤니티 1,3397,1,2.0
원호청장5%,1,커뮤니티 1,3397,1,2.0
보사부장관축조낭독.,1,커뮤니티 1,3397,1,2.0
의장다음,1,커뮤니티 1,3397,1,2.0
원호청차장기구,1,커뮤니티 1,3397,1,2.0
원호청차장그,1,커뮤니티 1,3397,1,2.0
부의장제9조는,1,커뮤니티 1,3397,1,2.0
이재국장현재,1,커뮤니티 1,3397,1,2.0
체신부장관국가적,1,커뮤니티 1,3397,1,2.0
원호청차장보도원은,1,커뮤니티 1,3397,1,2.0
부의장특정,1,커뮤니티 1,3397,1,2.0
부의장순서를,1,커뮤니티 1,3397,1,2.0
부의장국민에,1,커뮤니티 1,3397,1,2.0
경제기획원장정식,1,커뮤니티 1,3397,1,2.0
부의장10인을,1,커뮤니티 1,3397,1,2.0
경제기획원장비상조치법에,1,커뮤니티 1,3397,1,2.0
원호청장인정으로,1,커뮤니티 1,3397,1,2.0
원호청장문사위,1,커뮤니티 1,3397,1,2.0
경제기획원장경영의,1,커뮤니티 1,3397,1,2.0
부의장제3조는,1,커뮤니티 1,3397,1,2.0
경제기획원장회계법에,1,커뮤니티 1,3397,1,2.0
경제기획원장제3조중,1,커뮤니티 1,3397,1,2.0
경제기획원장제안이유,1,커뮤니티 1,3397,1,2.0
"부의장시장,",1,커뮤니티 1,3397,1,2.0
원호청장“60일,1,커뮤니티 1,3397,1,2.0
원호청장원호사업을,1,커뮤니티 1,3397,1,2.0
원호청장보상법에,1,커뮤니티 1,3397,1,2.0
원호청장목적은,1,커뮤니티 1,3397,1,2.0
원호청장매장과,1,커뮤니티 1,3397,1,2.0
원호청장당초에는,1,커뮤니티 1,3397,1,2.0
부의장양곡의,1,커뮤니티 1,3397,1,2.0
부의장절량민은,1,커뮤니티 1,3397,1,2.0
원호청장생활능력이,1,커뮤니티 1,3397,1,2.0
부의장제15조의,1,커뮤니티 1,3397,1,2.0
원호청장설명,1,커뮤니티 1,3397,1,2.0
의장문구상의,1,커뮤니티 1,3397,1,2.0
의장이것은,1,커뮤니티 1,3397,1,2.0
상공부차관대외선전,1,커뮤니티 1,3397,1,2.0
의장제13조,1,커뮤니티 1,3397,1,2.0
국방부장관원수는,1,커뮤니티 1,3397,1,2.0
병무국장최고의,1,커뮤니티 1,3397,1,2.0
의장원수,1,커뮤니티 1,3397,1,2.0
유민상다음,1,커뮤니티 1,3397,1,2.0
병무국장「내각수반이,1,커뮤니티 1,3397,1,2.0
병무국장제64조,1,커뮤니티 1,3397,1,2.0
병무국장정착대부법에,1,커뮤니티 1,3397,1,2.0
의장군종,1,커뮤니티 1,3397,1,2.0
병무국장심사위의,1,커뮤니티 1,3397,1,2.0
병무국장연말까지,1,커뮤니티 1,3397,1,2.0
병무국장장교는,1,커뮤니티 1,3397,1,2.0
유민상주무부장관이,1,커뮤니티 1,3397,1,2.0
의장내각수반을,1,커뮤니티 1,3397,1,2.0
의장15조에서는,1,커뮤니티 1,3397,1,2.0
의장자치단체로서의,1,커뮤니티 1,3397,1,2.0
상공부장관제안이유.,1,커뮤니티 1,3397,1,2.0
부의장기본,1,커뮤니티 1,3397,1,2.0
광무국장헌법상,1,커뮤니티 1,3397,1,2.0
광무국장축조낭독.,1,커뮤니티 1,3397,1,2.0
병무국장업무처리상,1,커뮤니티 1,3397,1,2.0
의장현,1,커뮤니티 1,3397,1,2.0
병무국장해병대,1,커뮤니티 1,3397,1,2.0
의장해군참모총장이,1,커뮤니티 1,3397,1,2.0
국방부장관법,1,커뮤니티 1,3397,1,2.0
의장선행문제로서,1,커뮤니티 1,3397,1,2.0
의장육군에서도,1,커뮤니티 1,3397,1,2.0
국방부장관지휘권의,1,커뮤니티 1,3397,1,2.0
농림부차관구법정리임.,1,커뮤니티 1,3397,1,2.0
마사회장제안이유,1,커뮤니티 1,3397,1,2.0
마사회장실정으로,1,커뮤니티 1,3397,1,2.0
농림부장관세계,1,커뮤니티 1,3397,1,2.0
농림부장관국고,1,커뮤니티 1,3397,1,2.0
농림차관이의,1,커뮤니티 1,3397,1,2.0
부의장33조는,1,커뮤니티 1,3397,1,2.0
농림부장관제안취지,1,커뮤니티 1,3397,1,2.0
상공부장관제8조,1,커뮤니티 1,3397,1,2.0
의장제16조,1,커뮤니티 1,3397,1,2.0
축산국장설명,1,커뮤니티 1,3397,1,2.0
보사부장관식품위생법,1,커뮤니티 1,3397,1,2.0
재무부차관구법,1,커뮤니티 1,3397,1,2.0
국고국장물품을,1,커뮤니티 1,3397,1,2.0
부의장21조,1,커뮤니티 1,3397,1,2.0
병무국장현행,1,커뮤니티 1,3397,1,2.0
병무국장병역법에서,1,커뮤니티 1,3397,1,2.0
국방부장관1년간의,1,커뮤니티 1,3397,1,2.0
병무국장인권을,1,커뮤니티 1,3397,1,2.0
의장민정이양,1,커뮤니티 1,3397,1,2.0
병무국장소급해서,1,커뮤니티 1,3397,1,2.0
의장법이란,1,커뮤니티 1,3397,1,2.0
유민상벌칙의,1,커뮤니티 1,3397,1,2.0
의장이상,1,커뮤니티 1,3397,1,2.0
국고국장개정안의,1,커뮤니티 1,3397,1,2.0
상공부장관출원하고,1,커뮤니티 1,3397,1,2.0
국토건설청장행정상의,1,커뮤니티 1,3397,1,2.0
부의장현실적으로,1,커뮤니티 1,3397,1,2.0
교통부차관민간에서,1,커뮤니티 1,3397,1,2.0
재경자문이,1,커뮤니티 1,3397,1,2.0
국토건설청보좌관확인하겠음.,1,커뮤니티 1,3397,1,2.0
재경자문파산된,1,커뮤니티 1,3397,1,2.0
"부의장부정축재처리위원회,",1,커뮤니티 1,3397,1,2.0
부의장2조,1,커뮤니티 1,3397,1,2.0
부의장13조의,1,커뮤니티 1,3397,1,2.0
법사자문③은,1,커뮤니티 1,3397,1,2.0
부의장정책상,1,커뮤니티 1,3397,1,2.0
부의장관에서,1,커뮤니티 1,3397,1,2.0
상공부차관제6조,1,커뮤니티 1,3397,1,2.0
상공부차관요는,1,커뮤니티 1,3397,1,2.0
부의장제27조에서,1,커뮤니티 1,3397,1,2.0
김법사자문,1,커뮤니티 1,3397,1,2.0
부의장부정축재자가,1,커뮤니티 1,3397,1,2.0
부의장무역거래의,1,커뮤니티 1,3397,1,2.0
부의장제12조,1,커뮤니티 1,3397,1,2.0
상공부차관수정하겠음.,1,커뮤니티 1,3397,1,2.0
광무국장설명,1,커뮤니티 1,3397,1,2.0
국토건설청장국토건설청에서,1,커뮤니티 1,3397,1,2.0
유달영지금,1,커뮤니티 1,3397,1,2.0
의장기본방향과,1,커뮤니티 1,3397,1,2.0
의장국영기업체,1,커뮤니티 1,3397,1,2.0
부의장증액분의,1,커뮤니티 1,3397,1,2.0
의장재정위원에,1,커뮤니티 1,3397,1,2.0
유달영시간,1,커뮤니티 1,3397,1,2.0
부의장외국에,1,커뮤니티 1,3397,1,2.0
국방부장관각,1,커뮤니티 1,3397,1,2.0
병무국장축조설명.,1,커뮤니티 1,3397,1,2.0
유달영국방에,1,커뮤니티 1,3397,1,2.0
부의장권한의,1,커뮤니티 1,3397,1,2.0
국토건설청장시행령에,1,커뮤니티 1,3397,1,2.0
부의장실질상,1,커뮤니티 1,3397,1,2.0
국토건설청장재산을,1,커뮤니티 1,3397,1,2.0
부의장울산,1,커뮤니티 1,3397,1,2.0
부의장정책상의,1,커뮤니티 1,3397,1,2.0
부의장문교지구를,1,커뮤니티 1,3397,1,2.0
내무자문이북5도에,1,커뮤니티 1,3397,1,2.0
부의장경비,1,커뮤니티 1,3397,1,2.0
부의장2항을,1,커뮤니티 1,3397,1,2.0
보사부장관위생관리,1,커뮤니티 1,3397,1,2.0
부의장생산과정까지는,1,커뮤니티 1,3397,1,2.0
서일교검찰과,1,커뮤니티 1,3397,1,2.0
서일교하나의,1,커뮤니티 1,3397,1,2.0
육군참모총장잘못,1,커뮤니티 1,3397,1,2.0
부의장공소제기,1,커뮤니티 1,3397,1,2.0
서일교기소,1,커뮤니티 1,3397,1,2.0
육군참모총장일반과,1,커뮤니티 1,3397,1,2.0
국방부장관40조에,1,커뮤니티 1,3397,1,2.0
의장현재도,1,커뮤니티 1,3397,1,2.0
의장한,1,커뮤니티 1,3397,1,2.0
서일교방첩대의,1,커뮤니티 1,3397,1,2.0
육군참모총장헌병의,1,커뮤니티 1,3397,1,2.0
부의장단일화함이,1,커뮤니티 1,3397,1,2.0
상공부장관타당한,1,커뮤니티 1,3397,1,2.0
서일교526조의,1,커뮤니티 1,3397,1,2.0
서일교헌법상의,1,커뮤니티 1,3397,1,2.0
서일교공소심의,1,커뮤니티 1,3397,1,2.0
"서일교법무사,",1,커뮤니티 1,3397,1,2.0
의장내각안이,1,커뮤니티 1,3397,1,2.0
부의장농산물의,1,커뮤니티 1,3397,1,2.0
해병대사령관고등군법회의의,1,커뮤니티 1,3397,1,2.0
서일교전시하의,1,커뮤니티 1,3397,1,2.0
오자문,1,커뮤니티 1,3397,1,2.0
한규섭부정축재공무원,1,커뮤니티 1,3397,1,2.0
재경자문민선이나,1,커뮤니티 1,3397,1,2.0
재경자문시행일은,1,커뮤니티 1,3397,1,2.0
김명두과거의,1,커뮤니티 1,3397,1,2.0
법제처장내각안에,1,커뮤니티 1,3397,1,2.0
박일경타,1,커뮤니티 1,3397,1,2.0
박일경지방자치단체,1,커뮤니티 1,3397,1,2.0
의장도는,1,커뮤니티 1,3397,1,2.0
내무국장정부의,1,커뮤니티 1,3397,1,2.0
의장사실상,1,커뮤니티 1,3397,1,2.0
법제처장내각수반도,1,커뮤니티 1,3397,1,2.0
부의장중앙회장은,1,커뮤니티 1,3397,1,2.0
한규섭강제징수,1,커뮤니티 1,3397,1,2.0
재경위원자문구법과,1,커뮤니티 1,3397,1,2.0
부의장선진국가에서,1,커뮤니티 1,3397,1,2.0
국토건설청장최초에,1,커뮤니티 1,3397,1,2.0
농림전문위원축산물검사법안,1,커뮤니티 1,3397,1,2.0
부의장자금,1,커뮤니티 1,3397,1,2.0
농림전문위원제13조,1,커뮤니티 1,3397,1,2.0
박고문,1,커뮤니티 1,3397,1,2.0
농림전문위원제19조,1,커뮤니티 1,3397,1,2.0
부의장조건부로,1,커뮤니티 1,3397,1,2.0
보건국장미국에서도,1,커뮤니티 1,3397,1,2.0
이상선전문위원,1,커뮤니티 1,3397,1,2.0
부의장단일법으로,1,커뮤니티 1,3397,1,2.0
농림차관제목을,1,커뮤니티 1,3397,1,2.0
국방부차관526조,1,커뮤니티 1,3397,1,2.0
의장환수액의,1,커뮤니티 1,3397,1,2.0
부의장전시,1,커뮤니티 1,3397,1,2.0
부의장경제적인,1,커뮤니티 1,3397,1,2.0
박일경법제처장,1,커뮤니티 1,3397,1,2.0
의장사전에,1,커뮤니티 1,3397,1,2.0
서일교자문,1,커뮤니티 1,3397,1,2.0
서일교피고인의,1,커뮤니티 1,3397,1,2.0
의장미국의,1,커뮤니티 1,3397,1,2.0
국방부차관군사공소원이,1,커뮤니티 1,3397,1,2.0
서일교무조건,1,커뮤니티 1,3397,1,2.0
서일교공소이유는,1,커뮤니티 1,3397,1,2.0
서일교우리나라도,1,커뮤니티 1,3397,1,2.0
서일교상고행위는,1,커뮤니티 1,3397,1,2.0
의장대법원,1,커뮤니티 1,3397,1,2.0
서일교헌법에,1,커뮤니티 1,3397,1,2.0
문사자문불가피하며,1,커뮤니티 1,3397,1,2.0
문사자문문화단체에,1,커뮤니티 1,3397,1,2.0
송정범다만,1,커뮤니티 1,3397,1,2.0
농림부장관미국의,1,커뮤니티 1,3397,1,2.0
부의장가공,1,커뮤니티 1,3397,1,2.0
부의장축산물검사법안은,1,커뮤니티 1,3397,1,2.0
보사부장관주요골자,1,커뮤니티 1,3397,1,2.0
보사부장관전부,1,커뮤니티 1,3397,1,2.0
보사부장관각령으로,1,커뮤니티 1,3397,1,2.0
부의장공포일에,1,커뮤니티 1,3397,1,2.0
농림부차관현재,1,커뮤니티 1,3397,1,2.0
부의장오늘은,1,커뮤니티 1,3397,1,2.0
농림부차관제4조의,1,커뮤니티 1,3397,1,2.0
문사위자문제안이유,1,커뮤니티 1,3397,1,2.0
의장군통수권의,1,커뮤니티 1,3397,1,2.0
의장3심까지의,1,커뮤니티 1,3397,1,2.0
육군법무감현재로,1,커뮤니티 1,3397,1,2.0
의장2심까지는,1,커뮤니티 1,3397,1,2.0
의장대법원까지,1,커뮤니티 1,3397,1,2.0
육군참모총장4항을,1,커뮤니티 1,3397,1,2.0
부의장문이,1,커뮤니티 1,3397,1,2.0
의장헌법의,1,커뮤니티 1,3397,1,2.0
서일교4호만,1,커뮤니티 1,3397,1,2.0
의장4호를,1,커뮤니티 1,3397,1,2.0
서일교제2조의,1,커뮤니티 1,3397,1,2.0
국방부장관군법회의로서는,1,커뮤니티 1,3397,1,2.0
의장설명을,1,커뮤니티 1,3397,1,2.0
육군참모총장이유를,1,커뮤니티 1,3397,1,2.0
상역국장축조낭독.,1,커뮤니티 1,3397,1,2.0
의장상고이유,1,커뮤니티 1,3397,1,2.0
서일교상고이유에서,1,커뮤니티 1,3397,1,2.0
부의장완전히,1,커뮤니티 1,3397,1,2.0
상공부장관본,1,커뮤니티 1,3397,1,2.0
이창규본,1,커뮤니티 1,3397,1,2.0
부의장제1심의,1,커뮤니티 1,3397,1,2.0
의장2심,1,커뮤니티 1,3397,1,2.0
의장가급적이면,1,커뮤니티 1,3397,1,2.0
의장각군총장과,1,커뮤니티 1,3397,1,2.0
의장군인의,1,커뮤니티 1,3397,1,2.0
육군참모총장법무상,1,커뮤니티 1,3397,1,2.0
의장인천에,1,커뮤니티 1,3397,1,2.0
내각기획통제관교통부,1,커뮤니티 1,3397,1,2.0
내각기획통제관법무부소관,1,커뮤니티 1,3397,1,2.0
의장교과서가,1,커뮤니티 1,3397,1,2.0
문교부장관국민학교,1,커뮤니티 1,3397,1,2.0
내각기획통제관보사부,1,커뮤니티 1,3397,1,2.0
의장외환문제에,1,커뮤니티 1,3397,1,2.0
재무부차관구체적인,1,커뮤니티 1,3397,1,2.0
의장부산,1,커뮤니티 1,3397,1,2.0
재무부차관경미한,1,커뮤니티 1,3397,1,2.0
병무국장사면법을,1,커뮤니티 1,3397,1,2.0
병무국장군의,1,커뮤니티 1,3397,1,2.0
부의장직원,1,커뮤니티 1,3397,1,2.0
상공부차관국립지질조사소,1,커뮤니티 1,3397,1,2.0
부의장외국위장과,1,커뮤니티 1,3397,1,2.0
부의장한약을,1,커뮤니티 1,3397,1,2.0
부의장3항은,1,커뮤니티 1,3397,1,2.0
법제처장제9조,1,커뮤니티 1,3397,1,2.0
농림부장관통과된,1,커뮤니티 1,3397,1,2.0
법제처장제10조,1,커뮤니티 1,3397,1,2.0
법제처장도,1,커뮤니티 1,3397,1,2.0
부의장원칙적인,1,커뮤니티 1,3397,1,2.0
법제처장시행일은,1,커뮤니티 1,3397,1,2.0
부의장대안은,1,커뮤니티 1,3397,1,2.0
법제처장농촌진흥기관이라고,1,커뮤니티 1,3397,1,2.0
법제처장다음,1,커뮤니티 1,3397,1,2.0
국방부장관법사위장의,1,커뮤니티 1,3397,1,2.0
병무국장경미한,1,커뮤니티 1,3397,1,2.0
내각수반현재,1,커뮤니티 1,3397,1,2.0
내각기획통제관상공부,1,커뮤니티 1,3397,1,2.0
내각기획통제관경제기획원,1,커뮤니티 1,3397,1,2.0
의장결함사항,1,커뮤니티 1,3397,1,2.0
체신부차관전신주를,1,커뮤니티 1,3397,1,2.0
농림부장관76억에,1,커뮤니티 1,3397,1,2.0
문교부장관문교부에,1,커뮤니티 1,3397,1,2.0
재무부차관위원회를,1,커뮤니티 1,3397,1,2.0
의장공보부에서,1,커뮤니티 1,3397,1,2.0
교통부장관지금,1,커뮤니티 1,3397,1,2.0
의장교통부장관이,1,커뮤니티 1,3397,1,2.0
교통부장관5월,1,커뮤니티 1,3397,1,2.0
의장왜,1,커뮤니티 1,3397,1,2.0
재무부차관금통위원회의,1,커뮤니티 1,3397,1,2.0
의장고급,1,커뮤니티 1,3397,1,2.0
치안국장그렇습니다.,1,커뮤니티 1,3397,1,2.0
의장처분하겠다고,1,커뮤니티 1,3397,1,2.0
재무부차관귀속재산처리법이,1,커뮤니티 1,3397,1,2.0
상공부차관시장문제에,1,커뮤니티 1,3397,1,2.0
병무국장인사법과,1,커뮤니티 1,3397,1,2.0
병무국장군인,1,커뮤니티 1,3397,1,2.0
국방부장관현역,1,커뮤니티 1,3397,1,2.0
경제기획원장금융,1,커뮤니티 1,3397,1,2.0
재무부장관중소기업자에,1,커뮤니티 1,3397,1,2.0
경제기획원장철강재에,1,커뮤니티 1,3397,1,2.0
내각수반빨리,1,커뮤니티 1,3397,1,2.0
농림부장관농협에서,1,커뮤니티 1,3397,1,2.0
의장중앙회장,1,커뮤니티 1,3397,1,2.0
국토건설청장당초에는,1,커뮤니티 1,3397,1,2.0
국토건설청장세부적인,1,커뮤니티 1,3397,1,2.0
재무부차관현재,1,커뮤니티 1,3397,1,2.0
부의장제3조,1,커뮤니티 1,3397,1,2.0
농림부장관이러한,1,커뮤니티 1,3397,1,2.0
법제처장현재,1,커뮤니티 1,3397,1,2.0
법제처장계속,1,커뮤니티 1,3397,1,2.0
농림국장charts에,1,커뮤니티 1,3397,1,2.0
부의장명칭,1,커뮤니티 1,3397,1,2.0
부의장계몽·지도로,1,커뮤니티 1,3397,1,2.0
부의장계몽·지도위원회가,1,커뮤니티 1,3397,1,2.0
부의장행정사정위원회가,1,커뮤니티 1,3397,1,2.0
부의장행정사정을,1,커뮤니티 1,3397,1,2.0
부의장업무량이,1,커뮤니티 1,3397,1,2.0
부의장의장은,1,커뮤니티 1,3397,1,2.0
부의장대안을,1,커뮤니티 1,3397,1,2.0
부의장따로,1,커뮤니티 1,3397,1,2.0
장중령,1,커뮤니티 1,3397,1,2.0
부의장예비역도,1,커뮤니티 1,3397,1,2.0
총무처장3월말까지,1,커뮤니티 1,3397,1,2.0
부의장심계원은,1,커뮤니티 1,3397,1,2.0
부의장공보실과,1,커뮤니티 1,3397,1,2.0
부의장준위,1,커뮤니티 1,3397,1,2.0
내각사무처장제안이유,1,커뮤니티 1,3397,1,2.0
부의장민간활동에,1,커뮤니티 1,3397,1,2.0
상공부차관사절단이란,1,커뮤니티 1,3397,1,2.0
부의장좋겠지요.,1,커뮤니티 1,3397,1,2.0
상공부차관보수적인,1,커뮤니티 1,3397,1,2.0
김자문(재경위),1,커뮤니티 1,3397,1,2.0
부의장제10조,1,커뮤니티 1,3397,1,2.0
국방부장관개정목적,1,커뮤니티 1,3397,1,2.0
국방부장관처음에는,1,커뮤니티 1,3397,1,2.0
병무국장신구,1,커뮤니티 1,3397,1,2.0
부의장전체,1,커뮤니티 1,3397,1,2.0
법무부차관제안이유,1,커뮤니티 1,3397,1,2.0
병무국장변동,1,커뮤니티 1,3397,1,2.0
병무국장준위,1,커뮤니티 1,3397,1,2.0
부의장헌법상의,1,커뮤니티 1,3397,1,2.0
농림국장1962년도,1,커뮤니티 1,3397,1,2.0
부의장농촌진흥기관이라고,1,커뮤니티 1,3397,1,2.0
농림국장1.5정보,1,커뮤니티 1,3397,1,2.0
법제처장그렇게,1,커뮤니티 1,3397,1,2.0
법제처장나중에,1,커뮤니티 1,3397,1,2.0
법제처장내각에서는,1,커뮤니티 1,3397,1,2.0
부의장농촌진흥관서설치법이라고,1,커뮤니티 1,3397,1,2.0
부의장축조심의함이,1,커뮤니티 1,3397,1,2.0
법제처장제목을,1,커뮤니티 1,3397,1,2.0
법제처장각,1,커뮤니티 1,3397,1,2.0
농사원장공무원,1,커뮤니티 1,3397,1,2.0
부의장현재로서,1,커뮤니티 1,3397,1,2.0
재경김자문,1,커뮤니티 1,3397,1,2.0
농림부장관연구지도공무원이라고,1,커뮤니티 1,3397,1,2.0
농사원장지도공무원이란,1,커뮤니티 1,3397,1,2.0
법제처장낭독,1,커뮤니티 1,3397,1,2.0
부의장지장,1,커뮤니티 1,3397,1,2.0
부의장어촌진흥도,1,커뮤니티 1,3397,1,2.0
농림부차관수산을,1,커뮤니티 1,3397,1,2.0
법제처장어업,1,커뮤니티 1,3397,1,2.0
법제처장부칙의,1,커뮤니티 1,3397,1,2.0
농림국장미·맥·두에,1,커뮤니티 1,3397,1,2.0
부의장대부분의,1,커뮤니티 1,3397,1,2.0
농림국장약간,1,커뮤니티 1,3397,1,2.0
부의장3안으로,1,커뮤니티 1,3397,1,2.0
국방부장관가능하면,1,커뮤니티 1,3397,1,2.0
부의장어촌을,1,커뮤니티 1,3397,1,2.0
부의장이제,1,커뮤니티 1,3397,1,2.0
법제처장중복한다고,1,커뮤니티 1,3397,1,2.0
부의장모순,1,커뮤니티 1,3397,1,2.0
부의장지휘,1,커뮤니티 1,3397,1,2.0
부의장농촌도,1,커뮤니티 1,3397,1,2.0
법제처장어촌진흥법,1,커뮤니티 1,3397,1,2.0
의장행정부,1,커뮤니티 1,3397,1,2.0
경제기획원장예산편성,1,커뮤니티 1,3397,1,2.0
감찰위원장법규대로,1,커뮤니티 1,3397,1,2.0
제1국장시에서는,1,커뮤니티 1,3397,1,2.0
감찰위원장선의로,1,커뮤니티 1,3397,1,2.0
부의장세무,1,커뮤니티 1,3397,1,2.0
시재무국장시재무국,1,커뮤니티 1,3397,1,2.0
부의장시에서,1,커뮤니티 1,3397,1,2.0
제1국장재산내용,1,커뮤니티 1,3397,1,2.0
부의장시유지,1,커뮤니티 1,3397,1,2.0
감찰위원장신청받은,1,커뮤니티 1,3397,1,2.0
제1국장인허,1,커뮤니티 1,3397,1,2.0
제1국장계약상황,1,커뮤니티 1,3397,1,2.0
제1국장10월,1,커뮤니티 1,3397,1,2.0
제1국장보고,1,커뮤니티 1,3397,1,2.0
제1국장기채내용,1,커뮤니티 1,3397,1,2.0
감찰위원장독립채산제를,1,커뮤니티 1,3397,1,2.0
병무국장개정법률안,1,커뮤니티 1,3397,1,2.0
감찰위원장장기적인,1,커뮤니티 1,3397,1,2.0
제1국장총평은,1,커뮤니티 1,3397,1,2.0
부의장계획성,1,커뮤니티 1,3397,1,2.0
제1국장제1차는,1,커뮤니티 1,3397,1,2.0
재무국장도시계획,1,커뮤니티 1,3397,1,2.0
제1국장시정사항,1,커뮤니티 1,3397,1,2.0
부의장업무량의,1,커뮤니티 1,3397,1,2.0
외무부장관제안이유,1,커뮤니티 1,3397,1,2.0
조약과장전에,1,커뮤니티 1,3397,1,2.0
검찰총장제안이유,1,커뮤니티 1,3397,1,2.0
외무부장관탄광으로,1,커뮤니티 1,3397,1,2.0
상공부기획조정관원본,1,커뮤니티 1,3397,1,2.0
경제기획원장현재로서는,1,커뮤니티 1,3397,1,2.0
상공부조정관우연히,1,커뮤니티 1,3397,1,2.0
조약과장외무부에서는,1,커뮤니티 1,3397,1,2.0
상공부조정관1억,1,커뮤니티 1,3397,1,2.0
외무부장관광산으로,1,커뮤니티 1,3397,1,2.0
부의장독일인,1,커뮤니티 1,3397,1,2.0
부의장작년,1,커뮤니티 1,3397,1,2.0
부의장수정안의,1,커뮤니티 1,3397,1,2.0
감찰위원장일단,1,커뮤니티 1,3397,1,2.0
감찰위원장추가적으로,1,커뮤니티 1,3397,1,2.0
검찰총장각령이,1,커뮤니티 1,3397,1,2.0
감찰위원장행정관청에서는,1,커뮤니티 1,3397,1,2.0
부의장부시장에,1,커뮤니티 1,3397,1,2.0
감찰위원장수사기관에,1,커뮤니티 1,3397,1,2.0
검찰총장정부,1,커뮤니티 1,3397,1,2.0
감찰위원장시정사항만,1,커뮤니티 1,3397,1,2.0
부의장첫째,1,커뮤니티 1,3397,1,2.0
검찰총장그리,1,커뮤니티 1,3397,1,2.0
감찰위원장범위에는,1,커뮤니티 1,3397,1,2.0
내각기획통제관28페이지중,1,커뮤니티 1,3397,1,2.0
부의장제1,1,커뮤니티 1,3397,1,2.0
부의장원칙적,1,커뮤니티 1,3397,1,2.0
곽고문,1,커뮤니티 1,3397,1,2.0
교체위자문,1,커뮤니티 1,3397,1,2.0
부의장제10조의,1,커뮤니티 1,3397,1,2.0
부의장이익,1,커뮤니티 1,3397,1,2.0
부의장제22조,1,커뮤니티 1,3397,1,2.0
부의장알겠음.,1,커뮤니티 1,3397,1,2.0
경기원조정국장그,1,커뮤니티 1,3397,1,2.0
이전문,1,커뮤니티 1,3397,1,2.0
법무부차관부정축재처리법에,1,커뮤니티 1,3397,1,2.0
부의장북삼화학은,1,커뮤니티 1,3397,1,2.0
부의장제3,1,커뮤니티 1,3397,1,2.0
치안국장5월1일에,1,커뮤니티 1,3397,1,2.0
의장훈시,1,커뮤니티 1,3397,1,2.0
농림부장관사전에,1,커뮤니티 1,3397,1,2.0
치안국장약,1,커뮤니티 1,3397,1,2.0
치안국장현행법에,1,커뮤니티 1,3397,1,2.0
의장농림부에서,1,커뮤니티 1,3397,1,2.0
치안국장설치법안,1,커뮤니티 1,3397,1,2.0
치안국장그렇게,1,커뮤니티 1,3397,1,2.0
법무부차관제20조의,1,커뮤니티 1,3397,1,2.0
환수관리위원회사무국장제11조나,1,커뮤니티 1,3397,1,2.0
교통부차관두가지,1,커뮤니티 1,3397,1,2.0
교통부차관사업이,1,커뮤니티 1,3397,1,2.0
부의장법에서는,1,커뮤니티 1,3397,1,2.0
국방부장관제안이유,1,커뮤니티 1,3397,1,2.0
부의장한전에,1,커뮤니티 1,3397,1,2.0
교통부차관각령에,1,커뮤니티 1,3397,1,2.0
부의장방계일지라도,1,커뮤니티 1,3397,1,2.0
부의장친척,1,커뮤니티 1,3397,1,2.0
경기조정국장영등포에,1,커뮤니티 1,3397,1,2.0
부의장그,1,커뮤니티 1,3397,1,2.0
부의장예산관계,1,커뮤니티 1,3397,1,2.0
재무부차관의결,1,커뮤니티 1,3397,1,2.0
부의장잠깐,1,커뮤니티 1,3397,1,2.0
부의장제11조에,1,커뮤니티 1,3397,1,2.0
부의장먼저,1,커뮤니티 1,3397,1,2.0
교통부차관여러,1,커뮤니티 1,3397,1,2.0
부의장보수,1,커뮤니티 1,3397,1,2.0
상공부차관행정상,1,커뮤니티 1,3397,1,2.0
부의장통과합니다.,1,커뮤니티 1,3397,1,2.0
행정처장변호사,1,커뮤니티 1,3397,1,2.0
행정처장병종임.,1,커뮤니티 1,3397,1,2.0
행정처장잘,1,커뮤니티 1,3397,1,2.0
부의장한번,1,커뮤니티 1,3397,1,2.0
부의장서류상,1,커뮤니티 1,3397,1,2.0
행정처장다음,1,커뮤니티 1,3397,1,2.0
보사부장관따라서,1,커뮤니티 1,3397,1,2.0
부의장제9조의,1,커뮤니티 1,3397,1,2.0
보사부장관조문,1,커뮤니티 1,3397,1,2.0
보사부장관구체적인,1,커뮤니티 1,3397,1,2.0
보사부장관제14조,1,커뮤니티 1,3397,1,2.0
부의장과할,1,커뮤니티 1,3397,1,2.0
보사부장관과거에,1,커뮤니티 1,3397,1,2.0
부의장소환시킬,1,커뮤니티 1,3397,1,2.0
행정처장강경지원에서,1,커뮤니티 1,3397,1,2.0
부의장제5조의,1,커뮤니티 1,3397,1,2.0
통상국장charts에,1,커뮤니티 1,3397,1,2.0
부의장ECAFE,1,커뮤니티 1,3397,1,2.0
경제기획원부원장이력서에,1,커뮤니티 1,3397,1,2.0
감찰위원장제3국,1,커뮤니티 1,3397,1,2.0
행정처장지난,1,커뮤니티 1,3397,1,2.0
부의장다시,1,커뮤니티 1,3397,1,2.0
외무부장관아세아,1,커뮤니티 1,3397,1,2.0
부의장재연구하여,1,커뮤니티 1,3397,1,2.0
보사부장관입원이란,1,커뮤니티 1,3397,1,2.0
부의장종합병원과의,1,커뮤니티 1,3397,1,2.0
보사부장관인구,1,커뮤니티 1,3397,1,2.0
보사부장관제약받는,1,커뮤니티 1,3397,1,2.0
부의장종합병원,1,커뮤니티 1,3397,1,2.0
부의장서울시내,1,커뮤니티 1,3397,1,2.0
부의장선진국에서는,1,커뮤니티 1,3397,1,2.0
의정과장일본에는,1,커뮤니티 1,3397,1,2.0
부의장국민에게,1,커뮤니티 1,3397,1,2.0
부의장제13조는,1,커뮤니티 1,3397,1,2.0
보사부장관치과의원과,1,커뮤니티 1,3397,1,2.0
문사자문한의사측에서,1,커뮤니티 1,3397,1,2.0
보사부장관차이점,1,커뮤니티 1,3397,1,2.0
보사부장관못하도록,1,커뮤니티 1,3397,1,2.0
부의장오후에,1,커뮤니티 1,3397,1,2.0
문사자문charts에,1,커뮤니티 1,3397,1,2.0
문사자문박사학위,1,커뮤니티 1,3397,1,2.0
보사부장관10년전에,1,커뮤니티 1,3397,1,2.0
부의장제18조의,1,커뮤니티 1,3397,1,2.0
부의장이러한,1,커뮤니티 1,3397,1,2.0
보사부장관Madical,1,커뮤니티 1,3397,1,2.0
보사부장관병원협회,1,커뮤니티 1,3397,1,2.0
부의장13조,1,커뮤니티 1,3397,1,2.0
보사부장관제4조,1,커뮤니티 1,3397,1,2.0
농지관리국장공유림을,1,커뮤니티 1,3397,1,2.0
자문그,1,커뮤니티 1,3397,1,2.0
농림부차관절반을,1,커뮤니티 1,3397,1,2.0
농림부차관제22조,1,커뮤니티 1,3397,1,2.0
"농림부차관1/2,",1,커뮤니티 1,3397,1,2.0
보사부장관해외이주정책안,1,커뮤니티 1,3397,1,2.0
부의장정책설명,1,커뮤니티 1,3397,1,2.0
보사부장관잘못,1,커뮤니티 1,3397,1,2.0
부의장문사위의,1,커뮤니티 1,3397,1,2.0
보사부장관외무국방위와,1,커뮤니티 1,3397,1,2.0
보사부장관28세,1,커뮤니티 1,3397,1,2.0
보사부장관삭제하도록,1,커뮤니티 1,3397,1,2.0
부의장삭제하도록,1,커뮤니티 1,3397,1,2.0
농림부차관농림부로서는,1,커뮤니티 1,3397,1,2.0
부의장원상회복을,1,커뮤니티 1,3397,1,2.0
농림부장관반대를,1,커뮤니티 1,3397,1,2.0
김재경자문,1,커뮤니티 1,3397,1,2.0
부의장정부안이,1,커뮤니티 1,3397,1,2.0
농림부차관지방장관에게,1,커뮤니티 1,3397,1,2.0
농정국장준공이란,1,커뮤니티 1,3397,1,2.0
법무부차관여기에,1,커뮤니티 1,3397,1,2.0
의장여러,1,커뮤니티 1,3397,1,2.0
의장8.,1,커뮤니티 1,3397,1,2.0
"의장9,10은",1,커뮤니티 1,3397,1,2.0
의장원자로전시회,1,커뮤니티 1,3397,1,2.0
서울시건설국장charts에,1,커뮤니티 1,3397,1,2.0
의장아-취,1,커뮤니티 1,3397,1,2.0
의장시간별로,1,커뮤니티 1,3397,1,2.0
부의장입학할,1,커뮤니티 1,3397,1,2.0
부의장출생,1,커뮤니티 1,3397,1,2.0
법무부차관검찰,1,커뮤니티 1,3397,1,2.0
부의장실습기관은,1,커뮤니티 1,3397,1,2.0
부의장그렇다면,1,커뮤니티 1,3397,1,2.0
부의장제13조에,1,커뮤니티 1,3397,1,2.0
부의장심의전에,1,커뮤니티 1,3397,1,2.0
부의장자연,1,커뮤니티 1,3397,1,2.0
보사위손자문,1,커뮤니티 1,3397,1,2.0
손자문벌칙,1,커뮤니티 1,3397,1,2.0
부의장근로기준법이,1,커뮤니티 1,3397,1,2.0
손자문동양의대가,1,커뮤니티 1,3397,1,2.0
손자문의과대학에,1,커뮤니티 1,3397,1,2.0
보사부장관한의사가,1,커뮤니티 1,3397,1,2.0
의정국장과거의,1,커뮤니티 1,3397,1,2.0
부의장제14조의,1,커뮤니티 1,3397,1,2.0
보사부장관타인의,1,커뮤니티 1,3397,1,2.0
군사원호청차장교도위원회는,1,커뮤니티 1,3397,1,2.0
원호청차장9억임.,1,커뮤니티 1,3397,1,2.0
원호청장국고부담의,1,커뮤니티 1,3397,1,2.0
원호청차장축조심의,1,커뮤니티 1,3397,1,2.0
원호청차장제3조의,1,커뮤니티 1,3397,1,2.0
원호청장실종자에,1,커뮤니티 1,3397,1,2.0
원호청장봉급이,1,커뮤니티 1,3397,1,2.0
원호청차장인사법이,1,커뮤니티 1,3397,1,2.0
지방국장140명의,1,커뮤니티 1,3397,1,2.0
지방국장1억환이,1,커뮤니티 1,3397,1,2.0
부의장무역법,1,커뮤니티 1,3397,1,2.0
부의장신규로,1,커뮤니티 1,3397,1,2.0
상공부차관신규업자에,1,커뮤니티 1,3397,1,2.0
상공부차관보세,1,커뮤니티 1,3397,1,2.0
검찰총장각의에서는,1,커뮤니티 1,3397,1,2.0
군사원호청차장charts에,1,커뮤니티 1,3397,1,2.0
의정국장제25조,1,커뮤니티 1,3397,1,2.0
부의장제39조는,1,커뮤니티 1,3397,1,2.0
보사부장관의사면허가,1,커뮤니티 1,3397,1,2.0
부의장지정업무,1,커뮤니티 1,3397,1,2.0
보사부장관공의진료소,1,커뮤니티 1,3397,1,2.0
보사부장관공의지명제가,1,커뮤니티 1,3397,1,2.0
부의장제25조,1,커뮤니티 1,3397,1,2.0
보사부장관영업세,1,커뮤니티 1,3397,1,2.0
보사부장관현재,1,커뮤니티 1,3397,1,2.0
보사부장관공포한,1,커뮤니티 1,3397,1,2.0
보사부장관의사가,1,커뮤니티 1,3397,1,2.0
부의장제53조중,1,커뮤니티 1,3397,1,2.0
보사부장관군수까지임.,1,커뮤니티 1,3397,1,2.0
보사부장관정부,1,커뮤니티 1,3397,1,2.0
치안국장각의에는,1,커뮤니티 1,3397,1,2.0
부의장(4)의,1,커뮤니티 1,3397,1,2.0
부의장대통령실은,1,커뮤니티 1,3397,1,2.0
사무처장내각,1,커뮤니티 1,3397,1,2.0
부의장국가예산을,1,커뮤니티 1,3397,1,2.0
부의장낸다는,1,커뮤니티 1,3397,1,2.0
사무처장참고적으로,1,커뮤니티 1,3397,1,2.0
건설국장참고사항,1,커뮤니티 1,3397,1,2.0
건설국장한강,1,커뮤니티 1,3397,1,2.0
총무국장관용차량,1,커뮤니티 1,3397,1,2.0
사무처장지방비에서,1,커뮤니티 1,3397,1,2.0
총무국장예산상에는,1,커뮤니티 1,3397,1,2.0
부의장최고의의,1,커뮤니티 1,3397,1,2.0
부의장라디오보다,1,커뮤니티 1,3397,1,2.0
총무국장공적,1,커뮤니티 1,3397,1,2.0
부의장유림씨는,1,커뮤니티 1,3397,1,2.0
감찰위원장불량기업체,1,커뮤니티 1,3397,1,2.0
부의장흥아타이야에,1,커뮤니티 1,3397,1,2.0
법무장관장관,1,커뮤니티 1,3397,1,2.0
부의장국토건설청과,1,커뮤니티 1,3397,1,2.0
사무처장뚜렷한,1,커뮤니티 1,3397,1,2.0
총무과장견본에,1,커뮤니티 1,3397,1,2.0
사무처장서울특별시,1,커뮤니티 1,3397,1,2.0
사무처장현재,1,커뮤니티 1,3397,1,2.0
사무처장사학가들의,1,커뮤니티 1,3397,1,2.0
총무국장공적사항,1,커뮤니티 1,3397,1,2.0
건설국장통과세를,1,커뮤니티 1,3397,1,2.0
사무처장총,1,커뮤니티 1,3397,1,2.0
의장농림부문에,1,커뮤니티 1,3397,1,2.0
의장막연하게,1,커뮤니티 1,3397,1,2.0
의장문교분야에,1,커뮤니티 1,3397,1,2.0
부의장숫자적인,1,커뮤니티 1,3397,1,2.0
부의장세부목표는,1,커뮤니티 1,3397,1,2.0
부의장경제문제가,1,커뮤니티 1,3397,1,2.0
부의장대부분,1,커뮤니티 1,3397,1,2.0
보사부장관종류가,1,커뮤니티 1,3397,1,2.0
보사부장관포함되고,1,커뮤니티 1,3397,1,2.0
건설국장전략적으로,1,커뮤니티 1,3397,1,2.0
건설국장연차별,1,커뮤니티 1,3397,1,2.0
부의장수반실,1,커뮤니티 1,3397,1,2.0
총무처장최고의,1,커뮤니티 1,3397,1,2.0
부의장최고의에,1,커뮤니티 1,3397,1,2.0
총무국장설명,1,커뮤니티 1,3397,1,2.0
조시형의원,1,커뮤니티 1,3397,1,2.0
사무처장능률면에서,1,커뮤니티 1,3397,1,2.0
사무처장특히,1,커뮤니티 1,3397,1,2.0
사무처장원칙,1,커뮤니티 1,3397,1,2.0
부의장차량문제는,1,커뮤니티 1,3397,1,2.0
상공부기획조정관함인영,1,커뮤니티 1,3397,1,2.0
상공부차관계속,1,커뮤니티 1,3397,1,2.0
공보부장관저희들이,1,커뮤니티 1,3397,1,2.0
부의장고문제67조,1,커뮤니티 1,3397,1,2.0
부의장고문형법,1,커뮤니티 1,3397,1,2.0
지방법원장폭력배인,1,커뮤니티 1,3397,1,2.0
지방법원장법원제도로서는,1,커뮤니티 1,3397,1,2.0
부의장진상을,1,커뮤니티 1,3397,1,2.0
부의장3년,1,커뮤니티 1,3397,1,2.0
검찰총장담당검사장을,1,커뮤니티 1,3397,1,2.0
부의장교체위의,1,커뮤니티 1,3397,1,2.0
법무장관지난번,1,커뮤니티 1,3397,1,2.0
부의장제3조에,1,커뮤니티 1,3397,1,2.0
검찰총장순경은,1,커뮤니티 1,3397,1,2.0
부의장순경이,1,커뮤니티 1,3397,1,2.0
검찰총장검찰에서는,1,커뮤니티 1,3397,1,2.0
체신차관제안이유,1,커뮤니티 1,3397,1,2.0
의장신문에,1,커뮤니티 1,3397,1,2.0
의장막연한,1,커뮤니티 1,3397,1,2.0
이재국장대일무역량이,1,커뮤니티 1,3397,1,2.0
지방법원장법을,1,커뮤니티 1,3397,1,2.0
의장적자운영된,1,커뮤니티 1,3397,1,2.0
지방법원장국정감사,1,커뮤니티 1,3397,1,2.0
심계원장그러면,1,커뮤니티 1,3397,1,2.0
심계원사무총국장1.,1,커뮤니티 1,3397,1,2.0
공보부장관지금부터,1,커뮤니티 1,3397,1,2.0
공보부기획조정관제2안은,1,커뮤니티 1,3397,1,2.0
의장예산은,1,커뮤니티 1,3397,1,2.0
공보부장관금년은,1,커뮤니티 1,3397,1,2.0
법무부형정국장조달청,1,커뮤니티 1,3397,1,2.0
법무장관선진국에서는,1,커뮤니티 1,3397,1,2.0
시경국장가해자는,1,커뮤니티 1,3397,1,2.0
시경국장폭행했다는,1,커뮤니티 1,3397,1,2.0
시경국장약,1,커뮤니티 1,3397,1,2.0
시경국장없었음.,1,커뮤니티 1,3397,1,2.0
시경국장노세우,1,커뮤니티 1,3397,1,2.0
농림부차관재경위,1,커뮤니티 1,3397,1,2.0
국방부병무국장제안이유,1,커뮤니티 1,3397,1,2.0
부의장제29조,1,커뮤니티 1,3397,1,2.0
부의장보류했다가,1,커뮤니티 1,3397,1,2.0
법무장관상인에게,1,커뮤니티 1,3397,1,2.0
부의장조달청에서,1,커뮤니티 1,3397,1,2.0
법무부형정국장반대해,1,커뮤니티 1,3397,1,2.0
법무부장관형무소,1,커뮤니티 1,3397,1,2.0
감찰위원장부분적인,1,커뮤니티 1,3397,1,2.0
부의장시행년월일만,1,커뮤니티 1,3397,1,2.0
법사위전문위원제안이유,1,커뮤니티 1,3397,1,2.0
농림부차관법안의,1,커뮤니티 1,3397,1,2.0
부의장이의없이,1,커뮤니티 1,3397,1,2.0
농림부차관가공하지,1,커뮤니티 1,3397,1,2.0
의장외환판매,1,커뮤니티 1,3397,1,2.0
교통부장관310억임.,1,커뮤니티 1,3397,1,2.0
부의장자세한,1,커뮤니티 1,3397,1,2.0
교통부장관물가와,1,커뮤니티 1,3397,1,2.0
교통부경리국장현재는,1,커뮤니티 1,3397,1,2.0
교통부장관상공부에서는,1,커뮤니티 1,3397,1,2.0
부의장내년,1,커뮤니티 1,3397,1,2.0
부의장인상함으로써,1,커뮤니티 1,3397,1,2.0
교통부장관47억임.,1,커뮤니티 1,3397,1,2.0
부의장금년도,1,커뮤니티 1,3397,1,2.0
교통부장관143억임.,1,커뮤니티 1,3397,1,2.0
교통부장관198억이,1,커뮤니티 1,3397,1,2.0
대법원장사사건건에,1,커뮤니티 1,3397,1,2.0
지방법원장3주일,1,커뮤니티 1,3397,1,2.0
부의장인상하지,1,커뮤니티 1,3397,1,2.0
재무부장관사실상,1,커뮤니티 1,3397,1,2.0
재무부장관구태여,1,커뮤니티 1,3397,1,2.0
부의장별로,1,커뮤니티 1,3397,1,2.0
의장자문수정안,1,커뮤니티 1,3397,1,2.0
외무부정무국장제6차,1,커뮤니티 1,3397,1,2.0
국토건설청장제안설명.,1,커뮤니티 1,3397,1,2.0
교통부제안설명.,1,커뮤니티 1,3397,1,2.0
부의장교통관계를,1,커뮤니티 1,3397,1,2.0
부의장통과함.,1,커뮤니티 1,3397,1,2.0
부의장부칙에,1,커뮤니티 1,3397,1,2.0
부의장재경위원장은,1,커뮤니티 1,3397,1,2.0
부의장지금까지의,1,커뮤니티 1,3397,1,2.0
부의장310억+47억=157억이면,1,커뮤니티 1,3397,1,2.0
재무부이재국장4293년도,1,커뮤니티 1,3397,1,2.0
교통부장관총,1,커뮤니티 1,3397,1,2.0
대법원장법원이란,1,커뮤니티 1,3397,1,2.0
의장안전한,1,커뮤니티 1,3397,1,2.0
의장차를,1,커뮤니티 1,3397,1,2.0
지방법원장마약사범,1,커뮤니티 1,3397,1,2.0
재무장관정부,1,커뮤니티 1,3397,1,2.0
부의장음력,1,커뮤니티 1,3397,1,2.0
부의장25%,1,커뮤니티 1,3397,1,2.0
박동묘의장고문,1,커뮤니티 1,3397,1,2.0
교통부장관지금까지,1,커뮤니티 1,3397,1,2.0
국방부병무국장여기에,1,커뮤니티 1,3397,1,2.0
부의장5천만환은,1,커뮤니티 1,3397,1,2.0
부의장한은법,1,커뮤니티 1,3397,1,2.0
이재국장정부에,1,커뮤니티 1,3397,1,2.0
사무총국장상설기관인,1,커뮤니티 1,3397,1,2.0
한은총재외환의,1,커뮤니티 1,3397,1,2.0
재무부장관외환수급계획,1,커뮤니티 1,3397,1,2.0
부의장한은법을,1,커뮤니티 1,3397,1,2.0
이재국장정부나,1,커뮤니티 1,3397,1,2.0
부의장오정식,1,커뮤니티 1,3397,1,2.0
부의장,1,커뮤니티 1,3397,1,2.0
재무부담당관그것은,1,커뮤니티 1,3397,1,2.0
교통위자문위원제28조,1,커뮤니티 1,3397,1,2.0
재무부담당관불편하지,1,커뮤니티 1,3397,1,2.0
이재국장축조심의.,1,커뮤니티 1,3397,1,2.0
문사위자문경범죄처벌법에,1,커뮤니티 1,3397,1,2.0
보사부부녀국장제27조에,1,커뮤니티 1,3397,1,2.0
부의장제27조,1,커뮤니티 1,3397,1,2.0
보사부차관제12조,1,커뮤니티 1,3397,1,2.0
부의장고문제12조에,1,커뮤니티 1,3397,1,2.0
공보부장관왜정,1,커뮤니티 1,3397,1,2.0
부의장극장내에서,1,커뮤니티 1,3397,1,2.0
공보부장관출판사는,1,커뮤니티 1,3397,1,2.0
공보부장관통제,1,커뮤니티 1,3397,1,2.0
재무장관제안이유,1,커뮤니티 1,3397,1,2.0
이재국장10년전,1,커뮤니티 1,3397,1,2.0
재무부담당관위반행위가,1,커뮤니티 1,3397,1,2.0
국고국장80을,1,커뮤니티 1,3397,1,2.0
부의장예산심의,1,커뮤니티 1,3397,1,2.0
내무부차관charts에,1,커뮤니티 1,3397,1,2.0
한중건전문,1,커뮤니티 1,3397,1,2.0
"한중건꽁치,",1,커뮤니티 1,3397,1,2.0
상공부차관재판장이,1,커뮤니티 1,3397,1,2.0
상공부차관(1)국기,1,커뮤니티 1,3397,1,2.0
한중건전문위원,1,커뮤니티 1,3397,1,2.0
부의장통과함,1,커뮤니티 1,3397,1,2.0
상공부차관2명의,1,커뮤니티 1,3397,1,2.0
특허국장무채재산에,1,커뮤니티 1,3397,1,2.0
상공부차관정부조직법에,1,커뮤니티 1,3397,1,2.0
법사위자문축조심의.,1,커뮤니티 1,3397,1,2.0
재무장관외국환은행은,1,커뮤니티 1,3397,1,2.0
법사위자문외국환은행이,1,커뮤니티 1,3397,1,2.0
재무장관정책적인,1,커뮤니티 1,3397,1,2.0
부의장18조,1,커뮤니티 1,3397,1,2.0
부의장고문이것을,1,커뮤니티 1,3397,1,2.0
부의장시초,1,커뮤니티 1,3397,1,2.0
재무부담당관제34조의,1,커뮤니티 1,3397,1,2.0
재경위자문현실적으로,1,커뮤니티 1,3397,1,2.0
내무부차관시도별,1,커뮤니티 1,3397,1,2.0
재무부담당관그러니까,1,커뮤니티 1,3397,1,2.0
재무부담당관외국환은행이,1,커뮤니티 1,3397,1,2.0
재무부담당관7가지가,1,커뮤니티 1,3397,1,2.0
재무부담당관앞으로,1,커뮤니티 1,3397,1,2.0
부의장고문제34조,1,커뮤니티 1,3397,1,2.0
한은총재외국환의,1,커뮤니티 1,3397,1,2.0
심계원장선임,1,커뮤니티 1,3397,1,2.0
부의장원장,1,커뮤니티 1,3397,1,2.0
시경국장신청한,1,커뮤니티 1,3397,1,2.0
부의장예산에,1,커뮤니티 1,3397,1,2.0
부의장필수,1,커뮤니티 1,3397,1,2.0
부의장근본적으로,1,커뮤니티 1,3397,1,2.0
부의장명일로,1,커뮤니티 1,3397,1,2.0
사무총국장예산에,1,커뮤니티 1,3397,1,2.0
재무부장관임시적인,1,커뮤니티 1,3397,1,2.0
재무부장관예산회계법이,1,커뮤니티 1,3397,1,2.0
재경위원자문전매가,1,커뮤니티 1,3397,1,2.0
외무국방위담당관상임위에서,1,커뮤니티 1,3397,1,2.0
부의장설명,1,커뮤니티 1,3397,1,2.0
시경국장특수공무,1,커뮤니티 1,3397,1,2.0
국방부병무국장정부에서,1,커뮤니티 1,3397,1,2.0
시경국장당시의,1,커뮤니티 1,3397,1,2.0
국방부병무국장이,1,커뮤니티 1,3397,1,2.0
부의장운영에,1,커뮤니티 1,3397,1,2.0
국방부병무국장일시적인,1,커뮤니티 1,3397,1,2.0
부의장내각에,1,커뮤니티 1,3397,1,2.0
국방부병무국장저희,1,커뮤니티 1,3397,1,2.0
사무총국장개정이유,1,커뮤니티 1,3397,1,2.0
보사부차관제27조는,1,커뮤니티 1,3397,1,2.0
보사부부녀국장거기에,1,커뮤니티 1,3397,1,2.0
부의장고문영아,1,커뮤니티 1,3397,1,2.0
부의장그것은,1,커뮤니티 1,3397,1,2.0
부의장고문본법,1,커뮤니티 1,3397,1,2.0
부의장고문꼭,1,커뮤니티 1,3397,1,2.0
사무총국장사무,1,커뮤니티 1,3397,1,2.0
부의장이석제위원의,1,커뮤니티 1,3397,1,2.0
재무부장관염이,1,커뮤니티 1,3397,1,2.0
부의장제16조,1,커뮤니티 1,3397,1,2.0
부의장고문제7조,1,커뮤니티 1,3397,1,2.0
사무총국장자구,1,커뮤니티 1,3397,1,2.0
부의장제7조가,1,커뮤니티 1,3397,1,2.0
부의장수정안,1,커뮤니티 1,3397,1,2.0
보사부차관제9조,1,커뮤니티 1,3397,1,2.0
보사부차관제15조,1,커뮤니티 1,3397,1,2.0
보사부차관정부원안은,1,커뮤니티 1,3397,1,2.0
보사부부녀국장토지를,1,커뮤니티 1,3397,1,2.0
김형욱위원이러한,1,커뮤니티 1,3397,1,2.0
법사자문위원구법정리임.,1,커뮤니티 1,3397,1,2.0
부의장소장,1,커뮤니티 1,3397,1,2.0
부의장부장,1,커뮤니티 1,3397,1,2.0
국방부차관현역만,1,커뮤니티 1,3397,1,2.0
교통부차관구법정리입니다.,1,커뮤니티 1,3397,1,2.0
국방부차관고려될,1,커뮤니티 1,3397,1,2.0
김원형소령,1,커뮤니티 1,3397,1,2.0
부의장제9조에,1,커뮤니티 1,3397,1,2.0
김원형소운송업의,1,커뮤니티 1,3397,1,2.0
해운수로국장제안이유,1,커뮤니티 1,3397,1,2.0
수로국장행정소송이,1,커뮤니티 1,3397,1,2.0
부의장제28조,1,커뮤니티 1,3397,1,2.0
상공부차관제25조의,1,커뮤니티 1,3397,1,2.0
부의장가급적이면,1,커뮤니티 1,3397,1,2.0
부의장법사위원장과,1,커뮤니티 1,3397,1,2.0
부의장목적으로,1,커뮤니티 1,3397,1,2.0
부의장제17조,1,커뮤니티 1,3397,1,2.0
병무국장대통령령인,1,커뮤니티 1,3397,1,2.0
상공부차관재경위,1,커뮤니티 1,3397,1,2.0
부의장제22조에,1,커뮤니티 1,3397,1,2.0
상공부차관사적인,1,커뮤니티 1,3397,1,2.0
상공부차관보수를,1,커뮤니티 1,3397,1,2.0
부의장3심제와,1,커뮤니티 1,3397,1,2.0
상공부차관본인은,1,커뮤니티 1,3397,1,2.0
부의장제16조2항과,1,커뮤니티 1,3397,1,2.0
병무국장전자는,1,커뮤니티 1,3397,1,2.0
부의장사회적으로,1,커뮤니티 1,3397,1,2.0
법무부장관형무소에서,1,커뮤니티 1,3397,1,2.0
법무부형정국장금년에,1,커뮤니티 1,3397,1,2.0
법사위원장제5조를,1,커뮤니티 1,3397,1,2.0
법무부형정국장정부예산을,1,커뮤니티 1,3397,1,2.0
부의장작업의,1,커뮤니티 1,3397,1,2.0
법무부형정국장인쇄업자로부터,1,커뮤니티 1,3397,1,2.0
교체위원장노임이,1,커뮤니티 1,3397,1,2.0
부의장작업량의,1,커뮤니티 1,3397,1,2.0
법사위원장특별회계를,1,커뮤니티 1,3397,1,2.0
법무부장관귀휴,1,커뮤니티 1,3397,1,2.0
부의장책임한계는,1,커뮤니티 1,3397,1,2.0
법무부장관행정적,1,커뮤니티 1,3397,1,2.0
부의장직제에,1,커뮤니티 1,3397,1,2.0
법무부형무국장간수를,1,커뮤니티 1,3397,1,2.0
외무국방위원장귀휴,1,커뮤니티 1,3397,1,2.0
부의장명칭에,1,커뮤니티 1,3397,1,2.0
외무국방위원장3주일,1,커뮤니티 1,3397,1,2.0
법무부형무국장가석방,1,커뮤니티 1,3397,1,2.0
부의장군대,1,커뮤니티 1,3397,1,2.0
상공위자문위원도전의,1,커뮤니티 1,3397,1,2.0
최재호상공부측에서,1,커뮤니티 1,3397,1,2.0
이문택포함되어,1,커뮤니티 1,3397,1,2.0
전문위원심사의,1,커뮤니티 1,3397,1,2.0
내각수반KNA기는,1,커뮤니티 1,3397,1,2.0
의장교체위원장과,1,커뮤니티 1,3397,1,2.0
박동묘KNA,1,커뮤니티 1,3397,1,2.0
내각수반KNA가,1,커뮤니티 1,3397,1,2.0
경제기획원부원장기존시설을,1,커뮤니티 1,3397,1,2.0
송정범본,1,커뮤니티 1,3397,1,2.0
상공부조정관약정서에,1,커뮤니티 1,3397,1,2.0
내각수반농업,1,커뮤니티 1,3397,1,2.0
황종율축산을,1,커뮤니티 1,3397,1,2.0
교통부장관KNA,1,커뮤니티 1,3397,1,2.0
내각수반개인회사가,1,커뮤니티 1,3397,1,2.0
재무부차관계약과,1,커뮤니티 1,3397,1,2.0
이진수합계,1,커뮤니티 1,3397,1,2.0
상공부차관제1차년도에,1,커뮤니티 1,3397,1,2.0
재무부장관은행주식을,1,커뮤니티 1,3397,1,2.0
황종율자문,1,커뮤니티 1,3397,1,2.0
재무부차관특히,1,커뮤니티 1,3397,1,2.0
송정범해외에,1,커뮤니티 1,3397,1,2.0
재무부장관은행주중,1,커뮤니티 1,3397,1,2.0
문교부장관구황실재산중,1,커뮤니티 1,3397,1,2.0
상공부차관충비가,1,커뮤니티 1,3397,1,2.0
재무부차관제안이유.,1,커뮤니티 1,3397,1,2.0
교통부장관교통부장관으로서,1,커뮤니티 1,3397,1,2.0
내각수반그,1,커뮤니티 1,3397,1,2.0
송정범9월,1,커뮤니티 1,3397,1,2.0
부의장17조에,1,커뮤니티 1,3397,1,2.0
의장토의는,1,커뮤니티 1,3397,1,2.0
부의장의장휘장과,1,커뮤니티 1,3397,1,2.0
총무처장농촌문고,1,커뮤니티 1,3397,1,2.0
총무처장94.,1,커뮤니티 1,3397,1,2.0
기획부장charts에,1,커뮤니티 1,3397,1,2.0
농림부장관2개월후이면,1,커뮤니티 1,3397,1,2.0
부의장보류합니다.,1,커뮤니티 1,3397,1,2.0
총무처장10만환에,1,커뮤니티 1,3397,1,2.0
부의장그래도,1,커뮤니티 1,3397,1,2.0
부의장정부원안,1,커뮤니티 1,3397,1,2.0
병무국장실질적으로,1,커뮤니티 1,3397,1,2.0
부의장A안의,1,커뮤니티 1,3397,1,2.0
부의장특별법은,1,커뮤니티 1,3397,1,2.0
부의장A가,1,커뮤니티 1,3397,1,2.0
이문택요는,1,커뮤니티 1,3397,1,2.0
문교부학무국장과학기술연구원,1,커뮤니티 1,3397,1,2.0
학무국장국립과학기술연구원입니다.,1,커뮤니티 1,3397,1,2.0
부의장부정축재환수금,1,커뮤니티 1,3397,1,2.0
병무국장지금,1,커뮤니티 1,3397,1,2.0
이문택조정국장,1,커뮤니티 1,3397,1,2.0
총무처장국립서울대학,1,커뮤니티 1,3397,1,2.0
총무처장참고로,1,커뮤니티 1,3397,1,2.0
법무부형정국장그러면,1,커뮤니티 1,3397,1,2.0
의장지금은,1,커뮤니티 1,3397,1,2.0
국방부차관고의적인,1,커뮤니티 1,3397,1,2.0
의장재무부,1,커뮤니티 1,3397,1,2.0
의장양대령에,1,커뮤니티 1,3397,1,2.0
의장동기가,1,커뮤니티 1,3397,1,2.0
의장처리위원장,1,커뮤니티 1,3397,1,2.0
부축심사반원신문은,1,커뮤니티 1,3397,1,2.0
의장나도,1,커뮤니티 1,3397,1,2.0
법무부장관공보부에서,1,커뮤니티 1,3397,1,2.0
의장개인,1,커뮤니티 1,3397,1,2.0
법무부장관제안설명.,1,커뮤니티 1,3397,1,2.0
부의장개정안을,1,커뮤니티 1,3397,1,2.0
부의장금통위는,1,커뮤니티 1,3397,1,2.0
법무부장관일상시의,1,커뮤니티 1,3397,1,2.0
의장또,1,커뮤니티 1,3397,1,2.0
의장오전,1,커뮤니티 1,3397,1,2.0
부의장타,1,커뮤니티 1,3397,1,2.0
의장문구가,1,커뮤니티 1,3397,1,2.0
부의장중앙은행의,1,커뮤니티 1,3397,1,2.0
의장그런,1,커뮤니티 1,3397,1,2.0
의장1963년도,1,커뮤니티 1,3397,1,2.0
한은총재약,1,커뮤니티 1,3397,1,2.0
의장법이,1,커뮤니티 1,3397,1,2.0
부의장일정에,1,커뮤니티 1,3397,1,2.0
검찰과장김길기,1,커뮤니티 1,3397,1,2.0
의장47억이,1,커뮤니티 1,3397,1,2.0
의장이의신립되어서,1,커뮤니티 1,3397,1,2.0
정상공부장관,1,커뮤니티 1,3397,1,2.0
재무부장관중앙은행과의,1,커뮤니티 1,3397,1,2.0
한은총재원칙적으로,1,커뮤니티 1,3397,1,2.0
한은총재이,1,커뮤니티 1,3397,1,2.0
의장명칭은,1,커뮤니티 1,3397,1,2.0
경제자문불량기업체의,1,커뮤니티 1,3397,1,2.0
의장문제는,1,커뮤니티 1,3397,1,2.0
의장그러한,1,커뮤니티 1,3397,1,2.0
재무부차관본,1,커뮤니티 1,3397,1,2.0
재무부이재국장목적.,1,커뮤니티 1,3397,1,2.0
농림부차관charts에,1,커뮤니티 1,3397,1,2.0
의장수요량에,1,커뮤니티 1,3397,1,2.0
농림부차관절량농가에,1,커뮤니티 1,3397,1,2.0
"의장즉,",1,커뮤니티 1,3397,1,2.0
재무부장관장차,1,커뮤니티 1,3397,1,2.0
의장불입자본금,1,커뮤니티 1,3397,1,2.0
이재국장기히,1,커뮤니티 1,3397,1,2.0
의장과거에,1,커뮤니티 1,3397,1,2.0
재무부장관조문,1,커뮤니티 1,3397,1,2.0
재무부장관사전에,1,커뮤니티 1,3397,1,2.0
재무부장관정부에게,1,커뮤니티 1,3397,1,2.0
재무부장관심계원,1,커뮤니티 1,3397,1,2.0
산은총재성업공사에,1,커뮤니티 1,3397,1,2.0
의장군정,1,커뮤니티 1,3397,1,2.0
재무부장관모든,1,커뮤니티 1,3397,1,2.0
의장중앙은행에서의,1,커뮤니티 1,3397,1,2.0
의장기본방침에,1,커뮤니티 1,3397,1,2.0
의장경제기획,1,커뮤니티 1,3397,1,2.0
재경위자문허가제도로,1,커뮤니티 1,3397,1,2.0
재무부장관법의,1,커뮤니티 1,3397,1,2.0
부의장자유경제,1,커뮤니티 1,3397,1,2.0
재경위자문생산업자는,1,커뮤니티 1,3397,1,2.0
농림부장관생산업자가,1,커뮤니티 1,3397,1,2.0
농림부담당관창고에,1,커뮤니티 1,3397,1,2.0
재경위자문포장을,1,커뮤니티 1,3397,1,2.0
농림부장관재경위,1,커뮤니티 1,3397,1,2.0
재무부장관현실적으로,1,커뮤니티 1,3397,1,2.0
부의장고문임검,1,커뮤니티 1,3397,1,2.0
농림부장관벌칙,1,커뮤니티 1,3397,1,2.0
농림부장관제15조는,1,커뮤니티 1,3397,1,2.0
부의장질의,1,커뮤니티 1,3397,1,2.0
부의장국도,1,커뮤니티 1,3397,1,2.0
국토건설청차장(대답,1,커뮤니티 1,3397,1,2.0
재경위자문,1,커뮤니티 1,3397,1,2.0
부의장자구수정은,1,커뮤니티 1,3397,1,2.0
"재무부장관목적,",1,커뮤니티 1,3397,1,2.0
부의장내용으로,1,커뮤니티 1,3397,1,2.0
부의장제16조에서,1,커뮤니티 1,3397,1,2.0
부의장고문면허,1,커뮤니티 1,3397,1,2.0
부의장수정하는데,1,커뮤니티 1,3397,1,2.0
부의장7번을,1,커뮤니티 1,3397,1,2.0
의장7번은,1,커뮤니티 1,3397,1,2.0
부의장제23조와,1,커뮤니티 1,3397,1,2.0
의장공동성명서,1,커뮤니티 1,3397,1,2.0
의장「기초적,1,커뮤니티 1,3397,1,2.0
의장내용은,1,커뮤니티 1,3397,1,2.0
의장「국민여론을,1,커뮤니티 1,3397,1,2.0
의장좋을,1,커뮤니티 1,3397,1,2.0
의장그것을,1,커뮤니티 1,3397,1,2.0
부의장제1장,1,커뮤니티 1,3397,1,2.0
부의장총재,1,커뮤니티 1,3397,1,2.0
부의장격이,1,커뮤니티 1,3397,1,2.0
부의장벌칙은,1,커뮤니티 1,3397,1,2.0
부의장면허,1,커뮤니티 1,3397,1,2.0
한은총재임원의,1,커뮤니티 1,3397,1,2.0
농림부장관잠업값이,1,커뮤니티 1,3397,1,2.0
부의장제114조의,1,커뮤니티 1,3397,1,2.0
부의장은행내의,1,커뮤니티 1,3397,1,2.0
부의장면세하므로,1,커뮤니티 1,3397,1,2.0
상공위자문심의경과,1,커뮤니티 1,3397,1,2.0
부의장45조에,1,커뮤니티 1,3397,1,2.0
성창환너무,1,커뮤니티 1,3397,1,2.0
한은총재개정,1,커뮤니티 1,3397,1,2.0
부의장고문무채재산권을,1,커뮤니티 1,3397,1,2.0
재경위자문위원현재,1,커뮤니티 1,3397,1,2.0
상공부장관제8조에,1,커뮤니티 1,3397,1,2.0
부의장고문벌칙은,1,커뮤니티 1,3397,1,2.0
교통부차관구법과,1,커뮤니티 1,3397,1,2.0
교체위자문정부안에,1,커뮤니티 1,3397,1,2.0
교체위자문직권,1,커뮤니티 1,3397,1,2.0
조달청장금년도,1,커뮤니티 1,3397,1,2.0
부의장5년으로,1,커뮤니티 1,3397,1,2.0
농림부차관1.,1,커뮤니티 1,3397,1,2.0
농림부차관다음,1,커뮤니티 1,3397,1,2.0
의장고문똑같은,1,커뮤니티 1,3397,1,2.0
농림위이중령,1,커뮤니티 1,3397,1,2.0
부의장고문제18조에,1,커뮤니티 1,3397,1,2.0
하대령,1,커뮤니티 1,3397,1,2.0
부의장교체위장,1,커뮤니티 1,3397,1,2.0
상공부장관수입품을,1,커뮤니티 1,3397,1,2.0
부의장고문군납업자는,1,커뮤니티 1,3397,1,2.0
상공부장관신고하지,1,커뮤니티 1,3397,1,2.0
부의장교체위장과,1,커뮤니티 1,3397,1,2.0
상공차관단서를,1,커뮤니티 1,3397,1,2.0
부의장독립운동을,1,커뮤니티 1,3397,1,2.0
조달청장작년,1,커뮤니티 1,3397,1,2.0
부의장용어를,1,커뮤니티 1,3397,1,2.0
부의장고문제28조,1,커뮤니티 1,3397,1,2.0
상공위전문위원수출진흥회사와는,1,커뮤니티 1,3397,1,2.0
국방연구원장정기,1,커뮤니티 1,3397,1,2.0
부의장고문제7조에,1,커뮤니티 1,3397,1,2.0
국방연구원장제7조에,1,커뮤니티 1,3397,1,2.0
국방연구원장제3조,1,커뮤니티 1,3397,1,2.0
부의장제3조1항을,1,커뮤니티 1,3397,1,2.0
국방연구원장자유당,1,커뮤니티 1,3397,1,2.0
부의장고문제64조에,1,커뮤니티 1,3397,1,2.0
이재국장제64조는,1,커뮤니티 1,3397,1,2.0
재무부장관주식회사의,1,커뮤니티 1,3397,1,2.0
부의장발표하는,1,커뮤니티 1,3397,1,2.0
부의장법사위,1,커뮤니티 1,3397,1,2.0
법사위원장해외재산도피방지법이,1,커뮤니티 1,3397,1,2.0
부의장정식,1,커뮤니티 1,3397,1,2.0
조달청장1.,1,커뮤니티 1,3397,1,2.0
부의장조세,1,커뮤니티 1,3397,1,2.0
심사반원“남궁연”이에,1,커뮤니티 1,3397,1,2.0
부의장고문상대자를,1,커뮤니티 1,3397,1,2.0
부의장승인을,1,커뮤니티 1,3397,1,2.0
경제기획원부원장제30조,1,커뮤니티 1,3397,1,2.0
부의장고문제4조의2에,1,커뮤니티 1,3397,1,2.0
공보부차관완전한,1,커뮤니티 1,3397,1,2.0
경제기획원담당관1.,1,커뮤니티 1,3397,1,2.0
재무부이재국장제안이유,1,커뮤니티 1,3397,1,2.0
경제기획원담당관법안의,1,커뮤니티 1,3397,1,2.0
경제기획원부원장다른,1,커뮤니티 1,3397,1,2.0
내각사무처장국제전화,1,커뮤니티 1,3397,1,2.0
내각사무처장외국인,1,커뮤니티 1,3397,1,2.0
의장금년,1,커뮤니티 1,3397,1,2.0
의장김포,1,커뮤니티 1,3397,1,2.0
문사위전문위원「생굴」을,1,커뮤니티 1,3397,1,2.0
농림차관이,1,커뮤니티 1,3397,1,2.0
부의장재경위와,1,커뮤니티 1,3397,1,2.0
보사부차관폐수,1,커뮤니티 1,3397,1,2.0
내각사무처장행사별,1,커뮤니티 1,3397,1,2.0
부원장물자,1,커뮤니티 1,3397,1,2.0
농림부차관보사부와,1,커뮤니티 1,3397,1,2.0
부의장품목은,1,커뮤니티 1,3397,1,2.0
경제기획원부원장꼭,1,커뮤니티 1,3397,1,2.0
부의장물가만,1,커뮤니티 1,3397,1,2.0
내각사무처장8·15일에,1,커뮤니티 1,3397,1,2.0
상공부장관5%,1,커뮤니티 1,3397,1,2.0
부의장상임위원회에서,1,커뮤니티 1,3397,1,2.0
부의장오위원의,1,커뮤니티 1,3397,1,2.0
내무부차관4월20일부터,1,커뮤니티 1,3397,1,2.0
내각사무처장실무적으로,1,커뮤니티 1,3397,1,2.0
내각사무처장대한여행사에서,1,커뮤니티 1,3397,1,2.0
재경위전문위원신고와,1,커뮤니티 1,3397,1,2.0
내각사무처장현재,1,커뮤니티 1,3397,1,2.0
부의장고문이것은,1,커뮤니티 1,3397,1,2.0
내각사무처장그중,1,커뮤니티 1,3397,1,2.0
부의장임시,1,커뮤니티 1,3397,1,2.0
재경위자문전부,1,커뮤니티 1,3397,1,2.0
상공부장관정부에서,1,커뮤니티 1,3397,1,2.0
부의장고문군납업자만,1,커뮤니티 1,3397,1,2.0
상공부장관계약해서,1,커뮤니티 1,3397,1,2.0
재무부장관정부안은,1,커뮤니티 1,3397,1,2.0
부의장선원법은,1,커뮤니티 1,3397,1,2.0
부의장외무국방위,1,커뮤니티 1,3397,1,2.0
의장요는,1,커뮤니티 1,3397,1,2.0
의장내년에나,1,커뮤니티 1,3397,1,2.0
내각사무처장4월25일부터,1,커뮤니티 1,3397,1,2.0
농림차관주요내용,1,커뮤니티 1,3397,1,2.0
부의장제14조를,1,커뮤니티 1,3397,1,2.0
재경위담당관제안이유,1,커뮤니티 1,3397,1,2.0
의장5월5일부터,1,커뮤니티 1,3397,1,2.0
외무국방위조대령,1,커뮤니티 1,3397,1,2.0
부의장각령으로,1,커뮤니티 1,3397,1,2.0
농림부차관KFX,1,커뮤니티 1,3397,1,2.0
농림부차관원가가,1,커뮤니티 1,3397,1,2.0
내각사무처장재,1,커뮤니티 1,3397,1,2.0
상공위전문위원앞으로,1,커뮤니티 1,3397,1,2.0
부의장제26조에,1,커뮤니티 1,3397,1,2.0
부의장큰,1,커뮤니티 1,3397,1,2.0
문교부장관교과서,1,커뮤니티 1,3397,1,2.0
의장각원과의,1,커뮤니티 1,3397,1,2.0
법사자문위원법무부장관,1,커뮤니티 1,3397,1,2.0
법사자문경호문제도,1,커뮤니티 1,3397,1,2.0
이재국장어떤,1,커뮤니티 1,3397,1,2.0
이재국장기타,1,커뮤니티 1,3397,1,2.0
이재국장한국대리업자를,1,커뮤니티 1,3397,1,2.0
이재국장과거의,1,커뮤니티 1,3397,1,2.0
재무부준비를,1,커뮤니티 1,3397,1,2.0
체신부차관제안이유,1,커뮤니티 1,3397,1,2.0
법무부장관현재로서는,1,커뮤니티 1,3397,1,2.0
재경위원자문토지수용법에,1,커뮤니티 1,3397,1,2.0
법무부장관19일,1,커뮤니티 1,3397,1,2.0
내무부장관밀수방지,1,커뮤니티 1,3397,1,2.0
부의장내각에서,1,커뮤니티 1,3397,1,2.0
조달청장5개년,1,커뮤니티 1,3397,1,2.0
군사원호청장양해사항으로서,1,커뮤니티 1,3397,1,2.0
내각사무처장기술자,1,커뮤니티 1,3397,1,2.0
공보부장관공보업무,1,커뮤니티 1,3397,1,2.0
의장관계관의,1,커뮤니티 1,3397,1,2.0
"외무부장관미국,",1,커뮤니티 1,3397,1,2.0
재무부장관정부,1,커뮤니티 1,3397,1,2.0
국방부차관국방부,1,커뮤니티 1,3397,1,2.0
경제기획원장공보기구,1,커뮤니티 1,3397,1,2.0
경제기획원장예산,1,커뮤니티 1,3397,1,2.0
의장앞으로,1,커뮤니티 1,3397,1,2.0
부의장정일권,1,커뮤니티 1,3397,1,2.0
"법무부장관소요죄,",1,커뮤니티 1,3397,1,2.0
내무부장관국가사업,1,커뮤니티 1,3397,1,2.0
송정범이,1,커뮤니티 1,3397,1,2.0
경제기획원부원장차트에,1,커뮤니티 1,3397,1,2.0
의장표본은,1,커뮤니티 1,3397,1,2.0
상공부차관삭제하겠음.,1,커뮤니티 1,3397,1,2.0
경제기획원부원장생산물의,1,커뮤니티 1,3397,1,2.0
경제기획원부원장그것은,1,커뮤니티 1,3397,1,2.0
경제기획원부원장이것은,1,커뮤니티 1,3397,1,2.0
경제기획원부원장대충자금,1,커뮤니티 1,3397,1,2.0
농림부장관지방장관에게,1,커뮤니티 1,3397,1,2.0
농림부장관매상이,1,커뮤니티 1,3397,1,2.0
농림부장관도에서,1,커뮤니티 1,3397,1,2.0
부의장제29조의,1,커뮤니티 1,3397,1,2.0
외무부정보국장1961년은,1,커뮤니티 1,3397,1,2.0
중앙정보부담당관슬라이드에,1,커뮤니티 1,3397,1,2.0
송정범50조의,1,커뮤니티 1,3397,1,2.0
재경위자문3조,1,커뮤니티 1,3397,1,2.0
송정범다음,1,커뮤니티 1,3397,1,2.0
법무부장관3·15,1,커뮤니티 1,3397,1,2.0
법무부장관대상자는,1,커뮤니티 1,3397,1,2.0
재경위원자문50조는,1,커뮤니티 1,3397,1,2.0
송정범투기의,1,커뮤니티 1,3397,1,2.0
송정범제6조는,1,커뮤니티 1,3397,1,2.0
재경위원자문51조의,1,커뮤니티 1,3397,1,2.0
송정범수용된,1,커뮤니티 1,3397,1,2.0
법무부장관앞으로,1,커뮤니티 1,3397,1,2.0
송정범세법을,1,커뮤니티 1,3397,1,2.0
송정범51조만,1,커뮤니티 1,3397,1,2.0
보사부장관내무부장관의,1,커뮤니티 1,3397,1,2.0
체신부장관정부의,1,커뮤니티 1,3397,1,2.0
부의장고문제130조,1,커뮤니티 1,3397,1,2.0
상공부장관제13조,1,커뮤니티 1,3397,1,2.0
국토건설청장건설부,1,커뮤니티 1,3397,1,2.0
상공위전문위원절대주주가,1,커뮤니티 1,3397,1,2.0
부의장외국에서의,1,커뮤니티 1,3397,1,2.0
부의장“사장과,1,커뮤니티 1,3397,1,2.0
국토건설청장주무관청에서,1,커뮤니티 1,3397,1,2.0
부의장50억,1,커뮤니티 1,3397,1,2.0
부의장「이식」을,1,커뮤니티 1,3397,1,2.0
이재국장재보험회사법이,1,커뮤니티 1,3397,1,2.0
재무부장관보험회사에,1,커뮤니티 1,3397,1,2.0
부의장(좋습니다,1,커뮤니티 1,3397,1,2.0
부의장고문131조,1,커뮤니티 1,3397,1,2.0
이재국장이,1,커뮤니티 1,3397,1,2.0
부의장고문제,1,커뮤니티 1,3397,1,2.0
상공위전문위원재무부에서,1,커뮤니티 1,3397,1,2.0
부의장5억으로,1,커뮤니티 1,3397,1,2.0
상공부장관민영화를,1,커뮤니티 1,3397,1,2.0
부의장고문소급한다는,1,커뮤니티 1,3397,1,2.0
국토건설청장25억에,1,커뮤니티 1,3397,1,2.0
원자력원장연석보고,1,커뮤니티 1,3397,1,2.0
경제기획원부원장임명권과,1,커뮤니티 1,3397,1,2.0
감찰위원장FY,1,커뮤니티 1,3397,1,2.0
감찰위원장농촌의,1,커뮤니티 1,3397,1,2.0
의장계획사업,1,커뮤니티 1,3397,1,2.0
농림부장관애로사항,1,커뮤니티 1,3397,1,2.0
대법원행정처장지난,1,커뮤니티 1,3397,1,2.0
상공부장관보고된,1,커뮤니티 1,3397,1,2.0
의장상공부에서,1,커뮤니티 1,3397,1,2.0
국토건설청장장기,1,커뮤니티 1,3397,1,2.0
경제기획원장5개년,1,커뮤니티 1,3397,1,2.0
의장수정할,1,커뮤니티 1,3397,1,2.0
경제기획원장1년에,1,커뮤니티 1,3397,1,2.0
부의장자격기준을,1,커뮤니티 1,3397,1,2.0
의장질문,1,커뮤니티 1,3397,1,2.0
의장지급하게,1,커뮤니티 1,3397,1,2.0
경제기획원부원장감독권과,1,커뮤니티 1,3397,1,2.0
국토건설청장사격장,1,커뮤니티 1,3397,1,2.0
부의장재산해외도피방지법이,1,커뮤니티 1,3397,1,2.0
의장재경위원장으로부터,1,커뮤니티 1,3397,1,2.0
의장법관,1,커뮤니티 1,3397,1,2.0
의장질문이,1,커뮤니티 1,3397,1,2.0
상공위전문위원제16조에,1,커뮤니티 1,3397,1,2.0
부의장예산안이,1,커뮤니티 1,3397,1,2.0
경제기획원장①,1,커뮤니티 1,3397,1,2.0
부의장중소기업을,1,커뮤니티 1,3397,1,2.0
경제기획원장어떤,1,커뮤니티 1,3397,1,2.0
김병삼내각사무처장,1,커뮤니티 1,3397,1,2.0
부의장장관들과,1,커뮤니티 1,3397,1,2.0
국토건설청부청장이것은,1,커뮤니티 1,3397,1,2.0
경제기획원부원장제안이유.,1,커뮤니티 1,3397,1,2.0
경제기획원원장제2조,1,커뮤니티 1,3397,1,2.0
경제기획원부원장①,1,커뮤니티 1,3397,1,2.0
경제기획원담당관없습니다.,1,커뮤니티 1,3397,1,2.0
경제기획원원장개정,1,커뮤니티 1,3397,1,2.0
부의장자구수정,1,커뮤니티 1,3397,1,2.0
내무부차관제15조,1,커뮤니티 1,3397,1,2.0
부의장제32조,1,커뮤니티 1,3397,1,2.0
국토건설청부청장체납처분은,1,커뮤니티 1,3397,1,2.0
부의장고문체납처분은,1,커뮤니티 1,3397,1,2.0
국토건설청부청장사실에,1,커뮤니티 1,3397,1,2.0
부의장고문제33조를,1,커뮤니티 1,3397,1,2.0
국토건설청부청장벌금은,1,커뮤니티 1,3397,1,2.0
부의장삭제하는,1,커뮤니티 1,3397,1,2.0
부의장제36조,1,커뮤니티 1,3397,1,2.0
부의장교체위,1,커뮤니티 1,3397,1,2.0
법무장관지난번에,1,커뮤니티 1,3397,1,2.0
부의장실행,1,커뮤니티 1,3397,1,2.0
이재국장금통위나,1,커뮤니티 1,3397,1,2.0
재무장관차입할,1,커뮤니티 1,3397,1,2.0
재무부담당관길을,1,커뮤니티 1,3397,1,2.0
재무부장관3항이,1,커뮤니티 1,3397,1,2.0
무진회사대표필요에,1,커뮤니티 1,3397,1,2.0
부의장얼마나,1,커뮤니티 1,3397,1,2.0
무진회사대표그것은,1,커뮤니티 1,3397,1,2.0
부의장3항을,1,커뮤니티 1,3397,1,2.0
부의장고문제27조,1,커뮤니티 1,3397,1,2.0
부의장제15조에서,1,커뮤니티 1,3397,1,2.0
내무부지방국장제안이유,1,커뮤니티 1,3397,1,2.0
부의장영업세,1,커뮤니티 1,3397,1,2.0
내무부지방국장40/100으로,1,커뮤니티 1,3397,1,2.0
부의장제80조,1,커뮤니티 1,3397,1,2.0
부의장고문민사,1,커뮤니티 1,3397,1,2.0
부의장고문형법에,1,커뮤니티 1,3397,1,2.0
부의장제20조,1,커뮤니티 1,3397,1,2.0
부의장제34조,1,커뮤니티 1,3397,1,2.0
내무부차관제11조,1,커뮤니티 1,3397,1,2.0
부의장고문제37조,1,커뮤니티 1,3397,1,2.0
상공부장관1.,1,커뮤니티 1,3397,1,2.0
특허국장1.,1,커뮤니티 1,3397,1,2.0
내무부차관“전입,1,커뮤니티 1,3397,1,2.0
지방국장등록표,1,커뮤니티 1,3397,1,2.0
지방국장각령상에,1,커뮤니티 1,3397,1,2.0
내무위자문각령,1,커뮤니티 1,3397,1,2.0
내무부차관제10조,1,커뮤니티 1,3397,1,2.0
재경위자문제34조,1,커뮤니티 1,3397,1,2.0
상공부차관광업권을,1,커뮤니티 1,3397,1,2.0
재경위자문개발회사로,1,커뮤니티 1,3397,1,2.0
상공부차관불필요한,1,커뮤니티 1,3397,1,2.0
부의장고문제31조,1,커뮤니티 1,3397,1,2.0
지방국장허위사항을,1,커뮤니티 1,3397,1,2.0
부의장필요,1,커뮤니티 1,3397,1,2.0
부의장자본금,1,커뮤니티 1,3397,1,2.0
상공부담당관······,1,커뮤니티 1,3397,1,2.0
부의장국영기업체에,1,커뮤니티 1,3397,1,2.0
상공부차관일정한,1,커뮤니티 1,3397,1,2.0
재경위자문위원탄좌,1,커뮤니티 1,3397,1,2.0
상공부차관대단위로,1,커뮤니티 1,3397,1,2.0
재경위자문위원기획위원회가,1,커뮤니티 1,3397,1,2.0
부의장제6조에,1,커뮤니티 1,3397,1,2.0
상공부장관기타,1,커뮤니티 1,3397,1,2.0
내무위자문한,1,커뮤니티 1,3397,1,2.0
재경위자문정부안대로,1,커뮤니티 1,3397,1,2.0
재무장관국민은행에,1,커뮤니티 1,3397,1,2.0
내무부차관제9조,1,커뮤니티 1,3397,1,2.0
부의장고문제63조,1,커뮤니티 1,3397,1,2.0
재경위하,1,커뮤니티 1,3397,1,2.0
부의장법안도,1,커뮤니티 1,3397,1,2.0
문예국장신고하게,1,커뮤니티 1,3397,1,2.0
문예국장국유재가,1,커뮤니티 1,3397,1,2.0
부의장고문제57조에,1,커뮤니티 1,3397,1,2.0
문사위자문예산에,1,커뮤니티 1,3397,1,2.0
내무부차관정리하겠음.,1,커뮤니티 1,3397,1,2.0
내무부차관20조,1,커뮤니티 1,3397,1,2.0
문예국장제46조에,1,커뮤니티 1,3397,1,2.0
부의장고문참고적으로,1,커뮤니티 1,3397,1,2.0
문사위고문사후승인하는,1,커뮤니티 1,3397,1,2.0
문예국장문교부장관보다,1,커뮤니티 1,3397,1,2.0
문화재관리국장그것은,1,커뮤니티 1,3397,1,2.0
부의장고문자구수정으로써,1,커뮤니티 1,3397,1,2.0
부의장의견을,1,커뮤니티 1,3397,1,2.0
문예국장그럴,1,커뮤니티 1,3397,1,2.0
문화재관리국장이,1,커뮤니티 1,3397,1,2.0
문예국장문교장관이,1,커뮤니티 1,3397,1,2.0
문예국장(축조심의),1,커뮤니티 1,3397,1,2.0
부의장국장은,1,커뮤니티 1,3397,1,2.0
문교부문예국장먼저,1,커뮤니티 1,3397,1,2.0
문교부문예국장이,1,커뮤니티 1,3397,1,2.0
문예국장그것은,1,커뮤니티 1,3397,1,2.0
문사위전문위원종헌에,1,커뮤니티 1,3397,1,2.0
문예국장이,1,커뮤니티 1,3397,1,2.0
문화재관리국장제안이유,1,커뮤니티 1,3397,1,2.0
문예국장사찰의,1,커뮤니티 1,3397,1,2.0
부의장고문“중”,1,커뮤니티 1,3397,1,2.0
문사위담당관제2조는,1,커뮤니티 1,3397,1,2.0
문교위고문과거,1,커뮤니티 1,3397,1,2.0
부의장정부안과의,1,커뮤니티 1,3397,1,2.0
부의장고문그,1,커뮤니티 1,3397,1,2.0
문교부문예국장원안에는,1,커뮤니티 1,3397,1,2.0
한국무진대표논의의,1,커뮤니티 1,3397,1,2.0
문교부문예국장향교재단의,1,커뮤니티 1,3397,1,2.0
내무부차관제17조,1,커뮤니티 1,3397,1,2.0
재무부관세국장개정내용을,1,커뮤니티 1,3397,1,2.0
관세국장세수입은,1,커뮤니티 1,3397,1,2.0
관세국장1.,1,커뮤니티 1,3397,1,2.0
관세국장몰수품처리법을,1,커뮤니티 1,3397,1,2.0
부의장김의준,1,커뮤니티 1,3397,1,2.0
관세국장특별조치법이,1,커뮤니티 1,3397,1,2.0
재무부장관최고회의에서,1,커뮤니티 1,3397,1,2.0
재무부장관무진회사의,1,커뮤니티 1,3397,1,2.0
관세국장한국,1,커뮤니티 1,3397,1,2.0
부의장이것으로,1,커뮤니티 1,3397,1,2.0
관세국장300만환,1,커뮤니티 1,3397,1,2.0
재무장관개정골자를,1,커뮤니티 1,3397,1,2.0
부의장고문제12조,1,커뮤니티 1,3397,1,2.0
부의장고문제84조에,1,커뮤니티 1,3397,1,2.0
부의장수정안에,1,커뮤니티 1,3397,1,2.0
부의장정치적인,1,커뮤니티 1,3397,1,2.0
농림부차관내무부에서,1,커뮤니티 1,3397,1,2.0
부의장제19조에,1,커뮤니티 1,3397,1,2.0
부의장고문제13조중,1,커뮤니티 1,3397,1,2.0
농림차관제10조에,1,커뮤니티 1,3397,1,2.0
부의장고문제29조에,1,커뮤니티 1,3397,1,2.0
부의장고문제29조,1,커뮤니티 1,3397,1,2.0
외무국방위조봉식대령,1,커뮤니티 1,3397,1,2.0
교통부차관제안이유.,1,커뮤니티 1,3397,1,2.0
부의장고문제22조는,1,커뮤니티 1,3397,1,2.0
교체위자문위원교체위,1,커뮤니티 1,3397,1,2.0
부의장2항,1,커뮤니티 1,3397,1,2.0
김병삼조직법을,1,커뮤니티 1,3397,1,2.0
의장서울시가,1,커뮤니티 1,3397,1,2.0
농림부장관농촌에는,1,커뮤니티 1,3397,1,2.0
의장정부안에,1,커뮤니티 1,3397,1,2.0
서울시최대령,1,커뮤니티 1,3397,1,2.0
내각법제처차장중앙사무이양위원회,1,커뮤니티 1,3397,1,2.0
부의장식품위생법,1,커뮤니티 1,3397,1,2.0
부의장식품위생법을,1,커뮤니티 1,3397,1,2.0
의장270만,1,커뮤니티 1,3397,1,2.0
사무처총무국장챠-트에,1,커뮤니티 1,3397,1,2.0
내무위전문위원식품위생법과,1,커뮤니티 1,3397,1,2.0
의장정부,1,커뮤니티 1,3397,1,2.0
농림부장관시설이,1,커뮤니티 1,3397,1,2.0
의장매상,1,커뮤니티 1,3397,1,2.0
"의장고문32,000환으로",1,커뮤니티 1,3397,1,2.0
부의장전단,1,커뮤니티 1,3397,1,2.0
양정국장5·16선보다,1,커뮤니티 1,3397,1,2.0
의장고문정부가,1,커뮤니티 1,3397,1,2.0
농림부장관왜,1,커뮤니티 1,3397,1,2.0
의장내년에,1,커뮤니티 1,3397,1,2.0
농림부장관현재,1,커뮤니티 1,3397,1,2.0
농림부장관섬당,1,커뮤니티 1,3397,1,2.0
양정국장2.5근,1,커뮤니티 1,3397,1,2.0
부의장추가행사의,1,커뮤니티 1,3397,1,2.0
치안국장위생적인,1,커뮤니티 1,3397,1,2.0
치안국장법안골자,1,커뮤니티 1,3397,1,2.0
내무부차관원래,1,커뮤니티 1,3397,1,2.0
사무처총무국장서울시는,1,커뮤니티 1,3397,1,2.0
부의장내무위,1,커뮤니티 1,3397,1,2.0
내무위전문위원호적,1,커뮤니티 1,3397,1,2.0
문교부장관문호가,1,커뮤니티 1,3397,1,2.0
부의장자격,1,커뮤니티 1,3397,1,2.0
부의장제5조에서,1,커뮤니티 1,3397,1,2.0
문교부장관5년,1,커뮤니티 1,3397,1,2.0
부의장고문4항을,1,커뮤니티 1,3397,1,2.0
문교부장관시행령에,1,커뮤니티 1,3397,1,2.0
문교부장관그러면,1,커뮤니티 1,3397,1,2.0
부의장여기서,1,커뮤니티 1,3397,1,2.0
조시형·손창규위원,1,커뮤니티 1,3397,1,2.0
문사위자문문사위,1,커뮤니티 1,3397,1,2.0
농림장관여기에,1,커뮤니티 1,3397,1,2.0
문교부장관교육국·,1,커뮤니티 1,3397,1,2.0
의장국고보조가,1,커뮤니티 1,3397,1,2.0
법제처차장수반을,1,커뮤니티 1,3397,1,2.0
의장1월10일경,1,커뮤니티 1,3397,1,2.0
법제처차장내무부에서,1,커뮤니티 1,3397,1,2.0
의장그러면,1,커뮤니티 1,3397,1,2.0
부의장정부기구,1,커뮤니티 1,3397,1,2.0
부의장내무위와,1,커뮤니티 1,3397,1,2.0
문교부장관주요골자,1,커뮤니티 1,3397,1,2.0
문교부장관정부안에,1,커뮤니티 1,3397,1,2.0
내무차관입안,1,커뮤니티 1,3397,1,2.0
의장고문1.,1,커뮤니티 1,3397,1,2.0
부의장공장이,1,커뮤니티 1,3397,1,2.0
양정국장금년도에,1,커뮤니티 1,3397,1,2.0
지방국장동회나,1,커뮤니티 1,3397,1,2.0
재경위자문기업화되기,1,커뮤니티 1,3397,1,2.0
부의장정부안대로,1,커뮤니티 1,3397,1,2.0
내무부차관제4조,1,커뮤니티 1,3397,1,2.0
부의장고문제30조에,1,커뮤니티 1,3397,1,2.0
부의장고문제48조,1,커뮤니티 1,3397,1,2.0
부의장의의,1,커뮤니티 1,3397,1,2.0
오치성·김동하위원,1,커뮤니티 1,3397,1,2.0
재경위자문이것을,1,커뮤니티 1,3397,1,2.0
부의장제19조,1,커뮤니티 1,3397,1,2.0
부의장고문제22조에,1,커뮤니티 1,3397,1,2.0
부의장고문제37조는,1,커뮤니티 1,3397,1,2.0
내무부차관그,1,커뮤니티 1,3397,1,2.0
내무부차관축조낭독.,1,커뮤니티 1,3397,1,2.0
부의장잡곡을,1,커뮤니티 1,3397,1,2.0
의장정부에서,1,커뮤니티 1,3397,1,2.0
농림부장관호맥종자를,1,커뮤니티 1,3397,1,2.0
내무부차관충분함.,1,커뮤니티 1,3397,1,2.0
의장내년도,1,커뮤니티 1,3397,1,2.0
농림부장관5.7%임.,1,커뮤니티 1,3397,1,2.0
의장강력히,1,커뮤니티 1,3397,1,2.0
농림부장관4294년,1,커뮤니티 1,3397,1,2.0
양정국장판매가격을,1,커뮤니티 1,3397,1,2.0
의장토지,1,커뮤니티 1,3397,1,2.0
농림부장관경작지를,1,커뮤니티 1,3397,1,2.0
부의장법사위원장도,1,커뮤니티 1,3397,1,2.0
부의장제99조,1,커뮤니티 1,3397,1,2.0
부의장삭제하기로,1,커뮤니티 1,3397,1,2.0
부의장고문제108조,1,커뮤니티 1,3397,1,2.0
부의장고문제121조,1,커뮤니티 1,3397,1,2.0
"의장2,250,000섬",1,커뮤니티 1,3397,1,2.0
부의장법사와,1,커뮤니티 1,3397,1,2.0
상공부장관대중생활에,1,커뮤니티 1,3397,1,2.0
농림부장관미곡,1,커뮤니티 1,3397,1,2.0
양정국장수급계획을,1,커뮤니티 1,3397,1,2.0
양정국장밀주가,1,커뮤니티 1,3397,1,2.0
출석의원(32인),1,커뮤니티 1,3397,3,1.0
운영위원장상임위원,1,커뮤니티 1,3397,1,1.0
운영위원장제66차,1,커뮤니티 1,3397,1,1.0
법제처장구황족의,1,커뮤니티 1,3397,1,1.0
"혁명재판소장편찬목적,",1,커뮤니티 1,3397,1,1.0
재무부차관산업부흥국채법,1,커뮤니티 1,3397,1,1.0
김병삼내각사항,1,커뮤니티 1,3397,1,1.0
의장전최고위원이,1,커뮤니티 1,3397,1,1.0
보사부장관지금까지의,1,커뮤니티 1,3397,1,1.0
건설부장관세무행정의,1,커뮤니티 1,3397,1,1.0
사무처장정부파견,1,커뮤니티 1,3397,1,1.0
사무처장제안설명,1,커뮤니티 1,3397,1,1.0
의장제14차,1,커뮤니티 1,3397,1,1.0
박위원장의장고문으로,1,커뮤니티 1,3397,1,1.0
운영기획위간사장부정축재처리자금,1,커뮤니티 1,3397,1,1.0
부정축재환수위윈회사무국장이흥진,1,커뮤니티 1,3397,1,1.0
사무처장김병삼,1,커뮤니티 1,3397,1,1.0
내각기획통제실심사분석관김영찬,1,커뮤니티 1,3397,1,1.0
법무분과위원장이석제,1,커뮤니티 1,3397,1,1.0
출석의원(15인),1,커뮤니티 1,3397,1,1.0
군수학교중령,1,커뮤니티 1,3397,1,1.0
재무부장관제안설명,1,커뮤니티 1,3397,1,1.0
부의장개회,1,커뮤니티 1,3397,1,1.0
박위원장지방,1,커뮤니티 1,3397,1,1.0
사무처장예복문제는,1,커뮤니티 1,3397,1,1.0
박위원장신임,1,커뮤니티 1,3397,1,1.0
박위원장장군에,1,커뮤니티 1,3397,1,1.0
기획통제관실심사분석관김영찬,1,커뮤니티 1,3397,1,1.0
총무처장새로,1,커뮤니티 1,3397,1,1.0
운영위원장43차,1,커뮤니티 1,3397,1,1.0
의장대리지금으로부터,1,커뮤니티 1,3397,1,1.0
사무처장재경,1,커뮤니티 1,3397,1,1.0
문교부양기려,1,커뮤니티 1,3397,1,1.0
의장통화개혁의,1,커뮤니티 1,3397,1,1.0
이명영교육특례법에,1,커뮤니티 1,3397,1,1.0
의장오늘은,1,커뮤니티 1,3397,1,1.0
상공부차관밀수품방지와,1,커뮤니티 1,3397,1,1.0
운영위간사장위원장께서,1,커뮤니티 1,3397,1,1.0
의사과장지금으로부터,1,커뮤니티 1,3397,1,1.0
산림국장흰불나방,1,커뮤니티 1,3397,1,1.0
총무처장회의,1,커뮤니티 1,3397,1,1.0
상공부차관박충훈,1,커뮤니티 1,3397,1,1.0
부의장의장께서는,1,커뮤니티 1,3397,1,1.0
의장먼저,1,커뮤니티 1,3397,1,1.0
사무총국장제안이유.,1,커뮤니티 1,3397,1,1.0
병무국장대체적,1,커뮤니티 1,3397,1,1.0
의장정래혁장관,1,커뮤니티 1,3397,1,1.0
내각사무처장charts에,1,커뮤니티 1,3397,1,1.0
외무부장관콜롬비아와,1,커뮤니티 1,3397,1,1.0
의장지금으로부터,1,커뮤니티 1,3397,1,1.0
의장이효상,2,커뮤니티 2,913,5371,7851.0
부의장장경순,2,커뮤니티 2,913,2038,3101.0
의장정일권,2,커뮤니티 2,913,1963,2756.0
출석의원,2,커뮤니티 2,913,877,1737.0
의사국장권효섭,2,커뮤니티 2,913,763,1512.0
국무총리정일권,2,커뮤니티 2,913,577,1146.0
의장백두진,2,커뮤니티 2,913,723,1133.0
의장대리장경순,2,커뮤니티 2,913,372,540.0
부의장윤제술,2,커뮤니티 2,913,265,433.0
부의장나용균,2,커뮤니티 2,913,264,393.0
부의장김진만,2,커뮤니티 2,913,226,346.0
김대중의원,2,커뮤니티 2,913,159,318.0
국무총리김종필,2,커뮤니티 2,913,141,282.0
부의장이민우,2,커뮤니티 2,913,123,240.0
문교공보위원장최영두,2,커뮤니티 2,913,103,206.0
김수한의원,2,커뮤니티 2,913,101,200.0
부의장구태회,2,커뮤니티 2,913,107,198.0
이충환의원,2,커뮤니티 2,913,97,194.0
부의장이철승,2,커뮤니티 2,913,99,159.0
박병배의원,2,커뮤니티 2,913,78,156.0
부의장이상철,2,커뮤니티 2,913,91,152.0
국무총리최규하,2,커뮤니티 2,913,76,152.0
김은하의원,2,커뮤니티 2,913,72,144.0
김상현의원,2,커뮤니티 2,913,72,144.0
부의장정해영,2,커뮤니티 2,913,76,142.0
의사국장길기상,2,커뮤니티 2,913,71,142.0
출석한정부위원,2,커뮤니티 2,913,73,141.0
재정경제위원장대리이병옥,2,커뮤니티 2,913,68,136.0
출석한국무총리,2,커뮤니티 2,913,67,134.0
의사국장조종현,2,커뮤니티 2,913,66,130.0
한건수의원,2,커뮤니티 2,913,65,130.0
김봉환의원,2,커뮤니티 2,913,65,130.0
김재광의원,2,커뮤니티 2,913,62,124.0
홍영기의원,2,커뮤니티 2,913,59,116.0
박한상의원,2,커뮤니티 2,913,58,116.0
재정경제위원장대리김주인,2,커뮤니티 2,913,58,116.0
재정경제위원장양순직,2,커뮤니티 2,913,56,112.0
의사국장하재구,2,커뮤니티 2,913,56,110.0
민영남의원,2,커뮤니티 2,913,50,100.0
재정경제위원장대리김유탁,2,커뮤니티 2,913,50,100.0
박찬의원,2,커뮤니티 2,913,49,98.0
신인우의원,2,커뮤니티 2,913,49,98.0
법무부장관신직수,2,커뮤니티 2,913,49,98.0
송원영의원,2,커뮤니티 2,913,49,98.0
부의장정성태,2,커뮤니티 2,913,66,96.0
백남억의원,2,커뮤니티 2,913,48,96.0
서범석의원,2,커뮤니티 2,913,48,94.0
법제사법위원장김봉환,2,커뮤니티 2,913,47,94.0
진형하의원,2,커뮤니티 2,913,47,94.0
김영삼의원,2,커뮤니티 2,913,46,92.0
농림위원장권오훈,2,커뮤니티 2,913,46,92.0
김원만의원,2,커뮤니티 2,913,44,88.0
고형곤의원,2,커뮤니티 2,913,43,86.0
이희승의원,2,커뮤니티 2,913,42,84.0
외무부차관윤석헌,2,커뮤니티 2,913,42,84.0
김형일의원,2,커뮤니티 2,913,39,78.0
박영록의원,2,커뮤니티 2,913,39,76.0
재무위원장대리최재구,2,커뮤니티 2,913,38,76.0
박기출의원,2,커뮤니티 2,913,37,74.0
농림위원장전휴상,2,커뮤니티 2,913,37,74.0
재정경제위원장대리이만섭,2,커뮤니티 2,913,36,72.0
경제기획원장관태완선,2,커뮤니티 2,913,35,70.0
출석한국무위원,2,커뮤니티 2,913,36,68.0
이중재의원,2,커뮤니티 2,913,34,68.0
재정경제위원장대리김두현,2,커뮤니티 2,913,34,68.0
류진산의원,2,커뮤니티 2,913,33,66.0
정일형의원,2,커뮤니티 2,913,32,64.0
부의장민관식,2,커뮤니티 2,913,32,64.0
경제기획원장관남덕우,2,커뮤니티 2,913,32,64.0
농림위원장김주인,2,커뮤니티 2,913,32,64.0
이병옥의원,2,커뮤니티 2,913,32,64.0
보건사회위원장김성철,2,커뮤니티 2,913,31,62.0
보건사회위원장이우헌,2,커뮤니티 2,913,31,62.0
이만섭의원,2,커뮤니티 2,913,31,62.0
재무위원장대리지종걸,2,커뮤니티 2,913,30,60.0
재무위원장대리정우식,2,커뮤니티 2,913,30,60.0
국방부장관서종철,2,커뮤니티 2,913,30,60.0
강승구의원,2,커뮤니티 2,913,30,60.0
함덕용의원,2,커뮤니티 2,913,30,60.0
김익준의원,2,커뮤니티 2,913,29,58.0
문교공보위원장이돈해,2,커뮤니티 2,913,28,56.0
국무총리최두선,2,커뮤니티 2,913,28,56.0
유성권의원,2,커뮤니티 2,913,32,54.0
재무위원장대리구범모,2,커뮤니티 2,913,27,54.0
류청의원,2,커뮤니티 2,913,27,54.0
외무위원장김동환,2,커뮤니티 2,913,27,54.0
고흥문의원,2,커뮤니티 2,913,26,52.0
양회수의원,2,커뮤니티 2,913,26,52.0
보건사회위원장대리김삼봉,2,커뮤니티 2,913,26,52.0
문화공보부장관김성진,2,커뮤니티 2,913,26,52.0
김응주의원,2,커뮤니티 2,913,25,50.0
서민호의원,2,커뮤니티 2,913,25,50.0
김대중의원(계속),2,커뮤니티 2,913,25,50.0
정상구의원,2,커뮤니티 2,913,25,50.0
최영근의원,2,커뮤니티 2,913,24,48.0
법제사법위원장대리이도환,2,커뮤니티 2,913,24,48.0
국회운영위원장대리황호현,2,커뮤니티 2,913,24,48.0
정운갑의원,2,커뮤니티 2,913,23,46.0
재정경제위원장대리오상직,2,커뮤니티 2,913,23,46.0
건설위원장대리류광현,2,커뮤니티 2,913,23,46.0
국회운영위원장김용순,2,커뮤니티 2,913,22,44.0
상공위원장김재순,2,커뮤니티 2,913,22,44.0
부의장고흥문,2,커뮤니티 2,913,22,44.0
건설위원장대리신동관,2,커뮤니티 2,913,22,44.0
재정경제위원장대리박규상,2,커뮤니티 2,913,21,42.0
손창규의원,2,커뮤니티 2,913,21,42.0
내무위원장오치성,2,커뮤니티 2,913,21,42.0
윤제술의원,2,커뮤니티 2,913,21,42.0
정해영의원,2,커뮤니티 2,913,21,42.0
섭외실장김옥진,2,커뮤니티 2,913,32,40.0
농림위원장대리문태준,2,커뮤니티 2,913,22,40.0
이정래의원,2,커뮤니티 2,913,20,40.0
보건사회위원장대리최용수,2,커뮤니티 2,913,20,40.0
한통숙의원,2,커뮤니티 2,913,20,40.0
내무부차관이양호,2,커뮤니티 2,913,20,40.0
내무위원장대리김진봉,2,커뮤니티 2,913,20,40.0
건설위원장서상린,2,커뮤니티 2,913,20,40.0
내무위원장조시형,2,커뮤니티 2,913,19,38.0
법제사법위원장백남억,2,커뮤니티 2,913,19,38.0
경제과학위원장김종철,2,커뮤니티 2,913,19,38.0
의사국장정동우,2,커뮤니티 2,913,19,38.0
재무부장관김용환,2,커뮤니티 2,913,19,38.0
재무위원장대리김인,2,커뮤니티 2,913,19,38.0
농림위원장대리김중한,2,커뮤니티 2,913,18,36.0
법무부장관황산덕,2,커뮤니티 2,913,18,36.0
농림위원장이종근,2,커뮤니티 2,913,18,36.0
권오훈의원,2,커뮤니티 2,913,17,34.0
조재천의원,2,커뮤니티 2,913,17,34.0
의사부국장윤동보,2,커뮤니티 2,913,17,34.0
외무위원장박준규,2,커뮤니티 2,913,17,34.0
보건사회위원장대리신동욱,2,커뮤니티 2,913,17,34.0
문교부장관민관식,2,커뮤니티 2,913,17,34.0
의사부국장한원조,2,커뮤니티 2,913,17,34.0
교통체신위원장대리장승태,2,커뮤니티 2,913,17,32.0
내무위원장대리윤재명,2,커뮤니티 2,913,16,32.0
이상희의원,2,커뮤니티 2,913,16,32.0
상공위원장대리류기정,2,커뮤니티 2,913,16,32.0
김주인의원,2,커뮤니티 2,913,16,32.0
외무부장관박동진,2,커뮤니티 2,913,16,32.0
소선규의원,2,커뮤니티 2,913,16,32.0
최형우의원,2,커뮤니티 2,913,16,32.0
내무부장관김치열,2,커뮤니티 2,913,16,32.0
보건사회부장관신현확,2,커뮤니티 2,913,16,32.0
교통체신위원장정래정,2,커뮤니티 2,913,16,32.0
문교공보위원장육인수,2,커뮤니티 2,913,16,32.0
방일홍의원,2,커뮤니티 2,913,16,32.0
상공위원장대리조창대,2,커뮤니티 2,913,15,30.0
농림위원장대리배길도,2,커뮤니티 2,913,15,30.0
외무위원장변종봉,2,커뮤니티 2,913,15,30.0
문화공보부장관윤주영,2,커뮤니티 2,913,15,30.0
이정석의원,2,커뮤니티 2,913,15,30.0
김삼의원,2,커뮤니티 2,913,15,30.0
국방위원장대리김제원,2,커뮤니티 2,913,15,30.0
국방위원장김종갑,2,커뮤니티 2,913,15,28.0
조일환의원,2,커뮤니티 2,913,15,28.0
김중한의원,2,커뮤니티 2,913,14,28.0
유옥우의원,2,커뮤니티 2,913,14,28.0
법제사법위원장대리김봉환,2,커뮤니티 2,913,14,28.0
국회운영위원장대리김우영,2,커뮤니티 2,913,15,26.0
계광순의원,2,커뮤니티 2,913,13,26.0
신도환의원,2,커뮤니티 2,913,13,26.0
박주현의원,2,커뮤니티 2,913,13,26.0
부의장장동순,2,커뮤니티 2,913,13,26.0
법무부장관이선중,2,커뮤니티 2,913,13,26.0
상공부장관장예준,2,커뮤니티 2,913,13,26.0
최수룡의원,2,커뮤니티 2,913,13,26.0
보건사회위원장정헌조,2,커뮤니티 2,913,13,26.0
법제사법위원장대리김우영,2,커뮤니티 2,913,13,26.0
교통체신위원장대리이병주,2,커뮤니티 2,913,13,26.0
송한철의원,2,커뮤니티 2,913,13,26.0
농수산부장관정소영,2,커뮤니티 2,913,12,24.0
국방위원장대리김익준,2,커뮤니티 2,913,12,24.0
법제사법위원장대리고재필,2,커뮤니티 2,913,12,24.0
이상돈의원,2,커뮤니티 2,913,12,24.0
김임식의원,2,커뮤니티 2,913,12,24.0
홍창섭의원,2,커뮤니티 2,913,12,24.0
박삼준의원,2,커뮤니티 2,913,12,24.0
경제기획원장관김학열,2,커뮤니티 2,913,13,22.0
국방부장관노재현,2,커뮤니티 2,913,11,22.0
김성용의원,2,커뮤니티 2,913,11,22.0
강문봉의원,2,커뮤니티 2,913,11,22.0
김상현의원(계속),2,커뮤니티 2,913,11,22.0
진기배의원,2,커뮤니티 2,913,11,22.0
건설위원장김택수,2,커뮤니티 2,913,11,22.0
김경인의원,2,커뮤니티 2,913,11,22.0
문교공보위원장대리최세경,2,커뮤니티 2,913,11,22.0
외무부차관노신영,2,커뮤니티 2,913,11,22.0
내무위원장대리신윤창,2,커뮤니티 2,913,11,22.0
김현기의원,2,커뮤니티 2,913,11,22.0
내무위원장대리김상년,2,커뮤니티 2,913,11,22.0
재정경제위원장대리이상무,2,커뮤니티 2,913,11,22.0
예산결산특별위원장인태식,2,커뮤니티 2,913,11,22.0
외무위원장차지철,2,커뮤니티 2,913,11,20.0
재무위원장신형식,2,커뮤니티 2,913,10,20.0
법제사법위원장장영순,2,커뮤니티 2,913,10,20.0
조윤형의원,2,커뮤니티 2,913,10,20.0
문교부장관유기춘,2,커뮤니티 2,913,10,20.0
건설위원장대리방성출,2,커뮤니티 2,913,10,20.0
재무위원장대리이우현,2,커뮤니티 2,913,10,20.0
국토통일원장관이용희,2,커뮤니티 2,913,10,20.0
김진만의원,2,커뮤니티 2,913,10,20.0
국회운영위원장대리송한철,2,커뮤니티 2,913,10,20.0
내무부장관오치성,2,커뮤니티 2,913,10,20.0
이재형의원,2,커뮤니티 2,913,10,20.0
재정경제위원장김성곤,2,커뮤니티 2,913,10,20.0
교통체신위원장대리황재홍,2,커뮤니티 2,913,10,20.0
이백일의원,2,커뮤니티 2,913,10,20.0
심봉섭의원,2,커뮤니티 2,913,10,20.0
섭외국장조종현,2,커뮤니티 2,913,17,18.0
경제과학위원장김유탁,2,커뮤니티 2,913,9,18.0
농수산위원장대리홍병철,2,커뮤니티 2,913,9,18.0
상공부장관최각규,2,커뮤니티 2,913,9,18.0
교통체신위원장대리김성두,2,커뮤니티 2,913,9,18.0
문교부장관황산덕,2,커뮤니티 2,913,9,18.0
건설부장관신형식,2,커뮤니티 2,913,9,18.0
법제사법위원장노재필,2,커뮤니티 2,913,9,18.0
박해충의원,2,커뮤니티 2,913,9,18.0
강필선의원,2,커뮤니티 2,913,9,18.0
상공위원장정태성,2,커뮤니티 2,913,9,18.0
법제사법위원장김장섭,2,커뮤니티 2,913,9,18.0
김우영의원,2,커뮤니티 2,913,9,18.0
김한수의원,2,커뮤니티 2,913,9,18.0
김녹영의원,2,커뮤니티 2,913,9,18.0
농림위원장대리김삼상,2,커뮤니티 2,913,9,18.0
이병희의원,2,커뮤니티 2,913,9,18.0
황호현의원,2,커뮤니티 2,913,9,18.0
박준규의원,2,커뮤니티 2,913,9,18.0
김장섭의원,2,커뮤니티 2,913,9,18.0
한병채의원,2,커뮤니티 2,913,9,18.0
김옥선의원,2,커뮤니티 2,913,9,18.0
예산결산특별위원장김주인,2,커뮤니티 2,913,9,18.0
김재춘의원,2,커뮤니티 2,913,9,18.0
섭외실장조종현,2,커뮤니티 2,913,14,16.0
예산결산특별위원장구태회,2,커뮤니티 2,913,9,16.0
차지철의원,2,커뮤니티 2,913,8,16.0
내무부장관구자춘,2,커뮤니티 2,913,8,16.0
법무부장관김치열,2,커뮤니티 2,913,8,16.0
외무위원장대리민병기,2,커뮤니티 2,913,8,16.0
대통령박정희,2,커뮤니티 2,913,8,16.0
박용만의원,2,커뮤니티 2,913,8,16.0
류진의원,2,커뮤니티 2,913,8,16.0
국회운영위원장대리오준석,2,커뮤니티 2,913,8,16.0
황호동의원,2,커뮤니티 2,913,8,16.0
농림위원장대리신영주,2,커뮤니티 2,913,8,16.0
정대철의원,2,커뮤니티 2,913,8,16.0
농수산위원장대리김충수,2,커뮤니티 2,913,8,16.0
보건사회부장관고재필,2,커뮤니티 2,913,8,16.0
윤길중의원,2,커뮤니티 2,913,8,16.0
천명기의원,2,커뮤니티 2,913,8,16.0
최석림의원,2,커뮤니티 2,913,8,16.0
李敏雨의원,2,커뮤니티 2,913,8,16.0
보건사회부장관이경호,2,커뮤니티 2,913,8,16.0
신상우의원,2,커뮤니티 2,913,8,16.0
국회운영위원장대리신영주,2,커뮤니티 2,913,8,16.0
오세응의원,2,커뮤니티 2,913,8,16.0
김창근의원,2,커뮤니티 2,913,8,16.0
섭외국장박종일,2,커뮤니티 2,913,12,14.0
강선규의원,2,커뮤니티 2,913,7,14.0
이종남의원,2,커뮤니티 2,913,7,14.0
장덕진의원(서울),2,커뮤니티 2,913,7,14.0
나석호의원,2,커뮤니티 2,913,7,14.0
장준하의원,2,커뮤니티 2,913,7,14.0
문화공보부장관이원경,2,커뮤니티 2,913,7,14.0
농수산부장관최각규,2,커뮤니티 2,913,7,14.0
건설부장관김재규,2,커뮤니티 2,913,7,14.0
동력자원부장관장예준,2,커뮤니티 2,913,7,14.0
이성근의원,2,커뮤니티 2,913,7,14.0
상공위원장대리안종열,2,커뮤니티 2,913,7,14.0
무임소장관김용식,2,커뮤니티 2,913,7,14.0
법제사법위원장대리김세배,2,커뮤니티 2,913,7,14.0
신관우의원,2,커뮤니티 2,913,7,14.0
김홍일의원,2,커뮤니티 2,913,7,14.0
임병수의원,2,커뮤니티 2,913,7,14.0
이기택의원,2,커뮤니티 2,913,7,14.0
국회운영위원장대리김임식,2,커뮤니티 2,913,7,14.0
안동준의원,2,커뮤니티 2,913,7,14.0
의장직무대행이효상,2,커뮤니티 2,913,8,12.0
의장직무대행유봉영,2,커뮤니티 2,913,7,12.0
재무부차관조충훈,2,커뮤니티 2,913,7,12.0
전휴상의원,2,커뮤니티 2,913,6,12.0
예산결산특별위원장김봉환,2,커뮤니티 2,913,6,12.0
진의종의원,2,커뮤니티 2,913,6,12.0
차형근의원,2,커뮤니티 2,913,6,12.0
이상철의원,2,커뮤니티 2,913,6,12.0
교통부장관최경록,2,커뮤니티 2,913,6,12.0
총무처장관심흥선,2,커뮤니티 2,913,6,12.0
외무부장관김동조,2,커뮤니티 2,913,6,12.0
부총리겸경제기획원장관김학렬,2,커뮤니티 2,913,6,12.0
법무부차관오탁근,2,커뮤니티 2,913,6,12.0
유진오의원(계속),2,커뮤니티 2,913,6,12.0
박순천의원,2,커뮤니티 2,913,6,12.0
경제과학위원장대리김용채,2,커뮤니티 2,913,6,12.0
문교부장관박찬현,2,커뮤니티 2,913,6,12.0
건설위원장대리이현재,2,커뮤니티 2,913,6,12.0
문교공보위원장대리김성두,2,커뮤니티 2,913,6,12.0
정헌주의원,2,커뮤니티 2,913,6,12.0
강병규의원,2,커뮤니티 2,913,6,12.0
법제사법위원장대리박한상,2,커뮤니티 2,913,6,12.0
김재순의원,2,커뮤니티 2,913,6,12.0
국회운영위원장현오봉,2,커뮤니티 2,913,6,12.0
김병순의원,2,커뮤니티 2,913,6,12.0
이충환의원(계속),2,커뮤니티 2,913,6,12.0
류홍의원,2,커뮤니티 2,913,6,12.0
문교공보위원장대리김종호,2,커뮤니티 2,913,6,12.0
섭외실장직무대리조종현,2,커뮤니티 2,913,10,10.0
의장대리김진만,2,커뮤니티 2,913,8,10.0
의장직무대행이숙종,2,커뮤니티 2,913,7,10.0
건설위원장대리최두고,2,커뮤니티 2,913,5,10.0
박일의원,2,커뮤니티 2,913,5,10.0
양찬우의원,2,커뮤니티 2,913,5,10.0
이택돈의원,2,커뮤니티 2,913,5,10.0
이용희의원,2,커뮤니티 2,913,5,10.0
채문식의원,2,커뮤니티 2,913,5,10.0
류갑종의원,2,커뮤니티 2,913,5,10.0
양순직의원,2,커뮤니티 2,913,5,10.0
양일동의원,2,커뮤니티 2,913,5,10.0
민기식의원,2,커뮤니티 2,913,5,10.0
강근호의원,2,커뮤니티 2,913,5,10.0
김정렬의원,2,커뮤니티 2,913,5,10.0
김두한의원,2,커뮤니티 2,913,5,10.0
재정경제위원장대리김용순,2,커뮤니티 2,913,5,10.0
지종걸의원,2,커뮤니티 2,913,5,10.0
장경순의원,2,커뮤니티 2,913,5,10.0
국방위원장최영희,2,커뮤니티 2,913,5,10.0
최영철의원,2,커뮤니티 2,913,5,10.0
국공유지등부정불하진상조사특별위원장김장섭,2,커뮤니티 2,913,5,10.0
외무위원장대리변종봉,2,커뮤니티 2,913,5,10.0
농수산위원장대리정무식,2,커뮤니티 2,913,5,10.0
농수산부장관장덕진,2,커뮤니티 2,913,5,10.0
농수산부장관이희일,2,커뮤니티 2,913,5,10.0
보건사회부장관홍성철,2,커뮤니티 2,913,5,10.0
경제기획원장관신현확,2,커뮤니티 2,913,5,10.0
재무부장관김원기,2,커뮤니티 2,913,5,10.0
류창열의원(계속),2,커뮤니티 2,913,5,10.0
엄영달의원,2,커뮤니티 2,913,5,10.0
농수산부차관장덕희,2,커뮤니티 2,913,5,10.0
국방위원장대리황인원,2,커뮤니티 2,913,5,10.0
홍영기의원(계속),2,커뮤니티 2,913,5,10.0
김용호의원,2,커뮤니티 2,913,5,10.0
건설위원장대리서상린,2,커뮤니티 2,913,5,10.0
국방위원장대리한상준,2,커뮤니티 2,913,5,10.0
내무위원장김용호,2,커뮤니티 2,913,5,10.0
김두한의원(계속),2,커뮤니티 2,913,5,10.0
김승목의원,2,커뮤니티 2,913,5,10.0
의장직무대행최희송,2,커뮤니티 2,913,6,8.0
임시의장최희송,2,커뮤니티 2,913,5,8.0
백남억의원(계속),2,커뮤니티 2,913,5,8.0
총무국장유홍식,2,커뮤니티 2,913,5,8.0
이해원의원,2,커뮤니티 2,913,4,8.0
이승윤의원,2,커뮤니티 2,913,4,8.0
재정경제위원장대리이재만,2,커뮤니티 2,913,4,8.0
김옥선의원(계속),2,커뮤니티 2,913,4,8.0
외무위원장대리정일영,2,커뮤니티 2,913,4,8.0
송효순의원,2,커뮤니티 2,913,4,8.0
김윤덕의원,2,커뮤니티 2,913,4,8.0
건설부장관고재일,2,커뮤니티 2,913,4,8.0
재정경제위원장대리이남준,2,커뮤니티 2,913,4,8.0
문교공보위원장대리김명회,2,커뮤니티 2,913,4,8.0
이도선의원,2,커뮤니티 2,913,4,8.0
김충수의원,2,커뮤니티 2,913,4,8.0
부총리남덕우,2,커뮤니티 2,913,4,8.0
사무차장서리길기상,2,커뮤니티 2,913,4,8.0
재무위원장대리이승윤,2,커뮤니티 2,913,4,8.0
서인석의원,2,커뮤니티 2,913,4,8.0
문교부차관조성옥,2,커뮤니티 2,913,4,8.0
국토통일원장관유상근,2,커뮤니티 2,913,4,8.0
문교공보위원장대리오주환,2,커뮤니티 2,913,4,8.0
국토통일원차관이규학,2,커뮤니티 2,913,4,8.0
내무위원장대리윤인식,2,커뮤니티 2,913,4,8.0
이돈해의원,2,커뮤니티 2,913,4,8.0
내무위원장대리방일홍,2,커뮤니티 2,913,4,8.0
상공위원장예춘호,2,커뮤니티 2,913,4,8.0
김용성의원,2,커뮤니티 2,913,4,8.0
박명근의원,2,커뮤니티 2,913,4,8.0
김상진의원,2,커뮤니티 2,913,4,8.0
이택희의원,2,커뮤니티 2,913,4,8.0
임종기의원,2,커뮤니티 2,913,4,8.0
양해준의원,2,커뮤니티 2,913,4,8.0
내무위원장대리임병수,2,커뮤니티 2,913,4,8.0
이철승의원,2,커뮤니티 2,913,4,8.0
이현재의원,2,커뮤니티 2,913,4,8.0
국회운영위원장대리김재광,2,커뮤니티 2,913,4,8.0
이원만의원,2,커뮤니티 2,913,4,8.0
법무부장관민복기(계속),2,커뮤니티 2,913,4,8.0
신용남의원,2,커뮤니티 2,913,4,8.0
정운근의원(계속),2,커뮤니티 2,913,4,8.0
외무위원장대리신형식,2,커뮤니티 2,913,4,8.0
문교공보위원장대리류청,2,커뮤니티 2,913,4,8.0
김준연의원(계속),2,커뮤니티 2,913,4,8.0
정구영의원,2,커뮤니티 2,913,4,8.0
무임소장관김용식(계속),2,커뮤니티 2,913,4,8.0
유진오의원,2,커뮤니티 2,913,4,8.0
김도연의원,2,커뮤니티 2,913,4,8.0
김익기의원(계속),2,커뮤니티 2,913,4,8.0
이동원의원(계속),2,커뮤니티 2,913,4,8.0
김용채의원,2,커뮤니티 2,913,4,8.0
서민호의원(계속),2,커뮤니티 2,913,4,8.0
건설위원장대리류승원,2,커뮤니티 2,913,4,8.0
황호현의원(계속),2,커뮤니티 2,913,4,8.0
최희송의원,2,커뮤니티 2,913,4,8.0
김유탁의원,2,커뮤니티 2,913,4,8.0
국회운영위원장문태준,2,커뮤니티 2,913,4,8.0
최병길의원,2,커뮤니티 2,913,4,8.0
재무부차관김용환,2,커뮤니티 2,913,4,8.0
상공부차관심의환,2,커뮤니티 2,913,4,8.0
최재구의원,2,커뮤니티 2,913,4,8.0
임갑수의원,2,커뮤니티 2,913,4,8.0
홍병철의원,2,커뮤니티 2,913,4,8.0
이대우의원,2,커뮤니티 2,913,4,8.0
성낙현의원,2,커뮤니티 2,913,4,8.0
전정구의원,2,커뮤니티 2,913,4,8.0
윤보선의원,2,커뮤니티 2,913,4,8.0
의장직무대행정일형,2,커뮤니티 2,913,4,6.0
양정규의원,2,커뮤니티 2,913,3,6.0
김유택의원,2,커뮤니티 2,913,3,6.0
외무위원장대리강문봉,2,커뮤니티 2,913,3,6.0
국방위원장대리이동진,2,커뮤니티 2,913,3,6.0
윤치영의원,2,커뮤니티 2,913,3,6.0
조한백의원,2,커뮤니티 2,913,3,6.0
우홍구의원,2,커뮤니티 2,913,3,6.0
상공위원장대리정진동,2,커뮤니티 2,913,3,6.0
김종필의원,2,커뮤니티 2,913,3,6.0
이중재의원(계속),2,커뮤니티 2,913,3,6.0
재정경제위원장대리김임식,2,커뮤니티 2,913,3,6.0
이병희의원(계속),2,커뮤니티 2,913,3,6.0
신동준의원,2,커뮤니티 2,913,3,6.0
선거법등정치관계법특별위원장박준규,2,커뮤니티 2,913,3,6.0
조일환의원(계속),2,커뮤니티 2,913,3,6.0
李敏雨議員,2,커뮤니티 2,913,3,6.0
이동원의원,2,커뮤니티 2,913,3,6.0
외무위원장대리정일형,2,커뮤니티 2,913,3,6.0
건설위원장최치환,2,커뮤니티 2,913,3,6.0
한건수의원(계속),2,커뮤니티 2,913,3,6.0
국회운영위원장대리노재필,2,커뮤니티 2,913,3,6.0
문교공보위원장대리신옥철,2,커뮤니티 2,913,3,6.0
박병배의원(계속),2,커뮤니티 2,913,3,6.0
선거법등정치관계법특별위원장구태회,2,커뮤니티 2,913,3,6.0
보건사회위원장대리오원선,2,커뮤니티 2,913,3,6.0
김호칠의원,2,커뮤니티 2,913,3,6.0
이효상의원,2,커뮤니티 2,913,3,6.0
부총리겸경제기획원장관남덕우,2,커뮤니티 2,913,3,6.0
상공위원장대리함종빈,2,커뮤니티 2,913,3,6.0
법무부장관황산덕(계속),2,커뮤니티 2,913,3,6.0
김동환의원,2,커뮤니티 2,913,3,6.0
조경한의원,2,커뮤니티 2,913,3,6.0
교통부장관김신,2,커뮤니티 2,913,3,6.0
외무위원장대리송원영,2,커뮤니티 2,913,3,6.0
신형식의원(계속),2,커뮤니티 2,913,3,6.0
김동영의원,2,커뮤니티 2,913,3,6.0
권오태의원,2,커뮤니티 2,913,3,6.0
문형태의원(계속),2,커뮤니티 2,913,3,6.0
정일형의원(계속),2,커뮤니티 2,913,3,6.0
경제기획원차관이재설,2,커뮤니티 2,913,3,6.0
한영수의원,2,커뮤니티 2,913,3,6.0
국무총리정일권(계속),2,커뮤니티 2,913,3,6.0
건설부장관이낙선,2,커뮤니티 2,913,3,6.0
법무부장관이봉성,2,커뮤니티 2,913,3,6.0
손주항의원,2,커뮤니티 2,913,3,6.0
구범모의원,2,커뮤니티 2,913,3,6.0
외무위원장김세련,2,커뮤니티 2,913,3,6.0
민병기의원,2,커뮤니티 2,913,3,6.0
류제연의원,2,커뮤니티 2,913,3,6.0
노승환의원,2,커뮤니티 2,913,3,6.0
내무위원장대리김영병,2,커뮤니티 2,913,3,6.0
경제기획원차관최각규,2,커뮤니티 2,913,3,6.0
이진희의원,2,커뮤니티 2,913,3,6.0
국토통일원장관신도성,2,커뮤니티 2,913,3,6.0
김상영의원,2,커뮤니티 2,913,3,6.0
문교부차관장인숙,2,커뮤니티 2,913,3,6.0
김숙현의원,2,커뮤니티 2,913,3,6.0
김세배의원,2,커뮤니티 2,913,3,6.0
국회운영위원장대리정간용,2,커뮤니티 2,913,3,6.0
황낙주의원,2,커뮤니티 2,913,3,6.0
이세규의원,2,커뮤니티 2,913,3,6.0
외무부차관윤하정,2,커뮤니티 2,913,3,6.0
김준태의원,2,커뮤니티 2,913,3,6.0
외무위원장대리윤천주,2,커뮤니티 2,913,3,6.0
체신부장관이재설,2,커뮤니티 2,913,3,6.0
교통부장관김윤기(계속),2,커뮤니티 2,913,3,6.0
보건사회위원장대리김성진,2,커뮤니티 2,913,3,6.0
경제과학위원장대리강문용,2,커뮤니티 2,913,3,6.0
임시의장이상철,2,커뮤니티 2,913,3,6.0
예산결산특별위원장장승태,2,커뮤니티 2,913,3,6.0
법제사법위원장고재필,2,커뮤니티 2,913,3,6.0
운영위원장대리황호현,2,커뮤니티 2,913,3,6.0
오제도의원,2,커뮤니티 2,913,3,6.0
박병효의원,2,커뮤니티 2,913,3,6.0
김형일의원(계속),2,커뮤니티 2,913,3,4.0
국토통일연구특별위원장서인석,2,커뮤니티 2,913,2,4.0
박영록의원(계속),2,커뮤니티 2,913,2,4.0
문교공보위원장대리이종순,2,커뮤니티 2,913,2,4.0
상공위원장대리박삼준,2,커뮤니티 2,913,2,4.0
김두현의원,2,커뮤니티 2,913,2,4.0
박찬의원(계속),2,커뮤니티 2,913,2,4.0
재정경제위원장대리김대중,2,커뮤니티 2,913,2,4.0
인도네시아국회의장하지,2,커뮤니티 2,913,2,4.0
내무위원장대리이상무,2,커뮤니티 2,913,2,4.0
상공위원장대리송한철,2,커뮤니티 2,913,2,4.0
신인우의원(계속),2,커뮤니티 2,913,2,4.0
김재위의원,2,커뮤니티 2,913,2,4.0
법제사법위원장대리옥조남,2,커뮤니티 2,913,2,4.0
임차주의원,2,커뮤니티 2,913,2,4.0
강성원의원,2,커뮤니티 2,913,2,4.0
이종우의원,2,커뮤니티 2,913,2,4.0
김종철의원,2,커뮤니티 2,913,2,4.0
정일권의원,2,커뮤니티 2,913,2,4.0
김영병의원,2,커뮤니티 2,913,2,4.0
김기섭의원,2,커뮤니티 2,913,2,4.0
최용수의원,2,커뮤니티 2,913,2,4.0
정판국의원,2,커뮤니티 2,913,2,4.0
김상년의원,2,커뮤니티 2,913,2,4.0
정무식의원,2,커뮤니티 2,913,2,4.0
권중돈의원,2,커뮤니티 2,913,2,4.0
홍승만의원,2,커뮤니티 2,913,2,4.0
재무부장관앞으로,2,커뮤니티 2,913,2,4.0
김정두의원,2,커뮤니티 2,913,2,4.0
황은환의원,2,커뮤니티 2,913,2,4.0
의장질의,2,커뮤니티 2,913,2,4.0
의장보세가공에,2,커뮤니티 2,913,2,4.0
국방위원장대리신윤창,2,커뮤니티 2,913,2,4.0
국회운영위원장대리박주현,2,커뮤니티 2,913,2,4.0
국회사무총장서리권경식,2,커뮤니티 2,913,2,4.0
강기천의원,2,커뮤니티 2,913,2,4.0
재무위원장김임식,2,커뮤니티 2,913,2,4.0
문형태의원,2,커뮤니티 2,913,2,4.0
한병채의원(계속),2,커뮤니티 2,913,2,4.0
박귀수의원,2,커뮤니티 2,913,2,4.0
법제처장정진우,2,커뮤니티 2,913,2,4.0
체신부장관박원근,2,커뮤니티 2,913,2,4.0
정우식의원,2,커뮤니티 2,913,2,4.0
이민우의원,2,커뮤니티 2,913,2,4.0
김세련의원,2,커뮤니티 2,913,2,4.0
김창규의원,2,커뮤니티 2,913,2,4.0
김명윤의원(계속),2,커뮤니티 2,913,2,4.0
김명윤의원,2,커뮤니티 2,913,2,4.0
김진봉의원,2,커뮤니티 2,913,2,4.0
최성석의원,2,커뮤니티 2,913,2,4.0
강길만의원,2,커뮤니티 2,913,2,4.0
장동식의원,2,커뮤니티 2,913,2,4.0
문교부장관류기춘,2,커뮤니티 2,913,2,4.0
정래혁의원,2,커뮤니티 2,913,2,4.0
김광수의원,2,커뮤니티 2,913,2,4.0
변우량의원,2,커뮤니티 2,913,2,4.0
오준석의원,2,커뮤니티 2,913,2,4.0
박찬종의원,2,커뮤니티 2,913,2,4.0
박동묘의원,2,커뮤니티 2,913,2,4.0
과학기술처장관최종완,2,커뮤니티 2,913,2,4.0
교통부장관황인성,2,커뮤니티 2,913,2,4.0
예산결산특별위원장박명근,2,커뮤니티 2,913,2,4.0
제2무임소장관고재필,2,커뮤니티 2,913,2,4.0
총무처장관심의환,2,커뮤니티 2,913,2,4.0
마달천의원,2,커뮤니티 2,913,2,4.0
법제사법위원장대리박찬종,2,커뮤니티 2,913,2,4.0
교통체신위원장대리김광수,2,커뮤니티 2,913,2,4.0
예산결산특별위원장이병주,2,커뮤니티 2,913,2,4.0
교통부장관민병권,2,커뮤니티 2,913,2,4.0
김영도의원,2,커뮤니티 2,913,2,4.0
朴璨의원,2,커뮤니티 2,913,2,4.0
윤주영의원,2,커뮤니티 2,913,2,4.0
국방위원장정래혁,2,커뮤니티 2,913,2,4.0
외무위원장대리오세응,2,커뮤니티 2,913,2,4.0
백영훈의원,2,커뮤니티 2,913,2,4.0
문부식의원,2,커뮤니티 2,913,2,4.0
예산결산특별위원장김유탁,2,커뮤니티 2,913,2,4.0
김경인의원(계속),2,커뮤니티 2,913,2,4.0
국방위원장대리문창탁,2,커뮤니티 2,913,2,4.0
법제사법위원장대리홍승만,2,커뮤니티 2,913,2,4.0
박철의원,2,커뮤니티 2,913,2,4.0
체신부장관신상철,2,커뮤니티 2,913,2,4.0
보건사회위원장오준석,2,커뮤니티 2,913,2,4.0
김제원의원,2,커뮤니티 2,913,2,4.0
김옥자의원,2,커뮤니티 2,913,2,4.0
농림위원장대리정우식,2,커뮤니티 2,913,2,4.0
신동관의원,2,커뮤니티 2,913,2,4.0
김원태의원,2,커뮤니티 2,913,2,4.0
임인채의원,2,커뮤니티 2,913,2,4.0
오유방의원,2,커뮤니티 2,913,2,4.0
이진용의원,2,커뮤니티 2,913,2,4.0
문화공보부차관이규현,2,커뮤니티 2,913,2,4.0
안종열의원,2,커뮤니티 2,913,2,4.0
전재구의원,2,커뮤니티 2,913,2,4.0
체신부장관문형태,2,커뮤니티 2,913,2,4.0
내무부장관홍성철,2,커뮤니티 2,913,2,4.0
김삼봉의원,2,커뮤니티 2,913,2,4.0
정재호의원,2,커뮤니티 2,913,2,4.0
김윤하의원,2,커뮤니티 2,913,2,4.0
김탁하의원,2,커뮤니티 2,913,2,4.0
정운갑의원(계속),2,커뮤니티 2,913,2,4.0
상공위원장오학진,2,커뮤니티 2,913,2,4.0
농수산위원장이병옥,2,커뮤니티 2,913,2,4.0
농수산부장관김보현,2,커뮤니티 2,913,2,4.0
예산결산특별위원장대리이원우,2,커뮤니티 2,913,2,4.0
송원영의원(계속),2,커뮤니티 2,913,2,4.0
백두진의원,2,커뮤니티 2,913,2,4.0
운영위원장대리송한철,2,커뮤니티 2,913,2,4.0
편용호의원,2,커뮤니티 2,913,2,4.0
예산결산특별위원장안동준,2,커뮤니티 2,913,2,4.0
의사과장윤동보,2,커뮤니티 2,913,2,4.0
이호범의원,2,커뮤니티 2,913,2,4.0
재정경제위원장양순직(계속),2,커뮤니티 2,913,2,4.0
이영근의원,2,커뮤니티 2,913,2,4.0
유진산의원,2,커뮤니티 2,913,2,4.0
김원만의원(계속),2,커뮤니티 2,913,2,4.0
박재우의원,2,커뮤니티 2,913,2,4.0
김창욱의원,2,커뮤니티 2,913,2,4.0
장승태의원,2,커뮤니티 2,913,2,4.0
이효상의장,2,커뮤니티 2,913,2,4.0
재정경제위원장대리이호범,2,커뮤니티 2,913,2,4.0
고귀남의원,2,커뮤니티 2,913,2,4.0
보건사회위원장대리김성철,2,커뮤니티 2,913,2,4.0
신하균의원,2,커뮤니티 2,913,2,4.0
이만섭의원(계속),2,커뮤니티 2,913,2,4.0
나용균의원,2,커뮤니티 2,913,2,4.0
문교부차관최향규,2,커뮤니티 2,913,2,4.0
문교공보위원장대리이돈해,2,커뮤니티 2,913,2,4.0
이재만의원,2,커뮤니티 2,913,2,4.0
이활의원,2,커뮤니티 2,913,2,4.0
운영위원장김용순,2,커뮤니티 2,913,2,4.0
권오석의원,2,커뮤니티 2,913,2,4.0
경제기획원장관김유택(계속),2,커뮤니티 2,913,2,4.0
문교부장관고광만(계속),2,커뮤니티 2,913,2,4.0
박한상의원(계속),2,커뮤니티 2,913,2,4.0
사무총장이호진,2,커뮤니티 2,913,2,3.0
의전과장안중기,2,커뮤니티 2,913,2,2.0
사무총장선우종원,2,커뮤니티 2,913,2,2.0
의장직무대리최희송,2,커뮤니티 2,913,2,2.0
이원우의원,2,커뮤니티 2,913,1,2.0
국방부장관정내혁,2,커뮤니티 2,913,1,2.0
국방위원장김종갑(계속),2,커뮤니티 2,913,1,2.0
고형곤의원(계속),2,커뮤니티 2,913,1,2.0
부원장농촌,2,커뮤니티 2,913,1,2.0
유성권의원(계속),2,커뮤니티 2,913,1,2.0
종합경제국장조치하겠음.,2,커뮤니티 2,913,1,2.0
이영명토이기,2,커뮤니티 2,913,1,2.0
재경의원농촌문제의,2,커뮤니티 2,913,1,2.0
내각수반제안설명,2,커뮤니티 2,913,1,2.0
예산국장추경내용,2,커뮤니티 2,913,1,2.0
문화공보부차관홍경모,2,커뮤니티 2,913,1,2.0
조정관업자들은,2,커뮤니티 2,913,1,2.0
재무부장관잘,2,커뮤니티 2,913,1,2.0
재무부장관상공부에서,2,커뮤니티 2,913,1,2.0
정무국장charts에,2,커뮤니티 2,913,1,2.0
예산결산특별위원장대리,2,커뮤니티 2,913,1,2.0
농림부장관정남규,2,커뮤니티 2,913,1,2.0
6․8선거부정조사특별위원회법제정특별위원회위원장정구영,2,커뮤니티 2,913,1,2.0
김종익의원,2,커뮤니티 2,913,1,2.0
류진의원(계속),2,커뮤니티 2,913,1,2.0
내무위원장대리류치송,2,커뮤니티 2,913,1,2.0
류치송의원(계속),2,커뮤니티 2,913,1,2.0
상공부장관이병호(계속),2,커뮤니티 2,913,1,2.0
호주연방하원의장윌리암,2,커뮤니티 2,913,1,2.0
양회수의원(계속),2,커뮤니티 2,913,1,2.0
임갑수의원(계속),2,커뮤니티 2,913,1,2.0
이정석의원(계속),2,커뮤니티 2,913,1,2.0
국회운영위원장대리박한상,2,커뮤니티 2,913,1,2.0
국회법중개정법률안기초특별위원장대리고재필,2,커뮤니티 2,913,1,2.0
의사국장(권효섭)보고를,2,커뮤니티 2,913,1,2.0
이성수의원,2,커뮤니티 2,913,1,2.0
국회운영장대리고재필,2,커뮤니티 2,913,1,2.0
비율빈공화국하원의장호세․B․라우렐,2,커뮤니티 2,913,1,2.0
국방부차관이형호,2,커뮤니티 2,913,1,2.0
정상구의원(계속),2,커뮤니티 2,913,1,2.0
김성희의원,2,커뮤니티 2,913,1,2.0
외자도입특별국정감사특별위원장대리이병옥,2,커뮤니티 2,913,1,2.0
괴벽보사건등진상조사특별위원장오치성,2,커뮤니티 2,913,1,2.0
미국회의원한국시찰단단장칼,2,커뮤니티 2,913,1,2.0
조흥만의원,2,커뮤니티 2,913,1,2.0
김정렬의원(계속),2,커뮤니티 2,913,1,2.0
내무위원장대리김수한,2,커뮤니티 2,913,1,2.0
의장ICA,2,커뮤니티 2,913,1,2.0
재무위원장대리김현기,2,커뮤니티 2,913,1,2.0
농림부차관이득룡,2,커뮤니티 2,913,1,2.0
신진욱의원,2,커뮤니티 2,913,1,2.0
경제과학위원장대리김상영,2,커뮤니티 2,913,1,2.0
모윤숙의원,2,커뮤니티 2,913,1,2.0
건설부차관정재석,2,커뮤니티 2,913,1,2.0
상공부차관김용환,2,커뮤니티 2,913,1,2.0
노진환의원,2,커뮤니티 2,913,1,2.0
이형우의원,2,커뮤니티 2,913,1,2.0
김재화의원,2,커뮤니티 2,913,1,2.0
경제의안정과성장에관한긴급명령심사특별위원장김창근,2,커뮤니티 2,913,1,2.0
법제사법위원장대리김숙현,2,커뮤니티 2,913,1,2.0
오홍석의원,2,커뮤니티 2,913,1,2.0
김이권의원,2,커뮤니티 2,913,1,2.0
무임소장관구태회,2,커뮤니티 2,913,1,2.0
법제처장이선중,2,커뮤니티 2,913,1,2.0
무임소장관이병희,2,커뮤니티 2,913,1,2.0
국회상임위원회위원정수에관한규책중개정안기초특별위원장대리장영순,2,커뮤니티 2,913,1,2.0
종합경제국장ICA불,2,커뮤니티 2,913,1,2.0
농림부장관원용석(계속),2,커뮤니티 2,913,1,2.0
박종률의원,2,커뮤니티 2,913,1,2.0
내무부장관엄민영(계속),2,커뮤니티 2,913,1,2.0
운영위원장대리김재광,2,커뮤니티 2,913,1,2.0
예산결산특별위원장대리정간용,2,커뮤니티 2,913,1,2.0
예산결산특별위원장대리이병주,2,커뮤니티 2,913,1,2.0
국방위원장대리송호림,2,커뮤니티 2,913,1,2.0
김도창의원,2,커뮤니티 2,913,1,2.0
손승덕의원,2,커뮤니티 2,913,1,2.0
김원규의원,2,커뮤니티 2,913,1,2.0
건설부장관신동식,2,커뮤니티 2,913,1,2.0
이도환의원,2,커뮤니티 2,913,1,2.0
김성곤의원(계속),2,커뮤니티 2,913,1,2.0
제1무임소장관장경순,2,커뮤니티 2,913,1,2.0
김성곤의원,2,커뮤니티 2,913,1,2.0
문교공보위원장대리김세배,2,커뮤니티 2,913,1,2.0
재무부장관조충훈,2,커뮤니티 2,913,1,2.0
김기형의원,2,커뮤니티 2,913,1,2.0
외무위원장최영희,2,커뮤니티 2,913,1,2.0
원호처장유근창,2,커뮤니티 2,913,1,2.0
제2무임소장관민병권,2,커뮤니티 2,913,1,2.0
제1무임소장관신형식,2,커뮤니티 2,913,1,2.0
감사원장신두영,2,커뮤니티 2,913,1,2.0
김진복의원,2,커뮤니티 2,913,1,2.0
이영표의원,2,커뮤니티 2,913,1,2.0
황재홍의원,2,커뮤니티 2,913,1,2.0
국방부차관이민우,2,커뮤니티 2,913,1,2.0
국무총리최두선(계속),2,커뮤니티 2,913,1,2.0
박삼철의원,2,커뮤니티 2,913,1,2.0
황명수의원,2,커뮤니티 2,913,1,2.0
안동준의원(계속),2,커뮤니티 2,913,1,2.0
국회운영위원장대리이도선,2,커뮤니티 2,913,1,2.0
부총리겸경제기획원장관신현확,2,커뮤니티 2,913,1,2.0
국회상임위원회위원정수에관한규칙개정특별위원장대리김용호,2,커뮤니티 2,913,1,2.0
건설위원장대리마달천,2,커뮤니티 2,913,1,2.0
교통체신위원장대리송효순,2,커뮤니티 2,913,1,2.0
권갑주의원,2,커뮤니티 2,913,1,2.0
건설위원장대리권갑주,2,커뮤니티 2,913,1,2.0
제1무임소장관김용태,2,커뮤니티 2,913,1,2.0
원호처장김재명,2,커뮤니티 2,913,1,2.0
정일영의원,2,커뮤니티 2,913,1,2.0
교통체신위원장대리하대돈,2,커뮤니티 2,913,1,2.0
윤식의원,2,커뮤니티 2,913,1,2.0
정희섭의원,2,커뮤니티 2,913,1,2.0
박형규의원,2,커뮤니티 2,913,1,2.0
정재원의원,2,커뮤니티 2,913,1,2.0
이종율의원,2,커뮤니티 2,913,1,2.0
건설위원장대리김광수,2,커뮤니티 2,913,1,2.0
보건사회위원장대리정병학,2,커뮤니티 2,913,1,2.0
박정수의원,2,커뮤니티 2,913,1,2.0
농수산위원장대리이정식,2,커뮤니티 2,913,1,2.0
국방위원장대리최우근,2,커뮤니티 2,913,1,2.0
외무위원장대리조상호,2,커뮤니티 2,913,1,2.0
한갑수의원,2,커뮤니티 2,913,1,2.0
외무부장관정일권(계속),2,커뮤니티 2,913,1,2.0
대법원장이영섭,2,커뮤니티 2,913,1,2.0
예산결산특별위원장대리백영훈,2,커뮤니티 2,913,1,2.0
무임소장관김홍식,2,커뮤니티 2,913,1,2.0
경제기획원장관남덕우(계속),2,커뮤니티 2,913,1,2.0
김상영의원(계속),2,커뮤니티 2,913,1,2.0
이정식의원,2,커뮤니티 2,913,1,2.0
김창환의원,2,커뮤니티 2,913,1,2.0
국토통일원차관동훈,2,커뮤니티 2,913,1,2.0
전예산결산특별위원장장승태,2,커뮤니티 2,913,1,2.0
건설위원장고재필,2,커뮤니티 2,913,1,2.0
교통체신위원장류승원,2,커뮤니티 2,913,1,2.0
보건사회위원장김용성,2,커뮤니티 2,913,1,2.0
상공위원장문태준,2,커뮤니티 2,913,1,2.0
농수산위원장지종걸,2,커뮤니티 2,913,1,2.0
문교공보위원장윤인식,2,커뮤니티 2,913,1,2.0
최영희의원,2,커뮤니티 2,913,1,2.0
권중동의원,2,커뮤니티 2,913,1,2.0
이상신의원,2,커뮤니티 2,913,1,2.0
류기정의원,2,커뮤니티 2,913,1,2.0
박숙현의원,2,커뮤니티 2,913,1,2.0
이종극의원(계속),2,커뮤니티 2,913,1,2.0
보건사회부장관신현확(계속),2,커뮤니티 2,913,1,2.0
국회운영위원장대리이해원,2,커뮤니티 2,913,1,2.0
법제사법위원장대리朴燦,2,커뮤니티 2,913,1,2.0
교통체신위원장대리김재광,2,커뮤니티 2,913,1,2.0
예산결산특별위원장대리구범모,2,커뮤니티 2,913,1,2.0
예산결산특별위원장대리박철,2,커뮤니티 2,913,1,2.0
외무위원장대리노진환,2,커뮤니티 2,913,1,2.0
운영위원장대리김임식,2,커뮤니티 2,913,1,2.0
국토통일원장관김용식,2,커뮤니티 2,913,1,2.0
건설위원장대리정광호,2,커뮤니티 2,913,1,2.0
최세경의원,2,커뮤니티 2,913,1,2.0
전주월국군사령관,2,커뮤니티 2,913,1,2.0
재무부차관최각규,2,커뮤니티 2,913,1,2.0
고재필의원,2,커뮤니티 2,913,1,2.0
김녹영의원(계속),2,커뮤니티 2,913,1,2.0
주영관의원,2,커뮤니티 2,913,1,2.0
체신부장관장승태,2,커뮤니티 2,913,1,2.0
갈봉근의원,2,커뮤니티 2,913,1,2.0
경제과학위원장대리이영표,2,커뮤니티 2,913,1,2.0
김태규의원,2,커뮤니티 2,913,1,2.0
채영철의원,2,커뮤니티 2,913,1,2.0
김인기의원,2,커뮤니티 2,913,1,2.0
예산결산특별위원장대리김용호,2,커뮤니티 2,913,1,2.0
이승복의원,2,커뮤니티 2,913,1,2.0
재무위원장대리고재청,2,커뮤니티 2,913,1,2.0
농수산위원장대리박정자,2,커뮤니티 2,913,1,2.0
농수산위원장대리김태규,2,커뮤니티 2,913,1,2.0
농수산위원장대리정우식,2,커뮤니티 2,913,1,2.0
농수산위원장대리김재춘,2,커뮤니티 2,913,1,2.0
농수산위원장대리임삼,2,커뮤니티 2,913,1,2.0
건설부차관김주남,2,커뮤니티 2,913,1,2.0
함명수의원,2,커뮤니티 2,913,1,2.0
서영희의원(계속),2,커뮤니티 2,913,1,2.0
서영희의원,2,커뮤니티 2,913,1,2.0
박일의원(계속),2,커뮤니티 2,913,1,2.0
김성주의원,2,커뮤니티 2,913,1,2.0
박찬(朴燦)의원,2,커뮤니티 2,913,1,2.0
김명회의원,2,커뮤니티 2,913,1,2.0
김효영의원,2,커뮤니티 2,913,1,2.0
이종식의원,2,커뮤니티 2,913,1,2.0
이진연의원,2,커뮤니티 2,913,1,2.0
국무총리김종필(계속),2,커뮤니티 2,913,1,2.0
김성낙의원,2,커뮤니티 2,913,1,2.0
이범준의원,2,커뮤니티 2,913,1,2.0
국회운영위원장김용태,2,커뮤니티 2,913,1,2.0
홍창섭의원(계속),2,커뮤니티 2,913,1,2.0
의장정래혁,2,커뮤니티 2,913,1,2.0
예산결산특별위원장대리박명근,2,커뮤니티 2,913,1,2.0
국회의원겸직사실유무특별조사위원장대리김두현,2,커뮤니티 2,913,1,2.0
국회의원겸직사실유무특별조사위원장대리박한상,2,커뮤니티 2,913,1,2.0
국회사무차장이호진,2,커뮤니티 2,913,1,2.0
문창탁의원,2,커뮤니티 2,913,1,2.0
이정우의원,2,커뮤니티 2,913,1,2.0
권일의원,2,커뮤니티 2,913,1,2.0
국회상임위원회위원정수에관한규칙중개정안기초특별위원장김재순,2,커뮤니티 2,913,1,2.0
섭외국장김옥진,2,커뮤니티 2,913,1,2.0
국회사무총장선우종원,2,커뮤니티 2,913,1,2.0
종합경제국장이상의,2,커뮤니티 2,913,1,2.0
의장ICA불,2,커뮤니티 2,913,1,2.0
경제기획원장신규사업은,2,커뮤니티 2,913,1,2.0
박의장개회,2,커뮤니티 2,913,1,2.0
구태회의원(계속),2,커뮤니티 2,913,1,2.0
의장이효상(계속),2,커뮤니티 2,913,1,2.0
이희승의원(계속),2,커뮤니티 2,913,1,2.0
정진화의원,2,커뮤니티 2,913,1,2.0
문화공보위원장대리김성두,2,커뮤니티 2,913,1,2.0
외무위원장대리장덕진(서울),2,커뮤니티 2,913,1,2.0
김인의원,2,커뮤니티 2,913,1,2.0
이상익의원,2,커뮤니티 2,913,1,2.0
이택희이원,2,커뮤니티 2,913,1,2.0
한병기의원,2,커뮤니티 2,913,1,2.0
조홍래의원,2,커뮤니티 2,913,1,2.0
이교선의원,2,커뮤니티 2,913,1,2.0
비서실장임윤영,2,커뮤니티 2,913,1,2.0
유수현의원,2,커뮤니티 2,913,1,2.0
정치테러사건진상조사특별위원장김봉환,2,커뮤니티 2,913,1,2.0
김정근의원,2,커뮤니티 2,913,1,2.0
국회운영위원장대리오학진,2,커뮤니티 2,913,1,2.0
함덕용의원(계속),2,커뮤니티 2,913,1,2.0
상공부장관박충훈(계속),2,커뮤니티 2,913,1,2.0
김상흠의원(계속),2,커뮤니티 2,913,1,2.0
정명섭의원(계속),2,커뮤니티 2,913,1,2.0
농림부장관김주인,2,커뮤니티 2,913,1,2.0
내무위원장대리강승구,2,커뮤니티 2,913,1,2.0
한통숙의원(계속),2,커뮤니티 2,913,1,2.0
보건사회위원장대리정헌조,2,커뮤니티 2,913,1,2.0
예산결산특별위원장대리김병순,2,커뮤니티 2,913,1,2.0
문교공보위원장직무대리김종호,2,커뮤니티 2,913,1,2.0
김성용의원(계속),2,커뮤니티 2,913,1,2.0
보건사회위원장대리길전식,2,커뮤니티 2,913,1,2.0
국무총리비서관임윤영,2,커뮤니티 2,913,1,2.0
문화공보위원장최영두,2,커뮤니티 2,913,1,2.0
오상직의원,2,커뮤니티 2,913,1,2.0
김종갑의원,2,커뮤니티 2,913,1,2.0
한일협정비준동의안심사특별위원장민관식,2,커뮤니티 2,913,1,2.0
이승춘의원,2,커뮤니티 2,913,1,2.0
박종태의원,2,커뮤니티 2,913,1,2.0
보건사회운영장대리김성철,2,커뮤니티 2,913,1,2.0
이우태의원,2,커뮤니티 2,913,1,2.0
국방부장관김성은(계속),2,커뮤니티 2,913,1,2.0
보건사회위원장대리김성진(계속),2,커뮤니티 2,913,1,2.0
재정경제위원장대리구태회,2,커뮤니티 2,913,1,2.0
김병순의원(계속),2,커뮤니티 2,913,1,2.0
무임소장관윤주영,2,커뮤니티 2,913,1,2.0
조재천의원(계속),2,커뮤니티 2,913,1,2.0
차지철의원(계속),2,커뮤니티 2,913,1,2.0
법제사법위원장김장섭(계속),2,커뮤니티 2,913,1,2.0
독일연방공화국하원의장오이겐,2,커뮤니티 2,913,1,2.0
김봉환의원(계속),2,커뮤니티 2,913,1,2.0
외무분과위원장대리강문봉,2,커뮤니티 2,913,1,2.0
류범수의원,2,커뮤니티 2,913,1,2.0
김익준의원(계속),2,커뮤니티 2,913,1,2.0
김세영의원,2,커뮤니티 2,913,1,2.0
류청의원(계속),2,커뮤니티 2,913,1,2.0
법제사법위원장백남억(계속),2,커뮤니티 2,913,1,2.0
장영순의원,2,커뮤니티 2,913,1,2.0
윤재명의원,2,커뮤니티 2,913,1,2.0
李敏雨議員,2,커뮤니티 2,913,1,2.0
이원엽의원,2,커뮤니티 2,913,1,2.0
농림부장관김영준(계속),2,커뮤니티 2,913,1,2.0
김수한의원(계속),2,커뮤니티 2,913,1,2.0
6․8선거부정조사특별위원회법제정특별위원장정구영,2,커뮤니티 2,913,1,2.0
김정열의원,2,커뮤니티 2,913,1,2.0
현정주의원,2,커뮤니티 2,913,1,2.0
예산결산위원장대리김봉환,2,커뮤니티 2,913,1,2.0
아메리카합중국대통령린든,2,커뮤니티 2,913,1,2.0
류홍의원(계속),2,커뮤니티 2,913,1,2.0
김재광의원(계속)알겠읍니다.,2,커뮤니티 2,913,1,2.0
윤제술의원(계속),2,커뮤니티 2,913,1,2.0
정성태의원,2,커뮤니티 2,913,1,2.0
국회운영위원장대리최영근,2,커뮤니티 2,913,1,2.0
예산결산특별위원장대리정헌조,2,커뮤니티 2,913,1,2.0
예산결산특별위원장대리최석림,2,커뮤니티 2,913,1,2.0
국회운영위원장대리이백일,2,커뮤니티 2,913,1,2.0
농림부차관(김영준)잠사가격안정기금법,2,커뮤니티 2,913,1,2.0
상공위원장대리엄정주,2,커뮤니티 2,913,1,2.0
상공위원장대리홍영기,2,커뮤니티 2,913,1,2.0
농림위원장대리김병순,2,커뮤니티 2,913,1,2.0
박한상의원및최영철기자테러사건진상조사특별위원장최치환,2,커뮤니티 2,913,1,2.0
외무부장관직무대리김영주,2,커뮤니티 2,913,1,2.0
특정재벌밀수사건진상조사특별위원장김진만,2,커뮤니티 2,913,1,2.0
국회운영위원장대리이상무,2,커뮤니티 2,913,1,2.0
의장개회선언,2,커뮤니티 2,913,1,1.0
경제기획원기획관10월,2,커뮤니티 2,913,1,1.0
사무총장직무대행황종갑,2,커뮤니티 2,913,1,1.0
의안심사,2,커뮤니티 2,913,1,1.0
기획조정관5개년,2,커뮤니티 2,913,1,1.0
운영위간사장,2,커뮤니티 2,913,1,1.0
위원장권오훈,3,커뮤니티 3,744,3323,5816.0
위원장송관수,3,커뮤니티 3,744,2625,5131.0
위원장김주인,3,커뮤니티 3,744,2526,4591.0
최영근위원,3,커뮤니티 3,744,1969,3936.0
위원장전휴상,3,커뮤니티 3,744,1657,2912.0
류치송위원,3,커뮤니티 3,744,1449,2898.0
박찬위원,3,커뮤니티 3,744,1447,2872.0
이종근위원,3,커뮤니티 3,744,1275,2550.0
민영남위원,3,커뮤니티 3,744,928,1856.0
김삼위원,3,커뮤니티 3,744,928,1850.0
진기배위원,3,커뮤니티 3,744,837,1672.0
李敏雨위원,3,커뮤니티 3,744,812,1624.0
전문위원남정근,3,커뮤니티 3,744,658,1316.0
김종무위원,3,커뮤니티 3,744,644,1286.0
신영주위원,3,커뮤니티 3,744,633,1266.0
최석림위원,3,커뮤니티 3,744,629,1258.0
정운갑위원,3,커뮤니티 3,744,610,1218.0
전문위원박응구,3,커뮤니티 3,744,599,1198.0
전문위원문상익,3,커뮤니티 3,744,601,1186.0
증인장인섭,3,커뮤니티 3,744,579,1156.0
위원장이종근,3,커뮤니티 3,744,655,1116.0
농림부장관차균희,3,커뮤니티 3,744,531,1062.0
농림부장관조시형,3,커뮤니티 3,744,526,1052.0
김중한위원,3,커뮤니티 3,744,482,962.0
이우헌위원,3,커뮤니티 3,744,442,878.0
우홍구위원,3,커뮤니티 3,744,436,866.0
전문위원한중건,3,커뮤니티 3,744,426,852.0
농림부차관진봉현,3,커뮤니티 3,744,423,846.0
배길도위원,3,커뮤니티 3,744,415,830.0
반장전휴상,3,커뮤니티 3,744,455,813.0
농림부장관이계순,3,커뮤니티 3,744,406,812.0
김장섭위원,3,커뮤니티 3,744,377,744.0
증인조성규,3,커뮤니티 3,744,361,722.0
위원장대리진형하,3,커뮤니티 3,744,353,695.0
위원장대리김삼,3,커뮤니티 3,744,335,649.0
농림부장관박동묘,3,커뮤니티 3,744,318,610.0
김병순위원,3,커뮤니티 3,744,304,606.0
전휴상위원,3,커뮤니티 3,744,278,556.0
위원장대리최영근,3,커뮤니티 3,744,276,535.0
최서일위원,3,커뮤니티 3,744,266,532.0
증인하삼식,3,커뮤니티 3,744,266,530.0
증인장영섭,3,커뮤니티 3,744,260,520.0
증인길병래,3,커뮤니티 3,744,260,520.0
증인김영기,3,커뮤니티 3,744,257,512.0
농림부장관김영준,3,커뮤니티 3,744,251,502.0
이정래위원,3,커뮤니티 3,744,248,496.0
반장한병기,3,커뮤니티 3,744,254,485.0
위원장대리김삼상,3,커뮤니티 3,744,246,482.0
증인심종섭,3,커뮤니티 3,744,235,470.0
증인안치연,3,커뮤니티 3,744,233,466.0
정간용위원,3,커뮤니티 3,744,231,462.0
박재우위원,3,커뮤니티 3,744,231,458.0
반장정우식,3,커뮤니티 3,744,241,457.0
농림부차관한국진,3,커뮤니티 3,744,223,446.0
유치송위원,3,커뮤니티 3,744,215,430.0
김달수위원,3,커뮤니티 3,744,210,420.0
증인엄형휴,3,커뮤니티 3,744,205,410.0
반장이종근,3,커뮤니티 3,744,224,408.0
이종순위원,3,커뮤니티 3,744,203,406.0
증인김철영,3,커뮤니티 3,744,201,398.0
증인정기봉,3,커뮤니티 3,744,198,396.0
위원장대리최서일,3,커뮤니티 3,744,194,368.0
증인김학숙,3,커뮤니티 3,744,182,364.0
증인신용관,3,커뮤니티 3,744,180,360.0
농림부차관김영준,3,커뮤니티 3,744,178,356.0
증인박희춘,3,커뮤니티 3,744,176,350.0
증인박봉오,3,커뮤니티 3,744,174,348.0
위원장대리신영주,3,커뮤니티 3,744,204,334.0
위원장대리문태준,3,커뮤니티 3,744,176,331.0
증인오혁종,3,커뮤니티 3,744,164,328.0
류갑종위원,3,커뮤니티 3,744,160,320.0
반장김주인,3,커뮤니티 3,744,171,315.0
김삼상위원,3,커뮤니티 3,744,160,314.0
서기관김철,3,커뮤니티 3,744,156,312.0
李敏雨위원,3,커뮤니티 3,744,146,292.0
증인양길용,3,커뮤니티 3,744,141,280.0
증인신상묵,3,커뮤니티 3,744,137,274.0
정규헌위원,3,커뮤니티 3,744,135,270.0
증인곽성준,3,커뮤니티 3,744,131,260.0
김상진위원,3,커뮤니티 3,744,129,256.0
농림부기획관리실장김영진,3,커뮤니티 3,744,128,256.0
증인강갑철,3,커뮤니티 3,744,126,252.0
증인김학수,3,커뮤니티 3,744,125,250.0
양정규위원,3,커뮤니티 3,744,125,248.0
문태준위원,3,커뮤니티 3,744,123,246.0
농림부장관김보현,3,커뮤니티 3,744,120,240.0
김기섭위원,3,커뮤니티 3,744,120,238.0
증인김종언,3,커뮤니티 3,744,119,238.0
증인권오형,3,커뮤니티 3,744,115,230.0
위원장대리김중한,3,커뮤니티 3,744,120,227.0
임종기위원,3,커뮤니티 3,744,114,224.0
임갑수위원,3,커뮤니티 3,744,112,224.0
김영삼위원,3,커뮤니티 3,744,111,222.0
증인강재성,3,커뮤니티 3,744,111,222.0
증인유태영,3,커뮤니티 3,744,109,218.0
농림부차관정남규,3,커뮤니티 3,744,108,216.0
반장배길도,3,커뮤니티 3,744,108,212.0
증인이흡,3,커뮤니티 3,744,106,212.0
이원영위원,3,커뮤니티 3,744,106,212.0
증인황석규,3,커뮤니티 3,744,105,210.0
증인김인규,3,커뮤니티 3,744,105,208.0
수산청장오정근,3,커뮤니티 3,744,102,204.0
반장문태준,3,커뮤니티 3,744,113,200.0
박두선위원,3,커뮤니티 3,744,101,200.0
증인여진,3,커뮤니티 3,744,99,198.0
농촌진흥청장김인환,3,커뮤니티 3,744,94,188.0
류제연위원,3,커뮤니티 3,744,94,186.0
농업협동조합중앙회경상북도지부장방영정,3,커뮤니티 3,744,92,184.0
조남철위원,3,커뮤니티 3,744,90,180.0
증인이수태,3,커뮤니티 3,744,90,180.0
증인이갑선,3,커뮤니티 3,744,88,176.0
권오훈위원,3,커뮤니티 3,744,87,174.0
증인민영운,3,커뮤니티 3,744,87,174.0
경상남도지사정해식,3,커뮤니티 3,744,86,172.0
위원장대리정간용,3,커뮤니티 3,744,86,172.0
증인양찬우,3,커뮤니티 3,744,82,164.0
강선규위원,3,커뮤니티 3,744,82,162.0
경상북도지사구자춘,3,커뮤니티 3,744,81,162.0
증인이선철,3,커뮤니티 3,744,80,160.0
천명기위원,3,커뮤니티 3,744,79,158.0
수산청장김재식,3,커뮤니티 3,744,78,156.0
증인홍순강,3,커뮤니티 3,744,76,152.0
증인김두만,3,커뮤니티 3,744,76,150.0
홍병철위원,3,커뮤니티 3,744,73,146.0
증인임종삼,3,커뮤니티 3,744,71,140.0
증인김해수,3,커뮤니티 3,744,70,140.0
증인하만정,3,커뮤니티 3,744,68,136.0
증인장송주,3,커뮤니티 3,744,68,134.0
수산청장김동수,3,커뮤니티 3,744,67,134.0
위원장대리배길도,3,커뮤니티 3,744,72,132.0
농림부농정차관보김봉관,3,커뮤니티 3,744,64,128.0
김창환위원,3,커뮤니티 3,744,63,126.0
증인이석,3,커뮤니티 3,744,61,122.0
김천수위원,3,커뮤니티 3,744,60,118.0
충청북도지사태종학,3,커뮤니티 3,744,59,118.0
산림청장김영진,3,커뮤니티 3,744,59,118.0
경상남도지사김효영,3,커뮤니티 3,744,59,118.0
김재춘위원,3,커뮤니티 3,744,57,114.0
김중태위원,3,커뮤니티 3,744,57,114.0
수산청장구자춘,3,커뮤니티 3,744,56,112.0
증인조덕진,3,커뮤니티 3,744,56,112.0
반장이승춘,3,커뮤니티 3,744,57,111.0
반장대리문태준,3,커뮤니티 3,744,56,111.0
증인이창우,3,커뮤니티 3,744,55,110.0
증인김호길,3,커뮤니티 3,744,54,108.0
증인박영호,3,커뮤니티 3,744,53,106.0
증인이계순,3,커뮤니티 3,744,51,102.0
증인정영모,3,커뮤니티 3,744,50,100.0
증인신정호,3,커뮤니티 3,744,50,100.0
농림부식산차관보이성환,3,커뮤니티 3,744,49,98.0
수산업협동조합중앙회장박상길,3,커뮤니티 3,744,48,96.0
농어촌개발공사총재문방흠,3,커뮤니티 3,744,48,96.0
증인김승곤,3,커뮤니티 3,744,48,96.0
증인도석균,3,커뮤니티 3,744,48,96.0
소위원장최석림,3,커뮤니티 3,744,48,96.0
농어촌개발공사총재최두열,3,커뮤니티 3,744,46,92.0
증인정기성,3,커뮤니티 3,744,46,92.0
농촌진흥청장이태현,3,커뮤니티 3,744,45,90.0
증인이철수,3,커뮤니티 3,744,45,90.0
증인홍순주,3,커뮤니티 3,744,44,88.0
증인서상,3,커뮤니티 3,744,44,88.0
농어촌개발공사사장차균희,3,커뮤니티 3,744,44,88.0
농업협동조합중앙회부회장정남규,3,커뮤니티 3,744,44,88.0
증인추월민,3,커뮤니티 3,744,44,88.0
한국마사회장김덕승,3,커뮤니티 3,744,43,86.0
증인이규홍,3,커뮤니티 3,744,43,84.0
농업협동조합중앙회회장서봉균,3,커뮤니티 3,744,42,84.0
증인전재근,3,커뮤니티 3,744,41,82.0
증인엄병건,3,커뮤니티 3,744,41,82.0
윤길중위원,3,커뮤니티 3,744,40,80.0
신영주의원,3,커뮤니티 3,744,40,80.0
박종진위원,3,커뮤니티 3,744,39,78.0
증인김옥수,3,커뮤니티 3,744,38,76.0
반장대리김재춘,3,커뮤니티 3,744,40,75.0
정진화위원,3,커뮤니티 3,744,37,74.0
수산청차장장희운,3,커뮤니티 3,744,37,74.0
농협전남도지부장김용하,3,커뮤니티 3,744,36,72.0
증인이기준,3,커뮤니티 3,744,36,72.0
반장대리정간용,3,커뮤니티 3,744,36,72.0
반장이영진,3,커뮤니티 3,744,37,71.0
증인민병호,3,커뮤니티 3,744,36,70.0
충청남도지사김의창,3,커뮤니티 3,744,35,70.0
농업진흥공사총재진봉현,3,커뮤니티 3,744,35,70.0
농업협동조합중앙회강원도지부장홍성지,3,커뮤니티 3,744,34,68.0
증인최정석,3,커뮤니티 3,744,34,68.0
반장대리천명기,3,커뮤니티 3,744,34,64.0
농림부산림국장조한욱,3,커뮤니티 3,744,32,64.0
증인양규선,3,커뮤니티 3,744,32,64.0
제주도지사이승택,3,커뮤니티 3,744,31,62.0
조연하위원,3,커뮤니티 3,744,31,62.0
증인김용견,3,커뮤니티 3,744,30,60.0
박성호위원,3,커뮤니티 3,744,30,58.0
증인김봉관,3,커뮤니티 3,744,29,58.0
농업협동조합중앙회회장신명순,3,커뮤니티 3,744,28,56.0
경기도지사박태원,3,커뮤니티 3,744,26,52.0
서기관최인수,3,커뮤니티 3,744,26,52.0
위원장대리정우식,3,커뮤니티 3,744,26,52.0
위원장대리양정규,3,커뮤니티 3,744,26,52.0
이영진위원,3,커뮤니티 3,744,26,52.0
위원장대리우홍구,3,커뮤니티 3,744,26,52.0
증인조충훈,3,커뮤니티 3,744,26,52.0
권중돈위원,3,커뮤니티 3,744,26,50.0
증인김원배,3,커뮤니티 3,744,25,50.0
농림부농지국장오병익,3,커뮤니티 3,744,25,50.0
이우헌의원,3,커뮤니티 3,744,25,50.0
부이사관허준,3,커뮤니티 3,744,25,50.0
증인장대권,3,커뮤니티 3,744,25,50.0
참고인이창우,3,커뮤니티 3,744,25,50.0
농림부기획관리실장원영희,3,커뮤니티 3,744,25,50.0
위원장대리김종무,3,커뮤니티 3,744,25,50.0
농림부장관박동앙,3,커뮤니티 3,744,25,50.0
증인안갑준,3,커뮤니티 3,744,24,48.0
반장대리김삼상,3,커뮤니티 3,744,24,48.0
충청북도지사김효영,3,커뮤니티 3,744,24,48.0
산림청장강봉수,3,커뮤니티 3,744,23,46.0
증인위사강,3,커뮤니티 3,744,23,46.0
농업협동조합중앙회충청남도지부장김주필,3,커뮤니티 3,744,22,44.0
증인오광수,3,커뮤니티 3,744,22,44.0
농업협동조합중앙회경기도지부장배봉식,3,커뮤니티 3,744,22,44.0
반장대리배길도,3,커뮤니티 3,744,28,43.0
농업협동조합중앙회경상북도지부장김동연,3,커뮤니티 3,744,21,42.0
토지개량조합연합회장고길훈,3,커뮤니티 3,744,21,42.0
수산업협동조합중앙회장김덕엽,3,커뮤니티 3,744,21,42.0
국립농업자재검사소장이재녕,3,커뮤니티 3,744,20,40.0
증인윤주형,3,커뮤니티 3,744,20,40.0
소위원장배길도,3,커뮤니티 3,744,19,38.0
농업협동조합중앙회충청북도지부장이상목,3,커뮤니티 3,744,19,38.0
위원장대리한병기,3,커뮤니티 3,744,19,38.0
한병기위원,3,커뮤니티 3,744,18,36.0
농림부농업생산국장오준석,3,커뮤니티 3,744,18,36.0
반장김중한,3,커뮤니티 3,744,18,34.0
증인이정우,3,커뮤니티 3,744,17,34.0
증인민복기,3,커뮤니티 3,744,17,34.0
수산업협동조합중앙회강원도지부장장후식,3,커뮤니티 3,744,17,34.0
수산업협동조합중앙회충청남도지부장정홍래,3,커뮤니티 3,744,16,32.0
농업협동조합전라남도지부장안효철,3,커뮤니티 3,744,16,32.0
증인차균희,3,커뮤니티 3,744,15,30.0
농림부양정국장장덕희,3,커뮤니티 3,744,15,30.0
증인문방흠,3,커뮤니티 3,744,15,30.0
권성기위원,3,커뮤니티 3,744,15,30.0
국립농산물검사소대구지소장정수곤,3,커뮤니티 3,744,15,30.0
수산업협동조합중앙회장노명우,3,커뮤니티 3,744,15,30.0
위원장대리류치송,3,커뮤니티 3,744,15,28.0
농업협동조합중앙회충청남도지부장조동온,3,커뮤니티 3,744,14,28.0
수산업협동조합중앙회경기도지부장최종욱,3,커뮤니티 3,744,14,28.0
반장대리정우식,3,커뮤니티 3,744,14,28.0
산림청차장조한욱,3,커뮤니티 3,744,14,28.0
수산업협동조합중앙회회장박상길,3,커뮤니티 3,744,14,28.0
반장대리김기섭,3,커뮤니티 3,744,14,28.0
제3소위원장이우헌,3,커뮤니티 3,744,14,28.0
농림부농정차관보김영진,3,커뮤니티 3,744,14,28.0
토지개량조합연합회회장구윤석,3,커뮤니티 3,744,14,28.0
증인이화익,3,커뮤니티 3,744,14,28.0
행정부이사관허준,3,커뮤니티 3,744,14,28.0
농림부축산국장박남순,3,커뮤니티 3,744,13,26.0
위원장대리박찬,3,커뮤니티 3,744,13,26.0
농업협동조합중앙회전라남도지부장이경노,3,커뮤니티 3,744,13,26.0
김원태위원,3,커뮤니티 3,744,13,26.0
농림부기획관리실장한봉수,3,커뮤니티 3,744,13,26.0
서울특별시제1부시장강영수,3,커뮤니티 3,744,13,26.0
농업협동조합중앙회경상남도지부장이경수,3,커뮤니티 3,744,13,26.0
증인김정국,3,커뮤니티 3,744,13,26.0
대한산림조합연합회회장장송위,3,커뮤니티 3,744,13,26.0
제1소위원장대리민영남,3,커뮤니티 3,744,13,26.0
수산업협동조합중앙회경상남도지부장이민우,3,커뮤니티 3,744,13,24.0
수산청차장김재식,3,커뮤니티 3,744,12,24.0
농업협동조합중앙회전라북도지부장박한종,3,커뮤니티 3,744,12,24.0
반장대리김중한,3,커뮤니티 3,744,12,24.0
이종근의원,3,커뮤니티 3,744,11,22.0
농림부농정국장직무대리김용원,3,커뮤니티 3,744,11,22.0
농업협동조합중앙회경기도지부장민달식,3,커뮤니티 3,744,11,22.0
농촌진흥청축산시험장장김진복,3,커뮤니티 3,744,11,22.0
국립농산물검사소장구윤석,3,커뮤니티 3,744,11,22.0
위원장대리양극필,3,커뮤니티 3,744,11,22.0
국립농산물검사소장주성규,3,커뮤니티 3,744,11,22.0
국립부산생사검사소장이옥섭,3,커뮤니티 3,744,11,22.0
한국마사회총무부장이두남,3,커뮤니티 3,744,11,22.0
총무처기획관리실장김재후,3,커뮤니티 3,744,11,22.0
농림부농정국장이득용,3,커뮤니티 3,744,11,22.0
한국마사회회장최재홍,3,커뮤니티 3,744,10,20.0
농림부농지국장이정하,3,커뮤니티 3,744,10,20.0
대한산림조합연합회장장송주,3,커뮤니티 3,744,10,20.0
김봉환의원(위원,3,커뮤니티 3,744,10,20.0
소위원장김중한,3,커뮤니티 3,744,10,20.0
제3소위원장대리최서일,3,커뮤니티 3,744,10,20.0
수산업협동조합전라남도동구지부장배용진,3,커뮤니티 3,744,10,20.0
반장대리우홍구,3,커뮤니티 3,744,10,18.0
농림부축산국장김영한,3,커뮤니티 3,744,9,18.0
문화재관리국장정문순,3,커뮤니티 3,744,9,18.0
농업진흥공사경기도지사장서영무,3,커뮤니티 3,744,9,18.0
농촌진흥청지도국장박남순,3,커뮤니티 3,744,9,18.0
농촌진흥청장이대현,3,커뮤니티 3,744,9,18.0
한국수산개발공사사장박원빈,3,커뮤니티 3,744,9,18.0
전라남도농촌진흥원장김준홍,3,커뮤니티 3,744,9,18.0
국립수산진흥원장이봉래,3,커뮤니티 3,744,9,18.0
이종순의원,3,커뮤니티 3,744,9,18.0
반장대리이종근,3,커뮤니티 3,744,9,18.0
서울영림서장이진성,3,커뮤니티 3,744,9,18.0
증인김해두,3,커뮤니티 3,744,9,18.0
김택수의원,3,커뮤니티 3,744,9,18.0
최영근의원(위원,3,커뮤니티 3,744,8,16.0
제1소위원장이영진,3,커뮤니티 3,744,8,16.0
농림부농지국부기감이정하,3,커뮤니티 3,744,8,16.0
정래정의원,3,커뮤니티 3,744,8,16.0
농업협동조합중앙회강원도지부장염태근,3,커뮤니티 3,744,8,16.0
농업진흥공사경상북도지사장유만규,3,커뮤니티 3,744,8,16.0
참고인김인규,3,커뮤니티 3,744,8,16.0
증인김기곤,3,커뮤니티 3,744,8,16.0
서기관이필용,3,커뮤니티 3,744,8,16.0
증인정영주,3,커뮤니티 3,744,8,16.0
농어촌개발공사부사장문방흠,3,커뮤니티 3,744,8,16.0
김정근의원(위원,3,커뮤니티 3,744,8,16.0
농업협동조합중앙회충청북도지부장조동온,3,커뮤니티 3,744,8,16.0
소위원장김병순,3,커뮤니티 3,744,8,16.0
농업협동조합중앙회경기도지부장황재선,3,커뮤니티 3,744,8,16.0
서울특별시산업국장박유식,3,커뮤니티 3,744,8,16.0
농산물검사소대구지소장정태곤,3,커뮤니티 3,744,8,16.0
농업진흥공사평택사업소장김영규,3,커뮤니티 3,744,8,16.0
전라북도농촌진흥원장강성기,3,커뮤니티 3,744,8,16.0
임업시험장장이승윤,3,커뮤니티 3,744,7,14.0
위원장대리김기섭,3,커뮤니티 3,744,7,14.0
농림부식산차관보이득룡,3,커뮤니티 3,744,7,14.0
서울우유협동조합장박남원,3,커뮤니티 3,744,7,14.0
수협경상북도지부장조원형,3,커뮤니티 3,744,7,14.0
농업협동조합중앙회전라남도지부장황의선,3,커뮤니티 3,744,7,14.0
한국마사회장김동하,3,커뮤니티 3,744,7,14.0
농림부농지국장장덕희,3,커뮤니티 3,744,7,14.0
농업진흥공사전라남도지사장윤완중,3,커뮤니티 3,744,7,14.0
증인강종수,3,커뮤니티 3,744,7,14.0
농촌진흥청지도국장주성규,3,커뮤니티 3,744,7,14.0
증인박원호,3,커뮤니티 3,744,7,14.0
수산청어정국장조영제,3,커뮤니티 3,744,7,14.0
농림부양정국장김창기,3,커뮤니티 3,744,7,14.0
대한산림조합연합회중앙회회장장송주,3,커뮤니티 3,744,7,14.0
농림부농업생산국장김인환,3,커뮤니티 3,744,7,14.0
수협전남동구지부장김동환,3,커뮤니티 3,744,7,14.0
수산개발공사사장박원빈,3,커뮤니티 3,744,7,14.0
국립수산진흥원주문진지원장변충규,3,커뮤니티 3,744,7,14.0
토지개량조합연합회부회장박기승,3,커뮤니티 3,744,6,12.0
수산청기획관리관안명남,3,커뮤니티 3,744,6,12.0
농업협동조합중앙회충청남도지부구매과장강득구,3,커뮤니티 3,744,6,12.0
충청남도농촌진흥원장이재현,3,커뮤니티 3,744,6,12.0
문태준의원,3,커뮤니티 3,744,6,12.0
산림조합연합회전라남도지부서무과장최동석,3,커뮤니티 3,744,6,12.0
농업진흥공사충청북도지사장정용선,3,커뮤니티 3,744,6,12.0
농업협동조합중앙회충청북도지부장허영택,3,커뮤니티 3,744,6,12.0
농업진흥공사충청남도지사장김광철,3,커뮤니티 3,744,6,12.0
농업진흥공사강원도지사장김태규,3,커뮤니티 3,744,6,12.0
경상북도농촌진흥원장정재원,3,커뮤니티 3,744,6,12.0
충청남도농촌진흥원장조민신,3,커뮤니티 3,744,6,12.0
농협제주도지부장은순석,3,커뮤니티 3,744,6,12.0
제주도지사정우식,3,커뮤니티 3,744,6,12.0
충청북도농촌진흥원장정용석,3,커뮤니티 3,744,6,12.0
위원장대리진기배,3,커뮤니티 3,744,6,12.0
한국마사회상임이사이두남,3,커뮤니티 3,744,6,12.0
농산물검사소서울지소장정규선,3,커뮤니티 3,744,6,12.0
반장대리박종진,3,커뮤니티 3,744,6,12.0
참고인조태형,3,커뮤니티 3,744,6,12.0
증인민용배,3,커뮤니티 3,744,6,12.0
증인노창서,3,커뮤니티 3,744,6,12.0
소위원장이우헌,3,커뮤니티 3,744,6,12.0
행정실장허준,3,커뮤니티 3,744,6,11.0
농촌진흥청장최응상,3,커뮤니티 3,744,5,10.0
농업협동조합중앙회충북지부장옥정종,3,커뮤니티 3,744,5,10.0
부이사관윤동보,3,커뮤니티 3,744,5,10.0
수산업협동조합중앙회전남서구지부장조길인,3,커뮤니티 3,744,5,10.0
수산업협동조합중앙회전남동구지부장김동환,3,커뮤니티 3,744,5,10.0
대한산림조합연합회전라남도지부장최동석,3,커뮤니티 3,744,5,10.0
경상남도농촌진흥원장이병춘,3,커뮤니티 3,744,5,10.0
농림부농지국장대리김용원,3,커뮤니티 3,744,5,10.0
수산업협동조합중앙회경상북도지부장문수,3,커뮤니티 3,744,5,10.0
전라북도경찰국보안과장전재곤,3,커뮤니티 3,744,5,10.0
증인이강석,3,커뮤니티 3,744,5,10.0
경상북도부지사남봉진,3,커뮤니티 3,744,5,10.0
농림부농산국장채관식,3,커뮤니티 3,744,5,10.0
농촌진흥청차장김봉관,3,커뮤니티 3,744,5,10.0
농협경상북도지부장민원식,3,커뮤니티 3,744,5,10.0
한국냉장주식회사사장김영진,3,커뮤니티 3,744,5,10.0
농업협동조합경상남도지부장조백조,3,커뮤니티 3,744,5,10.0
부산국립수산진흥원장한신현,3,커뮤니티 3,744,5,10.0
반장대리이우현,3,커뮤니티 3,744,5,10.0
부이사관한원조,3,커뮤니티 3,744,5,10.0
국립농산물검사소장채관식,3,커뮤니티 3,744,5,10.0
수협전남서구지부장조길인,3,커뮤니티 3,744,5,10.0
국립농산물검사소대구지소장김진태,3,커뮤니티 3,744,5,10.0
농업협동조합중앙회전라남도지부장민달식,3,커뮤니티 3,744,5,10.0
반장대리한병기,3,커뮤니티 3,744,5,10.0
농업협동조합중앙회경상북도지부장최갑수,3,커뮤니티 3,744,5,10.0
농림부농업생산국장채관식,3,커뮤니티 3,744,5,10.0
토지개량조합연합회경기도지부장장진협,3,커뮤니티 3,744,5,10.0
국립농산물검사소광주지소장염칠환,3,커뮤니티 3,744,5,10.0
국립동물검역소장임윤희,3,커뮤니티 3,744,5,10.0
충청남도산업국장이남호,3,커뮤니티 3,744,5,10.0
농림부농산국장김인환,3,커뮤니티 3,744,5,10.0
반장대리박찬,3,커뮤니티 3,744,5,10.0
배길도의원,3,커뮤니티 3,744,5,10.0
산림조합연합회강원도지부장이정복,3,커뮤니티 3,744,5,10.0
수산업협동조합중앙회경상북도지부장최재구,3,커뮤니티 3,744,5,10.0
서기관명의식,3,커뮤니티 3,744,5,10.0
서기관유만형,3,커뮤니티 3,744,5,10.0
소위원장대리민영남,3,커뮤니티 3,744,5,10.0
서울특별시우유협동조합장채영식,3,커뮤니티 3,744,4,8.0
전라북도농림국장유남기,3,커뮤니티 3,744,4,8.0
농림부농정국농화학기좌김대경,3,커뮤니티 3,744,4,8.0
국립농산물검사소경기지소장김준식,3,커뮤니티 3,744,4,8.0
농림국양정국장장덕희,3,커뮤니티 3,744,4,8.0
수산업협동조합중앙회경기도지부장박희철,3,커뮤니티 3,744,4,8.0
국립종축장장박남순,3,커뮤니티 3,744,4,8.0
사무관서태석,3,커뮤니티 3,744,4,8.0
국립수산진흥원서해지구시험소장김선용,3,커뮤니티 3,744,4,8.0
참고인유태영,3,커뮤니티 3,744,4,8.0
참고인권성기,3,커뮤니티 3,744,4,8.0
사무관이강려,3,커뮤니티 3,744,4,8.0
국립농산물검사소전주지소장민태병,3,커뮤니티 3,744,4,8.0
반장대리이원만,3,커뮤니티 3,744,4,8.0
국립농산물검사소경상남도소장정광학,3,커뮤니티 3,744,4,8.0
농림부산림국장심종섭,3,커뮤니티 3,744,4,8.0
농촌진흥청장현신규,3,커뮤니티 3,744,4,8.0
농림부농정국장김용원,3,커뮤니티 3,744,4,8.0
국립농산물검사소춘천지소장고예건,3,커뮤니티 3,744,4,8.0
대한통운사장조성근,3,커뮤니티 3,744,4,8.0
중앙수산물검사소소장유석재,3,커뮤니티 3,744,4,8.0
수산업협동조합경기도지부장권정룡,3,커뮤니티 3,744,4,8.0
최치환의원,3,커뮤니티 3,744,4,8.0
토지개량조합연합회전라남도지부장정창주,3,커뮤니티 3,744,4,8.0
토련강원도지부장김광철,3,커뮤니티 3,744,4,8.0
산림조합연합회경남지부장장성,3,커뮤니티 3,744,4,8.0
토지개량조합연합회경상남도지부장박노윤,3,커뮤니티 3,744,4,8.0
수협전북지부장류옥,3,커뮤니티 3,744,4,8.0
충청북도건설국장김낙수,3,커뮤니티 3,744,4,8.0
농촌진흥원경상북도지부지도과장정용석,3,커뮤니티 3,744,4,8.0
수산업협동조합중앙회경기도지부장김윤하,3,커뮤니티 3,744,4,8.0
국립농산물검사소서울지소장윤종연,3,커뮤니티 3,744,4,8.0
농산물검사소장채관식,3,커뮤니티 3,744,4,8.0
국립수산진흥원목포지원장황호정,3,커뮤니티 3,744,4,8.0
경상북도농촌진흥원장강성기,3,커뮤니티 3,744,4,8.0
국립농산물검사소청주지소장정광학,3,커뮤니티 3,744,4,8.0
농림부축산국장김용래,3,커뮤니티 3,744,4,8.0
내무위원장대리박주현,3,커뮤니티 3,744,4,8.0
농업진흥공사강원도지사장박노윤,3,커뮤니티 3,744,4,8.0
대한산림조합연합회강원도지부장이정복,3,커뮤니티 3,744,4,8.0
사무관명선식,3,커뮤니티 3,744,4,8.0
동진농지개량조합장이동원,3,커뮤니티 3,744,4,8.0
경제기획원예산국장최동규,3,커뮤니티 3,744,4,8.0
농촌진흥청시험국장채관식,3,커뮤니티 3,744,4,8.0
산림청기획관리관김인수,3,커뮤니티 3,744,3,6.0
소위원장대리배길도,3,커뮤니티 3,744,3,6.0
전라북도식산국장김삼주,3,커뮤니티 3,744,3,6.0
경상북도부지사강신익,3,커뮤니티 3,744,3,6.0
대한산림조합연합회충청남도지부장신태희,3,커뮤니티 3,744,3,6.0
안동영림서장김용택,3,커뮤니티 3,744,3,6.0
수산업협동조합경상남도지부장조용우,3,커뮤니티 3,744,3,6.0
수산업협동조합전라남도서구지부장최우철,3,커뮤니티 3,744,3,6.0
국립수산진흥원남해구시험소장황호정,3,커뮤니티 3,744,3,6.0
농림부농지국장김용원,3,커뮤니티 3,744,3,6.0
수산업협동조합중앙회충청남도지부장이관상,3,커뮤니티 3,744,3,6.0
행정서기관명의식,3,커뮤니티 3,744,3,6.0
산림청강릉영림서장김형승,3,커뮤니티 3,744,3,6.0
소위원장박영록,3,커뮤니티 3,744,3,6.0
농촌진흥청축산시험장장황영구,3,커뮤니티 3,744,3,6.0
정간용의원,3,커뮤니티 3,744,3,6.0
이원영의원,3,커뮤니티 3,744,3,6.0
농림부농정차관보구윤석,3,커뮤니티 3,744,3,6.0
수산업협동조합중앙회전라남도동구지부장김용규,3,커뮤니티 3,744,3,6.0
대한산림조합연합회전라남도지부장현홍진,3,커뮤니티 3,744,3,6.0
충청남도산업국수산과장류영출,3,커뮤니티 3,744,3,6.0
수산업협동조합중앙회충청남도지부장최광택,3,커뮤니티 3,744,3,6.0
토지개량조합연합회충청남도지부장백형원,3,커뮤니티 3,744,3,6.0
농림부농업생산국장서순철,3,커뮤니티 3,744,3,6.0
국립농산물검사소대전지소장정수곤,3,커뮤니티 3,744,3,6.0
사무관명의식,3,커뮤니티 3,744,3,6.0
국립농업자재검사소장이재용,3,커뮤니티 3,744,3,6.0
제2소위원장이종순,3,커뮤니티 3,744,3,6.0
충청북도산업국장류용기,3,커뮤니티 3,744,3,6.0
국립농산물검사소전주지소장김장관,3,커뮤니티 3,744,3,6.0
농어촌개발공사사업부장김진황,3,커뮤니티 3,744,3,6.0
국립서울생사검사소장오준석,3,커뮤니티 3,744,3,6.0
정우식위원,3,커뮤니티 3,744,3,6.0
증인조태형,3,커뮤니티 3,744,3,6.0
증인박종훈,3,커뮤니티 3,744,3,6.0
서울영림서장윤계섭,3,커뮤니티 3,744,3,6.0
산림조합연합회경기도지부장오광중,3,커뮤니티 3,744,3,6.0
수산업협동조합중앙회경상북도지부장오주경,3,커뮤니티 3,744,3,6.0
국립수산진흥원장김기영,3,커뮤니티 3,744,3,6.0
대한산련전남도지부장최동석,3,커뮤니티 3,744,3,6.0
국립농산물검사소광주지소장황호진,3,커뮤니티 3,744,3,6.0
국립농산물검사소부산지소장고예건,3,커뮤니티 3,744,3,6.0
대한산림조합연합회경기도지부장유준태,3,커뮤니티 3,744,3,6.0
수산업협동조합중앙회회장김재식,3,커뮤니티 3,744,3,6.0
국방부합동조사대장대령,3,커뮤니티 3,744,3,6.0
증인김보현,3,커뮤니티 3,744,3,6.0
증인김귀언,3,커뮤니티 3,744,3,6.0
전라남도부지사김효영,3,커뮤니티 3,744,3,6.0
국립농산물검사소춘천지소장윤종연,3,커뮤니티 3,744,3,6.0
대한산림조합연합회충청북도지부장곽주열,3,커뮤니티 3,744,3,6.0
농업진흥공사충청북도지사장김태규,3,커뮤니티 3,744,3,6.0
대한산림조합연합회충청남도지부장김창곤,3,커뮤니티 3,744,3,6.0
농림부산림국임정과장엄병건,3,커뮤니티 3,744,3,6.0
농림부농정농지국장직무대리김용원,3,커뮤니티 3,744,3,6.0
농림부기획관리실장이득룡,3,커뮤니티 3,744,2,4.0
국립수산진흥원남해구시험소장김선용,3,커뮤니티 3,744,2,4.0
수협전남동구지부장김용규,3,커뮤니티 3,744,2,4.0
수협전남서구지부장어용주,3,커뮤니티 3,744,2,4.0
농협강원도지부장배봉식,3,커뮤니티 3,744,2,4.0
대한산련전남지부장현홍진,3,커뮤니티 3,744,2,4.0
강원도산업국장김동석,3,커뮤니티 3,744,2,4.0
강릉영림서장유달진,3,커뮤니티 3,744,2,4.0
최석림위원(계속),3,커뮤니티 3,744,2,4.0
수산청생산국장장희운,3,커뮤니티 3,744,2,4.0
농업협동조합중앙회충청남도지부장윤규중,3,커뮤니티 3,744,2,4.0
참고인박영호,3,커뮤니티 3,744,2,4.0
농촌진흥청기획관리관김화산,3,커뮤니티 3,744,2,4.0
국립농산물검사소부산지소장김준식,3,커뮤니티 3,744,2,4.0
경상남도농촌진흥원장정효근,3,커뮤니티 3,744,2,4.0
중앙수산물검사소제2검사과장원종상,3,커뮤니티 3,744,2,4.0
소위원장이영진,3,커뮤니티 3,744,2,4.0
충청북도건설국산림과장이창세,3,커뮤니티 3,744,2,4.0
대한산림조합연합회전북지부장류준태,3,커뮤니티 3,744,2,4.0
농업협동조합중앙회전라북도지부장윤영준,3,커뮤니티 3,744,2,4.0
증인김정렴,3,커뮤니티 3,744,2,4.0
대한산림조합연합회경북지부장정경옥,3,커뮤니티 3,744,2,4.0
전라북도농촌진흥원장박금동,3,커뮤니티 3,744,2,4.0
국립생사검사소장이왕섭,3,커뮤니티 3,744,2,4.0
농림부농정국장이득룡,3,커뮤니티 3,744,2,4.0
산림조합연합회충청북도지부장곽주열,3,커뮤니티 3,744,2,4.0
농산물검사소충청북도지소장양춘득,3,커뮤니티 3,744,2,4.0
서울특별시산업국장주용준,3,커뮤니티 3,744,2,4.0
국립농산물검사소광주지소장문동주,3,커뮤니티 3,744,2,4.0
제주도농촌진흥원장권응달,3,커뮤니티 3,744,2,4.0
농업진흥공사전북지사장이석우,3,커뮤니티 3,744,2,4.0
전북농촌진흥원장김달수,3,커뮤니티 3,744,2,4.0
국립농산물검사소경상북도지소장정수곤,3,커뮤니티 3,744,2,4.0
농업진흥공사경북지사장유만규,3,커뮤니티 3,744,2,4.0
경기도농촌진흥원장조민신,3,커뮤니티 3,744,2,4.0
국립농산물검사소광주지소장김진태,3,커뮤니티 3,744,2,4.0
한국산토리주식회사사장양두환,3,커뮤니티 3,744,2,4.0
수산업협동조합중앙회강원도지부장고창화,3,커뮤니티 3,744,2,4.0
농업협동조합중앙회강원도지부장박철균,3,커뮤니티 3,744,2,4.0
국립농산물검사소강원도춘천지소장고예건,3,커뮤니티 3,744,2,4.0
국립수산진흥원포항지원장한희수,3,커뮤니티 3,744,2,4.0
수산업협동조합중앙회회장김덕엽,3,커뮤니티 3,744,2,4.0
반장대리권성기,3,커뮤니티 3,744,2,4.0
수산업협동조합중앙회제주지부장김성만,3,커뮤니티 3,744,2,4.0
외무위원장대리차지철,3,커뮤니티 3,744,2,4.0
전문위원유호선,3,커뮤니티 3,744,2,4.0
서울영림서장김용택,3,커뮤니티 3,744,2,4.0
국립수산진흥원장한신욱,3,커뮤니티 3,744,2,4.0
고흥문위원(계속),3,커뮤니티 3,744,2,4.0
토련경상북도지부장문익환,3,커뮤니티 3,744,2,4.0
농검대구지소장김진태,3,커뮤니티 3,744,2,4.0
농촌진흥원장정재원,3,커뮤니티 3,744,2,4.0
수협제주도지부장박종빈,3,커뮤니티 3,744,2,4.0
농촌진흥청원예시험장장이재영,3,커뮤니티 3,744,2,4.0
농림부농지국장김승엽,3,커뮤니티 3,744,2,4.0
소위원장대리진기배,3,커뮤니티 3,744,2,4.0
내무부지방국지도과장태종학,3,커뮤니티 3,744,2,4.0
제2소위원장대리최영근,3,커뮤니티 3,744,2,4.0
농림부차관차균희,3,커뮤니티 3,744,2,4.0
농업협동조합중앙회부회장문방흠,3,커뮤니티 3,744,2,4.0
수산업협동조합중앙회장길항진,3,커뮤니티 3,744,2,4.0
위원장대리이우헌,3,커뮤니티 3,744,2,3.0
부산직할시산업국장이창석,3,커뮤니티 3,744,2,2.0
행정주사박주일,3,커뮤니티 3,744,2,2.0
국유림,3,커뮤니티 3,744,1,2.0
일반,3,커뮤니티 3,744,1,2.0
국유림사업비,3,커뮤니티 3,744,1,2.0
산림사업비,3,커뮤니티 3,744,1,2.0
사무관리비,3,커뮤니티 3,744,1,2.0
시험연구비,3,커뮤니티 3,744,1,2.0
시험연구,3,커뮤니티 3,744,1,2.0
임업기술개량비,3,커뮤니티 3,744,1,2.0
산림보호비,3,커뮤니티 3,744,1,2.0
농촌진흥청기획관리관김용래,3,커뮤니티 3,744,1,2.0
수산청기획관리관김응진,3,커뮤니티 3,744,1,2.0
농림부축산국장유윤수,3,커뮤니티 3,744,1,2.0
농림부양정국관리과장장덕희,3,커뮤니티 3,744,1,2.0
행정이사관허준,3,커뮤니티 3,744,1,2.0
대한산림조합연합회경상북도지부장김영희,3,커뮤니티 3,744,1,2.0
충청북도농업진흥공사지사장정용선,3,커뮤니티 3,744,1,2.0
충청북도산림조합연합회지부장곽두열,3,커뮤니티 3,744,1,2.0
충청북도농업협동조합지부장허영택,3,커뮤니티 3,744,1,2.0
충청북도농산물검사소지소장강천득,3,커뮤니티 3,744,1,2.0
충청북도농촌진흥원장김달수,3,커뮤니티 3,744,1,2.0
농업진흥공사경상남도지사장이일영,3,커뮤니티 3,744,1,2.0
대한산림조합연합회경상남도지부장장후석,3,커뮤니티 3,744,1,2.0
경상남도농산물검사소장정광학,3,커뮤니티 3,744,1,2.0
경상남도생사검사소장김영진,3,커뮤니티 3,744,1,2.0
경상남도농촌진흥원장정용석,3,커뮤니티 3,744,1,2.0
수산업협동조합경기도지부장1대에,3,커뮤니티 3,744,1,2.0
수산업협동조합경기도지부장먼저,3,커뮤니티 3,744,1,2.0
수산업협동조합경기도지부장솔직히,3,커뮤니티 3,744,1,2.0
농업진흥공사전라북도지사장이동원,3,커뮤니티 3,744,1,2.0
농업진흥공사경기도지사장먼저,3,커뮤니티 3,744,1,2.0
대한산림조합연합회전라북도지부장유준태,3,커뮤니티 3,744,1,2.0
수산업협동조합중앙회전라북도지부장박영수,3,커뮤니티 3,744,1,2.0
산림조합연합회경기도지부장이것은,3,커뮤니티 3,744,1,2.0
산림조합연합회경기도지부장이원영,3,커뮤니티 3,744,1,2.0
산림조합연합회경기도지부장정,3,커뮤니티 3,744,1,2.0
농업진흥공사경기도지사장다음은,3,커뮤니티 3,744,1,2.0
농지국장김승엽,3,커뮤니티 3,744,1,2.0
반장대리이원영,3,커뮤니티 3,744,1,2.0
국립농산물검사소대전지소장염칠환,3,커뮤니티 3,744,1,2.0
충청남도식산국장이재희,3,커뮤니티 3,744,1,2.0
충청남도농림국장김용구,3,커뮤니티 3,744,1,2.0
농촌진흥청강원도농촌진흥원장박형두,3,커뮤니티 3,744,1,2.0
농업협동조합중앙회경상북도지부공판장장김윤환,3,커뮤니티 3,744,1,2.0
경상북도농산주식회사사장임해성,3,커뮤니티 3,744,1,2.0
반장대리양정규,3,커뮤니티 3,744,1,2.0
농촌진흥청차장조성래,3,커뮤니티 3,744,1,2.0
국립생사검사소장김화산,3,커뮤니티 3,744,1,2.0
국립농업자재검사소장직무대리이원호,3,커뮤니티 3,744,1,2.0
농촌진흥청기획관리관허성득,3,커뮤니티 3,744,1,2.0
중앙수산물검사소장김응선,3,커뮤니티 3,744,1,2.0
한국수산개발공사사장(현황,3,커뮤니티 3,744,1,2.0
한국외환은행이사김선근,3,커뮤니티 3,744,1,2.0
재정경제위원장대리이윤용,3,커뮤니티 3,744,1,2.0
교통체신위원장대리한상준,3,커뮤니티 3,744,1,2.0
출석위원(16명),3,커뮤니티 3,744,1,2.0
교통체신위원장대리이백일,3,커뮤니티 3,744,1,2.0
수산검사,3,커뮤니티 3,744,1,2.0
수산검사소수입,3,커뮤니티 3,744,1,2.0
수산진흥원수입,3,커뮤니티 3,744,1,2.0
농촌진흥청식물환경연구소장김영섭,3,커뮤니티 3,744,1,2.0
농촌진흥청가축위생시험소장문재봉,3,커뮤니티 3,744,1,2.0
지하수개발공사사장장춘권,3,커뮤니티 3,744,1,2.0
토지개량조합연합중앙회장윤혁표,3,커뮤니티 3,744,1,2.0
강원도경찰국장염보현,3,커뮤니티 3,744,1,2.0
강원도농촌진흥원장박노윤,3,커뮤니티 3,744,1,2.0
경상북도식산국장이영화,3,커뮤니티 3,744,1,2.0
제주도경찰국장안석준,3,커뮤니티 3,744,1,2.0
수산진흥원제주지원장박병화,3,커뮤니티 3,744,1,2.0
반장대리김중태,3,커뮤니티 3,744,1,2.0
농업진흥공사제주지사장강창희,3,커뮤니티 3,744,1,2.0
농업협동조합중앙회제주지부장김영만,3,커뮤니티 3,744,1,2.0
대한산림조합연합회경상북도지부장이종희,3,커뮤니티 3,744,1,2.0
대구시장이규이,3,커뮤니티 3,744,1,2.0
국립농산물검사소대전지소장양춘득,3,커뮤니티 3,744,1,2.0
충청남도농촌진흥원장박금동,3,커뮤니티 3,744,1,2.0
농업진흥공사지사장강창희,3,커뮤니티 3,744,1,2.0
강릉영림서장김형승,3,커뮤니티 3,744,1,2.0
국립농산물검사소전주지소장황호진,3,커뮤니티 3,744,1,2.0
국립농산물검사소전북지소장황호진,3,커뮤니티 3,744,1,2.0
제주도농업진흥공사지사장강창희,3,커뮤니티 3,744,1,2.0
산련제주도지부장조승옥,3,커뮤니티 3,744,1,2.0
수협제주도지부장김성만,3,커뮤니티 3,744,1,2.0
농협제주도지부장홍석기,3,커뮤니티 3,744,1,2.0
부산직할시산업국장김한준,3,커뮤니티 3,744,1,2.0
농협서울시지부장최세종,3,커뮤니티 3,744,1,2.0
육군참모차장중장,3,커뮤니티 3,744,1,2.0
농림부축산국장오준석,3,커뮤니티 3,744,1,2.0
청원자김용대,3,커뮤니티 3,744,1,2.0
유승원의원,3,커뮤니티 3,744,1,2.0
전라남도농촌진흥원장김만수,3,커뮤니티 3,744,1,2.0
농업진흥공사전라남도지사장윤두중,3,커뮤니티 3,744,1,2.0
수산업협동조합전라남도지부장윤완주,3,커뮤니티 3,744,1,2.0
농촌진흥청기획관리관유석재,3,커뮤니티 3,744,1,2.0
수산청기획관리관박영재,3,커뮤니티 3,744,1,2.0
서울특별시농업협동조합장유응선,3,커뮤니티 3,744,1,2.0
농어촌개발공사총재문방흠·한국마사회회장,3,커뮤니티 3,744,1,2.0
농업진흥공사기획실장이영열,3,커뮤니티 3,744,1,2.0
사무관김철,3,커뮤니티 3,744,1,2.0
수협충북도지부장정홍래,3,커뮤니티 3,744,1,2.0
중앙수산물검사소주문진지소장김용원,3,커뮤니티 3,744,1,2.0
행정서기관유만형,3,커뮤니티 3,744,1,2.0
충북농촌진흥원장정용석,3,커뮤니티 3,744,1,2.0
위원장한병기,3,커뮤니티 3,744,1,2.0
충청북도경찰국장박영호,3,커뮤니티 3,744,1,2.0
산림조합연합회경상북도지부장김영희,3,커뮤니티 3,744,1,2.0
농산물검사소대구지소장정수곤,3,커뮤니티 3,744,1,2.0
농업진흥공사대구지사장유만규,3,커뮤니티 3,744,1,2.0
산련경상북도지부장김영희,3,커뮤니티 3,744,1,2.0
수협경상북도지부장오주경,3,커뮤니티 3,744,1,2.0
농림부기획관리실장채관식,3,커뮤니티 3,744,1,2.0
농림부농지국기감고정하,3,커뮤니티 3,744,1,2.0
농림부수산국장김명년,3,커뮤니티 3,744,1,2.0
소위원장최서일,3,커뮤니티 3,744,1,2.0
김대중위원(계속),3,커뮤니티 3,744,1,2.0
전농림부장관차균희,3,커뮤니티 3,744,1,2.0
수산청차장김명년,3,커뮤니티 3,744,1,2.0
소위원장대리박찬,3,커뮤니티 3,744,1,2.0
소위원장대리신영주,3,커뮤니티 3,744,1,2.0
사무관이강여,3,커뮤니티 3,744,1,2.0
소위원장대리전휴상,3,커뮤니티 3,744,1,2.0
이상희의원(위원,3,커뮤니티 3,744,1,2.0
참고인이정우,3,커뮤니티 3,744,1,2.0
증인강우영,3,커뮤니티 3,744,1,2.0
속기사이용수,3,커뮤니티 3,744,1,2.0
박찬위원(계속),3,커뮤니티 3,744,1,2.0
농림부수산국장이봉래,3,커뮤니티 3,744,1,2.0
참고인이한림,3,커뮤니티 3,744,1,2.0
위원장류치송,3,커뮤니티 3,744,1,2.0
위원장최영근,3,커뮤니티 3,744,1,2.0
수산업협동조합중앙회장김재식,3,커뮤니티 3,744,1,2.0
참고인박원호,3,커뮤니티 3,744,1,2.0
산림조합연합회경기도지부장한세동,3,커뮤니티 3,744,1,2.0
토지개량조합연합회경기도지부장김용주,3,커뮤니티 3,744,1,2.0
전라남도지사김보현·전라남도농촌진흥원장,3,커뮤니티 3,744,1,2.0
산연경상북도지부장정병국,3,커뮤니티 3,744,1,2.0
제주도지사·제주농촌진흥원장·농협제주지부장·수협제주지부장·산련제주지부장(선,3,커뮤니티 3,744,1,2.0
전라남도수산국장제가,3,커뮤니티 3,744,1,2.0
수산업협동조합중앙회전라남도서구지부장오용주,3,커뮤니티 3,744,1,2.0
농촌진흥원장강성기,3,커뮤니티 3,744,1,2.0
산련제주도지부장홍성효,3,커뮤니티 3,744,1,2.0
농산물검사소서울지부장윤종연,3,커뮤니티 3,744,1,2.0
농업협동조합경기도지부장장진협,3,커뮤니티 3,744,1,2.0
국립생사검사소장이옥섭,3,커뮤니티 3,744,1,2.0
제1심사소위원장이영진,3,커뮤니티 3,744,1,2.0
한국마사회총무이사이두남,3,커뮤니티 3,744,1,2.0
한국마사회회장김덕승,3,커뮤니티 3,744,1,2.0
임목육종연구소장김갑성,3,커뮤니티 3,744,1,2.0
수산청장오정근·국립수산진흥원장,3,커뮤니티 3,744,1,2.0
수산개발공사사장함명수,3,커뮤니티 3,744,1,2.0
국립수산물검사소장탁영완,3,커뮤니티 3,744,1,2.0
최영근위원(계속),3,커뮤니티 3,744,1,2.0
농림부기획관리실장심창유,3,커뮤니티 3,744,1,2.0
위원장대리임갑수,3,커뮤니티 3,744,1,2.0
李敏祐의원(위원,3,커뮤니티 3,744,1,2.0
◯:,3,커뮤니티 3,744,1,2.0
의장비서실장박동윤,3,커뮤니티 3,744,1,2.0
송원영위원(계속),3,커뮤니티 3,744,1,2.0
전라북도산업국장조영호,3,커뮤니티 3,744,1,2.0
농업협동조합중앙회경기도지부장김향주,3,커뮤니티 3,744,1,2.0
농업협동조합중앙회경기도지부장김형주,3,커뮤니티 3,744,1,2.0
수산업협동조합중앙회경북지부장조원형,3,커뮤니티 3,744,1,2.0
토지개량조합연합회경북지부장문익환,3,커뮤니티 3,744,1,2.0
전라남도농촌진흥원장이종린,3,커뮤니티 3,744,1,2.0
강원도경찰국장하삼식,3,커뮤니티 3,744,1,2.0
강원도산업국수산과장최홍림,3,커뮤니티 3,744,1,2.0
전라남도농촌진흥원지도과장한용희,3,커뮤니티 3,744,1,2.0
전라남도농촌진흥원시험과장김일해,3,커뮤니티 3,744,1,2.0
부산직할시산업국장홍승순,3,커뮤니티 3,744,1,2.0
위원장대리이영진,3,커뮤니티 3,744,1,2.0
수협강원도지부장김봉호,3,커뮤니티 3,744,1,2.0
국립수산진흥원서해구시험소장황호영,3,커뮤니티 3,744,1,2.0
군산어업협동조합회장김병식,3,커뮤니티 3,744,1,2.0
농림부양정국장이득룡,3,커뮤니티 3,744,1,2.0
한국수산개발공사기획실장백운기,3,커뮤니티 3,744,1,2.0
한국수산개발공사사장함명수,3,커뮤니티 3,744,1,2.0
중앙수산물검사소장직무대리송주인,3,커뮤니티 3,744,1,2.0
대한산림조합연합회충청남도지부장신석영,3,커뮤니티 3,744,1,2.0
수산청시설국장강용순,3,커뮤니티 3,744,1,2.0
농림부동물검역소장임윤희,3,커뮤니티 3,744,1,2.0
수산개발공사이사조운현,3,커뮤니티 3,744,1,2.0
이영진의원,3,커뮤니티 3,744,1,2.0
김대중위원,4,커뮤니티 4,701,4482,8952.0
고흥문위원,4,커뮤니티 4,701,4342,8438.0
위원장양순직,4,커뮤니티 4,701,3980,7016.0
경제기획원장관장기영,4,커뮤니티 4,701,2920,5642.0
위원장김성곤,4,커뮤니티 4,701,2435,4293.0
이충환위원,4,커뮤니티 4,701,2084,4162.0
이중재위원,4,커뮤니티 4,701,1697,3337.0
이병옥위원,4,커뮤니티 4,701,1581,3146.0
위원장김재순,4,커뮤니티 4,701,1734,2993.0
이재형위원,4,커뮤니티 4,701,1167,2322.0
이상철위원,4,커뮤니티 4,701,867,1734.0
박종태위원,4,커뮤니티 4,701,872,1726.0
위원장구태회,4,커뮤니티 4,701,1002,1636.0
박삼준위원,4,커뮤니티 4,701,763,1498.0
경제기획원장관박충훈,4,커뮤니티 4,701,725,1450.0
김상흠위원,4,커뮤니티 4,701,729,1440.0
최수룡위원,4,커뮤니티 4,701,707,1396.0
위원장김진만,4,커뮤니티 4,701,741,1367.0
위원장대리김주인,4,커뮤니티 4,701,725,1360.0
재무부장관황종률,4,커뮤니티 4,701,678,1356.0
이남준위원,4,커뮤니티 4,701,609,1218.0
이호범위원,4,커뮤니티 4,701,552,1100.0
재무부장관남덕우,4,커뮤니티 4,701,521,1040.0
경제기획원장관김학렬,4,커뮤니티 4,701,496,992.0
조일환위원,4,커뮤니티 4,701,494,986.0
류창열위원,4,커뮤니티 4,701,496,966.0
반장김재순,4,커뮤니티 4,701,540,938.0
김주인위원,4,커뮤니티 4,701,469,932.0
위원장대리이충환,4,커뮤니티 4,701,469,924.0
정해영위원,4,커뮤니티 4,701,447,886.0
경제기획원차관김학렬,4,커뮤니티 4,701,431,858.0
위원장안동준,4,커뮤니티 4,701,481,840.0
김용순위원,4,커뮤니티 4,701,413,823.0
재무부장관서봉균,4,커뮤니티 4,701,403,806.0
전문위원정인호,4,커뮤니티 4,701,402,801.0
정태성위원,4,커뮤니티 4,701,398,790.0
김재순위원,4,커뮤니티 4,701,387,774.0
재무부장관김정렴,4,커뮤니티 4,701,384,766.0
위원장대리이병옥,4,커뮤니티 4,701,408,740.0
위원장인태식,4,커뮤니티 4,701,399,692.0
경제기획원차관장예준,4,커뮤니티 4,701,337,674.0
김창근위원,4,커뮤니티 4,701,323,644.0
전문위원이진수,4,커뮤니티 4,701,320,640.0
경제기획원차관김태동,4,커뮤니티 4,701,314,628.0
전매청장박정훈,4,커뮤니티 4,701,303,606.0
오상직위원,4,커뮤니티 4,701,306,600.0
위원장대리김상흠,4,커뮤니티 4,701,314,592.0
위원장대리이만섭,4,커뮤니티 4,701,307,591.0
재무부장관이정환,4,커뮤니티 4,701,294,588.0
증인이병서,4,커뮤니티 4,701,289,578.0
신동준위원,4,커뮤니티 4,701,277,548.0
위원장대리김재순,4,커뮤니티 4,701,304,531.0
반장양순직,4,커뮤니티 4,701,298,527.0
재무부장관홍승희,4,커뮤니티 4,701,250,500.0
전문위원이태성,4,커뮤니티 4,701,242,484.0
양순직위원,4,커뮤니티 4,701,244,482.0
재무부장관박동규,4,커뮤니티 4,701,238,476.0
전매청장신관섭,4,커뮤니티 4,701,234,466.0
증인김재하,4,커뮤니티 4,701,225,450.0
재무부장관김학렬,4,커뮤니티 4,701,219,438.0
이재만위원,4,커뮤니티 4,701,219,430.0
국세청장이낙선,4,커뮤니티 4,701,212,424.0
유청위원,4,커뮤니티 4,701,222,420.0
재무부차관정소영,4,커뮤니티 4,701,202,404.0
편용호위원,4,커뮤니티 4,701,200,400.0
재무부차관이호범,4,커뮤니티 4,701,195,390.0
증인주영달,4,커뮤니티 4,701,195,388.0
과학기술처장관김기형,4,커뮤니티 4,701,191,382.0
조달청장김원희,4,커뮤니티 4,701,190,380.0
김용채위원,4,커뮤니티 4,701,172,340.0
재무부사세국장김동수,4,커뮤니티 4,701,168,336.0
재무부기획관리실장최각규,4,커뮤니티 4,701,168,336.0
위원장대리김장섭,4,커뮤니티 4,701,175,326.0
김유탁위원,4,커뮤니티 4,701,157,312.0
농업협동조합중앙회장서봉균,4,커뮤니티 4,701,153,306.0
박규상위원,4,커뮤니티 4,701,149,298.0
위원장대리오상직,4,커뮤니티 4,701,167,295.0
전매청장황이수,4,커뮤니티 4,701,140,280.0
서기관백형익,4,커뮤니티 4,701,138,274.0
증인이창희,4,커뮤니티 4,701,139,272.0
증인송민석,4,커뮤니티 4,701,134,268.0
구태회위원,4,커뮤니티 4,701,133,266.0
경제기획원예산국장진봉현,4,커뮤니티 4,701,132,264.0
증인이일섭,4,커뮤니티 4,701,132,262.0
경제기획원장관김유택,4,커뮤니티 4,701,131,262.0
위원장대리이재만,4,커뮤니티 4,701,140,257.0
상공부차관김우근,4,커뮤니티 4,701,127,254.0
재무부세제국장남상진,4,커뮤니티 4,701,126,252.0
증인김광홍,4,커뮤니티 4,701,123,246.0
증인강신경,4,커뮤니티 4,701,121,242.0
장영순위원,4,커뮤니티 4,701,120,240.0
위원장대리김유탁,4,커뮤니티 4,701,128,237.0
국세청장오정근,4,커뮤니티 4,701,116,232.0
참고인한옥신,4,커뮤니티 4,701,112,224.0
재무부장관직무대리서봉균,4,커뮤니티 4,701,109,218.0
위원장대리김두현,4,커뮤니티 4,701,110,208.0
안동준위원,4,커뮤니티 4,701,104,208.0
신용남위원,4,커뮤니티 4,701,103,206.0
민관식위원,4,커뮤니티 4,701,101,202.0
위원장대리김대중,4,커뮤니티 4,701,110,199.0
김도연위원,4,커뮤니티 4,701,99,198.0
증인황보용,4,커뮤니티 4,701,95,190.0
증인정덕교,4,커뮤니티 4,701,94,188.0
이사배민홍,4,커뮤니티 4,701,87,174.0
이우현위원,4,커뮤니티 4,701,86,172.0
전문위원김행옥,4,커뮤니티 4,701,85,170.0
위원장대리박규상,4,커뮤니티 4,701,101,168.0
증인김서현,4,커뮤니티 4,701,83,166.0
증인손태봉,4,커뮤니티 4,701,83,166.0
한국은행총재김세련,4,커뮤니티 4,701,81,162.0
반장이만섭,4,커뮤니티 4,701,82,159.0
관세청장이택규,4,커뮤니티 4,701,79,158.0
산업은행총재이정환,4,커뮤니티 4,701,77,152.0
증인박봉춘,4,커뮤니티 4,701,76,152.0
경제기획원경제협력국장정문도,4,커뮤니티 4,701,75,150.0
위원장대리한통숙,4,커뮤니티 4,701,75,148.0
재무부기획관리실장김원기,4,커뮤니티 4,701,73,146.0
국세청기획관리관조진희,4,커뮤니티 4,701,72,144.0
청장김재덕,4,커뮤니티 4,701,70,140.0
재무부사세국장배숙,4,커뮤니티 4,701,70,140.0
한국산업은행총재이정환,4,커뮤니티 4,701,69,138.0
재무부세관국장백경복,4,커뮤니티 4,701,67,134.0
한국산업은행총재김영휘,4,커뮤니티 4,701,67,134.0
한국은행총재서진수,4,커뮤니티 4,701,67,134.0
증인황종률,4,커뮤니티 4,701,65,130.0
한국은행총재김성환,4,커뮤니티 4,701,64,128.0
농업협동조합중앙회회장문방흠,4,커뮤니티 4,701,63,126.0
서울지방국세청장이철성,4,커뮤니티 4,701,62,124.0
반장대리김유탁,4,커뮤니티 4,701,63,123.0
재무부기획관리실장민영훈,4,커뮤니티 4,701,61,122.0
소공세무서장임영득,4,커뮤니티 4,701,61,122.0
김유택위원,4,커뮤니티 4,701,61,122.0
반장이상철,4,커뮤니티 4,701,62,120.0
서기관박노주,4,커뮤니티 4,701,58,116.0
참고인한승헌,4,커뮤니티 4,701,56,112.0
중소기업은행장서진수,4,커뮤니티 4,701,56,112.0
증인심이섭,4,커뮤니티 4,701,55,110.0
청장장재식,4,커뮤니티 4,701,54,108.0
증인우인기,4,커뮤니티 4,701,54,106.0
조달청장고재일,4,커뮤니티 4,701,53,106.0
국민은행장박대진,4,커뮤니티 4,701,53,106.0
전매청기획관리관류홍탁,4,커뮤니티 4,701,53,106.0
재무부차관서봉균,4,커뮤니티 4,701,53,106.0
사장정인환,4,커뮤니티 4,701,52,104.0
증인임규환,4,커뮤니티 4,701,50,100.0
총재김영휘,4,커뮤니티 4,701,50,100.0
농업협동조합중앙회부회장김기봉,4,커뮤니티 4,701,49,98.0
서울세관장김유하,4,커뮤니티 4,701,48,96.0
부산세관장문용섭,4,커뮤니티 4,701,48,96.0
한국조폐공사사장이치영,4,커뮤니티 4,701,48,96.0
경제기획원경제협력국공공차관과장황병태,4,커뮤니티 4,701,47,94.0
위원장대리김원만,4,커뮤니티 4,701,53,93.0
김성곤위원,4,커뮤니티 4,701,46,92.0
반장대리김두현,4,커뮤니티 4,701,46,92.0
대한재보험공사사장정인환,4,커뮤니티 4,701,43,86.0
한국외환은행장홍승희,4,커뮤니티 4,701,43,86.0
증인안경렬,4,커뮤니티 4,701,43,86.0
증인김상원,4,커뮤니티 4,701,42,84.0
경제기획원기획차관보진봉현,4,커뮤니티 4,701,42,84.0
영남국토건설국장장달진,4,커뮤니티 4,701,42,84.0
한국투자개발공사총재김홍경,4,커뮤니티 4,701,41,80.0
증인신직수,4,커뮤니티 4,701,40,80.0
재무부차관이재설,4,커뮤니티 4,701,40,80.0
회장서봉균,4,커뮤니티 4,701,40,80.0
위원장대리박종태,4,커뮤니티 4,701,40,80.0
한국주택은행장김진흥,4,커뮤니티 4,701,39,78.0
청장최기연,4,커뮤니티 4,701,38,76.0
은행감독원장문상철,4,커뮤니티 4,701,38,76.0
반장대리김주인,4,커뮤니티 4,701,40,74.0
증인오원철,4,커뮤니티 4,701,37,74.0
증인이동길,4,커뮤니티 4,701,37,74.0
은행장정우창,4,커뮤니티 4,701,37,74.0
증인권오병,4,커뮤니티 4,701,37,74.0
한국전력주식회사사장김일환,4,커뮤니티 4,701,37,74.0
증인김준연,4,커뮤니티 4,701,36,72.0
지부장이경훈,4,커뮤니티 4,701,36,72.0
청장고재일,4,커뮤니티 4,701,36,72.0
재무부외환국장이재설,4,커뮤니티 4,701,36,72.0
부산진세무서장노동권,4,커뮤니티 4,701,36,72.0
반장김두현,4,커뮤니티 4,701,38,71.0
농업협동조합중앙회장신명순,4,커뮤니티 4,701,35,70.0
인천세관장남옥현,4,커뮤니티 4,701,35,70.0
서장조한창,4,커뮤니티 4,701,34,68.0
대한손해재보험공사부사장김교식,4,커뮤니티 4,701,34,68.0
증인이영복,4,커뮤니티 4,701,33,66.0
조달청기획관리관강홍모,4,커뮤니티 4,701,33,66.0
증권거래소이사장이명재,4,커뮤니티 4,701,33,66.0
경제기획원기획관리실장정재석,4,커뮤니티 4,701,33,66.0
증인조병집,4,커뮤니티 4,701,32,64.0
전매청생산국장박동희,4,커뮤니티 4,701,32,64.0
이사장이동수,4,커뮤니티 4,701,32,64.0
부산지방해운국장유덕준,4,커뮤니티 4,701,32,64.0
중소기업은행장서병찬,4,커뮤니티 4,701,32,64.0
증인김선기,4,커뮤니티 4,701,31,62.0
청장나오연,4,커뮤니티 4,701,31,62.0
세무서장차용극,4,커뮤니티 4,701,30,60.0
전매청기획관리관정재철,4,커뮤니티 4,701,30,60.0
경제기획원종합기획국장우윤희,4,커뮤니티 4,701,30,60.0
서울연초제조창장이응철,4,커뮤니티 4,701,30,60.0
반장편용호,4,커뮤니티 4,701,31,58.0
내무위원장길재호,4,커뮤니티 4,701,30,58.0
증인하상안,4,커뮤니티 4,701,29,58.0
증인문용섭,4,커뮤니티 4,701,29,58.0
산업은행이사김민호,4,커뮤니티 4,701,29,58.0
재무부재정차관보장덕진,4,커뮤니티 4,701,29,58.0
증권거래소이사장김영근,4,커뮤니티 4,701,29,58.0
반장김유탁,4,커뮤니티 4,701,32,57.0
김포세관장최정수,4,커뮤니티 4,701,28,56.0
위원과장이필용,4,커뮤니티 4,701,28,56.0
서울세관장권혁종,4,커뮤니티 4,701,28,56.0
증인이두환,4,커뮤니티 4,701,28,54.0
재무부세정차관보최각규,4,커뮤니티 4,701,28,54.0
서울세관감시국장이안해,4,커뮤니티 4,701,27,54.0
재무부국고국장민영훈,4,커뮤니티 4,701,27,54.0
중부세무서장황하주,4,커뮤니티 4,701,27,54.0
회장신명순,4,커뮤니티 4,701,26,52.0
반장대리이재만,4,커뮤니티 4,701,26,51.0
대구연초제조창장박봉진,4,커뮤니티 4,701,25,50.0
한국은행이사윤승두,4,커뮤니티 4,701,25,50.0
재무부기획관리실장조충훈,4,커뮤니티 4,701,25,50.0
증인이호범,4,커뮤니티 4,701,25,50.0
참고인성상영,4,커뮤니티 4,701,24,48.0
참고인이용훈,4,커뮤니티 4,701,24,48.0
재무부세관국장최각규,4,커뮤니티 4,701,24,48.0
세관장김역수,4,커뮤니티 4,701,23,46.0
국세청차장배숙,4,커뮤니티 4,701,23,46.0
조달청관리국장한상구,4,커뮤니티 4,701,23,46.0
국세청간세국장장태명,4,커뮤니티 4,701,23,46.0
경제기획원민간차관과장김형국,4,커뮤니티 4,701,33,44.0
반장김성곤,4,커뮤니티 4,701,27,44.0
총재이병준,4,커뮤니티 4,701,22,44.0
전매청업무국장명동근,4,커뮤니티 4,701,22,44.0
건설부관리국장김세종,4,커뮤니티 4,701,22,44.0
지점장백윤석,4,커뮤니티 4,701,21,42.0
재무부재정차관보민영훈,4,커뮤니티 4,701,21,42.0
재무부재정차관보이재설,4,커뮤니티 4,701,21,42.0
경제기획원경제협력국장황병태,4,커뮤니티 4,701,21,42.0
위원장대리정헌조,4,커뮤니티 4,701,21,42.0
서울세관장박동희,4,커뮤니티 4,701,20,40.0
위원장대리李敏雨,4,커뮤니티 4,701,20,40.0
인천세관장임영득,4,커뮤니티 4,701,20,40.0
사무관박영달,4,커뮤니티 4,701,20,40.0
은행감독원장김성환,4,커뮤니티 4,701,20,40.0
이종근의원(위원,4,커뮤니티 4,701,19,38.0
차장최운지,4,커뮤니티 4,701,19,38.0
재무부세관국장명동근,4,커뮤니티 4,701,19,38.0
전문위원길정기,4,커뮤니티 4,701,19,38.0
경제기획원공공차관과장황병태,4,커뮤니티 4,701,19,38.0
한국은행업무담당이사김성환,4,커뮤니티 4,701,19,38.0
경제기획원조사통계국장함만준,4,커뮤니티 4,701,19,38.0
국민은행장정우창,4,커뮤니티 4,701,19,38.0
한국증권거래소상무이사이현상,4,커뮤니티 4,701,18,36.0
중소기업은행장정우창,4,커뮤니티 4,701,18,36.0
한국조폐공사사장최홍순,4,커뮤니티 4,701,18,36.0
교통체신위원장박승규,4,커뮤니티 4,701,18,36.0
한국은행총재김세연,4,커뮤니티 4,701,18,36.0
증인이선중,4,커뮤니티 4,701,18,36.0
산업은행총재홍승희,4,커뮤니티 4,701,18,36.0
대구지방국세청장조성훈,4,커뮤니티 4,701,17,34.0
외환은행전무이사정원훈,4,커뮤니티 4,701,17,34.0
재정경제위원장대리김재순,4,커뮤니티 4,701,16,32.0
전매청관리국장권태방,4,커뮤니티 4,701,16,32.0
사장신관섭,4,커뮤니티 4,701,16,32.0
인천세무서장박유식,4,커뮤니티 4,701,16,32.0
감독원장문상철,4,커뮤니티 4,701,15,30.0
경제기획원경제기획국장우윤희,4,커뮤니티 4,701,15,30.0
농업협동조합중앙회부회장고상겸,4,커뮤니티 4,701,15,30.0
농업진흥공사총재이계순,4,커뮤니티 4,701,15,30.0
전매청차장백경복,4,커뮤니티 4,701,15,30.0
세관장김경식,4,커뮤니티 4,701,14,28.0
이사박은회,4,커뮤니티 4,701,14,28.0
위원장대리이중재,4,커뮤니티 4,701,14,28.0
국세청기획관리관엄빈,4,커뮤니티 4,701,14,28.0
신탄진연초제조창장이병호,4,커뮤니티 4,701,14,28.0
한국산업은행이사김민호,4,커뮤니티 4,701,14,28.0
대구지방국세청장배도,4,커뮤니티 4,701,14,28.0
세관장박봉환,4,커뮤니티 4,701,14,28.0
소위원장김상흠,4,커뮤니티 4,701,14,28.0
농림위원장대리전휴상,4,커뮤니티 4,701,13,26.0
증인김용순,4,커뮤니티 4,701,13,26.0
은행장홍승희,4,커뮤니티 4,701,13,26.0
경제기획원운영차관보정문도,4,커뮤니티 4,701,13,26.0
부산세관장조충훈,4,커뮤니티 4,701,13,26.0
청장김원희,4,커뮤니티 4,701,13,26.0
서울지방국세청장장재식,4,커뮤니티 4,701,13,26.0
부이사관김종인,4,커뮤니티 4,701,13,26.0
한국산업은행이사이종구,4,커뮤니티 4,701,13,26.0
한국투자개발공사부총재이만기,4,커뮤니티 4,701,13,26.0
서울민사지방법원부장판사이경호,4,커뮤니티 4,701,13,26.0
증인명동근,4,커뮤니티 4,701,13,24.0
국립지질연구소장이정환,4,커뮤니티 4,701,12,24.0
한국증권거래소이사장박승준,4,커뮤니티 4,701,12,24.0
전무이사이현상,4,커뮤니티 4,701,12,24.0
국민은행장문상철,4,커뮤니티 4,701,12,24.0
청장서영철,4,커뮤니티 4,701,12,24.0
원자력청장이상수,4,커뮤니티 4,701,12,24.0
증인박덕경,4,커뮤니티 4,701,12,24.0
개인세과장임치갑,4,커뮤니티 4,701,12,24.0
국세청직세국장나오연,4,커뮤니티 4,701,12,24.0
전매청기획관리관최운지,4,커뮤니티 4,701,12,24.0
대전지방국세청장황화주,4,커뮤니티 4,701,12,24.0
경제기획원기술관리국장전상근,4,커뮤니티 4,701,12,24.0
참고인김영주,4,커뮤니티 4,701,12,22.0
서울세관감시과장신영수,4,커뮤니티 4,701,11,22.0
김포출장소장정재만,4,커뮤니티 4,701,11,22.0
위원과장유용규,4,커뮤니티 4,701,11,22.0
사무관하경훈,4,커뮤니티 4,701,11,22.0
반장이병옥,4,커뮤니티 4,701,15,20.0
서기관유용규,4,커뮤니티 4,701,11,20.0
위원장대리김병순,4,커뮤니티 4,701,11,20.0
전매청기획관리관류홍택,4,커뮤니티 4,701,11,20.0
포항종합제철주식회사부사장고준식,4,커뮤니티 4,701,10,20.0
경제기획원경제기획국장우용해,4,커뮤니티 4,701,10,20.0
참고인김재명,4,커뮤니티 4,701,10,20.0
재무부이재국장명동근,4,커뮤니티 4,701,10,20.0
외환은행장홍승희,4,커뮤니티 4,701,10,20.0
경제기획원총무과장유병호,4,커뮤니티 4,701,10,20.0
공장장손문창,4,커뮤니티 4,701,10,20.0
재무부외환국외환계장정인용,4,커뮤니티 4,701,10,20.0
임시위원장김원만,4,커뮤니티 4,701,12,18.0
한국지하수개발공사장임원석,4,커뮤니티 4,701,9,18.0
과학기술처기획관리실장이응선,4,커뮤니티 4,701,9,18.0
경작과장신영균,4,커뮤니티 4,701,9,18.0
충주비료주식회사장박진석,4,커뮤니티 4,701,9,18.0
증인이택규,4,커뮤니티 4,701,9,18.0
이사홍완모,4,커뮤니티 4,701,9,18.0
건설부법무관남덕현,4,커뮤니티 4,701,9,18.0
국세청세정감독관박영호,4,커뮤니티 4,701,9,18.0
한국조폐공사사장이치령,4,커뮤니티 4,701,9,18.0
재무부기획관리실장신관섭,4,커뮤니티 4,701,9,18.0
김포세관장김경식,4,커뮤니티 4,701,9,18.0
과학기술처기획관리실장김영한,4,커뮤니티 4,701,9,18.0
전문위원정영환,4,커뮤니티 4,701,9,18.0
중부지방국세청장장재식,4,커뮤니티 4,701,9,18.0
위원장대리김창근,4,커뮤니티 4,701,11,16.0
한국은행이사김봉은,4,커뮤니티 4,701,8,16.0
농업협동조합중앙회장문방흠,4,커뮤니티 4,701,8,16.0
경제기획원총무과장강용순,4,커뮤니티 4,701,8,16.0
전매청예산관홍형기,4,커뮤니티 4,701,8,16.0
소위원장대리이병옥,4,커뮤니티 4,701,8,16.0
재무부이재국장김창희,4,커뮤니티 4,701,8,16.0
전매청주계과장백찬기,4,커뮤니티 4,701,8,16.0
장경순의원(위원,4,커뮤니티 4,701,8,16.0
창장박찬현,4,커뮤니티 4,701,8,16.0
남부산세무서장정인기,4,커뮤니티 4,701,8,16.0
경제기획원예산총괄과장김주남,4,커뮤니티 4,701,8,16.0
소공동세무서장차용극,4,커뮤니티 4,701,8,16.0
한국은행감독원장문상철,4,커뮤니티 4,701,8,16.0
김포세관장김역수,4,커뮤니티 4,701,8,16.0
증인김병화,4,커뮤니티 4,701,8,16.0
기획관리관임영득,4,커뮤니티 4,701,8,16.0
한강세무서장길경식,4,커뮤니티 4,701,8,16.0
증인서주연,4,커뮤니티 4,701,8,16.0
부산지방국세청장나오연,4,커뮤니티 4,701,7,14.0
재무부세관국장조충훈,4,커뮤니티 4,701,7,14.0
한국산업은행총재홍승희,4,커뮤니티 4,701,7,14.0
경제기획원예산국장김주남,4,커뮤니티 4,701,7,14.0
국세청기획관리관노용환,4,커뮤니티 4,701,7,14.0
농림부농정국장남욱,4,커뮤니티 4,701,7,14.0
한국은행이사정원훈,4,커뮤니티 4,701,7,14.0
한국조폐공사제지사업부장선우요,4,커뮤니티 4,701,7,14.0
부사장전민제,4,커뮤니티 4,701,7,14.0
재무부세정차관보백경복,4,커뮤니티 4,701,7,14.0
전매청기획관리관임영득,4,커뮤니티 4,701,7,14.0
농림부농정차관보김용환,4,커뮤니티 4,701,7,14.0
증인정소영,4,커뮤니티 4,701,6,12.0
국방부군수국장정영모,4,커뮤니티 4,701,6,12.0
유승원위원,4,커뮤니티 4,701,6,12.0
소위원장오상직,4,커뮤니티 4,701,6,12.0
조사과장설찬수,4,커뮤니티 4,701,6,12.0
이사최갑수,4,커뮤니티 4,701,6,12.0
은행장김진흥,4,커뮤니티 4,701,6,12.0
간세국장배도,4,커뮤니티 4,701,6,12.0
이재한위원,4,커뮤니티 4,701,6,12.0
이현재의원(위원,4,커뮤니티 4,701,6,12.0
서기관박노위,4,커뮤니티 4,701,6,12.0
전매청조달과운수계장채경식,4,커뮤니티 4,701,6,12.0
경제기획원경제기획국장이희일,4,커뮤니티 4,701,6,12.0
재무부이재국장백경복,4,커뮤니티 4,701,6,12.0
재무부세정차관보김원기,4,커뮤니티 4,701,6,12.0
증인김재명,4,커뮤니티 4,701,6,12.0
증인김동철,4,커뮤니티 4,701,6,12.0
김상흠의원,4,커뮤니티 4,701,6,12.0
재무부징세과장이택영,4,커뮤니티 4,701,6,12.0
서울세관징수과장고병헌,4,커뮤니티 4,701,6,12.0
정래정의원(위원,4,커뮤니티 4,701,6,12.0
진형하의원(위원,4,커뮤니티 4,701,6,12.0
조달청외자국장김의훈,4,커뮤니티 4,701,6,12.0
재무부기획관리실장유길상,4,커뮤니티 4,701,6,12.0
반장대리이병옥,4,커뮤니티 4,701,7,11.0
위원장대리신인우,4,커뮤니티 4,701,9,10.0
한국전력주식회사장정래혁,4,커뮤니티 4,701,5,10.0
위원장대리편용호,4,커뮤니티 4,701,5,10.0
국방부군수차관보신원식,4,커뮤니티 4,701,5,10.0
조달청기획관리관박기종,4,커뮤니티 4,701,5,10.0
전매청기획예산관홍현기,4,커뮤니티 4,701,5,10.0
한국산업은행이사배민홍,4,커뮤니티 4,701,5,10.0
법무부법무국장이경호,4,커뮤니티 4,701,5,10.0
재무부국고국장김영일,4,커뮤니티 4,701,5,10.0
대한재보험공사부사장이종진,4,커뮤니티 4,701,5,10.0
경제기획원경제협력국민간차관과장김형국,4,커뮤니티 4,701,5,10.0
한국외환은행전무이사정원훈,4,커뮤니티 4,701,5,10.0
직세과장노병원,4,커뮤니티 4,701,5,10.0
이사이만기,4,커뮤니티 4,701,5,10.0
재무부세관국장임영득,4,커뮤니티 4,701,5,10.0
오학진의원,4,커뮤니티 4,701,5,10.0
상공위원장대리정태성,4,커뮤니티 4,701,5,10.0
관세청차장최운지,4,커뮤니티 4,701,5,10.0
증인김학렬,4,커뮤니티 4,701,5,10.0
기획관리관오세영,4,커뮤니티 4,701,5,10.0
재무부간세국장이달형,4,커뮤니티 4,701,5,10.0
서울세관세무국장정만인,4,커뮤니티 4,701,5,10.0
부정축재환수관리위원회사무국장이홍진,4,커뮤니티 4,701,5,10.0
중소기업은행전무이사김홍경,4,커뮤니티 4,701,5,10.0
전매청관리국장류길상,4,커뮤니티 4,701,5,10.0
위원장직무대행김정렬,4,커뮤니티 4,701,7,9.0
반장대리이만섭,4,커뮤니티 4,701,5,8.0
서울지방국세청장나오연,4,커뮤니티 4,701,4,8.0
대한준설공사업무이사이문혁,4,커뮤니티 4,701,4,8.0
한국수산개발공사장박원빈,4,커뮤니티 4,701,4,8.0
경제기획원경제협력국외자총괄과장양윤세,4,커뮤니티 4,701,4,8.0
전무이사서정국,4,커뮤니티 4,701,4,8.0
한국조폐공사관리담당이사김운숙,4,커뮤니티 4,701,4,8.0
경제기획원조사통계국장황병태,4,커뮤니티 4,701,4,8.0
법인세과장박상학,4,커뮤니티 4,701,4,8.0
전매청차장손병일,4,커뮤니티 4,701,4,8.0
상공부표준국장이상섭,4,커뮤니티 4,701,4,8.0
건설위원장대리양극필,4,커뮤니티 4,701,4,8.0
국세청차장김재덕,4,커뮤니티 4,701,4,8.0
산업은행업무담당이사배민홍,4,커뮤니티 4,701,4,8.0
서울지방국세청징세조사국장송변성,4,커뮤니티 4,701,4,8.0
대한석유공사업무부장노춘우,4,커뮤니티 4,701,4,8.0
전매청생산국장권태방,4,커뮤니티 4,701,4,8.0
소위원장이병옥,4,커뮤니티 4,701,4,8.0
국세청직세국장배숙,4,커뮤니티 4,701,4,8.0
이사서병규,4,커뮤니티 4,701,4,8.0
산업은행총재김영휘,4,커뮤니티 4,701,4,8.0
한국증권거래소이사장이동수,4,커뮤니티 4,701,4,8.0
한국증권거래소전무이사백충흠,4,커뮤니티 4,701,4,8.0
한국은행조사부장홍완모,4,커뮤니티 4,701,4,8.0
반장대리김용순,4,커뮤니티 4,701,4,8.0
중소기업은행이사황주룡,4,커뮤니티 4,701,4,8.0
농어촌개발공사부총재문방흠,4,커뮤니티 4,701,3,6.0
김재소의원(위원,4,커뮤니티 4,701,3,6.0
전매청차장최영환,4,커뮤니티 4,701,3,6.0
한국조폐공사관리이사김운숙,4,커뮤니티 4,701,3,6.0
차장배숙,4,커뮤니티 4,701,3,6.0
문교부보통교육국장손영경,4,커뮤니티 4,701,3,6.0
이재부장박봉환,4,커뮤니티 4,701,3,6.0
한국산업은행부총재김민호,4,커뮤니티 4,701,3,6.0
상공부광무국금속과장김철,4,커뮤니티 4,701,3,6.0
간세과장정희철,4,커뮤니티 4,701,3,6.0
재무부국고국장민영환,4,커뮤니티 4,701,3,6.0
경제기획원기획관리실장이문탁,4,커뮤니티 4,701,3,6.0
법제사법위원장대리김우영(계속),4,커뮤니티 4,701,3,6.0
재무부세관국감정과장박봉진,4,커뮤니티 4,701,3,6.0
경제기획원기획차관보진윤현,4,커뮤니티 4,701,3,6.0
반장대리강상욱,4,커뮤니티 4,701,3,6.0
대한석유공사경리부장김재호,4,커뮤니티 4,701,3,6.0
소공세무서조사과장엄의영,4,커뮤니티 4,701,3,6.0
한국조폐공사총무부장박재진,4,커뮤니티 4,701,3,6.0
증권거래소상무이사김승준,4,커뮤니티 4,701,3,6.0
국세청간세국장이달형,4,커뮤니티 4,701,3,6.0
반장대리편용호,4,커뮤니티 4,701,3,6.0
이사윤당,4,커뮤니티 4,701,3,6.0
한국은행이사김성환,4,커뮤니티 4,701,3,6.0
증인이보형,4,커뮤니티 4,701,3,6.0
재무부이재국증권과장권혁종,4,커뮤니티 4,701,3,6.0
공보부기획관리실예산담당관홍태환,4,커뮤니티 4,701,3,6.0
재무부차관고범준,4,커뮤니티 4,701,3,6.0
관세청기획관리관오세영,4,커뮤니티 4,701,3,6.0
조달청내자국장김택훈,4,커뮤니티 4,701,3,6.0
대한손해재보험공사사장정규황,4,커뮤니티 4,701,3,6.0
임시위원장이상철,4,커뮤니티 4,701,5,5.0
임시위원장조경한,4,커뮤니티 4,701,4,4.0
조달청기획관리관유상규,4,커뮤니티 4,701,2,4.0
부정축재환수위원회사무국장이홍진,4,커뮤니티 4,701,2,4.0
경제기획원운영차관보장예준,4,커뮤니티 4,701,2,4.0
경제기획원조사통계국장오홍근,4,커뮤니티 4,701,2,4.0
전매청업무국장홍승환,4,커뮤니티 4,701,2,4.0
재무부사세국징세과장배숙,4,커뮤니티 4,701,2,4.0
전문위원정헌호,4,커뮤니티 4,701,2,4.0
대구서부세무서직세1과장이기돈,4,커뮤니티 4,701,2,4.0
부산진세무서장권태호,4,커뮤니티 4,701,2,4.0
한국은행부총재홍용혜,4,커뮤니티 4,701,2,4.0
한일은행장김진흥,4,커뮤니티 4,701,2,4.0
반장오상직,4,커뮤니티 4,701,2,4.0
한국조폐공사관리부장황염구,4,커뮤니티 4,701,2,4.0
반장대리오상직,4,커뮤니티 4,701,2,4.0
농업협동조합중앙회비료과장그런,4,커뮤니티 4,701,2,4.0
서울지방국세청조사국장천명섭,4,커뮤니티 4,701,2,4.0
서울세관총무과장강석진,4,커뮤니티 4,701,2,4.0
조달청외자국장류상규,4,커뮤니티 4,701,2,4.0
조달청예산계장안영호,4,커뮤니티 4,701,2,4.0
서울지방국세청부과국장오기상,4,커뮤니티 4,701,2,4.0
재무부기획관리실장박승복,4,커뮤니티 4,701,2,4.0
한국산업은행이사홍규헌,4,커뮤니티 4,701,2,4.0
서울연초제조창관리과장박영철,4,커뮤니티 4,701,2,4.0
서울연초제조창회계과장오연영,4,커뮤니티 4,701,2,4.0
이사이태호,4,커뮤니티 4,701,2,4.0
이성수의원(위원,4,커뮤니티 4,701,2,4.0
생산국장김광정,4,커뮤니티 4,701,2,4.0
이사박태규,4,커뮤니티 4,701,2,4.0
위원장대리김상영,4,커뮤니티 4,701,2,4.0
경제기획원기획차관보우용해,4,커뮤니티 4,701,2,4.0
법제사법위원장대리김영복,4,커뮤니티 4,701,2,4.0
국방위원장대리김정근,4,커뮤니티 4,701,2,4.0
"청장첫째,",4,커뮤니티 4,701,2,4.0
소장전하진,4,커뮤니티 4,701,2,4.0
인삼과장윤재하,4,커뮤니티 4,701,2,4.0
농업협동중앙회회장신명순,4,커뮤니티 4,701,2,4.0
개인세과장황재만,4,커뮤니티 4,701,2,4.0
건설부기획관리실기획예산담당관이양제,4,커뮤니티 4,701,2,4.0
이사박태진,4,커뮤니티 4,701,2,4.0
서울세관조사국장김영락,4,커뮤니티 4,701,2,4.0
재무부이재국보험과장조성래,4,커뮤니티 4,701,2,4.0
한국산업은행특수관리조사이사심원택,4,커뮤니티 4,701,2,4.0
위원장대리김수한,4,커뮤니티 4,701,2,4.0
국세청징세국장엄빈,4,커뮤니티 4,701,2,4.0
한국개발금융주식회사대표이사김진형,4,커뮤니티 4,701,2,4.0
전매청기획관리관박동희,4,커뮤니티 4,701,2,4.0
정진동의원(위원,4,커뮤니티 4,701,2,4.0
김삼상의원(위원,4,커뮤니티 4,701,2,4.0
국민은행수석이사최병일,4,커뮤니티 4,701,2,4.0
조달청차장손석창,4,커뮤니티 4,701,2,4.0
재무부세관국관세과장조충훈,4,커뮤니티 4,701,2,4.0
건설위원회전문위원박영준,4,커뮤니티 4,701,2,4.0
임시위원장박기출,4,커뮤니티 4,701,3,3.0
경제조정관안영철,4,커뮤니티 4,701,1,2.0
위원장대리이호범,4,커뮤니티 4,701,1,2.0
한국산업은행이사배문홍,4,커뮤니티 4,701,1,2.0
이사명동근,4,커뮤니티 4,701,1,2.0
세제국장남상진,4,커뮤니티 4,701,1,2.0
업무부장박석은,4,커뮤니티 4,701,1,2.0
경제기획원경제협력국장최창락,4,커뮤니티 4,701,1,2.0
국회운영위원장대리김익준,4,커뮤니티 4,701,1,2.0
전매청차장예.,4,커뮤니티 4,701,1,2.0
재무부이재국장실무자의,4,커뮤니티 4,701,1,2.0
전매청차장아까,4,커뮤니티 4,701,1,2.0
기획실장그래서,4,커뮤니티 4,701,1,2.0
기획실장물론,4,커뮤니티 4,701,1,2.0
전매청차장기획관리실에서,4,커뮤니티 4,701,1,2.0
전매청차장69년도에는,4,커뮤니티 4,701,1,2.0
중앙연구소소장여기에,4,커뮤니티 4,701,1,2.0
이남준위윈,4,커뮤니티 4,701,1,2.0
북부세무서장서경식,4,커뮤니티 4,701,1,2.0
국세청기획실장거기에,4,커뮤니티 4,701,1,2.0
북부세무서장서경환,4,커뮤니티 4,701,1,2.0
소공세무서장차용극,4,커뮤니티 4,701,1,2.0
전문위원소득세가,4,커뮤니티 4,701,1,2.0
부산세관장김경식,4,커뮤니티 4,701,1,2.0
조달청차장정재철,4,커뮤니티 4,701,1,2.0
전문위원하형모,4,커뮤니티 4,701,1,2.0
세제국장자동차보호법,4,커뮤니티 4,701,1,2.0
국고국장매월,4,커뮤니티 4,701,1,2.0
재무부세제국장한,4,커뮤니티 4,701,1,2.0
국세청차장양쪽,4,커뮤니티 4,701,1,2.0
국세청차장그런,4,커뮤니티 4,701,1,2.0
국세청차장대체적으로,4,커뮤니티 4,701,1,2.0
재무국장지금,4,커뮤니티 4,701,1,2.0
국세청차장금액의,4,커뮤니티 4,701,1,2.0
인삼과장이것은,4,커뮤니티 4,701,1,2.0
국세청차장세법에,4,커뮤니티 4,701,1,2.0
국세청차장8월,4,커뮤니티 4,701,1,2.0
이사이주열,4,커뮤니티 4,701,1,2.0
국세청차장시간적으로는,4,커뮤니티 4,701,1,2.0
국세청차장가산세가,4,커뮤니티 4,701,1,2.0
전매청업무국장현재,4,커뮤니티 4,701,1,2.0
지청장금년에는,4,커뮤니티 4,701,1,2.0
지청장지청에서는,4,커뮤니티 4,701,1,2.0
지청장승인예산을,4,커뮤니티 4,701,1,2.0
전매청업무국장본청에서,4,커뮤니티 4,701,1,2.0
전매청업무국장보충설명해,4,커뮤니티 4,701,1,2.0
한국은행외환업무과장박봉삼,4,커뮤니티 4,701,1,2.0
한국산업은행이사김희룡,4,커뮤니티 4,701,1,2.0
인천세무서직세과장이병희,4,커뮤니티 4,701,1,2.0
감사위원(8인),4,커뮤니티 4,701,1,2.0
수입국장김영락,4,커뮤니티 4,701,1,2.0
재무부보험과장저희도,4,커뮤니티 4,701,1,2.0
재무부이재국증권과장청산거래에,4,커뮤니티 4,701,1,2.0
재무부이재국보험과장조일환,4,커뮤니티 4,701,1,2.0
재무부이재국증권과장공식적인,4,커뮤니티 4,701,1,2.0
재무부이재국증권과장먼저,4,커뮤니티 4,701,1,2.0
고흥문위원(서류를,4,커뮤니티 4,701,1,2.0
부산지방국세청장,4,커뮤니티 4,701,1,2.0
청장내드리겠습니다.,4,커뮤니티 4,701,1,2.0
청장행정,4,커뮤니티 4,701,1,2.0
청장도시중심지는,4,커뮤니티 4,701,1,2.0
청장저희,4,커뮤니티 4,701,1,2.0
청장도시,4,커뮤니티 4,701,1,2.0
청장작년보다도,4,커뮤니티 4,701,1,2.0
청장을종근로소득세는,4,커뮤니티 4,701,1,2.0
청장다음이,4,커뮤니티 4,701,1,2.0
국세청국장이것은,4,커뮤니티 4,701,1,2.0
청장그다음,4,커뮤니티 4,701,1,2.0
청장약,4,커뮤니티 4,701,1,2.0
청장공장은,4,커뮤니티 4,701,1,2.0
청장현재,4,커뮤니티 4,701,1,2.0
청장대납할,4,커뮤니티 4,701,1,2.0
청장제일,4,커뮤니티 4,701,1,2.0
청장‘구로다민산,4,커뮤니티 4,701,1,2.0
청장회사운영상태가,4,커뮤니티 4,701,1,2.0
기획관리관노용환,4,커뮤니티 4,701,1,2.0
조달청차장김의훈,4,커뮤니티 4,701,1,2.0
재무부외환국장정춘택,4,커뮤니티 4,701,1,2.0
전매청업무과장최기열,4,커뮤니티 4,701,1,2.0
한국산업은행업무부장배민홍,4,커뮤니티 4,701,1,2.0
한국증권금융주식회사사장주기식,4,커뮤니티 4,701,1,2.0
재무부기획관리관김용환,4,커뮤니티 4,701,1,2.0
부총리겸경제기획원장관김유택,4,커뮤니티 4,701,1,2.0
소위원장김유탁,4,커뮤니티 4,701,1,2.0
국회운영위원장대리박두선,4,커뮤니티 4,701,1,2.0
국방위원장대리이영근,4,커뮤니티 4,701,1,2.0
대한손해재보험공사사장정인환,4,커뮤니티 4,701,1,2.0
재무부세관국장신관섭,4,커뮤니티 4,701,1,2.0
재무부이재국장금융기관의,4,커뮤니티 4,701,1,2.0
정부측참석자,4,커뮤니티 4,701,1,2.0
대한준설공사총무부장박상호,4,커뮤니티 4,701,1,2.0
재무부이재국장박봉환,4,커뮤니티 4,701,1,2.0
경상남도도로건설국장김종한,4,커뮤니티 4,701,1,2.0
은행감독원장민영훈,4,커뮤니티 4,701,1,2.0
경제기획원차관보이선희,4,커뮤니티 4,701,1,2.0
수출산업공업단지개발공사이사장이병호,4,커뮤니티 4,701,1,2.0
내무위원장대리오치성,4,커뮤니티 4,701,1,2.0
이태성전문위원,4,커뮤니티 4,701,1,2.0
영농지도과장장권표,4,커뮤니티 4,701,1,2.0
출석전문위원및,4,커뮤니티 4,701,1,2.0
시재과장권종선,4,커뮤니티 4,701,1,2.0
서울은행장임석춘,4,커뮤니티 4,701,1,2.0
전매청장백경복,4,커뮤니티 4,701,1,2.0
사무관김정식,4,커뮤니티 4,701,1,2.0
김삼위원(계속),4,커뮤니티 4,701,1,2.0
서기관한병감,4,커뮤니티 4,701,1,2.0
중소기업협동조합비상대책위원회위원장오정수,4,커뮤니티 4,701,1,2.0
전매청기획관리실장류홍탁,4,커뮤니티 4,701,1,2.0
대한손해재해보험공사사장정규황,4,커뮤니티 4,701,1,2.0
이정환그동안,4,커뮤니티 4,701,1,2.0
외무위원장대리이만섭,4,커뮤니티 4,701,1,2.0
산업은행부총재이병순,4,커뮤니티 4,701,1,2.0
수산개발공사사장이한림,4,커뮤니티 4,701,1,2.0
국회운영위원장대리이만섭,4,커뮤니티 4,701,1,2.0
경제기획원차관보장예준,4,커뮤니티 4,701,1,2.0
조달청기획관리관박상규,4,커뮤니티 4,701,1,2.0
사무관백형익,4,커뮤니티 4,701,1,2.0
경제기획원조사통계국장오흥근,4,커뮤니티 4,701,1,2.0
농림부농정국농업자재과장이재용,4,커뮤니티 4,701,1,2.0
건설위원장대리정래정,4,커뮤니티 4,701,1,2.0
대구서부세무서장김경남,4,커뮤니티 4,701,1,2.0
재무부외환국외환과장박상우,4,커뮤니티 4,701,1,2.0
재일교포신용조합대표박한식,4,커뮤니티 4,701,1,2.0
한국철강공업협동조합연합회회장원형묵,4,커뮤니티 4,701,1,2.0
대한금속학회회장윤동석,4,커뮤니티 4,701,1,2.0
인천중공업대표이사안춘생,4,커뮤니티 4,701,1,2.0
경제기획원공공차관과사무관박성근,4,커뮤니티 4,701,1,2.0
경제기회원장관장기영,4,커뮤니티 4,701,1,2.0
박규상의원,4,커뮤니티 4,701,1,2.0
공술인김기택,4,커뮤니티 4,701,1,2.0
사무관이득규,4,커뮤니티 4,701,1,2.0
공술인김용윤,4,커뮤니티 4,701,1,2.0
공술인권택상,4,커뮤니티 4,701,1,2.0
공술인이현재,4,커뮤니티 4,701,1,2.0
공술인김명윤,4,커뮤니티 4,701,1,2.0
공술인유용대,4,커뮤니티 4,701,1,2.0
반장대리민병권,4,커뮤니티 4,701,1,2.0
국민은행이사정종섭,4,커뮤니티 4,701,1,2.0
중소기업은행기획실장박대규,4,커뮤니티 4,701,1,2.0
이사장김영근,4,커뮤니티 4,701,1,2.0
한국은행이사서병규,4,커뮤니티 4,701,1,2.0
업무이사김승준,4,커뮤니티 4,701,1,2.0
제경기획원운영차관보정문도,4,커뮤니티 4,701,1,2.0
재무부국고국장최각규,4,커뮤니티 4,701,1,2.0
위원장대리장관,4,커뮤니티 4,701,1,2.0
한국과학기술연구소부소장신응균,4,커뮤니티 4,701,1,2.0
상공위원장대리김우경,4,커뮤니티 4,701,1,2.0
박한상위원(계속),4,커뮤니티 4,701,1,2.0
외자부장서병규,4,커뮤니티 4,701,1,2.0
한국은행이사윤희수,4,커뮤니티 4,701,1,2.0
인사부장김명수,4,커뮤니티 4,701,1,2.0
국세청징세조사국장민사소송법,4,커뮤니티 4,701,1,2.0
소공세무서법인세과장전영순,4,커뮤니티 4,701,1,2.0
서울연초제조창의무실장조철행,4,커뮤니티 4,701,1,2.0
인천세관세무국장이재영,4,커뮤니티 4,701,1,2.0
서울연초제조창작업과장조항봉,4,커뮤니티 4,701,1,2.0
경제기획원경제기획관김창기,4,커뮤니티 4,701,1,2.0
증권거래소상무이사홍종한,4,커뮤니티 4,701,1,2.0
중소기업은행이사류시범,4,커뮤니티 4,701,1,2.0
중소기업은행기획관리실장박태규,4,커뮤니티 4,701,1,2.0
서울세무국장정만인,4,커뮤니티 4,701,1,2.0
서울지방국세청법인세과장이정옥,4,커뮤니티 4,701,1,2.0
재정경제위원장대리박종태,4,커뮤니티 4,701,1,2.0
박종태위원(계속),4,커뮤니티 4,701,1,2.0
재정경제위원장대리김우경,4,커뮤니티 4,701,1,2.0
전매청기획관리관실예산계장백찬기,4,커뮤니티 4,701,1,2.0
전매청관리국장류홍탁,4,커뮤니티 4,701,1,2.0
행정서기관백형익,4,커뮤니티 4,701,1,2.0
재무부세제국장김영일,4,커뮤니티 4,701,1,2.0
국회운영위원장대리임병수,4,커뮤니티 4,701,1,2.0
경제기획국장김태동,4,커뮤니티 4,701,1,2.0
이돈해의원(위원,4,커뮤니티 4,701,1,2.0
한국과학기술연구소장최형섭,4,커뮤니티 4,701,1,2.0
청원인최문기,4,커뮤니티 4,701,1,2.0
위원장김장섭,5,커뮤니티 5,659,4266,7619.0
위원장김봉환,5,커뮤니티 5,659,3337,5957.0
김재광위원,5,커뮤니티 5,659,2625,5213.0
위원장김용순,5,커뮤니티 5,659,2969,4288.0
김익기위원,5,커뮤니티 5,659,2101,4158.0
김봉환위원,5,커뮤니티 5,659,1883,3728.0
박한상위원,5,커뮤니티 5,659,1846,3650.0
한태연위원,5,커뮤니티 5,659,1738,3430.0
위원장현오봉,5,커뮤니티 5,659,2440,3317.0
이종극위원,5,커뮤니티 5,659,1589,3104.0
진형하위원,5,커뮤니티 5,659,1546,3072.0
이만섭위원,5,커뮤니티 5,659,1531,3054.0
전문위원이정식,5,커뮤니티 5,659,1476,2870.0
위원장백남억,5,커뮤니티 5,659,1524,2471.0
차형근위원,5,커뮤니티 5,659,1172,2336.0
김우영위원,5,커뮤니티 5,659,1113,2194.0
전문위원한문수,5,커뮤니티 5,659,1040,2076.0
위원장노재필,5,커뮤니티 5,659,1076,1709.0
사무총장배영호,5,커뮤니티 5,659,693,1380.0
김창욱위원,5,커뮤니티 5,659,672,1336.0
이상희위원,5,커뮤니티 5,659,617,1234.0
고재필위원,5,커뮤니티 5,659,586,1168.0
황호현위원,5,커뮤니티 5,659,568,1130.0
임병수위원,5,커뮤니티 5,659,524,1028.0
송관수위원,5,커뮤니티 5,659,516,1028.0
김영복위원,5,커뮤니티 5,659,431,860.0
조재천위원,5,커뮤니티 5,659,437,818.0
계광순위원,5,커뮤니티 5,659,390,780.0
박주현위원,5,커뮤니티 5,659,373,746.0
위원장대리김봉환,5,커뮤니티 5,659,396,725.0
법무부장관민복기,5,커뮤니티 5,659,355,706.0
전문위원이호진,5,커뮤니티 5,659,350,699.0
현오봉위원,5,커뮤니티 5,659,354,688.0
조윤형위원,5,커뮤니티 5,659,336,672.0
정구영위원,5,커뮤니티 5,659,347,670.0
위원장이병희,5,커뮤니티 5,659,411,580.0
위원장대리김창욱,5,커뮤니티 5,659,266,528.0
증인강재동,5,커뮤니티 5,659,262,524.0
위원장대리김우영,5,커뮤니티 5,659,326,501.0
증인김명신,5,커뮤니티 5,659,226,452.0
위원장대리옥조남,5,커뮤니티 5,659,251,444.0
증인박양수,5,커뮤니티 5,659,193,386.0
증인최창곤,5,커뮤니티 5,659,190,380.0
위원장대리황호현,5,커뮤니티 5,659,253,376.0
법무부장관이호,5,커뮤니티 5,659,184,368.0
위원장이재형,5,커뮤니티 5,659,195,357.0
증인나순자,5,커뮤니티 5,659,175,350.0
증인김영동,5,커뮤니티 5,659,173,346.0
반장노재필,5,커뮤니티 5,659,215,334.0
위원장대리정운갑,5,커뮤니티 5,659,177,310.0
법원행정처장전우영,5,커뮤니티 5,659,146,290.0
재무부차관민영훈,5,커뮤니티 5,659,145,290.0
법무부장관권오병,5,커뮤니티 5,659,144,288.0
증인이영숙,5,커뮤니티 5,659,142,284.0
위원장대리고재필,5,커뮤니티 5,659,151,281.0
참고인이택규,5,커뮤니티 5,659,138,276.0
위원장대리김재광,5,커뮤니티 5,659,186,272.0
증인황렬,5,커뮤니티 5,659,132,264.0
증인김일두,5,커뮤니티 5,659,130,260.0
증인김태환,5,커뮤니티 5,659,128,256.0
전문위원김성대,5,커뮤니티 5,659,126,252.0
증인성평길,5,커뮤니티 5,659,125,250.0
김준태위원,5,커뮤니티 5,659,124,248.0
증인박형수,5,커뮤니티 5,659,122,244.0
증인김병호,5,커뮤니티 5,659,119,238.0
증인장택상,5,커뮤니티 5,659,118,234.0
증인김현모,5,커뮤니티 5,659,117,234.0
총무국장류홍식,5,커뮤니티 5,659,115,227.0
증인안영수,5,커뮤니티 5,659,112,224.0
증인김정규,5,커뮤니티 5,659,111,222.0
감사원장이주일,5,커뮤니티 5,659,108,216.0
위원장대리송한철,5,커뮤니티 5,659,137,211.0
백남억위원,5,커뮤니티 5,659,104,208.0
증인강금녀,5,커뮤니티 5,659,99,198.0
증인육지수,5,커뮤니티 5,659,96,192.0
사무차장권경식,5,커뮤니티 5,659,95,186.0
증인박춘성,5,커뮤니티 5,659,92,184.0
증인이강묵,5,커뮤니티 5,659,92,184.0
증인김태호,5,커뮤니티 5,659,91,182.0
증인문응국,5,커뮤니티 5,659,90,180.0
증인배성환,5,커뮤니티 5,659,90,180.0
증인장영봉,5,커뮤니티 5,659,89,178.0
법무부차관이경호,5,커뮤니티 5,659,86,172.0
전문위원유성렬,5,커뮤니티 5,659,81,162.0
농림부차관장예준,5,커뮤니티 5,659,77,154.0
증인심재후,5,커뮤니티 5,659,77,154.0
증인정종한,5,커뮤니티 5,659,76,152.0
소양강댐건설사무소장김경수,5,커뮤니티 5,659,74,148.0
증인박주순,5,커뮤니티 5,659,73,146.0
전문위원우병규,5,커뮤니티 5,659,72,144.0
전문위원이준승,5,커뮤니티 5,659,72,144.0
총무국장하재구,5,커뮤니티 5,659,87,142.0
도서관장강주진,5,커뮤니티 5,659,71,142.0
참고인서주연,5,커뮤니티 5,659,70,140.0
증인한래원,5,커뮤니티 5,659,70,140.0
증인이철익,5,커뮤니티 5,659,70,140.0
참고인이종원,5,커뮤니티 5,659,67,134.0
사무관장욱상,5,커뮤니티 5,659,66,132.0
위원장대리박한상,5,커뮤니티 5,659,72,124.0
증인김인태,5,커뮤니티 5,659,61,122.0
증인김형수,5,커뮤니티 5,659,61,122.0
증인홍성진,5,커뮤니티 5,659,60,120.0
증인박영수,5,커뮤니티 5,659,58,116.0
증인윤영자,5,커뮤니티 5,659,58,116.0
총무처차관박상길,5,커뮤니티 5,659,58,116.0
서기관김병익,5,커뮤니티 5,659,59,114.0
증인이봉규,5,커뮤니티 5,659,58,114.0
증인김명규,5,커뮤니티 5,659,57,114.0
증인양인현,5,커뮤니티 5,659,57,112.0
서기관하대돈,5,커뮤니티 5,659,56,112.0
정명섭의원,5,커뮤니티 5,659,55,110.0
위원국장길기상,5,커뮤니티 5,659,54,104.0
보건사회위원장대리신관우,5,커뮤니티 5,659,52,104.0
대법원장조진만,5,커뮤니티 5,659,52,104.0
서기관윤영탁,5,커뮤니티 5,659,51,102.0
참고인김영수,5,커뮤니티 5,659,50,100.0
증인임기순,5,커뮤니티 5,659,50,100.0
증인주관중,5,커뮤니티 5,659,50,100.0
증인김병훈,5,커뮤니티 5,659,49,98.0
증인여인현,5,커뮤니티 5,659,49,98.0
법제처장서일교,5,커뮤니티 5,659,49,98.0
증인권정달,5,커뮤니티 5,659,49,98.0
증인우제록,5,커뮤니티 5,659,49,98.0
증인김기환,5,커뮤니티 5,659,48,96.0
증인고한익,5,커뮤니티 5,659,48,96.0
국가안전보장회의사무국장송석하,5,커뮤니티 5,659,47,94.0
경리과장김종인,5,커뮤니티 5,659,46,92.0
증인김민호,5,커뮤니티 5,659,46,92.0
증인김영목,5,커뮤니티 5,659,45,90.0
증인안주겸,5,커뮤니티 5,659,45,90.0
재무부이재국장장덕진,5,커뮤니티 5,659,45,90.0
건설위원장대리차형근,5,커뮤니티 5,659,44,88.0
김익기의원,5,커뮤니티 5,659,44,88.0
상공부광공차관보오원철,5,커뮤니티 5,659,44,88.0
이남준의원(위원,5,커뮤니티 5,659,44,88.0
증인조동화,5,커뮤니티 5,659,41,82.0
증인신영수,5,커뮤니티 5,659,41,82.0
증인우상덕,5,커뮤니티 5,659,40,80.0
재무부차관김원기,5,커뮤니티 5,659,40,80.0
증인유원식,5,커뮤니티 5,659,40,80.0
내무위원장대리김용진,5,커뮤니티 5,659,39,78.0
증인이정하,5,커뮤니티 5,659,39,78.0
증인김영삼,5,커뮤니티 5,659,38,76.0
증인윤태일,5,커뮤니티 5,659,38,76.0
재무부사세국장직무대리배숙,5,커뮤니티 5,659,38,76.0
한국전력주식회사상무이사김선집,5,커뮤니티 5,659,38,76.0
교통체신위원장대리노재필,5,커뮤니티 5,659,37,74.0
증인이창석,5,커뮤니티 5,659,37,74.0
증인이광선,5,커뮤니티 5,659,36,72.0
상공위원장대리오학진,5,커뮤니티 5,659,36,72.0
증인채수만,5,커뮤니티 5,659,35,70.0
사무관김종수,5,커뮤니티 5,659,35,70.0
증인기천식,5,커뮤니티 5,659,35,70.0
신영주의원(위원,5,커뮤니티 5,659,34,68.0
국방위원장민병권,5,커뮤니티 5,659,34,68.0
국방위원장민기식,5,커뮤니티 5,659,33,66.0
국회도서관총무과장이순일,5,커뮤니티 5,659,32,64.0
대구교도소교도김연진,5,커뮤니티 5,659,32,64.0
참고인김재홍,5,커뮤니티 5,659,32,62.0
증인강병한,5,커뮤니티 5,659,31,62.0
이종극의원,5,커뮤니티 5,659,30,60.0
대구교도소교도홍원식,5,커뮤니티 5,659,30,60.0
증인장지수,5,커뮤니티 5,659,30,60.0
경제과학심의회의사무국장김정무,5,커뮤니티 5,659,30,60.0
선거법등정치관계법특별위원장대리김용진,5,커뮤니티 5,659,30,60.0
경인고속도로주식회사사장김영년,5,커뮤니티 5,659,29,58.0
내무부차관김상복,5,커뮤니티 5,659,29,58.0
정당법․선거관계법중개정법률안심사특별위원장정태성,5,커뮤니티 5,659,28,56.0
대통령경호실차장전구백,5,커뮤니티 5,659,27,54.0
상공부중앙계량국장전준항,5,커뮤니티 5,659,27,54.0
증인박재천,5,커뮤니티 5,659,27,54.0
최영두의원(위원,5,커뮤니티 5,659,27,54.0
참고인김병화,5,커뮤니티 5,659,27,54.0
대전소년원장문윤모,5,커뮤니티 5,659,27,54.0
국회사무총장배영호,5,커뮤니티 5,659,27,54.0
참고인민석기,5,커뮤니티 5,659,26,52.0
증인이병두,5,커뮤니티 5,659,26,52.0
국가안전보장회의사무국장배덕진,5,커뮤니티 5,659,25,50.0
증인김경수,5,커뮤니티 5,659,25,50.0
상공위원장대리김창욱,5,커뮤니티 5,659,25,50.0
류창열의원,5,커뮤니티 5,659,25,48.0
과학기술처차관이재철,5,커뮤니티 5,659,24,48.0
증인김문제,5,커뮤니티 5,659,24,48.0
증인홍금표,5,커뮤니티 5,659,24,48.0
문교공보위원장대리이성수,5,커뮤니티 5,659,24,48.0
문교공보위원회전문위원유성렬,5,커뮤니티 5,659,24,48.0
증인김재선,5,커뮤니티 5,659,24,48.0
사무관강신배,5,커뮤니티 5,659,24,48.0
부이사관장창종,5,커뮤니티 5,659,23,46.0
증인이숙종,5,커뮤니티 5,659,23,44.0
김주인의원(위원,5,커뮤니티 5,659,22,44.0
이남준의원,5,커뮤니티 5,659,22,44.0
증인박동언,5,커뮤니티 5,659,22,44.0
증인구자춘,5,커뮤니티 5,659,22,44.0
건설부수자원국이수과계획계장신동렬,5,커뮤니티 5,659,22,44.0
김상흠의원(위원,5,커뮤니티 5,659,22,44.0
교통체신위원장정진동,5,커뮤니티 5,659,21,42.0
재무부세제국제1과총괄계장서영택,5,커뮤니티 5,659,21,42.0
증인민영훈,5,커뮤니티 5,659,20,40.0
원자력청장안치열,5,커뮤니티 5,659,20,40.0
참고인안경상,5,커뮤니티 5,659,20,40.0
농림위원장대리최서일,5,커뮤니티 5,659,20,40.0
감사원사무총장김진기,5,커뮤니티 5,659,20,40.0
참고인신직수,5,커뮤니티 5,659,20,40.0
재무부세제국제2과장임영득,5,커뮤니티 5,659,20,40.0
송한철의원(위원,5,커뮤니티 5,659,19,38.0
국무총리비서실장홍성철,5,커뮤니티 5,659,19,38.0
증인이재화,5,커뮤니티 5,659,19,38.0
증인김성희,5,커뮤니티 5,659,19,38.0
증인유학성,5,커뮤니티 5,659,19,38.0
증인유병옥,5,커뮤니티 5,659,19,38.0
대구교도소교도김도환,5,커뮤니티 5,659,19,36.0
재정경제위원장대리최수룡,5,커뮤니티 5,659,18,36.0
법무부교정국장이봉성,5,커뮤니티 5,659,18,36.0
위원장대리김익기,5,커뮤니티 5,659,24,35.0
총무국장길기상,5,커뮤니티 5,659,21,34.0
법무부차관권오병,5,커뮤니티 5,659,17,34.0
증인김진구,5,커뮤니티 5,659,17,34.0
보건사회위원장한상준,5,커뮤니티 5,659,16,32.0
내무위원장이상무,5,커뮤니티 5,659,16,32.0
양극필의원,5,커뮤니티 5,659,16,32.0
참고인전상애,5,커뮤니티 5,659,16,32.0
전라북도건설과장박병곤,5,커뮤니티 5,659,15,30.0
감사원사무총장장영순,5,커뮤니티 5,659,15,30.0
증인김원경,5,커뮤니티 5,659,15,30.0
대통령경호실기획처장홍병철,5,커뮤니티 5,659,15,30.0
한국전력주식회사마산발전소소장최남진,5,커뮤니티 5,659,15,30.0
공군법무차감계훈분,5,커뮤니티 5,659,15,30.0
대구교도소교도윤두흠,5,커뮤니티 5,659,15,30.0
대법원장민복기,5,커뮤니티 5,659,15,30.0
서울특별시한강건설사업소장이종윤,5,커뮤니티 5,659,15,30.0
증인김성은,5,커뮤니티 5,659,15,28.0
내무부지방세과장김학중,5,커뮤니티 5,659,14,28.0
참고인정치근,5,커뮤니티 5,659,14,28.0
증인박제국,5,커뮤니티 5,659,14,28.0
광주고등검찰청검사장황창주,5,커뮤니티 5,659,14,28.0
총무과장한원조,5,커뮤니티 5,659,14,28.0
법제처장유민상,5,커뮤니티 5,659,14,28.0
법원행정처장김병화,5,커뮤니티 5,659,14,28.0
상공위원장대리신동준,5,커뮤니티 5,659,14,28.0
이희승의원(위원,5,커뮤니티 5,659,14,26.0
증인강달식,5,커뮤니티 5,659,13,26.0
증인이봉성,5,커뮤니티 5,659,13,26.0
김재광의원(위원,5,커뮤니티 5,659,13,26.0
류치송의원,5,커뮤니티 5,659,13,26.0
최서일의원(위원,5,커뮤니티 5,659,13,26.0
정운근의원,5,커뮤니티 5,659,13,26.0
국세청사찰과장유형석,5,커뮤니티 5,659,13,26.0
대구교도소교감보박한명,5,커뮤니티 5,659,13,26.0
재정경제위원장대리김상흠,5,커뮤니티 5,659,12,24.0
구태회의원,5,커뮤니티 5,659,12,24.0
위원장대리양회수,5,커뮤니티 5,659,12,24.0
신관우의원(위원,5,커뮤니티 5,659,12,24.0
법무부차관김병화,5,커뮤니티 5,659,12,24.0
증인이수일,5,커뮤니티 5,659,12,24.0
도서관장강상운,5,커뮤니티 5,659,12,24.0
부산교도소소장권인호,5,커뮤니티 5,659,12,24.0
조달청내자국장박찬희,5,커뮤니티 5,659,12,24.0
광주지방검찰청검사장조태형,5,커뮤니티 5,659,11,22.0
건설부차관이재설,5,커뮤니티 5,659,11,22.0
국방위원장대리박두선,5,커뮤니티 5,659,11,22.0
문교공보위원장대리이원우,5,커뮤니티 5,659,11,22.0
이종극의원(위원,5,커뮤니티 5,659,11,22.0
행정개혁조사위원회부위원장문희석,5,커뮤니티 5,659,11,22.0
증인김경인,5,커뮤니티 5,659,11,22.0
증인한영식,5,커뮤니티 5,659,11,22.0
증인이남룡,5,커뮤니티 5,659,11,22.0
증인임종원,5,커뮤니티 5,659,11,22.0
국방위원장대리김봉환,5,커뮤니티 5,659,10,20.0
상공위원장길전식,5,커뮤니티 5,659,10,20.0
구태회의원(위원,5,커뮤니티 5,659,10,20.0
내무위원장대리이상희,5,커뮤니티 5,659,10,20.0
증인심용현,5,커뮤니티 5,659,10,20.0
증인김호칠,5,커뮤니티 5,659,10,20.0
해사행정특별심의위원장김동배,5,커뮤니티 5,659,10,20.0
청주지방검찰청검사장이근수,5,커뮤니티 5,659,10,20.0
김영삼의원(위원,5,커뮤니티 5,659,10,20.0
부산출입국관리사무소소장구연택,5,커뮤니티 5,659,10,20.0
반장대리고재필,5,커뮤니티 5,659,10,20.0
김동환의원(위원,5,커뮤니티 5,659,10,20.0
농림위원장대리최석림,5,커뮤니티 5,659,10,20.0
대구지방법원장한만수,5,커뮤니티 5,659,9,18.0
김형일의원(위원,5,커뮤니티 5,659,9,18.0
서울특별시제2부시장최종완,5,커뮤니티 5,659,9,18.0
법제처차장유민상,5,커뮤니티 5,659,9,18.0
농림위원장대리이우헌,5,커뮤니티 5,659,9,18.0
무임소장관김원태,5,커뮤니티 5,659,9,18.0
강근호위원,5,커뮤니티 5,659,9,18.0
참고인정문순,5,커뮤니티 5,659,9,18.0
재무부국고국국유재산과장임영득,5,커뮤니티 5,659,9,18.0
건설위원회전문위원최선,5,커뮤니티 5,659,9,18.0
도서관총무과장이순일,5,커뮤니티 5,659,9,18.0
증인이규섭,5,커뮤니티 5,659,9,18.0
대구교도소소장김기동,5,커뮤니티 5,659,9,18.0
노재필의원(위원,5,커뮤니티 5,659,9,18.0
임시위원장이우헌,5,커뮤니티 5,659,12,17.0
임시위원장민영남,5,커뮤니티 5,659,13,16.0
출석위원(4인),5,커뮤니티 5,659,11,16.0
문교부고등교육국장이종항,5,커뮤니티 5,659,8,16.0
관리과장이광덕,5,커뮤니티 5,659,8,16.0
교통체신위원장이상희,5,커뮤니티 5,659,8,16.0
청주지방법원장이재옥,5,커뮤니티 5,659,8,16.0
참고인김진만,5,커뮤니티 5,659,8,16.0
황인원의원(위원,5,커뮤니티 5,659,8,16.0
농림위원장대리양정규,5,커뮤니티 5,659,8,16.0
육군본부법무감박상만,5,커뮤니티 5,659,8,16.0
감사원사무총장김사도,5,커뮤니티 5,659,8,16.0
대구고등검찰청검사장서병균,5,커뮤니티 5,659,8,16.0
정태성의원(위원,5,커뮤니티 5,659,8,16.0
춘천지방검찰청검사장최찬식,5,커뮤니티 5,659,8,16.0
이종순의원(위원,5,커뮤니티 5,659,8,16.0
기획조정실장최주철,5,커뮤니티 5,659,8,16.0
박준규의원(위원,5,커뮤니티 5,659,8,16.0
감사원사무차장이정삼,5,커뮤니티 5,659,8,16.0
법무부기획관리실장이두성,5,커뮤니티 5,659,8,16.0
권오훈의원(위원,5,커뮤니티 5,659,8,16.0
청주지방검찰청검사장민흥식,5,커뮤니티 5,659,7,14.0
대통령비서실총무비서관안광석,5,커뮤니티 5,659,7,14.0
대법원행정처장전우영,5,커뮤니티 5,659,7,14.0
증인심상선,5,커뮤니티 5,659,7,14.0
증인한국진,5,커뮤니티 5,659,7,14.0
지질조사소장이정환,5,커뮤니티 5,659,7,14.0
광주고등법원장이재옥,5,커뮤니티 5,659,7,14.0
건설부항만시설국장이일선,5,커뮤니티 5,659,7,14.0
법원행정처차장이병호,5,커뮤니티 5,659,7,14.0
진기배의원(위원,5,커뮤니티 5,659,7,14.0
최치환의원(위원,5,커뮤니티 5,659,7,14.0
법무부법무국장이선중,5,커뮤니티 5,659,7,14.0
내무부지도과장김태경,5,커뮤니티 5,659,7,14.0
사무총장서리권경식,5,커뮤니티 5,659,7,13.0
김창근의원(위원,5,커뮤니티 5,659,6,12.0
오학진의원(위원,5,커뮤니티 5,659,6,12.0
한태연의원,5,커뮤니티 5,659,6,12.0
행정개혁조사위원회부위원장장지량,5,커뮤니티 5,659,6,12.0
사무관조성창,5,커뮤니티 5,659,6,12.0
행정개혁조사위원회위원장이형근,5,커뮤니티 5,659,6,12.0
전주지방검찰청남원지청장김병하,5,커뮤니티 5,659,6,12.0
입법조사국장정해식,5,커뮤니티 5,659,6,12.0
제3관구사령관이준학,5,커뮤니티 5,659,6,12.0
제2군사령관채명신,5,커뮤니티 5,659,6,12.0
제2군단장윤태호,5,커뮤니티 5,659,6,12.0
농림위원장대리정간용,5,커뮤니티 5,659,6,12.0
원자력청장성좌경,5,커뮤니티 5,659,6,12.0
제주지방검찰청검사장이근수,5,커뮤니티 5,659,6,12.0
행정개혁조사위원회위원장이석제,5,커뮤니티 5,659,6,12.0
증인이정현,5,커뮤니티 5,659,6,12.0
민병기의원(위원,5,커뮤니티 5,659,6,12.0
증인천병노,5,커뮤니티 5,659,6,12.0
법무부검찰과장허형구,5,커뮤니티 5,659,6,12.0
증인이동우,5,커뮤니티 5,659,6,12.0
소위원장류광현,5,커뮤니티 5,659,6,11.0
임시위원장조일환,5,커뮤니티 5,659,6,10.0
김상현의원(위원,5,커뮤니티 5,659,5,10.0
행정개혁조사위원회부위원장김석범,5,커뮤니티 5,659,5,10.0
상공위원회전문위원이창규,5,커뮤니티 5,659,5,10.0
경제기획원외자관리관정재덕,5,커뮤니티 5,659,5,10.0
상공위원장대리길전식,5,커뮤니티 5,659,5,10.0
이상무의원(위원,5,커뮤니티 5,659,5,10.0
내무위원회전문위원이상선,5,커뮤니티 5,659,5,10.0
한국개발금융주식회사사장김진형,5,커뮤니티 5,659,5,10.0
재무부세제국세제제2과장박준규,5,커뮤니티 5,659,5,10.0
경제과학심의회의사무국장신동식,5,커뮤니티 5,659,5,10.0
광주지방법원장방예원,5,커뮤니티 5,659,5,10.0
광주고등법원장민문기,5,커뮤니티 5,659,5,10.0
참고인강순명,5,커뮤니티 5,659,5,10.0
국제관광공사사장김일환,5,커뮤니티 5,659,5,10.0
김용진의원(위원,5,커뮤니티 5,659,5,10.0
춘천지방법원장김병규,5,커뮤니티 5,659,5,10.0
관리과장정동우,5,커뮤니티 5,659,5,10.0
내무위원회전문위원조병완,5,커뮤니티 5,659,5,10.0
건설부수자원국장김용석,5,커뮤니티 5,659,5,10.0
대구지방검찰청검사장조태형,5,커뮤니티 5,659,5,10.0
청주지방법원장이종표,5,커뮤니티 5,659,5,10.0
위원장직무대행김응주,5,커뮤니티 5,659,6,9.0
충청북도경찰국장김재연,5,커뮤니티 5,659,4,8.0
문교공보위원장대리육인수,5,커뮤니티 5,659,4,8.0
증인김무겸,5,커뮤니티 5,659,4,8.0
중앙관상대장양인기,5,커뮤니티 5,659,4,8.0
김대중의원(위원,5,커뮤니티 5,659,4,8.0
정명섭의원(위원,5,커뮤니티 5,659,4,8.0
대통령비서실총무비서관고재일,5,커뮤니티 5,659,4,8.0
행정서기관윤영탁,5,커뮤니티 5,659,4,8.0
국회도서관장강주진,5,커뮤니티 5,659,4,8.0
노동청감찰관심강섭,5,커뮤니티 5,659,4,8.0
증인최수룡,5,커뮤니티 5,659,4,8.0
증인예춘호,5,커뮤니티 5,659,4,8.0
행정서기관하대돈,5,커뮤니티 5,659,4,8.0
건설위원장대리장치훈,5,커뮤니티 5,659,4,8.0
국회도서관장강상운,5,커뮤니티 5,659,4,8.0
조남철의원(위원,5,커뮤니티 5,659,4,8.0
사무총장직무대리권경식,5,커뮤니티 5,659,4,8.0
최정기의원(위원,5,커뮤니티 5,659,4,8.0
해사행정특별심의위원회간사장박완기,5,커뮤니티 5,659,4,8.0
대한변호사협회회장배정현,5,커뮤니티 5,659,4,8.0
참고인한기태,5,커뮤니티 5,659,4,8.0
양회수의원(위원,5,커뮤니티 5,659,4,8.0
박병선의원,5,커뮤니티 5,659,4,8.0
나석호위원,5,커뮤니티 5,659,4,8.0
상공위원장대리정명섭,5,커뮤니티 5,659,4,8.0
전휴상의원(위원,5,커뮤니티 5,659,4,8.0
대통령경호실차장박용운,5,커뮤니티 5,659,4,8.0
청주교도소장김현구,5,커뮤니티 5,659,4,8.0
증인윤문길,5,커뮤니티 5,659,4,8.0
재정경제위원회간사이재만,5,커뮤니티 5,659,4,8.0
경제기획원경제협력국장진봉현,5,커뮤니티 5,659,3,6.0
문교부보통교육국장홍순철,5,커뮤니티 5,659,3,6.0
강승구의원(위원,5,커뮤니티 5,659,3,6.0
제3관구사령부법무참모김현국,5,커뮤니티 5,659,3,6.0
청주경찰서장정해근,5,커뮤니티 5,659,3,6.0
상공부공업제2국장문병하,5,커뮤니티 5,659,3,6.0
행정사무관권오헌,5,커뮤니티 5,659,3,6.0
공군참모총장김두만,5,커뮤니티 5,659,3,6.0
제2군사령부법무참모김영균,5,커뮤니티 5,659,3,6.0
건설과장정동우,5,커뮤니티 5,659,3,6.0
정당법․선거관계법중개정법률안심사특별위원장대리한태연,5,커뮤니티 5,659,3,6.0
김진만의원(위원,5,커뮤니티 5,659,3,6.0
경제과학심의회의제1조사분석국장윤영구,5,커뮤니티 5,659,3,6.0
정간용의원(위원,5,커뮤니티 5,659,3,6.0
문교부차관김증한,5,커뮤니티 5,659,3,6.0
아세아반공연맹자유센터사무총장고제훈,5,커뮤니티 5,659,3,6.0
내무부지방세과세제계장김완종,5,커뮤니티 5,659,3,6.0
대구지방법원장임항준,5,커뮤니티 5,659,3,6.0
재무부국고과장이건중,5,커뮤니티 5,659,3,6.0
국세청주정시험소장이성범,5,커뮤니티 5,659,3,6.0
경제과학심의회의심의실장유태현,5,커뮤니티 5,659,3,6.0
대구지방검찰청검사장김덕문,5,커뮤니티 5,659,3,6.0
건설연구소장김병옥,5,커뮤니티 5,659,3,6.0
춘천지방검찰청차장검사이장섭,5,커뮤니티 5,659,3,6.0
재무부장관황종율,5,커뮤니티 5,659,3,6.0
출석감사위원(3인),5,커뮤니티 5,659,3,6.0
박한상의원(위원,5,커뮤니티 5,659,3,6.0
국회운영위원장대리고재필,5,커뮤니티 5,659,3,6.0
법무부교정국장윤운영,5,커뮤니티 5,659,3,6.0
사무관하대돈,5,커뮤니티 5,659,3,6.0
제주지방법원장이종표,5,커뮤니티 5,659,3,6.0
대한준설공사상임감사이찬영,5,커뮤니티 5,659,3,6.0
이병희의원(위원,5,커뮤니티 5,659,3,6.0
대한주택공사이사이용철,5,커뮤니티 5,659,3,6.0
국회운영위원회전문위원이호진,5,커뮤니티 5,659,3,6.0
민정당원내총무서범석,5,커뮤니티 5,659,3,6.0
국가안전보장회의상임위원배덕진,5,커뮤니티 5,659,3,6.0
참고인임득진,5,커뮤니티 5,659,3,6.0
재정경제위원장대리김영복,5,커뮤니티 5,659,3,6.0
임시위원장김응주,5,커뮤니티 5,659,4,5.0
임시위원장이원만,5,커뮤니티 5,659,4,4.0
무임소장관김윤기,5,커뮤니티 5,659,2,4.0
법무부기획관리실장나길조,5,커뮤니티 5,659,2,4.0
국무총리실총무비서관신성제,5,커뮤니티 5,659,2,4.0
재정경제위원장대리김호칠,5,커뮤니티 5,659,2,4.0
교통체신위원장대리이우태,5,커뮤니티 5,659,2,4.0
해사행정특별심의위원장신현확,5,커뮤니티 5,659,2,4.0
김종호의원(위원,5,커뮤니티 5,659,2,4.0
임시위원장이상돈,5,커뮤니티 5,659,2,4.0
홍익표의원(위원,5,커뮤니티 5,659,2,4.0
대통령경호실장대리박용운,5,커뮤니티 5,659,2,4.0
민중당원내총무김영삼,5,커뮤니티 5,659,2,4.0
참고인이진구,5,커뮤니티 5,659,2,4.0
교통체신위원장대리김은하,5,커뮤니티 5,659,2,4.0
건설부법무관이상구,5,커뮤니티 5,659,2,4.0
항만관계행정조정위원장심이섭,5,커뮤니티 5,659,2,4.0
재정경제위원회전문위원이태성,5,커뮤니티 5,659,2,4.0
임병수의원(위원,5,커뮤니티 5,659,2,4.0
배길도의원(위원,5,커뮤니티 5,659,2,4.0
전라남도경찰국장장일훈,5,커뮤니티 5,659,2,4.0
전매청차장우리가,5,커뮤니티 5,659,2,4.0
부산교도소보안과장이경주,5,커뮤니티 5,659,2,4.0
전주지방법원남원지원장공아도,5,커뮤니티 5,659,2,4.0
사무차장이호진,5,커뮤니티 5,659,2,4.0
증인탁병희,5,커뮤니티 5,659,2,4.0
농림부수출진흥관한갑수,5,커뮤니티 5,659,2,4.0
대통령비서실수석총무비서관김원희,5,커뮤니티 5,659,2,4.0
운영차관보황병태,5,커뮤니티 5,659,2,4.0
한국은행이사이상호,5,커뮤니티 5,659,2,4.0
장덕진(서울)위원,5,커뮤니티 5,659,2,4.0
출석위원(39인),5,커뮤니티 5,659,2,4.0
대통령경호실기획과장한영부,5,커뮤니티 5,659,2,4.0
김원만의원(위원,5,커뮤니티 5,659,2,4.0
서울고등법원장홍남표,5,커뮤니티 5,659,2,4.0
국방부인사국법무과장오재옥,5,커뮤니티 5,659,2,4.0
청주지방검찰청차장검사김용인,5,커뮤니티 5,659,2,4.0
대통령경호실기획과장홍병철,5,커뮤니티 5,659,2,4.0
서울민사지방법원장임기호,5,커뮤니티 5,659,2,4.0
정상구의원(위원,5,커뮤니티 5,659,2,4.0
문교공보위원장대리정상구,5,커뮤니티 5,659,2,4.0
제주지방검찰청차장검사최형오,5,커뮤니티 5,659,2,4.0
대한항공공사사장강성환,5,커뮤니티 5,659,2,4.0
과학기술처총무과장강중선,5,커뮤니티 5,659,2,4.0
항만행정조정위원회위원장심이섭,5,커뮤니티 5,659,2,4.0
대통령비서실총무비서관안광호,5,커뮤니티 5,659,2,4.0
대구지방검찰청차장검사김종향,5,커뮤니티 5,659,2,4.0
대구고등법원장유재방,5,커뮤니티 5,659,2,4.0
보건사회위원장대리김재소,5,커뮤니티 5,659,2,4.0
차형근의원(위원,5,커뮤니티 5,659,2,4.0
국회입법조사국제4과장김하섭,5,커뮤니티 5,659,2,4.0
증인김용태,5,커뮤니티 5,659,2,4.0
대법원조사과장이한규,5,커뮤니티 5,659,2,4.0
제4과장김하섭,5,커뮤니티 5,659,2,4.0
신윤창의원,5,커뮤니티 5,659,2,4.0
전문위원이해근,5,커뮤니티 5,659,2,4.0
국방위원회간사한건수,5,커뮤니티 5,659,2,4.0
현오봉의원,5,커뮤니티 5,659,2,4.0
임시위원장홍익표,5,커뮤니티 5,659,3,3.0
행정사무관진재훈,5,커뮤니티 5,659,2,3.0
박기출의원(위원,5,커뮤니티 5,659,1,2.0
윤인식의원(위원,5,커뮤니티 5,659,1,2.0
김용채의원(위원,5,커뮤니티 5,659,1,2.0
반장대리이영호,5,커뮤니티 5,659,1,2.0
송원영의원(위원,5,커뮤니티 5,659,1,2.0
배길도위원(위원,5,커뮤니티 5,659,1,2.0
법무부총무과장심성택,5,커뮤니티 5,659,1,2.0
행정개혁조사위원회행정실장하영섭,5,커뮤니티 5,659,1,2.0
재무부이재국장보증보험공사의,5,커뮤니티 5,659,1,2.0
전매청차장노후기계,5,커뮤니티 5,659,1,2.0
전매청차장제가,5,커뮤니티 5,659,1,2.0
전매청차장그래서,5,커뮤니티 5,659,1,2.0
전매청차장영주제조창은,5,커뮤니티 5,659,1,2.0
주세과장조동준,5,커뮤니티 5,659,1,2.0
국방위원회간사황인원,5,커뮤니티 5,659,1,2.0
사무관권오헌,5,커뮤니티 5,659,1,2.0
감사원수석감사위원이근상,5,커뮤니티 5,659,1,2.0
문교공보위원장김종호,5,커뮤니티 5,659,1,2.0
대통령비서실정무수석비서관김상복,5,커뮤니티 5,659,1,2.0
경상북도내무국장이종희,5,커뮤니티 5,659,1,2.0
장성광업소소장간접부라,5,커뮤니티 5,659,1,2.0
제2군사령부헌병참모강상희,5,커뮤니티 5,659,1,2.0
제2군단법무참모김종구,5,커뮤니티 5,659,1,2.0
제2군단참모장김덕모,5,커뮤니티 5,659,1,2.0
춘천교도소장박래영,5,커뮤니티 5,659,1,2.0
가정법원조사관정시창,5,커뮤니티 5,659,1,2.0
서울형사지방법원즉결과장홍재신,5,커뮤니티 5,659,1,2.0
서울민사지방법원공증과장진희성,5,커뮤니티 5,659,1,2.0
춘천지방법원사무국장구본중,5,커뮤니티 5,659,1,2.0
대구지방법원무국장김병준,5,커뮤니티 5,659,1,2.0
대구고등법원민사과장황영섭,5,커뮤니티 5,659,1,2.0
대구고등검찰청차장검사강의석,5,커뮤니티 5,659,1,2.0
경제과학심의회의상임위원주요한,5,커뮤니티 5,659,1,2.0
행정개혁조사위원장이석제,5,커뮤니티 5,659,1,2.0
과학기술처기획관리실장송효정,5,커뮤니티 5,659,1,2.0
한국기계공업주식회사부사장신동우,5,커뮤니티 5,659,1,2.0
재무부세정차관보이것은,5,커뮤니티 5,659,1,2.0
경제과학심의회심의실장유태현,5,커뮤니티 5,659,1,2.0
해사행정특별심의위원회위원장신동식,5,커뮤니티 5,659,1,2.0
위원국장하재구,5,커뮤니티 5,659,1,2.0
청주지방법원총무과장남기정,5,커뮤니티 5,659,1,2.0
광주고등검찰정검이정선,5,커뮤니티 5,659,1,2.0
법무부기획관리실장라길조,5,커뮤니티 5,659,1,2.0
광주고등법원부장판사김동기,5,커뮤니티 5,659,1,2.0
광주지방법원서기기영호,5,커뮤니티 5,659,1,2.0
광주고등법원형사과장신복관,5,커뮤니티 5,659,1,2.0
광주지방검찰청차장검사설동훈,5,커뮤니티 5,659,1,2.0
비서실장홍성철,5,커뮤니티 5,659,1,2.0
서울특별시제1부시장,5,커뮤니티 5,659,1,2.0
법제처기획관리관유정규,5,커뮤니티 5,659,1,2.0
청장징수목표액은,5,커뮤니티 5,659,1,2.0
청장4600만,5,커뮤니티 5,659,1,2.0
경제과학심의회의심의실장배기민,5,커뮤니티 5,659,1,2.0
대통령경호실기획차장홍병철,5,커뮤니티 5,659,1,2.0
대통령비서실총무비서관김원희,5,커뮤니티 5,659,1,2.0
참고인박춘성,5,커뮤니티 5,659,1,2.0
재정경제위원장대리편용호,5,커뮤니티 5,659,1,2.0
사무관박금병,5,커뮤니티 5,659,1,2.0
행정개혁조사위원장이형근,5,커뮤니티 5,659,1,2.0
해사행정특별심의위원장신동식,5,커뮤니티 5,659,1,2.0
대통령비서실정무비서관김상복,5,커뮤니티 5,659,1,2.0
국회의사당건립위원회상임위원윤장섭,5,커뮤니티 5,659,1,2.0
대통령비서실수석총무비서관조시형,5,커뮤니티 5,659,1,2.0
과학기술처진흥국장문영철,5,커뮤니티 5,659,1,2.0
국회사무처리과장정동우,5,커뮤니티 5,659,1,2.0
교통부차관이형호,5,커뮤니티 5,659,1,2.0
김형일위원(위원,5,커뮤니티 5,659,1,2.0
김병순의원(위원,5,커뮤니티 5,659,1,2.0
위원장대리김영복,5,커뮤니티 5,659,1,2.0
보건사회위원회간사홍익표,5,커뮤니티 5,659,1,2.0
운영위원회간사황호현,5,커뮤니티 5,659,1,2.0
건설위원회간사서상린,5,커뮤니티 5,659,1,2.0
교통체신위원회간사김선주,5,커뮤니티 5,659,1,2.0
농림위원회간사최서일,5,커뮤니티 5,659,1,2.0
문교공보위원회간사류청,5,커뮤니티 5,659,1,2.0
내무위원회간사신윤창,5,커뮤니티 5,659,1,2.0
외무위원회간사변종봉,5,커뮤니티 5,659,1,2.0
삼민회원내총무유성권,5,커뮤니티 5,659,1,2.0
대한변호사협회상무위원이병인,5,커뮤니티 5,659,1,2.0
서울제일변호사회장조평재,5,커뮤니티 5,659,1,2.0
부이사관윤영탁,5,커뮤니티 5,659,1,2.0
국회사무처차장이호진,5,커뮤니티 5,659,1,2.0
행정부이사관이필용,5,커뮤니티 5,659,1,2.0
윤인식위원(위원,5,커뮤니티 5,659,1,2.0
원자력청기획관리관황세봉,5,커뮤니티 5,659,1,2.0
국회사무처건설국장정동우,5,커뮤니티 5,659,1,2.0
행정개혁조사위원회행정실장정승희,5,커뮤니티 5,659,1,2.0
국무총리비실장홍성철,5,커뮤니티 5,659,1,2.0
재무부외환국장홍승환,5,커뮤니티 5,659,1,2.0
재무부재정차관보2500만,5,커뮤니티 5,659,1,2.0
한국은행이사하영기,5,커뮤니티 5,659,1,2.0
전문위원예.,5,커뮤니티 5,659,1,2.0
재무부이재국장특히,5,커뮤니티 5,659,1,2.0
재무부이재국장제가,5,커뮤니티 5,659,1,2.0
국방부법무과장이양우,5,커뮤니티 5,659,1,2.0
대검찰청검사김일두,5,커뮤니티 5,659,1,2.0
법원행정처기획과장,5,커뮤니티 5,659,1,2.0
광주지방검찰청검사장김병기,5,커뮤니티 5,659,1,2.0
감사원장대리임승열,5,커뮤니티 5,659,1,2.0
증인신화식,5,커뮤니티 5,659,1,2.0
7351,5,커뮤니티 5,659,1,2.0
7153,5,커뮤니티 5,659,1,2.0
3751,5,커뮤니티 5,659,1,2.0
3715,5,커뮤니티 5,659,1,2.0
건설위원장대리유광현,5,커뮤니티 5,659,1,2.0
재무부장관서리서봉균,5,커뮤니티 5,659,1,2.0
부정축재환수관리위원회관리과장장기완,5,커뮤니티 5,659,1,2.0
문교공보위원회전문위원김봉호,5,커뮤니티 5,659,1,2.0
류치송의원(위원,5,커뮤니티 5,659,1,2.0
방성출의원(위원,5,커뮤니티 5,659,1,2.0
국회운영위원장대리김익기,5,커뮤니티 5,659,1,2.0
행정사무관장욱상,5,커뮤니티 5,659,1,2.0
국방부관재과장송영태,5,커뮤니티 5,659,1,2.0
오치성의원(위원,5,커뮤니티 5,659,1,2.0
이중재의원(위원,5,커뮤니티 5,659,1,2.0
옥조남의원(위원,5,커뮤니티 5,659,1,2.0
양극필의원(위원,5,커뮤니티 5,659,1,2.0
농림위원회전문위원한중건,5,커뮤니티 5,659,1,2.0
농림위원장대리이종근,5,커뮤니티 5,659,1,2.0
이상철의원(위원,5,커뮤니티 5,659,1,2.0
주사이의영,5,커뮤니티 5,659,1,2.0
국무총리실기획관유석재,5,커뮤니티 5,659,1,2.0
기획조정실장조효원,5,커뮤니티 5,659,1,2.0
류홍의원(위원,5,커뮤니티 5,659,1,2.0
이만섭의원(위원,5,커뮤니티 5,659,1,2.0
원호처보험과장최종원,5,커뮤니티 5,659,1,2.0
서상린의원(위원,5,커뮤니티 5,659,1,2.0
국세청직세국장서영철,5,커뮤니티 5,659,1,2.0
신민당원내총무김영삼,5,커뮤니티 5,659,1,2.0
재무부장관민영훈,5,커뮤니티 5,659,1,2.0
재무부사게국장김동수,5,커뮤니티 5,659,1,2.0
해사행정특별심의위원장직무대리신동식,5,커뮤니티 5,659,1,2.0
김세영위원,5,커뮤니티 5,659,1,2.0
국무총리실총무비서관신성재,5,커뮤니티 5,659,1,2.0
법원행정처조사국장노세우,5,커뮤니티 5,659,1,2.0
행정사무관조성창,5,커뮤니티 5,659,1,2.0
상공위원장대리李敏祐,5,커뮤니티 5,659,1,2.0
서울특별시도시계획과장윤정섭,5,커뮤니티 5,659,1,2.0
선거관리위원회법·선거관계법·정당법·정치자금에관한법률등(경찰관등공무원선거관여행위처벌에관한특별법)개정특별위원장박준규,5,커뮤니티 5,659,1,2.0
선거관리위원회법·선거관계법·정당법·정치자금에관한법률등(경찰관등공무원선거관여행위처벌에관한특별법)개정특별위원장,5,커뮤니티 5,659,1,2.0
사무처총무과장한원조,5,커뮤니티 5,659,1,2.0
국회사무차장권경식,5,커뮤니티 5,659,1,2.0
상공위원장대리양극필,5,커뮤니티 5,659,1,2.0
유수현의원(위원,5,커뮤니티 5,659,1,2.0
고형곤의원(위원,5,커뮤니티 5,659,1,2.0
사무총장대리권경식,5,커뮤니티 5,659,1,2.0
건설위원장대리임차주,5,커뮤니티 5,659,1,2.0
오상직의원(위원,5,커뮤니티 5,659,1,2.0
행정개혁조사위원회부위원장문희섭,5,커뮤니티 5,659,1,2.0
경제과학심의회의실장최익명,5,커뮤니티 5,659,1,2.0
청와대총무비서관안광석,5,커뮤니티 5,659,1,2.0
전진한(위원아닌,5,커뮤니티 5,659,1,2.0
감사원사무총장이정삼,5,커뮤니티 5,659,1,2.0
대한광업회장황기용,5,커뮤니티 5,659,1,2.0
교통체신위원장대리김선주,5,커뮤니티 5,659,1,2.0
한건수의원(위원,5,커뮤니티 5,659,1,2.0
이상돈위원,6,커뮤니티 6,632,2215,4366.0
위원장정태성,6,커뮤니티 6,632,2495,4221.0
상공부장관김정렴,6,커뮤니티 6,632,1289,2572.0
양회수위원,6,커뮤니티 6,632,1224,2364.0
상공부장관박충훈,6,커뮤니티 6,632,1115,2202.0
소선규위원,6,커뮤니티 6,632,1068,2068.0
송원영위원,6,커뮤니티 6,632,1003,2004.0
김원만위원,6,커뮤니티 6,632,830,1652.0
상공부차관김정렴,6,커뮤니티 6,632,778,1518.0
함덕용위원,6,커뮤니티 6,632,737,1446.0
상공부차관이철승,6,커뮤니티 6,632,645,1278.0
위원장예춘호,6,커뮤니티 6,632,695,1180.0
김임식위원,6,커뮤니티 6,632,576,1120.0
위원장대리조창대,6,커뮤니티 6,632,638,1070.0
송한철위원,6,커뮤니티 6,632,490,950.0
이원만위원,6,커뮤니티 6,632,442,882.0
김호칠위원,6,커뮤니티 6,632,403,784.0
김진만위원,6,커뮤니티 6,632,397,782.0
위원장길전식,6,커뮤니티 6,632,481,781.0
반장예춘호,6,커뮤니티 6,632,467,777.0
권오석위원,6,커뮤니티 6,632,393,768.0
김두현위원,6,커뮤니티 6,632,386,768.0
반장길전식,6,커뮤니티 6,632,438,719.0
오학진위원,6,커뮤니티 6,632,362,714.0
김익준위원,6,커뮤니티 6,632,352,700.0
한통숙위원,6,커뮤니티 6,632,327,650.0
정성태위원,6,커뮤니티 6,632,323,642.0
전문위원이창규,6,커뮤니티 6,632,339,627.0
김응주위원,6,커뮤니티 6,632,303,604.0
증인동영선,6,커뮤니티 6,632,281,562.0
위원장대리오학진,6,커뮤니티 6,632,324,530.0
상공부장관이낙선,6,커뮤니티 6,632,203,406.0
반장오학진,6,커뮤니티 6,632,207,375.0
성낙현위원,6,커뮤니티 6,632,174,346.0
최형우위원,6,커뮤니티 6,632,169,336.0
증인김해균,6,커뮤니티 6,632,164,328.0
엄정주위원,6,커뮤니티 6,632,166,320.0
한국전력주식회사사장박영준,6,커뮤니티 6,632,161,310.0
김우경위원,6,커뮤니티 6,632,151,302.0
위원장오학진,6,커뮤니티 6,632,159,290.0
한국전력주식회사사장김상복,6,커뮤니티 6,632,143,286.0
호남비료주식회사사장김윤근,6,커뮤니티 6,632,134,268.0
상공부광공전차관보이우룡,6,커뮤니티 6,632,140,254.0
김승목위원,6,커뮤니티 6,632,131,252.0
상공부차관김규민,6,커뮤니티 6,632,123,246.0
전문위원백운길,6,커뮤니티 6,632,122,242.0
상공부장관이병호,6,커뮤니티 6,632,120,240.0
외무부장관김용식,6,커뮤니티 6,632,116,232.0
대한석탄공사총재하상용,6,커뮤니티 6,632,115,230.0
전라남도지사김재식,6,커뮤니티 6,632,114,228.0
전문위원이원국,6,커뮤니티 6,632,113,220.0
위원장이동원,6,커뮤니티 6,632,123,219.0
증인최길순,6,커뮤니티 6,632,108,216.0
이영호위원,6,커뮤니티 6,632,105,202.0
증인조경행,6,커뮤니티 6,632,95,190.0
증인김창수,6,커뮤니티 6,632,87,174.0
충주비료주식회사사장박진석,6,커뮤니티 6,632,83,166.0
인천중공업주식회사사장안춘생,6,커뮤니티 6,632,82,164.0
대한조선공사사장김두찬,6,커뮤니티 6,632,117,162.0
상공부기획관리실장오원철,6,커뮤니티 6,632,80,160.0
대한석유공사사장이성호,6,커뮤니티 6,632,80,160.0
위원장대리권오석,6,커뮤니티 6,632,85,158.0
상공부광무국장송겸호,6,커뮤니티 6,632,77,154.0
부산직할시장박영수,6,커뮤니티 6,632,77,154.0
한국전력주식회사부사장진의종,6,커뮤니티 6,632,76,151.0
증인손창규,6,커뮤니티 6,632,74,148.0
대한광업진흥공사사장박영석,6,커뮤니티 6,632,71,142.0
국토통일원장관김영선,6,커뮤니티 6,632,66,132.0
李敏祐위원,6,커뮤니티 6,632,61,122.0
한국기계공업주식회사사장정낙은,6,커뮤니티 6,632,60,120.0
대한무역진흥공사사장오범식,6,커뮤니티 6,632,60,120.0
대한중석광업주식회사사장김창규,6,커뮤니티 6,632,59,118.0
대한염업주식회사사장박동균,6,커뮤니티 6,632,58,116.0
한국광업제련공사사장전명섭,6,커뮤니티 6,632,55,108.0
대한철광개발주식회사사장임원석,6,커뮤니티 6,632,54,108.0
이민우위원,6,커뮤니티 6,632,54,108.0
대한석유공사사장박원석,6,커뮤니티 6,632,52,104.0
황낙주위원,6,커뮤니티 6,632,51,98.0
상공부공업제1국장오원철,6,커뮤니티 6,632,49,98.0
한국전력주식회사사장정래혁,6,커뮤니티 6,632,48,96.0
대한석탄공사총재이상규,6,커뮤니티 6,632,47,94.0
신상우위원,6,커뮤니티 6,632,44,88.0
대한광업진흥공사사장황기용,6,커뮤니티 6,632,44,88.0
반장이활,6,커뮤니티 6,632,51,86.0
대한중석광업주식회사사장박태준,6,커뮤니티 6,632,43,86.0
김대진위원,6,커뮤니티 6,632,43,86.0
한국기계공업주식회사사장정영기,6,커뮤니티 6,632,43,86.0
이원엽위원,6,커뮤니티 6,632,42,84.0
대한석탄공사부총재이상규,6,커뮤니티 6,632,42,84.0
국립지질조사소장박인규,6,커뮤니티 6,632,42,84.0
증인방윤찬,6,커뮤니티 6,632,38,76.0
참고인김용린,6,커뮤니티 6,632,37,72.0
이활위원,6,커뮤니티 6,632,36,72.0
서기관한병일,6,커뮤니티 6,632,35,70.0
포항종합제철주식회사사장박태준,6,커뮤니티 6,632,35,70.0
李敏祐위원,6,커뮤니티 6,632,35,70.0
상공부상역차관보이철승,6,커뮤니티 6,632,34,68.0
상공부광공차관보이우룡,6,커뮤니티 6,632,34,68.0
장성광업소장나인구,6,커뮤니티 6,632,33,66.0
충주비료주식회사사장민기식,6,커뮤니티 6,632,33,66.0
증인류영준,6,커뮤니티 6,632,33,66.0
상공부상역국장김우근,6,커뮤니티 6,632,32,64.0
서기관김종수,6,커뮤니티 6,632,32,64.0
증인김복산,6,커뮤니티 6,632,31,62.0
상공부기획관리실장서영철,6,커뮤니티 6,632,31,62.0
위원장대리신동준,6,커뮤니티 6,632,37,60.0
국립공업연구소장이범순,6,커뮤니티 6,632,30,60.0
대한석탄공사총재태완선,6,커뮤니티 6,632,30,60.0
장성광업소소장유경석,6,커뮤니티 6,632,28,56.0
신하균위원,6,커뮤니티 6,632,28,56.0
양일동위원,6,커뮤니티 6,632,28,56.0
대한석유공사부사장전민제,6,커뮤니티 6,632,25,50.0
상동광업소장장의선,6,커뮤니티 6,632,25,50.0
대한석탄공사장성광업소장유경석,6,커뮤니티 6,632,25,50.0
충주비료주식회사관리이사이홍렬,6,커뮤니티 6,632,25,50.0
반장대리조창대,6,커뮤니티 6,632,25,48.0
인천중공업주식회사부사장김규민,6,커뮤니티 6,632,24,48.0
상공부전기국장박용철,6,커뮤니티 6,632,24,48.0
영월광업소장박용덕,6,커뮤니티 6,632,24,48.0
울산정유공장부공장장전명석,6,커뮤니티 6,632,24,48.0
한국전력주식회사기획담당이사김종주,6,커뮤니티 6,632,23,46.0
충주비료주식회사공장장김영생,6,커뮤니티 6,632,22,44.0
부산시부시장남문희,6,커뮤니티 6,632,22,44.0
위원장대리장덕진,6,커뮤니티 6,632,22,42.0
전라남도지사신용우,6,커뮤니티 6,632,21,42.0
상공부공업제1국장유각종,6,커뮤니티 6,632,21,42.0
한국광업제련공사사장박두선,6,커뮤니티 6,632,20,40.0
함백광업소소장김주호,6,커뮤니티 6,632,20,40.0
증인문영석,6,커뮤니티 6,632,20,40.0
대한철광주식회사사장임원석,6,커뮤니티 6,632,19,38.0
한국전력주식회사영남화력발전소장박희징,6,커뮤니티 6,632,19,38.0
대한염업공사사장박동균,6,커뮤니티 6,632,18,36.0
산업은행업무담당이사배문홍,6,커뮤니티 6,632,18,36.0
대한염업주식회사사장박현수,6,커뮤니티 6,632,18,36.0
영월화력발전소장이재숙,6,커뮤니티 6,632,18,36.0
한국전력주식회사부산지점장김영익,6,커뮤니티 6,632,17,34.0
증인박성범,6,커뮤니티 6,632,17,34.0
대한석탄공사함백광업소소장김동호,6,커뮤니티 6,632,17,34.0
최영두의원,6,커뮤니티 6,632,16,32.0
호남비료주식회사사장박현수,6,커뮤니티 6,632,16,32.0
대한중석광업주식회사사장김용배,6,커뮤니티 6,632,16,32.0
상공부공업제2국장엄익호,6,커뮤니티 6,632,16,32.0
상공부차관보이철승,6,커뮤니티 6,632,16,32.0
박종률위원,6,커뮤니티 6,632,16,32.0
한국광업제련공사사장오점석,6,커뮤니티 6,632,15,30.0
증인조열기,6,커뮤니티 6,632,15,30.0
한국전력주식회사부산지점장김황봉,6,커뮤니티 6,632,15,30.0
화순광업소장유환규,6,커뮤니티 6,632,15,30.0
사장박원석,6,커뮤니티 6,632,15,30.0
사장임원석,6,커뮤니티 6,632,14,28.0
울산정유공장이사전민제,6,커뮤니티 6,632,14,28.0
한국전력주식회사부산지점장이정호,6,커뮤니티 6,632,14,28.0
이병옥의원(위원,6,커뮤니티 6,632,15,26.0
한국기계공업주식회사사장김석범,6,커뮤니티 6,632,13,26.0
울산정유공장공장장전명석,6,커뮤니티 6,632,13,26.0
대한중석광석주식회사사장김용배,6,커뮤니티 6,632,13,26.0
충주비료주식회사부사장마종승,6,커뮤니티 6,632,13,26.0
증인김병구,6,커뮤니티 6,632,16,24.0
대한철광개발주식회사업무이사임선재,6,커뮤니티 6,632,12,24.0
상공부기획관리실장이호범,6,커뮤니티 6,632,12,24.0
국립지질조사소소장박인규,6,커뮤니티 6,632,12,24.0
한국산업은행이사이춘우,6,커뮤니티 6,632,12,24.0
장덕진위원(서울),6,커뮤니티 6,632,12,24.0
마산화력발전소소장최남진,6,커뮤니티 6,632,12,24.0
충주비료공장운영주식회사사장박진석,6,커뮤니티 6,632,12,24.0
한국전력주식회사부산화력발전소장오상호,6,커뮤니티 6,632,12,24.0
한국광업제련공사장항제련소장김승욱,6,커뮤니티 6,632,12,24.0
김준섭위원,6,커뮤니티 6,632,12,24.0
정일권위원,6,커뮤니티 6,632,12,24.0
유수현위원,6,커뮤니티 6,632,12,24.0
부이사관김종수,6,커뮤니티 6,632,12,22.0
표준국장서리박승엽,6,커뮤니티 6,632,11,22.0
증인이경득,6,커뮤니티 6,632,11,22.0
소위원장송한철,6,커뮤니티 6,632,11,22.0
증인김성우,6,커뮤니티 6,632,11,22.0
상공부특허국장전준항,6,커뮤니티 6,632,11,22.0
국세청조사국장서영철,6,커뮤니티 6,632,11,22.0
증인서복용,6,커뮤니티 6,632,11,22.0
부산직할시도시계획국장강대현,6,커뮤니티 6,632,10,20.0
대한석유공사이사전민제,6,커뮤니티 6,632,10,20.0
대한중석광업주식회사기술이사남상조,6,커뮤니티 6,632,10,20.0
참고인남문희,6,커뮤니티 6,632,10,20.0
대한석유공사기술담당이사전민제,6,커뮤니티 6,632,10,20.0
김은하의원(위원,6,커뮤니티 6,632,10,20.0
민영남의원(위원,6,커뮤니티 6,632,10,20.0
대한석유공사기술이사전민제,6,커뮤니티 6,632,10,20.0
증인강관용,6,커뮤니티 6,632,10,20.0
한국전력주식회사이사김종주,6,커뮤니티 6,632,10,20.0
상공부기계과장유석기,6,커뮤니티 6,632,10,20.0
대한조선공사이사하영환,6,커뮤니티 6,632,10,20.0
경상남도부지사조병규,6,커뮤니티 6,632,9,18.0
대한석탄공사총재강기천,6,커뮤니티 6,632,9,18.0
장항제련소장박상혁,6,커뮤니티 6,632,9,18.0
주일본대한민국대사이호,6,커뮤니티 6,632,9,18.0
상공부광무국장배상욱,6,커뮤니티 6,632,9,18.0
한국전력주식회사여수건설사무소장한병록,6,커뮤니티 6,632,9,18.0
상공부광무국장전준항,6,커뮤니티 6,632,9,18.0
참고인이상기,6,커뮤니티 6,632,8,16.0
한국광업제련공사업무이사이종,6,커뮤니티 6,632,8,16.0
대한석탄공사화순광업소장김만곤,6,커뮤니티 6,632,8,16.0
대한조선공사이사김규성,6,커뮤니티 6,632,8,16.0
외무부영사국장안광수,6,커뮤니티 6,632,8,16.0
반장대리김창욱,6,커뮤니티 6,632,8,16.0
이해원위원,6,커뮤니티 6,632,8,16.0
대한광업제련공사이사김승욱,6,커뮤니티 6,632,8,16.0
위원장대리성낙현,6,커뮤니티 6,632,8,16.0
대한철광개발주식회사부사장이혁기,6,커뮤니티 6,632,8,16.0
부산시장김덕엽,6,커뮤니티 6,632,8,16.0
상공부장관이락선,6,커뮤니티 6,632,8,16.0
권일위원,6,커뮤니티 6,632,7,14.0
대한광업제련공사사장오점석,6,커뮤니티 6,632,7,14.0
상공부상역국장심의환,6,커뮤니티 6,632,7,14.0
부산시부시장허련,6,커뮤니티 6,632,7,14.0
외무부아주국장최광수,6,커뮤니티 6,632,7,14.0
상공부동력국장원용대,6,커뮤니티 6,632,7,14.0
강성원위원,6,커뮤니티 6,632,7,14.0
인천중공업주식회사기술이사박경만,6,커뮤니티 6,632,7,14.0
증인김춘희,6,커뮤니티 6,632,7,14.0
대한무역진흥공사사장안광호,6,커뮤니티 6,632,7,14.0
외무부정보문화국장박창남,6,커뮤니티 6,632,7,14.0
반장대리신동준,6,커뮤니티 6,632,7,14.0
대한철광주식회사이사임선재,6,커뮤니티 6,632,7,14.0
서울시장김현옥,6,커뮤니티 6,632,7,14.0
류창렬위원,6,커뮤니티 6,632,7,14.0
삼척화력발전소장이형근,6,커뮤니티 6,632,7,14.0
대한철광주식회사이사전영식,6,커뮤니티 6,632,7,14.0
특허국장서동운,6,커뮤니티 6,632,7,14.0
최서일의원,6,커뮤니티 6,632,7,14.0
이재만의원(위원,6,커뮤니티 6,632,10,12.0
이학만위원,6,커뮤니티 6,632,6,12.0
대한석탄공사기획부장백사익,6,커뮤니티 6,632,6,12.0
대한석탄공사영업부장권영관,6,커뮤니티 6,632,6,12.0
대한조선공사이사신백균,6,커뮤니티 6,632,6,12.0
상공부공업제2국장김동규,6,커뮤니티 6,632,6,12.0
상공부중앙계량국장이준구,6,커뮤니티 6,632,6,12.0
금속연료종합연구소장지응업,6,커뮤니티 6,632,6,12.0
최세경위원,6,커뮤니티 6,632,6,12.0
울산정유공장공장장J.W.BEST,6,커뮤니티 6,632,6,12.0
양양광업소주재이사윤부영,6,커뮤니티 6,632,6,12.0
부산시장김현옥,6,커뮤니티 6,632,6,12.0
중소기업은행이사지생업,6,커뮤니티 6,632,6,12.0
김중한의원(위원,6,커뮤니티 6,632,6,12.0
반장대리박삼준,6,커뮤니티 6,632,6,11.0
내무부기획관리실장태종학,6,커뮤니티 6,632,5,10.0
상공부금속과장이규동,6,커뮤니티 6,632,5,10.0
부산직할시상공국장옥성선,6,커뮤니티 6,632,5,10.0
사장황기용,6,커뮤니티 6,632,5,10.0
대한석탄공사총재김효영,6,커뮤니티 6,632,5,10.0
국립공업연구소소장이범순,6,커뮤니티 6,632,5,10.0
위원장대리양순직,6,커뮤니티 6,632,5,10.0
한국전력주식회사이사허순오,6,커뮤니티 6,632,5,10.0
상공부광무국장박임숙,6,커뮤니티 6,632,5,10.0
대한염업주식회사업무이사조의창,6,커뮤니티 6,632,5,10.0
화순광업소장김만곤,6,커뮤니티 6,632,5,10.0
한국전력주식회사영월화력발전소소장이재숙,6,커뮤니티 6,632,5,10.0
영남화학주식회사사장김창규,6,커뮤니티 6,632,5,10.0
영남화학사장박진석,6,커뮤니티 6,632,5,10.0
신영월화력발전소건설사무소장권태휴,6,커뮤니티 6,632,5,10.0
한국은행부총재홍용희,6,커뮤니티 6,632,5,10.0
대한석탄공사생산이사채수갑,6,커뮤니티 6,632,5,10.0
대한철광개발주식회사개발이사전영룡,6,커뮤니티 6,632,5,10.0
상공부공업제2국장김영배,6,커뮤니티 6,632,5,10.0
반장대리권오석,6,커뮤니티 6,632,5,10.0
경제기획원차관김태병,6,커뮤니티 6,632,5,10.0
서기관한병익,6,커뮤니티 6,632,5,10.0
국립지질조사연구소장박인규,6,커뮤니티 6,632,5,10.0
한국전력주식회사이사김선집,6,커뮤니티 6,632,5,10.0
엄정주의원,6,커뮤니티 6,632,5,10.0
상동광업소병원장구필회,6,커뮤니티 6,632,5,10.0
울산정유공장공장장W.W.FINLEY,6,커뮤니티 6,632,5,10.0
한국전력주식회사건설담당이사신기조,6,커뮤니티 6,632,5,10.0
반장대리이해원,6,커뮤니티 6,632,5,10.0
증인한태연,6,커뮤니티 6,632,5,10.0
한국전력주식회사부사장심의섭,6,커뮤니티 6,632,4,8.0
서울특별시청소국장김영제,6,커뮤니티 6,632,4,8.0
상공부광무국장한정석,6,커뮤니티 6,632,4,8.0
상공부기획관리실장이우룡,6,커뮤니티 6,632,4,8.0
한국전력주식회사부사장심이섭,6,커뮤니티 6,632,4,8.0
상공부중소기업국장이광덕,6,커뮤니티 6,632,4,8.0
상공부상역국장정민길,6,커뮤니티 6,632,4,8.0
김병윤위원,6,커뮤니티 6,632,4,8.0
내무부치안국소방과장최운택,6,커뮤니티 6,632,4,8.0
류기정위원,6,커뮤니티 6,632,4,8.0
반장대리성낙현,6,커뮤니티 6,632,4,8.0
삼비사장김용환,6,커뮤니티 6,632,4,8.0
마산지점장조선희,6,커뮤니티 6,632,4,8.0
마산수출자유지역관리청청장정문도,6,커뮤니티 6,632,4,8.0
한국전력주식회사부산화력발전소소장김승효,6,커뮤니티 6,632,4,8.0
업무담당이사송겸호,6,커뮤니티 6,632,4,8.0
상공부표준국장직무대리박승엽,6,커뮤니티 6,632,4,8.0
한국광업제련공사관리담당이사이종,6,커뮤니티 6,632,4,8.0
경상남도부지사이중헌,6,커뮤니티 6,632,4,8.0
한국광업제련공사업무담당이사이시형,6,커뮤니티 6,632,4,8.0
최돈웅위원,6,커뮤니티 6,632,4,8.0
상공부공업제2국장신오식,6,커뮤니티 6,632,4,8.0
오중열위원,6,커뮤니티 6,632,4,8.0
대한철광주식회사이사박병화,6,커뮤니티 6,632,4,8.0
대한중석광업주식회사기획이사김재철,6,커뮤니티 6,632,4,8.0
대한중석광업주식회사관리부장강임진,6,커뮤니티 6,632,4,8.0
대한중석광업주식회사총무부장최정렬,6,커뮤니티 6,632,4,8.0
한국광업제련공사관리이사이경춘,6,커뮤니티 6,632,4,8.0
한국광업제련공사기술이사이승욱,6,커뮤니티 6,632,4,8.0
상공부전기공업과장최규배,6,커뮤니티 6,632,4,8.0
장승태의원(위원,6,커뮤니티 6,632,4,8.0
연주흠위원,6,커뮤니티 6,632,4,8.0
한국은행부총재민영훈,6,커뮤니티 6,632,4,8.0
상공부사무관임인택,6,커뮤니티 6,632,4,8.0
증인박현규,6,커뮤니티 6,632,6,6.0
상공부전기국장김연승,6,커뮤니티 6,632,3,6.0
표준국서무과장한재열,6,커뮤니티 6,632,3,6.0
성덕용위원,6,커뮤니티 6,632,3,6.0
국립공업연구소서무과장이필모,6,커뮤니티 6,632,3,6.0
행정부이사관김종수,6,커뮤니티 6,632,3,6.0
한국기계공업주식회사총무이사김창옥,6,커뮤니티 6,632,3,6.0
서울특별시산업국장김원하,6,커뮤니티 6,632,3,6.0
중앙정보부제1국아주과장김달술,6,커뮤니티 6,632,3,6.0
한국전력주식회사업무담당이사송효순,6,커뮤니티 6,632,3,6.0
인천중공업주식회사회계부장김정동,6,커뮤니티 6,632,3,6.0
대한석탄공사영업이사선우길영,6,커뮤니티 6,632,3,6.0
강원도양정과장원낙희,6,커뮤니티 6,632,3,6.0
상공부국립공업연구소장이범순,6,커뮤니티 6,632,3,6.0
재무부세관국지도과장김이수,6,커뮤니티 6,632,3,6.0
반장대리김응주,6,커뮤니티 6,632,3,6.0
동양석판공업주식회사사장손열호,6,커뮤니티 6,632,3,6.0
위원장대리이상무,6,커뮤니티 6,632,3,6.0
울산정유공장사장박원석,6,커뮤니티 6,632,3,6.0
대한조선공사전무이사김규성,6,커뮤니티 6,632,3,6.0
부산화력발전소소장신명철,6,커뮤니티 6,632,3,6.0
대한광업제련공사이사이종,6,커뮤니티 6,632,3,6.0
대한광업진흥공사사장황기룡,6,커뮤니티 6,632,3,6.0
진해화학주식회사사장이한림,6,커뮤니티 6,632,3,6.0
상공부공업제1국장배상욱,6,커뮤니티 6,632,3,6.0
상공부동력국장이상섭,6,커뮤니티 6,632,3,6.0
증인최주평,6,커뮤니티 6,632,3,6.0
총무부장김두우,6,커뮤니티 6,632,3,6.0
대한조선공사장이영진,6,커뮤니티 6,632,3,6.0
오중렬위원,6,커뮤니티 6,632,3,6.0
외무부아주국장대리공로명,6,커뮤니티 6,632,3,6.0
대한조선공사사장그,6,커뮤니티 6,632,3,6.0
한국광업제련공사장항제련소장박상혁,6,커뮤니티 6,632,3,6.0
위원장대리이해원,6,커뮤니티 6,632,3,6.0
위원장대리장덕진(서울),6,커뮤니티 6,632,3,6.0
한국전력주식회사원자력발전소장고중명,6,커뮤니티 6,632,3,6.0
양양광업소소장정용,6,커뮤니티 6,632,3,6.0
전라남도상공과장양학식,6,커뮤니티 6,632,3,6.0
충주비료주식회사업무이사이홍렬,6,커뮤니티 6,632,3,6.0
노진환위원,6,커뮤니티 6,632,3,6.0
상공부계량국장이준구,6,커뮤니티 6,632,3,6.0
증인김병영,6,커뮤니티 6,632,3,6.0
참고인김선,6,커뮤니티 6,632,3,6.0
호남비료주식회사나주공장장김차섭,6,커뮤니티 6,632,3,6.0
이재국장김용환,6,커뮤니티 6,632,3,6.0
서울특별시관광운수국장김응준,6,커뮤니티 6,632,3,6.0
인천중공업주식회사업무이사박남한,6,커뮤니티 6,632,3,6.0
대한광업진흥공사기술담당이사백사익,6,커뮤니티 6,632,3,6.0
이정래의원(위원,6,커뮤니티 6,632,3,6.0
김우영의원(위원,6,커뮤니티 6,632,3,6.0
국토통일원정책기획실장백인선,6,커뮤니티 6,632,3,6.0
증인이영진,6,커뮤니티 6,632,4,4.0
상공부특허국장서동운,6,커뮤니티 6,632,2,4.0
진해화학사장김창규,6,커뮤니티 6,632,2,4.0
판매과장박형수,6,커뮤니티 6,632,2,4.0
호남비료주식회사업무이사송종욱,6,커뮤니티 6,632,2,4.0
재무부이재국장김용환,6,커뮤니티 6,632,2,4.0
한국기계공업주식회사부사장김노수,6,커뮤니티 6,632,2,4.0
한국기계공업주식회사총무이사신동우,6,커뮤니티 6,632,2,4.0
강원탄광사장정인욱,6,커뮤니티 6,632,2,4.0
상공부국립지질연구소장박인규,6,커뮤니티 6,632,2,4.0
대한석탄공사기술연구소장송태윤,6,커뮤니티 6,632,2,4.0
대한철광주식회사기획실장백운욱,6,커뮤니티 6,632,2,4.0
대한석유공사기획부장나공건,6,커뮤니티 6,632,2,4.0
이상익위원,6,커뮤니티 6,632,2,4.0
경상북도부지사김무연,6,커뮤니티 6,632,2,4.0
외무부기획관리실장연하구,6,커뮤니티 6,632,2,4.0
국토통일원조사실장김이현,6,커뮤니티 6,632,2,4.0
광주시장정시채,6,커뮤니티 6,632,2,4.0
충주공장공장장이문형,6,커뮤니티 6,632,2,4.0
내무부치안국기획과장이규섭,6,커뮤니티 6,632,2,4.0
국토통일원교육홍보실장조동하,6,커뮤니티 6,632,2,4.0
반장대리최세경,6,커뮤니티 6,632,2,4.0
상공부차관보오원철,6,커뮤니티 6,632,2,4.0
소위원회위원장조창대,6,커뮤니티 6,632,2,4.0
상공부중앙계량국장백형배,6,커뮤니티 6,632,2,4.0
상공부광무국장이준구,6,커뮤니티 6,632,2,4.0
대한석유공사총무이사정기순,6,커뮤니티 6,632,2,4.0
대한조선공사관리이사박일서,6,커뮤니티 6,632,2,4.0
대한염업공사생산이사이상린,6,커뮤니티 6,632,2,4.0
국립광업연구소장정인복,6,커뮤니티 6,632,2,4.0
상공부표준국장김영배,6,커뮤니티 6,632,2,4.0
상공부공업제2국기계제1과장이종화,6,커뮤니티 6,632,2,4.0
이민상위원,6,커뮤니티 6,632,2,4.0
대한석유공사사장박지석,6,커뮤니티 6,632,2,4.0
대한석탄공사사장박원석,6,커뮤니티 6,632,2,4.0
상공부기획관리실장박영석,6,커뮤니티 6,632,2,4.0
한국전력주식회사경리담당이사정명구,6,커뮤니티 6,632,2,4.0
기획관리부장정현철,6,커뮤니티 6,632,2,4.0
호남비료주식회사관리담당이사이병희,6,커뮤니티 6,632,2,4.0
부산시상공국장이재용,6,커뮤니티 6,632,2,4.0
부산시장김대만,6,커뮤니티 6,632,2,4.0
대한조선공사사장지금,6,커뮤니티 6,632,2,4.0
호남비료주식회사총무부장장영진,6,커뮤니티 6,632,2,4.0
상공부지질조사소소장박인규,6,커뮤니티 6,632,2,4.0
한국광업제련공사개발과장정병묵,6,커뮤니티 6,632,2,4.0
한국전력주식회사전북지점장한동수,6,커뮤니티 6,632,2,4.0
대한조선공사상무김희성,6,커뮤니티 6,632,2,4.0
한국전력주식회사서울지점장김영오,6,커뮤니티 6,632,2,4.0
수산통조림조합장장일강,6,커뮤니티 6,632,2,4.0
증인노찬주,6,커뮤니티 6,632,2,4.0
상공부계량국장전준항,6,커뮤니티 6,632,2,4.0
대한조선공사사장그것이,6,커뮤니티 6,632,2,4.0
대한고무공업협회이사박원식,6,커뮤니티 6,632,2,4.0
대한건설협회총무국장성주관,6,커뮤니티 6,632,2,4.0
대한조선공사사장그것은,6,커뮤니티 6,632,2,4.0
서울특별시기획조정과장조성래,6,커뮤니티 6,632,2,4.0
대한석유공사이사김민제,6,커뮤니티 6,632,2,4.0
상공부상정과장김용각,6,커뮤니티 6,632,2,4.0
경제기획원차관보김영준,6,커뮤니티 6,632,2,2.0
대한조선공사전무이사김승완,6,커뮤니티 6,632,2,2.0
상공부석탄과장이병길,6,커뮤니티 6,632,1,2.0
대한양회협회부회장김종대,6,커뮤니티 6,632,1,2.0
대한무역진흥공사이사김희곤,6,커뮤니티 6,632,1,2.0
대한석탄공사관리이사김형준,6,커뮤니티 6,632,1,2.0
한국전력주식회사기획담당이사허순오,6,커뮤니티 6,632,1,2.0
동서석유화학사장김필상,6,커뮤니티 6,632,1,2.0
카프로락담사장이우룡,6,커뮤니티 6,632,1,2.0
상공부광무국장박림숙,6,커뮤니티 6,632,1,2.0
관리부장임세현,6,커뮤니티 6,632,1,2.0
사비사장보상은,6,커뮤니티 6,632,1,2.0
사비사장비료용해,6,커뮤니티 6,632,1,2.0
상공부특허국장신중훈,6,커뮤니티 6,632,1,2.0
국립공업연구소장오신섭,6,커뮤니티 6,632,1,2.0
서울시제1부시장김정오,6,커뮤니티 6,632,1,2.0
상공부제1공업국중소기업과장문기상,6,커뮤니티 6,632,1,2.0
이사윤승두,6,커뮤니티 6,632,1,2.0
울산공장장전명석,6,커뮤니티 6,632,1,2.0
한국무역연구소소장오만식,6,커뮤니티 6,632,1,2.0
한국마케팅개발센터소장오상락,6,커뮤니티 6,632,1,2.0
반장대리양회수,6,커뮤니티 6,632,1,2.0
부산시장최두열,6,커뮤니티 6,632,1,2.0
장성광업소소장이직율이,6,커뮤니티 6,632,1,2.0
장성광업소소장저희들은,6,커뮤니티 6,632,1,2.0
한국기계공업주식회사기획부장이정주,6,커뮤니티 6,632,1,2.0
대한석유공사기획실장노춘우,6,커뮤니티 6,632,1,2.0
한국광업제련공사업무담당이사이종,6,커뮤니티 6,632,1,2.0
대한조선공사비서실장김희양,6,커뮤니티 6,632,1,2.0
대한중석광업주식회사기획부기획과장강림진,6,커뮤니티 6,632,1,2.0
행정서기관이득규,6,커뮤니티 6,632,1,2.0
서기관이득규,6,커뮤니티 6,632,1,2.0
인천중공업주식회사관리부차장주희옥,6,커뮤니티 6,632,1,2.0
대한석유공사기술이사김민제,6,커뮤니티 6,632,1,2.0
장성광업소소장(현황,6,커뮤니티 6,632,1,2.0
장성광업소소장한,6,커뮤니티 6,632,1,2.0
장성광업소소장이러한,6,커뮤니티 6,632,1,2.0
장성광업소소장간접부는,6,커뮤니티 6,632,1,2.0
장성광업소소장(선,6,커뮤니티 6,632,1,2.0
성낙현위현,6,커뮤니티 6,632,1,2.0
대한광업제련공사이사조인복,6,커뮤니티 6,632,1,2.0
대한광업제련공사이사박상혁,6,커뮤니티 6,632,1,2.0
대한광업진흥공사기획실장백운욱,6,커뮤니티 6,632,1,2.0
김두현위위,6,커뮤니티 6,632,1,2.0
상공부공업제2국장박림숙,6,커뮤니티 6,632,1,2.0
상공부중소기업국장박규홍,6,커뮤니티 6,632,1,2.0
대한중석광업주식회사이사정창근,6,커뮤니티 6,632,1,2.0
상공소위원회위원장김임식,6,커뮤니티 6,632,1,2.0
전국버스사업조합연합회전무이사김순태,6,커뮤니티 6,632,1,2.0
상공회의소사무총장김봉진,6,커뮤니티 6,632,1,2.0
국토통일원기획관리관이호경,6,커뮤니티 6,632,1,2.0
위원장대리최세경,6,커뮤니티 6,632,1,2.0
호남비료주식회사기술담당이사답변,6,커뮤니티 6,632,1,2.0
호남비료주식회사기술담당이사당,6,커뮤니티 6,632,1,2.0
호남비료주식회사부사장문종두,6,커뮤니티 6,632,1,2.0
반장대리이학만,6,커뮤니티 6,632,1,2.0
상공부공업진흥관유각종,6,커뮤니티 6,632,1,2.0
한국전력주식회사기획부장김종록,6,커뮤니티 6,632,1,2.0
마산화력발전소서무과장이준권,6,커뮤니티 6,632,1,2.0
대한염업주식회사총무이사배무남,6,커뮤니티 6,632,1,2.0
상공부석탄과장양,6,커뮤니티 6,632,1,2.0
대한석탄공사이사하나는,6,커뮤니티 6,632,1,2.0
대한석탄공사이사보안,6,커뮤니티 6,632,1,2.0
대한석탄공사이사확정매장량,6,커뮤니티 6,632,1,2.0
호남비료주식회사사장오기창,6,커뮤니티 6,632,1,2.0
대한석탄공사업무이사최희덕,6,커뮤니티 6,632,1,2.0
국토통일원상임연구위원이영일,6,커뮤니티 6,632,1,2.0
국토통일원보좌관이철,6,커뮤니티 6,632,1,2.0
국토통일원기획관리관노계현,6,커뮤니티 6,632,1,2.0
박태원위원,6,커뮤니티 6,632,1,2.0
경상북도상공국장박준무,6,커뮤니티 6,632,1,2.0
외교연구원교수부장윤찬,6,커뮤니티 6,632,1,2.0
외교연구원연구부장김창훈,6,커뮤니티 6,632,1,2.0
상공부국립광업연구소장현원달,6,커뮤니티 6,632,1,2.0
상공부국립공업연구소장오신섭,6,커뮤니티 6,632,1,2.0
상공부표준국장문기상,6,커뮤니티 6,632,1,2.0
상공부중앙계량국장신중훈,6,커뮤니티 6,632,1,2.0
상공부특허국장이상섭,6,커뮤니티 6,632,1,2.0
상공부공업진흥관김찬동,6,커뮤니티 6,632,1,2.0
상공부유통경제관이재려,6,커뮤니티 6,632,1,2.0
상공부통상진흥국장박필수,6,커뮤니티 6,632,1,2.0
이상조위원,6,커뮤니티 6,632,1,2.0
호남비료주식회사관리부장이일호,6,커뮤니티 6,632,1,2.0
상공부표준국장박승엽,6,커뮤니티 6,632,1,2.0
상공부전기국장김영배,6,커뮤니티 6,632,1,2.0
대한염업주식회사총무이사염홍섭,6,커뮤니티 6,632,1,2.0
대한염업주식회사경리과장유상근,6,커뮤니티 6,632,1,2.0
대한조선공사사장앞으로,6,커뮤니티 6,632,1,2.0
신용과장조현대,6,커뮤니티 6,632,1,2.0
대한조선공사사장브리핑에는,6,커뮤니티 6,632,1,2.0
상공부공업국장엄기호,6,커뮤니티 6,632,1,2.0
대한조선공사사장종전에는,6,커뮤니티 6,632,1,2.0
대한조선공사사장전무이사,6,커뮤니티 6,632,1,2.0
대한조선공사사장제가,6,커뮤니티 6,632,1,2.0
대한염업주식회사부사장이원장,6,커뮤니티 6,632,1,2.0
대한조선공사사장,6,커뮤니티 6,632,1,2.0
대한조선공사사장부채는,6,커뮤니티 6,632,1,2.0
울산정유공장노무부장정원만,6,커뮤니티 6,632,1,2.0
한국전력주식회사상무이재인,6,커뮤니티 6,632,1,2.0
한국기계공업주식회사업무이사신군철,6,커뮤니티 6,632,1,2.0
강원도상공과장64년,6,커뮤니티 6,632,1,2.0
부산시부시장이기수,6,커뮤니티 6,632,1,2.0
영월화력발전소광무국장송겸호,6,커뮤니티 6,632,1,2.0
김용순의원(위원,6,커뮤니티 6,632,1,2.0
한국기계공업주식회사업무이사박윤서,6,커뮤니티 6,632,1,2.0
한국전력주식회사기획부장김종주,6,커뮤니티 6,632,1,2.0
충주비료주식회사기획이사오관용,6,커뮤니티 6,632,1,2.0
충주비료주식회사업무이사김규성,6,커뮤니티 6,632,1,2.0
상공부공업제2국장오원철,6,커뮤니티 6,632,1,2.0
국립지질조사소채광부장조국형,6,커뮤니티 6,632,1,2.0
충주비료주식회사기술관리부장윤석영,6,커뮤니티 6,632,1,2.0
행정서기관한병일,6,커뮤니티 6,632,1,2.0
대한조선공사사장휴가기간이,6,커뮤니티 6,632,1,2.0
대한조선공사사장39명이,6,커뮤니티 6,632,1,2.0
대한조선공사사장말씀드리겠습니다.,6,커뮤니티 6,632,1,2.0
증인박규현,6,커뮤니티 6,632,1,2.0
무역진흥공사사장오범식,6,커뮤니티 6,632,1,2.0
무역진흥공사장오범식,6,커뮤니티 6,632,1,2.0
상공부제2공업국장엄익호,6,커뮤니티 6,632,1,2.0
대한조선공사사장약,6,커뮤니티 6,632,1,2.0
대한조선공사사장예.,6,커뮤니티 6,632,1,2.0
대한조선공사사장처음에,6,커뮤니티 6,632,1,2.0
국립공업연구소수출검사부장심선환,6,커뮤니티 6,632,1,2.0
대한조선공사사장그다음에,6,커뮤니티 6,632,1,2.0
대한조선공사사장먼저,6,커뮤니티 6,632,1,2.0
대한조선공사사장연수원,6,커뮤니티 6,632,1,2.0
대한조선공사사장연수원에는,6,커뮤니티 6,632,1,2.0
대한조선공사사장조선공사에서,6,커뮤니티 6,632,1,2.0
대한조선공사사장이것도,6,커뮤니티 6,632,1,2.0
대한조선공사사장알고,6,커뮤니티 6,632,1,2.0
연사김항복,6,커뮤니티 6,632,1,2.0
연사박응철,6,커뮤니티 6,632,1,2.0
연사박태규,6,커뮤니티 6,632,1,2.0
연사이열모,6,커뮤니티 6,632,1,2.0
연사황병준,6,커뮤니티 6,632,1,2.0
연사홍사철,6,커뮤니티 6,632,1,2.0
연사최호진,6,커뮤니티 6,632,1,2.0
연사홍용희,6,커뮤니티 6,632,1,2.0
연사황기룡,6,커뮤니티 6,632,1,2.0
수차보급회회장양제칠,6,커뮤니티 6,632,1,2.0
대한광업회이사박병화,6,커뮤니티 6,632,1,2.0
연사김현국,6,커뮤니티 6,632,1,2.0
연사정영호,6,커뮤니티 6,632,1,2.0
연사홍성하,6,커뮤니티 6,632,1,2.0
대한조선공사사장다음,6,커뮤니티 6,632,1,2.0
전문위원한병일,6,커뮤니티 6,632,1,2.0
대한조선공사사장역원이,6,커뮤니티 6,632,1,2.0
대한중석광업주식회사전무이사고준식,6,커뮤니티 6,632,1,2.0
대한조선공사사장답변드리기,6,커뮤니티 6,632,1,2.0
한국광업제련공사총무부장이용경,6,커뮤니티 6,632,1,2.0
대한조선공사사장고문에는,6,커뮤니티 6,632,1,2.0
대한중석광업주식회사기술부장김영철,6,커뮤니티 6,632,1,2.0
상공부전기국장전기국소관에,6,커뮤니티 6,632,1,2.0
대한조선공사사장매우,6,커뮤니티 6,632,1,2.0
대한조선공사사장서울지사에는,6,커뮤니티 6,632,1,2.0
대한조선공사사장부산에는,6,커뮤니티 6,632,1,2.0
상공부공업연구소장이범순,6,커뮤니티 6,632,1,2.0
대한조선공사사장서울지사를,6,커뮤니티 6,632,1,2.0
상공부국립지질조사소장박인규,6,커뮤니티 6,632,1,2.0
대한조선공사사장120만,6,커뮤니티 6,632,1,2.0
대한조선공사사장이것이,6,커뮤니티 6,632,1,2.0
대한석탄공사생산이사이번에,6,커뮤니티 6,632,1,2.0
대한석탄공사생산이사수송력이,6,커뮤니티 6,632,1,2.0
한국광업제련공사관리이사우리,6,커뮤니티 6,632,1,2.0
한국광업제련공사관리이사본사가,6,커뮤니티 6,632,1,2.0
서울특별시부시장전재덕,6,커뮤니티 6,632,1,2.0
한국광업제련공사관리이사금년,6,커뮤니티 6,632,1,2.0
대한석탄공사생산이사제가,6,커뮤니티 6,632,1,2.0
한국광업제련공사관리이사대한전선이,6,커뮤니티 6,632,1,2.0
한국전력주식회사수석상무박용철,6,커뮤니티 6,632,1,2.0
한국광업제련공사관리이사지금은,6,커뮤니티 6,632,1,2.0
한국광업제련공사관리이사본사에서,6,커뮤니티 6,632,1,2.0
한국연료공업협동조합연합회회장이수은,6,커뮤니티 6,632,1,2.0
한국광업제련공사관리이사그,6,커뮤니티 6,632,1,2.0
한국광업제련공사장항제련소차장박상혁,6,커뮤니티 6,632,1,2.0
한국광업제련공사관리이사국정을,6,커뮤니티 6,632,1,2.0
울산정유사장박원석,6,커뮤니티 6,632,1,2.0
상공부공업체1국장오원철,6,커뮤니티 6,632,1,2.0
김성화위원,6,커뮤니티 6,632,1,2.0
상공부공업체2국장박임숙,6,커뮤니티 6,632,1,2.0
대한석탄공사기획부장이광모,6,커뮤니티 6,632,1,2.0
감사기관참석자,6,커뮤니티 6,632,1,2.0
영남화학사장김창규,6,커뮤니티 6,632,1,2.0
진해화학사사장박진석,6,커뮤니티 6,632,1,2.0
한국광업제련공사기술담당이사김승욱,6,커뮤니티 6,632,1,2.0
수산통조림제조업협동조합장장일강,6,커뮤니티 6,632,1,2.0
요업센터이사장이병호,6,커뮤니티 6,632,1,2.0
소위원장김임식,6,커뮤니티 6,632,1,2.0
상공부공업제2국장박임숙,6,커뮤니티 6,632,1,2.0
소위원장대리송한철,6,커뮤니티 6,632,1,2.0
대한광업협회장황기용,6,커뮤니티 6,632,1,2.0
대한광업협회회장황기용,6,커뮤니티 6,632,1,2.0
한국광업제련공사업무과장구규홍,6,커뮤니티 6,632,1,2.0
전문위원김종수,6,커뮤니티 6,632,1,2.0
공예및디자인연구소장이순석,6,커뮤니티 6,632,1,2.0
소위원장李敏祐,6,커뮤니티 6,632,1,2.0
소위원회위원장李敏祐,6,커뮤니티 6,632,1,2.0
제4비사장,6,커뮤니티 6,632,1,2.0
충주비료주식회사기술부장현,6,커뮤니티 6,632,1,2.0
제4비사장최종결정권은,6,커뮤니티 6,632,1,2.0
제4비사장제4비의,6,커뮤니티 6,632,1,2.0
제3비사장김창규,6,커뮤니티 6,632,1,2.0
지질연구소탄광부장조국현,6,커뮤니티 6,632,1,2.0
무역공사사장오범식,6,커뮤니티 6,632,1,2.0
대한석유공사부사장장호근,6,커뮤니티 6,632,1,2.0
전매청기획관리관최지주,6,커뮤니티 6,632,1,2.0
국세청기획관리관(현황,6,커뮤니티 6,632,1,2.0
경제기획원기술관리국장김상진,6,커뮤니티 6,632,1,2.0
농업협동조합중앙회비료과장지금,6,커뮤니티 6,632,1,2.0
한국전력주식회사관리담당이사김종민,6,커뮤니티 6,632,1,2.0
상공부기획실장이진화,6,커뮤니티 6,632,1,2.0
대한철광주식회사요업연구소장지인업,6,커뮤니티 6,632,1,2.0
행정서기관김종수,6,커뮤니티 6,632,1,2.0
호남비료주식회사부사장조병준,6,커뮤니티 6,632,1,2.0
주사김상윤,6,커뮤니티 6,632,1,2.0
위원장정성태,6,커뮤니티 6,632,1,1.0
노재필위원,7,커뮤니티 7,527,2883,5562.0
김은하위원,7,커뮤니티 7,527,2523,4980.0
위원장박승규,7,커뮤니티 7,527,1384,2249.0
교통부장관안경모,7,커뮤니티 7,527,1061,2120.0
위원장정래정,7,커뮤니티 7,527,1099,1779.0
옥조남위원,7,커뮤니티 7,527,768,1534.0
피감사기관참석자,7,커뮤니티 7,527,1101,1471.0
최희송위원,7,커뮤니티 7,527,705,1380.0
위원장정진동,7,커뮤니티 7,527,839,1352.0
이우태위원,7,커뮤니티 7,527,661,1228.0
출석전문위원,7,커뮤니티 7,527,615,1217.0
김현기위원,7,커뮤니티 7,527,569,1126.0
철도청장김진식,7,커뮤니티 7,527,521,1042.0
위원장이상희,7,커뮤니티 7,527,620,978.0
신인우위원,7,커뮤니티 7,527,433,840.0
한상준위원,7,커뮤니티 7,527,407,800.0
민병권위원,7,커뮤니티 7,527,400,786.0
정진동위원,7,커뮤니티 7,527,395,770.0
이기택위원,7,커뮤니티 7,527,353,704.0
체신부기획관리실장임남수,7,커뮤니티 7,527,428,678.0
김선주위원,7,커뮤니티 7,527,324,648.0
서인석위원,7,커뮤니티 7,527,306,612.0
장승태위원,7,커뮤니티 7,527,309,608.0
출석감사위원,7,커뮤니티 7,527,301,592.0
반장정진동,7,커뮤니티 7,527,330,559.0
이병주위원,7,커뮤니티 7,527,265,524.0
전문위원신순우,7,커뮤니티 7,527,267,520.0
철도청장이훈섭,7,커뮤니티 7,527,266,518.0
교통부장관강서룡,7,커뮤니티 7,527,264,516.0
이정석위원,7,커뮤니티 7,527,252,502.0
반장이상희,7,커뮤니티 7,527,278,489.0
대한항공공사사장신유협,7,커뮤니티 7,527,240,480.0
체신부차관이진복,7,커뮤니티 7,527,212,422.0
교통부차관김태동,7,커뮤니티 7,527,229,410.0
김재위위원,7,커뮤니티 7,527,242,408.0
교통부장관김윤기,7,커뮤니티 7,527,195,390.0
교통부장관백선엽,7,커뮤니티 7,527,186,370.0
체신부장관김보현,7,커뮤니티 7,527,180,360.0
체신부장관홍헌표,7,커뮤니티 7,527,170,338.0
체신부장관김병삼,7,커뮤니티 7,527,201,326.0
대한조선공사사장이영진,7,커뮤니티 7,527,159,318.0
풍국해운주식회사이사박현규,7,커뮤니티 7,527,147,294.0
위원장대리이백일,7,커뮤니티 7,527,162,290.0
위원장대리노재필,7,커뮤니티 7,527,147,278.0
체신부장관김태동,7,커뮤니티 7,527,144,274.0
교통부차관이용,7,커뮤니티 7,527,125,250.0
위원장대리김은하,7,커뮤니티 7,527,132,249.0
교통부육운국장정재석,7,커뮤니티 7,527,121,242.0
교통부장관박경원,7,커뮤니티 7,527,115,230.0
반장이백일,7,커뮤니티 7,527,114,221.0
교통부해운국장윤기선,7,커뮤니티 7,527,104,208.0
서울특별시관광운수국장최익명,7,커뮤니티 7,527,103,206.0
대한해운공사사장임광섭,7,커뮤니티 7,527,98,196.0
철도청장양택식,7,커뮤니티 7,527,97,194.0
철도청기술연구소장이태원,7,커뮤니티 7,527,96,192.0
철도청장양탁식,7,커뮤니티 7,527,86,172.0
출석감사위원(9인),7,커뮤니티 7,527,83,162.0
출석감사위원(8인),7,커뮤니티 7,527,83,162.0
반장장승태,7,커뮤니티 7,527,87,160.0
체신부공무국장안동렬,7,커뮤니티 7,527,85,158.0
출석감사위원(6인),7,커뮤니티 7,527,78,156.0
대한통운주식회사사장조성근,7,커뮤니티 7,527,77,154.0
위원장대리장승태,7,커뮤니티 7,527,80,152.0
대한해운공사사장이맹기,7,커뮤니티 7,527,75,150.0
교통부차관이창석,7,커뮤니티 7,527,74,148.0
전문위원김인수,7,커뮤니티 7,527,74,146.0
위원장대리김선주,7,커뮤니티 7,527,91,139.0
창장직무대리이순영,7,커뮤니티 7,527,69,138.0
이동영위원,7,커뮤니티 7,527,70,136.0
박승규위원,7,커뮤니티 7,527,66,132.0
체신부장관김홍식,7,커뮤니티 7,527,65,130.0
국제관광공사총재김일환,7,커뮤니티 7,527,74,128.0
서울특별시제1부시장김병완,7,커뮤니티 7,527,64,128.0
체신부장관황종률,7,커뮤니티 7,527,64,128.0
철도청장김준배,7,커뮤니티 7,527,63,126.0
교통부육운국장이범극,7,커뮤니티 7,527,59,118.0
출석감사위원(5인),7,커뮤니티 7,527,57,114.0
철도청장박형훈,7,커뮤니티 7,527,56,112.0
대한해운공사전무이사박승완,7,커뮤니티 7,527,55,110.0
철도청시설국장박대규,7,커뮤니티 7,527,55,110.0
체신부전무국장진근현,7,커뮤니티 7,527,64,108.0
출석감사위원(11인),7,커뮤니티 7,527,55,108.0
국장이병조,7,커뮤니티 7,527,54,108.0
국제관광공사총재오재경,7,커뮤니티 7,527,54,108.0
체신부장관황종율,7,커뮤니티 7,527,52,104.0
출석감사위원(12인),7,커뮤니티 7,527,51,101.0
위원장대리정래정,7,커뮤니티 7,527,49,98.0
대한항공공사부사장이각순,7,커뮤니티 7,527,48,96.0
노동청차장우기도,7,커뮤니티 7,527,47,94.0
출석감사위원(7인),7,커뮤니티 7,527,47,93.0
반장이병주,7,커뮤니티 7,527,47,90.0
교통부항공국장강호윤,7,커뮤니티 7,527,45,90.0
서울특별시제1부시장전재덕,7,커뮤니티 7,527,45,90.0
소위원장옥조남,7,커뮤니티 7,527,44,88.0
출석감사위원(10인),7,커뮤니티 7,527,44,88.0
체신부기획관리실장노원식,7,커뮤니티 7,527,44,86.0
충청북도지사정해식,7,커뮤니티 7,527,42,84.0
홍익회전무이사이희권,7,커뮤니티 7,527,41,82.0
이동녕위원,7,커뮤니티 7,527,41,82.0
부산체신청장배동조,7,커뮤니티 7,527,41,82.0
출석감사위원(4인),7,커뮤니티 7,527,42,80.0
대한조선공사상무이사김승완,7,커뮤니티 7,527,40,80.0
교통부차관이경호,7,커뮤니티 7,527,40,80.0
철도청차장이득룡,7,커뮤니티 7,527,40,80.0
출석감사위원(17인),7,커뮤니티 7,527,40,78.0
대전체신청장최학선,7,커뮤니티 7,527,39,78.0
교통부관광국장윤영구,7,커뮤니티 7,527,38,76.0
한국선주협회부회장김우회,7,커뮤니티 7,527,38,76.0
반장대리김은하,7,커뮤니티 7,527,46,75.0
서울철도국장이병조,7,커뮤니티 7,527,37,74.0
위원장대리이우태,7,커뮤니티 7,527,37,74.0
체신부경리국장노원식,7,커뮤니티 7,527,53,72.0
서기관이귀원,7,커뮤니티 7,527,37,72.0
전기통신연구소소장신용철,7,커뮤니티 7,527,36,72.0
국제관광공사총재장성환,7,커뮤니티 7,527,36,72.0
교통부기획관리실장이동희,7,커뮤니티 7,527,36,72.0
철도청장이용,7,커뮤니티 7,527,35,70.0
서울체신청장정규석,7,커뮤니티 7,527,35,70.0
대한항공공사장장성환,7,커뮤니티 7,527,33,66.0
한국해운조합전무이사서정열,7,커뮤니티 7,527,32,64.0
증인서민호,7,커뮤니티 7,527,32,64.0
청장이훈섭,7,커뮤니티 7,527,31,62.0
체신부우정국장방문기,7,커뮤니티 7,527,29,58.0
국장박영환,7,커뮤니티 7,527,28,56.0
철도청경리국장이진구,7,커뮤니티 7,527,28,56.0
대한해운공사상무이사박은범,7,커뮤니티 7,527,28,56.0
국장박공명,7,커뮤니티 7,527,27,54.0
상공부공업제2국조선과장김철수,7,커뮤니티 7,527,27,54.0
한국선주협회회장임광섭,7,커뮤니티 7,527,26,52.0
강생회전무이사박충서,7,커뮤니티 7,527,26,52.0
교통부육운국장이용걸,7,커뮤니티 7,527,26,52.0
광주체신청장이석영,7,커뮤니티 7,527,26,52.0
출석감사위원(15인),7,커뮤니티 7,527,26,52.0
박승규의원,7,커뮤니티 7,527,25,50.0
부산체신청장강유원,7,커뮤니티 7,527,25,50.0
서울특별시관광운수국장안영기,7,커뮤니티 7,527,24,48.0
한국노동조합총연맹사무총장한기수,7,커뮤니티 7,527,24,48.0
사장조성근,7,커뮤니티 7,527,24,48.0
제1부시장이기수,7,커뮤니티 7,527,24,48.0
이대우위원,7,커뮤니티 7,527,24,48.0
충청남도관광운수과장유영재,7,커뮤니티 7,527,23,46.0
출석감사위원(18인),7,커뮤니티 7,527,23,46.0
교통부육운국장민영환,7,커뮤니티 7,527,23,46.0
고우진위원,7,커뮤니티 7,527,22,44.0
대한항공공사사장장성환,7,커뮤니티 7,527,22,44.0
인천지방해운국장정영훈,7,커뮤니티 7,527,22,44.0
교통부해운국장김정학,7,커뮤니티 7,527,22,44.0
출석감사위원(13인),7,커뮤니티 7,527,22,44.0
출석감사위원(19인),7,커뮤니티 7,527,22,44.0
서기관이한용,7,커뮤니티 7,527,22,42.0
청장최병권,7,커뮤니티 7,527,21,42.0
서울철도국장김명익,7,커뮤니티 7,527,21,42.0
총재김일환,7,커뮤니티 7,527,21,42.0
대전철도국장임수복,7,커뮤니티 7,527,20,40.0
노재필의원,7,커뮤니티 7,527,20,40.0
영주철도국장장윤덕,7,커뮤니티 7,527,20,40.0
영등포공작창장정의강,7,커뮤니티 7,527,20,40.0
철도청시설국장직무대리최순철,7,커뮤니티 7,527,19,38.0
인천지방해운국장김정학,7,커뮤니티 7,527,19,38.0
대한항공공사경리이사김철조,7,커뮤니티 7,527,18,36.0
철도청경리국장윤희창,7,커뮤니티 7,527,18,36.0
철도청시설국장신유섭,7,커뮤니티 7,527,18,36.0
김선주의원,7,커뮤니티 7,527,18,36.0
출석감사위원(20인),7,커뮤니티 7,527,18,36.0
출석감사위원(22인),7,커뮤니티 7,527,18,36.0
출석감사위원(21인),7,커뮤니티 7,527,17,34.0
반장대리장승태,7,커뮤니티 7,527,17,34.0
영주철도국장김명수,7,커뮤니티 7,527,17,34.0
부산철도국장김광현,7,커뮤니티 7,527,17,34.0
전무조석찬,7,커뮤니티 7,527,16,32.0
철도청기획관리관이진구,7,커뮤니티 7,527,16,32.0
연사손제석,7,커뮤니티 7,527,16,32.0
부산체신청장이우연,7,커뮤니티 7,527,16,32.0
부산지방해운국장이원옥,7,커뮤니티 7,527,16,32.0
국제관광공사부총재김영원,7,커뮤니티 7,527,16,32.0
교통부해운국해사과장김상진,7,커뮤니티 7,527,16,32.0
위원장장승태,7,커뮤니티 7,527,16,30.0
출석감사위원(16인),7,커뮤니티 7,527,16,30.0
김한수위원,7,커뮤니티 7,527,15,30.0
중부체신청장고웅,7,커뮤니티 7,527,15,30.0
연사박동운,7,커뮤니티 7,527,15,30.0
부산공작창장이종욱,7,커뮤니티 7,527,15,30.0
철도청경리국장원성희,7,커뮤니티 7,527,15,30.0
대한항공공사영업이사김계진,7,커뮤니티 7,527,15,30.0
출석감사위원(14인),7,커뮤니티 7,527,15,30.0
인천공작창장김명수,7,커뮤니티 7,527,15,30.0
체신부차관김형수,7,커뮤니티 7,527,15,30.0
철도청경리국재정과장원성희,7,커뮤니티 7,527,14,28.0
체신부총무과장장승태,7,커뮤니티 7,527,14,28.0
관광공사총재오재경,7,커뮤니티 7,527,14,28.0
대한항공공사부사장박성배,7,커뮤니티 7,527,14,28.0
장치훈의원(위원,7,커뮤니티 7,527,14,28.0
부산철도국장김재영,7,커뮤니티 7,527,14,28.0
체신부우정국장손승록,7,커뮤니티 7,527,18,26.0
지사김윤환,7,커뮤니티 7,527,13,26.0
교통부관광국장김완수,7,커뮤니티 7,527,13,26.0
국제관광공사부총재이창수,7,커뮤니티 7,527,13,26.0
사장이맹기,7,커뮤니티 7,527,13,26.0
부산철도국장김명익,7,커뮤니티 7,527,13,26.0
대전철도국장차동환,7,커뮤니티 7,527,12,24.0
대한항공공사경리부장한흥수,7,커뮤니티 7,527,12,24.0
순천철도국장장윤덕,7,커뮤니티 7,527,12,24.0
서울공작창장이태원,7,커뮤니티 7,527,12,24.0
대한항공공사기획실장강을식,7,커뮤니티 7,527,12,24.0
서울특별시관광운수국운수과장이규효,7,커뮤니티 7,527,11,22.0
철도청운수국장이병권,7,커뮤니티 7,527,11,22.0
교통부항공국장김완수,7,커뮤니티 7,527,11,22.0
국제관광공사영업관리담당이사이동희,7,커뮤니티 7,527,11,22.0
동대문전화국장김인국,7,커뮤니티 7,527,11,22.0
경주시장권태용,7,커뮤니티 7,527,11,21.0
교통부항공국행정과장최각,7,커뮤니티 7,527,10,20.0
청장진근현,7,커뮤니티 7,527,10,20.0
한국화물자동차주식회사사장문성태,7,커뮤니티 7,527,10,20.0
워커힐지배인장현수,7,커뮤니티 7,527,10,20.0
대전체신청장최호림,7,커뮤니티 7,527,10,20.0
경상남도지사이기수,7,커뮤니티 7,527,10,20.0
철도청감사관김재영,7,커뮤니티 7,527,10,20.0
위원장대리이병주,7,커뮤니티 7,527,11,18.0
순천철도국장김영호,7,커뮤니티 7,527,9,18.0
부이사관이한용,7,커뮤니티 7,527,9,18.0
서울철도국장신유섭,7,커뮤니티 7,527,9,18.0
청원인석만석,7,커뮤니티 7,527,9,18.0
체신부총무과장민병기,7,커뮤니티 7,527,9,18.0
기술과장김진홍,7,커뮤니티 7,527,9,18.0
춘천농과대학서무과장김재찬,7,커뮤니티 7,527,9,18.0
외무부정보문화국장윤경도,7,커뮤니티 7,527,9,18.0
대한항공공사이사김계진,7,커뮤니티 7,527,9,18.0
심봉섭위원,7,커뮤니티 7,527,9,18.0
장치훈의원,7,커뮤니티 7,527,9,18.0
국제관광공사기획실장임병삼,7,커뮤니티 7,527,9,18.0
출석감사위원(23인),7,커뮤니티 7,527,9,18.0
반장김은하,7,커뮤니티 7,527,12,17.0
한국선주협회사무국장김병두,7,커뮤니티 7,527,8,16.0
철도청자재국장윤희창,7,커뮤니티 7,527,8,16.0
철도청재정과장원성희,7,커뮤니티 7,527,8,16.0
체신부경리국장백오현,7,커뮤니티 7,527,8,16.0
위원장대리길전식,7,커뮤니티 7,527,8,16.0
대한항공공사기획이사김계진,7,커뮤니티 7,527,8,16.0
부산지방해운국장신소원,7,커뮤니티 7,527,8,16.0
서울공작창장고우진,7,커뮤니티 7,527,8,16.0
춘천농과대학학장함인섭,7,커뮤니티 7,527,7,14.0
교통부수로국장전철웅,7,커뮤니티 7,527,7,14.0
국제관광공사이사김태진,7,커뮤니티 7,527,7,14.0
인천공작창장고우진,7,커뮤니티 7,527,7,14.0
참고인심상준,7,커뮤니티 7,527,7,14.0
외무부외신과장전병호,7,커뮤니티 7,527,7,14.0
철도청차장정인화,7,커뮤니티 7,527,7,14.0
철도청기획관리관윤종혁,7,커뮤니티 7,527,7,14.0
철도청공전국장서석인,7,커뮤니티 7,527,7,14.0
광주체신청장황현익,7,커뮤니티 7,527,7,14.0
전라북도도로국장김약수,7,커뮤니티 7,527,7,14.0
이영준의원,7,커뮤니티 7,527,7,14.0
교통부기획관리실장정인화,7,커뮤니티 7,527,7,14.0
교통부총무과장이갑녕,7,커뮤니티 7,527,7,14.0
출석피감사원,7,커뮤니티 7,527,9,13.0
부산공작창장조성호,7,커뮤니티 7,527,6,12.0
교통부항공국장김두방,7,커뮤니티 7,527,6,12.0
교통부기획관리실장김준배,7,커뮤니티 7,527,6,12.0
교통부해운국장김정현,7,커뮤니티 7,527,6,12.0
한국수산개발공사사장이한림,7,커뮤니티 7,527,6,12.0
교통부공로운수과장정춘택,7,커뮤니티 7,527,6,12.0
교통부관광국업무과장양한식,7,커뮤니티 7,527,6,12.0
철도청공전국장이태원,7,커뮤니티 7,527,6,12.0
국제관광공사기획부장임병삼,7,커뮤니티 7,527,6,12.0
대한해운공사상무박은범,7,커뮤니티 7,527,6,12.0
임시위원장정직래,7,커뮤니티 7,527,10,11.0
철도청운수국장이진구,7,커뮤니티 7,527,5,10.0
철도청운수국장홍성복,7,커뮤니티 7,527,5,10.0
체신부경리국장이영만,7,커뮤니티 7,527,5,10.0
유성범위원,7,커뮤니티 7,527,5,10.0
경상남도부지사김해두,7,커뮤니티 7,527,5,10.0
철도기술연구소장신현두,7,커뮤니티 7,527,5,10.0
국제관광공사부총재신만재,7,커뮤니티 7,527,5,10.0
경상북도지사양택식,7,커뮤니티 7,527,5,10.0
위원장대리조윤형,7,커뮤니티 7,527,5,10.0
길병전위원,7,커뮤니티 7,527,5,10.0
경찰국장안명수,7,커뮤니티 7,527,5,10.0
체신부전파관리국장박조욱,7,커뮤니티 7,527,5,10.0
철도청차장이득용,7,커뮤니티 7,527,5,10.0
교통부육운국장정춘택,7,커뮤니티 7,527,5,10.0
박철위원,7,커뮤니티 7,527,5,10.0
경리국장윤종혁,7,커뮤니티 7,527,5,10.0
임시위원장고재필,7,커뮤니티 7,527,7,8.0
충청남도부지사강수성,7,커뮤니티 7,527,4,8.0
철도청기획관리담당관윤종혁,7,커뮤니티 7,527,4,8.0
여수지방해운국장이종성,7,커뮤니티 7,527,4,8.0
체신부우정국장배오현,7,커뮤니티 7,527,4,8.0
체신부전기통신시험소장최원식,7,커뮤니티 7,527,4,8.0
서울특별시관광운수국장김동준,7,커뮤니티 7,527,4,8.0
교통부기술과장이복구,7,커뮤니티 7,527,4,8.0
국제관광공사특정외래품판매소장대리임동완,7,커뮤니티 7,527,4,8.0
국제관광공사인사과장김상호,7,커뮤니티 7,527,4,8.0
시설국장신유섭,7,커뮤니티 7,527,4,8.0
홍익회회장정인화,7,커뮤니티 7,527,4,8.0
관광운수국장이규효,7,커뮤니티 7,527,4,8.0
참고인박근식,7,커뮤니티 7,527,4,8.0
대한해운공사선박도입반장박현호,7,커뮤니티 7,527,4,8.0
반장대리이병주,7,커뮤니티 7,527,4,8.0
교통부기획관리실장정재석,7,커뮤니티 7,527,4,8.0
전라북도경찰국장이종학,7,커뮤니티 7,527,4,8.0
강생회경리과장박지환,7,커뮤니티 7,527,4,8.0
경기도부지사서정화,7,커뮤니티 7,527,4,8.0
충청북도부지사한정수,7,커뮤니티 7,527,4,8.0
대한해운공사전무김충남,7,커뮤니티 7,527,4,8.0
교통부육운국공로운수과장이용걸,7,커뮤니티 7,527,4,8.0
교통부해운국장이원옥,7,커뮤니티 7,527,4,8.0
철도청시설국신호과장이극호,7,커뮤니티 7,527,4,8.0
대한여행사총지배인이형재,7,커뮤니티 7,527,4,8.0
교통부공전국장김진식,7,커뮤니티 7,527,4,8.0
서기관이구원,7,커뮤니티 7,527,4,8.0
철도청운수국장김광현,7,커뮤니티 7,527,4,8.0
교통부기획관리실주사김창원,7,커뮤니티 7,527,4,8.0
철도청기획관리실장이동희,7,커뮤니티 7,527,4,8.0
체신부법무관김창진,7,커뮤니티 7,527,3,6.0
교통부해운국선박과검사계장나영수,7,커뮤니티 7,527,3,6.0
강선규의원(위원,7,커뮤니티 7,527,3,6.0
부산체신청장이영희,7,커뮤니티 7,527,3,6.0
체신부우정국장최병권,7,커뮤니티 7,527,3,6.0
도로국장이열진,7,커뮤니티 7,527,3,6.0
철도청차장김동혁,7,커뮤니티 7,527,3,6.0
철도청기술연구소제4과장김명집,7,커뮤니티 7,527,3,6.0
국제관광공사이사서명석,7,커뮤니티 7,527,3,6.0
관리담당이사이동희,7,커뮤니티 7,527,3,6.0
조양상선주식회사전무이사김병구,7,커뮤니티 7,527,3,6.0
철도청경리국장윤종혁,7,커뮤니티 7,527,3,6.0
총무부장김홍우,7,커뮤니티 7,527,3,6.0
경리부장강을식,7,커뮤니티 7,527,3,6.0
총무과장배호원,7,커뮤니티 7,527,3,6.0
전무국장진근현,7,커뮤니티 7,527,3,6.0
청원인정병순,7,커뮤니티 7,527,3,6.0
상공위원장대리김성철,7,커뮤니티 7,527,3,6.0
경제과학심의회위원주요한,7,커뮤니티 7,527,3,6.0
부지사남문희,7,커뮤니티 7,527,3,6.0
토지개량조합연합회전북지부장이성렬,7,커뮤니티 7,527,3,6.0
경상남도관광운수과장이동만,7,커뮤니티 7,527,3,6.0
출석감사위원(24인),7,커뮤니티 7,527,3,6.0
대한항공공사기획담임이교성,7,커뮤니티 7,527,3,6.0
국제관광공사경리담당이사김태진,7,커뮤니티 7,527,3,6.0
서울특별시경찰국장정우식,7,커뮤니티 7,527,3,6.0
전문위원,7,커뮤니티 7,527,3,6.0
대한해운공사상무이사정철균,7,커뮤니티 7,527,3,6.0
국제관광공사여행부선전과장박만기,7,커뮤니티 7,527,3,6.0
국제관광공사이사윤석균,7,커뮤니티 7,527,3,6.0
철도청시설국장김재두,7,커뮤니티 7,527,3,6.0
아리랑택시영업과장석수석,7,커뮤니티 7,527,3,6.0
체신부기획관리실장최병권,7,커뮤니티 7,527,3,6.0
철도청기획관리관김원근,7,커뮤니티 7,527,2,4.0
철도청운수국장이병조,7,커뮤니티 7,527,2,4.0
교통부기획예산담당관이종춘,7,커뮤니티 7,527,2,4.0
강원도공보계장이병태,7,커뮤니티 7,527,2,4.0
대구시부시장김무연,7,커뮤니티 7,527,2,4.0
대한해운공사이사박현호,7,커뮤니티 7,527,2,4.0
대한석유공사업무이사송겸호,7,커뮤니티 7,527,2,4.0
철도청자재국보급과장박주덕,7,커뮤니티 7,527,2,4.0
출석행정실장,7,커뮤니티 7,527,2,4.0
전라북도경찰국보안과장이석홍,7,커뮤니티 7,527,2,4.0
충청남도경찰국장염보현,7,커뮤니티 7,527,2,4.0
철도청차장윤종혁,7,커뮤니티 7,527,2,4.0
부산지방해운국장이종춘,7,커뮤니티 7,527,2,4.0
임충식위원,7,커뮤니티 7,527,2,4.0
부산공작창자재계장이병두,7,커뮤니티 7,527,2,4.0
영주철도국재산계장이기환,7,커뮤니티 7,527,2,4.0
대전체신청우정과장김영창,7,커뮤니티 7,527,2,4.0
경제과학심의회위원최규남,7,커뮤니티 7,527,2,4.0
건설위원장대리한태일,7,커뮤니티 7,527,2,4.0
사장이각순,7,커뮤니티 7,527,2,4.0
국장김정학,7,커뮤니티 7,527,2,4.0
충청남도보건사회국장이명화,7,커뮤니티 7,527,2,4.0
서무과장신필복,7,커뮤니티 7,527,2,4.0
전무과장이종실,7,커뮤니티 7,527,2,4.0
제작계장한대연,7,커뮤니티 7,527,2,4.0
철도청장이동섭,7,커뮤니티 7,527,2,4.0
철도청차장이병조,7,커뮤니티 7,527,2,4.0
철도청기획관리관양한식,7,커뮤니티 7,527,2,4.0
철도청기획관리담당관양한식,7,커뮤니티 7,527,2,4.0
체신부전무국장이우연,7,커뮤니티 7,527,2,4.0
대한항공공사장김성환,7,커뮤니티 7,527,2,4.0
철도청차장이진구,7,커뮤니티 7,527,2,4.0
이우헌의원(위원,7,커뮤니티 7,527,2,4.0
철도청경리국장김웅세,7,커뮤니티 7,527,2,4.0
교통부경리국장이진구,7,커뮤니티 7,527,2,4.0
국제관광공사운수사업소장이태구,7,커뮤니티 7,527,2,4.0
대한여행사지배인최재명,7,커뮤니티 7,527,2,4.0
김재광위원(계속),7,커뮤니티 7,527,2,4.0
국제관광공사여행담당이사윤석균,7,커뮤니티 7,527,2,4.0
교통부기획실장이동희,7,커뮤니티 7,527,2,4.0
부창금속공업사이사회회장김경태,7,커뮤니티 7,527,2,4.0
전문위원유태영,7,커뮤니티 7,527,2,4.0
충청북도건설과장송병하,7,커뮤니티 7,527,2,4.0
대한해운공사전무이사김충남,7,커뮤니티 7,527,2,4.0
한국노동조합총연맹위원장이규철,7,커뮤니티 7,527,2,4.0
대한해운공사고문박승완,7,커뮤니티 7,527,2,4.0
피감사기관출석자,7,커뮤니티 7,527,3,3.0
피감사기관,7,커뮤니티 7,527,2,3.0
출석감사위원(10명),7,커뮤니티 7,527,1,2.0
대한항공공사기획실장명의택,7,커뮤니티 7,527,1,2.0
체신부전기통신연구소장신용철,7,커뮤니티 7,527,1,2.0
정동진위원,7,커뮤니티 7,527,1,2.0
재정경제위원회전문위원이진수,7,커뮤니티 7,527,1,2.0
이가택위원,7,커뮤니티 7,527,1,2.0
감사위원(15인),7,커뮤니티 7,527,1,2.0
경찰국장김재연,7,커뮤니티 7,527,1,2.0
부지사안갑준,7,커뮤니티 7,527,1,2.0
전매청차장각,7,커뮤니티 7,527,1,2.0
대전체신청장대개,7,커뮤니티 7,527,1,2.0
서기관이동철,7,커뮤니티 7,527,1,2.0
충청남도기획관리실장최재영,7,커뮤니티 7,527,1,2.0
총무과장정규복,7,커뮤니티 7,527,1,2.0
관광운수국장유석보,7,커뮤니티 7,527,1,2.0
서울철도국경리과장김광환,7,커뮤니티 7,527,1,2.0
동대문전화국기계과장방순문,7,커뮤니티 7,527,1,2.0
대한항공공사영업이사고영보,7,커뮤니티 7,527,1,2.0
국제관광공사관리이사이동희,7,커뮤니티 7,527,1,2.0
국제관광공사기획개발이사서명석,7,커뮤니티 7,527,1,2.0
강원도경찰국장천종근,7,커뮤니티 7,527,1,2.0
부산전신전화건설국장그런,7,커뮤니티 7,527,1,2.0
경기도경찰보안과장방윤찬,7,커뮤니티 7,527,1,2.0
부산전신전화건설국장7대입니다.,7,커뮤니티 7,527,1,2.0
부산해운국장이원옥,7,커뮤니티 7,527,1,2.0
경기도경찰국장이종학,7,커뮤니티 7,527,1,2.0
부산공작창관리과장이창우,7,커뮤니티 7,527,1,2.0
대전체신청전무과장양한모,7,커뮤니티 7,527,1,2.0
대전체신청우정국장한승조,7,커뮤니티 7,527,1,2.0
대전체신청공무과장김복만,7,커뮤니티 7,527,1,2.0
행정개혁조사위원회부위원장서정순,7,커뮤니티 7,527,1,2.0
경상북도운수과장예.,7,커뮤니티 7,527,1,2.0
체신부기관리실장노원식,7,커뮤니티 7,527,1,2.0
전라남도경찰국장차의영,7,커뮤니티 7,527,1,2.0
광주체신청청장이석영,7,커뮤니티 7,527,1,2.0
재무부보험과장당초에는,7,커뮤니티 7,527,1,2.0
청장기각한,7,커뮤니티 7,527,1,2.0
청장알겠습니다.,7,커뮤니티 7,527,1,2.0
체신부공부국장안동렬,7,커뮤니티 7,527,1,2.0
사장안경모,7,커뮤니티 7,527,1,2.0
감사위원(13인),7,커뮤니티 7,527,1,2.0
철도기획관리관윤종혁,7,커뮤니티 7,527,1,2.0
부산체신정총무과장김태년,7,커뮤니티 7,527,1,2.0
교통부해운국선박과장김상진,7,커뮤니티 7,527,1,2.0
강생회기획실장김윤철,7,커뮤니티 7,527,1,2.0
교통부육운국감리과장이종춘,7,커뮤니티 7,527,1,2.0
교통부법무관이직주,7,커뮤니티 7,527,1,2.0
행정서기관이한용,7,커뮤니티 7,527,1,2.0
관광공사부총재이창수,7,커뮤니티 7,527,1,2.0
국제관광공사업무부영업과장최재범,7,커뮤니티 7,527,1,2.0
조선호텔지배인방성칠,7,커뮤니티 7,527,1,2.0
교통부수로국장정영훈,7,커뮤니티 7,527,1,2.0
국제관광공사총무이사박성배,7,커뮤니티 7,527,1,2.0
경제과학심의회의상임위원고승제,7,커뮤니티 7,527,1,2.0
경제과학심의회의상임위원박희범,7,커뮤니티 7,527,1,2.0
경제과학심의회의상임위원박충훈,7,커뮤니티 7,527,1,2.0
김현욱위원,7,커뮤니티 7,527,1,2.0
피감기관참석자,7,커뮤니티 7,527,1,2.0
부산직할시도로국장박봉휘,7,커뮤니티 7,527,1,2.0
체신부공무국장최준식,7,커뮤니티 7,527,1,2.0
체신부우정국장백오현,7,커뮤니티 7,527,1,2.0
경기도도로국장김동순,7,커뮤니티 7,527,1,2.0
중부체신청우정과장길형준,7,커뮤니티 7,527,1,2.0
경기도경찰국보안과장오치환,7,커뮤니티 7,527,1,2.0
강원도경찰국장손달용,7,커뮤니티 7,527,1,2.0
한단조폐공사이사주경효,7,커뮤니티 7,527,1,2.0
충청북도도로국장이열진,7,커뮤니티 7,527,1,2.0
철도청장오용운,7,커뮤니티 7,527,1,2.0
교통부등록계장박성우,7,커뮤니티 7,527,1,2.0
전기통승연구소소장신용철,7,커뮤니티 7,527,1,2.0
중앙관상대장국채표,7,커뮤니티 7,527,1,2.0
반장대리김상흠,7,커뮤니티 7,527,1,2.0
민병권의원(위원,7,커뮤니티 7,527,1,2.0
강원도부지사박유식,7,커뮤니티 7,527,1,2.0
강원도문정과장김윤중,7,커뮤니티 7,527,1,2.0
서울특별시관광운수국장이규효,7,커뮤니티 7,527,1,2.0
철도청차장정재석,7,커뮤니티 7,527,1,2.0
대한항공공사기획통제실장강을식,7,커뮤니티 7,527,1,2.0
국제관광공사운수사업소장김창우,7,커뮤니티 7,527,1,2.0
김택수의원(위원,7,커뮤니티 7,527,1,2.0
체신부공무국장안동열,7,커뮤니티 7,527,1,2.0
대한조선공사사장니가다,7,커뮤니티 7,527,1,2.0
청원자이종우,7,커뮤니티 7,527,1,2.0
대한조선공사사장선주가,7,커뮤니티 7,527,1,2.0
대한조선공사사장그것에,7,커뮤니티 7,527,1,2.0
대한조선공사사장원가는,7,커뮤니티 7,527,1,2.0
철도청기획관리실장이진구,7,커뮤니티 7,527,1,2.0
전은하위원,7,커뮤니티 7,527,1,2.0
해운국장김정현,7,커뮤니티 7,527,1,2.0
소위원장정진동,7,커뮤니티 7,527,1,2.0
기획부장명의택,7,커뮤니티 7,527,1,2.0
운항부장김양욱,7,커뮤니티 7,527,1,2.0
개발담당이사서명석,7,커뮤니티 7,527,1,2.0
대한항공공사기획부장명의택,7,커뮤니티 7,527,1,2.0
대한항공공사항공국장강호륜,7,커뮤니티 7,527,1,2.0
대한항공공사사장이각순,7,커뮤니티 7,527,1,2.0
출석위원(1인),7,커뮤니티 7,527,1,2.0
국세청기획실장조진희,7,커뮤니티 7,527,1,2.0
기획관리담당상무이사김석근,7,커뮤니티 7,527,1,2.0
철도청자재국구매과장지창훈,7,커뮤니티 7,527,1,2.0
서울지점장김청기,7,커뮤니티 7,527,1,2.0
관리부장박구암,7,커뮤니티 7,527,1,2.0
충청남도경찰국장하삼식,7,커뮤니티 7,527,1,2.0
충청남도보건사회국사회과장유영재,7,커뮤니티 7,527,1,2.0
한국조폐공사사업담당이사윤영준,7,커뮤니티 7,527,1,2.0
중앙산업부사장양일갑,7,커뮤니티 7,527,1,2.0
감사위원(23인),7,커뮤니티 7,527,1,2.0
대한해운공사상무이사박종완,7,커뮤니티 7,527,1,2.0
국제관광공사이사이동희,7,커뮤니티 7,527,1,2.0
철도청감사관정봉수,7,커뮤니티 7,527,1,2.0
문교공보위원장대리윤천주,7,커뮤니티 7,527,1,2.0
체신부기획예산담당관황도연,7,커뮤니티 7,527,1,2.0
반장정래동,7,커뮤니티 7,527,1,2.0
교통부수로과장강청진,7,커뮤니티 7,527,1,2.0
대한통운주식회사관리부장박용암,7,커뮤니티 7,527,1,2.0
소위원장이병주,7,커뮤니티 7,527,1,2.0
중앙해난심판위원장윤기선,7,커뮤니티 7,527,1,2.0
교통부육운국장윤영구,7,커뮤니티 7,527,1,2.0
대한항공공사운영기획과장윤길용,7,커뮤니티 7,527,1,2.0
사무관이주범,7,커뮤니티 7,527,1,2.0
강원도부지사최양진,7,커뮤니티 7,527,1,2.0
교통부시설국장박대규,7,커뮤니티 7,527,1,2.0
피감사위원,7,커뮤니티 7,527,1,2.0
경상북도경찰국장장동식,7,커뮤니티 7,527,1,2.0
철도청기술연구소소장이태원,7,커뮤니티 7,527,1,2.0
철도청기획담당관김웅세,7,커뮤니티 7,527,1,2.0
교통부총무과경리계장성한표,7,커뮤니티 7,527,1,2.0
노재필위원정,7,커뮤니티 7,527,1,2.0
철도청운수국장박윤위,7,커뮤니티 7,527,1,2.0
공술인,7,커뮤니티 7,527,1,1.0
피감사기참석자,7,커뮤니티 7,527,1,1.0
기관참석자,7,커뮤니티 7,527,1,1.0
피감사기관장명단,7,커뮤니티 7,527,1,1.0
홍영기위원,8,커뮤니티 8,499,3292,6502.0
방일홍위원,8,커뮤니티 8,499,3162,6318.0
양극필위원,8,커뮤니티 8,499,2768,5474.0
위원장김택수,8,커뮤니티 8,499,1702,2908.0
김형일위원,8,커뮤니티 8,499,1232,2438.0
증인서영호,8,커뮤니티 8,499,1057,2112.0
위원장최치환,8,커뮤니티 8,499,1221,2104.0
위원장서상린,8,커뮤니티 8,499,1204,2060.0
장치훈위원,8,커뮤니티 8,499,875,1738.0
정래정위원,8,커뮤니티 8,499,853,1690.0
건설부차관최종성,8,커뮤니티 8,499,760,1520.0
이병희위원,8,커뮤니티 8,499,681,1358.0
증인홍순창,8,커뮤니티 8,499,643,1286.0
건설부장관주원,8,커뮤니티 8,499,639,1278.0
류승원위원,8,커뮤니티 8,499,601,1202.0
증인홍순기,8,커뮤니티 8,499,550,1100.0
이현재위원,8,커뮤니티 8,499,457,909.0
류광현위원,8,커뮤니티 8,499,448,890.0
건설부장관이한림,8,커뮤니티 8,499,409,816.0
방성출위원,8,커뮤니티 8,499,384,758.0
증인임석화,8,커뮤니티 8,499,371,742.0
증인양광식,8,커뮤니티 8,499,347,694.0
증인우제인,8,커뮤니티 8,499,344,688.0
반장최두고,8,커뮤니티 8,499,356,648.0
증인김기복,8,커뮤니티 8,499,322,644.0
증인황태성,8,커뮤니티 8,499,310,618.0
전문위원최선,8,커뮤니티 8,499,306,610.0
최두고위원,8,커뮤니티 8,499,301,602.0
류홍위원,8,커뮤니티 8,499,312,596.0
증인박판술,8,커뮤니티 8,499,288,576.0
위원장최두고,8,커뮤니티 8,499,360,574.0
증인강영환,8,커뮤니티 8,499,257,514.0
증인김약이,8,커뮤니티 8,499,252,504.0
증인김재국,8,커뮤니티 8,499,251,502.0
증인장재원,8,커뮤니티 8,499,249,498.0
건설부장관전예용,8,커뮤니티 8,499,240,480.0
반장최치환,8,커뮤니티 8,499,262,464.0
참고인심성택,8,커뮤니티 8,499,215,430.0
증인박해조,8,커뮤니티 8,499,206,412.0
건설부수자원국장이문혁,8,커뮤니티 8,499,199,398.0
오홍석위원,8,커뮤니티 8,499,190,376.0
건설부차관김원기,8,커뮤니티 8,499,184,366.0
한국수자원개발공사사장안경모,8,커뮤니티 8,499,179,358.0
위원장김창근,8,커뮤니티 8,499,194,351.0
증인김흥길,8,커뮤니티 8,499,173,346.0
증인이삼조,8,커뮤니티 8,499,169,338.0
건설부국토보전국장서정우,8,커뮤니티 8,499,176,326.0
증인김백두,8,커뮤니티 8,499,157,314.0
서상린위원,8,커뮤니티 8,499,156,312.0
증인이창수,8,커뮤니티 8,499,154,308.0
증인김유두,8,커뮤니티 8,499,149,298.0
위원장대리서상린,8,커뮤니티 8,499,190,294.0
한태일위원,8,커뮤니티 8,499,147,294.0
증인하정길,8,커뮤니티 8,499,146,292.0
건설부차관안경모,8,커뮤니티 8,499,133,266.0
한국주택은행장이상덕,8,커뮤니티 8,499,133,264.0
서울특별시제2부시장김대만,8,커뮤니티 8,499,132,264.0
홍창섭위원,8,커뮤니티 8,499,132,262.0
부산직할시장김현옥,8,커뮤니티 8,499,131,262.0
참고인정창훈,8,커뮤니티 8,499,126,252.0
김녹영위원,8,커뮤니티 8,499,122,240.0
한국도로공사사장허필은,8,커뮤니티 8,499,120,240.0
위원장대리방성출,8,커뮤니티 8,499,138,219.0
증인홍인근,8,커뮤니티 8,499,108,216.0
진의종위원,8,커뮤니티 8,499,110,214.0
박해충위원,8,커뮤니티 8,499,106,204.0
서울지방국세청장엄빈,8,커뮤니티 8,499,106,202.0
재무부차관오범식,8,커뮤니티 8,499,98,196.0
증인박한상,8,커뮤니티 8,499,97,194.0
한국조폐공사사장신관섭,8,커뮤니티 8,499,93,186.0
반장최재구,8,커뮤니티 8,499,104,184.0
김이권위원,8,커뮤니티 8,499,97,184.0
서울특별시건설국장이상연,8,커뮤니티 8,499,92,184.0
이종남위원,8,커뮤니티 8,499,97,182.0
위원장대리최석림,8,커뮤니티 8,499,91,182.0
김경인위원,8,커뮤니티 8,499,92,180.0
증인김형일,8,커뮤니티 8,499,91,180.0
반장이우현,8,커뮤니티 8,499,101,178.0
한국외환은행장김우근,8,커뮤니티 8,499,90,178.0
서울특별시장양탁식,8,커뮤니티 8,499,89,178.0
임차주위원,8,커뮤니티 8,499,85,170.0
전문위원박영준,8,커뮤니티 8,499,84,168.0
반장서상린,8,커뮤니티 8,499,91,161.0
김택수위원,8,커뮤니티 8,499,81,160.0
대한준설공사사장김재현,8,커뮤니티 8,499,77,154.0
양해준위원,8,커뮤니티 8,499,74,144.0
강필선위원,8,커뮤니티 8,499,72,142.0
위원장대리홍영기,8,커뮤니티 8,499,74,140.0
부이사관김철,8,커뮤니티 8,499,80,136.0
증인김향환,8,커뮤니티 8,499,66,132.0
서기관황영근,8,커뮤니티 8,499,65,130.0
반장김택수,8,커뮤니티 8,499,87,127.0
김용성위원,8,커뮤니티 8,499,63,126.0
증인조태영,8,커뮤니티 8,499,62,124.0
호남국토건설국장조남철,8,커뮤니티 8,499,62,124.0
영남국토건설국장김동원,8,커뮤니티 8,499,61,122.0
전문위원서정우,8,커뮤니티 8,499,59,116.0
증인이성주,8,커뮤니티 8,499,58,116.0
참고인정문식,8,커뮤니티 8,499,57,114.0
경상북도지사김인,8,커뮤니티 8,499,57,114.0
서울특별시제1부시장이기수,8,커뮤니티 8,499,56,112.0
반장김인,8,커뮤니티 8,499,63,106.0
강원도지사최종완,8,커뮤니티 8,499,53,106.0
반장신동관,8,커뮤니티 8,499,59,102.0
위원장대리장치훈,8,커뮤니티 8,499,54,102.0
최익규위원,8,커뮤니티 8,499,49,98.0
충청남도건설국장이재희,8,커뮤니티 8,499,49,98.0
대한주택공사기획부장김명식,8,커뮤니티 8,499,48,96.0
울산특별건설국포항공업지구공사사무소장이문섭,8,커뮤니티 8,499,46,92.0
반장김창근,8,커뮤니티 8,499,46,88.0
건설부장관정낙은,8,커뮤니티 8,499,44,88.0
대한주택공사총재최주종,8,커뮤니티 8,499,44,88.0
중부국토건설국장이병칠,8,커뮤니티 8,499,44,88.0
증인최영철,8,커뮤니티 8,499,44,88.0
대한준설공사사장김동빈,8,커뮤니티 8,499,42,84.0
토지개량조합연합회회장고길훈,8,커뮤니티 8,499,41,82.0
건설부기획관리실장최종성,8,커뮤니티 8,499,41,82.0
시장김현옥,8,커뮤니티 8,499,41,82.0
건설부기획관리실장김득조,8,커뮤니티 8,499,41,80.0
한국외환은행장홍용희,8,커뮤니티 8,499,40,80.0
서기관장창종,8,커뮤니티 8,499,40,80.0
증인이복모,8,커뮤니티 8,499,40,80.0
인천축항사무소장장인섭,8,커뮤니티 8,499,38,76.0
증인김운자,8,커뮤니티 8,499,38,76.0
경기도지사손수익,8,커뮤니티 8,499,38,76.0
호남국토건설국장이문섭,8,커뮤니티 8,499,36,72.0
서울특별시수도국장최종완,8,커뮤니티 8,499,36,72.0
울산국토건설국장최해인,8,커뮤니티 8,499,35,70.0
수원연초제조창장김광정,8,커뮤니티 8,499,35,70.0
정태성의원,8,커뮤니티 8,499,35,70.0
김종익위원,8,커뮤니티 8,499,35,68.0
참고인이봉성,8,커뮤니티 8,499,34,68.0
대한주택공사총재윤태일,8,커뮤니티 8,499,34,68.0
반장정판국,8,커뮤니티 8,499,46,67.0
소공세무서장배흥열,8,커뮤니티 8,499,33,66.0
이교선위원,8,커뮤니티 8,499,33,66.0
소양강댐공사사무소소장김경수,8,커뮤니티 8,499,33,66.0
전라북도지사이정우,8,커뮤니티 8,499,33,66.0
영남국토건설국장지영만,8,커뮤니티 8,499,33,66.0
위원장대리최두고,8,커뮤니티 8,499,34,64.0
한국도로공사사장송정범,8,커뮤니티 8,499,32,64.0
울산특별건설국장김경린,8,커뮤니티 8,499,32,64.0
정판국위원,8,커뮤니티 8,499,33,62.0
목포시장송성룡,8,커뮤니티 8,499,31,62.0
경상남도건설국장추월민,8,커뮤니티 8,499,59,60.0
참고인민복기,8,커뮤니티 8,499,30,60.0
위원장대리김형일,8,커뮤니티 8,499,31,59.0
마산수출자유지역건설공사사무소장최용덕,8,커뮤니티 8,499,29,58.0
포항공업지구공사사무소장신동렬,8,커뮤니티 8,499,29,58.0
경상북도건설국장하재만,8,커뮤니티 8,499,29,58.0
토지개량조합연합회부회장박기연,8,커뮤니티 8,499,29,58.0
경기도건설국장이병군,8,커뮤니티 8,499,28,56.0
대한주택공사총재장동운,8,커뮤니티 8,499,28,56.0
정구중위원,8,커뮤니티 8,499,28,56.0
반장대리류광현,8,커뮤니티 8,499,28,54.0
충청북도지사신명순,8,커뮤니티 8,499,27,54.0
서울특별시도시계획국장주우원,8,커뮤니티 8,499,26,52.0
이원장위원,8,커뮤니티 8,499,26,52.0
태백국토건설국장구붕서,8,커뮤니티 8,499,26,52.0
건설공무원교육원장이창세,8,커뮤니티 8,499,26,52.0
농협중앙회전북지부장김순철,8,커뮤니티 8,499,26,52.0
수자원개발공사소양강댐건설사무소장김경수,8,커뮤니티 8,499,25,50.0
증인최종완,8,커뮤니티 8,499,25,50.0
반장대리김형일,8,커뮤니티 8,499,25,48.0
충청남도지사민유동,8,커뮤니티 8,499,24,48.0
전라남도건설국장이관우,8,커뮤니티 8,499,24,48.0
충청남도건설국장이재선,8,커뮤니티 8,499,24,48.0
류광현의원,8,커뮤니티 8,499,23,46.0
위원장대리이우현,8,커뮤니티 8,499,23,46.0
영남국토건설국장조남철,8,커뮤니티 8,499,23,46.0
건설공제조합이사장오인순,8,커뮤니티 8,499,23,46.0
건설부국토보전국항만과장이문섭,8,커뮤니티 8,499,22,44.0
울산특별건설국장김병옥,8,커뮤니티 8,499,22,44.0
영남국토건설국장장원진,8,커뮤니티 8,499,22,44.0
엄기표위원,8,커뮤니티 8,499,22,42.0
영남국토건설국장김동한,8,커뮤니티 8,499,21,42.0
건설부도로국장서영관,8,커뮤니티 8,499,21,42.0
반장대리최두고,8,커뮤니티 8,499,21,42.0
노승환위원,8,커뮤니티 8,499,21,42.0
건설부특정지역국장백진기,8,커뮤니티 8,499,20,40.0
마산수출자유지역건설사무소장최용덕,8,커뮤니티 8,499,20,40.0
참고인최관식,8,커뮤니티 8,499,20,40.0
참고인이정남,8,커뮤니티 8,499,20,40.0
농협중앙회충남지부장이정수,8,커뮤니티 8,499,20,40.0
한국도로공사건설사업부차장이종철,8,커뮤니티 8,499,19,38.0
울산특별건설국장성도경,8,커뮤니티 8,499,19,38.0
울산특별건설국장장달진,8,커뮤니티 8,499,19,38.0
건설부특정지역국장최해인,8,커뮤니티 8,499,19,38.0
수원전매지청장이영선,8,커뮤니티 8,499,19,38.0
서울특별시도시계획국장이헌경,8,커뮤니티 8,499,19,38.0
소공세무서장변문규,8,커뮤니티 8,499,19,38.0
상공부마산수출자유지역관리청장정문도,8,커뮤니티 8,499,18,36.0
박숙현위원,8,커뮤니티 8,499,18,36.0
중부국토건설국장김동한,8,커뮤니티 8,499,18,36.0
경상북도대구시건설국장김종환,8,커뮤니티 8,499,18,36.0
최재구위원,8,커뮤니티 8,499,18,36.0
이사장김진흥,8,커뮤니티 8,499,18,36.0
신동관위원,8,커뮤니티 8,499,18,34.0
건설부수자원국이수과장전철지,8,커뮤니티 8,499,17,34.0
영남국토건설국제2과장최보영,8,커뮤니티 8,499,17,34.0
이정우위원,8,커뮤니티 8,499,17,34.0
전주연초제조창장류홍탁,8,커뮤니티 8,499,17,34.0
전라북도건설국장김귀언,8,커뮤니티 8,499,17,34.0
부산시장박영수,8,커뮤니티 8,499,16,32.0
김두한위원,8,커뮤니티 8,499,16,32.0
한국은행광주지점장윤영표,8,커뮤니티 8,499,16,32.0
중부국토건설국장장달진,8,커뮤니티 8,499,16,32.0
이형우위원,8,커뮤니티 8,499,16,32.0
광주지방국세청장노용환,8,커뮤니티 8,499,15,30.0
충청북도건설국장김약수,8,커뮤니티 8,499,15,30.0
영남국토건설국남강댐공사사무소장이해진,8,커뮤니티 8,499,15,30.0
참고인박영희,8,커뮤니티 8,499,15,30.0
전라남도건설국서무계장오경석,8,커뮤니티 8,499,15,30.0
한국전력주식회사춘천사무소장하헌우,8,커뮤니티 8,499,15,30.0
건설부계획국장김용회,8,커뮤니티 8,499,15,30.0
김영병위원,8,커뮤니티 8,499,15,30.0
참고인김동철,8,커뮤니티 8,499,15,30.0
대전지방국세청장박준규,8,커뮤니티 8,499,15,30.0
호남국토건설국장이효승,8,커뮤니티 8,499,15,30.0
대구연초제조창장최윤국,8,커뮤니티 8,499,14,28.0
강원도건설국장원병의,8,커뮤니티 8,499,14,28.0
건설부기간건설공사사무소장이병칠,8,커뮤니티 8,499,14,28.0
중부국토건설국장이정욱,8,커뮤니티 8,499,14,28.0
강재구위원,8,커뮤니티 8,499,14,28.0
최영희위원,8,커뮤니티 8,499,14,28.0
반장대리류청,8,커뮤니티 8,499,14,28.0
증인최주종,8,커뮤니티 8,499,14,28.0
토지개량조합연합회동진강출장소장백형원,8,커뮤니티 8,499,14,28.0
포항공업지구공사사무소장이문섭,8,커뮤니티 8,499,14,28.0
조달청장안광석,8,커뮤니티 8,499,14,28.0
조재봉위원,8,커뮤니티 8,499,14,28.0
울산특별건설국부국장김병옥,8,커뮤니티 8,499,13,26.0
대한재보험공사사장이양호,8,커뮤니티 8,499,13,26.0
연구소장김병옥,8,커뮤니티 8,499,13,26.0
춘천시장유기천,8,커뮤니티 8,499,13,26.0
대구지방국세청장차동근,8,커뮤니티 8,499,13,26.0
신진욱위원,8,커뮤니티 8,499,13,26.0
방성출의원,8,커뮤니티 8,499,13,26.0
영남국토건설국제3과장이병기,8,커뮤니티 8,499,13,26.0
태백산국토건설국장김병옥,8,커뮤니티 8,499,12,24.0
농협중앙회전라북도지부장전연규,8,커뮤니티 8,499,12,24.0
한국주택공사총재장동운,8,커뮤니티 8,499,12,24.0
건설공제조합이사장성주관,8,커뮤니티 8,499,12,24.0
위원장대리이병희,8,커뮤니티 8,499,12,24.0
참고인엄민영,8,커뮤니티 8,499,12,24.0
건설부장관김윤기,8,커뮤니티 8,499,12,24.0
대한주택공사대지담당이사김득모,8,커뮤니티 8,499,12,24.0
소위원장정래정,8,커뮤니티 8,499,12,24.0
광주지방국세청장조경환,8,커뮤니티 8,499,11,22.0
부산직할시부시장허련,8,커뮤니티 8,499,11,22.0
대한주택공사총무부장임석두,8,커뮤니티 8,499,11,22.0
건설부장관장예준,8,커뮤니티 8,499,11,22.0
한국주택금고이사장김진흥,8,커뮤니티 8,499,11,22.0
대한주택공사기획부장김희동,8,커뮤니티 8,499,11,22.0
전라남도산업국장김준홍,8,커뮤니티 8,499,10,20.0
서울시외전화국장임상규,8,커뮤니티 8,499,10,20.0
제주도산업개발국장김한준,8,커뮤니티 8,499,10,20.0
국립건설연구소소장이효승,8,커뮤니티 8,499,10,20.0
수자원개발공사사장안경모,8,커뮤니티 8,499,10,20.0
건설부특정지역개발국장백진기,8,커뮤니티 8,499,9,18.0
영남국토건설국서무과장심재욱,8,커뮤니티 8,499,9,18.0
영남국토건설국제3공사과장이병기,8,커뮤니티 8,499,9,18.0
류승원의원,8,커뮤니티 8,499,9,18.0
중소기업협동조합중앙회이사장박상운,8,커뮤니티 8,499,9,18.0
경주시장김창곤,8,커뮤니티 8,499,9,18.0
전주연초제조창장손문창,8,커뮤니티 8,499,9,18.0
경인고속도로현장사무소장한유록,8,커뮤니티 8,499,9,18.0
제주도지사강우준,8,커뮤니티 8,499,8,16.0
토지개량조합연합회부회장류성희,8,커뮤니티 8,499,8,16.0
전라남도내무국장김학중,8,커뮤니티 8,499,8,16.0
증인안경모,8,커뮤니티 8,499,8,16.0
증인이재설,8,커뮤니티 8,499,8,16.0
대한주택공사대지부장윤두훈,8,커뮤니티 8,499,8,16.0
업무이사노창호,8,커뮤니티 8,499,8,16.0
제일은행장이보형,8,커뮤니티 8,499,8,16.0
농협중앙회충남지부차장김주필,8,커뮤니티 8,499,7,14.0
대한주택공사이사김득모,8,커뮤니티 8,499,7,14.0
대한주택공사영업담당이사장덕용,8,커뮤니티 8,499,7,14.0
체신부전무국장이우현,8,커뮤니티 8,499,7,14.0
반장김현기,8,커뮤니티 8,499,7,14.0
대한준설공사전무이사이승우,8,커뮤니티 8,499,7,14.0
대구지방국세청장권태호,8,커뮤니티 8,499,7,14.0
호남국토건설국장이병칠,8,커뮤니티 8,499,7,14.0
건설부주택도시국장김학소,8,커뮤니티 8,499,7,12.0
토지개량조합연합회개간간척부장임영춘,8,커뮤니티 8,499,6,12.0
부이사관황영근,8,커뮤니티 8,499,6,12.0
건설부장관태완선,8,커뮤니티 8,499,6,12.0
위원장대리류광현,8,커뮤니티 8,499,6,12.0
한국도로공사부사장김용회,8,커뮤니티 8,499,6,12.0
국토보전국장서정우,8,커뮤니티 8,499,6,12.0
수도국장이상연,8,커뮤니티 8,499,6,12.0
울산특별건설국장김동원,8,커뮤니티 8,499,6,12.0
한국전력주식회사수력담당기술역이도권,8,커뮤니티 8,499,6,12.0
토지개량조합연합회동진강출장소부소장김영규,8,커뮤니티 8,499,6,12.0
신탄진연초제조창장남정락,8,커뮤니티 8,499,6,12.0
건설부관리과장전경우,8,커뮤니티 8,499,6,12.0
반장대리이종남,8,커뮤니티 8,499,6,12.0
사무관장창종,8,커뮤니티 8,499,6,12.0
상공부제1공업국장오원철,8,커뮤니티 8,499,10,10.0
소위원장대리김종환,8,커뮤니티 8,499,5,10.0
증인김영년,8,커뮤니티 8,499,5,10.0
소위원장장치훈,8,커뮤니티 8,499,5,10.0
문형태위원,8,커뮤니티 8,499,5,10.0
건설공제조합이사장이성환,8,커뮤니티 8,499,5,10.0
경부고속도로공사사무소장허필은,8,커뮤니티 8,499,5,10.0
대한주택공사대지이사김득모,8,커뮤니티 8,499,5,10.0
서울특별시도시계획국도시계획과장한정섭,8,커뮤니티 8,499,5,10.0
제3공사과장성명식,8,커뮤니티 8,499,5,10.0
반장대리김녹영,8,커뮤니티 8,499,5,10.0
참고인황말선,8,커뮤니티 8,499,5,10.0
한국전력주식회사상무이사이재인,8,커뮤니티 8,499,5,10.0
서울특별시건설국장이기주,8,커뮤니티 8,499,5,10.0
전라남도경찰국장정상천,8,커뮤니티 8,499,5,10.0
성업공사사장임천순,8,커뮤니티 8,499,5,10.0
위원장대리김인,8,커뮤니티 8,499,5,10.0
서울특별시수도국장이상연,8,커뮤니티 8,499,5,10.0
부산직할시부시장김규수,8,커뮤니티 8,499,5,10.0
부산직할시토목과장김현옥,8,커뮤니티 8,499,4,8.0
서기관박금병,8,커뮤니티 8,499,4,8.0
한국수자원개발공사공무이사김여택,8,커뮤니티 8,499,4,8.0
건설부도로국장윤상옥,8,커뮤니티 8,499,4,8.0
반장대리김경인,8,커뮤니티 8,499,4,8.0
경기도건설국장이석군,8,커뮤니티 8,499,4,8.0
서무과장박흥국,8,커뮤니티 8,499,4,8.0
주재이사윤영준,8,커뮤니티 8,499,4,8.0
대한주택공사전무이사이용철,8,커뮤니티 8,499,4,8.0
서울특별시건설국건축과장이명춘,8,커뮤니티 8,499,4,8.0
서울특별시기획관리실장손석모,8,커뮤니티 8,499,4,8.0
서울특별시도시계획국장김원하,8,커뮤니티 8,499,4,8.0
임시위원장소선규,8,커뮤니티 8,499,4,8.0
울산특별건설국진해공업지구공사사무소장서영관,8,커뮤니티 8,499,4,8.0
건설부수자원국장박문영,8,커뮤니티 8,499,4,8.0
건설부예산담당관리관허재홍,8,커뮤니티 8,499,3,6.0
건설부기획관리실장조진희,8,커뮤니티 8,499,3,6.0
한국생산성본부경제개발국장이시봉,8,커뮤니티 8,499,3,6.0
포항종합제철포항소장이홍종,8,커뮤니티 8,499,3,6.0
마산수출자유지역관리청장정문도,8,커뮤니티 8,499,3,6.0
대덕공사사무소장김재선,8,커뮤니티 8,499,3,6.0
참고인김종식,8,커뮤니티 8,499,3,6.0
경상북도건설과장차종박,8,커뮤니티 8,499,3,6.0
행정부이사관김철,8,커뮤니티 8,499,3,6.0
대한주택공사이사안준,8,커뮤니티 8,499,3,6.0
정진동의원,8,커뮤니티 8,499,3,6.0
유광현위원,8,커뮤니티 8,499,3,6.0
국립건설연구소장김병옥,8,커뮤니티 8,499,3,6.0
대한준설공사기획예산과장문영탁,8,커뮤니티 8,499,3,6.0
경기도부지사이백호,8,커뮤니티 8,499,3,6.0
건설부기획관리실장이승우,8,커뮤니티 8,499,3,6.0
증인최종일,8,커뮤니티 8,499,3,6.0
서울특별시제1부시장김재덕,8,커뮤니티 8,499,3,6.0
김인위원,8,커뮤니티 8,499,3,6.0
대한주택공사영업부장김희동,8,커뮤니티 8,499,3,6.0
한국전력주식회사상무이사박대진,8,커뮤니티 8,499,3,6.0
태백산국토건설국장김동한,8,커뮤니티 8,499,3,6.0
서울시장양탁식,8,커뮤니티 8,499,3,6.0
위원장대리김현기,8,커뮤니티 8,499,3,6.0
서울지방국세청광화문세무서장김수석,8,커뮤니티 8,499,3,6.0
광화문세무서장김수석,8,커뮤니티 8,499,3,6.0
국방부정훈국장김병률,8,커뮤니티 8,499,3,6.0
경상남도부지사양탁식,8,커뮤니티 8,499,4,4.0
육군본부군수참모부시설처장이만복,8,커뮤니티 8,499,2,4.0
건설부수자원국이수과장김철지,8,커뮤니티 8,499,2,4.0
주일본국대사김동조,8,커뮤니티 8,499,2,4.0
국립건설공무원교육원장최해인,8,커뮤니티 8,499,2,4.0
인천중공업주식회사관리이사류홍식,8,커뮤니티 8,499,2,4.0
서울특별시수도국예산계장성증식,8,커뮤니티 8,499,2,4.0
박영록의원(위원,8,커뮤니티 8,499,2,4.0
건설부기획관리실장정재덕,8,커뮤니티 8,499,2,4.0
서울지방국세청주세과장백보현,8,커뮤니티 8,499,2,4.0
소공세무서법인세과장장병순,8,커뮤니티 8,499,2,4.0
포항종합제철사장박태준,8,커뮤니티 8,499,2,4.0
부산시부시장장형태,8,커뮤니티 8,499,2,4.0
경상남도도로과장이도봉,8,커뮤니티 8,499,2,4.0
행정부이사관황영근,8,커뮤니티 8,499,2,4.0
증인정순영,8,커뮤니티 8,499,2,4.0
증인김공식,8,커뮤니티 8,499,2,4.0
위원장대리이종남,8,커뮤니티 8,499,2,4.0
중부국토건설국축항과장장인섭,8,커뮤니티 8,499,2,4.0
한국산업은행기업분석부장백항석,8,커뮤니티 8,499,2,4.0
서울특별시내무국장김정오,8,커뮤니티 8,499,2,4.0
이원장의원,8,커뮤니티 8,499,2,4.0
한태일의원,8,커뮤니티 8,499,2,4.0
경상북도산업국장이규홍,8,커뮤니티 8,499,2,4.0
서무과장이상구,8,커뮤니티 8,499,2,4.0
대한준설공사총무이사유성희,8,커뮤니티 8,499,2,4.0
건설부수자원국개발과장황찬박,8,커뮤니티 8,499,2,4.0
국립건설연구소소장최종완,8,커뮤니티 8,499,2,4.0
한국수자원개발공사관리이사이섭,8,커뮤니티 8,499,2,4.0
항만시설국장이일선,8,커뮤니티 8,499,2,4.0
행정부이사관장창종,8,커뮤니티 8,499,2,4.0
도시계획국장주우원,8,커뮤니티 8,499,2,4.0
서울특별시보사국장김윤환,8,커뮤니티 8,499,2,4.0
충청북도관리과장윤영조,8,커뮤니티 8,499,2,4.0
제주도건설과장홍성림,8,커뮤니티 8,499,2,4.0
한국전력주식회사기술상무이도권,8,커뮤니티 8,499,2,4.0
제2공사과장마종두,8,커뮤니티 8,499,2,4.0
경상북도대구시도시계획과장김용태,8,커뮤니티 8,499,2,4.0
경상북도대구시장강계원,8,커뮤니티 8,499,2,4.0
경상북도대구시수도과장박성하,8,커뮤니티 8,499,2,4.0
전라북도건설계장성혁규,8,커뮤니티 8,499,2,4.0
건설부기획관리관최종성,8,커뮤니티 8,499,1,2.0
건설부수자원국수리간척과장박문규,8,커뮤니티 8,499,1,2.0
건설부수자원국방제과장조명제,8,커뮤니티 8,499,1,2.0
건설부건설공무원교육원장전철지,8,커뮤니티 8,499,1,2.0
전매청차장이,8,커뮤니티 8,499,1,2.0
기획관리실장조진희,8,커뮤니티 8,499,1,2.0
교통부기획관리실장강호륜,8,커뮤니티 8,499,1,2.0
대한준설공사총무이사류성희,8,커뮤니티 8,499,1,2.0
건설국장이기주,8,커뮤니티 8,499,1,2.0
건설부수자원국장이일선,8,커뮤니티 8,499,1,2.0
한국은행이사서정국,8,커뮤니티 8,499,1,2.0
행정서기관황영근,8,커뮤니티 8,499,1,2.0
사무관류만형,8,커뮤니티 8,499,1,2.0
서울특별시도시계획국장이상연,8,커뮤니티 8,499,1,2.0
마산시장,8,커뮤니티 8,499,1,2.0
서기관황승근,8,커뮤니티 8,499,1,2.0
서상린의원,8,커뮤니티 8,499,1,2.0
강원도청건설국장김약수,8,커뮤니티 8,499,1,2.0
강원도청기획관리실장전영수,8,커뮤니티 8,499,1,2.0
강원도농촌진흥원장강창중,8,커뮤니티 8,499,1,2.0
위원장최재구,8,커뮤니티 8,499,1,2.0
위원장대리최재구,8,커뮤니티 8,499,1,2.0
농업협동조합중앙회부회장지금부터,8,커뮤니티 8,499,1,2.0
한국산업은행투자기획담당이사이종구,8,커뮤니티 8,499,1,2.0
한국산업은행업무이사배민흥,8,커뮤니티 8,499,1,2.0
한국산업은행출자관리기업체담당이사이종주,8,커뮤니티 8,499,1,2.0
조달청기획관리관허흠,8,커뮤니티 8,499,1,2.0
도로국장전준기,8,커뮤니티 8,499,1,2.0
전라북도부지사김해두,8,커뮤니티 8,499,1,2.0
기획부담당이사이태호,8,커뮤니티 8,499,1,2.0
기획담당이사이태호,8,커뮤니티 8,499,1,2.0
보건사회부장관박주병(계속),8,커뮤니티 8,499,1,2.0
이사김선근,8,커뮤니티 8,499,1,2.0
반장대리김인,8,커뮤니티 8,499,1,2.0
증인이종윤,8,커뮤니티 8,499,1,2.0
행정주사홍형련,8,커뮤니티 8,499,1,2.0
한국주택은행전무이사박시천,8,커뮤니티 8,499,1,2.0
한국주택은행기획담당이사김재헌,8,커뮤니티 8,499,1,2.0
수자원개발공사전무이사오창근,8,커뮤니티 8,499,1,2.0
공무담당이사김여택,8,커뮤니티 8,499,1,2.0
서울시제2부시장최종완,8,커뮤니티 8,499,1,2.0
마산시장안재흥,8,커뮤니티 8,499,1,2.0
한국주택공사관리이사이원태,8,커뮤니티 8,499,1,2.0
건설부법무관최병훈,8,커뮤니티 8,499,1,2.0
전매청차장정재철,8,커뮤니티 8,499,1,2.0
반장대리강필선,8,커뮤니티 8,499,1,2.0
수원연초제조창작업과장고진식,8,커뮤니티 8,499,1,2.0
수원연초제조창기술과장이상원,8,커뮤니티 8,499,1,2.0
수원연초제조창회계과장김우경,8,커뮤니티 8,499,1,2.0
한국조폐공사이사주경효,8,커뮤니티 8,499,1,2.0
반장대리이형우,8,커뮤니티 8,499,1,2.0
반장대리문형태,8,커뮤니티 8,499,1,2.0
소공세무서법인세과장배덕례,8,커뮤니티 8,499,1,2.0
서울지방국세청물품세과장이창구,8,커뮤니티 8,499,1,2.0
전매청기획관리관그,8,커뮤니티 8,499,1,2.0
기획관리실장전용춘,8,커뮤니티 8,499,1,2.0
건설부용수과장이병주,8,커뮤니티 8,499,1,2.0
전라남도건설과장홍기준,8,커뮤니티 8,499,1,2.0
김봉호위원,8,커뮤니티 8,499,1,2.0
반장대리신윤창,8,커뮤니티 8,499,1,2.0
영남국토건설국제1과장이용대,8,커뮤니티 8,499,1,2.0
제주도경찰국장박만영,8,커뮤니티 8,499,1,2.0
전라남도호남국토건설국장조남철,8,커뮤니티 8,499,1,2.0
강원도서무과장서명택,8,커뮤니티 8,499,1,2.0
주택공사총재윤태일,8,커뮤니티 8,499,1,2.0
행정서기관황영관,8,커뮤니티 8,499,1,2.0
강원도건설과장이열진,8,커뮤니티 8,499,1,2.0
충청북도산림과장이강세,8,커뮤니티 8,499,1,2.0
전라북도부지사임석우,8,커뮤니티 8,499,1,2.0
건설부국토보전국도시과장김경린,8,커뮤니티 8,499,1,2.0
참고인이점분,8,커뮤니티 8,499,1,2.0
전라남도보건사회국장염동찬,8,커뮤니티 8,499,1,2.0
건설부특정지역국시설과장김동휘,8,커뮤니티 8,499,1,2.0
서울특별시시장윤치영,8,커뮤니티 8,499,1,2.0
울산특별건설국진해지구공사사무소장서영관,8,커뮤니티 8,499,1,2.0
경기도경찰국정보과장유봉식,8,커뮤니티 8,499,1,2.0
대한주택공사건축담당이사홍사천,8,커뮤니티 8,499,1,2.0
대한준설공사관리이사허필은,8,커뮤니티 8,499,1,2.0
대한주택공사이사김동선,8,커뮤니티 8,499,1,2.0
부산특별건설국장김승옥,8,커뮤니티 8,499,1,2.0
건설부국토보존국장여기에서는,8,커뮤니티 8,499,1,2.0
건설부국토보존국장공업용수,8,커뮤니티 8,499,1,2.0
경상남도건설국장사실은,8,커뮤니티 8,499,1,2.0
건설부국토보존국장건설이,8,커뮤니티 8,499,1,2.0
건설부기획국장김용회,8,커뮤니티 8,499,1,2.0
건설부기획관리실기획관이양재,8,커뮤니티 8,499,1,2.0
이현재수자원국장,8,커뮤니티 8,499,1,2.0
서기관황영관,8,커뮤니티 8,499,1,2.0
수자원국장지금,8,커뮤니티 8,499,1,2.0
이정석의원(위원,8,커뮤니티 8,499,1,2.0
전문위원남정한,8,커뮤니티 8,499,1,2.0
증인이정환,8,커뮤니티 8,499,1,2.0
대한주택공사기획부장임석두,8,커뮤니티 8,499,1,2.0
농업협동조합중앙회서울특별시지부전무정원상,8,커뮤니티 8,499,1,2.0
반장대리장치훈,8,커뮤니티 8,499,1,2.0
강원도강릉영림서장유달진,8,커뮤니티 8,499,1,2.0
건설공제조합총무실장이원경,8,커뮤니티 8,499,1,2.0
사무관우상갑,8,커뮤니티 8,499,1,2.0
예춘호의원,8,커뮤니티 8,499,1,2.0
위원장최영두,9,커뮤니티 9,396,2594,4538.0
류청위원,9,커뮤니티 9,396,1752,3458.0
이희승위원,9,커뮤니티 9,396,1692,3354.0
류진위원,9,커뮤니티 9,396,1153,2290.0
김상현위원,9,커뮤니티 9,396,1041,2062.0
고형곤위원,9,커뮤니티 9,396,1040,2052.0
이백일위원,9,커뮤니티 9,396,988,1914.0
공보부장관홍종철,9,커뮤니티 9,396,869,1734.0
이상무위원,9,커뮤니티 9,396,848,1696.0
최정기위원,9,커뮤니티 9,396,848,1674.0
위원장이돈해,9,커뮤니티 9,396,967,1670.0
육인수위원,9,커뮤니티 9,396,770,1532.0
문교부장관권오병,9,커뮤니티 9,396,534,1068.0
이돈해위원,9,커뮤니티 9,396,500,986.0
이성수위원,9,커뮤니티 9,396,479,912.0
문교부장관윤천주,9,커뮤니티 9,396,452,902.0
위원장육인수,9,커뮤니티 9,396,595,896.0
문교부장관문홍주,9,커뮤니티 9,396,345,690.0
위원장김종호,9,커뮤니티 9,396,384,631.0
위원장대리류청,9,커뮤니티 9,396,347,622.0
전문위원김봉호,9,커뮤니티 9,396,302,598.0
문교부차관성동준,9,커뮤니티 9,396,298,596.0
정상구위원,9,커뮤니티 9,396,292,578.0
김종호위원,9,커뮤니티 9,396,293,576.0
전문위원류성렬,9,커뮤니티 9,396,293,565.0
최영두위원,9,커뮤니티 9,396,280,560.0
문교부장관홍종철,9,커뮤니티 9,396,252,504.0
위원장대리김종호,9,커뮤니티 9,396,254,438.0
문화재관리국장하갑청,9,커뮤니티 9,396,211,422.0
위원장대리이원우,9,커뮤니티 9,396,187,358.0
문화공보부장관신범식,9,커뮤니티 9,396,177,352.0
위원장대리신옥철,9,커뮤니티 9,396,211,333.0
전문위원유성열,9,커뮤니티 9,396,152,304.0
인태식위원,9,커뮤니티 9,396,155,302.0
위원장대리류진,9,커뮤니티 9,396,168,292.0
전문위원류성열,9,커뮤니티 9,396,144,288.0
위원장서인석,9,커뮤니티 9,396,151,276.0
문교부기획관리실장신능순,9,커뮤니티 9,396,135,270.0
이원우위원,9,커뮤니티 9,396,134,268.0
증인성상영,9,커뮤니티 9,396,129,258.0
김옥선위원,9,커뮤니티 9,396,130,254.0
윤제술위원,9,커뮤니티 9,396,121,234.0
서울특별시교육감김원규,9,커뮤니티 9,396,117,234.0
전문위원김성진,9,커뮤니티 9,396,118,231.0
박노선위원,9,커뮤니티 9,396,114,228.0
위원장대리정상구,9,커뮤니티 9,396,116,219.0
김성희위원,9,커뮤니티 9,396,110,218.0
문교부장관고광만,9,커뮤니티 9,396,108,216.0
증인최관식,9,커뮤니티 9,396,107,214.0
서울대학교총장유기천,9,커뮤니티 9,396,105,210.0
문화재관리국장직무대리신능순,9,커뮤니티 9,396,105,208.0
박순천위원,9,커뮤니티 9,396,103,206.0
원자력원사무국장이동집,9,커뮤니티 9,396,91,182.0
증인김연준,9,커뮤니티 9,396,85,170.0
서울특별시교육감최복현,9,커뮤니티 9,396,84,168.0
공보부차관노석찬,9,커뮤니티 9,396,80,160.0
위원장대리이성수,9,커뮤니티 9,396,85,155.0
체신부차관임남수,9,커뮤니티 9,396,60,118.0
김규남위원,9,커뮤니티 9,396,58,116.0
원자력원장윤일선,9,커뮤니티 9,396,56,112.0
문화공보부차관이춘성,9,커뮤니티 9,396,51,102.0
전문위원임철순,9,커뮤니티 9,396,50,100.0
문교부차관김도창,9,커뮤니티 9,396,49,98.0
서울특별시교육위원회교육감최복현,9,커뮤니티 9,396,48,96.0
공보부장관김동성,9,커뮤니티 9,396,48,96.0
증인조영식,9,커뮤니티 9,396,94,94.0
문화재관리국관리과장박상인,9,커뮤니티 9,396,46,92.0
문화공보부장관홍종철,9,커뮤니티 9,396,46,92.0
공보부기획관리실장이춘성,9,커뮤니티 9,396,45,90.0
서기관장욱상,9,커뮤니티 9,396,44,86.0
설두하위원,9,커뮤니티 9,396,43,86.0
반장대리이백일,9,커뮤니티 9,396,45,84.0
문교부문화재관리국장정문순,9,커뮤니티 9,396,42,84.0
문교부고등교육국대학교육과장육진성,9,커뮤니티 9,396,41,82.0
반장이돈해,9,커뮤니티 9,396,43,76.0
강원도지사정상천,9,커뮤니티 9,396,37,74.0
공보부차관이춘성,9,커뮤니티 9,396,36,72.0
반장김용호,9,커뮤니티 9,396,39,70.0
신옥철위원,9,커뮤니티 9,396,38,70.0
원자력연구소장최형섭,9,커뮤니티 9,396,34,68.0
전문위원김사달,9,커뮤니티 9,396,33,66.0
청장김춘택,9,커뮤니티 9,396,33,66.0
반장대리육인수,9,커뮤니티 9,396,35,62.0
민관식의원(위원,9,커뮤니티 9,396,31,62.0
현품계장정태현,9,커뮤니티 9,396,29,58.0
민병권의원,9,커뮤니티 9,396,29,58.0
감사반장육인수,9,커뮤니티 9,396,29,56.0
서기관최흥준,9,커뮤니티 9,396,28,56.0
한국해양대학교학장손태현,9,커뮤니티 9,396,28,56.0
예춘호위원,9,커뮤니티 9,396,27,54.0
국정교과서주식회사사장정구중,9,커뮤니티 9,396,27,54.0
문교부차관한상봉,9,커뮤니티 9,396,26,52.0
이사장박관수,9,커뮤니티 9,396,26,52.0
부산시교육감오복근,9,커뮤니티 9,396,26,52.0
문교부사회교육과종교계장이원직,9,커뮤니티 9,396,26,52.0
증인김원규,9,커뮤니티 9,396,25,50.0
국방부차관유근창,9,커뮤니티 9,396,25,50.0
반장최영두,9,커뮤니티 9,396,25,48.0
감사원장대리한종건,9,커뮤니티 9,396,24,48.0
문교부기획관리실장심창유,9,커뮤니티 9,396,24,48.0
서울특별시교육위원회학무국장박종협,9,커뮤니티 9,396,24,48.0
최두고의원,9,커뮤니티 9,396,24,48.0
강원도교육감김동근,9,커뮤니티 9,396,23,46.0
경기도교육감홍낙선,9,커뮤니티 9,396,23,46.0
공보부방송관리국장홍천,9,커뮤니티 9,396,21,42.0
인천교육대학장조몽환,9,커뮤니티 9,396,21,42.0
문교부차관윤태림,9,커뮤니티 9,396,20,40.0
충청남도교육감황운성,9,커뮤니티 9,396,20,40.0
원자력원원자력위원박익수,9,커뮤니티 9,396,19,38.0
재건국민운동본부장이관구,9,커뮤니티 9,396,19,38.0
경상남도교육감이윤근,9,커뮤니티 9,396,18,36.0
원자력원방사선의학연구소장안치열,9,커뮤니티 9,396,18,36.0
최정기의원,9,커뮤니티 9,396,18,36.0
경북대학교총장계철순,9,커뮤니티 9,396,17,34.0
전문위원배태원,9,커뮤니티 9,396,16,32.0
부산대학교총장신기석,9,커뮤니티 9,396,16,32.0
문교부차관박희범,9,커뮤니티 9,396,16,32.0
문교부법무관유해인,9,커뮤니티 9,396,16,32.0
전주방송국장김순경,9,커뮤니티 9,396,15,30.0
중앙종합직업학교교장박철재,9,커뮤니티 9,396,15,30.0
공보부공보국장민유동,9,커뮤니티 9,396,15,30.0
소위원장최영두,9,커뮤니티 9,396,15,30.0
문교부편수관이희복,9,커뮤니티 9,396,15,30.0
증인박상운,9,커뮤니티 9,396,15,30.0
국민운동본부장이관구,9,커뮤니티 9,396,15,30.0
원자력원장대리오현위,9,커뮤니티 9,396,14,28.0
경상북도교육감김판영,9,커뮤니티 9,396,14,28.0
서울특별시교육위원회관리국장정재인,9,커뮤니티 9,396,14,28.0
원자력원사무국장이동준,9,커뮤니티 9,396,14,28.0
반장대리이상무,9,커뮤니티 9,396,14,26.0
문교부보통교육국장허선간,9,커뮤니티 9,396,13,26.0
공보부공보국장홍천,9,커뮤니티 9,396,13,26.0
서울특별시교육위원회재무과장장인기,9,커뮤니티 9,396,13,26.0
대구방송국장박영선,9,커뮤니티 9,396,12,24.0
전라남도교육감안용백,9,커뮤니티 9,396,12,24.0
문교부차관최형규,9,커뮤니티 9,396,12,24.0
공보부장관이수영,9,커뮤니티 9,396,12,24.0
문교부편수국장조병욱,9,커뮤니티 9,396,12,24.0
연사설국환,9,커뮤니티 9,396,11,22.0
경기도교육위원회문정과장최열곤,9,커뮤니티 9,396,11,22.0
원자력연구소장성좌경,9,커뮤니티 9,396,11,22.0
원자력원총무과장김지은,9,커뮤니티 9,396,10,20.0
문교부편수국사무관이찬교,9,커뮤니티 9,396,10,20.0
박준호위원,9,커뮤니티 9,396,10,20.0
전북대학교총장유영대,9,커뮤니티 9,396,10,20.0
재무부국고국장대리김영일,9,커뮤니티 9,396,10,20.0
연사양호민,9,커뮤니티 9,396,10,20.0
부이사관최인수,9,커뮤니티 9,396,9,18.0
서울대학교법과대학장김기두,9,커뮤니티 9,396,9,18.0
춘천방송국장한승은,9,커뮤니티 9,396,9,18.0
전남대학교총장박하욱,9,커뮤니티 9,396,9,18.0
위원장대리최정기,9,커뮤니티 9,396,9,18.0
중앙시청각교육원관리과장이용걸,9,커뮤니티 9,396,9,18.0
김의택위원,9,커뮤니티 9,396,9,18.0
원자력연구소서무과장두진규,9,커뮤니티 9,396,9,18.0
민관식의원,9,커뮤니티 9,396,9,18.0
문교부고등교육국장조성옥,9,커뮤니티 9,396,11,16.0
김종호의원,9,커뮤니티 9,396,8,16.0
공보부공보국장이성철,9,커뮤니티 9,396,8,16.0
참고인이희승,9,커뮤니티 9,396,8,16.0
공보부문화선전국장이성철,9,커뮤니티 9,396,8,16.0
중앙정보부제2국중소과장강인덕,9,커뮤니티 9,396,8,16.0
전라남도교육위원회학무국장정병택,9,커뮤니티 9,396,8,16.0
서울대학교학생처장심종섭,9,커뮤니티 9,396,8,16.0
반장신옥철,9,커뮤니티 9,396,7,14.0
전남대학교의과대학부속병원장김기창,9,커뮤니티 9,396,7,14.0
전라북도교육감김용환,9,커뮤니티 9,396,7,14.0
신옥철의원,9,커뮤니티 9,396,7,14.0
검사계장서기수,9,커뮤니티 9,396,7,14.0
원자력원원장윤일선,9,커뮤니티 9,396,7,14.0
문화공보부예술국장김영권,9,커뮤니티 9,396,7,14.0
최수룡의원(위원,9,커뮤니티 9,396,7,14.0
문화공보부예술국장김진영,9,커뮤니티 9,396,7,14.0
문화재관리국장허연,9,커뮤니티 9,396,7,14.0
증인김동준,9,커뮤니티 9,396,7,14.0
유치송의원,9,커뮤니티 9,396,7,14.0
숙명여자대학교총장김순식,9,커뮤니티 9,396,6,12.0
서울특별시교육위원회학무국장최기원,9,커뮤니티 9,396,6,12.0
서울중앙방송국장김재연,9,커뮤니티 9,396,6,12.0
공보부방송관리국장이홍수,9,커뮤니티 9,396,6,12.0
김우경의원,9,커뮤니티 9,396,6,12.0
국제관광공사업무이사이동희,9,커뮤니티 9,396,6,12.0
육인수의원,9,커뮤니티 9,396,6,12.0
한국연극연구원대표유치진,9,커뮤니티 9,396,6,12.0
서울대학교문리과대학장김준섭,9,커뮤니티 9,396,6,12.0
원자력연구소소장성좌경,9,커뮤니티 9,396,6,12.0
한국해양대학교서무과장전용인,9,커뮤니티 9,396,6,12.0
공보부법무관현태호,9,커뮤니티 9,396,6,12.0
문교부문예체육국장이철희,9,커뮤니티 9,396,6,12.0
청원인김장수,9,커뮤니티 9,396,5,10.0
문교부기획관리실장홍순철,9,커뮤니티 9,396,5,10.0
한국해양대학교연습과장김기현,9,커뮤니티 9,396,5,10.0
최두고의원(위원,9,커뮤니티 9,396,5,10.0
연사신도성,9,커뮤니티 9,396,5,10.0
연사길현모,9,커뮤니티 9,396,5,10.0
연사홍승면,9,커뮤니티 9,396,5,10.0
청원인기성도,9,커뮤니티 9,396,5,10.0
임시위원장김종호,9,커뮤니티 9,396,6,9.0
국무총리비서실장임윤영,9,커뮤니티 9,396,5,8.0
서울대학교부총장한심석,9,커뮤니티 9,396,4,8.0
문화재관리국주사보최영태,9,커뮤니티 9,396,4,8.0
문화공보부기획관리실장홍경모,9,커뮤니티 9,396,4,8.0
경위과장서리황재동,9,커뮤니티 9,396,4,8.0
재무부국고국장직무대리김영일,9,커뮤니티 9,396,4,8.0
김종순위원,9,커뮤니티 9,396,4,8.0
원자력원원자력위원오현위,9,커뮤니티 9,396,4,8.0
서무계장최재교,9,커뮤니티 9,396,4,8.0
공보부방송관리국장민유동,9,커뮤니티 9,396,4,8.0
공보부기획관리실장민유동,9,커뮤니티 9,396,4,8.0
중앙해난심판위원장김정현,9,커뮤니티 9,396,4,8.0
반장대리이원우,9,커뮤니티 9,396,4,8.0
서울텔레비젼방송국장김진영,9,커뮤니티 9,396,4,8.0
감사반장대리이원우,9,커뮤니티 9,396,4,8.0
신인우의원(위원,9,커뮤니티 9,396,4,8.0
이사관원환현,9,커뮤니티 9,396,4,8.0
참고인이구,9,커뮤니티 9,396,4,8.0
국립극장장이홍수,9,커뮤니티 9,396,4,8.0
참고인정인승,9,커뮤니티 9,396,4,8.0
국정교과서주식회사기획관리실장노용섭,9,커뮤니티 9,396,4,8.0
길재호의원(위원,9,커뮤니티 9,396,4,8.0
서울시교육감김원규,9,커뮤니티 9,396,4,8.0
전남대학교사무국장이재수,9,커뮤니티 9,396,4,8.0
부산시교육위원회학무국장노은식,9,커뮤니티 9,396,4,8.0
증인김인수,9,커뮤니티 9,396,4,8.0
문교부법무관류해인,9,커뮤니티 9,396,4,8.0
전라북도교육위원회학무국장김경식,9,커뮤니티 9,396,4,8.0
외무위원회전문위원김보환,9,커뮤니티 9,396,4,8.0
경북대학교부속병원장한동섭,9,커뮤니티 9,396,4,8.0
총무부장차갑준,9,커뮤니티 9,396,4,8.0
TV방송국장김진영,9,커뮤니티 9,396,4,8.0
공보부조사국장이용상,9,커뮤니티 9,396,4,8.0
교통부관광국장강오륜,9,커뮤니티 9,396,3,6.0
소위원장이상희,9,커뮤니티 9,396,3,6.0
서울특별시교육위원회중등교육과장학관황철수,9,커뮤니티 9,396,3,6.0
문교부편수국장이철희,9,커뮤니티 9,396,3,6.0
정상구위원(위원,9,커뮤니티 9,396,3,6.0
류청의원(위원,9,커뮤니티 9,396,3,6.0
연사김홍철,9,커뮤니티 9,396,3,6.0
문교부총무과장장인숙,9,커뮤니티 9,396,3,6.0
대한통운주식회사전무고일섭,9,커뮤니티 9,396,3,6.0
서울특별시교육위원회행정과장신순갑,9,커뮤니티 9,396,3,6.0
참고인박종홍,9,커뮤니티 9,396,3,6.0
문교부고등교육국장이종환,9,커뮤니티 9,396,3,6.0
원자력연구소보건물리연구실장노재식,9,커뮤니티 9,396,3,6.0
국제교환과장차명수,9,커뮤니티 9,396,3,6.0
공보부법무관김종무,9,커뮤니티 9,396,3,6.0
전남대학교교학처장김태규,9,커뮤니티 9,396,3,6.0
전라남도교육위원회관리국장안남식,9,커뮤니티 9,396,3,6.0
총무처인사제도과장신충선,9,커뮤니티 9,396,3,6.0
문교부고등교육국장조병욱,9,커뮤니티 9,396,3,6.0
서울특별시교육위원회학무국초등교육과장김병보,9,커뮤니티 9,396,3,6.0
전남대학교의과대학장조규찬,9,커뮤니티 9,396,3,6.0
방사선의학연구소장안치열,9,커뮤니티 9,396,3,6.0
공무부기획관리실장이춘성,9,커뮤니티 9,396,3,6.0
철도청기획관리관홍면후,9,커뮤니티 9,396,3,6.0
서울대학교공과대학학장이양,9,커뮤니티 9,396,3,6.0
공보부문화선전국장홍경모,9,커뮤니티 9,396,3,6.0
충청남도교육위원회학무국장황제주,9,커뮤니티 9,396,3,6.0
전라북도교육위원회관리국장허영목,9,커뮤니티 9,396,3,6.0
원자력위원박익수,9,커뮤니티 9,396,3,6.0
임시위원장신영주,9,커뮤니티 9,396,3,4.0
위원장대리이돈해,9,커뮤니티 9,396,3,4.0
길전식의원(위원,9,커뮤니티 9,396,2,4.0
문교부기획실장신능순,9,커뮤니티 9,396,2,4.0
문화재관리국예산담당관유우열,9,커뮤니티 9,396,2,4.0
문교부편수관고창식,9,커뮤니티 9,396,2,4.0
공보부조사국장권경국,9,커뮤니티 9,396,2,4.0
연사주요한,9,커뮤니티 9,396,2,4.0
부산시교육위원회관리국장안종태,9,커뮤니티 9,396,2,4.0
전라북도교육위원회문정과장김재규,9,커뮤니티 9,396,2,4.0
경북대학교교학처장김학수,9,커뮤니티 9,396,2,4.0
함덕용의원(위원,9,커뮤니티 9,396,2,4.0
강원도교육위원회관리국장김홍근,9,커뮤니티 9,396,2,4.0
광주교육대학장박재각,9,커뮤니티 9,396,2,4.0
전남대학교농과대학장고재천,9,커뮤니티 9,396,2,4.0
임시위원장이종극,9,커뮤니티 9,396,2,4.0
경상북도공보실장이상배,9,커뮤니티 9,396,2,4.0
전남대학교공과대학장오항기,9,커뮤니티 9,396,2,4.0
전남대학교문리과대학장류기춘,9,커뮤니티 9,396,2,4.0
서울대학교학생처장심상황,9,커뮤니티 9,396,2,4.0
교무처장서명원,9,커뮤니티 9,396,2,4.0
교수이창복,9,커뮤니티 9,396,2,4.0
문교부고등교육국장이원설,9,커뮤니티 9,396,2,4.0
서울대학교치과대학병원장심태석,9,커뮤니티 9,396,2,4.0
방사선농업연구실장한창렬,9,커뮤니티 9,396,2,4.0
행정간사김철주,9,커뮤니티 9,396,2,4.0
원자력원기획관리관강윤봉,9,커뮤니티 9,396,2,4.0
서울대학교교무처장심상황,9,커뮤니티 9,396,2,4.0
서울특별시교육위원회관리국행정과장신순갑,9,커뮤니티 9,396,2,4.0
참고인김영기,9,커뮤니티 9,396,2,4.0
국정교과서주식회사감사이종국,9,커뮤니티 9,396,2,4.0
철도청경리국장김영호,9,커뮤니티 9,396,2,4.0
문교부보통교육국장육진성,9,커뮤니티 9,396,2,4.0
공보부기획관리실장직무대리권경국,9,커뮤니티 9,396,2,4.0
공보부공보국영화과장김종무,9,커뮤니티 9,396,2,4.0
교통부관광국장강호륜,9,커뮤니티 9,396,2,4.0
경남전신전화건설국장최석환,9,커뮤니티 9,396,2,4.0
서울시교육위원회학무국장박종협,9,커뮤니티 9,396,2,4.0
문교부고등교육국장이상조,9,커뮤니티 9,396,2,4.0
박노준위원,9,커뮤니티 9,396,2,4.0
서기관한홍건,9,커뮤니티 9,396,2,4.0
문화공보부기획관리실장민유동,9,커뮤니티 9,396,2,4.0
참고인이인기,9,커뮤니티 9,396,2,4.0
문화재관리국장허련,9,커뮤니티 9,396,2,4.0
문교부편수국장김승제,9,커뮤니티 9,396,2,4.0
문교부법무관설인수,9,커뮤니티 9,396,2,4.0
서울대학교총장권중휘,9,커뮤니티 9,396,2,4.0
대한교육연합회사무총장정태시,9,커뮤니티 9,396,2,4.0
문교부보통교육국장직무대리김승제,9,커뮤니티 9,396,2,4.0
문화재관리국장정대고,9,커뮤니티 9,396,2,4.0
경희대학교재정사무장이근칠,9,커뮤니티 9,396,2,2.0
김옥선위원(위원,9,커뮤니티 9,396,1,2.0
서울대학교건설본부장이훈섭,9,커뮤니티 9,396,1,2.0
서울대학교부총장한필석,9,커뮤니티 9,396,1,2.0
서울특별시교육위원회학무국장최기원(계속),9,커뮤니티 9,396,1,2.0
문교부편수국장이상규,9,커뮤니티 9,396,1,2.0
문화공보부방송관리국장윤태로,9,커뮤니티 9,396,1,2.0
사무관송감,9,커뮤니티 9,396,1,2.0
소위원회위원장이성수,9,커뮤니티 9,396,1,2.0
출석위원(29인),9,커뮤니티 9,396,1,2.0
전매청업무국장항목,9,커뮤니티 9,396,1,2.0
지청장전매서,9,커뮤니티 9,396,1,2.0
문화재관리국서무과장장인숙,9,커뮤니티 9,396,1,2.0
출석위원(8명),9,커뮤니티 9,396,1,2.0
서울특별시교육위원회학무국장박원익,9,커뮤니티 9,396,1,2.0
문화공부장관홍종철,9,커뮤니티 9,396,1,2.0
참고인유형진,9,커뮤니티 9,396,1,2.0
문교부장학관박성탁,9,커뮤니티 9,396,1,2.0
문교부장학실장손영경,9,커뮤니티 9,396,1,2.0
문교부편수국발행과장류해인,9,커뮤니티 9,396,1,2.0
국민운동본부장임병직,9,커뮤니티 9,396,1,2.0
공보부문화선전국장민유동,9,커뮤니티 9,396,1,2.0
대한교육연합회공제조합사무국장이수완,9,커뮤니티 9,396,1,2.0
소위원회위원이성수,9,커뮤니티 9,396,1,2.0
문화공보부기획관리실장이홍수,9,커뮤니티 9,396,1,2.0
국민운동본부기획실장조재근,9,커뮤니티 9,396,1,2.0
문화재관리국문화재과장임봉식,9,커뮤니티 9,396,1,2.0
사무관박영무,9,커뮤니티 9,396,1,2.0
유청의원,9,커뮤니티 9,396,1,2.0
문교부사회교육과장장인숙,9,커뮤니티 9,396,1,2.0
편수과장설인수,9,커뮤니티 9,396,1,2.0
교육부차관성동준,9,커뮤니티 9,396,1,2.0
충청남도공보실장양한영,9,커뮤니티 9,396,1,2.0
전남대학교대학원장이진기,9,커뮤니티 9,396,1,2.0
전라북도교육위원회의장이정우,9,커뮤니티 9,396,1,2.0
전북대학교도서관장박은규,9,커뮤니티 9,396,1,2.0
전북대학교사무국장송종전,9,커뮤니티 9,396,1,2.0
법무관법적으로,9,커뮤니티 9,396,1,2.0
속기사최황,9,커뮤니티 9,396,1,2.0
서울대학교농대학장김문협,9,커뮤니티 9,396,1,2.0
서울대학교도서관장김계숙,9,커뮤니티 9,396,1,2.0
대학원장박종홍,9,커뮤니티 9,396,1,2.0
기획계장이주예,9,커뮤니티 9,396,1,2.0
중앙종합직업학교교무과장처음에,9,커뮤니티 9,396,1,2.0
경기도교육감홍락선,9,커뮤니티 9,396,1,2.0
중앙종합직업학교교무과장그것은,9,커뮤니티 9,396,1,2.0
중앙종합직업학교교무과장우리,9,커뮤니티 9,396,1,2.0
중앙종합직업학교교무과장유네스코에서,9,커뮤니티 9,396,1,2.0
소위원회최영두,9,커뮤니티 9,396,1,2.0
주사이남,9,커뮤니티 9,396,1,2.0
문교부수석편수관이희복,9,커뮤니티 9,396,1,2.0
공보부예산담당관홍태환,9,커뮤니티 9,396,1,2.0
국립국악원원장성경인,9,커뮤니티 9,396,1,2.0
공공무부기획관리실장이춘성,9,커뮤니티 9,396,1,2.0
서기관최흥균,9,커뮤니티 9,396,1,2.0
문교부고등교육장조병욱,9,커뮤니티 9,396,1,2.0
문교기획관리실장신능순,9,커뮤니티 9,396,1,2.0
부산대학교부속병원장문효중,9,커뮤니티 9,396,1,2.0
경상남도교육위원회초등교육과장윤동옥,9,커뮤니티 9,396,1,2.0
한국해양대학교교무과장홍영표,9,커뮤니티 9,396,1,2.0
참고인김인수,9,커뮤니티 9,396,1,2.0
감사원제2국장대리손한주,9,커뮤니티 9,396,1,2.0
서울특별시교육위원회학무국중등교육과장서장석,9,커뮤니티 9,396,1,2.0
교육부기획관리실장민유동,9,커뮤니티 9,396,1,2.0
김남규위원,9,커뮤니티 9,396,1,2.0
감사반로육인수,9,커뮤니티 9,396,1,2.0
공보부기획예산담당관홍태환,9,커뮤니티 9,396,1,2.0
국립영화제작소장김임룡,9,커뮤니티 9,396,1,2.0
참고인최현배,9,커뮤니티 9,396,1,2.0
전문교부장관고광만,9,커뮤니티 9,396,1,2.0
국립국악원장성경린,9,커뮤니티 9,396,1,2.0
가용자원판단,9,커뮤니티 9,396,1,2.0
모세판단,9,커뮤니티 9,396,1,2.0
공보부통신기감이인관,9,커뮤니티 9,396,1,2.0
전문교부차관최형규,9,커뮤니티 9,396,1,2.0
문교부차관홍종철,9,커뮤니티 9,396,1,2.0
서울대학교생약연구소장우인근,9,커뮤니티 9,396,1,2.0
서울대학교부속박물관장김원룡,9,커뮤니티 9,396,1,2.0
방사선의학연구소연구관문석형,9,커뮤니티 9,396,1,2.0
서울특별시교육위원이규백,9,커뮤니티 9,396,1,2.0
인태식의원,9,커뮤니티 9,396,1,2.0
경제기획원장관김태동,9,커뮤니티 9,396,1,2.0
연사최문환,9,커뮤니티 9,396,1,2.0
문교부발행과장정연규,9,커뮤니티 9,396,1,2.0
문공부차관성동준,9,커뮤니티 9,396,1,2.0
전문위원전성진,9,커뮤니티 9,396,1,1.0
강문봉위원,10,커뮤니티 10,386,1391,2780.0
류진산위원,10,커뮤니티 10,386,1117,2231.0
위원장김동환,10,커뮤니티 10,386,1158,2077.0
위원장민병권,10,커뮤니티 10,386,1186,1998.0
김성용위원,10,커뮤니티 10,386,740,1478.0
한건수위원,10,커뮤니티 10,386,709,1400.0
국방부장관김성은,10,커뮤니티 10,386,688,1370.0
외무부장관최규하,10,커뮤니티 10,386,636,1272.0
위원장김종갑,10,커뮤니티 10,386,811,1264.0
외무부장관이동원,10,커뮤니티 10,386,547,1092.0
변종봉위원,10,커뮤니티 10,386,501,1000.0
위원장민기식,10,커뮤니티 10,386,603,978.0
위원장변종봉,10,커뮤니티 10,386,551,960.0
김정근위원,10,커뮤니티 10,386,479,948.0
정일형위원,10,커뮤니티 10,386,457,902.0
김동환위원,10,커뮤니티 10,386,426,852.0
박준규위원,10,커뮤니티 10,386,406,806.0
위원장차지철,10,커뮤니티 10,386,486,803.0
외무부차관김영주,10,커뮤니티 10,386,397,788.0
위원장박준규,10,커뮤니티 10,386,437,749.0
외무부차관문덕주,10,커뮤니티 10,386,369,738.0
서범석위원,10,커뮤니티 10,386,349,698.0
외무부기획관리실장문철순,10,커뮤니티 10,386,330,660.0
백두진위원,10,커뮤니티 10,386,320,638.0
외무부차관정일영,10,커뮤니티 10,386,313,626.0
위원장오준석,10,커뮤니티 10,386,345,577.0
김정열위원,10,커뮤니티 10,386,262,524.0
위원장대리한상준,10,커뮤니티 10,386,277,486.0
국방부차관강서룡,10,커뮤니티 10,386,228,456.0
황인원위원,10,커뮤니티 10,386,219,430.0
차지철위원,10,커뮤니티 10,386,215,430.0
위원장정구영,10,커뮤니티 10,386,230,426.0
이동진위원,10,커뮤니티 10,386,162,320.0
국방부장관정래혁,10,커뮤니티 10,386,160,320.0
이승춘위원,10,커뮤니티 10,386,157,314.0
위원장대리차지철,10,커뮤니티 10,386,178,309.0
김준연위원,10,커뮤니티 10,386,153,304.0
외무부차관진필식,10,커뮤니티 10,386,139,278.0
나용균위원,10,커뮤니티 10,386,138,276.0
국방부장관임충식,10,커뮤니티 10,386,138,276.0
장준하위원,10,커뮤니티 10,386,136,266.0
전문위원김보환,10,커뮤니티 10,386,128,254.0
위원장대리변종봉,10,커뮤니티 10,386,137,250.0
외무부장관정일권,10,커뮤니티 10,386,120,240.0
국방부장관최영희,10,커뮤니티 10,386,115,230.0
김종갑위원,10,커뮤니티 10,386,110,220.0
전문위원김종필,10,커뮤니티 10,386,108,216.0
위원장민관식,10,커뮤니티 10,386,123,199.0
농림부장관원용석,10,커뮤니티 10,386,97,192.0
외무부아주국장강영규,10,커뮤니티 10,386,96,192.0
위원장대리이동진,10,커뮤니티 10,386,108,179.0
전문위원김희찬,10,커뮤니티 10,386,84,164.0
김윤덕위원,10,커뮤니티 10,386,84,158.0
조흥만위원,10,커뮤니티 10,386,73,146.0
위원장대리박두선,10,커뮤니티 10,386,82,144.0
위원장대리황인원,10,커뮤니티 10,386,71,140.0
한일회담대표이상덕,10,커뮤니티 10,386,68,134.0
국방부재정국장황인성,10,커뮤니티 10,386,66,132.0
박현숙위원,10,커뮤니티 10,386,65,130.0
위원장대리신형식,10,커뮤니티 10,386,78,129.0
고려대학교총장유진오,10,커뮤니티 10,386,66,128.0
윤천주위원,10,커뮤니티 10,386,64,126.0
김홍일위원,10,커뮤니티 10,386,63,126.0
국방부차관이경호,10,커뮤니티 10,386,60,120.0
오세응위원,10,커뮤니티 10,386,60,120.0
청원자김정환,10,커뮤니티 10,386,59,118.0
반장박준규,10,커뮤니티 10,386,58,114.0
위원장대리강문봉,10,커뮤니티 10,386,62,112.0
국방부차관류근창,10,커뮤니티 10,386,56,112.0
외무부기획관리실장노신영,10,커뮤니티 10,386,54,108.0
전문위원김벽두,10,커뮤니티 10,386,52,102.0
국방부병무국장이창우,10,커뮤니티 10,386,51,102.0
농림부수산국장김재식,10,커뮤니티 10,386,49,96.0
외무부기획관리실장송광정,10,커뮤니티 10,386,49,96.0
국방부장관유재흥,10,커뮤니티 10,386,48,96.0
국토통일원장관신태환,10,커뮤니티 10,386,48,96.0
김종철위원,10,커뮤니티 10,386,48,96.0
김용태위원,10,커뮤니티 10,386,48,94.0
주월남대사신상철,10,커뮤니티 10,386,47,94.0
이상신위원,10,커뮤니티 10,386,47,88.0
이철승위원,10,커뮤니티 10,386,44,88.0
육군참모총장민기식,10,커뮤니티 10,386,44,88.0
계엄사령관민기식,10,커뮤니티 10,386,44,88.0
외무부방교국장박근,10,커뮤니티 10,386,43,86.0
편정희위원,10,커뮤니티 10,386,43,84.0
이세규위원,10,커뮤니티 10,386,42,84.0
외무부아주국장황호을,10,커뮤니티 10,386,41,82.0
외무부기획관리실장백인한,10,커뮤니티 10,386,40,80.0
조경한위원,10,커뮤니티 10,386,40,78.0
전정구위원,10,커뮤니티 10,386,38,74.0
무임소장관원용석,10,커뮤니티 10,386,36,72.0
김종필위원,10,커뮤니티 10,386,35,70.0
위원장대리윤천주,10,커뮤니티 10,386,36,64.0
위원장대리한건수,10,커뮤니티 10,386,34,64.0
윤치영위원,10,커뮤니티 10,386,32,64.0
변종봉의원,10,커뮤니티 10,386,32,64.0
상공부상역차관보심의환,10,커뮤니티 10,386,32,64.0
전라북도지사이춘성,10,커뮤니티 10,386,32,64.0
외무부아주국장김정태,10,커뮤니티 10,386,31,62.0
최용수위원,10,커뮤니티 10,386,31,62.0
외무부총무과장김진홍,10,커뮤니티 10,386,31,62.0
경기도지사김태경,10,커뮤니티 10,386,30,60.0
외무부통상국장정도순,10,커뮤니티 10,386,28,56.0
민기식위원,10,커뮤니티 10,386,28,56.0
외무부방교국국제연합과장지연태,10,커뮤니티 10,386,28,56.0
서기관김상천,10,커뮤니티 10,386,28,54.0
김재화위원,10,커뮤니티 10,386,27,52.0
외무부정보문화국장이윤희,10,커뮤니티 10,386,26,52.0
외무부기획관리실예산담당관문주환,10,커뮤니티 10,386,26,52.0
재무부이재국장김원기,10,커뮤니티 10,386,26,52.0
장덕진위원,10,커뮤니티 10,386,26,52.0
노동청장조의창,10,커뮤니티 10,386,25,50.0
외무부의전실장이범석,10,커뮤니티 10,386,25,50.0
이영근위원,10,커뮤니티 10,386,25,50.0
위원장대리문창탁,10,커뮤니티 10,386,29,49.0
임시위원장이정래,10,커뮤니티 10,386,38,47.0
사무관이소현,10,커뮤니티 10,386,25,46.0
외무부방교국장송광정,10,커뮤니티 10,386,23,46.0
외무부구미국장장상문,10,커뮤니티 10,386,23,46.0
대한무역진흥공사사장김동조,10,커뮤니티 10,386,23,46.0
대한상공회의소회장송대순,10,커뮤니티 10,386,23,46.0
교통부해운국장유덕준,10,커뮤니티 10,386,22,44.0
외무부아주국장노신영,10,커뮤니티 10,386,22,44.0
외무부방교국장김인권,10,커뮤니티 10,386,21,42.0
육군참모총장김용배,10,커뮤니티 10,386,21,42.0
전문위원김병훈,10,커뮤니티 10,386,21,42.0
전국어민비상대책위원회고문정문기,10,커뮤니티 10,386,21,40.0
재무부세정차관보정소영,10,커뮤니티 10,386,20,40.0
강원도부지사박종성,10,커뮤니티 10,386,19,38.0
장덕진위원(전국),10,커뮤니티 10,386,19,38.0
외무부기획관리실장장재용,10,커뮤니티 10,386,19,38.0
임시위원장함덕용,10,커뮤니티 10,386,26,37.0
외무부외교연구원장신응균,10,커뮤니티 10,386,18,36.0
서기관허준,10,커뮤니티 10,386,18,36.0
원호처장장동운,10,커뮤니티 10,386,18,36.0
외무부아주국장연하구,10,커뮤니티 10,386,18,36.0
국방부시설국장전경진,10,커뮤니티 10,386,18,36.0
이동진의원,10,커뮤니티 10,386,18,36.0
황인원의원,10,커뮤니티 10,386,18,36.0
외무부총무과장신기흠,10,커뮤니티 10,386,17,34.0
외무부기획관리실장윤하정,10,커뮤니티 10,386,17,34.0
부이사관김상천,10,커뮤니티 10,386,17,34.0
외무부총무과장이상옥,10,커뮤니티 10,386,17,34.0
외무부정보문화국장소상영,10,커뮤니티 10,386,17,34.0
주말레이지아대사최규하,10,커뮤니티 10,386,17,34.0
참고인윤제술,10,커뮤니티 10,386,16,32.0
경제기획원운영차관보이선희,10,커뮤니티 10,386,16,32.0
국방부시설국관재과장송영태,10,커뮤니티 10,386,16,32.0
위원장직무대행정구영,10,커뮤니티 10,386,19,31.0
국립직업재활원장최기빈,10,커뮤니티 10,386,15,30.0
국방부군수국장정경모,10,커뮤니티 10,386,15,30.0
소위원장김정근,10,커뮤니티 10,386,15,30.0
외교연구원장최완복,10,커뮤니티 10,386,14,28.0
외무부기획예산담당관문주환,10,커뮤니티 10,386,14,28.0
원호처국립원호원장김경원,10,커뮤니티 10,386,14,28.0
위원장대리김익준,10,커뮤니티 10,386,16,27.0
외무부구미국장함영훈,10,커뮤니티 10,386,13,26.0
외무부차관보전상진,10,커뮤니티 10,386,13,26.0
참고인김의택,10,커뮤니티 10,386,12,24.0
차지철의원(위원,10,커뮤니티 10,386,12,24.0
위원장대리전정구,10,커뮤니티 10,386,12,24.0
외무부방교국장이민용,10,커뮤니티 10,386,12,24.0
서울대학교상과대학교수홍성유,10,커뮤니티 10,386,12,24.0
외무부통상국장전상진,10,커뮤니티 10,386,12,24.0
외무부통상국장심명원,10,커뮤니티 10,386,12,24.0
외무부구미국장윤하정,10,커뮤니티 10,386,12,24.0
외무부총무과경리계장이규철,10,커뮤니티 10,386,12,24.0
외무부특수연구관이수우,10,커뮤니티 10,386,11,22.0
사무관윤영탁,10,커뮤니티 10,386,11,22.0
내무부지방국장남봉진,10,커뮤니티 10,386,11,22.0
주호주대사이동환,10,커뮤니티 10,386,11,22.0
외무부통상주국장전상진,10,커뮤니티 10,386,11,20.0
국립부산검역소장김완근,10,커뮤니티 10,386,10,20.0
노동청충청남도사무소장김문창,10,커뮤니티 10,386,10,20.0
공군참모총장장지량,10,커뮤니티 10,386,10,20.0
현정주위원,10,커뮤니티 10,386,10,20.0
대한체육회회장민관식,10,커뮤니티 10,386,10,20.0
동부아프리카방문친선사절단장이수영,10,커뮤니티 10,386,10,20.0
외무부아주국교민과장김정극,10,커뮤니티 10,386,9,18.0
이동원위원,10,커뮤니티 10,386,9,18.0
외무부여권과장이문수,10,커뮤니티 10,386,9,18.0
외무부의전실장윤호근,10,커뮤니티 10,386,9,18.0
국방부시설국관리과장송영태,10,커뮤니티 10,386,9,18.0
상공부상역차관보김우근,10,커뮤니티 10,386,9,18.0
대전지방원호청장김성길,10,커뮤니티 10,386,9,18.0
서부아프리카방문친선사절단장최두선,10,커뮤니티 10,386,9,18.0
원호처직업재활원장조형기,10,커뮤니티 10,386,8,16.0
소위원회위원장김봉환,10,커뮤니티 10,386,8,16.0
주토이기대사최영희,10,커뮤니티 10,386,8,16.0
외무부총무과장지성구,10,커뮤니티 10,386,8,16.0
외무부정보문화국외신과장주석환,10,커뮤니티 10,386,8,16.0
문창탁위원,10,커뮤니티 10,386,7,14.0
최종성위원,10,커뮤니티 10,386,7,14.0
주일본대사김동조,10,커뮤니티 10,386,7,14.0
외교연구원교육부장장재용,10,커뮤니티 10,386,7,14.0
육군참모총장김계원,10,커뮤니티 10,386,7,14.0
국립원호원장김경원,10,커뮤니티 10,386,7,14.0
체신부장관박경원,10,커뮤니티 10,386,7,14.0
주유엔대사김용식,10,커뮤니티 10,386,7,14.0
국립의료원장안병훈,10,커뮤니티 10,386,6,12.0
광주지방원호청장이형기,10,커뮤니티 10,386,6,12.0
이백일의원(위원,10,커뮤니티 10,386,6,12.0
외무부방교국국제기구과장한우석,10,커뮤니티 10,386,6,12.0
안전보장회의사무국장배덕진,10,커뮤니티 10,386,6,12.0
사무관허준,10,커뮤니티 10,386,6,12.0
공군참모총장박원석,10,커뮤니티 10,386,6,12.0
외무부의전국의전과장박상두,10,커뮤니티 10,386,6,12.0
소위원장강문봉,10,커뮤니티 10,386,6,12.0
주태국대사장성환,10,커뮤니티 10,386,6,12.0
주비율빈대사유양수,10,커뮤니티 10,386,5,10.0
부이사관박종일,10,커뮤니티 10,386,5,10.0
소위원회위원장박두선,10,커뮤니티 10,386,5,10.0
주뉴데리총영사임병직,10,커뮤니티 10,386,5,10.0
외무부특수지역연구관이수우,10,커뮤니티 10,386,5,10.0
위원장대리서범석,10,커뮤니티 10,386,5,10.0
청원인한복완,10,커뮤니티 10,386,5,10.0
외무부조약과장김동휘,10,커뮤니티 10,386,5,10.0
제1소위원장이동진,10,커뮤니티 10,386,5,10.0
장경순위원,10,커뮤니티 10,386,5,10.0
부이사관이강려,10,커뮤니티 10,386,5,10.0
주불란서대사백선엽,10,커뮤니티 10,386,5,10.0
해군참모총장김영관,10,커뮤니티 10,386,5,10.0
위원장대리정일형,10,커뮤니티 10,386,5,8.0
반장대리차지철,10,커뮤니티 10,386,5,8.0
주일대사김동조,10,커뮤니티 10,386,4,8.0
강원도산재사무국장강찬구,10,커뮤니티 10,386,4,8.0
외교연구원상임위원김창훈,10,커뮤니티 10,386,4,8.0
노동청한독부산공공직업훈련소장홍종래,10,커뮤니티 10,386,4,8.0
천우사사장전택보,10,커뮤니티 10,386,4,8.0
청원자이봉소,10,커뮤니티 10,386,4,8.0
서울산재보험사무소장양태근,10,커뮤니티 10,386,4,8.0
중앙직업훈련원장손흥태,10,커뮤니티 10,386,4,8.0
제2소위원장황인원,10,커뮤니티 10,386,4,8.0
외무부정보문화국장윤하정,10,커뮤니티 10,386,4,8.0
제3소위원장김정근,10,커뮤니티 10,386,4,8.0
류진산의원(계속),10,커뮤니티 10,386,4,8.0
주유엔대사이수영,10,커뮤니티 10,386,3,6.0
소위원장황인원,10,커뮤니티 10,386,3,6.0
홍익표의원,10,커뮤니티 10,386,3,6.0
교통부수로국장김철웅,10,커뮤니티 10,386,3,6.0
보건사회부보건국방역과장한상태,10,커뮤니티 10,386,3,6.0
한상준의원,10,커뮤니티 10,386,3,6.0
내무부치안국경비과장장동식,10,커뮤니티 10,386,3,6.0
육군참모차장임충식,10,커뮤니티 10,386,3,6.0
참고인유지성,10,커뮤니티 10,386,3,6.0
합동참모회의본부장서종철,10,커뮤니티 10,386,3,6.0
대간첩작전대책본부장류근창,10,커뮤니티 10,386,3,6.0
외무부의전실장정탁순,10,커뮤니티 10,386,3,6.0
병무청장전부일,10,커뮤니티 10,386,3,6.0
외무부조약과장오재희,10,커뮤니티 10,386,3,6.0
위원장대리조흥만,10,커뮤니티 10,386,3,6.0
외무부방교국장김종한,10,커뮤니티 10,386,3,6.0
외무부경제협력과장임도규,10,커뮤니티 10,386,3,6.0
노동청직업훈련담당관김은호,10,커뮤니티 10,386,3,6.0
위원장대리오세응,10,커뮤니티 10,386,3,6.0
외무부구미국장구충회,10,커뮤니티 10,386,3,6.0
대전지방원호청장원종혁,10,커뮤니티 10,386,3,6.0
합동참모본부의장김종오,10,커뮤니티 10,386,3,6.0
합동참모회의의장김종오,10,커뮤니티 10,386,3,6.0
노동청전라남도사무소장이규휘,10,커뮤니티 10,386,3,6.0
육군본부인사참모부장류근창,10,커뮤니티 10,386,3,6.0
부산지방원호청장박인권,10,커뮤니티 10,386,3,6.0
충청북도보건사회국장권희탁,10,커뮤니티 10,386,3,6.0
전문위원백운봉,10,커뮤니티 10,386,3,6.0
외교연구원장한유동,10,커뮤니티 10,386,3,6.0
권오병위원,10,커뮤니티 10,386,3,6.0
해군참모총장함명수,10,커뮤니티 10,386,2,4.0
합동참모본부전략정보국연합과장이주표,10,커뮤니티 10,386,2,4.0
외무부여권과장서경석,10,커뮤니티 10,386,2,4.0
소위원장이동진,10,커뮤니티 10,386,2,4.0
소위원장서인석,10,커뮤니티 10,386,2,4.0
해군참모총장장지수,10,커뮤니티 10,386,2,4.0
해병대사령관강기천,10,커뮤니티 10,386,2,4.0
교통부해운과장김상진,10,커뮤니티 10,386,2,4.0
서기관허애,10,커뮤니티 10,386,2,4.0
합동참모회의정보기획국장이세호,10,커뮤니티 10,386,2,4.0
전문위원곽철종,10,커뮤니티 10,386,2,4.0
위원장대리이상신,10,커뮤니티 10,386,2,4.0
부산검역소장김완근,10,커뮤니티 10,386,2,4.0
충청북도도립병원장최한철,10,커뮤니티 10,386,2,4.0
외무부여권과장강석홍,10,커뮤니티 10,386,2,4.0
국립산업재활원장구자헌,10,커뮤니티 10,386,2,4.0
노동청충청남도사무소보상과장김헌식,10,커뮤니티 10,386,2,4.0
충청북도부지사강수성,10,커뮤니티 10,386,2,4.0
전라남도부지사장형태,10,커뮤니티 10,386,2,4.0
노동청부산사무소장장규식,10,커뮤니티 10,386,2,4.0
주카나다대사백선엽,10,커뮤니티 10,386,2,4.0
주아이보리코스트대사강춘희,10,커뮤니티 10,386,2,4.0
외무부아주국교민과장김상규,10,커뮤니티 10,386,2,4.0
국방부시설국장최헌희,10,커뮤니티 10,386,2,4.0
소위원장신윤창,10,커뮤니티 10,386,2,4.0
외교연구원연구부장지연태,10,커뮤니티 10,386,2,4.0
주월한국군사령관이세호,10,커뮤니티 10,386,2,4.0
전주월한국군사령관채명신,10,커뮤니티 10,386,2,4.0
참고인진경득,10,커뮤니티 10,386,2,4.0
참고인이복준,10,커뮤니티 10,386,2,4.0
경제기획원운영담당차관보이선희,10,커뮤니티 10,386,2,4.0
행정서기관김철,10,커뮤니티 10,386,2,4.0
육군참모차장김계원,10,커뮤니티 10,386,2,4.0
육군본부민사군정감실양재하,10,커뮤니티 10,386,2,4.0
문교부문예체육국장허선간,10,커뮤니티 10,386,2,4.0
노동청노정국장허성준,10,커뮤니티 10,386,2,4.0
위원장대리이원엽,10,커뮤니티 10,386,2,2.0
이동원위원(위원,10,커뮤니티 10,386,1,2.0
국토통일원정책기획실장유태현,10,커뮤니티 10,386,1,2.0
외교연구원상임위원이수우,10,커뮤니티 10,386,1,2.0
육군참모총장서종철,10,커뮤니티 10,386,1,2.0
국토통일원정책기획실장류태현,10,커뮤니티 10,386,1,2.0
공군참모총장김성룡,10,커뮤니티 10,386,1,2.0
의장내각에서,10,커뮤니티 10,386,1,2.0
의장내년,10,커뮤니티 10,386,1,2.0
합동참모회의의장심흥선,10,커뮤니티 10,386,1,2.0
병무청차장김종필,10,커뮤니티 10,386,1,2.0
이동원의원(위원,10,커뮤니티 10,386,1,2.0
중앙정보부차장이치열,10,커뮤니티 10,386,1,2.0
합동참모본부장겸대간첩대책본부장김재명,10,커뮤니티 10,386,1,2.0
국방과학기술연구소장신응균,10,커뮤니티 10,386,1,2.0
외자도입국장참모연구,10,커뮤니티 10,386,1,2.0
국방과학기술연구소부소장윤응렬,10,커뮤니티 10,386,1,2.0
외교연구원교수과장우종,10,커뮤니티 10,386,1,2.0
국방부기획관리국장,10,커뮤니티 10,386,1,2.0
교통부해운국선박과장이종성,10,커뮤니티 10,386,1,2.0
주스웨덴대사강문봉,10,커뮤니티 10,386,1,2.0
주이디오피아대사엄요섭,10,커뮤니티 10,386,1,2.0
주케니야대사임윤영,10,커뮤니티 10,386,1,2.0
주서독대사김영주,10,커뮤니티 10,386,1,2.0
주벨기에대사문덕주,10,커뮤니티 10,386,1,2.0
주제네바대사박동진,10,커뮤니티 10,386,1,2.0
주영국대사배의환,10,커뮤니티 10,386,1,2.0
노동청장조희창,10,커뮤니티 10,386,1,2.0
김옥자위원,10,커뮤니티 10,386,1,2.0
경기도보건사회국장정시채,10,커뮤니티 10,386,1,2.0
기획관리실장동홍욱,10,커뮤니티 10,386,1,2.0
노동청근로기준담당관이문홍,10,커뮤니티 10,386,1,2.0
위원장대리최용수,10,커뮤니티 10,386,1,2.0
위원장대리이택돈,10,커뮤니티 10,386,1,2.0
김성한위원,10,커뮤니티 10,386,1,2.0
심사소위원회위원장김봉환,10,커뮤니티 10,386,1,2.0
대간첩대책본부장김재명,10,커뮤니티 10,386,1,2.0
국토통일원기획관리관김이현,10,커뮤니티 10,386,1,2.0
국방부인력차관보임충식,10,커뮤니티 10,386,1,2.0
국방부관리차관보신원식,10,커뮤니티 10,386,1,2.0
외무부의전실장장상문,10,커뮤니티 10,386,1,2.0
국립의료원간호과장김순봉,10,커뮤니티 10,386,1,2.0
외무부방교국장정순근,10,커뮤니티 10,386,1,2.0
경기도농림국장이상직,10,커뮤니티 10,386,1,2.0
◯토지매입비라는,10,커뮤니티 10,386,1,2.0
해군참모차장장지수,10,커뮤니티 10,386,1,2.0
전해병대사령관공정식,10,커뮤니티 10,386,1,2.0
속기주사김영선,10,커뮤니티 10,386,1,2.0
주월한국군사령관채명신,10,커뮤니티 10,386,1,2.0
전해군참모총장함명수,10,커뮤니티 10,386,1,2.0
국방부장관보좌관김종순,10,커뮤니티 10,386,1,2.0
해군참모차장김준태,10,커뮤니티 10,386,1,2.0
공군참모차장오점석,10,커뮤니티 10,386,1,2.0
국방부군수국정비과장김영철,10,커뮤니티 10,386,1,2.0
합동참모회의의장장창국,10,커뮤니티 10,386,1,2.0
주중국대사김신,10,커뮤니티 10,386,1,2.0
합동참모회의전략정보국차장박병주,10,커뮤니티 10,386,1,2.0
말레이지아대사이스밀율소후,10,커뮤니티 10,386,1,2.0
외무부구미국구주과장함영훈,10,커뮤니티 10,386,1,2.0
태국대사장성환,10,커뮤니티 10,386,1,2.0
주제네바공사정일영,10,커뮤니티 10,386,1,2.0
부의장이영준,10,커뮤니티 10,386,1,2.0
국방부인사국장윤택중,10,커뮤니티 10,386,1,2.0
제2소위원장한상준,10,커뮤니티 10,386,1,2.0
해병대사령부부사령관윤영준,10,커뮤니티 10,386,1,2.0
합동참모본부작전정보국장손희선,10,커뮤니티 10,386,1,2.0
정일형의원(위원,10,커뮤니티 10,386,1,2.0
육군본부군수참모부보급처장김용걸,10,커뮤니티 10,386,1,2.0
주콩고대사최문경,10,커뮤니티 10,386,1,2.0
공군본부작전국장윤자중,10,커뮤니티 10,386,1,2.0
독일연방공화국주차대한민국특명전권대사최덕신,10,커뮤니티 10,386,1,2.0
외무부통상국장대리임도경,10,커뮤니티 10,386,1,2.0
국방부인력차관보유근창,10,커뮤니티 10,386,1,2.0
모록코주재한국대사신현준,10,커뮤니티 10,386,1,2.0
김현주위원,10,커뮤니티 10,386,1,2.0
상공부연료과장박규홍,10,커뮤니티 10,386,1,2.0
국방부군수국장이경원,10,커뮤니티 10,386,1,2.0
주브라질대사장창국,10,커뮤니티 10,386,1,2.0
출석위원(40인),10,커뮤니티 10,386,1,2.0
외무부통상국국제경제과장함태혁,10,커뮤니티 10,386,1,2.0
외무부방교국교민과장김진홍,10,커뮤니티 10,386,1,2.0
해병대사령부참모부장이봉출,10,커뮤니티 10,386,1,2.0
합동참모회의본부장심흥선,10,커뮤니티 10,386,1,2.0
사무처장1.,10,커뮤니티 10,386,1,1.0
정명섭위원,11,커뮤니티 11,293,1078,2146.0
위원장조시형,11,커뮤니티 11,293,1129,1986.0
위원장길재호,11,커뮤니티 11,293,1132,1930.0
위원장오치성,11,커뮤니티 11,293,1140,1914.0
김수한위원,11,커뮤니티 11,293,942,1864.0
총무처장관이석제,11,커뮤니티 11,293,612,1220.0
내무부장관박경원,11,커뮤니티 11,293,607,1206.0
유성권위원,11,커뮤니티 11,293,506,1012.0
위원장이상무,11,커뮤니티 11,293,578,947.0
박병배위원,11,커뮤니티 11,293,432,858.0
서울특별시장김현옥,11,커뮤니티 11,293,401,800.0
정운근위원,11,커뮤니티 11,293,394,786.0
강승구위원,11,커뮤니티 11,293,358,716.0
전문위원이상선,11,커뮤니티 11,293,345,688.0
김용진위원,11,커뮤니티 11,293,335,666.0
최치환위원,11,커뮤니티 11,293,298,592.0
내무부장관양찬우,11,커뮤니티 11,293,288,568.0
양찬우위원,11,커뮤니티 11,293,282,560.0
내무부장관이호,11,커뮤니티 11,293,274,548.0
내무부장관엄민영,11,커뮤니티 11,293,264,528.0
반장이상무,11,커뮤니티 11,293,307,526.0
반장오치성,11,커뮤니티 11,293,293,514.0
위원장대리김용진,11,커뮤니티 11,293,273,500.0
서울특별시장양택식,11,커뮤니티 11,293,250,500.0
서민호위원,11,커뮤니티 11,293,228,454.0
위원장대리신윤창,11,커뮤니티 11,293,263,445.0
김정렬위원,11,커뮤니티 11,293,223,444.0
류범수위원,11,커뮤니티 11,293,202,400.0
총무처장관서일교,11,커뮤니티 11,293,163,288.0
이진용위원,11,커뮤니티 11,293,140,280.0
반장고재필,11,커뮤니티 11,293,146,249.0
서울특별시장윤치영,11,커뮤니티 11,293,114,228.0
공정식위원,11,커뮤니티 11,293,110,216.0
김종환위원,11,커뮤니티 11,293,108,216.0
위원장대리윤재명,11,커뮤니티 11,293,112,213.0
내무부차관김득황,11,커뮤니티 11,293,106,212.0
오준석위원,11,커뮤니티 11,293,104,208.0
중앙선거관리위원회상임위원윤영구,11,커뮤니티 11,293,104,208.0
신윤창위원,11,커뮤니티 11,293,90,180.0
위원장대리이상희,11,커뮤니티 11,293,97,178.0
반장신윤창,11,커뮤니티 11,293,97,176.0
전문위원조병완,11,커뮤니티 11,293,88,176.0
김용호위원,11,커뮤니티 11,293,88,174.0
윤재명위원,11,커뮤니티 11,293,86,172.0
반장윤재명,11,커뮤니티 11,293,86,165.0
충청남도지사김윤환,11,커뮤니티 11,293,82,164.0
중앙정보부장김형욱,11,커뮤니티 11,293,81,162.0
정직래위원,11,커뮤니티 11,293,78,156.0
내무부차관양찬우,11,커뮤니티 11,293,69,138.0
중앙선거관리위원장사광욱,11,커뮤니티 11,293,65,130.0
해양경찰대장신영철,11,커뮤니티 11,293,62,124.0
김준연의원,11,커뮤니티 11,293,60,120.0
중앙정보부차장이병두,11,커뮤니티 11,293,58,116.0
전문위원임종기,11,커뮤니티 11,293,57,112.0
반장대리안동준,11,커뮤니티 11,293,52,100.0
경상남도지사이계순,11,커뮤니티 11,293,61,98.0
경상북도지사김덕엽,11,커뮤니티 11,293,49,98.0
부산직할시장최두열,11,커뮤니티 11,293,52,96.0
부산직할시장김대만,11,커뮤니티 11,293,47,94.0
위원장대리방일홍,11,커뮤니티 11,293,53,90.0
전라북도지사이환의,11,커뮤니티 11,293,42,84.0
반장길재호,11,커뮤니티 11,293,42,78.0
내무부차관박영수,11,커뮤니티 11,293,39,78.0
내무부장관김현옥,11,커뮤니티 11,293,36,70.0
서기관이기춘,11,커뮤니티 11,293,35,70.0
서울특별시제1부시장김정오,11,커뮤니티 11,293,35,70.0
중앙정보부장김계원,11,커뮤니티 11,293,35,70.0
반장차지철,11,커뮤니티 11,293,37,68.0
반장조시형,11,커뮤니티 11,293,36,67.0
반장대리윤재명,11,커뮤니티 11,293,33,63.0
증인정창기,11,커뮤니티 11,293,30,60.0
위원장대리박삼준,11,커뮤니티 11,293,30,60.0
위원장대리양찬우,11,커뮤니티 11,293,30,57.0
서울특별시내무국장김세준,11,커뮤니티 11,293,28,56.0
충청남도지사노명우,11,커뮤니티 11,293,27,54.0
서기관김상철,11,커뮤니티 11,293,26,52.0
총무처차관신두영,11,커뮤니티 11,293,26,52.0
전라북도부지사이인철,11,커뮤니티 11,293,26,52.0
증인신소원,11,커뮤니티 11,293,26,52.0
증인원치웅,11,커뮤니티 11,293,25,50.0
내무부치안국장박영수,11,커뮤니티 11,293,25,50.0
사무관박노주,11,커뮤니티 11,293,25,50.0
증인차인도,11,커뮤니티 11,293,25,50.0
위원장대리김상현,11,커뮤니티 11,293,24,48.0
조선공사사장김두찬,11,커뮤니티 11,293,24,48.0
중앙선거관리위원장주재황,11,커뮤니티 11,293,23,46.0
전문위원이종수,11,커뮤니티 11,293,23,45.0
총무처차관민유동,11,커뮤니티 11,293,22,44.0
반장대리박한상,11,커뮤니티 11,293,23,42.0
증인정재봉,11,커뮤니티 11,293,20,40.0
서울특별시경찰국장구자춘,11,커뮤니티 11,293,19,38.0
대구시장김수학,11,커뮤니티 11,293,19,38.0
서울특별시산업국장이종선,11,커뮤니티 11,293,18,36.0
경상북도지사양탁식,11,커뮤니티 11,293,18,36.0
충주비료주식회사관리이사변정규,11,커뮤니티 11,293,17,34.0
충청남도경찰국장차의영,11,커뮤니티 11,293,16,32.0
검찰총장신직수,11,커뮤니티 11,293,16,32.0
중앙선거관리위원회위원장사광욱,11,커뮤니티 11,293,15,30.0
조홍래위원,11,커뮤니티 11,293,15,30.0
총무처차관김옥형,11,커뮤니티 11,293,14,28.0
부이사관이기춘,11,커뮤니티 11,293,14,28.0
정해영의원(위원,11,커뮤니티 11,293,13,26.0
경주개발사무소장김학소,11,커뮤니티 11,293,13,26.0
경기도부지사강신익,11,커뮤니티 11,293,12,24.0
참고인권용식,11,커뮤니티 11,293,12,24.0
김용진의원,11,커뮤니티 11,293,12,24.0
증인고경영,11,커뮤니티 11,293,12,24.0
대한상공회의소사무국장이창수,11,커뮤니티 11,293,12,24.0
법무부장관배영호,11,커뮤니티 11,293,11,22.0
한국제련사장박두선,11,커뮤니티 11,293,11,22.0
건설위원장최두고,11,커뮤니티 11,293,11,22.0
중앙정보부부장김형욱,11,커뮤니티 11,293,10,20.0
부산지방법원장방례원,11,커뮤니티 11,293,10,20.0
서범석의원(위원,11,커뮤니티 11,293,10,20.0
박일위원,11,커뮤니티 11,293,10,20.0
채문식위원,11,커뮤니티 11,293,9,18.0
전라남도경찰국장최정환,11,커뮤니티 11,293,9,18.0
내무부치안국장채원식,11,커뮤니티 11,293,9,18.0
부산지방검찰청검사장나길조,11,커뮤니티 11,293,9,18.0
대한석탄공사부산지사장박원기,11,커뮤니티 11,293,9,18.0
반장대리김용진,11,커뮤니티 11,293,9,18.0
위원장대리李敏雨,11,커뮤니티 11,293,9,18.0
김상년위원,11,커뮤니티 11,293,9,18.0
류승원의원(위원,11,커뮤니티 11,293,9,18.0
충청남도내무국장김태경,11,커뮤니티 11,293,8,16.0
해양경찰대정보계장강일선,11,커뮤니티 11,293,8,16.0
대전시장이완종,11,커뮤니티 11,293,8,16.0
서울특별시경찰국장장동식,11,커뮤니티 11,293,8,16.0
내무부치안국장한옥신,11,커뮤니티 11,293,8,16.0
경상남도경찰국장박만종,11,커뮤니티 11,293,8,16.0
인천시장유병택,11,커뮤니티 11,293,8,16.0
내무부지방국장정해식,11,커뮤니티 11,293,7,14.0
서울특별시관광운수국장김세준,11,커뮤니티 11,293,7,14.0
경상남도부지사김효영,11,커뮤니티 11,293,7,14.0
중앙선거관리위원회사무처장김영철,11,커뮤니티 11,293,7,14.0
중앙선거관리위원회선거관리과장정경묵,11,커뮤니티 11,293,7,14.0
전라북도내무국장이인철,11,커뮤니티 11,293,7,14.0
서울특별시재무국장김윤환,11,커뮤니티 11,293,7,14.0
경기도경찰국장채원식,11,커뮤니티 11,293,7,14.0
부산직할시경찰국장이종학,11,커뮤니티 11,293,7,14.0
경찰국장최정환,11,커뮤니티 11,293,6,12.0
중앙선거관리위원회총무과장이긍호,11,커뮤니티 11,293,6,12.0
서울특별시청소제1과장장희중,11,커뮤니티 11,293,6,12.0
내무부치안국보안과경위김성태,11,커뮤니티 11,293,6,12.0
한국제련총무이사조인복,11,커뮤니티 11,293,6,12.0
서울특별시교육위원회학무국장이규현,11,커뮤니티 11,293,5,10.0
강원도지방과장이석봉,11,커뮤니티 11,293,5,10.0
강원도경찰국장최정환,11,커뮤니티 11,293,5,10.0
전라북도전주시부시장이석진,11,커뮤니티 11,293,5,10.0
치안국장최두열,11,커뮤니티 11,293,5,10.0
경상북도경찰국장서재근,11,커뮤니티 11,293,5,10.0
증인권오경,11,커뮤니티 11,293,5,10.0
전문위원류호선,11,커뮤니티 11,293,5,10.0
서울특별시인사과장임종원,11,커뮤니티 11,293,5,10.0
울산정유공장공무부장전명석,11,커뮤니티 11,293,5,10.0
서울특별시경찰국장채원식,11,커뮤니티 11,293,5,10.0
전라남도내무국장장형태,11,커뮤니티 11,293,5,10.0
충청남도내무국장최재영,11,커뮤니티 11,293,5,10.0
강원도회계과장원낙희,11,커뮤니티 11,293,5,10.0
경기도농촌진흥원장박금동,11,커뮤니티 11,293,5,10.0
경상북도내무국장최태진,11,커뮤니티 11,293,4,8.0
제주도지사권용식,11,커뮤니티 11,293,4,8.0
전주시장엄병건,11,커뮤니티 11,293,4,8.0
반장대리김상현,11,커뮤니티 11,293,4,8.0
내무부지방국재정과장남문희,11,커뮤니티 11,293,4,8.0
서울특별시재무국장송효정,11,커뮤니티 11,293,4,8.0
경찰국장이규이,11,커뮤니티 11,293,4,8.0
경상남도경찰국장하삼식,11,커뮤니티 11,293,4,8.0
경기도내무국장백태신,11,커뮤니티 11,293,4,8.0
정무식위원,11,커뮤니티 11,293,4,8.0
울산정유공장공장장Mr.C.C.Booth,11,커뮤니티 11,293,4,8.0
경상남도경찰국장정석모,11,커뮤니티 11,293,4,8.0
내무부기획관리실장이환의,11,커뮤니티 11,293,4,8.0
충청북도경찰국장안갑준,11,커뮤니티 11,293,4,8.0
중앙선거관리위원회위원장주재황,11,커뮤니티 11,293,4,8.0
위원장대리이진용,11,커뮤니티 11,293,4,8.0
사무관김호영,11,커뮤니티 11,293,4,8.0
내무부치안국경비과해경계장주사원,11,커뮤니티 11,293,4,8.0
서울특별시내무국장김윤환,11,커뮤니티 11,293,4,8.0
충청남도보사국장유병택,11,커뮤니티 11,293,4,8.0
충청남도대전시장이남호,11,커뮤니티 11,293,4,8.0
서울특별시경찰국장최두열,11,커뮤니티 11,293,4,8.0
연사이병린,11,커뮤니티 11,293,3,6.0
반장대리차형근,11,커뮤니티 11,293,3,6.0
서울특별시재무국장최익명,11,커뮤니티 11,293,3,6.0
총무처인사국장김상철,11,커뮤니티 11,293,3,6.0
사무관최동필,11,커뮤니티 11,293,3,6.0
조흥은행장문종건,11,커뮤니티 11,293,3,6.0
한국산업은행부총재민영훈,11,커뮤니티 11,293,3,6.0
위원장대리신동관,11,커뮤니티 11,293,3,6.0
경상북도경찰국장이종학,11,커뮤니티 11,293,3,6.0
충청남도내무국장정승희,11,커뮤니티 11,293,3,6.0
이택희위원,11,커뮤니티 11,293,3,6.0
상공부광공전차관보이우용,11,커뮤니티 11,293,3,6.0
해양경찰대부대장고윤석,11,커뮤니티 11,293,3,6.0
국무총리백두진,11,커뮤니티 11,293,3,6.0
기획관리실장권경복,11,커뮤니티 11,293,3,6.0
안동준의원(위원,11,커뮤니티 11,293,2,4.0
행정서기관박노주,11,커뮤니티 11,293,2,4.0
서울특별시시경국장최두열,11,커뮤니티 11,293,2,4.0
전라북도경찰국장장동식,11,커뮤니티 11,293,2,4.0
강원도춘천시장신철균,11,커뮤니티 11,293,2,4.0
강원도내무국장박종성,11,커뮤니티 11,293,2,4.0
충청남도산업국장이준규,11,커뮤니티 11,293,2,4.0
강원도경찰국장최정주,11,커뮤니티 11,293,2,4.0
감사위원,11,커뮤니티 11,293,2,4.0
대한산림조합연합회경기도지부장송인호,11,커뮤니티 11,293,2,4.0
경상남도부지사강수성,11,커뮤니티 11,293,2,4.0
경기도경찰국장최정환,11,커뮤니티 11,293,2,4.0
장성광업소소장예.,11,커뮤니티 11,293,2,4.0
경상북도교육위원회학무국장김주만,11,커뮤니티 11,293,2,4.0
한상진위원,11,커뮤니티 11,293,2,4.0
참고인박동운,11,커뮤니티 11,293,2,4.0
중앙정보부차장김치열,11,커뮤니티 11,293,2,4.0
내무부기획관리실장김덕엽,11,커뮤니티 11,293,2,4.0
증인강태훈,11,커뮤니티 11,293,2,4.0
내무부지방국기획감사과장김수학,11,커뮤니티 11,293,2,4.0
총무처인사국장김재후,11,커뮤니티 11,293,2,4.0
내무부기획관리실장김보현,11,커뮤니티 11,293,2,4.0
경상남도보건사회국장최재영,11,커뮤니티 11,293,2,4.0
김규한위원,11,커뮤니티 11,293,2,2.0
총무처기획관리실장동홍욱,11,커뮤니티 11,293,2,2.0
한국전력주식회사인사담당이사윤덕병,11,커뮤니티 11,293,1,2.0
한양화학사장이철승,11,커뮤니티 11,293,1,2.0
경상북도농림국장이종희,11,커뮤니티 11,293,1,2.0
경상북도건설국장이병군,11,커뮤니티 11,293,1,2.0
서울특별시보건사회국장김한상,11,커뮤니티 11,293,1,2.0
서울특별시청소국장이희춘,11,커뮤니티 11,293,1,2.0
김재순의원(위원,11,커뮤니티 11,293,1,2.0
경상북도부지사김해두,11,커뮤니티 11,293,1,2.0
김교한위원,11,커뮤니티 11,293,1,2.0
김종환의원,11,커뮤니티 11,293,1,2.0
부총리겸경제기획원장관장기영,11,커뮤니티 11,293,1,2.0
참고인현규병,11,커뮤니티 11,293,1,2.0
참고인김기두,11,커뮤니티 11,293,1,2.0
한국수자원개발공사공무담당이사김여택,11,커뮤니티 11,293,1,2.0
한국수자원개발공사기획관리부장김종학,11,커뮤니티 11,293,1,2.0
전문위원박경도,11,커뮤니티 11,293,1,2.0
총무처기획관리관노헌호,11,커뮤니티 11,293,1,2.0
서기관조성창,11,커뮤니티 11,293,1,2.0
내무부치안국기획심사과장이규섭,11,커뮤니티 11,293,1,2.0
사무관윤영호,11,커뮤니티 11,293,1,2.0
서울특별시보건사회국장박용희,11,커뮤니티 11,293,1,2.0
서울특별시주택관리관장지을,11,커뮤니티 11,293,1,2.0
서울특별시도시계획국장윤진우,11,커뮤니티 11,293,1,2.0
반장대리김수한,11,커뮤니티 11,293,1,2.0
서울특별시도시계획국장이헌향,11,커뮤니티 11,293,1,2.0
충청남도부지사이영복,11,커뮤니티 11,293,1,2.0
부산직할시부시장이기수,11,커뮤니티 11,293,1,2.0
강원도기획감사실장엄대현,11,커뮤니티 11,293,1,2.0
한국생산성본부이사장이은복,11,커뮤니티 11,293,1,2.0
내무부치안국수사지도과장정상천,11,커뮤니티 11,293,1,2.0
서울특별시내무국감사과장손승모,11,커뮤니티 11,293,1,2.0
내무부총무과장서정화,11,커뮤니티 11,293,1,2.0
내무부지방국행정과장허연,11,커뮤니티 11,293,1,2.0
중앙정보부제2국아아과장김유갑,11,커뮤니티 11,293,1,2.0
전라남도건설국장이관용,11,커뮤니티 11,293,1,2.0
경상남도산업국장홍승순,11,커뮤니티 11,293,1,2.0
총무처중앙교육원장정세웅,11,커뮤니티 11,293,1,2.0
총무처행정개혁조사위원회부위원장배덕진,11,커뮤니티 11,293,1,2.0
전라북도경찰국장신용관,11,커뮤니티 11,293,1,2.0
김용호워원,11,커뮤니티 11,293,1,2.0
해양경찰대장신용관,11,커뮤니티 11,293,1,2.0
부산직할시경찰국장정석모,11,커뮤니티 11,293,1,2.0
경상남도경찰국장최석원,11,커뮤니티 11,293,1,2.0
경상남도내무국장조병규,11,커뮤니티 11,293,1,2.0
내무부행정과장김학수,11,커뮤니티 11,293,1,2.0
내무부재정과장남문희,11,커뮤니티 11,293,1,2.0
서울특별시경찰국장채문식,11,커뮤니티 11,293,1,2.0
반장대리이진용,11,커뮤니티 11,293,1,2.0
서울특별시제1부시장남봉진,11,커뮤니티 11,293,1,2.0
내무부지방국행정과장김수학,11,커뮤니티 11,293,1,2.0
중앙정보부튜김형욱,11,커뮤니티 11,293,1,2.0
참고인김점곤,11,커뮤니티 11,293,1,2.0
참고인박세경,11,커뮤니티 11,293,1,2.0
金貞烈위원,11,커뮤니티 11,293,1,2.0
서울특별시심사분석담당관김화섭,11,커뮤니티 11,293,1,2.0
내무부기획관리실장김진형,11,커뮤니티 11,293,1,2.0
사무관이동철,11,커뮤니티 11,293,1,2.0
내무위원장오치성(계속),11,커뮤니티 11,293,1,2.0
조선공사관리이사박일서,11,커뮤니티 11,293,1,2.0
조선공사전무김규성,11,커뮤니티 11,293,1,2.0
부산발전소소장오상호,11,커뮤니티 11,293,1,2.0
충주비료주식회사기술부장현재,11,커뮤니티 11,293,1,2.0
해양경찰대대장신용관,11,커뮤니티 11,293,1,2.0
한국제련공장장노임에,11,커뮤니티 11,293,1,2.0
한국제련기획실박용남,11,커뮤니티 11,293,1,2.0
한국제련관리과장정선배,11,커뮤니티 11,293,1,2.0
반장대리방일홍,11,커뮤니티 11,293,1,2.0
중앙선거관리위원회사무차장김영철,11,커뮤니티 11,293,1,2.0
서울특별시산업국장장지을,11,커뮤니티 11,293,1,2.0
서울특별시보건사회국장김원하,11,커뮤니티 11,293,1,2.0
중앙선거관리위원회사무국장김영철,11,커뮤니티 11,293,1,2.0
위원장정헌조,12,커뮤니티 12,237,2086,3607.0
조창대위원,12,커뮤니티 12,237,1471,2942.0
신관우위원,12,커뮤니티 12,237,1403,2801.0
김성철위원,12,커뮤니티 12,237,1182,2362.0
신형식위원,12,커뮤니티 12,237,1068,2132.0
길전식위원,12,커뮤니티 12,237,964,1926.0
보건사회부장관오원선,12,커뮤니티 12,237,944,1888.0
위원장이우헌,12,커뮤니티 12,237,1132,1834.0
위원장김성철,12,커뮤니티 12,237,980,1632.0
위원장대리신관우,12,커뮤니티 12,237,869,1549.0
전문위원오정근,12,커뮤니티 12,237,677,1354.0
전문위원조영선,12,커뮤니티 12,237,623,1236.0
보건사회부장관정희섭,12,커뮤니티 12,237,455,910.0
보건사회부차관손정선,12,커뮤니티 12,237,447,894.0
박영록위원,12,커뮤니티 12,237,396,790.0
위원장한상준,12,커뮤니티 12,237,464,742.0
원호처장박기석,12,커뮤니티 12,237,361,720.0
홍익표위원,12,커뮤니티 12,237,347,690.0
보건사회부차관강봉수,12,커뮤니티 12,237,341,682.0
보건사회부보건국장차윤근,12,커뮤니티 12,237,329,658.0
이영준위원,12,커뮤니티 12,237,297,594.0
윤인식위원,12,커뮤니티 12,237,280,550.0
노동청장이찬우,12,커뮤니티 12,237,262,524.0
김성진위원,12,커뮤니티 12,237,243,484.0
반장한상준,12,커뮤니티 12,237,279,483.0
노동청장이승택,12,커뮤니티 12,237,235,464.0
이윤용위원,12,커뮤니티 12,237,237,446.0
박병선위원,12,커뮤니티 12,237,220,430.0
오원선위원,12,커뮤니티 12,237,217,430.0
정헌조위원,12,커뮤니티 12,237,209,418.0
보건사회부장관김태동,12,커뮤니티 12,237,204,408.0
민병기위원,12,커뮤니티 12,237,203,402.0
신동욱위원,12,커뮤니티 12,237,201,400.0
김재소위원,12,커뮤니티 12,237,199,388.0
보건사회부장관박주병,12,커뮤니티 12,237,163,326.0
전진한위원,12,커뮤니티 12,237,161,322.0
박기출위원,12,커뮤니티 12,237,151,302.0
보건사회부의정국장박양원,12,커뮤니티 12,237,148,296.0
원호처장김병삼,12,커뮤니티 12,237,148,296.0
위원장대리홍익표,12,커뮤니티 12,237,157,283.0
조한백위원,12,커뮤니티 12,237,122,240.0
보건사회부사회국장김원규,12,커뮤니티 12,237,85,170.0
위원장대리박영록,12,커뮤니티 12,237,89,167.0
강원도지사엄병길,12,커뮤니티 12,237,80,160.0
사무관주문옥,12,커뮤니티 12,237,77,154.0
보건사회부차관김도창,12,커뮤니티 12,237,75,150.0
부이사관장욱상,12,커뮤니티 12,237,77,139.0
보건사회부보건국장윤석우,12,커뮤니티 12,237,67,134.0
보건사회부약정국장전병수,12,커뮤니티 12,237,63,126.0
노동청차장김문영,12,커뮤니티 12,237,58,116.0
반장김성철,12,커뮤니티 12,237,65,110.0
위원장대리오원선,12,커뮤니티 12,237,62,107.0
보건사회부약정국장허용,12,커뮤니티 12,237,53,106.0
보건사회부차관홍종관,12,커뮤니티 12,237,53,106.0
전라남도지사김보현,12,커뮤니티 12,237,48,96.0
강원도지사박경원,12,커뮤니티 12,237,46,92.0
보건사회부부녀아동국장김정호,12,커뮤니티 12,237,45,90.0
국립보건원장김수명,12,커뮤니티 12,237,42,84.0
경기도지사남봉진,12,커뮤니티 12,237,42,84.0
원호처장윤영모,12,커뮤니티 12,237,41,82.0
서기관이강려,12,커뮤니티 12,237,40,80.0
서기관주문옥,12,커뮤니티 12,237,44,79.0
국립보건원장윤유선,12,커뮤니티 12,237,39,78.0
원호처기획관리관류완식,12,커뮤니티 12,237,38,76.0
위원장대리신동욱,12,커뮤니티 12,237,37,74.0
보건사회부약정국약무과장허용,12,커뮤니티 12,237,33,66.0
국립보건연구원장허용,12,커뮤니티 12,237,33,66.0
서울특별시제2부시장차일석,12,커뮤니티 12,237,35,64.0
전진한의원,12,커뮤니티 12,237,32,64.0
서울특별시종로보건소장안수벽,12,커뮤니티 12,237,32,64.0
보건사회부법무관류준식,12,커뮤니티 12,237,31,62.0
원호처차장이도헌,12,커뮤니티 12,237,31,62.0
국립의료원장윤유선,12,커뮤니티 12,237,30,60.0
경제기획원차관김학열,12,커뮤니티 12,237,30,60.0
국립의료원장차윤근,12,커뮤니티 12,237,27,54.0
대전산업재해보상보험사무소장박종열,12,커뮤니티 12,237,25,50.0
부산직할시장김덕엽,12,커뮤니티 12,237,25,50.0
보건사회부기획관리실장오표,12,커뮤니티 12,237,23,46.0
조창대의원,12,커뮤니티 12,237,22,44.0
보건사회부법무관유준식,12,커뮤니티 12,237,21,42.0
반장홍익표,12,커뮤니티 12,237,24,40.0
신형식의원,12,커뮤니티 12,237,20,40.0
국립중앙의료원장유기원,12,커뮤니티 12,237,20,40.0
서울특별시보건사회국장배성환,12,커뮤니티 12,237,20,40.0
행정실장장욱상,12,커뮤니티 12,237,17,32.0
보건사회부보건국모자보건과장김택일,12,커뮤니티 12,237,16,32.0
중부보건소장조희증,12,커뮤니티 12,237,16,32.0
서울특별시립중부병원장조한영,12,커뮤니티 12,237,16,32.0
이상무의원,12,커뮤니티 12,237,16,32.0
국립보건연구원장홍문화,12,커뮤니티 12,237,16,30.0
원호처법무관원명순,12,커뮤니티 12,237,14,28.0
신동식위원,12,커뮤니티 12,237,14,28.0
서울특별시보건사회국장김윤환,12,커뮤니티 12,237,13,26.0
부산지방원호청장허길,12,커뮤니티 12,237,13,26.0
보건사회부의정국장박중근,12,커뮤니티 12,237,12,24.0
위원장대리이윤용,12,커뮤니티 12,237,12,24.0
국립정신병원장진성기,12,커뮤니티 12,237,12,24.0
반장대리신동욱,12,커뮤니티 12,237,12,24.0
이매리위원,12,커뮤니티 12,237,12,24.0
조창대의원(위원,12,커뮤니티 12,237,12,24.0
원호처회계국대부과장이문범,12,커뮤니티 12,237,12,24.0
참고인김상곤,12,커뮤니티 12,237,12,24.0
경상북도산재사무소장천재녕,12,커뮤니티 12,237,11,22.0
전라북도보건사회국장임성재,12,커뮤니티 12,237,10,20.0
경기도직업재활원장최창룡,12,커뮤니티 12,237,10,20.0
보건사회부보건국만성병과장오중근,12,커뮤니티 12,237,10,20.0
국립의료원사무국장오영욱,12,커뮤니티 12,237,10,20.0
보건사회부방역과장한상태,12,커뮤니티 12,237,10,20.0
청원자김종구,12,커뮤니티 12,237,10,20.0
노동청차장김원규,12,커뮤니티 12,237,9,18.0
노동청서독주재노무관이효석,12,커뮤니티 12,237,9,18.0
중앙직업훈련원장서성태,12,커뮤니티 12,237,9,18.0
반장대리박영록,12,커뮤니티 12,237,9,18.0
광주지방원호청장민성채,12,커뮤니티 12,237,9,18.0
국립원호병원원장박영식,12,커뮤니티 12,237,9,18.0
박병선의원(위원,12,커뮤니티 12,237,8,16.0
김호칠의원(위원,12,커뮤니티 12,237,8,16.0
충주비료주식회사사장김용배,12,커뮤니티 12,237,8,16.0
서울산재보험사무소장이상윤,12,커뮤니티 12,237,7,14.0
서울특별시립중부병원서무과장정찬화,12,커뮤니티 12,237,7,14.0
광주지방원호청장김경원,12,커뮤니티 12,237,7,14.0
보건사회부의정국지방의정과장이성희,12,커뮤니티 12,237,7,14.0
반장대리이윤용,12,커뮤니티 12,237,7,14.0
사무관박상준,12,커뮤니티 12,237,9,13.0
보건원장윤유선,12,커뮤니티 12,237,6,12.0
윤인식의원,12,커뮤니티 12,237,6,12.0
소위원장오원선,12,커뮤니티 12,237,6,12.0
광주지방원호청장최창용,12,커뮤니티 12,237,6,12.0
보건사회부보건위생과장서정현,12,커뮤니티 12,237,6,12.0
원호처회계국장이주열,12,커뮤니티 12,237,6,12.0
반장대리오원선,12,커뮤니티 12,237,6,11.0
충청남도부지사하형모,12,커뮤니티 12,237,6,10.0
서울특별시보건사회국장송효정,12,커뮤니티 12,237,5,10.0
보건사회부약정국장대리허용,12,커뮤니티 12,237,5,10.0
중소기업협동조합중앙회회장김봉재,12,커뮤니티 12,237,5,10.0
포항종합제철주식회사이사고준식,12,커뮤니티 12,237,5,10.0
보건사회부의정국만성병과장오중근,12,커뮤니티 12,237,5,10.0
보건사회부보건국위생과장서정현,12,커뮤니티 12,237,5,10.0
소선규의원(위원,12,커뮤니티 12,237,5,10.0
상공부특허국장대리김경식,12,커뮤니티 12,237,4,8.0
정헌조의원,12,커뮤니티 12,237,4,8.0
중앙의료원장윤유선,12,커뮤니티 12,237,4,8.0
보건사회부약정국장직무대리허용,12,커뮤니티 12,237,4,8.0
보건사회부기획관리실장손정선,12,커뮤니티 12,237,4,8.0
위원장대리강승구,12,커뮤니티 12,237,3,6.0
대전지방원호청장김정준,12,커뮤니티 12,237,3,6.0
국립소년직업훈련소장김대곤,12,커뮤니티 12,237,3,6.0
국립중앙의료원원장유기원,12,커뮤니티 12,237,3,6.0
국립중앙의료원사무국장오영욱,12,커뮤니티 12,237,3,6.0
내무위원장대리김용순,12,커뮤니티 12,237,3,6.0
대전의료원장민병구,12,커뮤니티 12,237,3,6.0
보건사회부마약과장박경옥,12,커뮤니티 12,237,3,6.0
김성진의원,12,커뮤니티 12,237,3,6.0
서울특별시청소국장박성식,12,커뮤니티 12,237,3,6.0
전라남도보건사회국사회과장임계환,12,커뮤니티 12,237,3,6.0
전라남도보건사회국장최정학,12,커뮤니티 12,237,3,6.0
박삼준의원(위원,12,커뮤니티 12,237,3,6.0
김종환의원(위원,12,커뮤니티 12,237,3,6.0
김성철의원,12,커뮤니티 12,237,3,6.0
보건사회부기획관리실장김원규,12,커뮤니티 12,237,2,4.0
청원자박도원,12,커뮤니티 12,237,2,4.0
소위원장정헌조,12,커뮤니티 12,237,2,4.0
박규상의원(위원,12,커뮤니티 12,237,2,4.0
원호처원호국장원종혁,12,커뮤니티 12,237,2,4.0
신형식의원(위원,12,커뮤니티 12,237,2,4.0
원호처회계국보험관리계장김성관,12,커뮤니티 12,237,2,4.0
전라남도보건사회국장이복량,12,커뮤니티 12,237,2,4.0
소위원장대리신동욱,12,커뮤니티 12,237,2,4.0
해외개발공사사장함병선,12,커뮤니티 12,237,2,4.0
국립의료원간호과장유순한,12,커뮤니티 12,237,2,4.0
보건사회부기획관리실장허성준,12,커뮤니티 12,237,2,4.0
김장섭의원(위원,12,커뮤니티 12,237,2,4.0
신동욱의원,12,커뮤니티 12,237,2,4.0
군사원호처장윤영모,12,커뮤니티 12,237,2,4.0
국립의료원의료과장안병훈,12,커뮤니티 12,237,1,2.0
상공부표준국장김정길,12,커뮤니티 12,237,1,2.0
충청남도보건사회국장김용구,12,커뮤니티 12,237,1,2.0
노동청차장허성준,12,커뮤니티 12,237,1,2.0
기획관리실장김원규,12,커뮤니티 12,237,1,2.0
경기도부지사서정학,12,커뮤니티 12,237,1,2.0
경기도보건사회국장홍순항,12,커뮤니티 12,237,1,2.0
군사원호처차장이도헌,12,커뮤니티 12,237,1,2.0
申東旭委員,12,커뮤니티 12,237,1,2.0
장성광업소소장주로,12,커뮤니티 12,237,1,2.0
장성광업소소장현재로서는,12,커뮤니티 12,237,1,2.0
청원자박수만,12,커뮤니티 12,237,1,2.0
청원자김주성,12,커뮤니티 12,237,1,2.0
사무관김병일,12,커뮤니티 12,237,1,2.0
기획관리관고재봉,12,커뮤니티 12,237,1,2.0
김삼상의원,12,커뮤니티 12,237,1,2.0
행정서기관이강려,12,커뮤니티 12,237,1,2.0
보건사회부보건원장김명수,12,커뮤니티 12,237,1,2.0
오정근(전전문위원)제일,12,커뮤니티 12,237,1,2.0
오정근(전전문위원)완전실업자와,12,커뮤니티 12,237,1,2.0
"오정근(전전문위원)네,",12,커뮤니티 12,237,1,2.0
오정근(전전문위원)성질상으로,12,커뮤니티 12,237,1,2.0
소위원장대리박영록,12,커뮤니티 12,237,1,2.0
원조처장윤영모,12,커뮤니티 12,237,1,2.0
노동청기획관리관노택진,12,커뮤니티 12,237,1,2.0
노동청직업안정국장심강섭,12,커뮤니티 12,237,1,2.0
소위원장조창대,12,커뮤니티 12,237,1,2.0
청원인채대식,12,커뮤니티 12,237,1,2.0
전문위원오정식,12,커뮤니티 12,237,1,2.0
강원도산업국장박종성,12,커뮤니티 12,237,1,2.0
노동청부이사관심강섭,12,커뮤니티 12,237,1,2.0
한태연의원(위원,12,커뮤니티 12,237,1,2.0
청원인조용연,12,커뮤니티 12,237,1,2.0
노동부차장우기도,12,커뮤니티 12,237,1,2.0
청원자권오달,12,커뮤니티 12,237,1,2.0
전문위원주문옥,12,커뮤니티 12,237,1,2.0
청원자정원희,12,커뮤니티 12,237,1,2.0
사회보장심의위원회연구위원최천송,12,커뮤니티 12,237,1,2.0
위원장오정근,12,커뮤니티 12,237,1,2.0
원호처회계국급여과장박해인,12,커뮤니티 12,237,1,2.0
청원자김판석,12,커뮤니티 12,237,1,2.0
강원도보건사회국장김승규,12,커뮤니티 12,237,1,2.0
부산직할시보건사회국장최병순,12,커뮤니티 12,237,1,2.0
충청남도의정국장최종필,12,커뮤니티 12,237,1,2.0
한국광업제련공사총무담당이사조인복,12,커뮤니티 12,237,1,2.0
김현철위원,12,커뮤니티 12,237,1,2.0
전라남도광주시장노인환,12,커뮤니티 12,237,1,2.0
전라남도보건사회국장이복양,12,커뮤니티 12,237,1,2.0
노동청직업안정국장서리심강섭,12,커뮤니티 12,237,1,2.0
김익준의원(위원,12,커뮤니티 12,237,1,2.0
청원인봉원순,12,커뮤니티 12,237,1,2.0
사무국장오응서,12,커뮤니티 12,237,1,2.0
농검춘천지소장염칠환,12,커뮤니티 12,237,1,2.0
산련강원도지부장서희봉,12,커뮤니티 12,237,1,2.0
노동청기획관리관이효석,12,커뮤니티 12,237,1,2.0
전라남도부지사김덕엽,12,커뮤니티 12,237,1,2.0
충청남도노동위원회사무국장정철모,12,커뮤니티 12,237,1,2.0
박현숙의원,12,커뮤니티 12,237,1,2.0
서울특별시공보실장최칠호,12,커뮤니티 12,237,1,2.0
위원장김성화,12,커뮤니티 12,237,1,2.0
불량유독의약식품조사위원장정헌조,12,커뮤니티 12,237,1,2.0
민관식위원(위원,12,커뮤니티 12,237,1,2.0
반장정헌조,12,커뮤니티 12,237,1,1.0
출석정부위원,13,커뮤니티 13,156,2622,4798.0
출석국무위원,13,커뮤니티 13,156,2464,4798.0
출석위원,13,커뮤니티 13,156,2559,4560.0
기타참석자,13,커뮤니티 13,156,2239,3031.0
의안,13,커뮤니티 13,156,1633,2449.0
위원아닌,13,커뮤니티 13,156,1297,2386.0
위원,13,커뮤니티 13,156,628,1105.0
청원,13,커뮤니티 13,156,672,835.0
국무총리및,13,커뮤니티 13,156,315,620.0
청원제출,13,커뮤니티 13,156,293,577.0
출석위원(12인),13,커뮤니티 13,156,219,408.0
출석위원(8인),13,커뮤니티 13,156,203,392.0
통보,13,커뮤니티 13,156,278,376.0
출석위원(7인),13,커뮤니티 13,156,184,360.0
보고서,13,커뮤니티 13,156,219,310.0
출석위원(9인),13,커뮤니티 13,156,152,292.0
배석인원,13,커뮤니티 13,156,146,274.0
출석위원(11인),13,커뮤니티 13,156,142,268.0
출석위원(10인),13,커뮤니티 13,156,125,242.0
사회자,13,커뮤니티 13,156,213,214.0
출석위원(6인),13,커뮤니티 13,156,95,182.0
통고,13,커뮤니티 13,156,130,176.0
질문서와답변서,13,커뮤니티 13,156,90,158.0
출석위원(17인),13,커뮤니티 13,156,77,153.0
청가,13,커뮤니티 13,156,77,151.0
증인,13,커뮤니티 13,156,112,145.0
출석위원(18인),13,커뮤니티 13,156,71,141.0
출석위원(16인),13,커뮤니티 13,156,68,136.0
출석위원(14인),13,커뮤니티 13,156,69,135.0
출석위원(15인),13,커뮤니티 13,156,67,134.0
교섭단체,13,커뮤니티 13,156,66,131.0
청원심사,13,커뮤니티 13,156,82,130.0
출석위원(13인),13,커뮤니티 13,156,53,106.0
법률공포,13,커뮤니티 13,156,87,95.0
의원,13,커뮤니티 13,156,47,94.0
참고인,13,커뮤니티 13,156,58,72.0
출석위원(5인),13,커뮤니티 13,156,40,70.0
출석위원(21인),13,커뮤니티 13,156,34,68.0
출석위원(23인),13,커뮤니티 13,156,34,68.0
출석위원(22인),13,커뮤니티 13,156,29,58.0
출석위원(20인),13,커뮤니티 13,156,28,56.0
의석,13,커뮤니티 13,156,28,52.0
출석위원(19인),13,커뮤니티 13,156,24,48.0
출석위원(36인),13,커뮤니티 13,156,23,46.0
출장,13,커뮤니티 13,156,22,43.0
출석위원(24인),13,커뮤니티 13,156,21,42.0
출석요구,13,커뮤니티 13,156,19,37.0
서한,13,커뮤니티 13,156,26,33.0
출석국무총리,13,커뮤니티 13,156,16,31.0
출석의원(22인),13,커뮤니티 13,156,14,22.0
통지,13,커뮤니티 13,156,14,21.0
출석위원(33인),13,커뮤니티 13,156,8,16.0
위원변경,13,커뮤니티 13,156,9,14.0
청원철회,13,커뮤니티 13,156,8,13.0
출석위원(26인),13,커뮤니티 13,156,7,13.0
청원자,13,커뮤니티 13,156,8,11.0
청원인,13,커뮤니티 13,156,7,11.0
회부된청원,13,커뮤니티 13,156,9,10.0
출석정무위원,13,커뮤니티 13,156,5,10.0
기타출석자,13,커뮤니티 13,156,7,9.0
출석의원(21인),13,커뮤니티 13,156,5,9.0
출석위원(30인),13,커뮤니티 13,156,4,8.0
출석위원(32인),13,커뮤니티 13,156,4,8.0
출석의원(20인),13,커뮤니티 13,156,4,8.0
출석의원(23인),13,커뮤니티 13,156,5,6.0
출석위원(28인),13,커뮤니티 13,156,3,6.0
출석위원(35인),13,커뮤니티 13,156,3,6.0
출석의원(24인),13,커뮤니티 13,156,3,6.0
참석자,13,커뮤니티 13,156,5,5.0
회부된의안,13,커뮤니티 13,156,4,5.0
청원이송,13,커뮤니티 13,156,3,4.0
출석의원(16인),13,커뮤니티 13,156,3,4.0
출석위원(27인),13,커뮤니티 13,156,2,4.0
의원자격상실,13,커뮤니티 13,156,2,4.0
질문서,13,커뮤니티 13,156,2,4.0
상임위원변경,13,커뮤니티 13,156,2,4.0
출석위원(25인),13,커뮤니티 13,156,2,4.0
위원회의보고서,13,커뮤니티 13,156,2,4.0
출석의원(25인),13,커뮤니티 13,156,2,4.0
질의서,13,커뮤니티 13,156,3,3.0
고문및,13,커뮤니티 13,156,2,3.0
출석의원(17인),13,커뮤니티 13,156,2,3.0
참고문서,13,커뮤니티 13,156,2,3.0
연사,13,커뮤니티 13,156,2,2.0
정부위원임면,13,커뮤니티 13,156,2,2.0
보고,13,커뮤니티 13,156,2,2.0
인사,13,커뮤니티 13,156,2,2.0
의원아닌,13,커뮤니티 13,156,1,2.0
위원장및,13,커뮤니티 13,156,1,2.0
출석위원(37인),13,커뮤니티 13,156,1,2.0
교섭단체대표의원,13,커뮤니티 13,156,1,2.0
원고조시환,13,커뮤니티 13,156,1,2.0
원고김의택,13,커뮤니티 13,156,1,2.0
원고양일동,13,커뮤니티 13,156,1,2.0
원고조일환,13,커뮤니티 13,156,1,2.0
원고심봉섭,13,커뮤니티 13,156,1,2.0
원고김기섭,13,커뮤니티 13,156,1,2.0
원고김선태,13,커뮤니티 13,156,1,2.0
박위원장상공부에서,13,커뮤니티 13,156,1,2.0
"전택보3,4개월",13,커뮤니티 13,156,1,2.0
상공부장관전택보씨,13,커뮤니티 13,156,1,2.0
전택보이,13,커뮤니티 13,156,1,2.0
건설부장관원료,13,커뮤니티 13,156,1,2.0
원고유기준,13,커뮤니티 13,156,1,2.0
의석변경,13,커뮤니티 13,156,1,2.0
원고신중하,13,커뮤니티 13,156,1,2.0
원고최풍,13,커뮤니티 13,156,1,2.0
원고임종기,13,커뮤니티 13,156,1,2.0
원고권중돈,13,커뮤니티 13,156,1,2.0
원고이기한,13,커뮤니티 13,156,1,2.0
원고유옥우,13,커뮤니티 13,156,1,2.0
원고윤제술,13,커뮤니티 13,156,1,2.0
원고유청,13,커뮤니티 13,156,1,2.0
출석인원,13,커뮤니티 13,156,1,2.0
질문요지서,13,커뮤니티 13,156,1,2.0
위원안닌,13,커뮤니티 13,156,1,2.0
위원장직무대리지정,13,커뮤니티 13,156,1,2.0
출석국무,13,커뮤니티 13,156,1,2.0
박의장정,13,커뮤니티 13,156,1,2.0
교섭단체별상임위원,13,커뮤니티 13,156,1,2.0
출석위원(7인,13,커뮤니티 13,156,1,2.0
위원이아닌,13,커뮤니티 13,156,1,2.0
위원아닌출석의원,13,커뮤니티 13,156,1,2.0
의안이송,13,커뮤니티 13,156,1,2.0
내각,13,커뮤니티 13,156,1,2.0
출석아닌,13,커뮤니티 13,156,1,2.0
기타참석자(한일회담한국측대표,13,커뮤니티 13,156,1,2.0
2월,13,커뮤니티 13,156,1,2.0
의장직무대리지정,13,커뮤니티 13,156,1,2.0
위원아니,13,커뮤니티 13,156,1,2.0
위원출장,13,커뮤니티 13,156,1,2.0
선거소송,13,커뮤니티 13,156,1,2.0
국무총리및출석,13,커뮤니티 13,156,1,2.0
교섭단체명변경,13,커뮤니티 13,156,1,2.0
정정,13,커뮤니티 13,156,1,1.0
접수된서한,13,커뮤니티 13,156,1,1.0
출석증인,13,커뮤니티 13,156,1,1.0
질의서와답변서,13,커뮤니티 13,156,1,1.0
의견통보의뢰,13,커뮤니티 13,156,1,1.0
전택보(설명),13,커뮤니티 13,156,1,1.0
원고김종호,13,커뮤니티 13,156,1,1.0
출석자,13,커뮤니티 13,156,1,1.0
정대사백문이,13,커뮤니티 13,156,1,1.0
박의장24회,13,커뮤니티 13,156,1,1.0
임원,13,커뮤니티 13,156,1,1.0
위원선임,13,커뮤니티 13,156,1,1.0
청원처리결과보고,13,커뮤니티 13,156,1,1.0
직속기관장,13,커뮤니티 13,156,1,1.0
청안,13,커뮤니티 13,156,1,1.0
회부한의안,13,커뮤니티 13,156,1,1.0
법령공포,13,커뮤니티 13,156,1,1.0
각산업별,13,커뮤니티 13,156,1,1.0
보고사항,13,커뮤니티 13,156,1,1.0
특별위원변경,13,커뮤니티 13,156,1,1.0
출석의원(27인),13,커뮤니티 13,156,1,1.0
건의안,13,커뮤니티 13,156,1,1.0
위원장김종철,14,커뮤니티 14,39,129,236.0
한병채위원,14,커뮤니티 14,39,51,102.0
위원장고재필,14,커뮤니티 14,39,53,98.0
과학기술처장관최형섭,14,커뮤니티 14,39,49,98.0
유옥우위원,14,커뮤니티 14,39,49,98.0
강병규위원,14,커뮤니티 14,39,47,94.0
김정두위원,14,커뮤니티 14,39,25,50.0
국립지질조사소장이정환,14,커뮤니티 14,39,21,42.0
황은환위원,14,커뮤니티 14,39,19,38.0
이택돈위원,14,커뮤니티 14,39,19,38.0
원자력청장윤동석,14,커뮤니티 14,39,17,34.0
정헌주위원,14,커뮤니티 14,39,16,32.0
경제과학심의회의사무국장우윤희,14,커뮤니티 14,39,16,32.0
김제원위원,14,커뮤니티 14,39,16,32.0
검찰총장이봉성,14,커뮤니티 14,39,15,28.0
이윤학위원,14,커뮤니티 14,39,10,20.0
상임위원박희범,14,커뮤니티 14,39,8,16.0
김숙현위원,14,커뮤니티 14,39,7,14.0
감사원장이석제,14,커뮤니티 14,39,7,14.0
김상영위원,14,커뮤니티 14,39,7,14.0
과학기술처차관이창석,14,커뮤니티 14,39,7,14.0
중앙전자계산소장송길영,14,커뮤니티 14,39,5,10.0
서울특별시경찰국장이건개,14,커뮤니티 14,39,4,8.0
최병길위원,14,커뮤니티 14,39,3,6.0
상임위원고승제,14,커뮤니티 14,39,3,6.0
신광순위원,14,커뮤니티 14,39,3,6.0
전자공학연구실장박인용,14,커뮤니티 14,39,3,6.0
내각기획조정실장최주철,14,커뮤니티 14,39,2,4.0
서울지방검찰청검사장김성재,14,커뮤니티 14,39,2,4.0
상임위원김기형,14,커뮤니티 14,39,1,2.0
상임위원이기준,14,커뮤니티 14,39,1,2.0
상임위원송방용,14,커뮤니티 14,39,1,2.0
상임위원주원,14,커뮤니티 14,39,1,2.0
서울고등검찰청검사장서병균,14,커뮤니티 14,39,1,2.0
위원장대리김숙현,14,커뮤니티 14,39,1,2.0
행정개혁조사위원장박충훈,14,커뮤니티 14,39,1,2.0
행정개혁위원회위원장박충훈,14,커뮤니티 14,39,1,2.0
비서실장서인석,14,커뮤니티 14,39,1,2.0
경제과학심의회의상임위원주원,14,커뮤니티 14,39,1,2.0
앨버트의원,15,커뮤니티 15,24,12,22.0
푸레이어의원,15,커뮤니티 15,24,1,2.0
푸라이오의원,15,커뮤니티 15,24,1,2.0
해밀턴의원,15,커뮤니티 15,24,1,2.0
폴리의원,15,커뮤니티 15,24,1,2.0
캠프의원,15,커뮤니티 15,24,1,2.0
크래패의원,15,커뮤니티 15,24,1,2.0
로이드의원,15,커뮤니티 15,24,1,2.0
스탠톤의원,15,커뮤니티 15,24,1,2.0
칼즈의원,15,커뮤니티 15,24,1,2.0
마이즈의원,15,커뮤니티 15,24,1,2.0
갈래거의원,15,커뮤니티 15,24,1,2.0
오닐의원,15,커뮤니티 15,24,1,2.0
부름필드의원,15,커뮤니티 15,24,1,2.0
볼랜드의원,15,커뮤니티 15,24,1,2.0
푸레린귀센의원,15,커뮤니티 15,24,1,2.0
푸라이스의원,15,커뮤니티 15,24,1,2.0
임시의장하원의,15,커뮤니티 15,24,1,2.0
벳즈의원,15,커뮤니티 15,24,1,2.0
포애즈의원,15,커뮤니티 15,24,1,2.0
포에즈의원,15,커뮤니티 15,24,1,2.0
임시의장오크라호마주,15,커뮤니티 15,24,1,2.0
임시의장(일리노이주푸라이스,15,커뮤니티 15,24,1,2.0
임시의장오크라호머주,15,커뮤니티 15,24,1,1.0
영화육성,16,커뮤니티 16,21,1,2.0
국외선전,16,커뮤니티 16,21,1,2.0
문화예술진흥,16,커뮤니티 16,21,1,2.0
국내선전,16,커뮤니티 16,21,1,2.0
공산권정세,16,커뮤니티 16,21,1,2.0
해외정세조사,16,커뮤니티 16,21,1,2.0
국내정세조사,16,커뮤니티 16,21,1,2.0
출판사업,16,커뮤니티 16,21,1,2.0
정부보도,16,커뮤니티 16,21,1,2.0
방송시설유지,16,커뮤니티 16,21,1,2.0
방송지도관리,16,커뮤니티 16,21,1,2.0
영화제작소,16,커뮤니티 16,21,1,2.0
중앙방송국,16,커뮤니티 16,21,1,2.0
TV방송국,16,커뮤니티 16,21,1,2.0
본부사무비,16,커뮤니티 16,21,1,2.0
해외공보관,16,커뮤니티 16,21,1,2.0
중앙공보관,16,커뮤니티 16,21,1,2.0
국립국악원,16,커뮤니티 16,21,1,2.0
국립극장,16,커뮤니티 16,21,1,2.0
지방방송국,16,커뮤니티 16,21,1,2.0
국제방송국,16,커뮤니티 16,21,1,2.0
유류조작비,17,커뮤니티 17,17,3,6.0
보병학교후보생,17,커뮤니티 17,17,3,6.0
K-10격납고,17,커뮤니티 17,17,3,6.0
장기차입금,17,커뮤니티 17,17,3,6.0
재산매각수입,17,커뮤니티 17,17,2,4.0
레이다싸이트,17,커뮤니티 17,17,2,4.0
야전군보급,17,커뮤니티 17,17,2,4.0
기술연구직,17,커뮤니티 17,17,2,4.0
제탄공장유지비,17,커뮤니티 17,17,1,2.0
건물매각대,17,커뮤니티 17,17,1,2.0
토지매각대,17,커뮤니티 17,17,1,2.0
신설레이다싸이트,17,커뮤니티 17,17,1,2.0
"전기시설915,000",17,커뮤니티 17,17,1,2.0
난방시설,17,커뮤니티 17,17,1,2.0
제탄기(14대),17,커뮤니티 17,17,1,2.0
제탄기공비,17,커뮤니티 17,17,1,2.0
기술연구직수당,17,커뮤니티 17,17,1,2.0
위원장대리이상돈,18,커뮤니티 18,10,389,764.0
증인송이국,18,커뮤니티 18,10,213,426.0
증인석만수,18,커뮤니티 18,10,151,302.0
유창열위원,18,커뮤니티 18,10,128,256.0
증인최종운,18,커뮤니티 18,10,105,210.0
증인신백순,18,커뮤니티 18,10,60,120.0
증인박신흘,18,커뮤니티 18,10,47,94.0
증인서정우,18,커뮤니티 18,10,21,42.0
증인한부일,18,커뮤니티 18,10,18,36.0
증인이상연,18,커뮤니티 18,10,14,28.0
출석의원(31인),19,커뮤니티 19,1,2,0.0
출석의원(전원),20,커뮤니티 20,1,4,0.0
