SpeakerKey,Speaker,Family,Month,Count
경제기획원장관장기영,경제기획원장관 장기영,기술,1963-12,0
경제기획원장관장기영,경제기획원장관 장기영,기술,1964-01,0
경제기획원장관장기영,경제기획원장관 장기영,기술,1964-02,0
경제기획원장관장기영,경제기획원장관 장기영,기술,1964-03,0
경제기획원장관장기영,경제기획원장관 장기영,기술,1964-04,0
경제기획원장관장기영,경제기획원장관 장기영,기술,1964-05,8
경제기획원장관장기영,경제기획원장관 장기영,기술,1964-06,4
경제기획원장관장기영,경제기획원장관 장기영,기술,1964-07,10
경제기획원장관장기영,경제기획원장관 장기영,기술,1964-08,0
경제기획원장관장기영,경제기획원장관 장기영,기술,1964-09,3
경제기획원장관장기영,경제기획원장관 장기영,기술,1964-10,52
경제기획원장관장기영,경제기획원장관 장기영,기술,1964-11,107
경제기획원장관장기영,경제기획원장관 장기영,기술,1964-12,6
경제기획원장관장기영,경제기획원장관 장기영,기술,1965-01,8
경제기획원장관장기영,경제기획원장관 장기영,기술,1965-02,0
경제기획원장관장기영,경제기획원장관 장기영,기술,1965-03,68
경제기획원장관장기영,경제기획원장관 장기영,기술,1965-04,0
경제기획원장관장기영,경제기획원장관 장기영,기술,1965-05,3
경제기획원장관장기영,경제기획원장관 장기영,기술,1965-06,23
경제기획원장관장기영,경제기획원장관 장기영,기술,1965-07,1
경제기획원장관장기영,경제기획원장관 장기영,기술,1965-08,5
경제기획원장관장기영,경제기획원장관 장기영,기술,1965-09,7
경제기획원장관장기영,경제기획원장관 장기영,기술,1965-10,0
경제기획원장관장기영,경제기획원장관 장기영,기술,1965-11,88
경제기획원장관장기영,경제기획원장관 장기영,기술,1965-12,18
경제기획원장관장기영,경제기획원장관 장기영,기술,1966-01,1
경제기획원장관장기영,경제기획원장관 장기영,기술,1966-02,15
경제기획원장관장기영,경제기획원장관 장기영,기술,1966-03,51
경제기획원장관장기영,경제기획원장관 장기영,기술,1966-04,144
경제기획원장관장기영,경제기획원장관 장기영,기술,1966-05,0
경제기획원장관장기영,경제기획원장관 장기영,기술,1966-06,3
경제기획원장관장기영,경제기획원장관 장기영,기술,1966-07,31
경제기획원장관장기영,경제기획원장관 장기영,기술,1966-08,13
경제기획원장관장기영,경제기획원장관 장기영,기술,1966-09,22
경제기획원장관장기영,경제기획원장관 장기영,기술,1966-10,14
경제기획원장관장기영,경제기획원장관 장기영,기술,1966-11,112
경제기획원장관장기영,경제기획원장관 장기영,기술,1966-12,6
경제기획원장관장기영,경제기획원장관 장기영,기술,1967-01,2
경제기획원장관장기영,경제기획원장관 장기영,기술,1967-02,5
경제기획원장관장기영,경제기획원장관 장기영,기술,1967-03,6
경제기획원장관장기영,경제기획원장관 장기영,기술,1967-07,0
경제기획원장관장기영,경제기획원장관 장기영,기술,1967-10,0
경제기획원장관장기영,경제기획원장관 장기영,기술,1967-11,0
경제기획원장관장기영,경제기획원장관 장기영,기술,1967-12,0
경제기획원장관장기영,경제기획원장관 장기영,기술,1968-01,0
경제기획원장관장기영,경제기획원장관 장기영,기술,1968-02,0
경제기획원장관장기영,경제기획원장관 장기영,기술,1968-03,0
경제기획원장관장기영,경제기획원장관 장기영,기술,1968-04,0
경제기획원장관장기영,경제기획원장관 장기영,기술,1968-05,0
경제기획원장관장기영,경제기획원장관 장기영,기술,1968-06,0
경제기획원장관장기영,경제기획원장관 장기영,기술,1968-07,0
경제기획원장관장기영,경제기획원장관 장기영,기술,1968-08,0
경제기획원장관장기영,경제기획원장관 장기영,기술,1968-09,0
경제기획원장관장기영,경제기획원장관 장기영,기술,1968-10,0
경제기획원장관장기영,경제기획원장관 장기영,기술,1968-11,0
경제기획원장관장기영,경제기획원장관 장기영,기술,1968-12,0
경제기획원장관장기영,경제기획원장관 장기영,기술,1969-01,0
경제기획원장관장기영,경제기획원장관 장기영,기술,1969-02,0
경제기획원장관장기영,경제기획원장관 장기영,기술,1969-03,0
경제기획원장관장기영,경제기획원장관 장기영,기술,1969-04,0
경제기획원장관장기영,경제기획원장관 장기영,기술,1969-05,0
경제기획원장관장기영,경제기획원장관 장기영,기술,1969-06,0
경제기획원장관장기영,경제기획원장관 장기영,기술,1969-07,0
경제기획원장관장기영,경제기획원장관 장기영,기술,1969-08,0
경제기획원장관장기영,경제기획원장관 장기영,기술,1969-09,0
경제기획원장관장기영,경제기획원장관 장기영,기술,1969-11,0
경제기획원장관장기영,경제기획원장관 장기영,기술,1969-12,0
경제기획원장관장기영,경제기획원장관 장기영,기술,1970-01,0
경제기획원장관장기영,경제기획원장관 장기영,기술,1970-02,0
경제기획원장관장기영,경제기획원장관 장기영,기술,1970-03,0
경제기획원장관장기영,경제기획원장관 장기영,기술,1970-04,0
경제기획원장관장기영,경제기획원장관 장기영,기술,1970-05,0
경제기획원장관장기영,경제기획원장관 장기영,기술,1970-06,0
경제기획원장관장기영,경제기획원장관 장기영,기술,1970-07,0
경제기획원장관장기영,경제기획원장관 장기영,기술,1970-08,0
경제기획원장관장기영,경제기획원장관 장기영,기술,1970-09,0
경제기획원장관장기영,경제기획원장관 장기영,기술,1970-10,0
경제기획원장관장기영,경제기획원장관 장기영,기술,1970-11,0
경제기획원장관장기영,경제기획원장관 장기영,기술,1970-12,0
경제기획원장관장기영,경제기획원장관 장기영,기술,1971-01,0
경제기획원장관장기영,경제기획원장관 장기영,기술,1971-07,0
경제기획원장관장기영,경제기획원장관 장기영,기술,1971-08,0
경제기획원장관장기영,경제기획원장관 장기영,기술,1971-09,0
경제기획원장관장기영,경제기획원장관 장기영,기술,1971-10,0
경제기획원장관장기영,경제기획원장관 장기영,기술,1971-11,0
경제기획원장관장기영,경제기획원장관 장기영,기술,1971-12,0
경제기획원장관장기영,경제기획원장관 장기영,기술,1972-01,0
경제기획원장관장기영,경제기획원장관 장기영,기술,1972-07,0
경제기획원장관장기영,경제기획원장관 장기영,기술,1972-08,0
경제기획원장관장기영,경제기획원장관 장기영,기술,1972-09,0
경제기획원장관장기영,경제기획원장관 장기영,기술,1972-10,0
경제기획원장관장기영,경제기획원장관 장기영,기술,1973-05,0
경제기획원장관장기영,경제기획원장관 장기영,기술,1973-06,0
경제기획원장관장기영,경제기획원장관 장기영,기술,1973-09,0
경제기획원장관장기영,경제기획원장관 장기영,기술,1974-08,0
경제기획원장관장기영,경제기획원장관 장기영,기술,1974-10,0
경제기획원장관장기영,경제기획원장관 장기영,기술,1975-11,0
경제기획원장관장기영,경제기획원장관 장기영,기술,1976-12,0
경제기획원장관장기영,경제기획원장관 장기영,기술,1978-11,0
고흥문위원,고흥문 위원,기술,1963-12,0
고흥문위원,고흥문 위원,기술,1964-01,0
고흥문위원,고흥문 위원,기술,1964-02,6
고흥문위원,고흥문 위원,기술,1964-03,15
고흥문위원,고흥문 위원,기술,1964-04,13
고흥문위원,고흥문 위원,기술,1964-05,6
고흥문위원,고흥문 위원,기술,1964-06,6
고흥문위원,고흥문 위원,기술,1964-07,4
고흥문위원,고흥문 위원,기술,1964-08,0
고흥문위원,고흥문 위원,기술,1964-09,1
고흥문위원,고흥문 위원,기술,1964-10,3
고흥문위원,고흥문 위원,기술,1964-11,11
고흥문위원,고흥문 위원,기술,1964-12,2
고흥문위원,고흥문 위원,기술,1965-01,3
고흥문위원,고흥문 위원,기술,1965-02,0
고흥문위원,고흥문 위원,기술,1965-03,23
고흥문위원,고흥문 위원,기술,1965-04,0
고흥문위원,고흥문 위원,기술,1965-05,3
고흥문위원,고흥문 위원,기술,1965-06,1
고흥문위원,고흥문 위원,기술,1965-07,1
고흥문위원,고흥문 위원,기술,1965-08,3
고흥문위원,고흥문 위원,기술,1965-09,0
고흥문위원,고흥문 위원,기술,1965-10,10
고흥문위원,고흥문 위원,기술,1965-11,26
고흥문위원,고흥문 위원,기술,1965-12,0
고흥문위원,고흥문 위원,기술,1966-01,1
고흥문위원,고흥문 위원,기술,1966-02,0
고흥문위원,고흥문 위원,기술,1966-03,4
고흥문위원,고흥문 위원,기술,1966-04,33
고흥문위원,고흥문 위원,기술,1966-05,0
고흥문위원,고흥문 위원,기술,1966-06,10
고흥문위원,고흥문 위원,기술,1966-07,6
고흥문위원,고흥문 위원,기술,1966-08,2
고흥문위원,고흥문 위원,기술,1966-09,1
고흥문위원,고흥문 위원,기술,1966-10,13
고흥문위원,고흥문 위원,기술,1966-11,67
고흥문위원,고흥문 위원,기술,1966-12,3
고흥문위원,고흥문 위원,기술,1967-01,7
고흥문위원,고흥문 위원,기술,1967-02,0
고흥문위원,고흥문 위원,기술,1967-03,0
고흥문위원,고흥문 위원,기술,1967-07,0
고흥문위원,고흥문 위원,기술,1967-10,0
고흥문위원,고흥문 위원,기술,1967-11,0
고흥문위원,고흥문 위원,기술,1967-12,19
고흥문위원,고흥문 위원,기술,1968-01,0
고흥문위원,고흥문 위원,기술,1968-02,8
고흥문위원,고흥문 위원,기술,1968-03,3
고흥문위원,고흥문 위원,기술,1968-04,0
고흥문위원,고흥문 위원,기술,1968-05,0
고흥문위원,고흥문 위원,기술,1968-06,44
고흥문위원,고흥문 위원,기술,1968-07,1
고흥문위원,고흥문 위원,기술,1968-08,0
고흥문위원,고흥문 위원,기술,1968-09,11
고흥문위원,고흥문 위원,기술,1968-10,32
고흥문위원,고흥문 위원,기술,1968-11,15
고흥문위원,고흥문 위원,기술,1968-12,20
고흥문위원,고흥문 위원,기술,1969-01,0
고흥문위원,고흥문 위원,기술,1969-02,0
고흥문위원,고흥문 위원,기술,1969-03,0
고흥문위원,고흥문 위원,기술,1969-04,24
고흥문위원,고흥문 위원,기술,1969-05,0
고흥문위원,고흥문 위원,기술,1969-06,0
고흥문위원,고흥문 위원,기술,1969-07,13
고흥문위원,고흥문 위원,기술,1969-08,6
고흥문위원,고흥문 위원,기술,1969-09,0
고흥문위원,고흥문 위원,기술,1969-11,0
고흥문위원,고흥문 위원,기술,1969-12,0
고흥문위원,고흥문 위원,기술,1970-01,0
고흥문위원,고흥문 위원,기술,1970-02,0
고흥문위원,고흥문 위원,기술,1970-03,0
고흥문위원,고흥문 위원,기술,1970-04,0
고흥문위원,고흥문 위원,기술,1970-05,30
고흥문위원,고흥문 위원,기술,1970-06,0
고흥문위원,고흥문 위원,기술,1970-07,3
고흥문위원,고흥문 위원,기술,1970-08,0
고흥문위원,고흥문 위원,기술,1970-09,1
고흥문위원,고흥문 위원,기술,1970-10,52
고흥문위원,고흥문 위원,기술,1970-11,51
고흥문위원,고흥문 위원,기술,1970-12,25
고흥문위원,고흥문 위원,기술,1971-01,0
고흥문위원,고흥문 위원,기술,1971-07,0
고흥문위원,고흥문 위원,기술,1971-08,0
고흥문위원,고흥문 위원,기술,1971-09,0
고흥문위원,고흥문 위원,기술,1971-10,0
고흥문위원,고흥문 위원,기술,1971-11,17
고흥문위원,고흥문 위원,기술,1971-12,0
고흥문위원,고흥문 위원,기술,1972-01,0
고흥문위원,고흥문 위원,기술,1972-07,0
고흥문위원,고흥문 위원,기술,1972-08,0
고흥문위원,고흥문 위원,기술,1972-09,0
고흥문위원,고흥문 위원,기술,1972-10,0
고흥문위원,고흥문 위원,기술,1973-05,0
고흥문위원,고흥문 위원,기술,1973-06,0
고흥문위원,고흥문 위원,기술,1973-09,0
고흥문위원,고흥문 위원,기술,1974-08,0
고흥문위원,고흥문 위원,기술,1974-10,0
고흥문위원,고흥문 위원,기술,1975-11,0
고흥문위원,고흥문 위원,기술,1976-12,0
고흥문위원,고흥문 위원,기술,1978-11,0
김대중위원,김대중 위원,기술,1963-12,0
김대중위원,김대중 위원,기술,1964-01,4
김대중위원,김대중 위원,기술,1964-02,24
김대중위원,김대중 위원,기술,1964-03,0
김대중위원,김대중 위원,기술,1964-04,23
김대중위원,김대중 위원,기술,1964-05,9
김대중위원,김대중 위원,기술,1964-06,8
김대중위원,김대중 위원,기술,1964-07,2
김대중위원,김대중 위원,기술,1964-08,0
김대중위원,김대중 위원,기술,1964-09,0
김대중위원,김대중 위원,기술,1964-10,19
김대중위원,김대중 위원,기술,1964-11,62
김대중위원,김대중 위원,기술,1964-12,2
김대중위원,김대중 위원,기술,1965-01,2
김대중위원,김대중 위원,기술,1965-02,1
김대중위원,김대중 위원,기술,1965-03,49
김대중위원,김대중 위원,기술,1965-04,0
김대중위원,김대중 위원,기술,1965-05,4
김대중위원,김대중 위원,기술,1965-06,2
김대중위원,김대중 위원,기술,1965-07,2
김대중위원,김대중 위원,기술,1965-08,0
김대중위원,김대중 위원,기술,1965-09,0
김대중위원,김대중 위원,기술,1965-10,6
김대중위원,김대중 위원,기술,1965-11,15
김대중위원,김대중 위원,기술,1965-12,6
김대중위원,김대중 위원,기술,1966-01,0
김대중위원,김대중 위원,기술,1966-02,4
김대중위원,김대중 위원,기술,1966-03,0
김대중위원,김대중 위원,기술,1966-04,0
김대중위원,김대중 위원,기술,1966-05,0
김대중위원,김대중 위원,기술,1966-06,4
김대중위원,김대중 위원,기술,1966-07,6
김대중위원,김대중 위원,기술,1966-08,5
김대중위원,김대중 위원,기술,1966-09,0
김대중위원,김대중 위원,기술,1966-10,15
김대중위원,김대중 위원,기술,1966-11,51
김대중위원,김대중 위원,기술,1966-12,17
김대중위원,김대중 위원,기술,1967-01,1
김대중위원,김대중 위원,기술,1967-02,1
김대중위원,김대중 위원,기술,1967-03,1
김대중위원,김대중 위원,기술,1967-07,0
김대중위원,김대중 위원,기술,1967-10,0
김대중위원,김대중 위원,기술,1967-11,0
김대중위원,김대중 위원,기술,1967-12,34
김대중위원,김대중 위원,기술,1968-01,0
김대중위원,김대중 위원,기술,1968-02,12
김대중위원,김대중 위원,기술,1968-03,7
김대중위원,김대중 위원,기술,1968-04,8
김대중위원,김대중 위원,기술,1968-05,0
김대중위원,김대중 위원,기술,1968-06,19
김대중위원,김대중 위원,기술,1968-07,0
김대중위원,김대중 위원,기술,1968-08,0
김대중위원,김대중 위원,기술,1968-09,7
김대중위원,김대중 위원,기술,1968-10,33
김대중위원,김대중 위원,기술,1968-11,24
김대중위원,김대중 위원,기술,1968-12,3
김대중위원,김대중 위원,기술,1969-01,0
김대중위원,김대중 위원,기술,1969-02,0
김대중위원,김대중 위원,기술,1969-03,0
김대중위원,김대중 위원,기술,1969-04,8
김대중위원,김대중 위원,기술,1969-05,0
김대중위원,김대중 위원,기술,1969-06,0
김대중위원,김대중 위원,기술,1969-07,2
김대중위원,김대중 위원,기술,1969-08,4
김대중위원,김대중 위원,기술,1969-09,0
김대중위원,김대중 위원,기술,1969-11,0
김대중위원,김대중 위원,기술,1969-12,0
김대중위원,김대중 위원,기술,1970-01,0
김대중위원,김대중 위원,기술,1970-02,0
김대중위원,김대중 위원,기술,1970-03,0
김대중위원,김대중 위원,기술,1970-04,0
김대중위원,김대중 위원,기술,1970-05,13
김대중위원,김대중 위원,기술,1970-06,1
김대중위원,김대중 위원,기술,1970-07,2
김대중위원,김대중 위원,기술,1970-08,0
김대중위원,김대중 위원,기술,1970-09,0
김대중위원,김대중 위원,기술,1970-10,0
김대중위원,김대중 위원,기술,1970-11,0
김대중위원,김대중 위원,기술,1970-12,0
김대중위원,김대중 위원,기술,1971-01,0
김대중위원,김대중 위원,기술,1971-07,0
김대중위원,김대중 위원,기술,1971-08,0
김대중위원,김대중 위원,기술,1971-09,0
김대중위원,김대중 위원,기술,1971-10,0
김대중위원,김대중 위원,기술,1971-11,0
김대중위원,김대중 위원,기술,1971-12,0
김대중위원,김대중 위원,기술,1972-01,0
김대중위원,김대중 위원,기술,1972-07,0
김대중위원,김대중 위원,기술,1972-08,0
김대중위원,김대중 위원,기술,1972-09,0
김대중위원,김대중 위원,기술,1972-10,0
김대중위원,김대중 위원,기술,1973-05,0
김대중위원,김대중 위원,기술,1973-06,0
김대중위원,김대중 위원,기술,1973-09,0
김대중위원,김대중 위원,기술,1974-08,0
김대중위원,김대중 위원,기술,1974-10,0
김대중위원,김대중 위원,기술,1975-11,0
김대중위원,김대중 위원,기술,1976-12,0
김대중위원,김대중 위원,기술,1978-11,0
기타참석자,기타 참석자,기술,1963-12,0
기타참석자,기타 참석자,기술,1964-01,0
기타참석자,기타 참석자,기술,1964-02,0
기타참석자,기타 참석자,기술,1964-03,2
기타참석자,기타 참석자,기술,1964-04,7
기타참석자,기타 참석자,기술,1964-05,11
기타참석자,기타 참석자,기술,1964-06,8
기타참석자,기타 참석자,기술,1964-07,14
기타참석자,기타 참석자,기술,1964-08,3
기타참석자,기타 참석자,기술,1964-09,5
기타참석자,기타 참석자,기술,1964-10,24
기타참석자,기타 참석자,기술,1964-11,40
기타참석자,기타 참석자,기술,1964-12,12
기타참석자,기타 참석자,기술,1965-01,9
기타참석자,기타 참석자,기술,1965-02,0
기타참석자,기타 참석자,기술,1965-03,29
기타참석자,기타 참석자,기술,1965-04,2
기타참석자,기타 참석자,기술,1965-05,3
기타참석자,기타 참석자,기술,1965-06,16
기타참석자,기타 참석자,기술,1965-07,3
기타참석자,기타 참석자,기술,1965-08,3
기타참석자,기타 참석자,기술,1965-09,0
기타참석자,기타 참석자,기술,1965-10,5
기타참석자,기타 참석자,기술,1965-11,46
기타참석자,기타 참석자,기술,1965-12,14
기타참석자,기타 참석자,기술,1966-01,5
기타참석자,기타 참석자,기술,1966-02,25
기타참석자,기타 참석자,기술,1966-03,27
기타참석자,기타 참석자,기술,1966-04,11
기타참석자,기타 참석자,기술,1966-05,1
기타참석자,기타 참석자,기술,1966-06,23
기타참석자,기타 참석자,기술,1966-07,32
기타참석자,기타 참석자,기술,1966-08,2
기타참석자,기타 참석자,기술,1966-09,14
기타참석자,기타 참석자,기술,1966-10,8
기타참석자,기타 참석자,기술,1966-11,48
기타참석자,기타 참석자,기술,1966-12,10
기타참석자,기타 참석자,기술,1967-01,20
기타참석자,기타 참석자,기술,1967-02,9
기타참석자,기타 참석자,기술,1967-03,5
기타참석자,기타 참석자,기술,1967-07,0
기타참석자,기타 참석자,기술,1967-10,18
기타참석자,기타 참석자,기술,1967-11,11
기타참석자,기타 참석자,기술,1967-12,40
기타참석자,기타 참석자,기술,1968-01,0
기타참석자,기타 참석자,기술,1968-02,15
기타참석자,기타 참석자,기술,1968-03,5
기타참석자,기타 참석자,기술,1968-04,14
기타참석자,기타 참석자,기술,1968-05,2
기타참석자,기타 참석자,기술,1968-06,39
기타참석자,기타 참석자,기술,1968-07,5
기타참석자,기타 참석자,기술,1968-08,0
기타참석자,기타 참석자,기술,1968-09,3
기타참석자,기타 참석자,기술,1968-10,2
기타참석자,기타 참석자,기술,1968-11,5
기타참석자,기타 참석자,기술,1968-12,3
기타참석자,기타 참석자,기술,1969-01,0
기타참석자,기타 참석자,기술,1969-02,0
기타참석자,기타 참석자,기술,1969-03,1
기타참석자,기타 참석자,기술,1969-04,5
기타참석자,기타 참석자,기술,1969-05,0
기타참석자,기타 참석자,기술,1969-06,1
기타참석자,기타 참석자,기술,1969-07,1
기타참석자,기타 참석자,기술,1969-08,0
기타참석자,기타 참석자,기술,1969-09,0
기타참석자,기타 참석자,기술,1969-11,0
기타참석자,기타 참석자,기술,1969-12,11
기타참석자,기타 참석자,기술,1970-01,0
기타참석자,기타 참석자,기술,1970-02,0
기타참석자,기타 참석자,기술,1970-03,0
기타참석자,기타 참석자,기술,1970-04,0
기타참석자,기타 참석자,기술,1970-05,3
기타참석자,기타 참석자,기술,1970-06,0
기타참석자,기타 참석자,기술,1970-07,0
기타참석자,기타 참석자,기술,1970-08,3
기타참석자,기타 참석자,기술,1970-09,1
기타참석자,기타 참석자,기술,1970-10,2
기타참석자,기타 참석자,기술,1970-11,8
기타참석자,기타 참석자,기술,1970-12,1
기타참석자,기타 참석자,기술,1971-01,0
기타참석자,기타 참석자,기술,1971-07,0
기타참석자,기타 참석자,기술,1971-08,0
기타참석자,기타 참석자,기술,1971-09,0
기타참석자,기타 참석자,기술,1971-10,0
기타참석자,기타 참석자,기술,1971-11,0
기타참석자,기타 참석자,기술,1971-12,1
기타참석자,기타 참석자,기술,1972-01,0
기타참석자,기타 참석자,기술,1972-07,0
기타참석자,기타 참석자,기술,1972-08,0
기타참석자,기타 참석자,기술,1972-09,1
기타참석자,기타 참석자,기술,1972-10,0
기타참석자,기타 참석자,기술,1973-05,0
기타참석자,기타 참석자,기술,1973-06,0
기타참석자,기타 참석자,기술,1973-09,0
기타참석자,기타 참석자,기술,1974-08,0
기타참석자,기타 참석자,기술,1974-10,0
기타참석자,기타 참석자,기술,1975-11,0
기타참석자,기타 참석자,기술,1976-12,0
기타참석자,기타 참석자,기술,1978-11,0
이충환위원,이충환 위원,기술,1963-12,0
이충환위원,이충환 위원,기술,1964-01,1
이충환위원,이충환 위원,기술,1964-02,10
이충환위원,이충환 위원,기술,1964-03,4
이충환위원,이충환 위원,기술,1964-04,11
이충환위원,이충환 위원,기술,1964-05,7
이충환위원,이충환 위원,기술,1964-06,9
이충환위원,이충환 위원,기술,1964-07,4
이충환위원,이충환 위원,기술,1964-08,0
이충환위원,이충환 위원,기술,1964-09,0
이충환위원,이충환 위원,기술,1964-10,22
이충환위원,이충환 위원,기술,1964-11,58
이충환위원,이충환 위원,기술,1964-12,5
이충환위원,이충환 위원,기술,1965-01,3
이충환위원,이충환 위원,기술,1965-02,0
이충환위원,이충환 위원,기술,1965-03,17
이충환위원,이충환 위원,기술,1965-04,0
이충환위원,이충환 위원,기술,1965-05,3
이충환위원,이충환 위원,기술,1965-06,3
이충환위원,이충환 위원,기술,1965-07,1
이충환위원,이충환 위원,기술,1965-08,3
이충환위원,이충환 위원,기술,1965-09,0
이충환위원,이충환 위원,기술,1965-10,1
이충환위원,이충환 위원,기술,1965-11,21
이충환위원,이충환 위원,기술,1965-12,7
이충환위원,이충환 위원,기술,1966-01,1
이충환위원,이충환 위원,기술,1966-02,4
이충환위원,이충환 위원,기술,1966-03,13
이충환위원,이충환 위원,기술,1966-04,6
이충환위원,이충환 위원,기술,1966-05,0
이충환위원,이충환 위원,기술,1966-06,4
이충환위원,이충환 위원,기술,1966-07,8
이충환위원,이충환 위원,기술,1966-08,9
이충환위원,이충환 위원,기술,1966-09,1
이충환위원,이충환 위원,기술,1966-10,9
이충환위원,이충환 위원,기술,1966-11,8
이충환위원,이충환 위원,기술,1966-12,13
이충환위원,이충환 위원,기술,1967-01,1
이충환위원,이충환 위원,기술,1967-02,5
이충환위원,이충환 위원,기술,1967-03,4
이충환위원,이충환 위원,기술,1967-07,0
이충환위원,이충환 위원,기술,1967-10,0
이충환위원,이충환 위원,기술,1967-11,0
이충환위원,이충환 위원,기술,1967-12,0
이충환위원,이충환 위원,기술,1968-01,0
이충환위원,이충환 위원,기술,1968-02,0
이충환위원,이충환 위원,기술,1968-03,0
이충환위원,이충환 위원,기술,1968-04,0
이충환위원,이충환 위원,기술,1968-05,0
이충환위원,이충환 위원,기술,1968-06,0
이충환위원,이충환 위원,기술,1968-07,0
이충환위원,이충환 위원,기술,1968-08,0
이충환위원,이충환 위원,기술,1968-09,0
이충환위원,이충환 위원,기술,1968-10,0
이충환위원,이충환 위원,기술,1968-11,0
이충환위원,이충환 위원,기술,1968-12,0
이충환위원,이충환 위원,기술,1969-01,0
이충환위원,이충환 위원,기술,1969-02,0
이충환위원,이충환 위원,기술,1969-03,0
이충환위원,이충환 위원,기술,1969-04,0
이충환위원,이충환 위원,기술,1969-05,0
이충환위원,이충환 위원,기술,1969-06,0
이충환위원,이충환 위원,기술,1969-07,0
이충환위원,이충환 위원,기술,1969-08,0
이충환위원,이충환 위원,기술,1969-09,0
이충환위원,이충환 위원,기술,1969-11,0
이충환위원,이충환 위원,기술,1969-12,0
이충환위원,이충환 위원,기술,1970-01,0
이충환위원,이충환 위원,기술,1970-02,0
이충환위원,이충환 위원,기술,1970-03,0
이충환위원,이충환 위원,기술,1970-04,0
이충환위원,이충환 위원,기술,1970-05,0
이충환위원,이충환 위원,기술,1970-06,0
이충환위원,이충환 위원,기술,1970-07,0
이충환위원,이충환 위원,기술,1970-08,0
이충환위원,이충환 위원,기술,1970-09,0
이충환위원,이충환 위원,기술,1970-10,0
이충환위원,이충환 위원,기술,1970-11,0
이충환위원,이충환 위원,기술,1970-12,0
이충환위원,이충환 위원,기술,1971-01,0
이충환위원,이충환 위원,기술,1971-07,0
이충환위원,이충환 위원,기술,1971-08,0
이충환위원,이충환 위원,기술,1971-09,0
이충환위원,이충환 위원,기술,1971-10,0
이충환위원,이충환 위원,기술,1971-11,0
이충환위원,이충환 위원,기술,1971-12,0
이충환위원,이충환 위원,기술,1972-01,0
이충환위원,이충환 위원,기술,1972-07,0
이충환위원,이충환 위원,기술,1972-08,0
이충환위원,이충환 위원,기술,1972-09,0
이충환위원,이충환 위원,기술,1972-10,0
이충환위원,이충환 위원,기술,1973-05,0
이충환위원,이충환 위원,기술,1973-06,0
이충환위원,이충환 위원,기술,1973-09,0
이충환위원,이충환 위원,기술,1974-08,0
이충환위원,이충환 위원,기술,1974-10,0
이충환위원,이충환 위원,기술,1975-11,0
이충환위원,이충환 위원,기술,1976-12,0
이충환위원,이충환 위원,기술,1978-11,0
위원장양순직,위원장 양순직,기술,1963-12,0
위원장양순직,위원장 양순직,기술,1964-01,0
위원장양순직,위원장 양순직,기술,1964-02,0
위원장양순직,위원장 양순직,기술,1964-03,0
위원장양순직,위원장 양순직,기술,1964-04,0
위원장양순직,위원장 양순직,기술,1964-05,0
위원장양순직,위원장 양순직,기술,1964-06,0
위원장양순직,위원장 양순직,기술,1964-07,0
위원장양순직,위원장 양순직,기술,1964-08,0
위원장양순직,위원장 양순직,기술,1964-09,0
위원장양순직,위원장 양순직,기술,1964-10,0
위원장양순직,위원장 양순직,기술,1964-11,0
위원장양순직,위원장 양순직,기술,1964-12,0
위원장양순직,위원장 양순직,기술,1965-01,0
위원장양순직,위원장 양순직,기술,1965-02,0
위원장양순직,위원장 양순직,기술,1965-03,0
위원장양순직,위원장 양순직,기술,1965-04,0
위원장양순직,위원장 양순직,기술,1965-05,0
위원장양순직,위원장 양순직,기술,1965-06,0
위원장양순직,위원장 양순직,기술,1965-07,0
위원장양순직,위원장 양순직,기술,1965-08,0
위원장양순직,위원장 양순직,기술,1965-09,0
위원장양순직,위원장 양순직,기술,1965-10,0
위원장양순직,위원장 양순직,기술,1965-11,0
위원장양순직,위원장 양순직,기술,1965-12,0
위원장양순직,위원장 양순직,기술,1966-01,2
위원장양순직,위원장 양순직,기술,1966-02,3
위원장양순직,위원장 양순직,기술,1966-03,4
위원장양순직,위원장 양순직,기술,1966-04,15
위원장양순직,위원장 양순직,기술,1966-05,0
위원장양순직,위원장 양순직,기술,1966-06,0
위원장양순직,위원장 양순직,기술,1966-07,8
위원장양순직,위원장 양순직,기술,1966-08,4
위원장양순직,위원장 양순직,기술,1966-09,0
위원장양순직,위원장 양순직,기술,1966-10,6
위원장양순직,위원장 양순직,기술,1966-11,17
위원장양순직,위원장 양순직,기술,1966-12,1
위원장양순직,위원장 양순직,기술,1967-01,9
위원장양순직,위원장 양순직,기술,1967-02,1
위원장양순직,위원장 양순직,기술,1967-03,0
위원장양순직,위원장 양순직,기술,1967-07,0
위원장양순직,위원장 양순직,기술,1967-10,17
위원장양순직,위원장 양순직,기술,1967-11,4
위원장양순직,위원장 양순직,기술,1967-12,11
위원장양순직,위원장 양순직,기술,1968-01,0
위원장양순직,위원장 양순직,기술,1968-02,8
위원장양순직,위원장 양순직,기술,1968-03,0
위원장양순직,위원장 양순직,기술,1968-04,0
위원장양순직,위원장 양순직,기술,1968-05,1
위원장양순직,위원장 양순직,기술,1968-06,25
위원장양순직,위원장 양순직,기술,1968-07,1
위원장양순직,위원장 양순직,기술,1968-08,0
위원장양순직,위원장 양순직,기술,1968-09,15
위원장양순직,위원장 양순직,기술,1968-10,1
위원장양순직,위원장 양순직,기술,1968-11,19
위원장양순직,위원장 양순직,기술,1968-12,20
위원장양순직,위원장 양순직,기술,1969-01,0
위원장양순직,위원장 양순직,기술,1969-02,0
위원장양순직,위원장 양순직,기술,1969-03,0
위원장양순직,위원장 양순직,기술,1969-04,0
위원장양순직,위원장 양순직,기술,1969-05,0
위원장양순직,위원장 양순직,기술,1969-06,0
위원장양순직,위원장 양순직,기술,1969-07,0
위원장양순직,위원장 양순직,기술,1969-08,0
위원장양순직,위원장 양순직,기술,1969-09,0
위원장양순직,위원장 양순직,기술,1969-11,0
위원장양순직,위원장 양순직,기술,1969-12,0
위원장양순직,위원장 양순직,기술,1970-01,0
위원장양순직,위원장 양순직,기술,1970-02,0
위원장양순직,위원장 양순직,기술,1970-03,0
위원장양순직,위원장 양순직,기술,1970-04,0
위원장양순직,위원장 양순직,기술,1970-05,0
위원장양순직,위원장 양순직,기술,1970-06,0
위원장양순직,위원장 양순직,기술,1970-07,0
위원장양순직,위원장 양순직,기술,1970-08,0
위원장양순직,위원장 양순직,기술,1970-09,0
위원장양순직,위원장 양순직,기술,1970-10,0
위원장양순직,위원장 양순직,기술,1970-11,0
위원장양순직,위원장 양순직,기술,1970-12,0
위원장양순직,위원장 양순직,기술,1971-01,0
위원장양순직,위원장 양순직,기술,1971-07,0
위원장양순직,위원장 양순직,기술,1971-08,0
위원장양순직,위원장 양순직,기술,1971-09,0
위원장양순직,위원장 양순직,기술,1971-10,0
위원장양순직,위원장 양순직,기술,1971-11,0
위원장양순직,위원장 양순직,기술,1971-12,0
위원장양순직,위원장 양순직,기술,1972-01,0
위원장양순직,위원장 양순직,기술,1972-07,0
위원장양순직,위원장 양순직,기술,1972-08,0
위원장양순직,위원장 양순직,기술,1972-09,0
위원장양순직,위원장 양순직,기술,1972-10,0
위원장양순직,위원장 양순직,기술,1973-05,0
위원장양순직,위원장 양순직,기술,1973-06,0
위원장양순직,위원장 양순직,기술,1973-09,0
위원장양순직,위원장 양순직,기술,1974-08,0
위원장양순직,위원장 양순직,기술,1974-10,0
위원장양순직,위원장 양순직,기술,1975-11,0
위원장양순직,위원장 양순직,기술,1976-12,0
위원장양순직,위원장 양순직,기술,1978-11,0
김재광위원,김재광 위원,기술,1963-12,5
김재광위원,김재광 위원,기술,1964-01,9
김재광위원,김재광 위원,기술,1964-02,15
김재광위원,김재광 위원,기술,1964-03,1
김재광위원,김재광 위원,기술,1964-04,13
김재광위원,김재광 위원,기술,1964-05,17
김재광위원,김재광 위원,기술,1964-06,1
김재광위원,김재광 위원,기술,1964-07,4
김재광위원,김재광 위원,기술,1964-08,0
김재광위원,김재광 위원,기술,1964-09,46
김재광위원,김재광 위원,기술,1964-10,15
김재광위원,김재광 위원,기술,1964-11,38
김재광위원,김재광 위원,기술,1964-12,0
김재광위원,김재광 위원,기술,1965-01,0
김재광위원,김재광 위원,기술,1965-02,0
김재광위원,김재광 위원,기술,1965-03,9
김재광위원,김재광 위원,기술,1965-04,0
김재광위원,김재광 위원,기술,1965-05,3
김재광위원,김재광 위원,기술,1965-06,5
김재광위원,김재광 위원,기술,1965-07,1
김재광위원,김재광 위원,기술,1965-08,2
김재광위원,김재광 위원,기술,1965-09,0
김재광위원,김재광 위원,기술,1965-10,0
김재광위원,김재광 위원,기술,1965-11,0
김재광위원,김재광 위원,기술,1965-12,0
김재광위원,김재광 위원,기술,1966-01,0
김재광위원,김재광 위원,기술,1966-02,0
김재광위원,김재광 위원,기술,1966-03,0
김재광위원,김재광 위원,기술,1966-04,0
김재광위원,김재광 위원,기술,1966-05,0
김재광위원,김재광 위원,기술,1966-06,0
김재광위원,김재광 위원,기술,1966-07,0
김재광위원,김재광 위원,기술,1966-08,0
김재광위원,김재광 위원,기술,1966-09,0
김재광위원,김재광 위원,기술,1966-10,0
김재광위원,김재광 위원,기술,1966-11,0
김재광위원,김재광 위원,기술,1966-12,0
김재광위원,김재광 위원,기술,1967-01,0
김재광위원,김재광 위원,기술,1967-02,0
김재광위원,김재광 위원,기술,1967-03,0
김재광위원,김재광 위원,기술,1967-07,0
김재광위원,김재광 위원,기술,1967-10,0
김재광위원,김재광 위원,기술,1967-11,0
김재광위원,김재광 위원,기술,1967-12,39
김재광위원,김재광 위원,기술,1968-01,0
김재광위원,김재광 위원,기술,1968-02,10
김재광위원,김재광 위원,기술,1968-03,3
김재광위원,김재광 위원,기술,1968-04,1
김재광위원,김재광 위원,기술,1968-05,0
김재광위원,김재광 위원,기술,1968-06,22
김재광위원,김재광 위원,기술,1968-07,2
김재광위원,김재광 위원,기술,1968-08,0
김재광위원,김재광 위원,기술,1968-09,9
김재광위원,김재광 위원,기술,1968-10,11
김재광위원,김재광 위원,기술,1968-11,23
김재광위원,김재광 위원,기술,1968-12,4
김재광위원,김재광 위원,기술,1969-01,0
김재광위원,김재광 위원,기술,1969-02,0
김재광위원,김재광 위원,기술,1969-03,0
김재광위원,김재광 위원,기술,1969-04,0
김재광위원,김재광 위원,기술,1969-05,1
김재광위원,김재광 위원,기술,1969-06,0
김재광위원,김재광 위원,기술,1969-07,5
김재광위원,김재광 위원,기술,1969-08,3
김재광위원,김재광 위원,기술,1969-09,0
김재광위원,김재광 위원,기술,1969-11,0
김재광위원,김재광 위원,기술,1969-12,0
김재광위원,김재광 위원,기술,1970-01,0
김재광위원,김재광 위원,기술,1970-02,0
김재광위원,김재광 위원,기술,1970-03,0
김재광위원,김재광 위원,기술,1970-04,0
김재광위원,김재광 위원,기술,1970-05,13
김재광위원,김재광 위원,기술,1970-06,0
김재광위원,김재광 위원,기술,1970-07,1
김재광위원,김재광 위원,기술,1970-08,0
김재광위원,김재광 위원,기술,1970-09,4
김재광위원,김재광 위원,기술,1970-10,36
김재광위원,김재광 위원,기술,1970-11,41
김재광위원,김재광 위원,기술,1970-12,11
김재광위원,김재광 위원,기술,1971-01,3
김재광위원,김재광 위원,기술,1971-07,4
김재광위원,김재광 위원,기술,1971-08,0
김재광위원,김재광 위원,기술,1971-09,0
김재광위원,김재광 위원,기술,1971-10,0
김재광위원,김재광 위원,기술,1971-11,0
김재광위원,김재광 위원,기술,1971-12,0
김재광위원,김재광 위원,기술,1972-01,0
김재광위원,김재광 위원,기술,1972-07,0
김재광위원,김재광 위원,기술,1972-08,0
김재광위원,김재광 위원,기술,1972-09,0
김재광위원,김재광 위원,기술,1972-10,0
김재광위원,김재광 위원,기술,1973-05,0
김재광위원,김재광 위원,기술,1973-06,0
김재광위원,김재광 위원,기술,1973-09,0
김재광위원,김재광 위원,기술,1974-08,0
김재광위원,김재광 위원,기술,1974-10,0
김재광위원,김재광 위원,기술,1975-11,0
김재광위원,김재광 위원,기술,1976-12,0
김재광위원,김재광 위원,기술,1978-11,0
김은하위원,김은하 위원,기술,1963-12,0
김은하위원,김은하 위원,기술,1964-01,0
김은하위원,김은하 위원,기술,1964-02,10
김은하위원,김은하 위원,기술,1964-03,1
김은하위원,김은하 위원,기술,1964-04,3
김은하위원,김은하 위원,기술,1964-05,5
김은하위원,김은하 위원,기술,1964-06,5
김은하위원,김은하 위원,기술,1964-07,8
김은하위원,김은하 위원,기술,1964-08,4
김은하위원,김은하 위원,기술,1964-09,2
김은하위원,김은하 위원,기술,1964-10,1
김은하위원,김은하 위원,기술,1964-11,34
김은하위원,김은하 위원,기술,1964-12,1
김은하위원,김은하 위원,기술,1965-01,5
김은하위원,김은하 위원,기술,1965-02,0
김은하위원,김은하 위원,기술,1965-03,24
김은하위원,김은하 위원,기술,1965-04,0
김은하위원,김은하 위원,기술,1965-05,0
김은하위원,김은하 위원,기술,1965-06,11
김은하위원,김은하 위원,기술,1965-07,2
김은하위원,김은하 위원,기술,1965-08,0
김은하위원,김은하 위원,기술,1965-09,0
김은하위원,김은하 위원,기술,1965-10,0
김은하위원,김은하 위원,기술,1965-11,16
김은하위원,김은하 위원,기술,1965-12,2
김은하위원,김은하 위원,기술,1966-01,1
김은하위원,김은하 위원,기술,1966-02,2
김은하위원,김은하 위원,기술,1966-03,1
김은하위원,김은하 위원,기술,1966-04,0
김은하위원,김은하 위원,기술,1966-05,0
김은하위원,김은하 위원,기술,1966-06,0
김은하위원,김은하 위원,기술,1966-07,0
김은하위원,김은하 위원,기술,1966-08,0
김은하위원,김은하 위원,기술,1966-09,5
김은하위원,김은하 위원,기술,1966-10,7
김은하위원,김은하 위원,기술,1966-11,7
김은하위원,김은하 위원,기술,1966-12,3
김은하위원,김은하 위원,기술,1967-01,3
김은하위원,김은하 위원,기술,1967-02,0
김은하위원,김은하 위원,기술,1967-03,0
김은하위원,김은하 위원,기술,1967-07,0
김은하위원,김은하 위원,기술,1967-10,0
김은하위원,김은하 위원,기술,1967-11,0
김은하위원,김은하 위원,기술,1967-12,8
김은하위원,김은하 위원,기술,1968-01,0
김은하위원,김은하 위원,기술,1968-02,4
김은하위원,김은하 위원,기술,1968-03,0
김은하위원,김은하 위원,기술,1968-04,7
김은하위원,김은하 위원,기술,1968-05,0
김은하위원,김은하 위원,기술,1968-06,11
김은하위원,김은하 위원,기술,1968-07,0
김은하위원,김은하 위원,기술,1968-08,0
김은하위원,김은하 위원,기술,1968-09,18
김은하위원,김은하 위원,기술,1968-10,19
김은하위원,김은하 위원,기술,1968-11,0
김은하위원,김은하 위원,기술,1968-12,2
김은하위원,김은하 위원,기술,1969-01,0
김은하위원,김은하 위원,기술,1969-02,0
김은하위원,김은하 위원,기술,1969-03,2
김은하위원,김은하 위원,기술,1969-04,11
김은하위원,김은하 위원,기술,1969-05,0
김은하위원,김은하 위원,기술,1969-06,0
김은하위원,김은하 위원,기술,1969-07,1
김은하위원,김은하 위원,기술,1969-08,0
김은하위원,김은하 위원,기술,1969-09,0
김은하위원,김은하 위원,기술,1969-11,0
김은하위원,김은하 위원,기술,1969-12,0
김은하위원,김은하 위원,기술,1970-01,0
김은하위원,김은하 위원,기술,1970-02,0
김은하위원,김은하 위원,기술,1970-03,0
김은하위원,김은하 위원,기술,1970-04,0
김은하위원,김은하 위원,기술,1970-05,10
김은하위원,김은하 위원,기술,1970-06,0
김은하위원,김은하 위원,기술,1970-07,1
김은하위원,김은하 위원,기술,1970-08,0
김은하위원,김은하 위원,기술,1970-09,5
김은하위원,김은하 위원,기술,1970-10,14
김은하위원,김은하 위원,기술,1970-11,23
김은하위원,김은하 위원,기술,1970-12,3
김은하위원,김은하 위원,기술,1971-01,0
김은하위원,김은하 위원,기술,1971-07,0
김은하위원,김은하 위원,기술,1971-08,0
김은하위원,김은하 위원,기술,1971-09,0
김은하위원,김은하 위원,기술,1971-10,0
김은하위원,김은하 위원,기술,1971-11,1
김은하위원,김은하 위원,기술,1971-12,0
김은하위원,김은하 위원,기술,1972-01,0
김은하위원,김은하 위원,기술,1972-07,0
김은하위원,김은하 위원,기술,1972-08,0
김은하위원,김은하 위원,기술,1972-09,0
김은하위원,김은하 위원,기술,1972-10,1
김은하위원,김은하 위원,기술,1973-05,0
김은하위원,김은하 위원,기술,1973-06,0
김은하위원,김은하 위원,기술,1973-09,0
김은하위원,김은하 위원,기술,1974-08,0
김은하위원,김은하 위원,기술,1974-10,0
김은하위원,김은하 위원,기술,1975-11,0
김은하위원,김은하 위원,기술,1976-12,0
김은하위원,김은하 위원,기술,1978-11,0
상공부장관박충훈,상공부장관 박충훈,기술,1963-12,0
상공부장관박충훈,상공부장관 박충훈,기술,1964-01,0
상공부장관박충훈,상공부장관 박충훈,기술,1964-02,0
상공부장관박충훈,상공부장관 박충훈,기술,1964-03,0
상공부장관박충훈,상공부장관 박충훈,기술,1964-04,0
상공부장관박충훈,상공부장관 박충훈,기술,1964-05,33
상공부장관박충훈,상공부장관 박충훈,기술,1964-06,23
상공부장관박충훈,상공부장관 박충훈,기술,1964-07,12
상공부장관박충훈,상공부장관 박충훈,기술,1964-08,0
상공부장관박충훈,상공부장관 박충훈,기술,1964-09,47
상공부장관박충훈,상공부장관 박충훈,기술,1964-10,36
상공부장관박충훈,상공부장관 박충훈,기술,1964-11,14
상공부장관박충훈,상공부장관 박충훈,기술,1964-12,0
상공부장관박충훈,상공부장관 박충훈,기술,1965-01,5
상공부장관박충훈,상공부장관 박충훈,기술,1965-02,0
상공부장관박충훈,상공부장관 박충훈,기술,1965-03,3
상공부장관박충훈,상공부장관 박충훈,기술,1965-04,0
상공부장관박충훈,상공부장관 박충훈,기술,1965-05,2
상공부장관박충훈,상공부장관 박충훈,기술,1965-06,25
상공부장관박충훈,상공부장관 박충훈,기술,1965-07,2
상공부장관박충훈,상공부장관 박충훈,기술,1965-08,4
상공부장관박충훈,상공부장관 박충훈,기술,1965-09,0
상공부장관박충훈,상공부장관 박충훈,기술,1965-10,18
상공부장관박충훈,상공부장관 박충훈,기술,1965-11,45
상공부장관박충훈,상공부장관 박충훈,기술,1965-12,5
상공부장관박충훈,상공부장관 박충훈,기술,1966-01,0
상공부장관박충훈,상공부장관 박충훈,기술,1966-02,39
상공부장관박충훈,상공부장관 박충훈,기술,1966-03,11
상공부장관박충훈,상공부장관 박충훈,기술,1966-04,29
상공부장관박충훈,상공부장관 박충훈,기술,1966-05,0
상공부장관박충훈,상공부장관 박충훈,기술,1966-06,7
상공부장관박충훈,상공부장관 박충훈,기술,1966-07,23
상공부장관박충훈,상공부장관 박충훈,기술,1966-08,3
상공부장관박충훈,상공부장관 박충훈,기술,1966-09,22
상공부장관박충훈,상공부장관 박충훈,기술,1966-10,30
상공부장관박충훈,상공부장관 박충훈,기술,1966-11,134
상공부장관박충훈,상공부장관 박충훈,기술,1966-12,17
상공부장관박충훈,상공부장관 박충훈,기술,1967-01,7
상공부장관박충훈,상공부장관 박충훈,기술,1967-02,0
상공부장관박충훈,상공부장관 박충훈,기술,1967-03,0
상공부장관박충훈,상공부장관 박충훈,기술,1967-07,0
상공부장관박충훈,상공부장관 박충훈,기술,1967-10,0
상공부장관박충훈,상공부장관 박충훈,기술,1967-11,0
상공부장관박충훈,상공부장관 박충훈,기술,1967-12,0
상공부장관박충훈,상공부장관 박충훈,기술,1968-01,0
상공부장관박충훈,상공부장관 박충훈,기술,1968-02,0
상공부장관박충훈,상공부장관 박충훈,기술,1968-03,0
상공부장관박충훈,상공부장관 박충훈,기술,1968-04,0
상공부장관박충훈,상공부장관 박충훈,기술,1968-05,0
상공부장관박충훈,상공부장관 박충훈,기술,1968-06,0
상공부장관박충훈,상공부장관 박충훈,기술,1968-07,0
상공부장관박충훈,상공부장관 박충훈,기술,1968-08,0
상공부장관박충훈,상공부장관 박충훈,기술,1968-09,0
상공부장관박충훈,상공부장관 박충훈,기술,1968-10,0
상공부장관박충훈,상공부장관 박충훈,기술,1968-11,0
상공부장관박충훈,상공부장관 박충훈,기술,1968-12,0
상공부장관박충훈,상공부장관 박충훈,기술,1969-01,0
상공부장관박충훈,상공부장관 박충훈,기술,1969-02,0
상공부장관박충훈,상공부장관 박충훈,기술,1969-03,0
상공부장관박충훈,상공부장관 박충훈,기술,1969-04,0
상공부장관박충훈,상공부장관 박충훈,기술,1969-05,0
상공부장관박충훈,상공부장관 박충훈,기술,1969-06,0
상공부장관박충훈,상공부장관 박충훈,기술,1969-07,0
상공부장관박충훈,상공부장관 박충훈,기술,1969-08,0
상공부장관박충훈,상공부장관 박충훈,기술,1969-09,0
상공부장관박충훈,상공부장관 박충훈,기술,1969-11,0
상공부장관박충훈,상공부장관 박충훈,기술,1969-12,0
상공부장관박충훈,상공부장관 박충훈,기술,1970-01,0
상공부장관박충훈,상공부장관 박충훈,기술,1970-02,0
상공부장관박충훈,상공부장관 박충훈,기술,1970-03,0
상공부장관박충훈,상공부장관 박충훈,기술,1970-04,0
상공부장관박충훈,상공부장관 박충훈,기술,1970-05,0
상공부장관박충훈,상공부장관 박충훈,기술,1970-06,0
상공부장관박충훈,상공부장관 박충훈,기술,1970-07,0
상공부장관박충훈,상공부장관 박충훈,기술,1970-08,0
상공부장관박충훈,상공부장관 박충훈,기술,1970-09,0
상공부장관박충훈,상공부장관 박충훈,기술,1970-10,0
상공부장관박충훈,상공부장관 박충훈,기술,1970-11,0
상공부장관박충훈,상공부장관 박충훈,기술,1970-12,0
상공부장관박충훈,상공부장관 박충훈,기술,1971-01,0
상공부장관박충훈,상공부장관 박충훈,기술,1971-07,0
상공부장관박충훈,상공부장관 박충훈,기술,1971-08,0
상공부장관박충훈,상공부장관 박충훈,기술,1971-09,0
상공부장관박충훈,상공부장관 박충훈,기술,1971-10,0
상공부장관박충훈,상공부장관 박충훈,기술,1971-11,0
상공부장관박충훈,상공부장관 박충훈,기술,1971-12,0
상공부장관박충훈,상공부장관 박충훈,기술,1972-01,0
상공부장관박충훈,상공부장관 박충훈,기술,1972-07,0
상공부장관박충훈,상공부장관 박충훈,기술,1972-08,0
상공부장관박충훈,상공부장관 박충훈,기술,1972-09,0
상공부장관박충훈,상공부장관 박충훈,기술,1972-10,0
상공부장관박충훈,상공부장관 박충훈,기술,1973-05,0
상공부장관박충훈,상공부장관 박충훈,기술,1973-06,0
상공부장관박충훈,상공부장관 박충훈,기술,1973-09,0
상공부장관박충훈,상공부장관 박충훈,기술,1974-08,0
상공부장관박충훈,상공부장관 박충훈,기술,1974-10,0
상공부장관박충훈,상공부장관 박충훈,기술,1975-11,0
상공부장관박충훈,상공부장관 박충훈,기술,1976-12,0
상공부장관박충훈,상공부장관 박충훈,기술,1978-11,0
상공부장관김정렴,상공부장관 김정렴,기술,1963-12,0
상공부장관김정렴,상공부장관 김정렴,기술,1964-01,0
상공부장관김정렴,상공부장관 김정렴,기술,1964-02,0
상공부장관김정렴,상공부장관 김정렴,기술,1964-03,0
상공부장관김정렴,상공부장관 김정렴,기술,1964-04,0
상공부장관김정렴,상공부장관 김정렴,기술,1964-05,0
상공부장관김정렴,상공부장관 김정렴,기술,1964-06,0
상공부장관김정렴,상공부장관 김정렴,기술,1964-07,0
상공부장관김정렴,상공부장관 김정렴,기술,1964-08,0
상공부장관김정렴,상공부장관 김정렴,기술,1964-09,0
상공부장관김정렴,상공부장관 김정렴,기술,1964-10,0
상공부장관김정렴,상공부장관 김정렴,기술,1964-11,0
상공부장관김정렴,상공부장관 김정렴,기술,1964-12,0
상공부장관김정렴,상공부장관 김정렴,기술,1965-01,0
상공부장관김정렴,상공부장관 김정렴,기술,1965-02,0
상공부장관김정렴,상공부장관 김정렴,기술,1965-03,0
상공부장관김정렴,상공부장관 김정렴,기술,1965-04,0
상공부장관김정렴,상공부장관 김정렴,기술,1965-05,0
상공부장관김정렴,상공부장관 김정렴,기술,1965-06,0
상공부장관김정렴,상공부장관 김정렴,기술,1965-07,0
상공부장관김정렴,상공부장관 김정렴,기술,1965-08,0
상공부장관김정렴,상공부장관 김정렴,기술,1965-09,0
상공부장관김정렴,상공부장관 김정렴,기술,1965-10,0
상공부장관김정렴,상공부장관 김정렴,기술,1965-11,0
상공부장관김정렴,상공부장관 김정렴,기술,1965-12,0
상공부장관김정렴,상공부장관 김정렴,기술,1966-01,0
상공부장관김정렴,상공부장관 김정렴,기술,1966-02,0
상공부장관김정렴,상공부장관 김정렴,기술,1966-03,0
상공부장관김정렴,상공부장관 김정렴,기술,1966-04,0
상공부장관김정렴,상공부장관 김정렴,기술,1966-05,0
상공부장관김정렴,상공부장관 김정렴,기술,1966-06,0
상공부장관김정렴,상공부장관 김정렴,기술,1966-07,0
상공부장관김정렴,상공부장관 김정렴,기술,1966-08,0
상공부장관김정렴,상공부장관 김정렴,기술,1966-09,0
상공부장관김정렴,상공부장관 김정렴,기술,1966-10,0
상공부장관김정렴,상공부장관 김정렴,기술,1966-11,0
상공부장관김정렴,상공부장관 김정렴,기술,1966-12,0
상공부장관김정렴,상공부장관 김정렴,기술,1967-01,0
상공부장관김정렴,상공부장관 김정렴,기술,1967-02,0
상공부장관김정렴,상공부장관 김정렴,기술,1967-03,0
상공부장관김정렴,상공부장관 김정렴,기술,1967-07,0
상공부장관김정렴,상공부장관 김정렴,기술,1967-10,26
상공부장관김정렴,상공부장관 김정렴,기술,1967-11,45
상공부장관김정렴,상공부장관 김정렴,기술,1967-12,80
상공부장관김정렴,상공부장관 김정렴,기술,1968-01,0
상공부장관김정렴,상공부장관 김정렴,기술,1968-02,23
상공부장관김정렴,상공부장관 김정렴,기술,1968-03,2
상공부장관김정렴,상공부장관 김정렴,기술,1968-04,13
상공부장관김정렴,상공부장관 김정렴,기술,1968-05,1
상공부장관김정렴,상공부장관 김정렴,기술,1968-06,119
상공부장관김정렴,상공부장관 김정렴,기술,1968-07,3
상공부장관김정렴,상공부장관 김정렴,기술,1968-08,0
상공부장관김정렴,상공부장관 김정렴,기술,1968-09,12
상공부장관김정렴,상공부장관 김정렴,기술,1968-10,139
상공부장관김정렴,상공부장관 김정렴,기술,1968-11,61
상공부장관김정렴,상공부장관 김정렴,기술,1968-12,17
상공부장관김정렴,상공부장관 김정렴,기술,1969-01,0
상공부장관김정렴,상공부장관 김정렴,기술,1969-02,0
상공부장관김정렴,상공부장관 김정렴,기술,1969-03,0
상공부장관김정렴,상공부장관 김정렴,기술,1969-04,42
상공부장관김정렴,상공부장관 김정렴,기술,1969-05,0
상공부장관김정렴,상공부장관 김정렴,기술,1969-06,9
상공부장관김정렴,상공부장관 김정렴,기술,1969-07,21
상공부장관김정렴,상공부장관 김정렴,기술,1969-08,0
상공부장관김정렴,상공부장관 김정렴,기술,1969-09,0
상공부장관김정렴,상공부장관 김정렴,기술,1969-11,0
상공부장관김정렴,상공부장관 김정렴,기술,1969-12,0
상공부장관김정렴,상공부장관 김정렴,기술,1970-01,0
상공부장관김정렴,상공부장관 김정렴,기술,1970-02,0
상공부장관김정렴,상공부장관 김정렴,기술,1970-03,0
상공부장관김정렴,상공부장관 김정렴,기술,1970-04,0
상공부장관김정렴,상공부장관 김정렴,기술,1970-05,0
상공부장관김정렴,상공부장관 김정렴,기술,1970-06,0
상공부장관김정렴,상공부장관 김정렴,기술,1970-07,0
상공부장관김정렴,상공부장관 김정렴,기술,1970-08,0
상공부장관김정렴,상공부장관 김정렴,기술,1970-09,0
상공부장관김정렴,상공부장관 김정렴,기술,1970-10,0
상공부장관김정렴,상공부장관 김정렴,기술,1970-11,0
상공부장관김정렴,상공부장관 김정렴,기술,1970-12,0
상공부장관김정렴,상공부장관 김정렴,기술,1971-01,0
상공부장관김정렴,상공부장관 김정렴,기술,1971-07,0
상공부장관김정렴,상공부장관 김정렴,기술,1971-08,0
상공부장관김정렴,상공부장관 김정렴,기술,1971-09,0
상공부장관김정렴,상공부장관 김정렴,기술,1971-10,0
상공부장관김정렴,상공부장관 김정렴,기술,1971-11,0
상공부장관김정렴,상공부장관 김정렴,기술,1971-12,0
상공부장관김정렴,상공부장관 김정렴,기술,1972-01,0
상공부장관김정렴,상공부장관 김정렴,기술,1972-07,0
상공부장관김정렴,상공부장관 김정렴,기술,1972-08,0
상공부장관김정렴,상공부장관 김정렴,기술,1972-09,0
상공부장관김정렴,상공부장관 김정렴,기술,1972-10,0
상공부장관김정렴,상공부장관 김정렴,기술,1973-05,0
상공부장관김정렴,상공부장관 김정렴,기술,1973-06,0
상공부장관김정렴,상공부장관 김정렴,기술,1973-09,0
상공부장관김정렴,상공부장관 김정렴,기술,1974-08,0
상공부장관김정렴,상공부장관 김정렴,기술,1974-10,0
상공부장관김정렴,상공부장관 김정렴,기술,1975-11,0
상공부장관김정렴,상공부장관 김정렴,기술,1976-12,0
상공부장관김정렴,상공부장관 김정렴,기술,1978-11,0
출석정부위원,출석 정부위원,기술,1963-12,0
출석정부위원,출석 정부위원,기술,1964-01,4
출석정부위원,출석 정부위원,기술,1964-02,8
출석정부위원,출석 정부위원,기술,1964-03,0
출석정부위원,출석 정부위원,기술,1964-04,0
출석정부위원,출석 정부위원,기술,1964-05,4
출석정부위원,출석 정부위원,기술,1964-06,0
출석정부위원,출석 정부위원,기술,1964-07,5
출석정부위원,출석 정부위원,기술,1964-08,0
출석정부위원,출석 정부위원,기술,1964-09,0
출석정부위원,출석 정부위원,기술,1964-10,9
출석정부위원,출석 정부위원,기술,1964-11,13
출석정부위원,출석 정부위원,기술,1964-12,1
출석정부위원,출석 정부위원,기술,1965-01,3
출석정부위원,출석 정부위원,기술,1965-02,0
출석정부위원,출석 정부위원,기술,1965-03,8
출석정부위원,출석 정부위원,기술,1965-04,0
출석정부위원,출석 정부위원,기술,1965-05,0
출석정부위원,출석 정부위원,기술,1965-06,4
출석정부위원,출석 정부위원,기술,1965-07,1
출석정부위원,출석 정부위원,기술,1965-08,3
출석정부위원,출석 정부위원,기술,1965-09,0
출석정부위원,출석 정부위원,기술,1965-10,4
출석정부위원,출석 정부위원,기술,1965-11,12
출석정부위원,출석 정부위원,기술,1965-12,8
출석정부위원,출석 정부위원,기술,1966-01,1
출석정부위원,출석 정부위원,기술,1966-02,7
출석정부위원,출석 정부위원,기술,1966-03,12
출석정부위원,출석 정부위원,기술,1966-04,2
출석정부위원,출석 정부위원,기술,1966-05,0
출석정부위원,출석 정부위원,기술,1966-06,9
출석정부위원,출석 정부위원,기술,1966-07,11
출석정부위원,출석 정부위원,기술,1966-08,0
출석정부위원,출석 정부위원,기술,1966-09,7
출석정부위원,출석 정부위원,기술,1966-10,4
출석정부위원,출석 정부위원,기술,1966-11,16
출석정부위원,출석 정부위원,기술,1966-12,10
출석정부위원,출석 정부위원,기술,1967-01,7
출석정부위원,출석 정부위원,기술,1967-02,5
출석정부위원,출석 정부위원,기술,1967-03,4
출석정부위원,출석 정부위원,기술,1967-07,0
출석정부위원,출석 정부위원,기술,1967-10,6
출석정부위원,출석 정부위원,기술,1967-11,3
출석정부위원,출석 정부위원,기술,1967-12,7
출석정부위원,출석 정부위원,기술,1968-01,0
출석정부위원,출석 정부위원,기술,1968-02,5
출석정부위원,출석 정부위원,기술,1968-03,2
출석정부위원,출석 정부위원,기술,1968-04,3
출석정부위원,출석 정부위원,기술,1968-05,1
출석정부위원,출석 정부위원,기술,1968-06,16
출석정부위원,출석 정부위원,기술,1968-07,3
출석정부위원,출석 정부위원,기술,1968-08,0
출석정부위원,출석 정부위원,기술,1968-09,3
출석정부위원,출석 정부위원,기술,1968-10,5
출석정부위원,출석 정부위원,기술,1968-11,14
출석정부위원,출석 정부위원,기술,1968-12,12
출석정부위원,출석 정부위원,기술,1969-01,1
출석정부위원,출석 정부위원,기술,1969-02,0
출석정부위원,출석 정부위원,기술,1969-03,1
출석정부위원,출석 정부위원,기술,1969-04,9
출석정부위원,출석 정부위원,기술,1969-05,0
출석정부위원,출석 정부위원,기술,1969-06,3
출석정부위원,출석 정부위원,기술,1969-07,0
출석정부위원,출석 정부위원,기술,1969-08,5
출석정부위원,출석 정부위원,기술,1969-09,0
출석정부위원,출석 정부위원,기술,1969-11,1
출석정부위원,출석 정부위원,기술,1969-12,9
출석정부위원,출석 정부위원,기술,1970-01,0
출석정부위원,출석 정부위원,기술,1970-02,0
출석정부위원,출석 정부위원,기술,1970-03,0
출석정부위원,출석 정부위원,기술,1970-04,1
출석정부위원,출석 정부위원,기술,1970-05,3
출석정부위원,출석 정부위원,기술,1970-06,0
출석정부위원,출석 정부위원,기술,1970-07,6
출석정부위원,출석 정부위원,기술,1970-08,0
출석정부위원,출석 정부위원,기술,1970-09,7
출석정부위원,출석 정부위원,기술,1970-10,1
출석정부위원,출석 정부위원,기술,1970-11,9
출석정부위원,출석 정부위원,기술,1970-12,6
출석정부위원,출석 정부위원,기술,1971-01,0
출석정부위원,출석 정부위원,기술,1971-07,1
출석정부위원,출석 정부위원,기술,1971-08,0
출석정부위원,출석 정부위원,기술,1971-09,1
출석정부위원,출석 정부위원,기술,1971-10,0
출석정부위원,출석 정부위원,기술,1971-11,0
출석정부위원,출석 정부위원,기술,1971-12,0
출석정부위원,출석 정부위원,기술,1972-01,0
출석정부위원,출석 정부위원,기술,1972-07,1
출석정부위원,출석 정부위원,기술,1972-08,0
출석정부위원,출석 정부위원,기술,1972-09,0
출석정부위원,출석 정부위원,기술,1972-10,0
출석정부위원,출석 정부위원,기술,1973-05,1
출석정부위원,출석 정부위원,기술,1973-06,0
출석정부위원,출석 정부위원,기술,1973-09,0
출석정부위원,출석 정부위원,기술,1974-08,0
출석정부위원,출석 정부위원,기술,1974-10,0
출석정부위원,출석 정부위원,기술,1975-11,0
출석정부위원,출석 정부위원,기술,1976-12,0
출석정부위원,출석 정부위원,기술,1978-11,0
노재필위원,노재필 위원,기술,1963-12,0
노재필위원,노재필 위원,기술,1964-01,1
노재필위원,노재필 위원,기술,1964-02,5
노재필위원,노재필 위원,기술,1964-03,0
노재필위원,노재필 위원,기술,1964-04,6
노재필위원,노재필 위원,기술,1964-05,5
노재필위원,노재필 위원,기술,1964-06,8
노재필위원,노재필 위원,기술,1964-07,33
노재필위원,노재필 위원,기술,1964-08,9
노재필위원,노재필 위원,기술,1964-09,15
노재필위원,노재필 위원,기술,1964-10,2
노재필위원,노재필 위원,기술,1964-11,31
노재필위원,노재필 위원,기술,1964-12,15
노재필위원,노재필 위원,기술,1965-01,0
노재필위원,노재필 위원,기술,1965-02,0
노재필위원,노재필 위원,기술,1965-03,19
노재필위원,노재필 위원,기술,1965-04,0
노재필위원,노재필 위원,기술,1965-05,0
노재필위원,노재필 위원,기술,1965-06,1
노재필위원,노재필 위원,기술,1965-07,4
노재필위원,노재필 위원,기술,1965-08,0
노재필위원,노재필 위원,기술,1965-09,0
노재필위원,노재필 위원,기술,1965-10,2
노재필위원,노재필 위원,기술,1965-11,25
노재필위원,노재필 위원,기술,1965-12,1
노재필위원,노재필 위원,기술,1966-01,1
노재필위원,노재필 위원,기술,1966-02,0
노재필위원,노재필 위원,기술,1966-03,4
노재필위원,노재필 위원,기술,1966-04,8
노재필위원,노재필 위원,기술,1966-05,2
노재필위원,노재필 위원,기술,1966-06,1
노재필위원,노재필 위원,기술,1966-07,5
노재필위원,노재필 위원,기술,1966-08,0
노재필위원,노재필 위원,기술,1966-09,2
노재필위원,노재필 위원,기술,1966-10,3
노재필위원,노재필 위원,기술,1966-11,4
노재필위원,노재필 위원,기술,1966-12,4
노재필위원,노재필 위원,기술,1967-01,2
노재필위원,노재필 위원,기술,1967-02,0
노재필위원,노재필 위원,기술,1967-03,0
노재필위원,노재필 위원,기술,1967-07,0
노재필위원,노재필 위원,기술,1967-10,16
노재필위원,노재필 위원,기술,1967-11,11
노재필위원,노재필 위원,기술,1967-12,12
노재필위원,노재필 위원,기술,1968-01,0
노재필위원,노재필 위원,기술,1968-02,5
노재필위원,노재필 위원,기술,1968-03,0
노재필위원,노재필 위원,기술,1968-04,1
노재필위원,노재필 위원,기술,1968-05,0
노재필위원,노재필 위원,기술,1968-06,6
노재필위원,노재필 위원,기술,1968-07,0
노재필위원,노재필 위원,기술,1968-08,0
노재필위원,노재필 위원,기술,1968-09,11
노재필위원,노재필 위원,기술,1968-10,9
노재필위원,노재필 위원,기술,1968-11,2
노재필위원,노재필 위원,기술,1968-12,1
노재필위원,노재필 위원,기술,1969-01,0
노재필위원,노재필 위원,기술,1969-02,0
노재필위원,노재필 위원,기술,1969-03,2
노재필위원,노재필 위원,기술,1969-04,4
노재필위원,노재필 위원,기술,1969-05,0
노재필위원,노재필 위원,기술,1969-06,2
노재필위원,노재필 위원,기술,1969-07,1
노재필위원,노재필 위원,기술,1969-08,0
노재필위원,노재필 위원,기술,1969-09,0
노재필위원,노재필 위원,기술,1969-11,0
노재필위원,노재필 위원,기술,1969-12,0
노재필위원,노재필 위원,기술,1970-01,0
노재필위원,노재필 위원,기술,1970-02,0
노재필위원,노재필 위원,기술,1970-03,0
노재필위원,노재필 위원,기술,1970-04,0
노재필위원,노재필 위원,기술,1970-05,0
노재필위원,노재필 위원,기술,1970-06,0
노재필위원,노재필 위원,기술,1970-07,2
노재필위원,노재필 위원,기술,1970-08,0
노재필위원,노재필 위원,기술,1970-09,0
노재필위원,노재필 위원,기술,1970-10,2
노재필위원,노재필 위원,기술,1970-11,0
노재필위원,노재필 위원,기술,1970-12,4
노재필위원,노재필 위원,기술,1971-01,0
노재필위원,노재필 위원,기술,1971-07,0
노재필위원,노재필 위원,기술,1971-08,0
노재필위원,노재필 위원,기술,1971-09,0
노재필위원,노재필 위원,기술,1971-10,0
노재필위원,노재필 위원,기술,1971-11,0
노재필위원,노재필 위원,기술,1971-12,0
노재필위원,노재필 위원,기술,1972-01,0
노재필위원,노재필 위원,기술,1972-07,0
노재필위원,노재필 위원,기술,1972-08,0
노재필위원,노재필 위원,기술,1972-09,0
노재필위원,노재필 위원,기술,1972-10,0
노재필위원,노재필 위원,기술,1973-05,0
노재필위원,노재필 위원,기술,1973-06,0
노재필위원,노재필 위원,기술,1973-09,0
노재필위원,노재필 위원,기술,1974-08,0
노재필위원,노재필 위원,기술,1974-10,0
노재필위원,노재필 위원,기술,1975-11,0
노재필위원,노재필 위원,기술,1976-12,0
노재필위원,노재필 위원,기술,1978-11,0
경제기획원장관장기영,경제기획원장관 장기영,소득,1963-12,0
경제기획원장관장기영,경제기획원장관 장기영,소득,1964-01,0
경제기획원장관장기영,경제기획원장관 장기영,소득,1964-02,0
경제기획원장관장기영,경제기획원장관 장기영,소득,1964-03,0
경제기획원장관장기영,경제기획원장관 장기영,소득,1964-04,0
경제기획원장관장기영,경제기획원장관 장기영,소득,1964-05,16
경제기획원장관장기영,경제기획원장관 장기영,소득,1964-06,7
경제기획원장관장기영,경제기획원장관 장기영,소득,1964-07,6
경제기획원장관장기영,경제기획원장관 장기영,소득,1964-08,0
경제기획원장관장기영,경제기획원장관 장기영,소득,1964-09,6
경제기획원장관장기영,경제기획원장관 장기영,소득,1964-10,105
경제기획원장관장기영,경제기획원장관 장기영,소득,1964-11,235
경제기획원장관장기영,경제기획원장관 장기영,소득,1964-12,11
경제기획원장관장기영,경제기획원장관 장기영,소득,1965-01,7
경제기획원장관장기영,경제기획원장관 장기영,소득,1965-02,0
경제기획원장관장기영,경제기획원장관 장기영,소득,1965-03,71
경제기획원장관장기영,경제기획원장관 장기영,소득,1965-04,0
경제기획원장관장기영,경제기획원장관 장기영,소득,1965-05,2
경제기획원장관장기영,경제기획원장관 장기영,소득,1965-06,30
경제기획원장관장기영,경제기획원장관 장기영,소득,1965-07,4
경제기획원장관장기영,경제기획원장관 장기영,소득,1965-08,5
경제기획원장관장기영,경제기획원장관 장기영,소득,1965-09,4
경제기획원장관장기영,경제기획원장관 장기영,소득,1965-10,1
경제기획원장관장기영,경제기획원장관 장기영,소득,1965-11,156
경제기획원장관장기영,경제기획원장관 장기영,소득,1965-12,51
경제기획원장관장기영,경제기획원장관 장기영,소득,1966-01,5
경제기획원장관장기영,경제기획원장관 장기영,소득,1966-02,35
경제기획원장관장기영,경제기획원장관 장기영,소득,1966-03,85
경제기획원장관장기영,경제기획원장관 장기영,소득,1966-04,70
경제기획원장관장기영,경제기획원장관 장기영,소득,1966-05,0
경제기획원장관장기영,경제기획원장관 장기영,소득,1966-06,7
경제기획원장관장기영,경제기획원장관 장기영,소득,1966-07,47
경제기획원장관장기영,경제기획원장관 장기영,소득,1966-08,9
경제기획원장관장기영,경제기획원장관 장기영,소득,1966-09,37
경제기획원장관장기영,경제기획원장관 장기영,소득,1966-10,44
경제기획원장관장기영,경제기획원장관 장기영,소득,1966-11,126
경제기획원장관장기영,경제기획원장관 장기영,소득,1966-12,17
경제기획원장관장기영,경제기획원장관 장기영,소득,1967-01,4
경제기획원장관장기영,경제기획원장관 장기영,소득,1967-02,11
경제기획원장관장기영,경제기획원장관 장기영,소득,1967-03,5
경제기획원장관장기영,경제기획원장관 장기영,소득,1967-07,0
경제기획원장관장기영,경제기획원장관 장기영,소득,1967-10,0
경제기획원장관장기영,경제기획원장관 장기영,소득,1967-11,0
경제기획원장관장기영,경제기획원장관 장기영,소득,1967-12,0
경제기획원장관장기영,경제기획원장관 장기영,소득,1968-01,0
경제기획원장관장기영,경제기획원장관 장기영,소득,1968-02,0
경제기획원장관장기영,경제기획원장관 장기영,소득,1968-03,0
경제기획원장관장기영,경제기획원장관 장기영,소득,1968-04,0
경제기획원장관장기영,경제기획원장관 장기영,소득,1968-05,0
경제기획원장관장기영,경제기획원장관 장기영,소득,1968-06,0
경제기획원장관장기영,경제기획원장관 장기영,소득,1968-07,0
경제기획원장관장기영,경제기획원장관 장기영,소득,1968-08,0
경제기획원장관장기영,경제기획원장관 장기영,소득,1968-09,0
경제기획원장관장기영,경제기획원장관 장기영,소득,1968-10,0
경제기획원장관장기영,경제기획원장관 장기영,소득,1968-11,0
경제기획원장관장기영,경제기획원장관 장기영,소득,1968-12,0
경제기획원장관장기영,경제기획원장관 장기영,소득,1969-01,0
경제기획원장관장기영,경제기획원장관 장기영,소득,1969-02,0
경제기획원장관장기영,경제기획원장관 장기영,소득,1969-03,0
경제기획원장관장기영,경제기획원장관 장기영,소득,1969-04,0
경제기획원장관장기영,경제기획원장관 장기영,소득,1969-05,0
경제기획원장관장기영,경제기획원장관 장기영,소득,1969-06,0
경제기획원장관장기영,경제기획원장관 장기영,소득,1969-07,0
경제기획원장관장기영,경제기획원장관 장기영,소득,1969-08,0
경제기획원장관장기영,경제기획원장관 장기영,소득,1969-09,0
경제기획원장관장기영,경제기획원장관 장기영,소득,1969-11,0
경제기획원장관장기영,경제기획원장관 장기영,소득,1969-12,0
경제기획원장관장기영,경제기획원장관 장기영,소득,1970-01,0
경제기획원장관장기영,경제기획원장관 장기영,소득,1970-02,0
경제기획원장관장기영,경제기획원장관 장기영,소득,1970-03,0
경제기획원장관장기영,경제기획원장관 장기영,소득,1970-04,0
경제기획원장관장기영,경제기획원장관 장기영,소득,1970-05,0
경제기획원장관장기영,경제기획원장관 장기영,소득,1970-06,0
경제기획원장관장기영,경제기획원장관 장기영,소득,1970-07,0
경제기획원장관장기영,경제기획원장관 장기영,소득,1970-08,0
경제기획원장관장기영,경제기획원장관 장기영,소득,1970-09,0
경제기획원장관장기영,경제기획원장관 장기영,소득,1970-10,0
경제기획원장관장기영,경제기획원장관 장기영,소득,1970-11,0
경제기획원장관장기영,경제기획원장관 장기영,소득,1970-12,0
경제기획원장관장기영,경제기획원장관 장기영,소득,1971-01,0
경제기획원장관장기영,경제기획원장관 장기영,소득,1971-07,0
경제기획원장관장기영,경제기획원장관 장기영,소득,1971-08,0
경제기획원장관장기영,경제기획원장관 장기영,소득,1971-09,0
경제기획원장관장기영,경제기획원장관 장기영,소득,1971-10,0
경제기획원장관장기영,경제기획원장관 장기영,소득,1971-11,0
경제기획원장관장기영,경제기획원장관 장기영,소득,1971-12,0
경제기획원장관장기영,경제기획원장관 장기영,소득,1972-01,0
경제기획원장관장기영,경제기획원장관 장기영,소득,1972-07,0
경제기획원장관장기영,경제기획원장관 장기영,소득,1972-08,0
경제기획원장관장기영,경제기획원장관 장기영,소득,1972-09,0
경제기획원장관장기영,경제기획원장관 장기영,소득,1972-10,0
경제기획원장관장기영,경제기획원장관 장기영,소득,1973-05,0
경제기획원장관장기영,경제기획원장관 장기영,소득,1973-06,0
경제기획원장관장기영,경제기획원장관 장기영,소득,1973-09,0
경제기획원장관장기영,경제기획원장관 장기영,소득,1974-08,0
경제기획원장관장기영,경제기획원장관 장기영,소득,1974-10,0
경제기획원장관장기영,경제기획원장관 장기영,소득,1975-11,0
경제기획원장관장기영,경제기획원장관 장기영,소득,1976-12,0
경제기획원장관장기영,경제기획원장관 장기영,소득,1978-11,0
고흥문위원,고흥문 위원,소득,1963-12,0
고흥문위원,고흥문 위원,소득,1964-01,1
고흥문위원,고흥문 위원,소득,1964-02,12
고흥문위원,고흥문 위원,소득,1964-03,4
고흥문위원,고흥문 위원,소득,1964-04,13
고흥문위원,고흥문 위원,소득,1964-05,10
고흥문위원,고흥문 위원,소득,1964-06,4
고흥문위원,고흥문 위원,소득,1964-07,4
고흥문위원,고흥문 위원,소득,1964-08,1
고흥문위원,고흥문 위원,소득,1964-09,4
고흥문위원,고흥문 위원,소득,1964-10,10
고흥문위원,고흥문 위원,소득,1964-11,34
고흥문위원,고흥문 위원,소득,1964-12,3
고흥문위원,고흥문 위원,소득,1965-01,4
고흥문위원,고흥문 위원,소득,1965-02,1
고흥문위원,고흥문 위원,소득,1965-03,24
고흥문위원,고흥문 위원,소득,1965-04,0
고흥문위원,고흥문 위원,소득,1965-05,0
고흥문위원,고흥문 위원,소득,1965-06,0
고흥문위원,고흥문 위원,소득,1965-07,2
고흥문위원,고흥문 위원,소득,1965-08,2
고흥문위원,고흥문 위원,소득,1965-09,0
고흥문위원,고흥문 위원,소득,1965-10,8
고흥문위원,고흥문 위원,소득,1965-11,47
고흥문위원,고흥문 위원,소득,1965-12,2
고흥문위원,고흥문 위원,소득,1966-01,0
고흥문위원,고흥문 위원,소득,1966-02,5
고흥문위원,고흥문 위원,소득,1966-03,10
고흥문위원,고흥문 위원,소득,1966-04,38
고흥문위원,고흥문 위원,소득,1966-05,0
고흥문위원,고흥문 위원,소득,1966-06,11
고흥문위원,고흥문 위원,소득,1966-07,9
고흥문위원,고흥문 위원,소득,1966-08,2
고흥문위원,고흥문 위원,소득,1966-09,1
고흥문위원,고흥문 위원,소득,1966-10,32
고흥문위원,고흥문 위원,소득,1966-11,91
고흥문위원,고흥문 위원,소득,1966-12,3
고흥문위원,고흥문 위원,소득,1967-01,6
고흥문위원,고흥문 위원,소득,1967-02,3
고흥문위원,고흥문 위원,소득,1967-03,2
고흥문위원,고흥문 위원,소득,1967-07,0
고흥문위원,고흥문 위원,소득,1967-10,0
고흥문위원,고흥문 위원,소득,1967-11,0
고흥문위원,고흥문 위원,소득,1967-12,31
고흥문위원,고흥문 위원,소득,1968-01,0
고흥문위원,고흥문 위원,소득,1968-02,17
고흥문위원,고흥문 위원,소득,1968-03,9
고흥문위원,고흥문 위원,소득,1968-04,0
고흥문위원,고흥문 위원,소득,1968-05,0
고흥문위원,고흥문 위원,소득,1968-06,50
고흥문위원,고흥문 위원,소득,1968-07,1
고흥문위원,고흥문 위원,소득,1968-08,0
고흥문위원,고흥문 위원,소득,1968-09,22
고흥문위원,고흥문 위원,소득,1968-10,53
고흥문위원,고흥문 위원,소득,1968-11,47
고흥문위원,고흥문 위원,소득,1968-12,20
고흥문위원,고흥문 위원,소득,1969-01,0
고흥문위원,고흥문 위원,소득,1969-02,0
고흥문위원,고흥문 위원,소득,1969-03,0
고흥문위원,고흥문 위원,소득,1969-04,39
고흥문위원,고흥문 위원,소득,1969-05,0
고흥문위원,고흥문 위원,소득,1969-06,0
고흥문위원,고흥문 위원,소득,1969-07,11
고흥문위원,고흥문 위원,소득,1969-08,12
고흥문위원,고흥문 위원,소득,1969-09,0
고흥문위원,고흥문 위원,소득,1969-11,0
고흥문위원,고흥문 위원,소득,1969-12,0
고흥문위원,고흥문 위원,소득,1970-01,0
고흥문위원,고흥문 위원,소득,1970-02,0
고흥문위원,고흥문 위원,소득,1970-03,0
고흥문위원,고흥문 위원,소득,1970-04,0
고흥문위원,고흥문 위원,소득,1970-05,33
고흥문위원,고흥문 위원,소득,1970-06,0
고흥문위원,고흥문 위원,소득,1970-07,5
고흥문위원,고흥문 위원,소득,1970-08,0
고흥문위원,고흥문 위원,소득,1970-09,10
고흥문위원,고흥문 위원,소득,1970-10,55
고흥문위원,고흥문 위원,소득,1970-11,59
고흥문위원,고흥문 위원,소득,1970-12,21
고흥문위원,고흥문 위원,소득,1971-01,0
고흥문위원,고흥문 위원,소득,1971-07,0
고흥문위원,고흥문 위원,소득,1971-08,0
고흥문위원,고흥문 위원,소득,1971-09,0
고흥문위원,고흥문 위원,소득,1971-10,0
고흥문위원,고흥문 위원,소득,1971-11,14
고흥문위원,고흥문 위원,소득,1971-12,0
고흥문위원,고흥문 위원,소득,1972-01,0
고흥문위원,고흥문 위원,소득,1972-07,0
고흥문위원,고흥문 위원,소득,1972-08,0
고흥문위원,고흥문 위원,소득,1972-09,0
고흥문위원,고흥문 위원,소득,1972-10,0
고흥문위원,고흥문 위원,소득,1973-05,0
고흥문위원,고흥문 위원,소득,1973-06,0
고흥문위원,고흥문 위원,소득,1973-09,0
고흥문위원,고흥문 위원,소득,1974-08,0
고흥문위원,고흥문 위원,소득,1974-10,0
고흥문위원,고흥문 위원,소득,1975-11,0
고흥문위원,고흥문 위원,소득,1976-12,0
고흥문위원,고흥문 위원,소득,1978-11,0
김대중위원,김대중 위원,소득,1963-12,0
김대중위원,김대중 위원,소득,1964-01,3
김대중위원,김대중 위원,소득,1964-02,26
김대중위원,김대중 위원,소득,1964-03,5
김대중위원,김대중 위원,소득,1964-04,15
김대중위원,김대중 위원,소득,1964-05,19
김대중위원,김대중 위원,소득,1964-06,13
김대중위원,김대중 위원,소득,1964-07,5
김대중위원,김대중 위원,소득,1964-08,0
김대중위원,김대중 위원,소득,1964-09,1
김대중위원,김대중 위원,소득,1964-10,59
김대중위원,김대중 위원,소득,1964-11,163
김대중위원,김대중 위원,소득,1964-12,13
김대중위원,김대중 위원,소득,1965-01,11
김대중위원,김대중 위원,소득,1965-02,1
김대중위원,김대중 위원,소득,1965-03,45
김대중위원,김대중 위원,소득,1965-04,1
김대중위원,김대중 위원,소득,1965-05,11
김대중위원,김대중 위원,소득,1965-06,12
김대중위원,김대중 위원,소득,1965-07,3
김대중위원,김대중 위원,소득,1965-08,2
김대중위원,김대중 위원,소득,1965-09,0
김대중위원,김대중 위원,소득,1965-10,3
김대중위원,김대중 위원,소득,1965-11,20
김대중위원,김대중 위원,소득,1965-12,12
김대중위원,김대중 위원,소득,1966-01,5
김대중위원,김대중 위원,소득,1966-02,12
김대중위원,김대중 위원,소득,1966-03,0
김대중위원,김대중 위원,소득,1966-04,0
김대중위원,김대중 위원,소득,1966-05,0
김대중위원,김대중 위원,소득,1966-06,17
김대중위원,김대중 위원,소득,1966-07,11
김대중위원,김대중 위원,소득,1966-08,9
김대중위원,김대중 위원,소득,1966-09,2
김대중위원,김대중 위원,소득,1966-10,22
김대중위원,김대중 위원,소득,1966-11,70
김대중위원,김대중 위원,소득,1966-12,40
김대중위원,김대중 위원,소득,1967-01,3
김대중위원,김대중 위원,소득,1967-02,2
김대중위원,김대중 위원,소득,1967-03,3
김대중위원,김대중 위원,소득,1967-07,0
김대중위원,김대중 위원,소득,1967-10,0
김대중위원,김대중 위원,소득,1967-11,0
김대중위원,김대중 위원,소득,1967-12,38
김대중위원,김대중 위원,소득,1968-01,0
김대중위원,김대중 위원,소득,1968-02,6
김대중위원,김대중 위원,소득,1968-03,4
김대중위원,김대중 위원,소득,1968-04,2
김대중위원,김대중 위원,소득,1968-05,0
김대중위원,김대중 위원,소득,1968-06,25
김대중위원,김대중 위원,소득,1968-07,0
김대중위원,김대중 위원,소득,1968-08,0
김대중위원,김대중 위원,소득,1968-09,6
김대중위원,김대중 위원,소득,1968-10,23
김대중위원,김대중 위원,소득,1968-11,30
김대중위원,김대중 위원,소득,1968-12,2
김대중위원,김대중 위원,소득,1969-01,0
김대중위원,김대중 위원,소득,1969-02,0
김대중위원,김대중 위원,소득,1969-03,0
김대중위원,김대중 위원,소득,1969-04,6
김대중위원,김대중 위원,소득,1969-05,0
김대중위원,김대중 위원,소득,1969-06,0
김대중위원,김대중 위원,소득,1969-07,2
김대중위원,김대중 위원,소득,1969-08,7
김대중위원,김대중 위원,소득,1969-09,0
김대중위원,김대중 위원,소득,1969-11,0
김대중위원,김대중 위원,소득,1969-12,0
김대중위원,김대중 위원,소득,1970-01,0
김대중위원,김대중 위원,소득,1970-02,0
김대중위원,김대중 위원,소득,1970-03,0
김대중위원,김대중 위원,소득,1970-04,0
김대중위원,김대중 위원,소득,1970-05,20
김대중위원,김대중 위원,소득,1970-06,1
김대중위원,김대중 위원,소득,1970-07,4
김대중위원,김대중 위원,소득,1970-08,0
김대중위원,김대중 위원,소득,1970-09,0
김대중위원,김대중 위원,소득,1970-10,0
김대중위원,김대중 위원,소득,1970-11,0
김대중위원,김대중 위원,소득,1970-12,0
김대중위원,김대중 위원,소득,1971-01,0
김대중위원,김대중 위원,소득,1971-07,0
김대중위원,김대중 위원,소득,1971-08,0
김대중위원,김대중 위원,소득,1971-09,0
김대중위원,김대중 위원,소득,1971-10,0
김대중위원,김대중 위원,소득,1971-11,0
김대중위원,김대중 위원,소득,1971-12,0
김대중위원,김대중 위원,소득,1972-01,0
김대중위원,김대중 위원,소득,1972-07,0
김대중위원,김대중 위원,소득,1972-08,0
김대중위원,김대중 위원,소득,1972-09,0
김대중위원,김대중 위원,소득,1972-10,0
김대중위원,김대중 위원,소득,1973-05,0
김대중위원,김대중 위원,소득,1973-06,0
김대중위원,김대중 위원,소득,1973-09,0
김대중위원,김대중 위원,소득,1974-08,0
김대중위원,김대중 위원,소득,1974-10,0
김대중위원,김대중 위원,소득,1975-11,0
김대중위원,김대중 위원,소득,1976-12,0
김대중위원,김대중 위원,소득,1978-11,0
기타참석자,기타 참석자,소득,1963-12,0
기타참석자,기타 참석자,소득,1964-01,0
기타참석자,기타 참석자,소득,1964-02,0
기타참석자,기타 참석자,소득,1964-03,1
기타참석자,기타 참석자,소득,1964-04,2
기타참석자,기타 참석자,소득,1964-05,5
기타참석자,기타 참석자,소득,1964-06,2
기타참석자,기타 참석자,소득,1964-07,5
기타참석자,기타 참석자,소득,1964-08,0
기타참석자,기타 참석자,소득,1964-09,0
기타참석자,기타 참석자,소득,1964-10,32
기타참석자,기타 참석자,소득,1964-11,64
기타참석자,기타 참석자,소득,1964-12,8
기타참석자,기타 참석자,소득,1965-01,6
기타참석자,기타 참석자,소득,1965-02,0
기타참석자,기타 참석자,소득,1965-03,7
기타참석자,기타 참석자,소득,1965-04,0
기타참석자,기타 참석자,소득,1965-05,4
기타참석자,기타 참석자,소득,1965-06,9
기타참석자,기타 참석자,소득,1965-07,3
기타참석자,기타 참석자,소득,1965-08,3
기타참석자,기타 참석자,소득,1965-09,1
기타참석자,기타 참석자,소득,1965-10,2
기타참석자,기타 참석자,소득,1965-11,64
기타참석자,기타 참석자,소득,1965-12,15
기타참석자,기타 참석자,소득,1966-01,5
기타참석자,기타 참석자,소득,1966-02,14
기타참석자,기타 참석자,소득,1966-03,18
기타참석자,기타 참석자,소득,1966-04,9
기타참석자,기타 참석자,소득,1966-05,0
기타참석자,기타 참석자,소득,1966-06,13
기타참석자,기타 참석자,소득,1966-07,13
기타참석자,기타 참석자,소득,1966-08,3
기타참석자,기타 참석자,소득,1966-09,12
기타참석자,기타 참석자,소득,1966-10,4
기타참석자,기타 참석자,소득,1966-11,42
기타참석자,기타 참석자,소득,1966-12,13
기타참석자,기타 참석자,소득,1967-01,10
기타참석자,기타 참석자,소득,1967-02,4
기타참석자,기타 참석자,소득,1967-03,4
기타참석자,기타 참석자,소득,1967-07,0
기타참석자,기타 참석자,소득,1967-10,13
기타참석자,기타 참석자,소득,1967-11,9
기타참석자,기타 참석자,소득,1967-12,43
기타참석자,기타 참석자,소득,1968-01,0
기타참석자,기타 참석자,소득,1968-02,7
기타참석자,기타 참석자,소득,1968-03,3
기타참석자,기타 참석자,소득,1968-04,9
기타참석자,기타 참석자,소득,1968-05,3
기타참석자,기타 참석자,소득,1968-06,27
기타참석자,기타 참석자,소득,1968-07,4
기타참석자,기타 참석자,소득,1968-08,0
기타참석자,기타 참석자,소득,1968-09,2
기타참석자,기타 참석자,소득,1968-10,6
기타참석자,기타 참석자,소득,1968-11,2
기타참석자,기타 참석자,소득,1968-12,2
기타참석자,기타 참석자,소득,1969-01,2
기타참석자,기타 참석자,소득,1969-02,0
기타참석자,기타 참석자,소득,1969-03,0
기타참석자,기타 참석자,소득,1969-04,3
기타참석자,기타 참석자,소득,1969-05,0
기타참석자,기타 참석자,소득,1969-06,1
기타참석자,기타 참석자,소득,1969-07,0
기타참석자,기타 참석자,소득,1969-08,0
기타참석자,기타 참석자,소득,1969-09,0
기타참석자,기타 참석자,소득,1969-11,1
기타참석자,기타 참석자,소득,1969-12,6
기타참석자,기타 참석자,소득,1970-01,0
기타참석자,기타 참석자,소득,1970-02,0
기타참석자,기타 참석자,소득,1970-03,0
기타참석자,기타 참석자,소득,1970-04,0
기타참석자,기타 참석자,소득,1970-05,0
기타참석자,기타 참석자,소득,1970-06,1
기타참석자,기타 참석자,소득,1970-07,3
기타참석자,기타 참석자,소득,1970-08,2
기타참석자,기타 참석자,소득,1970-09,2
기타참석자,기타 참석자,소득,1970-10,0
기타참석자,기타 참석자,소득,1970-11,3
기타참석자,기타 참석자,소득,1970-12,1
기타참석자,기타 참석자,소득,1971-01,0
기타참석자,기타 참석자,소득,1971-07,0
기타참석자,기타 참석자,소득,1971-08,0
기타참석자,기타 참석자,소득,1971-09,0
기타참석자,기타 참석자,소득,1971-10,0
기타참석자,기타 참석자,소득,1971-11,0
기타참석자,기타 참석자,소득,1971-12,1
기타참석자,기타 참석자,소득,1972-01,0
기타참석자,기타 참석자,소득,1972-07,0
기타참석자,기타 참석자,소득,1972-08,0
기타참석자,기타 참석자,소득,1972-09,0
기타참석자,기타 참석자,소득,1972-10,0
기타참석자,기타 참석자,소득,1973-05,0
기타참석자,기타 참석자,소득,1973-06,0
기타참석자,기타 참석자,소득,1973-09,0
기타참석자,기타 참석자,소득,1974-08,0
기타참석자,기타 참석자,소득,1974-10,0
기타참석자,기타 참석자,소득,1975-11,0
기타참석자,기타 참석자,소득,1976-12,0
기타참석자,기타 참석자,소득,1978-11,0
이충환위원,이충환 위원,소득,1963-12,1
이충환위원,이충환 위원,소득,1964-01,8
이충환위원,이충환 위원,소득,1964-02,41
이충환위원,이충환 위원,소득,1964-03,11
이충환위원,이충환 위원,소득,1964-04,24
이충환위원,이충환 위원,소득,1964-05,32
이충환위원,이충환 위원,소득,1964-06,15
이충환위원,이충환 위원,소득,1964-07,10
이충환위원,이충환 위원,소득,1964-08,0
이충환위원,이충환 위원,소득,1964-09,3
이충환위원,이충환 위원,소득,1964-10,82
이충환위원,이충환 위원,소득,1964-11,152
이충환위원,이충환 위원,소득,1964-12,13
이충환위원,이충환 위원,소득,1965-01,8
이충환위원,이충환 위원,소득,1965-02,1
이충환위원,이충환 위원,소득,1965-03,27
이충환위원,이충환 위원,소득,1965-04,3
이충환위원,이충환 위원,소득,1965-05,7
이충환위원,이충환 위원,소득,1965-06,21
이충환위원,이충환 위원,소득,1965-07,3
이충환위원,이충환 위원,소득,1965-08,6
이충환위원,이충환 위원,소득,1965-09,0
이충환위원,이충환 위원,소득,1965-10,2
이충환위원,이충환 위원,소득,1965-11,79
이충환위원,이충환 위원,소득,1965-12,25
이충환위원,이충환 위원,소득,1966-01,8
이충환위원,이충환 위원,소득,1966-02,12
이충환위원,이충환 위원,소득,1966-03,30
이충환위원,이충환 위원,소득,1966-04,7
이충환위원,이충환 위원,소득,1966-05,0
이충환위원,이충환 위원,소득,1966-06,15
이충환위원,이충환 위원,소득,1966-07,19
이충환위원,이충환 위원,소득,1966-08,9
이충환위원,이충환 위원,소득,1966-09,2
이충환위원,이충환 위원,소득,1966-10,46
이충환위원,이충환 위원,소득,1966-11,23
이충환위원,이충환 위원,소득,1966-12,31
이충환위원,이충환 위원,소득,1967-01,5
이충환위원,이충환 위원,소득,1967-02,11
이충환위원,이충환 위원,소득,1967-03,6
이충환위원,이충환 위원,소득,1967-07,0
이충환위원,이충환 위원,소득,1967-10,0
이충환위원,이충환 위원,소득,1967-11,0
이충환위원,이충환 위원,소득,1967-12,0
이충환위원,이충환 위원,소득,1968-01,0
이충환위원,이충환 위원,소득,1968-02,0
이충환위원,이충환 위원,소득,1968-03,0
이충환위원,이충환 위원,소득,1968-04,0
이충환위원,이충환 위원,소득,1968-05,0
이충환위원,이충환 위원,소득,1968-06,0
이충환위원,이충환 위원,소득,1968-07,0
이충환위원,이충환 위원,소득,1968-08,0
이충환위원,이충환 위원,소득,1968-09,0
이충환위원,이충환 위원,소득,1968-10,0
이충환위원,이충환 위원,소득,1968-11,0
이충환위원,이충환 위원,소득,1968-12,0
이충환위원,이충환 위원,소득,1969-01,0
이충환위원,이충환 위원,소득,1969-02,0
이충환위원,이충환 위원,소득,1969-03,0
이충환위원,이충환 위원,소득,1969-04,0
이충환위원,이충환 위원,소득,1969-05,0
이충환위원,이충환 위원,소득,1969-06,0
이충환위원,이충환 위원,소득,1969-07,0
이충환위원,이충환 위원,소득,1969-08,0
이충환위원,이충환 위원,소득,1969-09,0
이충환위원,이충환 위원,소득,1969-11,0
이충환위원,이충환 위원,소득,1969-12,0
이충환위원,이충환 위원,소득,1970-01,0
이충환위원,이충환 위원,소득,1970-02,0
이충환위원,이충환 위원,소득,1970-03,0
이충환위원,이충환 위원,소득,1970-04,0
이충환위원,이충환 위원,소득,1970-05,0
이충환위원,이충환 위원,소득,1970-06,0
이충환위원,이충환 위원,소득,1970-07,0
이충환위원,이충환 위원,소득,1970-08,0
이충환위원,이충환 위원,소득,1970-09,0
이충환위원,이충환 위원,소득,1970-10,0
이충환위원,이충환 위원,소득,1970-11,0
이충환위원,이충환 위원,소득,1970-12,0
이충환위원,이충환 위원,소득,1971-01,0
이충환위원,이충환 위원,소득,1971-07,0
이충환위원,이충환 위원,소득,1971-08,0
이충환위원,이충환 위원,소득,1971-09,0
이충환위원,이충환 위원,소득,1971-10,0
이충환위원,이충환 위원,소득,1971-11,0
이충환위원,이충환 위원,소득,1971-12,0
이충환위원,이충환 위원,소득,1972-01,0
이충환위원,이충환 위원,소득,1972-07,0
이충환위원,이충환 위원,소득,1972-08,0
이충환위원,이충환 위원,소득,1972-09,0
이충환위원,이충환 위원,소득,1972-10,0
이충환위원,이충환 위원,소득,1973-05,0
이충환위원,이충환 위원,소득,1973-06,0
이충환위원,이충환 위원,소득,1973-09,0
이충환위원,이충환 위원,소득,1974-08,0
이충환위원,이충환 위원,소득,1974-10,0
이충환위원,이충환 위원,소득,1975-11,0
이충환위원,이충환 위원,소득,1976-12,0
이충환위원,이충환 위원,소득,1978-11,0
위원장양순직,위원장 양순직,소득,1963-12,0
위원장양순직,위원장 양순직,소득,1964-01,0
위원장양순직,위원장 양순직,소득,1964-02,0
위원장양순직,위원장 양순직,소득,1964-03,0
위원장양순직,위원장 양순직,소득,1964-04,0
위원장양순직,위원장 양순직,소득,1964-05,0
위원장양순직,위원장 양순직,소득,1964-06,0
위원장양순직,위원장 양순직,소득,1964-07,0
위원장양순직,위원장 양순직,소득,1964-08,0
위원장양순직,위원장 양순직,소득,1964-09,0
위원장양순직,위원장 양순직,소득,1964-10,0
위원장양순직,위원장 양순직,소득,1964-11,0
위원장양순직,위원장 양순직,소득,1964-12,0
위원장양순직,위원장 양순직,소득,1965-01,0
위원장양순직,위원장 양순직,소득,1965-02,0
위원장양순직,위원장 양순직,소득,1965-03,0
위원장양순직,위원장 양순직,소득,1965-04,0
위원장양순직,위원장 양순직,소득,1965-05,0
위원장양순직,위원장 양순직,소득,1965-06,0
위원장양순직,위원장 양순직,소득,1965-07,0
위원장양순직,위원장 양순직,소득,1965-08,0
위원장양순직,위원장 양순직,소득,1965-09,0
위원장양순직,위원장 양순직,소득,1965-10,0
위원장양순직,위원장 양순직,소득,1965-11,1
위원장양순직,위원장 양순직,소득,1965-12,1
위원장양순직,위원장 양순직,소득,1966-01,12
위원장양순직,위원장 양순직,소득,1966-02,17
위원장양순직,위원장 양순직,소득,1966-03,27
위원장양순직,위원장 양순직,소득,1966-04,24
위원장양순직,위원장 양순직,소득,1966-05,0
위원장양순직,위원장 양순직,소득,1966-06,8
위원장양순직,위원장 양순직,소득,1966-07,38
위원장양순직,위원장 양순직,소득,1966-08,6
위원장양순직,위원장 양순직,소득,1966-09,19
위원장양순직,위원장 양순직,소득,1966-10,28
위원장양순직,위원장 양순직,소득,1966-11,79
위원장양순직,위원장 양순직,소득,1966-12,20
위원장양순직,위원장 양순직,소득,1967-01,19
위원장양순직,위원장 양순직,소득,1967-02,12
위원장양순직,위원장 양순직,소득,1967-03,13
위원장양순직,위원장 양순직,소득,1967-07,0
위원장양순직,위원장 양순직,소득,1967-10,46
위원장양순직,위원장 양순직,소득,1967-11,27
위원장양순직,위원장 양순직,소득,1967-12,55
위원장양순직,위원장 양순직,소득,1968-01,0
위원장양순직,위원장 양순직,소득,1968-02,18
위원장양순직,위원장 양순직,소득,1968-03,6
위원장양순직,위원장 양순직,소득,1968-04,5
위원장양순직,위원장 양순직,소득,1968-05,0
위원장양순직,위원장 양순직,소득,1968-06,57
위원장양순직,위원장 양순직,소득,1968-07,2
위원장양순직,위원장 양순직,소득,1968-08,0
위원장양순직,위원장 양순직,소득,1968-09,43
위원장양순직,위원장 양순직,소득,1968-10,40
위원장양순직,위원장 양순직,소득,1968-11,51
위원장양순직,위원장 양순직,소득,1968-12,25
위원장양순직,위원장 양순직,소득,1969-01,0
위원장양순직,위원장 양순직,소득,1969-02,0
위원장양순직,위원장 양순직,소득,1969-03,0
위원장양순직,위원장 양순직,소득,1969-04,3
위원장양순직,위원장 양순직,소득,1969-05,0
위원장양순직,위원장 양순직,소득,1969-06,0
위원장양순직,위원장 양순직,소득,1969-07,0
위원장양순직,위원장 양순직,소득,1969-08,0
위원장양순직,위원장 양순직,소득,1969-09,0
위원장양순직,위원장 양순직,소득,1969-11,0
위원장양순직,위원장 양순직,소득,1969-12,0
위원장양순직,위원장 양순직,소득,1970-01,0
위원장양순직,위원장 양순직,소득,1970-02,0
위원장양순직,위원장 양순직,소득,1970-03,0
위원장양순직,위원장 양순직,소득,1970-04,0
위원장양순직,위원장 양순직,소득,1970-05,0
위원장양순직,위원장 양순직,소득,1970-06,0
위원장양순직,위원장 양순직,소득,1970-07,0
위원장양순직,위원장 양순직,소득,1970-08,0
위원장양순직,위원장 양순직,소득,1970-09,0
위원장양순직,위원장 양순직,소득,1970-10,0
위원장양순직,위원장 양순직,소득,1970-11,0
위원장양순직,위원장 양순직,소득,1970-12,0
위원장양순직,위원장 양순직,소득,1971-01,0
위원장양순직,위원장 양순직,소득,1971-07,0
위원장양순직,위원장 양순직,소득,1971-08,0
위원장양순직,위원장 양순직,소득,1971-09,0
위원장양순직,위원장 양순직,소득,1971-10,0
위원장양순직,위원장 양순직,소득,1971-11,0
위원장양순직,위원장 양순직,소득,1971-12,0
위원장양순직,위원장 양순직,소득,1972-01,0
위원장양순직,위원장 양순직,소득,1972-07,0
위원장양순직,위원장 양순직,소득,1972-08,0
위원장양순직,위원장 양순직,소득,1972-09,0
위원장양순직,위원장 양순직,소득,1972-10,0
위원장양순직,위원장 양순직,소득,1973-05,0
위원장양순직,위원장 양순직,소득,1973-06,0
위원장양순직,위원장 양순직,소득,1973-09,0
위원장양순직,위원장 양순직,소득,1974-08,0
위원장양순직,위원장 양순직,소득,1974-10,0
위원장양순직,위원장 양순직,소득,1975-11,0
위원장양순직,위원장 양순직,소득,1976-12,0
위원장양순직,위원장 양순직,소득,1978-11,0
김재광위원,김재광 위원,소득,1963-12,19
김재광위원,김재광 위원,소득,1964-01,19
김재광위원,김재광 위원,소득,1964-02,22
김재광위원,김재광 위원,소득,1964-03,2
김재광위원,김재광 위원,소득,1964-04,8
김재광위원,김재광 위원,소득,1964-05,21
김재광위원,김재광 위원,소득,1964-06,6
김재광위원,김재광 위원,소득,1964-07,5
김재광위원,김재광 위원,소득,1964-08,2
김재광위원,김재광 위원,소득,1964-09,47
김재광위원,김재광 위원,소득,1964-10,28
김재광위원,김재광 위원,소득,1964-11,37
김재광위원,김재광 위원,소득,1964-12,1
김재광위원,김재광 위원,소득,1965-01,1
김재광위원,김재광 위원,소득,1965-02,0
김재광위원,김재광 위원,소득,1965-03,5
김재광위원,김재광 위원,소득,1965-04,0
김재광위원,김재광 위원,소득,1965-05,1
김재광위원,김재광 위원,소득,1965-06,8
김재광위원,김재광 위원,소득,1965-07,6
김재광위원,김재광 위원,소득,1965-08,4
김재광위원,김재광 위원,소득,1965-09,0
김재광위원,김재광 위원,소득,1965-10,0
김재광위원,김재광 위원,소득,1965-11,0
김재광위원,김재광 위원,소득,1965-12,0
김재광위원,김재광 위원,소득,1966-01,0
김재광위원,김재광 위원,소득,1966-02,0
김재광위원,김재광 위원,소득,1966-03,0
김재광위원,김재광 위원,소득,1966-04,0
김재광위원,김재광 위원,소득,1966-05,0
김재광위원,김재광 위원,소득,1966-06,0
김재광위원,김재광 위원,소득,1966-07,0
김재광위원,김재광 위원,소득,1966-08,0
김재광위원,김재광 위원,소득,1966-09,0
김재광위원,김재광 위원,소득,1966-10,0
김재광위원,김재광 위원,소득,1966-11,0
김재광위원,김재광 위원,소득,1966-12,0
김재광위원,김재광 위원,소득,1967-01,0
김재광위원,김재광 위원,소득,1967-02,0
김재광위원,김재광 위원,소득,1967-03,0
김재광위원,김재광 위원,소득,1967-07,0
김재광위원,김재광 위원,소득,1967-10,0
김재광위원,김재광 위원,소득,1967-11,0
김재광위원,김재광 위원,소득,1967-12,68
김재광위원,김재광 위원,소득,1968-01,0
김재광위원,김재광 위원,소득,1968-02,14
김재광위원,김재광 위원,소득,1968-03,4
김재광위원,김재광 위원,소득,1968-04,3
김재광위원,김재광 위원,소득,1968-05,1
김재광위원,김재광 위원,소득,1968-06,37
김재광위원,김재광 위원,소득,1968-07,1
김재광위원,김재광 위원,소득,1968-08,0
김재광위원,김재광 위원,소득,1968-09,10
김재광위원,김재광 위원,소득,1968-10,27
김재광위원,김재광 위원,소득,1968-11,38
김재광위원,김재광 위원,소득,1968-12,11
김재광위원,김재광 위원,소득,1969-01,0
김재광위원,김재광 위원,소득,1969-02,0
김재광위원,김재광 위원,소득,1969-03,0
김재광위원,김재광 위원,소득,1969-04,0
김재광위원,김재광 위원,소득,1969-05,1
김재광위원,김재광 위원,소득,1969-06,0
김재광위원,김재광 위원,소득,1969-07,8
김재광위원,김재광 위원,소득,1969-08,4
김재광위원,김재광 위원,소득,1969-09,0
김재광위원,김재광 위원,소득,1969-11,0
김재광위원,김재광 위원,소득,1969-12,0
김재광위원,김재광 위원,소득,1970-01,0
김재광위원,김재광 위원,소득,1970-02,0
김재광위원,김재광 위원,소득,1970-03,0
김재광위원,김재광 위원,소득,1970-04,0
김재광위원,김재광 위원,소득,1970-05,22
김재광위원,김재광 위원,소득,1970-06,0
김재광위원,김재광 위원,소득,1970-07,7
김재광위원,김재광 위원,소득,1970-08,0
김재광위원,김재광 위원,소득,1970-09,8
김재광위원,김재광 위원,소득,1970-10,39
김재광위원,김재광 위원,소득,1970-11,61
김재광위원,김재광 위원,소득,1970-12,22
김재광위원,김재광 위원,소득,1971-01,1
김재광위원,김재광 위원,소득,1971-07,0
김재광위원,김재광 위원,소득,1971-08,0
김재광위원,김재광 위원,소득,1971-09,0
김재광위원,김재광 위원,소득,1971-10,0
김재광위원,김재광 위원,소득,1971-11,0
김재광위원,김재광 위원,소득,1971-12,0
김재광위원,김재광 위원,소득,1972-01,0
김재광위원,김재광 위원,소득,1972-07,0
김재광위원,김재광 위원,소득,1972-08,0
김재광위원,김재광 위원,소득,1972-09,0
김재광위원,김재광 위원,소득,1972-10,0
김재광위원,김재광 위원,소득,1973-05,0
김재광위원,김재광 위원,소득,1973-06,0
김재광위원,김재광 위원,소득,1973-09,0
김재광위원,김재광 위원,소득,1974-08,0
김재광위원,김재광 위원,소득,1974-10,0
김재광위원,김재광 위원,소득,1975-11,0
김재광위원,김재광 위원,소득,1976-12,0
김재광위원,김재광 위원,소득,1978-11,0
김은하위원,김은하 위원,소득,1963-12,0
김은하위원,김은하 위원,소득,1964-01,2
김은하위원,김은하 위원,소득,1964-02,21
김은하위원,김은하 위원,소득,1964-03,0
김은하위원,김은하 위원,소득,1964-04,3
김은하위원,김은하 위원,소득,1964-05,19
김은하위원,김은하 위원,소득,1964-06,12
김은하위원,김은하 위원,소득,1964-07,6
김은하위원,김은하 위원,소득,1964-08,1
김은하위원,김은하 위원,소득,1964-09,2
김은하위원,김은하 위원,소득,1964-10,3
김은하위원,김은하 위원,소득,1964-11,93
김은하위원,김은하 위원,소득,1964-12,1
김은하위원,김은하 위원,소득,1965-01,4
김은하위원,김은하 위원,소득,1965-02,0
김은하위원,김은하 위원,소득,1965-03,32
김은하위원,김은하 위원,소득,1965-04,0
김은하위원,김은하 위원,소득,1965-05,3
김은하위원,김은하 위원,소득,1965-06,23
김은하위원,김은하 위원,소득,1965-07,1
김은하위원,김은하 위원,소득,1965-08,0
김은하위원,김은하 위원,소득,1965-09,0
김은하위원,김은하 위원,소득,1965-10,0
김은하위원,김은하 위원,소득,1965-11,83
김은하위원,김은하 위원,소득,1965-12,3
김은하위원,김은하 위원,소득,1966-01,1
김은하위원,김은하 위원,소득,1966-02,6
김은하위원,김은하 위원,소득,1966-03,1
김은하위원,김은하 위원,소득,1966-04,0
김은하위원,김은하 위원,소득,1966-05,0
김은하위원,김은하 위원,소득,1966-06,0
김은하위원,김은하 위원,소득,1966-07,0
김은하위원,김은하 위원,소득,1966-08,0
김은하위원,김은하 위원,소득,1966-09,9
김은하위원,김은하 위원,소득,1966-10,12
김은하위원,김은하 위원,소득,1966-11,17
김은하위원,김은하 위원,소득,1966-12,7
김은하위원,김은하 위원,소득,1967-01,12
김은하위원,김은하 위원,소득,1967-02,0
김은하위원,김은하 위원,소득,1967-03,0
김은하위원,김은하 위원,소득,1967-07,0
김은하위원,김은하 위원,소득,1967-10,0
김은하위원,김은하 위원,소득,1967-11,0
김은하위원,김은하 위원,소득,1967-12,20
김은하위원,김은하 위원,소득,1968-01,0
김은하위원,김은하 위원,소득,1968-02,9
김은하위원,김은하 위원,소득,1968-03,0
김은하위원,김은하 위원,소득,1968-04,12
김은하위원,김은하 위원,소득,1968-05,0
김은하위원,김은하 위원,소득,1968-06,23
김은하위원,김은하 위원,소득,1968-07,0
김은하위원,김은하 위원,소득,1968-08,0
김은하위원,김은하 위원,소득,1968-09,29
김은하위원,김은하 위원,소득,1968-10,26
김은하위원,김은하 위원,소득,1968-11,0
김은하위원,김은하 위원,소득,1968-12,2
김은하위원,김은하 위원,소득,1969-01,0
김은하위원,김은하 위원,소득,1969-02,0
김은하위원,김은하 위원,소득,1969-03,1
김은하위원,김은하 위원,소득,1969-04,14
김은하위원,김은하 위원,소득,1969-05,0
김은하위원,김은하 위원,소득,1969-06,0
김은하위원,김은하 위원,소득,1969-07,0
김은하위원,김은하 위원,소득,1969-08,2
김은하위원,김은하 위원,소득,1969-09,0
김은하위원,김은하 위원,소득,1969-11,0
김은하위원,김은하 위원,소득,1969-12,0
김은하위원,김은하 위원,소득,1970-01,0
김은하위원,김은하 위원,소득,1970-02,0
김은하위원,김은하 위원,소득,1970-03,0
김은하위원,김은하 위원,소득,1970-04,0
김은하위원,김은하 위원,소득,1970-05,5
김은하위원,김은하 위원,소득,1970-06,0
김은하위원,김은하 위원,소득,1970-07,1
김은하위원,김은하 위원,소득,1970-08,0
김은하위원,김은하 위원,소득,1970-09,10
김은하위원,김은하 위원,소득,1970-10,18
김은하위원,김은하 위원,소득,1970-11,31
김은하위원,김은하 위원,소득,1970-12,4
김은하위원,김은하 위원,소득,1971-01,0
김은하위원,김은하 위원,소득,1971-07,0
김은하위원,김은하 위원,소득,1971-08,0
김은하위원,김은하 위원,소득,1971-09,0
김은하위원,김은하 위원,소득,1971-10,0
김은하위원,김은하 위원,소득,1971-11,2
김은하위원,김은하 위원,소득,1971-12,0
김은하위원,김은하 위원,소득,1972-01,0
김은하위원,김은하 위원,소득,1972-07,0
김은하위원,김은하 위원,소득,1972-08,0
김은하위원,김은하 위원,소득,1972-09,0
김은하위원,김은하 위원,소득,1972-10,4
김은하위원,김은하 위원,소득,1973-05,0
김은하위원,김은하 위원,소득,1973-06,0
김은하위원,김은하 위원,소득,1973-09,0
김은하위원,김은하 위원,소득,1974-08,0
김은하위원,김은하 위원,소득,1974-10,0
김은하위원,김은하 위원,소득,1975-11,0
김은하위원,김은하 위원,소득,1976-12,0
김은하위원,김은하 위원,소득,1978-11,0
상공부장관박충훈,상공부장관 박충훈,소득,1963-12,0
상공부장관박충훈,상공부장관 박충훈,소득,1964-01,0
상공부장관박충훈,상공부장관 박충훈,소득,1964-02,0
상공부장관박충훈,상공부장관 박충훈,소득,1964-03,0
상공부장관박충훈,상공부장관 박충훈,소득,1964-04,0
상공부장관박충훈,상공부장관 박충훈,소득,1964-05,15
상공부장관박충훈,상공부장관 박충훈,소득,1964-06,28
상공부장관박충훈,상공부장관 박충훈,소득,1964-07,8
상공부장관박충훈,상공부장관 박충훈,소득,1964-08,0
상공부장관박충훈,상공부장관 박충훈,소득,1964-09,41
상공부장관박충훈,상공부장관 박충훈,소득,1964-10,37
상공부장관박충훈,상공부장관 박충훈,소득,1964-11,12
상공부장관박충훈,상공부장관 박충훈,소득,1964-12,0
상공부장관박충훈,상공부장관 박충훈,소득,1965-01,1
상공부장관박충훈,상공부장관 박충훈,소득,1965-02,0
상공부장관박충훈,상공부장관 박충훈,소득,1965-03,2
상공부장관박충훈,상공부장관 박충훈,소득,1965-04,0
상공부장관박충훈,상공부장관 박충훈,소득,1965-05,1
상공부장관박충훈,상공부장관 박충훈,소득,1965-06,19
상공부장관박충훈,상공부장관 박충훈,소득,1965-07,3
상공부장관박충훈,상공부장관 박충훈,소득,1965-08,3
상공부장관박충훈,상공부장관 박충훈,소득,1965-09,0
상공부장관박충훈,상공부장관 박충훈,소득,1965-10,17
상공부장관박충훈,상공부장관 박충훈,소득,1965-11,46
상공부장관박충훈,상공부장관 박충훈,소득,1965-12,5
상공부장관박충훈,상공부장관 박충훈,소득,1966-01,0
상공부장관박충훈,상공부장관 박충훈,소득,1966-02,24
상공부장관박충훈,상공부장관 박충훈,소득,1966-03,13
상공부장관박충훈,상공부장관 박충훈,소득,1966-04,21
상공부장관박충훈,상공부장관 박충훈,소득,1966-05,0
상공부장관박충훈,상공부장관 박충훈,소득,1966-06,3
상공부장관박충훈,상공부장관 박충훈,소득,1966-07,21
상공부장관박충훈,상공부장관 박충훈,소득,1966-08,4
상공부장관박충훈,상공부장관 박충훈,소득,1966-09,19
상공부장관박충훈,상공부장관 박충훈,소득,1966-10,18
상공부장관박충훈,상공부장관 박충훈,소득,1966-11,119
상공부장관박충훈,상공부장관 박충훈,소득,1966-12,11
상공부장관박충훈,상공부장관 박충훈,소득,1967-01,7
상공부장관박충훈,상공부장관 박충훈,소득,1967-02,0
상공부장관박충훈,상공부장관 박충훈,소득,1967-03,0
상공부장관박충훈,상공부장관 박충훈,소득,1967-07,0
상공부장관박충훈,상공부장관 박충훈,소득,1967-10,0
상공부장관박충훈,상공부장관 박충훈,소득,1967-11,0
상공부장관박충훈,상공부장관 박충훈,소득,1967-12,0
상공부장관박충훈,상공부장관 박충훈,소득,1968-01,0
상공부장관박충훈,상공부장관 박충훈,소득,1968-02,0
상공부장관박충훈,상공부장관 박충훈,소득,1968-03,0
상공부장관박충훈,상공부장관 박충훈,소득,1968-04,0
상공부장관박충훈,상공부장관 박충훈,소득,1968-05,0
상공부장관박충훈,상공부장관 박충훈,소득,1968-06,0
상공부장관박충훈,상공부장관 박충훈,소득,1968-07,0
상공부장관박충훈,상공부장관 박충훈,소득,1968-08,0
상공부장관박충훈,상공부장관 박충훈,소득,1968-09,0
상공부장관박충훈,상공부장관 박충훈,소득,1968-10,0
상공부장관박충훈,상공부장관 박충훈,소득,1968-11,0
상공부장관박충훈,상공부장관 박충훈,소득,1968-12,0
상공부장관박충훈,상공부장관 박충훈,소득,1969-01,0
상공부장관박충훈,상공부장관 박충훈,소득,1969-02,0
상공부장관박충훈,상공부장관 박충훈,소득,1969-03,0
상공부장관박충훈,상공부장관 박충훈,소득,1969-04,0
상공부장관박충훈,상공부장관 박충훈,소득,1969-05,0
상공부장관박충훈,상공부장관 박충훈,소득,1969-06,0
상공부장관박충훈,상공부장관 박충훈,소득,1969-07,0
상공부장관박충훈,상공부장관 박충훈,소득,1969-08,0
상공부장관박충훈,상공부장관 박충훈,소득,1969-09,0
상공부장관박충훈,상공부장관 박충훈,소득,1969-11,0
상공부장관박충훈,상공부장관 박충훈,소득,1969-12,0
상공부장관박충훈,상공부장관 박충훈,소득,1970-01,0
상공부장관박충훈,상공부장관 박충훈,소득,1970-02,0
상공부장관박충훈,상공부장관 박충훈,소득,1970-03,0
상공부장관박충훈,상공부장관 박충훈,소득,1970-04,0
상공부장관박충훈,상공부장관 박충훈,소득,1970-05,0
상공부장관박충훈,상공부장관 박충훈,소득,1970-06,0
상공부장관박충훈,상공부장관 박충훈,소득,1970-07,0
상공부장관박충훈,상공부장관 박충훈,소득,1970-08,0
상공부장관박충훈,상공부장관 박충훈,소득,1970-09,0
상공부장관박충훈,상공부장관 박충훈,소득,1970-10,0
상공부장관박충훈,상공부장관 박충훈,소득,1970-11,0
상공부장관박충훈,상공부장관 박충훈,소득,1970-12,0
상공부장관박충훈,상공부장관 박충훈,소득,1971-01,0
상공부장관박충훈,상공부장관 박충훈,소득,1971-07,0
상공부장관박충훈,상공부장관 박충훈,소득,1971-08,0
상공부장관박충훈,상공부장관 박충훈,소득,1971-09,0
상공부장관박충훈,상공부장관 박충훈,소득,1971-10,0
상공부장관박충훈,상공부장관 박충훈,소득,1971-11,0
상공부장관박충훈,상공부장관 박충훈,소득,1971-12,0
상공부장관박충훈,상공부장관 박충훈,소득,1972-01,0
상공부장관박충훈,상공부장관 박충훈,소득,1972-07,0
상공부장관박충훈,상공부장관 박충훈,소득,1972-08,0
상공부장관박충훈,상공부장관 박충훈,소득,1972-09,0
상공부장관박충훈,상공부장관 박충훈,소득,1972-10,0
상공부장관박충훈,상공부장관 박충훈,소득,1973-05,0
상공부장관박충훈,상공부장관 박충훈,소득,1973-06,0
상공부장관박충훈,상공부장관 박충훈,소득,1973-09,0
상공부장관박충훈,상공부장관 박충훈,소득,1974-08,0
상공부장관박충훈,상공부장관 박충훈,소득,1974-10,0
상공부장관박충훈,상공부장관 박충훈,소득,1975-11,0
상공부장관박충훈,상공부장관 박충훈,소득,1976-12,0
상공부장관박충훈,상공부장관 박충훈,소득,1978-11,0
상공부장관김정렴,상공부장관 김정렴,소득,1963-12,0
상공부장관김정렴,상공부장관 김정렴,소득,1964-01,0
상공부장관김정렴,상공부장관 김정렴,소득,1964-02,0
상공부장관김정렴,상공부장관 김정렴,소득,1964-03,0
상공부장관김정렴,상공부장관 김정렴,소득,1964-04,0
상공부장관김정렴,상공부장관 김정렴,소득,1964-05,0
상공부장관김정렴,상공부장관 김정렴,소득,1964-06,0
상공부장관김정렴,상공부장관 김정렴,소득,1964-07,0
상공부장관김정렴,상공부장관 김정렴,소득,1964-08,0
상공부장관김정렴,상공부장관 김정렴,소득,1964-09,0
상공부장관김정렴,상공부장관 김정렴,소득,1964-10,0
상공부장관김정렴,상공부장관 김정렴,소득,1964-11,0
상공부장관김정렴,상공부장관 김정렴,소득,1964-12,0
상공부장관김정렴,상공부장관 김정렴,소득,1965-01,0
상공부장관김정렴,상공부장관 김정렴,소득,1965-02,0
상공부장관김정렴,상공부장관 김정렴,소득,1965-03,0
상공부장관김정렴,상공부장관 김정렴,소득,1965-04,0
상공부장관김정렴,상공부장관 김정렴,소득,1965-05,0
상공부장관김정렴,상공부장관 김정렴,소득,1965-06,0
상공부장관김정렴,상공부장관 김정렴,소득,1965-07,0
상공부장관김정렴,상공부장관 김정렴,소득,1965-08,0
상공부장관김정렴,상공부장관 김정렴,소득,1965-09,0
상공부장관김정렴,상공부장관 김정렴,소득,1965-10,0
상공부장관김정렴,상공부장관 김정렴,소득,1965-11,0
상공부장관김정렴,상공부장관 김정렴,소득,1965-12,0
상공부장관김정렴,상공부장관 김정렴,소득,1966-01,0
상공부장관김정렴,상공부장관 김정렴,소득,1966-02,0
상공부장관김정렴,상공부장관 김정렴,소득,1966-03,0
상공부장관김정렴,상공부장관 김정렴,소득,1966-04,0
상공부장관김정렴,상공부장관 김정렴,소득,1966-05,0
상공부장관김정렴,상공부장관 김정렴,소득,1966-06,0
상공부장관김정렴,상공부장관 김정렴,소득,1966-07,0
상공부장관김정렴,상공부장관 김정렴,소득,1966-08,0
상공부장관김정렴,상공부장관 김정렴,소득,1966-09,0
상공부장관김정렴,상공부장관 김정렴,소득,1966-10,0
상공부장관김정렴,상공부장관 김정렴,소득,1966-11,0
상공부장관김정렴,상공부장관 김정렴,소득,1966-12,0
상공부장관김정렴,상공부장관 김정렴,소득,1967-01,0
상공부장관김정렴,상공부장관 김정렴,소득,1967-02,0
상공부장관김정렴,상공부장관 김정렴,소득,1967-03,0
상공부장관김정렴,상공부장관 김정렴,소득,1967-07,0
상공부장관김정렴,상공부장관 김정렴,소득,1967-10,21
상공부장관김정렴,상공부장관 김정렴,소득,1967-11,30
상공부장관김정렴,상공부장관 김정렴,소득,1967-12,50
상공부장관김정렴,상공부장관 김정렴,소득,1968-01,0
상공부장관김정렴,상공부장관 김정렴,소득,1968-02,13
상공부장관김정렴,상공부장관 김정렴,소득,1968-03,1
상공부장관김정렴,상공부장관 김정렴,소득,1968-04,9
상공부장관김정렴,상공부장관 김정렴,소득,1968-05,0
상공부장관김정렴,상공부장관 김정렴,소득,1968-06,73
상공부장관김정렴,상공부장관 김정렴,소득,1968-07,4
상공부장관김정렴,상공부장관 김정렴,소득,1968-08,0
상공부장관김정렴,상공부장관 김정렴,소득,1968-09,8
상공부장관김정렴,상공부장관 김정렴,소득,1968-10,86
상공부장관김정렴,상공부장관 김정렴,소득,1968-11,60
상공부장관김정렴,상공부장관 김정렴,소득,1968-12,13
상공부장관김정렴,상공부장관 김정렴,소득,1969-01,0
상공부장관김정렴,상공부장관 김정렴,소득,1969-02,0
상공부장관김정렴,상공부장관 김정렴,소득,1969-03,0
상공부장관김정렴,상공부장관 김정렴,소득,1969-04,15
상공부장관김정렴,상공부장관 김정렴,소득,1969-05,0
상공부장관김정렴,상공부장관 김정렴,소득,1969-06,7
상공부장관김정렴,상공부장관 김정렴,소득,1969-07,9
상공부장관김정렴,상공부장관 김정렴,소득,1969-08,0
상공부장관김정렴,상공부장관 김정렴,소득,1969-09,0
상공부장관김정렴,상공부장관 김정렴,소득,1969-11,0
상공부장관김정렴,상공부장관 김정렴,소득,1969-12,0
상공부장관김정렴,상공부장관 김정렴,소득,1970-01,0
상공부장관김정렴,상공부장관 김정렴,소득,1970-02,0
상공부장관김정렴,상공부장관 김정렴,소득,1970-03,0
상공부장관김정렴,상공부장관 김정렴,소득,1970-04,0
상공부장관김정렴,상공부장관 김정렴,소득,1970-05,0
상공부장관김정렴,상공부장관 김정렴,소득,1970-06,0
상공부장관김정렴,상공부장관 김정렴,소득,1970-07,0
상공부장관김정렴,상공부장관 김정렴,소득,1970-08,0
상공부장관김정렴,상공부장관 김정렴,소득,1970-09,0
상공부장관김정렴,상공부장관 김정렴,소득,1970-10,0
상공부장관김정렴,상공부장관 김정렴,소득,1970-11,0
상공부장관김정렴,상공부장관 김정렴,소득,1970-12,0
상공부장관김정렴,상공부장관 김정렴,소득,1971-01,0
상공부장관김정렴,상공부장관 김정렴,소득,1971-07,0
상공부장관김정렴,상공부장관 김정렴,소득,1971-08,0
상공부장관김정렴,상공부장관 김정렴,소득,1971-09,0
상공부장관김정렴,상공부장관 김정렴,소득,1971-10,0
상공부장관김정렴,상공부장관 김정렴,소득,1971-11,0
상공부장관김정렴,상공부장관 김정렴,소득,1971-12,0
상공부장관김정렴,상공부장관 김정렴,소득,1972-01,0
상공부장관김정렴,상공부장관 김정렴,소득,1972-07,0
상공부장관김정렴,상공부장관 김정렴,소득,1972-08,0
상공부장관김정렴,상공부장관 김정렴,소득,1972-09,0
상공부장관김정렴,상공부장관 김정렴,소득,1972-10,0
상공부장관김정렴,상공부장관 김정렴,소득,1973-05,0
상공부장관김정렴,상공부장관 김정렴,소득,1973-06,0
상공부장관김정렴,상공부장관 김정렴,소득,1973-09,0
상공부장관김정렴,상공부장관 김정렴,소득,1974-08,0
상공부장관김정렴,상공부장관 김정렴,소득,1974-10,0
상공부장관김정렴,상공부장관 김정렴,소득,1975-11,0
상공부장관김정렴,상공부장관 김정렴,소득,1976-12,0
상공부장관김정렴,상공부장관 김정렴,소득,1978-11,0
출석정부위원,출석 정부위원,소득,1963-12,1
출석정부위원,출석 정부위원,소득,1964-01,3
출석정부위원,출석 정부위원,소득,1964-02,9
출석정부위원,출석 정부위원,소득,1964-03,1
출석정부위원,출석 정부위원,소득,1964-04,5
출석정부위원,출석 정부위원,소득,1964-05,11
출석정부위원,출석 정부위원,소득,1964-06,5
출석정부위원,출석 정부위원,소득,1964-07,2
출석정부위원,출석 정부위원,소득,1964-08,0
출석정부위원,출석 정부위원,소득,1964-09,0
출석정부위원,출석 정부위원,소득,1964-10,13
출석정부위원,출석 정부위원,소득,1964-11,27
출석정부위원,출석 정부위원,소득,1964-12,3
출석정부위원,출석 정부위원,소득,1965-01,6
출석정부위원,출석 정부위원,소득,1965-02,0
출석정부위원,출석 정부위원,소득,1965-03,5
출석정부위원,출석 정부위원,소득,1965-04,2
출석정부위원,출석 정부위원,소득,1965-05,3
출석정부위원,출석 정부위원,소득,1965-06,6
출석정부위원,출석 정부위원,소득,1965-07,2
출석정부위원,출석 정부위원,소득,1965-08,6
출석정부위원,출석 정부위원,소득,1965-09,0
출석정부위원,출석 정부위원,소득,1965-10,0
출석정부위원,출석 정부위원,소득,1965-11,22
출석정부위원,출석 정부위원,소득,1965-12,11
출석정부위원,출석 정부위원,소득,1966-01,2
출석정부위원,출석 정부위원,소득,1966-02,13
출석정부위원,출석 정부위원,소득,1966-03,0
출석정부위원,출석 정부위원,소득,1966-04,0
출석정부위원,출석 정부위원,소득,1966-05,0
출석정부위원,출석 정부위원,소득,1966-06,1
출석정부위원,출석 정부위원,소득,1966-07,8
출석정부위원,출석 정부위원,소득,1966-08,5
출석정부위원,출석 정부위원,소득,1966-09,10
출석정부위원,출석 정부위원,소득,1966-10,6
출석정부위원,출석 정부위원,소득,1966-11,25
출석정부위원,출석 정부위원,소득,1966-12,18
출석정부위원,출석 정부위원,소득,1967-01,8
출석정부위원,출석 정부위원,소득,1967-02,4
출석정부위원,출석 정부위원,소득,1967-03,9
출석정부위원,출석 정부위원,소득,1967-07,0
출석정부위원,출석 정부위원,소득,1967-10,12
출석정부위원,출석 정부위원,소득,1967-11,2
출석정부위원,출석 정부위원,소득,1967-12,22
출석정부위원,출석 정부위원,소득,1968-01,0
출석정부위원,출석 정부위원,소득,1968-02,4
출석정부위원,출석 정부위원,소득,1968-03,3
출석정부위원,출석 정부위원,소득,1968-04,5
출석정부위원,출석 정부위원,소득,1968-05,2
출석정부위원,출석 정부위원,소득,1968-06,18
출석정부위원,출석 정부위원,소득,1968-07,0
출석정부위원,출석 정부위원,소득,1968-08,0
출석정부위원,출석 정부위원,소득,1968-09,4
출석정부위원,출석 정부위원,소득,1968-10,15
출석정부위원,출석 정부위원,소득,1968-11,20
출석정부위원,출석 정부위원,소득,1968-12,3
출석정부위원,출석 정부위원,소득,1969-01,0
출석정부위원,출석 정부위원,소득,1969-02,0
출석정부위원,출석 정부위원,소득,1969-03,2
출석정부위원,출석 정부위원,소득,1969-04,16
출석정부위원,출석 정부위원,소득,1969-05,0
출석정부위원,출석 정부위원,소득,1969-06,3
출석정부위원,출석 정부위원,소득,1969-07,4
출석정부위원,출석 정부위원,소득,1969-08,6
출석정부위원,출석 정부위원,소득,1969-09,0
출석정부위원,출석 정부위원,소득,1969-11,3
출석정부위원,출석 정부위원,소득,1969-12,14
출석정부위원,출석 정부위원,소득,1970-01,0
출석정부위원,출석 정부위원,소득,1970-02,0
출석정부위원,출석 정부위원,소득,1970-03,0
출석정부위원,출석 정부위원,소득,1970-04,0
출석정부위원,출석 정부위원,소득,1970-05,4
출석정부위원,출석 정부위원,소득,1970-06,0
출석정부위원,출석 정부위원,소득,1970-07,4
출석정부위원,출석 정부위원,소득,1970-08,1
출석정부위원,출석 정부위원,소득,1970-09,1
출석정부위원,출석 정부위원,소득,1970-10,0
출석정부위원,출석 정부위원,소득,1970-11,22
출석정부위원,출석 정부위원,소득,1970-12,5
출석정부위원,출석 정부위원,소득,1971-01,0
출석정부위원,출석 정부위원,소득,1971-07,0
출석정부위원,출석 정부위원,소득,1971-08,0
출석정부위원,출석 정부위원,소득,1971-09,0
출석정부위원,출석 정부위원,소득,1971-10,2
출석정부위원,출석 정부위원,소득,1971-11,1
출석정부위원,출석 정부위원,소득,1971-12,4
출석정부위원,출석 정부위원,소득,1972-01,0
출석정부위원,출석 정부위원,소득,1972-07,1
출석정부위원,출석 정부위원,소득,1972-08,0
출석정부위원,출석 정부위원,소득,1972-09,1
출석정부위원,출석 정부위원,소득,1972-10,0
출석정부위원,출석 정부위원,소득,1973-05,1
출석정부위원,출석 정부위원,소득,1973-06,0
출석정부위원,출석 정부위원,소득,1973-09,0
출석정부위원,출석 정부위원,소득,1974-08,0
출석정부위원,출석 정부위원,소득,1974-10,0
출석정부위원,출석 정부위원,소득,1975-11,0
출석정부위원,출석 정부위원,소득,1976-12,0
출석정부위원,출석 정부위원,소득,1978-11,0
노재필위원,노재필 위원,소득,1963-12,1
노재필위원,노재필 위원,소득,1964-01,0
노재필위원,노재필 위원,소득,1964-02,12
노재필위원,노재필 위원,소득,1964-03,0
노재필위원,노재필 위원,소득,1964-04,3
노재필위원,노재필 위원,소득,1964-05,6
노재필위원,노재필 위원,소득,1964-06,11
노재필위원,노재필 위원,소득,1964-07,8
노재필위원,노재필 위원,소득,1964-08,3
노재필위원,노재필 위원,소득,1964-09,4
노재필위원,노재필 위원,소득,1964-10,18
노재필위원,노재필 위원,소득,1964-11,62
노재필위원,노재필 위원,소득,1964-12,8
노재필위원,노재필 위원,소득,1965-01,0
노재필위원,노재필 위원,소득,1965-02,0
노재필위원,노재필 위원,소득,1965-03,13
노재필위원,노재필 위원,소득,1965-04,0
노재필위원,노재필 위원,소득,1965-05,0
노재필위원,노재필 위원,소득,1965-06,2
노재필위원,노재필 위원,소득,1965-07,3
노재필위원,노재필 위원,소득,1965-08,0
노재필위원,노재필 위원,소득,1965-09,0
노재필위원,노재필 위원,소득,1965-10,1
노재필위원,노재필 위원,소득,1965-11,57
노재필위원,노재필 위원,소득,1965-12,4
노재필위원,노재필 위원,소득,1966-01,1
노재필위원,노재필 위원,소득,1966-02,0
노재필위원,노재필 위원,소득,1966-03,6
노재필위원,노재필 위원,소득,1966-04,5
노재필위원,노재필 위원,소득,1966-05,1
노재필위원,노재필 위원,소득,1966-06,1
노재필위원,노재필 위원,소득,1966-07,4
노재필위원,노재필 위원,소득,1966-08,1
노재필위원,노재필 위원,소득,1966-09,9
노재필위원,노재필 위원,소득,1966-10,7
노재필위원,노재필 위원,소득,1966-11,9
노재필위원,노재필 위원,소득,1966-12,13
노재필위원,노재필 위원,소득,1967-01,5
노재필위원,노재필 위원,소득,1967-02,0
노재필위원,노재필 위원,소득,1967-03,0
노재필위원,노재필 위원,소득,1967-07,0
노재필위원,노재필 위원,소득,1967-10,28
노재필위원,노재필 위원,소득,1967-11,16
노재필위원,노재필 위원,소득,1967-12,26
노재필위원,노재필 위원,소득,1968-01,0
노재필위원,노재필 위원,소득,1968-02,10
노재필위원,노재필 위원,소득,1968-03,0
노재필위원,노재필 위원,소득,1968-04,2
노재필위원,노재필 위원,소득,1968-05,0
노재필위원,노재필 위원,소득,1968-06,14
노재필위원,노재필 위원,소득,1968-07,5
노재필위원,노재필 위원,소득,1968-08,0
노재필위원,노재필 위원,소득,1968-09,12
노재필위원,노재필 위원,소득,1968-10,19
노재필위원,노재필 위원,소득,1968-11,10
노재필위원,노재필 위원,소득,1968-12,1
노재필위원,노재필 위원,소득,1969-01,0
노재필위원,노재필 위원,소득,1969-02,0
노재필위원,노재필 위원,소득,1969-03,2
노재필위원,노재필 위원,소득,1969-04,4
노재필위원,노재필 위원,소득,1969-05,0
노재필위원,노재필 위원,소득,1969-06,5
노재필위원,노재필 위원,소득,1969-07,3
노재필위원,노재필 위원,소득,1969-08,0
노재필위원,노재필 위원,소득,1969-09,0
노재필위원,노재필 위원,소득,1969-11,0
노재필위원,노재필 위원,소득,1969-12,1
노재필위원,노재필 위원,소득,1970-01,0
노재필위원,노재필 위원,소득,1970-02,0
노재필위원,노재필 위원,소득,1970-03,0
노재필위원,노재필 위원,소득,1970-04,0
노재필위원,노재필 위원,소득,1970-05,0
노재필위원,노재필 위원,소득,1970-06,0
노재필위원,노재필 위원,소득,1970-07,0
노재필위원,노재필 위원,소득,1970-08,0
노재필위원,노재필 위원,소득,1970-09,0
노재필위원,노재필 위원,소득,1970-10,3
노재필위원,노재필 위원,소득,1970-11,0
노재필위원,노재필 위원,소득,1970-12,1
노재필위원,노재필 위원,소득,1971-01,0
노재필위원,노재필 위원,소득,1971-07,0
노재필위원,노재필 위원,소득,1971-08,0
노재필위원,노재필 위원,소득,1971-09,0
노재필위원,노재필 위원,소득,1971-10,0
노재필위원,노재필 위원,소득,1971-11,0
노재필위원,노재필 위원,소득,1971-12,0
노재필위원,노재필 위원,소득,1972-01,0
노재필위원,노재필 위원,소득,1972-07,0
노재필위원,노재필 위원,소득,1972-08,0
노재필위원,노재필 위원,소득,1972-09,0
노재필위원,노재필 위원,소득,1972-10,0
노재필위원,노재필 위원,소득,1973-05,0
노재필위원,노재필 위원,소득,1973-06,0
노재필위원,노재필 위원,소득,1973-09,0
노재필위원,노재필 위원,소득,1974-08,0
노재필위원,노재필 위원,소득,1974-10,0
노재필위원,노재필 위원,소득,1975-11,0
노재필위원,노재필 위원,소득,1976-12,0
노재필위원,노재필 위원,소득,1978-11,0
경제기획원장관장기영,경제기획원장관 장기영,노동,1963-12,0
경제기획원장관장기영,경제기획원장관 장기영,노동,1964-01,0
경제기획원장관장기영,경제기획원장관 장기영,노동,1964-02,0
경제기획원장관장기영,경제기획원장관 장기영,노동,1964-03,0
경제기획원장관장기영,경제기획원장관 장기영,노동,1964-04,0
경제기획원장관장기영,경제기획원장관 장기영,노동,1964-05,5
경제기획원장관장기영,경제기획원장관 장기영,노동,1964-06,1
경제기획원장관장기영,경제기획원장관 장기영,노동,1964-07,1
경제기획원장관장기영,경제기획원장관 장기영,노동,1964-08,0
경제기획원장관장기영,경제기획원장관 장기영,노동,1964-09,1
경제기획원장관장기영,경제기획원장관 장기영,노동,1964-10,8
경제기획원장관장기영,경제기획원장관 장기영,노동,1964-11,15
경제기획원장관장기영,경제기획원장관 장기영,노동,1964-12,3
경제기획원장관장기영,경제기획원장관 장기영,노동,1965-01,2
경제기획원장관장기영,경제기획원장관 장기영,노동,1965-02,0
경제기획원장관장기영,경제기획원장관 장기영,노동,1965-03,1
경제기획원장관장기영,경제기획원장관 장기영,노동,1965-04,0
경제기획원장관장기영,경제기획원장관 장기영,노동,1965-05,0
경제기획원장관장기영,경제기획원장관 장기영,노동,1965-06,2
경제기획원장관장기영,경제기획원장관 장기영,노동,1965-07,1
경제기획원장관장기영,경제기획원장관 장기영,노동,1965-08,2
경제기획원장관장기영,경제기획원장관 장기영,노동,1965-09,0
경제기획원장관장기영,경제기획원장관 장기영,노동,1965-10,0
경제기획원장관장기영,경제기획원장관 장기영,노동,1965-11,6
경제기획원장관장기영,경제기획원장관 장기영,노동,1965-12,1
경제기획원장관장기영,경제기획원장관 장기영,노동,1966-01,0
경제기획원장관장기영,경제기획원장관 장기영,노동,1966-02,5
경제기획원장관장기영,경제기획원장관 장기영,노동,1966-03,4
경제기획원장관장기영,경제기획원장관 장기영,노동,1966-04,3
경제기획원장관장기영,경제기획원장관 장기영,노동,1966-05,0
경제기획원장관장기영,경제기획원장관 장기영,노동,1966-06,0
경제기획원장관장기영,경제기획원장관 장기영,노동,1966-07,1
경제기획원장관장기영,경제기획원장관 장기영,노동,1966-08,0
경제기획원장관장기영,경제기획원장관 장기영,노동,1966-09,2
경제기획원장관장기영,경제기획원장관 장기영,노동,1966-10,10
경제기획원장관장기영,경제기획원장관 장기영,노동,1966-11,12
경제기획원장관장기영,경제기획원장관 장기영,노동,1966-12,1
경제기획원장관장기영,경제기획원장관 장기영,노동,1967-01,0
경제기획원장관장기영,경제기획원장관 장기영,노동,1967-02,1
경제기획원장관장기영,경제기획원장관 장기영,노동,1967-03,2
경제기획원장관장기영,경제기획원장관 장기영,노동,1967-07,0
경제기획원장관장기영,경제기획원장관 장기영,노동,1967-10,0
경제기획원장관장기영,경제기획원장관 장기영,노동,1967-11,0
경제기획원장관장기영,경제기획원장관 장기영,노동,1967-12,0
경제기획원장관장기영,경제기획원장관 장기영,노동,1968-01,0
경제기획원장관장기영,경제기획원장관 장기영,노동,1968-02,0
경제기획원장관장기영,경제기획원장관 장기영,노동,1968-03,0
경제기획원장관장기영,경제기획원장관 장기영,노동,1968-04,0
경제기획원장관장기영,경제기획원장관 장기영,노동,1968-05,0
경제기획원장관장기영,경제기획원장관 장기영,노동,1968-06,0
경제기획원장관장기영,경제기획원장관 장기영,노동,1968-07,0
경제기획원장관장기영,경제기획원장관 장기영,노동,1968-08,0
경제기획원장관장기영,경제기획원장관 장기영,노동,1968-09,0
경제기획원장관장기영,경제기획원장관 장기영,노동,1968-10,0
경제기획원장관장기영,경제기획원장관 장기영,노동,1968-11,0
경제기획원장관장기영,경제기획원장관 장기영,노동,1968-12,0
경제기획원장관장기영,경제기획원장관 장기영,노동,1969-01,0
경제기획원장관장기영,경제기획원장관 장기영,노동,1969-02,0
경제기획원장관장기영,경제기획원장관 장기영,노동,1969-03,0
경제기획원장관장기영,경제기획원장관 장기영,노동,1969-04,0
경제기획원장관장기영,경제기획원장관 장기영,노동,1969-05,0
경제기획원장관장기영,경제기획원장관 장기영,노동,1969-06,0
경제기획원장관장기영,경제기획원장관 장기영,노동,1969-07,0
경제기획원장관장기영,경제기획원장관 장기영,노동,1969-08,0
경제기획원장관장기영,경제기획원장관 장기영,노동,1969-09,0
경제기획원장관장기영,경제기획원장관 장기영,노동,1969-11,0
경제기획원장관장기영,경제기획원장관 장기영,노동,1969-12,0
경제기획원장관장기영,경제기획원장관 장기영,노동,1970-01,0
경제기획원장관장기영,경제기획원장관 장기영,노동,1970-02,0
경제기획원장관장기영,경제기획원장관 장기영,노동,1970-03,0
경제기획원장관장기영,경제기획원장관 장기영,노동,1970-04,0
경제기획원장관장기영,경제기획원장관 장기영,노동,1970-05,0
경제기획원장관장기영,경제기획원장관 장기영,노동,1970-06,0
경제기획원장관장기영,경제기획원장관 장기영,노동,1970-07,0
경제기획원장관장기영,경제기획원장관 장기영,노동,1970-08,0
경제기획원장관장기영,경제기획원장관 장기영,노동,1970-09,0
경제기획원장관장기영,경제기획원장관 장기영,노동,1970-10,0
경제기획원장관장기영,경제기획원장관 장기영,노동,1970-11,0
경제기획원장관장기영,경제기획원장관 장기영,노동,1970-12,0
경제기획원장관장기영,경제기획원장관 장기영,노동,1971-01,0
경제기획원장관장기영,경제기획원장관 장기영,노동,1971-07,0
경제기획원장관장기영,경제기획원장관 장기영,노동,1971-08,0
경제기획원장관장기영,경제기획원장관 장기영,노동,1971-09,0
경제기획원장관장기영,경제기획원장관 장기영,노동,1971-10,0
경제기획원장관장기영,경제기획원장관 장기영,노동,1971-11,0
경제기획원장관장기영,경제기획원장관 장기영,노동,1971-12,0
경제기획원장관장기영,경제기획원장관 장기영,노동,1972-01,0
경제기획원장관장기영,경제기획원장관 장기영,노동,1972-07,0
경제기획원장관장기영,경제기획원장관 장기영,노동,1972-08,0
경제기획원장관장기영,경제기획원장관 장기영,노동,1972-09,0
경제기획원장관장기영,경제기획원장관 장기영,노동,1972-10,0
경제기획원장관장기영,경제기획원장관 장기영,노동,1973-05,0
경제기획원장관장기영,경제기획원장관 장기영,노동,1973-06,0
경제기획원장관장기영,경제기획원장관 장기영,노동,1973-09,0
경제기획원장관장기영,경제기획원장관 장기영,노동,1974-08,0
경제기획원장관장기영,경제기획원장관 장기영,노동,1974-10,0
경제기획원장관장기영,경제기획원장관 장기영,노동,1975-11,0
경제기획원장관장기영,경제기획원장관 장기영,노동,1976-12,0
경제기획원장관장기영,경제기획원장관 장기영,노동,1978-11,0
고흥문위원,고흥문 위원,노동,1963-12,0
고흥문위원,고흥문 위원,노동,1964-01,0
고흥문위원,고흥문 위원,노동,1964-02,1
고흥문위원,고흥문 위원,노동,1964-03,6
고흥문위원,고흥문 위원,노동,1964-04,2
고흥문위원,고흥문 위원,노동,1964-05,3
고흥문위원,고흥문 위원,노동,1964-06,0
고흥문위원,고흥문 위원,노동,1964-07,1
고흥문위원,고흥문 위원,노동,1964-08,0
고흥문위원,고흥문 위원,노동,1964-09,0
고흥문위원,고흥문 위원,노동,1964-10,1
고흥문위원,고흥문 위원,노동,1964-11,9
고흥문위원,고흥문 위원,노동,1964-12,0
고흥문위원,고흥문 위원,노동,1965-01,0
고흥문위원,고흥문 위원,노동,1965-02,0
고흥문위원,고흥문 위원,노동,1965-03,0
고흥문위원,고흥문 위원,노동,1965-04,0
고흥문위원,고흥문 위원,노동,1965-05,0
고흥문위원,고흥문 위원,노동,1965-06,0
고흥문위원,고흥문 위원,노동,1965-07,0
고흥문위원,고흥문 위원,노동,1965-08,1
고흥문위원,고흥문 위원,노동,1965-09,0
고흥문위원,고흥문 위원,노동,1965-10,1
고흥문위원,고흥문 위원,노동,1965-11,1
고흥문위원,고흥문 위원,노동,1965-12,0
고흥문위원,고흥문 위원,노동,1966-01,0
고흥문위원,고흥문 위원,노동,1966-02,0
고흥문위원,고흥문 위원,노동,1966-03,1
고흥문위원,고흥문 위원,노동,1966-04,1
고흥문위원,고흥문 위원,노동,1966-05,0
고흥문위원,고흥문 위원,노동,1966-06,1
고흥문위원,고흥문 위원,노동,1966-07,0
고흥문위원,고흥문 위원,노동,1966-08,0
고흥문위원,고흥문 위원,노동,1966-09,0
고흥문위원,고흥문 위원,노동,1966-10,2
고흥문위원,고흥문 위원,노동,1966-11,6
고흥문위원,고흥문 위원,노동,1966-12,1
고흥문위원,고흥문 위원,노동,1967-01,0
고흥문위원,고흥문 위원,노동,1967-02,0
고흥문위원,고흥문 위원,노동,1967-03,0
고흥문위원,고흥문 위원,노동,1967-07,0
고흥문위원,고흥문 위원,노동,1967-10,0
고흥문위원,고흥문 위원,노동,1967-11,0
고흥문위원,고흥문 위원,노동,1967-12,4
고흥문위원,고흥문 위원,노동,1968-01,0
고흥문위원,고흥문 위원,노동,1968-02,1
고흥문위원,고흥문 위원,노동,1968-03,0
고흥문위원,고흥문 위원,노동,1968-04,0
고흥문위원,고흥문 위원,노동,1968-05,0
고흥문위원,고흥문 위원,노동,1968-06,1
고흥문위원,고흥문 위원,노동,1968-07,0
고흥문위원,고흥문 위원,노동,1968-08,0
고흥문위원,고흥문 위원,노동,1968-09,2
고흥문위원,고흥문 위원,노동,1968-10,5
고흥문위원,고흥문 위원,노동,1968-11,4
고흥문위원,고흥문 위원,노동,1968-12,0
고흥문위원,고흥문 위원,노동,1969-01,0
고흥문위원,고흥문 위원,노동,1969-02,0
고흥문위원,고흥문 위원,노동,1969-03,0
고흥문위원,고흥문 위원,노동,1969-04,1
고흥문위원,고흥문 위원,노동,1969-05,0
고흥문위원,고흥문 위원,노동,1969-06,0
고흥문위원,고흥문 위원,노동,1969-07,0
고흥문위원,고흥문 위원,노동,1969-08,2
고흥문위원,고흥문 위원,노동,1969-09,0
고흥문위원,고흥문 위원,노동,1969-11,0
고흥문위원,고흥문 위원,노동,1969-12,0
고흥문위원,고흥문 위원,노동,1970-01,0
고흥문위원,고흥문 위원,노동,1970-02,0
고흥문위원,고흥문 위원,노동,1970-03,0
고흥문위원,고흥문 위원,노동,1970-04,0
고흥문위원,고흥문 위원,노동,1970-05,1
고흥문위원,고흥문 위원,노동,1970-06,0
고흥문위원,고흥문 위원,노동,1970-07,0
고흥문위원,고흥문 위원,노동,1970-08,0
고흥문위원,고흥문 위원,노동,1970-09,0
고흥문위원,고흥문 위원,노동,1970-10,6
고흥문위원,고흥문 위원,노동,1970-11,5
고흥문위원,고흥문 위원,노동,1970-12,0
고흥문위원,고흥문 위원,노동,1971-01,0
고흥문위원,고흥문 위원,노동,1971-07,0
고흥문위원,고흥문 위원,노동,1971-08,0
고흥문위원,고흥문 위원,노동,1971-09,0
고흥문위원,고흥문 위원,노동,1971-10,0
고흥문위원,고흥문 위원,노동,1971-11,0
고흥문위원,고흥문 위원,노동,1971-12,0
고흥문위원,고흥문 위원,노동,1972-01,0
고흥문위원,고흥문 위원,노동,1972-07,0
고흥문위원,고흥문 위원,노동,1972-08,0
고흥문위원,고흥문 위원,노동,1972-09,0
고흥문위원,고흥문 위원,노동,1972-10,0
고흥문위원,고흥문 위원,노동,1973-05,0
고흥문위원,고흥문 위원,노동,1973-06,0
고흥문위원,고흥문 위원,노동,1973-09,0
고흥문위원,고흥문 위원,노동,1974-08,0
고흥문위원,고흥문 위원,노동,1974-10,0
고흥문위원,고흥문 위원,노동,1975-11,0
고흥문위원,고흥문 위원,노동,1976-12,0
고흥문위원,고흥문 위원,노동,1978-11,0
김대중위원,김대중 위원,노동,1963-12,0
김대중위원,김대중 위원,노동,1964-01,0
김대중위원,김대중 위원,노동,1964-02,2
김대중위원,김대중 위원,노동,1964-03,1
김대중위원,김대중 위원,노동,1964-04,1
김대중위원,김대중 위원,노동,1964-05,0
김대중위원,김대중 위원,노동,1964-06,0
김대중위원,김대중 위원,노동,1964-07,1
김대중위원,김대중 위원,노동,1964-08,0
김대중위원,김대중 위원,노동,1964-09,0
김대중위원,김대중 위원,노동,1964-10,4
김대중위원,김대중 위원,노동,1964-11,16
김대중위원,김대중 위원,노동,1964-12,0
김대중위원,김대중 위원,노동,1965-01,1
김대중위원,김대중 위원,노동,1965-02,0
김대중위원,김대중 위원,노동,1965-03,2
김대중위원,김대중 위원,노동,1965-04,0
김대중위원,김대중 위원,노동,1965-05,0
김대중위원,김대중 위원,노동,1965-06,1
김대중위원,김대중 위원,노동,1965-07,0
김대중위원,김대중 위원,노동,1965-08,0
김대중위원,김대중 위원,노동,1965-09,0
김대중위원,김대중 위원,노동,1965-10,0
김대중위원,김대중 위원,노동,1965-11,5
김대중위원,김대중 위원,노동,1965-12,1
김대중위원,김대중 위원,노동,1966-01,0
김대중위원,김대중 위원,노동,1966-02,0
김대중위원,김대중 위원,노동,1966-03,0
김대중위원,김대중 위원,노동,1966-04,0
김대중위원,김대중 위원,노동,1966-05,0
김대중위원,김대중 위원,노동,1966-06,1
김대중위원,김대중 위원,노동,1966-07,0
김대중위원,김대중 위원,노동,1966-08,1
김대중위원,김대중 위원,노동,1966-09,0
김대중위원,김대중 위원,노동,1966-10,14
김대중위원,김대중 위원,노동,1966-11,4
김대중위원,김대중 위원,노동,1966-12,3
김대중위원,김대중 위원,노동,1967-01,0
김대중위원,김대중 위원,노동,1967-02,0
김대중위원,김대중 위원,노동,1967-03,1
김대중위원,김대중 위원,노동,1967-07,0
김대중위원,김대중 위원,노동,1967-10,0
김대중위원,김대중 위원,노동,1967-11,0
김대중위원,김대중 위원,노동,1967-12,2
김대중위원,김대중 위원,노동,1968-01,0
김대중위원,김대중 위원,노동,1968-02,2
김대중위원,김대중 위원,노동,1968-03,1
김대중위원,김대중 위원,노동,1968-04,1
김대중위원,김대중 위원,노동,1968-05,0
김대중위원,김대중 위원,노동,1968-06,3
김대중위원,김대중 위원,노동,1968-07,0
김대중위원,김대중 위원,노동,1968-08,0
김대중위원,김대중 위원,노동,1968-09,1
김대중위원,김대중 위원,노동,1968-10,3
김대중위원,김대중 위원,노동,1968-11,5
김대중위원,김대중 위원,노동,1968-12,0
김대중위원,김대중 위원,노동,1969-01,0
김대중위원,김대중 위원,노동,1969-02,0
김대중위원,김대중 위원,노동,1969-03,0
김대중위원,김대중 위원,노동,1969-04,0
김대중위원,김대중 위원,노동,1969-05,0
김대중위원,김대중 위원,노동,1969-06,0
김대중위원,김대중 위원,노동,1969-07,0
김대중위원,김대중 위원,노동,1969-08,1
김대중위원,김대중 위원,노동,1969-09,0
김대중위원,김대중 위원,노동,1969-11,0
김대중위원,김대중 위원,노동,1969-12,0
김대중위원,김대중 위원,노동,1970-01,0
김대중위원,김대중 위원,노동,1970-02,0
김대중위원,김대중 위원,노동,1970-03,0
김대중위원,김대중 위원,노동,1970-04,0
김대중위원,김대중 위원,노동,1970-05,3
김대중위원,김대중 위원,노동,1970-06,0
김대중위원,김대중 위원,노동,1970-07,1
김대중위원,김대중 위원,노동,1970-08,0
김대중위원,김대중 위원,노동,1970-09,0
김대중위원,김대중 위원,노동,1970-10,0
김대중위원,김대중 위원,노동,1970-11,0
김대중위원,김대중 위원,노동,1970-12,0
김대중위원,김대중 위원,노동,1971-01,0
김대중위원,김대중 위원,노동,1971-07,0
김대중위원,김대중 위원,노동,1971-08,0
김대중위원,김대중 위원,노동,1971-09,0
김대중위원,김대중 위원,노동,1971-10,0
김대중위원,김대중 위원,노동,1971-11,0
김대중위원,김대중 위원,노동,1971-12,0
김대중위원,김대중 위원,노동,1972-01,0
김대중위원,김대중 위원,노동,1972-07,0
김대중위원,김대중 위원,노동,1972-08,0
김대중위원,김대중 위원,노동,1972-09,0
김대중위원,김대중 위원,노동,1972-10,0
김대중위원,김대중 위원,노동,1973-05,0
김대중위원,김대중 위원,노동,1973-06,0
김대중위원,김대중 위원,노동,1973-09,0
김대중위원,김대중 위원,노동,1974-08,0
김대중위원,김대중 위원,노동,1974-10,0
김대중위원,김대중 위원,노동,1975-11,0
김대중위원,김대중 위원,노동,1976-12,0
김대중위원,김대중 위원,노동,1978-11,0
기타참석자,기타 참석자,노동,1963-12,0
기타참석자,기타 참석자,노동,1964-01,0
기타참석자,기타 참석자,노동,1964-02,0
기타참석자,기타 참석자,노동,1964-03,0
기타참석자,기타 참석자,노동,1964-04,0
기타참석자,기타 참석자,노동,1964-05,0
기타참석자,기타 참석자,노동,1964-06,0
기타참석자,기타 참석자,노동,1964-07,0
기타참석자,기타 참석자,노동,1964-08,0
기타참석자,기타 참석자,노동,1964-09,0
기타참석자,기타 참석자,노동,1964-10,0
기타참석자,기타 참석자,노동,1964-11,3
기타참석자,기타 참석자,노동,1964-12,1
기타참석자,기타 참석자,노동,1965-01,0
기타참석자,기타 참석자,노동,1965-02,0
기타참석자,기타 참석자,노동,1965-03,2
기타참석자,기타 참석자,노동,1965-04,0
기타참석자,기타 참석자,노동,1965-05,0
기타참석자,기타 참석자,노동,1965-06,0
기타참석자,기타 참석자,노동,1965-07,0
기타참석자,기타 참석자,노동,1965-08,0
기타참석자,기타 참석자,노동,1965-09,0
기타참석자,기타 참석자,노동,1965-10,0
기타참석자,기타 참석자,노동,1965-11,4
기타참석자,기타 참석자,노동,1965-12,0
기타참석자,기타 참석자,노동,1966-01,0
기타참석자,기타 참석자,노동,1966-02,0
기타참석자,기타 참석자,노동,1966-03,0
기타참석자,기타 참석자,노동,1966-04,0
기타참석자,기타 참석자,노동,1966-05,0
기타참석자,기타 참석자,노동,1966-06,0
기타참석자,기타 참석자,노동,1966-07,1
기타참석자,기타 참석자,노동,1966-08,0
기타참석자,기타 참석자,노동,1966-09,0
기타참석자,기타 참석자,노동,1966-10,0
기타참석자,기타 참석자,노동,1966-11,0
기타참석자,기타 참석자,노동,1966-12,1
기타참석자,기타 참석자,노동,1967-01,0
기타참석자,기타 참석자,노동,1967-02,0
기타참석자,기타 참석자,노동,1967-03,0
기타참석자,기타 참석자,노동,1967-07,0
기타참석자,기타 참석자,노동,1967-10,1
기타참석자,기타 참석자,노동,1967-11,0
기타참석자,기타 참석자,노동,1967-12,5
기타참석자,기타 참석자,노동,1968-01,0
기타참석자,기타 참석자,노동,1968-02,0
기타참석자,기타 참석자,노동,1968-03,0
기타참석자,기타 참석자,노동,1968-04,0
기타참석자,기타 참석자,노동,1968-05,0
기타참석자,기타 참석자,노동,1968-06,0
기타참석자,기타 참석자,노동,1968-07,0
기타참석자,기타 참석자,노동,1968-08,0
기타참석자,기타 참석자,노동,1968-09,0
기타참석자,기타 참석자,노동,1968-10,0
기타참석자,기타 참석자,노동,1968-11,0
기타참석자,기타 참석자,노동,1968-12,0
기타참석자,기타 참석자,노동,1969-01,0
기타참석자,기타 참석자,노동,1969-02,0
기타참석자,기타 참석자,노동,1969-03,0
기타참석자,기타 참석자,노동,1969-04,0
기타참석자,기타 참석자,노동,1969-05,0
기타참석자,기타 참석자,노동,1969-06,0
기타참석자,기타 참석자,노동,1969-07,0
기타참석자,기타 참석자,노동,1969-08,0
기타참석자,기타 참석자,노동,1969-09,0
기타참석자,기타 참석자,노동,1969-11,0
기타참석자,기타 참석자,노동,1969-12,0
기타참석자,기타 참석자,노동,1970-01,0
기타참석자,기타 참석자,노동,1970-02,0
기타참석자,기타 참석자,노동,1970-03,0
기타참석자,기타 참석자,노동,1970-04,0
기타참석자,기타 참석자,노동,1970-05,0
기타참석자,기타 참석자,노동,1970-06,0
기타참석자,기타 참석자,노동,1970-07,0
기타참석자,기타 참석자,노동,1970-08,0
기타참석자,기타 참석자,노동,1970-09,0
기타참석자,기타 참석자,노동,1970-10,0
기타참석자,기타 참석자,노동,1970-11,0
기타참석자,기타 참석자,노동,1970-12,0
기타참석자,기타 참석자,노동,1971-01,0
기타참석자,기타 참석자,노동,1971-07,0
기타참석자,기타 참석자,노동,1971-08,0
기타참석자,기타 참석자,노동,1971-09,0
기타참석자,기타 참석자,노동,1971-10,0
기타참석자,기타 참석자,노동,1971-11,0
기타참석자,기타 참석자,노동,1971-12,0
기타참석자,기타 참석자,노동,1972-01,0
기타참석자,기타 참석자,노동,1972-07,0
기타참석자,기타 참석자,노동,1972-08,0
기타참석자,기타 참석자,노동,1972-09,0
기타참석자,기타 참석자,노동,1972-10,0
기타참석자,기타 참석자,노동,1973-05,0
기타참석자,기타 참석자,노동,1973-06,0
기타참석자,기타 참석자,노동,1973-09,0
기타참석자,기타 참석자,노동,1974-08,0
기타참석자,기타 참석자,노동,1974-10,0
기타참석자,기타 참석자,노동,1975-11,0
기타참석자,기타 참석자,노동,1976-12,0
기타참석자,기타 참석자,노동,1978-11,0
이충환위원,이충환 위원,노동,1963-12,0
이충환위원,이충환 위원,노동,1964-01,1
이충환위원,이충환 위원,노동,1964-02,2
이충환위원,이충환 위원,노동,1964-03,1
이충환위원,이충환 위원,노동,1964-04,0
이충환위원,이충환 위원,노동,1964-05,0
이충환위원,이충환 위원,노동,1964-06,1
이충환위원,이충환 위원,노동,1964-07,0
이충환위원,이충환 위원,노동,1964-08,0
이충환위원,이충환 위원,노동,1964-09,0
이충환위원,이충환 위원,노동,1964-10,3
이충환위원,이충환 위원,노동,1964-11,6
이충환위원,이충환 위원,노동,1964-12,2
이충환위원,이충환 위원,노동,1965-01,1
이충환위원,이충환 위원,노동,1965-02,0
이충환위원,이충환 위원,노동,1965-03,2
이충환위원,이충환 위원,노동,1965-04,0
이충환위원,이충환 위원,노동,1965-05,0
이충환위원,이충환 위원,노동,1965-06,0
이충환위원,이충환 위원,노동,1965-07,0
이충환위원,이충환 위원,노동,1965-08,0
이충환위원,이충환 위원,노동,1965-09,0
이충환위원,이충환 위원,노동,1965-10,0
이충환위원,이충환 위원,노동,1965-11,4
이충환위원,이충환 위원,노동,1965-12,0
이충환위원,이충환 위원,노동,1966-01,0
이충환위원,이충환 위원,노동,1966-02,0
이충환위원,이충환 위원,노동,1966-03,2
이충환위원,이충환 위원,노동,1966-04,0
이충환위원,이충환 위원,노동,1966-05,0
이충환위원,이충환 위원,노동,1966-06,0
이충환위원,이충환 위원,노동,1966-07,1
이충환위원,이충환 위원,노동,1966-08,0
이충환위원,이충환 위원,노동,1966-09,0
이충환위원,이충환 위원,노동,1966-10,7
이충환위원,이충환 위원,노동,1966-11,1
이충환위원,이충환 위원,노동,1966-12,2
이충환위원,이충환 위원,노동,1967-01,0
이충환위원,이충환 위원,노동,1967-02,1
이충환위원,이충환 위원,노동,1967-03,0
이충환위원,이충환 위원,노동,1967-07,0
이충환위원,이충환 위원,노동,1967-10,0
이충환위원,이충환 위원,노동,1967-11,0
이충환위원,이충환 위원,노동,1967-12,0
이충환위원,이충환 위원,노동,1968-01,0
이충환위원,이충환 위원,노동,1968-02,0
이충환위원,이충환 위원,노동,1968-03,0
이충환위원,이충환 위원,노동,1968-04,0
이충환위원,이충환 위원,노동,1968-05,0
이충환위원,이충환 위원,노동,1968-06,0
이충환위원,이충환 위원,노동,1968-07,0
이충환위원,이충환 위원,노동,1968-08,0
이충환위원,이충환 위원,노동,1968-09,0
이충환위원,이충환 위원,노동,1968-10,0
이충환위원,이충환 위원,노동,1968-11,0
이충환위원,이충환 위원,노동,1968-12,0
이충환위원,이충환 위원,노동,1969-01,0
이충환위원,이충환 위원,노동,1969-02,0
이충환위원,이충환 위원,노동,1969-03,0
이충환위원,이충환 위원,노동,1969-04,0
이충환위원,이충환 위원,노동,1969-05,0
이충환위원,이충환 위원,노동,1969-06,0
이충환위원,이충환 위원,노동,1969-07,0
이충환위원,이충환 위원,노동,1969-08,0
이충환위원,이충환 위원,노동,1969-09,0
이충환위원,이충환 위원,노동,1969-11,0
이충환위원,이충환 위원,노동,1969-12,0
이충환위원,이충환 위원,노동,1970-01,0
이충환위원,이충환 위원,노동,1970-02,0
이충환위원,이충환 위원,노동,1970-03,0
이충환위원,이충환 위원,노동,1970-04,0
이충환위원,이충환 위원,노동,1970-05,0
이충환위원,이충환 위원,노동,1970-06,0
이충환위원,이충환 위원,노동,1970-07,0
이충환위원,이충환 위원,노동,1970-08,0
이충환위원,이충환 위원,노동,1970-09,0
이충환위원,이충환 위원,노동,1970-10,0
이충환위원,이충환 위원,노동,1970-11,0
이충환위원,이충환 위원,노동,1970-12,0
이충환위원,이충환 위원,노동,1971-01,0
이충환위원,이충환 위원,노동,1971-07,0
이충환위원,이충환 위원,노동,1971-08,0
이충환위원,이충환 위원,노동,1971-09,0
이충환위원,이충환 위원,노동,1971-10,0
이충환위원,이충환 위원,노동,1971-11,0
이충환위원,이충환 위원,노동,1971-12,0
이충환위원,이충환 위원,노동,1972-01,0
이충환위원,이충환 위원,노동,1972-07,0
이충환위원,이충환 위원,노동,1972-08,0
이충환위원,이충환 위원,노동,1972-09,0
이충환위원,이충환 위원,노동,1972-10,0
이충환위원,이충환 위원,노동,1973-05,0
이충환위원,이충환 위원,노동,1973-06,0
이충환위원,이충환 위원,노동,1973-09,0
이충환위원,이충환 위원,노동,1974-08,0
이충환위원,이충환 위원,노동,1974-10,0
이충환위원,이충환 위원,노동,1975-11,0
이충환위원,이충환 위원,노동,1976-12,0
이충환위원,이충환 위원,노동,1978-11,0
위원장양순직,위원장 양순직,노동,1963-12,0
위원장양순직,위원장 양순직,노동,1964-01,0
위원장양순직,위원장 양순직,노동,1964-02,0
위원장양순직,위원장 양순직,노동,1964-03,0
위원장양순직,위원장 양순직,노동,1964-04,0
위원장양순직,위원장 양순직,노동,1964-05,0
위원장양순직,위원장 양순직,노동,1964-06,0
위원장양순직,위원장 양순직,노동,1964-07,0
위원장양순직,위원장 양순직,노동,1964-08,0
위원장양순직,위원장 양순직,노동,1964-09,0
위원장양순직,위원장 양순직,노동,1964-10,0
위원장양순직,위원장 양순직,노동,1964-11,0
위원장양순직,위원장 양순직,노동,1964-12,0
위원장양순직,위원장 양순직,노동,1965-01,0
위원장양순직,위원장 양순직,노동,1965-02,0
위원장양순직,위원장 양순직,노동,1965-03,0
위원장양순직,위원장 양순직,노동,1965-04,0
위원장양순직,위원장 양순직,노동,1965-05,0
위원장양순직,위원장 양순직,노동,1965-06,0
위원장양순직,위원장 양순직,노동,1965-07,0
위원장양순직,위원장 양순직,노동,1965-08,0
위원장양순직,위원장 양순직,노동,1965-09,0
위원장양순직,위원장 양순직,노동,1965-10,0
위원장양순직,위원장 양순직,노동,1965-11,0
위원장양순직,위원장 양순직,노동,1965-12,0
위원장양순직,위원장 양순직,노동,1966-01,0
위원장양순직,위원장 양순직,노동,1966-02,0
위원장양순직,위원장 양순직,노동,1966-03,0
위원장양순직,위원장 양순직,노동,1966-04,0
위원장양순직,위원장 양순직,노동,1966-05,0
위원장양순직,위원장 양순직,노동,1966-06,0
위원장양순직,위원장 양순직,노동,1966-07,0
위원장양순직,위원장 양순직,노동,1966-08,0
위원장양순직,위원장 양순직,노동,1966-09,0
위원장양순직,위원장 양순직,노동,1966-10,0
위원장양순직,위원장 양순직,노동,1966-11,2
위원장양순직,위원장 양순직,노동,1966-12,2
위원장양순직,위원장 양순직,노동,1967-01,0
위원장양순직,위원장 양순직,노동,1967-02,0
위원장양순직,위원장 양순직,노동,1967-03,0
위원장양순직,위원장 양순직,노동,1967-07,0
위원장양순직,위원장 양순직,노동,1967-10,0
위원장양순직,위원장 양순직,노동,1967-11,1
위원장양순직,위원장 양순직,노동,1967-12,0
위원장양순직,위원장 양순직,노동,1968-01,0
위원장양순직,위원장 양순직,노동,1968-02,0
위원장양순직,위원장 양순직,노동,1968-03,0
위원장양순직,위원장 양순직,노동,1968-04,0
위원장양순직,위원장 양순직,노동,1968-05,0
위원장양순직,위원장 양순직,노동,1968-06,2
위원장양순직,위원장 양순직,노동,1968-07,0
위원장양순직,위원장 양순직,노동,1968-08,0
위원장양순직,위원장 양순직,노동,1968-09,1
위원장양순직,위원장 양순직,노동,1968-10,2
위원장양순직,위원장 양순직,노동,1968-11,2
위원장양순직,위원장 양순직,노동,1968-12,0
위원장양순직,위원장 양순직,노동,1969-01,0
위원장양순직,위원장 양순직,노동,1969-02,0
위원장양순직,위원장 양순직,노동,1969-03,0
위원장양순직,위원장 양순직,노동,1969-04,1
위원장양순직,위원장 양순직,노동,1969-05,0
위원장양순직,위원장 양순직,노동,1969-06,0
위원장양순직,위원장 양순직,노동,1969-07,0
위원장양순직,위원장 양순직,노동,1969-08,0
위원장양순직,위원장 양순직,노동,1969-09,0
위원장양순직,위원장 양순직,노동,1969-11,0
위원장양순직,위원장 양순직,노동,1969-12,0
위원장양순직,위원장 양순직,노동,1970-01,0
위원장양순직,위원장 양순직,노동,1970-02,0
위원장양순직,위원장 양순직,노동,1970-03,0
위원장양순직,위원장 양순직,노동,1970-04,0
위원장양순직,위원장 양순직,노동,1970-05,0
위원장양순직,위원장 양순직,노동,1970-06,0
위원장양순직,위원장 양순직,노동,1970-07,0
위원장양순직,위원장 양순직,노동,1970-08,0
위원장양순직,위원장 양순직,노동,1970-09,0
위원장양순직,위원장 양순직,노동,1970-10,0
위원장양순직,위원장 양순직,노동,1970-11,0
위원장양순직,위원장 양순직,노동,1970-12,0
위원장양순직,위원장 양순직,노동,1971-01,0
위원장양순직,위원장 양순직,노동,1971-07,0
위원장양순직,위원장 양순직,노동,1971-08,0
위원장양순직,위원장 양순직,노동,1971-09,0
위원장양순직,위원장 양순직,노동,1971-10,0
위원장양순직,위원장 양순직,노동,1971-11,0
위원장양순직,위원장 양순직,노동,1971-12,0
위원장양순직,위원장 양순직,노동,1972-01,0
위원장양순직,위원장 양순직,노동,1972-07,0
위원장양순직,위원장 양순직,노동,1972-08,0
위원장양순직,위원장 양순직,노동,1972-09,0
위원장양순직,위원장 양순직,노동,1972-10,0
위원장양순직,위원장 양순직,노동,1973-05,0
위원장양순직,위원장 양순직,노동,1973-06,0
위원장양순직,위원장 양순직,노동,1973-09,0
위원장양순직,위원장 양순직,노동,1974-08,0
위원장양순직,위원장 양순직,노동,1974-10,0
위원장양순직,위원장 양순직,노동,1975-11,0
위원장양순직,위원장 양순직,노동,1976-12,0
위원장양순직,위원장 양순직,노동,1978-11,0
김재광위원,김재광 위원,노동,1963-12,0
김재광위원,김재광 위원,노동,1964-01,0
김재광위원,김재광 위원,노동,1964-02,2
김재광위원,김재광 위원,노동,1964-03,0
김재광위원,김재광 위원,노동,1964-04,1
김재광위원,김재광 위원,노동,1964-05,4
김재광위원,김재광 위원,노동,1964-06,0
김재광위원,김재광 위원,노동,1964-07,1
김재광위원,김재광 위원,노동,1964-08,0
김재광위원,김재광 위원,노동,1964-09,7
김재광위원,김재광 위원,노동,1964-10,4
김재광위원,김재광 위원,노동,1964-11,1
김재광위원,김재광 위원,노동,1964-12,0
김재광위원,김재광 위원,노동,1965-01,0
김재광위원,김재광 위원,노동,1965-02,0
김재광위원,김재광 위원,노동,1965-03,0
김재광위원,김재광 위원,노동,1965-04,0
김재광위원,김재광 위원,노동,1965-05,0
김재광위원,김재광 위원,노동,1965-06,0
김재광위원,김재광 위원,노동,1965-07,1
김재광위원,김재광 위원,노동,1965-08,2
김재광위원,김재광 위원,노동,1965-09,0
김재광위원,김재광 위원,노동,1965-10,0
김재광위원,김재광 위원,노동,1965-11,0
김재광위원,김재광 위원,노동,1965-12,0
김재광위원,김재광 위원,노동,1966-01,0
김재광위원,김재광 위원,노동,1966-02,0
김재광위원,김재광 위원,노동,1966-03,0
김재광위원,김재광 위원,노동,1966-04,0
김재광위원,김재광 위원,노동,1966-05,0
김재광위원,김재광 위원,노동,1966-06,0
김재광위원,김재광 위원,노동,1966-07,0
김재광위원,김재광 위원,노동,1966-08,0
김재광위원,김재광 위원,노동,1966-09,0
김재광위원,김재광 위원,노동,1966-10,0
김재광위원,김재광 위원,노동,1966-11,0
김재광위원,김재광 위원,노동,1966-12,0
김재광위원,김재광 위원,노동,1967-01,0
김재광위원,김재광 위원,노동,1967-02,0
김재광위원,김재광 위원,노동,1967-03,0
김재광위원,김재광 위원,노동,1967-07,0
김재광위원,김재광 위원,노동,1967-10,0
김재광위원,김재광 위원,노동,1967-11,0
김재광위원,김재광 위원,노동,1967-12,10
김재광위원,김재광 위원,노동,1968-01,0
김재광위원,김재광 위원,노동,1968-02,0
김재광위원,김재광 위원,노동,1968-03,0
김재광위원,김재광 위원,노동,1968-04,0
김재광위원,김재광 위원,노동,1968-05,0
김재광위원,김재광 위원,노동,1968-06,6
김재광위원,김재광 위원,노동,1968-07,0
김재광위원,김재광 위원,노동,1968-08,0
김재광위원,김재광 위원,노동,1968-09,1
김재광위원,김재광 위원,노동,1968-10,5
김재광위원,김재광 위원,노동,1968-11,3
김재광위원,김재광 위원,노동,1968-12,0
김재광위원,김재광 위원,노동,1969-01,0
김재광위원,김재광 위원,노동,1969-02,0
김재광위원,김재광 위원,노동,1969-03,0
김재광위원,김재광 위원,노동,1969-04,0
김재광위원,김재광 위원,노동,1969-05,0
김재광위원,김재광 위원,노동,1969-06,0
김재광위원,김재광 위원,노동,1969-07,2
김재광위원,김재광 위원,노동,1969-08,1
김재광위원,김재광 위원,노동,1969-09,0
김재광위원,김재광 위원,노동,1969-11,0
김재광위원,김재광 위원,노동,1969-12,0
김재광위원,김재광 위원,노동,1970-01,0
김재광위원,김재광 위원,노동,1970-02,0
김재광위원,김재광 위원,노동,1970-03,0
김재광위원,김재광 위원,노동,1970-04,0
김재광위원,김재광 위원,노동,1970-05,0
김재광위원,김재광 위원,노동,1970-06,0
김재광위원,김재광 위원,노동,1970-07,0
김재광위원,김재광 위원,노동,1970-08,0
김재광위원,김재광 위원,노동,1970-09,1
김재광위원,김재광 위원,노동,1970-10,4
김재광위원,김재광 위원,노동,1970-11,4
김재광위원,김재광 위원,노동,1970-12,0
김재광위원,김재광 위원,노동,1971-01,0
김재광위원,김재광 위원,노동,1971-07,0
김재광위원,김재광 위원,노동,1971-08,0
김재광위원,김재광 위원,노동,1971-09,0
김재광위원,김재광 위원,노동,1971-10,0
김재광위원,김재광 위원,노동,1971-11,0
김재광위원,김재광 위원,노동,1971-12,0
김재광위원,김재광 위원,노동,1972-01,0
김재광위원,김재광 위원,노동,1972-07,0
김재광위원,김재광 위원,노동,1972-08,0
김재광위원,김재광 위원,노동,1972-09,0
김재광위원,김재광 위원,노동,1972-10,0
김재광위원,김재광 위원,노동,1973-05,0
김재광위원,김재광 위원,노동,1973-06,0
김재광위원,김재광 위원,노동,1973-09,0
김재광위원,김재광 위원,노동,1974-08,0
김재광위원,김재광 위원,노동,1974-10,0
김재광위원,김재광 위원,노동,1975-11,0
김재광위원,김재광 위원,노동,1976-12,0
김재광위원,김재광 위원,노동,1978-11,0
김은하위원,김은하 위원,노동,1963-12,0
김은하위원,김은하 위원,노동,1964-01,0
김은하위원,김은하 위원,노동,1964-02,2
김은하위원,김은하 위원,노동,1964-03,0
김은하위원,김은하 위원,노동,1964-04,0
김은하위원,김은하 위원,노동,1964-05,7
김은하위원,김은하 위원,노동,1964-06,0
김은하위원,김은하 위원,노동,1964-07,0
김은하위원,김은하 위원,노동,1964-08,0
김은하위원,김은하 위원,노동,1964-09,0
김은하위원,김은하 위원,노동,1964-10,0
김은하위원,김은하 위원,노동,1964-11,4
김은하위원,김은하 위원,노동,1964-12,0
김은하위원,김은하 위원,노동,1965-01,0
김은하위원,김은하 위원,노동,1965-02,0
김은하위원,김은하 위원,노동,1965-03,1
김은하위원,김은하 위원,노동,1965-04,0
김은하위원,김은하 위원,노동,1965-05,0
김은하위원,김은하 위원,노동,1965-06,1
김은하위원,김은하 위원,노동,1965-07,1
김은하위원,김은하 위원,노동,1965-08,0
김은하위원,김은하 위원,노동,1965-09,0
김은하위원,김은하 위원,노동,1965-10,0
김은하위원,김은하 위원,노동,1965-11,2
김은하위원,김은하 위원,노동,1965-12,0
김은하위원,김은하 위원,노동,1966-01,0
김은하위원,김은하 위원,노동,1966-02,2
김은하위원,김은하 위원,노동,1966-03,0
김은하위원,김은하 위원,노동,1966-04,0
김은하위원,김은하 위원,노동,1966-05,0
김은하위원,김은하 위원,노동,1966-06,0
김은하위원,김은하 위원,노동,1966-07,0
김은하위원,김은하 위원,노동,1966-08,0
김은하위원,김은하 위원,노동,1966-09,1
김은하위원,김은하 위원,노동,1966-10,0
김은하위원,김은하 위원,노동,1966-11,3
김은하위원,김은하 위원,노동,1966-12,3
김은하위원,김은하 위원,노동,1967-01,1
김은하위원,김은하 위원,노동,1967-02,0
김은하위원,김은하 위원,노동,1967-03,0
김은하위원,김은하 위원,노동,1967-07,0
김은하위원,김은하 위원,노동,1967-10,0
김은하위원,김은하 위원,노동,1967-11,0
김은하위원,김은하 위원,노동,1967-12,0
김은하위원,김은하 위원,노동,1968-01,0
김은하위원,김은하 위원,노동,1968-02,1
김은하위원,김은하 위원,노동,1968-03,0
김은하위원,김은하 위원,노동,1968-04,1
김은하위원,김은하 위원,노동,1968-05,0
김은하위원,김은하 위원,노동,1968-06,0
김은하위원,김은하 위원,노동,1968-07,0
김은하위원,김은하 위원,노동,1968-08,0
김은하위원,김은하 위원,노동,1968-09,2
김은하위원,김은하 위원,노동,1968-10,7
김은하위원,김은하 위원,노동,1968-11,0
김은하위원,김은하 위원,노동,1968-12,0
김은하위원,김은하 위원,노동,1969-01,0
김은하위원,김은하 위원,노동,1969-02,0
김은하위원,김은하 위원,노동,1969-03,0
김은하위원,김은하 위원,노동,1969-04,1
김은하위원,김은하 위원,노동,1969-05,0
김은하위원,김은하 위원,노동,1969-06,0
김은하위원,김은하 위원,노동,1969-07,0
김은하위원,김은하 위원,노동,1969-08,0
김은하위원,김은하 위원,노동,1969-09,0
김은하위원,김은하 위원,노동,1969-11,0
김은하위원,김은하 위원,노동,1969-12,0
김은하위원,김은하 위원,노동,1970-01,0
김은하위원,김은하 위원,노동,1970-02,0
김은하위원,김은하 위원,노동,1970-03,0
김은하위원,김은하 위원,노동,1970-04,0
김은하위원,김은하 위원,노동,1970-05,3
김은하위원,김은하 위원,노동,1970-06,0
김은하위원,김은하 위원,노동,1970-07,0
김은하위원,김은하 위원,노동,1970-08,0
김은하위원,김은하 위원,노동,1970-09,1
김은하위원,김은하 위원,노동,1970-10,7
김은하위원,김은하 위원,노동,1970-11,3
김은하위원,김은하 위원,노동,1970-12,0
김은하위원,김은하 위원,노동,1971-01,0
김은하위원,김은하 위원,노동,1971-07,0
김은하위원,김은하 위원,노동,1971-08,0
김은하위원,김은하 위원,노동,1971-09,0
김은하위원,김은하 위원,노동,1971-10,0
김은하위원,김은하 위원,노동,1971-11,1
김은하위원,김은하 위원,노동,1971-12,0
김은하위원,김은하 위원,노동,1972-01,0
김은하위원,김은하 위원,노동,1972-07,0
김은하위원,김은하 위원,노동,1972-08,0
김은하위원,김은하 위원,노동,1972-09,0
김은하위원,김은하 위원,노동,1972-10,0
김은하위원,김은하 위원,노동,1973-05,0
김은하위원,김은하 위원,노동,1973-06,0
김은하위원,김은하 위원,노동,1973-09,0
김은하위원,김은하 위원,노동,1974-08,0
김은하위원,김은하 위원,노동,1974-10,0
김은하위원,김은하 위원,노동,1975-11,0
김은하위원,김은하 위원,노동,1976-12,0
김은하위원,김은하 위원,노동,1978-11,0
상공부장관박충훈,상공부장관 박충훈,노동,1963-12,0
상공부장관박충훈,상공부장관 박충훈,노동,1964-01,0
상공부장관박충훈,상공부장관 박충훈,노동,1964-02,0
상공부장관박충훈,상공부장관 박충훈,노동,1964-03,0
상공부장관박충훈,상공부장관 박충훈,노동,1964-04,0
상공부장관박충훈,상공부장관 박충훈,노동,1964-05,6
상공부장관박충훈,상공부장관 박충훈,노동,1964-06,2
상공부장관박충훈,상공부장관 박충훈,노동,1964-07,3
상공부장관박충훈,상공부장관 박충훈,노동,1964-08,0
상공부장관박충훈,상공부장관 박충훈,노동,1964-09,4
상공부장관박충훈,상공부장관 박충훈,노동,1964-10,5
상공부장관박충훈,상공부장관 박충훈,노동,1964-11,0
상공부장관박충훈,상공부장관 박충훈,노동,1964-12,0
상공부장관박충훈,상공부장관 박충훈,노동,1965-01,1
상공부장관박충훈,상공부장관 박충훈,노동,1965-02,0
상공부장관박충훈,상공부장관 박충훈,노동,1965-03,1
상공부장관박충훈,상공부장관 박충훈,노동,1965-04,0
상공부장관박충훈,상공부장관 박충훈,노동,1965-05,0
상공부장관박충훈,상공부장관 박충훈,노동,1965-06,1
상공부장관박충훈,상공부장관 박충훈,노동,1965-07,1
상공부장관박충훈,상공부장관 박충훈,노동,1965-08,0
상공부장관박충훈,상공부장관 박충훈,노동,1965-09,0
상공부장관박충훈,상공부장관 박충훈,노동,1965-10,1
상공부장관박충훈,상공부장관 박충훈,노동,1965-11,7
상공부장관박충훈,상공부장관 박충훈,노동,1965-12,1
상공부장관박충훈,상공부장관 박충훈,노동,1966-01,0
상공부장관박충훈,상공부장관 박충훈,노동,1966-02,5
상공부장관박충훈,상공부장관 박충훈,노동,1966-03,1
상공부장관박충훈,상공부장관 박충훈,노동,1966-04,3
상공부장관박충훈,상공부장관 박충훈,노동,1966-05,0
상공부장관박충훈,상공부장관 박충훈,노동,1966-06,0
상공부장관박충훈,상공부장관 박충훈,노동,1966-07,1
상공부장관박충훈,상공부장관 박충훈,노동,1966-08,1
상공부장관박충훈,상공부장관 박충훈,노동,1966-09,1
상공부장관박충훈,상공부장관 박충훈,노동,1966-10,0
상공부장관박충훈,상공부장관 박충훈,노동,1966-11,8
상공부장관박충훈,상공부장관 박충훈,노동,1966-12,4
상공부장관박충훈,상공부장관 박충훈,노동,1967-01,0
상공부장관박충훈,상공부장관 박충훈,노동,1967-02,0
상공부장관박충훈,상공부장관 박충훈,노동,1967-03,0
상공부장관박충훈,상공부장관 박충훈,노동,1967-07,0
상공부장관박충훈,상공부장관 박충훈,노동,1967-10,0
상공부장관박충훈,상공부장관 박충훈,노동,1967-11,0
상공부장관박충훈,상공부장관 박충훈,노동,1967-12,0
상공부장관박충훈,상공부장관 박충훈,노동,1968-01,0
상공부장관박충훈,상공부장관 박충훈,노동,1968-02,0
상공부장관박충훈,상공부장관 박충훈,노동,1968-03,0
상공부장관박충훈,상공부장관 박충훈,노동,1968-04,0
상공부장관박충훈,상공부장관 박충훈,노동,1968-05,0
상공부장관박충훈,상공부장관 박충훈,노동,1968-06,0
상공부장관박충훈,상공부장관 박충훈,노동,1968-07,0
상공부장관박충훈,상공부장관 박충훈,노동,1968-08,0
상공부장관박충훈,상공부장관 박충훈,노동,1968-09,0
상공부장관박충훈,상공부장관 박충훈,노동,1968-10,0
상공부장관박충훈,상공부장관 박충훈,노동,1968-11,0
상공부장관박충훈,상공부장관 박충훈,노동,1968-12,0
상공부장관박충훈,상공부장관 박충훈,노동,1969-01,0
상공부장관박충훈,상공부장관 박충훈,노동,1969-02,0
상공부장관박충훈,상공부장관 박충훈,노동,1969-03,0
상공부장관박충훈,상공부장관 박충훈,노동,1969-04,0
상공부장관박충훈,상공부장관 박충훈,노동,1969-05,0
상공부장관박충훈,상공부장관 박충훈,노동,1969-06,0
상공부장관박충훈,상공부장관 박충훈,노동,1969-07,0
상공부장관박충훈,상공부장관 박충훈,노동,1969-08,0
상공부장관박충훈,상공부장관 박충훈,노동,1969-09,0
상공부장관박충훈,상공부장관 박충훈,노동,1969-11,0
상공부장관박충훈,상공부장관 박충훈,노동,1969-12,0
상공부장관박충훈,상공부장관 박충훈,노동,1970-01,0
상공부장관박충훈,상공부장관 박충훈,노동,1970-02,0
상공부장관박충훈,상공부장관 박충훈,노동,1970-03,0
상공부장관박충훈,상공부장관 박충훈,노동,1970-04,0
상공부장관박충훈,상공부장관 박충훈,노동,1970-05,0
상공부장관박충훈,상공부장관 박충훈,노동,1970-06,0
상공부장관박충훈,상공부장관 박충훈,노동,1970-07,0
상공부장관박충훈,상공부장관 박충훈,노동,1970-08,0
상공부장관박충훈,상공부장관 박충훈,노동,1970-09,0
상공부장관박충훈,상공부장관 박충훈,노동,1970-10,0
상공부장관박충훈,상공부장관 박충훈,노동,1970-11,0
상공부장관박충훈,상공부장관 박충훈,노동,1970-12,0
상공부장관박충훈,상공부장관 박충훈,노동,1971-01,0
상공부장관박충훈,상공부장관 박충훈,노동,1971-07,0
상공부장관박충훈,상공부장관 박충훈,노동,1971-08,0
상공부장관박충훈,상공부장관 박충훈,노동,1971-09,0
상공부장관박충훈,상공부장관 박충훈,노동,1971-10,0
상공부장관박충훈,상공부장관 박충훈,노동,1971-11,0
상공부장관박충훈,상공부장관 박충훈,노동,1971-12,0
상공부장관박충훈,상공부장관 박충훈,노동,1972-01,0
상공부장관박충훈,상공부장관 박충훈,노동,1972-07,0
상공부장관박충훈,상공부장관 박충훈,노동,1972-08,0
상공부장관박충훈,상공부장관 박충훈,노동,1972-09,0
상공부장관박충훈,상공부장관 박충훈,노동,1972-10,0
상공부장관박충훈,상공부장관 박충훈,노동,1973-05,0
상공부장관박충훈,상공부장관 박충훈,노동,1973-06,0
상공부장관박충훈,상공부장관 박충훈,노동,1973-09,0
상공부장관박충훈,상공부장관 박충훈,노동,1974-08,0
상공부장관박충훈,상공부장관 박충훈,노동,1974-10,0
상공부장관박충훈,상공부장관 박충훈,노동,1975-11,0
상공부장관박충훈,상공부장관 박충훈,노동,1976-12,0
상공부장관박충훈,상공부장관 박충훈,노동,1978-11,0
상공부장관김정렴,상공부장관 김정렴,노동,1963-12,0
상공부장관김정렴,상공부장관 김정렴,노동,1964-01,0
상공부장관김정렴,상공부장관 김정렴,노동,1964-02,0
상공부장관김정렴,상공부장관 김정렴,노동,1964-03,0
상공부장관김정렴,상공부장관 김정렴,노동,1964-04,0
상공부장관김정렴,상공부장관 김정렴,노동,1964-05,0
상공부장관김정렴,상공부장관 김정렴,노동,1964-06,0
상공부장관김정렴,상공부장관 김정렴,노동,1964-07,0
상공부장관김정렴,상공부장관 김정렴,노동,1964-08,0
상공부장관김정렴,상공부장관 김정렴,노동,1964-09,0
상공부장관김정렴,상공부장관 김정렴,노동,1964-10,0
상공부장관김정렴,상공부장관 김정렴,노동,1964-11,0
상공부장관김정렴,상공부장관 김정렴,노동,1964-12,0
상공부장관김정렴,상공부장관 김정렴,노동,1965-01,0
상공부장관김정렴,상공부장관 김정렴,노동,1965-02,0
상공부장관김정렴,상공부장관 김정렴,노동,1965-03,0
상공부장관김정렴,상공부장관 김정렴,노동,1965-04,0
상공부장관김정렴,상공부장관 김정렴,노동,1965-05,0
상공부장관김정렴,상공부장관 김정렴,노동,1965-06,0
상공부장관김정렴,상공부장관 김정렴,노동,1965-07,0
상공부장관김정렴,상공부장관 김정렴,노동,1965-08,0
상공부장관김정렴,상공부장관 김정렴,노동,1965-09,0
상공부장관김정렴,상공부장관 김정렴,노동,1965-10,0
상공부장관김정렴,상공부장관 김정렴,노동,1965-11,0
상공부장관김정렴,상공부장관 김정렴,노동,1965-12,0
상공부장관김정렴,상공부장관 김정렴,노동,1966-01,0
상공부장관김정렴,상공부장관 김정렴,노동,1966-02,0
상공부장관김정렴,상공부장관 김정렴,노동,1966-03,0
상공부장관김정렴,상공부장관 김정렴,노동,1966-04,0
상공부장관김정렴,상공부장관 김정렴,노동,1966-05,0
상공부장관김정렴,상공부장관 김정렴,노동,1966-06,0
상공부장관김정렴,상공부장관 김정렴,노동,1966-07,0
상공부장관김정렴,상공부장관 김정렴,노동,1966-08,0
상공부장관김정렴,상공부장관 김정렴,노동,1966-09,0
상공부장관김정렴,상공부장관 김정렴,노동,1966-10,0
상공부장관김정렴,상공부장관 김정렴,노동,1966-11,0
상공부장관김정렴,상공부장관 김정렴,노동,1966-12,0
상공부장관김정렴,상공부장관 김정렴,노동,1967-01,0
상공부장관김정렴,상공부장관 김정렴,노동,1967-02,0
상공부장관김정렴,상공부장관 김정렴,노동,1967-03,0
상공부장관김정렴,상공부장관 김정렴,노동,1967-07,0
상공부장관김정렴,상공부장관 김정렴,노동,1967-10,3
상공부장관김정렴,상공부장관 김정렴,노동,1967-11,3
상공부장관김정렴,상공부장관 김정렴,노동,1967-12,7
상공부장관김정렴,상공부장관 김정렴,노동,1968-01,0
상공부장관김정렴,상공부장관 김정렴,노동,1968-02,6
상공부장관김정렴,상공부장관 김정렴,노동,1968-03,0
상공부장관김정렴,상공부장관 김정렴,노동,1968-04,1
상공부장관김정렴,상공부장관 김정렴,노동,1968-05,1
상공부장관김정렴,상공부장관 김정렴,노동,1968-06,3
상공부장관김정렴,상공부장관 김정렴,노동,1968-07,0
상공부장관김정렴,상공부장관 김정렴,노동,1968-08,0
상공부장관김정렴,상공부장관 김정렴,노동,1968-09,0
상공부장관김정렴,상공부장관 김정렴,노동,1968-10,12
상공부장관김정렴,상공부장관 김정렴,노동,1968-11,4
상공부장관김정렴,상공부장관 김정렴,노동,1968-12,1
상공부장관김정렴,상공부장관 김정렴,노동,1969-01,0
상공부장관김정렴,상공부장관 김정렴,노동,1969-02,0
상공부장관김정렴,상공부장관 김정렴,노동,1969-03,0
상공부장관김정렴,상공부장관 김정렴,노동,1969-04,1
상공부장관김정렴,상공부장관 김정렴,노동,1969-05,0
상공부장관김정렴,상공부장관 김정렴,노동,1969-06,1
상공부장관김정렴,상공부장관 김정렴,노동,1969-07,1
상공부장관김정렴,상공부장관 김정렴,노동,1969-08,0
상공부장관김정렴,상공부장관 김정렴,노동,1969-09,0
상공부장관김정렴,상공부장관 김정렴,노동,1969-11,0
상공부장관김정렴,상공부장관 김정렴,노동,1969-12,0
상공부장관김정렴,상공부장관 김정렴,노동,1970-01,0
상공부장관김정렴,상공부장관 김정렴,노동,1970-02,0
상공부장관김정렴,상공부장관 김정렴,노동,1970-03,0
상공부장관김정렴,상공부장관 김정렴,노동,1970-04,0
상공부장관김정렴,상공부장관 김정렴,노동,1970-05,0
상공부장관김정렴,상공부장관 김정렴,노동,1970-06,0
상공부장관김정렴,상공부장관 김정렴,노동,1970-07,0
상공부장관김정렴,상공부장관 김정렴,노동,1970-08,0
상공부장관김정렴,상공부장관 김정렴,노동,1970-09,0
상공부장관김정렴,상공부장관 김정렴,노동,1970-10,0
상공부장관김정렴,상공부장관 김정렴,노동,1970-11,0
상공부장관김정렴,상공부장관 김정렴,노동,1970-12,0
상공부장관김정렴,상공부장관 김정렴,노동,1971-01,0
상공부장관김정렴,상공부장관 김정렴,노동,1971-07,0
상공부장관김정렴,상공부장관 김정렴,노동,1971-08,0
상공부장관김정렴,상공부장관 김정렴,노동,1971-09,0
상공부장관김정렴,상공부장관 김정렴,노동,1971-10,0
상공부장관김정렴,상공부장관 김정렴,노동,1971-11,0
상공부장관김정렴,상공부장관 김정렴,노동,1971-12,0
상공부장관김정렴,상공부장관 김정렴,노동,1972-01,0
상공부장관김정렴,상공부장관 김정렴,노동,1972-07,0
상공부장관김정렴,상공부장관 김정렴,노동,1972-08,0
상공부장관김정렴,상공부장관 김정렴,노동,1972-09,0
상공부장관김정렴,상공부장관 김정렴,노동,1972-10,0
상공부장관김정렴,상공부장관 김정렴,노동,1973-05,0
상공부장관김정렴,상공부장관 김정렴,노동,1973-06,0
상공부장관김정렴,상공부장관 김정렴,노동,1973-09,0
상공부장관김정렴,상공부장관 김정렴,노동,1974-08,0
상공부장관김정렴,상공부장관 김정렴,노동,1974-10,0
상공부장관김정렴,상공부장관 김정렴,노동,1975-11,0
상공부장관김정렴,상공부장관 김정렴,노동,1976-12,0
상공부장관김정렴,상공부장관 김정렴,노동,1978-11,0
출석정부위원,출석 정부위원,노동,1963-12,0
출석정부위원,출석 정부위원,노동,1964-01,0
출석정부위원,출석 정부위원,노동,1964-02,0
출석정부위원,출석 정부위원,노동,1964-03,0
출석정부위원,출석 정부위원,노동,1964-04,0
출석정부위원,출석 정부위원,노동,1964-05,0
출석정부위원,출석 정부위원,노동,1964-06,0
출석정부위원,출석 정부위원,노동,1964-07,0
출석정부위원,출석 정부위원,노동,1964-08,0
출석정부위원,출석 정부위원,노동,1964-09,0
출석정부위원,출석 정부위원,노동,1964-10,0
출석정부위원,출석 정부위원,노동,1964-11,0
출석정부위원,출석 정부위원,노동,1964-12,0
출석정부위원,출석 정부위원,노동,1965-01,0
출석정부위원,출석 정부위원,노동,1965-02,0
출석정부위원,출석 정부위원,노동,1965-03,0
출석정부위원,출석 정부위원,노동,1965-04,0
출석정부위원,출석 정부위원,노동,1965-05,0
출석정부위원,출석 정부위원,노동,1965-06,0
출석정부위원,출석 정부위원,노동,1965-07,0
출석정부위원,출석 정부위원,노동,1965-08,0
출석정부위원,출석 정부위원,노동,1965-09,0
출석정부위원,출석 정부위원,노동,1965-10,0
출석정부위원,출석 정부위원,노동,1965-11,0
출석정부위원,출석 정부위원,노동,1965-12,0
출석정부위원,출석 정부위원,노동,1966-01,0
출석정부위원,출석 정부위원,노동,1966-02,0
출석정부위원,출석 정부위원,노동,1966-03,0
출석정부위원,출석 정부위원,노동,1966-04,0
출석정부위원,출석 정부위원,노동,1966-05,0
출석정부위원,출석 정부위원,노동,1966-06,0
출석정부위원,출석 정부위원,노동,1966-07,0
출석정부위원,출석 정부위원,노동,1966-08,0
출석정부위원,출석 정부위원,노동,1966-09,0
출석정부위원,출석 정부위원,노동,1966-10,0
출석정부위원,출석 정부위원,노동,1966-11,0
출석정부위원,출석 정부위원,노동,1966-12,0
출석정부위원,출석 정부위원,노동,1967-01,0
출석정부위원,출석 정부위원,노동,1967-02,0
출석정부위원,출석 정부위원,노동,1967-03,0
출석정부위원,출석 정부위원,노동,1967-07,0
출석정부위원,출석 정부위원,노동,1967-10,0
출석정부위원,출석 정부위원,노동,1967-11,0
출석정부위원,출석 정부위원,노동,1967-12,0
출석정부위원,출석 정부위원,노동,1968-01,0
출석정부위원,출석 정부위원,노동,1968-02,0
출석정부위원,출석 정부위원,노동,1968-03,0
출석정부위원,출석 정부위원,노동,1968-04,0
출석정부위원,출석 정부위원,노동,1968-05,0
출석정부위원,출석 정부위원,노동,1968-06,0
출석정부위원,출석 정부위원,노동,1968-07,0
출석정부위원,출석 정부위원,노동,1968-08,0
출석정부위원,출석 정부위원,노동,1968-09,0
출석정부위원,출석 정부위원,노동,1968-10,0
출석정부위원,출석 정부위원,노동,1968-11,0
출석정부위원,출석 정부위원,노동,1968-12,0
출석정부위원,출석 정부위원,노동,1969-01,0
출석정부위원,출석 정부위원,노동,1969-02,0
출석정부위원,출석 정부위원,노동,1969-03,0
출석정부위원,출석 정부위원,노동,1969-04,0
출석정부위원,출석 정부위원,노동,1969-05,0
출석정부위원,출석 정부위원,노동,1969-06,0
출석정부위원,출석 정부위원,노동,1969-07,0
출석정부위원,출석 정부위원,노동,1969-08,0
출석정부위원,출석 정부위원,노동,1969-09,0
출석정부위원,출석 정부위원,노동,1969-11,0
출석정부위원,출석 정부위원,노동,1969-12,0
출석정부위원,출석 정부위원,노동,1970-01,0
출석정부위원,출석 정부위원,노동,1970-02,0
출석정부위원,출석 정부위원,노동,1970-03,0
출석정부위원,출석 정부위원,노동,1970-04,0
출석정부위원,출석 정부위원,노동,1970-05,0
출석정부위원,출석 정부위원,노동,1970-06,0
출석정부위원,출석 정부위원,노동,1970-07,0
출석정부위원,출석 정부위원,노동,1970-08,0
출석정부위원,출석 정부위원,노동,1970-09,0
출석정부위원,출석 정부위원,노동,1970-10,0
출석정부위원,출석 정부위원,노동,1970-11,0
출석정부위원,출석 정부위원,노동,1970-12,0
출석정부위원,출석 정부위원,노동,1971-01,0
출석정부위원,출석 정부위원,노동,1971-07,0
출석정부위원,출석 정부위원,노동,1971-08,0
출석정부위원,출석 정부위원,노동,1971-09,0
출석정부위원,출석 정부위원,노동,1971-10,0
출석정부위원,출석 정부위원,노동,1971-11,0
출석정부위원,출석 정부위원,노동,1971-12,0
출석정부위원,출석 정부위원,노동,1972-01,0
출석정부위원,출석 정부위원,노동,1972-07,0
출석정부위원,출석 정부위원,노동,1972-08,0
출석정부위원,출석 정부위원,노동,1972-09,0
출석정부위원,출석 정부위원,노동,1972-10,0
출석정부위원,출석 정부위원,노동,1973-05,0
출석정부위원,출석 정부위원,노동,1973-06,0
출석정부위원,출석 정부위원,노동,1973-09,0
출석정부위원,출석 정부위원,노동,1974-08,0
출석정부위원,출석 정부위원,노동,1974-10,0
출석정부위원,출석 정부위원,노동,1975-11,0
출석정부위원,출석 정부위원,노동,1976-12,0
출석정부위원,출석 정부위원,노동,1978-11,0
노재필위원,노재필 위원,노동,1963-12,0
노재필위원,노재필 위원,노동,1964-01,2
노재필위원,노재필 위원,노동,1964-02,3
노재필위원,노재필 위원,노동,1964-03,0
노재필위원,노재필 위원,노동,1964-04,0
노재필위원,노재필 위원,노동,1964-05,0
노재필위원,노재필 위원,노동,1964-06,1
노재필위원,노재필 위원,노동,1964-07,2
노재필위원,노재필 위원,노동,1964-08,0
노재필위원,노재필 위원,노동,1964-09,0
노재필위원,노재필 위원,노동,1964-10,0
노재필위원,노재필 위원,노동,1964-11,1
노재필위원,노재필 위원,노동,1964-12,1
노재필위원,노재필 위원,노동,1965-01,0
노재필위원,노재필 위원,노동,1965-02,0
노재필위원,노재필 위원,노동,1965-03,0
노재필위원,노재필 위원,노동,1965-04,0
노재필위원,노재필 위원,노동,1965-05,0
노재필위원,노재필 위원,노동,1965-06,0
노재필위원,노재필 위원,노동,1965-07,0
노재필위원,노재필 위원,노동,1965-08,0
노재필위원,노재필 위원,노동,1965-09,0
노재필위원,노재필 위원,노동,1965-10,0
노재필위원,노재필 위원,노동,1965-11,0
노재필위원,노재필 위원,노동,1965-12,0
노재필위원,노재필 위원,노동,1966-01,0
노재필위원,노재필 위원,노동,1966-02,0
노재필위원,노재필 위원,노동,1966-03,0
노재필위원,노재필 위원,노동,1966-04,1
노재필위원,노재필 위원,노동,1966-05,1
노재필위원,노재필 위원,노동,1966-06,1
노재필위원,노재필 위원,노동,1966-07,14
노재필위원,노재필 위원,노동,1966-08,0
노재필위원,노재필 위원,노동,1966-09,0
노재필위원,노재필 위원,노동,1966-10,0
노재필위원,노재필 위원,노동,1966-11,3
노재필위원,노재필 위원,노동,1966-12,7
노재필위원,노재필 위원,노동,1967-01,0
노재필위원,노재필 위원,노동,1967-02,0
노재필위원,노재필 위원,노동,1967-03,0
노재필위원,노재필 위원,노동,1967-07,0
노재필위원,노재필 위원,노동,1967-10,3
노재필위원,노재필 위원,노동,1967-11,1
노재필위원,노재필 위원,노동,1967-12,4
노재필위원,노재필 위원,노동,1968-01,0
노재필위원,노재필 위원,노동,1968-02,0
노재필위원,노재필 위원,노동,1968-03,0
노재필위원,노재필 위원,노동,1968-04,0
노재필위원,노재필 위원,노동,1968-05,0
노재필위원,노재필 위원,노동,1968-06,0
노재필위원,노재필 위원,노동,1968-07,0
노재필위원,노재필 위원,노동,1968-08,0
노재필위원,노재필 위원,노동,1968-09,2
노재필위원,노재필 위원,노동,1968-10,1
노재필위원,노재필 위원,노동,1968-11,1
노재필위원,노재필 위원,노동,1968-12,0
노재필위원,노재필 위원,노동,1969-01,0
노재필위원,노재필 위원,노동,1969-02,0
노재필위원,노재필 위원,노동,1969-03,0
노재필위원,노재필 위원,노동,1969-04,1
노재필위원,노재필 위원,노동,1969-05,0
노재필위원,노재필 위원,노동,1969-06,0
노재필위원,노재필 위원,노동,1969-07,0
노재필위원,노재필 위원,노동,1969-08,0
노재필위원,노재필 위원,노동,1969-09,0
노재필위원,노재필 위원,노동,1969-11,0
노재필위원,노재필 위원,노동,1969-12,6
노재필위원,노재필 위원,노동,1970-01,0
노재필위원,노재필 위원,노동,1970-02,0
노재필위원,노재필 위원,노동,1970-03,0
노재필위원,노재필 위원,노동,1970-04,0
노재필위원,노재필 위원,노동,1970-05,1
노재필위원,노재필 위원,노동,1970-06,0
노재필위원,노재필 위원,노동,1970-07,0
노재필위원,노재필 위원,노동,1970-08,0
노재필위원,노재필 위원,노동,1970-09,0
노재필위원,노재필 위원,노동,1970-10,0
노재필위원,노재필 위원,노동,1970-11,0
노재필위원,노재필 위원,노동,1970-12,0
노재필위원,노재필 위원,노동,1971-01,0
노재필위원,노재필 위원,노동,1971-07,0
노재필위원,노재필 위원,노동,1971-08,0
노재필위원,노재필 위원,노동,1971-09,0
노재필위원,노재필 위원,노동,1971-10,0
노재필위원,노재필 위원,노동,1971-11,0
노재필위원,노재필 위원,노동,1971-12,0
노재필위원,노재필 위원,노동,1972-01,0
노재필위원,노재필 위원,노동,1972-07,0
노재필위원,노재필 위원,노동,1972-08,0
노재필위원,노재필 위원,노동,1972-09,0
노재필위원,노재필 위원,노동,1972-10,0
노재필위원,노재필 위원,노동,1973-05,0
노재필위원,노재필 위원,노동,1973-06,0
노재필위원,노재필 위원,노동,1973-09,0
노재필위원,노재필 위원,노동,1974-08,0
노재필위원,노재필 위원,노동,1974-10,0
노재필위원,노재필 위원,노동,1975-11,0
노재필위원,노재필 위원,노동,1976-12,0
노재필위원,노재필 위원,노동,1978-11,0
경제기획원장관장기영,경제기획원장관 장기영,이민,1963-12,0
경제기획원장관장기영,경제기획원장관 장기영,이민,1964-01,0
경제기획원장관장기영,경제기획원장관 장기영,이민,1964-02,0
경제기획원장관장기영,경제기획원장관 장기영,이민,1964-03,0
경제기획원장관장기영,경제기획원장관 장기영,이민,1964-04,0
경제기획원장관장기영,경제기획원장관 장기영,이민,1964-05,0
경제기획원장관장기영,경제기획원장관 장기영,이민,1964-06,0
경제기획원장관장기영,경제기획원장관 장기영,이민,1964-07,0
경제기획원장관장기영,경제기획원장관 장기영,이민,1964-08,0
경제기획원장관장기영,경제기획원장관 장기영,이민,1964-09,0
경제기획원장관장기영,경제기획원장관 장기영,이민,1964-10,1
경제기획원장관장기영,경제기획원장관 장기영,이민,1964-11,1
경제기획원장관장기영,경제기획원장관 장기영,이민,1964-12,0
경제기획원장관장기영,경제기획원장관 장기영,이민,1965-01,0
경제기획원장관장기영,경제기획원장관 장기영,이민,1965-02,0
경제기획원장관장기영,경제기획원장관 장기영,이민,1965-03,3
경제기획원장관장기영,경제기획원장관 장기영,이민,1965-04,0
경제기획원장관장기영,경제기획원장관 장기영,이민,1965-05,0
경제기획원장관장기영,경제기획원장관 장기영,이민,1965-06,0
경제기획원장관장기영,경제기획원장관 장기영,이민,1965-07,0
경제기획원장관장기영,경제기획원장관 장기영,이민,1965-08,2
경제기획원장관장기영,경제기획원장관 장기영,이민,1965-09,1
경제기획원장관장기영,경제기획원장관 장기영,이민,1965-10,0
경제기획원장관장기영,경제기획원장관 장기영,이민,1965-11,1
경제기획원장관장기영,경제기획원장관 장기영,이민,1965-12,0
경제기획원장관장기영,경제기획원장관 장기영,이민,1966-01,0
경제기획원장관장기영,경제기획원장관 장기영,이민,1966-02,2
경제기획원장관장기영,경제기획원장관 장기영,이민,1966-03,0
경제기획원장관장기영,경제기획원장관 장기영,이민,1966-04,8
경제기획원장관장기영,경제기획원장관 장기영,이민,1966-05,0
경제기획원장관장기영,경제기획원장관 장기영,이민,1966-06,0
경제기획원장관장기영,경제기획원장관 장기영,이민,1966-07,0
경제기획원장관장기영,경제기획원장관 장기영,이민,1966-08,0
경제기획원장관장기영,경제기획원장관 장기영,이민,1966-09,1
경제기획원장관장기영,경제기획원장관 장기영,이민,1966-10,0
경제기획원장관장기영,경제기획원장관 장기영,이민,1966-11,3
경제기획원장관장기영,경제기획원장관 장기영,이민,1966-12,1
경제기획원장관장기영,경제기획원장관 장기영,이민,1967-01,0
경제기획원장관장기영,경제기획원장관 장기영,이민,1967-02,0
경제기획원장관장기영,경제기획원장관 장기영,이민,1967-03,0
경제기획원장관장기영,경제기획원장관 장기영,이민,1967-07,0
경제기획원장관장기영,경제기획원장관 장기영,이민,1967-10,0
경제기획원장관장기영,경제기획원장관 장기영,이민,1967-11,0
경제기획원장관장기영,경제기획원장관 장기영,이민,1967-12,0
경제기획원장관장기영,경제기획원장관 장기영,이민,1968-01,0
경제기획원장관장기영,경제기획원장관 장기영,이민,1968-02,0
경제기획원장관장기영,경제기획원장관 장기영,이민,1968-03,0
경제기획원장관장기영,경제기획원장관 장기영,이민,1968-04,0
경제기획원장관장기영,경제기획원장관 장기영,이민,1968-05,0
경제기획원장관장기영,경제기획원장관 장기영,이민,1968-06,0
경제기획원장관장기영,경제기획원장관 장기영,이민,1968-07,0
경제기획원장관장기영,경제기획원장관 장기영,이민,1968-08,0
경제기획원장관장기영,경제기획원장관 장기영,이민,1968-09,0
경제기획원장관장기영,경제기획원장관 장기영,이민,1968-10,0
경제기획원장관장기영,경제기획원장관 장기영,이민,1968-11,0
경제기획원장관장기영,경제기획원장관 장기영,이민,1968-12,0
경제기획원장관장기영,경제기획원장관 장기영,이민,1969-01,0
경제기획원장관장기영,경제기획원장관 장기영,이민,1969-02,0
경제기획원장관장기영,경제기획원장관 장기영,이민,1969-03,0
경제기획원장관장기영,경제기획원장관 장기영,이민,1969-04,0
경제기획원장관장기영,경제기획원장관 장기영,이민,1969-05,0
경제기획원장관장기영,경제기획원장관 장기영,이민,1969-06,0
경제기획원장관장기영,경제기획원장관 장기영,이민,1969-07,0
경제기획원장관장기영,경제기획원장관 장기영,이민,1969-08,0
경제기획원장관장기영,경제기획원장관 장기영,이민,1969-09,0
경제기획원장관장기영,경제기획원장관 장기영,이민,1969-11,0
경제기획원장관장기영,경제기획원장관 장기영,이민,1969-12,0
경제기획원장관장기영,경제기획원장관 장기영,이민,1970-01,0
경제기획원장관장기영,경제기획원장관 장기영,이민,1970-02,0
경제기획원장관장기영,경제기획원장관 장기영,이민,1970-03,0
경제기획원장관장기영,경제기획원장관 장기영,이민,1970-04,0
경제기획원장관장기영,경제기획원장관 장기영,이민,1970-05,0
경제기획원장관장기영,경제기획원장관 장기영,이민,1970-06,0
경제기획원장관장기영,경제기획원장관 장기영,이민,1970-07,0
경제기획원장관장기영,경제기획원장관 장기영,이민,1970-08,0
경제기획원장관장기영,경제기획원장관 장기영,이민,1970-09,0
경제기획원장관장기영,경제기획원장관 장기영,이민,1970-10,0
경제기획원장관장기영,경제기획원장관 장기영,이민,1970-11,0
경제기획원장관장기영,경제기획원장관 장기영,이민,1970-12,0
경제기획원장관장기영,경제기획원장관 장기영,이민,1971-01,0
경제기획원장관장기영,경제기획원장관 장기영,이민,1971-07,0
경제기획원장관장기영,경제기획원장관 장기영,이민,1971-08,0
경제기획원장관장기영,경제기획원장관 장기영,이민,1971-09,0
경제기획원장관장기영,경제기획원장관 장기영,이민,1971-10,0
경제기획원장관장기영,경제기획원장관 장기영,이민,1971-11,0
경제기획원장관장기영,경제기획원장관 장기영,이민,1971-12,0
경제기획원장관장기영,경제기획원장관 장기영,이민,1972-01,0
경제기획원장관장기영,경제기획원장관 장기영,이민,1972-07,0
경제기획원장관장기영,경제기획원장관 장기영,이민,1972-08,0
경제기획원장관장기영,경제기획원장관 장기영,이민,1972-09,0
경제기획원장관장기영,경제기획원장관 장기영,이민,1972-10,0
경제기획원장관장기영,경제기획원장관 장기영,이민,1973-05,0
경제기획원장관장기영,경제기획원장관 장기영,이민,1973-06,0
경제기획원장관장기영,경제기획원장관 장기영,이민,1973-09,0
경제기획원장관장기영,경제기획원장관 장기영,이민,1974-08,0
경제기획원장관장기영,경제기획원장관 장기영,이민,1974-10,0
경제기획원장관장기영,경제기획원장관 장기영,이민,1975-11,0
경제기획원장관장기영,경제기획원장관 장기영,이민,1976-12,0
경제기획원장관장기영,경제기획원장관 장기영,이민,1978-11,0
고흥문위원,고흥문 위원,이민,1963-12,0
고흥문위원,고흥문 위원,이민,1964-01,0
고흥문위원,고흥문 위원,이민,1964-02,2
고흥문위원,고흥문 위원,이민,1964-03,3
고흥문위원,고흥문 위원,이민,1964-04,0
고흥문위원,고흥문 위원,이민,1964-05,0
고흥문위원,고흥문 위원,이민,1964-06,0
고흥문위원,고흥문 위원,이민,1964-07,0
고흥문위원,고흥문 위원,이민,1964-08,0
고흥문위원,고흥문 위원,이민,1964-09,0
고흥문위원,고흥문 위원,이민,1964-10,0
고흥문위원,고흥문 위원,이민,1964-11,0
고흥문위원,고흥문 위원,이민,1964-12,0
고흥문위원,고흥문 위원,이민,1965-01,0
고흥문위원,고흥문 위원,이민,1965-02,0
고흥문위원,고흥문 위원,이민,1965-03,0
고흥문위원,고흥문 위원,이민,1965-04,0
고흥문위원,고흥문 위원,이민,1965-05,0
고흥문위원,고흥문 위원,이민,1965-06,1
고흥문위원,고흥문 위원,이민,1965-07,0
고흥문위원,고흥문 위원,이민,1965-08,1
고흥문위원,고흥문 위원,이민,1965-09,0
고흥문위원,고흥문 위원,이민,1965-10,0
고흥문위원,고흥문 위원,이민,1965-11,0
고흥문위원,고흥문 위원,이민,1965-12,0
고흥문위원,고흥문 위원,이민,1966-01,0
고흥문위원,고흥문 위원,이민,1966-02,0
고흥문위원,고흥문 위원,이민,1966-03,0
고흥문위원,고흥문 위원,이민,1966-04,1
고흥문위원,고흥문 위원,이민,1966-05,0
고흥문위원,고흥문 위원,이민,1966-06,0
고흥문위원,고흥문 위원,이민,1966-07,0
고흥문위원,고흥문 위원,이민,1966-08,0
고흥문위원,고흥문 위원,이민,1966-09,0
고흥문위원,고흥문 위원,이민,1966-10,1
고흥문위원,고흥문 위원,이민,1966-11,4
고흥문위원,고흥문 위원,이민,1966-12,0
고흥문위원,고흥문 위원,이민,1967-01,0
고흥문위원,고흥문 위원,이민,1967-02,0
고흥문위원,고흥문 위원,이민,1967-03,0
고흥문위원,고흥문 위원,이민,1967-07,0
고흥문위원,고흥문 위원,이민,1967-10,0
고흥문위원,고흥문 위원,이민,1967-11,0
고흥문위원,고흥문 위원,이민,1967-12,1
고흥문위원,고흥문 위원,이민,1968-01,0
고흥문위원,고흥문 위원,이민,1968-02,0
고흥문위원,고흥문 위원,이민,1968-03,0
고흥문위원,고흥문 위원,이민,1968-04,0
고흥문위원,고흥문 위원,이민,1968-05,0
고흥문위원,고흥문 위원,이민,1968-06,1
고흥문위원,고흥문 위원,이민,1968-07,0
고흥문위원,고흥문 위원,이민,1968-08,0
고흥문위원,고흥문 위원,이민,1968-09,0
고흥문위원,고흥문 위원,이민,1968-10,1
고흥문위원,고흥문 위원,이민,1968-11,0
고흥문위원,고흥문 위원,이민,1968-12,0
고흥문위원,고흥문 위원,이민,1969-01,0
고흥문위원,고흥문 위원,이민,1969-02,0
고흥문위원,고흥문 위원,이민,1969-03,0
고흥문위원,고흥문 위원,이민,1969-04,1
고흥문위원,고흥문 위원,이민,1969-05,0
고흥문위원,고흥문 위원,이민,1969-06,0
고흥문위원,고흥문 위원,이민,1969-07,0
고흥문위원,고흥문 위원,이민,1969-08,0
고흥문위원,고흥문 위원,이민,1969-09,0
고흥문위원,고흥문 위원,이민,1969-11,0
고흥문위원,고흥문 위원,이민,1969-12,0
고흥문위원,고흥문 위원,이민,1970-01,0
고흥문위원,고흥문 위원,이민,1970-02,0
고흥문위원,고흥문 위원,이민,1970-03,0
고흥문위원,고흥문 위원,이민,1970-04,0
고흥문위원,고흥문 위원,이민,1970-05,0
고흥문위원,고흥문 위원,이민,1970-06,0
고흥문위원,고흥문 위원,이민,1970-07,0
고흥문위원,고흥문 위원,이민,1970-08,0
고흥문위원,고흥문 위원,이민,1970-09,0
고흥문위원,고흥문 위원,이민,1970-10,0
고흥문위원,고흥문 위원,이민,1970-11,0
고흥문위원,고흥문 위원,이민,1970-12,0
고흥문위원,고흥문 위원,이민,1971-01,0
고흥문위원,고흥문 위원,이민,1971-07,0
고흥문위원,고흥문 위원,이민,1971-08,0
고흥문위원,고흥문 위원,이민,1971-09,0
고흥문위원,고흥문 위원,이민,1971-10,0
고흥문위원,고흥문 위원,이민,1971-11,0
고흥문위원,고흥문 위원,이민,1971-12,0
고흥문위원,고흥문 위원,이민,1972-01,0
고흥문위원,고흥문 위원,이민,1972-07,0
고흥문위원,고흥문 위원,이민,1972-08,0
고흥문위원,고흥문 위원,이민,1972-09,0
고흥문위원,고흥문 위원,이민,1972-10,0
고흥문위원,고흥문 위원,이민,1973-05,0
고흥문위원,고흥문 위원,이민,1973-06,0
고흥문위원,고흥문 위원,이민,1973-09,0
고흥문위원,고흥문 위원,이민,1974-08,0
고흥문위원,고흥문 위원,이민,1974-10,0
고흥문위원,고흥문 위원,이민,1975-11,0
고흥문위원,고흥문 위원,이민,1976-12,0
고흥문위원,고흥문 위원,이민,1978-11,0
김대중위원,김대중 위원,이민,1963-12,0
김대중위원,김대중 위원,이민,1964-01,0
김대중위원,김대중 위원,이민,1964-02,2
김대중위원,김대중 위원,이민,1964-03,0
김대중위원,김대중 위원,이민,1964-04,3
김대중위원,김대중 위원,이민,1964-05,2
김대중위원,김대중 위원,이민,1964-06,0
김대중위원,김대중 위원,이민,1964-07,0
김대중위원,김대중 위원,이민,1964-08,0
김대중위원,김대중 위원,이민,1964-09,0
김대중위원,김대중 위원,이민,1964-10,0
김대중위원,김대중 위원,이민,1964-11,5
김대중위원,김대중 위원,이민,1964-12,0
김대중위원,김대중 위원,이민,1965-01,0
김대중위원,김대중 위원,이민,1965-02,0
김대중위원,김대중 위원,이민,1965-03,2
김대중위원,김대중 위원,이민,1965-04,0
김대중위원,김대중 위원,이민,1965-05,0
김대중위원,김대중 위원,이민,1965-06,1
김대중위원,김대중 위원,이민,1965-07,0
김대중위원,김대중 위원,이민,1965-08,0
김대중위원,김대중 위원,이민,1965-09,0
김대중위원,김대중 위원,이민,1965-10,0
김대중위원,김대중 위원,이민,1965-11,2
김대중위원,김대중 위원,이민,1965-12,1
김대중위원,김대중 위원,이민,1966-01,1
김대중위원,김대중 위원,이민,1966-02,4
김대중위원,김대중 위원,이민,1966-03,0
김대중위원,김대중 위원,이민,1966-04,0
김대중위원,김대중 위원,이민,1966-05,0
김대중위원,김대중 위원,이민,1966-06,0
김대중위원,김대중 위원,이민,1966-07,0
김대중위원,김대중 위원,이민,1966-08,7
김대중위원,김대중 위원,이민,1966-09,0
김대중위원,김대중 위원,이민,1966-10,0
김대중위원,김대중 위원,이민,1966-11,1
김대중위원,김대중 위원,이민,1966-12,0
김대중위원,김대중 위원,이민,1967-01,0
김대중위원,김대중 위원,이민,1967-02,0
김대중위원,김대중 위원,이민,1967-03,0
김대중위원,김대중 위원,이민,1967-07,0
김대중위원,김대중 위원,이민,1967-10,0
김대중위원,김대중 위원,이민,1967-11,0
김대중위원,김대중 위원,이민,1967-12,1
김대중위원,김대중 위원,이민,1968-01,0
김대중위원,김대중 위원,이민,1968-02,0
김대중위원,김대중 위원,이민,1968-03,0
김대중위원,김대중 위원,이민,1968-04,1
김대중위원,김대중 위원,이민,1968-05,0
김대중위원,김대중 위원,이민,1968-06,0
김대중위원,김대중 위원,이민,1968-07,0
김대중위원,김대중 위원,이민,1968-08,0
김대중위원,김대중 위원,이민,1968-09,2
김대중위원,김대중 위원,이민,1968-10,0
김대중위원,김대중 위원,이민,1968-11,1
김대중위원,김대중 위원,이민,1968-12,0
김대중위원,김대중 위원,이민,1969-01,0
김대중위원,김대중 위원,이민,1969-02,0
김대중위원,김대중 위원,이민,1969-03,0
김대중위원,김대중 위원,이민,1969-04,0
김대중위원,김대중 위원,이민,1969-05,0
김대중위원,김대중 위원,이민,1969-06,0
김대중위원,김대중 위원,이민,1969-07,0
김대중위원,김대중 위원,이민,1969-08,0
김대중위원,김대중 위원,이민,1969-09,0
김대중위원,김대중 위원,이민,1969-11,0
김대중위원,김대중 위원,이민,1969-12,0
김대중위원,김대중 위원,이민,1970-01,0
김대중위원,김대중 위원,이민,1970-02,0
김대중위원,김대중 위원,이민,1970-03,0
김대중위원,김대중 위원,이민,1970-04,0
김대중위원,김대중 위원,이민,1970-05,2
김대중위원,김대중 위원,이민,1970-06,0
김대중위원,김대중 위원,이민,1970-07,1
김대중위원,김대중 위원,이민,1970-08,0
김대중위원,김대중 위원,이민,1970-09,0
김대중위원,김대중 위원,이민,1970-10,0
김대중위원,김대중 위원,이민,1970-11,0
김대중위원,김대중 위원,이민,1970-12,0
김대중위원,김대중 위원,이민,1971-01,0
김대중위원,김대중 위원,이민,1971-07,0
김대중위원,김대중 위원,이민,1971-08,0
김대중위원,김대중 위원,이민,1971-09,0
김대중위원,김대중 위원,이민,1971-10,0
김대중위원,김대중 위원,이민,1971-11,0
김대중위원,김대중 위원,이민,1971-12,0
김대중위원,김대중 위원,이민,1972-01,0
김대중위원,김대중 위원,이민,1972-07,0
김대중위원,김대중 위원,이민,1972-08,0
김대중위원,김대중 위원,이민,1972-09,0
김대중위원,김대중 위원,이민,1972-10,0
김대중위원,김대중 위원,이민,1973-05,0
김대중위원,김대중 위원,이민,1973-06,0
김대중위원,김대중 위원,이민,1973-09,0
김대중위원,김대중 위원,이민,1974-08,0
김대중위원,김대중 위원,이민,1974-10,0
김대중위원,김대중 위원,이민,1975-11,0
김대중위원,김대중 위원,이민,1976-12,0
김대중위원,김대중 위원,이민,1978-11,0
기타참석자,기타 참석자,이민,1963-12,0
기타참석자,기타 참석자,이민,1964-01,0
기타참석자,기타 참석자,이민,1964-02,0
기타참석자,기타 참석자,이민,1964-03,0
기타참석자,기타 참석자,이민,1964-04,0
기타참석자,기타 참석자,이민,1964-05,0
기타참석자,기타 참석자,이민,1964-06,0
기타참석자,기타 참석자,이민,1964-07,0
기타참석자,기타 참석자,이민,1964-08,0
기타참석자,기타 참석자,이민,1964-09,0
기타참석자,기타 참석자,이민,1964-10,0
기타참석자,기타 참석자,이민,1964-11,0
기타참석자,기타 참석자,이민,1964-12,0
기타참석자,기타 참석자,이민,1965-01,0
기타참석자,기타 참석자,이민,1965-02,0
기타참석자,기타 참석자,이민,1965-03,1
기타참석자,기타 참석자,이민,1965-04,0
기타참석자,기타 참석자,이민,1965-05,0
기타참석자,기타 참석자,이민,1965-06,0
기타참석자,기타 참석자,이민,1965-07,0
기타참석자,기타 참석자,이민,1965-08,0
기타참석자,기타 참석자,이민,1965-09,0
기타참석자,기타 참석자,이민,1965-10,0
기타참석자,기타 참석자,이민,1965-11,0
기타참석자,기타 참석자,이민,1965-12,0
기타참석자,기타 참석자,이민,1966-01,0
기타참석자,기타 참석자,이민,1966-02,0
기타참석자,기타 참석자,이민,1966-03,0
기타참석자,기타 참석자,이민,1966-04,0
기타참석자,기타 참석자,이민,1966-05,0
기타참석자,기타 참석자,이민,1966-06,0
기타참석자,기타 참석자,이민,1966-07,0
기타참석자,기타 참석자,이민,1966-08,0
기타참석자,기타 참석자,이민,1966-09,0
기타참석자,기타 참석자,이민,1966-10,0
기타참석자,기타 참석자,이민,1966-11,0
기타참석자,기타 참석자,이민,1966-12,0
기타참석자,기타 참석자,이민,1967-01,0
기타참석자,기타 참석자,이민,1967-02,0
기타참석자,기타 참석자,이민,1967-03,0
기타참석자,기타 참석자,이민,1967-07,0
기타참석자,기타 참석자,이민,1967-10,0
기타참석자,기타 참석자,이민,1967-11,0
기타참석자,기타 참석자,이민,1967-12,0
기타참석자,기타 참석자,이민,1968-01,0
기타참석자,기타 참석자,이민,1968-02,0
기타참석자,기타 참석자,이민,1968-03,0
기타참석자,기타 참석자,이민,1968-04,0
기타참석자,기타 참석자,이민,1968-05,0
기타참석자,기타 참석자,이민,1968-06,0
기타참석자,기타 참석자,이민,1968-07,0
기타참석자,기타 참석자,이민,1968-08,0
기타참석자,기타 참석자,이민,1968-09,0
기타참석자,기타 참석자,이민,1968-10,0
기타참석자,기타 참석자,이민,1968-11,0
기타참석자,기타 참석자,이민,1968-12,0
기타참석자,기타 참석자,이민,1969-01,0
기타참석자,기타 참석자,이민,1969-02,0
기타참석자,기타 참석자,이민,1969-03,0
기타참석자,기타 참석자,이민,1969-04,0
기타참석자,기타 참석자,이민,1969-05,0
기타참석자,기타 참석자,이민,1969-06,0
기타참석자,기타 참석자,이민,1969-07,0
기타참석자,기타 참석자,이민,1969-08,0
기타참석자,기타 참석자,이민,1969-09,0
기타참석자,기타 참석자,이민,1969-11,0
기타참석자,기타 참석자,이민,1969-12,0
기타참석자,기타 참석자,이민,1970-01,0
기타참석자,기타 참석자,이민,1970-02,0
기타참석자,기타 참석자,이민,1970-03,0
기타참석자,기타 참석자,이민,1970-04,0
기타참석자,기타 참석자,이민,1970-05,0
기타참석자,기타 참석자,이민,1970-06,0
기타참석자,기타 참석자,이민,1970-07,0
기타참석자,기타 참석자,이민,1970-08,0
기타참석자,기타 참석자,이민,1970-09,0
기타참석자,기타 참석자,이민,1970-10,0
기타참석자,기타 참석자,이민,1970-11,0
기타참석자,기타 참석자,이민,1970-12,0
기타참석자,기타 참석자,이민,1971-01,0
기타참석자,기타 참석자,이민,1971-07,0
기타참석자,기타 참석자,이민,1971-08,0
기타참석자,기타 참석자,이민,1971-09,0
기타참석자,기타 참석자,이민,1971-10,0
기타참석자,기타 참석자,이민,1971-11,0
기타참석자,기타 참석자,이민,1971-12,0
기타참석자,기타 참석자,이민,1972-01,0
기타참석자,기타 참석자,이민,1972-07,0
기타참석자,기타 참석자,이민,1972-08,0
기타참석자,기타 참석자,이민,1972-09,0
기타참석자,기타 참석자,이민,1972-10,0
기타참석자,기타 참석자,이민,1973-05,0
기타참석자,기타 참석자,이민,1973-06,0
기타참석자,기타 참석자,이민,1973-09,0
기타참석자,기타 참석자,이민,1974-08,0
기타참석자,기타 참석자,이민,1974-10,0
기타참석자,기타 참석자,이민,1975-11,0
기타참석자,기타 참석자,이민,1976-12,0
기타참석자,기타 참석자,이민,1978-11,0
이충환위원,이충환 위원,이민,1963-12,0
이충환위원,이충환 위원,이민,1964-01,0
이충환위원,이충환 위원,이민,1964-02,3
이충환위원,이충환 위원,이민,1964-03,1
이충환위원,이충환 위원,이민,1964-04,0
이충환위원,이충환 위원,이민,1964-05,0
이충환위원,이충환 위원,이민,1964-06,0
이충환위원,이충환 위원,이민,1964-07,0
이충환위원,이충환 위원,이민,1964-08,0
이충환위원,이충환 위원,이민,1964-09,0
이충환위원,이충환 위원,이민,1964-10,0
이충환위원,이충환 위원,이민,1964-11,1
이충환위원,이충환 위원,이민,1964-12,0
이충환위원,이충환 위원,이민,1965-01,0
이충환위원,이충환 위원,이민,1965-02,0
이충환위원,이충환 위원,이민,1965-03,2
이충환위원,이충환 위원,이민,1965-04,0
이충환위원,이충환 위원,이민,1965-05,0
이충환위원,이충환 위원,이민,1965-06,0
이충환위원,이충환 위원,이민,1965-07,0
이충환위원,이충환 위원,이민,1965-08,1
이충환위원,이충환 위원,이민,1965-09,0
이충환위원,이충환 위원,이민,1965-10,0
이충환위원,이충환 위원,이민,1965-11,0
이충환위원,이충환 위원,이민,1965-12,0
이충환위원,이충환 위원,이민,1966-01,0
이충환위원,이충환 위원,이민,1966-02,0
이충환위원,이충환 위원,이민,1966-03,0
이충환위원,이충환 위원,이민,1966-04,0
이충환위원,이충환 위원,이민,1966-05,0
이충환위원,이충환 위원,이민,1966-06,0
이충환위원,이충환 위원,이민,1966-07,1
이충환위원,이충환 위원,이민,1966-08,0
이충환위원,이충환 위원,이민,1966-09,0
이충환위원,이충환 위원,이민,1966-10,0
이충환위원,이충환 위원,이민,1966-11,1
이충환위원,이충환 위원,이민,1966-12,0
이충환위원,이충환 위원,이민,1967-01,0
이충환위원,이충환 위원,이민,1967-02,0
이충환위원,이충환 위원,이민,1967-03,0
이충환위원,이충환 위원,이민,1967-07,0
이충환위원,이충환 위원,이민,1967-10,0
이충환위원,이충환 위원,이민,1967-11,0
이충환위원,이충환 위원,이민,1967-12,0
이충환위원,이충환 위원,이민,1968-01,0
이충환위원,이충환 위원,이민,1968-02,0
이충환위원,이충환 위원,이민,1968-03,0
이충환위원,이충환 위원,이민,1968-04,0
이충환위원,이충환 위원,이민,1968-05,0
이충환위원,이충환 위원,이민,1968-06,0
이충환위원,이충환 위원,이민,1968-07,0
이충환위원,이충환 위원,이민,1968-08,0
이충환위원,이충환 위원,이민,1968-09,0
이충환위원,이충환 위원,이민,1968-10,0
이충환위원,이충환 위원,이민,1968-11,0
이충환위원,이충환 위원,이민,1968-12,0
이충환위원,이충환 위원,이민,1969-01,0
이충환위원,이충환 위원,이민,1969-02,0
이충환위원,이충환 위원,이민,1969-03,0
이충환위원,이충환 위원,이민,1969-04,0
이충환위원,이충환 위원,이민,1969-05,0
이충환위원,이충환 위원,이민,1969-06,0
이충환위원,이충환 위원,이민,1969-07,0
이충환위원,이충환 위원,이민,1969-08,0
이충환위원,이충환 위원,이민,1969-09,0
이충환위원,이충환 위원,이민,1969-11,0
이충환위원,이충환 위원,이민,1969-12,0
이충환위원,이충환 위원,이민,1970-01,0
이충환위원,이충환 위원,이민,1970-02,0
이충환위원,이충환 위원,이민,1970-03,0
이충환위원,이충환 위원,이민,1970-04,0
이충환위원,이충환 위원,이민,1970-05,0
이충환위원,이충환 위원,이민,1970-06,0
이충환위원,이충환 위원,이민,1970-07,0
이충환위원,이충환 위원,이민,1970-08,0
이충환위원,이충환 위원,이민,1970-09,0
이충환위원,이충환 위원,이민,1970-10,0
이충환위원,이충환 위원,이민,1970-11,0
이충환위원,이충환 위원,이민,1970-12,0
이충환위원,이충환 위원,이민,1971-01,0
이충환위원,이충환 위원,이민,1971-07,0
이충환위원,이충환 위원,이민,1971-08,0
이충환위원,이충환 위원,이민,1971-09,0
이충환위원,이충환 위원,이민,1971-10,0
이충환위원,이충환 위원,이민,1971-11,0
이충환위원,이충환 위원,이민,1971-12,0
이충환위원,이충환 위원,이민,1972-01,0
이충환위원,이충환 위원,이민,1972-07,0
이충환위원,이충환 위원,이민,1972-08,0
이충환위원,이충환 위원,이민,1972-09,0
이충환위원,이충환 위원,이민,1972-10,0
이충환위원,이충환 위원,이민,1973-05,0
이충환위원,이충환 위원,이민,1973-06,0
이충환위원,이충환 위원,이민,1973-09,0
이충환위원,이충환 위원,이민,1974-08,0
이충환위원,이충환 위원,이민,1974-10,0
이충환위원,이충환 위원,이민,1975-11,0
이충환위원,이충환 위원,이민,1976-12,0
이충환위원,이충환 위원,이민,1978-11,0
위원장양순직,위원장 양순직,이민,1963-12,0
위원장양순직,위원장 양순직,이민,1964-01,0
위원장양순직,위원장 양순직,이민,1964-02,0
위원장양순직,위원장 양순직,이민,1964-03,0
위원장양순직,위원장 양순직,이민,1964-04,0
위원장양순직,위원장 양순직,이민,1964-05,0
위원장양순직,위원장 양순직,이민,1964-06,0
위원장양순직,위원장 양순직,이민,1964-07,0
위원장양순직,위원장 양순직,이민,1964-08,0
위원장양순직,위원장 양순직,이민,1964-09,0
위원장양순직,위원장 양순직,이민,1964-10,0
위원장양순직,위원장 양순직,이민,1964-11,0
위원장양순직,위원장 양순직,이민,1964-12,0
위원장양순직,위원장 양순직,이민,1965-01,0
위원장양순직,위원장 양순직,이민,1965-02,0
위원장양순직,위원장 양순직,이민,1965-03,0
위원장양순직,위원장 양순직,이민,1965-04,0
위원장양순직,위원장 양순직,이민,1965-05,0
위원장양순직,위원장 양순직,이민,1965-06,0
위원장양순직,위원장 양순직,이민,1965-07,0
위원장양순직,위원장 양순직,이민,1965-08,0
위원장양순직,위원장 양순직,이민,1965-09,0
위원장양순직,위원장 양순직,이민,1965-10,0
위원장양순직,위원장 양순직,이민,1965-11,0
위원장양순직,위원장 양순직,이민,1965-12,0
위원장양순직,위원장 양순직,이민,1966-01,0
위원장양순직,위원장 양순직,이민,1966-02,0
위원장양순직,위원장 양순직,이민,1966-03,0
위원장양순직,위원장 양순직,이민,1966-04,0
위원장양순직,위원장 양순직,이민,1966-05,0
위원장양순직,위원장 양순직,이민,1966-06,0
위원장양순직,위원장 양순직,이민,1966-07,0
위원장양순직,위원장 양순직,이민,1966-08,0
위원장양순직,위원장 양순직,이민,1966-09,0
위원장양순직,위원장 양순직,이민,1966-10,0
위원장양순직,위원장 양순직,이민,1966-11,0
위원장양순직,위원장 양순직,이민,1966-12,0
위원장양순직,위원장 양순직,이민,1967-01,0
위원장양순직,위원장 양순직,이민,1967-02,0
위원장양순직,위원장 양순직,이민,1967-03,0
위원장양순직,위원장 양순직,이민,1967-07,0
위원장양순직,위원장 양순직,이민,1967-10,0
위원장양순직,위원장 양순직,이민,1967-11,0
위원장양순직,위원장 양순직,이민,1967-12,0
위원장양순직,위원장 양순직,이민,1968-01,0
위원장양순직,위원장 양순직,이민,1968-02,0
위원장양순직,위원장 양순직,이민,1968-03,0
위원장양순직,위원장 양순직,이민,1968-04,0
위원장양순직,위원장 양순직,이민,1968-05,0
위원장양순직,위원장 양순직,이민,1968-06,0
위원장양순직,위원장 양순직,이민,1968-07,0
위원장양순직,위원장 양순직,이민,1968-08,0
위원장양순직,위원장 양순직,이민,1968-09,0
위원장양순직,위원장 양순직,이민,1968-10,0
위원장양순직,위원장 양순직,이민,1968-11,0
위원장양순직,위원장 양순직,이민,1968-12,0
위원장양순직,위원장 양순직,이민,1969-01,0
위원장양순직,위원장 양순직,이민,1969-02,0
위원장양순직,위원장 양순직,이민,1969-03,0
위원장양순직,위원장 양순직,이민,1969-04,0
위원장양순직,위원장 양순직,이민,1969-05,0
위원장양순직,위원장 양순직,이민,1969-06,0
위원장양순직,위원장 양순직,이민,1969-07,0
위원장양순직,위원장 양순직,이민,1969-08,0
위원장양순직,위원장 양순직,이민,1969-09,0
위원장양순직,위원장 양순직,이민,1969-11,0
위원장양순직,위원장 양순직,이민,1969-12,0
위원장양순직,위원장 양순직,이민,1970-01,0
위원장양순직,위원장 양순직,이민,1970-02,0
위원장양순직,위원장 양순직,이민,1970-03,0
위원장양순직,위원장 양순직,이민,1970-04,0
위원장양순직,위원장 양순직,이민,1970-05,0
위원장양순직,위원장 양순직,이민,1970-06,0
위원장양순직,위원장 양순직,이민,1970-07,0
위원장양순직,위원장 양순직,이민,1970-08,0
위원장양순직,위원장 양순직,이민,1970-09,0
위원장양순직,위원장 양순직,이민,1970-10,0
위원장양순직,위원장 양순직,이민,1970-11,0
위원장양순직,위원장 양순직,이민,1970-12,0
위원장양순직,위원장 양순직,이민,1971-01,0
위원장양순직,위원장 양순직,이민,1971-07,0
위원장양순직,위원장 양순직,이민,1971-08,0
위원장양순직,위원장 양순직,이민,1971-09,0
위원장양순직,위원장 양순직,이민,1971-10,0
위원장양순직,위원장 양순직,이민,1971-11,0
위원장양순직,위원장 양순직,이민,1971-12,0
위원장양순직,위원장 양순직,이민,1972-01,0
위원장양순직,위원장 양순직,이민,1972-07,0
위원장양순직,위원장 양순직,이민,1972-08,0
위원장양순직,위원장 양순직,이민,1972-09,0
위원장양순직,위원장 양순직,이민,1972-10,0
위원장양순직,위원장 양순직,이민,1973-05,0
위원장양순직,위원장 양순직,이민,1973-06,0
위원장양순직,위원장 양순직,이민,1973-09,0
위원장양순직,위원장 양순직,이민,1974-08,0
위원장양순직,위원장 양순직,이민,1974-10,0
위원장양순직,위원장 양순직,이민,1975-11,0
위원장양순직,위원장 양순직,이민,1976-12,0
위원장양순직,위원장 양순직,이민,1978-11,0
김재광위원,김재광 위원,이민,1963-12,0
김재광위원,김재광 위원,이민,1964-01,0
김재광위원,김재광 위원,이민,1964-02,1
김재광위원,김재광 위원,이민,1964-03,0
김재광위원,김재광 위원,이민,1964-04,2
김재광위원,김재광 위원,이민,1964-05,4
김재광위원,김재광 위원,이민,1964-06,0
김재광위원,김재광 위원,이민,1964-07,0
김재광위원,김재광 위원,이민,1964-08,0
김재광위원,김재광 위원,이민,1964-09,2
김재광위원,김재광 위원,이민,1964-10,0
김재광위원,김재광 위원,이민,1964-11,0
김재광위원,김재광 위원,이민,1964-12,0
김재광위원,김재광 위원,이민,1965-01,0
김재광위원,김재광 위원,이민,1965-02,0
김재광위원,김재광 위원,이민,1965-03,0
김재광위원,김재광 위원,이민,1965-04,0
김재광위원,김재광 위원,이민,1965-05,0
김재광위원,김재광 위원,이민,1965-06,0
김재광위원,김재광 위원,이민,1965-07,0
김재광위원,김재광 위원,이민,1965-08,1
김재광위원,김재광 위원,이민,1965-09,0
김재광위원,김재광 위원,이민,1965-10,0
김재광위원,김재광 위원,이민,1965-11,0
김재광위원,김재광 위원,이민,1965-12,0
김재광위원,김재광 위원,이민,1966-01,0
김재광위원,김재광 위원,이민,1966-02,0
김재광위원,김재광 위원,이민,1966-03,0
김재광위원,김재광 위원,이민,1966-04,0
김재광위원,김재광 위원,이민,1966-05,0
김재광위원,김재광 위원,이민,1966-06,0
김재광위원,김재광 위원,이민,1966-07,0
김재광위원,김재광 위원,이민,1966-08,0
김재광위원,김재광 위원,이민,1966-09,0
김재광위원,김재광 위원,이민,1966-10,0
김재광위원,김재광 위원,이민,1966-11,0
김재광위원,김재광 위원,이민,1966-12,0
김재광위원,김재광 위원,이민,1967-01,0
김재광위원,김재광 위원,이민,1967-02,0
김재광위원,김재광 위원,이민,1967-03,0
김재광위원,김재광 위원,이민,1967-07,0
김재광위원,김재광 위원,이민,1967-10,0
김재광위원,김재광 위원,이민,1967-11,0
김재광위원,김재광 위원,이민,1967-12,1
김재광위원,김재광 위원,이민,1968-01,0
김재광위원,김재광 위원,이민,1968-02,0
김재광위원,김재광 위원,이민,1968-03,0
김재광위원,김재광 위원,이민,1968-04,0
김재광위원,김재광 위원,이민,1968-05,0
김재광위원,김재광 위원,이민,1968-06,2
김재광위원,김재광 위원,이민,1968-07,0
김재광위원,김재광 위원,이민,1968-08,0
김재광위원,김재광 위원,이민,1968-09,0
김재광위원,김재광 위원,이민,1968-10,1
김재광위원,김재광 위원,이민,1968-11,2
김재광위원,김재광 위원,이민,1968-12,0
김재광위원,김재광 위원,이민,1969-01,0
김재광위원,김재광 위원,이민,1969-02,0
김재광위원,김재광 위원,이민,1969-03,0
김재광위원,김재광 위원,이민,1969-04,0
김재광위원,김재광 위원,이민,1969-05,0
김재광위원,김재광 위원,이민,1969-06,0
김재광위원,김재광 위원,이민,1969-07,0
김재광위원,김재광 위원,이민,1969-08,0
김재광위원,김재광 위원,이민,1969-09,0
김재광위원,김재광 위원,이민,1969-11,0
김재광위원,김재광 위원,이민,1969-12,0
김재광위원,김재광 위원,이민,1970-01,0
김재광위원,김재광 위원,이민,1970-02,0
김재광위원,김재광 위원,이민,1970-03,0
김재광위원,김재광 위원,이민,1970-04,0
김재광위원,김재광 위원,이민,1970-05,0
김재광위원,김재광 위원,이민,1970-06,0
김재광위원,김재광 위원,이민,1970-07,0
김재광위원,김재광 위원,이민,1970-08,0
김재광위원,김재광 위원,이민,1970-09,0
김재광위원,김재광 위원,이민,1970-10,1
김재광위원,김재광 위원,이민,1970-11,0
김재광위원,김재광 위원,이민,1970-12,0
김재광위원,김재광 위원,이민,1971-01,0
김재광위원,김재광 위원,이민,1971-07,0
김재광위원,김재광 위원,이민,1971-08,0
김재광위원,김재광 위원,이민,1971-09,0
김재광위원,김재광 위원,이민,1971-10,0
김재광위원,김재광 위원,이민,1971-11,0
김재광위원,김재광 위원,이민,1971-12,0
김재광위원,김재광 위원,이민,1972-01,0
김재광위원,김재광 위원,이민,1972-07,0
김재광위원,김재광 위원,이민,1972-08,0
김재광위원,김재광 위원,이민,1972-09,0
김재광위원,김재광 위원,이민,1972-10,0
김재광위원,김재광 위원,이민,1973-05,0
김재광위원,김재광 위원,이민,1973-06,0
김재광위원,김재광 위원,이민,1973-09,0
김재광위원,김재광 위원,이민,1974-08,0
김재광위원,김재광 위원,이민,1974-10,0
김재광위원,김재광 위원,이민,1975-11,0
김재광위원,김재광 위원,이민,1976-12,0
김재광위원,김재광 위원,이민,1978-11,0
김은하위원,김은하 위원,이민,1963-12,0
김은하위원,김은하 위원,이민,1964-01,0
김은하위원,김은하 위원,이민,1964-02,0
김은하위원,김은하 위원,이민,1964-03,1
김은하위원,김은하 위원,이민,1964-04,0
김은하위원,김은하 위원,이민,1964-05,0
김은하위원,김은하 위원,이민,1964-06,0
김은하위원,김은하 위원,이민,1964-07,0
김은하위원,김은하 위원,이민,1964-08,0
김은하위원,김은하 위원,이민,1964-09,0
김은하위원,김은하 위원,이민,1964-10,0
김은하위원,김은하 위원,이민,1964-11,0
김은하위원,김은하 위원,이민,1964-12,0
김은하위원,김은하 위원,이민,1965-01,0
김은하위원,김은하 위원,이민,1965-02,0
김은하위원,김은하 위원,이민,1965-03,0
김은하위원,김은하 위원,이민,1965-04,0
김은하위원,김은하 위원,이민,1965-05,1
김은하위원,김은하 위원,이민,1965-06,0
김은하위원,김은하 위원,이민,1965-07,0
김은하위원,김은하 위원,이민,1965-08,0
김은하위원,김은하 위원,이민,1965-09,0
김은하위원,김은하 위원,이민,1965-10,0
김은하위원,김은하 위원,이민,1965-11,0
김은하위원,김은하 위원,이민,1965-12,0
김은하위원,김은하 위원,이민,1966-01,0
김은하위원,김은하 위원,이민,1966-02,0
김은하위원,김은하 위원,이민,1966-03,0
김은하위원,김은하 위원,이민,1966-04,0
김은하위원,김은하 위원,이민,1966-05,0
김은하위원,김은하 위원,이민,1966-06,0
김은하위원,김은하 위원,이민,1966-07,0
김은하위원,김은하 위원,이민,1966-08,0
김은하위원,김은하 위원,이민,1966-09,0
김은하위원,김은하 위원,이민,1966-10,0
김은하위원,김은하 위원,이민,1966-11,0
김은하위원,김은하 위원,이민,1966-12,0
김은하위원,김은하 위원,이민,1967-01,0
김은하위원,김은하 위원,이민,1967-02,0
김은하위원,김은하 위원,이민,1967-03,0
김은하위원,김은하 위원,이민,1967-07,0
김은하위원,김은하 위원,이민,1967-10,0
김은하위원,김은하 위원,이민,1967-11,0
김은하위원,김은하 위원,이민,1967-12,0
김은하위원,김은하 위원,이민,1968-01,0
김은하위원,김은하 위원,이민,1968-02,0
김은하위원,김은하 위원,이민,1968-03,0
김은하위원,김은하 위원,이민,1968-04,0
김은하위원,김은하 위원,이민,1968-05,0
김은하위원,김은하 위원,이민,1968-06,0
김은하위원,김은하 위원,이민,1968-07,0
김은하위원,김은하 위원,이민,1968-08,0
김은하위원,김은하 위원,이민,1968-09,0
김은하위원,김은하 위원,이민,1968-10,1
김은하위원,김은하 위원,이민,1968-11,0
김은하위원,김은하 위원,이민,1968-12,0
김은하위원,김은하 위원,이민,1969-01,0
김은하위원,김은하 위원,이민,1969-02,0
김은하위원,김은하 위원,이민,1969-03,0
김은하위원,김은하 위원,이민,1969-04,0
김은하위원,김은하 위원,이민,1969-05,0
김은하위원,김은하 위원,이민,1969-06,0
김은하위원,김은하 위원,이민,1969-07,0
김은하위원,김은하 위원,이민,1969-08,0
김은하위원,김은하 위원,이민,1969-09,0
김은하위원,김은하 위원,이민,1969-11,0
김은하위원,김은하 위원,이민,1969-12,0
김은하위원,김은하 위원,이민,1970-01,0
김은하위원,김은하 위원,이민,1970-02,0
김은하위원,김은하 위원,이민,1970-03,0
김은하위원,김은하 위원,이민,1970-04,0
김은하위원,김은하 위원,이민,1970-05,0
김은하위원,김은하 위원,이민,1970-06,0
김은하위원,김은하 위원,이민,1970-07,0
김은하위원,김은하 위원,이민,1970-08,0
김은하위원,김은하 위원,이민,1970-09,0
김은하위원,김은하 위원,이민,1970-10,0
김은하위원,김은하 위원,이민,1970-11,0
김은하위원,김은하 위원,이민,1970-12,0
김은하위원,김은하 위원,이민,1971-01,0
김은하위원,김은하 위원,이민,1971-07,0
김은하위원,김은하 위원,이민,1971-08,0
김은하위원,김은하 위원,이민,1971-09,0
김은하위원,김은하 위원,이민,1971-10,0
김은하위원,김은하 위원,이민,1971-11,0
김은하위원,김은하 위원,이민,1971-12,0
김은하위원,김은하 위원,이민,1972-01,0
김은하위원,김은하 위원,이민,1972-07,0
김은하위원,김은하 위원,이민,1972-08,0
김은하위원,김은하 위원,이민,1972-09,0
김은하위원,김은하 위원,이민,1972-10,0
김은하위원,김은하 위원,이민,1973-05,0
김은하위원,김은하 위원,이민,1973-06,0
김은하위원,김은하 위원,이민,1973-09,0
김은하위원,김은하 위원,이민,1974-08,0
김은하위원,김은하 위원,이민,1974-10,0
김은하위원,김은하 위원,이민,1975-11,0
김은하위원,김은하 위원,이민,1976-12,0
김은하위원,김은하 위원,이민,1978-11,0
상공부장관박충훈,상공부장관 박충훈,이민,1963-12,0
상공부장관박충훈,상공부장관 박충훈,이민,1964-01,0
상공부장관박충훈,상공부장관 박충훈,이민,1964-02,0
상공부장관박충훈,상공부장관 박충훈,이민,1964-03,0
상공부장관박충훈,상공부장관 박충훈,이민,1964-04,0
상공부장관박충훈,상공부장관 박충훈,이민,1964-05,6
상공부장관박충훈,상공부장관 박충훈,이민,1964-06,0
상공부장관박충훈,상공부장관 박충훈,이민,1964-07,2
상공부장관박충훈,상공부장관 박충훈,이민,1964-08,0
상공부장관박충훈,상공부장관 박충훈,이민,1964-09,0
상공부장관박충훈,상공부장관 박충훈,이민,1964-10,0
상공부장관박충훈,상공부장관 박충훈,이민,1964-11,0
상공부장관박충훈,상공부장관 박충훈,이민,1964-12,0
상공부장관박충훈,상공부장관 박충훈,이민,1965-01,0
상공부장관박충훈,상공부장관 박충훈,이민,1965-02,0
상공부장관박충훈,상공부장관 박충훈,이민,1965-03,0
상공부장관박충훈,상공부장관 박충훈,이민,1965-04,0
상공부장관박충훈,상공부장관 박충훈,이민,1965-05,1
상공부장관박충훈,상공부장관 박충훈,이민,1965-06,1
상공부장관박충훈,상공부장관 박충훈,이민,1965-07,0
상공부장관박충훈,상공부장관 박충훈,이민,1965-08,0
상공부장관박충훈,상공부장관 박충훈,이민,1965-09,0
상공부장관박충훈,상공부장관 박충훈,이민,1965-10,0
상공부장관박충훈,상공부장관 박충훈,이민,1965-11,5
상공부장관박충훈,상공부장관 박충훈,이민,1965-12,0
상공부장관박충훈,상공부장관 박충훈,이민,1966-01,0
상공부장관박충훈,상공부장관 박충훈,이민,1966-02,0
상공부장관박충훈,상공부장관 박충훈,이민,1966-03,0
상공부장관박충훈,상공부장관 박충훈,이민,1966-04,1
상공부장관박충훈,상공부장관 박충훈,이민,1966-05,0
상공부장관박충훈,상공부장관 박충훈,이민,1966-06,0
상공부장관박충훈,상공부장관 박충훈,이민,1966-07,2
상공부장관박충훈,상공부장관 박충훈,이민,1966-08,0
상공부장관박충훈,상공부장관 박충훈,이민,1966-09,0
상공부장관박충훈,상공부장관 박충훈,이민,1966-10,0
상공부장관박충훈,상공부장관 박충훈,이민,1966-11,4
상공부장관박충훈,상공부장관 박충훈,이민,1966-12,1
상공부장관박충훈,상공부장관 박충훈,이민,1967-01,0
상공부장관박충훈,상공부장관 박충훈,이민,1967-02,0
상공부장관박충훈,상공부장관 박충훈,이민,1967-03,0
상공부장관박충훈,상공부장관 박충훈,이민,1967-07,0
상공부장관박충훈,상공부장관 박충훈,이민,1967-10,0
상공부장관박충훈,상공부장관 박충훈,이민,1967-11,0
상공부장관박충훈,상공부장관 박충훈,이민,1967-12,0
상공부장관박충훈,상공부장관 박충훈,이민,1968-01,0
상공부장관박충훈,상공부장관 박충훈,이민,1968-02,0
상공부장관박충훈,상공부장관 박충훈,이민,1968-03,0
상공부장관박충훈,상공부장관 박충훈,이민,1968-04,0
상공부장관박충훈,상공부장관 박충훈,이민,1968-05,0
상공부장관박충훈,상공부장관 박충훈,이민,1968-06,0
상공부장관박충훈,상공부장관 박충훈,이민,1968-07,0
상공부장관박충훈,상공부장관 박충훈,이민,1968-08,0
상공부장관박충훈,상공부장관 박충훈,이민,1968-09,0
상공부장관박충훈,상공부장관 박충훈,이민,1968-10,0
상공부장관박충훈,상공부장관 박충훈,이민,1968-11,0
상공부장관박충훈,상공부장관 박충훈,이민,1968-12,0
상공부장관박충훈,상공부장관 박충훈,이민,1969-01,0
상공부장관박충훈,상공부장관 박충훈,이민,1969-02,0
상공부장관박충훈,상공부장관 박충훈,이민,1969-03,0
상공부장관박충훈,상공부장관 박충훈,이민,1969-04,0
상공부장관박충훈,상공부장관 박충훈,이민,1969-05,0
상공부장관박충훈,상공부장관 박충훈,이민,1969-06,0
상공부장관박충훈,상공부장관 박충훈,이민,1969-07,0
상공부장관박충훈,상공부장관 박충훈,이민,1969-08,0
상공부장관박충훈,상공부장관 박충훈,이민,1969-09,0
상공부장관박충훈,상공부장관 박충훈,이민,1969-11,0
상공부장관박충훈,상공부장관 박충훈,이민,1969-12,0
상공부장관박충훈,상공부장관 박충훈,이민,1970-01,0
상공부장관박충훈,상공부장관 박충훈,이민,1970-02,0
상공부장관박충훈,상공부장관 박충훈,이민,1970-03,0
상공부장관박충훈,상공부장관 박충훈,이민,1970-04,0
상공부장관박충훈,상공부장관 박충훈,이민,1970-05,0
상공부장관박충훈,상공부장관 박충훈,이민,1970-06,0
상공부장관박충훈,상공부장관 박충훈,이민,1970-07,0
상공부장관박충훈,상공부장관 박충훈,이민,1970-08,0
상공부장관박충훈,상공부장관 박충훈,이민,1970-09,0
상공부장관박충훈,상공부장관 박충훈,이민,1970-10,0
상공부장관박충훈,상공부장관 박충훈,이민,1970-11,0
상공부장관박충훈,상공부장관 박충훈,이민,1970-12,0
상공부장관박충훈,상공부장관 박충훈,이민,1971-01,0
상공부장관박충훈,상공부장관 박충훈,이민,1971-07,0
상공부장관박충훈,상공부장관 박충훈,이민,1971-08,0
상공부장관박충훈,상공부장관 박충훈,이민,1971-09,0
상공부장관박충훈,상공부장관 박충훈,이민,1971-10,0
상공부장관박충훈,상공부장관 박충훈,이민,1971-11,0
상공부장관박충훈,상공부장관 박충훈,이민,1971-12,0
상공부장관박충훈,상공부장관 박충훈,이민,1972-01,0
상공부장관박충훈,상공부장관 박충훈,이민,1972-07,0
상공부장관박충훈,상공부장관 박충훈,이민,1972-08,0
상공부장관박충훈,상공부장관 박충훈,이민,1972-09,0
상공부장관박충훈,상공부장관 박충훈,이민,1972-10,0
상공부장관박충훈,상공부장관 박충훈,이민,1973-05,0
상공부장관박충훈,상공부장관 박충훈,이민,1973-06,0
상공부장관박충훈,상공부장관 박충훈,이민,1973-09,0
상공부장관박충훈,상공부장관 박충훈,이민,1974-08,0
상공부장관박충훈,상공부장관 박충훈,이민,1974-10,0
상공부장관박충훈,상공부장관 박충훈,이민,1975-11,0
상공부장관박충훈,상공부장관 박충훈,이민,1976-12,0
상공부장관박충훈,상공부장관 박충훈,이민,1978-11,0
상공부장관김정렴,상공부장관 김정렴,이민,1963-12,0
상공부장관김정렴,상공부장관 김정렴,이민,1964-01,0
상공부장관김정렴,상공부장관 김정렴,이민,1964-02,0
상공부장관김정렴,상공부장관 김정렴,이민,1964-03,0
상공부장관김정렴,상공부장관 김정렴,이민,1964-04,0
상공부장관김정렴,상공부장관 김정렴,이민,1964-05,0
상공부장관김정렴,상공부장관 김정렴,이민,1964-06,0
상공부장관김정렴,상공부장관 김정렴,이민,1964-07,0
상공부장관김정렴,상공부장관 김정렴,이민,1964-08,0
상공부장관김정렴,상공부장관 김정렴,이민,1964-09,0
상공부장관김정렴,상공부장관 김정렴,이민,1964-10,0
상공부장관김정렴,상공부장관 김정렴,이민,1964-11,0
상공부장관김정렴,상공부장관 김정렴,이민,1964-12,0
상공부장관김정렴,상공부장관 김정렴,이민,1965-01,0
상공부장관김정렴,상공부장관 김정렴,이민,1965-02,0
상공부장관김정렴,상공부장관 김정렴,이민,1965-03,0
상공부장관김정렴,상공부장관 김정렴,이민,1965-04,0
상공부장관김정렴,상공부장관 김정렴,이민,1965-05,0
상공부장관김정렴,상공부장관 김정렴,이민,1965-06,0
상공부장관김정렴,상공부장관 김정렴,이민,1965-07,0
상공부장관김정렴,상공부장관 김정렴,이민,1965-08,0
상공부장관김정렴,상공부장관 김정렴,이민,1965-09,0
상공부장관김정렴,상공부장관 김정렴,이민,1965-10,0
상공부장관김정렴,상공부장관 김정렴,이민,1965-11,0
상공부장관김정렴,상공부장관 김정렴,이민,1965-12,0
상공부장관김정렴,상공부장관 김정렴,이민,1966-01,0
상공부장관김정렴,상공부장관 김정렴,이민,1966-02,0
상공부장관김정렴,상공부장관 김정렴,이민,1966-03,0
상공부장관김정렴,상공부장관 김정렴,이민,1966-04,0
상공부장관김정렴,상공부장관 김정렴,이민,1966-05,0
상공부장관김정렴,상공부장관 김정렴,이민,1966-06,0
상공부장관김정렴,상공부장관 김정렴,이민,1966-07,0
상공부장관김정렴,상공부장관 김정렴,이민,1966-08,0
상공부장관김정렴,상공부장관 김정렴,이민,1966-09,0
상공부장관김정렴,상공부장관 김정렴,이민,1966-10,0
상공부장관김정렴,상공부장관 김정렴,이민,1966-11,0
상공부장관김정렴,상공부장관 김정렴,이민,1966-12,0
상공부장관김정렴,상공부장관 김정렴,이민,1967-01,0
상공부장관김정렴,상공부장관 김정렴,이민,1967-02,0
상공부장관김정렴,상공부장관 김정렴,이민,1967-03,0
상공부장관김정렴,상공부장관 김정렴,이민,1967-07,0
상공부장관김정렴,상공부장관 김정렴,이민,1967-10,0
상공부장관김정렴,상공부장관 김정렴,이민,1967-11,1
상공부장관김정렴,상공부장관 김정렴,이민,1967-12,3
상공부장관김정렴,상공부장관 김정렴,이민,1968-01,0
상공부장관김정렴,상공부장관 김정렴,이민,1968-02,0
상공부장관김정렴,상공부장관 김정렴,이민,1968-03,0
상공부장관김정렴,상공부장관 김정렴,이민,1968-04,0
상공부장관김정렴,상공부장관 김정렴,이민,1968-05,0
상공부장관김정렴,상공부장관 김정렴,이민,1968-06,0
상공부장관김정렴,상공부장관 김정렴,이민,1968-07,0
상공부장관김정렴,상공부장관 김정렴,이민,1968-08,0
상공부장관김정렴,상공부장관 김정렴,이민,1968-09,0
상공부장관김정렴,상공부장관 김정렴,이민,1968-10,3
상공부장관김정렴,상공부장관 김정렴,이민,1968-11,1
상공부장관김정렴,상공부장관 김정렴,이민,1968-12,0
상공부장관김정렴,상공부장관 김정렴,이민,1969-01,0
상공부장관김정렴,상공부장관 김정렴,이민,1969-02,0
상공부장관김정렴,상공부장관 김정렴,이민,1969-03,0
상공부장관김정렴,상공부장관 김정렴,이민,1969-04,0
상공부장관김정렴,상공부장관 김정렴,이민,1969-05,0
상공부장관김정렴,상공부장관 김정렴,이민,1969-06,0
상공부장관김정렴,상공부장관 김정렴,이민,1969-07,0
상공부장관김정렴,상공부장관 김정렴,이민,1969-08,0
상공부장관김정렴,상공부장관 김정렴,이민,1969-09,0
상공부장관김정렴,상공부장관 김정렴,이민,1969-11,0
상공부장관김정렴,상공부장관 김정렴,이민,1969-12,0
상공부장관김정렴,상공부장관 김정렴,이민,1970-01,0
상공부장관김정렴,상공부장관 김정렴,이민,1970-02,0
상공부장관김정렴,상공부장관 김정렴,이민,1970-03,0
상공부장관김정렴,상공부장관 김정렴,이민,1970-04,0
상공부장관김정렴,상공부장관 김정렴,이민,1970-05,0
상공부장관김정렴,상공부장관 김정렴,이민,1970-06,0
상공부장관김정렴,상공부장관 김정렴,이민,1970-07,0
상공부장관김정렴,상공부장관 김정렴,이민,1970-08,0
상공부장관김정렴,상공부장관 김정렴,이민,1970-09,0
상공부장관김정렴,상공부장관 김정렴,이민,1970-10,0
상공부장관김정렴,상공부장관 김정렴,이민,1970-11,0
상공부장관김정렴,상공부장관 김정렴,이민,1970-12,0
상공부장관김정렴,상공부장관 김정렴,이민,1971-01,0
상공부장관김정렴,상공부장관 김정렴,이민,1971-07,0
상공부장관김정렴,상공부장관 김정렴,이민,1971-08,0
상공부장관김정렴,상공부장관 김정렴,이민,1971-09,0
상공부장관김정렴,상공부장관 김정렴,이민,1971-10,0
상공부장관김정렴,상공부장관 김정렴,이민,1971-11,0
상공부장관김정렴,상공부장관 김정렴,이민,1971-12,0
상공부장관김정렴,상공부장관 김정렴,이민,1972-01,0
상공부장관김정렴,상공부장관 김정렴,이민,1972-07,0
상공부장관김정렴,상공부장관 김정렴,이민,1972-08,0
상공부장관김정렴,상공부장관 김정렴,이민,1972-09,0
상공부장관김정렴,상공부장관 김정렴,이민,1972-10,0
상공부장관김정렴,상공부장관 김정렴,이민,1973-05,0
상공부장관김정렴,상공부장관 김정렴,이민,1973-06,0
상공부장관김정렴,상공부장관 김정렴,이민,1973-09,0
상공부장관김정렴,상공부장관 김정렴,이민,1974-08,0
상공부장관김정렴,상공부장관 김정렴,이민,1974-10,0
상공부장관김정렴,상공부장관 김정렴,이민,1975-11,0
상공부장관김정렴,상공부장관 김정렴,이민,1976-12,0
상공부장관김정렴,상공부장관 김정렴,이민,1978-11,0
출석정부위원,출석 정부위원,이민,1963-12,0
출석정부위원,출석 정부위원,이민,1964-01,0
출석정부위원,출석 정부위원,이민,1964-02,0
출석정부위원,출석 정부위원,이민,1964-03,0
출석정부위원,출석 정부위원,이민,1964-04,0
출석정부위원,출석 정부위원,이민,1964-05,0
출석정부위원,출석 정부위원,이민,1964-06,0
출석정부위원,출석 정부위원,이민,1964-07,0
출석정부위원,출석 정부위원,이민,1964-08,0
출석정부위원,출석 정부위원,이민,1964-09,0
출석정부위원,출석 정부위원,이민,1964-10,0
출석정부위원,출석 정부위원,이민,1964-11,0
출석정부위원,출석 정부위원,이민,1964-12,0
출석정부위원,출석 정부위원,이민,1965-01,0
출석정부위원,출석 정부위원,이민,1965-02,0
출석정부위원,출석 정부위원,이민,1965-03,0
출석정부위원,출석 정부위원,이민,1965-04,0
출석정부위원,출석 정부위원,이민,1965-05,0
출석정부위원,출석 정부위원,이민,1965-06,0
출석정부위원,출석 정부위원,이민,1965-07,0
출석정부위원,출석 정부위원,이민,1965-08,0
출석정부위원,출석 정부위원,이민,1965-09,0
출석정부위원,출석 정부위원,이민,1965-10,0
출석정부위원,출석 정부위원,이민,1965-11,0
출석정부위원,출석 정부위원,이민,1965-12,0
출석정부위원,출석 정부위원,이민,1966-01,0
출석정부위원,출석 정부위원,이민,1966-02,0
출석정부위원,출석 정부위원,이민,1966-03,0
출석정부위원,출석 정부위원,이민,1966-04,0
출석정부위원,출석 정부위원,이민,1966-05,0
출석정부위원,출석 정부위원,이민,1966-06,0
출석정부위원,출석 정부위원,이민,1966-07,0
출석정부위원,출석 정부위원,이민,1966-08,0
출석정부위원,출석 정부위원,이민,1966-09,0
출석정부위원,출석 정부위원,이민,1966-10,0
출석정부위원,출석 정부위원,이민,1966-11,0
출석정부위원,출석 정부위원,이민,1966-12,0
출석정부위원,출석 정부위원,이민,1967-01,0
출석정부위원,출석 정부위원,이민,1967-02,0
출석정부위원,출석 정부위원,이민,1967-03,0
출석정부위원,출석 정부위원,이민,1967-07,0
출석정부위원,출석 정부위원,이민,1967-10,0
출석정부위원,출석 정부위원,이민,1967-11,0
출석정부위원,출석 정부위원,이민,1967-12,0
출석정부위원,출석 정부위원,이민,1968-01,0
출석정부위원,출석 정부위원,이민,1968-02,0
출석정부위원,출석 정부위원,이민,1968-03,0
출석정부위원,출석 정부위원,이민,1968-04,0
출석정부위원,출석 정부위원,이민,1968-05,0
출석정부위원,출석 정부위원,이민,1968-06,0
출석정부위원,출석 정부위원,이민,1968-07,0
출석정부위원,출석 정부위원,이민,1968-08,0
출석정부위원,출석 정부위원,이민,1968-09,0
출석정부위원,출석 정부위원,이민,1968-10,0
출석정부위원,출석 정부위원,이민,1968-11,1
출석정부위원,출석 정부위원,이민,1968-12,0
출석정부위원,출석 정부위원,이민,1969-01,0
출석정부위원,출석 정부위원,이민,1969-02,0
출석정부위원,출석 정부위원,이민,1969-03,0
출석정부위원,출석 정부위원,이민,1969-04,0
출석정부위원,출석 정부위원,이민,1969-05,0
출석정부위원,출석 정부위원,이민,1969-06,0
출석정부위원,출석 정부위원,이민,1969-07,1
출석정부위원,출석 정부위원,이민,1969-08,0
출석정부위원,출석 정부위원,이민,1969-09,0
출석정부위원,출석 정부위원,이민,1969-11,0
출석정부위원,출석 정부위원,이민,1969-12,0
출석정부위원,출석 정부위원,이민,1970-01,0
출석정부위원,출석 정부위원,이민,1970-02,0
출석정부위원,출석 정부위원,이민,1970-03,0
출석정부위원,출석 정부위원,이민,1970-04,0
출석정부위원,출석 정부위원,이민,1970-05,0
출석정부위원,출석 정부위원,이민,1970-06,0
출석정부위원,출석 정부위원,이민,1970-07,0
출석정부위원,출석 정부위원,이민,1970-08,0
출석정부위원,출석 정부위원,이민,1970-09,0
출석정부위원,출석 정부위원,이민,1970-10,0
출석정부위원,출석 정부위원,이민,1970-11,0
출석정부위원,출석 정부위원,이민,1970-12,0
출석정부위원,출석 정부위원,이민,1971-01,0
출석정부위원,출석 정부위원,이민,1971-07,0
출석정부위원,출석 정부위원,이민,1971-08,0
출석정부위원,출석 정부위원,이민,1971-09,0
출석정부위원,출석 정부위원,이민,1971-10,0
출석정부위원,출석 정부위원,이민,1971-11,0
출석정부위원,출석 정부위원,이민,1971-12,0
출석정부위원,출석 정부위원,이민,1972-01,0
출석정부위원,출석 정부위원,이민,1972-07,0
출석정부위원,출석 정부위원,이민,1972-08,0
출석정부위원,출석 정부위원,이민,1972-09,0
출석정부위원,출석 정부위원,이민,1972-10,0
출석정부위원,출석 정부위원,이민,1973-05,0
출석정부위원,출석 정부위원,이민,1973-06,0
출석정부위원,출석 정부위원,이민,1973-09,0
출석정부위원,출석 정부위원,이민,1974-08,0
출석정부위원,출석 정부위원,이민,1974-10,0
출석정부위원,출석 정부위원,이민,1975-11,0
출석정부위원,출석 정부위원,이민,1976-12,0
출석정부위원,출석 정부위원,이민,1978-11,0
노재필위원,노재필 위원,이민,1963-12,0
노재필위원,노재필 위원,이민,1964-01,0
노재필위원,노재필 위원,이민,1964-02,0
노재필위원,노재필 위원,이민,1964-03,0
노재필위원,노재필 위원,이민,1964-04,0
노재필위원,노재필 위원,이민,1964-05,0
노재필위원,노재필 위원,이민,1964-06,0
노재필위원,노재필 위원,이민,1964-07,0
노재필위원,노재필 위원,이민,1964-08,0
노재필위원,노재필 위원,이민,1964-09,0
노재필위원,노재필 위원,이민,1964-10,0
노재필위원,노재필 위원,이민,1964-11,1
노재필위원,노재필 위원,이민,1964-12,0
노재필위원,노재필 위원,이민,1965-01,0
노재필위원,노재필 위원,이민,1965-02,0
노재필위원,노재필 위원,이민,1965-03,1
노재필위원,노재필 위원,이민,1965-04,0
노재필위원,노재필 위원,이민,1965-05,0
노재필위원,노재필 위원,이민,1965-06,0
노재필위원,노재필 위원,이민,1965-07,0
노재필위원,노재필 위원,이민,1965-08,0
노재필위원,노재필 위원,이민,1965-09,0
노재필위원,노재필 위원,이민,1965-10,0
노재필위원,노재필 위원,이민,1965-11,0
노재필위원,노재필 위원,이민,1965-12,0
노재필위원,노재필 위원,이민,1966-01,0
노재필위원,노재필 위원,이민,1966-02,0
노재필위원,노재필 위원,이민,1966-03,0
노재필위원,노재필 위원,이민,1966-04,0
노재필위원,노재필 위원,이민,1966-05,0
노재필위원,노재필 위원,이민,1966-06,0
노재필위원,노재필 위원,이민,1966-07,0
노재필위원,노재필 위원,이민,1966-08,0
노재필위원,노재필 위원,이민,1966-09,0
노재필위원,노재필 위원,이민,1966-10,0
노재필위원,노재필 위원,이민,1966-11,0
노재필위원,노재필 위원,이민,1966-12,0
노재필위원,노재필 위원,이민,1967-01,0
노재필위원,노재필 위원,이민,1967-02,0
노재필위원,노재필 위원,이민,1967-03,0
노재필위원,노재필 위원,이민,1967-07,0
노재필위원,노재필 위원,이민,1967-10,0
노재필위원,노재필 위원,이민,1967-11,0
노재필위원,노재필 위원,이민,1967-12,0
노재필위원,노재필 위원,이민,1968-01,0
노재필위원,노재필 위원,이민,1968-02,0
노재필위원,노재필 위원,이민,1968-03,0
노재필위원,노재필 위원,이민,1968-04,0
노재필위원,노재필 위원,이민,1968-05,1
노재필위원,노재필 위원,이민,1968-06,0
노재필위원,노재필 위원,이민,1968-07,0
노재필위원,노재필 위원,이민,1968-08,0
노재필위원,노재필 위원,이민,1968-09,0
노재필위원,노재필 위원,이민,1968-10,0
노재필위원,노재필 위원,이민,1968-11,0
노재필위원,노재필 위원,이민,1968-12,1
노재필위원,노재필 위원,이민,1969-01,0
노재필위원,노재필 위원,이민,1969-02,0
노재필위원,노재필 위원,이민,1969-03,0
노재필위원,노재필 위원,이민,1969-04,0
노재필위원,노재필 위원,이민,1969-05,0
노재필위원,노재필 위원,이민,1969-06,0
노재필위원,노재필 위원,이민,1969-07,0
노재필위원,노재필 위원,이민,1969-08,0
노재필위원,노재필 위원,이민,1969-09,0
노재필위원,노재필 위원,이민,1969-11,0
노재필위원,노재필 위원,이민,1969-12,0
노재필위원,노재필 위원,이민,1970-01,0
노재필위원,노재필 위원,이민,1970-02,0
노재필위원,노재필 위원,이민,1970-03,0
노재필위원,노재필 위원,이민,1970-04,0
노재필위원,노재필 위원,이민,1970-05,0
노재필위원,노재필 위원,이민,1970-06,0
노재필위원,노재필 위원,이민,1970-07,0
노재필위원,노재필 위원,이민,1970-08,0
노재필위원,노재필 위원,이민,1970-09,0
노재필위원,노재필 위원,이민,1970-10,0
노재필위원,노재필 위원,이민,1970-11,0
노재필위원,노재필 위원,이민,1970-12,0
노재필위원,노재필 위원,이민,1971-01,0
노재필위원,노재필 위원,이민,1971-07,0
노재필위원,노재필 위원,이민,1971-08,0
노재필위원,노재필 위원,이민,1971-09,0
노재필위원,노재필 위원,이민,1971-10,0
노재필위원,노재필 위원,이민,1971-11,0
노재필위원,노재필 위원,이민,1971-12,0
노재필위원,노재필 위원,이민,1972-01,0
노재필위원,노재필 위원,이민,1972-07,0
노재필위원,노재필 위원,이민,1972-08,0
노재필위원,노재필 위원,이민,1972-09,0
노재필위원,노재필 위원,이민,1972-10,0
노재필위원,노재필 위원,이민,1973-05,0
노재필위원,노재필 위원,이민,1973-06,0
노재필위원,노재필 위원,이민,1973-09,0
노재필위원,노재필 위원,이민,1974-08,0
노재필위원,노재필 위원,이민,1974-10,0
노재필위원,노재필 위원,이민,1975-11,0
노재필위원,노재필 위원,이민,1976-12,0
노재필위원,노재필 위원,이민,1978-11,0
경제기획원장관장기영,경제기획원장관 장기영,이주,1963-12,0
경제기획원장관장기영,경제기획원장관 장기영,이주,1964-01,0
경제기획원장관장기영,경제기획원장관 장기영,이주,1964-02,0
경제기획원장관장기영,경제기획원장관 장기영,이주,1964-03,0
경제기획원장관장기영,경제기획원장관 장기영,이주,1964-04,0
경제기획원장관장기영,경제기획원장관 장기영,이주,1964-05,1
경제기획원장관장기영,경제기획원장관 장기영,이주,1964-06,0
경제기획원장관장기영,경제기획원장관 장기영,이주,1964-07,1
경제기획원장관장기영,경제기획원장관 장기영,이주,1964-08,0
경제기획원장관장기영,경제기획원장관 장기영,이주,1964-09,1
경제기획원장관장기영,경제기획원장관 장기영,이주,1964-10,6
경제기획원장관장기영,경제기획원장관 장기영,이주,1964-11,9
경제기획원장관장기영,경제기획원장관 장기영,이주,1964-12,1
경제기획원장관장기영,경제기획원장관 장기영,이주,1965-01,1
경제기획원장관장기영,경제기획원장관 장기영,이주,1965-02,0
경제기획원장관장기영,경제기획원장관 장기영,이주,1965-03,7
경제기획원장관장기영,경제기획원장관 장기영,이주,1965-04,0
경제기획원장관장기영,경제기획원장관 장기영,이주,1965-05,1
경제기획원장관장기영,경제기획원장관 장기영,이주,1965-06,1
경제기획원장관장기영,경제기획원장관 장기영,이주,1965-07,0
경제기획원장관장기영,경제기획원장관 장기영,이주,1965-08,2
경제기획원장관장기영,경제기획원장관 장기영,이주,1965-09,2
경제기획원장관장기영,경제기획원장관 장기영,이주,1965-10,0
경제기획원장관장기영,경제기획원장관 장기영,이주,1965-11,2
경제기획원장관장기영,경제기획원장관 장기영,이주,1965-12,2
경제기획원장관장기영,경제기획원장관 장기영,이주,1966-01,0
경제기획원장관장기영,경제기획원장관 장기영,이주,1966-02,1
경제기획원장관장기영,경제기획원장관 장기영,이주,1966-03,2
경제기획원장관장기영,경제기획원장관 장기영,이주,1966-04,4
경제기획원장관장기영,경제기획원장관 장기영,이주,1966-05,0
경제기획원장관장기영,경제기획원장관 장기영,이주,1966-06,0
경제기획원장관장기영,경제기획원장관 장기영,이주,1966-07,2
경제기획원장관장기영,경제기획원장관 장기영,이주,1966-08,0
경제기획원장관장기영,경제기획원장관 장기영,이주,1966-09,1
경제기획원장관장기영,경제기획원장관 장기영,이주,1966-10,2
경제기획원장관장기영,경제기획원장관 장기영,이주,1966-11,9
경제기획원장관장기영,경제기획원장관 장기영,이주,1966-12,0
경제기획원장관장기영,경제기획원장관 장기영,이주,1967-01,0
경제기획원장관장기영,경제기획원장관 장기영,이주,1967-02,1
경제기획원장관장기영,경제기획원장관 장기영,이주,1967-03,1
경제기획원장관장기영,경제기획원장관 장기영,이주,1967-07,0
경제기획원장관장기영,경제기획원장관 장기영,이주,1967-10,0
경제기획원장관장기영,경제기획원장관 장기영,이주,1967-11,0
경제기획원장관장기영,경제기획원장관 장기영,이주,1967-12,0
경제기획원장관장기영,경제기획원장관 장기영,이주,1968-01,0
경제기획원장관장기영,경제기획원장관 장기영,이주,1968-02,0
경제기획원장관장기영,경제기획원장관 장기영,이주,1968-03,0
경제기획원장관장기영,경제기획원장관 장기영,이주,1968-04,0
경제기획원장관장기영,경제기획원장관 장기영,이주,1968-05,0
경제기획원장관장기영,경제기획원장관 장기영,이주,1968-06,0
경제기획원장관장기영,경제기획원장관 장기영,이주,1968-07,0
경제기획원장관장기영,경제기획원장관 장기영,이주,1968-08,0
경제기획원장관장기영,경제기획원장관 장기영,이주,1968-09,0
경제기획원장관장기영,경제기획원장관 장기영,이주,1968-10,0
경제기획원장관장기영,경제기획원장관 장기영,이주,1968-11,0
경제기획원장관장기영,경제기획원장관 장기영,이주,1968-12,0
경제기획원장관장기영,경제기획원장관 장기영,이주,1969-01,0
경제기획원장관장기영,경제기획원장관 장기영,이주,1969-02,0
경제기획원장관장기영,경제기획원장관 장기영,이주,1969-03,0
경제기획원장관장기영,경제기획원장관 장기영,이주,1969-04,0
경제기획원장관장기영,경제기획원장관 장기영,이주,1969-05,0
경제기획원장관장기영,경제기획원장관 장기영,이주,1969-06,0
경제기획원장관장기영,경제기획원장관 장기영,이주,1969-07,0
경제기획원장관장기영,경제기획원장관 장기영,이주,1969-08,0
경제기획원장관장기영,경제기획원장관 장기영,이주,1969-09,0
경제기획원장관장기영,경제기획원장관 장기영,이주,1969-11,0
경제기획원장관장기영,경제기획원장관 장기영,이주,1969-12,0
경제기획원장관장기영,경제기획원장관 장기영,이주,1970-01,0
경제기획원장관장기영,경제기획원장관 장기영,이주,1970-02,0
경제기획원장관장기영,경제기획원장관 장기영,이주,1970-03,0
경제기획원장관장기영,경제기획원장관 장기영,이주,1970-04,0
경제기획원장관장기영,경제기획원장관 장기영,이주,1970-05,0
경제기획원장관장기영,경제기획원장관 장기영,이주,1970-06,0
경제기획원장관장기영,경제기획원장관 장기영,이주,1970-07,0
경제기획원장관장기영,경제기획원장관 장기영,이주,1970-08,0
경제기획원장관장기영,경제기획원장관 장기영,이주,1970-09,0
경제기획원장관장기영,경제기획원장관 장기영,이주,1970-10,0
경제기획원장관장기영,경제기획원장관 장기영,이주,1970-11,0
경제기획원장관장기영,경제기획원장관 장기영,이주,1970-12,0
경제기획원장관장기영,경제기획원장관 장기영,이주,1971-01,0
경제기획원장관장기영,경제기획원장관 장기영,이주,1971-07,0
경제기획원장관장기영,경제기획원장관 장기영,이주,1971-08,0
경제기획원장관장기영,경제기획원장관 장기영,이주,1971-09,0
경제기획원장관장기영,경제기획원장관 장기영,이주,1971-10,0
경제기획원장관장기영,경제기획원장관 장기영,이주,1971-11,0
경제기획원장관장기영,경제기획원장관 장기영,이주,1971-12,0
경제기획원장관장기영,경제기획원장관 장기영,이주,1972-01,0
경제기획원장관장기영,경제기획원장관 장기영,이주,1972-07,0
경제기획원장관장기영,경제기획원장관 장기영,이주,1972-08,0
경제기획원장관장기영,경제기획원장관 장기영,이주,1972-09,0
경제기획원장관장기영,경제기획원장관 장기영,이주,1972-10,0
경제기획원장관장기영,경제기획원장관 장기영,이주,1973-05,0
경제기획원장관장기영,경제기획원장관 장기영,이주,1973-06,0
경제기획원장관장기영,경제기획원장관 장기영,이주,1973-09,0
경제기획원장관장기영,경제기획원장관 장기영,이주,1974-08,0
경제기획원장관장기영,경제기획원장관 장기영,이주,1974-10,0
경제기획원장관장기영,경제기획원장관 장기영,이주,1975-11,0
경제기획원장관장기영,경제기획원장관 장기영,이주,1976-12,0
경제기획원장관장기영,경제기획원장관 장기영,이주,1978-11,0
고흥문위원,고흥문 위원,이주,1963-12,0
고흥문위원,고흥문 위원,이주,1964-01,0
고흥문위원,고흥문 위원,이주,1964-02,2
고흥문위원,고흥문 위원,이주,1964-03,1
고흥문위원,고흥문 위원,이주,1964-04,0
고흥문위원,고흥문 위원,이주,1964-05,3
고흥문위원,고흥문 위원,이주,1964-06,0
고흥문위원,고흥문 위원,이주,1964-07,0
고흥문위원,고흥문 위원,이주,1964-08,0
고흥문위원,고흥문 위원,이주,1964-09,0
고흥문위원,고흥문 위원,이주,1964-10,0
고흥문위원,고흥문 위원,이주,1964-11,1
고흥문위원,고흥문 위원,이주,1964-12,0
고흥문위원,고흥문 위원,이주,1965-01,1
고흥문위원,고흥문 위원,이주,1965-02,0
고흥문위원,고흥문 위원,이주,1965-03,0
고흥문위원,고흥문 위원,이주,1965-04,0
고흥문위원,고흥문 위원,이주,1965-05,0
고흥문위원,고흥문 위원,이주,1965-06,0
고흥문위원,고흥문 위원,이주,1965-07,0
고흥문위원,고흥문 위원,이주,1965-08,1
고흥문위원,고흥문 위원,이주,1965-09,0
고흥문위원,고흥문 위원,이주,1965-10,0
고흥문위원,고흥문 위원,이주,1965-11,3
고흥문위원,고흥문 위원,이주,1965-12,0
고흥문위원,고흥문 위원,이주,1966-01,0
고흥문위원,고흥문 위원,이주,1966-02,0
고흥문위원,고흥문 위원,이주,1966-03,4
고흥문위원,고흥문 위원,이주,1966-04,1
고흥문위원,고흥문 위원,이주,1966-05,0
고흥문위원,고흥문 위원,이주,1966-06,0
고흥문위원,고흥문 위원,이주,1966-07,2
고흥문위원,고흥문 위원,이주,1966-08,0
고흥문위원,고흥문 위원,이주,1966-09,0
고흥문위원,고흥문 위원,이주,1966-10,2
고흥문위원,고흥문 위원,이주,1966-11,11
고흥문위원,고흥문 위원,이주,1966-12,0
고흥문위원,고흥문 위원,이주,1967-01,1
고흥문위원,고흥문 위원,이주,1967-02,0
고흥문위원,고흥문 위원,이주,1967-03,1
고흥문위원,고흥문 위원,이주,1967-07,0
고흥문위원,고흥문 위원,이주,1967-10,0
고흥문위원,고흥문 위원,이주,1967-11,0
고흥문위원,고흥문 위원,이주,1967-12,4
고흥문위원,고흥문 위원,이주,1968-01,0
고흥문위원,고흥문 위원,이주,1968-02,2
고흥문위원,고흥문 위원,이주,1968-03,1
고흥문위원,고흥문 위원,이주,1968-04,0
고흥문위원,고흥문 위원,이주,1968-05,0
고흥문위원,고흥문 위원,이주,1968-06,5
고흥문위원,고흥문 위원,이주,1968-07,0
고흥문위원,고흥문 위원,이주,1968-08,0
고흥문위원,고흥문 위원,이주,1968-09,0
고흥문위원,고흥문 위원,이주,1968-10,5
고흥문위원,고흥문 위원,이주,1968-11,1
고흥문위원,고흥문 위원,이주,1968-12,3
고흥문위원,고흥문 위원,이주,1969-01,0
고흥문위원,고흥문 위원,이주,1969-02,0
고흥문위원,고흥문 위원,이주,1969-03,0
고흥문위원,고흥문 위원,이주,1969-04,2
고흥문위원,고흥문 위원,이주,1969-05,0
고흥문위원,고흥문 위원,이주,1969-06,0
고흥문위원,고흥문 위원,이주,1969-07,0
고흥문위원,고흥문 위원,이주,1969-08,0
고흥문위원,고흥문 위원,이주,1969-09,0
고흥문위원,고흥문 위원,이주,1969-11,0
고흥문위원,고흥문 위원,이주,1969-12,0
고흥문위원,고흥문 위원,이주,1970-01,0
고흥문위원,고흥문 위원,이주,1970-02,0
고흥문위원,고흥문 위원,이주,1970-03,0
고흥문위원,고흥문 위원,이주,1970-04,0
고흥문위원,고흥문 위원,이주,1970-05,1
고흥문위원,고흥문 위원,이주,1970-06,0
고흥문위원,고흥문 위원,이주,1970-07,2
고흥문위원,고흥문 위원,이주,1970-08,0
고흥문위원,고흥문 위원,이주,1970-09,0
고흥문위원,고흥문 위원,이주,1970-10,8
고흥문위원,고흥문 위원,이주,1970-11,2
고흥문위원,고흥문 위원,이주,1970-12,4
고흥문위원,고흥문 위원,이주,1971-01,0
고흥문위원,고흥문 위원,이주,1971-07,0
고흥문위원,고흥문 위원,이주,1971-08,0
고흥문위원,고흥문 위원,이주,1971-09,0
고흥문위원,고흥문 위원,이주,1971-10,0
고흥문위원,고흥문 위원,이주,1971-11,2
고흥문위원,고흥문 위원,이주,1971-12,0
고흥문위원,고흥문 위원,이주,1972-01,0
고흥문위원,고흥문 위원,이주,1972-07,0
고흥문위원,고흥문 위원,이주,1972-08,0
고흥문위원,고흥문 위원,이주,1972-09,0
고흥문위원,고흥문 위원,이주,1972-10,0
고흥문위원,고흥문 위원,이주,1973-05,0
고흥문위원,고흥문 위원,이주,1973-06,0
고흥문위원,고흥문 위원,이주,1973-09,0
고흥문위원,고흥문 위원,이주,1974-08,0
고흥문위원,고흥문 위원,이주,1974-10,0
고흥문위원,고흥문 위원,이주,1975-11,0
고흥문위원,고흥문 위원,이주,1976-12,0
고흥문위원,고흥문 위원,이주,1978-11,0
김대중위원,김대중 위원,이주,1963-12,0
김대중위원,김대중 위원,이주,1964-01,0
김대중위원,김대중 위원,이주,1964-02,1
김대중위원,김대중 위원,이주,1964-03,0
김대중위원,김대중 위원,이주,1964-04,3
김대중위원,김대중 위원,이주,1964-05,3
김대중위원,김대중 위원,이주,1964-06,0
김대중위원,김대중 위원,이주,1964-07,0
김대중위원,김대중 위원,이주,1964-08,0
김대중위원,김대중 위원,이주,1964-09,0
김대중위원,김대중 위원,이주,1964-10,4
김대중위원,김대중 위원,이주,1964-11,7
김대중위원,김대중 위원,이주,1964-12,3
김대중위원,김대중 위원,이주,1965-01,0
김대중위원,김대중 위원,이주,1965-02,0
김대중위원,김대중 위원,이주,1965-03,4
김대중위원,김대중 위원,이주,1965-04,0
김대중위원,김대중 위원,이주,1965-05,2
김대중위원,김대중 위원,이주,1965-06,0
김대중위원,김대중 위원,이주,1965-07,0
김대중위원,김대중 위원,이주,1965-08,4
김대중위원,김대중 위원,이주,1965-09,0
김대중위원,김대중 위원,이주,1965-10,1
김대중위원,김대중 위원,이주,1965-11,0
김대중위원,김대중 위원,이주,1965-12,3
김대중위원,김대중 위원,이주,1966-01,0
김대중위원,김대중 위원,이주,1966-02,0
김대중위원,김대중 위원,이주,1966-03,0
김대중위원,김대중 위원,이주,1966-04,0
김대중위원,김대중 위원,이주,1966-05,0
김대중위원,김대중 위원,이주,1966-06,1
김대중위원,김대중 위원,이주,1966-07,0
김대중위원,김대중 위원,이주,1966-08,1
김대중위원,김대중 위원,이주,1966-09,0
김대중위원,김대중 위원,이주,1966-10,10
김대중위원,김대중 위원,이주,1966-11,5
김대중위원,김대중 위원,이주,1966-12,2
김대중위원,김대중 위원,이주,1967-01,0
김대중위원,김대중 위원,이주,1967-02,0
김대중위원,김대중 위원,이주,1967-03,1
김대중위원,김대중 위원,이주,1967-07,0
김대중위원,김대중 위원,이주,1967-10,0
김대중위원,김대중 위원,이주,1967-11,0
김대중위원,김대중 위원,이주,1967-12,3
김대중위원,김대중 위원,이주,1968-01,0
김대중위원,김대중 위원,이주,1968-02,1
김대중위원,김대중 위원,이주,1968-03,2
김대중위원,김대중 위원,이주,1968-04,1
김대중위원,김대중 위원,이주,1968-05,0
김대중위원,김대중 위원,이주,1968-06,2
김대중위원,김대중 위원,이주,1968-07,0
김대중위원,김대중 위원,이주,1968-08,0
김대중위원,김대중 위원,이주,1968-09,3
김대중위원,김대중 위원,이주,1968-10,5
김대중위원,김대중 위원,이주,1968-11,2
김대중위원,김대중 위원,이주,1968-12,1
김대중위원,김대중 위원,이주,1969-01,0
김대중위원,김대중 위원,이주,1969-02,0
김대중위원,김대중 위원,이주,1969-03,0
김대중위원,김대중 위원,이주,1969-04,0
김대중위원,김대중 위원,이주,1969-05,0
김대중위원,김대중 위원,이주,1969-06,0
김대중위원,김대중 위원,이주,1969-07,3
김대중위원,김대중 위원,이주,1969-08,0
김대중위원,김대중 위원,이주,1969-09,0
김대중위원,김대중 위원,이주,1969-11,0
김대중위원,김대중 위원,이주,1969-12,0
김대중위원,김대중 위원,이주,1970-01,0
김대중위원,김대중 위원,이주,1970-02,0
김대중위원,김대중 위원,이주,1970-03,0
김대중위원,김대중 위원,이주,1970-04,0
김대중위원,김대중 위원,이주,1970-05,1
김대중위원,김대중 위원,이주,1970-06,1
김대중위원,김대중 위원,이주,1970-07,1
김대중위원,김대중 위원,이주,1970-08,0
김대중위원,김대중 위원,이주,1970-09,0
김대중위원,김대중 위원,이주,1970-10,0
김대중위원,김대중 위원,이주,1970-11,0
김대중위원,김대중 위원,이주,1970-12,0
김대중위원,김대중 위원,이주,1971-01,0
김대중위원,김대중 위원,이주,1971-07,0
김대중위원,김대중 위원,이주,1971-08,0
김대중위원,김대중 위원,이주,1971-09,0
김대중위원,김대중 위원,이주,1971-10,0
김대중위원,김대중 위원,이주,1971-11,0
김대중위원,김대중 위원,이주,1971-12,0
김대중위원,김대중 위원,이주,1972-01,0
김대중위원,김대중 위원,이주,1972-07,0
김대중위원,김대중 위원,이주,1972-08,0
김대중위원,김대중 위원,이주,1972-09,0
김대중위원,김대중 위원,이주,1972-10,0
김대중위원,김대중 위원,이주,1973-05,0
김대중위원,김대중 위원,이주,1973-06,0
김대중위원,김대중 위원,이주,1973-09,0
김대중위원,김대중 위원,이주,1974-08,0
김대중위원,김대중 위원,이주,1974-10,0
김대중위원,김대중 위원,이주,1975-11,0
김대중위원,김대중 위원,이주,1976-12,0
김대중위원,김대중 위원,이주,1978-11,0
기타참석자,기타 참석자,이주,1963-12,0
기타참석자,기타 참석자,이주,1964-01,0
기타참석자,기타 참석자,이주,1964-02,0
기타참석자,기타 참석자,이주,1964-03,0
기타참석자,기타 참석자,이주,1964-04,1
기타참석자,기타 참석자,이주,1964-05,1
기타참석자,기타 참석자,이주,1964-06,0
기타참석자,기타 참석자,이주,1964-07,0
기타참석자,기타 참석자,이주,1964-08,1
기타참석자,기타 참석자,이주,1964-09,1
기타참석자,기타 참석자,이주,1964-10,6
기타참석자,기타 참석자,이주,1964-11,2
기타참석자,기타 참석자,이주,1964-12,1
기타참석자,기타 참석자,이주,1965-01,1
기타참석자,기타 참석자,이주,1965-02,0
기타참석자,기타 참석자,이주,1965-03,0
기타참석자,기타 참석자,이주,1965-04,0
기타참석자,기타 참석자,이주,1965-05,0
기타참석자,기타 참석자,이주,1965-06,1
기타참석자,기타 참석자,이주,1965-07,0
기타참석자,기타 참석자,이주,1965-08,0
기타참석자,기타 참석자,이주,1965-09,0
기타참석자,기타 참석자,이주,1965-10,1
기타참석자,기타 참석자,이주,1965-11,5
기타참석자,기타 참석자,이주,1965-12,0
기타참석자,기타 참석자,이주,1966-01,0
기타참석자,기타 참석자,이주,1966-02,0
기타참석자,기타 참석자,이주,1966-03,4
기타참석자,기타 참석자,이주,1966-04,0
기타참석자,기타 참석자,이주,1966-05,0
기타참석자,기타 참석자,이주,1966-06,2
기타참석자,기타 참석자,이주,1966-07,2
기타참석자,기타 참석자,이주,1966-08,0
기타참석자,기타 참석자,이주,1966-09,0
기타참석자,기타 참석자,이주,1966-10,0
기타참석자,기타 참석자,이주,1966-11,1
기타참석자,기타 참석자,이주,1966-12,1
기타참석자,기타 참석자,이주,1967-01,0
기타참석자,기타 참석자,이주,1967-02,0
기타참석자,기타 참석자,이주,1967-03,1
기타참석자,기타 참석자,이주,1967-07,0
기타참석자,기타 참석자,이주,1967-10,0
기타참석자,기타 참석자,이주,1967-11,0
기타참석자,기타 참석자,이주,1967-12,8
기타참석자,기타 참석자,이주,1968-01,0
기타참석자,기타 참석자,이주,1968-02,3
기타참석자,기타 참석자,이주,1968-03,0
기타참석자,기타 참석자,이주,1968-04,1
기타참석자,기타 참석자,이주,1968-05,0
기타참석자,기타 참석자,이주,1968-06,3
기타참석자,기타 참석자,이주,1968-07,1
기타참석자,기타 참석자,이주,1968-08,0
기타참석자,기타 참석자,이주,1968-09,0
기타참석자,기타 참석자,이주,1968-10,0
기타참석자,기타 참석자,이주,1968-11,0
기타참석자,기타 참석자,이주,1968-12,0
기타참석자,기타 참석자,이주,1969-01,0
기타참석자,기타 참석자,이주,1969-02,0
기타참석자,기타 참석자,이주,1969-03,0
기타참석자,기타 참석자,이주,1969-04,0
기타참석자,기타 참석자,이주,1969-05,0
기타참석자,기타 참석자,이주,1969-06,0
기타참석자,기타 참석자,이주,1969-07,0
기타참석자,기타 참석자,이주,1969-08,0
기타참석자,기타 참석자,이주,1969-09,0
기타참석자,기타 참석자,이주,1969-11,0
기타참석자,기타 참석자,이주,1969-12,0
기타참석자,기타 참석자,이주,1970-01,0
기타참석자,기타 참석자,이주,1970-02,0
기타참석자,기타 참석자,이주,1970-03,0
기타참석자,기타 참석자,이주,1970-04,0
기타참석자,기타 참석자,이주,1970-05,0
기타참석자,기타 참석자,이주,1970-06,0
기타참석자,기타 참석자,이주,1970-07,0
기타참석자,기타 참석자,이주,1970-08,0
기타참석자,기타 참석자,이주,1970-09,0
기타참석자,기타 참석자,이주,1970-10,0
기타참석자,기타 참석자,이주,1970-11,1
기타참석자,기타 참석자,이주,1970-12,0
기타참석자,기타 참석자,이주,1971-01,0
기타참석자,기타 참석자,이주,1971-07,0
기타참석자,기타 참석자,이주,1971-08,0
기타참석자,기타 참석자,이주,1971-09,0
기타참석자,기타 참석자,이주,1971-10,0
기타참석자,기타 참석자,이주,1971-11,1
기타참석자,기타 참석자,이주,1971-12,0
기타참석자,기타 참석자,이주,1972-01,0
기타참석자,기타 참석자,이주,1972-07,0
기타참석자,기타 참석자,이주,1972-08,0
기타참석자,기타 참석자,이주,1972-09,0
기타참석자,기타 참석자,이주,1972-10,0
기타참석자,기타 참석자,이주,1973-05,0
기타참석자,기타 참석자,이주,1973-06,0
기타참석자,기타 참석자,이주,1973-09,0
기타참석자,기타 참석자,이주,1974-08,0
기타참석자,기타 참석자,이주,1974-10,0
기타참석자,기타 참석자,이주,1975-11,0
기타참석자,기타 참석자,이주,1976-12,0
기타참석자,기타 참석자,이주,1978-11,0
이충환위원,이충환 위원,이주,1963-12,0
이충환위원,이충환 위원,이주,1964-01,0
이충환위원,이충환 위원,이주,1964-02,1
이충환위원,이충환 위원,이주,1964-03,0
이충환위원,이충환 위원,이주,1964-04,5
이충환위원,이충환 위원,이주,1964-05,2
이충환위원,이충환 위원,이주,1964-06,1
이충환위원,이충환 위원,이주,1964-07,0
이충환위원,이충환 위원,이주,1964-08,0
이충환위원,이충환 위원,이주,1964-09,0
이충환위원,이충환 위원,이주,1964-10,2
이충환위원,이충환 위원,이주,1964-11,7
이충환위원,이충환 위원,이주,1964-12,0
이충환위원,이충환 위원,이주,1965-01,0
이충환위원,이충환 위원,이주,1965-02,0
이충환위원,이충환 위원,이주,1965-03,4
이충환위원,이충환 위원,이주,1965-04,1
이충환위원,이충환 위원,이주,1965-05,1
이충환위원,이충환 위원,이주,1965-06,0
이충환위원,이충환 위원,이주,1965-07,0
이충환위원,이충환 위원,이주,1965-08,1
이충환위원,이충환 위원,이주,1965-09,0
이충환위원,이충환 위원,이주,1965-10,0
이충환위원,이충환 위원,이주,1965-11,6
이충환위원,이충환 위원,이주,1965-12,0
이충환위원,이충환 위원,이주,1966-01,0
이충환위원,이충환 위원,이주,1966-02,3
이충환위원,이충환 위원,이주,1966-03,3
이충환위원,이충환 위원,이주,1966-04,1
이충환위원,이충환 위원,이주,1966-05,0
이충환위원,이충환 위원,이주,1966-06,0
이충환위원,이충환 위원,이주,1966-07,1
이충환위원,이충환 위원,이주,1966-08,3
이충환위원,이충환 위원,이주,1966-09,0
이충환위원,이충환 위원,이주,1966-10,1
이충환위원,이충환 위원,이주,1966-11,0
이충환위원,이충환 위원,이주,1966-12,4
이충환위원,이충환 위원,이주,1967-01,0
이충환위원,이충환 위원,이주,1967-02,0
이충환위원,이충환 위원,이주,1967-03,0
이충환위원,이충환 위원,이주,1967-07,0
이충환위원,이충환 위원,이주,1967-10,0
이충환위원,이충환 위원,이주,1967-11,0
이충환위원,이충환 위원,이주,1967-12,0
이충환위원,이충환 위원,이주,1968-01,0
이충환위원,이충환 위원,이주,1968-02,0
이충환위원,이충환 위원,이주,1968-03,0
이충환위원,이충환 위원,이주,1968-04,0
이충환위원,이충환 위원,이주,1968-05,0
이충환위원,이충환 위원,이주,1968-06,0
이충환위원,이충환 위원,이주,1968-07,0
이충환위원,이충환 위원,이주,1968-08,0
이충환위원,이충환 위원,이주,1968-09,0
이충환위원,이충환 위원,이주,1968-10,0
이충환위원,이충환 위원,이주,1968-11,0
이충환위원,이충환 위원,이주,1968-12,0
이충환위원,이충환 위원,이주,1969-01,0
이충환위원,이충환 위원,이주,1969-02,0
이충환위원,이충환 위원,이주,1969-03,0
이충환위원,이충환 위원,이주,1969-04,0
이충환위원,이충환 위원,이주,1969-05,0
이충환위원,이충환 위원,이주,1969-06,0
이충환위원,이충환 위원,이주,1969-07,0
이충환위원,이충환 위원,이주,1969-08,0
이충환위원,이충환 위원,이주,1969-09,0
이충환위원,이충환 위원,이주,1969-11,0
이충환위원,이충환 위원,이주,1969-12,0
이충환위원,이충환 위원,이주,1970-01,0
이충환위원,이충환 위원,이주,1970-02,0
이충환위원,이충환 위원,이주,1970-03,0
이충환위원,이충환 위원,이주,1970-04,0
이충환위원,이충환 위원,이주,1970-05,0
이충환위원,이충환 위원,이주,1970-06,0
이충환위원,이충환 위원,이주,1970-07,0
이충환위원,이충환 위원,이주,1970-08,0
이충환위원,이충환 위원,이주,1970-09,0
이충환위원,이충환 위원,이주,1970-10,0
이충환위원,이충환 위원,이주,1970-11,0
이충환위원,이충환 위원,이주,1970-12,0
이충환위원,이충환 위원,이주,1971-01,0
이충환위원,이충환 위원,이주,1971-07,0
이충환위원,이충환 위원,이주,1971-08,0
이충환위원,이충환 위원,이주,1971-09,0
이충환위원,이충환 위원,이주,1971-10,0
이충환위원,이충환 위원,이주,1971-11,0
이충환위원,이충환 위원,이주,1971-12,0
이충환위원,이충환 위원,이주,1972-01,0
이충환위원,이충환 위원,이주,1972-07,0
이충환위원,이충환 위원,이주,1972-08,0
이충환위원,이충환 위원,이주,1972-09,0
이충환위원,이충환 위원,이주,1972-10,0
이충환위원,이충환 위원,이주,1973-05,0
이충환위원,이충환 위원,이주,1973-06,0
이충환위원,이충환 위원,이주,1973-09,0
이충환위원,이충환 위원,이주,1974-08,0
이충환위원,이충환 위원,이주,1974-10,0
이충환위원,이충환 위원,이주,1975-11,0
이충환위원,이충환 위원,이주,1976-12,0
이충환위원,이충환 위원,이주,1978-11,0
위원장양순직,위원장 양순직,이주,1963-12,0
위원장양순직,위원장 양순직,이주,1964-01,0
위원장양순직,위원장 양순직,이주,1964-02,0
위원장양순직,위원장 양순직,이주,1964-03,0
위원장양순직,위원장 양순직,이주,1964-04,0
위원장양순직,위원장 양순직,이주,1964-05,0
위원장양순직,위원장 양순직,이주,1964-06,0
위원장양순직,위원장 양순직,이주,1964-07,0
위원장양순직,위원장 양순직,이주,1964-08,0
위원장양순직,위원장 양순직,이주,1964-09,0
위원장양순직,위원장 양순직,이주,1964-10,0
위원장양순직,위원장 양순직,이주,1964-11,0
위원장양순직,위원장 양순직,이주,1964-12,0
위원장양순직,위원장 양순직,이주,1965-01,0
위원장양순직,위원장 양순직,이주,1965-02,0
위원장양순직,위원장 양순직,이주,1965-03,0
위원장양순직,위원장 양순직,이주,1965-04,0
위원장양순직,위원장 양순직,이주,1965-05,0
위원장양순직,위원장 양순직,이주,1965-06,0
위원장양순직,위원장 양순직,이주,1965-07,0
위원장양순직,위원장 양순직,이주,1965-08,0
위원장양순직,위원장 양순직,이주,1965-09,0
위원장양순직,위원장 양순직,이주,1965-10,0
위원장양순직,위원장 양순직,이주,1965-11,0
위원장양순직,위원장 양순직,이주,1965-12,0
위원장양순직,위원장 양순직,이주,1966-01,0
위원장양순직,위원장 양순직,이주,1966-02,1
위원장양순직,위원장 양순직,이주,1966-03,2
위원장양순직,위원장 양순직,이주,1966-04,0
위원장양순직,위원장 양순직,이주,1966-05,0
위원장양순직,위원장 양순직,이주,1966-06,1
위원장양순직,위원장 양순직,이주,1966-07,0
위원장양순직,위원장 양순직,이주,1966-08,0
위원장양순직,위원장 양순직,이주,1966-09,0
위원장양순직,위원장 양순직,이주,1966-10,0
위원장양순직,위원장 양순직,이주,1966-11,0
위원장양순직,위원장 양순직,이주,1966-12,1
위원장양순직,위원장 양순직,이주,1967-01,0
위원장양순직,위원장 양순직,이주,1967-02,0
위원장양순직,위원장 양순직,이주,1967-03,0
위원장양순직,위원장 양순직,이주,1967-07,0
위원장양순직,위원장 양순직,이주,1967-10,1
위원장양순직,위원장 양순직,이주,1967-11,2
위원장양순직,위원장 양순직,이주,1967-12,0
위원장양순직,위원장 양순직,이주,1968-01,0
위원장양순직,위원장 양순직,이주,1968-02,4
위원장양순직,위원장 양순직,이주,1968-03,0
위원장양순직,위원장 양순직,이주,1968-04,0
위원장양순직,위원장 양순직,이주,1968-05,0
위원장양순직,위원장 양순직,이주,1968-06,0
위원장양순직,위원장 양순직,이주,1968-07,1
위원장양순직,위원장 양순직,이주,1968-08,0
위원장양순직,위원장 양순직,이주,1968-09,1
위원장양순직,위원장 양순직,이주,1968-10,0
위원장양순직,위원장 양순직,이주,1968-11,1
위원장양순직,위원장 양순직,이주,1968-12,2
위원장양순직,위원장 양순직,이주,1969-01,0
위원장양순직,위원장 양순직,이주,1969-02,0
위원장양순직,위원장 양순직,이주,1969-03,0
위원장양순직,위원장 양순직,이주,1969-04,0
위원장양순직,위원장 양순직,이주,1969-05,0
위원장양순직,위원장 양순직,이주,1969-06,0
위원장양순직,위원장 양순직,이주,1969-07,0
위원장양순직,위원장 양순직,이주,1969-08,0
위원장양순직,위원장 양순직,이주,1969-09,0
위원장양순직,위원장 양순직,이주,1969-11,0
위원장양순직,위원장 양순직,이주,1969-12,0
위원장양순직,위원장 양순직,이주,1970-01,0
위원장양순직,위원장 양순직,이주,1970-02,0
위원장양순직,위원장 양순직,이주,1970-03,0
위원장양순직,위원장 양순직,이주,1970-04,0
위원장양순직,위원장 양순직,이주,1970-05,0
위원장양순직,위원장 양순직,이주,1970-06,0
위원장양순직,위원장 양순직,이주,1970-07,0
위원장양순직,위원장 양순직,이주,1970-08,0
위원장양순직,위원장 양순직,이주,1970-09,0
위원장양순직,위원장 양순직,이주,1970-10,0
위원장양순직,위원장 양순직,이주,1970-11,0
위원장양순직,위원장 양순직,이주,1970-12,0
위원장양순직,위원장 양순직,이주,1971-01,0
위원장양순직,위원장 양순직,이주,1971-07,0
위원장양순직,위원장 양순직,이주,1971-08,0
위원장양순직,위원장 양순직,이주,1971-09,0
위원장양순직,위원장 양순직,이주,1971-10,0
위원장양순직,위원장 양순직,이주,1971-11,0
위원장양순직,위원장 양순직,이주,1971-12,0
위원장양순직,위원장 양순직,이주,1972-01,0
위원장양순직,위원장 양순직,이주,1972-07,0
위원장양순직,위원장 양순직,이주,1972-08,0
위원장양순직,위원장 양순직,이주,1972-09,0
위원장양순직,위원장 양순직,이주,1972-10,0
위원장양순직,위원장 양순직,이주,1973-05,0
위원장양순직,위원장 양순직,이주,1973-06,0
위원장양순직,위원장 양순직,이주,1973-09,0
위원장양순직,위원장 양순직,이주,1974-08,0
위원장양순직,위원장 양순직,이주,1974-10,0
위원장양순직,위원장 양순직,이주,1975-11,0
위원장양순직,위원장 양순직,이주,1976-12,0
위원장양순직,위원장 양순직,이주,1978-11,0
김재광위원,김재광 위원,이주,1963-12,1
김재광위원,김재광 위원,이주,1964-01,0
김재광위원,김재광 위원,이주,1964-02,2
김재광위원,김재광 위원,이주,1964-03,0
김재광위원,김재광 위원,이주,1964-04,4
김재광위원,김재광 위원,이주,1964-05,0
김재광위원,김재광 위원,이주,1964-06,0
김재광위원,김재광 위원,이주,1964-07,4
김재광위원,김재광 위원,이주,1964-08,0
김재광위원,김재광 위원,이주,1964-09,3
김재광위원,김재광 위원,이주,1964-10,1
김재광위원,김재광 위원,이주,1964-11,10
김재광위원,김재광 위원,이주,1964-12,0
김재광위원,김재광 위원,이주,1965-01,0
김재광위원,김재광 위원,이주,1965-02,0
김재광위원,김재광 위원,이주,1965-03,2
김재광위원,김재광 위원,이주,1965-04,0
김재광위원,김재광 위원,이주,1965-05,1
김재광위원,김재광 위원,이주,1965-06,0
김재광위원,김재광 위원,이주,1965-07,0
김재광위원,김재광 위원,이주,1965-08,7
김재광위원,김재광 위원,이주,1965-09,0
김재광위원,김재광 위원,이주,1965-10,0
김재광위원,김재광 위원,이주,1965-11,0
김재광위원,김재광 위원,이주,1965-12,0
김재광위원,김재광 위원,이주,1966-01,0
김재광위원,김재광 위원,이주,1966-02,0
김재광위원,김재광 위원,이주,1966-03,0
김재광위원,김재광 위원,이주,1966-04,0
김재광위원,김재광 위원,이주,1966-05,0
김재광위원,김재광 위원,이주,1966-06,0
김재광위원,김재광 위원,이주,1966-07,0
김재광위원,김재광 위원,이주,1966-08,0
김재광위원,김재광 위원,이주,1966-09,0
김재광위원,김재광 위원,이주,1966-10,0
김재광위원,김재광 위원,이주,1966-11,0
김재광위원,김재광 위원,이주,1966-12,0
김재광위원,김재광 위원,이주,1967-01,0
김재광위원,김재광 위원,이주,1967-02,0
김재광위원,김재광 위원,이주,1967-03,0
김재광위원,김재광 위원,이주,1967-07,0
김재광위원,김재광 위원,이주,1967-10,0
김재광위원,김재광 위원,이주,1967-11,0
김재광위원,김재광 위원,이주,1967-12,10
김재광위원,김재광 위원,이주,1968-01,0
김재광위원,김재광 위원,이주,1968-02,0
김재광위원,김재광 위원,이주,1968-03,0
김재광위원,김재광 위원,이주,1968-04,2
김재광위원,김재광 위원,이주,1968-05,0
김재광위원,김재광 위원,이주,1968-06,4
김재광위원,김재광 위원,이주,1968-07,0
김재광위원,김재광 위원,이주,1968-08,0
김재광위원,김재광 위원,이주,1968-09,3
김재광위원,김재광 위원,이주,1968-10,1
김재광위원,김재광 위원,이주,1968-11,4
김재광위원,김재광 위원,이주,1968-12,3
김재광위원,김재광 위원,이주,1969-01,0
김재광위원,김재광 위원,이주,1969-02,0
김재광위원,김재광 위원,이주,1969-03,0
김재광위원,김재광 위원,이주,1969-04,0
김재광위원,김재광 위원,이주,1969-05,0
김재광위원,김재광 위원,이주,1969-06,0
김재광위원,김재광 위원,이주,1969-07,0
김재광위원,김재광 위원,이주,1969-08,1
김재광위원,김재광 위원,이주,1969-09,0
김재광위원,김재광 위원,이주,1969-11,0
김재광위원,김재광 위원,이주,1969-12,0
김재광위원,김재광 위원,이주,1970-01,0
김재광위원,김재광 위원,이주,1970-02,0
김재광위원,김재광 위원,이주,1970-03,0
김재광위원,김재광 위원,이주,1970-04,0
김재광위원,김재광 위원,이주,1970-05,1
김재광위원,김재광 위원,이주,1970-06,0
김재광위원,김재광 위원,이주,1970-07,0
김재광위원,김재광 위원,이주,1970-08,0
김재광위원,김재광 위원,이주,1970-09,2
김재광위원,김재광 위원,이주,1970-10,10
김재광위원,김재광 위원,이주,1970-11,2
김재광위원,김재광 위원,이주,1970-12,2
김재광위원,김재광 위원,이주,1971-01,0
김재광위원,김재광 위원,이주,1971-07,0
김재광위원,김재광 위원,이주,1971-08,0
김재광위원,김재광 위원,이주,1971-09,0
김재광위원,김재광 위원,이주,1971-10,0
김재광위원,김재광 위원,이주,1971-11,0
김재광위원,김재광 위원,이주,1971-12,0
김재광위원,김재광 위원,이주,1972-01,0
김재광위원,김재광 위원,이주,1972-07,0
김재광위원,김재광 위원,이주,1972-08,0
김재광위원,김재광 위원,이주,1972-09,0
김재광위원,김재광 위원,이주,1972-10,0
김재광위원,김재광 위원,이주,1973-05,0
김재광위원,김재광 위원,이주,1973-06,0
김재광위원,김재광 위원,이주,1973-09,0
김재광위원,김재광 위원,이주,1974-08,0
김재광위원,김재광 위원,이주,1974-10,0
김재광위원,김재광 위원,이주,1975-11,0
김재광위원,김재광 위원,이주,1976-12,0
김재광위원,김재광 위원,이주,1978-11,0
김은하위원,김은하 위원,이주,1963-12,0
김은하위원,김은하 위원,이주,1964-01,0
김은하위원,김은하 위원,이주,1964-02,0
김은하위원,김은하 위원,이주,1964-03,1
김은하위원,김은하 위원,이주,1964-04,0
김은하위원,김은하 위원,이주,1964-05,0
김은하위원,김은하 위원,이주,1964-06,0
김은하위원,김은하 위원,이주,1964-07,1
김은하위원,김은하 위원,이주,1964-08,0
김은하위원,김은하 위원,이주,1964-09,0
김은하위원,김은하 위원,이주,1964-10,0
김은하위원,김은하 위원,이주,1964-11,4
김은하위원,김은하 위원,이주,1964-12,1
김은하위원,김은하 위원,이주,1965-01,0
김은하위원,김은하 위원,이주,1965-02,0
김은하위원,김은하 위원,이주,1965-03,1
김은하위원,김은하 위원,이주,1965-04,0
김은하위원,김은하 위원,이주,1965-05,0
김은하위원,김은하 위원,이주,1965-06,0
김은하위원,김은하 위원,이주,1965-07,0
김은하위원,김은하 위원,이주,1965-08,0
김은하위원,김은하 위원,이주,1965-09,0
김은하위원,김은하 위원,이주,1965-10,0
김은하위원,김은하 위원,이주,1965-11,1
김은하위원,김은하 위원,이주,1965-12,0
김은하위원,김은하 위원,이주,1966-01,0
김은하위원,김은하 위원,이주,1966-02,0
김은하위원,김은하 위원,이주,1966-03,0
김은하위원,김은하 위원,이주,1966-04,0
김은하위원,김은하 위원,이주,1966-05,0
김은하위원,김은하 위원,이주,1966-06,0
김은하위원,김은하 위원,이주,1966-07,0
김은하위원,김은하 위원,이주,1966-08,0
김은하위원,김은하 위원,이주,1966-09,0
김은하위원,김은하 위원,이주,1966-10,0
김은하위원,김은하 위원,이주,1966-11,0
김은하위원,김은하 위원,이주,1966-12,4
김은하위원,김은하 위원,이주,1967-01,0
김은하위원,김은하 위원,이주,1967-02,0
김은하위원,김은하 위원,이주,1967-03,0
김은하위원,김은하 위원,이주,1967-07,0
김은하위원,김은하 위원,이주,1967-10,0
김은하위원,김은하 위원,이주,1967-11,0
김은하위원,김은하 위원,이주,1967-12,0
김은하위원,김은하 위원,이주,1968-01,0
김은하위원,김은하 위원,이주,1968-02,0
김은하위원,김은하 위원,이주,1968-03,0
김은하위원,김은하 위원,이주,1968-04,0
김은하위원,김은하 위원,이주,1968-05,0
김은하위원,김은하 위원,이주,1968-06,1
김은하위원,김은하 위원,이주,1968-07,0
김은하위원,김은하 위원,이주,1968-08,0
김은하위원,김은하 위원,이주,1968-09,0
김은하위원,김은하 위원,이주,1968-10,3
김은하위원,김은하 위원,이주,1968-11,0
김은하위원,김은하 위원,이주,1968-12,0
김은하위원,김은하 위원,이주,1969-01,0
김은하위원,김은하 위원,이주,1969-02,0
김은하위원,김은하 위원,이주,1969-03,0
김은하위원,김은하 위원,이주,1969-04,1
김은하위원,김은하 위원,이주,1969-05,0
김은하위원,김은하 위원,이주,1969-06,0
김은하위원,김은하 위원,이주,1969-07,0
김은하위원,김은하 위원,이주,1969-08,0
김은하위원,김은하 위원,이주,1969-09,0
김은하위원,김은하 위원,이주,1969-11,0
김은하위원,김은하 위원,이주,1969-12,0
김은하위원,김은하 위원,이주,1970-01,0
김은하위원,김은하 위원,이주,1970-02,0
김은하위원,김은하 위원,이주,1970-03,0
김은하위원,김은하 위원,이주,1970-04,0
김은하위원,김은하 위원,이주,1970-05,0
김은하위원,김은하 위원,이주,1970-06,0
김은하위원,김은하 위원,이주,1970-07,0
김은하위원,김은하 위원,이주,1970-08,0
김은하위원,김은하 위원,이주,1970-09,0
김은하위원,김은하 위원,이주,1970-10,1
김은하위원,김은하 위원,이주,1970-11,1
김은하위원,김은하 위원,이주,1970-12,0
김은하위원,김은하 위원,이주,1971-01,0
김은하위원,김은하 위원,이주,1971-07,0
김은하위원,김은하 위원,이주,1971-08,0
김은하위원,김은하 위원,이주,1971-09,0
김은하위원,김은하 위원,이주,1971-10,0
김은하위원,김은하 위원,이주,1971-11,0
김은하위원,김은하 위원,이주,1971-12,0
김은하위원,김은하 위원,이주,1972-01,0
김은하위원,김은하 위원,이주,1972-07,0
김은하위원,김은하 위원,이주,1972-08,0
김은하위원,김은하 위원,이주,1972-09,0
김은하위원,김은하 위원,이주,1972-10,0
김은하위원,김은하 위원,이주,1973-05,0
김은하위원,김은하 위원,이주,1973-06,0
김은하위원,김은하 위원,이주,1973-09,0
김은하위원,김은하 위원,이주,1974-08,0
김은하위원,김은하 위원,이주,1974-10,0
김은하위원,김은하 위원,이주,1975-11,0
김은하위원,김은하 위원,이주,1976-12,0
김은하위원,김은하 위원,이주,1978-11,0
상공부장관박충훈,상공부장관 박충훈,이주,1963-12,0
상공부장관박충훈,상공부장관 박충훈,이주,1964-01,0
상공부장관박충훈,상공부장관 박충훈,이주,1964-02,0
상공부장관박충훈,상공부장관 박충훈,이주,1964-03,0
상공부장관박충훈,상공부장관 박충훈,이주,1964-04,0
상공부장관박충훈,상공부장관 박충훈,이주,1964-05,4
상공부장관박충훈,상공부장관 박충훈,이주,1964-06,1
상공부장관박충훈,상공부장관 박충훈,이주,1964-07,1
상공부장관박충훈,상공부장관 박충훈,이주,1964-08,0
상공부장관박충훈,상공부장관 박충훈,이주,1964-09,2
상공부장관박충훈,상공부장관 박충훈,이주,1964-10,2
상공부장관박충훈,상공부장관 박충훈,이주,1964-11,0
상공부장관박충훈,상공부장관 박충훈,이주,1964-12,0
상공부장관박충훈,상공부장관 박충훈,이주,1965-01,0
상공부장관박충훈,상공부장관 박충훈,이주,1965-02,0
상공부장관박충훈,상공부장관 박충훈,이주,1965-03,0
상공부장관박충훈,상공부장관 박충훈,이주,1965-04,0
상공부장관박충훈,상공부장관 박충훈,이주,1965-05,1
상공부장관박충훈,상공부장관 박충훈,이주,1965-06,2
상공부장관박충훈,상공부장관 박충훈,이주,1965-07,0
상공부장관박충훈,상공부장관 박충훈,이주,1965-08,0
상공부장관박충훈,상공부장관 박충훈,이주,1965-09,0
상공부장관박충훈,상공부장관 박충훈,이주,1965-10,1
상공부장관박충훈,상공부장관 박충훈,이주,1965-11,2
상공부장관박충훈,상공부장관 박충훈,이주,1965-12,0
상공부장관박충훈,상공부장관 박충훈,이주,1966-01,1
상공부장관박충훈,상공부장관 박충훈,이주,1966-02,2
상공부장관박충훈,상공부장관 박충훈,이주,1966-03,2
상공부장관박충훈,상공부장관 박충훈,이주,1966-04,1
상공부장관박충훈,상공부장관 박충훈,이주,1966-05,0
상공부장관박충훈,상공부장관 박충훈,이주,1966-06,0
상공부장관박충훈,상공부장관 박충훈,이주,1966-07,2
상공부장관박충훈,상공부장관 박충훈,이주,1966-08,1
상공부장관박충훈,상공부장관 박충훈,이주,1966-09,1
상공부장관박충훈,상공부장관 박충훈,이주,1966-10,4
상공부장관박충훈,상공부장관 박충훈,이주,1966-11,4
상공부장관박충훈,상공부장관 박충훈,이주,1966-12,1
상공부장관박충훈,상공부장관 박충훈,이주,1967-01,1
상공부장관박충훈,상공부장관 박충훈,이주,1967-02,0
상공부장관박충훈,상공부장관 박충훈,이주,1967-03,0
상공부장관박충훈,상공부장관 박충훈,이주,1967-07,0
상공부장관박충훈,상공부장관 박충훈,이주,1967-10,0
상공부장관박충훈,상공부장관 박충훈,이주,1967-11,0
상공부장관박충훈,상공부장관 박충훈,이주,1967-12,0
상공부장관박충훈,상공부장관 박충훈,이주,1968-01,0
상공부장관박충훈,상공부장관 박충훈,이주,1968-02,0
상공부장관박충훈,상공부장관 박충훈,이주,1968-03,0
상공부장관박충훈,상공부장관 박충훈,이주,1968-04,0
상공부장관박충훈,상공부장관 박충훈,이주,1968-05,0
상공부장관박충훈,상공부장관 박충훈,이주,1968-06,0
상공부장관박충훈,상공부장관 박충훈,이주,1968-07,0
상공부장관박충훈,상공부장관 박충훈,이주,1968-08,0
상공부장관박충훈,상공부장관 박충훈,이주,1968-09,0
상공부장관박충훈,상공부장관 박충훈,이주,1968-10,0
상공부장관박충훈,상공부장관 박충훈,이주,1968-11,0
상공부장관박충훈,상공부장관 박충훈,이주,1968-12,0
상공부장관박충훈,상공부장관 박충훈,이주,1969-01,0
상공부장관박충훈,상공부장관 박충훈,이주,1969-02,0
상공부장관박충훈,상공부장관 박충훈,이주,1969-03,0
상공부장관박충훈,상공부장관 박충훈,이주,1969-04,0
상공부장관박충훈,상공부장관 박충훈,이주,1969-05,0
상공부장관박충훈,상공부장관 박충훈,이주,1969-06,0
상공부장관박충훈,상공부장관 박충훈,이주,1969-07,0
상공부장관박충훈,상공부장관 박충훈,이주,1969-08,0
상공부장관박충훈,상공부장관 박충훈,이주,1969-09,0
상공부장관박충훈,상공부장관 박충훈,이주,1969-11,0
상공부장관박충훈,상공부장관 박충훈,이주,1969-12,0
상공부장관박충훈,상공부장관 박충훈,이주,1970-01,0
상공부장관박충훈,상공부장관 박충훈,이주,1970-02,0
상공부장관박충훈,상공부장관 박충훈,이주,1970-03,0
상공부장관박충훈,상공부장관 박충훈,이주,1970-04,0
상공부장관박충훈,상공부장관 박충훈,이주,1970-05,0
상공부장관박충훈,상공부장관 박충훈,이주,1970-06,0
상공부장관박충훈,상공부장관 박충훈,이주,1970-07,0
상공부장관박충훈,상공부장관 박충훈,이주,1970-08,0
상공부장관박충훈,상공부장관 박충훈,이주,1970-09,0
상공부장관박충훈,상공부장관 박충훈,이주,1970-10,0
상공부장관박충훈,상공부장관 박충훈,이주,1970-11,0
상공부장관박충훈,상공부장관 박충훈,이주,1970-12,0
상공부장관박충훈,상공부장관 박충훈,이주,1971-01,0
상공부장관박충훈,상공부장관 박충훈,이주,1971-07,0
상공부장관박충훈,상공부장관 박충훈,이주,1971-08,0
상공부장관박충훈,상공부장관 박충훈,이주,1971-09,0
상공부장관박충훈,상공부장관 박충훈,이주,1971-10,0
상공부장관박충훈,상공부장관 박충훈,이주,1971-11,0
상공부장관박충훈,상공부장관 박충훈,이주,1971-12,0
상공부장관박충훈,상공부장관 박충훈,이주,1972-01,0
상공부장관박충훈,상공부장관 박충훈,이주,1972-07,0
상공부장관박충훈,상공부장관 박충훈,이주,1972-08,0
상공부장관박충훈,상공부장관 박충훈,이주,1972-09,0
상공부장관박충훈,상공부장관 박충훈,이주,1972-10,0
상공부장관박충훈,상공부장관 박충훈,이주,1973-05,0
상공부장관박충훈,상공부장관 박충훈,이주,1973-06,0
상공부장관박충훈,상공부장관 박충훈,이주,1973-09,0
상공부장관박충훈,상공부장관 박충훈,이주,1974-08,0
상공부장관박충훈,상공부장관 박충훈,이주,1974-10,0
상공부장관박충훈,상공부장관 박충훈,이주,1975-11,0
상공부장관박충훈,상공부장관 박충훈,이주,1976-12,0
상공부장관박충훈,상공부장관 박충훈,이주,1978-11,0
상공부장관김정렴,상공부장관 김정렴,이주,1963-12,0
상공부장관김정렴,상공부장관 김정렴,이주,1964-01,0
상공부장관김정렴,상공부장관 김정렴,이주,1964-02,0
상공부장관김정렴,상공부장관 김정렴,이주,1964-03,0
상공부장관김정렴,상공부장관 김정렴,이주,1964-04,0
상공부장관김정렴,상공부장관 김정렴,이주,1964-05,0
상공부장관김정렴,상공부장관 김정렴,이주,1964-06,0
상공부장관김정렴,상공부장관 김정렴,이주,1964-07,0
상공부장관김정렴,상공부장관 김정렴,이주,1964-08,0
상공부장관김정렴,상공부장관 김정렴,이주,1964-09,0
상공부장관김정렴,상공부장관 김정렴,이주,1964-10,0
상공부장관김정렴,상공부장관 김정렴,이주,1964-11,0
상공부장관김정렴,상공부장관 김정렴,이주,1964-12,0
상공부장관김정렴,상공부장관 김정렴,이주,1965-01,0
상공부장관김정렴,상공부장관 김정렴,이주,1965-02,0
상공부장관김정렴,상공부장관 김정렴,이주,1965-03,0
상공부장관김정렴,상공부장관 김정렴,이주,1965-04,0
상공부장관김정렴,상공부장관 김정렴,이주,1965-05,0
상공부장관김정렴,상공부장관 김정렴,이주,1965-06,0
상공부장관김정렴,상공부장관 김정렴,이주,1965-07,0
상공부장관김정렴,상공부장관 김정렴,이주,1965-08,0
상공부장관김정렴,상공부장관 김정렴,이주,1965-09,0
상공부장관김정렴,상공부장관 김정렴,이주,1965-10,0
상공부장관김정렴,상공부장관 김정렴,이주,1965-11,0
상공부장관김정렴,상공부장관 김정렴,이주,1965-12,0
상공부장관김정렴,상공부장관 김정렴,이주,1966-01,0
상공부장관김정렴,상공부장관 김정렴,이주,1966-02,0
상공부장관김정렴,상공부장관 김정렴,이주,1966-03,0
상공부장관김정렴,상공부장관 김정렴,이주,1966-04,0
상공부장관김정렴,상공부장관 김정렴,이주,1966-05,0
상공부장관김정렴,상공부장관 김정렴,이주,1966-06,0
상공부장관김정렴,상공부장관 김정렴,이주,1966-07,0
상공부장관김정렴,상공부장관 김정렴,이주,1966-08,0
상공부장관김정렴,상공부장관 김정렴,이주,1966-09,0
상공부장관김정렴,상공부장관 김정렴,이주,1966-10,0
상공부장관김정렴,상공부장관 김정렴,이주,1966-11,0
상공부장관김정렴,상공부장관 김정렴,이주,1966-12,0
상공부장관김정렴,상공부장관 김정렴,이주,1967-01,0
상공부장관김정렴,상공부장관 김정렴,이주,1967-02,0
상공부장관김정렴,상공부장관 김정렴,이주,1967-03,0
상공부장관김정렴,상공부장관 김정렴,이주,1967-07,0
상공부장관김정렴,상공부장관 김정렴,이주,1967-10,1
상공부장관김정렴,상공부장관 김정렴,이주,1967-11,1
상공부장관김정렴,상공부장관 김정렴,이주,1967-12,8
상공부장관김정렴,상공부장관 김정렴,이주,1968-01,0
상공부장관김정렴,상공부장관 김정렴,이주,1968-02,2
상공부장관김정렴,상공부장관 김정렴,이주,1968-03,0
상공부장관김정렴,상공부장관 김정렴,이주,1968-04,1
상공부장관김정렴,상공부장관 김정렴,이주,1968-05,0
상공부장관김정렴,상공부장관 김정렴,이주,1968-06,3
상공부장관김정렴,상공부장관 김정렴,이주,1968-07,0
상공부장관김정렴,상공부장관 김정렴,이주,1968-08,0
상공부장관김정렴,상공부장관 김정렴,이주,1968-09,0
상공부장관김정렴,상공부장관 김정렴,이주,1968-10,13
상공부장관김정렴,상공부장관 김정렴,이주,1968-11,0
상공부장관김정렴,상공부장관 김정렴,이주,1968-12,2
상공부장관김정렴,상공부장관 김정렴,이주,1969-01,0
상공부장관김정렴,상공부장관 김정렴,이주,1969-02,0
상공부장관김정렴,상공부장관 김정렴,이주,1969-03,0
상공부장관김정렴,상공부장관 김정렴,이주,1969-04,2
상공부장관김정렴,상공부장관 김정렴,이주,1969-05,0
상공부장관김정렴,상공부장관 김정렴,이주,1969-06,0
상공부장관김정렴,상공부장관 김정렴,이주,1969-07,2
상공부장관김정렴,상공부장관 김정렴,이주,1969-08,0
상공부장관김정렴,상공부장관 김정렴,이주,1969-09,0
상공부장관김정렴,상공부장관 김정렴,이주,1969-11,0
상공부장관김정렴,상공부장관 김정렴,이주,1969-12,0
상공부장관김정렴,상공부장관 김정렴,이주,1970-01,0
상공부장관김정렴,상공부장관 김정렴,이주,1970-02,0
상공부장관김정렴,상공부장관 김정렴,이주,1970-03,0
상공부장관김정렴,상공부장관 김정렴,이주,1970-04,0
상공부장관김정렴,상공부장관 김정렴,이주,1970-05,0
상공부장관김정렴,상공부장관 김정렴,이주,1970-06,0
상공부장관김정렴,상공부장관 김정렴,이주,1970-07,0
상공부장관김정렴,상공부장관 김정렴,이주,1970-08,0
상공부장관김정렴,상공부장관 김정렴,이주,1970-09,0
상공부장관김정렴,상공부장관 김정렴,이주,1970-10,0
상공부장관김정렴,상공부장관 김정렴,이주,1970-11,0
상공부장관김정렴,상공부장관 김정렴,이주,1970-12,0
상공부장관김정렴,상공부장관 김정렴,이주,1971-01,0
상공부장관김정렴,상공부장관 김정렴,이주,1971-07,0
상공부장관김정렴,상공부장관 김정렴,이주,1971-08,0
상공부장관김정렴,상공부장관 김정렴,이주,1971-09,0
상공부장관김정렴,상공부장관 김정렴,이주,1971-10,0
상공부장관김정렴,상공부장관 김정렴,이주,1971-11,0
상공부장관김정렴,상공부장관 김정렴,이주,1971-12,0
상공부장관김정렴,상공부장관 김정렴,이주,1972-01,0
상공부장관김정렴,상공부장관 김정렴,이주,1972-07,0
상공부장관김정렴,상공부장관 김정렴,이주,1972-08,0
상공부장관김정렴,상공부장관 김정렴,이주,1972-09,0
상공부장관김정렴,상공부장관 김정렴,이주,1972-10,0
상공부장관김정렴,상공부장관 김정렴,이주,1973-05,0
상공부장관김정렴,상공부장관 김정렴,이주,1973-06,0
상공부장관김정렴,상공부장관 김정렴,이주,1973-09,0
상공부장관김정렴,상공부장관 김정렴,이주,1974-08,0
상공부장관김정렴,상공부장관 김정렴,이주,1974-10,0
상공부장관김정렴,상공부장관 김정렴,이주,1975-11,0
상공부장관김정렴,상공부장관 김정렴,이주,1976-12,0
상공부장관김정렴,상공부장관 김정렴,이주,1978-11,0
출석정부위원,출석 정부위원,이주,1963-12,0
출석정부위원,출석 정부위원,이주,1964-01,0
출석정부위원,출석 정부위원,이주,1964-02,0
출석정부위원,출석 정부위원,이주,1964-03,0
출석정부위원,출석 정부위원,이주,1964-04,0
출석정부위원,출석 정부위원,이주,1964-05,0
출석정부위원,출석 정부위원,이주,1964-06,0
출석정부위원,출석 정부위원,이주,1964-07,0
출석정부위원,출석 정부위원,이주,1964-08,0
출석정부위원,출석 정부위원,이주,1964-09,0
출석정부위원,출석 정부위원,이주,1964-10,0
출석정부위원,출석 정부위원,이주,1964-11,0
출석정부위원,출석 정부위원,이주,1964-12,0
출석정부위원,출석 정부위원,이주,1965-01,0
출석정부위원,출석 정부위원,이주,1965-02,0
출석정부위원,출석 정부위원,이주,1965-03,0
출석정부위원,출석 정부위원,이주,1965-04,2
출석정부위원,출석 정부위원,이주,1965-05,0
출석정부위원,출석 정부위원,이주,1965-06,0
출석정부위원,출석 정부위원,이주,1965-07,0
출석정부위원,출석 정부위원,이주,1965-08,0
출석정부위원,출석 정부위원,이주,1965-09,0
출석정부위원,출석 정부위원,이주,1965-10,0
출석정부위원,출석 정부위원,이주,1965-11,0
출석정부위원,출석 정부위원,이주,1965-12,0
출석정부위원,출석 정부위원,이주,1966-01,0
출석정부위원,출석 정부위원,이주,1966-02,0
출석정부위원,출석 정부위원,이주,1966-03,0
출석정부위원,출석 정부위원,이주,1966-04,0
출석정부위원,출석 정부위원,이주,1966-05,0
출석정부위원,출석 정부위원,이주,1966-06,0
출석정부위원,출석 정부위원,이주,1966-07,0
출석정부위원,출석 정부위원,이주,1966-08,0
출석정부위원,출석 정부위원,이주,1966-09,0
출석정부위원,출석 정부위원,이주,1966-10,0
출석정부위원,출석 정부위원,이주,1966-11,0
출석정부위원,출석 정부위원,이주,1966-12,0
출석정부위원,출석 정부위원,이주,1967-01,0
출석정부위원,출석 정부위원,이주,1967-02,0
출석정부위원,출석 정부위원,이주,1967-03,0
출석정부위원,출석 정부위원,이주,1967-07,0
출석정부위원,출석 정부위원,이주,1967-10,0
출석정부위원,출석 정부위원,이주,1967-11,0
출석정부위원,출석 정부위원,이주,1967-12,0
출석정부위원,출석 정부위원,이주,1968-01,0
출석정부위원,출석 정부위원,이주,1968-02,0
출석정부위원,출석 정부위원,이주,1968-03,0
출석정부위원,출석 정부위원,이주,1968-04,0
출석정부위원,출석 정부위원,이주,1968-05,0
출석정부위원,출석 정부위원,이주,1968-06,1
출석정부위원,출석 정부위원,이주,1968-07,0
출석정부위원,출석 정부위원,이주,1968-08,0
출석정부위원,출석 정부위원,이주,1968-09,0
출석정부위원,출석 정부위원,이주,1968-10,0
출석정부위원,출석 정부위원,이주,1968-11,0
출석정부위원,출석 정부위원,이주,1968-12,0
출석정부위원,출석 정부위원,이주,1969-01,0
출석정부위원,출석 정부위원,이주,1969-02,0
출석정부위원,출석 정부위원,이주,1969-03,0
출석정부위원,출석 정부위원,이주,1969-04,0
출석정부위원,출석 정부위원,이주,1969-05,0
출석정부위원,출석 정부위원,이주,1969-06,0
출석정부위원,출석 정부위원,이주,1969-07,0
출석정부위원,출석 정부위원,이주,1969-08,0
출석정부위원,출석 정부위원,이주,1969-09,0
출석정부위원,출석 정부위원,이주,1969-11,0
출석정부위원,출석 정부위원,이주,1969-12,0
출석정부위원,출석 정부위원,이주,1970-01,0
출석정부위원,출석 정부위원,이주,1970-02,0
출석정부위원,출석 정부위원,이주,1970-03,0
출석정부위원,출석 정부위원,이주,1970-04,0
출석정부위원,출석 정부위원,이주,1970-05,0
출석정부위원,출석 정부위원,이주,1970-06,0
출석정부위원,출석 정부위원,이주,1970-07,0
출석정부위원,출석 정부위원,이주,1970-08,0
출석정부위원,출석 정부위원,이주,1970-09,0
출석정부위원,출석 정부위원,이주,1970-10,0
출석정부위원,출석 정부위원,이주,1970-11,0
출석정부위원,출석 정부위원,이주,1970-12,0
출석정부위원,출석 정부위원,이주,1971-01,0
출석정부위원,출석 정부위원,이주,1971-07,0
출석정부위원,출석 정부위원,이주,1971-08,0
출석정부위원,출석 정부위원,이주,1971-09,0
출석정부위원,출석 정부위원,이주,1971-10,0
출석정부위원,출석 정부위원,이주,1971-11,0
출석정부위원,출석 정부위원,이주,1971-12,0
출석정부위원,출석 정부위원,이주,1972-01,0
출석정부위원,출석 정부위원,이주,1972-07,0
출석정부위원,출석 정부위원,이주,1972-08,0
출석정부위원,출석 정부위원,이주,1972-09,0
출석정부위원,출석 정부위원,이주,1972-10,0
출석정부위원,출석 정부위원,이주,1973-05,0
출석정부위원,출석 정부위원,이주,1973-06,0
출석정부위원,출석 정부위원,이주,1973-09,0
출석정부위원,출석 정부위원,이주,1974-08,0
출석정부위원,출석 정부위원,이주,1974-10,0
출석정부위원,출석 정부위원,이주,1975-11,0
출석정부위원,출석 정부위원,이주,1976-12,0
출석정부위원,출석 정부위원,이주,1978-11,0
노재필위원,노재필 위원,이주,1963-12,0
노재필위원,노재필 위원,이주,1964-01,0
노재필위원,노재필 위원,이주,1964-02,2
노재필위원,노재필 위원,이주,1964-03,0
노재필위원,노재필 위원,이주,1964-04,0
노재필위원,노재필 위원,이주,1964-05,0
노재필위원,노재필 위원,이주,1964-06,0
노재필위원,노재필 위원,이주,1964-07,1
노재필위원,노재필 위원,이주,1964-08,1
노재필위원,노재필 위원,이주,1964-09,0
노재필위원,노재필 위원,이주,1964-10,1
노재필위원,노재필 위원,이주,1964-11,2
노재필위원,노재필 위원,이주,1964-12,4
노재필위원,노재필 위원,이주,1965-01,0
노재필위원,노재필 위원,이주,1965-02,0
노재필위원,노재필 위원,이주,1965-03,1
노재필위원,노재필 위원,이주,1965-04,0
노재필위원,노재필 위원,이주,1965-05,0
노재필위원,노재필 위원,이주,1965-06,0
노재필위원,노재필 위원,이주,1965-07,0
노재필위원,노재필 위원,이주,1965-08,0
노재필위원,노재필 위원,이주,1965-09,0
노재필위원,노재필 위원,이주,1965-10,0
노재필위원,노재필 위원,이주,1965-11,0
노재필위원,노재필 위원,이주,1965-12,0
노재필위원,노재필 위원,이주,1966-01,0
노재필위원,노재필 위원,이주,1966-02,0
노재필위원,노재필 위원,이주,1966-03,0
노재필위원,노재필 위원,이주,1966-04,1
노재필위원,노재필 위원,이주,1966-05,2
노재필위원,노재필 위원,이주,1966-06,1
노재필위원,노재필 위원,이주,1966-07,0
노재필위원,노재필 위원,이주,1966-08,0
노재필위원,노재필 위원,이주,1966-09,1
노재필위원,노재필 위원,이주,1966-10,0
노재필위원,노재필 위원,이주,1966-11,0
노재필위원,노재필 위원,이주,1966-12,3
노재필위원,노재필 위원,이주,1967-01,0
노재필위원,노재필 위원,이주,1967-02,0
노재필위원,노재필 위원,이주,1967-03,0
노재필위원,노재필 위원,이주,1967-07,0
노재필위원,노재필 위원,이주,1967-10,1
노재필위원,노재필 위원,이주,1967-11,0
노재필위원,노재필 위원,이주,1967-12,1
노재필위원,노재필 위원,이주,1968-01,0
노재필위원,노재필 위원,이주,1968-02,0
노재필위원,노재필 위원,이주,1968-03,0
노재필위원,노재필 위원,이주,1968-04,1
노재필위원,노재필 위원,이주,1968-05,0
노재필위원,노재필 위원,이주,1968-06,4
노재필위원,노재필 위원,이주,1968-07,0
노재필위원,노재필 위원,이주,1968-08,0
노재필위원,노재필 위원,이주,1968-09,1
노재필위원,노재필 위원,이주,1968-10,1
노재필위원,노재필 위원,이주,1968-11,0
노재필위원,노재필 위원,이주,1968-12,0
노재필위원,노재필 위원,이주,1969-01,0
노재필위원,노재필 위원,이주,1969-02,0
노재필위원,노재필 위원,이주,1969-03,0
노재필위원,노재필 위원,이주,1969-04,1
노재필위원,노재필 위원,이주,1969-05,0
노재필위원,노재필 위원,이주,1969-06,0
노재필위원,노재필 위원,이주,1969-07,1
노재필위원,노재필 위원,이주,1969-08,0
노재필위원,노재필 위원,이주,1969-09,0
노재필위원,노재필 위원,이주,1969-11,0
노재필위원,노재필 위원,이주,1969-12,0
노재필위원,노재필 위원,이주,1970-01,0
노재필위원,노재필 위원,이주,1970-02,0
노재필위원,노재필 위원,이주,1970-03,0
노재필위원,노재필 위원,이주,1970-04,0
노재필위원,노재필 위원,이주,1970-05,0
노재필위원,노재필 위원,이주,1970-06,0
노재필위원,노재필 위원,이주,1970-07,0
노재필위원,노재필 위원,이주,1970-08,0
노재필위원,노재필 위원,이주,1970-09,0
노재필위원,노재필 위원,이주,1970-10,0
노재필위원,노재필 위원,이주,1970-11,0
노재필위원,노재필 위원,이주,1970-12,0
노재필위원,노재필 위원,이주,1971-01,0
노재필위원,노재필 위원,이주,1971-07,0
노재필위원,노재필 위원,이주,1971-08,0
노재필위원,노재필 위원,이주,1971-09,0
노재필위원,노재필 위원,이주,1971-10,0
노재필위원,노재필 위원,이주,1971-11,0
노재필위원,노재필 위원,이주,1971-12,0
노재필위원,노재필 위원,이주,1972-01,0
노재필위원,노재필 위원,이주,1972-07,0
노재필위원,노재필 위원,이주,1972-08,0
노재필위원,노재필 위원,이주,1972-09,0
노재필위원,노재필 위원,이주,1972-10,0
노재필위원,노재필 위원,이주,1973-05,0
노재필위원,노재필 위원,이주,1973-06,0
노재필위원,노재필 위원,이주,1973-09,0
노재필위원,노재필 위원,이주,1974-08,0
노재필위원,노재필 위원,이주,1974-10,0
노재필위원,노재필 위원,이주,1975-11,0
노재필위원,노재필 위원,이주,1976-12,0
노재필위원,노재필 위원,이주,1978-11,0
경제기획원장관장기영,경제기획원장관 장기영,외국인,1963-12,0
경제기획원장관장기영,경제기획원장관 장기영,외국인,1964-01,0
경제기획원장관장기영,경제기획원장관 장기영,외국인,1964-02,0
경제기획원장관장기영,경제기획원장관 장기영,외국인,1964-03,0
경제기획원장관장기영,경제기획원장관 장기영,외국인,1964-04,0
경제기획원장관장기영,경제기획원장관 장기영,외국인,1964-05,0
경제기획원장관장기영,경제기획원장관 장기영,외국인,1964-06,1
경제기획원장관장기영,경제기획원장관 장기영,외국인,1964-07,0
경제기획원장관장기영,경제기획원장관 장기영,외국인,1964-08,0
경제기획원장관장기영,경제기획원장관 장기영,외국인,1964-09,0
경제기획원장관장기영,경제기획원장관 장기영,외국인,1964-10,0
경제기획원장관장기영,경제기획원장관 장기영,외국인,1964-11,3
경제기획원장관장기영,경제기획원장관 장기영,외국인,1964-12,0
경제기획원장관장기영,경제기획원장관 장기영,외국인,1965-01,0
경제기획원장관장기영,경제기획원장관 장기영,외국인,1965-02,0
경제기획원장관장기영,경제기획원장관 장기영,외국인,1965-03,1
경제기획원장관장기영,경제기획원장관 장기영,외국인,1965-04,0
경제기획원장관장기영,경제기획원장관 장기영,외국인,1965-05,0
경제기획원장관장기영,경제기획원장관 장기영,외국인,1965-06,0
경제기획원장관장기영,경제기획원장관 장기영,외국인,1965-07,0
경제기획원장관장기영,경제기획원장관 장기영,외국인,1965-08,0
경제기획원장관장기영,경제기획원장관 장기영,외국인,1965-09,0
경제기획원장관장기영,경제기획원장관 장기영,외국인,1965-10,0
경제기획원장관장기영,경제기획원장관 장기영,외국인,1965-11,0
경제기획원장관장기영,경제기획원장관 장기영,외국인,1965-12,1
경제기획원장관장기영,경제기획원장관 장기영,외국인,1966-01,0
경제기획원장관장기영,경제기획원장관 장기영,외국인,1966-02,1
경제기획원장관장기영,경제기획원장관 장기영,외국인,1966-03,1
경제기획원장관장기영,경제기획원장관 장기영,외국인,1966-04,1
경제기획원장관장기영,경제기획원장관 장기영,외국인,1966-05,0
경제기획원장관장기영,경제기획원장관 장기영,외국인,1966-06,0
경제기획원장관장기영,경제기획원장관 장기영,외국인,1966-07,0
경제기획원장관장기영,경제기획원장관 장기영,외국인,1966-08,0
경제기획원장관장기영,경제기획원장관 장기영,외국인,1966-09,1
경제기획원장관장기영,경제기획원장관 장기영,외국인,1966-10,3
경제기획원장관장기영,경제기획원장관 장기영,외국인,1966-11,5
경제기획원장관장기영,경제기획원장관 장기영,외국인,1966-12,0
경제기획원장관장기영,경제기획원장관 장기영,외국인,1967-01,0
경제기획원장관장기영,경제기획원장관 장기영,외국인,1967-02,0
경제기획원장관장기영,경제기획원장관 장기영,외국인,1967-03,0
경제기획원장관장기영,경제기획원장관 장기영,외국인,1967-07,0
경제기획원장관장기영,경제기획원장관 장기영,외국인,1967-10,0
경제기획원장관장기영,경제기획원장관 장기영,외국인,1967-11,0
경제기획원장관장기영,경제기획원장관 장기영,외국인,1967-12,0
경제기획원장관장기영,경제기획원장관 장기영,외국인,1968-01,0
경제기획원장관장기영,경제기획원장관 장기영,외국인,1968-02,0
경제기획원장관장기영,경제기획원장관 장기영,외국인,1968-03,0
경제기획원장관장기영,경제기획원장관 장기영,외국인,1968-04,0
경제기획원장관장기영,경제기획원장관 장기영,외국인,1968-05,0
경제기획원장관장기영,경제기획원장관 장기영,외국인,1968-06,0
경제기획원장관장기영,경제기획원장관 장기영,외국인,1968-07,0
경제기획원장관장기영,경제기획원장관 장기영,외국인,1968-08,0
경제기획원장관장기영,경제기획원장관 장기영,외국인,1968-09,0
경제기획원장관장기영,경제기획원장관 장기영,외국인,1968-10,0
경제기획원장관장기영,경제기획원장관 장기영,외국인,1968-11,0
경제기획원장관장기영,경제기획원장관 장기영,외국인,1968-12,0
경제기획원장관장기영,경제기획원장관 장기영,외국인,1969-01,0
경제기획원장관장기영,경제기획원장관 장기영,외국인,1969-02,0
경제기획원장관장기영,경제기획원장관 장기영,외국인,1969-03,0
경제기획원장관장기영,경제기획원장관 장기영,외국인,1969-04,0
경제기획원장관장기영,경제기획원장관 장기영,외국인,1969-05,0
경제기획원장관장기영,경제기획원장관 장기영,외국인,1969-06,0
경제기획원장관장기영,경제기획원장관 장기영,외국인,1969-07,0
경제기획원장관장기영,경제기획원장관 장기영,외국인,1969-08,0
경제기획원장관장기영,경제기획원장관 장기영,외국인,1969-09,0
경제기획원장관장기영,경제기획원장관 장기영,외국인,1969-11,0
경제기획원장관장기영,경제기획원장관 장기영,외국인,1969-12,0
경제기획원장관장기영,경제기획원장관 장기영,외국인,1970-01,0
경제기획원장관장기영,경제기획원장관 장기영,외국인,1970-02,0
경제기획원장관장기영,경제기획원장관 장기영,외국인,1970-03,0
경제기획원장관장기영,경제기획원장관 장기영,외국인,1970-04,0
경제기획원장관장기영,경제기획원장관 장기영,외국인,1970-05,0
경제기획원장관장기영,경제기획원장관 장기영,외국인,1970-06,0
경제기획원장관장기영,경제기획원장관 장기영,외국인,1970-07,0
경제기획원장관장기영,경제기획원장관 장기영,외국인,1970-08,0
경제기획원장관장기영,경제기획원장관 장기영,외국인,1970-09,0
경제기획원장관장기영,경제기획원장관 장기영,외국인,1970-10,0
경제기획원장관장기영,경제기획원장관 장기영,외국인,1970-11,0
경제기획원장관장기영,경제기획원장관 장기영,외국인,1970-12,0
경제기획원장관장기영,경제기획원장관 장기영,외국인,1971-01,0
경제기획원장관장기영,경제기획원장관 장기영,외국인,1971-07,0
경제기획원장관장기영,경제기획원장관 장기영,외국인,1971-08,0
경제기획원장관장기영,경제기획원장관 장기영,외국인,1971-09,0
경제기획원장관장기영,경제기획원장관 장기영,외국인,1971-10,0
경제기획원장관장기영,경제기획원장관 장기영,외국인,1971-11,0
경제기획원장관장기영,경제기획원장관 장기영,외국인,1971-12,0
경제기획원장관장기영,경제기획원장관 장기영,외국인,1972-01,0
경제기획원장관장기영,경제기획원장관 장기영,외국인,1972-07,0
경제기획원장관장기영,경제기획원장관 장기영,외국인,1972-08,0
경제기획원장관장기영,경제기획원장관 장기영,외국인,1972-09,0
경제기획원장관장기영,경제기획원장관 장기영,외국인,1972-10,0
경제기획원장관장기영,경제기획원장관 장기영,외국인,1973-05,0
경제기획원장관장기영,경제기획원장관 장기영,외국인,1973-06,0
경제기획원장관장기영,경제기획원장관 장기영,외국인,1973-09,0
경제기획원장관장기영,경제기획원장관 장기영,외국인,1974-08,0
경제기획원장관장기영,경제기획원장관 장기영,외국인,1974-10,0
경제기획원장관장기영,경제기획원장관 장기영,외국인,1975-11,0
경제기획원장관장기영,경제기획원장관 장기영,외국인,1976-12,0
경제기획원장관장기영,경제기획원장관 장기영,외국인,1978-11,0
고흥문위원,고흥문 위원,외국인,1963-12,0
고흥문위원,고흥문 위원,외국인,1964-01,1
고흥문위원,고흥문 위원,외국인,1964-02,3
고흥문위원,고흥문 위원,외국인,1964-03,0
고흥문위원,고흥문 위원,외국인,1964-04,2
고흥문위원,고흥문 위원,외국인,1964-05,1
고흥문위원,고흥문 위원,외국인,1964-06,1
고흥문위원,고흥문 위원,외국인,1964-07,0
고흥문위원,고흥문 위원,외국인,1964-08,0
고흥문위원,고흥문 위원,외국인,1964-09,0
고흥문위원,고흥문 위원,외국인,1964-10,1
고흥문위원,고흥문 위원,외국인,1964-11,1
고흥문위원,고흥문 위원,외국인,1964-12,0
고흥문위원,고흥문 위원,외국인,1965-01,0
고흥문위원,고흥문 위원,외국인,1965-02,0
고흥문위원,고흥문 위원,외국인,1965-03,0
고흥문위원,고흥문 위원,외국인,1965-04,0
고흥문위원,고흥문 위원,외국인,1965-05,0
고흥문위원,고흥문 위원,외국인,1965-06,0
고흥문위원,고흥문 위원,외국인,1965-07,0
고흥문위원,고흥문 위원,외국인,1965-08,0
고흥문위원,고흥문 위원,외국인,1965-09,0
고흥문위원,고흥문 위원,외국인,1965-10,0
고흥문위원,고흥문 위원,외국인,1965-11,3
고흥문위원,고흥문 위원,외국인,1965-12,0
고흥문위원,고흥문 위원,외국인,1966-01,0
고흥문위원,고흥문 위원,외국인,1966-02,0
고흥문위원,고흥문 위원,외국인,1966-03,0
고흥문위원,고흥문 위원,외국인,1966-04,3
고흥문위원,고흥문 위원,외국인,1966-05,0
고흥문위원,고흥문 위원,외국인,1966-06,0
고흥문위원,고흥문 위원,외국인,1966-07,0
고흥문위원,고흥문 위원,외국인,1966-08,0
고흥문위원,고흥문 위원,외국인,1966-09,0
고흥문위원,고흥문 위원,외국인,1966-10,0
고흥문위원,고흥문 위원,외국인,1966-11,4
고흥문위원,고흥문 위원,외국인,1966-12,0
고흥문위원,고흥문 위원,외국인,1967-01,0
고흥문위원,고흥문 위원,외국인,1967-02,0
고흥문위원,고흥문 위원,외국인,1967-03,0
고흥문위원,고흥문 위원,외국인,1967-07,0
고흥문위원,고흥문 위원,외국인,1967-10,0
고흥문위원,고흥문 위원,외국인,1967-11,0
고흥문위원,고흥문 위원,외국인,1967-12,2
고흥문위원,고흥문 위원,외국인,1968-01,0
고흥문위원,고흥문 위원,외국인,1968-02,0
고흥문위원,고흥문 위원,외국인,1968-03,0
고흥문위원,고흥문 위원,외국인,1968-04,0
고흥문위원,고흥문 위원,외국인,1968-05,0
고흥문위원,고흥문 위원,외국인,1968-06,3
고흥문위원,고흥문 위원,외국인,1968-07,0
고흥문위원,고흥문 위원,외국인,1968-08,0
고흥문위원,고흥문 위원,외국인,1968-09,2
고흥문위원,고흥문 위원,외국인,1968-10,0
고흥문위원,고흥문 위원,외국인,1968-11,0
고흥문위원,고흥문 위원,외국인,1968-12,0
고흥문위원,고흥문 위원,외국인,1969-01,0
고흥문위원,고흥문 위원,외국인,1969-02,0
고흥문위원,고흥문 위원,외국인,1969-03,0
고흥문위원,고흥문 위원,외국인,1969-04,2
고흥문위원,고흥문 위원,외국인,1969-05,0
고흥문위원,고흥문 위원,외국인,1969-06,0
고흥문위원,고흥문 위원,외국인,1969-07,0
고흥문위원,고흥문 위원,외국인,1969-08,2
고흥문위원,고흥문 위원,외국인,1969-09,0
고흥문위원,고흥문 위원,외국인,1969-11,0
고흥문위원,고흥문 위원,외국인,1969-12,0
고흥문위원,고흥문 위원,외국인,1970-01,0
고흥문위원,고흥문 위원,외국인,1970-02,0
고흥문위원,고흥문 위원,외국인,1970-03,0
고흥문위원,고흥문 위원,외국인,1970-04,0
고흥문위원,고흥문 위원,외국인,1970-05,0
고흥문위원,고흥문 위원,외국인,1970-06,0
고흥문위원,고흥문 위원,외국인,1970-07,0
고흥문위원,고흥문 위원,외국인,1970-08,0
고흥문위원,고흥문 위원,외국인,1970-09,1
고흥문위원,고흥문 위원,외국인,1970-10,3
고흥문위원,고흥문 위원,외국인,1970-11,1
고흥문위원,고흥문 위원,외국인,1970-12,0
고흥문위원,고흥문 위원,외국인,1971-01,0
고흥문위원,고흥문 위원,외국인,1971-07,0
고흥문위원,고흥문 위원,외국인,1971-08,0
고흥문위원,고흥문 위원,외국인,1971-09,0
고흥문위원,고흥문 위원,외국인,1971-10,0
고흥문위원,고흥문 위원,외국인,1971-11,0
고흥문위원,고흥문 위원,외국인,1971-12,0
고흥문위원,고흥문 위원,외국인,1972-01,0
고흥문위원,고흥문 위원,외국인,1972-07,0
고흥문위원,고흥문 위원,외국인,1972-08,0
고흥문위원,고흥문 위원,외국인,1972-09,0
고흥문위원,고흥문 위원,외국인,1972-10,0
고흥문위원,고흥문 위원,외국인,1973-05,0
고흥문위원,고흥문 위원,외국인,1973-06,0
고흥문위원,고흥문 위원,외국인,1973-09,0
고흥문위원,고흥문 위원,외국인,1974-08,0
고흥문위원,고흥문 위원,외국인,1974-10,0
고흥문위원,고흥문 위원,외국인,1975-11,0
고흥문위원,고흥문 위원,외국인,1976-12,0
고흥문위원,고흥문 위원,외국인,1978-11,0
김대중위원,김대중 위원,외국인,1963-12,0
김대중위원,김대중 위원,외국인,1964-01,0
김대중위원,김대중 위원,외국인,1964-02,0
김대중위원,김대중 위원,외국인,1964-03,0
김대중위원,김대중 위원,외국인,1964-04,4
김대중위원,김대중 위원,외국인,1964-05,1
김대중위원,김대중 위원,외국인,1964-06,0
김대중위원,김대중 위원,외국인,1964-07,0
김대중위원,김대중 위원,외국인,1964-08,0
김대중위원,김대중 위원,외국인,1964-09,0
김대중위원,김대중 위원,외국인,1964-10,2
김대중위원,김대중 위원,외국인,1964-11,11
김대중위원,김대중 위원,외국인,1964-12,0
김대중위원,김대중 위원,외국인,1965-01,0
김대중위원,김대중 위원,외국인,1965-02,0
김대중위원,김대중 위원,외국인,1965-03,1
김대중위원,김대중 위원,외국인,1965-04,0
김대중위원,김대중 위원,외국인,1965-05,0
김대중위원,김대중 위원,외국인,1965-06,1
김대중위원,김대중 위원,외국인,1965-07,0
김대중위원,김대중 위원,외국인,1965-08,0
김대중위원,김대중 위원,외국인,1965-09,0
김대중위원,김대중 위원,외국인,1965-10,0
김대중위원,김대중 위원,외국인,1965-11,6
김대중위원,김대중 위원,외국인,1965-12,1
김대중위원,김대중 위원,외국인,1966-01,0
김대중위원,김대중 위원,외국인,1966-02,1
김대중위원,김대중 위원,외국인,1966-03,0
김대중위원,김대중 위원,외국인,1966-04,0
김대중위원,김대중 위원,외국인,1966-05,0
김대중위원,김대중 위원,외국인,1966-06,3
김대중위원,김대중 위원,외국인,1966-07,0
김대중위원,김대중 위원,외국인,1966-08,0
김대중위원,김대중 위원,외국인,1966-09,0
김대중위원,김대중 위원,외국인,1966-10,3
김대중위원,김대중 위원,외국인,1966-11,7
김대중위원,김대중 위원,외국인,1966-12,7
김대중위원,김대중 위원,외국인,1967-01,0
김대중위원,김대중 위원,외국인,1967-02,0
김대중위원,김대중 위원,외국인,1967-03,1
김대중위원,김대중 위원,외국인,1967-07,0
김대중위원,김대중 위원,외국인,1967-10,0
김대중위원,김대중 위원,외국인,1967-11,0
김대중위원,김대중 위원,외국인,1967-12,0
김대중위원,김대중 위원,외국인,1968-01,0
김대중위원,김대중 위원,외국인,1968-02,0
김대중위원,김대중 위원,외국인,1968-03,1
김대중위원,김대중 위원,외국인,1968-04,2
김대중위원,김대중 위원,외국인,1968-05,0
김대중위원,김대중 위원,외국인,1968-06,4
김대중위원,김대중 위원,외국인,1968-07,0
김대중위원,김대중 위원,외국인,1968-08,0
김대중위원,김대중 위원,외국인,1968-09,0
김대중위원,김대중 위원,외국인,1968-10,2
김대중위원,김대중 위원,외국인,1968-11,5
김대중위원,김대중 위원,외국인,1968-12,0
김대중위원,김대중 위원,외국인,1969-01,0
김대중위원,김대중 위원,외국인,1969-02,0
김대중위원,김대중 위원,외국인,1969-03,0
김대중위원,김대중 위원,외국인,1969-04,0
김대중위원,김대중 위원,외국인,1969-05,0
김대중위원,김대중 위원,외국인,1969-06,0
김대중위원,김대중 위원,외국인,1969-07,1
김대중위원,김대중 위원,외국인,1969-08,0
김대중위원,김대중 위원,외국인,1969-09,0
김대중위원,김대중 위원,외국인,1969-11,0
김대중위원,김대중 위원,외국인,1969-12,0
김대중위원,김대중 위원,외국인,1970-01,0
김대중위원,김대중 위원,외국인,1970-02,0
김대중위원,김대중 위원,외국인,1970-03,0
김대중위원,김대중 위원,외국인,1970-04,0
김대중위원,김대중 위원,외국인,1970-05,0
김대중위원,김대중 위원,외국인,1970-06,1
김대중위원,김대중 위원,외국인,1970-07,2
김대중위원,김대중 위원,외국인,1970-08,0
김대중위원,김대중 위원,외국인,1970-09,0
김대중위원,김대중 위원,외국인,1970-10,0
김대중위원,김대중 위원,외국인,1970-11,0
김대중위원,김대중 위원,외국인,1970-12,0
김대중위원,김대중 위원,외국인,1971-01,0
김대중위원,김대중 위원,외국인,1971-07,0
김대중위원,김대중 위원,외국인,1971-08,0
김대중위원,김대중 위원,외국인,1971-09,0
김대중위원,김대중 위원,외국인,1971-10,0
김대중위원,김대중 위원,외국인,1971-11,0
김대중위원,김대중 위원,외국인,1971-12,0
김대중위원,김대중 위원,외국인,1972-01,0
김대중위원,김대중 위원,외국인,1972-07,0
김대중위원,김대중 위원,외국인,1972-08,0
김대중위원,김대중 위원,외국인,1972-09,0
김대중위원,김대중 위원,외국인,1972-10,0
김대중위원,김대중 위원,외국인,1973-05,0
김대중위원,김대중 위원,외국인,1973-06,0
김대중위원,김대중 위원,외국인,1973-09,0
김대중위원,김대중 위원,외국인,1974-08,0
김대중위원,김대중 위원,외국인,1974-10,0
김대중위원,김대중 위원,외국인,1975-11,0
김대중위원,김대중 위원,외국인,1976-12,0
김대중위원,김대중 위원,외국인,1978-11,0
기타참석자,기타 참석자,외국인,1963-12,0
기타참석자,기타 참석자,외국인,1964-01,0
기타참석자,기타 참석자,외국인,1964-02,0
기타참석자,기타 참석자,외국인,1964-03,0
기타참석자,기타 참석자,외국인,1964-04,0
기타참석자,기타 참석자,외국인,1964-05,0
기타참석자,기타 참석자,외국인,1964-06,0
기타참석자,기타 참석자,외국인,1964-07,0
기타참석자,기타 참석자,외국인,1964-08,0
기타참석자,기타 참석자,외국인,1964-09,0
기타참석자,기타 참석자,외국인,1964-10,0
기타참석자,기타 참석자,외국인,1964-11,1
기타참석자,기타 참석자,외국인,1964-12,0
기타참석자,기타 참석자,외국인,1965-01,0
기타참석자,기타 참석자,외국인,1965-02,0
기타참석자,기타 참석자,외국인,1965-03,0
기타참석자,기타 참석자,외국인,1965-04,0
기타참석자,기타 참석자,외국인,1965-05,0
기타참석자,기타 참석자,외국인,1965-06,1
기타참석자,기타 참석자,외국인,1965-07,0
기타참석자,기타 참석자,외국인,1965-08,0
기타참석자,기타 참석자,외국인,1965-09,0
기타참석자,기타 참석자,외국인,1965-10,0
기타참석자,기타 참석자,외국인,1965-11,0
기타참석자,기타 참석자,외국인,1965-12,0
기타참석자,기타 참석자,외국인,1966-01,0
기타참석자,기타 참석자,외국인,1966-02,0
기타참석자,기타 참석자,외국인,1966-03,0
기타참석자,기타 참석자,외국인,1966-04,0
기타참석자,기타 참석자,외국인,1966-05,0
기타참석자,기타 참석자,외국인,1966-06,0
기타참석자,기타 참석자,외국인,1966-07,0
기타참석자,기타 참석자,외국인,1966-08,0
기타참석자,기타 참석자,외국인,1966-09,0
기타참석자,기타 참석자,외국인,1966-10,0
기타참석자,기타 참석자,외국인,1966-11,0
기타참석자,기타 참석자,외국인,1966-12,0
기타참석자,기타 참석자,외국인,1967-01,0
기타참석자,기타 참석자,외국인,1967-02,0
기타참석자,기타 참석자,외국인,1967-03,0
기타참석자,기타 참석자,외국인,1967-07,0
기타참석자,기타 참석자,외국인,1967-10,0
기타참석자,기타 참석자,외국인,1967-11,0
기타참석자,기타 참석자,외국인,1967-12,0
기타참석자,기타 참석자,외국인,1968-01,0
기타참석자,기타 참석자,외국인,1968-02,0
기타참석자,기타 참석자,외국인,1968-03,0
기타참석자,기타 참석자,외국인,1968-04,0
기타참석자,기타 참석자,외국인,1968-05,0
기타참석자,기타 참석자,외국인,1968-06,0
기타참석자,기타 참석자,외국인,1968-07,0
기타참석자,기타 참석자,외국인,1968-08,0
기타참석자,기타 참석자,외국인,1968-09,0
기타참석자,기타 참석자,외국인,1968-10,0
기타참석자,기타 참석자,외국인,1968-11,0
기타참석자,기타 참석자,외국인,1968-12,0
기타참석자,기타 참석자,외국인,1969-01,0
기타참석자,기타 참석자,외국인,1969-02,0
기타참석자,기타 참석자,외국인,1969-03,0
기타참석자,기타 참석자,외국인,1969-04,0
기타참석자,기타 참석자,외국인,1969-05,0
기타참석자,기타 참석자,외국인,1969-06,0
기타참석자,기타 참석자,외국인,1969-07,0
기타참석자,기타 참석자,외국인,1969-08,0
기타참석자,기타 참석자,외국인,1969-09,0
기타참석자,기타 참석자,외국인,1969-11,0
기타참석자,기타 참석자,외국인,1969-12,0
기타참석자,기타 참석자,외국인,1970-01,0
기타참석자,기타 참석자,외국인,1970-02,0
기타참석자,기타 참석자,외국인,1970-03,0
기타참석자,기타 참석자,외국인,1970-04,0
기타참석자,기타 참석자,외국인,1970-05,0
기타참석자,기타 참석자,외국인,1970-06,0
기타참석자,기타 참석자,외국인,1970-07,0
기타참석자,기타 참석자,외국인,1970-08,0
기타참석자,기타 참석자,외국인,1970-09,0
기타참석자,기타 참석자,외국인,1970-10,0
기타참석자,기타 참석자,외국인,1970-11,2
기타참석자,기타 참석자,외국인,1970-12,0
기타참석자,기타 참석자,외국인,1971-01,0
기타참석자,기타 참석자,외국인,1971-07,0
기타참석자,기타 참석자,외국인,1971-08,0
기타참석자,기타 참석자,외국인,1971-09,0
기타참석자,기타 참석자,외국인,1971-10,0
기타참석자,기타 참석자,외국인,1971-11,0
기타참석자,기타 참석자,외국인,1971-12,0
기타참석자,기타 참석자,외국인,1972-01,0
기타참석자,기타 참석자,외국인,1972-07,0
기타참석자,기타 참석자,외국인,1972-08,0
기타참석자,기타 참석자,외국인,1972-09,0
기타참석자,기타 참석자,외국인,1972-10,0
기타참석자,기타 참석자,외국인,1973-05,0
기타참석자,기타 참석자,외국인,1973-06,0
기타참석자,기타 참석자,외국인,1973-09,0
기타참석자,기타 참석자,외국인,1974-08,0
기타참석자,기타 참석자,외국인,1974-10,0
기타참석자,기타 참석자,외국인,1975-11,0
기타참석자,기타 참석자,외국인,1976-12,0
기타참석자,기타 참석자,외국인,1978-11,0
이충환위원,이충환 위원,외국인,1963-12,0
이충환위원,이충환 위원,외국인,1964-01,0
이충환위원,이충환 위원,외국인,1964-02,0
이충환위원,이충환 위원,외국인,1964-03,1
이충환위원,이충환 위원,외국인,1964-04,0
이충환위원,이충환 위원,외국인,1964-05,1
이충환위원,이충환 위원,외국인,1964-06,0
이충환위원,이충환 위원,외국인,1964-07,1
이충환위원,이충환 위원,외국인,1964-08,0
이충환위원,이충환 위원,외국인,1964-09,0
이충환위원,이충환 위원,외국인,1964-10,2
이충환위원,이충환 위원,외국인,1964-11,4
이충환위원,이충환 위원,외국인,1964-12,0
이충환위원,이충환 위원,외국인,1965-01,0
이충환위원,이충환 위원,외국인,1965-02,0
이충환위원,이충환 위원,외국인,1965-03,0
이충환위원,이충환 위원,외국인,1965-04,0
이충환위원,이충환 위원,외국인,1965-05,0
이충환위원,이충환 위원,외국인,1965-06,0
이충환위원,이충환 위원,외국인,1965-07,0
이충환위원,이충환 위원,외국인,1965-08,0
이충환위원,이충환 위원,외국인,1965-09,0
이충환위원,이충환 위원,외국인,1965-10,0
이충환위원,이충환 위원,외국인,1965-11,5
이충환위원,이충환 위원,외국인,1965-12,0
이충환위원,이충환 위원,외국인,1966-01,0
이충환위원,이충환 위원,외국인,1966-02,0
이충환위원,이충환 위원,외국인,1966-03,1
이충환위원,이충환 위원,외국인,1966-04,0
이충환위원,이충환 위원,외국인,1966-05,0
이충환위원,이충환 위원,외국인,1966-06,0
이충환위원,이충환 위원,외국인,1966-07,0
이충환위원,이충환 위원,외국인,1966-08,0
이충환위원,이충환 위원,외국인,1966-09,0
이충환위원,이충환 위원,외국인,1966-10,4
이충환위원,이충환 위원,외국인,1966-11,1
이충환위원,이충환 위원,외국인,1966-12,1
이충환위원,이충환 위원,외국인,1967-01,0
이충환위원,이충환 위원,외국인,1967-02,0
이충환위원,이충환 위원,외국인,1967-03,0
이충환위원,이충환 위원,외국인,1967-07,0
이충환위원,이충환 위원,외국인,1967-10,0
이충환위원,이충환 위원,외국인,1967-11,0
이충환위원,이충환 위원,외국인,1967-12,0
이충환위원,이충환 위원,외국인,1968-01,0
이충환위원,이충환 위원,외국인,1968-02,0
이충환위원,이충환 위원,외국인,1968-03,0
이충환위원,이충환 위원,외국인,1968-04,0
이충환위원,이충환 위원,외국인,1968-05,0
이충환위원,이충환 위원,외국인,1968-06,0
이충환위원,이충환 위원,외국인,1968-07,0
이충환위원,이충환 위원,외국인,1968-08,0
이충환위원,이충환 위원,외국인,1968-09,0
이충환위원,이충환 위원,외국인,1968-10,0
이충환위원,이충환 위원,외국인,1968-11,0
이충환위원,이충환 위원,외국인,1968-12,0
이충환위원,이충환 위원,외국인,1969-01,0
이충환위원,이충환 위원,외국인,1969-02,0
이충환위원,이충환 위원,외국인,1969-03,0
이충환위원,이충환 위원,외국인,1969-04,0
이충환위원,이충환 위원,외국인,1969-05,0
이충환위원,이충환 위원,외국인,1969-06,0
이충환위원,이충환 위원,외국인,1969-07,0
이충환위원,이충환 위원,외국인,1969-08,0
이충환위원,이충환 위원,외국인,1969-09,0
이충환위원,이충환 위원,외국인,1969-11,0
이충환위원,이충환 위원,외국인,1969-12,0
이충환위원,이충환 위원,외국인,1970-01,0
이충환위원,이충환 위원,외국인,1970-02,0
이충환위원,이충환 위원,외국인,1970-03,0
이충환위원,이충환 위원,외국인,1970-04,0
이충환위원,이충환 위원,외국인,1970-05,0
이충환위원,이충환 위원,외국인,1970-06,0
이충환위원,이충환 위원,외국인,1970-07,0
이충환위원,이충환 위원,외국인,1970-08,0
이충환위원,이충환 위원,외국인,1970-09,0
이충환위원,이충환 위원,외국인,1970-10,0
이충환위원,이충환 위원,외국인,1970-11,0
이충환위원,이충환 위원,외국인,1970-12,0
이충환위원,이충환 위원,외국인,1971-01,0
이충환위원,이충환 위원,외국인,1971-07,0
이충환위원,이충환 위원,외국인,1971-08,0
이충환위원,이충환 위원,외국인,1971-09,0
이충환위원,이충환 위원,외국인,1971-10,0
이충환위원,이충환 위원,외국인,1971-11,0
이충환위원,이충환 위원,외국인,1971-12,0
이충환위원,이충환 위원,외국인,1972-01,0
이충환위원,이충환 위원,외국인,1972-07,0
이충환위원,이충환 위원,외국인,1972-08,0
이충환위원,이충환 위원,외국인,1972-09,0
이충환위원,이충환 위원,외국인,1972-10,0
이충환위원,이충환 위원,외국인,1973-05,0
이충환위원,이충환 위원,외국인,1973-06,0
이충환위원,이충환 위원,외국인,1973-09,0
이충환위원,이충환 위원,외국인,1974-08,0
이충환위원,이충환 위원,외국인,1974-10,0
이충환위원,이충환 위원,외국인,1975-11,0
이충환위원,이충환 위원,외국인,1976-12,0
이충환위원,이충환 위원,외국인,1978-11,0
위원장양순직,위원장 양순직,외국인,1963-12,0
위원장양순직,위원장 양순직,외국인,1964-01,0
위원장양순직,위원장 양순직,외국인,1964-02,0
위원장양순직,위원장 양순직,외국인,1964-03,0
위원장양순직,위원장 양순직,외국인,1964-04,0
위원장양순직,위원장 양순직,외국인,1964-05,0
위원장양순직,위원장 양순직,외국인,1964-06,0
위원장양순직,위원장 양순직,외국인,1964-07,0
위원장양순직,위원장 양순직,외국인,1964-08,0
위원장양순직,위원장 양순직,외국인,1964-09,0
위원장양순직,위원장 양순직,외국인,1964-10,0
위원장양순직,위원장 양순직,외국인,1964-11,0
위원장양순직,위원장 양순직,외국인,1964-12,0
위원장양순직,위원장 양순직,외국인,1965-01,0
위원장양순직,위원장 양순직,외국인,1965-02,0
위원장양순직,위원장 양순직,외국인,1965-03,0
위원장양순직,위원장 양순직,외국인,1965-04,0
위원장양순직,위원장 양순직,외국인,1965-05,0
위원장양순직,위원장 양순직,외국인,1965-06,0
위원장양순직,위원장 양순직,외국인,1965-07,0
위원장양순직,위원장 양순직,외국인,1965-08,0
위원장양순직,위원장 양순직,외국인,1965-09,0
위원장양순직,위원장 양순직,외국인,1965-10,0
위원장양순직,위원장 양순직,외국인,1965-11,0
위원장양순직,위원장 양순직,외국인,1965-12,0
위원장양순직,위원장 양순직,외국인,1966-01,0
위원장양순직,위원장 양순직,외국인,1966-02,0
위원장양순직,위원장 양순직,외국인,1966-03,0
위원장양순직,위원장 양순직,외국인,1966-04,0
위원장양순직,위원장 양순직,외국인,1966-05,0
위원장양순직,위원장 양순직,외국인,1966-06,0
위원장양순직,위원장 양순직,외국인,1966-07,0
위원장양순직,위원장 양순직,외국인,1966-08,1
위원장양순직,위원장 양순직,외국인,1966-09,0
위원장양순직,위원장 양순직,외국인,1966-10,0
위원장양순직,위원장 양순직,외국인,1966-11,1
위원장양순직,위원장 양순직,외국인,1966-12,2
위원장양순직,위원장 양순직,외국인,1967-01,1
위원장양순직,위원장 양순직,외국인,1967-02,0
위원장양순직,위원장 양순직,외국인,1967-03,0
위원장양순직,위원장 양순직,외국인,1967-07,0
위원장양순직,위원장 양순직,외국인,1967-10,1
위원장양순직,위원장 양순직,외국인,1967-11,0
위원장양순직,위원장 양순직,외국인,1967-12,0
위원장양순직,위원장 양순직,외국인,1968-01,0
위원장양순직,위원장 양순직,외국인,1968-02,1
위원장양순직,위원장 양순직,외국인,1968-03,0
위원장양순직,위원장 양순직,외국인,1968-04,0
위원장양순직,위원장 양순직,외국인,1968-05,0
위원장양순직,위원장 양순직,외국인,1968-06,2
위원장양순직,위원장 양순직,외국인,1968-07,0
위원장양순직,위원장 양순직,외국인,1968-08,0
위원장양순직,위원장 양순직,외국인,1968-09,0
위원장양순직,위원장 양순직,외국인,1968-10,1
위원장양순직,위원장 양순직,외국인,1968-11,0
위원장양순직,위원장 양순직,외국인,1968-12,2
위원장양순직,위원장 양순직,외국인,1969-01,0
위원장양순직,위원장 양순직,외국인,1969-02,0
위원장양순직,위원장 양순직,외국인,1969-03,0
위원장양순직,위원장 양순직,외국인,1969-04,0
위원장양순직,위원장 양순직,외국인,1969-05,0
위원장양순직,위원장 양순직,외국인,1969-06,0
위원장양순직,위원장 양순직,외국인,1969-07,0
위원장양순직,위원장 양순직,외국인,1969-08,0
위원장양순직,위원장 양순직,외국인,1969-09,0
위원장양순직,위원장 양순직,외국인,1969-11,0
위원장양순직,위원장 양순직,외국인,1969-12,0
위원장양순직,위원장 양순직,외국인,1970-01,0
위원장양순직,위원장 양순직,외국인,1970-02,0
위원장양순직,위원장 양순직,외국인,1970-03,0
위원장양순직,위원장 양순직,외국인,1970-04,0
위원장양순직,위원장 양순직,외국인,1970-05,0
위원장양순직,위원장 양순직,외국인,1970-06,0
위원장양순직,위원장 양순직,외국인,1970-07,0
위원장양순직,위원장 양순직,외국인,1970-08,0
위원장양순직,위원장 양순직,외국인,1970-09,0
위원장양순직,위원장 양순직,외국인,1970-10,0
위원장양순직,위원장 양순직,외국인,1970-11,0
위원장양순직,위원장 양순직,외국인,1970-12,0
위원장양순직,위원장 양순직,외국인,1971-01,0
위원장양순직,위원장 양순직,외국인,1971-07,0
위원장양순직,위원장 양순직,외국인,1971-08,0
위원장양순직,위원장 양순직,외국인,1971-09,0
위원장양순직,위원장 양순직,외국인,1971-10,0
위원장양순직,위원장 양순직,외국인,1971-11,0
위원장양순직,위원장 양순직,외국인,1971-12,0
위원장양순직,위원장 양순직,외국인,1972-01,0
위원장양순직,위원장 양순직,외국인,1972-07,0
위원장양순직,위원장 양순직,외국인,1972-08,0
위원장양순직,위원장 양순직,외국인,1972-09,0
위원장양순직,위원장 양순직,외국인,1972-10,0
위원장양순직,위원장 양순직,외국인,1973-05,0
위원장양순직,위원장 양순직,외국인,1973-06,0
위원장양순직,위원장 양순직,외국인,1973-09,0
위원장양순직,위원장 양순직,외국인,1974-08,0
위원장양순직,위원장 양순직,외국인,1974-10,0
위원장양순직,위원장 양순직,외국인,1975-11,0
위원장양순직,위원장 양순직,외국인,1976-12,0
위원장양순직,위원장 양순직,외국인,1978-11,0
김재광위원,김재광 위원,외국인,1963-12,0
김재광위원,김재광 위원,외국인,1964-01,0
김재광위원,김재광 위원,외국인,1964-02,0
김재광위원,김재광 위원,외국인,1964-03,0
김재광위원,김재광 위원,외국인,1964-04,0
김재광위원,김재광 위원,외국인,1964-05,2
김재광위원,김재광 위원,외국인,1964-06,0
김재광위원,김재광 위원,외국인,1964-07,0
김재광위원,김재광 위원,외국인,1964-08,0
김재광위원,김재광 위원,외국인,1964-09,4
김재광위원,김재광 위원,외국인,1964-10,0
김재광위원,김재광 위원,외국인,1964-11,0
김재광위원,김재광 위원,외국인,1964-12,0
김재광위원,김재광 위원,외국인,1965-01,0
김재광위원,김재광 위원,외국인,1965-02,0
김재광위원,김재광 위원,외국인,1965-03,0
김재광위원,김재광 위원,외국인,1965-04,1
김재광위원,김재광 위원,외국인,1965-05,0
김재광위원,김재광 위원,외국인,1965-06,0
김재광위원,김재광 위원,외국인,1965-07,0
김재광위원,김재광 위원,외국인,1965-08,1
김재광위원,김재광 위원,외국인,1965-09,0
김재광위원,김재광 위원,외국인,1965-10,0
김재광위원,김재광 위원,외국인,1965-11,0
김재광위원,김재광 위원,외국인,1965-12,0
김재광위원,김재광 위원,외국인,1966-01,0
김재광위원,김재광 위원,외국인,1966-02,0
김재광위원,김재광 위원,외국인,1966-03,0
김재광위원,김재광 위원,외국인,1966-04,0
김재광위원,김재광 위원,외국인,1966-05,0
김재광위원,김재광 위원,외국인,1966-06,0
김재광위원,김재광 위원,외국인,1966-07,0
김재광위원,김재광 위원,외국인,1966-08,0
김재광위원,김재광 위원,외국인,1966-09,0
김재광위원,김재광 위원,외국인,1966-10,0
김재광위원,김재광 위원,외국인,1966-11,0
김재광위원,김재광 위원,외국인,1966-12,0
김재광위원,김재광 위원,외국인,1967-01,0
김재광위원,김재광 위원,외국인,1967-02,0
김재광위원,김재광 위원,외국인,1967-03,0
김재광위원,김재광 위원,외국인,1967-07,0
김재광위원,김재광 위원,외국인,1967-10,0
김재광위원,김재광 위원,외국인,1967-11,0
김재광위원,김재광 위원,외국인,1967-12,4
김재광위원,김재광 위원,외국인,1968-01,0
김재광위원,김재광 위원,외국인,1968-02,0
김재광위원,김재광 위원,외국인,1968-03,0
김재광위원,김재광 위원,외국인,1968-04,0
김재광위원,김재광 위원,외국인,1968-05,0
김재광위원,김재광 위원,외국인,1968-06,2
김재광위원,김재광 위원,외국인,1968-07,0
김재광위원,김재광 위원,외국인,1968-08,0
김재광위원,김재광 위원,외국인,1968-09,1
김재광위원,김재광 위원,외국인,1968-10,0
김재광위원,김재광 위원,외국인,1968-11,1
김재광위원,김재광 위원,외국인,1968-12,0
김재광위원,김재광 위원,외국인,1969-01,0
김재광위원,김재광 위원,외국인,1969-02,0
김재광위원,김재광 위원,외국인,1969-03,0
김재광위원,김재광 위원,외국인,1969-04,0
김재광위원,김재광 위원,외국인,1969-05,0
김재광위원,김재광 위원,외국인,1969-06,0
김재광위원,김재광 위원,외국인,1969-07,0
김재광위원,김재광 위원,외국인,1969-08,0
김재광위원,김재광 위원,외국인,1969-09,0
김재광위원,김재광 위원,외국인,1969-11,0
김재광위원,김재광 위원,외국인,1969-12,0
김재광위원,김재광 위원,외국인,1970-01,0
김재광위원,김재광 위원,외국인,1970-02,0
김재광위원,김재광 위원,외국인,1970-03,0
김재광위원,김재광 위원,외국인,1970-04,0
김재광위원,김재광 위원,외국인,1970-05,0
김재광위원,김재광 위원,외국인,1970-06,0
김재광위원,김재광 위원,외국인,1970-07,1
김재광위원,김재광 위원,외국인,1970-08,0
김재광위원,김재광 위원,외국인,1970-09,0
김재광위원,김재광 위원,외국인,1970-10,0
김재광위원,김재광 위원,외국인,1970-11,3
김재광위원,김재광 위원,외국인,1970-12,0
김재광위원,김재광 위원,외국인,1971-01,1
김재광위원,김재광 위원,외국인,1971-07,0
김재광위원,김재광 위원,외국인,1971-08,0
김재광위원,김재광 위원,외국인,1971-09,0
김재광위원,김재광 위원,외국인,1971-10,0
김재광위원,김재광 위원,외국인,1971-11,0
김재광위원,김재광 위원,외국인,1971-12,0
김재광위원,김재광 위원,외국인,1972-01,0
김재광위원,김재광 위원,외국인,1972-07,0
김재광위원,김재광 위원,외국인,1972-08,0
김재광위원,김재광 위원,외국인,1972-09,0
김재광위원,김재광 위원,외국인,1972-10,0
김재광위원,김재광 위원,외국인,1973-05,0
김재광위원,김재광 위원,외국인,1973-06,0
김재광위원,김재광 위원,외국인,1973-09,0
김재광위원,김재광 위원,외국인,1974-08,0
김재광위원,김재광 위원,외국인,1974-10,0
김재광위원,김재광 위원,외국인,1975-11,0
김재광위원,김재광 위원,외국인,1976-12,0
김재광위원,김재광 위원,외국인,1978-11,0
김은하위원,김은하 위원,외국인,1963-12,0
김은하위원,김은하 위원,외국인,1964-01,0
김은하위원,김은하 위원,외국인,1964-02,3
김은하위원,김은하 위원,외국인,1964-03,1
김은하위원,김은하 위원,외국인,1964-04,1
김은하위원,김은하 위원,외국인,1964-05,0
김은하위원,김은하 위원,외국인,1964-06,4
김은하위원,김은하 위원,외국인,1964-07,1
김은하위원,김은하 위원,외국인,1964-08,4
김은하위원,김은하 위원,외국인,1964-09,1
김은하위원,김은하 위원,외국인,1964-10,0
김은하위원,김은하 위원,외국인,1964-11,1
김은하위원,김은하 위원,외국인,1964-12,0
김은하위원,김은하 위원,외국인,1965-01,1
김은하위원,김은하 위원,외국인,1965-02,0
김은하위원,김은하 위원,외국인,1965-03,5
김은하위원,김은하 위원,외국인,1965-04,0
김은하위원,김은하 위원,외국인,1965-05,3
김은하위원,김은하 위원,외국인,1965-06,0
김은하위원,김은하 위원,외국인,1965-07,0
김은하위원,김은하 위원,외국인,1965-08,0
김은하위원,김은하 위원,외국인,1965-09,0
김은하위원,김은하 위원,외국인,1965-10,0
김은하위원,김은하 위원,외국인,1965-11,0
김은하위원,김은하 위원,외국인,1965-12,0
김은하위원,김은하 위원,외국인,1966-01,0
김은하위원,김은하 위원,외국인,1966-02,2
김은하위원,김은하 위원,외국인,1966-03,1
김은하위원,김은하 위원,외국인,1966-04,0
김은하위원,김은하 위원,외국인,1966-05,0
김은하위원,김은하 위원,외국인,1966-06,0
김은하위원,김은하 위원,외국인,1966-07,0
김은하위원,김은하 위원,외국인,1966-08,0
김은하위원,김은하 위원,외국인,1966-09,0
김은하위원,김은하 위원,외국인,1966-10,0
김은하위원,김은하 위원,외국인,1966-11,5
김은하위원,김은하 위원,외국인,1966-12,3
김은하위원,김은하 위원,외국인,1967-01,0
김은하위원,김은하 위원,외국인,1967-02,0
김은하위원,김은하 위원,외국인,1967-03,0
김은하위원,김은하 위원,외국인,1967-07,0
김은하위원,김은하 위원,외국인,1967-10,0
김은하위원,김은하 위원,외국인,1967-11,0
김은하위원,김은하 위원,외국인,1967-12,1
김은하위원,김은하 위원,외국인,1968-01,0
김은하위원,김은하 위원,외국인,1968-02,1
김은하위원,김은하 위원,외국인,1968-03,0
김은하위원,김은하 위원,외국인,1968-04,1
김은하위원,김은하 위원,외국인,1968-05,0
김은하위원,김은하 위원,외국인,1968-06,1
김은하위원,김은하 위원,외국인,1968-07,0
김은하위원,김은하 위원,외국인,1968-08,0
김은하위원,김은하 위원,외국인,1968-09,3
김은하위원,김은하 위원,외국인,1968-10,7
김은하위원,김은하 위원,외국인,1968-11,0
김은하위원,김은하 위원,외국인,1968-12,0
김은하위원,김은하 위원,외국인,1969-01,0
김은하위원,김은하 위원,외국인,1969-02,0
김은하위원,김은하 위원,외국인,1969-03,0
김은하위원,김은하 위원,외국인,1969-04,3
김은하위원,김은하 위원,외국인,1969-05,0
김은하위원,김은하 위원,외국인,1969-06,0
김은하위원,김은하 위원,외국인,1969-07,0
김은하위원,김은하 위원,외국인,1969-08,0
김은하위원,김은하 위원,외국인,1969-09,0
김은하위원,김은하 위원,외국인,1969-11,0
김은하위원,김은하 위원,외국인,1969-12,0
김은하위원,김은하 위원,외국인,1970-01,0
김은하위원,김은하 위원,외국인,1970-02,0
김은하위원,김은하 위원,외국인,1970-03,0
김은하위원,김은하 위원,외국인,1970-04,0
김은하위원,김은하 위원,외국인,1970-05,2
김은하위원,김은하 위원,외국인,1970-06,0
김은하위원,김은하 위원,외국인,1970-07,0
김은하위원,김은하 위원,외국인,1970-08,0
김은하위원,김은하 위원,외국인,1970-09,1
김은하위원,김은하 위원,외국인,1970-10,2
김은하위원,김은하 위원,외국인,1970-11,2
김은하위원,김은하 위원,외국인,1970-12,0
김은하위원,김은하 위원,외국인,1971-01,0
김은하위원,김은하 위원,외국인,1971-07,0
김은하위원,김은하 위원,외국인,1971-08,0
김은하위원,김은하 위원,외국인,1971-09,0
김은하위원,김은하 위원,외국인,1971-10,0
김은하위원,김은하 위원,외국인,1971-11,0
김은하위원,김은하 위원,외국인,1971-12,0
김은하위원,김은하 위원,외국인,1972-01,0
김은하위원,김은하 위원,외국인,1972-07,0
김은하위원,김은하 위원,외국인,1972-08,0
김은하위원,김은하 위원,외국인,1972-09,0
김은하위원,김은하 위원,외국인,1972-10,0
김은하위원,김은하 위원,외국인,1973-05,0
김은하위원,김은하 위원,외국인,1973-06,0
김은하위원,김은하 위원,외국인,1973-09,0
김은하위원,김은하 위원,외국인,1974-08,0
김은하위원,김은하 위원,외국인,1974-10,0
김은하위원,김은하 위원,외국인,1975-11,0
김은하위원,김은하 위원,외국인,1976-12,0
김은하위원,김은하 위원,외국인,1978-11,0
상공부장관박충훈,상공부장관 박충훈,외국인,1963-12,0
상공부장관박충훈,상공부장관 박충훈,외국인,1964-01,0
상공부장관박충훈,상공부장관 박충훈,외국인,1964-02,0
상공부장관박충훈,상공부장관 박충훈,외국인,1964-03,0
상공부장관박충훈,상공부장관 박충훈,외국인,1964-04,0
상공부장관박충훈,상공부장관 박충훈,외국인,1964-05,8
상공부장관박충훈,상공부장관 박충훈,외국인,1964-06,4
상공부장관박충훈,상공부장관 박충훈,외국인,1964-07,1
상공부장관박충훈,상공부장관 박충훈,외국인,1964-08,0
상공부장관박충훈,상공부장관 박충훈,외국인,1964-09,4
상공부장관박충훈,상공부장관 박충훈,외국인,1964-10,2
상공부장관박충훈,상공부장관 박충훈,외국인,1964-11,1
상공부장관박충훈,상공부장관 박충훈,외국인,1964-12,0
상공부장관박충훈,상공부장관 박충훈,외국인,1965-01,0
상공부장관박충훈,상공부장관 박충훈,외국인,1965-02,0
상공부장관박충훈,상공부장관 박충훈,외국인,1965-03,0
상공부장관박충훈,상공부장관 박충훈,외국인,1965-04,0
상공부장관박충훈,상공부장관 박충훈,외국인,1965-05,0
상공부장관박충훈,상공부장관 박충훈,외국인,1965-06,1
상공부장관박충훈,상공부장관 박충훈,외국인,1965-07,2
상공부장관박충훈,상공부장관 박충훈,외국인,1965-08,0
상공부장관박충훈,상공부장관 박충훈,외국인,1965-09,0
상공부장관박충훈,상공부장관 박충훈,외국인,1965-10,3
상공부장관박충훈,상공부장관 박충훈,외국인,1965-11,2
상공부장관박충훈,상공부장관 박충훈,외국인,1965-12,0
상공부장관박충훈,상공부장관 박충훈,외국인,1966-01,0
상공부장관박충훈,상공부장관 박충훈,외국인,1966-02,3
상공부장관박충훈,상공부장관 박충훈,외국인,1966-03,2
상공부장관박충훈,상공부장관 박충훈,외국인,1966-04,0
상공부장관박충훈,상공부장관 박충훈,외국인,1966-05,0
상공부장관박충훈,상공부장관 박충훈,외국인,1966-06,0
상공부장관박충훈,상공부장관 박충훈,외국인,1966-07,0
상공부장관박충훈,상공부장관 박충훈,외국인,1966-08,0
상공부장관박충훈,상공부장관 박충훈,외국인,1966-09,0
상공부장관박충훈,상공부장관 박충훈,외국인,1966-10,1
상공부장관박충훈,상공부장관 박충훈,외국인,1966-11,5
상공부장관박충훈,상공부장관 박충훈,외국인,1966-12,0
상공부장관박충훈,상공부장관 박충훈,외국인,1967-01,2
상공부장관박충훈,상공부장관 박충훈,외국인,1967-02,0
상공부장관박충훈,상공부장관 박충훈,외국인,1967-03,0
상공부장관박충훈,상공부장관 박충훈,외국인,1967-07,0
상공부장관박충훈,상공부장관 박충훈,외국인,1967-10,0
상공부장관박충훈,상공부장관 박충훈,외국인,1967-11,0
상공부장관박충훈,상공부장관 박충훈,외국인,1967-12,0
상공부장관박충훈,상공부장관 박충훈,외국인,1968-01,0
상공부장관박충훈,상공부장관 박충훈,외국인,1968-02,0
상공부장관박충훈,상공부장관 박충훈,외국인,1968-03,0
상공부장관박충훈,상공부장관 박충훈,외국인,1968-04,0
상공부장관박충훈,상공부장관 박충훈,외국인,1968-05,0
상공부장관박충훈,상공부장관 박충훈,외국인,1968-06,0
상공부장관박충훈,상공부장관 박충훈,외국인,1968-07,0
상공부장관박충훈,상공부장관 박충훈,외국인,1968-08,0
상공부장관박충훈,상공부장관 박충훈,외국인,1968-09,0
상공부장관박충훈,상공부장관 박충훈,외국인,1968-10,0
상공부장관박충훈,상공부장관 박충훈,외국인,1968-11,0
상공부장관박충훈,상공부장관 박충훈,외국인,1968-12,0
상공부장관박충훈,상공부장관 박충훈,외국인,1969-01,0
상공부장관박충훈,상공부장관 박충훈,외국인,1969-02,0
상공부장관박충훈,상공부장관 박충훈,외국인,1969-03,0
상공부장관박충훈,상공부장관 박충훈,외국인,1969-04,0
상공부장관박충훈,상공부장관 박충훈,외국인,1969-05,0
상공부장관박충훈,상공부장관 박충훈,외국인,1969-06,0
상공부장관박충훈,상공부장관 박충훈,외국인,1969-07,0
상공부장관박충훈,상공부장관 박충훈,외국인,1969-08,0
상공부장관박충훈,상공부장관 박충훈,외국인,1969-09,0
상공부장관박충훈,상공부장관 박충훈,외국인,1969-11,0
상공부장관박충훈,상공부장관 박충훈,외국인,1969-12,0
상공부장관박충훈,상공부장관 박충훈,외국인,1970-01,0
상공부장관박충훈,상공부장관 박충훈,외국인,1970-02,0
상공부장관박충훈,상공부장관 박충훈,외국인,1970-03,0
상공부장관박충훈,상공부장관 박충훈,외국인,1970-04,0
상공부장관박충훈,상공부장관 박충훈,외국인,1970-05,0
상공부장관박충훈,상공부장관 박충훈,외국인,1970-06,0
상공부장관박충훈,상공부장관 박충훈,외국인,1970-07,0
상공부장관박충훈,상공부장관 박충훈,외국인,1970-08,0
상공부장관박충훈,상공부장관 박충훈,외국인,1970-09,0
상공부장관박충훈,상공부장관 박충훈,외국인,1970-10,0
상공부장관박충훈,상공부장관 박충훈,외국인,1970-11,0
상공부장관박충훈,상공부장관 박충훈,외국인,1970-12,0
상공부장관박충훈,상공부장관 박충훈,외국인,1971-01,0
상공부장관박충훈,상공부장관 박충훈,외국인,1971-07,0
상공부장관박충훈,상공부장관 박충훈,외국인,1971-08,0
상공부장관박충훈,상공부장관 박충훈,외국인,1971-09,0
상공부장관박충훈,상공부장관 박충훈,외국인,1971-10,0
상공부장관박충훈,상공부장관 박충훈,외국인,1971-11,0
상공부장관박충훈,상공부장관 박충훈,외국인,1971-12,0
상공부장관박충훈,상공부장관 박충훈,외국인,1972-01,0
상공부장관박충훈,상공부장관 박충훈,외국인,1972-07,0
상공부장관박충훈,상공부장관 박충훈,외국인,1972-08,0
상공부장관박충훈,상공부장관 박충훈,외국인,1972-09,0
상공부장관박충훈,상공부장관 박충훈,외국인,1972-10,0
상공부장관박충훈,상공부장관 박충훈,외국인,1973-05,0
상공부장관박충훈,상공부장관 박충훈,외국인,1973-06,0
상공부장관박충훈,상공부장관 박충훈,외국인,1973-09,0
상공부장관박충훈,상공부장관 박충훈,외국인,1974-08,0
상공부장관박충훈,상공부장관 박충훈,외국인,1974-10,0
상공부장관박충훈,상공부장관 박충훈,외국인,1975-11,0
상공부장관박충훈,상공부장관 박충훈,외국인,1976-12,0
상공부장관박충훈,상공부장관 박충훈,외국인,1978-11,0
상공부장관김정렴,상공부장관 김정렴,외국인,1963-12,0
상공부장관김정렴,상공부장관 김정렴,외국인,1964-01,0
상공부장관김정렴,상공부장관 김정렴,외국인,1964-02,0
상공부장관김정렴,상공부장관 김정렴,외국인,1964-03,0
상공부장관김정렴,상공부장관 김정렴,외국인,1964-04,0
상공부장관김정렴,상공부장관 김정렴,외국인,1964-05,0
상공부장관김정렴,상공부장관 김정렴,외국인,1964-06,0
상공부장관김정렴,상공부장관 김정렴,외국인,1964-07,0
상공부장관김정렴,상공부장관 김정렴,외국인,1964-08,0
상공부장관김정렴,상공부장관 김정렴,외국인,1964-09,0
상공부장관김정렴,상공부장관 김정렴,외국인,1964-10,0
상공부장관김정렴,상공부장관 김정렴,외국인,1964-11,0
상공부장관김정렴,상공부장관 김정렴,외국인,1964-12,0
상공부장관김정렴,상공부장관 김정렴,외국인,1965-01,0
상공부장관김정렴,상공부장관 김정렴,외국인,1965-02,0
상공부장관김정렴,상공부장관 김정렴,외국인,1965-03,0
상공부장관김정렴,상공부장관 김정렴,외국인,1965-04,0
상공부장관김정렴,상공부장관 김정렴,외국인,1965-05,0
상공부장관김정렴,상공부장관 김정렴,외국인,1965-06,0
상공부장관김정렴,상공부장관 김정렴,외국인,1965-07,0
상공부장관김정렴,상공부장관 김정렴,외국인,1965-08,0
상공부장관김정렴,상공부장관 김정렴,외국인,1965-09,0
상공부장관김정렴,상공부장관 김정렴,외국인,1965-10,0
상공부장관김정렴,상공부장관 김정렴,외국인,1965-11,0
상공부장관김정렴,상공부장관 김정렴,외국인,1965-12,0
상공부장관김정렴,상공부장관 김정렴,외국인,1966-01,0
상공부장관김정렴,상공부장관 김정렴,외국인,1966-02,0
상공부장관김정렴,상공부장관 김정렴,외국인,1966-03,0
상공부장관김정렴,상공부장관 김정렴,외국인,1966-04,0
상공부장관김정렴,상공부장관 김정렴,외국인,1966-05,0
상공부장관김정렴,상공부장관 김정렴,외국인,1966-06,0
상공부장관김정렴,상공부장관 김정렴,외국인,1966-07,0
상공부장관김정렴,상공부장관 김정렴,외국인,1966-08,0
상공부장관김정렴,상공부장관 김정렴,외국인,1966-09,0
상공부장관김정렴,상공부장관 김정렴,외국인,1966-10,0
상공부장관김정렴,상공부장관 김정렴,외국인,1966-11,0
상공부장관김정렴,상공부장관 김정렴,외국인,1966-12,0
상공부장관김정렴,상공부장관 김정렴,외국인,1967-01,0
상공부장관김정렴,상공부장관 김정렴,외국인,1967-02,0
상공부장관김정렴,상공부장관 김정렴,외국인,1967-03,0
상공부장관김정렴,상공부장관 김정렴,외국인,1967-07,0
상공부장관김정렴,상공부장관 김정렴,외국인,1967-10,0
상공부장관김정렴,상공부장관 김정렴,외국인,1967-11,0
상공부장관김정렴,상공부장관 김정렴,외국인,1967-12,4
상공부장관김정렴,상공부장관 김정렴,외국인,1968-01,0
상공부장관김정렴,상공부장관 김정렴,외국인,1968-02,1
상공부장관김정렴,상공부장관 김정렴,외국인,1968-03,0
상공부장관김정렴,상공부장관 김정렴,외국인,1968-04,0
상공부장관김정렴,상공부장관 김정렴,외국인,1968-05,0
상공부장관김정렴,상공부장관 김정렴,외국인,1968-06,1
상공부장관김정렴,상공부장관 김정렴,외국인,1968-07,0
상공부장관김정렴,상공부장관 김정렴,외국인,1968-08,0
상공부장관김정렴,상공부장관 김정렴,외국인,1968-09,0
상공부장관김정렴,상공부장관 김정렴,외국인,1968-10,5
상공부장관김정렴,상공부장관 김정렴,외국인,1968-11,0
상공부장관김정렴,상공부장관 김정렴,외국인,1968-12,0
상공부장관김정렴,상공부장관 김정렴,외국인,1969-01,0
상공부장관김정렴,상공부장관 김정렴,외국인,1969-02,0
상공부장관김정렴,상공부장관 김정렴,외국인,1969-03,0
상공부장관김정렴,상공부장관 김정렴,외국인,1969-04,0
상공부장관김정렴,상공부장관 김정렴,외국인,1969-05,0
상공부장관김정렴,상공부장관 김정렴,외국인,1969-06,0
상공부장관김정렴,상공부장관 김정렴,외국인,1969-07,0
상공부장관김정렴,상공부장관 김정렴,외국인,1969-08,0
상공부장관김정렴,상공부장관 김정렴,외국인,1969-09,0
상공부장관김정렴,상공부장관 김정렴,외국인,1969-11,0
상공부장관김정렴,상공부장관 김정렴,외국인,1969-12,0
상공부장관김정렴,상공부장관 김정렴,외국인,1970-01,0
상공부장관김정렴,상공부장관 김정렴,외국인,1970-02,0
상공부장관김정렴,상공부장관 김정렴,외국인,1970-03,0
상공부장관김정렴,상공부장관 김정렴,외국인,1970-04,0
상공부장관김정렴,상공부장관 김정렴,외국인,1970-05,0
상공부장관김정렴,상공부장관 김정렴,외국인,1970-06,0
상공부장관김정렴,상공부장관 김정렴,외국인,1970-07,0
상공부장관김정렴,상공부장관 김정렴,외국인,1970-08,0
상공부장관김정렴,상공부장관 김정렴,외국인,1970-09,0
상공부장관김정렴,상공부장관 김정렴,외국인,1970-10,0
상공부장관김정렴,상공부장관 김정렴,외국인,1970-11,0
상공부장관김정렴,상공부장관 김정렴,외국인,1970-12,0
상공부장관김정렴,상공부장관 김정렴,외국인,1971-01,0
상공부장관김정렴,상공부장관 김정렴,외국인,1971-07,0
상공부장관김정렴,상공부장관 김정렴,외국인,1971-08,0
상공부장관김정렴,상공부장관 김정렴,외국인,1971-09,0
상공부장관김정렴,상공부장관 김정렴,외국인,1971-10,0
상공부장관김정렴,상공부장관 김정렴,외국인,1971-11,0
상공부장관김정렴,상공부장관 김정렴,외국인,1971-12,0
상공부장관김정렴,상공부장관 김정렴,외국인,1972-01,0
상공부장관김정렴,상공부장관 김정렴,외국인,1972-07,0
상공부장관김정렴,상공부장관 김정렴,외국인,1972-08,0
상공부장관김정렴,상공부장관 김정렴,외국인,1972-09,0
상공부장관김정렴,상공부장관 김정렴,외국인,1972-10,0
상공부장관김정렴,상공부장관 김정렴,외국인,1973-05,0
상공부장관김정렴,상공부장관 김정렴,외국인,1973-06,0
상공부장관김정렴,상공부장관 김정렴,외국인,1973-09,0
상공부장관김정렴,상공부장관 김정렴,외국인,1974-08,0
상공부장관김정렴,상공부장관 김정렴,외국인,1974-10,0
상공부장관김정렴,상공부장관 김정렴,외국인,1975-11,0
상공부장관김정렴,상공부장관 김정렴,외국인,1976-12,0
상공부장관김정렴,상공부장관 김정렴,외국인,1978-11,0
출석정부위원,출석 정부위원,외국인,1963-12,0
출석정부위원,출석 정부위원,외국인,1964-01,0
출석정부위원,출석 정부위원,외국인,1964-02,0
출석정부위원,출석 정부위원,외국인,1964-03,0
출석정부위원,출석 정부위원,외국인,1964-04,0
출석정부위원,출석 정부위원,외국인,1964-05,0
출석정부위원,출석 정부위원,외국인,1964-06,0
출석정부위원,출석 정부위원,외국인,1964-07,0
출석정부위원,출석 정부위원,외국인,1964-08,0
출석정부위원,출석 정부위원,외국인,1964-09,0
출석정부위원,출석 정부위원,외국인,1964-10,0
출석정부위원,출석 정부위원,외국인,1964-11,0
출석정부위원,출석 정부위원,외국인,1964-12,0
출석정부위원,출석 정부위원,외국인,1965-01,0
출석정부위원,출석 정부위원,외국인,1965-02,0
출석정부위원,출석 정부위원,외국인,1965-03,0
출석정부위원,출석 정부위원,외국인,1965-04,0
출석정부위원,출석 정부위원,외국인,1965-05,0
출석정부위원,출석 정부위원,외국인,1965-06,0
출석정부위원,출석 정부위원,외국인,1965-07,0
출석정부위원,출석 정부위원,외국인,1965-08,0
출석정부위원,출석 정부위원,외국인,1965-09,0
출석정부위원,출석 정부위원,외국인,1965-10,0
출석정부위원,출석 정부위원,외국인,1965-11,0
출석정부위원,출석 정부위원,외국인,1965-12,0
출석정부위원,출석 정부위원,외국인,1966-01,0
출석정부위원,출석 정부위원,외국인,1966-02,0
출석정부위원,출석 정부위원,외국인,1966-03,0
출석정부위원,출석 정부위원,외국인,1966-04,0
출석정부위원,출석 정부위원,외국인,1966-05,0
출석정부위원,출석 정부위원,외국인,1966-06,0
출석정부위원,출석 정부위원,외국인,1966-07,0
출석정부위원,출석 정부위원,외국인,1966-08,0
출석정부위원,출석 정부위원,외국인,1966-09,0
출석정부위원,출석 정부위원,외국인,1966-10,0
출석정부위원,출석 정부위원,외국인,1966-11,0
출석정부위원,출석 정부위원,외국인,1966-12,0
출석정부위원,출석 정부위원,외국인,1967-01,0
출석정부위원,출석 정부위원,외국인,1967-02,0
출석정부위원,출석 정부위원,외국인,1967-03,0
출석정부위원,출석 정부위원,외국인,1967-07,0
출석정부위원,출석 정부위원,외국인,1967-10,0
출석정부위원,출석 정부위원,외국인,1967-11,0
출석정부위원,출석 정부위원,외국인,1967-12,0
출석정부위원,출석 정부위원,외국인,1968-01,0
출석정부위원,출석 정부위원,외국인,1968-02,0
출석정부위원,출석 정부위원,외국인,1968-03,0
출석정부위원,출석 정부위원,외국인,1968-04,0
출석정부위원,출석 정부위원,외국인,1968-05,0
출석정부위원,출석 정부위원,외국인,1968-06,0
출석정부위원,출석 정부위원,외국인,1968-07,0
출석정부위원,출석 정부위원,외국인,1968-08,0
출석정부위원,출석 정부위원,외국인,1968-09,0
출석정부위원,출석 정부위원,외국인,1968-10,0
출석정부위원,출석 정부위원,외국인,1968-11,0
출석정부위원,출석 정부위원,외국인,1968-12,0
출석정부위원,출석 정부위원,외국인,1969-01,0
출석정부위원,출석 정부위원,외국인,1969-02,0
출석정부위원,출석 정부위원,외국인,1969-03,0
출석정부위원,출석 정부위원,외국인,1969-04,1
출석정부위원,출석 정부위원,외국인,1969-05,0
출석정부위원,출석 정부위원,외국인,1969-06,1
출석정부위원,출석 정부위원,외국인,1969-07,0
출석정부위원,출석 정부위원,외국인,1969-08,0
출석정부위원,출석 정부위원,외국인,1969-09,0
출석정부위원,출석 정부위원,외국인,1969-11,0
출석정부위원,출석 정부위원,외국인,1969-12,0
출석정부위원,출석 정부위원,외국인,1970-01,0
출석정부위원,출석 정부위원,외국인,1970-02,0
출석정부위원,출석 정부위원,외국인,1970-03,0
출석정부위원,출석 정부위원,외국인,1970-04,0
출석정부위원,출석 정부위원,외국인,1970-05,0
출석정부위원,출석 정부위원,외국인,1970-06,0
출석정부위원,출석 정부위원,외국인,1970-07,0
출석정부위원,출석 정부위원,외국인,1970-08,0
출석정부위원,출석 정부위원,외국인,1970-09,0
출석정부위원,출석 정부위원,외국인,1970-10,0
출석정부위원,출석 정부위원,외국인,1970-11,0
출석정부위원,출석 정부위원,외국인,1970-12,0
출석정부위원,출석 정부위원,외국인,1971-01,0
출석정부위원,출석 정부위원,외국인,1971-07,0
출석정부위원,출석 정부위원,외국인,1971-08,0
출석정부위원,출석 정부위원,외국인,1971-09,0
출석정부위원,출석 정부위원,외국인,1971-10,0
출석정부위원,출석 정부위원,외국인,1971-11,0
출석정부위원,출석 정부위원,외국인,1971-12,0
출석정부위원,출석 정부위원,외국인,1972-01,0
출석정부위원,출석 정부위원,외국인,1972-07,0
출석정부위원,출석 정부위원,외국인,1972-08,0
출석정부위원,출석 정부위원,외국인,1972-09,0
출석정부위원,출석 정부위원,외국인,1972-10,0
출석정부위원,출석 정부위원,외국인,1973-05,0
출석정부위원,출석 정부위원,외국인,1973-06,0
출석정부위원,출석 정부위원,외국인,1973-09,0
출석정부위원,출석 정부위원,외국인,1974-08,0
출석정부위원,출석 정부위원,외국인,1974-10,0
출석정부위원,출석 정부위원,외국인,1975-11,0
출석정부위원,출석 정부위원,외국인,1976-12,0
출석정부위원,출석 정부위원,외국인,1978-11,0
노재필위원,노재필 위원,외국인,1963-12,0
노재필위원,노재필 위원,외국인,1964-01,0
노재필위원,노재필 위원,외국인,1964-02,2
노재필위원,노재필 위원,외국인,1964-03,0
노재필위원,노재필 위원,외국인,1964-04,0
노재필위원,노재필 위원,외국인,1964-05,1
노재필위원,노재필 위원,외국인,1964-06,1
노재필위원,노재필 위원,외국인,1964-07,0
노재필위원,노재필 위원,외국인,1964-08,2
노재필위원,노재필 위원,외국인,1964-09,2
노재필위원,노재필 위원,외국인,1964-10,0
노재필위원,노재필 위원,외국인,1964-11,2
노재필위원,노재필 위원,외국인,1964-12,4
노재필위원,노재필 위원,외국인,1965-01,0
노재필위원,노재필 위원,외국인,1965-02,0
노재필위원,노재필 위원,외국인,1965-03,3
노재필위원,노재필 위원,외국인,1965-04,0
노재필위원,노재필 위원,외국인,1965-05,1
노재필위원,노재필 위원,외국인,1965-06,0
노재필위원,노재필 위원,외국인,1965-07,0
노재필위원,노재필 위원,외국인,1965-08,0
노재필위원,노재필 위원,외국인,1965-09,0
노재필위원,노재필 위원,외국인,1965-10,0
노재필위원,노재필 위원,외국인,1965-11,0
노재필위원,노재필 위원,외국인,1965-12,0
노재필위원,노재필 위원,외국인,1966-01,0
노재필위원,노재필 위원,외국인,1966-02,0
노재필위원,노재필 위원,외국인,1966-03,0
노재필위원,노재필 위원,외국인,1966-04,0
노재필위원,노재필 위원,외국인,1966-05,0
노재필위원,노재필 위원,외국인,1966-06,0
노재필위원,노재필 위원,외국인,1966-07,0
노재필위원,노재필 위원,외국인,1966-08,0
노재필위원,노재필 위원,외국인,1966-09,0
노재필위원,노재필 위원,외국인,1966-10,0
노재필위원,노재필 위원,외국인,1966-11,0
노재필위원,노재필 위원,외국인,1966-12,2
노재필위원,노재필 위원,외국인,1967-01,0
노재필위원,노재필 위원,외국인,1967-02,0
노재필위원,노재필 위원,외국인,1967-03,0
노재필위원,노재필 위원,외국인,1967-07,0
노재필위원,노재필 위원,외국인,1967-10,2
노재필위원,노재필 위원,외국인,1967-11,2
노재필위원,노재필 위원,외국인,1967-12,1
노재필위원,노재필 위원,외국인,1968-01,0
노재필위원,노재필 위원,외국인,1968-02,0
노재필위원,노재필 위원,외국인,1968-03,0
노재필위원,노재필 위원,외국인,1968-04,0
노재필위원,노재필 위원,외국인,1968-05,0
노재필위원,노재필 위원,외국인,1968-06,0
노재필위원,노재필 위원,외국인,1968-07,0
노재필위원,노재필 위원,외국인,1968-08,0
노재필위원,노재필 위원,외국인,1968-09,0
노재필위원,노재필 위원,외국인,1968-10,1
노재필위원,노재필 위원,외국인,1968-11,0
노재필위원,노재필 위원,외국인,1968-12,0
노재필위원,노재필 위원,외국인,1969-01,0
노재필위원,노재필 위원,외국인,1969-02,0
노재필위원,노재필 위원,외국인,1969-03,0
노재필위원,노재필 위원,외국인,1969-04,0
노재필위원,노재필 위원,외국인,1969-05,0
노재필위원,노재필 위원,외국인,1969-06,0
노재필위원,노재필 위원,외국인,1969-07,0
노재필위원,노재필 위원,외국인,1969-08,0
노재필위원,노재필 위원,외국인,1969-09,0
노재필위원,노재필 위원,외국인,1969-11,0
노재필위원,노재필 위원,외국인,1969-12,0
노재필위원,노재필 위원,외국인,1970-01,0
노재필위원,노재필 위원,외국인,1970-02,0
노재필위원,노재필 위원,외국인,1970-03,0
노재필위원,노재필 위원,외국인,1970-04,0
노재필위원,노재필 위원,외국인,1970-05,0
노재필위원,노재필 위원,외국인,1970-06,0
노재필위원,노재필 위원,외국인,1970-07,1
노재필위원,노재필 위원,외국인,1970-08,0
노재필위원,노재필 위원,외국인,1970-09,0
노재필위원,노재필 위원,외국인,1970-10,1
노재필위원,노재필 위원,외국인,1970-11,0
노재필위원,노재필 위원,외국인,1970-12,0
노재필위원,노재필 위원,외국인,1971-01,0
노재필위원,노재필 위원,외국인,1971-07,0
노재필위원,노재필 위원,외국인,1971-08,0
노재필위원,노재필 위원,외국인,1971-09,0
노재필위원,노재필 위원,외국인,1971-10,0
노재필위원,노재필 위원,외국인,1971-11,0
노재필위원,노재필 위원,외국인,1971-12,0
노재필위원,노재필 위원,외국인,1972-01,0
노재필위원,노재필 위원,외국인,1972-07,0
노재필위원,노재필 위원,외국인,1972-08,0
노재필위원,노재필 위원,외국인,1972-09,0
노재필위원,노재필 위원,외국인,1972-10,0
노재필위원,노재필 위원,외국인,1973-05,0
노재필위원,노재필 위원,외국인,1973-06,0
노재필위원,노재필 위원,외국인,1973-09,0
노재필위원,노재필 위원,외국인,1974-08,0
노재필위원,노재필 위원,외국인,1974-10,0
노재필위원,노재필 위원,외국인,1975-11,0
노재필위원,노재필 위원,외국인,1976-12,0
노재필위원,노재필 위원,외국인,1978-11,0
