정당,Family,Month,Count
민주공화당,기술,1963-12,45
민주공화당,기술,1964-01,108
민주공화당,기술,1964-02,489
민주공화당,기술,1964-03,136
민주공화당,기술,1964-04,328
민주공화당,기술,1964-05,371
민주공화당,기술,1964-06,134
민주공화당,기술,1964-07,270
민주공화당,기술,1964-08,68
민주공화당,기술,1964-09,534
민주공화당,기술,1964-10,292
민주공화당,기술,1964-11,885
민주공화당,기술,1964-12,246
민주공화당,기술,1965-01,150
민주공화당,기술,1965-02,4
민주공화당,기술,1965-03,301
민주공화당,기술,1965-04,64
민주공화당,기술,1965-05,131
민주공화당,기술,1965-06,188
민주공화당,기술,1965-07,46
민주공화당,기술,1965-08,60
민주공화당,기술,1965-09,15
민주공화당,기술,1965-10,225
민주공화당,기술,1965-11,621
민주공화당,기술,1965-12,139
민주공화당,기술,1966-01,32
민주공화당,기술,1966-02,167
민주공화당,기술,1966-03,157
민주공화당,기술,1966-04,159
민주공화당,기술,1966-05,3
민주공화당,기술,1966-06,145
민주공화당,기술,1966-07,388
민주공화당,기술,1966-08,23
민주공화당,기술,1966-09,137
민주공화당,기술,1966-10,305
민주공화당,기술,1966-11,623
민주공화당,기술,1966-12,168
민주공화당,기술,1967-01,150
민주공화당,기술,1967-02,84
민주공화당,기술,1967-03,110
민주공화당,기술,1967-07,3
민주공화당,기술,1967-08,0
민주공화당,기술,1967-09,2
민주공화당,기술,1967-10,711
민주공화당,기술,1967-11,331
민주공화당,기술,1967-12,341
민주공화당,기술,1968-01,1
민주공화당,기술,1968-02,175
민주공화당,기술,1968-03,45
민주공화당,기술,1968-04,139
민주공화당,기술,1968-05,50
민주공화당,기술,1968-06,427
민주공화당,기술,1968-07,60
민주공화당,기술,1968-08,1
민주공화당,기술,1968-09,345
민주공화당,기술,1968-10,568
민주공화당,기술,1968-11,363
민주공화당,기술,1968-12,345
민주공화당,기술,1969-01,18
민주공화당,기술,1969-02,8
민주공화당,기술,1969-03,14
민주공화당,기술,1969-04,206
민주공화당,기술,1969-05,12
민주공화당,기술,1969-06,139
민주공화당,기술,1969-07,91
민주공화당,기술,1969-08,50
민주공화당,기술,1969-09,17
민주공화당,기술,1969-11,126
민주공화당,기술,1969-12,1267
민주공화당,기술,1970-01,9
민주공화당,기술,1970-02,1
민주공화당,기술,1970-03,17
민주공화당,기술,1970-04,19
민주공화당,기술,1970-05,241
민주공화당,기술,1970-06,61
민주공화당,기술,1970-07,185
민주공화당,기술,1970-08,78
민주공화당,기술,1970-09,54
민주공화당,기술,1970-10,645
민주공화당,기술,1970-11,366
민주공화당,기술,1970-12,198
민주공화당,기술,1971-01,3
민주공화당,기술,1971-03,0
민주공화당,기술,1971-07,7
민주공화당,기술,1971-08,17
민주공화당,기술,1971-09,37
민주공화당,기술,1971-10,48
민주공화당,기술,1971-11,388
민주공화당,기술,1971-12,28
민주공화당,기술,1972-01,2
민주공화당,기술,1972-03,0
민주공화당,기술,1972-05,1
민주공화당,기술,1972-07,26
민주공화당,기술,1972-08,14
민주공화당,기술,1972-09,26
민주공화당,기술,1972-10,195
민주공화당,기술,1973-03,3
민주공화당,기술,1973-05,3
민주공화당,기술,1973-06,1
민주공화당,기술,1973-09,7
민주공화당,기술,1973-10,0
민주공화당,기술,1973-11,5
민주공화당,기술,1973-12,12
민주공화당,기술,1974-08,5
민주공화당,기술,1974-09,4
민주공화당,기술,1974-10,7
민주공화당,기술,1974-11,0
민주공화당,기술,1974-12,10
민주공화당,기술,1975-03,4
민주공화당,기술,1975-05,0
민주공화당,기술,1975-06,2
민주공화당,기술,1975-07,10
민주공화당,기술,1975-09,2
민주공화당,기술,1975-10,4
민주공화당,기술,1975-11,3
민주공화당,기술,1975-12,42
민주공화당,기술,1976-03,9
민주공화당,기술,1976-09,3
민주공화당,기술,1976-10,13
민주공화당,기술,1976-11,13
민주공화당,기술,1976-12,36
민주공화당,기술,1977-06,12
민주공화당,기술,1977-07,13
민주공화당,기술,1977-09,10
민주공화당,기술,1977-10,13
민주공화당,기술,1977-11,7
민주공화당,기술,1977-12,49
민주공화당,기술,1978-02,1
민주공화당,기술,1978-03,4
민주공화당,기술,1978-09,3
민주공화당,기술,1978-10,10
민주공화당,기술,1978-11,14
민주공화당,기술,1979-03,9
민주공화당,기술,1979-07,7
민주공화당,기술,1979-09,0
민주공화당,기술,1979-10,0
신민당,기술,1963-12,7
신민당,기술,1964-01,30
신민당,기술,1964-02,90
신민당,기술,1964-03,24
신민당,기술,1964-04,44
신민당,기술,1964-05,40
신민당,기술,1964-06,24
신민당,기술,1964-07,58
신민당,기술,1964-08,6
신민당,기술,1964-09,144
신민당,기술,1964-10,67
신민당,기술,1964-11,190
신민당,기술,1964-12,55
신민당,기술,1965-01,38
신민당,기술,1965-02,2
신민당,기술,1965-03,69
신민당,기술,1965-04,10
신민당,기술,1965-05,21
신민당,기술,1965-06,24
신민당,기술,1965-07,3
신민당,기술,1965-08,16
신민당,기술,1965-09,0
신민당,기술,1965-10,61
신민당,기술,1965-11,207
신민당,기술,1965-12,41
신민당,기술,1966-01,12
신민당,기술,1966-02,54
신민당,기술,1966-03,84
신민당,기술,1966-04,66
신민당,기술,1966-05,4
신민당,기술,1966-06,54
신민당,기술,1966-07,161
신민당,기술,1966-08,22
신민당,기술,1966-09,50
신민당,기술,1966-10,101
신민당,기술,1966-11,225
신민당,기술,1966-12,81
신민당,기술,1967-01,39
신민당,기술,1967-02,14
신민당,기술,1967-03,30
신민당,기술,1967-07,0
신민당,기술,1967-08,0
신민당,기술,1967-09,0
신민당,기술,1967-10,2
신민당,기술,1967-11,4
신민당,기술,1967-12,295
신민당,기술,1968-01,0
신민당,기술,1968-02,129
신민당,기술,1968-03,23
신민당,기술,1968-04,69
신민당,기술,1968-05,23
신민당,기술,1968-06,293
신민당,기술,1968-07,36
신민당,기술,1968-08,8
신민당,기술,1968-09,198
신민당,기술,1968-10,386
신민당,기술,1968-11,238
신민당,기술,1968-12,123
신민당,기술,1969-01,7
신민당,기술,1969-02,2
신민당,기술,1969-03,13
신민당,기술,1969-04,154
신민당,기술,1969-05,5
신민당,기술,1969-06,14
신민당,기술,1969-07,101
신민당,기술,1969-08,63
신민당,기술,1969-09,20
신민당,기술,1969-11,0
신민당,기술,1969-12,4
신민당,기술,1970-01,0
신민당,기술,1970-02,0
신민당,기술,1970-03,0
신민당,기술,1970-04,8
신민당,기술,1970-05,289
신민당,기술,1970-06,19
신민당,기술,1970-07,113
신민당,기술,1970-08,43
신민당,기술,1970-09,75
신민당,기술,1970-10,524
신민당,기술,1970-11,333
신민당,기술,1970-12,87
신민당,기술,1971-01,6
신민당,기술,1971-03,0
신민당,기술,1971-07,7
신민당,기술,1971-08,33
신민당,기술,1971-09,40
신민당,기술,1971-10,89
신민당,기술,1971-11,669
신민당,기술,1971-12,20
신민당,기술,1972-01,2
신민당,기술,1972-03,0
신민당,기술,1972-05,0
신민당,기술,1972-07,37
신민당,기술,1972-08,13
신민당,기술,1972-09,28
신민당,기술,1972-10,289
신민당,기술,1973-03,0
신민당,기술,1973-05,1
신민당,기술,1973-06,2
신민당,기술,1973-09,4
신민당,기술,1973-10,0
신민당,기술,1973-11,0
신민당,기술,1973-12,7
신민당,기술,1974-08,7
신민당,기술,1974-09,0
신민당,기술,1974-10,5
신민당,기술,1974-11,0
신민당,기술,1974-12,1
신민당,기술,1975-03,3
신민당,기술,1975-05,0
신민당,기술,1975-06,0
신민당,기술,1975-07,4
신민당,기술,1975-09,0
신민당,기술,1975-10,3
신민당,기술,1975-11,1
신민당,기술,1975-12,17
신민당,기술,1976-03,2
신민당,기술,1976-09,0
신민당,기술,1976-10,14
신민당,기술,1976-11,1
신민당,기술,1976-12,4
신민당,기술,1977-06,8
신민당,기술,1977-07,2
신민당,기술,1977-09,0
신민당,기술,1977-10,7
신민당,기술,1977-11,0
신민당,기술,1977-12,4
신민당,기술,1978-02,0
신민당,기술,1978-03,2
신민당,기술,1978-09,0
신민당,기술,1978-10,7
신민당,기술,1978-11,4
신민당,기술,1979-03,5
신민당,기술,1979-07,9
신민당,기술,1979-09,0
신민당,기술,1979-10,0
민정당,기술,1963-12,16
민정당,기술,1964-01,23
민정당,기술,1964-02,95
민정당,기술,1964-03,33
민정당,기술,1964-04,71
민정당,기술,1964-05,75
민정당,기술,1964-06,35
민정당,기술,1964-07,30
민정당,기술,1964-08,5
민정당,기술,1964-09,89
민정당,기술,1964-10,100
민정당,기술,1964-11,258
민정당,기술,1964-12,42
민정당,기술,1965-01,23
민정당,기술,1965-02,1
민정당,기술,1965-03,113
민정당,기술,1965-04,8
민정당,기술,1965-05,10
민정당,기술,1965-06,53
민정당,기술,1965-07,10
민정당,기술,1965-08,14
민정당,기술,1965-09,0
민정당,기술,1965-10,45
민정당,기술,1965-11,159
민정당,기술,1965-12,33
민정당,기술,1966-01,16
민정당,기술,1966-02,28
민정당,기술,1966-03,43
민정당,기술,1966-04,63
민정당,기술,1966-05,0
민정당,기술,1966-06,58
민정당,기술,1966-07,59
민정당,기술,1966-08,21
민정당,기술,1966-09,39
민정당,기술,1966-10,89
민정당,기술,1966-11,231
민정당,기술,1966-12,50
민정당,기술,1967-01,29
민정당,기술,1967-02,6
민정당,기술,1967-03,8
민정당,기술,1967-07,0
민정당,기술,1967-08,0
민정당,기술,1967-09,0
민정당,기술,1967-10,0
민정당,기술,1967-11,0
민정당,기술,1967-12,0
민정당,기술,1968-01,0
민정당,기술,1968-02,0
민정당,기술,1968-03,0
민정당,기술,1968-04,0
민정당,기술,1968-05,0
민정당,기술,1968-06,0
민정당,기술,1968-07,0
민정당,기술,1968-08,0
민정당,기술,1968-09,0
민정당,기술,1968-10,0
민정당,기술,1968-11,0
민정당,기술,1968-12,0
민정당,기술,1969-01,0
민정당,기술,1969-02,0
민정당,기술,1969-03,0
민정당,기술,1969-04,0
민정당,기술,1969-05,0
민정당,기술,1969-06,0
민정당,기술,1969-07,0
민정당,기술,1969-08,0
민정당,기술,1969-09,0
민정당,기술,1969-11,0
민정당,기술,1969-12,0
민정당,기술,1970-01,0
민정당,기술,1970-02,0
민정당,기술,1970-03,0
민정당,기술,1970-04,0
민정당,기술,1970-05,0
민정당,기술,1970-06,0
민정당,기술,1970-07,0
민정당,기술,1970-08,0
민정당,기술,1970-09,0
민정당,기술,1970-10,0
민정당,기술,1970-11,0
민정당,기술,1970-12,0
민정당,기술,1971-01,0
민정당,기술,1971-03,0
민정당,기술,1971-07,0
민정당,기술,1971-08,0
민정당,기술,1971-09,0
민정당,기술,1971-10,0
민정당,기술,1971-11,0
민정당,기술,1971-12,0
민정당,기술,1972-01,0
민정당,기술,1972-03,0
민정당,기술,1972-05,0
민정당,기술,1972-07,0
민정당,기술,1972-08,0
민정당,기술,1972-09,0
민정당,기술,1972-10,0
민정당,기술,1973-03,0
민정당,기술,1973-05,0
민정당,기술,1973-06,0
민정당,기술,1973-09,0
민정당,기술,1973-10,0
민정당,기술,1973-11,0
민정당,기술,1973-12,0
민정당,기술,1974-08,0
민정당,기술,1974-09,0
민정당,기술,1974-10,0
민정당,기술,1974-11,0
민정당,기술,1974-12,0
민정당,기술,1975-03,0
민정당,기술,1975-05,0
민정당,기술,1975-06,0
민정당,기술,1975-07,0
민정당,기술,1975-09,0
민정당,기술,1975-10,0
민정당,기술,1975-11,0
민정당,기술,1975-12,0
민정당,기술,1976-03,0
민정당,기술,1976-09,0
민정당,기술,1976-10,0
민정당,기술,1976-11,0
민정당,기술,1976-12,0
민정당,기술,1977-06,0
민정당,기술,1977-07,0
민정당,기술,1977-09,0
민정당,기술,1977-10,0
민정당,기술,1977-11,0
민정당,기술,1977-12,0
민정당,기술,1978-02,0
민정당,기술,1978-03,0
민정당,기술,1978-09,0
민정당,기술,1978-10,0
민정당,기술,1978-11,0
민정당,기술,1979-03,0
민정당,기술,1979-07,0
민정당,기술,1979-09,0
민정당,기술,1979-10,0
민주당,기술,1963-12,7
민주당,기술,1964-01,18
민주당,기술,1964-02,66
민주당,기술,1964-03,6
민주당,기술,1964-04,33
민주당,기술,1964-05,22
민주당,기술,1964-06,22
민주당,기술,1964-07,21
민주당,기술,1964-08,4
민주당,기술,1964-09,8
민주당,기술,1964-10,50
민주당,기술,1964-11,105
민주당,기술,1964-12,25
민주당,기술,1965-01,14
민주당,기술,1965-02,1
민주당,기술,1965-03,57
민주당,기술,1965-04,3
민주당,기술,1965-05,9
민주당,기술,1965-06,17
민주당,기술,1965-07,3
민주당,기술,1965-08,1
민주당,기술,1965-09,0
민주당,기술,1965-10,13
민주당,기술,1965-11,60
민주당,기술,1965-12,20
민주당,기술,1966-01,5
민주당,기술,1966-02,16
민주당,기술,1966-03,5
민주당,기술,1966-04,8
민주당,기술,1966-05,0
민주당,기술,1966-06,13
민주당,기술,1966-07,17
민주당,기술,1966-08,5
민주당,기술,1966-09,11
민주당,기술,1966-10,54
민주당,기술,1966-11,95
민주당,기술,1966-12,28
민주당,기술,1967-01,5
민주당,기술,1967-02,1
민주당,기술,1967-03,3
민주당,기술,1967-07,0
민주당,기술,1967-08,0
민주당,기술,1967-09,0
민주당,기술,1967-10,0
민주당,기술,1967-11,0
민주당,기술,1967-12,0
민주당,기술,1968-01,0
민주당,기술,1968-02,0
민주당,기술,1968-03,0
민주당,기술,1968-04,0
민주당,기술,1968-05,0
민주당,기술,1968-06,0
민주당,기술,1968-07,0
민주당,기술,1968-08,0
민주당,기술,1968-09,0
민주당,기술,1968-10,0
민주당,기술,1968-11,0
민주당,기술,1968-12,0
민주당,기술,1969-01,0
민주당,기술,1969-02,0
민주당,기술,1969-03,0
민주당,기술,1969-04,0
민주당,기술,1969-05,0
민주당,기술,1969-06,0
민주당,기술,1969-07,0
민주당,기술,1969-08,0
민주당,기술,1969-09,0
민주당,기술,1969-11,0
민주당,기술,1969-12,0
민주당,기술,1970-01,0
민주당,기술,1970-02,0
민주당,기술,1970-03,0
민주당,기술,1970-04,0
민주당,기술,1970-05,0
민주당,기술,1970-06,0
민주당,기술,1970-07,0
민주당,기술,1970-08,0
민주당,기술,1970-09,0
민주당,기술,1970-10,0
민주당,기술,1970-11,0
민주당,기술,1970-12,0
민주당,기술,1971-01,0
민주당,기술,1971-03,0
민주당,기술,1971-07,0
민주당,기술,1971-08,0
민주당,기술,1971-09,0
민주당,기술,1971-10,0
민주당,기술,1971-11,0
민주당,기술,1971-12,0
민주당,기술,1972-01,0
민주당,기술,1972-03,0
민주당,기술,1972-05,0
민주당,기술,1972-07,0
민주당,기술,1972-08,0
민주당,기술,1972-09,0
민주당,기술,1972-10,0
민주당,기술,1973-03,0
민주당,기술,1973-05,0
민주당,기술,1973-06,0
민주당,기술,1973-09,0
민주당,기술,1973-10,0
민주당,기술,1973-11,0
민주당,기술,1973-12,0
민주당,기술,1974-08,0
민주당,기술,1974-09,0
민주당,기술,1974-10,0
민주당,기술,1974-11,0
민주당,기술,1974-12,0
민주당,기술,1975-03,0
민주당,기술,1975-05,0
민주당,기술,1975-06,0
민주당,기술,1975-07,0
민주당,기술,1975-09,0
민주당,기술,1975-10,0
민주당,기술,1975-11,0
민주당,기술,1975-12,0
민주당,기술,1976-03,0
민주당,기술,1976-09,0
민주당,기술,1976-10,0
민주당,기술,1976-11,0
민주당,기술,1976-12,0
민주당,기술,1977-06,0
민주당,기술,1977-07,0
민주당,기술,1977-09,0
민주당,기술,1977-10,0
민주당,기술,1977-11,0
민주당,기술,1977-12,0
민주당,기술,1978-02,0
민주당,기술,1978-03,0
민주당,기술,1978-09,0
민주당,기술,1978-10,0
민주당,기술,1978-11,0
민주당,기술,1979-03,0
민주당,기술,1979-07,0
민주당,기술,1979-09,0
민주당,기술,1979-10,0
자유민주당,기술,1963-12,5
자유민주당,기술,1964-01,9
자유민주당,기술,1964-02,8
자유민주당,기술,1964-03,9
자유민주당,기술,1964-04,5
자유민주당,기술,1964-05,13
자유민주당,기술,1964-06,4
자유민주당,기술,1964-07,8
자유민주당,기술,1964-08,0
자유민주당,기술,1964-09,12
자유민주당,기술,1964-10,30
자유민주당,기술,1964-11,43
자유민주당,기술,1964-12,22
자유민주당,기술,1965-01,14
자유민주당,기술,1965-02,0
자유민주당,기술,1965-03,6
자유민주당,기술,1965-04,3
자유민주당,기술,1965-05,8
자유민주당,기술,1965-06,7
자유민주당,기술,1965-07,0
자유민주당,기술,1965-08,6
자유민주당,기술,1965-09,0
자유민주당,기술,1965-10,5
자유민주당,기술,1965-11,37
자유민주당,기술,1965-12,4
자유민주당,기술,1966-01,3
자유민주당,기술,1966-02,11
자유민주당,기술,1966-03,19
자유민주당,기술,1966-04,8
자유민주당,기술,1966-05,0
자유민주당,기술,1966-06,10
자유민주당,기술,1966-07,31
자유민주당,기술,1966-08,7
자유민주당,기술,1966-09,20
자유민주당,기술,1966-10,22
자유민주당,기술,1966-11,57
자유민주당,기술,1966-12,6
자유민주당,기술,1967-01,4
자유민주당,기술,1967-02,0
자유민주당,기술,1967-03,1
자유민주당,기술,1967-07,0
자유민주당,기술,1967-08,0
자유민주당,기술,1967-09,0
자유민주당,기술,1967-10,0
자유민주당,기술,1967-11,0
자유민주당,기술,1967-12,0
자유민주당,기술,1968-01,0
자유민주당,기술,1968-02,0
자유민주당,기술,1968-03,0
자유민주당,기술,1968-04,0
자유민주당,기술,1968-05,0
자유민주당,기술,1968-06,0
자유민주당,기술,1968-07,0
자유민주당,기술,1968-08,0
자유민주당,기술,1968-09,0
자유민주당,기술,1968-10,0
자유민주당,기술,1968-11,0
자유민주당,기술,1968-12,0
자유민주당,기술,1969-01,0
자유민주당,기술,1969-02,0
자유민주당,기술,1969-03,0
자유민주당,기술,1969-04,0
자유민주당,기술,1969-05,0
자유민주당,기술,1969-06,0
자유민주당,기술,1969-07,0
자유민주당,기술,1969-08,0
자유민주당,기술,1969-09,0
자유민주당,기술,1969-11,0
자유민주당,기술,1969-12,0
자유민주당,기술,1970-01,0
자유민주당,기술,1970-02,0
자유민주당,기술,1970-03,0
자유민주당,기술,1970-04,0
자유민주당,기술,1970-05,0
자유민주당,기술,1970-06,0
자유민주당,기술,1970-07,0
자유민주당,기술,1970-08,0
자유민주당,기술,1970-09,0
자유민주당,기술,1970-10,0
자유민주당,기술,1970-11,0
자유민주당,기술,1970-12,0
자유민주당,기술,1971-01,0
자유민주당,기술,1971-03,0
자유민주당,기술,1971-07,0
자유민주당,기술,1971-08,0
자유민주당,기술,1971-09,0
자유민주당,기술,1971-10,0
자유민주당,기술,1971-11,0
자유민주당,기술,1971-12,0
자유민주당,기술,1972-01,0
자유민주당,기술,1972-03,0
자유민주당,기술,1972-05,0
자유민주당,기술,1972-07,0
자유민주당,기술,1972-08,0
자유민주당,기술,1972-09,0
자유민주당,기술,1972-10,0
자유민주당,기술,1973-03,0
자유민주당,기술,1973-05,0
자유민주당,기술,1973-06,0
자유민주당,기술,1973-09,0
자유민주당,기술,1973-10,0
자유민주당,기술,1973-11,0
자유민주당,기술,1973-12,0
자유민주당,기술,1974-08,0
자유민주당,기술,1974-09,0
자유민주당,기술,1974-10,0
자유민주당,기술,1974-11,0
자유민주당,기술,1974-12,0
자유민주당,기술,1975-03,0
자유민주당,기술,1975-05,0
자유민주당,기술,1975-06,0
자유민주당,기술,1975-07,0
자유민주당,기술,1975-09,0
자유민주당,기술,1975-10,0
자유민주당,기술,1975-11,0
자유민주당,기술,1975-12,0
자유민주당,기술,1976-03,0
자유민주당,기술,1976-09,0
자유민주당,기술,1976-10,0
자유민주당,기술,1976-11,0
자유민주당,기술,1976-12,0
자유민주당,기술,1977-06,0
자유민주당,기술,1977-07,0
자유민주당,기술,1977-09,0
자유민주당,기술,1977-10,0
자유민주당,기술,1977-11,0
자유민주당,기술,1977-12,0
자유민주당,기술,1978-02,0
자유민주당,기술,1978-03,0
자유민주당,기술,1978-09,0
자유민주당,기술,1978-10,0
자유민주당,기술,1978-11,0
자유민주당,기술,1979-03,0
자유민주당,기술,1979-07,0
자유민주당,기술,1979-09,0
자유민주당,기술,1979-10,0
민중당,기술,1963-12,0
민중당,기술,1964-01,2
민중당,기술,1964-02,4
민중당,기술,1964-03,0
민중당,기술,1964-04,2
민중당,기술,1964-05,1
민중당,기술,1964-06,0
민중당,기술,1964-07,0
민중당,기술,1964-08,0
민중당,기술,1964-09,3
민중당,기술,1964-10,0
민중당,기술,1964-11,2
민중당,기술,1964-12,1
민중당,기술,1965-01,0
민중당,기술,1965-02,0
민중당,기술,1965-03,0
민중당,기술,1965-04,1
민중당,기술,1965-05,0
민중당,기술,1965-06,1
민중당,기술,1965-07,0
민중당,기술,1965-08,0
민중당,기술,1965-09,0
민중당,기술,1965-10,0
민중당,기술,1965-11,3
민중당,기술,1965-12,1
민중당,기술,1966-01,3
민중당,기술,1966-02,7
민중당,기술,1966-03,25
민중당,기술,1966-04,33
민중당,기술,1966-05,0
민중당,기술,1966-06,4
민중당,기술,1966-07,32
민중당,기술,1966-08,4
민중당,기술,1966-09,16
민중당,기술,1966-10,25
민중당,기술,1966-11,48
민중당,기술,1966-12,24
민중당,기술,1967-01,4
민중당,기술,1967-02,1
민중당,기술,1967-03,4
민중당,기술,1967-07,0
민중당,기술,1967-08,0
민중당,기술,1967-09,0
민중당,기술,1967-10,0
민중당,기술,1967-11,0
민중당,기술,1967-12,0
민중당,기술,1968-01,0
민중당,기술,1968-02,0
민중당,기술,1968-03,0
민중당,기술,1968-04,0
민중당,기술,1968-05,0
민중당,기술,1968-06,0
민중당,기술,1968-07,0
민중당,기술,1968-08,0
민중당,기술,1968-09,0
민중당,기술,1968-10,0
민중당,기술,1968-11,0
민중당,기술,1968-12,0
민중당,기술,1969-01,0
민중당,기술,1969-02,0
민중당,기술,1969-03,0
민중당,기술,1969-04,0
민중당,기술,1969-05,0
민중당,기술,1969-06,0
민중당,기술,1969-07,0
민중당,기술,1969-08,0
민중당,기술,1969-09,0
민중당,기술,1969-11,0
민중당,기술,1969-12,0
민중당,기술,1970-01,0
민중당,기술,1970-02,0
민중당,기술,1970-03,0
민중당,기술,1970-04,0
민중당,기술,1970-05,0
민중당,기술,1970-06,0
민중당,기술,1970-07,0
민중당,기술,1970-08,0
민중당,기술,1970-09,0
민중당,기술,1970-10,0
민중당,기술,1970-11,0
민중당,기술,1970-12,0
민중당,기술,1971-01,0
민중당,기술,1971-03,0
민중당,기술,1971-07,0
민중당,기술,1971-08,1
민중당,기술,1971-09,1
민중당,기술,1971-10,0
민중당,기술,1971-11,4
민중당,기술,1971-12,0
민중당,기술,1972-01,0
민중당,기술,1972-03,0
민중당,기술,1972-05,0
민중당,기술,1972-07,1
민중당,기술,1972-08,1
민중당,기술,1972-09,0
민중당,기술,1972-10,6
민중당,기술,1973-03,0
민중당,기술,1973-05,0
민중당,기술,1973-06,0
민중당,기술,1973-09,0
민중당,기술,1973-10,0
민중당,기술,1973-11,0
민중당,기술,1973-12,0
민중당,기술,1974-08,0
민중당,기술,1974-09,0
민중당,기술,1974-10,0
민중당,기술,1974-11,0
민중당,기술,1974-12,0
민중당,기술,1975-03,0
민중당,기술,1975-05,0
민중당,기술,1975-06,0
민중당,기술,1975-07,0
민중당,기술,1975-09,0
민중당,기술,1975-10,0
민중당,기술,1975-11,0
민중당,기술,1975-12,0
민중당,기술,1976-03,0
민중당,기술,1976-09,0
민중당,기술,1976-10,0
민중당,기술,1976-11,0
민중당,기술,1976-12,0
민중당,기술,1977-06,0
민중당,기술,1977-07,0
민중당,기술,1977-09,0
민중당,기술,1977-10,0
민중당,기술,1977-11,0
민중당,기술,1977-12,0
민중당,기술,1978-02,0
민중당,기술,1978-03,0
민중당,기술,1978-09,0
민중당,기술,1978-10,0
민중당,기술,1978-11,0
민중당,기술,1979-03,0
민중당,기술,1979-07,0
민중당,기술,1979-09,0
민중당,기술,1979-10,0
무소속,기술,1963-12,1
무소속,기술,1964-01,2
무소속,기술,1964-02,12
무소속,기술,1964-03,0
무소속,기술,1964-04,25
무소속,기술,1964-05,11
무소속,기술,1964-06,9
무소속,기술,1964-07,11
무소속,기술,1964-08,5
무소속,기술,1964-09,29
무소속,기술,1964-10,14
무소속,기술,1964-11,40
무소속,기술,1964-12,14
무소속,기술,1965-01,4
무소속,기술,1965-02,0
무소속,기술,1965-03,14
무소속,기술,1965-04,4
무소속,기술,1965-05,3
무소속,기술,1965-06,24
무소속,기술,1965-07,0
무소속,기술,1965-08,5
무소속,기술,1965-09,1
무소속,기술,1965-10,14
무소속,기술,1965-11,24
무소속,기술,1965-12,6
무소속,기술,1966-01,2
무소속,기술,1966-02,15
무소속,기술,1966-03,7
무소속,기술,1966-04,17
무소속,기술,1966-05,0
무소속,기술,1966-06,10
무소속,기술,1966-07,9
무소속,기술,1966-08,1
무소속,기술,1966-09,2
무소속,기술,1966-10,23
무소속,기술,1966-11,45
무소속,기술,1966-12,4
무소속,기술,1967-01,7
무소속,기술,1967-02,0
무소속,기술,1967-03,3
무소속,기술,1967-07,0
무소속,기술,1967-08,0
무소속,기술,1967-09,0
무소속,기술,1967-10,12
무소속,기술,1967-11,4
무소속,기술,1967-12,2
무소속,기술,1968-01,0
무소속,기술,1968-02,1
무소속,기술,1968-03,0
무소속,기술,1968-04,3
무소속,기술,1968-05,1
무소속,기술,1968-06,7
무소속,기술,1968-07,2
무소속,기술,1968-08,0
무소속,기술,1968-09,0
무소속,기술,1968-10,15
무소속,기술,1968-11,13
무소속,기술,1968-12,4
무소속,기술,1969-01,0
무소속,기술,1969-02,0
무소속,기술,1969-03,0
무소속,기술,1969-04,3
무소속,기술,1969-05,0
무소속,기술,1969-06,0
무소속,기술,1969-07,1
무소속,기술,1969-08,0
무소속,기술,1969-09,0
무소속,기술,1969-11,0
무소속,기술,1969-12,0
무소속,기술,1970-01,0
무소속,기술,1970-02,0
무소속,기술,1970-03,0
무소속,기술,1970-04,0
무소속,기술,1970-05,1
무소속,기술,1970-06,0
무소속,기술,1970-07,0
무소속,기술,1970-08,0
무소속,기술,1970-09,0
무소속,기술,1970-10,27
무소속,기술,1970-11,6
무소속,기술,1970-12,0
무소속,기술,1971-01,0
무소속,기술,1971-03,0
무소속,기술,1971-07,0
무소속,기술,1971-08,0
무소속,기술,1971-09,0
무소속,기술,1971-10,1
무소속,기술,1971-11,3
무소속,기술,1971-12,0
무소속,기술,1972-01,0
무소속,기술,1972-03,0
무소속,기술,1972-05,0
무소속,기술,1972-07,0
무소속,기술,1972-08,0
무소속,기술,1972-09,0
무소속,기술,1972-10,0
무소속,기술,1973-03,0
무소속,기술,1973-05,2
무소속,기술,1973-06,1
무소속,기술,1973-09,1
무소속,기술,1973-10,0
무소속,기술,1973-11,0
무소속,기술,1973-12,1
무소속,기술,1974-08,2
무소속,기술,1974-09,0
무소속,기술,1974-10,2
무소속,기술,1974-11,0
무소속,기술,1974-12,3
무소속,기술,1975-03,1
무소속,기술,1975-05,0
무소속,기술,1975-06,0
무소속,기술,1975-07,3
무소속,기술,1975-09,0
무소속,기술,1975-10,0
무소속,기술,1975-11,1
무소속,기술,1975-12,2
무소속,기술,1976-03,1
무소속,기술,1976-09,0
무소속,기술,1976-10,4
무소속,기술,1976-11,2
무소속,기술,1976-12,2
무소속,기술,1977-06,3
무소속,기술,1977-07,0
무소속,기술,1977-09,0
무소속,기술,1977-10,5
무소속,기술,1977-11,0
무소속,기술,1977-12,2
무소속,기술,1978-02,0
무소속,기술,1978-03,1
무소속,기술,1978-09,0
무소속,기술,1978-10,5
무소속,기술,1978-11,0
무소속,기술,1979-03,2
무소속,기술,1979-07,0
무소속,기술,1979-09,0
무소속,기술,1979-10,0
국민의당,기술,1963-12,1
국민의당,기술,1964-01,1
국민의당,기술,1964-02,8
국민의당,기술,1964-03,1
국민의당,기술,1964-04,2
국민의당,기술,1964-05,7
국민의당,기술,1964-06,5
국민의당,기술,1964-07,1
국민의당,기술,1964-08,1
국민의당,기술,1964-09,0
국민의당,기술,1964-10,9
국민의당,기술,1964-11,22
국민의당,기술,1964-12,3
국민의당,기술,1965-01,5
국민의당,기술,1965-02,0
국민의당,기술,1965-03,13
국민의당,기술,1965-04,2
국민의당,기술,1965-05,1
국민의당,기술,1965-06,4
국민의당,기술,1965-07,3
국민의당,기술,1965-08,2
국민의당,기술,1965-09,0
국민의당,기술,1965-10,0
국민의당,기술,1965-11,5
국민의당,기술,1965-12,3
국민의당,기술,1966-01,0
국민의당,기술,1966-02,4
국민의당,기술,1966-03,10
국민의당,기술,1966-04,1
국민의당,기술,1966-05,0
국민의당,기술,1966-06,1
국민의당,기술,1966-07,2
국민의당,기술,1966-08,0
국민의당,기술,1966-09,3
국민의당,기술,1966-10,2
국민의당,기술,1966-11,8
국민의당,기술,1966-12,1
국민의당,기술,1967-01,0
국민의당,기술,1967-02,2
국민의당,기술,1967-03,0
국민의당,기술,1967-07,0
국민의당,기술,1967-08,0
국민의당,기술,1967-09,0
국민의당,기술,1967-10,0
국민의당,기술,1967-11,0
국민의당,기술,1967-12,0
국민의당,기술,1968-01,0
국민의당,기술,1968-02,0
국민의당,기술,1968-03,0
국민의당,기술,1968-04,0
국민의당,기술,1968-05,0
국민의당,기술,1968-06,0
국민의당,기술,1968-07,0
국민의당,기술,1968-08,0
국민의당,기술,1968-09,0
국민의당,기술,1968-10,0
국민의당,기술,1968-11,0
국민의당,기술,1968-12,0
국민의당,기술,1969-01,0
국민의당,기술,1969-02,0
국민의당,기술,1969-03,0
국민의당,기술,1969-04,0
국민의당,기술,1969-05,0
국민의당,기술,1969-06,0
국민의당,기술,1969-07,0
국민의당,기술,1969-08,0
국민의당,기술,1969-09,0
국민의당,기술,1969-11,0
국민의당,기술,1969-12,0
국민의당,기술,1970-01,0
국민의당,기술,1970-02,0
국민의당,기술,1970-03,0
국민의당,기술,1970-04,0
국민의당,기술,1970-05,0
국민의당,기술,1970-06,0
국민의당,기술,1970-07,0
국민의당,기술,1970-08,0
국민의당,기술,1970-09,0
국민의당,기술,1970-10,0
국민의당,기술,1970-11,0
국민의당,기술,1970-12,0
국민의당,기술,1971-01,0
국민의당,기술,1971-03,0
국민의당,기술,1971-07,0
국민의당,기술,1971-08,0
국민의당,기술,1971-09,0
국민의당,기술,1971-10,0
국민의당,기술,1971-11,0
국민의당,기술,1971-12,0
국민의당,기술,1972-01,0
국민의당,기술,1972-03,0
국민의당,기술,1972-05,0
국민의당,기술,1972-07,0
국민의당,기술,1972-08,0
국민의당,기술,1972-09,0
국민의당,기술,1972-10,0
국민의당,기술,1973-03,0
국민의당,기술,1973-05,0
국민의당,기술,1973-06,0
국민의당,기술,1973-09,0
국민의당,기술,1973-10,0
국민의당,기술,1973-11,0
국민의당,기술,1973-12,0
국민의당,기술,1974-08,0
국민의당,기술,1974-09,0
국민의당,기술,1974-10,0
국민의당,기술,1974-11,0
국민의당,기술,1974-12,0
국민의당,기술,1975-03,0
국민의당,기술,1975-05,0
국민의당,기술,1975-06,0
국민의당,기술,1975-07,0
국민의당,기술,1975-09,0
국민의당,기술,1975-10,0
국민의당,기술,1975-11,0
국민의당,기술,1975-12,0
국민의당,기술,1976-03,0
국민의당,기술,1976-09,0
국민의당,기술,1976-10,0
국민의당,기술,1976-11,0
국민의당,기술,1976-12,0
국민의당,기술,1977-06,0
국민의당,기술,1977-07,0
국민의당,기술,1977-09,0
국민의당,기술,1977-10,0
국민의당,기술,1977-11,0
국민의당,기술,1977-12,0
국민의당,기술,1978-02,0
국민의당,기술,1978-03,0
국민의당,기술,1978-09,0
국민의당,기술,1978-10,0
국민의당,기술,1978-11,0
국민의당,기술,1979-03,0
국민의당,기술,1979-07,0
국민의당,기술,1979-09,0
국민의당,기술,1979-10,0
유신정우회,기술,1963-12,0
유신정우회,기술,1964-01,0
유신정우회,기술,1964-02,0
유신정우회,기술,1964-03,0
유신정우회,기술,1964-04,0
유신정우회,기술,1964-05,0
유신정우회,기술,1964-06,0
유신정우회,기술,1964-07,0
유신정우회,기술,1964-08,0
유신정우회,기술,1964-09,0
유신정우회,기술,1964-10,0
유신정우회,기술,1964-11,0
유신정우회,기술,1964-12,0
유신정우회,기술,1965-01,0
유신정우회,기술,1965-02,0
유신정우회,기술,1965-03,0
유신정우회,기술,1965-04,0
유신정우회,기술,1965-05,0
유신정우회,기술,1965-06,0
유신정우회,기술,1965-07,0
유신정우회,기술,1965-08,0
유신정우회,기술,1965-09,0
유신정우회,기술,1965-10,0
유신정우회,기술,1965-11,0
유신정우회,기술,1965-12,0
유신정우회,기술,1966-01,0
유신정우회,기술,1966-02,0
유신정우회,기술,1966-03,0
유신정우회,기술,1966-04,0
유신정우회,기술,1966-05,0
유신정우회,기술,1966-06,0
유신정우회,기술,1966-07,0
유신정우회,기술,1966-08,0
유신정우회,기술,1966-09,0
유신정우회,기술,1966-10,0
유신정우회,기술,1966-11,0
유신정우회,기술,1966-12,0
유신정우회,기술,1967-01,0
유신정우회,기술,1967-02,0
유신정우회,기술,1967-03,0
유신정우회,기술,1967-07,0
유신정우회,기술,1967-08,0
유신정우회,기술,1967-09,0
유신정우회,기술,1967-10,0
유신정우회,기술,1967-11,0
유신정우회,기술,1967-12,0
유신정우회,기술,1968-01,0
유신정우회,기술,1968-02,0
유신정우회,기술,1968-03,0
유신정우회,기술,1968-04,0
유신정우회,기술,1968-05,0
유신정우회,기술,1968-06,0
유신정우회,기술,1968-07,0
유신정우회,기술,1968-08,0
유신정우회,기술,1968-09,0
유신정우회,기술,1968-10,0
유신정우회,기술,1968-11,0
유신정우회,기술,1968-12,0
유신정우회,기술,1969-01,0
유신정우회,기술,1969-02,0
유신정우회,기술,1969-03,0
유신정우회,기술,1969-04,0
유신정우회,기술,1969-05,0
유신정우회,기술,1969-06,0
유신정우회,기술,1969-07,0
유신정우회,기술,1969-08,0
유신정우회,기술,1969-09,0
유신정우회,기술,1969-11,0
유신정우회,기술,1969-12,0
유신정우회,기술,1970-01,0
유신정우회,기술,1970-02,0
유신정우회,기술,1970-03,0
유신정우회,기술,1970-04,0
유신정우회,기술,1970-05,0
유신정우회,기술,1970-06,0
유신정우회,기술,1970-07,0
유신정우회,기술,1970-08,0
유신정우회,기술,1970-09,0
유신정우회,기술,1970-10,0
유신정우회,기술,1970-11,0
유신정우회,기술,1970-12,0
유신정우회,기술,1971-01,0
유신정우회,기술,1971-03,0
유신정우회,기술,1971-07,0
유신정우회,기술,1971-08,0
유신정우회,기술,1971-09,0
유신정우회,기술,1971-10,0
유신정우회,기술,1971-11,1
유신정우회,기술,1971-12,0
유신정우회,기술,1972-01,0
유신정우회,기술,1972-03,0
유신정우회,기술,1972-05,0
유신정우회,기술,1972-07,0
유신정우회,기술,1972-08,0
유신정우회,기술,1972-09,0
유신정우회,기술,1972-10,3
유신정우회,기술,1973-03,1
유신정우회,기술,1973-05,7
유신정우회,기술,1973-06,3
유신정우회,기술,1973-09,10
유신정우회,기술,1973-10,1
유신정우회,기술,1973-11,3
유신정우회,기술,1973-12,10
유신정우회,기술,1974-08,6
유신정우회,기술,1974-09,3
유신정우회,기술,1974-10,15
유신정우회,기술,1974-11,1
유신정우회,기술,1974-12,17
유신정우회,기술,1975-03,9
유신정우회,기술,1975-05,0
유신정우회,기술,1975-06,0
유신정우회,기술,1975-07,9
유신정우회,기술,1975-09,0
유신정우회,기술,1975-10,8
유신정우회,기술,1975-11,1
유신정우회,기술,1975-12,17
유신정우회,기술,1976-03,2
유신정우회,기술,1976-09,2
유신정우회,기술,1976-10,7
유신정우회,기술,1976-11,6
유신정우회,기술,1976-12,19
유신정우회,기술,1977-06,4
유신정우회,기술,1977-07,1
유신정우회,기술,1977-09,6
유신정우회,기술,1977-10,7
유신정우회,기술,1977-11,2
유신정우회,기술,1977-12,10
유신정우회,기술,1978-02,0
유신정우회,기술,1978-03,2
유신정우회,기술,1978-09,1
유신정우회,기술,1978-10,5
유신정우회,기술,1978-11,17
유신정우회,기술,1979-03,11
유신정우회,기술,1979-07,7
유신정우회,기술,1979-09,1
유신정우회,기술,1979-10,1
통일사회당,기술,1963-12,0
통일사회당,기술,1964-01,0
통일사회당,기술,1964-02,0
통일사회당,기술,1964-03,0
통일사회당,기술,1964-04,0
통일사회당,기술,1964-05,0
통일사회당,기술,1964-06,0
통일사회당,기술,1964-07,0
통일사회당,기술,1964-08,0
통일사회당,기술,1964-09,0
통일사회당,기술,1964-10,0
통일사회당,기술,1964-11,0
통일사회당,기술,1964-12,0
통일사회당,기술,1965-01,0
통일사회당,기술,1965-02,0
통일사회당,기술,1965-03,0
통일사회당,기술,1965-04,0
통일사회당,기술,1965-05,0
통일사회당,기술,1965-06,0
통일사회당,기술,1965-07,0
통일사회당,기술,1965-08,0
통일사회당,기술,1965-09,0
통일사회당,기술,1965-10,0
통일사회당,기술,1965-11,0
통일사회당,기술,1965-12,0
통일사회당,기술,1966-01,0
통일사회당,기술,1966-02,0
통일사회당,기술,1966-03,0
통일사회당,기술,1966-04,0
통일사회당,기술,1966-05,0
통일사회당,기술,1966-06,0
통일사회당,기술,1966-07,0
통일사회당,기술,1966-08,0
통일사회당,기술,1966-09,0
통일사회당,기술,1966-10,0
통일사회당,기술,1966-11,0
통일사회당,기술,1966-12,0
통일사회당,기술,1967-01,0
통일사회당,기술,1967-02,0
통일사회당,기술,1967-03,0
통일사회당,기술,1967-07,0
통일사회당,기술,1967-08,0
통일사회당,기술,1967-09,0
통일사회당,기술,1967-10,0
통일사회당,기술,1967-11,0
통일사회당,기술,1967-12,1
통일사회당,기술,1968-01,0
통일사회당,기술,1968-02,1
통일사회당,기술,1968-03,0
통일사회당,기술,1968-04,3
통일사회당,기술,1968-05,1
통일사회당,기술,1968-06,3
통일사회당,기술,1968-07,1
통일사회당,기술,1968-08,0
통일사회당,기술,1968-09,0
통일사회당,기술,1968-10,9
통일사회당,기술,1968-11,7
통일사회당,기술,1968-12,2
통일사회당,기술,1969-01,0
통일사회당,기술,1969-02,0
통일사회당,기술,1969-03,0
통일사회당,기술,1969-04,4
통일사회당,기술,1969-05,0
통일사회당,기술,1969-06,0
통일사회당,기술,1969-07,0
통일사회당,기술,1969-08,1
통일사회당,기술,1969-09,0
통일사회당,기술,1969-11,0
통일사회당,기술,1969-12,0
통일사회당,기술,1970-01,0
통일사회당,기술,1970-02,0
통일사회당,기술,1970-03,0
통일사회당,기술,1970-04,0
통일사회당,기술,1970-05,0
통일사회당,기술,1970-06,0
통일사회당,기술,1970-07,0
통일사회당,기술,1970-08,0
통일사회당,기술,1970-09,0
통일사회당,기술,1970-10,15
통일사회당,기술,1970-11,0
통일사회당,기술,1970-12,0
통일사회당,기술,1971-01,0
통일사회당,기술,1971-03,0
통일사회당,기술,1971-07,0
통일사회당,기술,1971-08,0
통일사회당,기술,1971-09,0
통일사회당,기술,1971-10,0
통일사회당,기술,1971-11,0
통일사회당,기술,1971-12,0
통일사회당,기술,1972-01,0
통일사회당,기술,1972-03,0
통일사회당,기술,1972-05,0
통일사회당,기술,1972-07,0
통일사회당,기술,1972-08,0
통일사회당,기술,1972-09,0
통일사회당,기술,1972-10,0
통일사회당,기술,1973-03,0
통일사회당,기술,1973-05,0
통일사회당,기술,1973-06,0
통일사회당,기술,1973-09,0
통일사회당,기술,1973-10,0
통일사회당,기술,1973-11,0
통일사회당,기술,1973-12,0
통일사회당,기술,1974-08,0
통일사회당,기술,1974-09,0
통일사회당,기술,1974-10,0
통일사회당,기술,1974-11,0
통일사회당,기술,1974-12,0
통일사회당,기술,1975-03,0
통일사회당,기술,1975-05,0
통일사회당,기술,1975-06,0
통일사회당,기술,1975-07,0
통일사회당,기술,1975-09,0
통일사회당,기술,1975-10,0
통일사회당,기술,1975-11,0
통일사회당,기술,1975-12,0
통일사회당,기술,1976-03,0
통일사회당,기술,1976-09,0
통일사회당,기술,1976-10,0
통일사회당,기술,1976-11,0
통일사회당,기술,1976-12,0
통일사회당,기술,1977-06,0
통일사회당,기술,1977-07,0
통일사회당,기술,1977-09,0
통일사회당,기술,1977-10,0
통일사회당,기술,1977-11,0
통일사회당,기술,1977-12,0
통일사회당,기술,1978-02,0
통일사회당,기술,1978-03,0
통일사회당,기술,1978-09,0
통일사회당,기술,1978-10,0
통일사회당,기술,1978-11,0
통일사회당,기술,1979-03,0
통일사회당,기술,1979-07,0
통일사회당,기술,1979-09,0
통일사회당,기술,1979-10,0
십오구락부,기술,1963-12,0
십오구락부,기술,1964-01,0
십오구락부,기술,1964-02,0
십오구락부,기술,1964-03,0
십오구락부,기술,1964-04,0
십오구락부,기술,1964-05,0
십오구락부,기술,1964-06,0
십오구락부,기술,1964-07,0
십오구락부,기술,1964-08,0
십오구락부,기술,1964-09,0
십오구락부,기술,1964-10,0
십오구락부,기술,1964-11,0
십오구락부,기술,1964-12,0
십오구락부,기술,1965-01,0
십오구락부,기술,1965-02,0
십오구락부,기술,1965-03,0
십오구락부,기술,1965-04,0
십오구락부,기술,1965-05,0
십오구락부,기술,1965-06,0
십오구락부,기술,1965-07,0
십오구락부,기술,1965-08,0
십오구락부,기술,1965-09,0
십오구락부,기술,1965-10,0
십오구락부,기술,1965-11,0
십오구락부,기술,1965-12,0
십오구락부,기술,1966-01,0
십오구락부,기술,1966-02,0
십오구락부,기술,1966-03,0
십오구락부,기술,1966-04,0
십오구락부,기술,1966-05,0
십오구락부,기술,1966-06,0
십오구락부,기술,1966-07,0
십오구락부,기술,1966-08,0
십오구락부,기술,1966-09,0
십오구락부,기술,1966-10,0
십오구락부,기술,1966-11,0
십오구락부,기술,1966-12,0
십오구락부,기술,1967-01,0
십오구락부,기술,1967-02,0
십오구락부,기술,1967-03,0
십오구락부,기술,1967-07,0
십오구락부,기술,1967-08,0
십오구락부,기술,1967-09,0
십오구락부,기술,1967-10,11
십오구락부,기술,1967-11,3
십오구락부,기술,1967-12,0
십오구락부,기술,1968-01,0
십오구락부,기술,1968-02,0
십오구락부,기술,1968-03,0
십오구락부,기술,1968-04,0
십오구락부,기술,1968-05,0
십오구락부,기술,1968-06,0
십오구락부,기술,1968-07,0
십오구락부,기술,1968-08,0
십오구락부,기술,1968-09,0
십오구락부,기술,1968-10,0
십오구락부,기술,1968-11,0
십오구락부,기술,1968-12,0
십오구락부,기술,1969-01,0
십오구락부,기술,1969-02,0
십오구락부,기술,1969-03,0
십오구락부,기술,1969-04,0
십오구락부,기술,1969-05,0
십오구락부,기술,1969-06,0
십오구락부,기술,1969-07,0
십오구락부,기술,1969-08,0
십오구락부,기술,1969-09,0
십오구락부,기술,1969-11,0
십오구락부,기술,1969-12,0
십오구락부,기술,1970-01,0
십오구락부,기술,1970-02,0
십오구락부,기술,1970-03,0
십오구락부,기술,1970-04,0
십오구락부,기술,1970-05,0
십오구락부,기술,1970-06,0
십오구락부,기술,1970-07,0
십오구락부,기술,1970-08,0
십오구락부,기술,1970-09,0
십오구락부,기술,1970-10,0
십오구락부,기술,1970-11,0
십오구락부,기술,1970-12,0
십오구락부,기술,1971-01,0
십오구락부,기술,1971-03,0
십오구락부,기술,1971-07,0
십오구락부,기술,1971-08,0
십오구락부,기술,1971-09,0
십오구락부,기술,1971-10,0
십오구락부,기술,1971-11,0
십오구락부,기술,1971-12,0
십오구락부,기술,1972-01,0
십오구락부,기술,1972-03,0
십오구락부,기술,1972-05,0
십오구락부,기술,1972-07,0
십오구락부,기술,1972-08,0
십오구락부,기술,1972-09,0
십오구락부,기술,1972-10,0
십오구락부,기술,1973-03,0
십오구락부,기술,1973-05,0
십오구락부,기술,1973-06,0
십오구락부,기술,1973-09,0
십오구락부,기술,1973-10,0
십오구락부,기술,1973-11,0
십오구락부,기술,1973-12,0
십오구락부,기술,1974-08,0
십오구락부,기술,1974-09,0
십오구락부,기술,1974-10,0
십오구락부,기술,1974-11,0
십오구락부,기술,1974-12,0
십오구락부,기술,1975-03,0
십오구락부,기술,1975-05,0
십오구락부,기술,1975-06,0
십오구락부,기술,1975-07,0
십오구락부,기술,1975-09,0
십오구락부,기술,1975-10,0
십오구락부,기술,1975-11,0
십오구락부,기술,1975-12,0
십오구락부,기술,1976-03,0
십오구락부,기술,1976-09,0
십오구락부,기술,1976-10,0
십오구락부,기술,1976-11,0
십오구락부,기술,1976-12,0
십오구락부,기술,1977-06,0
십오구락부,기술,1977-07,0
십오구락부,기술,1977-09,0
십오구락부,기술,1977-10,0
십오구락부,기술,1977-11,0
십오구락부,기술,1977-12,0
십오구락부,기술,1978-02,0
십오구락부,기술,1978-03,0
십오구락부,기술,1978-09,0
십오구락부,기술,1978-10,0
십오구락부,기술,1978-11,0
십오구락부,기술,1979-03,0
십오구락부,기술,1979-07,0
십오구락부,기술,1979-09,0
십오구락부,기술,1979-10,0
한국독립당,기술,1963-12,0
한국독립당,기술,1964-01,0
한국독립당,기술,1964-02,0
한국독립당,기술,1964-03,0
한국독립당,기술,1964-04,0
한국독립당,기술,1964-05,0
한국독립당,기술,1964-06,0
한국독립당,기술,1964-07,0
한국독립당,기술,1964-08,0
한국독립당,기술,1964-09,0
한국독립당,기술,1964-10,0
한국독립당,기술,1964-11,0
한국독립당,기술,1964-12,0
한국독립당,기술,1965-01,0
한국독립당,기술,1965-02,0
한국독립당,기술,1965-03,0
한국독립당,기술,1965-04,0
한국독립당,기술,1965-05,0
한국독립당,기술,1965-06,0
한국독립당,기술,1965-07,0
한국독립당,기술,1965-08,0
한국독립당,기술,1965-09,0
한국독립당,기술,1965-10,0
한국독립당,기술,1965-11,2
한국독립당,기술,1965-12,3
한국독립당,기술,1966-01,0
한국독립당,기술,1966-02,0
한국독립당,기술,1966-03,3
한국독립당,기술,1966-04,0
한국독립당,기술,1966-05,0
한국독립당,기술,1966-06,0
한국독립당,기술,1966-07,2
한국독립당,기술,1966-08,0
한국독립당,기술,1966-09,3
한국독립당,기술,1966-10,0
한국독립당,기술,1966-11,0
한국독립당,기술,1966-12,0
한국독립당,기술,1967-01,0
한국독립당,기술,1967-02,0
한국독립당,기술,1967-03,0
한국독립당,기술,1967-07,0
한국독립당,기술,1967-08,0
한국독립당,기술,1967-09,0
한국독립당,기술,1967-10,0
한국독립당,기술,1967-11,0
한국독립당,기술,1967-12,0
한국독립당,기술,1968-01,0
한국독립당,기술,1968-02,0
한국독립당,기술,1968-03,0
한국독립당,기술,1968-04,0
한국독립당,기술,1968-05,0
한국독립당,기술,1968-06,0
한국독립당,기술,1968-07,0
한국독립당,기술,1968-08,0
한국독립당,기술,1968-09,0
한국독립당,기술,1968-10,0
한국독립당,기술,1968-11,0
한국독립당,기술,1968-12,0
한국독립당,기술,1969-01,0
한국독립당,기술,1969-02,0
한국독립당,기술,1969-03,0
한국독립당,기술,1969-04,0
한국독립당,기술,1969-05,0
한국독립당,기술,1969-06,0
한국독립당,기술,1969-07,0
한국독립당,기술,1969-08,0
한국독립당,기술,1969-09,0
한국독립당,기술,1969-11,0
한국독립당,기술,1969-12,0
한국독립당,기술,1970-01,0
한국독립당,기술,1970-02,0
한국독립당,기술,1970-03,0
한국독립당,기술,1970-04,0
한국독립당,기술,1970-05,0
한국독립당,기술,1970-06,0
한국독립당,기술,1970-07,0
한국독립당,기술,1970-08,0
한국독립당,기술,1970-09,0
한국독립당,기술,1970-10,0
한국독립당,기술,1970-11,0
한국독립당,기술,1970-12,0
한국독립당,기술,1971-01,0
한국독립당,기술,1971-03,0
한국독립당,기술,1971-07,0
한국독립당,기술,1971-08,0
한국독립당,기술,1971-09,0
한국독립당,기술,1971-10,0
한국독립당,기술,1971-11,0
한국독립당,기술,1971-12,0
한국독립당,기술,1972-01,0
한국독립당,기술,1972-03,0
한국독립당,기술,1972-05,0
한국독립당,기술,1972-07,0
한국독립당,기술,1972-08,0
한국독립당,기술,1972-09,0
한국독립당,기술,1972-10,0
한국독립당,기술,1973-03,0
한국독립당,기술,1973-05,0
한국독립당,기술,1973-06,0
한국독립당,기술,1973-09,0
한국독립당,기술,1973-10,0
한국독립당,기술,1973-11,0
한국독립당,기술,1973-12,0
한국독립당,기술,1974-08,0
한국독립당,기술,1974-09,0
한국독립당,기술,1974-10,0
한국독립당,기술,1974-11,0
한국독립당,기술,1974-12,0
한국독립당,기술,1975-03,0
한국독립당,기술,1975-05,0
한국독립당,기술,1975-06,0
한국독립당,기술,1975-07,0
한국독립당,기술,1975-09,0
한국독립당,기술,1975-10,0
한국독립당,기술,1975-11,0
한국독립당,기술,1975-12,0
한국독립당,기술,1976-03,0
한국독립당,기술,1976-09,0
한국독립당,기술,1976-10,0
한국독립당,기술,1976-11,0
한국독립당,기술,1976-12,0
한국독립당,기술,1977-06,0
한국독립당,기술,1977-07,0
한국독립당,기술,1977-09,0
한국독립당,기술,1977-10,0
한국독립당,기술,1977-11,0
한국독립당,기술,1977-12,0
한국독립당,기술,1978-02,0
한국독립당,기술,1978-03,0
한국독립당,기술,1978-09,0
한국독립당,기술,1978-10,0
한국독립당,기술,1978-11,0
한국독립당,기술,1979-03,0
한국독립당,기술,1979-07,0
한국독립당,기술,1979-09,0
한국독립당,기술,1979-10,0
민주공화당,소득,1963-12,104
민주공화당,소득,1964-01,231
민주공화당,소득,1964-02,685
민주공화당,소득,1964-03,133
민주공화당,소득,1964-04,241
민주공화당,소득,1964-05,370
민주공화당,소득,1964-06,186
민주공화당,소득,1964-07,238
민주공화당,소득,1964-08,60
민주공화당,소득,1964-09,416
민주공화당,소득,1964-10,1225
민주공화당,소득,1964-11,2146
민주공화당,소득,1964-12,257
민주공화당,소득,1965-01,217
민주공화당,소득,1965-02,7
민주공화당,소득,1965-03,385
민주공화당,소득,1965-04,78
민주공화당,소득,1965-05,114
민주공화당,소득,1965-06,433
민주공화당,소득,1965-07,77
민주공화당,소득,1965-08,81
민주공화당,소득,1965-09,33
민주공화당,소득,1965-10,307
민주공화당,소득,1965-11,1323
민주공화당,소득,1965-12,328
민주공화당,소득,1966-01,56
민주공화당,소득,1966-02,196
민주공화당,소득,1966-03,401
민주공화당,소득,1966-04,148
민주공화당,소득,1966-05,9
민주공화당,소득,1966-06,211
민주공화당,소득,1966-07,405
민주공화당,소득,1966-08,65
민주공화당,소득,1966-09,445
민주공화당,소득,1966-10,421
민주공화당,소득,1966-11,1262
민주공화당,소득,1966-12,289
민주공화당,소득,1967-01,187
민주공화당,소득,1967-02,99
민주공화당,소득,1967-03,164
민주공화당,소득,1967-07,2
민주공화당,소득,1967-08,0
민주공화당,소득,1967-09,8
민주공화당,소득,1967-10,951
민주공화당,소득,1967-11,423
민주공화당,소득,1967-12,891
민주공화당,소득,1968-01,1
민주공화당,소득,1968-02,217
민주공화당,소득,1968-03,48
민주공화당,소득,1968-04,177
민주공화당,소득,1968-05,53
민주공화당,소득,1968-06,644
민주공화당,소득,1968-07,56
민주공화당,소득,1968-08,0
민주공화당,소득,1968-09,458
민주공화당,소득,1968-10,758
민주공화당,소득,1968-11,706
민주공화당,소득,1968-12,196
민주공화당,소득,1969-01,6
민주공화당,소득,1969-02,6
민주공화당,소득,1969-03,15
민주공화당,소득,1969-04,211
민주공화당,소득,1969-05,11
민주공화당,소득,1969-06,288
민주공화당,소득,1969-07,127
민주공화당,소득,1969-08,101
민주공화당,소득,1969-09,12
민주공화당,소득,1969-11,180
민주공화당,소득,1969-12,1562
민주공화당,소득,1970-01,4
민주공화당,소득,1970-02,4
민주공화당,소득,1970-03,19
민주공화당,소득,1970-04,6
민주공화당,소득,1970-05,310
민주공화당,소득,1970-06,61
민주공화당,소득,1970-07,203
민주공화당,소득,1970-08,41
민주공화당,소득,1970-09,175
민주공화당,소득,1970-10,701
민주공화당,소득,1970-11,740
민주공화당,소득,1970-12,169
민주공화당,소득,1971-01,5
민주공화당,소득,1971-03,0
민주공화당,소득,1971-07,4
민주공화당,소득,1971-08,31
민주공화당,소득,1971-09,72
민주공화당,소득,1971-10,58
민주공화당,소득,1971-11,358
민주공화당,소득,1971-12,58
민주공화당,소득,1972-01,2
민주공화당,소득,1972-03,0
민주공화당,소득,1972-05,1
민주공화당,소득,1972-07,36
민주공화당,소득,1972-08,22
민주공화당,소득,1972-09,42
민주공화당,소득,1972-10,138
민주공화당,소득,1973-03,2
민주공화당,소득,1973-05,2
민주공화당,소득,1973-06,3
민주공화당,소득,1973-09,13
민주공화당,소득,1973-10,3
민주공화당,소득,1973-11,9
민주공화당,소득,1973-12,39
민주공화당,소득,1974-08,9
민주공화당,소득,1974-09,7
민주공화당,소득,1974-10,17
민주공화당,소득,1974-11,2
민주공화당,소득,1974-12,22
민주공화당,소득,1975-03,4
민주공화당,소득,1975-05,0
민주공화당,소득,1975-06,2
민주공화당,소득,1975-07,9
민주공화당,소득,1975-09,5
민주공화당,소득,1975-10,8
민주공화당,소득,1975-11,10
민주공화당,소득,1975-12,22
민주공화당,소득,1976-03,10
민주공화당,소득,1976-09,5
민주공화당,소득,1976-10,25
민주공화당,소득,1976-11,17
민주공화당,소득,1976-12,17
민주공화당,소득,1977-06,19
민주공화당,소득,1977-07,8
민주공화당,소득,1977-09,15
민주공화당,소득,1977-10,19
민주공화당,소득,1977-11,9
민주공화당,소득,1977-12,29
민주공화당,소득,1978-02,1
민주공화당,소득,1978-03,3
민주공화당,소득,1978-09,6
민주공화당,소득,1978-10,12
민주공화당,소득,1978-11,17
민주공화당,소득,1979-03,10
민주공화당,소득,1979-07,9
민주공화당,소득,1979-09,0
민주공화당,소득,1979-10,0
신민당,소득,1963-12,19
신민당,소득,1964-01,68
신민당,소득,1964-02,114
신민당,소득,1964-03,34
신민당,소득,1964-04,39
신민당,소득,1964-05,63
신민당,소득,1964-06,38
신민당,소득,1964-07,35
신민당,소득,1964-08,5
신민당,소득,1964-09,130
신민당,소득,1964-10,224
신민당,소득,1964-11,483
신민당,소득,1964-12,62
신민당,소득,1965-01,36
신민당,소득,1965-02,1
신민당,소득,1965-03,89
신민당,소득,1965-04,11
신민당,소득,1965-05,25
신민당,소득,1965-06,50
신민당,소득,1965-07,4
신민당,소득,1965-08,12
신민당,소득,1965-09,0
신민당,소득,1965-10,60
신민당,소득,1965-11,378
신민당,소득,1965-12,104
신민당,소득,1966-01,26
신민당,소득,1966-02,76
신민당,소득,1966-03,138
신민당,소득,1966-04,72
신민당,소득,1966-05,8
신민당,소득,1966-06,85
신민당,소득,1966-07,152
신민당,소득,1966-08,30
신민당,소득,1966-09,103
신민당,소득,1966-10,148
신민당,소득,1966-11,392
신민당,소득,1966-12,98
신민당,소득,1967-01,50
신민당,소득,1967-02,20
신민당,소득,1967-03,47
신민당,소득,1967-07,0
신민당,소득,1967-08,0
신민당,소득,1967-09,0
신민당,소득,1967-10,9
신민당,소득,1967-11,9
신민당,소득,1967-12,483
신민당,소득,1968-01,0
신민당,소득,1968-02,143
신민당,소득,1968-03,32
신민당,소득,1968-04,62
신민당,소득,1968-05,24
신민당,소득,1968-06,407
신민당,소득,1968-07,32
신민당,소득,1968-08,5
신민당,소득,1968-09,265
신민당,소득,1968-10,498
신민당,소득,1968-11,413
신민당,소득,1968-12,123
신민당,소득,1969-01,0
신민당,소득,1969-02,1
신민당,소득,1969-03,16
신민당,소득,1969-04,163
신민당,소득,1969-05,7
신민당,소득,1969-06,16
신민당,소득,1969-07,113
신민당,소득,1969-08,85
신민당,소득,1969-09,23
신민당,소득,1969-11,0
신민당,소득,1969-12,19
신민당,소득,1970-01,1
신민당,소득,1970-02,0
신민당,소득,1970-03,0
신민당,소득,1970-04,2
신민당,소득,1970-05,289
신민당,소득,1970-06,15
신민당,소득,1970-07,118
신민당,소득,1970-08,37
신민당,소득,1970-09,153
신민당,소득,1970-10,506
신민당,소득,1970-11,507
신민당,소득,1970-12,88
신민당,소득,1971-01,5
신민당,소득,1971-03,0
신민당,소득,1971-07,3
신민당,소득,1971-08,41
신민당,소득,1971-09,63
신민당,소득,1971-10,64
신민당,소득,1971-11,574
신민당,소득,1971-12,42
신민당,소득,1972-01,2
신민당,소득,1972-03,0
신민당,소득,1972-05,0
신민당,소득,1972-07,46
신민당,소득,1972-08,13
신민당,소득,1972-09,37
신민당,소득,1972-10,247
신민당,소득,1973-03,0
신민당,소득,1973-05,1
신민당,소득,1973-06,1
신민당,소득,1973-09,6
신민당,소득,1973-10,0
신민당,소득,1973-11,1
신민당,소득,1973-12,8
신민당,소득,1974-08,9
신민당,소득,1974-09,0
신민당,소득,1974-10,6
신민당,소득,1974-11,0
신민당,소득,1974-12,2
신민당,소득,1975-03,2
신민당,소득,1975-05,0
신민당,소득,1975-06,0
신민당,소득,1975-07,6
신민당,소득,1975-09,0
신민당,소득,1975-10,5
신민당,소득,1975-11,2
신민당,소득,1975-12,5
신민당,소득,1976-03,3
신민당,소득,1976-09,0
신민당,소득,1976-10,14
신민당,소득,1976-11,1
신민당,소득,1976-12,4
신민당,소득,1977-06,8
신민당,소득,1977-07,2
신민당,소득,1977-09,0
신민당,소득,1977-10,10
신민당,소득,1977-11,0
신민당,소득,1977-12,5
신민당,소득,1978-02,0
신민당,소득,1978-03,4
신민당,소득,1978-09,0
신민당,소득,1978-10,7
신민당,소득,1978-11,6
신민당,소득,1979-03,6
신민당,소득,1979-07,11
신민당,소득,1979-09,0
신민당,소득,1979-10,0
민정당,소득,1963-12,45
민정당,소득,1964-01,73
민정당,소득,1964-02,177
민정당,소득,1964-03,34
민정당,소득,1964-04,75
민정당,소득,1964-05,141
민정당,소득,1964-06,68
민정당,소득,1964-07,43
민정당,소득,1964-08,8
민정당,소득,1964-09,97
민정당,소득,1964-10,352
민정당,소득,1964-11,620
민정당,소득,1964-12,46
민정당,소득,1965-01,31
민정당,소득,1965-02,4
민정당,소득,1965-03,147
민정당,소득,1965-04,10
민정당,소득,1965-05,17
민정당,소득,1965-06,103
민정당,소득,1965-07,19
민정당,소득,1965-08,21
민정당,소득,1965-09,0
민정당,소득,1965-10,53
민정당,소득,1965-11,368
민정당,소득,1965-12,61
민정당,소득,1966-01,26
민정당,소득,1966-02,48
민정당,소득,1966-03,102
민정당,소득,1966-04,70
민정당,소득,1966-05,0
민정당,소득,1966-06,74
민정당,소득,1966-07,85
민정당,소득,1966-08,21
민정당,소득,1966-09,62
민정당,소득,1966-10,185
민정당,소득,1966-11,367
민정당,소득,1966-12,83
민정당,소득,1967-01,37
민정당,소득,1967-02,21
민정당,소득,1967-03,13
민정당,소득,1967-07,0
민정당,소득,1967-08,0
민정당,소득,1967-09,0
민정당,소득,1967-10,0
민정당,소득,1967-11,0
민정당,소득,1967-12,0
민정당,소득,1968-01,0
민정당,소득,1968-02,0
민정당,소득,1968-03,0
민정당,소득,1968-04,0
민정당,소득,1968-05,0
민정당,소득,1968-06,0
민정당,소득,1968-07,0
민정당,소득,1968-08,0
민정당,소득,1968-09,0
민정당,소득,1968-10,0
민정당,소득,1968-11,0
민정당,소득,1968-12,0
민정당,소득,1969-01,0
민정당,소득,1969-02,0
민정당,소득,1969-03,0
민정당,소득,1969-04,0
민정당,소득,1969-05,0
민정당,소득,1969-06,0
민정당,소득,1969-07,0
민정당,소득,1969-08,0
민정당,소득,1969-09,0
민정당,소득,1969-11,0
민정당,소득,1969-12,0
민정당,소득,1970-01,0
민정당,소득,1970-02,0
민정당,소득,1970-03,0
민정당,소득,1970-04,0
민정당,소득,1970-05,0
민정당,소득,1970-06,0
민정당,소득,1970-07,0
민정당,소득,1970-08,0
민정당,소득,1970-09,0
민정당,소득,1970-10,0
민정당,소득,1970-11,0
민정당,소득,1970-12,0
민정당,소득,1971-01,0
민정당,소득,1971-03,0
민정당,소득,1971-07,0
민정당,소득,1971-08,0
민정당,소득,1971-09,0
민정당,소득,1971-10,0
민정당,소득,1971-11,0
민정당,소득,1971-12,0
민정당,소득,1972-01,0
민정당,소득,1972-03,0
민정당,소득,1972-05,0
민정당,소득,1972-07,0
민정당,소득,1972-08,0
민정당,소득,1972-09,0
민정당,소득,1972-10,0
민정당,소득,1973-03,0
민정당,소득,1973-05,0
민정당,소득,1973-06,0
민정당,소득,1973-09,0
민정당,소득,1973-10,0
민정당,소득,1973-11,0
민정당,소득,1973-12,0
민정당,소득,1974-08,0
민정당,소득,1974-09,0
민정당,소득,1974-10,0
민정당,소득,1974-11,0
민정당,소득,1974-12,0
민정당,소득,1975-03,0
민정당,소득,1975-05,0
민정당,소득,1975-06,0
민정당,소득,1975-07,0
민정당,소득,1975-09,0
민정당,소득,1975-10,0
민정당,소득,1975-11,0
민정당,소득,1975-12,0
민정당,소득,1976-03,0
민정당,소득,1976-09,0
민정당,소득,1976-10,0
민정당,소득,1976-11,0
민정당,소득,1976-12,0
민정당,소득,1977-06,0
민정당,소득,1977-07,0
민정당,소득,1977-09,0
민정당,소득,1977-10,0
민정당,소득,1977-11,0
민정당,소득,1977-12,0
민정당,소득,1978-02,0
민정당,소득,1978-03,0
민정당,소득,1978-09,0
민정당,소득,1978-10,0
민정당,소득,1978-11,0
민정당,소득,1979-03,0
민정당,소득,1979-07,0
민정당,소득,1979-09,0
민정당,소득,1979-10,0
민주당,소득,1963-12,14
민주당,소득,1964-01,28
민주당,소득,1964-02,85
민주당,소득,1964-03,12
민주당,소득,1964-04,46
민주당,소득,1964-05,45
민주당,소득,1964-06,30
민주당,소득,1964-07,30
민주당,소득,1964-08,6
민주당,소득,1964-09,14
민주당,소득,1964-10,161
민주당,소득,1964-11,265
민주당,소득,1964-12,33
민주당,소득,1965-01,17
민주당,소득,1965-02,1
민주당,소득,1965-03,75
민주당,소득,1965-04,8
민주당,소득,1965-05,18
민주당,소득,1965-06,39
민주당,소득,1965-07,13
민주당,소득,1965-08,7
민주당,소득,1965-09,0
민주당,소득,1965-10,13
민주당,소득,1965-11,97
민주당,소득,1965-12,31
민주당,소득,1966-01,11
민주당,소득,1966-02,25
민주당,소득,1966-03,8
민주당,소득,1966-04,7
민주당,소득,1966-05,0
민주당,소득,1966-06,31
민주당,소득,1966-07,26
민주당,소득,1966-08,9
민주당,소득,1966-09,22
민주당,소득,1966-10,60
민주당,소득,1966-11,160
민주당,소득,1966-12,56
민주당,소득,1967-01,12
민주당,소득,1967-02,4
민주당,소득,1967-03,6
민주당,소득,1967-07,0
민주당,소득,1967-08,0
민주당,소득,1967-09,0
민주당,소득,1967-10,0
민주당,소득,1967-11,0
민주당,소득,1967-12,0
민주당,소득,1968-01,0
민주당,소득,1968-02,0
민주당,소득,1968-03,0
민주당,소득,1968-04,0
민주당,소득,1968-05,0
민주당,소득,1968-06,0
민주당,소득,1968-07,0
민주당,소득,1968-08,0
민주당,소득,1968-09,0
민주당,소득,1968-10,0
민주당,소득,1968-11,0
민주당,소득,1968-12,0
민주당,소득,1969-01,0
민주당,소득,1969-02,0
민주당,소득,1969-03,0
민주당,소득,1969-04,0
민주당,소득,1969-05,0
민주당,소득,1969-06,0
민주당,소득,1969-07,0
민주당,소득,1969-08,0
민주당,소득,1969-09,0
민주당,소득,1969-11,0
민주당,소득,1969-12,0
민주당,소득,1970-01,0
민주당,소득,1970-02,0
민주당,소득,1970-03,0
민주당,소득,1970-04,0
민주당,소득,1970-05,0
민주당,소득,1970-06,0
민주당,소득,1970-07,0
민주당,소득,1970-08,0
민주당,소득,1970-09,0
민주당,소득,1970-10,0
민주당,소득,1970-11,0
민주당,소득,1970-12,0
민주당,소득,1971-01,0
민주당,소득,1971-03,0
민주당,소득,1971-07,0
민주당,소득,1971-08,0
민주당,소득,1971-09,0
민주당,소득,1971-10,0
민주당,소득,1971-11,0
민주당,소득,1971-12,0
민주당,소득,1972-01,0
민주당,소득,1972-03,0
민주당,소득,1972-05,0
민주당,소득,1972-07,0
민주당,소득,1972-08,0
민주당,소득,1972-09,0
민주당,소득,1972-10,0
민주당,소득,1973-03,0
민주당,소득,1973-05,0
민주당,소득,1973-06,0
민주당,소득,1973-09,0
민주당,소득,1973-10,0
민주당,소득,1973-11,0
민주당,소득,1973-12,0
민주당,소득,1974-08,0
민주당,소득,1974-09,0
민주당,소득,1974-10,0
민주당,소득,1974-11,0
민주당,소득,1974-12,0
민주당,소득,1975-03,0
민주당,소득,1975-05,0
민주당,소득,1975-06,0
민주당,소득,1975-07,0
민주당,소득,1975-09,0
민주당,소득,1975-10,0
민주당,소득,1975-11,0
민주당,소득,1975-12,0
민주당,소득,1976-03,0
민주당,소득,1976-09,0
민주당,소득,1976-10,0
민주당,소득,1976-11,0
민주당,소득,1976-12,0
민주당,소득,1977-06,0
민주당,소득,1977-07,0
민주당,소득,1977-09,0
민주당,소득,1977-10,0
민주당,소득,1977-11,0
민주당,소득,1977-12,0
민주당,소득,1978-02,0
민주당,소득,1978-03,0
민주당,소득,1978-09,0
민주당,소득,1978-10,0
민주당,소득,1978-11,0
민주당,소득,1979-03,0
민주당,소득,1979-07,0
민주당,소득,1979-09,0
민주당,소득,1979-10,0
자유민주당,소득,1963-12,11
자유민주당,소득,1964-01,21
자유민주당,소득,1964-02,22
자유민주당,소득,1964-03,17
자유민주당,소득,1964-04,13
자유민주당,소득,1964-05,24
자유민주당,소득,1964-06,8
자유민주당,소득,1964-07,4
자유민주당,소득,1964-08,1
자유민주당,소득,1964-09,44
자유민주당,소득,1964-10,57
자유민주당,소득,1964-11,130
자유민주당,소득,1964-12,14
자유민주당,소득,1965-01,7
자유민주당,소득,1965-02,1
자유민주당,소득,1965-03,9
자유민주당,소득,1965-04,3
자유민주당,소득,1965-05,10
자유민주당,소득,1965-06,21
자유민주당,소득,1965-07,0
자유민주당,소득,1965-08,5
자유민주당,소득,1965-09,0
자유민주당,소득,1965-10,9
자유민주당,소득,1965-11,78
자유민주당,소득,1965-12,23
자유민주당,소득,1966-01,5
자유민주당,소득,1966-02,6
자유민주당,소득,1966-03,23
자유민주당,소득,1966-04,4
자유민주당,소득,1966-05,1
자유민주당,소득,1966-06,12
자유민주당,소득,1966-07,19
자유민주당,소득,1966-08,11
자유민주당,소득,1966-09,28
자유민주당,소득,1966-10,25
자유민주당,소득,1966-11,82
자유민주당,소득,1966-12,6
자유민주당,소득,1967-01,15
자유민주당,소득,1967-02,2
자유민주당,소득,1967-03,1
자유민주당,소득,1967-07,0
자유민주당,소득,1967-08,0
자유민주당,소득,1967-09,0
자유민주당,소득,1967-10,0
자유민주당,소득,1967-11,0
자유민주당,소득,1967-12,0
자유민주당,소득,1968-01,0
자유민주당,소득,1968-02,0
자유민주당,소득,1968-03,0
자유민주당,소득,1968-04,0
자유민주당,소득,1968-05,0
자유민주당,소득,1968-06,0
자유민주당,소득,1968-07,0
자유민주당,소득,1968-08,0
자유민주당,소득,1968-09,0
자유민주당,소득,1968-10,0
자유민주당,소득,1968-11,0
자유민주당,소득,1968-12,0
자유민주당,소득,1969-01,0
자유민주당,소득,1969-02,0
자유민주당,소득,1969-03,0
자유민주당,소득,1969-04,0
자유민주당,소득,1969-05,0
자유민주당,소득,1969-06,0
자유민주당,소득,1969-07,0
자유민주당,소득,1969-08,0
자유민주당,소득,1969-09,0
자유민주당,소득,1969-11,0
자유민주당,소득,1969-12,0
자유민주당,소득,1970-01,0
자유민주당,소득,1970-02,0
자유민주당,소득,1970-03,0
자유민주당,소득,1970-04,0
자유민주당,소득,1970-05,0
자유민주당,소득,1970-06,0
자유민주당,소득,1970-07,0
자유민주당,소득,1970-08,0
자유민주당,소득,1970-09,0
자유민주당,소득,1970-10,0
자유민주당,소득,1970-11,0
자유민주당,소득,1970-12,0
자유민주당,소득,1971-01,0
자유민주당,소득,1971-03,0
자유민주당,소득,1971-07,0
자유민주당,소득,1971-08,0
자유민주당,소득,1971-09,0
자유민주당,소득,1971-10,0
자유민주당,소득,1971-11,0
자유민주당,소득,1971-12,0
자유민주당,소득,1972-01,0
자유민주당,소득,1972-03,0
자유민주당,소득,1972-05,0
자유민주당,소득,1972-07,0
자유민주당,소득,1972-08,0
자유민주당,소득,1972-09,0
자유민주당,소득,1972-10,0
자유민주당,소득,1973-03,0
자유민주당,소득,1973-05,0
자유민주당,소득,1973-06,0
자유민주당,소득,1973-09,0
자유민주당,소득,1973-10,0
자유민주당,소득,1973-11,0
자유민주당,소득,1973-12,0
자유민주당,소득,1974-08,0
자유민주당,소득,1974-09,0
자유민주당,소득,1974-10,0
자유민주당,소득,1974-11,0
자유민주당,소득,1974-12,0
자유민주당,소득,1975-03,0
자유민주당,소득,1975-05,0
자유민주당,소득,1975-06,0
자유민주당,소득,1975-07,0
자유민주당,소득,1975-09,0
자유민주당,소득,1975-10,0
자유민주당,소득,1975-11,0
자유민주당,소득,1975-12,0
자유민주당,소득,1976-03,0
자유민주당,소득,1976-09,0
자유민주당,소득,1976-10,0
자유민주당,소득,1976-11,0
자유민주당,소득,1976-12,0
자유민주당,소득,1977-06,0
자유민주당,소득,1977-07,0
자유민주당,소득,1977-09,0
자유민주당,소득,1977-10,0
자유민주당,소득,1977-11,0
자유민주당,소득,1977-12,0
자유민주당,소득,1978-02,0
자유민주당,소득,1978-03,0
자유민주당,소득,1978-09,0
자유민주당,소득,1978-10,0
자유민주당,소득,1978-11,0
자유민주당,소득,1979-03,0
자유민주당,소득,1979-07,0
자유민주당,소득,1979-09,0
자유민주당,소득,1979-10,0
민중당,소득,1963-12,1
민중당,소득,1964-01,5
민중당,소득,1964-02,5
민중당,소득,1964-03,1
민중당,소득,1964-04,3
민중당,소득,1964-05,2
민중당,소득,1964-06,3
민중당,소득,1964-07,0
민중당,소득,1964-08,1
민중당,소득,1964-09,6
민중당,소득,1964-10,7
민중당,소득,1964-11,4
민중당,소득,1964-12,1
민중당,소득,1965-01,0
민중당,소득,1965-02,0
민중당,소득,1965-03,5
민중당,소득,1965-04,2
민중당,소득,1965-05,0
민중당,소득,1965-06,0
민중당,소득,1965-07,0
민중당,소득,1965-08,0
민중당,소득,1965-09,0
민중당,소득,1965-10,0
민중당,소득,1965-11,21
민중당,소득,1965-12,12
민중당,소득,1966-01,3
민중당,소득,1966-02,10
민중당,소득,1966-03,27
민중당,소득,1966-04,23
민중당,소득,1966-05,0
민중당,소득,1966-06,13
민중당,소득,1966-07,35
민중당,소득,1966-08,9
민중당,소득,1966-09,25
민중당,소득,1966-10,21
민중당,소득,1966-11,56
민중당,소득,1966-12,31
민중당,소득,1967-01,2
민중당,소득,1967-02,0
민중당,소득,1967-03,5
민중당,소득,1967-07,0
민중당,소득,1967-08,0
민중당,소득,1967-09,0
민중당,소득,1967-10,0
민중당,소득,1967-11,0
민중당,소득,1967-12,0
민중당,소득,1968-01,0
민중당,소득,1968-02,0
민중당,소득,1968-03,0
민중당,소득,1968-04,0
민중당,소득,1968-05,0
민중당,소득,1968-06,0
민중당,소득,1968-07,0
민중당,소득,1968-08,0
민중당,소득,1968-09,0
민중당,소득,1968-10,0
민중당,소득,1968-11,0
민중당,소득,1968-12,0
민중당,소득,1969-01,0
민중당,소득,1969-02,0
민중당,소득,1969-03,0
민중당,소득,1969-04,0
민중당,소득,1969-05,0
민중당,소득,1969-06,0
민중당,소득,1969-07,0
민중당,소득,1969-08,0
민중당,소득,1969-09,0
민중당,소득,1969-11,0
민중당,소득,1969-12,0
민중당,소득,1970-01,0
민중당,소득,1970-02,0
민중당,소득,1970-03,0
민중당,소득,1970-04,0
민중당,소득,1970-05,0
민중당,소득,1970-06,0
민중당,소득,1970-07,0
민중당,소득,1970-08,0
민중당,소득,1970-09,0
민중당,소득,1970-10,0
민중당,소득,1970-11,0
민중당,소득,1970-12,0
민중당,소득,1971-01,0
민중당,소득,1971-03,0
민중당,소득,1971-07,0
민중당,소득,1971-08,1
민중당,소득,1971-09,1
민중당,소득,1971-10,0
민중당,소득,1971-11,3
민중당,소득,1971-12,0
민중당,소득,1972-01,0
민중당,소득,1972-03,0
민중당,소득,1972-05,0
민중당,소득,1972-07,0
민중당,소득,1972-08,1
민중당,소득,1972-09,0
민중당,소득,1972-10,5
민중당,소득,1973-03,0
민중당,소득,1973-05,0
민중당,소득,1973-06,0
민중당,소득,1973-09,0
민중당,소득,1973-10,0
민중당,소득,1973-11,0
민중당,소득,1973-12,0
민중당,소득,1974-08,0
민중당,소득,1974-09,0
민중당,소득,1974-10,0
민중당,소득,1974-11,0
민중당,소득,1974-12,0
민중당,소득,1975-03,0
민중당,소득,1975-05,0
민중당,소득,1975-06,0
민중당,소득,1975-07,0
민중당,소득,1975-09,0
민중당,소득,1975-10,0
민중당,소득,1975-11,0
민중당,소득,1975-12,0
민중당,소득,1976-03,0
민중당,소득,1976-09,0
민중당,소득,1976-10,0
민중당,소득,1976-11,0
민중당,소득,1976-12,0
민중당,소득,1977-06,0
민중당,소득,1977-07,0
민중당,소득,1977-09,0
민중당,소득,1977-10,0
민중당,소득,1977-11,0
민중당,소득,1977-12,0
민중당,소득,1978-02,0
민중당,소득,1978-03,0
민중당,소득,1978-09,0
민중당,소득,1978-10,0
민중당,소득,1978-11,0
민중당,소득,1979-03,0
민중당,소득,1979-07,0
민중당,소득,1979-09,0
민중당,소득,1979-10,0
무소속,소득,1963-12,2
무소속,소득,1964-01,2
무소속,소득,1964-02,8
무소속,소득,1964-03,1
무소속,소득,1964-04,16
무소속,소득,1964-05,15
무소속,소득,1964-06,9
무소속,소득,1964-07,6
무소속,소득,1964-08,1
무소속,소득,1964-09,7
무소속,소득,1964-10,46
무소속,소득,1964-11,47
무소속,소득,1964-12,23
무소속,소득,1965-01,3
무소속,소득,1965-02,0
무소속,소득,1965-03,11
무소속,소득,1965-04,2
무소속,소득,1965-05,2
무소속,소득,1965-06,28
무소속,소득,1965-07,0
무소속,소득,1965-08,8
무소속,소득,1965-09,1
무소속,소득,1965-10,11
무소속,소득,1965-11,32
무소속,소득,1965-12,12
무소속,소득,1966-01,8
무소속,소득,1966-02,17
무소속,소득,1966-03,7
무소속,소득,1966-04,8
무소속,소득,1966-05,0
무소속,소득,1966-06,16
무소속,소득,1966-07,8
무소속,소득,1966-08,1
무소속,소득,1966-09,3
무소속,소득,1966-10,18
무소속,소득,1966-11,49
무소속,소득,1966-12,10
무소속,소득,1967-01,6
무소속,소득,1967-02,1
무소속,소득,1967-03,3
무소속,소득,1967-07,0
무소속,소득,1967-08,0
무소속,소득,1967-09,0
무소속,소득,1967-10,14
무소속,소득,1967-11,4
무소속,소득,1967-12,2
무소속,소득,1968-01,0
무소속,소득,1968-02,1
무소속,소득,1968-03,0
무소속,소득,1968-04,2
무소속,소득,1968-05,0
무소속,소득,1968-06,10
무소속,소득,1968-07,3
무소속,소득,1968-08,0
무소속,소득,1968-09,0
무소속,소득,1968-10,20
무소속,소득,1968-11,22
무소속,소득,1968-12,4
무소속,소득,1969-01,0
무소속,소득,1969-02,0
무소속,소득,1969-03,0
무소속,소득,1969-04,1
무소속,소득,1969-05,0
무소속,소득,1969-06,0
무소속,소득,1969-07,1
무소속,소득,1969-08,0
무소속,소득,1969-09,0
무소속,소득,1969-11,0
무소속,소득,1969-12,0
무소속,소득,1970-01,0
무소속,소득,1970-02,0
무소속,소득,1970-03,0
무소속,소득,1970-04,0
무소속,소득,1970-05,1
무소속,소득,1970-06,0
무소속,소득,1970-07,0
무소속,소득,1970-08,0
무소속,소득,1970-09,6
무소속,소득,1970-10,22
무소속,소득,1970-11,15
무소속,소득,1970-12,0
무소속,소득,1971-01,0
무소속,소득,1971-03,0
무소속,소득,1971-07,0
무소속,소득,1971-08,0
무소속,소득,1971-09,0
무소속,소득,1971-10,0
무소속,소득,1971-11,4
무소속,소득,1971-12,0
무소속,소득,1972-01,0
무소속,소득,1972-03,0
무소속,소득,1972-05,0
무소속,소득,1972-07,0
무소속,소득,1972-08,0
무소속,소득,1972-09,0
무소속,소득,1972-10,0
무소속,소득,1973-03,0
무소속,소득,1973-05,1
무소속,소득,1973-06,0
무소속,소득,1973-09,2
무소속,소득,1973-10,0
무소속,소득,1973-11,1
무소속,소득,1973-12,1
무소속,소득,1974-08,3
무소속,소득,1974-09,0
무소속,소득,1974-10,3
무소속,소득,1974-11,0
무소속,소득,1974-12,5
무소속,소득,1975-03,1
무소속,소득,1975-05,0
무소속,소득,1975-06,0
무소속,소득,1975-07,5
무소속,소득,1975-09,0
무소속,소득,1975-10,0
무소속,소득,1975-11,1
무소속,소득,1975-12,2
무소속,소득,1976-03,2
무소속,소득,1976-09,0
무소속,소득,1976-10,4
무소속,소득,1976-11,1
무소속,소득,1976-12,1
무소속,소득,1977-06,3
무소속,소득,1977-07,0
무소속,소득,1977-09,0
무소속,소득,1977-10,5
무소속,소득,1977-11,0
무소속,소득,1977-12,2
무소속,소득,1978-02,0
무소속,소득,1978-03,2
무소속,소득,1978-09,0
무소속,소득,1978-10,7
무소속,소득,1978-11,0
무소속,소득,1979-03,2
무소속,소득,1979-07,0
무소속,소득,1979-09,0
무소속,소득,1979-10,0
국민의당,소득,1963-12,3
국민의당,소득,1964-01,8
국민의당,소득,1964-02,26
국민의당,소득,1964-03,4
국민의당,소득,1964-04,9
국민의당,소득,1964-05,12
국민의당,소득,1964-06,10
국민의당,소득,1964-07,8
국민의당,소득,1964-08,0
국민의당,소득,1964-09,2
국민의당,소득,1964-10,90
국민의당,소득,1964-11,118
국민의당,소득,1964-12,9
국민의당,소득,1965-01,8
국민의당,소득,1965-02,1
국민의당,소득,1965-03,26
국민의당,소득,1965-04,2
국민의당,소득,1965-05,2
국민의당,소득,1965-06,6
국민의당,소득,1965-07,3
국민의당,소득,1965-08,1
국민의당,소득,1965-09,0
국민의당,소득,1965-10,1
국민의당,소득,1965-11,17
국민의당,소득,1965-12,7
국민의당,소득,1966-01,0
국민의당,소득,1966-02,6
국민의당,소득,1966-03,18
국민의당,소득,1966-04,2
국민의당,소득,1966-05,0
국민의당,소득,1966-06,4
국민의당,소득,1966-07,13
국민의당,소득,1966-08,0
국민의당,소득,1966-09,4
국민의당,소득,1966-10,4
국민의당,소득,1966-11,20
국민의당,소득,1966-12,3
국민의당,소득,1967-01,2
국민의당,소득,1967-02,3
국민의당,소득,1967-03,0
국민의당,소득,1967-07,0
국민의당,소득,1967-08,0
국민의당,소득,1967-09,0
국민의당,소득,1967-10,0
국민의당,소득,1967-11,0
국민의당,소득,1967-12,0
국민의당,소득,1968-01,0
국민의당,소득,1968-02,0
국민의당,소득,1968-03,0
국민의당,소득,1968-04,0
국민의당,소득,1968-05,0
국민의당,소득,1968-06,0
국민의당,소득,1968-07,0
국민의당,소득,1968-08,0
국민의당,소득,1968-09,0
국민의당,소득,1968-10,0
국민의당,소득,1968-11,0
국민의당,소득,1968-12,0
국민의당,소득,1969-01,0
국민의당,소득,1969-02,0
국민의당,소득,1969-03,0
국민의당,소득,1969-04,0
국민의당,소득,1969-05,0
국민의당,소득,1969-06,0
국민의당,소득,1969-07,0
국민의당,소득,1969-08,0
국민의당,소득,1969-09,0
국민의당,소득,1969-11,0
국민의당,소득,1969-12,0
국민의당,소득,1970-01,0
국민의당,소득,1970-02,0
국민의당,소득,1970-03,0
국민의당,소득,1970-04,0
국민의당,소득,1970-05,0
국민의당,소득,1970-06,0
국민의당,소득,1970-07,0
국민의당,소득,1970-08,0
국민의당,소득,1970-09,0
국민의당,소득,1970-10,0
국민의당,소득,1970-11,0
국민의당,소득,1970-12,0
국민의당,소득,1971-01,0
국민의당,소득,1971-03,0
국민의당,소득,1971-07,0
국민의당,소득,1971-08,0
국민의당,소득,1971-09,0
국민의당,소득,1971-10,0
국민의당,소득,1971-11,0
국민의당,소득,1971-12,0
국민의당,소득,1972-01,0
국민의당,소득,1972-03,0
국민의당,소득,1972-05,0
국민의당,소득,1972-07,0
국민의당,소득,1972-08,0
국민의당,소득,1972-09,0
국민의당,소득,1972-10,0
국민의당,소득,1973-03,0
국민의당,소득,1973-05,0
국민의당,소득,1973-06,0
국민의당,소득,1973-09,0
국민의당,소득,1973-10,0
국민의당,소득,1973-11,0
국민의당,소득,1973-12,0
국민의당,소득,1974-08,0
국민의당,소득,1974-09,0
국민의당,소득,1974-10,0
국민의당,소득,1974-11,0
국민의당,소득,1974-12,0
국민의당,소득,1975-03,0
국민의당,소득,1975-05,0
국민의당,소득,1975-06,0
국민의당,소득,1975-07,0
국민의당,소득,1975-09,0
국민의당,소득,1975-10,0
국민의당,소득,1975-11,0
국민의당,소득,1975-12,0
국민의당,소득,1976-03,0
국민의당,소득,1976-09,0
국민의당,소득,1976-10,0
국민의당,소득,1976-11,0
국민의당,소득,1976-12,0
국민의당,소득,1977-06,0
국민의당,소득,1977-07,0
국민의당,소득,1977-09,0
국민의당,소득,1977-10,0
국민의당,소득,1977-11,0
국민의당,소득,1977-12,0
국민의당,소득,1978-02,0
국민의당,소득,1978-03,0
국민의당,소득,1978-09,0
국민의당,소득,1978-10,0
국민의당,소득,1978-11,0
국민의당,소득,1979-03,0
국민의당,소득,1979-07,0
국민의당,소득,1979-09,0
국민의당,소득,1979-10,0
유신정우회,소득,1963-12,0
유신정우회,소득,1964-01,0
유신정우회,소득,1964-02,0
유신정우회,소득,1964-03,0
유신정우회,소득,1964-04,0
유신정우회,소득,1964-05,0
유신정우회,소득,1964-06,0
유신정우회,소득,1964-07,0
유신정우회,소득,1964-08,0
유신정우회,소득,1964-09,0
유신정우회,소득,1964-10,0
유신정우회,소득,1964-11,0
유신정우회,소득,1964-12,0
유신정우회,소득,1965-01,0
유신정우회,소득,1965-02,0
유신정우회,소득,1965-03,0
유신정우회,소득,1965-04,0
유신정우회,소득,1965-05,0
유신정우회,소득,1965-06,0
유신정우회,소득,1965-07,0
유신정우회,소득,1965-08,0
유신정우회,소득,1965-09,0
유신정우회,소득,1965-10,0
유신정우회,소득,1965-11,0
유신정우회,소득,1965-12,0
유신정우회,소득,1966-01,0
유신정우회,소득,1966-02,0
유신정우회,소득,1966-03,0
유신정우회,소득,1966-04,0
유신정우회,소득,1966-05,0
유신정우회,소득,1966-06,0
유신정우회,소득,1966-07,0
유신정우회,소득,1966-08,0
유신정우회,소득,1966-09,0
유신정우회,소득,1966-10,0
유신정우회,소득,1966-11,0
유신정우회,소득,1966-12,0
유신정우회,소득,1967-01,0
유신정우회,소득,1967-02,0
유신정우회,소득,1967-03,0
유신정우회,소득,1967-07,0
유신정우회,소득,1967-08,0
유신정우회,소득,1967-09,0
유신정우회,소득,1967-10,0
유신정우회,소득,1967-11,0
유신정우회,소득,1967-12,0
유신정우회,소득,1968-01,0
유신정우회,소득,1968-02,0
유신정우회,소득,1968-03,0
유신정우회,소득,1968-04,0
유신정우회,소득,1968-05,0
유신정우회,소득,1968-06,0
유신정우회,소득,1968-07,0
유신정우회,소득,1968-08,0
유신정우회,소득,1968-09,0
유신정우회,소득,1968-10,0
유신정우회,소득,1968-11,0
유신정우회,소득,1968-12,0
유신정우회,소득,1969-01,0
유신정우회,소득,1969-02,0
유신정우회,소득,1969-03,0
유신정우회,소득,1969-04,0
유신정우회,소득,1969-05,0
유신정우회,소득,1969-06,0
유신정우회,소득,1969-07,0
유신정우회,소득,1969-08,0
유신정우회,소득,1969-09,0
유신정우회,소득,1969-11,0
유신정우회,소득,1969-12,0
유신정우회,소득,1970-01,0
유신정우회,소득,1970-02,0
유신정우회,소득,1970-03,0
유신정우회,소득,1970-04,0
유신정우회,소득,1970-05,0
유신정우회,소득,1970-06,0
유신정우회,소득,1970-07,0
유신정우회,소득,1970-08,0
유신정우회,소득,1970-09,0
유신정우회,소득,1970-10,0
유신정우회,소득,1970-11,0
유신정우회,소득,1970-12,0
유신정우회,소득,1971-01,0
유신정우회,소득,1971-03,0
유신정우회,소득,1971-07,0
유신정우회,소득,1971-08,0
유신정우회,소득,1971-09,0
유신정우회,소득,1971-10,0
유신정우회,소득,1971-11,1
유신정우회,소득,1971-12,0
유신정우회,소득,1972-01,0
유신정우회,소득,1972-03,0
유신정우회,소득,1972-05,0
유신정우회,소득,1972-07,0
유신정우회,소득,1972-08,0
유신정우회,소득,1972-09,0
유신정우회,소득,1972-10,2
유신정우회,소득,1973-03,0
유신정우회,소득,1973-05,4
유신정우회,소득,1973-06,4
유신정우회,소득,1973-09,13
유신정우회,소득,1973-10,1
유신정우회,소득,1973-11,3
유신정우회,소득,1973-12,9
유신정우회,소득,1974-08,9
유신정우회,소득,1974-09,2
유신정우회,소득,1974-10,18
유신정우회,소득,1974-11,0
유신정우회,소득,1974-12,13
유신정우회,소득,1975-03,9
유신정우회,소득,1975-05,0
유신정우회,소득,1975-06,0
유신정우회,소득,1975-07,10
유신정우회,소득,1975-09,1
유신정우회,소득,1975-10,10
유신정우회,소득,1975-11,1
유신정우회,소득,1975-12,15
유신정우회,소득,1976-03,1
유신정우회,소득,1976-09,2
유신정우회,소득,1976-10,8
유신정우회,소득,1976-11,10
유신정우회,소득,1976-12,13
유신정우회,소득,1977-06,4
유신정우회,소득,1977-07,2
유신정우회,소득,1977-09,8
유신정우회,소득,1977-10,6
유신정우회,소득,1977-11,2
유신정우회,소득,1977-12,12
유신정우회,소득,1978-02,0
유신정우회,소득,1978-03,4
유신정우회,소득,1978-09,1
유신정우회,소득,1978-10,6
유신정우회,소득,1978-11,11
유신정우회,소득,1979-03,11
유신정우회,소득,1979-07,10
유신정우회,소득,1979-09,1
유신정우회,소득,1979-10,0
통일사회당,소득,1963-12,0
통일사회당,소득,1964-01,0
통일사회당,소득,1964-02,0
통일사회당,소득,1964-03,0
통일사회당,소득,1964-04,0
통일사회당,소득,1964-05,0
통일사회당,소득,1964-06,0
통일사회당,소득,1964-07,0
통일사회당,소득,1964-08,0
통일사회당,소득,1964-09,0
통일사회당,소득,1964-10,0
통일사회당,소득,1964-11,0
통일사회당,소득,1964-12,0
통일사회당,소득,1965-01,0
통일사회당,소득,1965-02,0
통일사회당,소득,1965-03,0
통일사회당,소득,1965-04,0
통일사회당,소득,1965-05,0
통일사회당,소득,1965-06,0
통일사회당,소득,1965-07,0
통일사회당,소득,1965-08,0
통일사회당,소득,1965-09,0
통일사회당,소득,1965-10,0
통일사회당,소득,1965-11,0
통일사회당,소득,1965-12,0
통일사회당,소득,1966-01,0
통일사회당,소득,1966-02,0
통일사회당,소득,1966-03,0
통일사회당,소득,1966-04,0
통일사회당,소득,1966-05,0
통일사회당,소득,1966-06,0
통일사회당,소득,1966-07,0
통일사회당,소득,1966-08,0
통일사회당,소득,1966-09,0
통일사회당,소득,1966-10,0
통일사회당,소득,1966-11,0
통일사회당,소득,1966-12,0
통일사회당,소득,1967-01,0
통일사회당,소득,1967-02,0
통일사회당,소득,1967-03,0
통일사회당,소득,1967-07,0
통일사회당,소득,1967-08,0
통일사회당,소득,1967-09,0
통일사회당,소득,1967-10,0
통일사회당,소득,1967-11,0
통일사회당,소득,1967-12,5
통일사회당,소득,1968-01,0
통일사회당,소득,1968-02,1
통일사회당,소득,1968-03,0
통일사회당,소득,1968-04,2
통일사회당,소득,1968-05,1
통일사회당,소득,1968-06,3
통일사회당,소득,1968-07,1
통일사회당,소득,1968-08,0
통일사회당,소득,1968-09,0
통일사회당,소득,1968-10,5
통일사회당,소득,1968-11,6
통일사회당,소득,1968-12,3
통일사회당,소득,1969-01,0
통일사회당,소득,1969-02,0
통일사회당,소득,1969-03,0
통일사회당,소득,1969-04,4
통일사회당,소득,1969-05,0
통일사회당,소득,1969-06,0
통일사회당,소득,1969-07,0
통일사회당,소득,1969-08,1
통일사회당,소득,1969-09,0
통일사회당,소득,1969-11,0
통일사회당,소득,1969-12,0
통일사회당,소득,1970-01,0
통일사회당,소득,1970-02,0
통일사회당,소득,1970-03,0
통일사회당,소득,1970-04,0
통일사회당,소득,1970-05,0
통일사회당,소득,1970-06,0
통일사회당,소득,1970-07,0
통일사회당,소득,1970-08,0
통일사회당,소득,1970-09,0
통일사회당,소득,1970-10,8
통일사회당,소득,1970-11,0
통일사회당,소득,1970-12,0
통일사회당,소득,1971-01,0
통일사회당,소득,1971-03,0
통일사회당,소득,1971-07,0
통일사회당,소득,1971-08,0
통일사회당,소득,1971-09,0
통일사회당,소득,1971-10,0
통일사회당,소득,1971-11,0
통일사회당,소득,1971-12,0
통일사회당,소득,1972-01,0
통일사회당,소득,1972-03,0
통일사회당,소득,1972-05,0
통일사회당,소득,1972-07,0
통일사회당,소득,1972-08,0
통일사회당,소득,1972-09,0
통일사회당,소득,1972-10,0
통일사회당,소득,1973-03,0
통일사회당,소득,1973-05,0
통일사회당,소득,1973-06,0
통일사회당,소득,1973-09,0
통일사회당,소득,1973-10,0
통일사회당,소득,1973-11,0
통일사회당,소득,1973-12,0
통일사회당,소득,1974-08,0
통일사회당,소득,1974-09,0
통일사회당,소득,1974-10,0
통일사회당,소득,1974-11,0
통일사회당,소득,1974-12,0
통일사회당,소득,1975-03,0
통일사회당,소득,1975-05,0
통일사회당,소득,1975-06,0
통일사회당,소득,1975-07,0
통일사회당,소득,1975-09,0
통일사회당,소득,1975-10,0
통일사회당,소득,1975-11,0
통일사회당,소득,1975-12,0
통일사회당,소득,1976-03,0
통일사회당,소득,1976-09,0
통일사회당,소득,1976-10,0
통일사회당,소득,1976-11,0
통일사회당,소득,1976-12,0
통일사회당,소득,1977-06,0
통일사회당,소득,1977-07,0
통일사회당,소득,1977-09,0
통일사회당,소득,1977-10,0
통일사회당,소득,1977-11,0
통일사회당,소득,1977-12,0
통일사회당,소득,1978-02,0
통일사회당,소득,1978-03,0
통일사회당,소득,1978-09,0
통일사회당,소득,1978-10,0
통일사회당,소득,1978-11,0
통일사회당,소득,1979-03,0
통일사회당,소득,1979-07,0
통일사회당,소득,1979-09,0
통일사회당,소득,1979-10,0
십오구락부,소득,1963-12,0
십오구락부,소득,1964-01,0
십오구락부,소득,1964-02,0
십오구락부,소득,1964-03,0
십오구락부,소득,1964-04,0
십오구락부,소득,1964-05,0
십오구락부,소득,1964-06,0
십오구락부,소득,1964-07,0
십오구락부,소득,1964-08,0
십오구락부,소득,1964-09,0
십오구락부,소득,1964-10,0
십오구락부,소득,1964-11,0
십오구락부,소득,1964-12,0
십오구락부,소득,1965-01,0
십오구락부,소득,1965-02,0
십오구락부,소득,1965-03,0
십오구락부,소득,1965-04,0
십오구락부,소득,1965-05,0
십오구락부,소득,1965-06,0
십오구락부,소득,1965-07,0
십오구락부,소득,1965-08,0
십오구락부,소득,1965-09,0
십오구락부,소득,1965-10,0
십오구락부,소득,1965-11,0
십오구락부,소득,1965-12,0
십오구락부,소득,1966-01,0
십오구락부,소득,1966-02,0
십오구락부,소득,1966-03,0
십오구락부,소득,1966-04,0
십오구락부,소득,1966-05,0
십오구락부,소득,1966-06,0
십오구락부,소득,1966-07,0
십오구락부,소득,1966-08,0
십오구락부,소득,1966-09,0
십오구락부,소득,1966-10,0
십오구락부,소득,1966-11,0
십오구락부,소득,1966-12,0
십오구락부,소득,1967-01,0
십오구락부,소득,1967-02,0
십오구락부,소득,1967-03,0
십오구락부,소득,1967-07,0
십오구락부,소득,1967-08,0
십오구락부,소득,1967-09,0
십오구락부,소득,1967-10,8
십오구락부,소득,1967-11,1
십오구락부,소득,1967-12,0
십오구락부,소득,1968-01,0
십오구락부,소득,1968-02,0
십오구락부,소득,1968-03,0
십오구락부,소득,1968-04,0
십오구락부,소득,1968-05,0
십오구락부,소득,1968-06,0
십오구락부,소득,1968-07,0
십오구락부,소득,1968-08,0
십오구락부,소득,1968-09,0
십오구락부,소득,1968-10,0
십오구락부,소득,1968-11,0
십오구락부,소득,1968-12,0
십오구락부,소득,1969-01,0
십오구락부,소득,1969-02,0
십오구락부,소득,1969-03,0
십오구락부,소득,1969-04,0
십오구락부,소득,1969-05,0
십오구락부,소득,1969-06,0
십오구락부,소득,1969-07,0
십오구락부,소득,1969-08,0
십오구락부,소득,1969-09,0
십오구락부,소득,1969-11,0
십오구락부,소득,1969-12,0
십오구락부,소득,1970-01,0
십오구락부,소득,1970-02,0
십오구락부,소득,1970-03,0
십오구락부,소득,1970-04,0
십오구락부,소득,1970-05,0
십오구락부,소득,1970-06,0
십오구락부,소득,1970-07,0
십오구락부,소득,1970-08,0
십오구락부,소득,1970-09,0
십오구락부,소득,1970-10,0
십오구락부,소득,1970-11,0
십오구락부,소득,1970-12,0
십오구락부,소득,1971-01,0
십오구락부,소득,1971-03,0
십오구락부,소득,1971-07,0
십오구락부,소득,1971-08,0
십오구락부,소득,1971-09,0
십오구락부,소득,1971-10,0
십오구락부,소득,1971-11,0
십오구락부,소득,1971-12,0
십오구락부,소득,1972-01,0
십오구락부,소득,1972-03,0
십오구락부,소득,1972-05,0
십오구락부,소득,1972-07,0
십오구락부,소득,1972-08,0
십오구락부,소득,1972-09,0
십오구락부,소득,1972-10,0
십오구락부,소득,1973-03,0
십오구락부,소득,1973-05,0
십오구락부,소득,1973-06,0
십오구락부,소득,1973-09,0
십오구락부,소득,1973-10,0
십오구락부,소득,1973-11,0
십오구락부,소득,1973-12,0
십오구락부,소득,1974-08,0
십오구락부,소득,1974-09,0
십오구락부,소득,1974-10,0
십오구락부,소득,1974-11,0
십오구락부,소득,1974-12,0
십오구락부,소득,1975-03,0
십오구락부,소득,1975-05,0
십오구락부,소득,1975-06,0
십오구락부,소득,1975-07,0
십오구락부,소득,1975-09,0
십오구락부,소득,1975-10,0
십오구락부,소득,1975-11,0
십오구락부,소득,1975-12,0
십오구락부,소득,1976-03,0
십오구락부,소득,1976-09,0
십오구락부,소득,1976-10,0
십오구락부,소득,1976-11,0
십오구락부,소득,1976-12,0
십오구락부,소득,1977-06,0
십오구락부,소득,1977-07,0
십오구락부,소득,1977-09,0
십오구락부,소득,1977-10,0
십오구락부,소득,1977-11,0
십오구락부,소득,1977-12,0
십오구락부,소득,1978-02,0
십오구락부,소득,1978-03,0
십오구락부,소득,1978-09,0
십오구락부,소득,1978-10,0
십오구락부,소득,1978-11,0
십오구락부,소득,1979-03,0
십오구락부,소득,1979-07,0
십오구락부,소득,1979-09,0
십오구락부,소득,1979-10,0
한국독립당,소득,1963-12,0
한국독립당,소득,1964-01,0
한국독립당,소득,1964-02,0
한국독립당,소득,1964-03,0
한국독립당,소득,1964-04,0
한국독립당,소득,1964-05,0
한국독립당,소득,1964-06,0
한국독립당,소득,1964-07,0
한국독립당,소득,1964-08,0
한국독립당,소득,1964-09,0
한국독립당,소득,1964-10,0
한국독립당,소득,1964-11,0
한국독립당,소득,1964-12,0
한국독립당,소득,1965-01,0
한국독립당,소득,1965-02,0
한국독립당,소득,1965-03,0
한국독립당,소득,1965-04,0
한국독립당,소득,1965-05,0
한국독립당,소득,1965-06,0
한국독립당,소득,1965-07,0
한국독립당,소득,1965-08,0
한국독립당,소득,1965-09,0
한국독립당,소득,1965-10,0
한국독립당,소득,1965-11,0
한국독립당,소득,1965-12,1
한국독립당,소득,1966-01,0
한국독립당,소득,1966-02,0
한국독립당,소득,1966-03,2
한국독립당,소득,1966-04,0
한국독립당,소득,1966-05,0
한국독립당,소득,1966-06,0
한국독립당,소득,1966-07,0
한국독립당,소득,1966-08,0
한국독립당,소득,1966-09,3
한국독립당,소득,1966-10,0
한국독립당,소득,1966-11,0
한국독립당,소득,1966-12,0
한국독립당,소득,1967-01,0
한국독립당,소득,1967-02,0
한국독립당,소득,1967-03,0
한국독립당,소득,1967-07,0
한국독립당,소득,1967-08,0
한국독립당,소득,1967-09,0
한국독립당,소득,1967-10,0
한국독립당,소득,1967-11,0
한국독립당,소득,1967-12,0
한국독립당,소득,1968-01,0
한국독립당,소득,1968-02,0
한국독립당,소득,1968-03,0
한국독립당,소득,1968-04,0
한국독립당,소득,1968-05,0
한국독립당,소득,1968-06,0
한국독립당,소득,1968-07,0
한국독립당,소득,1968-08,0
한국독립당,소득,1968-09,0
한국독립당,소득,1968-10,0
한국독립당,소득,1968-11,0
한국독립당,소득,1968-12,0
한국독립당,소득,1969-01,0
한국독립당,소득,1969-02,0
한국독립당,소득,1969-03,0
한국독립당,소득,1969-04,0
한국독립당,소득,1969-05,0
한국독립당,소득,1969-06,0
한국독립당,소득,1969-07,0
한국독립당,소득,1969-08,0
한국독립당,소득,1969-09,0
한국독립당,소득,1969-11,0
한국독립당,소득,1969-12,0
한국독립당,소득,1970-01,0
한국독립당,소득,1970-02,0
한국독립당,소득,1970-03,0
한국독립당,소득,1970-04,0
한국독립당,소득,1970-05,0
한국독립당,소득,1970-06,0
한국독립당,소득,1970-07,0
한국독립당,소득,1970-08,0
한국독립당,소득,1970-09,0
한국독립당,소득,1970-10,0
한국독립당,소득,1970-11,0
한국독립당,소득,1970-12,0
한국독립당,소득,1971-01,0
한국독립당,소득,1971-03,0
한국독립당,소득,1971-07,0
한국독립당,소득,1971-08,0
한국독립당,소득,1971-09,0
한국독립당,소득,1971-10,0
한국독립당,소득,1971-11,0
한국독립당,소득,1971-12,0
한국독립당,소득,1972-01,0
한국독립당,소득,1972-03,0
한국독립당,소득,1972-05,0
한국독립당,소득,1972-07,0
한국독립당,소득,1972-08,0
한국독립당,소득,1972-09,0
한국독립당,소득,1972-10,0
한국독립당,소득,1973-03,0
한국독립당,소득,1973-05,0
한국독립당,소득,1973-06,0
한국독립당,소득,1973-09,0
한국독립당,소득,1973-10,0
한국독립당,소득,1973-11,0
한국독립당,소득,1973-12,0
한국독립당,소득,1974-08,0
한국독립당,소득,1974-09,0
한국독립당,소득,1974-10,0
한국독립당,소득,1974-11,0
한국독립당,소득,1974-12,0
한국독립당,소득,1975-03,0
한국독립당,소득,1975-05,0
한국독립당,소득,1975-06,0
한국독립당,소득,1975-07,0
한국독립당,소득,1975-09,0
한국독립당,소득,1975-10,0
한국독립당,소득,1975-11,0
한국독립당,소득,1975-12,0
한국독립당,소득,1976-03,0
한국독립당,소득,1976-09,0
한국독립당,소득,1976-10,0
한국독립당,소득,1976-11,0
한국독립당,소득,1976-12,0
한국독립당,소득,1977-06,0
한국독립당,소득,1977-07,0
한국독립당,소득,1977-09,0
한국독립당,소득,1977-10,0
한국독립당,소득,1977-11,0
한국독립당,소득,1977-12,0
한국독립당,소득,1978-02,0
한국독립당,소득,1978-03,0
한국독립당,소득,1978-09,0
한국독립당,소득,1978-10,0
한국독립당,소득,1978-11,0
한국독립당,소득,1979-03,0
한국독립당,소득,1979-07,0
한국독립당,소득,1979-09,0
한국독립당,소득,1979-10,0
민주공화당,노동,1963-12,1
민주공화당,노동,1964-01,17
민주공화당,노동,1964-02,82
민주공화당,노동,1964-03,18
민주공화당,노동,1964-04,39
민주공화당,노동,1964-05,49
민주공화당,노동,1964-06,67
민주공화당,노동,1964-07,112
민주공화당,노동,1964-08,4
민주공화당,노동,1964-09,47
민주공화당,노동,1964-10,59
민주공화당,노동,1964-11,74
민주공화당,노동,1964-12,37
민주공화당,노동,1965-01,37
민주공화당,노동,1965-02,0
민주공화당,노동,1965-03,29
민주공화당,노동,1965-04,21
민주공화당,노동,1965-05,25
민주공화당,노동,1965-06,15
민주공화당,노동,1965-07,6
민주공화당,노동,1965-08,3
민주공화당,노동,1965-09,1
민주공화당,노동,1965-10,20
민주공화당,노동,1965-11,65
민주공화당,노동,1965-12,15
민주공화당,노동,1966-01,9
민주공화당,노동,1966-02,15
민주공화당,노동,1966-03,31
민주공화당,노동,1966-04,7
민주공화당,노동,1966-05,1
민주공화당,노동,1966-06,19
민주공화당,노동,1966-07,73
민주공화당,노동,1966-08,0
민주공화당,노동,1966-09,32
민주공화당,노동,1966-10,75
민주공화당,노동,1966-11,59
민주공화당,노동,1966-12,43
민주공화당,노동,1967-01,10
민주공화당,노동,1967-02,10
민주공화당,노동,1967-03,25
민주공화당,노동,1967-07,1
민주공화당,노동,1967-08,0
민주공화당,노동,1967-09,2
민주공화당,노동,1967-10,101
민주공화당,노동,1967-11,50
민주공화당,노동,1967-12,38
민주공화당,노동,1968-01,0
민주공화당,노동,1968-02,24
민주공화당,노동,1968-03,5
민주공화당,노동,1968-04,27
민주공화당,노동,1968-05,12
민주공화당,노동,1968-06,56
민주공화당,노동,1968-07,6
민주공화당,노동,1968-08,0
민주공화당,노동,1968-09,52
민주공화당,노동,1968-10,79
민주공화당,노동,1968-11,38
민주공화당,노동,1968-12,14
민주공화당,노동,1969-01,0
민주공화당,노동,1969-02,0
민주공화당,노동,1969-03,1
민주공화당,노동,1969-04,33
민주공화당,노동,1969-05,0
민주공화당,노동,1969-06,13
민주공화당,노동,1969-07,15
민주공화당,노동,1969-08,11
민주공화당,노동,1969-09,2
민주공화당,노동,1969-11,8
민주공화당,노동,1969-12,212
민주공화당,노동,1970-01,2
민주공화당,노동,1970-02,0
민주공화당,노동,1970-03,5
민주공화당,노동,1970-04,1
민주공화당,노동,1970-05,25
민주공화당,노동,1970-06,10
민주공화당,노동,1970-07,9
민주공화당,노동,1970-08,1
민주공화당,노동,1970-09,6
민주공화당,노동,1970-10,99
민주공화당,노동,1970-11,40
민주공화당,노동,1970-12,20
민주공화당,노동,1971-01,1
민주공화당,노동,1971-03,0
민주공화당,노동,1971-07,1
민주공화당,노동,1971-08,4
민주공화당,노동,1971-09,9
민주공화당,노동,1971-10,6
민주공화당,노동,1971-11,84
민주공화당,노동,1971-12,9
민주공화당,노동,1972-01,0
민주공화당,노동,1972-03,0
민주공화당,노동,1972-05,0
민주공화당,노동,1972-07,4
민주공화당,노동,1972-08,5
민주공화당,노동,1972-09,5
민주공화당,노동,1972-10,43
민주공화당,노동,1973-03,0
민주공화당,노동,1973-05,2
민주공화당,노동,1973-06,0
민주공화당,노동,1973-09,1
민주공화당,노동,1973-10,0
민주공화당,노동,1973-11,2
민주공화당,노동,1973-12,1
민주공화당,노동,1974-08,1
민주공화당,노동,1974-09,1
민주공화당,노동,1974-10,2
민주공화당,노동,1974-11,0
민주공화당,노동,1974-12,6
민주공화당,노동,1975-03,2
민주공화당,노동,1975-05,0
민주공화당,노동,1975-06,0
민주공화당,노동,1975-07,2
민주공화당,노동,1975-09,0
민주공화당,노동,1975-10,2
민주공화당,노동,1975-11,0
민주공화당,노동,1975-12,3
민주공화당,노동,1976-03,2
민주공화당,노동,1976-09,1
민주공화당,노동,1976-10,7
민주공화당,노동,1976-11,2
민주공화당,노동,1976-12,4
민주공화당,노동,1977-06,3
민주공화당,노동,1977-07,0
민주공화당,노동,1977-09,3
민주공화당,노동,1977-10,7
민주공화당,노동,1977-11,1
민주공화당,노동,1977-12,2
민주공화당,노동,1978-02,0
민주공화당,노동,1978-03,4
민주공화당,노동,1978-09,0
민주공화당,노동,1978-10,3
민주공화당,노동,1978-11,4
민주공화당,노동,1979-03,4
민주공화당,노동,1979-07,7
민주공화당,노동,1979-09,0
민주공화당,노동,1979-10,0
신민당,노동,1963-12,1
신민당,노동,1964-01,5
신민당,노동,1964-02,11
신민당,노동,1964-03,2
신민당,노동,1964-04,7
신민당,노동,1964-05,12
신민당,노동,1964-06,25
신민당,노동,1964-07,23
신민당,노동,1964-08,1
신민당,노동,1964-09,9
신민당,노동,1964-10,13
신민당,노동,1964-11,36
신민당,노동,1964-12,4
신민당,노동,1965-01,8
신민당,노동,1965-02,0
신민당,노동,1965-03,8
신민당,노동,1965-04,1
신민당,노동,1965-05,3
신민당,노동,1965-06,3
신민당,노동,1965-07,0
신민당,노동,1965-08,2
신민당,노동,1965-09,0
신민당,노동,1965-10,0
신민당,노동,1965-11,27
신민당,노동,1965-12,7
신민당,노동,1966-01,2
신민당,노동,1966-02,4
신민당,노동,1966-03,19
신민당,노동,1966-04,6
신민당,노동,1966-05,1
신민당,노동,1966-06,20
신민당,노동,1966-07,40
신민당,노동,1966-08,3
신민당,노동,1966-09,6
신민당,노동,1966-10,30
신민당,노동,1966-11,25
신민당,노동,1966-12,22
신민당,노동,1967-01,4
신민당,노동,1967-02,0
신민당,노동,1967-03,5
신민당,노동,1967-07,0
신민당,노동,1967-08,0
신민당,노동,1967-09,0
신민당,노동,1967-10,1
신민당,노동,1967-11,0
신민당,노동,1967-12,52
신민당,노동,1968-01,0
신민당,노동,1968-02,25
신민당,노동,1968-03,2
신민당,노동,1968-04,15
신민당,노동,1968-05,2
신민당,노동,1968-06,51
신민당,노동,1968-07,6
신민당,노동,1968-08,1
신민당,노동,1968-09,35
신민당,노동,1968-10,81
신민당,노동,1968-11,45
신민당,노동,1968-12,11
신민당,노동,1969-01,0
신민당,노동,1969-02,0
신민당,노동,1969-03,5
신민당,노동,1969-04,19
신민당,노동,1969-05,1
신민당,노동,1969-06,2
신민당,노동,1969-07,29
신민당,노동,1969-08,21
신민당,노동,1969-09,8
신민당,노동,1969-11,0
신민당,노동,1969-12,0
신민당,노동,1970-01,0
신민당,노동,1970-02,0
신민당,노동,1970-03,0
신민당,노동,1970-04,1
신민당,노동,1970-05,36
신민당,노동,1970-06,4
신민당,노동,1970-07,16
신민당,노동,1970-08,0
신민당,노동,1970-09,14
신민당,노동,1970-10,100
신민당,노동,1970-11,51
신민당,노동,1970-12,9
신민당,노동,1971-01,3
신민당,노동,1971-03,0
신민당,노동,1971-07,1
신민당,노동,1971-08,6
신민당,노동,1971-09,22
신민당,노동,1971-10,16
신민당,노동,1971-11,138
신민당,노동,1971-12,9
신민당,노동,1972-01,0
신민당,노동,1972-03,0
신민당,노동,1972-05,0
신민당,노동,1972-07,17
신민당,노동,1972-08,3
신민당,노동,1972-09,11
신민당,노동,1972-10,43
신민당,노동,1973-03,0
신민당,노동,1973-05,0
신민당,노동,1973-06,0
신민당,노동,1973-09,2
신민당,노동,1973-10,0
신민당,노동,1973-11,1
신민당,노동,1973-12,3
신민당,노동,1974-08,2
신민당,노동,1974-09,0
신민당,노동,1974-10,5
신민당,노동,1974-11,0
신민당,노동,1974-12,1
신민당,노동,1975-03,2
신민당,노동,1975-05,0
신민당,노동,1975-06,0
신민당,노동,1975-07,4
신민당,노동,1975-09,0
신민당,노동,1975-10,0
신민당,노동,1975-11,0
신민당,노동,1975-12,3
신민당,노동,1976-03,1
신민당,노동,1976-09,0
신민당,노동,1976-10,9
신민당,노동,1976-11,1
신민당,노동,1976-12,3
신민당,노동,1977-06,2
신민당,노동,1977-07,0
신민당,노동,1977-09,0
신민당,노동,1977-10,3
신민당,노동,1977-11,0
신민당,노동,1977-12,1
신민당,노동,1978-02,0
신민당,노동,1978-03,3
신민당,노동,1978-09,0
신민당,노동,1978-10,6
신민당,노동,1978-11,2
신민당,노동,1979-03,0
신민당,노동,1979-07,5
신민당,노동,1979-09,0
신민당,노동,1979-10,0
민정당,노동,1963-12,1
민정당,노동,1964-01,2
민정당,노동,1964-02,20
민정당,노동,1964-03,9
민정당,노동,1964-04,7
민정당,노동,1964-05,17
민정당,노동,1964-06,4
민정당,노동,1964-07,2
민정당,노동,1964-08,0
민정당,노동,1964-09,14
민정당,노동,1964-10,20
민정당,노동,1964-11,29
민정당,노동,1964-12,7
민정당,노동,1965-01,2
민정당,노동,1965-02,0
민정당,노동,1965-03,6
민정당,노동,1965-04,1
민정당,노동,1965-05,2
민정당,노동,1965-06,2
민정당,노동,1965-07,2
민정당,노동,1965-08,4
민정당,노동,1965-09,0
민정당,노동,1965-10,1
민정당,노동,1965-11,29
민정당,노동,1965-12,1
민정당,노동,1966-01,1
민정당,노동,1966-02,5
민정당,노동,1966-03,8
민정당,노동,1966-04,2
민정당,노동,1966-05,0
민정당,노동,1966-06,4
민정당,노동,1966-07,10
민정당,노동,1966-08,0
민정당,노동,1966-09,1
민정당,노동,1966-10,20
민정당,노동,1966-11,24
민정당,노동,1966-12,16
민정당,노동,1967-01,3
민정당,노동,1967-02,2
민정당,노동,1967-03,2
민정당,노동,1967-07,0
민정당,노동,1967-08,0
민정당,노동,1967-09,0
민정당,노동,1967-10,0
민정당,노동,1967-11,0
민정당,노동,1967-12,0
민정당,노동,1968-01,0
민정당,노동,1968-02,0
민정당,노동,1968-03,0
민정당,노동,1968-04,0
민정당,노동,1968-05,0
민정당,노동,1968-06,0
민정당,노동,1968-07,0
민정당,노동,1968-08,0
민정당,노동,1968-09,0
민정당,노동,1968-10,0
민정당,노동,1968-11,0
민정당,노동,1968-12,0
민정당,노동,1969-01,0
민정당,노동,1969-02,0
민정당,노동,1969-03,0
민정당,노동,1969-04,0
민정당,노동,1969-05,0
민정당,노동,1969-06,0
민정당,노동,1969-07,0
민정당,노동,1969-08,0
민정당,노동,1969-09,0
민정당,노동,1969-11,0
민정당,노동,1969-12,0
민정당,노동,1970-01,0
민정당,노동,1970-02,0
민정당,노동,1970-03,0
민정당,노동,1970-04,0
민정당,노동,1970-05,0
민정당,노동,1970-06,0
민정당,노동,1970-07,0
민정당,노동,1970-08,0
민정당,노동,1970-09,0
민정당,노동,1970-10,0
민정당,노동,1970-11,0
민정당,노동,1970-12,0
민정당,노동,1971-01,0
민정당,노동,1971-03,0
민정당,노동,1971-07,0
민정당,노동,1971-08,0
민정당,노동,1971-09,0
민정당,노동,1971-10,0
민정당,노동,1971-11,0
민정당,노동,1971-12,0
민정당,노동,1972-01,0
민정당,노동,1972-03,0
민정당,노동,1972-05,0
민정당,노동,1972-07,0
민정당,노동,1972-08,0
민정당,노동,1972-09,0
민정당,노동,1972-10,0
민정당,노동,1973-03,0
민정당,노동,1973-05,0
민정당,노동,1973-06,0
민정당,노동,1973-09,0
민정당,노동,1973-10,0
민정당,노동,1973-11,0
민정당,노동,1973-12,0
민정당,노동,1974-08,0
민정당,노동,1974-09,0
민정당,노동,1974-10,0
민정당,노동,1974-11,0
민정당,노동,1974-12,0
민정당,노동,1975-03,0
민정당,노동,1975-05,0
민정당,노동,1975-06,0
민정당,노동,1975-07,0
민정당,노동,1975-09,0
민정당,노동,1975-10,0
민정당,노동,1975-11,0
민정당,노동,1975-12,0
민정당,노동,1976-03,0
민정당,노동,1976-09,0
민정당,노동,1976-10,0
민정당,노동,1976-11,0
민정당,노동,1976-12,0
민정당,노동,1977-06,0
민정당,노동,1977-07,0
민정당,노동,1977-09,0
민정당,노동,1977-10,0
민정당,노동,1977-11,0
민정당,노동,1977-12,0
민정당,노동,1978-02,0
민정당,노동,1978-03,0
민정당,노동,1978-09,0
민정당,노동,1978-10,0
민정당,노동,1978-11,0
민정당,노동,1979-03,0
민정당,노동,1979-07,0
민정당,노동,1979-09,0
민정당,노동,1979-10,0
민주당,노동,1963-12,2
민주당,노동,1964-01,2
민주당,노동,1964-02,7
민주당,노동,1964-03,2
민주당,노동,1964-04,6
민주당,노동,1964-05,9
민주당,노동,1964-06,6
민주당,노동,1964-07,4
민주당,노동,1964-08,0
민주당,노동,1964-09,1
민주당,노동,1964-10,11
민주당,노동,1964-11,28
민주당,노동,1964-12,7
민주당,노동,1965-01,2
민주당,노동,1965-02,0
민주당,노동,1965-03,3
민주당,노동,1965-04,0
민주당,노동,1965-05,1
민주당,노동,1965-06,2
민주당,노동,1965-07,2
민주당,노동,1965-08,2
민주당,노동,1965-09,0
민주당,노동,1965-10,1
민주당,노동,1965-11,12
민주당,노동,1965-12,1
민주당,노동,1966-01,3
민주당,노동,1966-02,1
민주당,노동,1966-03,1
민주당,노동,1966-04,1
민주당,노동,1966-05,0
민주당,노동,1966-06,5
민주당,노동,1966-07,3
민주당,노동,1966-08,1
민주당,노동,1966-09,3
민주당,노동,1966-10,28
민주당,노동,1966-11,21
민주당,노동,1966-12,4
민주당,노동,1967-01,1
민주당,노동,1967-02,0
민주당,노동,1967-03,3
민주당,노동,1967-07,0
민주당,노동,1967-08,0
민주당,노동,1967-09,0
민주당,노동,1967-10,0
민주당,노동,1967-11,0
민주당,노동,1967-12,0
민주당,노동,1968-01,0
민주당,노동,1968-02,0
민주당,노동,1968-03,0
민주당,노동,1968-04,0
민주당,노동,1968-05,0
민주당,노동,1968-06,0
민주당,노동,1968-07,0
민주당,노동,1968-08,0
민주당,노동,1968-09,0
민주당,노동,1968-10,0
민주당,노동,1968-11,0
민주당,노동,1968-12,0
민주당,노동,1969-01,0
민주당,노동,1969-02,0
민주당,노동,1969-03,0
민주당,노동,1969-04,0
민주당,노동,1969-05,0
민주당,노동,1969-06,0
민주당,노동,1969-07,0
민주당,노동,1969-08,0
민주당,노동,1969-09,0
민주당,노동,1969-11,0
민주당,노동,1969-12,0
민주당,노동,1970-01,0
민주당,노동,1970-02,0
민주당,노동,1970-03,0
민주당,노동,1970-04,0
민주당,노동,1970-05,0
민주당,노동,1970-06,0
민주당,노동,1970-07,0
민주당,노동,1970-08,0
민주당,노동,1970-09,0
민주당,노동,1970-10,0
민주당,노동,1970-11,0
민주당,노동,1970-12,0
민주당,노동,1971-01,0
민주당,노동,1971-03,0
민주당,노동,1971-07,0
민주당,노동,1971-08,0
민주당,노동,1971-09,0
민주당,노동,1971-10,0
민주당,노동,1971-11,0
민주당,노동,1971-12,0
민주당,노동,1972-01,0
민주당,노동,1972-03,0
민주당,노동,1972-05,0
민주당,노동,1972-07,0
민주당,노동,1972-08,0
민주당,노동,1972-09,0
민주당,노동,1972-10,0
민주당,노동,1973-03,0
민주당,노동,1973-05,0
민주당,노동,1973-06,0
민주당,노동,1973-09,0
민주당,노동,1973-10,0
민주당,노동,1973-11,0
민주당,노동,1973-12,0
민주당,노동,1974-08,0
민주당,노동,1974-09,0
민주당,노동,1974-10,0
민주당,노동,1974-11,0
민주당,노동,1974-12,0
민주당,노동,1975-03,0
민주당,노동,1975-05,0
민주당,노동,1975-06,0
민주당,노동,1975-07,0
민주당,노동,1975-09,0
민주당,노동,1975-10,0
민주당,노동,1975-11,0
민주당,노동,1975-12,0
민주당,노동,1976-03,0
민주당,노동,1976-09,0
민주당,노동,1976-10,0
민주당,노동,1976-11,0
민주당,노동,1976-12,0
민주당,노동,1977-06,0
민주당,노동,1977-07,0
민주당,노동,1977-09,0
민주당,노동,1977-10,0
민주당,노동,1977-11,0
민주당,노동,1977-12,0
민주당,노동,1978-02,0
민주당,노동,1978-03,0
민주당,노동,1978-09,0
민주당,노동,1978-10,0
민주당,노동,1978-11,0
민주당,노동,1979-03,0
민주당,노동,1979-07,0
민주당,노동,1979-09,0
민주당,노동,1979-10,0
자유민주당,노동,1963-12,1
자유민주당,노동,1964-01,6
자유민주당,노동,1964-02,3
자유민주당,노동,1964-03,0
자유민주당,노동,1964-04,0
자유민주당,노동,1964-05,6
자유민주당,노동,1964-06,0
자유민주당,노동,1964-07,2
자유민주당,노동,1964-08,1
자유민주당,노동,1964-09,3
자유민주당,노동,1964-10,4
자유민주당,노동,1964-11,11
자유민주당,노동,1964-12,3
자유민주당,노동,1965-01,1
자유민주당,노동,1965-02,0
자유민주당,노동,1965-03,3
자유민주당,노동,1965-04,0
자유민주당,노동,1965-05,1
자유민주당,노동,1965-06,0
자유민주당,노동,1965-07,1
자유민주당,노동,1965-08,2
자유민주당,노동,1965-09,0
자유민주당,노동,1965-10,3
자유민주당,노동,1965-11,4
자유민주당,노동,1965-12,1
자유민주당,노동,1966-01,0
자유민주당,노동,1966-02,1
자유민주당,노동,1966-03,1
자유민주당,노동,1966-04,1
자유민주당,노동,1966-05,0
자유민주당,노동,1966-06,1
자유민주당,노동,1966-07,6
자유민주당,노동,1966-08,1
자유민주당,노동,1966-09,0
자유민주당,노동,1966-10,2
자유민주당,노동,1966-11,7
자유민주당,노동,1966-12,1
자유민주당,노동,1967-01,3
자유민주당,노동,1967-02,0
자유민주당,노동,1967-03,0
자유민주당,노동,1967-07,0
자유민주당,노동,1967-08,0
자유민주당,노동,1967-09,0
자유민주당,노동,1967-10,0
자유민주당,노동,1967-11,0
자유민주당,노동,1967-12,0
자유민주당,노동,1968-01,0
자유민주당,노동,1968-02,0
자유민주당,노동,1968-03,0
자유민주당,노동,1968-04,0
자유민주당,노동,1968-05,0
자유민주당,노동,1968-06,0
자유민주당,노동,1968-07,0
자유민주당,노동,1968-08,0
자유민주당,노동,1968-09,0
자유민주당,노동,1968-10,0
자유민주당,노동,1968-11,0
자유민주당,노동,1968-12,0
자유민주당,노동,1969-01,0
자유민주당,노동,1969-02,0
자유민주당,노동,1969-03,0
자유민주당,노동,1969-04,0
자유민주당,노동,1969-05,0
자유민주당,노동,1969-06,0
자유민주당,노동,1969-07,0
자유민주당,노동,1969-08,0
자유민주당,노동,1969-09,0
자유민주당,노동,1969-11,0
자유민주당,노동,1969-12,0
자유민주당,노동,1970-01,0
자유민주당,노동,1970-02,0
자유민주당,노동,1970-03,0
자유민주당,노동,1970-04,0
자유민주당,노동,1970-05,0
자유민주당,노동,1970-06,0
자유민주당,노동,1970-07,0
자유민주당,노동,1970-08,0
자유민주당,노동,1970-09,0
자유민주당,노동,1970-10,0
자유민주당,노동,1970-11,0
자유민주당,노동,1970-12,0
자유민주당,노동,1971-01,0
자유민주당,노동,1971-03,0
자유민주당,노동,1971-07,0
자유민주당,노동,1971-08,0
자유민주당,노동,1971-09,0
자유민주당,노동,1971-10,0
자유민주당,노동,1971-11,0
자유민주당,노동,1971-12,0
자유민주당,노동,1972-01,0
자유민주당,노동,1972-03,0
자유민주당,노동,1972-05,0
자유민주당,노동,1972-07,0
자유민주당,노동,1972-08,0
자유민주당,노동,1972-09,0
자유민주당,노동,1972-10,0
자유민주당,노동,1973-03,0
자유민주당,노동,1973-05,0
자유민주당,노동,1973-06,0
자유민주당,노동,1973-09,0
자유민주당,노동,1973-10,0
자유민주당,노동,1973-11,0
자유민주당,노동,1973-12,0
자유민주당,노동,1974-08,0
자유민주당,노동,1974-09,0
자유민주당,노동,1974-10,0
자유민주당,노동,1974-11,0
자유민주당,노동,1974-12,0
자유민주당,노동,1975-03,0
자유민주당,노동,1975-05,0
자유민주당,노동,1975-06,0
자유민주당,노동,1975-07,0
자유민주당,노동,1975-09,0
자유민주당,노동,1975-10,0
자유민주당,노동,1975-11,0
자유민주당,노동,1975-12,0
자유민주당,노동,1976-03,0
자유민주당,노동,1976-09,0
자유민주당,노동,1976-10,0
자유민주당,노동,1976-11,0
자유민주당,노동,1976-12,0
자유민주당,노동,1977-06,0
자유민주당,노동,1977-07,0
자유민주당,노동,1977-09,0
자유민주당,노동,1977-10,0
자유민주당,노동,1977-11,0
자유민주당,노동,1977-12,0
자유민주당,노동,1978-02,0
자유민주당,노동,1978-03,0
자유민주당,노동,1978-09,0
자유민주당,노동,1978-10,0
자유민주당,노동,1978-11,0
자유민주당,노동,1979-03,0
자유민주당,노동,1979-07,0
자유민주당,노동,1979-09,0
자유민주당,노동,1979-10,0
민중당,노동,1963-12,0
민중당,노동,1964-01,2
민중당,노동,1964-02,1
민중당,노동,1964-03,0
민중당,노동,1964-04,0
민중당,노동,1964-05,0
민중당,노동,1964-06,0
민중당,노동,1964-07,0
민중당,노동,1964-08,0
민중당,노동,1964-09,1
민중당,노동,1964-10,0
민중당,노동,1964-11,0
민중당,노동,1964-12,0
민중당,노동,1965-01,0
민중당,노동,1965-02,0
민중당,노동,1965-03,0
민중당,노동,1965-04,0
민중당,노동,1965-05,0
민중당,노동,1965-06,0
민중당,노동,1965-07,0
민중당,노동,1965-08,0
민중당,노동,1965-09,0
민중당,노동,1965-10,0
민중당,노동,1965-11,1
민중당,노동,1965-12,0
민중당,노동,1966-01,1
민중당,노동,1966-02,0
민중당,노동,1966-03,1
민중당,노동,1966-04,4
민중당,노동,1966-05,0
민중당,노동,1966-06,0
민중당,노동,1966-07,1
민중당,노동,1966-08,0
민중당,노동,1966-09,6
민중당,노동,1966-10,0
민중당,노동,1966-11,6
민중당,노동,1966-12,5
민중당,노동,1967-01,0
민중당,노동,1967-02,0
민중당,노동,1967-03,0
민중당,노동,1967-07,0
민중당,노동,1967-08,0
민중당,노동,1967-09,0
민중당,노동,1967-10,0
민중당,노동,1967-11,0
민중당,노동,1967-12,0
민중당,노동,1968-01,0
민중당,노동,1968-02,0
민중당,노동,1968-03,0
민중당,노동,1968-04,0
민중당,노동,1968-05,0
민중당,노동,1968-06,0
민중당,노동,1968-07,0
민중당,노동,1968-08,0
민중당,노동,1968-09,0
민중당,노동,1968-10,0
민중당,노동,1968-11,0
민중당,노동,1968-12,0
민중당,노동,1969-01,0
민중당,노동,1969-02,0
민중당,노동,1969-03,0
민중당,노동,1969-04,0
민중당,노동,1969-05,0
민중당,노동,1969-06,0
민중당,노동,1969-07,0
민중당,노동,1969-08,0
민중당,노동,1969-09,0
민중당,노동,1969-11,0
민중당,노동,1969-12,0
민중당,노동,1970-01,0
민중당,노동,1970-02,0
민중당,노동,1970-03,0
민중당,노동,1970-04,0
민중당,노동,1970-05,0
민중당,노동,1970-06,0
민중당,노동,1970-07,0
민중당,노동,1970-08,0
민중당,노동,1970-09,0
민중당,노동,1970-10,0
민중당,노동,1970-11,0
민중당,노동,1970-12,0
민중당,노동,1971-01,0
민중당,노동,1971-03,0
민중당,노동,1971-07,0
민중당,노동,1971-08,0
민중당,노동,1971-09,0
민중당,노동,1971-10,0
민중당,노동,1971-11,0
민중당,노동,1971-12,0
민중당,노동,1972-01,0
민중당,노동,1972-03,0
민중당,노동,1972-05,0
민중당,노동,1972-07,0
민중당,노동,1972-08,0
민중당,노동,1972-09,0
민중당,노동,1972-10,1
민중당,노동,1973-03,0
민중당,노동,1973-05,0
민중당,노동,1973-06,0
민중당,노동,1973-09,0
민중당,노동,1973-10,0
민중당,노동,1973-11,0
민중당,노동,1973-12,0
민중당,노동,1974-08,0
민중당,노동,1974-09,0
민중당,노동,1974-10,0
민중당,노동,1974-11,0
민중당,노동,1974-12,0
민중당,노동,1975-03,0
민중당,노동,1975-05,0
민중당,노동,1975-06,0
민중당,노동,1975-07,0
민중당,노동,1975-09,0
민중당,노동,1975-10,0
민중당,노동,1975-11,0
민중당,노동,1975-12,0
민중당,노동,1976-03,0
민중당,노동,1976-09,0
민중당,노동,1976-10,0
민중당,노동,1976-11,0
민중당,노동,1976-12,0
민중당,노동,1977-06,0
민중당,노동,1977-07,0
민중당,노동,1977-09,0
민중당,노동,1977-10,0
민중당,노동,1977-11,0
민중당,노동,1977-12,0
민중당,노동,1978-02,0
민중당,노동,1978-03,0
민중당,노동,1978-09,0
민중당,노동,1978-10,0
민중당,노동,1978-11,0
민중당,노동,1979-03,0
민중당,노동,1979-07,0
민중당,노동,1979-09,0
민중당,노동,1979-10,0
무소속,노동,1963-12,0
무소속,노동,1964-01,0
무소속,노동,1964-02,3
무소속,노동,1964-03,0
무소속,노동,1964-04,2
무소속,노동,1964-05,2
무소속,노동,1964-06,1
무소속,노동,1964-07,0
무소속,노동,1964-08,0
무소속,노동,1964-09,3
무소속,노동,1964-10,1
무소속,노동,1964-11,1
무소속,노동,1964-12,0
무소속,노동,1965-01,0
무소속,노동,1965-02,0
무소속,노동,1965-03,1
무소속,노동,1965-04,0
무소속,노동,1965-05,0
무소속,노동,1965-06,0
무소속,노동,1965-07,0
무소속,노동,1965-08,0
무소속,노동,1965-09,0
무소속,노동,1965-10,1
무소속,노동,1965-11,2
무소속,노동,1965-12,0
무소속,노동,1966-01,1
무소속,노동,1966-02,0
무소속,노동,1966-03,1
무소속,노동,1966-04,2
무소속,노동,1966-05,0
무소속,노동,1966-06,1
무소속,노동,1966-07,2
무소속,노동,1966-08,0
무소속,노동,1966-09,3
무소속,노동,1966-10,0
무소속,노동,1966-11,3
무소속,노동,1966-12,2
무소속,노동,1967-01,1
무소속,노동,1967-02,0
무소속,노동,1967-03,0
무소속,노동,1967-07,0
무소속,노동,1967-08,0
무소속,노동,1967-09,0
무소속,노동,1967-10,1
무소속,노동,1967-11,0
무소속,노동,1967-12,0
무소속,노동,1968-01,0
무소속,노동,1968-02,0
무소속,노동,1968-03,0
무소속,노동,1968-04,0
무소속,노동,1968-05,1
무소속,노동,1968-06,2
무소속,노동,1968-07,0
무소속,노동,1968-08,0
무소속,노동,1968-09,0
무소속,노동,1968-10,3
무소속,노동,1968-11,6
무소속,노동,1968-12,1
무소속,노동,1969-01,0
무소속,노동,1969-02,0
무소속,노동,1969-03,0
무소속,노동,1969-04,0
무소속,노동,1969-05,0
무소속,노동,1969-06,0
무소속,노동,1969-07,1
무소속,노동,1969-08,0
무소속,노동,1969-09,0
무소속,노동,1969-11,0
무소속,노동,1969-12,0
무소속,노동,1970-01,0
무소속,노동,1970-02,0
무소속,노동,1970-03,0
무소속,노동,1970-04,0
무소속,노동,1970-05,0
무소속,노동,1970-06,0
무소속,노동,1970-07,0
무소속,노동,1970-08,0
무소속,노동,1970-09,0
무소속,노동,1970-10,13
무소속,노동,1970-11,0
무소속,노동,1970-12,0
무소속,노동,1971-01,0
무소속,노동,1971-03,0
무소속,노동,1971-07,0
무소속,노동,1971-08,0
무소속,노동,1971-09,0
무소속,노동,1971-10,0
무소속,노동,1971-11,0
무소속,노동,1971-12,0
무소속,노동,1972-01,0
무소속,노동,1972-03,0
무소속,노동,1972-05,0
무소속,노동,1972-07,0
무소속,노동,1972-08,0
무소속,노동,1972-09,0
무소속,노동,1972-10,0
무소속,노동,1973-03,0
무소속,노동,1973-05,0
무소속,노동,1973-06,0
무소속,노동,1973-09,2
무소속,노동,1973-10,0
무소속,노동,1973-11,0
무소속,노동,1973-12,0
무소속,노동,1974-08,1
무소속,노동,1974-09,0
무소속,노동,1974-10,1
무소속,노동,1974-11,0
무소속,노동,1974-12,1
무소속,노동,1975-03,1
무소속,노동,1975-05,0
무소속,노동,1975-06,0
무소속,노동,1975-07,3
무소속,노동,1975-09,0
무소속,노동,1975-10,0
무소속,노동,1975-11,0
무소속,노동,1975-12,1
무소속,노동,1976-03,1
무소속,노동,1976-09,0
무소속,노동,1976-10,3
무소속,노동,1976-11,0
무소속,노동,1976-12,0
무소속,노동,1977-06,1
무소속,노동,1977-07,0
무소속,노동,1977-09,0
무소속,노동,1977-10,4
무소속,노동,1977-11,0
무소속,노동,1977-12,0
무소속,노동,1978-02,0
무소속,노동,1978-03,1
무소속,노동,1978-09,0
무소속,노동,1978-10,6
무소속,노동,1978-11,0
무소속,노동,1979-03,1
무소속,노동,1979-07,0
무소속,노동,1979-09,0
무소속,노동,1979-10,0
국민의당,노동,1963-12,0
국민의당,노동,1964-01,0
국민의당,노동,1964-02,1
국민의당,노동,1964-03,0
국민의당,노동,1964-04,0
국민의당,노동,1964-05,1
국민의당,노동,1964-06,0
국민의당,노동,1964-07,0
국민의당,노동,1964-08,0
국민의당,노동,1964-09,0
국민의당,노동,1964-10,2
국민의당,노동,1964-11,2
국민의당,노동,1964-12,2
국민의당,노동,1965-01,1
국민의당,노동,1965-02,0
국민의당,노동,1965-03,5
국민의당,노동,1965-04,0
국민의당,노동,1965-05,0
국민의당,노동,1965-06,0
국민의당,노동,1965-07,0
국민의당,노동,1965-08,0
국민의당,노동,1965-09,0
국민의당,노동,1965-10,0
국민의당,노동,1965-11,2
국민의당,노동,1965-12,1
국민의당,노동,1966-01,0
국민의당,노동,1966-02,0
국민의당,노동,1966-03,2
국민의당,노동,1966-04,0
국민의당,노동,1966-05,0
국민의당,노동,1966-06,0
국민의당,노동,1966-07,0
국민의당,노동,1966-08,0
국민의당,노동,1966-09,0
국민의당,노동,1966-10,2
국민의당,노동,1966-11,0
국민의당,노동,1966-12,0
국민의당,노동,1967-01,1
국민의당,노동,1967-02,2
국민의당,노동,1967-03,0
국민의당,노동,1967-07,0
국민의당,노동,1967-08,0
국민의당,노동,1967-09,0
국민의당,노동,1967-10,0
국민의당,노동,1967-11,0
국민의당,노동,1967-12,0
국민의당,노동,1968-01,0
국민의당,노동,1968-02,0
국민의당,노동,1968-03,0
국민의당,노동,1968-04,0
국민의당,노동,1968-05,0
국민의당,노동,1968-06,0
국민의당,노동,1968-07,0
국민의당,노동,1968-08,0
국민의당,노동,1968-09,0
국민의당,노동,1968-10,0
국민의당,노동,1968-11,0
국민의당,노동,1968-12,0
국민의당,노동,1969-01,0
국민의당,노동,1969-02,0
국민의당,노동,1969-03,0
국민의당,노동,1969-04,0
국민의당,노동,1969-05,0
국민의당,노동,1969-06,0
국민의당,노동,1969-07,0
국민의당,노동,1969-08,0
국민의당,노동,1969-09,0
국민의당,노동,1969-11,0
국민의당,노동,1969-12,0
국민의당,노동,1970-01,0
국민의당,노동,1970-02,0
국민의당,노동,1970-03,0
국민의당,노동,1970-04,0
국민의당,노동,1970-05,0
국민의당,노동,1970-06,0
국민의당,노동,1970-07,0
국민의당,노동,1970-08,0
국민의당,노동,1970-09,0
국민의당,노동,1970-10,0
국민의당,노동,1970-11,0
국민의당,노동,1970-12,0
국민의당,노동,1971-01,0
국민의당,노동,1971-03,0
국민의당,노동,1971-07,0
국민의당,노동,1971-08,0
국민의당,노동,1971-09,0
국민의당,노동,1971-10,0
국민의당,노동,1971-11,0
국민의당,노동,1971-12,0
국민의당,노동,1972-01,0
국민의당,노동,1972-03,0
국민의당,노동,1972-05,0
국민의당,노동,1972-07,0
국민의당,노동,1972-08,0
국민의당,노동,1972-09,0
국민의당,노동,1972-10,0
국민의당,노동,1973-03,0
국민의당,노동,1973-05,0
국민의당,노동,1973-06,0
국민의당,노동,1973-09,0
국민의당,노동,1973-10,0
국민의당,노동,1973-11,0
국민의당,노동,1973-12,0
국민의당,노동,1974-08,0
국민의당,노동,1974-09,0
국민의당,노동,1974-10,0
국민의당,노동,1974-11,0
국민의당,노동,1974-12,0
국민의당,노동,1975-03,0
국민의당,노동,1975-05,0
국민의당,노동,1975-06,0
국민의당,노동,1975-07,0
국민의당,노동,1975-09,0
국민의당,노동,1975-10,0
국민의당,노동,1975-11,0
국민의당,노동,1975-12,0
국민의당,노동,1976-03,0
국민의당,노동,1976-09,0
국민의당,노동,1976-10,0
국민의당,노동,1976-11,0
국민의당,노동,1976-12,0
국민의당,노동,1977-06,0
국민의당,노동,1977-07,0
국민의당,노동,1977-09,0
국민의당,노동,1977-10,0
국민의당,노동,1977-11,0
국민의당,노동,1977-12,0
국민의당,노동,1978-02,0
국민의당,노동,1978-03,0
국민의당,노동,1978-09,0
국민의당,노동,1978-10,0
국민의당,노동,1978-11,0
국민의당,노동,1979-03,0
국민의당,노동,1979-07,0
국민의당,노동,1979-09,0
국민의당,노동,1979-10,0
유신정우회,노동,1963-12,0
유신정우회,노동,1964-01,0
유신정우회,노동,1964-02,0
유신정우회,노동,1964-03,0
유신정우회,노동,1964-04,0
유신정우회,노동,1964-05,0
유신정우회,노동,1964-06,0
유신정우회,노동,1964-07,0
유신정우회,노동,1964-08,0
유신정우회,노동,1964-09,0
유신정우회,노동,1964-10,0
유신정우회,노동,1964-11,0
유신정우회,노동,1964-12,0
유신정우회,노동,1965-01,0
유신정우회,노동,1965-02,0
유신정우회,노동,1965-03,0
유신정우회,노동,1965-04,0
유신정우회,노동,1965-05,0
유신정우회,노동,1965-06,0
유신정우회,노동,1965-07,0
유신정우회,노동,1965-08,0
유신정우회,노동,1965-09,0
유신정우회,노동,1965-10,0
유신정우회,노동,1965-11,0
유신정우회,노동,1965-12,0
유신정우회,노동,1966-01,0
유신정우회,노동,1966-02,0
유신정우회,노동,1966-03,0
유신정우회,노동,1966-04,0
유신정우회,노동,1966-05,0
유신정우회,노동,1966-06,0
유신정우회,노동,1966-07,0
유신정우회,노동,1966-08,0
유신정우회,노동,1966-09,0
유신정우회,노동,1966-10,0
유신정우회,노동,1966-11,0
유신정우회,노동,1966-12,0
유신정우회,노동,1967-01,0
유신정우회,노동,1967-02,0
유신정우회,노동,1967-03,0
유신정우회,노동,1967-07,0
유신정우회,노동,1967-08,0
유신정우회,노동,1967-09,0
유신정우회,노동,1967-10,0
유신정우회,노동,1967-11,0
유신정우회,노동,1967-12,0
유신정우회,노동,1968-01,0
유신정우회,노동,1968-02,0
유신정우회,노동,1968-03,0
유신정우회,노동,1968-04,0
유신정우회,노동,1968-05,0
유신정우회,노동,1968-06,0
유신정우회,노동,1968-07,0
유신정우회,노동,1968-08,0
유신정우회,노동,1968-09,0
유신정우회,노동,1968-10,0
유신정우회,노동,1968-11,0
유신정우회,노동,1968-12,0
유신정우회,노동,1969-01,0
유신정우회,노동,1969-02,0
유신정우회,노동,1969-03,0
유신정우회,노동,1969-04,0
유신정우회,노동,1969-05,0
유신정우회,노동,1969-06,0
유신정우회,노동,1969-07,0
유신정우회,노동,1969-08,0
유신정우회,노동,1969-09,0
유신정우회,노동,1969-11,0
유신정우회,노동,1969-12,0
유신정우회,노동,1970-01,0
유신정우회,노동,1970-02,0
유신정우회,노동,1970-03,0
유신정우회,노동,1970-04,0
유신정우회,노동,1970-05,0
유신정우회,노동,1970-06,0
유신정우회,노동,1970-07,0
유신정우회,노동,1970-08,0
유신정우회,노동,1970-09,0
유신정우회,노동,1970-10,0
유신정우회,노동,1970-11,0
유신정우회,노동,1970-12,0
유신정우회,노동,1971-01,0
유신정우회,노동,1971-03,0
유신정우회,노동,1971-07,0
유신정우회,노동,1971-08,0
유신정우회,노동,1971-09,0
유신정우회,노동,1971-10,0
유신정우회,노동,1971-11,0
유신정우회,노동,1971-12,0
유신정우회,노동,1972-01,0
유신정우회,노동,1972-03,0
유신정우회,노동,1972-05,0
유신정우회,노동,1972-07,0
유신정우회,노동,1972-08,0
유신정우회,노동,1972-09,0
유신정우회,노동,1972-10,1
유신정우회,노동,1973-03,0
유신정우회,노동,1973-05,0
유신정우회,노동,1973-06,2
유신정우회,노동,1973-09,3
유신정우회,노동,1973-10,1
유신정우회,노동,1973-11,1
유신정우회,노동,1973-12,6
유신정우회,노동,1974-08,4
유신정우회,노동,1974-09,1
유신정우회,노동,1974-10,7
유신정우회,노동,1974-11,0
유신정우회,노동,1974-12,3
유신정우회,노동,1975-03,3
유신정우회,노동,1975-05,0
유신정우회,노동,1975-06,0
유신정우회,노동,1975-07,3
유신정우회,노동,1975-09,0
유신정우회,노동,1975-10,5
유신정우회,노동,1975-11,1
유신정우회,노동,1975-12,6
유신정우회,노동,1976-03,1
유신정우회,노동,1976-09,0
유신정우회,노동,1976-10,3
유신정우회,노동,1976-11,4
유신정우회,노동,1976-12,4
유신정우회,노동,1977-06,2
유신정우회,노동,1977-07,1
유신정우회,노동,1977-09,2
유신정우회,노동,1977-10,2
유신정우회,노동,1977-11,2
유신정우회,노동,1977-12,2
유신정우회,노동,1978-02,0
유신정우회,노동,1978-03,1
유신정우회,노동,1978-09,0
유신정우회,노동,1978-10,4
유신정우회,노동,1978-11,5
유신정우회,노동,1979-03,1
유신정우회,노동,1979-07,2
유신정우회,노동,1979-09,1
유신정우회,노동,1979-10,0
통일사회당,노동,1963-12,0
통일사회당,노동,1964-01,0
통일사회당,노동,1964-02,0
통일사회당,노동,1964-03,0
통일사회당,노동,1964-04,0
통일사회당,노동,1964-05,0
통일사회당,노동,1964-06,0
통일사회당,노동,1964-07,0
통일사회당,노동,1964-08,0
통일사회당,노동,1964-09,0
통일사회당,노동,1964-10,0
통일사회당,노동,1964-11,0
통일사회당,노동,1964-12,0
통일사회당,노동,1965-01,0
통일사회당,노동,1965-02,0
통일사회당,노동,1965-03,0
통일사회당,노동,1965-04,0
통일사회당,노동,1965-05,0
통일사회당,노동,1965-06,0
통일사회당,노동,1965-07,0
통일사회당,노동,1965-08,0
통일사회당,노동,1965-09,0
통일사회당,노동,1965-10,0
통일사회당,노동,1965-11,0
통일사회당,노동,1965-12,0
통일사회당,노동,1966-01,0
통일사회당,노동,1966-02,0
통일사회당,노동,1966-03,0
통일사회당,노동,1966-04,0
통일사회당,노동,1966-05,0
통일사회당,노동,1966-06,0
통일사회당,노동,1966-07,0
통일사회당,노동,1966-08,0
통일사회당,노동,1966-09,0
통일사회당,노동,1966-10,0
통일사회당,노동,1966-11,0
통일사회당,노동,1966-12,0
통일사회당,노동,1967-01,0
통일사회당,노동,1967-02,0
통일사회당,노동,1967-03,0
통일사회당,노동,1967-07,0
통일사회당,노동,1967-08,0
통일사회당,노동,1967-09,0
통일사회당,노동,1967-10,0
통일사회당,노동,1967-11,0
통일사회당,노동,1967-12,0
통일사회당,노동,1968-01,0
통일사회당,노동,1968-02,0
통일사회당,노동,1968-03,0
통일사회당,노동,1968-04,0
통일사회당,노동,1968-05,0
통일사회당,노동,1968-06,0
통일사회당,노동,1968-07,0
통일사회당,노동,1968-08,0
통일사회당,노동,1968-09,0
통일사회당,노동,1968-10,1
통일사회당,노동,1968-11,2
통일사회당,노동,1968-12,0
통일사회당,노동,1969-01,0
통일사회당,노동,1969-02,0
통일사회당,노동,1969-03,0
통일사회당,노동,1969-04,0
통일사회당,노동,1969-05,0
통일사회당,노동,1969-06,0
통일사회당,노동,1969-07,0
통일사회당,노동,1969-08,1
통일사회당,노동,1969-09,0
통일사회당,노동,1969-11,0
통일사회당,노동,1969-12,0
통일사회당,노동,1970-01,0
통일사회당,노동,1970-02,0
통일사회당,노동,1970-03,0
통일사회당,노동,1970-04,0
통일사회당,노동,1970-05,0
통일사회당,노동,1970-06,0
통일사회당,노동,1970-07,0
통일사회당,노동,1970-08,0
통일사회당,노동,1970-09,0
통일사회당,노동,1970-10,4
통일사회당,노동,1970-11,0
통일사회당,노동,1970-12,0
통일사회당,노동,1971-01,0
통일사회당,노동,1971-03,0
통일사회당,노동,1971-07,0
통일사회당,노동,1971-08,0
통일사회당,노동,1971-09,0
통일사회당,노동,1971-10,0
통일사회당,노동,1971-11,0
통일사회당,노동,1971-12,0
통일사회당,노동,1972-01,0
통일사회당,노동,1972-03,0
통일사회당,노동,1972-05,0
통일사회당,노동,1972-07,0
통일사회당,노동,1972-08,0
통일사회당,노동,1972-09,0
통일사회당,노동,1972-10,0
통일사회당,노동,1973-03,0
통일사회당,노동,1973-05,0
통일사회당,노동,1973-06,0
통일사회당,노동,1973-09,0
통일사회당,노동,1973-10,0
통일사회당,노동,1973-11,0
통일사회당,노동,1973-12,0
통일사회당,노동,1974-08,0
통일사회당,노동,1974-09,0
통일사회당,노동,1974-10,0
통일사회당,노동,1974-11,0
통일사회당,노동,1974-12,0
통일사회당,노동,1975-03,0
통일사회당,노동,1975-05,0
통일사회당,노동,1975-06,0
통일사회당,노동,1975-07,0
통일사회당,노동,1975-09,0
통일사회당,노동,1975-10,0
통일사회당,노동,1975-11,0
통일사회당,노동,1975-12,0
통일사회당,노동,1976-03,0
통일사회당,노동,1976-09,0
통일사회당,노동,1976-10,0
통일사회당,노동,1976-11,0
통일사회당,노동,1976-12,0
통일사회당,노동,1977-06,0
통일사회당,노동,1977-07,0
통일사회당,노동,1977-09,0
통일사회당,노동,1977-10,0
통일사회당,노동,1977-11,0
통일사회당,노동,1977-12,0
통일사회당,노동,1978-02,0
통일사회당,노동,1978-03,0
통일사회당,노동,1978-09,0
통일사회당,노동,1978-10,0
통일사회당,노동,1978-11,0
통일사회당,노동,1979-03,0
통일사회당,노동,1979-07,0
통일사회당,노동,1979-09,0
통일사회당,노동,1979-10,0
십오구락부,노동,1963-12,0
십오구락부,노동,1964-01,0
십오구락부,노동,1964-02,0
십오구락부,노동,1964-03,0
십오구락부,노동,1964-04,0
십오구락부,노동,1964-05,0
십오구락부,노동,1964-06,0
십오구락부,노동,1964-07,0
십오구락부,노동,1964-08,0
십오구락부,노동,1964-09,0
십오구락부,노동,1964-10,0
십오구락부,노동,1964-11,0
십오구락부,노동,1964-12,0
십오구락부,노동,1965-01,0
십오구락부,노동,1965-02,0
십오구락부,노동,1965-03,0
십오구락부,노동,1965-04,0
십오구락부,노동,1965-05,0
십오구락부,노동,1965-06,0
십오구락부,노동,1965-07,0
십오구락부,노동,1965-08,0
십오구락부,노동,1965-09,0
십오구락부,노동,1965-10,0
십오구락부,노동,1965-11,0
십오구락부,노동,1965-12,0
십오구락부,노동,1966-01,0
십오구락부,노동,1966-02,0
십오구락부,노동,1966-03,0
십오구락부,노동,1966-04,0
십오구락부,노동,1966-05,0
십오구락부,노동,1966-06,0
십오구락부,노동,1966-07,0
십오구락부,노동,1966-08,0
십오구락부,노동,1966-09,0
십오구락부,노동,1966-10,0
십오구락부,노동,1966-11,0
십오구락부,노동,1966-12,0
십오구락부,노동,1967-01,0
십오구락부,노동,1967-02,0
십오구락부,노동,1967-03,0
십오구락부,노동,1967-07,0
십오구락부,노동,1967-08,0
십오구락부,노동,1967-09,0
십오구락부,노동,1967-10,0
십오구락부,노동,1967-11,1
십오구락부,노동,1967-12,0
십오구락부,노동,1968-01,0
십오구락부,노동,1968-02,0
십오구락부,노동,1968-03,0
십오구락부,노동,1968-04,0
십오구락부,노동,1968-05,0
십오구락부,노동,1968-06,0
십오구락부,노동,1968-07,0
십오구락부,노동,1968-08,0
십오구락부,노동,1968-09,0
십오구락부,노동,1968-10,0
십오구락부,노동,1968-11,0
십오구락부,노동,1968-12,0
십오구락부,노동,1969-01,0
십오구락부,노동,1969-02,0
십오구락부,노동,1969-03,0
십오구락부,노동,1969-04,0
십오구락부,노동,1969-05,0
십오구락부,노동,1969-06,0
십오구락부,노동,1969-07,0
십오구락부,노동,1969-08,0
십오구락부,노동,1969-09,0
십오구락부,노동,1969-11,0
십오구락부,노동,1969-12,0
십오구락부,노동,1970-01,0
십오구락부,노동,1970-02,0
십오구락부,노동,1970-03,0
십오구락부,노동,1970-04,0
십오구락부,노동,1970-05,0
십오구락부,노동,1970-06,0
십오구락부,노동,1970-07,0
십오구락부,노동,1970-08,0
십오구락부,노동,1970-09,0
십오구락부,노동,1970-10,0
십오구락부,노동,1970-11,0
십오구락부,노동,1970-12,0
십오구락부,노동,1971-01,0
십오구락부,노동,1971-03,0
십오구락부,노동,1971-07,0
십오구락부,노동,1971-08,0
십오구락부,노동,1971-09,0
십오구락부,노동,1971-10,0
십오구락부,노동,1971-11,0
십오구락부,노동,1971-12,0
십오구락부,노동,1972-01,0
십오구락부,노동,1972-03,0
십오구락부,노동,1972-05,0
십오구락부,노동,1972-07,0
십오구락부,노동,1972-08,0
십오구락부,노동,1972-09,0
십오구락부,노동,1972-10,0
십오구락부,노동,1973-03,0
십오구락부,노동,1973-05,0
십오구락부,노동,1973-06,0
십오구락부,노동,1973-09,0
십오구락부,노동,1973-10,0
십오구락부,노동,1973-11,0
십오구락부,노동,1973-12,0
십오구락부,노동,1974-08,0
십오구락부,노동,1974-09,0
십오구락부,노동,1974-10,0
십오구락부,노동,1974-11,0
십오구락부,노동,1974-12,0
십오구락부,노동,1975-03,0
십오구락부,노동,1975-05,0
십오구락부,노동,1975-06,0
십오구락부,노동,1975-07,0
십오구락부,노동,1975-09,0
십오구락부,노동,1975-10,0
십오구락부,노동,1975-11,0
십오구락부,노동,1975-12,0
십오구락부,노동,1976-03,0
십오구락부,노동,1976-09,0
십오구락부,노동,1976-10,0
십오구락부,노동,1976-11,0
십오구락부,노동,1976-12,0
십오구락부,노동,1977-06,0
십오구락부,노동,1977-07,0
십오구락부,노동,1977-09,0
십오구락부,노동,1977-10,0
십오구락부,노동,1977-11,0
십오구락부,노동,1977-12,0
십오구락부,노동,1978-02,0
십오구락부,노동,1978-03,0
십오구락부,노동,1978-09,0
십오구락부,노동,1978-10,0
십오구락부,노동,1978-11,0
십오구락부,노동,1979-03,0
십오구락부,노동,1979-07,0
십오구락부,노동,1979-09,0
십오구락부,노동,1979-10,0
한국독립당,노동,1963-12,0
한국독립당,노동,1964-01,0
한국독립당,노동,1964-02,0
한국독립당,노동,1964-03,0
한국독립당,노동,1964-04,0
한국독립당,노동,1964-05,0
한국독립당,노동,1964-06,0
한국독립당,노동,1964-07,0
한국독립당,노동,1964-08,0
한국독립당,노동,1964-09,0
한국독립당,노동,1964-10,0
한국독립당,노동,1964-11,0
한국독립당,노동,1964-12,0
한국독립당,노동,1965-01,0
한국독립당,노동,1965-02,0
한국독립당,노동,1965-03,0
한국독립당,노동,1965-04,0
한국독립당,노동,1965-05,0
한국독립당,노동,1965-06,0
한국독립당,노동,1965-07,0
한국독립당,노동,1965-08,0
한국독립당,노동,1965-09,0
한국독립당,노동,1965-10,0
한국독립당,노동,1965-11,0
한국독립당,노동,1965-12,0
한국독립당,노동,1966-01,0
한국독립당,노동,1966-02,0
한국독립당,노동,1966-03,1
한국독립당,노동,1966-04,0
한국독립당,노동,1966-05,0
한국독립당,노동,1966-06,0
한국독립당,노동,1966-07,0
한국독립당,노동,1966-08,0
한국독립당,노동,1966-09,2
한국독립당,노동,1966-10,0
한국독립당,노동,1966-11,0
한국독립당,노동,1966-12,0
한국독립당,노동,1967-01,0
한국독립당,노동,1967-02,0
한국독립당,노동,1967-03,0
한국독립당,노동,1967-07,0
한국독립당,노동,1967-08,0
한국독립당,노동,1967-09,0
한국독립당,노동,1967-10,0
한국독립당,노동,1967-11,0
한국독립당,노동,1967-12,0
한국독립당,노동,1968-01,0
한국독립당,노동,1968-02,0
한국독립당,노동,1968-03,0
한국독립당,노동,1968-04,0
한국독립당,노동,1968-05,0
한국독립당,노동,1968-06,0
한국독립당,노동,1968-07,0
한국독립당,노동,1968-08,0
한국독립당,노동,1968-09,0
한국독립당,노동,1968-10,0
한국독립당,노동,1968-11,0
한국독립당,노동,1968-12,0
한국독립당,노동,1969-01,0
한국독립당,노동,1969-02,0
한국독립당,노동,1969-03,0
한국독립당,노동,1969-04,0
한국독립당,노동,1969-05,0
한국독립당,노동,1969-06,0
한국독립당,노동,1969-07,0
한국독립당,노동,1969-08,0
한국독립당,노동,1969-09,0
한국독립당,노동,1969-11,0
한국독립당,노동,1969-12,0
한국독립당,노동,1970-01,0
한국독립당,노동,1970-02,0
한국독립당,노동,1970-03,0
한국독립당,노동,1970-04,0
한국독립당,노동,1970-05,0
한국독립당,노동,1970-06,0
한국독립당,노동,1970-07,0
한국독립당,노동,1970-08,0
한국독립당,노동,1970-09,0
한국독립당,노동,1970-10,0
한국독립당,노동,1970-11,0
한국독립당,노동,1970-12,0
한국독립당,노동,1971-01,0
한국독립당,노동,1971-03,0
한국독립당,노동,1971-07,0
한국독립당,노동,1971-08,0
한국독립당,노동,1971-09,0
한국독립당,노동,1971-10,0
한국독립당,노동,1971-11,0
한국독립당,노동,1971-12,0
한국독립당,노동,1972-01,0
한국독립당,노동,1972-03,0
한국독립당,노동,1972-05,0
한국독립당,노동,1972-07,0
한국독립당,노동,1972-08,0
한국독립당,노동,1972-09,0
한국독립당,노동,1972-10,0
한국독립당,노동,1973-03,0
한국독립당,노동,1973-05,0
한국독립당,노동,1973-06,0
한국독립당,노동,1973-09,0
한국독립당,노동,1973-10,0
한국독립당,노동,1973-11,0
한국독립당,노동,1973-12,0
한국독립당,노동,1974-08,0
한국독립당,노동,1974-09,0
한국독립당,노동,1974-10,0
한국독립당,노동,1974-11,0
한국독립당,노동,1974-12,0
한국독립당,노동,1975-03,0
한국독립당,노동,1975-05,0
한국독립당,노동,1975-06,0
한국독립당,노동,1975-07,0
한국독립당,노동,1975-09,0
한국독립당,노동,1975-10,0
한국독립당,노동,1975-11,0
한국독립당,노동,1975-12,0
한국독립당,노동,1976-03,0
한국독립당,노동,1976-09,0
한국독립당,노동,1976-10,0
한국독립당,노동,1976-11,0
한국독립당,노동,1976-12,0
한국독립당,노동,1977-06,0
한국독립당,노동,1977-07,0
한국독립당,노동,1977-09,0
한국독립당,노동,1977-10,0
한국독립당,노동,1977-11,0
한국독립당,노동,1977-12,0
한국독립당,노동,1978-02,0
한국독립당,노동,1978-03,0
한국독립당,노동,1978-09,0
한국독립당,노동,1978-10,0
한국독립당,노동,1978-11,0
한국독립당,노동,1979-03,0
한국독립당,노동,1979-07,0
한국독립당,노동,1979-09,0
한국독립당,노동,1979-10,0
민주공화당,이민,1963-12,0
민주공화당,이민,1964-01,10
민주공화당,이민,1964-02,47
민주공화당,이민,1964-03,13
민주공화당,이민,1964-04,57
민주공화당,이민,1964-05,14
민주공화당,이민,1964-06,4
민주공화당,이민,1964-07,19
민주공화당,이민,1964-08,0
민주공화당,이민,1964-09,11
민주공화당,이민,1964-10,33
민주공화당,이민,1964-11,20
민주공화당,이민,1964-12,1
민주공화당,이민,1965-01,4
민주공화당,이민,1965-02,0
민주공화당,이민,1965-03,11
민주공화당,이민,1965-04,3
민주공화당,이민,1965-05,7
민주공화당,이민,1965-06,3
민주공화당,이민,1965-07,1
민주공화당,이민,1965-08,7
민주공화당,이민,1965-09,0
민주공화당,이민,1965-10,14
민주공화당,이민,1965-11,21
민주공화당,이민,1965-12,5
민주공화당,이민,1966-01,3
민주공화당,이민,1966-02,10
민주공화당,이민,1966-03,9
민주공화당,이민,1966-04,0
민주공화당,이민,1966-05,0
민주공화당,이민,1966-06,9
민주공화당,이민,1966-07,10
민주공화당,이민,1966-08,2
민주공화당,이민,1966-09,2
민주공화당,이민,1966-10,3
민주공화당,이민,1966-11,33
민주공화당,이민,1966-12,18
민주공화당,이민,1967-01,3
민주공화당,이민,1967-02,1
민주공화당,이민,1967-03,0
민주공화당,이민,1967-07,0
민주공화당,이민,1967-08,0
민주공화당,이민,1967-09,0
민주공화당,이민,1967-10,15
민주공화당,이민,1967-11,7
민주공화당,이민,1967-12,20
민주공화당,이민,1968-01,0
민주공화당,이민,1968-02,18
민주공화당,이민,1968-03,5
민주공화당,이민,1968-04,7
민주공화당,이민,1968-05,8
민주공화당,이민,1968-06,19
민주공화당,이민,1968-07,4
민주공화당,이민,1968-08,0
민주공화당,이민,1968-09,12
민주공화당,이민,1968-10,25
민주공화당,이민,1968-11,8
민주공화당,이민,1968-12,14
민주공화당,이민,1969-01,0
민주공화당,이민,1969-02,2
민주공화당,이민,1969-03,0
민주공화당,이민,1969-04,4
민주공화당,이민,1969-05,0
민주공화당,이민,1969-06,4
민주공화당,이민,1969-07,1
민주공화당,이민,1969-08,1
민주공화당,이민,1969-09,2
민주공화당,이민,1969-11,3
민주공화당,이민,1969-12,40
민주공화당,이민,1970-01,1
민주공화당,이민,1970-02,0
민주공화당,이민,1970-03,1
민주공화당,이민,1970-04,0
민주공화당,이민,1970-05,8
민주공화당,이민,1970-06,2
민주공화당,이민,1970-07,5
민주공화당,이민,1970-08,4
민주공화당,이민,1970-09,1
민주공화당,이민,1970-10,17
민주공화당,이민,1970-11,17
민주공화당,이민,1970-12,10
민주공화당,이민,1971-01,1
민주공화당,이민,1971-03,0
민주공화당,이민,1971-07,0
민주공화당,이민,1971-08,2
민주공화당,이민,1971-09,5
민주공화당,이민,1971-10,3
민주공화당,이민,1971-11,12
민주공화당,이민,1971-12,1
민주공화당,이민,1972-01,1
민주공화당,이민,1972-03,0
민주공화당,이민,1972-05,0
민주공화당,이민,1972-07,6
민주공화당,이민,1972-08,0
민주공화당,이민,1972-09,2
민주공화당,이민,1972-10,5
민주공화당,이민,1973-03,0
민주공화당,이민,1973-05,0
민주공화당,이민,1973-06,2
민주공화당,이민,1973-09,3
민주공화당,이민,1973-10,0
민주공화당,이민,1973-11,1
민주공화당,이민,1973-12,2
민주공화당,이민,1974-08,1
민주공화당,이민,1974-09,1
민주공화당,이민,1974-10,3
민주공화당,이민,1974-11,0
민주공화당,이민,1974-12,0
민주공화당,이민,1975-03,1
민주공화당,이민,1975-05,0
민주공화당,이민,1975-06,0
민주공화당,이민,1975-07,2
민주공화당,이민,1975-09,1
민주공화당,이민,1975-10,3
민주공화당,이민,1975-11,0
민주공화당,이민,1975-12,4
민주공화당,이민,1976-03,1
민주공화당,이민,1976-09,0
민주공화당,이민,1976-10,2
민주공화당,이민,1976-11,0
민주공화당,이민,1976-12,1
민주공화당,이민,1977-06,0
민주공화당,이민,1977-07,0
민주공화당,이민,1977-09,1
민주공화당,이민,1977-10,0
민주공화당,이민,1977-11,0
민주공화당,이민,1977-12,0
민주공화당,이민,1978-02,0
민주공화당,이민,1978-03,1
민주공화당,이민,1978-09,0
민주공화당,이민,1978-10,0
민주공화당,이민,1978-11,0
민주공화당,이민,1979-03,0
민주공화당,이민,1979-07,0
민주공화당,이민,1979-09,0
민주공화당,이민,1979-10,0
신민당,이민,1963-12,0
신민당,이민,1964-01,5
신민당,이민,1964-02,17
신민당,이민,1964-03,6
신민당,이민,1964-04,11
신민당,이민,1964-05,12
신민당,이민,1964-06,2
신민당,이민,1964-07,1
신민당,이민,1964-08,0
신민당,이민,1964-09,2
신민당,이민,1964-10,2
신민당,이민,1964-11,11
신민당,이민,1964-12,0
신민당,이민,1965-01,2
신민당,이민,1965-02,0
신민당,이민,1965-03,2
신민당,이민,1965-04,2
신민당,이민,1965-05,3
신민당,이민,1965-06,1
신민당,이민,1965-07,1
신민당,이민,1965-08,4
신민당,이민,1965-09,0
신민당,이민,1965-10,1
신민당,이민,1965-11,7
신민당,이민,1965-12,1
신민당,이민,1966-01,3
신민당,이민,1966-02,4
신민당,이민,1966-03,10
신민당,이민,1966-04,4
신민당,이민,1966-05,0
신민당,이민,1966-06,4
신민당,이민,1966-07,10
신민당,이민,1966-08,10
신민당,이민,1966-09,2
신민당,이민,1966-10,4
신민당,이민,1966-11,10
신민당,이민,1966-12,7
신민당,이민,1967-01,2
신민당,이민,1967-02,0
신민당,이민,1967-03,0
신민당,이민,1967-07,0
신민당,이민,1967-08,0
신민당,이민,1967-09,0
신민당,이민,1967-10,1
신민당,이민,1967-11,0
신민당,이민,1967-12,18
신민당,이민,1968-01,0
신민당,이민,1968-02,16
신민당,이민,1968-03,3
신민당,이민,1968-04,8
신민당,이민,1968-05,3
신민당,이민,1968-06,27
신민당,이민,1968-07,3
신민당,이민,1968-08,0
신민당,이민,1968-09,6
신민당,이민,1968-10,23
신민당,이민,1968-11,21
신민당,이민,1968-12,7
신민당,이민,1969-01,0
신민당,이민,1969-02,0
신민당,이민,1969-03,5
신민당,이민,1969-04,2
신민당,이민,1969-05,0
신민당,이민,1969-06,0
신민당,이민,1969-07,10
신민당,이민,1969-08,17
신민당,이민,1969-09,4
신민당,이민,1969-11,0
신민당,이민,1969-12,0
신민당,이민,1970-01,0
신민당,이민,1970-02,0
신민당,이민,1970-03,1
신민당,이민,1970-04,0
신민당,이민,1970-05,16
신민당,이민,1970-06,2
신민당,이민,1970-07,13
신민당,이민,1970-08,2
신민당,이민,1970-09,6
신민당,이민,1970-10,22
신민당,이민,1970-11,19
신민당,이민,1970-12,6
신민당,이민,1971-01,1
신민당,이민,1971-03,0
신민당,이민,1971-07,0
신민당,이민,1971-08,5
신민당,이민,1971-09,3
신민당,이민,1971-10,5
신민당,이민,1971-11,18
신민당,이민,1971-12,3
신민당,이민,1972-01,1
신민당,이민,1972-03,0
신민당,이민,1972-05,0
신민당,이민,1972-07,10
신민당,이민,1972-08,5
신민당,이민,1972-09,3
신민당,이민,1972-10,17
신민당,이민,1973-03,0
신민당,이민,1973-05,1
신민당,이민,1973-06,1
신민당,이민,1973-09,5
신민당,이민,1973-10,0
신민당,이민,1973-11,1
신민당,이민,1973-12,1
신민당,이민,1974-08,0
신민당,이민,1974-09,0
신민당,이민,1974-10,2
신민당,이민,1974-11,0
신민당,이민,1974-12,1
신민당,이민,1975-03,0
신민당,이민,1975-05,0
신민당,이민,1975-06,0
신민당,이민,1975-07,2
신민당,이민,1975-09,0
신민당,이민,1975-10,2
신민당,이민,1975-11,0
신민당,이민,1975-12,0
신민당,이민,1976-03,1
신민당,이민,1976-09,0
신민당,이민,1976-10,2
신민당,이민,1976-11,0
신민당,이민,1976-12,2
신민당,이민,1977-06,1
신민당,이민,1977-07,0
신민당,이민,1977-09,0
신민당,이민,1977-10,3
신민당,이민,1977-11,0
신민당,이민,1977-12,1
신민당,이민,1978-02,0
신민당,이민,1978-03,0
신민당,이민,1978-09,0
신민당,이민,1978-10,2
신민당,이민,1978-11,0
신민당,이민,1979-03,0
신민당,이민,1979-07,0
신민당,이민,1979-09,0
신민당,이민,1979-10,0
민정당,이민,1963-12,2
민정당,이민,1964-01,1
민정당,이민,1964-02,15
민정당,이민,1964-03,11
민정당,이민,1964-04,19
민정당,이민,1964-05,9
민정당,이민,1964-06,0
민정당,이민,1964-07,2
민정당,이민,1964-08,0
민정당,이민,1964-09,3
민정당,이민,1964-10,15
민정당,이민,1964-11,7
민정당,이민,1964-12,4
민정당,이민,1965-01,1
민정당,이민,1965-02,0
민정당,이민,1965-03,5
민정당,이민,1965-04,0
민정당,이민,1965-05,1
민정당,이민,1965-06,3
민정당,이민,1965-07,2
민정당,이민,1965-08,9
민정당,이민,1965-09,0
민정당,이민,1965-10,2
민정당,이민,1965-11,0
민정당,이민,1965-12,0
민정당,이민,1966-01,2
민정당,이민,1966-02,1
민정당,이민,1966-03,0
민정당,이민,1966-04,2
민정당,이민,1966-05,0
민정당,이민,1966-06,3
민정당,이민,1966-07,2
민정당,이민,1966-08,1
민정당,이민,1966-09,2
민정당,이민,1966-10,3
민정당,이민,1966-11,17
민정당,이민,1966-12,2
민정당,이민,1967-01,0
민정당,이민,1967-02,0
민정당,이민,1967-03,0
민정당,이민,1967-07,0
민정당,이민,1967-08,0
민정당,이민,1967-09,0
민정당,이민,1967-10,0
민정당,이민,1967-11,0
민정당,이민,1967-12,0
민정당,이민,1968-01,0
민정당,이민,1968-02,0
민정당,이민,1968-03,0
민정당,이민,1968-04,0
민정당,이민,1968-05,0
민정당,이민,1968-06,0
민정당,이민,1968-07,0
민정당,이민,1968-08,0
민정당,이민,1968-09,0
민정당,이민,1968-10,0
민정당,이민,1968-11,0
민정당,이민,1968-12,0
민정당,이민,1969-01,0
민정당,이민,1969-02,0
민정당,이민,1969-03,0
민정당,이민,1969-04,0
민정당,이민,1969-05,0
민정당,이민,1969-06,0
민정당,이민,1969-07,0
민정당,이민,1969-08,0
민정당,이민,1969-09,0
민정당,이민,1969-11,0
민정당,이민,1969-12,0
민정당,이민,1970-01,0
민정당,이민,1970-02,0
민정당,이민,1970-03,0
민정당,이민,1970-04,0
민정당,이민,1970-05,0
민정당,이민,1970-06,0
민정당,이민,1970-07,0
민정당,이민,1970-08,0
민정당,이민,1970-09,0
민정당,이민,1970-10,0
민정당,이민,1970-11,0
민정당,이민,1970-12,0
민정당,이민,1971-01,0
민정당,이민,1971-03,0
민정당,이민,1971-07,0
민정당,이민,1971-08,0
민정당,이민,1971-09,0
민정당,이민,1971-10,0
민정당,이민,1971-11,0
민정당,이민,1971-12,0
민정당,이민,1972-01,0
민정당,이민,1972-03,0
민정당,이민,1972-05,0
민정당,이민,1972-07,0
민정당,이민,1972-08,0
민정당,이민,1972-09,0
민정당,이민,1972-10,0
민정당,이민,1973-03,0
민정당,이민,1973-05,0
민정당,이민,1973-06,0
민정당,이민,1973-09,0
민정당,이민,1973-10,0
민정당,이민,1973-11,0
민정당,이민,1973-12,0
민정당,이민,1974-08,0
민정당,이민,1974-09,0
민정당,이민,1974-10,0
민정당,이민,1974-11,0
민정당,이민,1974-12,0
민정당,이민,1975-03,0
민정당,이민,1975-05,0
민정당,이민,1975-06,0
민정당,이민,1975-07,0
민정당,이민,1975-09,0
민정당,이민,1975-10,0
민정당,이민,1975-11,0
민정당,이민,1975-12,0
민정당,이민,1976-03,0
민정당,이민,1976-09,0
민정당,이민,1976-10,0
민정당,이민,1976-11,0
민정당,이민,1976-12,0
민정당,이민,1977-06,0
민정당,이민,1977-07,0
민정당,이민,1977-09,0
민정당,이민,1977-10,0
민정당,이민,1977-11,0
민정당,이민,1977-12,0
민정당,이민,1978-02,0
민정당,이민,1978-03,0
민정당,이민,1978-09,0
민정당,이민,1978-10,0
민정당,이민,1978-11,0
민정당,이민,1979-03,0
민정당,이민,1979-07,0
민정당,이민,1979-09,0
민정당,이민,1979-10,0
민주당,이민,1963-12,0
민주당,이민,1964-01,2
민주당,이민,1964-02,3
민주당,이민,1964-03,1
민주당,이민,1964-04,4
민주당,이민,1964-05,3
민주당,이민,1964-06,0
민주당,이민,1964-07,0
민주당,이민,1964-08,0
민주당,이민,1964-09,0
민주당,이민,1964-10,4
민주당,이민,1964-11,7
민주당,이민,1964-12,2
민주당,이민,1965-01,2
민주당,이민,1965-02,0
민주당,이민,1965-03,7
민주당,이민,1965-04,2
민주당,이민,1965-05,3
민주당,이민,1965-06,4
민주당,이민,1965-07,1
민주당,이민,1965-08,2
민주당,이민,1965-09,0
민주당,이민,1965-10,0
민주당,이민,1965-11,5
민주당,이민,1965-12,3
민주당,이민,1966-01,1
민주당,이민,1966-02,4
민주당,이민,1966-03,2
민주당,이민,1966-04,3
민주당,이민,1966-05,0
민주당,이민,1966-06,0
민주당,이민,1966-07,0
민주당,이민,1966-08,7
민주당,이민,1966-09,1
민주당,이민,1966-10,0
민주당,이민,1966-11,4
민주당,이민,1966-12,0
민주당,이민,1967-01,1
민주당,이민,1967-02,0
민주당,이민,1967-03,0
민주당,이민,1967-07,0
민주당,이민,1967-08,0
민주당,이민,1967-09,0
민주당,이민,1967-10,0
민주당,이민,1967-11,0
민주당,이민,1967-12,0
민주당,이민,1968-01,0
민주당,이민,1968-02,0
민주당,이민,1968-03,0
민주당,이민,1968-04,0
민주당,이민,1968-05,0
민주당,이민,1968-06,0
민주당,이민,1968-07,0
민주당,이민,1968-08,0
민주당,이민,1968-09,0
민주당,이민,1968-10,0
민주당,이민,1968-11,0
민주당,이민,1968-12,0
민주당,이민,1969-01,0
민주당,이민,1969-02,0
민주당,이민,1969-03,0
민주당,이민,1969-04,0
민주당,이민,1969-05,0
민주당,이민,1969-06,0
민주당,이민,1969-07,0
민주당,이민,1969-08,0
민주당,이민,1969-09,0
민주당,이민,1969-11,0
민주당,이민,1969-12,0
민주당,이민,1970-01,0
민주당,이민,1970-02,0
민주당,이민,1970-03,0
민주당,이민,1970-04,0
민주당,이민,1970-05,0
민주당,이민,1970-06,0
민주당,이민,1970-07,0
민주당,이민,1970-08,0
민주당,이민,1970-09,0
민주당,이민,1970-10,0
민주당,이민,1970-11,0
민주당,이민,1970-12,0
민주당,이민,1971-01,0
민주당,이민,1971-03,0
민주당,이민,1971-07,0
민주당,이민,1971-08,0
민주당,이민,1971-09,0
민주당,이민,1971-10,0
민주당,이민,1971-11,0
민주당,이민,1971-12,0
민주당,이민,1972-01,0
민주당,이민,1972-03,0
민주당,이민,1972-05,0
민주당,이민,1972-07,0
민주당,이민,1972-08,0
민주당,이민,1972-09,0
민주당,이민,1972-10,0
민주당,이민,1973-03,0
민주당,이민,1973-05,0
민주당,이민,1973-06,0
민주당,이민,1973-09,0
민주당,이민,1973-10,0
민주당,이민,1973-11,0
민주당,이민,1973-12,0
민주당,이민,1974-08,0
민주당,이민,1974-09,0
민주당,이민,1974-10,0
민주당,이민,1974-11,0
민주당,이민,1974-12,0
민주당,이민,1975-03,0
민주당,이민,1975-05,0
민주당,이민,1975-06,0
민주당,이민,1975-07,0
민주당,이민,1975-09,0
민주당,이민,1975-10,0
민주당,이민,1975-11,0
민주당,이민,1975-12,0
민주당,이민,1976-03,0
민주당,이민,1976-09,0
민주당,이민,1976-10,0
민주당,이민,1976-11,0
민주당,이민,1976-12,0
민주당,이민,1977-06,0
민주당,이민,1977-07,0
민주당,이민,1977-09,0
민주당,이민,1977-10,0
민주당,이민,1977-11,0
민주당,이민,1977-12,0
민주당,이민,1978-02,0
민주당,이민,1978-03,0
민주당,이민,1978-09,0
민주당,이민,1978-10,0
민주당,이민,1978-11,0
민주당,이민,1979-03,0
민주당,이민,1979-07,0
민주당,이민,1979-09,0
민주당,이민,1979-10,0
자유민주당,이민,1963-12,0
자유민주당,이민,1964-01,1
자유민주당,이민,1964-02,1
자유민주당,이민,1964-03,2
자유민주당,이민,1964-04,2
자유민주당,이민,1964-05,2
자유민주당,이민,1964-06,0
자유민주당,이민,1964-07,1
자유민주당,이민,1964-08,0
자유민주당,이민,1964-09,3
자유민주당,이민,1964-10,2
자유민주당,이민,1964-11,7
자유민주당,이민,1964-12,0
자유민주당,이민,1965-01,1
자유민주당,이민,1965-02,0
자유민주당,이민,1965-03,0
자유민주당,이민,1965-04,1
자유민주당,이민,1965-05,2
자유민주당,이민,1965-06,0
자유민주당,이민,1965-07,0
자유민주당,이민,1965-08,2
자유민주당,이민,1965-09,0
자유민주당,이민,1965-10,2
자유민주당,이민,1965-11,1
자유민주당,이민,1965-12,0
자유민주당,이민,1966-01,0
자유민주당,이민,1966-02,1
자유민주당,이민,1966-03,1
자유민주당,이민,1966-04,0
자유민주당,이민,1966-05,0
자유민주당,이민,1966-06,0
자유민주당,이민,1966-07,1
자유민주당,이민,1966-08,0
자유민주당,이민,1966-09,0
자유민주당,이민,1966-10,0
자유민주당,이민,1966-11,4
자유민주당,이민,1966-12,0
자유민주당,이민,1967-01,0
자유민주당,이민,1967-02,0
자유민주당,이민,1967-03,0
자유민주당,이민,1967-07,0
자유민주당,이민,1967-08,0
자유민주당,이민,1967-09,0
자유민주당,이민,1967-10,0
자유민주당,이민,1967-11,0
자유민주당,이민,1967-12,0
자유민주당,이민,1968-01,0
자유민주당,이민,1968-02,0
자유민주당,이민,1968-03,0
자유민주당,이민,1968-04,0
자유민주당,이민,1968-05,0
자유민주당,이민,1968-06,0
자유민주당,이민,1968-07,0
자유민주당,이민,1968-08,0
자유민주당,이민,1968-09,0
자유민주당,이민,1968-10,0
자유민주당,이민,1968-11,0
자유민주당,이민,1968-12,0
자유민주당,이민,1969-01,0
자유민주당,이민,1969-02,0
자유민주당,이민,1969-03,0
자유민주당,이민,1969-04,0
자유민주당,이민,1969-05,0
자유민주당,이민,1969-06,0
자유민주당,이민,1969-07,0
자유민주당,이민,1969-08,0
자유민주당,이민,1969-09,0
자유민주당,이민,1969-11,0
자유민주당,이민,1969-12,0
자유민주당,이민,1970-01,0
자유민주당,이민,1970-02,0
자유민주당,이민,1970-03,0
자유민주당,이민,1970-04,0
자유민주당,이민,1970-05,0
자유민주당,이민,1970-06,0
자유민주당,이민,1970-07,0
자유민주당,이민,1970-08,0
자유민주당,이민,1970-09,0
자유민주당,이민,1970-10,0
자유민주당,이민,1970-11,0
자유민주당,이민,1970-12,0
자유민주당,이민,1971-01,0
자유민주당,이민,1971-03,0
자유민주당,이민,1971-07,0
자유민주당,이민,1971-08,0
자유민주당,이민,1971-09,0
자유민주당,이민,1971-10,0
자유민주당,이민,1971-11,0
자유민주당,이민,1971-12,0
자유민주당,이민,1972-01,0
자유민주당,이민,1972-03,0
자유민주당,이민,1972-05,0
자유민주당,이민,1972-07,0
자유민주당,이민,1972-08,0
자유민주당,이민,1972-09,0
자유민주당,이민,1972-10,0
자유민주당,이민,1973-03,0
자유민주당,이민,1973-05,0
자유민주당,이민,1973-06,0
자유민주당,이민,1973-09,0
자유민주당,이민,1973-10,0
자유민주당,이민,1973-11,0
자유민주당,이민,1973-12,0
자유민주당,이민,1974-08,0
자유민주당,이민,1974-09,0
자유민주당,이민,1974-10,0
자유민주당,이민,1974-11,0
자유민주당,이민,1974-12,0
자유민주당,이민,1975-03,0
자유민주당,이민,1975-05,0
자유민주당,이민,1975-06,0
자유민주당,이민,1975-07,0
자유민주당,이민,1975-09,0
자유민주당,이민,1975-10,0
자유민주당,이민,1975-11,0
자유민주당,이민,1975-12,0
자유민주당,이민,1976-03,0
자유민주당,이민,1976-09,0
자유민주당,이민,1976-10,0
자유민주당,이민,1976-11,0
자유민주당,이민,1976-12,0
자유민주당,이민,1977-06,0
자유민주당,이민,1977-07,0
자유민주당,이민,1977-09,0
자유민주당,이민,1977-10,0
자유민주당,이민,1977-11,0
자유민주당,이민,1977-12,0
자유민주당,이민,1978-02,0
자유민주당,이민,1978-03,0
자유민주당,이민,1978-09,0
자유민주당,이민,1978-10,0
자유민주당,이민,1978-11,0
자유민주당,이민,1979-03,0
자유민주당,이민,1979-07,0
자유민주당,이민,1979-09,0
자유민주당,이민,1979-10,0
민중당,이민,1963-12,0
민중당,이민,1964-01,2
민중당,이민,1964-02,1
민중당,이민,1964-03,0
민중당,이민,1964-04,1
민중당,이민,1964-05,0
민중당,이민,1964-06,0
민중당,이민,1964-07,0
민중당,이민,1964-08,0
민중당,이민,1964-09,0
민중당,이민,1964-10,0
민중당,이민,1964-11,0
민중당,이민,1964-12,0
민중당,이민,1965-01,0
민중당,이민,1965-02,0
민중당,이민,1965-03,0
민중당,이민,1965-04,0
민중당,이민,1965-05,0
민중당,이민,1965-06,0
민중당,이민,1965-07,0
민중당,이민,1965-08,0
민중당,이민,1965-09,0
민중당,이민,1965-10,0
민중당,이민,1965-11,0
민중당,이민,1965-12,0
민중당,이민,1966-01,1
민중당,이민,1966-02,0
민중당,이민,1966-03,3
민중당,이민,1966-04,7
민중당,이민,1966-05,0
민중당,이민,1966-06,0
민중당,이민,1966-07,3
민중당,이민,1966-08,0
민중당,이민,1966-09,4
민중당,이민,1966-10,4
민중당,이민,1966-11,7
민중당,이민,1966-12,0
민중당,이민,1967-01,0
민중당,이민,1967-02,0
민중당,이민,1967-03,2
민중당,이민,1967-07,0
민중당,이민,1967-08,0
민중당,이민,1967-09,0
민중당,이민,1967-10,0
민중당,이민,1967-11,0
민중당,이민,1967-12,0
민중당,이민,1968-01,0
민중당,이민,1968-02,0
민중당,이민,1968-03,0
민중당,이민,1968-04,0
민중당,이민,1968-05,0
민중당,이민,1968-06,0
민중당,이민,1968-07,0
민중당,이민,1968-08,0
민중당,이민,1968-09,0
민중당,이민,1968-10,0
민중당,이민,1968-11,0
민중당,이민,1968-12,0
민중당,이민,1969-01,0
민중당,이민,1969-02,0
민중당,이민,1969-03,0
민중당,이민,1969-04,0
민중당,이민,1969-05,0
민중당,이민,1969-06,0
민중당,이민,1969-07,0
민중당,이민,1969-08,0
민중당,이민,1969-09,0
민중당,이민,1969-11,0
민중당,이민,1969-12,0
민중당,이민,1970-01,0
민중당,이민,1970-02,0
민중당,이민,1970-03,0
민중당,이민,1970-04,0
민중당,이민,1970-05,0
민중당,이민,1970-06,0
민중당,이민,1970-07,0
민중당,이민,1970-08,0
민중당,이민,1970-09,0
민중당,이민,1970-10,0
민중당,이민,1970-11,0
민중당,이민,1970-12,0
민중당,이민,1971-01,0
민중당,이민,1971-03,0
민중당,이민,1971-07,0
민중당,이민,1971-08,0
민중당,이민,1971-09,0
민중당,이민,1971-10,0
민중당,이민,1971-11,0
민중당,이민,1971-12,0
민중당,이민,1972-01,0
민중당,이민,1972-03,0
민중당,이민,1972-05,0
민중당,이민,1972-07,0
민중당,이민,1972-08,0
민중당,이민,1972-09,0
민중당,이민,1972-10,0
민중당,이민,1973-03,0
민중당,이민,1973-05,0
민중당,이민,1973-06,0
민중당,이민,1973-09,0
민중당,이민,1973-10,0
민중당,이민,1973-11,0
민중당,이민,1973-12,0
민중당,이민,1974-08,0
민중당,이민,1974-09,0
민중당,이민,1974-10,0
민중당,이민,1974-11,0
민중당,이민,1974-12,0
민중당,이민,1975-03,0
민중당,이민,1975-05,0
민중당,이민,1975-06,0
민중당,이민,1975-07,0
민중당,이민,1975-09,0
민중당,이민,1975-10,0
민중당,이민,1975-11,0
민중당,이민,1975-12,0
민중당,이민,1976-03,0
민중당,이민,1976-09,0
민중당,이민,1976-10,0
민중당,이민,1976-11,0
민중당,이민,1976-12,0
민중당,이민,1977-06,0
민중당,이민,1977-07,0
민중당,이민,1977-09,0
민중당,이민,1977-10,0
민중당,이민,1977-11,0
민중당,이민,1977-12,0
민중당,이민,1978-02,0
민중당,이민,1978-03,0
민중당,이민,1978-09,0
민중당,이민,1978-10,0
민중당,이민,1978-11,0
민중당,이민,1979-03,0
민중당,이민,1979-07,0
민중당,이민,1979-09,0
민중당,이민,1979-10,0
무소속,이민,1963-12,0
무소속,이민,1964-01,0
무소속,이민,1964-02,1
무소속,이민,1964-03,1
무소속,이민,1964-04,6
무소속,이민,1964-05,0
무소속,이민,1964-06,0
무소속,이민,1964-07,0
무소속,이민,1964-08,0
무소속,이민,1964-09,0
무소속,이민,1964-10,0
무소속,이민,1964-11,0
무소속,이민,1964-12,1
무소속,이민,1965-01,0
무소속,이민,1965-02,0
무소속,이민,1965-03,0
무소속,이민,1965-04,0
무소속,이민,1965-05,0
무소속,이민,1965-06,0
무소속,이민,1965-07,0
무소속,이민,1965-08,0
무소속,이민,1965-09,0
무소속,이민,1965-10,0
무소속,이민,1965-11,0
무소속,이민,1965-12,1
무소속,이민,1966-01,0
무소속,이민,1966-02,0
무소속,이민,1966-03,0
무소속,이민,1966-04,0
무소속,이민,1966-05,0
무소속,이민,1966-06,0
무소속,이민,1966-07,0
무소속,이민,1966-08,0
무소속,이민,1966-09,0
무소속,이민,1966-10,0
무소속,이민,1966-11,0
무소속,이민,1966-12,0
무소속,이민,1967-01,1
무소속,이민,1967-02,1
무소속,이민,1967-03,0
무소속,이민,1967-07,0
무소속,이민,1967-08,0
무소속,이민,1967-09,0
무소속,이민,1967-10,0
무소속,이민,1967-11,0
무소속,이민,1967-12,0
무소속,이민,1968-01,0
무소속,이민,1968-02,0
무소속,이민,1968-03,0
무소속,이민,1968-04,1
무소속,이민,1968-05,0
무소속,이민,1968-06,0
무소속,이민,1968-07,0
무소속,이민,1968-08,0
무소속,이민,1968-09,0
무소속,이민,1968-10,0
무소속,이민,1968-11,1
무소속,이민,1968-12,0
무소속,이민,1969-01,0
무소속,이민,1969-02,0
무소속,이민,1969-03,0
무소속,이민,1969-04,0
무소속,이민,1969-05,0
무소속,이민,1969-06,0
무소속,이민,1969-07,0
무소속,이민,1969-08,0
무소속,이민,1969-09,0
무소속,이민,1969-11,0
무소속,이민,1969-12,0
무소속,이민,1970-01,0
무소속,이민,1970-02,0
무소속,이민,1970-03,0
무소속,이민,1970-04,0
무소속,이민,1970-05,0
무소속,이민,1970-06,0
무소속,이민,1970-07,0
무소속,이민,1970-08,0
무소속,이민,1970-09,0
무소속,이민,1970-10,0
무소속,이민,1970-11,0
무소속,이민,1970-12,0
무소속,이민,1971-01,0
무소속,이민,1971-03,0
무소속,이민,1971-07,0
무소속,이민,1971-08,0
무소속,이민,1971-09,0
무소속,이민,1971-10,0
무소속,이민,1971-11,0
무소속,이민,1971-12,0
무소속,이민,1972-01,0
무소속,이민,1972-03,0
무소속,이민,1972-05,0
무소속,이민,1972-07,0
무소속,이민,1972-08,0
무소속,이민,1972-09,0
무소속,이민,1972-10,0
무소속,이민,1973-03,0
무소속,이민,1973-05,0
무소속,이민,1973-06,0
무소속,이민,1973-09,2
무소속,이민,1973-10,0
무소속,이민,1973-11,1
무소속,이민,1973-12,1
무소속,이민,1974-08,1
무소속,이민,1974-09,0
무소속,이민,1974-10,2
무소속,이민,1974-11,0
무소속,이민,1974-12,0
무소속,이민,1975-03,0
무소속,이민,1975-05,0
무소속,이민,1975-06,0
무소속,이민,1975-07,4
무소속,이민,1975-09,0
무소속,이민,1975-10,0
무소속,이민,1975-11,0
무소속,이민,1975-12,0
무소속,이민,1976-03,2
무소속,이민,1976-09,0
무소속,이민,1976-10,3
무소속,이민,1976-11,0
무소속,이민,1976-12,0
무소속,이민,1977-06,2
무소속,이민,1977-07,0
무소속,이민,1977-09,0
무소속,이민,1977-10,1
무소속,이민,1977-11,0
무소속,이민,1977-12,0
무소속,이민,1978-02,0
무소속,이민,1978-03,1
무소속,이민,1978-09,0
무소속,이민,1978-10,2
무소속,이민,1978-11,0
무소속,이민,1979-03,1
무소속,이민,1979-07,0
무소속,이민,1979-09,0
무소속,이민,1979-10,0
국민의당,이민,1963-12,0
국민의당,이민,1964-01,0
국민의당,이민,1964-02,1
국민의당,이민,1964-03,0
국민의당,이민,1964-04,0
국민의당,이민,1964-05,1
국민의당,이민,1964-06,0
국민의당,이민,1964-07,0
국민의당,이민,1964-08,0
국민의당,이민,1964-09,0
국민의당,이민,1964-10,0
국민의당,이민,1964-11,1
국민의당,이민,1964-12,1
국민의당,이민,1965-01,1
국민의당,이민,1965-02,0
국민의당,이민,1965-03,0
국민의당,이민,1965-04,0
국민의당,이민,1965-05,0
국민의당,이민,1965-06,0
국민의당,이민,1965-07,0
국민의당,이민,1965-08,0
국민의당,이민,1965-09,0
국민의당,이민,1965-10,0
국민의당,이민,1965-11,1
국민의당,이민,1965-12,0
국민의당,이민,1966-01,0
국민의당,이민,1966-02,0
국민의당,이민,1966-03,2
국민의당,이민,1966-04,0
국민의당,이민,1966-05,0
국민의당,이민,1966-06,0
국민의당,이민,1966-07,0
국민의당,이민,1966-08,0
국민의당,이민,1966-09,0
국민의당,이민,1966-10,0
국민의당,이민,1966-11,0
국민의당,이민,1966-12,0
국민의당,이민,1967-01,0
국민의당,이민,1967-02,0
국민의당,이민,1967-03,0
국민의당,이민,1967-07,0
국민의당,이민,1967-08,0
국민의당,이민,1967-09,0
국민의당,이민,1967-10,0
국민의당,이민,1967-11,0
국민의당,이민,1967-12,0
국민의당,이민,1968-01,0
국민의당,이민,1968-02,0
국민의당,이민,1968-03,0
국민의당,이민,1968-04,0
국민의당,이민,1968-05,0
국민의당,이민,1968-06,0
국민의당,이민,1968-07,0
국민의당,이민,1968-08,0
국민의당,이민,1968-09,0
국민의당,이민,1968-10,0
국민의당,이민,1968-11,0
국민의당,이민,1968-12,0
국민의당,이민,1969-01,0
국민의당,이민,1969-02,0
국민의당,이민,1969-03,0
국민의당,이민,1969-04,0
국민의당,이민,1969-05,0
국민의당,이민,1969-06,0
국민의당,이민,1969-07,0
국민의당,이민,1969-08,0
국민의당,이민,1969-09,0
국민의당,이민,1969-11,0
국민의당,이민,1969-12,0
국민의당,이민,1970-01,0
국민의당,이민,1970-02,0
국민의당,이민,1970-03,0
국민의당,이민,1970-04,0
국민의당,이민,1970-05,0
국민의당,이민,1970-06,0
국민의당,이민,1970-07,0
국민의당,이민,1970-08,0
국민의당,이민,1970-09,0
국민의당,이민,1970-10,0
국민의당,이민,1970-11,0
국민의당,이민,1970-12,0
국민의당,이민,1971-01,0
국민의당,이민,1971-03,0
국민의당,이민,1971-07,0
국민의당,이민,1971-08,0
국민의당,이민,1971-09,0
국민의당,이민,1971-10,0
국민의당,이민,1971-11,0
국민의당,이민,1971-12,0
국민의당,이민,1972-01,0
국민의당,이민,1972-03,0
국민의당,이민,1972-05,0
국민의당,이민,1972-07,0
국민의당,이민,1972-08,0
국민의당,이민,1972-09,0
국민의당,이민,1972-10,0
국민의당,이민,1973-03,0
국민의당,이민,1973-05,0
국민의당,이민,1973-06,0
국민의당,이민,1973-09,0
국민의당,이민,1973-10,0
국민의당,이민,1973-11,0
국민의당,이민,1973-12,0
국민의당,이민,1974-08,0
국민의당,이민,1974-09,0
국민의당,이민,1974-10,0
국민의당,이민,1974-11,0
국민의당,이민,1974-12,0
국민의당,이민,1975-03,0
국민의당,이민,1975-05,0
국민의당,이민,1975-06,0
국민의당,이민,1975-07,0
국민의당,이민,1975-09,0
국민의당,이민,1975-10,0
국민의당,이민,1975-11,0
국민의당,이민,1975-12,0
국민의당,이민,1976-03,0
국민의당,이민,1976-09,0
국민의당,이민,1976-10,0
국민의당,이민,1976-11,0
국민의당,이민,1976-12,0
국민의당,이민,1977-06,0
국민의당,이민,1977-07,0
국민의당,이민,1977-09,0
국민의당,이민,1977-10,0
국민의당,이민,1977-11,0
국민의당,이민,1977-12,0
국민의당,이민,1978-02,0
국민의당,이민,1978-03,0
국민의당,이민,1978-09,0
국민의당,이민,1978-10,0
국민의당,이민,1978-11,0
국민의당,이민,1979-03,0
국민의당,이민,1979-07,0
국민의당,이민,1979-09,0
국민의당,이민,1979-10,0
유신정우회,이민,1963-12,0
유신정우회,이민,1964-01,0
유신정우회,이민,1964-02,0
유신정우회,이민,1964-03,0
유신정우회,이민,1964-04,0
유신정우회,이민,1964-05,0
유신정우회,이민,1964-06,0
유신정우회,이민,1964-07,0
유신정우회,이민,1964-08,0
유신정우회,이민,1964-09,0
유신정우회,이민,1964-10,0
유신정우회,이민,1964-11,0
유신정우회,이민,1964-12,0
유신정우회,이민,1965-01,0
유신정우회,이민,1965-02,0
유신정우회,이민,1965-03,0
유신정우회,이민,1965-04,0
유신정우회,이민,1965-05,0
유신정우회,이민,1965-06,0
유신정우회,이민,1965-07,0
유신정우회,이민,1965-08,0
유신정우회,이민,1965-09,0
유신정우회,이민,1965-10,0
유신정우회,이민,1965-11,0
유신정우회,이민,1965-12,0
유신정우회,이민,1966-01,0
유신정우회,이민,1966-02,0
유신정우회,이민,1966-03,0
유신정우회,이민,1966-04,0
유신정우회,이민,1966-05,0
유신정우회,이민,1966-06,0
유신정우회,이민,1966-07,0
유신정우회,이민,1966-08,0
유신정우회,이민,1966-09,0
유신정우회,이민,1966-10,0
유신정우회,이민,1966-11,0
유신정우회,이민,1966-12,0
유신정우회,이민,1967-01,0
유신정우회,이민,1967-02,0
유신정우회,이민,1967-03,0
유신정우회,이민,1967-07,0
유신정우회,이민,1967-08,0
유신정우회,이민,1967-09,0
유신정우회,이민,1967-10,0
유신정우회,이민,1967-11,0
유신정우회,이민,1967-12,0
유신정우회,이민,1968-01,0
유신정우회,이민,1968-02,0
유신정우회,이민,1968-03,0
유신정우회,이민,1968-04,0
유신정우회,이민,1968-05,0
유신정우회,이민,1968-06,0
유신정우회,이민,1968-07,0
유신정우회,이민,1968-08,0
유신정우회,이민,1968-09,0
유신정우회,이민,1968-10,0
유신정우회,이민,1968-11,0
유신정우회,이민,1968-12,0
유신정우회,이민,1969-01,0
유신정우회,이민,1969-02,0
유신정우회,이민,1969-03,0
유신정우회,이민,1969-04,0
유신정우회,이민,1969-05,0
유신정우회,이민,1969-06,0
유신정우회,이민,1969-07,0
유신정우회,이민,1969-08,0
유신정우회,이민,1969-09,0
유신정우회,이민,1969-11,0
유신정우회,이민,1969-12,0
유신정우회,이민,1970-01,0
유신정우회,이민,1970-02,0
유신정우회,이민,1970-03,0
유신정우회,이민,1970-04,0
유신정우회,이민,1970-05,0
유신정우회,이민,1970-06,0
유신정우회,이민,1970-07,0
유신정우회,이민,1970-08,0
유신정우회,이민,1970-09,0
유신정우회,이민,1970-10,0
유신정우회,이민,1970-11,0
유신정우회,이민,1970-12,0
유신정우회,이민,1971-01,0
유신정우회,이민,1971-03,0
유신정우회,이민,1971-07,0
유신정우회,이민,1971-08,0
유신정우회,이민,1971-09,0
유신정우회,이민,1971-10,0
유신정우회,이민,1971-11,0
유신정우회,이민,1971-12,0
유신정우회,이민,1972-01,0
유신정우회,이민,1972-03,0
유신정우회,이민,1972-05,0
유신정우회,이민,1972-07,0
유신정우회,이민,1972-08,0
유신정우회,이민,1972-09,0
유신정우회,이민,1972-10,0
유신정우회,이민,1973-03,0
유신정우회,이민,1973-05,1
유신정우회,이민,1973-06,0
유신정우회,이민,1973-09,6
유신정우회,이민,1973-10,0
유신정우회,이민,1973-11,5
유신정우회,이민,1973-12,1
유신정우회,이민,1974-08,1
유신정우회,이민,1974-09,0
유신정우회,이민,1974-10,2
유신정우회,이민,1974-11,0
유신정우회,이민,1974-12,0
유신정우회,이민,1975-03,0
유신정우회,이민,1975-05,0
유신정우회,이민,1975-06,0
유신정우회,이민,1975-07,3
유신정우회,이민,1975-09,0
유신정우회,이민,1975-10,3
유신정우회,이민,1975-11,0
유신정우회,이민,1975-12,1
유신정우회,이민,1976-03,1
유신정우회,이민,1976-09,0
유신정우회,이민,1976-10,1
유신정우회,이민,1976-11,0
유신정우회,이민,1976-12,1
유신정우회,이민,1977-06,2
유신정우회,이민,1977-07,0
유신정우회,이민,1977-09,3
유신정우회,이민,1977-10,1
유신정우회,이민,1977-11,0
유신정우회,이민,1977-12,0
유신정우회,이민,1978-02,0
유신정우회,이민,1978-03,0
유신정우회,이민,1978-09,1
유신정우회,이민,1978-10,0
유신정우회,이민,1978-11,1
유신정우회,이민,1979-03,0
유신정우회,이민,1979-07,0
유신정우회,이민,1979-09,0
유신정우회,이민,1979-10,0
통일사회당,이민,1963-12,0
통일사회당,이민,1964-01,0
통일사회당,이민,1964-02,0
통일사회당,이민,1964-03,0
통일사회당,이민,1964-04,0
통일사회당,이민,1964-05,0
통일사회당,이민,1964-06,0
통일사회당,이민,1964-07,0
통일사회당,이민,1964-08,0
통일사회당,이민,1964-09,0
통일사회당,이민,1964-10,0
통일사회당,이민,1964-11,0
통일사회당,이민,1964-12,0
통일사회당,이민,1965-01,0
통일사회당,이민,1965-02,0
통일사회당,이민,1965-03,0
통일사회당,이민,1965-04,0
통일사회당,이민,1965-05,0
통일사회당,이민,1965-06,0
통일사회당,이민,1965-07,0
통일사회당,이민,1965-08,0
통일사회당,이민,1965-09,0
통일사회당,이민,1965-10,0
통일사회당,이민,1965-11,0
통일사회당,이민,1965-12,0
통일사회당,이민,1966-01,0
통일사회당,이민,1966-02,0
통일사회당,이민,1966-03,0
통일사회당,이민,1966-04,0
통일사회당,이민,1966-05,0
통일사회당,이민,1966-06,0
통일사회당,이민,1966-07,0
통일사회당,이민,1966-08,0
통일사회당,이민,1966-09,0
통일사회당,이민,1966-10,0
통일사회당,이민,1966-11,0
통일사회당,이민,1966-12,0
통일사회당,이민,1967-01,0
통일사회당,이민,1967-02,0
통일사회당,이민,1967-03,0
통일사회당,이민,1967-07,0
통일사회당,이민,1967-08,0
통일사회당,이민,1967-09,0
통일사회당,이민,1967-10,0
통일사회당,이민,1967-11,0
통일사회당,이민,1967-12,0
통일사회당,이민,1968-01,0
통일사회당,이민,1968-02,0
통일사회당,이민,1968-03,0
통일사회당,이민,1968-04,0
통일사회당,이민,1968-05,0
통일사회당,이민,1968-06,0
통일사회당,이민,1968-07,0
통일사회당,이민,1968-08,0
통일사회당,이민,1968-09,0
통일사회당,이민,1968-10,2
통일사회당,이민,1968-11,0
통일사회당,이민,1968-12,0
통일사회당,이민,1969-01,0
통일사회당,이민,1969-02,0
통일사회당,이민,1969-03,0
통일사회당,이민,1969-04,0
통일사회당,이민,1969-05,0
통일사회당,이민,1969-06,0
통일사회당,이민,1969-07,0
통일사회당,이민,1969-08,0
통일사회당,이민,1969-09,0
통일사회당,이민,1969-11,0
통일사회당,이민,1969-12,0
통일사회당,이민,1970-01,0
통일사회당,이민,1970-02,0
통일사회당,이민,1970-03,0
통일사회당,이민,1970-04,0
통일사회당,이민,1970-05,0
통일사회당,이민,1970-06,0
통일사회당,이민,1970-07,0
통일사회당,이민,1970-08,0
통일사회당,이민,1970-09,0
통일사회당,이민,1970-10,0
통일사회당,이민,1970-11,0
통일사회당,이민,1970-12,0
통일사회당,이민,1971-01,0
통일사회당,이민,1971-03,0
통일사회당,이민,1971-07,0
통일사회당,이민,1971-08,0
통일사회당,이민,1971-09,0
통일사회당,이민,1971-10,0
통일사회당,이민,1971-11,0
통일사회당,이민,1971-12,0
통일사회당,이민,1972-01,0
통일사회당,이민,1972-03,0
통일사회당,이민,1972-05,0
통일사회당,이민,1972-07,0
통일사회당,이민,1972-08,0
통일사회당,이민,1972-09,0
통일사회당,이민,1972-10,0
통일사회당,이민,1973-03,0
통일사회당,이민,1973-05,0
통일사회당,이민,1973-06,0
통일사회당,이민,1973-09,0
통일사회당,이민,1973-10,0
통일사회당,이민,1973-11,0
통일사회당,이민,1973-12,0
통일사회당,이민,1974-08,0
통일사회당,이민,1974-09,0
통일사회당,이민,1974-10,0
통일사회당,이민,1974-11,0
통일사회당,이민,1974-12,0
통일사회당,이민,1975-03,0
통일사회당,이민,1975-05,0
통일사회당,이민,1975-06,0
통일사회당,이민,1975-07,0
통일사회당,이민,1975-09,0
통일사회당,이민,1975-10,0
통일사회당,이민,1975-11,0
통일사회당,이민,1975-12,0
통일사회당,이민,1976-03,0
통일사회당,이민,1976-09,0
통일사회당,이민,1976-10,0
통일사회당,이민,1976-11,0
통일사회당,이민,1976-12,0
통일사회당,이민,1977-06,0
통일사회당,이민,1977-07,0
통일사회당,이민,1977-09,0
통일사회당,이민,1977-10,0
통일사회당,이민,1977-11,0
통일사회당,이민,1977-12,0
통일사회당,이민,1978-02,0
통일사회당,이민,1978-03,0
통일사회당,이민,1978-09,0
통일사회당,이민,1978-10,0
통일사회당,이민,1978-11,0
통일사회당,이민,1979-03,0
통일사회당,이민,1979-07,0
통일사회당,이민,1979-09,0
통일사회당,이민,1979-10,0
십오구락부,이민,1963-12,0
십오구락부,이민,1964-01,0
십오구락부,이민,1964-02,0
십오구락부,이민,1964-03,0
십오구락부,이민,1964-04,0
십오구락부,이민,1964-05,0
십오구락부,이민,1964-06,0
십오구락부,이민,1964-07,0
십오구락부,이민,1964-08,0
십오구락부,이민,1964-09,0
십오구락부,이민,1964-10,0
십오구락부,이민,1964-11,0
십오구락부,이민,1964-12,0
십오구락부,이민,1965-01,0
십오구락부,이민,1965-02,0
십오구락부,이민,1965-03,0
십오구락부,이민,1965-04,0
십오구락부,이민,1965-05,0
십오구락부,이민,1965-06,0
십오구락부,이민,1965-07,0
십오구락부,이민,1965-08,0
십오구락부,이민,1965-09,0
십오구락부,이민,1965-10,0
십오구락부,이민,1965-11,0
십오구락부,이민,1965-12,0
십오구락부,이민,1966-01,0
십오구락부,이민,1966-02,0
십오구락부,이민,1966-03,0
십오구락부,이민,1966-04,0
십오구락부,이민,1966-05,0
십오구락부,이민,1966-06,0
십오구락부,이민,1966-07,0
십오구락부,이민,1966-08,0
십오구락부,이민,1966-09,0
십오구락부,이민,1966-10,0
십오구락부,이민,1966-11,0
십오구락부,이민,1966-12,0
십오구락부,이민,1967-01,0
십오구락부,이민,1967-02,0
십오구락부,이민,1967-03,0
십오구락부,이민,1967-07,0
십오구락부,이민,1967-08,0
십오구락부,이민,1967-09,0
십오구락부,이민,1967-10,0
십오구락부,이민,1967-11,0
십오구락부,이민,1967-12,0
십오구락부,이민,1968-01,0
십오구락부,이민,1968-02,0
십오구락부,이민,1968-03,0
십오구락부,이민,1968-04,0
십오구락부,이민,1968-05,0
십오구락부,이민,1968-06,0
십오구락부,이민,1968-07,0
십오구락부,이민,1968-08,0
십오구락부,이민,1968-09,0
십오구락부,이민,1968-10,0
십오구락부,이민,1968-11,0
십오구락부,이민,1968-12,0
십오구락부,이민,1969-01,0
십오구락부,이민,1969-02,0
십오구락부,이민,1969-03,0
십오구락부,이민,1969-04,0
십오구락부,이민,1969-05,0
십오구락부,이민,1969-06,0
십오구락부,이민,1969-07,0
십오구락부,이민,1969-08,0
십오구락부,이민,1969-09,0
십오구락부,이민,1969-11,0
십오구락부,이민,1969-12,0
십오구락부,이민,1970-01,0
십오구락부,이민,1970-02,0
십오구락부,이민,1970-03,0
십오구락부,이민,1970-04,0
십오구락부,이민,1970-05,0
십오구락부,이민,1970-06,0
십오구락부,이민,1970-07,0
십오구락부,이민,1970-08,0
십오구락부,이민,1970-09,0
십오구락부,이민,1970-10,0
십오구락부,이민,1970-11,0
십오구락부,이민,1970-12,0
십오구락부,이민,1971-01,0
십오구락부,이민,1971-03,0
십오구락부,이민,1971-07,0
십오구락부,이민,1971-08,0
십오구락부,이민,1971-09,0
십오구락부,이민,1971-10,0
십오구락부,이민,1971-11,0
십오구락부,이민,1971-12,0
십오구락부,이민,1972-01,0
십오구락부,이민,1972-03,0
십오구락부,이민,1972-05,0
십오구락부,이민,1972-07,0
십오구락부,이민,1972-08,0
십오구락부,이민,1972-09,0
십오구락부,이민,1972-10,0
십오구락부,이민,1973-03,0
십오구락부,이민,1973-05,0
십오구락부,이민,1973-06,0
십오구락부,이민,1973-09,0
십오구락부,이민,1973-10,0
십오구락부,이민,1973-11,0
십오구락부,이민,1973-12,0
십오구락부,이민,1974-08,0
십오구락부,이민,1974-09,0
십오구락부,이민,1974-10,0
십오구락부,이민,1974-11,0
십오구락부,이민,1974-12,0
십오구락부,이민,1975-03,0
십오구락부,이민,1975-05,0
십오구락부,이민,1975-06,0
십오구락부,이민,1975-07,0
십오구락부,이민,1975-09,0
십오구락부,이민,1975-10,0
십오구락부,이민,1975-11,0
십오구락부,이민,1975-12,0
십오구락부,이민,1976-03,0
십오구락부,이민,1976-09,0
십오구락부,이민,1976-10,0
십오구락부,이민,1976-11,0
십오구락부,이민,1976-12,0
십오구락부,이민,1977-06,0
십오구락부,이민,1977-07,0
십오구락부,이민,1977-09,0
십오구락부,이민,1977-10,0
십오구락부,이민,1977-11,0
십오구락부,이민,1977-12,0
십오구락부,이민,1978-02,0
십오구락부,이민,1978-03,0
십오구락부,이민,1978-09,0
십오구락부,이민,1978-10,0
십오구락부,이민,1978-11,0
십오구락부,이민,1979-03,0
십오구락부,이민,1979-07,0
십오구락부,이민,1979-09,0
십오구락부,이민,1979-10,0
한국독립당,이민,1963-12,0
한국독립당,이민,1964-01,0
한국독립당,이민,1964-02,0
한국독립당,이민,1964-03,0
한국독립당,이민,1964-04,0
한국독립당,이민,1964-05,0
한국독립당,이민,1964-06,0
한국독립당,이민,1964-07,0
한국독립당,이민,1964-08,0
한국독립당,이민,1964-09,0
한국독립당,이민,1964-10,0
한국독립당,이민,1964-11,0
한국독립당,이민,1964-12,0
한국독립당,이민,1965-01,0
한국독립당,이민,1965-02,0
한국독립당,이민,1965-03,0
한국독립당,이민,1965-04,0
한국독립당,이민,1965-05,0
한국독립당,이민,1965-06,0
한국독립당,이민,1965-07,0
한국독립당,이민,1965-08,0
한국독립당,이민,1965-09,0
한국독립당,이민,1965-10,0
한국독립당,이민,1965-11,0
한국독립당,이민,1965-12,1
한국독립당,이민,1966-01,0
한국독립당,이민,1966-02,0
한국독립당,이민,1966-03,0
한국독립당,이민,1966-04,0
한국독립당,이민,1966-05,0
한국독립당,이민,1966-06,0
한국독립당,이민,1966-07,0
한국독립당,이민,1966-08,0
한국독립당,이민,1966-09,1
한국독립당,이민,1966-10,0
한국독립당,이민,1966-11,0
한국독립당,이민,1966-12,0
한국독립당,이민,1967-01,0
한국독립당,이민,1967-02,0
한국독립당,이민,1967-03,0
한국독립당,이민,1967-07,0
한국독립당,이민,1967-08,0
한국독립당,이민,1967-09,0
한국독립당,이민,1967-10,0
한국독립당,이민,1967-11,0
한국독립당,이민,1967-12,0
한국독립당,이민,1968-01,0
한국독립당,이민,1968-02,0
한국독립당,이민,1968-03,0
한국독립당,이민,1968-04,0
한국독립당,이민,1968-05,0
한국독립당,이민,1968-06,0
한국독립당,이민,1968-07,0
한국독립당,이민,1968-08,0
한국독립당,이민,1968-09,0
한국독립당,이민,1968-10,0
한국독립당,이민,1968-11,0
한국독립당,이민,1968-12,0
한국독립당,이민,1969-01,0
한국독립당,이민,1969-02,0
한국독립당,이민,1969-03,0
한국독립당,이민,1969-04,0
한국독립당,이민,1969-05,0
한국독립당,이민,1969-06,0
한국독립당,이민,1969-07,0
한국독립당,이민,1969-08,0
한국독립당,이민,1969-09,0
한국독립당,이민,1969-11,0
한국독립당,이민,1969-12,0
한국독립당,이민,1970-01,0
한국독립당,이민,1970-02,0
한국독립당,이민,1970-03,0
한국독립당,이민,1970-04,0
한국독립당,이민,1970-05,0
한국독립당,이민,1970-06,0
한국독립당,이민,1970-07,0
한국독립당,이민,1970-08,0
한국독립당,이민,1970-09,0
한국독립당,이민,1970-10,0
한국독립당,이민,1970-11,0
한국독립당,이민,1970-12,0
한국독립당,이민,1971-01,0
한국독립당,이민,1971-03,0
한국독립당,이민,1971-07,0
한국독립당,이민,1971-08,0
한국독립당,이민,1971-09,0
한국독립당,이민,1971-10,0
한국독립당,이민,1971-11,0
한국독립당,이민,1971-12,0
한국독립당,이민,1972-01,0
한국독립당,이민,1972-03,0
한국독립당,이민,1972-05,0
한국독립당,이민,1972-07,0
한국독립당,이민,1972-08,0
한국독립당,이민,1972-09,0
한국독립당,이민,1972-10,0
한국독립당,이민,1973-03,0
한국독립당,이민,1973-05,0
한국독립당,이민,1973-06,0
한국독립당,이민,1973-09,0
한국독립당,이민,1973-10,0
한국독립당,이민,1973-11,0
한국독립당,이민,1973-12,0
한국독립당,이민,1974-08,0
한국독립당,이민,1974-09,0
한국독립당,이민,1974-10,0
한국독립당,이민,1974-11,0
한국독립당,이민,1974-12,0
한국독립당,이민,1975-03,0
한국독립당,이민,1975-05,0
한국독립당,이민,1975-06,0
한국독립당,이민,1975-07,0
한국독립당,이민,1975-09,0
한국독립당,이민,1975-10,0
한국독립당,이민,1975-11,0
한국독립당,이민,1975-12,0
한국독립당,이민,1976-03,0
한국독립당,이민,1976-09,0
한국독립당,이민,1976-10,0
한국독립당,이민,1976-11,0
한국독립당,이민,1976-12,0
한국독립당,이민,1977-06,0
한국독립당,이민,1977-07,0
한국독립당,이민,1977-09,0
한국독립당,이민,1977-10,0
한국독립당,이민,1977-11,0
한국독립당,이민,1977-12,0
한국독립당,이민,1978-02,0
한국독립당,이민,1978-03,0
한국독립당,이민,1978-09,0
한국독립당,이민,1978-10,0
한국독립당,이민,1978-11,0
한국독립당,이민,1979-03,0
한국독립당,이민,1979-07,0
한국독립당,이민,1979-09,0
한국독립당,이민,1979-10,0
민주공화당,이주,1963-12,13
민주공화당,이주,1964-01,34
민주공화당,이주,1964-02,86
민주공화당,이주,1964-03,32
민주공화당,이주,1964-04,44
민주공화당,이주,1964-05,40
민주공화당,이주,1964-06,24
민주공화당,이주,1964-07,42
민주공화당,이주,1964-08,17
민주공화당,이주,1964-09,38
민주공화당,이주,1964-10,58
민주공화당,이주,1964-11,145
민주공화당,이주,1964-12,37
민주공화당,이주,1965-01,54
민주공화당,이주,1965-02,4
민주공화당,이주,1965-03,55
민주공화당,이주,1965-04,7
민주공화당,이주,1965-05,17
민주공화당,이주,1965-06,64
민주공화당,이주,1965-07,10
민주공화당,이주,1965-08,30
민주공화당,이주,1965-09,4
민주공화당,이주,1965-10,32
민주공화당,이주,1965-11,89
민주공화당,이주,1965-12,23
민주공화당,이주,1966-01,7
민주공화당,이주,1966-02,25
민주공화당,이주,1966-03,50
민주공화당,이주,1966-04,13
민주공화당,이주,1966-05,3
민주공화당,이주,1966-06,39
민주공화당,이주,1966-07,54
민주공화당,이주,1966-08,4
민주공화당,이주,1966-09,26
민주공화당,이주,1966-10,52
민주공화당,이주,1966-11,82
민주공화당,이주,1966-12,37
민주공화당,이주,1967-01,32
민주공화당,이주,1967-02,6
민주공화당,이주,1967-03,12
민주공화당,이주,1967-07,2
민주공화당,이주,1967-08,0
민주공화당,이주,1967-09,2
민주공화당,이주,1967-10,88
민주공화당,이주,1967-11,52
민주공화당,이주,1967-12,49
민주공화당,이주,1968-01,0
민주공화당,이주,1968-02,45
민주공화당,이주,1968-03,8
민주공화당,이주,1968-04,28
민주공화당,이주,1968-05,17
민주공화당,이주,1968-06,44
민주공화당,이주,1968-07,15
민주공화당,이주,1968-08,2
민주공화당,이주,1968-09,42
민주공화당,이주,1968-10,78
민주공화당,이주,1968-11,44
민주공화당,이주,1968-12,48
민주공화당,이주,1969-01,0
민주공화당,이주,1969-02,2
민주공화당,이주,1969-03,1
민주공화당,이주,1969-04,29
민주공화당,이주,1969-05,3
민주공화당,이주,1969-06,26
민주공화당,이주,1969-07,9
민주공화당,이주,1969-08,5
민주공화당,이주,1969-09,6
민주공화당,이주,1969-11,16
민주공화당,이주,1969-12,136
민주공화당,이주,1970-01,2
민주공화당,이주,1970-02,0
민주공화당,이주,1970-03,2
민주공화당,이주,1970-04,3
민주공화당,이주,1970-05,32
민주공화당,이주,1970-06,12
민주공화당,이주,1970-07,49
민주공화당,이주,1970-08,8
민주공화당,이주,1970-09,6
민주공화당,이주,1970-10,90
민주공화당,이주,1970-11,41
민주공화당,이주,1970-12,24
민주공화당,이주,1971-01,4
민주공화당,이주,1971-03,0
민주공화당,이주,1971-07,2
민주공화당,이주,1971-08,8
민주공화당,이주,1971-09,11
민주공화당,이주,1971-10,5
민주공화당,이주,1971-11,58
민주공화당,이주,1971-12,5
민주공화당,이주,1972-01,0
민주공화당,이주,1972-03,0
민주공화당,이주,1972-05,0
민주공화당,이주,1972-07,11
민주공화당,이주,1972-08,3
민주공화당,이주,1972-09,1
민주공화당,이주,1972-10,26
민주공화당,이주,1973-03,0
민주공화당,이주,1973-05,1
민주공화당,이주,1973-06,1
민주공화당,이주,1973-09,2
민주공화당,이주,1973-10,0
민주공화당,이주,1973-11,0
민주공화당,이주,1973-12,3
민주공화당,이주,1974-08,1
민주공화당,이주,1974-09,1
민주공화당,이주,1974-10,3
민주공화당,이주,1974-11,0
민주공화당,이주,1974-12,4
민주공화당,이주,1975-03,1
민주공화당,이주,1975-05,0
민주공화당,이주,1975-06,1
민주공화당,이주,1975-07,2
민주공화당,이주,1975-09,0
민주공화당,이주,1975-10,2
민주공화당,이주,1975-11,0
민주공화당,이주,1975-12,6
민주공화당,이주,1976-03,2
민주공화당,이주,1976-09,1
민주공화당,이주,1976-10,2
민주공화당,이주,1976-11,1
민주공화당,이주,1976-12,8
민주공화당,이주,1977-06,7
민주공화당,이주,1977-07,0
민주공화당,이주,1977-09,4
민주공화당,이주,1977-10,6
민주공화당,이주,1977-11,0
민주공화당,이주,1977-12,11
민주공화당,이주,1978-02,0
민주공화당,이주,1978-03,2
민주공화당,이주,1978-09,1
민주공화당,이주,1978-10,2
민주공화당,이주,1978-11,1
민주공화당,이주,1979-03,3
민주공화당,이주,1979-07,4
민주공화당,이주,1979-09,0
민주공화당,이주,1979-10,0
신민당,이주,1963-12,4
신민당,이주,1964-01,13
신민당,이주,1964-02,21
신민당,이주,1964-03,11
신민당,이주,1964-04,13
신민당,이주,1964-05,15
신민당,이주,1964-06,11
신민당,이주,1964-07,13
신민당,이주,1964-08,3
신민당,이주,1964-09,17
신민당,이주,1964-10,8
신민당,이주,1964-11,27
신민당,이주,1964-12,4
신민당,이주,1965-01,5
신민당,이주,1965-02,1
신민당,이주,1965-03,19
신민당,이주,1965-04,2
신민당,이주,1965-05,2
신민당,이주,1965-06,9
신민당,이주,1965-07,0
신민당,이주,1965-08,8
신민당,이주,1965-09,0
신민당,이주,1965-10,8
신민당,이주,1965-11,43
신민당,이주,1965-12,9
신민당,이주,1966-01,2
신민당,이주,1966-02,11
신민당,이주,1966-03,24
신민당,이주,1966-04,12
신민당,이주,1966-05,4
신민당,이주,1966-06,19
신민당,이주,1966-07,27
신민당,이주,1966-08,10
신민당,이주,1966-09,10
신민당,이주,1966-10,19
신민당,이주,1966-11,44
신민당,이주,1966-12,10
신민당,이주,1967-01,13
신민당,이주,1967-02,0
신민당,이주,1967-03,5
신민당,이주,1967-07,0
신민당,이주,1967-08,0
신민당,이주,1967-09,0
신민당,이주,1967-10,1
신민당,이주,1967-11,0
신민당,이주,1967-12,60
신민당,이주,1968-01,0
신민당,이주,1968-02,23
신민당,이주,1968-03,6
신민당,이주,1968-04,17
신민당,이주,1968-05,8
신민당,이주,1968-06,57
신민당,이주,1968-07,4
신민당,이주,1968-08,3
신민당,이주,1968-09,48
신민당,이주,1968-10,59
신민당,이주,1968-11,34
신민당,이주,1968-12,15
신민당,이주,1969-01,0
신민당,이주,1969-02,0
신민당,이주,1969-03,4
신민당,이주,1969-04,17
신민당,이주,1969-05,1
신민당,이주,1969-06,5
신민당,이주,1969-07,20
신민당,이주,1969-08,20
신민당,이주,1969-09,8
신민당,이주,1969-11,0
신민당,이주,1969-12,0
신민당,이주,1970-01,0
신민당,이주,1970-02,0
신민당,이주,1970-03,0
신민당,이주,1970-04,0
신민당,이주,1970-05,54
신민당,이주,1970-06,7
신민당,이주,1970-07,29
신민당,이주,1970-08,5
신민당,이주,1970-09,12
신민당,이주,1970-10,95
신민당,이주,1970-11,33
신민당,이주,1970-12,23
신민당,이주,1971-01,2
신민당,이주,1971-03,0
신민당,이주,1971-07,1
신민당,이주,1971-08,11
신민당,이주,1971-09,7
신민당,이주,1971-10,10
신민당,이주,1971-11,102
신민당,이주,1971-12,8
신민당,이주,1972-01,0
신민당,이주,1972-03,0
신민당,이주,1972-05,0
신민당,이주,1972-07,21
신민당,이주,1972-08,5
신민당,이주,1972-09,8
신민당,이주,1972-10,36
신민당,이주,1973-03,0
신민당,이주,1973-05,0
신민당,이주,1973-06,1
신민당,이주,1973-09,5
신민당,이주,1973-10,0
신민당,이주,1973-11,1
신민당,이주,1973-12,1
신민당,이주,1974-08,0
신민당,이주,1974-09,0
신민당,이주,1974-10,3
신민당,이주,1974-11,0
신민당,이주,1974-12,1
신민당,이주,1975-03,1
신민당,이주,1975-05,0
신민당,이주,1975-06,0
신민당,이주,1975-07,3
신민당,이주,1975-09,0
신민당,이주,1975-10,1
신민당,이주,1975-11,2
신민당,이주,1975-12,0
신민당,이주,1976-03,1
신민당,이주,1976-09,0
신민당,이주,1976-10,4
신민당,이주,1976-11,0
신민당,이주,1976-12,1
신민당,이주,1977-06,5
신민당,이주,1977-07,1
신민당,이주,1977-09,0
신민당,이주,1977-10,4
신민당,이주,1977-11,0
신민당,이주,1977-12,1
신민당,이주,1978-02,0
신민당,이주,1978-03,2
신민당,이주,1978-09,0
신민당,이주,1978-10,2
신민당,이주,1978-11,0
신민당,이주,1979-03,4
신민당,이주,1979-07,3
신민당,이주,1979-09,0
신민당,이주,1979-10,0
민정당,이주,1963-12,5
민정당,이주,1964-01,5
민정당,이주,1964-02,14
민정당,이주,1964-03,7
민정당,이주,1964-04,17
민정당,이주,1964-05,15
민정당,이주,1964-06,4
민정당,이주,1964-07,9
민정당,이주,1964-08,0
민정당,이주,1964-09,4
민정당,이주,1964-10,13
민정당,이주,1964-11,36
민정당,이주,1964-12,3
민정당,이주,1965-01,5
민정당,이주,1965-02,1
민정당,이주,1965-03,21
민정당,이주,1965-04,3
민정당,이주,1965-05,4
민정당,이주,1965-06,7
민정당,이주,1965-07,4
민정당,이주,1965-08,16
민정당,이주,1965-09,0
민정당,이주,1965-10,5
민정당,이주,1965-11,30
민정당,이주,1965-12,4
민정당,이주,1966-01,1
민정당,이주,1966-02,7
민정당,이주,1966-03,28
민정당,이주,1966-04,7
민정당,이주,1966-05,0
민정당,이주,1966-06,5
민정당,이주,1966-07,11
민정당,이주,1966-08,6
민정당,이주,1966-09,10
민정당,이주,1966-10,19
민정당,이주,1966-11,39
민정당,이주,1966-12,13
민정당,이주,1967-01,3
민정당,이주,1967-02,0
민정당,이주,1967-03,2
민정당,이주,1967-07,0
민정당,이주,1967-08,0
민정당,이주,1967-09,0
민정당,이주,1967-10,0
민정당,이주,1967-11,0
민정당,이주,1967-12,0
민정당,이주,1968-01,0
민정당,이주,1968-02,0
민정당,이주,1968-03,0
민정당,이주,1968-04,0
민정당,이주,1968-05,0
민정당,이주,1968-06,0
민정당,이주,1968-07,0
민정당,이주,1968-08,0
민정당,이주,1968-09,0
민정당,이주,1968-10,0
민정당,이주,1968-11,0
민정당,이주,1968-12,0
민정당,이주,1969-01,0
민정당,이주,1969-02,0
민정당,이주,1969-03,0
민정당,이주,1969-04,0
민정당,이주,1969-05,0
민정당,이주,1969-06,0
민정당,이주,1969-07,0
민정당,이주,1969-08,0
민정당,이주,1969-09,0
민정당,이주,1969-11,0
민정당,이주,1969-12,0
민정당,이주,1970-01,0
민정당,이주,1970-02,0
민정당,이주,1970-03,0
민정당,이주,1970-04,0
민정당,이주,1970-05,0
민정당,이주,1970-06,0
민정당,이주,1970-07,0
민정당,이주,1970-08,0
민정당,이주,1970-09,0
민정당,이주,1970-10,0
민정당,이주,1970-11,0
민정당,이주,1970-12,0
민정당,이주,1971-01,0
민정당,이주,1971-03,0
민정당,이주,1971-07,0
민정당,이주,1971-08,0
민정당,이주,1971-09,0
민정당,이주,1971-10,0
민정당,이주,1971-11,0
민정당,이주,1971-12,0
민정당,이주,1972-01,0
민정당,이주,1972-03,0
민정당,이주,1972-05,0
민정당,이주,1972-07,0
민정당,이주,1972-08,0
민정당,이주,1972-09,0
민정당,이주,1972-10,0
민정당,이주,1973-03,0
민정당,이주,1973-05,0
민정당,이주,1973-06,0
민정당,이주,1973-09,0
민정당,이주,1973-10,0
민정당,이주,1973-11,0
민정당,이주,1973-12,0
민정당,이주,1974-08,0
민정당,이주,1974-09,0
민정당,이주,1974-10,0
민정당,이주,1974-11,0
민정당,이주,1974-12,0
민정당,이주,1975-03,0
민정당,이주,1975-05,0
민정당,이주,1975-06,0
민정당,이주,1975-07,0
민정당,이주,1975-09,0
민정당,이주,1975-10,0
민정당,이주,1975-11,0
민정당,이주,1975-12,0
민정당,이주,1976-03,0
민정당,이주,1976-09,0
민정당,이주,1976-10,0
민정당,이주,1976-11,0
민정당,이주,1976-12,0
민정당,이주,1977-06,0
민정당,이주,1977-07,0
민정당,이주,1977-09,0
민정당,이주,1977-10,0
민정당,이주,1977-11,0
민정당,이주,1977-12,0
민정당,이주,1978-02,0
민정당,이주,1978-03,0
민정당,이주,1978-09,0
민정당,이주,1978-10,0
민정당,이주,1978-11,0
민정당,이주,1979-03,0
민정당,이주,1979-07,0
민정당,이주,1979-09,0
민정당,이주,1979-10,0
민주당,이주,1963-12,4
민주당,이주,1964-01,7
민주당,이주,1964-02,5
민주당,이주,1964-03,0
민주당,이주,1964-04,8
민주당,이주,1964-05,9
민주당,이주,1964-06,3
민주당,이주,1964-07,6
민주당,이주,1964-08,1
민주당,이주,1964-09,2
민주당,이주,1964-10,8
민주당,이주,1964-11,14
민주당,이주,1964-12,7
민주당,이주,1965-01,8
민주당,이주,1965-02,0
민주당,이주,1965-03,9
민주당,이주,1965-04,4
민주당,이주,1965-05,3
민주당,이주,1965-06,9
민주당,이주,1965-07,1
민주당,이주,1965-08,8
민주당,이주,1965-09,0
민주당,이주,1965-10,5
민주당,이주,1965-11,7
민주당,이주,1965-12,3
민주당,이주,1966-01,0
민주당,이주,1966-02,1
민주당,이주,1966-03,2
민주당,이주,1966-04,0
민주당,이주,1966-05,0
민주당,이주,1966-06,3
민주당,이주,1966-07,3
민주당,이주,1966-08,1
민주당,이주,1966-09,4
민주당,이주,1966-10,31
민주당,이주,1966-11,17
민주당,이주,1966-12,5
민주당,이주,1967-01,0
민주당,이주,1967-02,0
민주당,이주,1967-03,2
민주당,이주,1967-07,0
민주당,이주,1967-08,0
민주당,이주,1967-09,0
민주당,이주,1967-10,0
민주당,이주,1967-11,0
민주당,이주,1967-12,0
민주당,이주,1968-01,0
민주당,이주,1968-02,0
민주당,이주,1968-03,0
민주당,이주,1968-04,0
민주당,이주,1968-05,0
민주당,이주,1968-06,0
민주당,이주,1968-07,0
민주당,이주,1968-08,0
민주당,이주,1968-09,0
민주당,이주,1968-10,0
민주당,이주,1968-11,0
민주당,이주,1968-12,0
민주당,이주,1969-01,0
민주당,이주,1969-02,0
민주당,이주,1969-03,0
민주당,이주,1969-04,0
민주당,이주,1969-05,0
민주당,이주,1969-06,0
민주당,이주,1969-07,0
민주당,이주,1969-08,0
민주당,이주,1969-09,0
민주당,이주,1969-11,0
민주당,이주,1969-12,0
민주당,이주,1970-01,0
민주당,이주,1970-02,0
민주당,이주,1970-03,0
민주당,이주,1970-04,0
민주당,이주,1970-05,0
민주당,이주,1970-06,0
민주당,이주,1970-07,0
민주당,이주,1970-08,0
민주당,이주,1970-09,0
민주당,이주,1970-10,0
민주당,이주,1970-11,0
민주당,이주,1970-12,0
민주당,이주,1971-01,0
민주당,이주,1971-03,0
민주당,이주,1971-07,0
민주당,이주,1971-08,0
민주당,이주,1971-09,0
민주당,이주,1971-10,0
민주당,이주,1971-11,0
민주당,이주,1971-12,0
민주당,이주,1972-01,0
민주당,이주,1972-03,0
민주당,이주,1972-05,0
민주당,이주,1972-07,0
민주당,이주,1972-08,0
민주당,이주,1972-09,0
민주당,이주,1972-10,0
민주당,이주,1973-03,0
민주당,이주,1973-05,0
민주당,이주,1973-06,0
민주당,이주,1973-09,0
민주당,이주,1973-10,0
민주당,이주,1973-11,0
민주당,이주,1973-12,0
민주당,이주,1974-08,0
민주당,이주,1974-09,0
민주당,이주,1974-10,0
민주당,이주,1974-11,0
민주당,이주,1974-12,0
민주당,이주,1975-03,0
민주당,이주,1975-05,0
민주당,이주,1975-06,0
민주당,이주,1975-07,0
민주당,이주,1975-09,0
민주당,이주,1975-10,0
민주당,이주,1975-11,0
민주당,이주,1975-12,0
민주당,이주,1976-03,0
민주당,이주,1976-09,0
민주당,이주,1976-10,0
민주당,이주,1976-11,0
민주당,이주,1976-12,0
민주당,이주,1977-06,0
민주당,이주,1977-07,0
민주당,이주,1977-09,0
민주당,이주,1977-10,0
민주당,이주,1977-11,0
민주당,이주,1977-12,0
민주당,이주,1978-02,0
민주당,이주,1978-03,0
민주당,이주,1978-09,0
민주당,이주,1978-10,0
민주당,이주,1978-11,0
민주당,이주,1979-03,0
민주당,이주,1979-07,0
민주당,이주,1979-09,0
민주당,이주,1979-10,0
자유민주당,이주,1963-12,2
자유민주당,이주,1964-01,2
자유민주당,이주,1964-02,2
자유민주당,이주,1964-03,2
자유민주당,이주,1964-04,5
자유민주당,이주,1964-05,4
자유민주당,이주,1964-06,3
자유민주당,이주,1964-07,2
자유민주당,이주,1964-08,2
자유민주당,이주,1964-09,7
자유민주당,이주,1964-10,2
자유민주당,이주,1964-11,12
자유민주당,이주,1964-12,5
자유민주당,이주,1965-01,3
자유민주당,이주,1965-02,1
자유민주당,이주,1965-03,4
자유민주당,이주,1965-04,2
자유민주당,이주,1965-05,3
자유민주당,이주,1965-06,5
자유민주당,이주,1965-07,0
자유민주당,이주,1965-08,0
자유민주당,이주,1965-09,0
자유민주당,이주,1965-10,6
자유민주당,이주,1965-11,10
자유민주당,이주,1965-12,1
자유민주당,이주,1966-01,3
자유민주당,이주,1966-02,1
자유민주당,이주,1966-03,6
자유민주당,이주,1966-04,1
자유민주당,이주,1966-05,1
자유민주당,이주,1966-06,1
자유민주당,이주,1966-07,2
자유민주당,이주,1966-08,0
자유민주당,이주,1966-09,3
자유민주당,이주,1966-10,3
자유민주당,이주,1966-11,9
자유민주당,이주,1966-12,2
자유민주당,이주,1967-01,0
자유민주당,이주,1967-02,0
자유민주당,이주,1967-03,0
자유민주당,이주,1967-07,0
자유민주당,이주,1967-08,0
자유민주당,이주,1967-09,0
자유민주당,이주,1967-10,0
자유민주당,이주,1967-11,0
자유민주당,이주,1967-12,0
자유민주당,이주,1968-01,0
자유민주당,이주,1968-02,0
자유민주당,이주,1968-03,0
자유민주당,이주,1968-04,0
자유민주당,이주,1968-05,0
자유민주당,이주,1968-06,0
자유민주당,이주,1968-07,0
자유민주당,이주,1968-08,0
자유민주당,이주,1968-09,0
자유민주당,이주,1968-10,0
자유민주당,이주,1968-11,0
자유민주당,이주,1968-12,0
자유민주당,이주,1969-01,0
자유민주당,이주,1969-02,0
자유민주당,이주,1969-03,0
자유민주당,이주,1969-04,0
자유민주당,이주,1969-05,0
자유민주당,이주,1969-06,0
자유민주당,이주,1969-07,0
자유민주당,이주,1969-08,0
자유민주당,이주,1969-09,0
자유민주당,이주,1969-11,0
자유민주당,이주,1969-12,0
자유민주당,이주,1970-01,0
자유민주당,이주,1970-02,0
자유민주당,이주,1970-03,0
자유민주당,이주,1970-04,0
자유민주당,이주,1970-05,0
자유민주당,이주,1970-06,0
자유민주당,이주,1970-07,0
자유민주당,이주,1970-08,0
자유민주당,이주,1970-09,0
자유민주당,이주,1970-10,0
자유민주당,이주,1970-11,0
자유민주당,이주,1970-12,0
자유민주당,이주,1971-01,0
자유민주당,이주,1971-03,0
자유민주당,이주,1971-07,0
자유민주당,이주,1971-08,0
자유민주당,이주,1971-09,0
자유민주당,이주,1971-10,0
자유민주당,이주,1971-11,0
자유민주당,이주,1971-12,0
자유민주당,이주,1972-01,0
자유민주당,이주,1972-03,0
자유민주당,이주,1972-05,0
자유민주당,이주,1972-07,0
자유민주당,이주,1972-08,0
자유민주당,이주,1972-09,0
자유민주당,이주,1972-10,0
자유민주당,이주,1973-03,0
자유민주당,이주,1973-05,0
자유민주당,이주,1973-06,0
자유민주당,이주,1973-09,0
자유민주당,이주,1973-10,0
자유민주당,이주,1973-11,0
자유민주당,이주,1973-12,0
자유민주당,이주,1974-08,0
자유민주당,이주,1974-09,0
자유민주당,이주,1974-10,0
자유민주당,이주,1974-11,0
자유민주당,이주,1974-12,0
자유민주당,이주,1975-03,0
자유민주당,이주,1975-05,0
자유민주당,이주,1975-06,0
자유민주당,이주,1975-07,0
자유민주당,이주,1975-09,0
자유민주당,이주,1975-10,0
자유민주당,이주,1975-11,0
자유민주당,이주,1975-12,0
자유민주당,이주,1976-03,0
자유민주당,이주,1976-09,0
자유민주당,이주,1976-10,0
자유민주당,이주,1976-11,0
자유민주당,이주,1976-12,0
자유민주당,이주,1977-06,0
자유민주당,이주,1977-07,0
자유민주당,이주,1977-09,0
자유민주당,이주,1977-10,0
자유민주당,이주,1977-11,0
자유민주당,이주,1977-12,0
자유민주당,이주,1978-02,0
자유민주당,이주,1978-03,0
자유민주당,이주,1978-09,0
자유민주당,이주,1978-10,0
자유민주당,이주,1978-11,0
자유민주당,이주,1979-03,0
자유민주당,이주,1979-07,0
자유민주당,이주,1979-09,0
자유민주당,이주,1979-10,0
민중당,이주,1963-12,0
민중당,이주,1964-01,0
민중당,이주,1964-02,3
민중당,이주,1964-03,0
민중당,이주,1964-04,1
민중당,이주,1964-05,1
민중당,이주,1964-06,0
민중당,이주,1964-07,0
민중당,이주,1964-08,0
민중당,이주,1964-09,1
민중당,이주,1964-10,2
민중당,이주,1964-11,1
민중당,이주,1964-12,0
민중당,이주,1965-01,0
민중당,이주,1965-02,0
민중당,이주,1965-03,1
민중당,이주,1965-04,0
민중당,이주,1965-05,0
민중당,이주,1965-06,1
민중당,이주,1965-07,0
민중당,이주,1965-08,0
민중당,이주,1965-09,0
민중당,이주,1965-10,0
민중당,이주,1965-11,0
민중당,이주,1965-12,1
민중당,이주,1966-01,1
민중당,이주,1966-02,2
민중당,이주,1966-03,8
민중당,이주,1966-04,2
민중당,이주,1966-05,0
민중당,이주,1966-06,6
민중당,이주,1966-07,23
민중당,이주,1966-08,1
민중당,이주,1966-09,2
민중당,이주,1966-10,6
민중당,이주,1966-11,5
민중당,이주,1966-12,1
민중당,이주,1967-01,5
민중당,이주,1967-02,0
민중당,이주,1967-03,0
민중당,이주,1967-07,0
민중당,이주,1967-08,0
민중당,이주,1967-09,0
민중당,이주,1967-10,0
민중당,이주,1967-11,0
민중당,이주,1967-12,0
민중당,이주,1968-01,0
민중당,이주,1968-02,0
민중당,이주,1968-03,0
민중당,이주,1968-04,0
민중당,이주,1968-05,0
민중당,이주,1968-06,0
민중당,이주,1968-07,0
민중당,이주,1968-08,0
민중당,이주,1968-09,0
민중당,이주,1968-10,0
민중당,이주,1968-11,0
민중당,이주,1968-12,0
민중당,이주,1969-01,0
민중당,이주,1969-02,0
민중당,이주,1969-03,0
민중당,이주,1969-04,0
민중당,이주,1969-05,0
민중당,이주,1969-06,0
민중당,이주,1969-07,0
민중당,이주,1969-08,0
민중당,이주,1969-09,0
민중당,이주,1969-11,0
민중당,이주,1969-12,0
민중당,이주,1970-01,0
민중당,이주,1970-02,0
민중당,이주,1970-03,0
민중당,이주,1970-04,0
민중당,이주,1970-05,0
민중당,이주,1970-06,0
민중당,이주,1970-07,0
민중당,이주,1970-08,0
민중당,이주,1970-09,0
민중당,이주,1970-10,0
민중당,이주,1970-11,0
민중당,이주,1970-12,0
민중당,이주,1971-01,0
민중당,이주,1971-03,0
민중당,이주,1971-07,0
민중당,이주,1971-08,0
민중당,이주,1971-09,0
민중당,이주,1971-10,0
민중당,이주,1971-11,0
민중당,이주,1971-12,0
민중당,이주,1972-01,0
민중당,이주,1972-03,0
민중당,이주,1972-05,0
민중당,이주,1972-07,0
민중당,이주,1972-08,0
민중당,이주,1972-09,0
민중당,이주,1972-10,1
민중당,이주,1973-03,0
민중당,이주,1973-05,0
민중당,이주,1973-06,0
민중당,이주,1973-09,0
민중당,이주,1973-10,0
민중당,이주,1973-11,0
민중당,이주,1973-12,0
민중당,이주,1974-08,0
민중당,이주,1974-09,0
민중당,이주,1974-10,0
민중당,이주,1974-11,0
민중당,이주,1974-12,0
민중당,이주,1975-03,0
민중당,이주,1975-05,0
민중당,이주,1975-06,0
민중당,이주,1975-07,0
민중당,이주,1975-09,0
민중당,이주,1975-10,0
민중당,이주,1975-11,0
민중당,이주,1975-12,0
민중당,이주,1976-03,0
민중당,이주,1976-09,0
민중당,이주,1976-10,0
민중당,이주,1976-11,0
민중당,이주,1976-12,0
민중당,이주,1977-06,0
민중당,이주,1977-07,0
민중당,이주,1977-09,0
민중당,이주,1977-10,0
민중당,이주,1977-11,0
민중당,이주,1977-12,0
민중당,이주,1978-02,0
민중당,이주,1978-03,0
민중당,이주,1978-09,0
민중당,이주,1978-10,0
민중당,이주,1978-11,0
민중당,이주,1979-03,0
민중당,이주,1979-07,0
민중당,이주,1979-09,0
민중당,이주,1979-10,0
무소속,이주,1963-12,0
무소속,이주,1964-01,1
무소속,이주,1964-02,1
무소속,이주,1964-03,0
무소속,이주,1964-04,4
무소속,이주,1964-05,4
무소속,이주,1964-06,2
무소속,이주,1964-07,1
무소속,이주,1964-08,0
무소속,이주,1964-09,3
무소속,이주,1964-10,1
무소속,이주,1964-11,5
무소속,이주,1964-12,2
무소속,이주,1965-01,1
무소속,이주,1965-02,0
무소속,이주,1965-03,1
무소속,이주,1965-04,0
무소속,이주,1965-05,0
무소속,이주,1965-06,1
무소속,이주,1965-07,0
무소속,이주,1965-08,2
무소속,이주,1965-09,0
무소속,이주,1965-10,0
무소속,이주,1965-11,0
무소속,이주,1965-12,1
무소속,이주,1966-01,0
무소속,이주,1966-02,1
무소속,이주,1966-03,1
무소속,이주,1966-04,0
무소속,이주,1966-05,0
무소속,이주,1966-06,0
무소속,이주,1966-07,1
무소속,이주,1966-08,0
무소속,이주,1966-09,1
무소속,이주,1966-10,2
무소속,이주,1966-11,3
무소속,이주,1966-12,0
무소속,이주,1967-01,2
무소속,이주,1967-02,0
무소속,이주,1967-03,0
무소속,이주,1967-07,0
무소속,이주,1967-08,0
무소속,이주,1967-09,0
무소속,이주,1967-10,3
무소속,이주,1967-11,0
무소속,이주,1967-12,0
무소속,이주,1968-01,0
무소속,이주,1968-02,0
무소속,이주,1968-03,0
무소속,이주,1968-04,1
무소속,이주,1968-05,0
무소속,이주,1968-06,1
무소속,이주,1968-07,1
무소속,이주,1968-08,0
무소속,이주,1968-09,0
무소속,이주,1968-10,3
무소속,이주,1968-11,3
무소속,이주,1968-12,0
무소속,이주,1969-01,0
무소속,이주,1969-02,0
무소속,이주,1969-03,0
무소속,이주,1969-04,1
무소속,이주,1969-05,0
무소속,이주,1969-06,0
무소속,이주,1969-07,0
무소속,이주,1969-08,0
무소속,이주,1969-09,0
무소속,이주,1969-11,0
무소속,이주,1969-12,0
무소속,이주,1970-01,0
무소속,이주,1970-02,0
무소속,이주,1970-03,0
무소속,이주,1970-04,0
무소속,이주,1970-05,1
무소속,이주,1970-06,0
무소속,이주,1970-07,0
무소속,이주,1970-08,0
무소속,이주,1970-09,0
무소속,이주,1970-10,8
무소속,이주,1970-11,1
무소속,이주,1970-12,0
무소속,이주,1971-01,0
무소속,이주,1971-03,0
무소속,이주,1971-07,0
무소속,이주,1971-08,0
무소속,이주,1971-09,0
무소속,이주,1971-10,0
무소속,이주,1971-11,0
무소속,이주,1971-12,0
무소속,이주,1972-01,0
무소속,이주,1972-03,0
무소속,이주,1972-05,0
무소속,이주,1972-07,0
무소속,이주,1972-08,0
무소속,이주,1972-09,0
무소속,이주,1972-10,0
무소속,이주,1973-03,0
무소속,이주,1973-05,0
무소속,이주,1973-06,0
무소속,이주,1973-09,1
무소속,이주,1973-10,0
무소속,이주,1973-11,0
무소속,이주,1973-12,1
무소속,이주,1974-08,2
무소속,이주,1974-09,0
무소속,이주,1974-10,1
무소속,이주,1974-11,0
무소속,이주,1974-12,0
무소속,이주,1975-03,1
무소속,이주,1975-05,0
무소속,이주,1975-06,0
무소속,이주,1975-07,1
무소속,이주,1975-09,0
무소속,이주,1975-10,0
무소속,이주,1975-11,1
무소속,이주,1975-12,0
무소속,이주,1976-03,2
무소속,이주,1976-09,0
무소속,이주,1976-10,2
무소속,이주,1976-11,0
무소속,이주,1976-12,0
무소속,이주,1977-06,3
무소속,이주,1977-07,0
무소속,이주,1977-09,0
무소속,이주,1977-10,1
무소속,이주,1977-11,0
무소속,이주,1977-12,0
무소속,이주,1978-02,0
무소속,이주,1978-03,2
무소속,이주,1978-09,0
무소속,이주,1978-10,4
무소속,이주,1978-11,0
무소속,이주,1979-03,2
무소속,이주,1979-07,0
무소속,이주,1979-09,0
무소속,이주,1979-10,0
국민의당,이주,1963-12,0
국민의당,이주,1964-01,1
국민의당,이주,1964-02,2
국민의당,이주,1964-03,2
국민의당,이주,1964-04,0
국민의당,이주,1964-05,2
국민의당,이주,1964-06,2
국민의당,이주,1964-07,1
국민의당,이주,1964-08,0
국민의당,이주,1964-09,0
국민의당,이주,1964-10,4
국민의당,이주,1964-11,6
국민의당,이주,1964-12,2
국민의당,이주,1965-01,2
국민의당,이주,1965-02,0
국민의당,이주,1965-03,0
국민의당,이주,1965-04,1
국민의당,이주,1965-05,0
국민의당,이주,1965-06,3
국민의당,이주,1965-07,0
국민의당,이주,1965-08,1
국민의당,이주,1965-09,0
국민의당,이주,1965-10,0
국민의당,이주,1965-11,2
국민의당,이주,1965-12,0
국민의당,이주,1966-01,0
국민의당,이주,1966-02,0
국민의당,이주,1966-03,5
국민의당,이주,1966-04,0
국민의당,이주,1966-05,0
국민의당,이주,1966-06,1
국민의당,이주,1966-07,1
국민의당,이주,1966-08,0
국민의당,이주,1966-09,4
국민의당,이주,1966-10,1
국민의당,이주,1966-11,0
국민의당,이주,1966-12,0
국민의당,이주,1967-01,1
국민의당,이주,1967-02,1
국민의당,이주,1967-03,0
국민의당,이주,1967-07,0
국민의당,이주,1967-08,0
국민의당,이주,1967-09,0
국민의당,이주,1967-10,0
국민의당,이주,1967-11,0
국민의당,이주,1967-12,0
국민의당,이주,1968-01,0
국민의당,이주,1968-02,0
국민의당,이주,1968-03,0
국민의당,이주,1968-04,0
국민의당,이주,1968-05,0
국민의당,이주,1968-06,0
국민의당,이주,1968-07,0
국민의당,이주,1968-08,0
국민의당,이주,1968-09,0
국민의당,이주,1968-10,0
국민의당,이주,1968-11,0
국민의당,이주,1968-12,0
국민의당,이주,1969-01,0
국민의당,이주,1969-02,0
국민의당,이주,1969-03,0
국민의당,이주,1969-04,0
국민의당,이주,1969-05,0
국민의당,이주,1969-06,0
국민의당,이주,1969-07,0
국민의당,이주,1969-08,0
국민의당,이주,1969-09,0
국민의당,이주,1969-11,0
국민의당,이주,1969-12,0
국민의당,이주,1970-01,0
국민의당,이주,1970-02,0
국민의당,이주,1970-03,0
국민의당,이주,1970-04,0
국민의당,이주,1970-05,0
국민의당,이주,1970-06,0
국민의당,이주,1970-07,0
국민의당,이주,1970-08,0
국민의당,이주,1970-09,0
국민의당,이주,1970-10,0
국민의당,이주,1970-11,0
국민의당,이주,1970-12,0
국민의당,이주,1971-01,0
국민의당,이주,1971-03,0
국민의당,이주,1971-07,0
국민의당,이주,1971-08,0
국민의당,이주,1971-09,0
국민의당,이주,1971-10,0
국민의당,이주,1971-11,0
국민의당,이주,1971-12,0
국민의당,이주,1972-01,0
국민의당,이주,1972-03,0
국민의당,이주,1972-05,0
국민의당,이주,1972-07,0
국민의당,이주,1972-08,0
국민의당,이주,1972-09,0
국민의당,이주,1972-10,0
국민의당,이주,1973-03,0
국민의당,이주,1973-05,0
국민의당,이주,1973-06,0
국민의당,이주,1973-09,0
국민의당,이주,1973-10,0
국민의당,이주,1973-11,0
국민의당,이주,1973-12,0
국민의당,이주,1974-08,0
국민의당,이주,1974-09,0
국민의당,이주,1974-10,0
국민의당,이주,1974-11,0
국민의당,이주,1974-12,0
국민의당,이주,1975-03,0
국민의당,이주,1975-05,0
국민의당,이주,1975-06,0
국민의당,이주,1975-07,0
국민의당,이주,1975-09,0
국민의당,이주,1975-10,0
국민의당,이주,1975-11,0
국민의당,이주,1975-12,0
국민의당,이주,1976-03,0
국민의당,이주,1976-09,0
국민의당,이주,1976-10,0
국민의당,이주,1976-11,0
국민의당,이주,1976-12,0
국민의당,이주,1977-06,0
국민의당,이주,1977-07,0
국민의당,이주,1977-09,0
국민의당,이주,1977-10,0
국민의당,이주,1977-11,0
국민의당,이주,1977-12,0
국민의당,이주,1978-02,0
국민의당,이주,1978-03,0
국민의당,이주,1978-09,0
국민의당,이주,1978-10,0
국민의당,이주,1978-11,0
국민의당,이주,1979-03,0
국민의당,이주,1979-07,0
국민의당,이주,1979-09,0
국민의당,이주,1979-10,0
유신정우회,이주,1963-12,0
유신정우회,이주,1964-01,0
유신정우회,이주,1964-02,0
유신정우회,이주,1964-03,0
유신정우회,이주,1964-04,0
유신정우회,이주,1964-05,0
유신정우회,이주,1964-06,0
유신정우회,이주,1964-07,0
유신정우회,이주,1964-08,0
유신정우회,이주,1964-09,0
유신정우회,이주,1964-10,0
유신정우회,이주,1964-11,0
유신정우회,이주,1964-12,0
유신정우회,이주,1965-01,0
유신정우회,이주,1965-02,0
유신정우회,이주,1965-03,0
유신정우회,이주,1965-04,0
유신정우회,이주,1965-05,0
유신정우회,이주,1965-06,0
유신정우회,이주,1965-07,0
유신정우회,이주,1965-08,0
유신정우회,이주,1965-09,0
유신정우회,이주,1965-10,0
유신정우회,이주,1965-11,0
유신정우회,이주,1965-12,0
유신정우회,이주,1966-01,0
유신정우회,이주,1966-02,0
유신정우회,이주,1966-03,0
유신정우회,이주,1966-04,0
유신정우회,이주,1966-05,0
유신정우회,이주,1966-06,0
유신정우회,이주,1966-07,0
유신정우회,이주,1966-08,0
유신정우회,이주,1966-09,0
유신정우회,이주,1966-10,0
유신정우회,이주,1966-11,0
유신정우회,이주,1966-12,0
유신정우회,이주,1967-01,0
유신정우회,이주,1967-02,0
유신정우회,이주,1967-03,0
유신정우회,이주,1967-07,0
유신정우회,이주,1967-08,0
유신정우회,이주,1967-09,0
유신정우회,이주,1967-10,0
유신정우회,이주,1967-11,0
유신정우회,이주,1967-12,0
유신정우회,이주,1968-01,0
유신정우회,이주,1968-02,0
유신정우회,이주,1968-03,0
유신정우회,이주,1968-04,0
유신정우회,이주,1968-05,0
유신정우회,이주,1968-06,0
유신정우회,이주,1968-07,0
유신정우회,이주,1968-08,0
유신정우회,이주,1968-09,0
유신정우회,이주,1968-10,0
유신정우회,이주,1968-11,0
유신정우회,이주,1968-12,0
유신정우회,이주,1969-01,0
유신정우회,이주,1969-02,0
유신정우회,이주,1969-03,0
유신정우회,이주,1969-04,0
유신정우회,이주,1969-05,0
유신정우회,이주,1969-06,0
유신정우회,이주,1969-07,0
유신정우회,이주,1969-08,0
유신정우회,이주,1969-09,0
유신정우회,이주,1969-11,0
유신정우회,이주,1969-12,0
유신정우회,이주,1970-01,0
유신정우회,이주,1970-02,0
유신정우회,이주,1970-03,0
유신정우회,이주,1970-04,0
유신정우회,이주,1970-05,0
유신정우회,이주,1970-06,0
유신정우회,이주,1970-07,0
유신정우회,이주,1970-08,0
유신정우회,이주,1970-09,0
유신정우회,이주,1970-10,0
유신정우회,이주,1970-11,0
유신정우회,이주,1970-12,0
유신정우회,이주,1971-01,0
유신정우회,이주,1971-03,0
유신정우회,이주,1971-07,0
유신정우회,이주,1971-08,0
유신정우회,이주,1971-09,0
유신정우회,이주,1971-10,0
유신정우회,이주,1971-11,1
유신정우회,이주,1971-12,0
유신정우회,이주,1972-01,0
유신정우회,이주,1972-03,0
유신정우회,이주,1972-05,0
유신정우회,이주,1972-07,0
유신정우회,이주,1972-08,0
유신정우회,이주,1972-09,0
유신정우회,이주,1972-10,0
유신정우회,이주,1973-03,0
유신정우회,이주,1973-05,2
유신정우회,이주,1973-06,6
유신정우회,이주,1973-09,4
유신정우회,이주,1973-10,1
유신정우회,이주,1973-11,4
유신정우회,이주,1973-12,3
유신정우회,이주,1974-08,4
유신정우회,이주,1974-09,0
유신정우회,이주,1974-10,7
유신정우회,이주,1974-11,0
유신정우회,이주,1974-12,3
유신정우회,이주,1975-03,3
유신정우회,이주,1975-05,0
유신정우회,이주,1975-06,0
유신정우회,이주,1975-07,3
유신정우회,이주,1975-09,1
유신정우회,이주,1975-10,7
유신정우회,이주,1975-11,0
유신정우회,이주,1975-12,2
유신정우회,이주,1976-03,1
유신정우회,이주,1976-09,1
유신정우회,이주,1976-10,2
유신정우회,이주,1976-11,0
유신정우회,이주,1976-12,2
유신정우회,이주,1977-06,3
유신정우회,이주,1977-07,1
유신정우회,이주,1977-09,3
유신정우회,이주,1977-10,4
유신정우회,이주,1977-11,1
유신정우회,이주,1977-12,0
유신정우회,이주,1978-02,0
유신정우회,이주,1978-03,1
유신정우회,이주,1978-09,1
유신정우회,이주,1978-10,3
유신정우회,이주,1978-11,4
유신정우회,이주,1979-03,3
유신정우회,이주,1979-07,2
유신정우회,이주,1979-09,0
유신정우회,이주,1979-10,0
통일사회당,이주,1963-12,0
통일사회당,이주,1964-01,0
통일사회당,이주,1964-02,0
통일사회당,이주,1964-03,0
통일사회당,이주,1964-04,0
통일사회당,이주,1964-05,0
통일사회당,이주,1964-06,0
통일사회당,이주,1964-07,0
통일사회당,이주,1964-08,0
통일사회당,이주,1964-09,0
통일사회당,이주,1964-10,0
통일사회당,이주,1964-11,0
통일사회당,이주,1964-12,0
통일사회당,이주,1965-01,0
통일사회당,이주,1965-02,0
통일사회당,이주,1965-03,0
통일사회당,이주,1965-04,0
통일사회당,이주,1965-05,0
통일사회당,이주,1965-06,0
통일사회당,이주,1965-07,0
통일사회당,이주,1965-08,0
통일사회당,이주,1965-09,0
통일사회당,이주,1965-10,0
통일사회당,이주,1965-11,0
통일사회당,이주,1965-12,0
통일사회당,이주,1966-01,0
통일사회당,이주,1966-02,0
통일사회당,이주,1966-03,0
통일사회당,이주,1966-04,0
통일사회당,이주,1966-05,0
통일사회당,이주,1966-06,0
통일사회당,이주,1966-07,0
통일사회당,이주,1966-08,0
통일사회당,이주,1966-09,0
통일사회당,이주,1966-10,0
통일사회당,이주,1966-11,0
통일사회당,이주,1966-12,0
통일사회당,이주,1967-01,0
통일사회당,이주,1967-02,0
통일사회당,이주,1967-03,0
통일사회당,이주,1967-07,0
통일사회당,이주,1967-08,0
통일사회당,이주,1967-09,0
통일사회당,이주,1967-10,0
통일사회당,이주,1967-11,0
통일사회당,이주,1967-12,0
통일사회당,이주,1968-01,0
통일사회당,이주,1968-02,0
통일사회당,이주,1968-03,0
통일사회당,이주,1968-04,1
통일사회당,이주,1968-05,0
통일사회당,이주,1968-06,0
통일사회당,이주,1968-07,1
통일사회당,이주,1968-08,0
통일사회당,이주,1968-09,0
통일사회당,이주,1968-10,4
통일사회당,이주,1968-11,2
통일사회당,이주,1968-12,0
통일사회당,이주,1969-01,0
통일사회당,이주,1969-02,0
통일사회당,이주,1969-03,0
통일사회당,이주,1969-04,1
통일사회당,이주,1969-05,0
통일사회당,이주,1969-06,0
통일사회당,이주,1969-07,0
통일사회당,이주,1969-08,0
통일사회당,이주,1969-09,0
통일사회당,이주,1969-11,0
통일사회당,이주,1969-12,0
통일사회당,이주,1970-01,0
통일사회당,이주,1970-02,0
통일사회당,이주,1970-03,0
통일사회당,이주,1970-04,0
통일사회당,이주,1970-05,0
통일사회당,이주,1970-06,0
통일사회당,이주,1970-07,0
통일사회당,이주,1970-08,0
통일사회당,이주,1970-09,0
통일사회당,이주,1970-10,4
통일사회당,이주,1970-11,0
통일사회당,이주,1970-12,0
통일사회당,이주,1971-01,0
통일사회당,이주,1971-03,0
통일사회당,이주,1971-07,0
통일사회당,이주,1971-08,0
통일사회당,이주,1971-09,0
통일사회당,이주,1971-10,0
통일사회당,이주,1971-11,0
통일사회당,이주,1971-12,0
통일사회당,이주,1972-01,0
통일사회당,이주,1972-03,0
통일사회당,이주,1972-05,0
통일사회당,이주,1972-07,0
통일사회당,이주,1972-08,0
통일사회당,이주,1972-09,0
통일사회당,이주,1972-10,0
통일사회당,이주,1973-03,0
통일사회당,이주,1973-05,0
통일사회당,이주,1973-06,0
통일사회당,이주,1973-09,0
통일사회당,이주,1973-10,0
통일사회당,이주,1973-11,0
통일사회당,이주,1973-12,0
통일사회당,이주,1974-08,0
통일사회당,이주,1974-09,0
통일사회당,이주,1974-10,0
통일사회당,이주,1974-11,0
통일사회당,이주,1974-12,0
통일사회당,이주,1975-03,0
통일사회당,이주,1975-05,0
통일사회당,이주,1975-06,0
통일사회당,이주,1975-07,0
통일사회당,이주,1975-09,0
통일사회당,이주,1975-10,0
통일사회당,이주,1975-11,0
통일사회당,이주,1975-12,0
통일사회당,이주,1976-03,0
통일사회당,이주,1976-09,0
통일사회당,이주,1976-10,0
통일사회당,이주,1976-11,0
통일사회당,이주,1976-12,0
통일사회당,이주,1977-06,0
통일사회당,이주,1977-07,0
통일사회당,이주,1977-09,0
통일사회당,이주,1977-10,0
통일사회당,이주,1977-11,0
통일사회당,이주,1977-12,0
통일사회당,이주,1978-02,0
통일사회당,이주,1978-03,0
통일사회당,이주,1978-09,0
통일사회당,이주,1978-10,0
통일사회당,이주,1978-11,0
통일사회당,이주,1979-03,0
통일사회당,이주,1979-07,0
통일사회당,이주,1979-09,0
통일사회당,이주,1979-10,0
십오구락부,이주,1963-12,0
십오구락부,이주,1964-01,0
십오구락부,이주,1964-02,0
십오구락부,이주,1964-03,0
십오구락부,이주,1964-04,0
십오구락부,이주,1964-05,0
십오구락부,이주,1964-06,0
십오구락부,이주,1964-07,0
십오구락부,이주,1964-08,0
십오구락부,이주,1964-09,0
십오구락부,이주,1964-10,0
십오구락부,이주,1964-11,0
십오구락부,이주,1964-12,0
십오구락부,이주,1965-01,0
십오구락부,이주,1965-02,0
십오구락부,이주,1965-03,0
십오구락부,이주,1965-04,0
십오구락부,이주,1965-05,0
십오구락부,이주,1965-06,0
십오구락부,이주,1965-07,0
십오구락부,이주,1965-08,0
십오구락부,이주,1965-09,0
십오구락부,이주,1965-10,0
십오구락부,이주,1965-11,0
십오구락부,이주,1965-12,0
십오구락부,이주,1966-01,0
십오구락부,이주,1966-02,0
십오구락부,이주,1966-03,0
십오구락부,이주,1966-04,0
십오구락부,이주,1966-05,0
십오구락부,이주,1966-06,0
십오구락부,이주,1966-07,0
십오구락부,이주,1966-08,0
십오구락부,이주,1966-09,0
십오구락부,이주,1966-10,0
십오구락부,이주,1966-11,0
십오구락부,이주,1966-12,0
십오구락부,이주,1967-01,0
십오구락부,이주,1967-02,0
십오구락부,이주,1967-03,0
십오구락부,이주,1967-07,0
십오구락부,이주,1967-08,0
십오구락부,이주,1967-09,0
십오구락부,이주,1967-10,0
십오구락부,이주,1967-11,0
십오구락부,이주,1967-12,0
십오구락부,이주,1968-01,0
십오구락부,이주,1968-02,0
십오구락부,이주,1968-03,0
십오구락부,이주,1968-04,0
십오구락부,이주,1968-05,0
십오구락부,이주,1968-06,0
십오구락부,이주,1968-07,0
십오구락부,이주,1968-08,0
십오구락부,이주,1968-09,0
십오구락부,이주,1968-10,0
십오구락부,이주,1968-11,0
십오구락부,이주,1968-12,0
십오구락부,이주,1969-01,0
십오구락부,이주,1969-02,0
십오구락부,이주,1969-03,0
십오구락부,이주,1969-04,0
십오구락부,이주,1969-05,0
십오구락부,이주,1969-06,0
십오구락부,이주,1969-07,0
십오구락부,이주,1969-08,0
십오구락부,이주,1969-09,0
십오구락부,이주,1969-11,0
십오구락부,이주,1969-12,0
십오구락부,이주,1970-01,0
십오구락부,이주,1970-02,0
십오구락부,이주,1970-03,0
십오구락부,이주,1970-04,0
십오구락부,이주,1970-05,0
십오구락부,이주,1970-06,0
십오구락부,이주,1970-07,0
십오구락부,이주,1970-08,0
십오구락부,이주,1970-09,0
십오구락부,이주,1970-10,0
십오구락부,이주,1970-11,0
십오구락부,이주,1970-12,0
십오구락부,이주,1971-01,0
십오구락부,이주,1971-03,0
십오구락부,이주,1971-07,0
십오구락부,이주,1971-08,0
십오구락부,이주,1971-09,0
십오구락부,이주,1971-10,0
십오구락부,이주,1971-11,0
십오구락부,이주,1971-12,0
십오구락부,이주,1972-01,0
십오구락부,이주,1972-03,0
십오구락부,이주,1972-05,0
십오구락부,이주,1972-07,0
십오구락부,이주,1972-08,0
십오구락부,이주,1972-09,0
십오구락부,이주,1972-10,0
십오구락부,이주,1973-03,0
십오구락부,이주,1973-05,0
십오구락부,이주,1973-06,0
십오구락부,이주,1973-09,0
십오구락부,이주,1973-10,0
십오구락부,이주,1973-11,0
십오구락부,이주,1973-12,0
십오구락부,이주,1974-08,0
십오구락부,이주,1974-09,0
십오구락부,이주,1974-10,0
십오구락부,이주,1974-11,0
십오구락부,이주,1974-12,0
십오구락부,이주,1975-03,0
십오구락부,이주,1975-05,0
십오구락부,이주,1975-06,0
십오구락부,이주,1975-07,0
십오구락부,이주,1975-09,0
십오구락부,이주,1975-10,0
십오구락부,이주,1975-11,0
십오구락부,이주,1975-12,0
십오구락부,이주,1976-03,0
십오구락부,이주,1976-09,0
십오구락부,이주,1976-10,0
십오구락부,이주,1976-11,0
십오구락부,이주,1976-12,0
십오구락부,이주,1977-06,0
십오구락부,이주,1977-07,0
십오구락부,이주,1977-09,0
십오구락부,이주,1977-10,0
십오구락부,이주,1977-11,0
십오구락부,이주,1977-12,0
십오구락부,이주,1978-02,0
십오구락부,이주,1978-03,0
십오구락부,이주,1978-09,0
십오구락부,이주,1978-10,0
십오구락부,이주,1978-11,0
십오구락부,이주,1979-03,0
십오구락부,이주,1979-07,0
십오구락부,이주,1979-09,0
십오구락부,이주,1979-10,0
한국독립당,이주,1963-12,0
한국독립당,이주,1964-01,0
한국독립당,이주,1964-02,0
한국독립당,이주,1964-03,0
한국독립당,이주,1964-04,0
한국독립당,이주,1964-05,0
한국독립당,이주,1964-06,0
한국독립당,이주,1964-07,0
한국독립당,이주,1964-08,0
한국독립당,이주,1964-09,0
한국독립당,이주,1964-10,0
한국독립당,이주,1964-11,0
한국독립당,이주,1964-12,0
한국독립당,이주,1965-01,0
한국독립당,이주,1965-02,0
한국독립당,이주,1965-03,0
한국독립당,이주,1965-04,0
한국독립당,이주,1965-05,0
한국독립당,이주,1965-06,0
한국독립당,이주,1965-07,0
한국독립당,이주,1965-08,0
한국독립당,이주,1965-09,0
한국독립당,이주,1965-10,0
한국독립당,이주,1965-11,0
한국독립당,이주,1965-12,1
한국독립당,이주,1966-01,0
한국독립당,이주,1966-02,0
한국독립당,이주,1966-03,1
한국독립당,이주,1966-04,0
한국독립당,이주,1966-05,0
한국독립당,이주,1966-06,0
한국독립당,이주,1966-07,0
한국독립당,이주,1966-08,0
한국독립당,이주,1966-09,2
한국독립당,이주,1966-10,0
한국독립당,이주,1966-11,0
한국독립당,이주,1966-12,0
한국독립당,이주,1967-01,0
한국독립당,이주,1967-02,0
한국독립당,이주,1967-03,0
한국독립당,이주,1967-07,0
한국독립당,이주,1967-08,0
한국독립당,이주,1967-09,0
한국독립당,이주,1967-10,0
한국독립당,이주,1967-11,0
한국독립당,이주,1967-12,0
한국독립당,이주,1968-01,0
한국독립당,이주,1968-02,0
한국독립당,이주,1968-03,0
한국독립당,이주,1968-04,0
한국독립당,이주,1968-05,0
한국독립당,이주,1968-06,0
한국독립당,이주,1968-07,0
한국독립당,이주,1968-08,0
한국독립당,이주,1968-09,0
한국독립당,이주,1968-10,0
한국독립당,이주,1968-11,0
한국독립당,이주,1968-12,0
한국독립당,이주,1969-01,0
한국독립당,이주,1969-02,0
한국독립당,이주,1969-03,0
한국독립당,이주,1969-04,0
한국독립당,이주,1969-05,0
한국독립당,이주,1969-06,0
한국독립당,이주,1969-07,0
한국독립당,이주,1969-08,0
한국독립당,이주,1969-09,0
한국독립당,이주,1969-11,0
한국독립당,이주,1969-12,0
한국독립당,이주,1970-01,0
한국독립당,이주,1970-02,0
한국독립당,이주,1970-03,0
한국독립당,이주,1970-04,0
한국독립당,이주,1970-05,0
한국독립당,이주,1970-06,0
한국독립당,이주,1970-07,0
한국독립당,이주,1970-08,0
한국독립당,이주,1970-09,0
한국독립당,이주,1970-10,0
한국독립당,이주,1970-11,0
한국독립당,이주,1970-12,0
한국독립당,이주,1971-01,0
한국독립당,이주,1971-03,0
한국독립당,이주,1971-07,0
한국독립당,이주,1971-08,0
한국독립당,이주,1971-09,0
한국독립당,이주,1971-10,0
한국독립당,이주,1971-11,0
한국독립당,이주,1971-12,0
한국독립당,이주,1972-01,0
한국독립당,이주,1972-03,0
한국독립당,이주,1972-05,0
한국독립당,이주,1972-07,0
한국독립당,이주,1972-08,0
한국독립당,이주,1972-09,0
한국독립당,이주,1972-10,0
한국독립당,이주,1973-03,0
한국독립당,이주,1973-05,0
한국독립당,이주,1973-06,0
한국독립당,이주,1973-09,0
한국독립당,이주,1973-10,0
한국독립당,이주,1973-11,0
한국독립당,이주,1973-12,0
한국독립당,이주,1974-08,0
한국독립당,이주,1974-09,0
한국독립당,이주,1974-10,0
한국독립당,이주,1974-11,0
한국독립당,이주,1974-12,0
한국독립당,이주,1975-03,0
한국독립당,이주,1975-05,0
한국독립당,이주,1975-06,0
한국독립당,이주,1975-07,0
한국독립당,이주,1975-09,0
한국독립당,이주,1975-10,0
한국독립당,이주,1975-11,0
한국독립당,이주,1975-12,0
한국독립당,이주,1976-03,0
한국독립당,이주,1976-09,0
한국독립당,이주,1976-10,0
한국독립당,이주,1976-11,0
한국독립당,이주,1976-12,0
한국독립당,이주,1977-06,0
한국독립당,이주,1977-07,0
한국독립당,이주,1977-09,0
한국독립당,이주,1977-10,0
한국독립당,이주,1977-11,0
한국독립당,이주,1977-12,0
한국독립당,이주,1978-02,0
한국독립당,이주,1978-03,0
한국독립당,이주,1978-09,0
한국독립당,이주,1978-10,0
한국독립당,이주,1978-11,0
한국독립당,이주,1979-03,0
한국독립당,이주,1979-07,0
한국독립당,이주,1979-09,0
한국독립당,이주,1979-10,0
민주공화당,외국인,1963-12,5
민주공화당,외국인,1964-01,21
민주공화당,외국인,1964-02,69
민주공화당,외국인,1964-03,17
민주공화당,외국인,1964-04,37
민주공화당,외국인,1964-05,51
민주공화당,외국인,1964-06,12
민주공화당,외국인,1964-07,39
민주공화당,외국인,1964-08,7
민주공화당,외국인,1964-09,34
민주공화당,외국인,1964-10,48
민주공화당,외국인,1964-11,62
민주공화당,외국인,1964-12,35
민주공화당,외국인,1965-01,19
민주공화당,외국인,1965-02,1
민주공화당,외국인,1965-03,29
민주공화당,외국인,1965-04,7
민주공화당,외국인,1965-05,8
민주공화당,외국인,1965-06,15
민주공화당,외국인,1965-07,14
민주공화당,외국인,1965-08,12
민주공화당,외국인,1965-09,2
민주공화당,외국인,1965-10,24
민주공화당,외국인,1965-11,61
민주공화당,외국인,1965-12,7
민주공화당,외국인,1966-01,8
민주공화당,외국인,1966-02,13
민주공화당,외국인,1966-03,20
민주공화당,외국인,1966-04,3
민주공화당,외국인,1966-05,0
민주공화당,외국인,1966-06,31
민주공화당,외국인,1966-07,35
민주공화당,외국인,1966-08,5
민주공화당,외국인,1966-09,26
민주공화당,외국인,1966-10,36
민주공화당,외국인,1966-11,46
민주공화당,외국인,1966-12,14
민주공화당,외국인,1967-01,11
민주공화당,외국인,1967-02,7
민주공화당,외국인,1967-03,8
민주공화당,외국인,1967-07,1
민주공화당,외국인,1967-08,0
민주공화당,외국인,1967-09,0
민주공화당,외국인,1967-10,57
민주공화당,외국인,1967-11,16
민주공화당,외국인,1967-12,40
민주공화당,외국인,1968-01,1
민주공화당,외국인,1968-02,20
민주공화당,외국인,1968-03,7
민주공화당,외국인,1968-04,17
민주공화당,외국인,1968-05,10
민주공화당,외국인,1968-06,25
민주공화당,외국인,1968-07,3
민주공화당,외국인,1968-08,0
민주공화당,외국인,1968-09,28
민주공화당,외국인,1968-10,53
민주공화당,외국인,1968-11,23
민주공화당,외국인,1968-12,9
민주공화당,외국인,1969-01,0
민주공화당,외국인,1969-02,0
민주공화당,외국인,1969-03,1
민주공화당,외국인,1969-04,16
민주공화당,외국인,1969-05,0
민주공화당,외국인,1969-06,9
민주공화당,외국인,1969-07,12
민주공화당,외국인,1969-08,4
민주공화당,외국인,1969-09,1
민주공화당,외국인,1969-11,7
민주공화당,외국인,1969-12,107
민주공화당,외국인,1970-01,1
민주공화당,외국인,1970-02,0
민주공화당,외국인,1970-03,3
민주공화당,외국인,1970-04,10
민주공화당,외국인,1970-05,40
민주공화당,외국인,1970-06,11
민주공화당,외국인,1970-07,34
민주공화당,외국인,1970-08,9
민주공화당,외국인,1970-09,10
민주공화당,외국인,1970-10,63
민주공화당,외국인,1970-11,35
민주공화당,외국인,1970-12,12
민주공화당,외국인,1971-01,0
민주공화당,외국인,1971-03,0
민주공화당,외국인,1971-07,0
민주공화당,외국인,1971-08,6
민주공화당,외국인,1971-09,5
민주공화당,외국인,1971-10,3
민주공화당,외국인,1971-11,34
민주공화당,외국인,1971-12,5
민주공화당,외국인,1972-01,1
민주공화당,외국인,1972-03,0
민주공화당,외국인,1972-05,0
민주공화당,외국인,1972-07,3
민주공화당,외국인,1972-08,0
민주공화당,외국인,1972-09,1
민주공화당,외국인,1972-10,7
민주공화당,외국인,1973-03,0
민주공화당,외국인,1973-05,0
민주공화당,외국인,1973-06,1
민주공화당,외국인,1973-09,0
민주공화당,외국인,1973-10,0
민주공화당,외국인,1973-11,1
민주공화당,외국인,1973-12,0
민주공화당,외국인,1974-08,1
민주공화당,외국인,1974-09,3
민주공화당,외국인,1974-10,2
민주공화당,외국인,1974-11,0
민주공화당,외국인,1974-12,0
민주공화당,외국인,1975-03,1
민주공화당,외국인,1975-05,0
민주공화당,외국인,1975-06,0
민주공화당,외국인,1975-07,2
민주공화당,외국인,1975-09,0
민주공화당,외국인,1975-10,2
민주공화당,외국인,1975-11,0
민주공화당,외국인,1975-12,1
민주공화당,외국인,1976-03,1
민주공화당,외국인,1976-09,0
민주공화당,외국인,1976-10,2
민주공화당,외국인,1976-11,0
민주공화당,외국인,1976-12,0
민주공화당,외국인,1977-06,5
민주공화당,외국인,1977-07,1
민주공화당,외국인,1977-09,4
민주공화당,외국인,1977-10,3
민주공화당,외국인,1977-11,0
민주공화당,외국인,1977-12,1
민주공화당,외국인,1978-02,0
민주공화당,외국인,1978-03,1
민주공화당,외국인,1978-09,1
민주공화당,외국인,1978-10,1
민주공화당,외국인,1978-11,0
민주공화당,외국인,1979-03,2
민주공화당,외국인,1979-07,2
민주공화당,외국인,1979-09,0
민주공화당,외국인,1979-10,0
신민당,외국인,1963-12,0
신민당,외국인,1964-01,13
신민당,외국인,1964-02,14
신민당,외국인,1964-03,5
신민당,외국인,1964-04,10
신민당,외국인,1964-05,21
신민당,외국인,1964-06,3
신민당,외국인,1964-07,8
신민당,외국인,1964-08,3
신민당,외국인,1964-09,13
신민당,외국인,1964-10,5
신민당,외국인,1964-11,29
신민당,외국인,1964-12,9
신민당,외국인,1965-01,10
신민당,외국인,1965-02,2
신민당,외국인,1965-03,8
신민당,외국인,1965-04,1
신민당,외국인,1965-05,2
신민당,외국인,1965-06,5
신민당,외국인,1965-07,2
신민당,외국인,1965-08,1
신민당,외국인,1965-09,0
신민당,외국인,1965-10,5
신민당,외국인,1965-11,29
신민당,외국인,1965-12,9
신민당,외국인,1966-01,3
신민당,외국인,1966-02,10
신민당,외국인,1966-03,25
신민당,외국인,1966-04,4
신민당,외국인,1966-05,0
신민당,외국인,1966-06,21
신민당,외국인,1966-07,25
신민당,외국인,1966-08,1
신민당,외국인,1966-09,14
신민당,외국인,1966-10,25
신민당,외국인,1966-11,40
신민당,외국인,1966-12,16
신민당,외국인,1967-01,7
신민당,외국인,1967-02,0
신민당,외국인,1967-03,2
신민당,외국인,1967-07,0
신민당,외국인,1967-08,0
신민당,외국인,1967-09,0
신민당,외국인,1967-10,0
신민당,외국인,1967-11,1
신민당,외국인,1967-12,52
신민당,외국인,1968-01,0
신민당,외국인,1968-02,21
신민당,외국인,1968-03,5
신민당,외국인,1968-04,11
신민당,외국인,1968-05,4
신민당,외국인,1968-06,39
신민당,외국인,1968-07,7
신민당,외국인,1968-08,1
신민당,외국인,1968-09,29
신민당,외국인,1968-10,64
신민당,외국인,1968-11,39
신민당,외국인,1968-12,15
신민당,외국인,1969-01,2
신민당,외국인,1969-02,0
신민당,외국인,1969-03,5
신민당,외국인,1969-04,14
신민당,외국인,1969-05,0
신민당,외국인,1969-06,4
신민당,외국인,1969-07,10
신민당,외국인,1969-08,15
신민당,외국인,1969-09,4
신민당,외국인,1969-11,0
신민당,외국인,1969-12,4
신민당,외국인,1970-01,0
신민당,외국인,1970-02,0
신민당,외국인,1970-03,0
신민당,외국인,1970-04,0
신민당,외국인,1970-05,38
신민당,외국인,1970-06,9
신민당,외국인,1970-07,41
신민당,외국인,1970-08,3
신민당,외국인,1970-09,22
신민당,외국인,1970-10,52
신민당,외국인,1970-11,44
신민당,외국인,1970-12,13
신민당,외국인,1971-01,3
신민당,외국인,1971-03,0
신민당,외국인,1971-07,0
신민당,외국인,1971-08,6
신민당,외국인,1971-09,15
신민당,외국인,1971-10,15
신민당,외국인,1971-11,83
신민당,외국인,1971-12,8
신민당,외국인,1972-01,2
신민당,외국인,1972-03,0
신민당,외국인,1972-05,0
신민당,외국인,1972-07,15
신민당,외국인,1972-08,2
신민당,외국인,1972-09,3
신민당,외국인,1972-10,30
신민당,외국인,1973-03,0
신민당,외국인,1973-05,1
신민당,외국인,1973-06,1
신민당,외국인,1973-09,3
신민당,외국인,1973-10,0
신민당,외국인,1973-11,0
신민당,외국인,1973-12,0
신민당,외국인,1974-08,4
신민당,외국인,1974-09,0
신민당,외국인,1974-10,5
신민당,외국인,1974-11,0
신민당,외국인,1974-12,1
신민당,외국인,1975-03,1
신민당,외국인,1975-05,0
신민당,외국인,1975-06,0
신민당,외국인,1975-07,3
신민당,외국인,1975-09,0
신민당,외국인,1975-10,1
신민당,외국인,1975-11,0
신민당,외국인,1975-12,0
신민당,외국인,1976-03,0
신민당,외국인,1976-09,0
신민당,외국인,1976-10,9
신민당,외국인,1976-11,0
신민당,외국인,1976-12,0
신민당,외국인,1977-06,5
신민당,외국인,1977-07,1
신민당,외국인,1977-09,0
신민당,외국인,1977-10,2
신민당,외국인,1977-11,0
신민당,외국인,1977-12,0
신민당,외국인,1978-02,0
신민당,외국인,1978-03,1
신민당,외국인,1978-09,0
신민당,외국인,1978-10,3
신민당,외국인,1978-11,1
신민당,외국인,1979-03,0
신민당,외국인,1979-07,3
신민당,외국인,1979-09,0
신민당,외국인,1979-10,0
민정당,외국인,1963-12,5
민정당,외국인,1964-01,6
민정당,외국인,1964-02,17
민정당,외국인,1964-03,3
민정당,외국인,1964-04,12
민정당,외국인,1964-05,14
민정당,외국인,1964-06,7
민정당,외국인,1964-07,3
민정당,외국인,1964-08,5
민정당,외국인,1964-09,5
민정당,외국인,1964-10,7
민정당,외국인,1964-11,20
민정당,외국인,1964-12,2
민정당,외국인,1965-01,4
민정당,외국인,1965-02,0
민정당,외국인,1965-03,12
민정당,외국인,1965-04,3
민정당,외국인,1965-05,3
민정당,외국인,1965-06,8
민정당,외국인,1965-07,0
민정당,외국인,1965-08,4
민정당,외국인,1965-09,0
민정당,외국인,1965-10,3
민정당,외국인,1965-11,24
민정당,외국인,1965-12,2
민정당,외국인,1966-01,3
민정당,외국인,1966-02,4
민정당,외국인,1966-03,10
민정당,외국인,1966-04,7
민정당,외국인,1966-05,0
민정당,외국인,1966-06,7
민정당,외국인,1966-07,8
민정당,외국인,1966-08,0
민정당,외국인,1966-09,5
민정당,외국인,1966-10,23
민정당,외국인,1966-11,20
민정당,외국인,1966-12,8
민정당,외국인,1967-01,5
민정당,외국인,1967-02,1
민정당,외국인,1967-03,1
민정당,외국인,1967-07,0
민정당,외국인,1967-08,0
민정당,외국인,1967-09,0
민정당,외국인,1967-10,0
민정당,외국인,1967-11,0
민정당,외국인,1967-12,0
민정당,외국인,1968-01,0
민정당,외국인,1968-02,0
민정당,외국인,1968-03,0
민정당,외국인,1968-04,0
민정당,외국인,1968-05,0
민정당,외국인,1968-06,0
민정당,외국인,1968-07,0
민정당,외국인,1968-08,0
민정당,외국인,1968-09,0
민정당,외국인,1968-10,0
민정당,외국인,1968-11,0
민정당,외국인,1968-12,0
민정당,외국인,1969-01,0
민정당,외국인,1969-02,0
민정당,외국인,1969-03,0
민정당,외국인,1969-04,0
민정당,외국인,1969-05,0
민정당,외국인,1969-06,0
민정당,외국인,1969-07,0
민정당,외국인,1969-08,0
민정당,외국인,1969-09,0
민정당,외국인,1969-11,0
민정당,외국인,1969-12,0
민정당,외국인,1970-01,0
민정당,외국인,1970-02,0
민정당,외국인,1970-03,0
민정당,외국인,1970-04,0
민정당,외국인,1970-05,0
민정당,외국인,1970-06,0
민정당,외국인,1970-07,0
민정당,외국인,1970-08,0
민정당,외국인,1970-09,0
민정당,외국인,1970-10,0
민정당,외국인,1970-11,0
민정당,외국인,1970-12,0
민정당,외국인,1971-01,0
민정당,외국인,1971-03,0
민정당,외국인,1971-07,0
민정당,외국인,1971-08,0
민정당,외국인,1971-09,0
민정당,외국인,1971-10,0
민정당,외국인,1971-11,0
민정당,외국인,1971-12,0
민정당,외국인,1972-01,0
민정당,외국인,1972-03,0
민정당,외국인,1972-05,0
민정당,외국인,1972-07,0
민정당,외국인,1972-08,0
민정당,외국인,1972-09,0
민정당,외국인,1972-10,0
민정당,외국인,1973-03,0
민정당,외국인,1973-05,0
민정당,외국인,1973-06,0
민정당,외국인,1973-09,0
민정당,외국인,1973-10,0
민정당,외국인,1973-11,0
민정당,외국인,1973-12,0
민정당,외국인,1974-08,0
민정당,외국인,1974-09,0
민정당,외국인,1974-10,0
민정당,외국인,1974-11,0
민정당,외국인,1974-12,0
민정당,외국인,1975-03,0
민정당,외국인,1975-05,0
민정당,외국인,1975-06,0
민정당,외국인,1975-07,0
민정당,외국인,1975-09,0
민정당,외국인,1975-10,0
민정당,외국인,1975-11,0
민정당,외국인,1975-12,0
민정당,외국인,1976-03,0
민정당,외국인,1976-09,0
민정당,외국인,1976-10,0
민정당,외국인,1976-11,0
민정당,외국인,1976-12,0
민정당,외국인,1977-06,0
민정당,외국인,1977-07,0
민정당,외국인,1977-09,0
민정당,외국인,1977-10,0
민정당,외국인,1977-11,0
민정당,외국인,1977-12,0
민정당,외국인,1978-02,0
민정당,외국인,1978-03,0
민정당,외국인,1978-09,0
민정당,외국인,1978-10,0
민정당,외국인,1978-11,0
민정당,외국인,1979-03,0
민정당,외국인,1979-07,0
민정당,외국인,1979-09,0
민정당,외국인,1979-10,0
민주당,외국인,1963-12,2
민주당,외국인,1964-01,6
민주당,외국인,1964-02,12
민주당,외국인,1964-03,1
민주당,외국인,1964-04,7
민주당,외국인,1964-05,4
민주당,외국인,1964-06,2
민주당,외국인,1964-07,1
민주당,외국인,1964-08,0
민주당,외국인,1964-09,1
민주당,외국인,1964-10,10
민주당,외국인,1964-11,26
민주당,외국인,1964-12,4
민주당,외국인,1965-01,7
민주당,외국인,1965-02,0
민주당,외국인,1965-03,5
민주당,외국인,1965-04,2
민주당,외국인,1965-05,2
민주당,외국인,1965-06,7
민주당,외국인,1965-07,3
민주당,외국인,1965-08,1
민주당,외국인,1965-09,0
민주당,외국인,1965-10,4
민주당,외국인,1965-11,19
민주당,외국인,1965-12,7
민주당,외국인,1966-01,1
민주당,외국인,1966-02,5
민주당,외국인,1966-03,2
민주당,외국인,1966-04,5
민주당,외국인,1966-05,0
민주당,외국인,1966-06,5
민주당,외국인,1966-07,1
민주당,외국인,1966-08,0
민주당,외국인,1966-09,0
민주당,외국인,1966-10,6
민주당,외국인,1966-11,17
민주당,외국인,1966-12,8
민주당,외국인,1967-01,0
민주당,외국인,1967-02,0
민주당,외국인,1967-03,1
민주당,외국인,1967-07,0
민주당,외국인,1967-08,0
민주당,외국인,1967-09,0
민주당,외국인,1967-10,0
민주당,외국인,1967-11,0
민주당,외국인,1967-12,0
민주당,외국인,1968-01,0
민주당,외국인,1968-02,0
민주당,외국인,1968-03,0
민주당,외국인,1968-04,0
민주당,외국인,1968-05,0
민주당,외국인,1968-06,0
민주당,외국인,1968-07,0
민주당,외국인,1968-08,0
민주당,외국인,1968-09,0
민주당,외국인,1968-10,0
민주당,외국인,1968-11,0
민주당,외국인,1968-12,0
민주당,외국인,1969-01,0
민주당,외국인,1969-02,0
민주당,외국인,1969-03,0
민주당,외국인,1969-04,0
민주당,외국인,1969-05,0
민주당,외국인,1969-06,0
민주당,외국인,1969-07,0
민주당,외국인,1969-08,0
민주당,외국인,1969-09,0
민주당,외국인,1969-11,0
민주당,외국인,1969-12,0
민주당,외국인,1970-01,0
민주당,외국인,1970-02,0
민주당,외국인,1970-03,0
민주당,외국인,1970-04,0
민주당,외국인,1970-05,0
민주당,외국인,1970-06,0
민주당,외국인,1970-07,0
민주당,외국인,1970-08,0
민주당,외국인,1970-09,0
민주당,외국인,1970-10,0
민주당,외국인,1970-11,0
민주당,외국인,1970-12,0
민주당,외국인,1971-01,0
민주당,외국인,1971-03,0
민주당,외국인,1971-07,0
민주당,외국인,1971-08,0
민주당,외국인,1971-09,0
민주당,외국인,1971-10,0
민주당,외국인,1971-11,0
민주당,외국인,1971-12,0
민주당,외국인,1972-01,0
민주당,외국인,1972-03,0
민주당,외국인,1972-05,0
민주당,외국인,1972-07,0
민주당,외국인,1972-08,0
민주당,외국인,1972-09,0
민주당,외국인,1972-10,0
민주당,외국인,1973-03,0
민주당,외국인,1973-05,0
민주당,외국인,1973-06,0
민주당,외국인,1973-09,0
민주당,외국인,1973-10,0
민주당,외국인,1973-11,0
민주당,외국인,1973-12,0
민주당,외국인,1974-08,0
민주당,외국인,1974-09,0
민주당,외국인,1974-10,0
민주당,외국인,1974-11,0
민주당,외국인,1974-12,0
민주당,외국인,1975-03,0
민주당,외국인,1975-05,0
민주당,외국인,1975-06,0
민주당,외국인,1975-07,0
민주당,외국인,1975-09,0
민주당,외국인,1975-10,0
민주당,외국인,1975-11,0
민주당,외국인,1975-12,0
민주당,외국인,1976-03,0
민주당,외국인,1976-09,0
민주당,외국인,1976-10,0
민주당,외국인,1976-11,0
민주당,외국인,1976-12,0
민주당,외국인,1977-06,0
민주당,외국인,1977-07,0
민주당,외국인,1977-09,0
민주당,외국인,1977-10,0
민주당,외국인,1977-11,0
민주당,외국인,1977-12,0
민주당,외국인,1978-02,0
민주당,외국인,1978-03,0
민주당,외국인,1978-09,0
민주당,외국인,1978-10,0
민주당,외국인,1978-11,0
민주당,외국인,1979-03,0
민주당,외국인,1979-07,0
민주당,외국인,1979-09,0
민주당,외국인,1979-10,0
자유민주당,외국인,1963-12,0
자유민주당,외국인,1964-01,2
자유민주당,외국인,1964-02,5
자유민주당,외국인,1964-03,2
자유민주당,외국인,1964-04,4
자유민주당,외국인,1964-05,6
자유민주당,외국인,1964-06,1
자유민주당,외국인,1964-07,4
자유민주당,외국인,1964-08,1
자유민주당,외국인,1964-09,4
자유민주당,외국인,1964-10,5
자유민주당,외국인,1964-11,13
자유민주당,외국인,1964-12,6
자유민주당,외국인,1965-01,2
자유민주당,외국인,1965-02,1
자유민주당,외국인,1965-03,1
자유민주당,외국인,1965-04,0
자유민주당,외국인,1965-05,1
자유민주당,외국인,1965-06,3
자유민주당,외국인,1965-07,0
자유민주당,외국인,1965-08,2
자유민주당,외국인,1965-09,0
자유민주당,외국인,1965-10,3
자유민주당,외국인,1965-11,4
자유민주당,외국인,1965-12,1
자유민주당,외국인,1966-01,3
자유민주당,외국인,1966-02,1
자유민주당,외국인,1966-03,5
자유민주당,외국인,1966-04,1
자유민주당,외국인,1966-05,1
자유민주당,외국인,1966-06,4
자유민주당,외국인,1966-07,4
자유민주당,외국인,1966-08,1
자유민주당,외국인,1966-09,2
자유민주당,외국인,1966-10,3
자유민주당,외국인,1966-11,6
자유민주당,외국인,1966-12,4
자유민주당,외국인,1967-01,1
자유민주당,외국인,1967-02,0
자유민주당,외국인,1967-03,0
자유민주당,외국인,1967-07,0
자유민주당,외국인,1967-08,0
자유민주당,외국인,1967-09,0
자유민주당,외국인,1967-10,0
자유민주당,외국인,1967-11,0
자유민주당,외국인,1967-12,0
자유민주당,외국인,1968-01,0
자유민주당,외국인,1968-02,0
자유민주당,외국인,1968-03,0
자유민주당,외국인,1968-04,0
자유민주당,외국인,1968-05,0
자유민주당,외국인,1968-06,0
자유민주당,외국인,1968-07,0
자유민주당,외국인,1968-08,0
자유민주당,외국인,1968-09,0
자유민주당,외국인,1968-10,0
자유민주당,외국인,1968-11,0
자유민주당,외국인,1968-12,0
자유민주당,외국인,1969-01,0
자유민주당,외국인,1969-02,0
자유민주당,외국인,1969-03,0
자유민주당,외국인,1969-04,0
자유민주당,외국인,1969-05,0
자유민주당,외국인,1969-06,0
자유민주당,외국인,1969-07,0
자유민주당,외국인,1969-08,0
자유민주당,외국인,1969-09,0
자유민주당,외국인,1969-11,0
자유민주당,외국인,1969-12,0
자유민주당,외국인,1970-01,0
자유민주당,외국인,1970-02,0
자유민주당,외국인,1970-03,0
자유민주당,외국인,1970-04,0
자유민주당,외국인,1970-05,0
자유민주당,외국인,1970-06,0
자유민주당,외국인,1970-07,0
자유민주당,외국인,1970-08,0
자유민주당,외국인,1970-09,0
자유민주당,외국인,1970-10,0
자유민주당,외국인,1970-11,0
자유민주당,외국인,1970-12,0
자유민주당,외국인,1971-01,0
자유민주당,외국인,1971-03,0
자유민주당,외국인,1971-07,0
자유민주당,외국인,1971-08,0
자유민주당,외국인,1971-09,0
자유민주당,외국인,1971-10,0
자유민주당,외국인,1971-11,0
자유민주당,외국인,1971-12,0
자유민주당,외국인,1972-01,0
자유민주당,외국인,1972-03,0
자유민주당,외국인,1972-05,0
자유민주당,외국인,1972-07,0
자유민주당,외국인,1972-08,0
자유민주당,외국인,1972-09,0
자유민주당,외국인,1972-10,0
자유민주당,외국인,1973-03,0
자유민주당,외국인,1973-05,0
자유민주당,외국인,1973-06,0
자유민주당,외국인,1973-09,0
자유민주당,외국인,1973-10,0
자유민주당,외국인,1973-11,0
자유민주당,외국인,1973-12,0
자유민주당,외국인,1974-08,0
자유민주당,외국인,1974-09,0
자유민주당,외국인,1974-10,0
자유민주당,외국인,1974-11,0
자유민주당,외국인,1974-12,0
자유민주당,외국인,1975-03,0
자유민주당,외국인,1975-05,0
자유민주당,외국인,1975-06,0
자유민주당,외국인,1975-07,0
자유민주당,외국인,1975-09,0
자유민주당,외국인,1975-10,0
자유민주당,외국인,1975-11,0
자유민주당,외국인,1975-12,0
자유민주당,외국인,1976-03,0
자유민주당,외국인,1976-09,0
자유민주당,외국인,1976-10,0
자유민주당,외국인,1976-11,0
자유민주당,외국인,1976-12,0
자유민주당,외국인,1977-06,0
자유민주당,외국인,1977-07,0
자유민주당,외국인,1977-09,0
자유민주당,외국인,1977-10,0
자유민주당,외국인,1977-11,0
자유민주당,외국인,1977-12,0
자유민주당,외국인,1978-02,0
자유민주당,외국인,1978-03,0
자유민주당,외국인,1978-09,0
자유민주당,외국인,1978-10,0
자유민주당,외국인,1978-11,0
자유민주당,외국인,1979-03,0
자유민주당,외국인,1979-07,0
자유민주당,외국인,1979-09,0
자유민주당,외국인,1979-10,0
민중당,외국인,1963-12,0
민중당,외국인,1964-01,2
민중당,외국인,1964-02,2
민중당,외국인,1964-03,0
민중당,외국인,1964-04,0
민중당,외국인,1964-05,0
민중당,외국인,1964-06,1
민중당,외국인,1964-07,0
민중당,외국인,1964-08,1
민중당,외국인,1964-09,0
민중당,외국인,1964-10,0
민중당,외국인,1964-11,0
민중당,외국인,1964-12,1
민중당,외국인,1965-01,0
민중당,외국인,1965-02,0
민중당,외국인,1965-03,0
민중당,외국인,1965-04,1
민중당,외국인,1965-05,1
민중당,외국인,1965-06,0
민중당,외국인,1965-07,0
민중당,외국인,1965-08,0
민중당,외국인,1965-09,0
민중당,외국인,1965-10,0
민중당,외국인,1965-11,4
민중당,외국인,1965-12,0
민중당,외국인,1966-01,0
민중당,외국인,1966-02,0
민중당,외국인,1966-03,2
민중당,외국인,1966-04,15
민중당,외국인,1966-05,0
민중당,외국인,1966-06,0
민중당,외국인,1966-07,7
민중당,외국인,1966-08,0
민중당,외국인,1966-09,3
민중당,외국인,1966-10,2
민중당,외국인,1966-11,8
민중당,외국인,1966-12,6
민중당,외국인,1967-01,2
민중당,외국인,1967-02,0
민중당,외국인,1967-03,1
민중당,외국인,1967-07,0
민중당,외국인,1967-08,0
민중당,외국인,1967-09,0
민중당,외국인,1967-10,0
민중당,외국인,1967-11,0
민중당,외국인,1967-12,0
민중당,외국인,1968-01,0
민중당,외국인,1968-02,0
민중당,외국인,1968-03,0
민중당,외국인,1968-04,0
민중당,외국인,1968-05,0
민중당,외국인,1968-06,0
민중당,외국인,1968-07,0
민중당,외국인,1968-08,0
민중당,외국인,1968-09,0
민중당,외국인,1968-10,0
민중당,외국인,1968-11,0
민중당,외국인,1968-12,0
민중당,외국인,1969-01,0
민중당,외국인,1969-02,0
민중당,외국인,1969-03,0
민중당,외국인,1969-04,0
민중당,외국인,1969-05,0
민중당,외국인,1969-06,0
민중당,외국인,1969-07,0
민중당,외국인,1969-08,0
민중당,외국인,1969-09,0
민중당,외국인,1969-11,0
민중당,외국인,1969-12,0
민중당,외국인,1970-01,0
민중당,외국인,1970-02,0
민중당,외국인,1970-03,0
민중당,외국인,1970-04,0
민중당,외국인,1970-05,0
민중당,외국인,1970-06,0
민중당,외국인,1970-07,0
민중당,외국인,1970-08,0
민중당,외국인,1970-09,0
민중당,외국인,1970-10,0
민중당,외국인,1970-11,0
민중당,외국인,1970-12,0
민중당,외국인,1971-01,0
민중당,외국인,1971-03,0
민중당,외국인,1971-07,0
민중당,외국인,1971-08,1
민중당,외국인,1971-09,0
민중당,외국인,1971-10,0
민중당,외국인,1971-11,0
민중당,외국인,1971-12,0
민중당,외국인,1972-01,0
민중당,외국인,1972-03,0
민중당,외국인,1972-05,0
민중당,외국인,1972-07,0
민중당,외국인,1972-08,0
민중당,외국인,1972-09,0
민중당,외국인,1972-10,0
민중당,외국인,1973-03,0
민중당,외국인,1973-05,0
민중당,외국인,1973-06,0
민중당,외국인,1973-09,0
민중당,외국인,1973-10,0
민중당,외국인,1973-11,0
민중당,외국인,1973-12,0
민중당,외국인,1974-08,0
민중당,외국인,1974-09,0
민중당,외국인,1974-10,0
민중당,외국인,1974-11,0
민중당,외국인,1974-12,0
민중당,외국인,1975-03,0
민중당,외국인,1975-05,0
민중당,외국인,1975-06,0
민중당,외국인,1975-07,0
민중당,외국인,1975-09,0
민중당,외국인,1975-10,0
민중당,외국인,1975-11,0
민중당,외국인,1975-12,0
민중당,외국인,1976-03,0
민중당,외국인,1976-09,0
민중당,외국인,1976-10,0
민중당,외국인,1976-11,0
민중당,외국인,1976-12,0
민중당,외국인,1977-06,0
민중당,외국인,1977-07,0
민중당,외국인,1977-09,0
민중당,외국인,1977-10,0
민중당,외국인,1977-11,0
민중당,외국인,1977-12,0
민중당,외국인,1978-02,0
민중당,외국인,1978-03,0
민중당,외국인,1978-09,0
민중당,외국인,1978-10,0
민중당,외국인,1978-11,0
민중당,외국인,1979-03,0
민중당,외국인,1979-07,0
민중당,외국인,1979-09,0
민중당,외국인,1979-10,0
무소속,외국인,1963-12,0
무소속,외국인,1964-01,2
무소속,외국인,1964-02,3
무소속,외국인,1964-03,1
무소속,외국인,1964-04,2
무소속,외국인,1964-05,1
무소속,외국인,1964-06,0
무소속,외국인,1964-07,0
무소속,외국인,1964-08,0
무소속,외국인,1964-09,1
무소속,외국인,1964-10,1
무소속,외국인,1964-11,3
무소속,외국인,1964-12,0
무소속,외국인,1965-01,1
무소속,외국인,1965-02,0
무소속,외국인,1965-03,1
무소속,외국인,1965-04,1
무소속,외국인,1965-05,0
무소속,외국인,1965-06,1
무소속,외국인,1965-07,0
무소속,외국인,1965-08,4
무소속,외국인,1965-09,0
무소속,외국인,1965-10,4
무소속,외국인,1965-11,7
무소속,외국인,1965-12,1
무소속,외국인,1966-01,0
무소속,외국인,1966-02,4
무소속,외국인,1966-03,1
무소속,외국인,1966-04,0
무소속,외국인,1966-05,0
무소속,외국인,1966-06,1
무소속,외국인,1966-07,1
무소속,외국인,1966-08,0
무소속,외국인,1966-09,0
무소속,외국인,1966-10,0
무소속,외국인,1966-11,9
무소속,외국인,1966-12,2
무소속,외국인,1967-01,2
무소속,외국인,1967-02,0
무소속,외국인,1967-03,1
무소속,외국인,1967-07,0
무소속,외국인,1967-08,0
무소속,외국인,1967-09,0
무소속,외국인,1967-10,1
무소속,외국인,1967-11,0
무소속,외국인,1967-12,0
무소속,외국인,1968-01,0
무소속,외국인,1968-02,0
무소속,외국인,1968-03,0
무소속,외국인,1968-04,1
무소속,외국인,1968-05,0
무소속,외국인,1968-06,1
무소속,외국인,1968-07,0
무소속,외국인,1968-08,0
무소속,외국인,1968-09,0
무소속,외국인,1968-10,2
무소속,외국인,1968-11,4
무소속,외국인,1968-12,1
무소속,외국인,1969-01,0
무소속,외국인,1969-02,0
무소속,외국인,1969-03,0
무소속,외국인,1969-04,0
무소속,외국인,1969-05,0
무소속,외국인,1969-06,0
무소속,외국인,1969-07,1
무소속,외국인,1969-08,0
무소속,외국인,1969-09,0
무소속,외국인,1969-11,0
무소속,외국인,1969-12,0
무소속,외국인,1970-01,0
무소속,외국인,1970-02,0
무소속,외국인,1970-03,0
무소속,외국인,1970-04,0
무소속,외국인,1970-05,0
무소속,외국인,1970-06,0
무소속,외국인,1970-07,0
무소속,외국인,1970-08,0
무소속,외국인,1970-09,0
무소속,외국인,1970-10,5
무소속,외국인,1970-11,1
무소속,외국인,1970-12,0
무소속,외국인,1971-01,0
무소속,외국인,1971-03,0
무소속,외국인,1971-07,0
무소속,외국인,1971-08,0
무소속,외국인,1971-09,0
무소속,외국인,1971-10,0
무소속,외국인,1971-11,0
무소속,외국인,1971-12,0
무소속,외국인,1972-01,0
무소속,외국인,1972-03,0
무소속,외국인,1972-05,0
무소속,외국인,1972-07,0
무소속,외국인,1972-08,0
무소속,외국인,1972-09,0
무소속,외국인,1972-10,0
무소속,외국인,1973-03,0
무소속,외국인,1973-05,0
무소속,외국인,1973-06,0
무소속,외국인,1973-09,1
무소속,외국인,1973-10,0
무소속,외국인,1973-11,0
무소속,외국인,1973-12,0
무소속,외국인,1974-08,2
무소속,외국인,1974-09,0
무소속,외국인,1974-10,1
무소속,외국인,1974-11,0
무소속,외국인,1974-12,0
무소속,외국인,1975-03,0
무소속,외국인,1975-05,0
무소속,외국인,1975-06,0
무소속,외국인,1975-07,2
무소속,외국인,1975-09,0
무소속,외국인,1975-10,0
무소속,외국인,1975-11,0
무소속,외국인,1975-12,1
무소속,외국인,1976-03,1
무소속,외국인,1976-09,0
무소속,외국인,1976-10,2
무소속,외국인,1976-11,0
무소속,외국인,1976-12,0
무소속,외국인,1977-06,2
무소속,외국인,1977-07,0
무소속,외국인,1977-09,0
무소속,외국인,1977-10,2
무소속,외국인,1977-11,0
무소속,외국인,1977-12,0
무소속,외국인,1978-02,0
무소속,외국인,1978-03,0
무소속,외국인,1978-09,0
무소속,외국인,1978-10,1
무소속,외국인,1978-11,0
무소속,외국인,1979-03,1
무소속,외국인,1979-07,0
무소속,외국인,1979-09,0
무소속,외국인,1979-10,0
국민의당,외국인,1963-12,0
국민의당,외국인,1964-01,2
국민의당,외국인,1964-02,0
국민의당,외국인,1964-03,1
국민의당,외국인,1964-04,2
국민의당,외국인,1964-05,1
국민의당,외국인,1964-06,0
국민의당,외국인,1964-07,1
국민의당,외국인,1964-08,0
국민의당,외국인,1964-09,0
국민의당,외국인,1964-10,0
국민의당,외국인,1964-11,6
국민의당,외국인,1964-12,0
국민의당,외국인,1965-01,2
국민의당,외국인,1965-02,0
국민의당,외국인,1965-03,1
국민의당,외국인,1965-04,0
국민의당,외국인,1965-05,0
국민의당,외국인,1965-06,2
국민의당,외국인,1965-07,1
국민의당,외국인,1965-08,0
국민의당,외국인,1965-09,0
국민의당,외국인,1965-10,0
국민의당,외국인,1965-11,0
국민의당,외국인,1965-12,0
국민의당,외국인,1966-01,1
국민의당,외국인,1966-02,0
국민의당,외국인,1966-03,7
국민의당,외국인,1966-04,0
국민의당,외국인,1966-05,0
국민의당,외국인,1966-06,1
국민의당,외국인,1966-07,2
국민의당,외국인,1966-08,0
국민의당,외국인,1966-09,1
국민의당,외국인,1966-10,1
국민의당,외국인,1966-11,2
국민의당,외국인,1966-12,1
국민의당,외국인,1967-01,0
국민의당,외국인,1967-02,2
국민의당,외국인,1967-03,0
국민의당,외국인,1967-07,0
국민의당,외국인,1967-08,0
국민의당,외국인,1967-09,0
국민의당,외국인,1967-10,0
국민의당,외국인,1967-11,0
국민의당,외국인,1967-12,0
국민의당,외국인,1968-01,0
국민의당,외국인,1968-02,0
국민의당,외국인,1968-03,0
국민의당,외국인,1968-04,0
국민의당,외국인,1968-05,0
국민의당,외국인,1968-06,0
국민의당,외국인,1968-07,0
국민의당,외국인,1968-08,0
국민의당,외국인,1968-09,0
국민의당,외국인,1968-10,0
국민의당,외국인,1968-11,0
국민의당,외국인,1968-12,0
국민의당,외국인,1969-01,0
국민의당,외국인,1969-02,0
국민의당,외국인,1969-03,0
국민의당,외국인,1969-04,0
국민의당,외국인,1969-05,0
국민의당,외국인,1969-06,0
국민의당,외국인,1969-07,0
국민의당,외국인,1969-08,0
국민의당,외국인,1969-09,0
국민의당,외국인,1969-11,0
국민의당,외국인,1969-12,0
국민의당,외국인,1970-01,0
국민의당,외국인,1970-02,0
국민의당,외국인,1970-03,0
국민의당,외국인,1970-04,0
국민의당,외국인,1970-05,0
국민의당,외국인,1970-06,0
국민의당,외국인,1970-07,0
국민의당,외국인,1970-08,0
국민의당,외국인,1970-09,0
국민의당,외국인,1970-10,0
국민의당,외국인,1970-11,0
국민의당,외국인,1970-12,0
국민의당,외국인,1971-01,0
국민의당,외국인,1971-03,0
국민의당,외국인,1971-07,0
국민의당,외국인,1971-08,0
국민의당,외국인,1971-09,0
국민의당,외국인,1971-10,0
국민의당,외국인,1971-11,0
국민의당,외국인,1971-12,0
국민의당,외국인,1972-01,0
국민의당,외국인,1972-03,0
국민의당,외국인,1972-05,0
국민의당,외국인,1972-07,0
국민의당,외국인,1972-08,0
국민의당,외국인,1972-09,0
국민의당,외국인,1972-10,0
국민의당,외국인,1973-03,0
국민의당,외국인,1973-05,0
국민의당,외국인,1973-06,0
국민의당,외국인,1973-09,0
국민의당,외국인,1973-10,0
국민의당,외국인,1973-11,0
국민의당,외국인,1973-12,0
국민의당,외국인,1974-08,0
국민의당,외국인,1974-09,0
국민의당,외국인,1974-10,0
국민의당,외국인,1974-11,0
국민의당,외국인,1974-12,0
국민의당,외국인,1975-03,0
국민의당,외국인,1975-05,0
국민의당,외국인,1975-06,0
국민의당,외국인,1975-07,0
국민의당,외국인,1975-09,0
국민의당,외국인,1975-10,0
국민의당,외국인,1975-11,0
국민의당,외국인,1975-12,0
국민의당,외국인,1976-03,0
국민의당,외국인,1976-09,0
국민의당,외국인,1976-10,0
국민의당,외국인,1976-11,0
국민의당,외국인,1976-12,0
국민의당,외국인,1977-06,0
국민의당,외국인,1977-07,0
국민의당,외국인,1977-09,0
국민의당,외국인,1977-10,0
국민의당,외국인,1977-11,0
국민의당,외국인,1977-12,0
국민의당,외국인,1978-02,0
국민의당,외국인,1978-03,0
국민의당,외국인,1978-09,0
국민의당,외국인,1978-10,0
국민의당,외국인,1978-11,0
국민의당,외국인,1979-03,0
국민의당,외국인,1979-07,0
국민의당,외국인,1979-09,0
국민의당,외국인,1979-10,0
유신정우회,외국인,1963-12,0
유신정우회,외국인,1964-01,0
유신정우회,외국인,1964-02,0
유신정우회,외국인,1964-03,0
유신정우회,외국인,1964-04,0
유신정우회,외국인,1964-05,0
유신정우회,외국인,1964-06,0
유신정우회,외국인,1964-07,0
유신정우회,외국인,1964-08,0
유신정우회,외국인,1964-09,0
유신정우회,외국인,1964-10,0
유신정우회,외국인,1964-11,0
유신정우회,외국인,1964-12,0
유신정우회,외국인,1965-01,0
유신정우회,외국인,1965-02,0
유신정우회,외국인,1965-03,0
유신정우회,외국인,1965-04,0
유신정우회,외국인,1965-05,0
유신정우회,외국인,1965-06,0
유신정우회,외국인,1965-07,0
유신정우회,외국인,1965-08,0
유신정우회,외국인,1965-09,0
유신정우회,외국인,1965-10,0
유신정우회,외국인,1965-11,0
유신정우회,외국인,1965-12,0
유신정우회,외국인,1966-01,0
유신정우회,외국인,1966-02,0
유신정우회,외국인,1966-03,0
유신정우회,외국인,1966-04,0
유신정우회,외국인,1966-05,0
유신정우회,외국인,1966-06,0
유신정우회,외국인,1966-07,0
유신정우회,외국인,1966-08,0
유신정우회,외국인,1966-09,0
유신정우회,외국인,1966-10,0
유신정우회,외국인,1966-11,0
유신정우회,외국인,1966-12,0
유신정우회,외국인,1967-01,0
유신정우회,외국인,1967-02,0
유신정우회,외국인,1967-03,0
유신정우회,외국인,1967-07,0
유신정우회,외국인,1967-08,0
유신정우회,외국인,1967-09,0
유신정우회,외국인,1967-10,0
유신정우회,외국인,1967-11,0
유신정우회,외국인,1967-12,0
유신정우회,외국인,1968-01,0
유신정우회,외국인,1968-02,0
유신정우회,외국인,1968-03,0
유신정우회,외국인,1968-04,0
유신정우회,외국인,1968-05,0
유신정우회,외국인,1968-06,0
유신정우회,외국인,1968-07,0
유신정우회,외국인,1968-08,0
유신정우회,외국인,1968-09,0
유신정우회,외국인,1968-10,0
유신정우회,외국인,1968-11,0
유신정우회,외국인,1968-12,0
유신정우회,외국인,1969-01,0
유신정우회,외국인,1969-02,0
유신정우회,외국인,1969-03,0
유신정우회,외국인,1969-04,0
유신정우회,외국인,1969-05,0
유신정우회,외국인,1969-06,0
유신정우회,외국인,1969-07,0
유신정우회,외국인,1969-08,0
유신정우회,외국인,1969-09,0
유신정우회,외국인,1969-11,0
유신정우회,외국인,1969-12,0
유신정우회,외국인,1970-01,0
유신정우회,외국인,1970-02,0
유신정우회,외국인,1970-03,0
유신정우회,외국인,1970-04,0
유신정우회,외국인,1970-05,0
유신정우회,외국인,1970-06,0
유신정우회,외국인,1970-07,0
유신정우회,외국인,1970-08,0
유신정우회,외국인,1970-09,0
유신정우회,외국인,1970-10,0
유신정우회,외국인,1970-11,0
유신정우회,외국인,1970-12,0
유신정우회,외국인,1971-01,0
유신정우회,외국인,1971-03,0
유신정우회,외국인,1971-07,0
유신정우회,외국인,1971-08,0
유신정우회,외국인,1971-09,0
유신정우회,외국인,1971-10,0
유신정우회,외국인,1971-11,0
유신정우회,외국인,1971-12,0
유신정우회,외국인,1972-01,0
유신정우회,외국인,1972-03,0
유신정우회,외국인,1972-05,0
유신정우회,외국인,1972-07,0
유신정우회,외국인,1972-08,0
유신정우회,외국인,1972-09,0
유신정우회,외국인,1972-10,0
유신정우회,외국인,1973-03,0
유신정우회,외국인,1973-05,2
유신정우회,외국인,1973-06,0
유신정우회,외국인,1973-09,7
유신정우회,외국인,1973-10,1
유신정우회,외국인,1973-11,1
유신정우회,외국인,1973-12,0
유신정우회,외국인,1974-08,1
유신정우회,외국인,1974-09,0
유신정우회,외국인,1974-10,8
유신정우회,외국인,1974-11,0
유신정우회,외국인,1974-12,0
유신정우회,외국인,1975-03,3
유신정우회,외국인,1975-05,0
유신정우회,외국인,1975-06,0
유신정우회,외국인,1975-07,4
유신정우회,외국인,1975-09,1
유신정우회,외국인,1975-10,4
유신정우회,외국인,1975-11,0
유신정우회,외국인,1975-12,0
유신정우회,외국인,1976-03,1
유신정우회,외국인,1976-09,1
유신정우회,외국인,1976-10,3
유신정우회,외국인,1976-11,0
유신정우회,외국인,1976-12,1
유신정우회,외국인,1977-06,3
유신정우회,외국인,1977-07,1
유신정우회,외국인,1977-09,4
유신정우회,외국인,1977-10,2
유신정우회,외국인,1977-11,0
유신정우회,외국인,1977-12,0
유신정우회,외국인,1978-02,0
유신정우회,외국인,1978-03,0
유신정우회,외국인,1978-09,1
유신정우회,외국인,1978-10,2
유신정우회,외국인,1978-11,0
유신정우회,외국인,1979-03,1
유신정우회,외국인,1979-07,2
유신정우회,외국인,1979-09,0
유신정우회,외국인,1979-10,0
통일사회당,외국인,1963-12,0
통일사회당,외국인,1964-01,0
통일사회당,외국인,1964-02,0
통일사회당,외국인,1964-03,0
통일사회당,외국인,1964-04,0
통일사회당,외국인,1964-05,0
통일사회당,외국인,1964-06,0
통일사회당,외국인,1964-07,0
통일사회당,외국인,1964-08,0
통일사회당,외국인,1964-09,0
통일사회당,외국인,1964-10,0
통일사회당,외국인,1964-11,0
통일사회당,외국인,1964-12,0
통일사회당,외국인,1965-01,0
통일사회당,외국인,1965-02,0
통일사회당,외국인,1965-03,0
통일사회당,외국인,1965-04,0
통일사회당,외국인,1965-05,0
통일사회당,외국인,1965-06,0
통일사회당,외국인,1965-07,0
통일사회당,외국인,1965-08,0
통일사회당,외국인,1965-09,0
통일사회당,외국인,1965-10,0
통일사회당,외국인,1965-11,0
통일사회당,외국인,1965-12,0
통일사회당,외국인,1966-01,0
통일사회당,외국인,1966-02,0
통일사회당,외국인,1966-03,0
통일사회당,외국인,1966-04,0
통일사회당,외국인,1966-05,0
통일사회당,외국인,1966-06,0
통일사회당,외국인,1966-07,0
통일사회당,외국인,1966-08,0
통일사회당,외국인,1966-09,0
통일사회당,외국인,1966-10,0
통일사회당,외국인,1966-11,0
통일사회당,외국인,1966-12,0
통일사회당,외국인,1967-01,0
통일사회당,외국인,1967-02,0
통일사회당,외국인,1967-03,0
통일사회당,외국인,1967-07,0
통일사회당,외국인,1967-08,0
통일사회당,외국인,1967-09,0
통일사회당,외국인,1967-10,0
통일사회당,외국인,1967-11,0
통일사회당,외국인,1967-12,0
통일사회당,외국인,1968-01,0
통일사회당,외국인,1968-02,0
통일사회당,외국인,1968-03,0
통일사회당,외국인,1968-04,0
통일사회당,외국인,1968-05,1
통일사회당,외국인,1968-06,0
통일사회당,외국인,1968-07,0
통일사회당,외국인,1968-08,0
통일사회당,외국인,1968-09,0
통일사회당,외국인,1968-10,0
통일사회당,외국인,1968-11,1
통일사회당,외국인,1968-12,0
통일사회당,외국인,1969-01,0
통일사회당,외국인,1969-02,0
통일사회당,외국인,1969-03,0
통일사회당,외국인,1969-04,2
통일사회당,외국인,1969-05,0
통일사회당,외국인,1969-06,0
통일사회당,외국인,1969-07,0
통일사회당,외국인,1969-08,0
통일사회당,외국인,1969-09,0
통일사회당,외국인,1969-11,0
통일사회당,외국인,1969-12,0
통일사회당,외국인,1970-01,0
통일사회당,외국인,1970-02,0
통일사회당,외국인,1970-03,0
통일사회당,외국인,1970-04,0
통일사회당,외국인,1970-05,0
통일사회당,외국인,1970-06,0
통일사회당,외국인,1970-07,0
통일사회당,외국인,1970-08,0
통일사회당,외국인,1970-09,0
통일사회당,외국인,1970-10,1
통일사회당,외국인,1970-11,0
통일사회당,외국인,1970-12,0
통일사회당,외국인,1971-01,0
통일사회당,외국인,1971-03,0
통일사회당,외국인,1971-07,0
통일사회당,외국인,1971-08,0
통일사회당,외국인,1971-09,0
통일사회당,외국인,1971-10,0
통일사회당,외국인,1971-11,0
통일사회당,외국인,1971-12,0
통일사회당,외국인,1972-01,0
통일사회당,외국인,1972-03,0
통일사회당,외국인,1972-05,0
통일사회당,외국인,1972-07,0
통일사회당,외국인,1972-08,0
통일사회당,외국인,1972-09,0
통일사회당,외국인,1972-10,0
통일사회당,외국인,1973-03,0
통일사회당,외국인,1973-05,0
통일사회당,외국인,1973-06,0
통일사회당,외국인,1973-09,0
통일사회당,외국인,1973-10,0
통일사회당,외국인,1973-11,0
통일사회당,외국인,1973-12,0
통일사회당,외국인,1974-08,0
통일사회당,외국인,1974-09,0
통일사회당,외국인,1974-10,0
통일사회당,외국인,1974-11,0
통일사회당,외국인,1974-12,0
통일사회당,외국인,1975-03,0
통일사회당,외국인,1975-05,0
통일사회당,외국인,1975-06,0
통일사회당,외국인,1975-07,0
통일사회당,외국인,1975-09,0
통일사회당,외국인,1975-10,0
통일사회당,외국인,1975-11,0
통일사회당,외국인,1975-12,0
통일사회당,외국인,1976-03,0
통일사회당,외국인,1976-09,0
통일사회당,외국인,1976-10,0
통일사회당,외국인,1976-11,0
통일사회당,외국인,1976-12,0
통일사회당,외국인,1977-06,0
통일사회당,외국인,1977-07,0
통일사회당,외국인,1977-09,0
통일사회당,외국인,1977-10,0
통일사회당,외국인,1977-11,0
통일사회당,외국인,1977-12,0
통일사회당,외국인,1978-02,0
통일사회당,외국인,1978-03,0
통일사회당,외국인,1978-09,0
통일사회당,외국인,1978-10,0
통일사회당,외국인,1978-11,0
통일사회당,외국인,1979-03,0
통일사회당,외국인,1979-07,0
통일사회당,외국인,1979-09,0
통일사회당,외국인,1979-10,0
십오구락부,외국인,1963-12,0
십오구락부,외국인,1964-01,0
십오구락부,외국인,1964-02,0
십오구락부,외국인,1964-03,0
십오구락부,외국인,1964-04,0
십오구락부,외국인,1964-05,0
십오구락부,외국인,1964-06,0
십오구락부,외국인,1964-07,0
십오구락부,외국인,1964-08,0
십오구락부,외국인,1964-09,0
십오구락부,외국인,1964-10,0
십오구락부,외국인,1964-11,0
십오구락부,외국인,1964-12,0
십오구락부,외국인,1965-01,0
십오구락부,외국인,1965-02,0
십오구락부,외국인,1965-03,0
십오구락부,외국인,1965-04,0
십오구락부,외국인,1965-05,0
십오구락부,외국인,1965-06,0
십오구락부,외국인,1965-07,0
십오구락부,외국인,1965-08,0
십오구락부,외국인,1965-09,0
십오구락부,외국인,1965-10,0
십오구락부,외국인,1965-11,0
십오구락부,외국인,1965-12,0
십오구락부,외국인,1966-01,0
십오구락부,외국인,1966-02,0
십오구락부,외국인,1966-03,0
십오구락부,외국인,1966-04,0
십오구락부,외국인,1966-05,0
십오구락부,외국인,1966-06,0
십오구락부,외국인,1966-07,0
십오구락부,외국인,1966-08,0
십오구락부,외국인,1966-09,0
십오구락부,외국인,1966-10,0
십오구락부,외국인,1966-11,0
십오구락부,외국인,1966-12,0
십오구락부,외국인,1967-01,0
십오구락부,외국인,1967-02,0
십오구락부,외국인,1967-03,0
십오구락부,외국인,1967-07,0
십오구락부,외국인,1967-08,0
십오구락부,외국인,1967-09,0
십오구락부,외국인,1967-10,2
십오구락부,외국인,1967-11,0
십오구락부,외국인,1967-12,0
십오구락부,외국인,1968-01,0
십오구락부,외국인,1968-02,0
십오구락부,외국인,1968-03,0
십오구락부,외국인,1968-04,0
십오구락부,외국인,1968-05,0
십오구락부,외국인,1968-06,0
십오구락부,외국인,1968-07,0
십오구락부,외국인,1968-08,0
십오구락부,외국인,1968-09,0
십오구락부,외국인,1968-10,0
십오구락부,외국인,1968-11,0
십오구락부,외국인,1968-12,0
십오구락부,외국인,1969-01,0
십오구락부,외국인,1969-02,0
십오구락부,외국인,1969-03,0
십오구락부,외국인,1969-04,0
십오구락부,외국인,1969-05,0
십오구락부,외국인,1969-06,0
십오구락부,외국인,1969-07,0
십오구락부,외국인,1969-08,0
십오구락부,외국인,1969-09,0
십오구락부,외국인,1969-11,0
십오구락부,외국인,1969-12,0
십오구락부,외국인,1970-01,0
십오구락부,외국인,1970-02,0
십오구락부,외국인,1970-03,0
십오구락부,외국인,1970-04,0
십오구락부,외국인,1970-05,0
십오구락부,외국인,1970-06,0
십오구락부,외국인,1970-07,0
십오구락부,외국인,1970-08,0
십오구락부,외국인,1970-09,0
십오구락부,외국인,1970-10,0
십오구락부,외국인,1970-11,0
십오구락부,외국인,1970-12,0
십오구락부,외국인,1971-01,0
십오구락부,외국인,1971-03,0
십오구락부,외국인,1971-07,0
십오구락부,외국인,1971-08,0
십오구락부,외국인,1971-09,0
십오구락부,외국인,1971-10,0
십오구락부,외국인,1971-11,0
십오구락부,외국인,1971-12,0
십오구락부,외국인,1972-01,0
십오구락부,외국인,1972-03,0
십오구락부,외국인,1972-05,0
십오구락부,외국인,1972-07,0
십오구락부,외국인,1972-08,0
십오구락부,외국인,1972-09,0
십오구락부,외국인,1972-10,0
십오구락부,외국인,1973-03,0
십오구락부,외국인,1973-05,0
십오구락부,외국인,1973-06,0
십오구락부,외국인,1973-09,0
십오구락부,외국인,1973-10,0
십오구락부,외국인,1973-11,0
십오구락부,외국인,1973-12,0
십오구락부,외국인,1974-08,0
십오구락부,외국인,1974-09,0
십오구락부,외국인,1974-10,0
십오구락부,외국인,1974-11,0
십오구락부,외국인,1974-12,0
십오구락부,외국인,1975-03,0
십오구락부,외국인,1975-05,0
십오구락부,외국인,1975-06,0
십오구락부,외국인,1975-07,0
십오구락부,외국인,1975-09,0
십오구락부,외국인,1975-10,0
십오구락부,외국인,1975-11,0
십오구락부,외국인,1975-12,0
십오구락부,외국인,1976-03,0
십오구락부,외국인,1976-09,0
십오구락부,외국인,1976-10,0
십오구락부,외국인,1976-11,0
십오구락부,외국인,1976-12,0
십오구락부,외국인,1977-06,0
십오구락부,외국인,1977-07,0
십오구락부,외국인,1977-09,0
십오구락부,외국인,1977-10,0
십오구락부,외국인,1977-11,0
십오구락부,외국인,1977-12,0
십오구락부,외국인,1978-02,0
십오구락부,외국인,1978-03,0
십오구락부,외국인,1978-09,0
십오구락부,외국인,1978-10,0
십오구락부,외국인,1978-11,0
십오구락부,외국인,1979-03,0
십오구락부,외국인,1979-07,0
십오구락부,외국인,1979-09,0
십오구락부,외국인,1979-10,0
한국독립당,외국인,1963-12,0
한국독립당,외국인,1964-01,0
한국독립당,외국인,1964-02,0
한국독립당,외국인,1964-03,0
한국독립당,외국인,1964-04,0
한국독립당,외국인,1964-05,0
한국독립당,외국인,1964-06,0
한국독립당,외국인,1964-07,0
한국독립당,외국인,1964-08,0
한국독립당,외국인,1964-09,0
한국독립당,외국인,1964-10,0
한국독립당,외국인,1964-11,0
한국독립당,외국인,1964-12,0
한국독립당,외국인,1965-01,0
한국독립당,외국인,1965-02,0
한국독립당,외국인,1965-03,0
한국독립당,외국인,1965-04,0
한국독립당,외국인,1965-05,0
한국독립당,외국인,1965-06,0
한국독립당,외국인,1965-07,0
한국독립당,외국인,1965-08,0
한국독립당,외국인,1965-09,0
한국독립당,외국인,1965-10,0
한국독립당,외국인,1965-11,0
한국독립당,외국인,1965-12,0
한국독립당,외국인,1966-01,0
한국독립당,외국인,1966-02,1
한국독립당,외국인,1966-03,1
한국독립당,외국인,1966-04,0
한국독립당,외국인,1966-05,0
한국독립당,외국인,1966-06,0
한국독립당,외국인,1966-07,0
한국독립당,외국인,1966-08,0
한국독립당,외국인,1966-09,0
한국독립당,외국인,1966-10,0
한국독립당,외국인,1966-11,0
한국독립당,외국인,1966-12,0
한국독립당,외국인,1967-01,0
한국독립당,외국인,1967-02,0
한국독립당,외국인,1967-03,0
한국독립당,외국인,1967-07,0
한국독립당,외국인,1967-08,0
한국독립당,외국인,1967-09,0
한국독립당,외국인,1967-10,0
한국독립당,외국인,1967-11,0
한국독립당,외국인,1967-12,0
한국독립당,외국인,1968-01,0
한국독립당,외국인,1968-02,0
한국독립당,외국인,1968-03,0
한국독립당,외국인,1968-04,0
한국독립당,외국인,1968-05,0
한국독립당,외국인,1968-06,0
한국독립당,외국인,1968-07,0
한국독립당,외국인,1968-08,0
한국독립당,외국인,1968-09,0
한국독립당,외국인,1968-10,0
한국독립당,외국인,1968-11,0
한국독립당,외국인,1968-12,0
한국독립당,외국인,1969-01,0
한국독립당,외국인,1969-02,0
한국독립당,외국인,1969-03,0
한국독립당,외국인,1969-04,0
한국독립당,외국인,1969-05,0
한국독립당,외국인,1969-06,0
한국독립당,외국인,1969-07,0
한국독립당,외국인,1969-08,0
한국독립당,외국인,1969-09,0
한국독립당,외국인,1969-11,0
한국독립당,외국인,1969-12,0
한국독립당,외국인,1970-01,0
한국독립당,외국인,1970-02,0
한국독립당,외국인,1970-03,0
한국독립당,외국인,1970-04,0
한국독립당,외국인,1970-05,0
한국독립당,외국인,1970-06,0
한국독립당,외국인,1970-07,0
한국독립당,외국인,1970-08,0
한국독립당,외국인,1970-09,0
한국독립당,외국인,1970-10,0
한국독립당,외국인,1970-11,0
한국독립당,외국인,1970-12,0
한국독립당,외국인,1971-01,0
한국독립당,외국인,1971-03,0
한국독립당,외국인,1971-07,0
한국독립당,외국인,1971-08,0
한국독립당,외국인,1971-09,0
한국독립당,외국인,1971-10,0
한국독립당,외국인,1971-11,0
한국독립당,외국인,1971-12,0
한국독립당,외국인,1972-01,0
한국독립당,외국인,1972-03,0
한국독립당,외국인,1972-05,0
한국독립당,외국인,1972-07,0
한국독립당,외국인,1972-08,0
한국독립당,외국인,1972-09,0
한국독립당,외국인,1972-10,0
한국독립당,외국인,1973-03,0
한국독립당,외국인,1973-05,0
한국독립당,외국인,1973-06,0
한국독립당,외국인,1973-09,0
한국독립당,외국인,1973-10,0
한국독립당,외국인,1973-11,0
한국독립당,외국인,1973-12,0
한국독립당,외국인,1974-08,0
한국독립당,외국인,1974-09,0
한국독립당,외국인,1974-10,0
한국독립당,외국인,1974-11,0
한국독립당,외국인,1974-12,0
한국독립당,외국인,1975-03,0
한국독립당,외국인,1975-05,0
한국독립당,외국인,1975-06,0
한국독립당,외국인,1975-07,0
한국독립당,외국인,1975-09,0
한국독립당,외국인,1975-10,0
한국독립당,외국인,1975-11,0
한국독립당,외국인,1975-12,0
한국독립당,외국인,1976-03,0
한국독립당,외국인,1976-09,0
한국독립당,외국인,1976-10,0
한국독립당,외국인,1976-11,0
한국독립당,외국인,1976-12,0
한국독립당,외국인,1977-06,0
한국독립당,외국인,1977-07,0
한국독립당,외국인,1977-09,0
한국독립당,외국인,1977-10,0
한국독립당,외국인,1977-11,0
한국독립당,외국인,1977-12,0
한국독립당,외국인,1978-02,0
한국독립당,외국인,1978-03,0
한국독립당,외국인,1978-09,0
한국독립당,외국인,1978-10,0
한국독립당,외국인,1978-11,0
한국독립당,외국인,1979-03,0
한국독립당,외국인,1979-07,0
한국독립당,외국인,1979-09,0
한국독립당,외국인,1979-10,0
