SpeakerKey,Speaker,Family,Month,Count
의장신익희,의장 신익희,기술,1948-08,1
의장신익희,의장 신익희,기술,1948-09,8
의장신익희,의장 신익희,기술,1948-10,1
의장신익희,의장 신익희,기술,1948-11,2
의장신익희,의장 신익희,기술,1948-12,4
의장신익희,의장 신익희,기술,1949-01,3
의장신익희,의장 신익희,기술,1949-02,1
의장신익희,의장 신익희,기술,1949-03,7
의장신익희,의장 신익희,기술,1949-04,3
의장신익희,의장 신익희,기술,1949-05,3
의장신익희,의장 신익희,기술,1949-06,1
의장신익희,의장 신익희,기술,1949-07,1
의장신익희,의장 신익희,기술,1949-08,1
의장신익희,의장 신익희,기술,1949-09,2
의장신익희,의장 신익희,기술,1949-10,2
의장신익희,의장 신익희,기술,1949-11,16
의장신익희,의장 신익희,기술,1949-12,3
의장신익희,의장 신익희,기술,1950-01,21
의장신익희,의장 신익희,기술,1950-02,2
의장신익희,의장 신익희,기술,1950-03,0
의장신익희,의장 신익희,기술,1950-04,3
의장신익희,의장 신익희,기술,1950-06,1
의장신익희,의장 신익희,기술,1950-10,0
의장신익희,의장 신익희,기술,1950-11,4
의장신익희,의장 신익희,기술,1950-12,3
의장신익희,의장 신익희,기술,1951-01,2
의장신익희,의장 신익희,기술,1951-02,1
의장신익희,의장 신익희,기술,1951-03,1
의장신익희,의장 신익희,기술,1951-04,1
의장신익희,의장 신익희,기술,1951-05,0
의장신익희,의장 신익희,기술,1951-06,0
의장신익희,의장 신익희,기술,1951-07,0
의장신익희,의장 신익희,기술,1951-08,2
의장신익희,의장 신익희,기술,1951-09,4
의장신익희,의장 신익희,기술,1951-10,0
의장신익희,의장 신익희,기술,1951-11,0
의장신익희,의장 신익희,기술,1951-12,2
의장신익희,의장 신익희,기술,1952-01,0
의장신익희,의장 신익희,기술,1952-02,0
의장신익희,의장 신익희,기술,1952-03,0
의장신익희,의장 신익희,기술,1952-04,0
의장신익희,의장 신익희,기술,1952-05,1
의장신익희,의장 신익희,기술,1952-06,0
의장신익희,의장 신익희,기술,1952-07,0
의장신익희,의장 신익희,기술,1952-08,0
의장신익희,의장 신익희,기술,1952-09,3
의장신익희,의장 신익희,기술,1952-10,0
의장신익희,의장 신익희,기술,1952-11,1
의장신익희,의장 신익희,기술,1952-12,1
의장신익희,의장 신익희,기술,1953-01,1
의장신익희,의장 신익희,기술,1953-02,1
의장신익희,의장 신익희,기술,1953-03,2
의장신익희,의장 신익희,기술,1953-04,0
의장신익희,의장 신익희,기술,1953-05,0
의장신익희,의장 신익희,기술,1953-06,0
의장신익희,의장 신익희,기술,1953-07,0
의장신익희,의장 신익희,기술,1953-08,0
의장신익희,의장 신익희,기술,1953-09,0
의장신익희,의장 신익희,기술,1953-10,1
의장신익희,의장 신익희,기술,1953-11,4
의장신익희,의장 신익희,기술,1953-12,1
의장신익희,의장 신익희,기술,1954-01,1
의장신익희,의장 신익희,기술,1954-02,1
의장신익희,의장 신익희,기술,1954-03,0
의장신익희,의장 신익희,기술,1954-04,1
의장신익희,의장 신익희,기술,1954-05,0
의장신익희,의장 신익희,기술,1954-06,0
의장신익희,의장 신익희,기술,1954-07,0
의장신익희,의장 신익희,기술,1954-08,0
의장신익희,의장 신익희,기술,1954-09,0
의장신익희,의장 신익희,기술,1954-10,0
의장신익희,의장 신익희,기술,1954-11,0
의장신익희,의장 신익희,기술,1954-12,0
의장신익희,의장 신익희,기술,1955-01,0
의장신익희,의장 신익희,기술,1955-02,0
의장신익희,의장 신익희,기술,1955-03,0
의장신익희,의장 신익희,기술,1955-04,0
의장신익희,의장 신익희,기술,1955-05,0
의장신익희,의장 신익희,기술,1955-06,0
의장신익희,의장 신익희,기술,1955-07,0
의장신익희,의장 신익희,기술,1955-09,0
의장신익희,의장 신익희,기술,1955-10,0
의장신익희,의장 신익희,기술,1955-11,0
의장신익희,의장 신익희,기술,1955-12,0
의장신익희,의장 신익희,기술,1956-01,0
의장신익희,의장 신익희,기술,1956-02,0
의장신익희,의장 신익희,기술,1956-03,0
의장신익희,의장 신익희,기술,1956-04,0
의장신익희,의장 신익희,기술,1956-05,0
의장신익희,의장 신익희,기술,1956-06,0
의장신익희,의장 신익희,기술,1956-07,0
의장신익희,의장 신익희,기술,1956-08,0
의장신익희,의장 신익희,기술,1956-09,0
의장신익희,의장 신익희,기술,1956-10,0
의장신익희,의장 신익희,기술,1956-11,0
의장신익희,의장 신익희,기술,1956-12,0
의장신익희,의장 신익희,기술,1957-01,0
의장신익희,의장 신익희,기술,1957-02,0
의장신익희,의장 신익희,기술,1957-03,0
의장신익희,의장 신익희,기술,1957-04,0
의장신익희,의장 신익희,기술,1957-05,0
의장신익희,의장 신익희,기술,1957-06,0
의장신익희,의장 신익희,기술,1957-07,0
의장신익희,의장 신익희,기술,1957-08,0
의장신익희,의장 신익희,기술,1957-09,0
의장신익희,의장 신익희,기술,1957-10,0
의장신익희,의장 신익희,기술,1957-11,0
의장신익희,의장 신익희,기술,1957-12,0
의장신익희,의장 신익희,기술,1958-01,0
의장신익희,의장 신익희,기술,1958-02,0
의장신익희,의장 신익희,기술,1958-03,0
의장신익희,의장 신익희,기술,1958-04,0
의장신익희,의장 신익희,기술,1958-05,0
의장신익희,의장 신익희,기술,1958-06,0
의장신익희,의장 신익희,기술,1958-07,0
의장신익희,의장 신익희,기술,1958-08,0
의장신익희,의장 신익희,기술,1958-09,0
의장신익희,의장 신익희,기술,1958-10,0
의장신익희,의장 신익희,기술,1958-11,0
의장신익희,의장 신익희,기술,1958-12,0
의장신익희,의장 신익희,기술,1959-05,0
의장신익희,의장 신익희,기술,1959-06,0
의장신익희,의장 신익희,기술,1959-07,0
의장신익희,의장 신익희,기술,1959-10,0
의장신익희,의장 신익희,기술,1959-11,0
의장신익희,의장 신익희,기술,1959-12,0
위원장이충환,위원장 이충환,기술,1948-08,0
위원장이충환,위원장 이충환,기술,1948-09,0
위원장이충환,위원장 이충환,기술,1948-10,0
위원장이충환,위원장 이충환,기술,1948-11,0
위원장이충환,위원장 이충환,기술,1948-12,0
위원장이충환,위원장 이충환,기술,1949-01,0
위원장이충환,위원장 이충환,기술,1949-02,0
위원장이충환,위원장 이충환,기술,1949-03,0
위원장이충환,위원장 이충환,기술,1949-04,0
위원장이충환,위원장 이충환,기술,1949-05,0
위원장이충환,위원장 이충환,기술,1949-06,0
위원장이충환,위원장 이충환,기술,1949-07,0
위원장이충환,위원장 이충환,기술,1949-08,0
위원장이충환,위원장 이충환,기술,1949-09,0
위원장이충환,위원장 이충환,기술,1949-10,0
위원장이충환,위원장 이충환,기술,1949-11,0
위원장이충환,위원장 이충환,기술,1949-12,0
위원장이충환,위원장 이충환,기술,1950-01,0
위원장이충환,위원장 이충환,기술,1950-02,0
위원장이충환,위원장 이충환,기술,1950-03,0
위원장이충환,위원장 이충환,기술,1950-04,0
위원장이충환,위원장 이충환,기술,1950-06,0
위원장이충환,위원장 이충환,기술,1950-10,0
위원장이충환,위원장 이충환,기술,1950-11,0
위원장이충환,위원장 이충환,기술,1950-12,0
위원장이충환,위원장 이충환,기술,1951-01,0
위원장이충환,위원장 이충환,기술,1951-02,0
위원장이충환,위원장 이충환,기술,1951-03,0
위원장이충환,위원장 이충환,기술,1951-04,0
위원장이충환,위원장 이충환,기술,1951-05,0
위원장이충환,위원장 이충환,기술,1951-06,0
위원장이충환,위원장 이충환,기술,1951-07,0
위원장이충환,위원장 이충환,기술,1951-08,0
위원장이충환,위원장 이충환,기술,1951-09,0
위원장이충환,위원장 이충환,기술,1951-10,0
위원장이충환,위원장 이충환,기술,1951-11,0
위원장이충환,위원장 이충환,기술,1951-12,0
위원장이충환,위원장 이충환,기술,1952-01,0
위원장이충환,위원장 이충환,기술,1952-02,0
위원장이충환,위원장 이충환,기술,1952-03,0
위원장이충환,위원장 이충환,기술,1952-04,0
위원장이충환,위원장 이충환,기술,1952-05,0
위원장이충환,위원장 이충환,기술,1952-06,0
위원장이충환,위원장 이충환,기술,1952-07,0
위원장이충환,위원장 이충환,기술,1952-08,0
위원장이충환,위원장 이충환,기술,1952-09,0
위원장이충환,위원장 이충환,기술,1952-10,0
위원장이충환,위원장 이충환,기술,1952-11,0
위원장이충환,위원장 이충환,기술,1952-12,0
위원장이충환,위원장 이충환,기술,1953-01,0
위원장이충환,위원장 이충환,기술,1953-02,0
위원장이충환,위원장 이충환,기술,1953-03,0
위원장이충환,위원장 이충환,기술,1953-04,0
위원장이충환,위원장 이충환,기술,1953-05,0
위원장이충환,위원장 이충환,기술,1953-06,0
위원장이충환,위원장 이충환,기술,1953-07,0
위원장이충환,위원장 이충환,기술,1953-08,0
위원장이충환,위원장 이충환,기술,1953-09,0
위원장이충환,위원장 이충환,기술,1953-10,0
위원장이충환,위원장 이충환,기술,1953-11,0
위원장이충환,위원장 이충환,기술,1953-12,0
위원장이충환,위원장 이충환,기술,1954-01,0
위원장이충환,위원장 이충환,기술,1954-02,0
위원장이충환,위원장 이충환,기술,1954-03,0
위원장이충환,위원장 이충환,기술,1954-04,0
위원장이충환,위원장 이충환,기술,1954-05,0
위원장이충환,위원장 이충환,기술,1954-06,0
위원장이충환,위원장 이충환,기술,1954-07,0
위원장이충환,위원장 이충환,기술,1954-08,0
위원장이충환,위원장 이충환,기술,1954-09,0
위원장이충환,위원장 이충환,기술,1954-10,1
위원장이충환,위원장 이충환,기술,1954-11,4
위원장이충환,위원장 이충환,기술,1954-12,6
위원장이충환,위원장 이충환,기술,1955-01,0
위원장이충환,위원장 이충환,기술,1955-02,0
위원장이충환,위원장 이충환,기술,1955-03,1
위원장이충환,위원장 이충환,기술,1955-04,3
위원장이충환,위원장 이충환,기술,1955-05,17
위원장이충환,위원장 이충환,기술,1955-06,43
위원장이충환,위원장 이충환,기술,1955-07,58
위원장이충환,위원장 이충환,기술,1955-09,0
위원장이충환,위원장 이충환,기술,1955-10,0
위원장이충환,위원장 이충환,기술,1955-11,0
위원장이충환,위원장 이충환,기술,1955-12,10
위원장이충환,위원장 이충환,기술,1956-01,16
위원장이충환,위원장 이충환,기술,1956-02,17
위원장이충환,위원장 이충환,기술,1956-03,0
위원장이충환,위원장 이충환,기술,1956-04,0
위원장이충환,위원장 이충환,기술,1956-05,0
위원장이충환,위원장 이충환,기술,1956-06,0
위원장이충환,위원장 이충환,기술,1956-07,0
위원장이충환,위원장 이충환,기술,1956-08,0
위원장이충환,위원장 이충환,기술,1956-09,0
위원장이충환,위원장 이충환,기술,1956-10,0
위원장이충환,위원장 이충환,기술,1956-11,0
위원장이충환,위원장 이충환,기술,1956-12,0
위원장이충환,위원장 이충환,기술,1957-01,0
위원장이충환,위원장 이충환,기술,1957-02,0
위원장이충환,위원장 이충환,기술,1957-03,0
위원장이충환,위원장 이충환,기술,1957-04,0
위원장이충환,위원장 이충환,기술,1957-05,0
위원장이충환,위원장 이충환,기술,1957-06,0
위원장이충환,위원장 이충환,기술,1957-07,0
위원장이충환,위원장 이충환,기술,1957-08,0
위원장이충환,위원장 이충환,기술,1957-09,0
위원장이충환,위원장 이충환,기술,1957-10,0
위원장이충환,위원장 이충환,기술,1957-11,0
위원장이충환,위원장 이충환,기술,1957-12,0
위원장이충환,위원장 이충환,기술,1958-01,0
위원장이충환,위원장 이충환,기술,1958-02,0
위원장이충환,위원장 이충환,기술,1958-03,0
위원장이충환,위원장 이충환,기술,1958-04,0
위원장이충환,위원장 이충환,기술,1958-05,0
위원장이충환,위원장 이충환,기술,1958-06,0
위원장이충환,위원장 이충환,기술,1958-07,0
위원장이충환,위원장 이충환,기술,1958-08,0
위원장이충환,위원장 이충환,기술,1958-09,0
위원장이충환,위원장 이충환,기술,1958-10,0
위원장이충환,위원장 이충환,기술,1958-11,0
위원장이충환,위원장 이충환,기술,1958-12,0
위원장이충환,위원장 이충환,기술,1959-05,0
위원장이충환,위원장 이충환,기술,1959-06,0
위원장이충환,위원장 이충환,기술,1959-07,0
위원장이충환,위원장 이충환,기술,1959-10,0
위원장이충환,위원장 이충환,기술,1959-11,0
위원장이충환,위원장 이충환,기술,1959-12,0
이철승위원,이철승 위원,기술,1948-08,0
이철승위원,이철승 위원,기술,1948-09,0
이철승위원,이철승 위원,기술,1948-10,0
이철승위원,이철승 위원,기술,1948-11,0
이철승위원,이철승 위원,기술,1948-12,0
이철승위원,이철승 위원,기술,1949-01,0
이철승위원,이철승 위원,기술,1949-02,0
이철승위원,이철승 위원,기술,1949-03,0
이철승위원,이철승 위원,기술,1949-04,0
이철승위원,이철승 위원,기술,1949-05,0
이철승위원,이철승 위원,기술,1949-06,0
이철승위원,이철승 위원,기술,1949-07,0
이철승위원,이철승 위원,기술,1949-08,0
이철승위원,이철승 위원,기술,1949-09,0
이철승위원,이철승 위원,기술,1949-10,0
이철승위원,이철승 위원,기술,1949-11,0
이철승위원,이철승 위원,기술,1949-12,0
이철승위원,이철승 위원,기술,1950-01,0
이철승위원,이철승 위원,기술,1950-02,0
이철승위원,이철승 위원,기술,1950-03,0
이철승위원,이철승 위원,기술,1950-04,0
이철승위원,이철승 위원,기술,1950-06,0
이철승위원,이철승 위원,기술,1950-10,0
이철승위원,이철승 위원,기술,1950-11,0
이철승위원,이철승 위원,기술,1950-12,0
이철승위원,이철승 위원,기술,1951-01,0
이철승위원,이철승 위원,기술,1951-02,0
이철승위원,이철승 위원,기술,1951-03,0
이철승위원,이철승 위원,기술,1951-04,0
이철승위원,이철승 위원,기술,1951-05,0
이철승위원,이철승 위원,기술,1951-06,0
이철승위원,이철승 위원,기술,1951-07,0
이철승위원,이철승 위원,기술,1951-08,0
이철승위원,이철승 위원,기술,1951-09,0
이철승위원,이철승 위원,기술,1951-10,0
이철승위원,이철승 위원,기술,1951-11,0
이철승위원,이철승 위원,기술,1951-12,0
이철승위원,이철승 위원,기술,1952-01,0
이철승위원,이철승 위원,기술,1952-02,0
이철승위원,이철승 위원,기술,1952-03,0
이철승위원,이철승 위원,기술,1952-04,0
이철승위원,이철승 위원,기술,1952-05,0
이철승위원,이철승 위원,기술,1952-06,0
이철승위원,이철승 위원,기술,1952-07,0
이철승위원,이철승 위원,기술,1952-08,0
이철승위원,이철승 위원,기술,1952-09,0
이철승위원,이철승 위원,기술,1952-10,0
이철승위원,이철승 위원,기술,1952-11,0
이철승위원,이철승 위원,기술,1952-12,0
이철승위원,이철승 위원,기술,1953-01,0
이철승위원,이철승 위원,기술,1953-02,0
이철승위원,이철승 위원,기술,1953-03,0
이철승위원,이철승 위원,기술,1953-04,0
이철승위원,이철승 위원,기술,1953-05,0
이철승위원,이철승 위원,기술,1953-06,0
이철승위원,이철승 위원,기술,1953-07,0
이철승위원,이철승 위원,기술,1953-08,0
이철승위원,이철승 위원,기술,1953-09,0
이철승위원,이철승 위원,기술,1953-10,0
이철승위원,이철승 위원,기술,1953-11,0
이철승위원,이철승 위원,기술,1953-12,0
이철승위원,이철승 위원,기술,1954-01,0
이철승위원,이철승 위원,기술,1954-02,0
이철승위원,이철승 위원,기술,1954-03,0
이철승위원,이철승 위원,기술,1954-04,0
이철승위원,이철승 위원,기술,1954-05,0
이철승위원,이철승 위원,기술,1954-06,0
이철승위원,이철승 위원,기술,1954-07,0
이철승위원,이철승 위원,기술,1954-08,0
이철승위원,이철승 위원,기술,1954-09,1
이철승위원,이철승 위원,기술,1954-10,6
이철승위원,이철승 위원,기술,1954-11,0
이철승위원,이철승 위원,기술,1954-12,3
이철승위원,이철승 위원,기술,1955-01,1
이철승위원,이철승 위원,기술,1955-02,0
이철승위원,이철승 위원,기술,1955-03,0
이철승위원,이철승 위원,기술,1955-04,0
이철승위원,이철승 위원,기술,1955-05,3
이철승위원,이철승 위원,기술,1955-06,9
이철승위원,이철승 위원,기술,1955-07,5
이철승위원,이철승 위원,기술,1955-09,0
이철승위원,이철승 위원,기술,1955-10,0
이철승위원,이철승 위원,기술,1955-11,0
이철승위원,이철승 위원,기술,1955-12,6
이철승위원,이철승 위원,기술,1956-01,3
이철승위원,이철승 위원,기술,1956-02,5
이철승위원,이철승 위원,기술,1956-03,0
이철승위원,이철승 위원,기술,1956-04,0
이철승위원,이철승 위원,기술,1956-05,0
이철승위원,이철승 위원,기술,1956-06,0
이철승위원,이철승 위원,기술,1956-07,0
이철승위원,이철승 위원,기술,1956-08,0
이철승위원,이철승 위원,기술,1956-09,0
이철승위원,이철승 위원,기술,1956-10,0
이철승위원,이철승 위원,기술,1956-11,0
이철승위원,이철승 위원,기술,1956-12,0
이철승위원,이철승 위원,기술,1957-01,0
이철승위원,이철승 위원,기술,1957-02,0
이철승위원,이철승 위원,기술,1957-03,0
이철승위원,이철승 위원,기술,1957-04,0
이철승위원,이철승 위원,기술,1957-05,0
이철승위원,이철승 위원,기술,1957-06,0
이철승위원,이철승 위원,기술,1957-07,0
이철승위원,이철승 위원,기술,1957-08,0
이철승위원,이철승 위원,기술,1957-09,1
이철승위원,이철승 위원,기술,1957-10,3
이철승위원,이철승 위원,기술,1957-11,0
이철승위원,이철승 위원,기술,1957-12,25
이철승위원,이철승 위원,기술,1958-01,0
이철승위원,이철승 위원,기술,1958-02,0
이철승위원,이철승 위원,기술,1958-03,0
이철승위원,이철승 위원,기술,1958-04,0
이철승위원,이철승 위원,기술,1958-05,0
이철승위원,이철승 위원,기술,1958-06,0
이철승위원,이철승 위원,기술,1958-07,20
이철승위원,이철승 위원,기술,1958-08,28
이철승위원,이철승 위원,기술,1958-09,0
이철승위원,이철승 위원,기술,1958-10,6
이철승위원,이철승 위원,기술,1958-11,6
이철승위원,이철승 위원,기술,1958-12,3
이철승위원,이철승 위원,기술,1959-05,0
이철승위원,이철승 위원,기술,1959-06,3
이철승위원,이철승 위원,기술,1959-07,1
이철승위원,이철승 위원,기술,1959-10,0
이철승위원,이철승 위원,기술,1959-11,19
이철승위원,이철승 위원,기술,1959-12,0
의사국장서상준,의사국장 서상준,기술,1948-08,0
의사국장서상준,의사국장 서상준,기술,1948-09,0
의사국장서상준,의사국장 서상준,기술,1948-10,0
의사국장서상준,의사국장 서상준,기술,1948-11,0
의사국장서상준,의사국장 서상준,기술,1948-12,0
의사국장서상준,의사국장 서상준,기술,1949-01,0
의사국장서상준,의사국장 서상준,기술,1949-02,0
의사국장서상준,의사국장 서상준,기술,1949-03,0
의사국장서상준,의사국장 서상준,기술,1949-04,0
의사국장서상준,의사국장 서상준,기술,1949-05,0
의사국장서상준,의사국장 서상준,기술,1949-06,0
의사국장서상준,의사국장 서상준,기술,1949-07,0
의사국장서상준,의사국장 서상준,기술,1949-08,0
의사국장서상준,의사국장 서상준,기술,1949-09,0
의사국장서상준,의사국장 서상준,기술,1949-10,0
의사국장서상준,의사국장 서상준,기술,1949-11,0
의사국장서상준,의사국장 서상준,기술,1949-12,0
의사국장서상준,의사국장 서상준,기술,1950-01,0
의사국장서상준,의사국장 서상준,기술,1950-02,0
의사국장서상준,의사국장 서상준,기술,1950-03,0
의사국장서상준,의사국장 서상준,기술,1950-04,0
의사국장서상준,의사국장 서상준,기술,1950-06,0
의사국장서상준,의사국장 서상준,기술,1950-10,0
의사국장서상준,의사국장 서상준,기술,1950-11,0
의사국장서상준,의사국장 서상준,기술,1950-12,0
의사국장서상준,의사국장 서상준,기술,1951-01,0
의사국장서상준,의사국장 서상준,기술,1951-02,2
의사국장서상준,의사국장 서상준,기술,1951-03,0
의사국장서상준,의사국장 서상준,기술,1951-04,0
의사국장서상준,의사국장 서상준,기술,1951-05,2
의사국장서상준,의사국장 서상준,기술,1951-06,1
의사국장서상준,의사국장 서상준,기술,1951-07,1
의사국장서상준,의사국장 서상준,기술,1951-08,3
의사국장서상준,의사국장 서상준,기술,1951-09,4
의사국장서상준,의사국장 서상준,기술,1951-10,4
의사국장서상준,의사국장 서상준,기술,1951-11,0
의사국장서상준,의사국장 서상준,기술,1951-12,1
의사국장서상준,의사국장 서상준,기술,1952-01,1
의사국장서상준,의사국장 서상준,기술,1952-02,1
의사국장서상준,의사국장 서상준,기술,1952-03,2
의사국장서상준,의사국장 서상준,기술,1952-04,3
의사국장서상준,의사국장 서상준,기술,1952-05,2
의사국장서상준,의사국장 서상준,기술,1952-06,0
의사국장서상준,의사국장 서상준,기술,1952-07,3
의사국장서상준,의사국장 서상준,기술,1952-08,3
의사국장서상준,의사국장 서상준,기술,1952-09,3
의사국장서상준,의사국장 서상준,기술,1952-10,0
의사국장서상준,의사국장 서상준,기술,1952-11,0
의사국장서상준,의사국장 서상준,기술,1952-12,2
의사국장서상준,의사국장 서상준,기술,1953-01,3
의사국장서상준,의사국장 서상준,기술,1953-02,0
의사국장서상준,의사국장 서상준,기술,1953-03,1
의사국장서상준,의사국장 서상준,기술,1953-04,1
의사국장서상준,의사국장 서상준,기술,1953-05,2
의사국장서상준,의사국장 서상준,기술,1953-06,0
의사국장서상준,의사국장 서상준,기술,1953-07,0
의사국장서상준,의사국장 서상준,기술,1953-08,1
의사국장서상준,의사국장 서상준,기술,1953-09,0
의사국장서상준,의사국장 서상준,기술,1953-10,0
의사국장서상준,의사국장 서상준,기술,1953-11,1
의사국장서상준,의사국장 서상준,기술,1953-12,2
의사국장서상준,의사국장 서상준,기술,1954-01,1
의사국장서상준,의사국장 서상준,기술,1954-02,1
의사국장서상준,의사국장 서상준,기술,1954-03,3
의사국장서상준,의사국장 서상준,기술,1954-04,0
의사국장서상준,의사국장 서상준,기술,1954-05,0
의사국장서상준,의사국장 서상준,기술,1954-06,0
의사국장서상준,의사국장 서상준,기술,1954-07,2
의사국장서상준,의사국장 서상준,기술,1954-08,0
의사국장서상준,의사국장 서상준,기술,1954-09,3
의사국장서상준,의사국장 서상준,기술,1954-10,0
의사국장서상준,의사국장 서상준,기술,1954-11,1
의사국장서상준,의사국장 서상준,기술,1954-12,1
의사국장서상준,의사국장 서상준,기술,1955-01,3
의사국장서상준,의사국장 서상준,기술,1955-02,2
의사국장서상준,의사국장 서상준,기술,1955-03,6
의사국장서상준,의사국장 서상준,기술,1955-04,4
의사국장서상준,의사국장 서상준,기술,1955-05,4
의사국장서상준,의사국장 서상준,기술,1955-06,8
의사국장서상준,의사국장 서상준,기술,1955-07,3
의사국장서상준,의사국장 서상준,기술,1955-09,2
의사국장서상준,의사국장 서상준,기술,1955-10,1
의사국장서상준,의사국장 서상준,기술,1955-11,3
의사국장서상준,의사국장 서상준,기술,1955-12,1
의사국장서상준,의사국장 서상준,기술,1956-01,3
의사국장서상준,의사국장 서상준,기술,1956-02,3
의사국장서상준,의사국장 서상준,기술,1956-03,2
의사국장서상준,의사국장 서상준,기술,1956-04,0
의사국장서상준,의사국장 서상준,기술,1956-05,1
의사국장서상준,의사국장 서상준,기술,1956-06,2
의사국장서상준,의사국장 서상준,기술,1956-07,6
의사국장서상준,의사국장 서상준,기술,1956-08,1
의사국장서상준,의사국장 서상준,기술,1956-09,0
의사국장서상준,의사국장 서상준,기술,1956-10,1
의사국장서상준,의사국장 서상준,기술,1956-11,1
의사국장서상준,의사국장 서상준,기술,1956-12,0
의사국장서상준,의사국장 서상준,기술,1957-01,3
의사국장서상준,의사국장 서상준,기술,1957-02,0
의사국장서상준,의사국장 서상준,기술,1957-03,2
의사국장서상준,의사국장 서상준,기술,1957-04,3
의사국장서상준,의사국장 서상준,기술,1957-05,1
의사국장서상준,의사국장 서상준,기술,1957-06,4
의사국장서상준,의사국장 서상준,기술,1957-07,2
의사국장서상준,의사국장 서상준,기술,1957-08,1
의사국장서상준,의사국장 서상준,기술,1957-09,2
의사국장서상준,의사국장 서상준,기술,1957-10,0
의사국장서상준,의사국장 서상준,기술,1957-11,4
의사국장서상준,의사국장 서상준,기술,1957-12,6
의사국장서상준,의사국장 서상준,기술,1958-01,0
의사국장서상준,의사국장 서상준,기술,1958-02,4
의사국장서상준,의사국장 서상준,기술,1958-03,0
의사국장서상준,의사국장 서상준,기술,1958-04,0
의사국장서상준,의사국장 서상준,기술,1958-05,0
의사국장서상준,의사국장 서상준,기술,1958-06,0
의사국장서상준,의사국장 서상준,기술,1958-07,6
의사국장서상준,의사국장 서상준,기술,1958-08,0
의사국장서상준,의사국장 서상준,기술,1958-09,0
의사국장서상준,의사국장 서상준,기술,1958-10,0
의사국장서상준,의사국장 서상준,기술,1958-11,0
의사국장서상준,의사국장 서상준,기술,1958-12,0
의사국장서상준,의사국장 서상준,기술,1959-05,0
의사국장서상준,의사국장 서상준,기술,1959-06,0
의사국장서상준,의사국장 서상준,기술,1959-07,0
의사국장서상준,의사국장 서상준,기술,1959-10,0
의사국장서상준,의사국장 서상준,기술,1959-11,0
의사국장서상준,의사국장 서상준,기술,1959-12,0
부의장조경규,부의장 조경규,기술,1948-08,0
부의장조경규,부의장 조경규,기술,1948-09,0
부의장조경규,부의장 조경규,기술,1948-10,0
부의장조경규,부의장 조경규,기술,1948-11,0
부의장조경규,부의장 조경규,기술,1948-12,0
부의장조경규,부의장 조경규,기술,1949-01,0
부의장조경규,부의장 조경규,기술,1949-02,0
부의장조경규,부의장 조경규,기술,1949-03,0
부의장조경규,부의장 조경규,기술,1949-04,0
부의장조경규,부의장 조경규,기술,1949-05,0
부의장조경규,부의장 조경규,기술,1949-06,0
부의장조경규,부의장 조경규,기술,1949-07,0
부의장조경규,부의장 조경규,기술,1949-08,0
부의장조경규,부의장 조경규,기술,1949-09,0
부의장조경규,부의장 조경규,기술,1949-10,0
부의장조경규,부의장 조경규,기술,1949-11,0
부의장조경규,부의장 조경규,기술,1949-12,0
부의장조경규,부의장 조경규,기술,1950-01,0
부의장조경규,부의장 조경규,기술,1950-02,0
부의장조경규,부의장 조경규,기술,1950-03,0
부의장조경규,부의장 조경규,기술,1950-04,0
부의장조경규,부의장 조경규,기술,1950-06,0
부의장조경규,부의장 조경규,기술,1950-10,0
부의장조경규,부의장 조경규,기술,1950-11,0
부의장조경규,부의장 조경규,기술,1950-12,0
부의장조경규,부의장 조경규,기술,1951-01,0
부의장조경규,부의장 조경규,기술,1951-02,0
부의장조경규,부의장 조경규,기술,1951-03,0
부의장조경규,부의장 조경규,기술,1951-04,0
부의장조경규,부의장 조경규,기술,1951-05,0
부의장조경규,부의장 조경규,기술,1951-06,0
부의장조경규,부의장 조경규,기술,1951-07,0
부의장조경규,부의장 조경규,기술,1951-08,0
부의장조경규,부의장 조경규,기술,1951-09,0
부의장조경규,부의장 조경규,기술,1951-10,0
부의장조경규,부의장 조경규,기술,1951-11,0
부의장조경규,부의장 조경규,기술,1951-12,0
부의장조경규,부의장 조경규,기술,1952-01,0
부의장조경규,부의장 조경규,기술,1952-02,0
부의장조경규,부의장 조경규,기술,1952-03,0
부의장조경규,부의장 조경규,기술,1952-04,0
부의장조경규,부의장 조경규,기술,1952-05,0
부의장조경규,부의장 조경규,기술,1952-06,0
부의장조경규,부의장 조경규,기술,1952-07,0
부의장조경규,부의장 조경규,기술,1952-08,0
부의장조경규,부의장 조경규,기술,1952-09,0
부의장조경규,부의장 조경규,기술,1952-10,0
부의장조경규,부의장 조경규,기술,1952-11,0
부의장조경규,부의장 조경규,기술,1952-12,0
부의장조경규,부의장 조경규,기술,1953-01,0
부의장조경규,부의장 조경규,기술,1953-02,0
부의장조경규,부의장 조경규,기술,1953-03,0
부의장조경규,부의장 조경규,기술,1953-04,0
부의장조경규,부의장 조경규,기술,1953-05,0
부의장조경규,부의장 조경규,기술,1953-06,0
부의장조경규,부의장 조경규,기술,1953-07,0
부의장조경규,부의장 조경규,기술,1953-08,0
부의장조경규,부의장 조경규,기술,1953-09,0
부의장조경규,부의장 조경규,기술,1953-10,0
부의장조경규,부의장 조경규,기술,1953-11,0
부의장조경규,부의장 조경규,기술,1953-12,0
부의장조경규,부의장 조경규,기술,1954-01,0
부의장조경규,부의장 조경규,기술,1954-02,0
부의장조경규,부의장 조경규,기술,1954-03,0
부의장조경규,부의장 조경규,기술,1954-04,0
부의장조경규,부의장 조경규,기술,1954-05,0
부의장조경규,부의장 조경규,기술,1954-06,0
부의장조경규,부의장 조경규,기술,1954-07,0
부의장조경규,부의장 조경규,기술,1954-08,0
부의장조경규,부의장 조경규,기술,1954-09,0
부의장조경규,부의장 조경규,기술,1954-10,0
부의장조경규,부의장 조경규,기술,1954-11,0
부의장조경규,부의장 조경규,기술,1954-12,0
부의장조경규,부의장 조경규,기술,1955-01,0
부의장조경규,부의장 조경규,기술,1955-02,0
부의장조경규,부의장 조경규,기술,1955-03,3
부의장조경규,부의장 조경규,기술,1955-04,3
부의장조경규,부의장 조경규,기술,1955-05,4
부의장조경규,부의장 조경규,기술,1955-06,9
부의장조경규,부의장 조경규,기술,1955-07,14
부의장조경규,부의장 조경규,기술,1955-09,2
부의장조경규,부의장 조경규,기술,1955-10,0
부의장조경규,부의장 조경규,기술,1955-11,2
부의장조경규,부의장 조경규,기술,1955-12,0
부의장조경규,부의장 조경규,기술,1956-01,1
부의장조경규,부의장 조경규,기술,1956-02,6
부의장조경규,부의장 조경규,기술,1956-03,1
부의장조경규,부의장 조경규,기술,1956-04,0
부의장조경규,부의장 조경규,기술,1956-05,1
부의장조경규,부의장 조경규,기술,1956-06,0
부의장조경규,부의장 조경규,기술,1956-07,4
부의장조경규,부의장 조경규,기술,1956-08,1
부의장조경규,부의장 조경규,기술,1956-09,0
부의장조경규,부의장 조경규,기술,1956-10,4
부의장조경규,부의장 조경규,기술,1956-11,0
부의장조경규,부의장 조경규,기술,1956-12,1
부의장조경규,부의장 조경규,기술,1957-01,0
부의장조경규,부의장 조경규,기술,1957-02,0
부의장조경규,부의장 조경규,기술,1957-03,0
부의장조경규,부의장 조경규,기술,1957-04,2
부의장조경규,부의장 조경규,기술,1957-05,0
부의장조경규,부의장 조경규,기술,1957-06,10
부의장조경규,부의장 조경규,기술,1957-07,5
부의장조경규,부의장 조경규,기술,1957-08,1
부의장조경규,부의장 조경규,기술,1957-09,0
부의장조경규,부의장 조경규,기술,1957-10,0
부의장조경규,부의장 조경규,기술,1957-11,1
부의장조경규,부의장 조경규,기술,1957-12,7
부의장조경규,부의장 조경규,기술,1958-01,0
부의장조경규,부의장 조경규,기술,1958-02,2
부의장조경규,부의장 조경규,기술,1958-03,0
부의장조경규,부의장 조경규,기술,1958-04,0
부의장조경규,부의장 조경규,기술,1958-05,0
부의장조경규,부의장 조경규,기술,1958-06,0
부의장조경규,부의장 조경규,기술,1958-07,0
부의장조경규,부의장 조경규,기술,1958-08,0
부의장조경규,부의장 조경규,기술,1958-09,0
부의장조경규,부의장 조경규,기술,1958-10,0
부의장조경규,부의장 조경규,기술,1958-11,0
부의장조경규,부의장 조경규,기술,1958-12,0
부의장조경규,부의장 조경규,기술,1959-05,0
부의장조경규,부의장 조경규,기술,1959-06,0
부의장조경규,부의장 조경규,기술,1959-07,0
부의장조경규,부의장 조경규,기술,1959-10,0
부의장조경규,부의장 조경규,기술,1959-11,0
부의장조경규,부의장 조경규,기술,1959-12,0
부의장조봉암,부의장 조봉암,기술,1948-08,0
부의장조봉암,부의장 조봉암,기술,1948-09,0
부의장조봉암,부의장 조봉암,기술,1948-10,0
부의장조봉암,부의장 조봉암,기술,1948-11,0
부의장조봉암,부의장 조봉암,기술,1948-12,0
부의장조봉암,부의장 조봉암,기술,1949-01,0
부의장조봉암,부의장 조봉암,기술,1949-02,0
부의장조봉암,부의장 조봉암,기술,1949-03,0
부의장조봉암,부의장 조봉암,기술,1949-04,0
부의장조봉암,부의장 조봉암,기술,1949-05,0
부의장조봉암,부의장 조봉암,기술,1949-06,0
부의장조봉암,부의장 조봉암,기술,1949-07,0
부의장조봉암,부의장 조봉암,기술,1949-08,0
부의장조봉암,부의장 조봉암,기술,1949-09,0
부의장조봉암,부의장 조봉암,기술,1949-10,0
부의장조봉암,부의장 조봉암,기술,1949-11,0
부의장조봉암,부의장 조봉암,기술,1949-12,0
부의장조봉암,부의장 조봉암,기술,1950-01,0
부의장조봉암,부의장 조봉암,기술,1950-02,0
부의장조봉암,부의장 조봉암,기술,1950-03,0
부의장조봉암,부의장 조봉암,기술,1950-04,0
부의장조봉암,부의장 조봉암,기술,1950-06,0
부의장조봉암,부의장 조봉암,기술,1950-10,0
부의장조봉암,부의장 조봉암,기술,1950-11,4
부의장조봉암,부의장 조봉암,기술,1950-12,0
부의장조봉암,부의장 조봉암,기술,1951-01,0
부의장조봉암,부의장 조봉암,기술,1951-02,3
부의장조봉암,부의장 조봉암,기술,1951-03,2
부의장조봉암,부의장 조봉암,기술,1951-04,0
부의장조봉암,부의장 조봉암,기술,1951-05,2
부의장조봉암,부의장 조봉암,기술,1951-06,0
부의장조봉암,부의장 조봉암,기술,1951-07,2
부의장조봉암,부의장 조봉암,기술,1951-08,0
부의장조봉암,부의장 조봉암,기술,1951-09,1
부의장조봉암,부의장 조봉암,기술,1951-10,0
부의장조봉암,부의장 조봉암,기술,1951-11,0
부의장조봉암,부의장 조봉암,기술,1951-12,1
부의장조봉암,부의장 조봉암,기술,1952-01,0
부의장조봉암,부의장 조봉암,기술,1952-02,1
부의장조봉암,부의장 조봉암,기술,1952-03,0
부의장조봉암,부의장 조봉암,기술,1952-04,0
부의장조봉암,부의장 조봉암,기술,1952-05,0
부의장조봉암,부의장 조봉암,기술,1952-06,0
부의장조봉암,부의장 조봉암,기술,1952-07,0
부의장조봉암,부의장 조봉암,기술,1952-08,2
부의장조봉암,부의장 조봉암,기술,1952-09,0
부의장조봉암,부의장 조봉암,기술,1952-10,1
부의장조봉암,부의장 조봉암,기술,1952-11,0
부의장조봉암,부의장 조봉암,기술,1952-12,0
부의장조봉암,부의장 조봉암,기술,1953-01,1
부의장조봉암,부의장 조봉암,기술,1953-02,0
부의장조봉암,부의장 조봉암,기술,1953-03,1
부의장조봉암,부의장 조봉암,기술,1953-04,4
부의장조봉암,부의장 조봉암,기술,1953-05,0
부의장조봉암,부의장 조봉암,기술,1953-06,0
부의장조봉암,부의장 조봉암,기술,1953-07,0
부의장조봉암,부의장 조봉암,기술,1953-08,0
부의장조봉암,부의장 조봉암,기술,1953-09,0
부의장조봉암,부의장 조봉암,기술,1953-10,0
부의장조봉암,부의장 조봉암,기술,1953-11,3
부의장조봉암,부의장 조봉암,기술,1953-12,0
부의장조봉암,부의장 조봉암,기술,1954-01,0
부의장조봉암,부의장 조봉암,기술,1954-02,1
부의장조봉암,부의장 조봉암,기술,1954-03,8
부의장조봉암,부의장 조봉암,기술,1954-04,0
부의장조봉암,부의장 조봉암,기술,1954-05,0
부의장조봉암,부의장 조봉암,기술,1954-06,0
부의장조봉암,부의장 조봉암,기술,1954-07,0
부의장조봉암,부의장 조봉암,기술,1954-08,0
부의장조봉암,부의장 조봉암,기술,1954-09,0
부의장조봉암,부의장 조봉암,기술,1954-10,0
부의장조봉암,부의장 조봉암,기술,1954-11,0
부의장조봉암,부의장 조봉암,기술,1954-12,0
부의장조봉암,부의장 조봉암,기술,1955-01,0
부의장조봉암,부의장 조봉암,기술,1955-02,0
부의장조봉암,부의장 조봉암,기술,1955-03,0
부의장조봉암,부의장 조봉암,기술,1955-04,0
부의장조봉암,부의장 조봉암,기술,1955-05,0
부의장조봉암,부의장 조봉암,기술,1955-06,0
부의장조봉암,부의장 조봉암,기술,1955-07,0
부의장조봉암,부의장 조봉암,기술,1955-09,0
부의장조봉암,부의장 조봉암,기술,1955-10,0
부의장조봉암,부의장 조봉암,기술,1955-11,0
부의장조봉암,부의장 조봉암,기술,1955-12,0
부의장조봉암,부의장 조봉암,기술,1956-01,0
부의장조봉암,부의장 조봉암,기술,1956-02,0
부의장조봉암,부의장 조봉암,기술,1956-03,0
부의장조봉암,부의장 조봉암,기술,1956-04,0
부의장조봉암,부의장 조봉암,기술,1956-05,0
부의장조봉암,부의장 조봉암,기술,1956-06,0
부의장조봉암,부의장 조봉암,기술,1956-07,0
부의장조봉암,부의장 조봉암,기술,1956-08,0
부의장조봉암,부의장 조봉암,기술,1956-09,0
부의장조봉암,부의장 조봉암,기술,1956-10,0
부의장조봉암,부의장 조봉암,기술,1956-11,0
부의장조봉암,부의장 조봉암,기술,1956-12,0
부의장조봉암,부의장 조봉암,기술,1957-01,0
부의장조봉암,부의장 조봉암,기술,1957-02,0
부의장조봉암,부의장 조봉암,기술,1957-03,0
부의장조봉암,부의장 조봉암,기술,1957-04,0
부의장조봉암,부의장 조봉암,기술,1957-05,0
부의장조봉암,부의장 조봉암,기술,1957-06,0
부의장조봉암,부의장 조봉암,기술,1957-07,0
부의장조봉암,부의장 조봉암,기술,1957-08,0
부의장조봉암,부의장 조봉암,기술,1957-09,0
부의장조봉암,부의장 조봉암,기술,1957-10,0
부의장조봉암,부의장 조봉암,기술,1957-11,0
부의장조봉암,부의장 조봉암,기술,1957-12,0
부의장조봉암,부의장 조봉암,기술,1958-01,0
부의장조봉암,부의장 조봉암,기술,1958-02,0
부의장조봉암,부의장 조봉암,기술,1958-03,0
부의장조봉암,부의장 조봉암,기술,1958-04,0
부의장조봉암,부의장 조봉암,기술,1958-05,0
부의장조봉암,부의장 조봉암,기술,1958-06,0
부의장조봉암,부의장 조봉암,기술,1958-07,0
부의장조봉암,부의장 조봉암,기술,1958-08,0
부의장조봉암,부의장 조봉암,기술,1958-09,0
부의장조봉암,부의장 조봉암,기술,1958-10,0
부의장조봉암,부의장 조봉암,기술,1958-11,0
부의장조봉암,부의장 조봉암,기술,1958-12,0
부의장조봉암,부의장 조봉암,기술,1959-05,0
부의장조봉암,부의장 조봉암,기술,1959-06,0
부의장조봉암,부의장 조봉암,기술,1959-07,0
부의장조봉암,부의장 조봉암,기술,1959-10,0
부의장조봉암,부의장 조봉암,기술,1959-11,0
부의장조봉암,부의장 조봉암,기술,1959-12,0
재무부장관김현철,재무부장관 김현철,기술,1948-08,0
재무부장관김현철,재무부장관 김현철,기술,1948-09,0
재무부장관김현철,재무부장관 김현철,기술,1948-10,0
재무부장관김현철,재무부장관 김현철,기술,1948-11,0
재무부장관김현철,재무부장관 김현철,기술,1948-12,0
재무부장관김현철,재무부장관 김현철,기술,1949-01,0
재무부장관김현철,재무부장관 김현철,기술,1949-02,0
재무부장관김현철,재무부장관 김현철,기술,1949-03,0
재무부장관김현철,재무부장관 김현철,기술,1949-04,0
재무부장관김현철,재무부장관 김현철,기술,1949-05,0
재무부장관김현철,재무부장관 김현철,기술,1949-06,0
재무부장관김현철,재무부장관 김현철,기술,1949-07,0
재무부장관김현철,재무부장관 김현철,기술,1949-08,0
재무부장관김현철,재무부장관 김현철,기술,1949-09,0
재무부장관김현철,재무부장관 김현철,기술,1949-10,0
재무부장관김현철,재무부장관 김현철,기술,1949-11,0
재무부장관김현철,재무부장관 김현철,기술,1949-12,0
재무부장관김현철,재무부장관 김현철,기술,1950-01,0
재무부장관김현철,재무부장관 김현철,기술,1950-02,0
재무부장관김현철,재무부장관 김현철,기술,1950-03,0
재무부장관김현철,재무부장관 김현철,기술,1950-04,0
재무부장관김현철,재무부장관 김현철,기술,1950-06,0
재무부장관김현철,재무부장관 김현철,기술,1950-10,0
재무부장관김현철,재무부장관 김현철,기술,1950-11,0
재무부장관김현철,재무부장관 김현철,기술,1950-12,0
재무부장관김현철,재무부장관 김현철,기술,1951-01,0
재무부장관김현철,재무부장관 김현철,기술,1951-02,0
재무부장관김현철,재무부장관 김현철,기술,1951-03,0
재무부장관김현철,재무부장관 김현철,기술,1951-04,0
재무부장관김현철,재무부장관 김현철,기술,1951-05,0
재무부장관김현철,재무부장관 김현철,기술,1951-06,0
재무부장관김현철,재무부장관 김현철,기술,1951-07,0
재무부장관김현철,재무부장관 김현철,기술,1951-08,0
재무부장관김현철,재무부장관 김현철,기술,1951-09,0
재무부장관김현철,재무부장관 김현철,기술,1951-10,0
재무부장관김현철,재무부장관 김현철,기술,1951-11,0
재무부장관김현철,재무부장관 김현철,기술,1951-12,0
재무부장관김현철,재무부장관 김현철,기술,1952-01,0
재무부장관김현철,재무부장관 김현철,기술,1952-02,0
재무부장관김현철,재무부장관 김현철,기술,1952-03,0
재무부장관김현철,재무부장관 김현철,기술,1952-04,0
재무부장관김현철,재무부장관 김현철,기술,1952-05,0
재무부장관김현철,재무부장관 김현철,기술,1952-06,0
재무부장관김현철,재무부장관 김현철,기술,1952-07,0
재무부장관김현철,재무부장관 김현철,기술,1952-08,0
재무부장관김현철,재무부장관 김현철,기술,1952-09,0
재무부장관김현철,재무부장관 김현철,기술,1952-10,0
재무부장관김현철,재무부장관 김현철,기술,1952-11,0
재무부장관김현철,재무부장관 김현철,기술,1952-12,0
재무부장관김현철,재무부장관 김현철,기술,1953-01,0
재무부장관김현철,재무부장관 김현철,기술,1953-02,0
재무부장관김현철,재무부장관 김현철,기술,1953-03,0
재무부장관김현철,재무부장관 김현철,기술,1953-04,0
재무부장관김현철,재무부장관 김현철,기술,1953-05,0
재무부장관김현철,재무부장관 김현철,기술,1953-06,0
재무부장관김현철,재무부장관 김현철,기술,1953-07,0
재무부장관김현철,재무부장관 김현철,기술,1953-08,0
재무부장관김현철,재무부장관 김현철,기술,1953-09,0
재무부장관김현철,재무부장관 김현철,기술,1953-10,0
재무부장관김현철,재무부장관 김현철,기술,1953-11,0
재무부장관김현철,재무부장관 김현철,기술,1953-12,0
재무부장관김현철,재무부장관 김현철,기술,1954-01,0
재무부장관김현철,재무부장관 김현철,기술,1954-02,0
재무부장관김현철,재무부장관 김현철,기술,1954-03,0
재무부장관김현철,재무부장관 김현철,기술,1954-04,0
재무부장관김현철,재무부장관 김현철,기술,1954-05,0
재무부장관김현철,재무부장관 김현철,기술,1954-06,0
재무부장관김현철,재무부장관 김현철,기술,1954-07,0
재무부장관김현철,재무부장관 김현철,기술,1954-08,0
재무부장관김현철,재무부장관 김현철,기술,1954-09,0
재무부장관김현철,재무부장관 김현철,기술,1954-10,0
재무부장관김현철,재무부장관 김현철,기술,1954-11,0
재무부장관김현철,재무부장관 김현철,기술,1954-12,0
재무부장관김현철,재무부장관 김현철,기술,1955-01,0
재무부장관김현철,재무부장관 김현철,기술,1955-02,0
재무부장관김현철,재무부장관 김현철,기술,1955-03,0
재무부장관김현철,재무부장관 김현철,기술,1955-04,0
재무부장관김현철,재무부장관 김현철,기술,1955-05,0
재무부장관김현철,재무부장관 김현철,기술,1955-06,0
재무부장관김현철,재무부장관 김현철,기술,1955-07,34
재무부장관김현철,재무부장관 김현철,기술,1955-09,7
재무부장관김현철,재무부장관 김현철,기술,1955-10,2
재무부장관김현철,재무부장관 김현철,기술,1955-11,4
재무부장관김현철,재무부장관 김현철,기술,1955-12,21
재무부장관김현철,재무부장관 김현철,기술,1956-01,9
재무부장관김현철,재무부장관 김현철,기술,1956-02,10
재무부장관김현철,재무부장관 김현철,기술,1956-03,0
재무부장관김현철,재무부장관 김현철,기술,1956-04,0
재무부장관김현철,재무부장관 김현철,기술,1956-05,0
재무부장관김현철,재무부장관 김현철,기술,1956-06,0
재무부장관김현철,재무부장관 김현철,기술,1956-07,0
재무부장관김현철,재무부장관 김현철,기술,1956-08,0
재무부장관김현철,재무부장관 김현철,기술,1956-09,0
재무부장관김현철,재무부장관 김현철,기술,1956-10,0
재무부장관김현철,재무부장관 김현철,기술,1956-11,0
재무부장관김현철,재무부장관 김현철,기술,1956-12,0
재무부장관김현철,재무부장관 김현철,기술,1957-01,0
재무부장관김현철,재무부장관 김현철,기술,1957-02,0
재무부장관김현철,재무부장관 김현철,기술,1957-03,0
재무부장관김현철,재무부장관 김현철,기술,1957-04,0
재무부장관김현철,재무부장관 김현철,기술,1957-05,0
재무부장관김현철,재무부장관 김현철,기술,1957-06,4
재무부장관김현철,재무부장관 김현철,기술,1957-07,8
재무부장관김현철,재무부장관 김현철,기술,1957-08,0
재무부장관김현철,재무부장관 김현철,기술,1957-09,0
재무부장관김현철,재무부장관 김현철,기술,1957-10,0
재무부장관김현철,재무부장관 김현철,기술,1957-11,21
재무부장관김현철,재무부장관 김현철,기술,1957-12,21
재무부장관김현철,재무부장관 김현철,기술,1958-01,0
재무부장관김현철,재무부장관 김현철,기술,1958-02,0
재무부장관김현철,재무부장관 김현철,기술,1958-03,0
재무부장관김현철,재무부장관 김현철,기술,1958-04,0
재무부장관김현철,재무부장관 김현철,기술,1958-05,0
재무부장관김현철,재무부장관 김현철,기술,1958-06,0
재무부장관김현철,재무부장관 김현철,기술,1958-07,30
재무부장관김현철,재무부장관 김현철,기술,1958-08,13
재무부장관김현철,재무부장관 김현철,기술,1958-09,0
재무부장관김현철,재무부장관 김현철,기술,1958-10,2
재무부장관김현철,재무부장관 김현철,기술,1958-11,33
재무부장관김현철,재무부장관 김현철,기술,1958-12,15
재무부장관김현철,재무부장관 김현철,기술,1959-05,0
재무부장관김현철,재무부장관 김현철,기술,1959-06,0
재무부장관김현철,재무부장관 김현철,기술,1959-07,0
재무부장관김현철,재무부장관 김현철,기술,1959-10,0
재무부장관김현철,재무부장관 김현철,기술,1959-11,0
재무부장관김현철,재무부장관 김현철,기술,1959-12,0
예산결산위원장이충환,예산결산위원장 이충환,기술,1948-08,0
예산결산위원장이충환,예산결산위원장 이충환,기술,1948-09,0
예산결산위원장이충환,예산결산위원장 이충환,기술,1948-10,0
예산결산위원장이충환,예산결산위원장 이충환,기술,1948-11,0
예산결산위원장이충환,예산결산위원장 이충환,기술,1948-12,0
예산결산위원장이충환,예산결산위원장 이충환,기술,1949-01,0
예산결산위원장이충환,예산결산위원장 이충환,기술,1949-02,0
예산결산위원장이충환,예산결산위원장 이충환,기술,1949-03,0
예산결산위원장이충환,예산결산위원장 이충환,기술,1949-04,0
예산결산위원장이충환,예산결산위원장 이충환,기술,1949-05,0
예산결산위원장이충환,예산결산위원장 이충환,기술,1949-06,0
예산결산위원장이충환,예산결산위원장 이충환,기술,1949-07,0
예산결산위원장이충환,예산결산위원장 이충환,기술,1949-08,0
예산결산위원장이충환,예산결산위원장 이충환,기술,1949-09,0
예산결산위원장이충환,예산결산위원장 이충환,기술,1949-10,0
예산결산위원장이충환,예산결산위원장 이충환,기술,1949-11,0
예산결산위원장이충환,예산결산위원장 이충환,기술,1949-12,0
예산결산위원장이충환,예산결산위원장 이충환,기술,1950-01,0
예산결산위원장이충환,예산결산위원장 이충환,기술,1950-02,0
예산결산위원장이충환,예산결산위원장 이충환,기술,1950-03,0
예산결산위원장이충환,예산결산위원장 이충환,기술,1950-04,0
예산결산위원장이충환,예산결산위원장 이충환,기술,1950-06,0
예산결산위원장이충환,예산결산위원장 이충환,기술,1950-10,0
예산결산위원장이충환,예산결산위원장 이충환,기술,1950-11,0
예산결산위원장이충환,예산결산위원장 이충환,기술,1950-12,0
예산결산위원장이충환,예산결산위원장 이충환,기술,1951-01,0
예산결산위원장이충환,예산결산위원장 이충환,기술,1951-02,0
예산결산위원장이충환,예산결산위원장 이충환,기술,1951-03,0
예산결산위원장이충환,예산결산위원장 이충환,기술,1951-04,0
예산결산위원장이충환,예산결산위원장 이충환,기술,1951-05,0
예산결산위원장이충환,예산결산위원장 이충환,기술,1951-06,0
예산결산위원장이충환,예산결산위원장 이충환,기술,1951-07,0
예산결산위원장이충환,예산결산위원장 이충환,기술,1951-08,0
예산결산위원장이충환,예산결산위원장 이충환,기술,1951-09,0
예산결산위원장이충환,예산결산위원장 이충환,기술,1951-10,0
예산결산위원장이충환,예산결산위원장 이충환,기술,1951-11,0
예산결산위원장이충환,예산결산위원장 이충환,기술,1951-12,0
예산결산위원장이충환,예산결산위원장 이충환,기술,1952-01,0
예산결산위원장이충환,예산결산위원장 이충환,기술,1952-02,0
예산결산위원장이충환,예산결산위원장 이충환,기술,1952-03,0
예산결산위원장이충환,예산결산위원장 이충환,기술,1952-04,0
예산결산위원장이충환,예산결산위원장 이충환,기술,1952-05,0
예산결산위원장이충환,예산결산위원장 이충환,기술,1952-06,0
예산결산위원장이충환,예산결산위원장 이충환,기술,1952-07,0
예산결산위원장이충환,예산결산위원장 이충환,기술,1952-08,0
예산결산위원장이충환,예산결산위원장 이충환,기술,1952-09,0
예산결산위원장이충환,예산결산위원장 이충환,기술,1952-10,0
예산결산위원장이충환,예산결산위원장 이충환,기술,1952-11,0
예산결산위원장이충환,예산결산위원장 이충환,기술,1952-12,0
예산결산위원장이충환,예산결산위원장 이충환,기술,1953-01,0
예산결산위원장이충환,예산결산위원장 이충환,기술,1953-02,0
예산결산위원장이충환,예산결산위원장 이충환,기술,1953-03,0
예산결산위원장이충환,예산결산위원장 이충환,기술,1953-04,0
예산결산위원장이충환,예산결산위원장 이충환,기술,1953-05,0
예산결산위원장이충환,예산결산위원장 이충환,기술,1953-06,0
예산결산위원장이충환,예산결산위원장 이충환,기술,1953-07,0
예산결산위원장이충환,예산결산위원장 이충환,기술,1953-08,0
예산결산위원장이충환,예산결산위원장 이충환,기술,1953-09,0
예산결산위원장이충환,예산결산위원장 이충환,기술,1953-10,0
예산결산위원장이충환,예산결산위원장 이충환,기술,1953-11,0
예산결산위원장이충환,예산결산위원장 이충환,기술,1953-12,0
예산결산위원장이충환,예산결산위원장 이충환,기술,1954-01,0
예산결산위원장이충환,예산결산위원장 이충환,기술,1954-02,10
예산결산위원장이충환,예산결산위원장 이충환,기술,1954-03,11
예산결산위원장이충환,예산결산위원장 이충환,기술,1954-04,0
예산결산위원장이충환,예산결산위원장 이충환,기술,1954-05,0
예산결산위원장이충환,예산결산위원장 이충환,기술,1954-06,0
예산결산위원장이충환,예산결산위원장 이충환,기술,1954-07,2
예산결산위원장이충환,예산결산위원장 이충환,기술,1954-08,5
예산결산위원장이충환,예산결산위원장 이충환,기술,1954-09,0
예산결산위원장이충환,예산결산위원장 이충환,기술,1954-10,9
예산결산위원장이충환,예산결산위원장 이충환,기술,1954-11,0
예산결산위원장이충환,예산결산위원장 이충환,기술,1954-12,7
예산결산위원장이충환,예산결산위원장 이충환,기술,1955-01,2
예산결산위원장이충환,예산결산위원장 이충환,기술,1955-02,0
예산결산위원장이충환,예산결산위원장 이충환,기술,1955-03,0
예산결산위원장이충환,예산결산위원장 이충환,기술,1955-04,0
예산결산위원장이충환,예산결산위원장 이충환,기술,1955-05,1
예산결산위원장이충환,예산결산위원장 이충환,기술,1955-06,26
예산결산위원장이충환,예산결산위원장 이충환,기술,1955-07,10
예산결산위원장이충환,예산결산위원장 이충환,기술,1955-09,0
예산결산위원장이충환,예산결산위원장 이충환,기술,1955-10,1
예산결산위원장이충환,예산결산위원장 이충환,기술,1955-11,2
예산결산위원장이충환,예산결산위원장 이충환,기술,1955-12,0
예산결산위원장이충환,예산결산위원장 이충환,기술,1956-01,3
예산결산위원장이충환,예산결산위원장 이충환,기술,1956-02,11
예산결산위원장이충환,예산결산위원장 이충환,기술,1956-03,0
예산결산위원장이충환,예산결산위원장 이충환,기술,1956-04,0
예산결산위원장이충환,예산결산위원장 이충환,기술,1956-05,0
예산결산위원장이충환,예산결산위원장 이충환,기술,1956-06,0
예산결산위원장이충환,예산결산위원장 이충환,기술,1956-07,0
예산결산위원장이충환,예산결산위원장 이충환,기술,1956-08,0
예산결산위원장이충환,예산결산위원장 이충환,기술,1956-09,0
예산결산위원장이충환,예산결산위원장 이충환,기술,1956-10,0
예산결산위원장이충환,예산결산위원장 이충환,기술,1956-11,0
예산결산위원장이충환,예산결산위원장 이충환,기술,1956-12,0
예산결산위원장이충환,예산결산위원장 이충환,기술,1957-01,0
예산결산위원장이충환,예산결산위원장 이충환,기술,1957-02,0
예산결산위원장이충환,예산결산위원장 이충환,기술,1957-03,0
예산결산위원장이충환,예산결산위원장 이충환,기술,1957-04,0
예산결산위원장이충환,예산결산위원장 이충환,기술,1957-05,0
예산결산위원장이충환,예산결산위원장 이충환,기술,1957-06,0
예산결산위원장이충환,예산결산위원장 이충환,기술,1957-07,0
예산결산위원장이충환,예산결산위원장 이충환,기술,1957-08,0
예산결산위원장이충환,예산결산위원장 이충환,기술,1957-09,0
예산결산위원장이충환,예산결산위원장 이충환,기술,1957-10,0
예산결산위원장이충환,예산결산위원장 이충환,기술,1957-11,0
예산결산위원장이충환,예산결산위원장 이충환,기술,1957-12,0
예산결산위원장이충환,예산결산위원장 이충환,기술,1958-01,0
예산결산위원장이충환,예산결산위원장 이충환,기술,1958-02,0
예산결산위원장이충환,예산결산위원장 이충환,기술,1958-03,0
예산결산위원장이충환,예산결산위원장 이충환,기술,1958-04,0
예산결산위원장이충환,예산결산위원장 이충환,기술,1958-05,0
예산결산위원장이충환,예산결산위원장 이충환,기술,1958-06,0
예산결산위원장이충환,예산결산위원장 이충환,기술,1958-07,0
예산결산위원장이충환,예산결산위원장 이충환,기술,1958-08,0
예산결산위원장이충환,예산결산위원장 이충환,기술,1958-09,0
예산결산위원장이충환,예산결산위원장 이충환,기술,1958-10,0
예산결산위원장이충환,예산결산위원장 이충환,기술,1958-11,0
예산결산위원장이충환,예산결산위원장 이충환,기술,1958-12,0
예산결산위원장이충환,예산결산위원장 이충환,기술,1959-05,0
예산결산위원장이충환,예산결산위원장 이충환,기술,1959-06,0
예산결산위원장이충환,예산결산위원장 이충환,기술,1959-07,0
예산결산위원장이충환,예산결산위원장 이충환,기술,1959-10,0
예산결산위원장이충환,예산결산위원장 이충환,기술,1959-11,0
예산결산위원장이충환,예산결산위원장 이충환,기술,1959-12,0
송방용위원,송방용 위원,기술,1948-08,0
송방용위원,송방용 위원,기술,1948-09,0
송방용위원,송방용 위원,기술,1948-10,0
송방용위원,송방용 위원,기술,1948-11,0
송방용위원,송방용 위원,기술,1948-12,0
송방용위원,송방용 위원,기술,1949-01,0
송방용위원,송방용 위원,기술,1949-02,0
송방용위원,송방용 위원,기술,1949-03,0
송방용위원,송방용 위원,기술,1949-04,0
송방용위원,송방용 위원,기술,1949-05,0
송방용위원,송방용 위원,기술,1949-06,0
송방용위원,송방용 위원,기술,1949-07,0
송방용위원,송방용 위원,기술,1949-08,0
송방용위원,송방용 위원,기술,1949-09,0
송방용위원,송방용 위원,기술,1949-10,0
송방용위원,송방용 위원,기술,1949-11,0
송방용위원,송방용 위원,기술,1949-12,0
송방용위원,송방용 위원,기술,1950-01,0
송방용위원,송방용 위원,기술,1950-02,0
송방용위원,송방용 위원,기술,1950-03,0
송방용위원,송방용 위원,기술,1950-04,0
송방용위원,송방용 위원,기술,1950-06,0
송방용위원,송방용 위원,기술,1950-10,0
송방용위원,송방용 위원,기술,1950-11,0
송방용위원,송방용 위원,기술,1950-12,0
송방용위원,송방용 위원,기술,1951-01,0
송방용위원,송방용 위원,기술,1951-02,0
송방용위원,송방용 위원,기술,1951-03,0
송방용위원,송방용 위원,기술,1951-04,0
송방용위원,송방용 위원,기술,1951-05,0
송방용위원,송방용 위원,기술,1951-06,0
송방용위원,송방용 위원,기술,1951-07,0
송방용위원,송방용 위원,기술,1951-08,0
송방용위원,송방용 위원,기술,1951-09,0
송방용위원,송방용 위원,기술,1951-10,0
송방용위원,송방용 위원,기술,1951-11,0
송방용위원,송방용 위원,기술,1951-12,0
송방용위원,송방용 위원,기술,1952-01,0
송방용위원,송방용 위원,기술,1952-02,0
송방용위원,송방용 위원,기술,1952-03,0
송방용위원,송방용 위원,기술,1952-04,0
송방용위원,송방용 위원,기술,1952-05,0
송방용위원,송방용 위원,기술,1952-06,0
송방용위원,송방용 위원,기술,1952-07,0
송방용위원,송방용 위원,기술,1952-08,0
송방용위원,송방용 위원,기술,1952-09,0
송방용위원,송방용 위원,기술,1952-10,0
송방용위원,송방용 위원,기술,1952-11,0
송방용위원,송방용 위원,기술,1952-12,0
송방용위원,송방용 위원,기술,1953-01,0
송방용위원,송방용 위원,기술,1953-02,0
송방용위원,송방용 위원,기술,1953-03,0
송방용위원,송방용 위원,기술,1953-04,0
송방용위원,송방용 위원,기술,1953-05,0
송방용위원,송방용 위원,기술,1953-06,0
송방용위원,송방용 위원,기술,1953-07,0
송방용위원,송방용 위원,기술,1953-08,0
송방용위원,송방용 위원,기술,1953-09,0
송방용위원,송방용 위원,기술,1953-10,0
송방용위원,송방용 위원,기술,1953-11,0
송방용위원,송방용 위원,기술,1953-12,0
송방용위원,송방용 위원,기술,1954-01,0
송방용위원,송방용 위원,기술,1954-02,0
송방용위원,송방용 위원,기술,1954-03,0
송방용위원,송방용 위원,기술,1954-04,0
송방용위원,송방용 위원,기술,1954-05,0
송방용위원,송방용 위원,기술,1954-06,0
송방용위원,송방용 위원,기술,1954-07,0
송방용위원,송방용 위원,기술,1954-08,0
송방용위원,송방용 위원,기술,1954-09,2
송방용위원,송방용 위원,기술,1954-10,3
송방용위원,송방용 위원,기술,1954-11,4
송방용위원,송방용 위원,기술,1954-12,5
송방용위원,송방용 위원,기술,1955-01,0
송방용위원,송방용 위원,기술,1955-02,0
송방용위원,송방용 위원,기술,1955-03,0
송방용위원,송방용 위원,기술,1955-04,1
송방용위원,송방용 위원,기술,1955-05,2
송방용위원,송방용 위원,기술,1955-06,8
송방용위원,송방용 위원,기술,1955-07,16
송방용위원,송방용 위원,기술,1955-09,0
송방용위원,송방용 위원,기술,1955-10,0
송방용위원,송방용 위원,기술,1955-11,0
송방용위원,송방용 위원,기술,1955-12,6
송방용위원,송방용 위원,기술,1956-01,11
송방용위원,송방용 위원,기술,1956-02,0
송방용위원,송방용 위원,기술,1956-03,0
송방용위원,송방용 위원,기술,1956-04,0
송방용위원,송방용 위원,기술,1956-05,0
송방용위원,송방용 위원,기술,1956-06,1
송방용위원,송방용 위원,기술,1956-07,4
송방용위원,송방용 위원,기술,1956-08,0
송방용위원,송방용 위원,기술,1956-09,0
송방용위원,송방용 위원,기술,1956-10,3
송방용위원,송방용 위원,기술,1956-11,0
송방용위원,송방용 위원,기술,1956-12,3
송방용위원,송방용 위원,기술,1957-01,0
송방용위원,송방용 위원,기술,1957-02,0
송방용위원,송방용 위원,기술,1957-03,3
송방용위원,송방용 위원,기술,1957-04,0
송방용위원,송방용 위원,기술,1957-05,0
송방용위원,송방용 위원,기술,1957-06,0
송방용위원,송방용 위원,기술,1957-07,0
송방용위원,송방용 위원,기술,1957-08,0
송방용위원,송방용 위원,기술,1957-09,0
송방용위원,송방용 위원,기술,1957-10,0
송방용위원,송방용 위원,기술,1957-11,0
송방용위원,송방용 위원,기술,1957-12,2
송방용위원,송방용 위원,기술,1958-01,0
송방용위원,송방용 위원,기술,1958-02,0
송방용위원,송방용 위원,기술,1958-03,0
송방용위원,송방용 위원,기술,1958-04,0
송방용위원,송방용 위원,기술,1958-05,0
송방용위원,송방용 위원,기술,1958-06,0
송방용위원,송방용 위원,기술,1958-07,0
송방용위원,송방용 위원,기술,1958-08,0
송방용위원,송방용 위원,기술,1958-09,0
송방용위원,송방용 위원,기술,1958-10,0
송방용위원,송방용 위원,기술,1958-11,0
송방용위원,송방용 위원,기술,1958-12,0
송방용위원,송방용 위원,기술,1959-05,0
송방용위원,송방용 위원,기술,1959-06,0
송방용위원,송방용 위원,기술,1959-07,0
송방용위원,송방용 위원,기술,1959-10,0
송방용위원,송방용 위원,기술,1959-11,0
송방용위원,송방용 위원,기술,1959-12,0
재정경제위원장이재형,재정경제위원장 이재형,기술,1948-08,0
재정경제위원장이재형,재정경제위원장 이재형,기술,1948-09,0
재정경제위원장이재형,재정경제위원장 이재형,기술,1948-10,0
재정경제위원장이재형,재정경제위원장 이재형,기술,1948-11,0
재정경제위원장이재형,재정경제위원장 이재형,기술,1948-12,0
재정경제위원장이재형,재정경제위원장 이재형,기술,1949-01,0
재정경제위원장이재형,재정경제위원장 이재형,기술,1949-02,0
재정경제위원장이재형,재정경제위원장 이재형,기술,1949-03,0
재정경제위원장이재형,재정경제위원장 이재형,기술,1949-04,0
재정경제위원장이재형,재정경제위원장 이재형,기술,1949-05,0
재정경제위원장이재형,재정경제위원장 이재형,기술,1949-06,0
재정경제위원장이재형,재정경제위원장 이재형,기술,1949-07,0
재정경제위원장이재형,재정경제위원장 이재형,기술,1949-08,0
재정경제위원장이재형,재정경제위원장 이재형,기술,1949-09,0
재정경제위원장이재형,재정경제위원장 이재형,기술,1949-10,0
재정경제위원장이재형,재정경제위원장 이재형,기술,1949-11,0
재정경제위원장이재형,재정경제위원장 이재형,기술,1949-12,0
재정경제위원장이재형,재정경제위원장 이재형,기술,1950-01,0
재정경제위원장이재형,재정경제위원장 이재형,기술,1950-02,0
재정경제위원장이재형,재정경제위원장 이재형,기술,1950-03,0
재정경제위원장이재형,재정경제위원장 이재형,기술,1950-04,0
재정경제위원장이재형,재정경제위원장 이재형,기술,1950-06,0
재정경제위원장이재형,재정경제위원장 이재형,기술,1950-10,0
재정경제위원장이재형,재정경제위원장 이재형,기술,1950-11,0
재정경제위원장이재형,재정경제위원장 이재형,기술,1950-12,0
재정경제위원장이재형,재정경제위원장 이재형,기술,1951-01,0
재정경제위원장이재형,재정경제위원장 이재형,기술,1951-02,0
재정경제위원장이재형,재정경제위원장 이재형,기술,1951-03,8
재정경제위원장이재형,재정경제위원장 이재형,기술,1951-04,11
재정경제위원장이재형,재정경제위원장 이재형,기술,1951-05,4
재정경제위원장이재형,재정경제위원장 이재형,기술,1951-06,4
재정경제위원장이재형,재정경제위원장 이재형,기술,1951-07,3
재정경제위원장이재형,재정경제위원장 이재형,기술,1951-08,5
재정경제위원장이재형,재정경제위원장 이재형,기술,1951-09,7
재정경제위원장이재형,재정경제위원장 이재형,기술,1951-10,4
재정경제위원장이재형,재정경제위원장 이재형,기술,1951-11,0
재정경제위원장이재형,재정경제위원장 이재형,기술,1951-12,7
재정경제위원장이재형,재정경제위원장 이재형,기술,1952-01,0
재정경제위원장이재형,재정경제위원장 이재형,기술,1952-02,0
재정경제위원장이재형,재정경제위원장 이재형,기술,1952-03,3
재정경제위원장이재형,재정경제위원장 이재형,기술,1952-04,3
재정경제위원장이재형,재정경제위원장 이재형,기술,1952-05,2
재정경제위원장이재형,재정경제위원장 이재형,기술,1952-06,0
재정경제위원장이재형,재정경제위원장 이재형,기술,1952-07,1
재정경제위원장이재형,재정경제위원장 이재형,기술,1952-08,0
재정경제위원장이재형,재정경제위원장 이재형,기술,1952-09,10
재정경제위원장이재형,재정경제위원장 이재형,기술,1952-10,3
재정경제위원장이재형,재정경제위원장 이재형,기술,1952-11,0
재정경제위원장이재형,재정경제위원장 이재형,기술,1952-12,0
재정경제위원장이재형,재정경제위원장 이재형,기술,1953-01,0
재정경제위원장이재형,재정경제위원장 이재형,기술,1953-02,0
재정경제위원장이재형,재정경제위원장 이재형,기술,1953-03,0
재정경제위원장이재형,재정경제위원장 이재형,기술,1953-04,0
재정경제위원장이재형,재정경제위원장 이재형,기술,1953-05,0
재정경제위원장이재형,재정경제위원장 이재형,기술,1953-06,0
재정경제위원장이재형,재정경제위원장 이재형,기술,1953-07,0
재정경제위원장이재형,재정경제위원장 이재형,기술,1953-08,0
재정경제위원장이재형,재정경제위원장 이재형,기술,1953-09,0
재정경제위원장이재형,재정경제위원장 이재형,기술,1953-10,0
재정경제위원장이재형,재정경제위원장 이재형,기술,1953-11,0
재정경제위원장이재형,재정경제위원장 이재형,기술,1953-12,0
재정경제위원장이재형,재정경제위원장 이재형,기술,1954-01,0
재정경제위원장이재형,재정경제위원장 이재형,기술,1954-02,0
재정경제위원장이재형,재정경제위원장 이재형,기술,1954-03,0
재정경제위원장이재형,재정경제위원장 이재형,기술,1954-04,0
재정경제위원장이재형,재정경제위원장 이재형,기술,1954-05,0
재정경제위원장이재형,재정경제위원장 이재형,기술,1954-06,0
재정경제위원장이재형,재정경제위원장 이재형,기술,1954-07,0
재정경제위원장이재형,재정경제위원장 이재형,기술,1954-08,0
재정경제위원장이재형,재정경제위원장 이재형,기술,1954-09,0
재정경제위원장이재형,재정경제위원장 이재형,기술,1954-10,0
재정경제위원장이재형,재정경제위원장 이재형,기술,1954-11,0
재정경제위원장이재형,재정경제위원장 이재형,기술,1954-12,0
재정경제위원장이재형,재정경제위원장 이재형,기술,1955-01,0
재정경제위원장이재형,재정경제위원장 이재형,기술,1955-02,0
재정경제위원장이재형,재정경제위원장 이재형,기술,1955-03,0
재정경제위원장이재형,재정경제위원장 이재형,기술,1955-04,0
재정경제위원장이재형,재정경제위원장 이재형,기술,1955-05,0
재정경제위원장이재형,재정경제위원장 이재형,기술,1955-06,0
재정경제위원장이재형,재정경제위원장 이재형,기술,1955-07,0
재정경제위원장이재형,재정경제위원장 이재형,기술,1955-09,0
재정경제위원장이재형,재정경제위원장 이재형,기술,1955-10,0
재정경제위원장이재형,재정경제위원장 이재형,기술,1955-11,0
재정경제위원장이재형,재정경제위원장 이재형,기술,1955-12,0
재정경제위원장이재형,재정경제위원장 이재형,기술,1956-01,0
재정경제위원장이재형,재정경제위원장 이재형,기술,1956-02,0
재정경제위원장이재형,재정경제위원장 이재형,기술,1956-03,0
재정경제위원장이재형,재정경제위원장 이재형,기술,1956-04,0
재정경제위원장이재형,재정경제위원장 이재형,기술,1956-05,0
재정경제위원장이재형,재정경제위원장 이재형,기술,1956-06,0
재정경제위원장이재형,재정경제위원장 이재형,기술,1956-07,0
재정경제위원장이재형,재정경제위원장 이재형,기술,1956-08,0
재정경제위원장이재형,재정경제위원장 이재형,기술,1956-09,0
재정경제위원장이재형,재정경제위원장 이재형,기술,1956-10,0
재정경제위원장이재형,재정경제위원장 이재형,기술,1956-11,0
재정경제위원장이재형,재정경제위원장 이재형,기술,1956-12,0
재정경제위원장이재형,재정경제위원장 이재형,기술,1957-01,0
재정경제위원장이재형,재정경제위원장 이재형,기술,1957-02,0
재정경제위원장이재형,재정경제위원장 이재형,기술,1957-03,0
재정경제위원장이재형,재정경제위원장 이재형,기술,1957-04,0
재정경제위원장이재형,재정경제위원장 이재형,기술,1957-05,0
재정경제위원장이재형,재정경제위원장 이재형,기술,1957-06,0
재정경제위원장이재형,재정경제위원장 이재형,기술,1957-07,0
재정경제위원장이재형,재정경제위원장 이재형,기술,1957-08,0
재정경제위원장이재형,재정경제위원장 이재형,기술,1957-09,0
재정경제위원장이재형,재정경제위원장 이재형,기술,1957-10,0
재정경제위원장이재형,재정경제위원장 이재형,기술,1957-11,0
재정경제위원장이재형,재정경제위원장 이재형,기술,1957-12,0
재정경제위원장이재형,재정경제위원장 이재형,기술,1958-01,0
재정경제위원장이재형,재정경제위원장 이재형,기술,1958-02,0
재정경제위원장이재형,재정경제위원장 이재형,기술,1958-03,0
재정경제위원장이재형,재정경제위원장 이재형,기술,1958-04,0
재정경제위원장이재형,재정경제위원장 이재형,기술,1958-05,0
재정경제위원장이재형,재정경제위원장 이재형,기술,1958-06,0
재정경제위원장이재형,재정경제위원장 이재형,기술,1958-07,0
재정경제위원장이재형,재정경제위원장 이재형,기술,1958-08,0
재정경제위원장이재형,재정경제위원장 이재형,기술,1958-09,0
재정경제위원장이재형,재정경제위원장 이재형,기술,1958-10,0
재정경제위원장이재형,재정경제위원장 이재형,기술,1958-11,0
재정경제위원장이재형,재정경제위원장 이재형,기술,1958-12,0
재정경제위원장이재형,재정경제위원장 이재형,기술,1959-05,0
재정경제위원장이재형,재정경제위원장 이재형,기술,1959-06,0
재정경제위원장이재형,재정경제위원장 이재형,기술,1959-07,0
재정경제위원장이재형,재정경제위원장 이재형,기술,1959-10,0
재정경제위원장이재형,재정경제위원장 이재형,기술,1959-11,0
재정경제위원장이재형,재정경제위원장 이재형,기술,1959-12,0
유옥우위원,유옥우 위원,기술,1948-08,0
유옥우위원,유옥우 위원,기술,1948-09,0
유옥우위원,유옥우 위원,기술,1948-10,0
유옥우위원,유옥우 위원,기술,1948-11,0
유옥우위원,유옥우 위원,기술,1948-12,0
유옥우위원,유옥우 위원,기술,1949-01,0
유옥우위원,유옥우 위원,기술,1949-02,0
유옥우위원,유옥우 위원,기술,1949-03,0
유옥우위원,유옥우 위원,기술,1949-04,0
유옥우위원,유옥우 위원,기술,1949-05,0
유옥우위원,유옥우 위원,기술,1949-06,0
유옥우위원,유옥우 위원,기술,1949-07,0
유옥우위원,유옥우 위원,기술,1949-08,0
유옥우위원,유옥우 위원,기술,1949-09,0
유옥우위원,유옥우 위원,기술,1949-10,0
유옥우위원,유옥우 위원,기술,1949-11,0
유옥우위원,유옥우 위원,기술,1949-12,0
유옥우위원,유옥우 위원,기술,1950-01,0
유옥우위원,유옥우 위원,기술,1950-02,0
유옥우위원,유옥우 위원,기술,1950-03,0
유옥우위원,유옥우 위원,기술,1950-04,0
유옥우위원,유옥우 위원,기술,1950-06,0
유옥우위원,유옥우 위원,기술,1950-10,0
유옥우위원,유옥우 위원,기술,1950-11,0
유옥우위원,유옥우 위원,기술,1950-12,0
유옥우위원,유옥우 위원,기술,1951-01,0
유옥우위원,유옥우 위원,기술,1951-02,0
유옥우위원,유옥우 위원,기술,1951-03,0
유옥우위원,유옥우 위원,기술,1951-04,0
유옥우위원,유옥우 위원,기술,1951-05,0
유옥우위원,유옥우 위원,기술,1951-06,0
유옥우위원,유옥우 위원,기술,1951-07,0
유옥우위원,유옥우 위원,기술,1951-08,0
유옥우위원,유옥우 위원,기술,1951-09,0
유옥우위원,유옥우 위원,기술,1951-10,0
유옥우위원,유옥우 위원,기술,1951-11,0
유옥우위원,유옥우 위원,기술,1951-12,0
유옥우위원,유옥우 위원,기술,1952-01,0
유옥우위원,유옥우 위원,기술,1952-02,0
유옥우위원,유옥우 위원,기술,1952-03,0
유옥우위원,유옥우 위원,기술,1952-04,0
유옥우위원,유옥우 위원,기술,1952-05,0
유옥우위원,유옥우 위원,기술,1952-06,0
유옥우위원,유옥우 위원,기술,1952-07,0
유옥우위원,유옥우 위원,기술,1952-08,0
유옥우위원,유옥우 위원,기술,1952-09,0
유옥우위원,유옥우 위원,기술,1952-10,0
유옥우위원,유옥우 위원,기술,1952-11,0
유옥우위원,유옥우 위원,기술,1952-12,0
유옥우위원,유옥우 위원,기술,1953-01,0
유옥우위원,유옥우 위원,기술,1953-02,0
유옥우위원,유옥우 위원,기술,1953-03,0
유옥우위원,유옥우 위원,기술,1953-04,0
유옥우위원,유옥우 위원,기술,1953-05,0
유옥우위원,유옥우 위원,기술,1953-06,0
유옥우위원,유옥우 위원,기술,1953-07,0
유옥우위원,유옥우 위원,기술,1953-08,0
유옥우위원,유옥우 위원,기술,1953-09,0
유옥우위원,유옥우 위원,기술,1953-10,0
유옥우위원,유옥우 위원,기술,1953-11,0
유옥우위원,유옥우 위원,기술,1953-12,0
유옥우위원,유옥우 위원,기술,1954-01,0
유옥우위원,유옥우 위원,기술,1954-02,0
유옥우위원,유옥우 위원,기술,1954-03,0
유옥우위원,유옥우 위원,기술,1954-04,0
유옥우위원,유옥우 위원,기술,1954-05,0
유옥우위원,유옥우 위원,기술,1954-06,0
유옥우위원,유옥우 위원,기술,1954-07,0
유옥우위원,유옥우 위원,기술,1954-08,0
유옥우위원,유옥우 위원,기술,1954-09,1
유옥우위원,유옥우 위원,기술,1954-10,0
유옥우위원,유옥우 위원,기술,1954-11,0
유옥우위원,유옥우 위원,기술,1954-12,0
유옥우위원,유옥우 위원,기술,1955-01,0
유옥우위원,유옥우 위원,기술,1955-02,0
유옥우위원,유옥우 위원,기술,1955-03,0
유옥우위원,유옥우 위원,기술,1955-04,0
유옥우위원,유옥우 위원,기술,1955-05,5
유옥우위원,유옥우 위원,기술,1955-06,6
유옥우위원,유옥우 위원,기술,1955-07,6
유옥우위원,유옥우 위원,기술,1955-09,0
유옥우위원,유옥우 위원,기술,1955-10,0
유옥우위원,유옥우 위원,기술,1955-11,1
유옥우위원,유옥우 위원,기술,1955-12,1
유옥우위원,유옥우 위원,기술,1956-01,1
유옥우위원,유옥우 위원,기술,1956-02,2
유옥우위원,유옥우 위원,기술,1956-03,0
유옥우위원,유옥우 위원,기술,1956-04,0
유옥우위원,유옥우 위원,기술,1956-05,0
유옥우위원,유옥우 위원,기술,1956-06,1
유옥우위원,유옥우 위원,기술,1956-07,9
유옥우위원,유옥우 위원,기술,1956-08,0
유옥우위원,유옥우 위원,기술,1956-09,0
유옥우위원,유옥우 위원,기술,1956-10,0
유옥우위원,유옥우 위원,기술,1956-11,0
유옥우위원,유옥우 위원,기술,1956-12,13
유옥우위원,유옥우 위원,기술,1957-01,0
유옥우위원,유옥우 위원,기술,1957-02,0
유옥우위원,유옥우 위원,기술,1957-03,11
유옥우위원,유옥우 위원,기술,1957-04,0
유옥우위원,유옥우 위원,기술,1957-05,0
유옥우위원,유옥우 위원,기술,1957-06,0
유옥우위원,유옥우 위원,기술,1957-07,0
유옥우위원,유옥우 위원,기술,1957-08,0
유옥우위원,유옥우 위원,기술,1957-09,0
유옥우위원,유옥우 위원,기술,1957-10,2
유옥우위원,유옥우 위원,기술,1957-11,0
유옥우위원,유옥우 위원,기술,1957-12,0
유옥우위원,유옥우 위원,기술,1958-01,0
유옥우위원,유옥우 위원,기술,1958-02,0
유옥우위원,유옥우 위원,기술,1958-03,0
유옥우위원,유옥우 위원,기술,1958-04,0
유옥우위원,유옥우 위원,기술,1958-05,0
유옥우위원,유옥우 위원,기술,1958-06,0
유옥우위원,유옥우 위원,기술,1958-07,17
유옥우위원,유옥우 위원,기술,1958-08,12
유옥우위원,유옥우 위원,기술,1958-09,2
유옥우위원,유옥우 위원,기술,1958-10,0
유옥우위원,유옥우 위원,기술,1958-11,8
유옥우위원,유옥우 위원,기술,1958-12,9
유옥우위원,유옥우 위원,기술,1959-05,1
유옥우위원,유옥우 위원,기술,1959-06,17
유옥우위원,유옥우 위원,기술,1959-07,0
유옥우위원,유옥우 위원,기술,1959-10,0
유옥우위원,유옥우 위원,기술,1959-11,14
유옥우위원,유옥우 위원,기술,1959-12,0
박영종의원,박영종 의원,기술,1948-08,0
박영종의원,박영종 의원,기술,1948-09,0
박영종의원,박영종 의원,기술,1948-10,0
박영종의원,박영종 의원,기술,1948-11,0
박영종의원,박영종 의원,기술,1948-12,0
박영종의원,박영종 의원,기술,1949-01,0
박영종의원,박영종 의원,기술,1949-02,0
박영종의원,박영종 의원,기술,1949-03,0
박영종의원,박영종 의원,기술,1949-04,0
박영종의원,박영종 의원,기술,1949-05,0
박영종의원,박영종 의원,기술,1949-06,0
박영종의원,박영종 의원,기술,1949-07,0
박영종의원,박영종 의원,기술,1949-08,0
박영종의원,박영종 의원,기술,1949-09,0
박영종의원,박영종 의원,기술,1949-10,0
박영종의원,박영종 의원,기술,1949-11,0
박영종의원,박영종 의원,기술,1949-12,0
박영종의원,박영종 의원,기술,1950-01,0
박영종의원,박영종 의원,기술,1950-02,0
박영종의원,박영종 의원,기술,1950-03,0
박영종의원,박영종 의원,기술,1950-04,0
박영종의원,박영종 의원,기술,1950-06,0
박영종의원,박영종 의원,기술,1950-10,0
박영종의원,박영종 의원,기술,1950-11,0
박영종의원,박영종 의원,기술,1950-12,0
박영종의원,박영종 의원,기술,1951-01,0
박영종의원,박영종 의원,기술,1951-02,0
박영종의원,박영종 의원,기술,1951-03,0
박영종의원,박영종 의원,기술,1951-04,0
박영종의원,박영종 의원,기술,1951-05,0
박영종의원,박영종 의원,기술,1951-06,0
박영종의원,박영종 의원,기술,1951-07,0
박영종의원,박영종 의원,기술,1951-08,0
박영종의원,박영종 의원,기술,1951-09,0
박영종의원,박영종 의원,기술,1951-10,0
박영종의원,박영종 의원,기술,1951-11,0
박영종의원,박영종 의원,기술,1951-12,0
박영종의원,박영종 의원,기술,1952-01,0
박영종의원,박영종 의원,기술,1952-02,0
박영종의원,박영종 의원,기술,1952-03,0
박영종의원,박영종 의원,기술,1952-04,0
박영종의원,박영종 의원,기술,1952-05,0
박영종의원,박영종 의원,기술,1952-06,0
박영종의원,박영종 의원,기술,1952-07,0
박영종의원,박영종 의원,기술,1952-08,0
박영종의원,박영종 의원,기술,1952-09,0
박영종의원,박영종 의원,기술,1952-10,0
박영종의원,박영종 의원,기술,1952-11,0
박영종의원,박영종 의원,기술,1952-12,0
박영종의원,박영종 의원,기술,1953-01,0
박영종의원,박영종 의원,기술,1953-02,0
박영종의원,박영종 의원,기술,1953-03,0
박영종의원,박영종 의원,기술,1953-04,0
박영종의원,박영종 의원,기술,1953-05,0
박영종의원,박영종 의원,기술,1953-06,0
박영종의원,박영종 의원,기술,1953-07,0
박영종의원,박영종 의원,기술,1953-08,0
박영종의원,박영종 의원,기술,1953-09,0
박영종의원,박영종 의원,기술,1953-10,0
박영종의원,박영종 의원,기술,1953-11,0
박영종의원,박영종 의원,기술,1953-12,0
박영종의원,박영종 의원,기술,1954-01,0
박영종의원,박영종 의원,기술,1954-02,0
박영종의원,박영종 의원,기술,1954-03,0
박영종의원,박영종 의원,기술,1954-04,0
박영종의원,박영종 의원,기술,1954-05,0
박영종의원,박영종 의원,기술,1954-06,0
박영종의원,박영종 의원,기술,1954-07,1
박영종의원,박영종 의원,기술,1954-08,1
박영종의원,박영종 의원,기술,1954-09,3
박영종의원,박영종 의원,기술,1954-10,2
박영종의원,박영종 의원,기술,1954-11,1
박영종의원,박영종 의원,기술,1954-12,3
박영종의원,박영종 의원,기술,1955-01,2
박영종의원,박영종 의원,기술,1955-02,0
박영종의원,박영종 의원,기술,1955-03,2
박영종의원,박영종 의원,기술,1955-04,5
박영종의원,박영종 의원,기술,1955-05,4
박영종의원,박영종 의원,기술,1955-06,4
박영종의원,박영종 의원,기술,1955-07,6
박영종의원,박영종 의원,기술,1955-09,0
박영종의원,박영종 의원,기술,1955-10,1
박영종의원,박영종 의원,기술,1955-11,3
박영종의원,박영종 의원,기술,1955-12,1
박영종의원,박영종 의원,기술,1956-01,4
박영종의원,박영종 의원,기술,1956-02,4
박영종의원,박영종 의원,기술,1956-03,1
박영종의원,박영종 의원,기술,1956-04,0
박영종의원,박영종 의원,기술,1956-05,3
박영종의원,박영종 의원,기술,1956-06,2
박영종의원,박영종 의원,기술,1956-07,3
박영종의원,박영종 의원,기술,1956-08,1
박영종의원,박영종 의원,기술,1956-09,1
박영종의원,박영종 의원,기술,1956-10,3
박영종의원,박영종 의원,기술,1956-11,0
박영종의원,박영종 의원,기술,1956-12,0
박영종의원,박영종 의원,기술,1957-01,0
박영종의원,박영종 의원,기술,1957-02,0
박영종의원,박영종 의원,기술,1957-03,4
박영종의원,박영종 의원,기술,1957-04,2
박영종의원,박영종 의원,기술,1957-05,0
박영종의원,박영종 의원,기술,1957-06,7
박영종의원,박영종 의원,기술,1957-07,11
박영종의원,박영종 의원,기술,1957-08,0
박영종의원,박영종 의원,기술,1957-09,1
박영종의원,박영종 의원,기술,1957-10,1
박영종의원,박영종 의원,기술,1957-11,3
박영종의원,박영종 의원,기술,1957-12,8
박영종의원,박영종 의원,기술,1958-01,0
박영종의원,박영종 의원,기술,1958-02,7
박영종의원,박영종 의원,기술,1958-03,0
박영종의원,박영종 의원,기술,1958-04,0
박영종의원,박영종 의원,기술,1958-05,0
박영종의원,박영종 의원,기술,1958-06,0
박영종의원,박영종 의원,기술,1958-07,0
박영종의원,박영종 의원,기술,1958-08,0
박영종의원,박영종 의원,기술,1958-09,0
박영종의원,박영종 의원,기술,1958-10,0
박영종의원,박영종 의원,기술,1958-11,0
박영종의원,박영종 의원,기술,1958-12,0
박영종의원,박영종 의원,기술,1959-05,0
박영종의원,박영종 의원,기술,1959-06,0
박영종의원,박영종 의원,기술,1959-07,0
박영종의원,박영종 의원,기술,1959-10,0
박영종의원,박영종 의원,기술,1959-11,0
박영종의원,박영종 의원,기술,1959-12,0
의장신익희,의장 신익희,소득,1948-08,1
의장신익희,의장 신익희,소득,1948-09,1
의장신익희,의장 신익희,소득,1948-10,1
의장신익희,의장 신익희,소득,1948-11,4
의장신익희,의장 신익희,소득,1948-12,5
의장신익희,의장 신익희,소득,1949-01,14
의장신익희,의장 신익희,소득,1949-02,5
의장신익희,의장 신익희,소득,1949-03,39
의장신익희,의장 신익희,소득,1949-04,20
의장신익희,의장 신익희,소득,1949-05,4
의장신익희,의장 신익희,소득,1949-06,5
의장신익희,의장 신익희,소득,1949-07,12
의장신익희,의장 신익희,소득,1949-08,1
의장신익희,의장 신익희,소득,1949-09,7
의장신익희,의장 신익희,소득,1949-10,4
의장신익희,의장 신익희,소득,1949-11,15
의장신익희,의장 신익희,소득,1949-12,16
의장신익희,의장 신익희,소득,1950-01,9
의장신익희,의장 신익희,소득,1950-02,17
의장신익희,의장 신익희,소득,1950-03,2
의장신익희,의장 신익희,소득,1950-04,15
의장신익희,의장 신익희,소득,1950-06,2
의장신익희,의장 신익희,소득,1950-10,1
의장신익희,의장 신익희,소득,1950-11,38
의장신익희,의장 신익희,소득,1950-12,4
의장신익희,의장 신익희,소득,1951-01,3
의장신익희,의장 신익희,소득,1951-02,0
의장신익희,의장 신익희,소득,1951-03,15
의장신익희,의장 신익희,소득,1951-04,30
의장신익희,의장 신익희,소득,1951-05,1
의장신익희,의장 신익희,소득,1951-06,3
의장신익희,의장 신익희,소득,1951-07,8
의장신익희,의장 신익희,소득,1951-08,4
의장신익희,의장 신익희,소득,1951-09,7
의장신익희,의장 신익희,소득,1951-10,4
의장신익희,의장 신익희,소득,1951-11,8
의장신익희,의장 신익희,소득,1951-12,9
의장신익희,의장 신익희,소득,1952-01,6
의장신익희,의장 신익희,소득,1952-02,4
의장신익희,의장 신익희,소득,1952-03,8
의장신익희,의장 신익희,소득,1952-04,15
의장신익희,의장 신익희,소득,1952-05,7
의장신익희,의장 신익희,소득,1952-06,0
의장신익희,의장 신익희,소득,1952-07,3
의장신익희,의장 신익희,소득,1952-08,3
의장신익희,의장 신익희,소득,1952-09,15
의장신익희,의장 신익희,소득,1952-10,2
의장신익희,의장 신익희,소득,1952-11,9
의장신익희,의장 신익희,소득,1952-12,1
의장신익희,의장 신익희,소득,1953-01,1
의장신익희,의장 신익희,소득,1953-02,11
의장신익희,의장 신익희,소득,1953-03,19
의장신익희,의장 신익희,소득,1953-04,1
의장신익희,의장 신익희,소득,1953-05,0
의장신익희,의장 신익희,소득,1953-06,0
의장신익희,의장 신익희,소득,1953-07,0
의장신익희,의장 신익희,소득,1953-08,0
의장신익희,의장 신익희,소득,1953-09,0
의장신익희,의장 신익희,소득,1953-10,1
의장신익희,의장 신익희,소득,1953-11,16
의장신익희,의장 신익희,소득,1953-12,1
의장신익희,의장 신익희,소득,1954-01,9
의장신익희,의장 신익희,소득,1954-02,4
의장신익희,의장 신익희,소득,1954-03,23
의장신익희,의장 신익희,소득,1954-04,0
의장신익희,의장 신익희,소득,1954-05,0
의장신익희,의장 신익희,소득,1954-06,0
의장신익희,의장 신익희,소득,1954-07,0
의장신익희,의장 신익희,소득,1954-08,0
의장신익희,의장 신익희,소득,1954-09,0
의장신익희,의장 신익희,소득,1954-10,0
의장신익희,의장 신익희,소득,1954-11,0
의장신익희,의장 신익희,소득,1954-12,0
의장신익희,의장 신익희,소득,1955-01,0
의장신익희,의장 신익희,소득,1955-02,0
의장신익희,의장 신익희,소득,1955-03,0
의장신익희,의장 신익희,소득,1955-04,0
의장신익희,의장 신익희,소득,1955-05,0
의장신익희,의장 신익희,소득,1955-06,0
의장신익희,의장 신익희,소득,1955-07,0
의장신익희,의장 신익희,소득,1955-09,0
의장신익희,의장 신익희,소득,1955-10,0
의장신익희,의장 신익희,소득,1955-11,0
의장신익희,의장 신익희,소득,1955-12,0
의장신익희,의장 신익희,소득,1956-01,0
의장신익희,의장 신익희,소득,1956-02,0
의장신익희,의장 신익희,소득,1956-03,0
의장신익희,의장 신익희,소득,1956-04,0
의장신익희,의장 신익희,소득,1956-05,0
의장신익희,의장 신익희,소득,1956-06,0
의장신익희,의장 신익희,소득,1956-07,0
의장신익희,의장 신익희,소득,1956-08,0
의장신익희,의장 신익희,소득,1956-09,0
의장신익희,의장 신익희,소득,1956-10,0
의장신익희,의장 신익희,소득,1956-11,0
의장신익희,의장 신익희,소득,1956-12,0
의장신익희,의장 신익희,소득,1957-01,0
의장신익희,의장 신익희,소득,1957-02,0
의장신익희,의장 신익희,소득,1957-03,0
의장신익희,의장 신익희,소득,1957-04,0
의장신익희,의장 신익희,소득,1957-05,0
의장신익희,의장 신익희,소득,1957-06,0
의장신익희,의장 신익희,소득,1957-07,0
의장신익희,의장 신익희,소득,1957-08,0
의장신익희,의장 신익희,소득,1957-09,0
의장신익희,의장 신익희,소득,1957-10,0
의장신익희,의장 신익희,소득,1957-11,0
의장신익희,의장 신익희,소득,1957-12,0
의장신익희,의장 신익희,소득,1958-01,0
의장신익희,의장 신익희,소득,1958-02,0
의장신익희,의장 신익희,소득,1958-03,0
의장신익희,의장 신익희,소득,1958-04,0
의장신익희,의장 신익희,소득,1958-05,0
의장신익희,의장 신익희,소득,1958-06,0
의장신익희,의장 신익희,소득,1958-07,0
의장신익희,의장 신익희,소득,1958-08,0
의장신익희,의장 신익희,소득,1958-09,0
의장신익희,의장 신익희,소득,1958-10,0
의장신익희,의장 신익희,소득,1958-11,0
의장신익희,의장 신익희,소득,1958-12,0
의장신익희,의장 신익희,소득,1959-05,0
의장신익희,의장 신익희,소득,1959-06,0
의장신익희,의장 신익희,소득,1959-07,0
의장신익희,의장 신익희,소득,1959-10,0
의장신익희,의장 신익희,소득,1959-11,0
의장신익희,의장 신익희,소득,1959-12,0
위원장이충환,위원장 이충환,소득,1948-08,0
위원장이충환,위원장 이충환,소득,1948-09,0
위원장이충환,위원장 이충환,소득,1948-10,0
위원장이충환,위원장 이충환,소득,1948-11,0
위원장이충환,위원장 이충환,소득,1948-12,0
위원장이충환,위원장 이충환,소득,1949-01,0
위원장이충환,위원장 이충환,소득,1949-02,0
위원장이충환,위원장 이충환,소득,1949-03,0
위원장이충환,위원장 이충환,소득,1949-04,0
위원장이충환,위원장 이충환,소득,1949-05,0
위원장이충환,위원장 이충환,소득,1949-06,0
위원장이충환,위원장 이충환,소득,1949-07,0
위원장이충환,위원장 이충환,소득,1949-08,0
위원장이충환,위원장 이충환,소득,1949-09,0
위원장이충환,위원장 이충환,소득,1949-10,0
위원장이충환,위원장 이충환,소득,1949-11,0
위원장이충환,위원장 이충환,소득,1949-12,0
위원장이충환,위원장 이충환,소득,1950-01,0
위원장이충환,위원장 이충환,소득,1950-02,0
위원장이충환,위원장 이충환,소득,1950-03,0
위원장이충환,위원장 이충환,소득,1950-04,0
위원장이충환,위원장 이충환,소득,1950-06,0
위원장이충환,위원장 이충환,소득,1950-10,0
위원장이충환,위원장 이충환,소득,1950-11,0
위원장이충환,위원장 이충환,소득,1950-12,0
위원장이충환,위원장 이충환,소득,1951-01,0
위원장이충환,위원장 이충환,소득,1951-02,0
위원장이충환,위원장 이충환,소득,1951-03,0
위원장이충환,위원장 이충환,소득,1951-04,0
위원장이충환,위원장 이충환,소득,1951-05,0
위원장이충환,위원장 이충환,소득,1951-06,0
위원장이충환,위원장 이충환,소득,1951-07,0
위원장이충환,위원장 이충환,소득,1951-08,0
위원장이충환,위원장 이충환,소득,1951-09,0
위원장이충환,위원장 이충환,소득,1951-10,0
위원장이충환,위원장 이충환,소득,1951-11,0
위원장이충환,위원장 이충환,소득,1951-12,0
위원장이충환,위원장 이충환,소득,1952-01,0
위원장이충환,위원장 이충환,소득,1952-02,0
위원장이충환,위원장 이충환,소득,1952-03,0
위원장이충환,위원장 이충환,소득,1952-04,0
위원장이충환,위원장 이충환,소득,1952-05,0
위원장이충환,위원장 이충환,소득,1952-06,0
위원장이충환,위원장 이충환,소득,1952-07,0
위원장이충환,위원장 이충환,소득,1952-08,0
위원장이충환,위원장 이충환,소득,1952-09,0
위원장이충환,위원장 이충환,소득,1952-10,0
위원장이충환,위원장 이충환,소득,1952-11,0
위원장이충환,위원장 이충환,소득,1952-12,0
위원장이충환,위원장 이충환,소득,1953-01,0
위원장이충환,위원장 이충환,소득,1953-02,0
위원장이충환,위원장 이충환,소득,1953-03,0
위원장이충환,위원장 이충환,소득,1953-04,0
위원장이충환,위원장 이충환,소득,1953-05,0
위원장이충환,위원장 이충환,소득,1953-06,0
위원장이충환,위원장 이충환,소득,1953-07,0
위원장이충환,위원장 이충환,소득,1953-08,0
위원장이충환,위원장 이충환,소득,1953-09,0
위원장이충환,위원장 이충환,소득,1953-10,0
위원장이충환,위원장 이충환,소득,1953-11,0
위원장이충환,위원장 이충환,소득,1953-12,0
위원장이충환,위원장 이충환,소득,1954-01,0
위원장이충환,위원장 이충환,소득,1954-02,0
위원장이충환,위원장 이충환,소득,1954-03,0
위원장이충환,위원장 이충환,소득,1954-04,0
위원장이충환,위원장 이충환,소득,1954-05,0
위원장이충환,위원장 이충환,소득,1954-06,0
위원장이충환,위원장 이충환,소득,1954-07,0
위원장이충환,위원장 이충환,소득,1954-08,0
위원장이충환,위원장 이충환,소득,1954-09,10
위원장이충환,위원장 이충환,소득,1954-10,12
위원장이충환,위원장 이충환,소득,1954-11,4
위원장이충환,위원장 이충환,소득,1954-12,8
위원장이충환,위원장 이충환,소득,1955-01,2
위원장이충환,위원장 이충환,소득,1955-02,0
위원장이충환,위원장 이충환,소득,1955-03,11
위원장이충환,위원장 이충환,소득,1955-04,13
위원장이충환,위원장 이충환,소득,1955-05,96
위원장이충환,위원장 이충환,소득,1955-06,111
위원장이충환,위원장 이충환,소득,1955-07,147
위원장이충환,위원장 이충환,소득,1955-09,14
위원장이충환,위원장 이충환,소득,1955-10,0
위원장이충환,위원장 이충환,소득,1955-11,25
위원장이충환,위원장 이충환,소득,1955-12,18
위원장이충환,위원장 이충환,소득,1956-01,56
위원장이충환,위원장 이충환,소득,1956-02,56
위원장이충환,위원장 이충환,소득,1956-03,0
위원장이충환,위원장 이충환,소득,1956-04,0
위원장이충환,위원장 이충환,소득,1956-05,0
위원장이충환,위원장 이충환,소득,1956-06,0
위원장이충환,위원장 이충환,소득,1956-07,0
위원장이충환,위원장 이충환,소득,1956-08,0
위원장이충환,위원장 이충환,소득,1956-09,0
위원장이충환,위원장 이충환,소득,1956-10,0
위원장이충환,위원장 이충환,소득,1956-11,0
위원장이충환,위원장 이충환,소득,1956-12,0
위원장이충환,위원장 이충환,소득,1957-01,0
위원장이충환,위원장 이충환,소득,1957-02,0
위원장이충환,위원장 이충환,소득,1957-03,0
위원장이충환,위원장 이충환,소득,1957-04,0
위원장이충환,위원장 이충환,소득,1957-05,0
위원장이충환,위원장 이충환,소득,1957-06,0
위원장이충환,위원장 이충환,소득,1957-07,0
위원장이충환,위원장 이충환,소득,1957-08,0
위원장이충환,위원장 이충환,소득,1957-09,0
위원장이충환,위원장 이충환,소득,1957-10,0
위원장이충환,위원장 이충환,소득,1957-11,0
위원장이충환,위원장 이충환,소득,1957-12,0
위원장이충환,위원장 이충환,소득,1958-01,0
위원장이충환,위원장 이충환,소득,1958-02,0
위원장이충환,위원장 이충환,소득,1958-03,0
위원장이충환,위원장 이충환,소득,1958-04,0
위원장이충환,위원장 이충환,소득,1958-05,0
위원장이충환,위원장 이충환,소득,1958-06,0
위원장이충환,위원장 이충환,소득,1958-07,0
위원장이충환,위원장 이충환,소득,1958-08,0
위원장이충환,위원장 이충환,소득,1958-09,0
위원장이충환,위원장 이충환,소득,1958-10,0
위원장이충환,위원장 이충환,소득,1958-11,0
위원장이충환,위원장 이충환,소득,1958-12,0
위원장이충환,위원장 이충환,소득,1959-05,0
위원장이충환,위원장 이충환,소득,1959-06,0
위원장이충환,위원장 이충환,소득,1959-07,0
위원장이충환,위원장 이충환,소득,1959-10,0
위원장이충환,위원장 이충환,소득,1959-11,0
위원장이충환,위원장 이충환,소득,1959-12,0
이철승위원,이철승 위원,소득,1948-08,0
이철승위원,이철승 위원,소득,1948-09,0
이철승위원,이철승 위원,소득,1948-10,0
이철승위원,이철승 위원,소득,1948-11,0
이철승위원,이철승 위원,소득,1948-12,0
이철승위원,이철승 위원,소득,1949-01,0
이철승위원,이철승 위원,소득,1949-02,0
이철승위원,이철승 위원,소득,1949-03,0
이철승위원,이철승 위원,소득,1949-04,0
이철승위원,이철승 위원,소득,1949-05,0
이철승위원,이철승 위원,소득,1949-06,0
이철승위원,이철승 위원,소득,1949-07,0
이철승위원,이철승 위원,소득,1949-08,0
이철승위원,이철승 위원,소득,1949-09,0
이철승위원,이철승 위원,소득,1949-10,0
이철승위원,이철승 위원,소득,1949-11,0
이철승위원,이철승 위원,소득,1949-12,0
이철승위원,이철승 위원,소득,1950-01,0
이철승위원,이철승 위원,소득,1950-02,0
이철승위원,이철승 위원,소득,1950-03,0
이철승위원,이철승 위원,소득,1950-04,0
이철승위원,이철승 위원,소득,1950-06,0
이철승위원,이철승 위원,소득,1950-10,0
이철승위원,이철승 위원,소득,1950-11,0
이철승위원,이철승 위원,소득,1950-12,0
이철승위원,이철승 위원,소득,1951-01,0
이철승위원,이철승 위원,소득,1951-02,0
이철승위원,이철승 위원,소득,1951-03,0
이철승위원,이철승 위원,소득,1951-04,0
이철승위원,이철승 위원,소득,1951-05,0
이철승위원,이철승 위원,소득,1951-06,0
이철승위원,이철승 위원,소득,1951-07,0
이철승위원,이철승 위원,소득,1951-08,0
이철승위원,이철승 위원,소득,1951-09,0
이철승위원,이철승 위원,소득,1951-10,0
이철승위원,이철승 위원,소득,1951-11,0
이철승위원,이철승 위원,소득,1951-12,0
이철승위원,이철승 위원,소득,1952-01,0
이철승위원,이철승 위원,소득,1952-02,0
이철승위원,이철승 위원,소득,1952-03,0
이철승위원,이철승 위원,소득,1952-04,0
이철승위원,이철승 위원,소득,1952-05,0
이철승위원,이철승 위원,소득,1952-06,0
이철승위원,이철승 위원,소득,1952-07,0
이철승위원,이철승 위원,소득,1952-08,0
이철승위원,이철승 위원,소득,1952-09,0
이철승위원,이철승 위원,소득,1952-10,0
이철승위원,이철승 위원,소득,1952-11,0
이철승위원,이철승 위원,소득,1952-12,0
이철승위원,이철승 위원,소득,1953-01,0
이철승위원,이철승 위원,소득,1953-02,0
이철승위원,이철승 위원,소득,1953-03,0
이철승위원,이철승 위원,소득,1953-04,0
이철승위원,이철승 위원,소득,1953-05,0
이철승위원,이철승 위원,소득,1953-06,0
이철승위원,이철승 위원,소득,1953-07,0
이철승위원,이철승 위원,소득,1953-08,0
이철승위원,이철승 위원,소득,1953-09,0
이철승위원,이철승 위원,소득,1953-10,0
이철승위원,이철승 위원,소득,1953-11,0
이철승위원,이철승 위원,소득,1953-12,0
이철승위원,이철승 위원,소득,1954-01,0
이철승위원,이철승 위원,소득,1954-02,0
이철승위원,이철승 위원,소득,1954-03,0
이철승위원,이철승 위원,소득,1954-04,0
이철승위원,이철승 위원,소득,1954-05,0
이철승위원,이철승 위원,소득,1954-06,0
이철승위원,이철승 위원,소득,1954-07,0
이철승위원,이철승 위원,소득,1954-08,0
이철승위원,이철승 위원,소득,1954-09,3
이철승위원,이철승 위원,소득,1954-10,26
이철승위원,이철승 위원,소득,1954-11,1
이철승위원,이철승 위원,소득,1954-12,3
이철승위원,이철승 위원,소득,1955-01,1
이철승위원,이철승 위원,소득,1955-02,0
이철승위원,이철승 위원,소득,1955-03,0
이철승위원,이철승 위원,소득,1955-04,0
이철승위원,이철승 위원,소득,1955-05,14
이철승위원,이철승 위원,소득,1955-06,35
이철승위원,이철승 위원,소득,1955-07,33
이철승위원,이철승 위원,소득,1955-09,0
이철승위원,이철승 위원,소득,1955-10,0
이철승위원,이철승 위원,소득,1955-11,0
이철승위원,이철승 위원,소득,1955-12,6
이철승위원,이철승 위원,소득,1956-01,7
이철승위원,이철승 위원,소득,1956-02,9
이철승위원,이철승 위원,소득,1956-03,0
이철승위원,이철승 위원,소득,1956-04,0
이철승위원,이철승 위원,소득,1956-05,0
이철승위원,이철승 위원,소득,1956-06,0
이철승위원,이철승 위원,소득,1956-07,0
이철승위원,이철승 위원,소득,1956-08,0
이철승위원,이철승 위원,소득,1956-09,0
이철승위원,이철승 위원,소득,1956-10,0
이철승위원,이철승 위원,소득,1956-11,0
이철승위원,이철승 위원,소득,1956-12,0
이철승위원,이철승 위원,소득,1957-01,0
이철승위원,이철승 위원,소득,1957-02,0
이철승위원,이철승 위원,소득,1957-03,0
이철승위원,이철승 위원,소득,1957-04,0
이철승위원,이철승 위원,소득,1957-05,0
이철승위원,이철승 위원,소득,1957-06,0
이철승위원,이철승 위원,소득,1957-07,0
이철승위원,이철승 위원,소득,1957-08,0
이철승위원,이철승 위원,소득,1957-09,1
이철승위원,이철승 위원,소득,1957-10,11
이철승위원,이철승 위원,소득,1957-11,0
이철승위원,이철승 위원,소득,1957-12,57
이철승위원,이철승 위원,소득,1958-01,0
이철승위원,이철승 위원,소득,1958-02,0
이철승위원,이철승 위원,소득,1958-03,0
이철승위원,이철승 위원,소득,1958-04,0
이철승위원,이철승 위원,소득,1958-05,0
이철승위원,이철승 위원,소득,1958-06,1
이철승위원,이철승 위원,소득,1958-07,45
이철승위원,이철승 위원,소득,1958-08,48
이철승위원,이철승 위원,소득,1958-09,0
이철승위원,이철승 위원,소득,1958-10,20
이철승위원,이철승 위원,소득,1958-11,43
이철승위원,이철승 위원,소득,1958-12,11
이철승위원,이철승 위원,소득,1959-05,0
이철승위원,이철승 위원,소득,1959-06,4
이철승위원,이철승 위원,소득,1959-07,1
이철승위원,이철승 위원,소득,1959-10,6
이철승위원,이철승 위원,소득,1959-11,44
이철승위원,이철승 위원,소득,1959-12,5
의사국장서상준,의사국장 서상준,소득,1948-08,0
의사국장서상준,의사국장 서상준,소득,1948-09,0
의사국장서상준,의사국장 서상준,소득,1948-10,0
의사국장서상준,의사국장 서상준,소득,1948-11,0
의사국장서상준,의사국장 서상준,소득,1948-12,0
의사국장서상준,의사국장 서상준,소득,1949-01,0
의사국장서상준,의사국장 서상준,소득,1949-02,0
의사국장서상준,의사국장 서상준,소득,1949-03,0
의사국장서상준,의사국장 서상준,소득,1949-04,0
의사국장서상준,의사국장 서상준,소득,1949-05,0
의사국장서상준,의사국장 서상준,소득,1949-06,0
의사국장서상준,의사국장 서상준,소득,1949-07,0
의사국장서상준,의사국장 서상준,소득,1949-08,0
의사국장서상준,의사국장 서상준,소득,1949-09,0
의사국장서상준,의사국장 서상준,소득,1949-10,0
의사국장서상준,의사국장 서상준,소득,1949-11,0
의사국장서상준,의사국장 서상준,소득,1949-12,0
의사국장서상준,의사국장 서상준,소득,1950-01,0
의사국장서상준,의사국장 서상준,소득,1950-02,0
의사국장서상준,의사국장 서상준,소득,1950-03,0
의사국장서상준,의사국장 서상준,소득,1950-04,0
의사국장서상준,의사국장 서상준,소득,1950-06,0
의사국장서상준,의사국장 서상준,소득,1950-10,0
의사국장서상준,의사국장 서상준,소득,1950-11,0
의사국장서상준,의사국장 서상준,소득,1950-12,0
의사국장서상준,의사국장 서상준,소득,1951-01,0
의사국장서상준,의사국장 서상준,소득,1951-02,2
의사국장서상준,의사국장 서상준,소득,1951-03,9
의사국장서상준,의사국장 서상준,소득,1951-04,10
의사국장서상준,의사국장 서상준,소득,1951-05,12
의사국장서상준,의사국장 서상준,소득,1951-06,3
의사국장서상준,의사국장 서상준,소득,1951-07,8
의사국장서상준,의사국장 서상준,소득,1951-08,6
의사국장서상준,의사국장 서상준,소득,1951-09,8
의사국장서상준,의사국장 서상준,소득,1951-10,8
의사국장서상준,의사국장 서상준,소득,1951-11,12
의사국장서상준,의사국장 서상준,소득,1951-12,7
의사국장서상준,의사국장 서상준,소득,1952-01,1
의사국장서상준,의사국장 서상준,소득,1952-02,2
의사국장서상준,의사국장 서상준,소득,1952-03,10
의사국장서상준,의사국장 서상준,소득,1952-04,5
의사국장서상준,의사국장 서상준,소득,1952-05,3
의사국장서상준,의사국장 서상준,소득,1952-06,2
의사국장서상준,의사국장 서상준,소득,1952-07,6
의사국장서상준,의사국장 서상준,소득,1952-08,3
의사국장서상준,의사국장 서상준,소득,1952-09,5
의사국장서상준,의사국장 서상준,소득,1952-10,2
의사국장서상준,의사국장 서상준,소득,1952-11,14
의사국장서상준,의사국장 서상준,소득,1952-12,5
의사국장서상준,의사국장 서상준,소득,1953-01,1
의사국장서상준,의사국장 서상준,소득,1953-02,4
의사국장서상준,의사국장 서상준,소득,1953-03,7
의사국장서상준,의사국장 서상준,소득,1953-04,8
의사국장서상준,의사국장 서상준,소득,1953-05,6
의사국장서상준,의사국장 서상준,소득,1953-06,1
의사국장서상준,의사국장 서상준,소득,1953-07,3
의사국장서상준,의사국장 서상준,소득,1953-08,4
의사국장서상준,의사국장 서상준,소득,1953-09,0
의사국장서상준,의사국장 서상준,소득,1953-10,5
의사국장서상준,의사국장 서상준,소득,1953-11,4
의사국장서상준,의사국장 서상준,소득,1953-12,3
의사국장서상준,의사국장 서상준,소득,1954-01,3
의사국장서상준,의사국장 서상준,소득,1954-02,3
의사국장서상준,의사국장 서상준,소득,1954-03,12
의사국장서상준,의사국장 서상준,소득,1954-04,1
의사국장서상준,의사국장 서상준,소득,1954-05,0
의사국장서상준,의사국장 서상준,소득,1954-06,2
의사국장서상준,의사국장 서상준,소득,1954-07,4
의사국장서상준,의사국장 서상준,소득,1954-08,5
의사국장서상준,의사국장 서상준,소득,1954-09,8
의사국장서상준,의사국장 서상준,소득,1954-10,5
의사국장서상준,의사국장 서상준,소득,1954-11,5
의사국장서상준,의사국장 서상준,소득,1954-12,4
의사국장서상준,의사국장 서상준,소득,1955-01,3
의사국장서상준,의사국장 서상준,소득,1955-02,2
의사국장서상준,의사국장 서상준,소득,1955-03,6
의사국장서상준,의사국장 서상준,소득,1955-04,7
의사국장서상준,의사국장 서상준,소득,1955-05,6
의사국장서상준,의사국장 서상준,소득,1955-06,9
의사국장서상준,의사국장 서상준,소득,1955-07,6
의사국장서상준,의사국장 서상준,소득,1955-09,3
의사국장서상준,의사국장 서상준,소득,1955-10,4
의사국장서상준,의사국장 서상준,소득,1955-11,3
의사국장서상준,의사국장 서상준,소득,1955-12,3
의사국장서상준,의사국장 서상준,소득,1956-01,6
의사국장서상준,의사국장 서상준,소득,1956-02,7
의사국장서상준,의사국장 서상준,소득,1956-03,2
의사국장서상준,의사국장 서상준,소득,1956-04,0
의사국장서상준,의사국장 서상준,소득,1956-05,2
의사국장서상준,의사국장 서상준,소득,1956-06,5
의사국장서상준,의사국장 서상준,소득,1956-07,9
의사국장서상준,의사국장 서상준,소득,1956-08,0
의사국장서상준,의사국장 서상준,소득,1956-09,2
의사국장서상준,의사국장 서상준,소득,1956-10,7
의사국장서상준,의사국장 서상준,소득,1956-11,4
의사국장서상준,의사국장 서상준,소득,1956-12,6
의사국장서상준,의사국장 서상준,소득,1957-01,5
의사국장서상준,의사국장 서상준,소득,1957-02,0
의사국장서상준,의사국장 서상준,소득,1957-03,4
의사국장서상준,의사국장 서상준,소득,1957-04,7
의사국장서상준,의사국장 서상준,소득,1957-05,1
의사국장서상준,의사국장 서상준,소득,1957-06,2
의사국장서상준,의사국장 서상준,소득,1957-07,6
의사국장서상준,의사국장 서상준,소득,1957-08,1
의사국장서상준,의사국장 서상준,소득,1957-09,4
의사국장서상준,의사국장 서상준,소득,1957-10,4
의사국장서상준,의사국장 서상준,소득,1957-11,3
의사국장서상준,의사국장 서상준,소득,1957-12,11
의사국장서상준,의사국장 서상준,소득,1958-01,0
의사국장서상준,의사국장 서상준,소득,1958-02,4
의사국장서상준,의사국장 서상준,소득,1958-03,0
의사국장서상준,의사국장 서상준,소득,1958-04,0
의사국장서상준,의사국장 서상준,소득,1958-05,0
의사국장서상준,의사국장 서상준,소득,1958-06,2
의사국장서상준,의사국장 서상준,소득,1958-07,6
의사국장서상준,의사국장 서상준,소득,1958-08,0
의사국장서상준,의사국장 서상준,소득,1958-09,0
의사국장서상준,의사국장 서상준,소득,1958-10,0
의사국장서상준,의사국장 서상준,소득,1958-11,0
의사국장서상준,의사국장 서상준,소득,1958-12,0
의사국장서상준,의사국장 서상준,소득,1959-05,0
의사국장서상준,의사국장 서상준,소득,1959-06,0
의사국장서상준,의사국장 서상준,소득,1959-07,0
의사국장서상준,의사국장 서상준,소득,1959-10,0
의사국장서상준,의사국장 서상준,소득,1959-11,0
의사국장서상준,의사국장 서상준,소득,1959-12,0
부의장조경규,부의장 조경규,소득,1948-08,0
부의장조경규,부의장 조경규,소득,1948-09,0
부의장조경규,부의장 조경규,소득,1948-10,0
부의장조경규,부의장 조경규,소득,1948-11,0
부의장조경규,부의장 조경규,소득,1948-12,0
부의장조경규,부의장 조경규,소득,1949-01,0
부의장조경규,부의장 조경규,소득,1949-02,0
부의장조경규,부의장 조경규,소득,1949-03,0
부의장조경규,부의장 조경규,소득,1949-04,0
부의장조경규,부의장 조경규,소득,1949-05,0
부의장조경규,부의장 조경규,소득,1949-06,0
부의장조경규,부의장 조경규,소득,1949-07,0
부의장조경규,부의장 조경규,소득,1949-08,0
부의장조경규,부의장 조경규,소득,1949-09,0
부의장조경규,부의장 조경규,소득,1949-10,0
부의장조경규,부의장 조경규,소득,1949-11,0
부의장조경규,부의장 조경규,소득,1949-12,0
부의장조경규,부의장 조경규,소득,1950-01,0
부의장조경규,부의장 조경규,소득,1950-02,0
부의장조경규,부의장 조경규,소득,1950-03,0
부의장조경규,부의장 조경규,소득,1950-04,0
부의장조경규,부의장 조경규,소득,1950-06,0
부의장조경규,부의장 조경규,소득,1950-10,0
부의장조경규,부의장 조경규,소득,1950-11,0
부의장조경규,부의장 조경규,소득,1950-12,0
부의장조경규,부의장 조경규,소득,1951-01,0
부의장조경규,부의장 조경규,소득,1951-02,0
부의장조경규,부의장 조경규,소득,1951-03,0
부의장조경규,부의장 조경규,소득,1951-04,0
부의장조경규,부의장 조경규,소득,1951-05,0
부의장조경규,부의장 조경규,소득,1951-06,0
부의장조경규,부의장 조경규,소득,1951-07,0
부의장조경규,부의장 조경규,소득,1951-08,0
부의장조경규,부의장 조경규,소득,1951-09,0
부의장조경규,부의장 조경규,소득,1951-10,0
부의장조경규,부의장 조경규,소득,1951-11,0
부의장조경규,부의장 조경규,소득,1951-12,0
부의장조경규,부의장 조경규,소득,1952-01,0
부의장조경규,부의장 조경규,소득,1952-02,0
부의장조경규,부의장 조경규,소득,1952-03,0
부의장조경규,부의장 조경규,소득,1952-04,0
부의장조경규,부의장 조경규,소득,1952-05,0
부의장조경규,부의장 조경규,소득,1952-06,0
부의장조경규,부의장 조경규,소득,1952-07,0
부의장조경규,부의장 조경규,소득,1952-08,0
부의장조경규,부의장 조경규,소득,1952-09,0
부의장조경규,부의장 조경규,소득,1952-10,0
부의장조경규,부의장 조경규,소득,1952-11,0
부의장조경규,부의장 조경규,소득,1952-12,0
부의장조경규,부의장 조경규,소득,1953-01,0
부의장조경규,부의장 조경규,소득,1953-02,0
부의장조경규,부의장 조경규,소득,1953-03,0
부의장조경규,부의장 조경규,소득,1953-04,0
부의장조경규,부의장 조경규,소득,1953-05,0
부의장조경규,부의장 조경규,소득,1953-06,0
부의장조경규,부의장 조경규,소득,1953-07,0
부의장조경규,부의장 조경규,소득,1953-08,0
부의장조경규,부의장 조경규,소득,1953-09,0
부의장조경규,부의장 조경규,소득,1953-10,0
부의장조경규,부의장 조경규,소득,1953-11,0
부의장조경규,부의장 조경규,소득,1953-12,0
부의장조경규,부의장 조경규,소득,1954-01,0
부의장조경규,부의장 조경규,소득,1954-02,0
부의장조경규,부의장 조경규,소득,1954-03,0
부의장조경규,부의장 조경규,소득,1954-04,0
부의장조경규,부의장 조경규,소득,1954-05,0
부의장조경규,부의장 조경규,소득,1954-06,0
부의장조경규,부의장 조경규,소득,1954-07,0
부의장조경규,부의장 조경규,소득,1954-08,0
부의장조경규,부의장 조경규,소득,1954-09,0
부의장조경규,부의장 조경규,소득,1954-10,0
부의장조경규,부의장 조경규,소득,1954-11,0
부의장조경규,부의장 조경규,소득,1954-12,0
부의장조경규,부의장 조경규,소득,1955-01,0
부의장조경규,부의장 조경규,소득,1955-02,0
부의장조경규,부의장 조경규,소득,1955-03,7
부의장조경규,부의장 조경규,소득,1955-04,11
부의장조경규,부의장 조경규,소득,1955-05,15
부의장조경규,부의장 조경규,소득,1955-06,60
부의장조경규,부의장 조경규,소득,1955-07,34
부의장조경규,부의장 조경규,소득,1955-09,7
부의장조경규,부의장 조경규,소득,1955-10,14
부의장조경규,부의장 조경규,소득,1955-11,24
부의장조경규,부의장 조경규,소득,1955-12,13
부의장조경규,부의장 조경규,소득,1956-01,7
부의장조경규,부의장 조경규,소득,1956-02,36
부의장조경규,부의장 조경규,소득,1956-03,0
부의장조경규,부의장 조경규,소득,1956-04,0
부의장조경규,부의장 조경규,소득,1956-05,1
부의장조경규,부의장 조경규,소득,1956-06,14
부의장조경규,부의장 조경규,소득,1956-07,10
부의장조경규,부의장 조경규,소득,1956-08,21
부의장조경규,부의장 조경규,소득,1956-09,0
부의장조경규,부의장 조경규,소득,1956-10,9
부의장조경규,부의장 조경규,소득,1956-11,6
부의장조경규,부의장 조경규,소득,1956-12,31
부의장조경규,부의장 조경규,소득,1957-01,0
부의장조경규,부의장 조경규,소득,1957-02,0
부의장조경규,부의장 조경규,소득,1957-03,0
부의장조경규,부의장 조경규,소득,1957-04,0
부의장조경규,부의장 조경규,소득,1957-05,0
부의장조경규,부의장 조경규,소득,1957-06,4
부의장조경규,부의장 조경규,소득,1957-07,10
부의장조경규,부의장 조경규,소득,1957-08,6
부의장조경규,부의장 조경규,소득,1957-09,6
부의장조경규,부의장 조경규,소득,1957-10,1
부의장조경규,부의장 조경규,소득,1957-11,2
부의장조경규,부의장 조경규,소득,1957-12,20
부의장조경규,부의장 조경규,소득,1958-01,0
부의장조경규,부의장 조경규,소득,1958-02,5
부의장조경규,부의장 조경규,소득,1958-03,0
부의장조경규,부의장 조경규,소득,1958-04,0
부의장조경규,부의장 조경규,소득,1958-05,0
부의장조경규,부의장 조경규,소득,1958-06,0
부의장조경규,부의장 조경규,소득,1958-07,0
부의장조경규,부의장 조경규,소득,1958-08,0
부의장조경규,부의장 조경규,소득,1958-09,0
부의장조경규,부의장 조경규,소득,1958-10,0
부의장조경규,부의장 조경규,소득,1958-11,0
부의장조경규,부의장 조경규,소득,1958-12,0
부의장조경규,부의장 조경규,소득,1959-05,0
부의장조경규,부의장 조경규,소득,1959-06,0
부의장조경규,부의장 조경규,소득,1959-07,0
부의장조경규,부의장 조경규,소득,1959-10,0
부의장조경규,부의장 조경규,소득,1959-11,0
부의장조경규,부의장 조경규,소득,1959-12,0
부의장조봉암,부의장 조봉암,소득,1948-08,0
부의장조봉암,부의장 조봉암,소득,1948-09,0
부의장조봉암,부의장 조봉암,소득,1948-10,0
부의장조봉암,부의장 조봉암,소득,1948-11,0
부의장조봉암,부의장 조봉암,소득,1948-12,0
부의장조봉암,부의장 조봉암,소득,1949-01,0
부의장조봉암,부의장 조봉암,소득,1949-02,0
부의장조봉암,부의장 조봉암,소득,1949-03,0
부의장조봉암,부의장 조봉암,소득,1949-04,0
부의장조봉암,부의장 조봉암,소득,1949-05,0
부의장조봉암,부의장 조봉암,소득,1949-06,0
부의장조봉암,부의장 조봉암,소득,1949-07,0
부의장조봉암,부의장 조봉암,소득,1949-08,0
부의장조봉암,부의장 조봉암,소득,1949-09,0
부의장조봉암,부의장 조봉암,소득,1949-10,0
부의장조봉암,부의장 조봉암,소득,1949-11,0
부의장조봉암,부의장 조봉암,소득,1949-12,0
부의장조봉암,부의장 조봉암,소득,1950-01,0
부의장조봉암,부의장 조봉암,소득,1950-02,0
부의장조봉암,부의장 조봉암,소득,1950-03,0
부의장조봉암,부의장 조봉암,소득,1950-04,0
부의장조봉암,부의장 조봉암,소득,1950-06,0
부의장조봉암,부의장 조봉암,소득,1950-10,0
부의장조봉암,부의장 조봉암,소득,1950-11,15
부의장조봉암,부의장 조봉암,소득,1950-12,3
부의장조봉암,부의장 조봉암,소득,1951-01,8
부의장조봉암,부의장 조봉암,소득,1951-02,4
부의장조봉암,부의장 조봉암,소득,1951-03,29
부의장조봉암,부의장 조봉암,소득,1951-04,22
부의장조봉암,부의장 조봉암,소득,1951-05,10
부의장조봉암,부의장 조봉암,소득,1951-06,7
부의장조봉암,부의장 조봉암,소득,1951-07,0
부의장조봉암,부의장 조봉암,소득,1951-08,8
부의장조봉암,부의장 조봉암,소득,1951-09,15
부의장조봉암,부의장 조봉암,소득,1951-10,4
부의장조봉암,부의장 조봉암,소득,1951-11,18
부의장조봉암,부의장 조봉암,소득,1951-12,19
부의장조봉암,부의장 조봉암,소득,1952-01,2
부의장조봉암,부의장 조봉암,소득,1952-02,1
부의장조봉암,부의장 조봉암,소득,1952-03,12
부의장조봉암,부의장 조봉암,소득,1952-04,7
부의장조봉암,부의장 조봉암,소득,1952-05,0
부의장조봉암,부의장 조봉암,소득,1952-06,2
부의장조봉암,부의장 조봉암,소득,1952-07,0
부의장조봉암,부의장 조봉암,소득,1952-08,8
부의장조봉암,부의장 조봉암,소득,1952-09,0
부의장조봉암,부의장 조봉암,소득,1952-10,11
부의장조봉암,부의장 조봉암,소득,1952-11,22
부의장조봉암,부의장 조봉암,소득,1952-12,13
부의장조봉암,부의장 조봉암,소득,1953-01,4
부의장조봉암,부의장 조봉암,소득,1953-02,4
부의장조봉암,부의장 조봉암,소득,1953-03,12
부의장조봉암,부의장 조봉암,소득,1953-04,31
부의장조봉암,부의장 조봉암,소득,1953-05,0
부의장조봉암,부의장 조봉암,소득,1953-06,0
부의장조봉암,부의장 조봉암,소득,1953-07,0
부의장조봉암,부의장 조봉암,소득,1953-08,0
부의장조봉암,부의장 조봉암,소득,1953-09,3
부의장조봉암,부의장 조봉암,소득,1953-10,9
부의장조봉암,부의장 조봉암,소득,1953-11,8
부의장조봉암,부의장 조봉암,소득,1953-12,1
부의장조봉암,부의장 조봉암,소득,1954-01,3
부의장조봉암,부의장 조봉암,소득,1954-02,7
부의장조봉암,부의장 조봉암,소득,1954-03,42
부의장조봉암,부의장 조봉암,소득,1954-04,2
부의장조봉암,부의장 조봉암,소득,1954-05,0
부의장조봉암,부의장 조봉암,소득,1954-06,0
부의장조봉암,부의장 조봉암,소득,1954-07,0
부의장조봉암,부의장 조봉암,소득,1954-08,0
부의장조봉암,부의장 조봉암,소득,1954-09,0
부의장조봉암,부의장 조봉암,소득,1954-10,0
부의장조봉암,부의장 조봉암,소득,1954-11,0
부의장조봉암,부의장 조봉암,소득,1954-12,0
부의장조봉암,부의장 조봉암,소득,1955-01,0
부의장조봉암,부의장 조봉암,소득,1955-02,0
부의장조봉암,부의장 조봉암,소득,1955-03,0
부의장조봉암,부의장 조봉암,소득,1955-04,0
부의장조봉암,부의장 조봉암,소득,1955-05,0
부의장조봉암,부의장 조봉암,소득,1955-06,0
부의장조봉암,부의장 조봉암,소득,1955-07,0
부의장조봉암,부의장 조봉암,소득,1955-09,0
부의장조봉암,부의장 조봉암,소득,1955-10,0
부의장조봉암,부의장 조봉암,소득,1955-11,0
부의장조봉암,부의장 조봉암,소득,1955-12,0
부의장조봉암,부의장 조봉암,소득,1956-01,0
부의장조봉암,부의장 조봉암,소득,1956-02,0
부의장조봉암,부의장 조봉암,소득,1956-03,0
부의장조봉암,부의장 조봉암,소득,1956-04,0
부의장조봉암,부의장 조봉암,소득,1956-05,0
부의장조봉암,부의장 조봉암,소득,1956-06,0
부의장조봉암,부의장 조봉암,소득,1956-07,0
부의장조봉암,부의장 조봉암,소득,1956-08,0
부의장조봉암,부의장 조봉암,소득,1956-09,0
부의장조봉암,부의장 조봉암,소득,1956-10,0
부의장조봉암,부의장 조봉암,소득,1956-11,0
부의장조봉암,부의장 조봉암,소득,1956-12,0
부의장조봉암,부의장 조봉암,소득,1957-01,0
부의장조봉암,부의장 조봉암,소득,1957-02,0
부의장조봉암,부의장 조봉암,소득,1957-03,0
부의장조봉암,부의장 조봉암,소득,1957-04,0
부의장조봉암,부의장 조봉암,소득,1957-05,0
부의장조봉암,부의장 조봉암,소득,1957-06,0
부의장조봉암,부의장 조봉암,소득,1957-07,0
부의장조봉암,부의장 조봉암,소득,1957-08,0
부의장조봉암,부의장 조봉암,소득,1957-09,0
부의장조봉암,부의장 조봉암,소득,1957-10,0
부의장조봉암,부의장 조봉암,소득,1957-11,0
부의장조봉암,부의장 조봉암,소득,1957-12,0
부의장조봉암,부의장 조봉암,소득,1958-01,0
부의장조봉암,부의장 조봉암,소득,1958-02,0
부의장조봉암,부의장 조봉암,소득,1958-03,0
부의장조봉암,부의장 조봉암,소득,1958-04,0
부의장조봉암,부의장 조봉암,소득,1958-05,0
부의장조봉암,부의장 조봉암,소득,1958-06,0
부의장조봉암,부의장 조봉암,소득,1958-07,0
부의장조봉암,부의장 조봉암,소득,1958-08,0
부의장조봉암,부의장 조봉암,소득,1958-09,0
부의장조봉암,부의장 조봉암,소득,1958-10,0
부의장조봉암,부의장 조봉암,소득,1958-11,0
부의장조봉암,부의장 조봉암,소득,1958-12,0
부의장조봉암,부의장 조봉암,소득,1959-05,0
부의장조봉암,부의장 조봉암,소득,1959-06,0
부의장조봉암,부의장 조봉암,소득,1959-07,0
부의장조봉암,부의장 조봉암,소득,1959-10,0
부의장조봉암,부의장 조봉암,소득,1959-11,0
부의장조봉암,부의장 조봉암,소득,1959-12,0
재무부장관김현철,재무부장관 김현철,소득,1948-08,0
재무부장관김현철,재무부장관 김현철,소득,1948-09,0
재무부장관김현철,재무부장관 김현철,소득,1948-10,0
재무부장관김현철,재무부장관 김현철,소득,1948-11,0
재무부장관김현철,재무부장관 김현철,소득,1948-12,0
재무부장관김현철,재무부장관 김현철,소득,1949-01,0
재무부장관김현철,재무부장관 김현철,소득,1949-02,0
재무부장관김현철,재무부장관 김현철,소득,1949-03,0
재무부장관김현철,재무부장관 김현철,소득,1949-04,0
재무부장관김현철,재무부장관 김현철,소득,1949-05,0
재무부장관김현철,재무부장관 김현철,소득,1949-06,0
재무부장관김현철,재무부장관 김현철,소득,1949-07,0
재무부장관김현철,재무부장관 김현철,소득,1949-08,0
재무부장관김현철,재무부장관 김현철,소득,1949-09,0
재무부장관김현철,재무부장관 김현철,소득,1949-10,0
재무부장관김현철,재무부장관 김현철,소득,1949-11,0
재무부장관김현철,재무부장관 김현철,소득,1949-12,0
재무부장관김현철,재무부장관 김현철,소득,1950-01,0
재무부장관김현철,재무부장관 김현철,소득,1950-02,0
재무부장관김현철,재무부장관 김현철,소득,1950-03,0
재무부장관김현철,재무부장관 김현철,소득,1950-04,0
재무부장관김현철,재무부장관 김현철,소득,1950-06,0
재무부장관김현철,재무부장관 김현철,소득,1950-10,0
재무부장관김현철,재무부장관 김현철,소득,1950-11,0
재무부장관김현철,재무부장관 김현철,소득,1950-12,0
재무부장관김현철,재무부장관 김현철,소득,1951-01,0
재무부장관김현철,재무부장관 김현철,소득,1951-02,0
재무부장관김현철,재무부장관 김현철,소득,1951-03,0
재무부장관김현철,재무부장관 김현철,소득,1951-04,0
재무부장관김현철,재무부장관 김현철,소득,1951-05,0
재무부장관김현철,재무부장관 김현철,소득,1951-06,0
재무부장관김현철,재무부장관 김현철,소득,1951-07,0
재무부장관김현철,재무부장관 김현철,소득,1951-08,0
재무부장관김현철,재무부장관 김현철,소득,1951-09,0
재무부장관김현철,재무부장관 김현철,소득,1951-10,0
재무부장관김현철,재무부장관 김현철,소득,1951-11,0
재무부장관김현철,재무부장관 김현철,소득,1951-12,0
재무부장관김현철,재무부장관 김현철,소득,1952-01,0
재무부장관김현철,재무부장관 김현철,소득,1952-02,0
재무부장관김현철,재무부장관 김현철,소득,1952-03,0
재무부장관김현철,재무부장관 김현철,소득,1952-04,0
재무부장관김현철,재무부장관 김현철,소득,1952-05,0
재무부장관김현철,재무부장관 김현철,소득,1952-06,0
재무부장관김현철,재무부장관 김현철,소득,1952-07,0
재무부장관김현철,재무부장관 김현철,소득,1952-08,0
재무부장관김현철,재무부장관 김현철,소득,1952-09,0
재무부장관김현철,재무부장관 김현철,소득,1952-10,0
재무부장관김현철,재무부장관 김현철,소득,1952-11,0
재무부장관김현철,재무부장관 김현철,소득,1952-12,0
재무부장관김현철,재무부장관 김현철,소득,1953-01,0
재무부장관김현철,재무부장관 김현철,소득,1953-02,0
재무부장관김현철,재무부장관 김현철,소득,1953-03,0
재무부장관김현철,재무부장관 김현철,소득,1953-04,0
재무부장관김현철,재무부장관 김현철,소득,1953-05,0
재무부장관김현철,재무부장관 김현철,소득,1953-06,0
재무부장관김현철,재무부장관 김현철,소득,1953-07,0
재무부장관김현철,재무부장관 김현철,소득,1953-08,0
재무부장관김현철,재무부장관 김현철,소득,1953-09,0
재무부장관김현철,재무부장관 김현철,소득,1953-10,0
재무부장관김현철,재무부장관 김현철,소득,1953-11,0
재무부장관김현철,재무부장관 김현철,소득,1953-12,0
재무부장관김현철,재무부장관 김현철,소득,1954-01,0
재무부장관김현철,재무부장관 김현철,소득,1954-02,0
재무부장관김현철,재무부장관 김현철,소득,1954-03,0
재무부장관김현철,재무부장관 김현철,소득,1954-04,0
재무부장관김현철,재무부장관 김현철,소득,1954-05,0
재무부장관김현철,재무부장관 김현철,소득,1954-06,0
재무부장관김현철,재무부장관 김현철,소득,1954-07,0
재무부장관김현철,재무부장관 김현철,소득,1954-08,0
재무부장관김현철,재무부장관 김현철,소득,1954-09,0
재무부장관김현철,재무부장관 김현철,소득,1954-10,0
재무부장관김현철,재무부장관 김현철,소득,1954-11,0
재무부장관김현철,재무부장관 김현철,소득,1954-12,0
재무부장관김현철,재무부장관 김현철,소득,1955-01,0
재무부장관김현철,재무부장관 김현철,소득,1955-02,0
재무부장관김현철,재무부장관 김현철,소득,1955-03,0
재무부장관김현철,재무부장관 김현철,소득,1955-04,0
재무부장관김현철,재무부장관 김현철,소득,1955-05,0
재무부장관김현철,재무부장관 김현철,소득,1955-06,0
재무부장관김현철,재무부장관 김현철,소득,1955-07,45
재무부장관김현철,재무부장관 김현철,소득,1955-09,8
재무부장관김현철,재무부장관 김현철,소득,1955-10,1
재무부장관김현철,재무부장관 김현철,소득,1955-11,4
재무부장관김현철,재무부장관 김현철,소득,1955-12,37
재무부장관김현철,재무부장관 김현철,소득,1956-01,8
재무부장관김현철,재무부장관 김현철,소득,1956-02,8
재무부장관김현철,재무부장관 김현철,소득,1956-03,0
재무부장관김현철,재무부장관 김현철,소득,1956-04,0
재무부장관김현철,재무부장관 김현철,소득,1956-05,0
재무부장관김현철,재무부장관 김현철,소득,1956-06,0
재무부장관김현철,재무부장관 김현철,소득,1956-07,0
재무부장관김현철,재무부장관 김현철,소득,1956-08,0
재무부장관김현철,재무부장관 김현철,소득,1956-09,0
재무부장관김현철,재무부장관 김현철,소득,1956-10,0
재무부장관김현철,재무부장관 김현철,소득,1956-11,0
재무부장관김현철,재무부장관 김현철,소득,1956-12,0
재무부장관김현철,재무부장관 김현철,소득,1957-01,0
재무부장관김현철,재무부장관 김현철,소득,1957-02,0
재무부장관김현철,재무부장관 김현철,소득,1957-03,0
재무부장관김현철,재무부장관 김현철,소득,1957-04,0
재무부장관김현철,재무부장관 김현철,소득,1957-05,0
재무부장관김현철,재무부장관 김현철,소득,1957-06,9
재무부장관김현철,재무부장관 김현철,소득,1957-07,7
재무부장관김현철,재무부장관 김현철,소득,1957-08,0
재무부장관김현철,재무부장관 김현철,소득,1957-09,1
재무부장관김현철,재무부장관 김현철,소득,1957-10,0
재무부장관김현철,재무부장관 김현철,소득,1957-11,19
재무부장관김현철,재무부장관 김현철,소득,1957-12,29
재무부장관김현철,재무부장관 김현철,소득,1958-01,0
재무부장관김현철,재무부장관 김현철,소득,1958-02,0
재무부장관김현철,재무부장관 김현철,소득,1958-03,0
재무부장관김현철,재무부장관 김현철,소득,1958-04,0
재무부장관김현철,재무부장관 김현철,소득,1958-05,0
재무부장관김현철,재무부장관 김현철,소득,1958-06,1
재무부장관김현철,재무부장관 김현철,소득,1958-07,43
재무부장관김현철,재무부장관 김현철,소득,1958-08,14
재무부장관김현철,재무부장관 김현철,소득,1958-09,0
재무부장관김현철,재무부장관 김현철,소득,1958-10,1
재무부장관김현철,재무부장관 김현철,소득,1958-11,36
재무부장관김현철,재무부장관 김현철,소득,1958-12,17
재무부장관김현철,재무부장관 김현철,소득,1959-05,0
재무부장관김현철,재무부장관 김현철,소득,1959-06,0
재무부장관김현철,재무부장관 김현철,소득,1959-07,0
재무부장관김현철,재무부장관 김현철,소득,1959-10,0
재무부장관김현철,재무부장관 김현철,소득,1959-11,0
재무부장관김현철,재무부장관 김현철,소득,1959-12,0
예산결산위원장이충환,예산결산위원장 이충환,소득,1948-08,0
예산결산위원장이충환,예산결산위원장 이충환,소득,1948-09,0
예산결산위원장이충환,예산결산위원장 이충환,소득,1948-10,0
예산결산위원장이충환,예산결산위원장 이충환,소득,1948-11,0
예산결산위원장이충환,예산결산위원장 이충환,소득,1948-12,0
예산결산위원장이충환,예산결산위원장 이충환,소득,1949-01,0
예산결산위원장이충환,예산결산위원장 이충환,소득,1949-02,0
예산결산위원장이충환,예산결산위원장 이충환,소득,1949-03,0
예산결산위원장이충환,예산결산위원장 이충환,소득,1949-04,0
예산결산위원장이충환,예산결산위원장 이충환,소득,1949-05,0
예산결산위원장이충환,예산결산위원장 이충환,소득,1949-06,0
예산결산위원장이충환,예산결산위원장 이충환,소득,1949-07,0
예산결산위원장이충환,예산결산위원장 이충환,소득,1949-08,0
예산결산위원장이충환,예산결산위원장 이충환,소득,1949-09,0
예산결산위원장이충환,예산결산위원장 이충환,소득,1949-10,0
예산결산위원장이충환,예산결산위원장 이충환,소득,1949-11,0
예산결산위원장이충환,예산결산위원장 이충환,소득,1949-12,0
예산결산위원장이충환,예산결산위원장 이충환,소득,1950-01,0
예산결산위원장이충환,예산결산위원장 이충환,소득,1950-02,0
예산결산위원장이충환,예산결산위원장 이충환,소득,1950-03,0
예산결산위원장이충환,예산결산위원장 이충환,소득,1950-04,0
예산결산위원장이충환,예산결산위원장 이충환,소득,1950-06,0
예산결산위원장이충환,예산결산위원장 이충환,소득,1950-10,0
예산결산위원장이충환,예산결산위원장 이충환,소득,1950-11,0
예산결산위원장이충환,예산결산위원장 이충환,소득,1950-12,0
예산결산위원장이충환,예산결산위원장 이충환,소득,1951-01,0
예산결산위원장이충환,예산결산위원장 이충환,소득,1951-02,0
예산결산위원장이충환,예산결산위원장 이충환,소득,1951-03,0
예산결산위원장이충환,예산결산위원장 이충환,소득,1951-04,0
예산결산위원장이충환,예산결산위원장 이충환,소득,1951-05,0
예산결산위원장이충환,예산결산위원장 이충환,소득,1951-06,0
예산결산위원장이충환,예산결산위원장 이충환,소득,1951-07,0
예산결산위원장이충환,예산결산위원장 이충환,소득,1951-08,0
예산결산위원장이충환,예산결산위원장 이충환,소득,1951-09,0
예산결산위원장이충환,예산결산위원장 이충환,소득,1951-10,0
예산결산위원장이충환,예산결산위원장 이충환,소득,1951-11,0
예산결산위원장이충환,예산결산위원장 이충환,소득,1951-12,0
예산결산위원장이충환,예산결산위원장 이충환,소득,1952-01,0
예산결산위원장이충환,예산결산위원장 이충환,소득,1952-02,0
예산결산위원장이충환,예산결산위원장 이충환,소득,1952-03,0
예산결산위원장이충환,예산결산위원장 이충환,소득,1952-04,0
예산결산위원장이충환,예산결산위원장 이충환,소득,1952-05,0
예산결산위원장이충환,예산결산위원장 이충환,소득,1952-06,0
예산결산위원장이충환,예산결산위원장 이충환,소득,1952-07,0
예산결산위원장이충환,예산결산위원장 이충환,소득,1952-08,0
예산결산위원장이충환,예산결산위원장 이충환,소득,1952-09,0
예산결산위원장이충환,예산결산위원장 이충환,소득,1952-10,0
예산결산위원장이충환,예산결산위원장 이충환,소득,1952-11,0
예산결산위원장이충환,예산결산위원장 이충환,소득,1952-12,0
예산결산위원장이충환,예산결산위원장 이충환,소득,1953-01,0
예산결산위원장이충환,예산결산위원장 이충환,소득,1953-02,0
예산결산위원장이충환,예산결산위원장 이충환,소득,1953-03,0
예산결산위원장이충환,예산결산위원장 이충환,소득,1953-04,0
예산결산위원장이충환,예산결산위원장 이충환,소득,1953-05,0
예산결산위원장이충환,예산결산위원장 이충환,소득,1953-06,0
예산결산위원장이충환,예산결산위원장 이충환,소득,1953-07,0
예산결산위원장이충환,예산결산위원장 이충환,소득,1953-08,0
예산결산위원장이충환,예산결산위원장 이충환,소득,1953-09,0
예산결산위원장이충환,예산결산위원장 이충환,소득,1953-10,0
예산결산위원장이충환,예산결산위원장 이충환,소득,1953-11,0
예산결산위원장이충환,예산결산위원장 이충환,소득,1953-12,0
예산결산위원장이충환,예산결산위원장 이충환,소득,1954-01,7
예산결산위원장이충환,예산결산위원장 이충환,소득,1954-02,22
예산결산위원장이충환,예산결산위원장 이충환,소득,1954-03,46
예산결산위원장이충환,예산결산위원장 이충환,소득,1954-04,0
예산결산위원장이충환,예산결산위원장 이충환,소득,1954-05,0
예산결산위원장이충환,예산결산위원장 이충환,소득,1954-06,0
예산결산위원장이충환,예산결산위원장 이충환,소득,1954-07,2
예산결산위원장이충환,예산결산위원장 이충환,소득,1954-08,4
예산결산위원장이충환,예산결산위원장 이충환,소득,1954-09,2
예산결산위원장이충환,예산결산위원장 이충환,소득,1954-10,41
예산결산위원장이충환,예산결산위원장 이충환,소득,1954-11,0
예산결산위원장이충환,예산결산위원장 이충환,소득,1954-12,9
예산결산위원장이충환,예산결산위원장 이충환,소득,1955-01,1
예산결산위원장이충환,예산결산위원장 이충환,소득,1955-02,0
예산결산위원장이충환,예산결산위원장 이충환,소득,1955-03,0
예산결산위원장이충환,예산결산위원장 이충환,소득,1955-04,0
예산결산위원장이충환,예산결산위원장 이충환,소득,1955-05,8
예산결산위원장이충환,예산결산위원장 이충환,소득,1955-06,69
예산결산위원장이충환,예산결산위원장 이충환,소득,1955-07,16
예산결산위원장이충환,예산결산위원장 이충환,소득,1955-09,9
예산결산위원장이충환,예산결산위원장 이충환,소득,1955-10,2
예산결산위원장이충환,예산결산위원장 이충환,소득,1955-11,22
예산결산위원장이충환,예산결산위원장 이충환,소득,1955-12,1
예산결산위원장이충환,예산결산위원장 이충환,소득,1956-01,6
예산결산위원장이충환,예산결산위원장 이충환,소득,1956-02,32
예산결산위원장이충환,예산결산위원장 이충환,소득,1956-03,0
예산결산위원장이충환,예산결산위원장 이충환,소득,1956-04,0
예산결산위원장이충환,예산결산위원장 이충환,소득,1956-05,0
예산결산위원장이충환,예산결산위원장 이충환,소득,1956-06,0
예산결산위원장이충환,예산결산위원장 이충환,소득,1956-07,0
예산결산위원장이충환,예산결산위원장 이충환,소득,1956-08,0
예산결산위원장이충환,예산결산위원장 이충환,소득,1956-09,0
예산결산위원장이충환,예산결산위원장 이충환,소득,1956-10,0
예산결산위원장이충환,예산결산위원장 이충환,소득,1956-11,0
예산결산위원장이충환,예산결산위원장 이충환,소득,1956-12,0
예산결산위원장이충환,예산결산위원장 이충환,소득,1957-01,0
예산결산위원장이충환,예산결산위원장 이충환,소득,1957-02,0
예산결산위원장이충환,예산결산위원장 이충환,소득,1957-03,0
예산결산위원장이충환,예산결산위원장 이충환,소득,1957-04,0
예산결산위원장이충환,예산결산위원장 이충환,소득,1957-05,0
예산결산위원장이충환,예산결산위원장 이충환,소득,1957-06,0
예산결산위원장이충환,예산결산위원장 이충환,소득,1957-07,0
예산결산위원장이충환,예산결산위원장 이충환,소득,1957-08,0
예산결산위원장이충환,예산결산위원장 이충환,소득,1957-09,0
예산결산위원장이충환,예산결산위원장 이충환,소득,1957-10,0
예산결산위원장이충환,예산결산위원장 이충환,소득,1957-11,0
예산결산위원장이충환,예산결산위원장 이충환,소득,1957-12,0
예산결산위원장이충환,예산결산위원장 이충환,소득,1958-01,0
예산결산위원장이충환,예산결산위원장 이충환,소득,1958-02,0
예산결산위원장이충환,예산결산위원장 이충환,소득,1958-03,0
예산결산위원장이충환,예산결산위원장 이충환,소득,1958-04,0
예산결산위원장이충환,예산결산위원장 이충환,소득,1958-05,0
예산결산위원장이충환,예산결산위원장 이충환,소득,1958-06,0
예산결산위원장이충환,예산결산위원장 이충환,소득,1958-07,0
예산결산위원장이충환,예산결산위원장 이충환,소득,1958-08,0
예산결산위원장이충환,예산결산위원장 이충환,소득,1958-09,0
예산결산위원장이충환,예산결산위원장 이충환,소득,1958-10,0
예산결산위원장이충환,예산결산위원장 이충환,소득,1958-11,0
예산결산위원장이충환,예산결산위원장 이충환,소득,1958-12,0
예산결산위원장이충환,예산결산위원장 이충환,소득,1959-05,0
예산결산위원장이충환,예산결산위원장 이충환,소득,1959-06,0
예산결산위원장이충환,예산결산위원장 이충환,소득,1959-07,0
예산결산위원장이충환,예산결산위원장 이충환,소득,1959-10,0
예산결산위원장이충환,예산결산위원장 이충환,소득,1959-11,0
예산결산위원장이충환,예산결산위원장 이충환,소득,1959-12,0
송방용위원,송방용 위원,소득,1948-08,0
송방용위원,송방용 위원,소득,1948-09,0
송방용위원,송방용 위원,소득,1948-10,0
송방용위원,송방용 위원,소득,1948-11,0
송방용위원,송방용 위원,소득,1948-12,0
송방용위원,송방용 위원,소득,1949-01,0
송방용위원,송방용 위원,소득,1949-02,0
송방용위원,송방용 위원,소득,1949-03,0
송방용위원,송방용 위원,소득,1949-04,0
송방용위원,송방용 위원,소득,1949-05,0
송방용위원,송방용 위원,소득,1949-06,0
송방용위원,송방용 위원,소득,1949-07,0
송방용위원,송방용 위원,소득,1949-08,0
송방용위원,송방용 위원,소득,1949-09,0
송방용위원,송방용 위원,소득,1949-10,0
송방용위원,송방용 위원,소득,1949-11,0
송방용위원,송방용 위원,소득,1949-12,0
송방용위원,송방용 위원,소득,1950-01,0
송방용위원,송방용 위원,소득,1950-02,0
송방용위원,송방용 위원,소득,1950-03,0
송방용위원,송방용 위원,소득,1950-04,0
송방용위원,송방용 위원,소득,1950-06,0
송방용위원,송방용 위원,소득,1950-10,0
송방용위원,송방용 위원,소득,1950-11,0
송방용위원,송방용 위원,소득,1950-12,0
송방용위원,송방용 위원,소득,1951-01,0
송방용위원,송방용 위원,소득,1951-02,0
송방용위원,송방용 위원,소득,1951-03,0
송방용위원,송방용 위원,소득,1951-04,0
송방용위원,송방용 위원,소득,1951-05,0
송방용위원,송방용 위원,소득,1951-06,0
송방용위원,송방용 위원,소득,1951-07,0
송방용위원,송방용 위원,소득,1951-08,0
송방용위원,송방용 위원,소득,1951-09,0
송방용위원,송방용 위원,소득,1951-10,0
송방용위원,송방용 위원,소득,1951-11,0
송방용위원,송방용 위원,소득,1951-12,0
송방용위원,송방용 위원,소득,1952-01,0
송방용위원,송방용 위원,소득,1952-02,0
송방용위원,송방용 위원,소득,1952-03,0
송방용위원,송방용 위원,소득,1952-04,0
송방용위원,송방용 위원,소득,1952-05,0
송방용위원,송방용 위원,소득,1952-06,0
송방용위원,송방용 위원,소득,1952-07,0
송방용위원,송방용 위원,소득,1952-08,0
송방용위원,송방용 위원,소득,1952-09,0
송방용위원,송방용 위원,소득,1952-10,0
송방용위원,송방용 위원,소득,1952-11,0
송방용위원,송방용 위원,소득,1952-12,0
송방용위원,송방용 위원,소득,1953-01,0
송방용위원,송방용 위원,소득,1953-02,0
송방용위원,송방용 위원,소득,1953-03,0
송방용위원,송방용 위원,소득,1953-04,0
송방용위원,송방용 위원,소득,1953-05,0
송방용위원,송방용 위원,소득,1953-06,0
송방용위원,송방용 위원,소득,1953-07,0
송방용위원,송방용 위원,소득,1953-08,0
송방용위원,송방용 위원,소득,1953-09,0
송방용위원,송방용 위원,소득,1953-10,0
송방용위원,송방용 위원,소득,1953-11,0
송방용위원,송방용 위원,소득,1953-12,0
송방용위원,송방용 위원,소득,1954-01,0
송방용위원,송방용 위원,소득,1954-02,0
송방용위원,송방용 위원,소득,1954-03,0
송방용위원,송방용 위원,소득,1954-04,0
송방용위원,송방용 위원,소득,1954-05,0
송방용위원,송방용 위원,소득,1954-06,0
송방용위원,송방용 위원,소득,1954-07,0
송방용위원,송방용 위원,소득,1954-08,0
송방용위원,송방용 위원,소득,1954-09,5
송방용위원,송방용 위원,소득,1954-10,37
송방용위원,송방용 위원,소득,1954-11,5
송방용위원,송방용 위원,소득,1954-12,7
송방용위원,송방용 위원,소득,1955-01,0
송방용위원,송방용 위원,소득,1955-02,0
송방용위원,송방용 위원,소득,1955-03,2
송방용위원,송방용 위원,소득,1955-04,3
송방용위원,송방용 위원,소득,1955-05,22
송방용위원,송방용 위원,소득,1955-06,48
송방용위원,송방용 위원,소득,1955-07,44
송방용위원,송방용 위원,소득,1955-09,2
송방용위원,송방용 위원,소득,1955-10,0
송방용위원,송방용 위원,소득,1955-11,7
송방용위원,송방용 위원,소득,1955-12,14
송방용위원,송방용 위원,소득,1956-01,17
송방용위원,송방용 위원,소득,1956-02,12
송방용위원,송방용 위원,소득,1956-03,0
송방용위원,송방용 위원,소득,1956-04,0
송방용위원,송방용 위원,소득,1956-05,0
송방용위원,송방용 위원,소득,1956-06,7
송방용위원,송방용 위원,소득,1956-07,12
송방용위원,송방용 위원,소득,1956-08,0
송방용위원,송방용 위원,소득,1956-09,0
송방용위원,송방용 위원,소득,1956-10,1
송방용위원,송방용 위원,소득,1956-11,0
송방용위원,송방용 위원,소득,1956-12,17
송방용위원,송방용 위원,소득,1957-01,0
송방용위원,송방용 위원,소득,1957-02,0
송방용위원,송방용 위원,소득,1957-03,2
송방용위원,송방용 위원,소득,1957-04,0
송방용위원,송방용 위원,소득,1957-05,0
송방용위원,송방용 위원,소득,1957-06,0
송방용위원,송방용 위원,소득,1957-07,0
송방용위원,송방용 위원,소득,1957-08,0
송방용위원,송방용 위원,소득,1957-09,1
송방용위원,송방용 위원,소득,1957-10,0
송방용위원,송방용 위원,소득,1957-11,0
송방용위원,송방용 위원,소득,1957-12,5
송방용위원,송방용 위원,소득,1958-01,0
송방용위원,송방용 위원,소득,1958-02,0
송방용위원,송방용 위원,소득,1958-03,0
송방용위원,송방용 위원,소득,1958-04,0
송방용위원,송방용 위원,소득,1958-05,0
송방용위원,송방용 위원,소득,1958-06,0
송방용위원,송방용 위원,소득,1958-07,0
송방용위원,송방용 위원,소득,1958-08,0
송방용위원,송방용 위원,소득,1958-09,0
송방용위원,송방용 위원,소득,1958-10,0
송방용위원,송방용 위원,소득,1958-11,0
송방용위원,송방용 위원,소득,1958-12,0
송방용위원,송방용 위원,소득,1959-05,0
송방용위원,송방용 위원,소득,1959-06,0
송방용위원,송방용 위원,소득,1959-07,0
송방용위원,송방용 위원,소득,1959-10,0
송방용위원,송방용 위원,소득,1959-11,0
송방용위원,송방용 위원,소득,1959-12,0
재정경제위원장이재형,재정경제위원장 이재형,소득,1948-08,0
재정경제위원장이재형,재정경제위원장 이재형,소득,1948-09,0
재정경제위원장이재형,재정경제위원장 이재형,소득,1948-10,0
재정경제위원장이재형,재정경제위원장 이재형,소득,1948-11,0
재정경제위원장이재형,재정경제위원장 이재형,소득,1948-12,0
재정경제위원장이재형,재정경제위원장 이재형,소득,1949-01,0
재정경제위원장이재형,재정경제위원장 이재형,소득,1949-02,0
재정경제위원장이재형,재정경제위원장 이재형,소득,1949-03,0
재정경제위원장이재형,재정경제위원장 이재형,소득,1949-04,0
재정경제위원장이재형,재정경제위원장 이재형,소득,1949-05,0
재정경제위원장이재형,재정경제위원장 이재형,소득,1949-06,0
재정경제위원장이재형,재정경제위원장 이재형,소득,1949-07,0
재정경제위원장이재형,재정경제위원장 이재형,소득,1949-08,0
재정경제위원장이재형,재정경제위원장 이재형,소득,1949-09,0
재정경제위원장이재형,재정경제위원장 이재형,소득,1949-10,0
재정경제위원장이재형,재정경제위원장 이재형,소득,1949-11,0
재정경제위원장이재형,재정경제위원장 이재형,소득,1949-12,0
재정경제위원장이재형,재정경제위원장 이재형,소득,1950-01,0
재정경제위원장이재형,재정경제위원장 이재형,소득,1950-02,0
재정경제위원장이재형,재정경제위원장 이재형,소득,1950-03,0
재정경제위원장이재형,재정경제위원장 이재형,소득,1950-04,0
재정경제위원장이재형,재정경제위원장 이재형,소득,1950-06,0
재정경제위원장이재형,재정경제위원장 이재형,소득,1950-10,0
재정경제위원장이재형,재정경제위원장 이재형,소득,1950-11,0
재정경제위원장이재형,재정경제위원장 이재형,소득,1950-12,0
재정경제위원장이재형,재정경제위원장 이재형,소득,1951-01,0
재정경제위원장이재형,재정경제위원장 이재형,소득,1951-02,0
재정경제위원장이재형,재정경제위원장 이재형,소득,1951-03,32
재정경제위원장이재형,재정경제위원장 이재형,소득,1951-04,89
재정경제위원장이재형,재정경제위원장 이재형,소득,1951-05,8
재정경제위원장이재형,재정경제위원장 이재형,소득,1951-06,8
재정경제위원장이재형,재정경제위원장 이재형,소득,1951-07,3
재정경제위원장이재형,재정경제위원장 이재형,소득,1951-08,17
재정경제위원장이재형,재정경제위원장 이재형,소득,1951-09,30
재정경제위원장이재형,재정경제위원장 이재형,소득,1951-10,8
재정경제위원장이재형,재정경제위원장 이재형,소득,1951-11,5
재정경제위원장이재형,재정경제위원장 이재형,소득,1951-12,35
재정경제위원장이재형,재정경제위원장 이재형,소득,1952-01,0
재정경제위원장이재형,재정경제위원장 이재형,소득,1952-02,0
재정경제위원장이재형,재정경제위원장 이재형,소득,1952-03,6
재정경제위원장이재형,재정경제위원장 이재형,소득,1952-04,8
재정경제위원장이재형,재정경제위원장 이재형,소득,1952-05,4
재정경제위원장이재형,재정경제위원장 이재형,소득,1952-06,1
재정경제위원장이재형,재정경제위원장 이재형,소득,1952-07,2
재정경제위원장이재형,재정경제위원장 이재형,소득,1952-08,0
재정경제위원장이재형,재정경제위원장 이재형,소득,1952-09,6
재정경제위원장이재형,재정경제위원장 이재형,소득,1952-10,17
재정경제위원장이재형,재정경제위원장 이재형,소득,1952-11,0
재정경제위원장이재형,재정경제위원장 이재형,소득,1952-12,0
재정경제위원장이재형,재정경제위원장 이재형,소득,1953-01,0
재정경제위원장이재형,재정경제위원장 이재형,소득,1953-02,0
재정경제위원장이재형,재정경제위원장 이재형,소득,1953-03,0
재정경제위원장이재형,재정경제위원장 이재형,소득,1953-04,0
재정경제위원장이재형,재정경제위원장 이재형,소득,1953-05,0
재정경제위원장이재형,재정경제위원장 이재형,소득,1953-06,0
재정경제위원장이재형,재정경제위원장 이재형,소득,1953-07,0
재정경제위원장이재형,재정경제위원장 이재형,소득,1953-08,0
재정경제위원장이재형,재정경제위원장 이재형,소득,1953-09,0
재정경제위원장이재형,재정경제위원장 이재형,소득,1953-10,0
재정경제위원장이재형,재정경제위원장 이재형,소득,1953-11,0
재정경제위원장이재형,재정경제위원장 이재형,소득,1953-12,0
재정경제위원장이재형,재정경제위원장 이재형,소득,1954-01,0
재정경제위원장이재형,재정경제위원장 이재형,소득,1954-02,0
재정경제위원장이재형,재정경제위원장 이재형,소득,1954-03,0
재정경제위원장이재형,재정경제위원장 이재형,소득,1954-04,0
재정경제위원장이재형,재정경제위원장 이재형,소득,1954-05,0
재정경제위원장이재형,재정경제위원장 이재형,소득,1954-06,0
재정경제위원장이재형,재정경제위원장 이재형,소득,1954-07,0
재정경제위원장이재형,재정경제위원장 이재형,소득,1954-08,0
재정경제위원장이재형,재정경제위원장 이재형,소득,1954-09,0
재정경제위원장이재형,재정경제위원장 이재형,소득,1954-10,0
재정경제위원장이재형,재정경제위원장 이재형,소득,1954-11,0
재정경제위원장이재형,재정경제위원장 이재형,소득,1954-12,0
재정경제위원장이재형,재정경제위원장 이재형,소득,1955-01,0
재정경제위원장이재형,재정경제위원장 이재형,소득,1955-02,0
재정경제위원장이재형,재정경제위원장 이재형,소득,1955-03,0
재정경제위원장이재형,재정경제위원장 이재형,소득,1955-04,0
재정경제위원장이재형,재정경제위원장 이재형,소득,1955-05,0
재정경제위원장이재형,재정경제위원장 이재형,소득,1955-06,0
재정경제위원장이재형,재정경제위원장 이재형,소득,1955-07,0
재정경제위원장이재형,재정경제위원장 이재형,소득,1955-09,0
재정경제위원장이재형,재정경제위원장 이재형,소득,1955-10,0
재정경제위원장이재형,재정경제위원장 이재형,소득,1955-11,0
재정경제위원장이재형,재정경제위원장 이재형,소득,1955-12,0
재정경제위원장이재형,재정경제위원장 이재형,소득,1956-01,0
재정경제위원장이재형,재정경제위원장 이재형,소득,1956-02,0
재정경제위원장이재형,재정경제위원장 이재형,소득,1956-03,0
재정경제위원장이재형,재정경제위원장 이재형,소득,1956-04,0
재정경제위원장이재형,재정경제위원장 이재형,소득,1956-05,0
재정경제위원장이재형,재정경제위원장 이재형,소득,1956-06,0
재정경제위원장이재형,재정경제위원장 이재형,소득,1956-07,0
재정경제위원장이재형,재정경제위원장 이재형,소득,1956-08,0
재정경제위원장이재형,재정경제위원장 이재형,소득,1956-09,0
재정경제위원장이재형,재정경제위원장 이재형,소득,1956-10,0
재정경제위원장이재형,재정경제위원장 이재형,소득,1956-11,0
재정경제위원장이재형,재정경제위원장 이재형,소득,1956-12,0
재정경제위원장이재형,재정경제위원장 이재형,소득,1957-01,0
재정경제위원장이재형,재정경제위원장 이재형,소득,1957-02,0
재정경제위원장이재형,재정경제위원장 이재형,소득,1957-03,0
재정경제위원장이재형,재정경제위원장 이재형,소득,1957-04,0
재정경제위원장이재형,재정경제위원장 이재형,소득,1957-05,0
재정경제위원장이재형,재정경제위원장 이재형,소득,1957-06,0
재정경제위원장이재형,재정경제위원장 이재형,소득,1957-07,0
재정경제위원장이재형,재정경제위원장 이재형,소득,1957-08,0
재정경제위원장이재형,재정경제위원장 이재형,소득,1957-09,0
재정경제위원장이재형,재정경제위원장 이재형,소득,1957-10,0
재정경제위원장이재형,재정경제위원장 이재형,소득,1957-11,0
재정경제위원장이재형,재정경제위원장 이재형,소득,1957-12,0
재정경제위원장이재형,재정경제위원장 이재형,소득,1958-01,0
재정경제위원장이재형,재정경제위원장 이재형,소득,1958-02,0
재정경제위원장이재형,재정경제위원장 이재형,소득,1958-03,0
재정경제위원장이재형,재정경제위원장 이재형,소득,1958-04,0
재정경제위원장이재형,재정경제위원장 이재형,소득,1958-05,0
재정경제위원장이재형,재정경제위원장 이재형,소득,1958-06,0
재정경제위원장이재형,재정경제위원장 이재형,소득,1958-07,0
재정경제위원장이재형,재정경제위원장 이재형,소득,1958-08,0
재정경제위원장이재형,재정경제위원장 이재형,소득,1958-09,0
재정경제위원장이재형,재정경제위원장 이재형,소득,1958-10,0
재정경제위원장이재형,재정경제위원장 이재형,소득,1958-11,0
재정경제위원장이재형,재정경제위원장 이재형,소득,1958-12,0
재정경제위원장이재형,재정경제위원장 이재형,소득,1959-05,0
재정경제위원장이재형,재정경제위원장 이재형,소득,1959-06,0
재정경제위원장이재형,재정경제위원장 이재형,소득,1959-07,0
재정경제위원장이재형,재정경제위원장 이재형,소득,1959-10,0
재정경제위원장이재형,재정경제위원장 이재형,소득,1959-11,0
재정경제위원장이재형,재정경제위원장 이재형,소득,1959-12,0
유옥우위원,유옥우 위원,소득,1948-08,0
유옥우위원,유옥우 위원,소득,1948-09,0
유옥우위원,유옥우 위원,소득,1948-10,0
유옥우위원,유옥우 위원,소득,1948-11,0
유옥우위원,유옥우 위원,소득,1948-12,0
유옥우위원,유옥우 위원,소득,1949-01,0
유옥우위원,유옥우 위원,소득,1949-02,0
유옥우위원,유옥우 위원,소득,1949-03,0
유옥우위원,유옥우 위원,소득,1949-04,0
유옥우위원,유옥우 위원,소득,1949-05,0
유옥우위원,유옥우 위원,소득,1949-06,0
유옥우위원,유옥우 위원,소득,1949-07,0
유옥우위원,유옥우 위원,소득,1949-08,0
유옥우위원,유옥우 위원,소득,1949-09,0
유옥우위원,유옥우 위원,소득,1949-10,0
유옥우위원,유옥우 위원,소득,1949-11,0
유옥우위원,유옥우 위원,소득,1949-12,0
유옥우위원,유옥우 위원,소득,1950-01,0
유옥우위원,유옥우 위원,소득,1950-02,0
유옥우위원,유옥우 위원,소득,1950-03,0
유옥우위원,유옥우 위원,소득,1950-04,0
유옥우위원,유옥우 위원,소득,1950-06,0
유옥우위원,유옥우 위원,소득,1950-10,0
유옥우위원,유옥우 위원,소득,1950-11,0
유옥우위원,유옥우 위원,소득,1950-12,0
유옥우위원,유옥우 위원,소득,1951-01,0
유옥우위원,유옥우 위원,소득,1951-02,0
유옥우위원,유옥우 위원,소득,1951-03,0
유옥우위원,유옥우 위원,소득,1951-04,0
유옥우위원,유옥우 위원,소득,1951-05,0
유옥우위원,유옥우 위원,소득,1951-06,0
유옥우위원,유옥우 위원,소득,1951-07,0
유옥우위원,유옥우 위원,소득,1951-08,0
유옥우위원,유옥우 위원,소득,1951-09,0
유옥우위원,유옥우 위원,소득,1951-10,0
유옥우위원,유옥우 위원,소득,1951-11,0
유옥우위원,유옥우 위원,소득,1951-12,0
유옥우위원,유옥우 위원,소득,1952-01,0
유옥우위원,유옥우 위원,소득,1952-02,0
유옥우위원,유옥우 위원,소득,1952-03,0
유옥우위원,유옥우 위원,소득,1952-04,0
유옥우위원,유옥우 위원,소득,1952-05,0
유옥우위원,유옥우 위원,소득,1952-06,0
유옥우위원,유옥우 위원,소득,1952-07,0
유옥우위원,유옥우 위원,소득,1952-08,0
유옥우위원,유옥우 위원,소득,1952-09,0
유옥우위원,유옥우 위원,소득,1952-10,0
유옥우위원,유옥우 위원,소득,1952-11,0
유옥우위원,유옥우 위원,소득,1952-12,0
유옥우위원,유옥우 위원,소득,1953-01,0
유옥우위원,유옥우 위원,소득,1953-02,0
유옥우위원,유옥우 위원,소득,1953-03,0
유옥우위원,유옥우 위원,소득,1953-04,0
유옥우위원,유옥우 위원,소득,1953-05,0
유옥우위원,유옥우 위원,소득,1953-06,0
유옥우위원,유옥우 위원,소득,1953-07,0
유옥우위원,유옥우 위원,소득,1953-08,0
유옥우위원,유옥우 위원,소득,1953-09,0
유옥우위원,유옥우 위원,소득,1953-10,0
유옥우위원,유옥우 위원,소득,1953-11,0
유옥우위원,유옥우 위원,소득,1953-12,0
유옥우위원,유옥우 위원,소득,1954-01,0
유옥우위원,유옥우 위원,소득,1954-02,0
유옥우위원,유옥우 위원,소득,1954-03,0
유옥우위원,유옥우 위원,소득,1954-04,0
유옥우위원,유옥우 위원,소득,1954-05,0
유옥우위원,유옥우 위원,소득,1954-06,0
유옥우위원,유옥우 위원,소득,1954-07,0
유옥우위원,유옥우 위원,소득,1954-08,0
유옥우위원,유옥우 위원,소득,1954-09,0
유옥우위원,유옥우 위원,소득,1954-10,0
유옥우위원,유옥우 위원,소득,1954-11,0
유옥우위원,유옥우 위원,소득,1954-12,0
유옥우위원,유옥우 위원,소득,1955-01,1
유옥우위원,유옥우 위원,소득,1955-02,0
유옥우위원,유옥우 위원,소득,1955-03,0
유옥우위원,유옥우 위원,소득,1955-04,0
유옥우위원,유옥우 위원,소득,1955-05,12
유옥우위원,유옥우 위원,소득,1955-06,11
유옥우위원,유옥우 위원,소득,1955-07,16
유옥우위원,유옥우 위원,소득,1955-09,1
유옥우위원,유옥우 위원,소득,1955-10,0
유옥우위원,유옥우 위원,소득,1955-11,2
유옥우위원,유옥우 위원,소득,1955-12,1
유옥우위원,유옥우 위원,소득,1956-01,7
유옥우위원,유옥우 위원,소득,1956-02,2
유옥우위원,유옥우 위원,소득,1956-03,0
유옥우위원,유옥우 위원,소득,1956-04,0
유옥우위원,유옥우 위원,소득,1956-05,0
유옥우위원,유옥우 위원,소득,1956-06,1
유옥우위원,유옥우 위원,소득,1956-07,21
유옥우위원,유옥우 위원,소득,1956-08,0
유옥우위원,유옥우 위원,소득,1956-09,0
유옥우위원,유옥우 위원,소득,1956-10,0
유옥우위원,유옥우 위원,소득,1956-11,0
유옥우위원,유옥우 위원,소득,1956-12,16
유옥우위원,유옥우 위원,소득,1957-01,0
유옥우위원,유옥우 위원,소득,1957-02,0
유옥우위원,유옥우 위원,소득,1957-03,4
유옥우위원,유옥우 위원,소득,1957-04,0
유옥우위원,유옥우 위원,소득,1957-05,0
유옥우위원,유옥우 위원,소득,1957-06,2
유옥우위원,유옥우 위원,소득,1957-07,0
유옥우위원,유옥우 위원,소득,1957-08,0
유옥우위원,유옥우 위원,소득,1957-09,0
유옥우위원,유옥우 위원,소득,1957-10,4
유옥우위원,유옥우 위원,소득,1957-11,0
유옥우위원,유옥우 위원,소득,1957-12,0
유옥우위원,유옥우 위원,소득,1958-01,0
유옥우위원,유옥우 위원,소득,1958-02,0
유옥우위원,유옥우 위원,소득,1958-03,0
유옥우위원,유옥우 위원,소득,1958-04,0
유옥우위원,유옥우 위원,소득,1958-05,0
유옥우위원,유옥우 위원,소득,1958-06,2
유옥우위원,유옥우 위원,소득,1958-07,29
유옥우위원,유옥우 위원,소득,1958-08,14
유옥우위원,유옥우 위원,소득,1958-09,2
유옥우위원,유옥우 위원,소득,1958-10,0
유옥우위원,유옥우 위원,소득,1958-11,23
유옥우위원,유옥우 위원,소득,1958-12,17
유옥우위원,유옥우 위원,소득,1959-05,0
유옥우위원,유옥우 위원,소득,1959-06,12
유옥우위원,유옥우 위원,소득,1959-07,5
유옥우위원,유옥우 위원,소득,1959-10,0
유옥우위원,유옥우 위원,소득,1959-11,16
유옥우위원,유옥우 위원,소득,1959-12,2
박영종의원,박영종 의원,소득,1948-08,0
박영종의원,박영종 의원,소득,1948-09,0
박영종의원,박영종 의원,소득,1948-10,0
박영종의원,박영종 의원,소득,1948-11,0
박영종의원,박영종 의원,소득,1948-12,0
박영종의원,박영종 의원,소득,1949-01,0
박영종의원,박영종 의원,소득,1949-02,0
박영종의원,박영종 의원,소득,1949-03,0
박영종의원,박영종 의원,소득,1949-04,0
박영종의원,박영종 의원,소득,1949-05,0
박영종의원,박영종 의원,소득,1949-06,0
박영종의원,박영종 의원,소득,1949-07,0
박영종의원,박영종 의원,소득,1949-08,0
박영종의원,박영종 의원,소득,1949-09,0
박영종의원,박영종 의원,소득,1949-10,0
박영종의원,박영종 의원,소득,1949-11,0
박영종의원,박영종 의원,소득,1949-12,0
박영종의원,박영종 의원,소득,1950-01,0
박영종의원,박영종 의원,소득,1950-02,0
박영종의원,박영종 의원,소득,1950-03,0
박영종의원,박영종 의원,소득,1950-04,0
박영종의원,박영종 의원,소득,1950-06,0
박영종의원,박영종 의원,소득,1950-10,0
박영종의원,박영종 의원,소득,1950-11,0
박영종의원,박영종 의원,소득,1950-12,0
박영종의원,박영종 의원,소득,1951-01,0
박영종의원,박영종 의원,소득,1951-02,0
박영종의원,박영종 의원,소득,1951-03,0
박영종의원,박영종 의원,소득,1951-04,0
박영종의원,박영종 의원,소득,1951-05,0
박영종의원,박영종 의원,소득,1951-06,0
박영종의원,박영종 의원,소득,1951-07,0
박영종의원,박영종 의원,소득,1951-08,0
박영종의원,박영종 의원,소득,1951-09,0
박영종의원,박영종 의원,소득,1951-10,0
박영종의원,박영종 의원,소득,1951-11,0
박영종의원,박영종 의원,소득,1951-12,0
박영종의원,박영종 의원,소득,1952-01,0
박영종의원,박영종 의원,소득,1952-02,0
박영종의원,박영종 의원,소득,1952-03,0
박영종의원,박영종 의원,소득,1952-04,0
박영종의원,박영종 의원,소득,1952-05,0
박영종의원,박영종 의원,소득,1952-06,0
박영종의원,박영종 의원,소득,1952-07,0
박영종의원,박영종 의원,소득,1952-08,0
박영종의원,박영종 의원,소득,1952-09,0
박영종의원,박영종 의원,소득,1952-10,0
박영종의원,박영종 의원,소득,1952-11,0
박영종의원,박영종 의원,소득,1952-12,0
박영종의원,박영종 의원,소득,1953-01,0
박영종의원,박영종 의원,소득,1953-02,0
박영종의원,박영종 의원,소득,1953-03,0
박영종의원,박영종 의원,소득,1953-04,0
박영종의원,박영종 의원,소득,1953-05,0
박영종의원,박영종 의원,소득,1953-06,0
박영종의원,박영종 의원,소득,1953-07,0
박영종의원,박영종 의원,소득,1953-08,0
박영종의원,박영종 의원,소득,1953-09,0
박영종의원,박영종 의원,소득,1953-10,0
박영종의원,박영종 의원,소득,1953-11,0
박영종의원,박영종 의원,소득,1953-12,0
박영종의원,박영종 의원,소득,1954-01,0
박영종의원,박영종 의원,소득,1954-02,0
박영종의원,박영종 의원,소득,1954-03,0
박영종의원,박영종 의원,소득,1954-04,0
박영종의원,박영종 의원,소득,1954-05,0
박영종의원,박영종 의원,소득,1954-06,1
박영종의원,박영종 의원,소득,1954-07,2
박영종의원,박영종 의원,소득,1954-08,3
박영종의원,박영종 의원,소득,1954-09,2
박영종의원,박영종 의원,소득,1954-10,7
박영종의원,박영종 의원,소득,1954-11,2
박영종의원,박영종 의원,소득,1954-12,4
박영종의원,박영종 의원,소득,1955-01,1
박영종의원,박영종 의원,소득,1955-02,0
박영종의원,박영종 의원,소득,1955-03,6
박영종의원,박영종 의원,소득,1955-04,12
박영종의원,박영종 의원,소득,1955-05,15
박영종의원,박영종 의원,소득,1955-06,15
박영종의원,박영종 의원,소득,1955-07,10
박영종의원,박영종 의원,소득,1955-09,3
박영종의원,박영종 의원,소득,1955-10,2
박영종의원,박영종 의원,소득,1955-11,17
박영종의원,박영종 의원,소득,1955-12,4
박영종의원,박영종 의원,소득,1956-01,8
박영종의원,박영종 의원,소득,1956-02,10
박영종의원,박영종 의원,소득,1956-03,2
박영종의원,박영종 의원,소득,1956-04,0
박영종의원,박영종 의원,소득,1956-05,3
박영종의원,박영종 의원,소득,1956-06,9
박영종의원,박영종 의원,소득,1956-07,7
박영종의원,박영종 의원,소득,1956-08,3
박영종의원,박영종 의원,소득,1956-09,3
박영종의원,박영종 의원,소득,1956-10,5
박영종의원,박영종 의원,소득,1956-11,0
박영종의원,박영종 의원,소득,1956-12,0
박영종의원,박영종 의원,소득,1957-01,0
박영종의원,박영종 의원,소득,1957-02,0
박영종의원,박영종 의원,소득,1957-03,4
박영종의원,박영종 의원,소득,1957-04,5
박영종의원,박영종 의원,소득,1957-05,0
박영종의원,박영종 의원,소득,1957-06,6
박영종의원,박영종 의원,소득,1957-07,11
박영종의원,박영종 의원,소득,1957-08,5
박영종의원,박영종 의원,소득,1957-09,1
박영종의원,박영종 의원,소득,1957-10,3
박영종의원,박영종 의원,소득,1957-11,1
박영종의원,박영종 의원,소득,1957-12,13
박영종의원,박영종 의원,소득,1958-01,0
박영종의원,박영종 의원,소득,1958-02,7
박영종의원,박영종 의원,소득,1958-03,0
박영종의원,박영종 의원,소득,1958-04,0
박영종의원,박영종 의원,소득,1958-05,0
박영종의원,박영종 의원,소득,1958-06,0
박영종의원,박영종 의원,소득,1958-07,0
박영종의원,박영종 의원,소득,1958-08,0
박영종의원,박영종 의원,소득,1958-09,0
박영종의원,박영종 의원,소득,1958-10,0
박영종의원,박영종 의원,소득,1958-11,0
박영종의원,박영종 의원,소득,1958-12,0
박영종의원,박영종 의원,소득,1959-05,0
박영종의원,박영종 의원,소득,1959-06,0
박영종의원,박영종 의원,소득,1959-07,0
박영종의원,박영종 의원,소득,1959-10,0
박영종의원,박영종 의원,소득,1959-11,0
박영종의원,박영종 의원,소득,1959-12,0
의장신익희,의장 신익희,노동,1948-08,0
의장신익희,의장 신익희,노동,1948-09,0
의장신익희,의장 신익희,노동,1948-10,0
의장신익희,의장 신익희,노동,1948-11,0
의장신익희,의장 신익희,노동,1948-12,0
의장신익희,의장 신익희,노동,1949-01,0
의장신익희,의장 신익희,노동,1949-02,0
의장신익희,의장 신익희,노동,1949-03,0
의장신익희,의장 신익희,노동,1949-04,1
의장신익희,의장 신익희,노동,1949-05,0
의장신익희,의장 신익희,노동,1949-06,0
의장신익희,의장 신익희,노동,1949-07,0
의장신익희,의장 신익희,노동,1949-08,0
의장신익희,의장 신익희,노동,1949-09,0
의장신익희,의장 신익희,노동,1949-10,0
의장신익희,의장 신익희,노동,1949-11,0
의장신익희,의장 신익희,노동,1949-12,0
의장신익희,의장 신익희,노동,1950-01,0
의장신익희,의장 신익희,노동,1950-02,0
의장신익희,의장 신익희,노동,1950-03,0
의장신익희,의장 신익희,노동,1950-04,0
의장신익희,의장 신익희,노동,1950-06,0
의장신익희,의장 신익희,노동,1950-10,0
의장신익희,의장 신익희,노동,1950-11,0
의장신익희,의장 신익희,노동,1950-12,0
의장신익희,의장 신익희,노동,1951-01,0
의장신익희,의장 신익희,노동,1951-02,0
의장신익희,의장 신익희,노동,1951-03,0
의장신익희,의장 신익희,노동,1951-04,0
의장신익희,의장 신익희,노동,1951-05,0
의장신익희,의장 신익희,노동,1951-06,0
의장신익희,의장 신익희,노동,1951-07,0
의장신익희,의장 신익희,노동,1951-08,0
의장신익희,의장 신익희,노동,1951-09,1
의장신익희,의장 신익희,노동,1951-10,0
의장신익희,의장 신익희,노동,1951-11,0
의장신익희,의장 신익희,노동,1951-12,0
의장신익희,의장 신익희,노동,1952-01,0
의장신익희,의장 신익희,노동,1952-02,0
의장신익희,의장 신익희,노동,1952-03,0
의장신익희,의장 신익희,노동,1952-04,0
의장신익희,의장 신익희,노동,1952-05,0
의장신익희,의장 신익희,노동,1952-06,0
의장신익희,의장 신익희,노동,1952-07,0
의장신익희,의장 신익희,노동,1952-08,0
의장신익희,의장 신익희,노동,1952-09,0
의장신익희,의장 신익희,노동,1952-10,0
의장신익희,의장 신익희,노동,1952-11,0
의장신익희,의장 신익희,노동,1952-12,1
의장신익희,의장 신익희,노동,1953-01,10
의장신익희,의장 신익희,노동,1953-02,2
의장신익희,의장 신익희,노동,1953-03,6
의장신익희,의장 신익희,노동,1953-04,1
의장신익희,의장 신익희,노동,1953-05,0
의장신익희,의장 신익희,노동,1953-06,0
의장신익희,의장 신익희,노동,1953-07,0
의장신익희,의장 신익희,노동,1953-08,0
의장신익희,의장 신익희,노동,1953-09,0
의장신익희,의장 신익희,노동,1953-10,0
의장신익희,의장 신익희,노동,1953-11,0
의장신익희,의장 신익희,노동,1953-12,0
의장신익희,의장 신익희,노동,1954-01,0
의장신익희,의장 신익희,노동,1954-02,0
의장신익희,의장 신익희,노동,1954-03,0
의장신익희,의장 신익희,노동,1954-04,0
의장신익희,의장 신익희,노동,1954-05,0
의장신익희,의장 신익희,노동,1954-06,0
의장신익희,의장 신익희,노동,1954-07,0
의장신익희,의장 신익희,노동,1954-08,0
의장신익희,의장 신익희,노동,1954-09,0
의장신익희,의장 신익희,노동,1954-10,0
의장신익희,의장 신익희,노동,1954-11,0
의장신익희,의장 신익희,노동,1954-12,0
의장신익희,의장 신익희,노동,1955-01,0
의장신익희,의장 신익희,노동,1955-02,0
의장신익희,의장 신익희,노동,1955-03,0
의장신익희,의장 신익희,노동,1955-04,0
의장신익희,의장 신익희,노동,1955-05,0
의장신익희,의장 신익희,노동,1955-06,0
의장신익희,의장 신익희,노동,1955-07,0
의장신익희,의장 신익희,노동,1955-09,0
의장신익희,의장 신익희,노동,1955-10,0
의장신익희,의장 신익희,노동,1955-11,0
의장신익희,의장 신익희,노동,1955-12,0
의장신익희,의장 신익희,노동,1956-01,0
의장신익희,의장 신익희,노동,1956-02,0
의장신익희,의장 신익희,노동,1956-03,0
의장신익희,의장 신익희,노동,1956-04,0
의장신익희,의장 신익희,노동,1956-05,0
의장신익희,의장 신익희,노동,1956-06,0
의장신익희,의장 신익희,노동,1956-07,0
의장신익희,의장 신익희,노동,1956-08,0
의장신익희,의장 신익희,노동,1956-09,0
의장신익희,의장 신익희,노동,1956-10,0
의장신익희,의장 신익희,노동,1956-11,0
의장신익희,의장 신익희,노동,1956-12,0
의장신익희,의장 신익희,노동,1957-01,0
의장신익희,의장 신익희,노동,1957-02,0
의장신익희,의장 신익희,노동,1957-03,0
의장신익희,의장 신익희,노동,1957-04,0
의장신익희,의장 신익희,노동,1957-05,0
의장신익희,의장 신익희,노동,1957-06,0
의장신익희,의장 신익희,노동,1957-07,0
의장신익희,의장 신익희,노동,1957-08,0
의장신익희,의장 신익희,노동,1957-09,0
의장신익희,의장 신익희,노동,1957-10,0
의장신익희,의장 신익희,노동,1957-11,0
의장신익희,의장 신익희,노동,1957-12,0
의장신익희,의장 신익희,노동,1958-01,0
의장신익희,의장 신익희,노동,1958-02,0
의장신익희,의장 신익희,노동,1958-03,0
의장신익희,의장 신익희,노동,1958-04,0
의장신익희,의장 신익희,노동,1958-05,0
의장신익희,의장 신익희,노동,1958-06,0
의장신익희,의장 신익희,노동,1958-07,0
의장신익희,의장 신익희,노동,1958-08,0
의장신익희,의장 신익희,노동,1958-09,0
의장신익희,의장 신익희,노동,1958-10,0
의장신익희,의장 신익희,노동,1958-11,0
의장신익희,의장 신익희,노동,1958-12,0
의장신익희,의장 신익희,노동,1959-05,0
의장신익희,의장 신익희,노동,1959-06,0
의장신익희,의장 신익희,노동,1959-07,0
의장신익희,의장 신익희,노동,1959-10,0
의장신익희,의장 신익희,노동,1959-11,0
의장신익희,의장 신익희,노동,1959-12,0
위원장이충환,위원장 이충환,노동,1948-08,0
위원장이충환,위원장 이충환,노동,1948-09,0
위원장이충환,위원장 이충환,노동,1948-10,0
위원장이충환,위원장 이충환,노동,1948-11,0
위원장이충환,위원장 이충환,노동,1948-12,0
위원장이충환,위원장 이충환,노동,1949-01,0
위원장이충환,위원장 이충환,노동,1949-02,0
위원장이충환,위원장 이충환,노동,1949-03,0
위원장이충환,위원장 이충환,노동,1949-04,0
위원장이충환,위원장 이충환,노동,1949-05,0
위원장이충환,위원장 이충환,노동,1949-06,0
위원장이충환,위원장 이충환,노동,1949-07,0
위원장이충환,위원장 이충환,노동,1949-08,0
위원장이충환,위원장 이충환,노동,1949-09,0
위원장이충환,위원장 이충환,노동,1949-10,0
위원장이충환,위원장 이충환,노동,1949-11,0
위원장이충환,위원장 이충환,노동,1949-12,0
위원장이충환,위원장 이충환,노동,1950-01,0
위원장이충환,위원장 이충환,노동,1950-02,0
위원장이충환,위원장 이충환,노동,1950-03,0
위원장이충환,위원장 이충환,노동,1950-04,0
위원장이충환,위원장 이충환,노동,1950-06,0
위원장이충환,위원장 이충환,노동,1950-10,0
위원장이충환,위원장 이충환,노동,1950-11,0
위원장이충환,위원장 이충환,노동,1950-12,0
위원장이충환,위원장 이충환,노동,1951-01,0
위원장이충환,위원장 이충환,노동,1951-02,0
위원장이충환,위원장 이충환,노동,1951-03,0
위원장이충환,위원장 이충환,노동,1951-04,0
위원장이충환,위원장 이충환,노동,1951-05,0
위원장이충환,위원장 이충환,노동,1951-06,0
위원장이충환,위원장 이충환,노동,1951-07,0
위원장이충환,위원장 이충환,노동,1951-08,0
위원장이충환,위원장 이충환,노동,1951-09,0
위원장이충환,위원장 이충환,노동,1951-10,0
위원장이충환,위원장 이충환,노동,1951-11,0
위원장이충환,위원장 이충환,노동,1951-12,0
위원장이충환,위원장 이충환,노동,1952-01,0
위원장이충환,위원장 이충환,노동,1952-02,0
위원장이충환,위원장 이충환,노동,1952-03,0
위원장이충환,위원장 이충환,노동,1952-04,0
위원장이충환,위원장 이충환,노동,1952-05,0
위원장이충환,위원장 이충환,노동,1952-06,0
위원장이충환,위원장 이충환,노동,1952-07,0
위원장이충환,위원장 이충환,노동,1952-08,0
위원장이충환,위원장 이충환,노동,1952-09,0
위원장이충환,위원장 이충환,노동,1952-10,0
위원장이충환,위원장 이충환,노동,1952-11,0
위원장이충환,위원장 이충환,노동,1952-12,0
위원장이충환,위원장 이충환,노동,1953-01,0
위원장이충환,위원장 이충환,노동,1953-02,0
위원장이충환,위원장 이충환,노동,1953-03,0
위원장이충환,위원장 이충환,노동,1953-04,0
위원장이충환,위원장 이충환,노동,1953-05,0
위원장이충환,위원장 이충환,노동,1953-06,0
위원장이충환,위원장 이충환,노동,1953-07,0
위원장이충환,위원장 이충환,노동,1953-08,0
위원장이충환,위원장 이충환,노동,1953-09,0
위원장이충환,위원장 이충환,노동,1953-10,0
위원장이충환,위원장 이충환,노동,1953-11,0
위원장이충환,위원장 이충환,노동,1953-12,0
위원장이충환,위원장 이충환,노동,1954-01,0
위원장이충환,위원장 이충환,노동,1954-02,0
위원장이충환,위원장 이충환,노동,1954-03,0
위원장이충환,위원장 이충환,노동,1954-04,0
위원장이충환,위원장 이충환,노동,1954-05,0
위원장이충환,위원장 이충환,노동,1954-06,0
위원장이충환,위원장 이충환,노동,1954-07,0
위원장이충환,위원장 이충환,노동,1954-08,0
위원장이충환,위원장 이충환,노동,1954-09,0
위원장이충환,위원장 이충환,노동,1954-10,0
위원장이충환,위원장 이충환,노동,1954-11,0
위원장이충환,위원장 이충환,노동,1954-12,0
위원장이충환,위원장 이충환,노동,1955-01,0
위원장이충환,위원장 이충환,노동,1955-02,0
위원장이충환,위원장 이충환,노동,1955-03,0
위원장이충환,위원장 이충환,노동,1955-04,0
위원장이충환,위원장 이충환,노동,1955-05,0
위원장이충환,위원장 이충환,노동,1955-06,0
위원장이충환,위원장 이충환,노동,1955-07,1
위원장이충환,위원장 이충환,노동,1955-09,0
위원장이충환,위원장 이충환,노동,1955-10,0
위원장이충환,위원장 이충환,노동,1955-11,0
위원장이충환,위원장 이충환,노동,1955-12,0
위원장이충환,위원장 이충환,노동,1956-01,0
위원장이충환,위원장 이충환,노동,1956-02,0
위원장이충환,위원장 이충환,노동,1956-03,0
위원장이충환,위원장 이충환,노동,1956-04,0
위원장이충환,위원장 이충환,노동,1956-05,0
위원장이충환,위원장 이충환,노동,1956-06,0
위원장이충환,위원장 이충환,노동,1956-07,0
위원장이충환,위원장 이충환,노동,1956-08,0
위원장이충환,위원장 이충환,노동,1956-09,0
위원장이충환,위원장 이충환,노동,1956-10,0
위원장이충환,위원장 이충환,노동,1956-11,0
위원장이충환,위원장 이충환,노동,1956-12,0
위원장이충환,위원장 이충환,노동,1957-01,0
위원장이충환,위원장 이충환,노동,1957-02,0
위원장이충환,위원장 이충환,노동,1957-03,0
위원장이충환,위원장 이충환,노동,1957-04,0
위원장이충환,위원장 이충환,노동,1957-05,0
위원장이충환,위원장 이충환,노동,1957-06,0
위원장이충환,위원장 이충환,노동,1957-07,0
위원장이충환,위원장 이충환,노동,1957-08,0
위원장이충환,위원장 이충환,노동,1957-09,0
위원장이충환,위원장 이충환,노동,1957-10,0
위원장이충환,위원장 이충환,노동,1957-11,0
위원장이충환,위원장 이충환,노동,1957-12,0
위원장이충환,위원장 이충환,노동,1958-01,0
위원장이충환,위원장 이충환,노동,1958-02,0
위원장이충환,위원장 이충환,노동,1958-03,0
위원장이충환,위원장 이충환,노동,1958-04,0
위원장이충환,위원장 이충환,노동,1958-05,0
위원장이충환,위원장 이충환,노동,1958-06,0
위원장이충환,위원장 이충환,노동,1958-07,0
위원장이충환,위원장 이충환,노동,1958-08,0
위원장이충환,위원장 이충환,노동,1958-09,0
위원장이충환,위원장 이충환,노동,1958-10,0
위원장이충환,위원장 이충환,노동,1958-11,0
위원장이충환,위원장 이충환,노동,1958-12,0
위원장이충환,위원장 이충환,노동,1959-05,0
위원장이충환,위원장 이충환,노동,1959-06,0
위원장이충환,위원장 이충환,노동,1959-07,0
위원장이충환,위원장 이충환,노동,1959-10,0
위원장이충환,위원장 이충환,노동,1959-11,0
위원장이충환,위원장 이충환,노동,1959-12,0
이철승위원,이철승 위원,노동,1948-08,0
이철승위원,이철승 위원,노동,1948-09,0
이철승위원,이철승 위원,노동,1948-10,0
이철승위원,이철승 위원,노동,1948-11,0
이철승위원,이철승 위원,노동,1948-12,0
이철승위원,이철승 위원,노동,1949-01,0
이철승위원,이철승 위원,노동,1949-02,0
이철승위원,이철승 위원,노동,1949-03,0
이철승위원,이철승 위원,노동,1949-04,0
이철승위원,이철승 위원,노동,1949-05,0
이철승위원,이철승 위원,노동,1949-06,0
이철승위원,이철승 위원,노동,1949-07,0
이철승위원,이철승 위원,노동,1949-08,0
이철승위원,이철승 위원,노동,1949-09,0
이철승위원,이철승 위원,노동,1949-10,0
이철승위원,이철승 위원,노동,1949-11,0
이철승위원,이철승 위원,노동,1949-12,0
이철승위원,이철승 위원,노동,1950-01,0
이철승위원,이철승 위원,노동,1950-02,0
이철승위원,이철승 위원,노동,1950-03,0
이철승위원,이철승 위원,노동,1950-04,0
이철승위원,이철승 위원,노동,1950-06,0
이철승위원,이철승 위원,노동,1950-10,0
이철승위원,이철승 위원,노동,1950-11,0
이철승위원,이철승 위원,노동,1950-12,0
이철승위원,이철승 위원,노동,1951-01,0
이철승위원,이철승 위원,노동,1951-02,0
이철승위원,이철승 위원,노동,1951-03,0
이철승위원,이철승 위원,노동,1951-04,0
이철승위원,이철승 위원,노동,1951-05,0
이철승위원,이철승 위원,노동,1951-06,0
이철승위원,이철승 위원,노동,1951-07,0
이철승위원,이철승 위원,노동,1951-08,0
이철승위원,이철승 위원,노동,1951-09,0
이철승위원,이철승 위원,노동,1951-10,0
이철승위원,이철승 위원,노동,1951-11,0
이철승위원,이철승 위원,노동,1951-12,0
이철승위원,이철승 위원,노동,1952-01,0
이철승위원,이철승 위원,노동,1952-02,0
이철승위원,이철승 위원,노동,1952-03,0
이철승위원,이철승 위원,노동,1952-04,0
이철승위원,이철승 위원,노동,1952-05,0
이철승위원,이철승 위원,노동,1952-06,0
이철승위원,이철승 위원,노동,1952-07,0
이철승위원,이철승 위원,노동,1952-08,0
이철승위원,이철승 위원,노동,1952-09,0
이철승위원,이철승 위원,노동,1952-10,0
이철승위원,이철승 위원,노동,1952-11,0
이철승위원,이철승 위원,노동,1952-12,0
이철승위원,이철승 위원,노동,1953-01,0
이철승위원,이철승 위원,노동,1953-02,0
이철승위원,이철승 위원,노동,1953-03,0
이철승위원,이철승 위원,노동,1953-04,0
이철승위원,이철승 위원,노동,1953-05,0
이철승위원,이철승 위원,노동,1953-06,0
이철승위원,이철승 위원,노동,1953-07,0
이철승위원,이철승 위원,노동,1953-08,0
이철승위원,이철승 위원,노동,1953-09,0
이철승위원,이철승 위원,노동,1953-10,0
이철승위원,이철승 위원,노동,1953-11,0
이철승위원,이철승 위원,노동,1953-12,0
이철승위원,이철승 위원,노동,1954-01,0
이철승위원,이철승 위원,노동,1954-02,0
이철승위원,이철승 위원,노동,1954-03,0
이철승위원,이철승 위원,노동,1954-04,0
이철승위원,이철승 위원,노동,1954-05,0
이철승위원,이철승 위원,노동,1954-06,0
이철승위원,이철승 위원,노동,1954-07,0
이철승위원,이철승 위원,노동,1954-08,0
이철승위원,이철승 위원,노동,1954-09,0
이철승위원,이철승 위원,노동,1954-10,0
이철승위원,이철승 위원,노동,1954-11,0
이철승위원,이철승 위원,노동,1954-12,0
이철승위원,이철승 위원,노동,1955-01,0
이철승위원,이철승 위원,노동,1955-02,0
이철승위원,이철승 위원,노동,1955-03,0
이철승위원,이철승 위원,노동,1955-04,0
이철승위원,이철승 위원,노동,1955-05,0
이철승위원,이철승 위원,노동,1955-06,0
이철승위원,이철승 위원,노동,1955-07,1
이철승위원,이철승 위원,노동,1955-09,0
이철승위원,이철승 위원,노동,1955-10,0
이철승위원,이철승 위원,노동,1955-11,0
이철승위원,이철승 위원,노동,1955-12,0
이철승위원,이철승 위원,노동,1956-01,0
이철승위원,이철승 위원,노동,1956-02,0
이철승위원,이철승 위원,노동,1956-03,0
이철승위원,이철승 위원,노동,1956-04,0
이철승위원,이철승 위원,노동,1956-05,0
이철승위원,이철승 위원,노동,1956-06,0
이철승위원,이철승 위원,노동,1956-07,0
이철승위원,이철승 위원,노동,1956-08,0
이철승위원,이철승 위원,노동,1956-09,0
이철승위원,이철승 위원,노동,1956-10,0
이철승위원,이철승 위원,노동,1956-11,0
이철승위원,이철승 위원,노동,1956-12,0
이철승위원,이철승 위원,노동,1957-01,0
이철승위원,이철승 위원,노동,1957-02,0
이철승위원,이철승 위원,노동,1957-03,0
이철승위원,이철승 위원,노동,1957-04,0
이철승위원,이철승 위원,노동,1957-05,0
이철승위원,이철승 위원,노동,1957-06,0
이철승위원,이철승 위원,노동,1957-07,0
이철승위원,이철승 위원,노동,1957-08,0
이철승위원,이철승 위원,노동,1957-09,0
이철승위원,이철승 위원,노동,1957-10,0
이철승위원,이철승 위원,노동,1957-11,0
이철승위원,이철승 위원,노동,1957-12,5
이철승위원,이철승 위원,노동,1958-01,0
이철승위원,이철승 위원,노동,1958-02,0
이철승위원,이철승 위원,노동,1958-03,0
이철승위원,이철승 위원,노동,1958-04,0
이철승위원,이철승 위원,노동,1958-05,0
이철승위원,이철승 위원,노동,1958-06,0
이철승위원,이철승 위원,노동,1958-07,7
이철승위원,이철승 위원,노동,1958-08,3
이철승위원,이철승 위원,노동,1958-09,0
이철승위원,이철승 위원,노동,1958-10,0
이철승위원,이철승 위원,노동,1958-11,1
이철승위원,이철승 위원,노동,1958-12,2
이철승위원,이철승 위원,노동,1959-05,0
이철승위원,이철승 위원,노동,1959-06,0
이철승위원,이철승 위원,노동,1959-07,0
이철승위원,이철승 위원,노동,1959-10,0
이철승위원,이철승 위원,노동,1959-11,0
이철승위원,이철승 위원,노동,1959-12,0
의사국장서상준,의사국장 서상준,노동,1948-08,0
의사국장서상준,의사국장 서상준,노동,1948-09,0
의사국장서상준,의사국장 서상준,노동,1948-10,0
의사국장서상준,의사국장 서상준,노동,1948-11,0
의사국장서상준,의사국장 서상준,노동,1948-12,0
의사국장서상준,의사국장 서상준,노동,1949-01,0
의사국장서상준,의사국장 서상준,노동,1949-02,0
의사국장서상준,의사국장 서상준,노동,1949-03,0
의사국장서상준,의사국장 서상준,노동,1949-04,0
의사국장서상준,의사국장 서상준,노동,1949-05,0
의사국장서상준,의사국장 서상준,노동,1949-06,0
의사국장서상준,의사국장 서상준,노동,1949-07,0
의사국장서상준,의사국장 서상준,노동,1949-08,0
의사국장서상준,의사국장 서상준,노동,1949-09,0
의사국장서상준,의사국장 서상준,노동,1949-10,0
의사국장서상준,의사국장 서상준,노동,1949-11,0
의사국장서상준,의사국장 서상준,노동,1949-12,0
의사국장서상준,의사국장 서상준,노동,1950-01,0
의사국장서상준,의사국장 서상준,노동,1950-02,0
의사국장서상준,의사국장 서상준,노동,1950-03,0
의사국장서상준,의사국장 서상준,노동,1950-04,0
의사국장서상준,의사국장 서상준,노동,1950-06,0
의사국장서상준,의사국장 서상준,노동,1950-10,0
의사국장서상준,의사국장 서상준,노동,1950-11,0
의사국장서상준,의사국장 서상준,노동,1950-12,0
의사국장서상준,의사국장 서상준,노동,1951-01,0
의사국장서상준,의사국장 서상준,노동,1951-02,0
의사국장서상준,의사국장 서상준,노동,1951-03,0
의사국장서상준,의사국장 서상준,노동,1951-04,0
의사국장서상준,의사국장 서상준,노동,1951-05,1
의사국장서상준,의사국장 서상준,노동,1951-06,2
의사국장서상준,의사국장 서상준,노동,1951-07,0
의사국장서상준,의사국장 서상준,노동,1951-08,0
의사국장서상준,의사국장 서상준,노동,1951-09,0
의사국장서상준,의사국장 서상준,노동,1951-10,1
의사국장서상준,의사국장 서상준,노동,1951-11,0
의사국장서상준,의사국장 서상준,노동,1951-12,0
의사국장서상준,의사국장 서상준,노동,1952-01,0
의사국장서상준,의사국장 서상준,노동,1952-02,0
의사국장서상준,의사국장 서상준,노동,1952-03,1
의사국장서상준,의사국장 서상준,노동,1952-04,1
의사국장서상준,의사국장 서상준,노동,1952-05,2
의사국장서상준,의사국장 서상준,노동,1952-06,0
의사국장서상준,의사국장 서상준,노동,1952-07,0
의사국장서상준,의사국장 서상준,노동,1952-08,1
의사국장서상준,의사국장 서상준,노동,1952-09,0
의사국장서상준,의사국장 서상준,노동,1952-10,0
의사국장서상준,의사국장 서상준,노동,1952-11,1
의사국장서상준,의사국장 서상준,노동,1952-12,0
의사국장서상준,의사국장 서상준,노동,1953-01,0
의사국장서상준,의사국장 서상준,노동,1953-02,1
의사국장서상준,의사국장 서상준,노동,1953-03,0
의사국장서상준,의사국장 서상준,노동,1953-04,1
의사국장서상준,의사국장 서상준,노동,1953-05,0
의사국장서상준,의사국장 서상준,노동,1953-06,1
의사국장서상준,의사국장 서상준,노동,1953-07,0
의사국장서상준,의사국장 서상준,노동,1953-08,0
의사국장서상준,의사국장 서상준,노동,1953-09,1
의사국장서상준,의사국장 서상준,노동,1953-10,0
의사국장서상준,의사국장 서상준,노동,1953-11,0
의사국장서상준,의사국장 서상준,노동,1953-12,0
의사국장서상준,의사국장 서상준,노동,1954-01,0
의사국장서상준,의사국장 서상준,노동,1954-02,0
의사국장서상준,의사국장 서상준,노동,1954-03,0
의사국장서상준,의사국장 서상준,노동,1954-04,0
의사국장서상준,의사국장 서상준,노동,1954-05,0
의사국장서상준,의사국장 서상준,노동,1954-06,0
의사국장서상준,의사국장 서상준,노동,1954-07,0
의사국장서상준,의사국장 서상준,노동,1954-08,0
의사국장서상준,의사국장 서상준,노동,1954-09,0
의사국장서상준,의사국장 서상준,노동,1954-10,0
의사국장서상준,의사국장 서상준,노동,1954-11,0
의사국장서상준,의사국장 서상준,노동,1954-12,0
의사국장서상준,의사국장 서상준,노동,1955-01,1
의사국장서상준,의사국장 서상준,노동,1955-02,2
의사국장서상준,의사국장 서상준,노동,1955-03,0
의사국장서상준,의사국장 서상준,노동,1955-04,0
의사국장서상준,의사국장 서상준,노동,1955-05,0
의사국장서상준,의사국장 서상준,노동,1955-06,1
의사국장서상준,의사국장 서상준,노동,1955-07,0
의사국장서상준,의사국장 서상준,노동,1955-09,0
의사국장서상준,의사국장 서상준,노동,1955-10,0
의사국장서상준,의사국장 서상준,노동,1955-11,0
의사국장서상준,의사국장 서상준,노동,1955-12,0
의사국장서상준,의사국장 서상준,노동,1956-01,0
의사국장서상준,의사국장 서상준,노동,1956-02,1
의사국장서상준,의사국장 서상준,노동,1956-03,0
의사국장서상준,의사국장 서상준,노동,1956-04,0
의사국장서상준,의사국장 서상준,노동,1956-05,0
의사국장서상준,의사국장 서상준,노동,1956-06,3
의사국장서상준,의사국장 서상준,노동,1956-07,1
의사국장서상준,의사국장 서상준,노동,1956-08,1
의사국장서상준,의사국장 서상준,노동,1956-09,0
의사국장서상준,의사국장 서상준,노동,1956-10,1
의사국장서상준,의사국장 서상준,노동,1956-11,0
의사국장서상준,의사국장 서상준,노동,1956-12,0
의사국장서상준,의사국장 서상준,노동,1957-01,0
의사국장서상준,의사국장 서상준,노동,1957-02,0
의사국장서상준,의사국장 서상준,노동,1957-03,0
의사국장서상준,의사국장 서상준,노동,1957-04,0
의사국장서상준,의사국장 서상준,노동,1957-05,1
의사국장서상준,의사국장 서상준,노동,1957-06,0
의사국장서상준,의사국장 서상준,노동,1957-07,0
의사국장서상준,의사국장 서상준,노동,1957-08,0
의사국장서상준,의사국장 서상준,노동,1957-09,0
의사국장서상준,의사국장 서상준,노동,1957-10,0
의사국장서상준,의사국장 서상준,노동,1957-11,0
의사국장서상준,의사국장 서상준,노동,1957-12,0
의사국장서상준,의사국장 서상준,노동,1958-01,0
의사국장서상준,의사국장 서상준,노동,1958-02,1
의사국장서상준,의사국장 서상준,노동,1958-03,0
의사국장서상준,의사국장 서상준,노동,1958-04,0
의사국장서상준,의사국장 서상준,노동,1958-05,0
의사국장서상준,의사국장 서상준,노동,1958-06,0
의사국장서상준,의사국장 서상준,노동,1958-07,0
의사국장서상준,의사국장 서상준,노동,1958-08,0
의사국장서상준,의사국장 서상준,노동,1958-09,0
의사국장서상준,의사국장 서상준,노동,1958-10,0
의사국장서상준,의사국장 서상준,노동,1958-11,0
의사국장서상준,의사국장 서상준,노동,1958-12,0
의사국장서상준,의사국장 서상준,노동,1959-05,0
의사국장서상준,의사국장 서상준,노동,1959-06,0
의사국장서상준,의사국장 서상준,노동,1959-07,0
의사국장서상준,의사국장 서상준,노동,1959-10,0
의사국장서상준,의사국장 서상준,노동,1959-11,0
의사국장서상준,의사국장 서상준,노동,1959-12,0
부의장조경규,부의장 조경규,노동,1948-08,0
부의장조경규,부의장 조경규,노동,1948-09,0
부의장조경규,부의장 조경규,노동,1948-10,0
부의장조경규,부의장 조경규,노동,1948-11,0
부의장조경규,부의장 조경규,노동,1948-12,0
부의장조경규,부의장 조경규,노동,1949-01,0
부의장조경규,부의장 조경규,노동,1949-02,0
부의장조경규,부의장 조경규,노동,1949-03,0
부의장조경규,부의장 조경규,노동,1949-04,0
부의장조경규,부의장 조경규,노동,1949-05,0
부의장조경규,부의장 조경규,노동,1949-06,0
부의장조경규,부의장 조경규,노동,1949-07,0
부의장조경규,부의장 조경규,노동,1949-08,0
부의장조경규,부의장 조경규,노동,1949-09,0
부의장조경규,부의장 조경규,노동,1949-10,0
부의장조경규,부의장 조경규,노동,1949-11,0
부의장조경규,부의장 조경규,노동,1949-12,0
부의장조경규,부의장 조경규,노동,1950-01,0
부의장조경규,부의장 조경규,노동,1950-02,0
부의장조경규,부의장 조경규,노동,1950-03,0
부의장조경규,부의장 조경규,노동,1950-04,0
부의장조경규,부의장 조경규,노동,1950-06,0
부의장조경규,부의장 조경규,노동,1950-10,0
부의장조경규,부의장 조경규,노동,1950-11,0
부의장조경규,부의장 조경규,노동,1950-12,0
부의장조경규,부의장 조경규,노동,1951-01,0
부의장조경규,부의장 조경규,노동,1951-02,0
부의장조경규,부의장 조경규,노동,1951-03,0
부의장조경규,부의장 조경규,노동,1951-04,0
부의장조경규,부의장 조경규,노동,1951-05,0
부의장조경규,부의장 조경규,노동,1951-06,0
부의장조경규,부의장 조경규,노동,1951-07,0
부의장조경규,부의장 조경규,노동,1951-08,0
부의장조경규,부의장 조경규,노동,1951-09,0
부의장조경규,부의장 조경규,노동,1951-10,0
부의장조경규,부의장 조경규,노동,1951-11,0
부의장조경규,부의장 조경규,노동,1951-12,0
부의장조경규,부의장 조경규,노동,1952-01,0
부의장조경규,부의장 조경규,노동,1952-02,0
부의장조경규,부의장 조경규,노동,1952-03,0
부의장조경규,부의장 조경규,노동,1952-04,0
부의장조경규,부의장 조경규,노동,1952-05,0
부의장조경규,부의장 조경규,노동,1952-06,0
부의장조경규,부의장 조경규,노동,1952-07,0
부의장조경규,부의장 조경규,노동,1952-08,0
부의장조경규,부의장 조경규,노동,1952-09,0
부의장조경규,부의장 조경규,노동,1952-10,0
부의장조경규,부의장 조경규,노동,1952-11,0
부의장조경규,부의장 조경규,노동,1952-12,0
부의장조경규,부의장 조경규,노동,1953-01,0
부의장조경규,부의장 조경규,노동,1953-02,0
부의장조경규,부의장 조경규,노동,1953-03,0
부의장조경규,부의장 조경규,노동,1953-04,0
부의장조경규,부의장 조경규,노동,1953-05,0
부의장조경규,부의장 조경규,노동,1953-06,0
부의장조경규,부의장 조경규,노동,1953-07,0
부의장조경규,부의장 조경규,노동,1953-08,0
부의장조경규,부의장 조경규,노동,1953-09,0
부의장조경규,부의장 조경규,노동,1953-10,0
부의장조경규,부의장 조경규,노동,1953-11,0
부의장조경규,부의장 조경규,노동,1953-12,0
부의장조경규,부의장 조경규,노동,1954-01,0
부의장조경규,부의장 조경규,노동,1954-02,0
부의장조경규,부의장 조경규,노동,1954-03,0
부의장조경규,부의장 조경규,노동,1954-04,0
부의장조경규,부의장 조경규,노동,1954-05,0
부의장조경규,부의장 조경규,노동,1954-06,0
부의장조경규,부의장 조경규,노동,1954-07,0
부의장조경규,부의장 조경규,노동,1954-08,0
부의장조경규,부의장 조경규,노동,1954-09,0
부의장조경규,부의장 조경규,노동,1954-10,0
부의장조경규,부의장 조경규,노동,1954-11,0
부의장조경규,부의장 조경규,노동,1954-12,0
부의장조경규,부의장 조경규,노동,1955-01,0
부의장조경규,부의장 조경규,노동,1955-02,0
부의장조경규,부의장 조경규,노동,1955-03,0
부의장조경규,부의장 조경규,노동,1955-04,0
부의장조경규,부의장 조경규,노동,1955-05,0
부의장조경규,부의장 조경규,노동,1955-06,0
부의장조경규,부의장 조경규,노동,1955-07,0
부의장조경규,부의장 조경규,노동,1955-09,0
부의장조경규,부의장 조경규,노동,1955-10,0
부의장조경규,부의장 조경규,노동,1955-11,0
부의장조경규,부의장 조경규,노동,1955-12,0
부의장조경규,부의장 조경규,노동,1956-01,0
부의장조경규,부의장 조경규,노동,1956-02,0
부의장조경규,부의장 조경규,노동,1956-03,0
부의장조경규,부의장 조경규,노동,1956-04,0
부의장조경규,부의장 조경규,노동,1956-05,0
부의장조경규,부의장 조경규,노동,1956-06,0
부의장조경규,부의장 조경규,노동,1956-07,0
부의장조경규,부의장 조경규,노동,1956-08,0
부의장조경규,부의장 조경규,노동,1956-09,0
부의장조경규,부의장 조경규,노동,1956-10,0
부의장조경규,부의장 조경규,노동,1956-11,0
부의장조경규,부의장 조경규,노동,1956-12,0
부의장조경규,부의장 조경규,노동,1957-01,0
부의장조경규,부의장 조경규,노동,1957-02,0
부의장조경규,부의장 조경규,노동,1957-03,0
부의장조경규,부의장 조경규,노동,1957-04,0
부의장조경규,부의장 조경규,노동,1957-05,0
부의장조경규,부의장 조경규,노동,1957-06,0
부의장조경규,부의장 조경규,노동,1957-07,0
부의장조경규,부의장 조경규,노동,1957-08,0
부의장조경규,부의장 조경규,노동,1957-09,0
부의장조경규,부의장 조경규,노동,1957-10,0
부의장조경규,부의장 조경규,노동,1957-11,0
부의장조경규,부의장 조경규,노동,1957-12,0
부의장조경규,부의장 조경규,노동,1958-01,0
부의장조경규,부의장 조경규,노동,1958-02,0
부의장조경규,부의장 조경규,노동,1958-03,0
부의장조경규,부의장 조경규,노동,1958-04,0
부의장조경규,부의장 조경규,노동,1958-05,0
부의장조경규,부의장 조경규,노동,1958-06,0
부의장조경규,부의장 조경규,노동,1958-07,0
부의장조경규,부의장 조경규,노동,1958-08,0
부의장조경규,부의장 조경규,노동,1958-09,0
부의장조경규,부의장 조경규,노동,1958-10,0
부의장조경규,부의장 조경규,노동,1958-11,0
부의장조경규,부의장 조경규,노동,1958-12,0
부의장조경규,부의장 조경규,노동,1959-05,0
부의장조경규,부의장 조경규,노동,1959-06,0
부의장조경규,부의장 조경규,노동,1959-07,0
부의장조경규,부의장 조경규,노동,1959-10,0
부의장조경규,부의장 조경규,노동,1959-11,0
부의장조경규,부의장 조경규,노동,1959-12,0
부의장조봉암,부의장 조봉암,노동,1948-08,0
부의장조봉암,부의장 조봉암,노동,1948-09,0
부의장조봉암,부의장 조봉암,노동,1948-10,0
부의장조봉암,부의장 조봉암,노동,1948-11,0
부의장조봉암,부의장 조봉암,노동,1948-12,0
부의장조봉암,부의장 조봉암,노동,1949-01,0
부의장조봉암,부의장 조봉암,노동,1949-02,0
부의장조봉암,부의장 조봉암,노동,1949-03,0
부의장조봉암,부의장 조봉암,노동,1949-04,0
부의장조봉암,부의장 조봉암,노동,1949-05,0
부의장조봉암,부의장 조봉암,노동,1949-06,0
부의장조봉암,부의장 조봉암,노동,1949-07,0
부의장조봉암,부의장 조봉암,노동,1949-08,0
부의장조봉암,부의장 조봉암,노동,1949-09,0
부의장조봉암,부의장 조봉암,노동,1949-10,0
부의장조봉암,부의장 조봉암,노동,1949-11,0
부의장조봉암,부의장 조봉암,노동,1949-12,0
부의장조봉암,부의장 조봉암,노동,1950-01,0
부의장조봉암,부의장 조봉암,노동,1950-02,0
부의장조봉암,부의장 조봉암,노동,1950-03,0
부의장조봉암,부의장 조봉암,노동,1950-04,0
부의장조봉암,부의장 조봉암,노동,1950-06,0
부의장조봉암,부의장 조봉암,노동,1950-10,0
부의장조봉암,부의장 조봉암,노동,1950-11,0
부의장조봉암,부의장 조봉암,노동,1950-12,0
부의장조봉암,부의장 조봉암,노동,1951-01,0
부의장조봉암,부의장 조봉암,노동,1951-02,0
부의장조봉암,부의장 조봉암,노동,1951-03,0
부의장조봉암,부의장 조봉암,노동,1951-04,0
부의장조봉암,부의장 조봉암,노동,1951-05,0
부의장조봉암,부의장 조봉암,노동,1951-06,0
부의장조봉암,부의장 조봉암,노동,1951-07,0
부의장조봉암,부의장 조봉암,노동,1951-08,0
부의장조봉암,부의장 조봉암,노동,1951-09,0
부의장조봉암,부의장 조봉암,노동,1951-10,0
부의장조봉암,부의장 조봉암,노동,1951-11,2
부의장조봉암,부의장 조봉암,노동,1951-12,0
부의장조봉암,부의장 조봉암,노동,1952-01,0
부의장조봉암,부의장 조봉암,노동,1952-02,0
부의장조봉암,부의장 조봉암,노동,1952-03,0
부의장조봉암,부의장 조봉암,노동,1952-04,0
부의장조봉암,부의장 조봉암,노동,1952-05,0
부의장조봉암,부의장 조봉암,노동,1952-06,0
부의장조봉암,부의장 조봉암,노동,1952-07,0
부의장조봉암,부의장 조봉암,노동,1952-08,0
부의장조봉암,부의장 조봉암,노동,1952-09,0
부의장조봉암,부의장 조봉암,노동,1952-10,1
부의장조봉암,부의장 조봉암,노동,1952-11,1
부의장조봉암,부의장 조봉암,노동,1952-12,0
부의장조봉암,부의장 조봉암,노동,1953-01,4
부의장조봉암,부의장 조봉암,노동,1953-02,0
부의장조봉암,부의장 조봉암,노동,1953-03,1
부의장조봉암,부의장 조봉암,노동,1953-04,5
부의장조봉암,부의장 조봉암,노동,1953-05,1
부의장조봉암,부의장 조봉암,노동,1953-06,0
부의장조봉암,부의장 조봉암,노동,1953-07,0
부의장조봉암,부의장 조봉암,노동,1953-08,0
부의장조봉암,부의장 조봉암,노동,1953-09,1
부의장조봉암,부의장 조봉암,노동,1953-10,0
부의장조봉암,부의장 조봉암,노동,1953-11,0
부의장조봉암,부의장 조봉암,노동,1953-12,0
부의장조봉암,부의장 조봉암,노동,1954-01,0
부의장조봉암,부의장 조봉암,노동,1954-02,0
부의장조봉암,부의장 조봉암,노동,1954-03,1
부의장조봉암,부의장 조봉암,노동,1954-04,0
부의장조봉암,부의장 조봉암,노동,1954-05,0
부의장조봉암,부의장 조봉암,노동,1954-06,0
부의장조봉암,부의장 조봉암,노동,1954-07,0
부의장조봉암,부의장 조봉암,노동,1954-08,0
부의장조봉암,부의장 조봉암,노동,1954-09,0
부의장조봉암,부의장 조봉암,노동,1954-10,0
부의장조봉암,부의장 조봉암,노동,1954-11,0
부의장조봉암,부의장 조봉암,노동,1954-12,0
부의장조봉암,부의장 조봉암,노동,1955-01,0
부의장조봉암,부의장 조봉암,노동,1955-02,0
부의장조봉암,부의장 조봉암,노동,1955-03,0
부의장조봉암,부의장 조봉암,노동,1955-04,0
부의장조봉암,부의장 조봉암,노동,1955-05,0
부의장조봉암,부의장 조봉암,노동,1955-06,0
부의장조봉암,부의장 조봉암,노동,1955-07,0
부의장조봉암,부의장 조봉암,노동,1955-09,0
부의장조봉암,부의장 조봉암,노동,1955-10,0
부의장조봉암,부의장 조봉암,노동,1955-11,0
부의장조봉암,부의장 조봉암,노동,1955-12,0
부의장조봉암,부의장 조봉암,노동,1956-01,0
부의장조봉암,부의장 조봉암,노동,1956-02,0
부의장조봉암,부의장 조봉암,노동,1956-03,0
부의장조봉암,부의장 조봉암,노동,1956-04,0
부의장조봉암,부의장 조봉암,노동,1956-05,0
부의장조봉암,부의장 조봉암,노동,1956-06,0
부의장조봉암,부의장 조봉암,노동,1956-07,0
부의장조봉암,부의장 조봉암,노동,1956-08,0
부의장조봉암,부의장 조봉암,노동,1956-09,0
부의장조봉암,부의장 조봉암,노동,1956-10,0
부의장조봉암,부의장 조봉암,노동,1956-11,0
부의장조봉암,부의장 조봉암,노동,1956-12,0
부의장조봉암,부의장 조봉암,노동,1957-01,0
부의장조봉암,부의장 조봉암,노동,1957-02,0
부의장조봉암,부의장 조봉암,노동,1957-03,0
부의장조봉암,부의장 조봉암,노동,1957-04,0
부의장조봉암,부의장 조봉암,노동,1957-05,0
부의장조봉암,부의장 조봉암,노동,1957-06,0
부의장조봉암,부의장 조봉암,노동,1957-07,0
부의장조봉암,부의장 조봉암,노동,1957-08,0
부의장조봉암,부의장 조봉암,노동,1957-09,0
부의장조봉암,부의장 조봉암,노동,1957-10,0
부의장조봉암,부의장 조봉암,노동,1957-11,0
부의장조봉암,부의장 조봉암,노동,1957-12,0
부의장조봉암,부의장 조봉암,노동,1958-01,0
부의장조봉암,부의장 조봉암,노동,1958-02,0
부의장조봉암,부의장 조봉암,노동,1958-03,0
부의장조봉암,부의장 조봉암,노동,1958-04,0
부의장조봉암,부의장 조봉암,노동,1958-05,0
부의장조봉암,부의장 조봉암,노동,1958-06,0
부의장조봉암,부의장 조봉암,노동,1958-07,0
부의장조봉암,부의장 조봉암,노동,1958-08,0
부의장조봉암,부의장 조봉암,노동,1958-09,0
부의장조봉암,부의장 조봉암,노동,1958-10,0
부의장조봉암,부의장 조봉암,노동,1958-11,0
부의장조봉암,부의장 조봉암,노동,1958-12,0
부의장조봉암,부의장 조봉암,노동,1959-05,0
부의장조봉암,부의장 조봉암,노동,1959-06,0
부의장조봉암,부의장 조봉암,노동,1959-07,0
부의장조봉암,부의장 조봉암,노동,1959-10,0
부의장조봉암,부의장 조봉암,노동,1959-11,0
부의장조봉암,부의장 조봉암,노동,1959-12,0
재무부장관김현철,재무부장관 김현철,노동,1948-08,0
재무부장관김현철,재무부장관 김현철,노동,1948-09,0
재무부장관김현철,재무부장관 김현철,노동,1948-10,0
재무부장관김현철,재무부장관 김현철,노동,1948-11,0
재무부장관김현철,재무부장관 김현철,노동,1948-12,0
재무부장관김현철,재무부장관 김현철,노동,1949-01,0
재무부장관김현철,재무부장관 김현철,노동,1949-02,0
재무부장관김현철,재무부장관 김현철,노동,1949-03,0
재무부장관김현철,재무부장관 김현철,노동,1949-04,0
재무부장관김현철,재무부장관 김현철,노동,1949-05,0
재무부장관김현철,재무부장관 김현철,노동,1949-06,0
재무부장관김현철,재무부장관 김현철,노동,1949-07,0
재무부장관김현철,재무부장관 김현철,노동,1949-08,0
재무부장관김현철,재무부장관 김현철,노동,1949-09,0
재무부장관김현철,재무부장관 김현철,노동,1949-10,0
재무부장관김현철,재무부장관 김현철,노동,1949-11,0
재무부장관김현철,재무부장관 김현철,노동,1949-12,0
재무부장관김현철,재무부장관 김현철,노동,1950-01,0
재무부장관김현철,재무부장관 김현철,노동,1950-02,0
재무부장관김현철,재무부장관 김현철,노동,1950-03,0
재무부장관김현철,재무부장관 김현철,노동,1950-04,0
재무부장관김현철,재무부장관 김현철,노동,1950-06,0
재무부장관김현철,재무부장관 김현철,노동,1950-10,0
재무부장관김현철,재무부장관 김현철,노동,1950-11,0
재무부장관김현철,재무부장관 김현철,노동,1950-12,0
재무부장관김현철,재무부장관 김현철,노동,1951-01,0
재무부장관김현철,재무부장관 김현철,노동,1951-02,0
재무부장관김현철,재무부장관 김현철,노동,1951-03,0
재무부장관김현철,재무부장관 김현철,노동,1951-04,0
재무부장관김현철,재무부장관 김현철,노동,1951-05,0
재무부장관김현철,재무부장관 김현철,노동,1951-06,0
재무부장관김현철,재무부장관 김현철,노동,1951-07,0
재무부장관김현철,재무부장관 김현철,노동,1951-08,0
재무부장관김현철,재무부장관 김현철,노동,1951-09,0
재무부장관김현철,재무부장관 김현철,노동,1951-10,0
재무부장관김현철,재무부장관 김현철,노동,1951-11,0
재무부장관김현철,재무부장관 김현철,노동,1951-12,0
재무부장관김현철,재무부장관 김현철,노동,1952-01,0
재무부장관김현철,재무부장관 김현철,노동,1952-02,0
재무부장관김현철,재무부장관 김현철,노동,1952-03,0
재무부장관김현철,재무부장관 김현철,노동,1952-04,0
재무부장관김현철,재무부장관 김현철,노동,1952-05,0
재무부장관김현철,재무부장관 김현철,노동,1952-06,0
재무부장관김현철,재무부장관 김현철,노동,1952-07,0
재무부장관김현철,재무부장관 김현철,노동,1952-08,0
재무부장관김현철,재무부장관 김현철,노동,1952-09,0
재무부장관김현철,재무부장관 김현철,노동,1952-10,0
재무부장관김현철,재무부장관 김현철,노동,1952-11,0
재무부장관김현철,재무부장관 김현철,노동,1952-12,0
재무부장관김현철,재무부장관 김현철,노동,1953-01,0
재무부장관김현철,재무부장관 김현철,노동,1953-02,0
재무부장관김현철,재무부장관 김현철,노동,1953-03,0
재무부장관김현철,재무부장관 김현철,노동,1953-04,0
재무부장관김현철,재무부장관 김현철,노동,1953-05,0
재무부장관김현철,재무부장관 김현철,노동,1953-06,0
재무부장관김현철,재무부장관 김현철,노동,1953-07,0
재무부장관김현철,재무부장관 김현철,노동,1953-08,0
재무부장관김현철,재무부장관 김현철,노동,1953-09,0
재무부장관김현철,재무부장관 김현철,노동,1953-10,0
재무부장관김현철,재무부장관 김현철,노동,1953-11,0
재무부장관김현철,재무부장관 김현철,노동,1953-12,0
재무부장관김현철,재무부장관 김현철,노동,1954-01,0
재무부장관김현철,재무부장관 김현철,노동,1954-02,0
재무부장관김현철,재무부장관 김현철,노동,1954-03,0
재무부장관김현철,재무부장관 김현철,노동,1954-04,0
재무부장관김현철,재무부장관 김현철,노동,1954-05,0
재무부장관김현철,재무부장관 김현철,노동,1954-06,0
재무부장관김현철,재무부장관 김현철,노동,1954-07,0
재무부장관김현철,재무부장관 김현철,노동,1954-08,0
재무부장관김현철,재무부장관 김현철,노동,1954-09,0
재무부장관김현철,재무부장관 김현철,노동,1954-10,0
재무부장관김현철,재무부장관 김현철,노동,1954-11,0
재무부장관김현철,재무부장관 김현철,노동,1954-12,0
재무부장관김현철,재무부장관 김현철,노동,1955-01,0
재무부장관김현철,재무부장관 김현철,노동,1955-02,0
재무부장관김현철,재무부장관 김현철,노동,1955-03,0
재무부장관김현철,재무부장관 김현철,노동,1955-04,0
재무부장관김현철,재무부장관 김현철,노동,1955-05,0
재무부장관김현철,재무부장관 김현철,노동,1955-06,0
재무부장관김현철,재무부장관 김현철,노동,1955-07,3
재무부장관김현철,재무부장관 김현철,노동,1955-09,0
재무부장관김현철,재무부장관 김현철,노동,1955-10,0
재무부장관김현철,재무부장관 김현철,노동,1955-11,1
재무부장관김현철,재무부장관 김현철,노동,1955-12,1
재무부장관김현철,재무부장관 김현철,노동,1956-01,0
재무부장관김현철,재무부장관 김현철,노동,1956-02,1
재무부장관김현철,재무부장관 김현철,노동,1956-03,0
재무부장관김현철,재무부장관 김현철,노동,1956-04,0
재무부장관김현철,재무부장관 김현철,노동,1956-05,0
재무부장관김현철,재무부장관 김현철,노동,1956-06,0
재무부장관김현철,재무부장관 김현철,노동,1956-07,0
재무부장관김현철,재무부장관 김현철,노동,1956-08,0
재무부장관김현철,재무부장관 김현철,노동,1956-09,0
재무부장관김현철,재무부장관 김현철,노동,1956-10,0
재무부장관김현철,재무부장관 김현철,노동,1956-11,0
재무부장관김현철,재무부장관 김현철,노동,1956-12,0
재무부장관김현철,재무부장관 김현철,노동,1957-01,0
재무부장관김현철,재무부장관 김현철,노동,1957-02,0
재무부장관김현철,재무부장관 김현철,노동,1957-03,0
재무부장관김현철,재무부장관 김현철,노동,1957-04,0
재무부장관김현철,재무부장관 김현철,노동,1957-05,0
재무부장관김현철,재무부장관 김현철,노동,1957-06,0
재무부장관김현철,재무부장관 김현철,노동,1957-07,0
재무부장관김현철,재무부장관 김현철,노동,1957-08,0
재무부장관김현철,재무부장관 김현철,노동,1957-09,0
재무부장관김현철,재무부장관 김현철,노동,1957-10,0
재무부장관김현철,재무부장관 김현철,노동,1957-11,1
재무부장관김현철,재무부장관 김현철,노동,1957-12,3
재무부장관김현철,재무부장관 김현철,노동,1958-01,0
재무부장관김현철,재무부장관 김현철,노동,1958-02,0
재무부장관김현철,재무부장관 김현철,노동,1958-03,0
재무부장관김현철,재무부장관 김현철,노동,1958-04,0
재무부장관김현철,재무부장관 김현철,노동,1958-05,0
재무부장관김현철,재무부장관 김현철,노동,1958-06,0
재무부장관김현철,재무부장관 김현철,노동,1958-07,7
재무부장관김현철,재무부장관 김현철,노동,1958-08,5
재무부장관김현철,재무부장관 김현철,노동,1958-09,0
재무부장관김현철,재무부장관 김현철,노동,1958-10,0
재무부장관김현철,재무부장관 김현철,노동,1958-11,2
재무부장관김현철,재무부장관 김현철,노동,1958-12,3
재무부장관김현철,재무부장관 김현철,노동,1959-05,0
재무부장관김현철,재무부장관 김현철,노동,1959-06,0
재무부장관김현철,재무부장관 김현철,노동,1959-07,0
재무부장관김현철,재무부장관 김현철,노동,1959-10,0
재무부장관김현철,재무부장관 김현철,노동,1959-11,0
재무부장관김현철,재무부장관 김현철,노동,1959-12,0
예산결산위원장이충환,예산결산위원장 이충환,노동,1948-08,0
예산결산위원장이충환,예산결산위원장 이충환,노동,1948-09,0
예산결산위원장이충환,예산결산위원장 이충환,노동,1948-10,0
예산결산위원장이충환,예산결산위원장 이충환,노동,1948-11,0
예산결산위원장이충환,예산결산위원장 이충환,노동,1948-12,0
예산결산위원장이충환,예산결산위원장 이충환,노동,1949-01,0
예산결산위원장이충환,예산결산위원장 이충환,노동,1949-02,0
예산결산위원장이충환,예산결산위원장 이충환,노동,1949-03,0
예산결산위원장이충환,예산결산위원장 이충환,노동,1949-04,0
예산결산위원장이충환,예산결산위원장 이충환,노동,1949-05,0
예산결산위원장이충환,예산결산위원장 이충환,노동,1949-06,0
예산결산위원장이충환,예산결산위원장 이충환,노동,1949-07,0
예산결산위원장이충환,예산결산위원장 이충환,노동,1949-08,0
예산결산위원장이충환,예산결산위원장 이충환,노동,1949-09,0
예산결산위원장이충환,예산결산위원장 이충환,노동,1949-10,0
예산결산위원장이충환,예산결산위원장 이충환,노동,1949-11,0
예산결산위원장이충환,예산결산위원장 이충환,노동,1949-12,0
예산결산위원장이충환,예산결산위원장 이충환,노동,1950-01,0
예산결산위원장이충환,예산결산위원장 이충환,노동,1950-02,0
예산결산위원장이충환,예산결산위원장 이충환,노동,1950-03,0
예산결산위원장이충환,예산결산위원장 이충환,노동,1950-04,0
예산결산위원장이충환,예산결산위원장 이충환,노동,1950-06,0
예산결산위원장이충환,예산결산위원장 이충환,노동,1950-10,0
예산결산위원장이충환,예산결산위원장 이충환,노동,1950-11,0
예산결산위원장이충환,예산결산위원장 이충환,노동,1950-12,0
예산결산위원장이충환,예산결산위원장 이충환,노동,1951-01,0
예산결산위원장이충환,예산결산위원장 이충환,노동,1951-02,0
예산결산위원장이충환,예산결산위원장 이충환,노동,1951-03,0
예산결산위원장이충환,예산결산위원장 이충환,노동,1951-04,0
예산결산위원장이충환,예산결산위원장 이충환,노동,1951-05,0
예산결산위원장이충환,예산결산위원장 이충환,노동,1951-06,0
예산결산위원장이충환,예산결산위원장 이충환,노동,1951-07,0
예산결산위원장이충환,예산결산위원장 이충환,노동,1951-08,0
예산결산위원장이충환,예산결산위원장 이충환,노동,1951-09,0
예산결산위원장이충환,예산결산위원장 이충환,노동,1951-10,0
예산결산위원장이충환,예산결산위원장 이충환,노동,1951-11,0
예산결산위원장이충환,예산결산위원장 이충환,노동,1951-12,0
예산결산위원장이충환,예산결산위원장 이충환,노동,1952-01,0
예산결산위원장이충환,예산결산위원장 이충환,노동,1952-02,0
예산결산위원장이충환,예산결산위원장 이충환,노동,1952-03,0
예산결산위원장이충환,예산결산위원장 이충환,노동,1952-04,0
예산결산위원장이충환,예산결산위원장 이충환,노동,1952-05,0
예산결산위원장이충환,예산결산위원장 이충환,노동,1952-06,0
예산결산위원장이충환,예산결산위원장 이충환,노동,1952-07,0
예산결산위원장이충환,예산결산위원장 이충환,노동,1952-08,0
예산결산위원장이충환,예산결산위원장 이충환,노동,1952-09,0
예산결산위원장이충환,예산결산위원장 이충환,노동,1952-10,0
예산결산위원장이충환,예산결산위원장 이충환,노동,1952-11,0
예산결산위원장이충환,예산결산위원장 이충환,노동,1952-12,0
예산결산위원장이충환,예산결산위원장 이충환,노동,1953-01,0
예산결산위원장이충환,예산결산위원장 이충환,노동,1953-02,0
예산결산위원장이충환,예산결산위원장 이충환,노동,1953-03,0
예산결산위원장이충환,예산결산위원장 이충환,노동,1953-04,0
예산결산위원장이충환,예산결산위원장 이충환,노동,1953-05,0
예산결산위원장이충환,예산결산위원장 이충환,노동,1953-06,0
예산결산위원장이충환,예산결산위원장 이충환,노동,1953-07,0
예산결산위원장이충환,예산결산위원장 이충환,노동,1953-08,0
예산결산위원장이충환,예산결산위원장 이충환,노동,1953-09,0
예산결산위원장이충환,예산결산위원장 이충환,노동,1953-10,0
예산결산위원장이충환,예산결산위원장 이충환,노동,1953-11,0
예산결산위원장이충환,예산결산위원장 이충환,노동,1953-12,0
예산결산위원장이충환,예산결산위원장 이충환,노동,1954-01,0
예산결산위원장이충환,예산결산위원장 이충환,노동,1954-02,0
예산결산위원장이충환,예산결산위원장 이충환,노동,1954-03,1
예산결산위원장이충환,예산결산위원장 이충환,노동,1954-04,0
예산결산위원장이충환,예산결산위원장 이충환,노동,1954-05,0
예산결산위원장이충환,예산결산위원장 이충환,노동,1954-06,0
예산결산위원장이충환,예산결산위원장 이충환,노동,1954-07,0
예산결산위원장이충환,예산결산위원장 이충환,노동,1954-08,0
예산결산위원장이충환,예산결산위원장 이충환,노동,1954-09,0
예산결산위원장이충환,예산결산위원장 이충환,노동,1954-10,0
예산결산위원장이충환,예산결산위원장 이충환,노동,1954-11,0
예산결산위원장이충환,예산결산위원장 이충환,노동,1954-12,0
예산결산위원장이충환,예산결산위원장 이충환,노동,1955-01,0
예산결산위원장이충환,예산결산위원장 이충환,노동,1955-02,0
예산결산위원장이충환,예산결산위원장 이충환,노동,1955-03,0
예산결산위원장이충환,예산결산위원장 이충환,노동,1955-04,0
예산결산위원장이충환,예산결산위원장 이충환,노동,1955-05,0
예산결산위원장이충환,예산결산위원장 이충환,노동,1955-06,0
예산결산위원장이충환,예산결산위원장 이충환,노동,1955-07,0
예산결산위원장이충환,예산결산위원장 이충환,노동,1955-09,0
예산결산위원장이충환,예산결산위원장 이충환,노동,1955-10,0
예산결산위원장이충환,예산결산위원장 이충환,노동,1955-11,0
예산결산위원장이충환,예산결산위원장 이충환,노동,1955-12,0
예산결산위원장이충환,예산결산위원장 이충환,노동,1956-01,0
예산결산위원장이충환,예산결산위원장 이충환,노동,1956-02,0
예산결산위원장이충환,예산결산위원장 이충환,노동,1956-03,0
예산결산위원장이충환,예산결산위원장 이충환,노동,1956-04,0
예산결산위원장이충환,예산결산위원장 이충환,노동,1956-05,0
예산결산위원장이충환,예산결산위원장 이충환,노동,1956-06,0
예산결산위원장이충환,예산결산위원장 이충환,노동,1956-07,0
예산결산위원장이충환,예산결산위원장 이충환,노동,1956-08,0
예산결산위원장이충환,예산결산위원장 이충환,노동,1956-09,0
예산결산위원장이충환,예산결산위원장 이충환,노동,1956-10,0
예산결산위원장이충환,예산결산위원장 이충환,노동,1956-11,0
예산결산위원장이충환,예산결산위원장 이충환,노동,1956-12,0
예산결산위원장이충환,예산결산위원장 이충환,노동,1957-01,0
예산결산위원장이충환,예산결산위원장 이충환,노동,1957-02,0
예산결산위원장이충환,예산결산위원장 이충환,노동,1957-03,0
예산결산위원장이충환,예산결산위원장 이충환,노동,1957-04,0
예산결산위원장이충환,예산결산위원장 이충환,노동,1957-05,0
예산결산위원장이충환,예산결산위원장 이충환,노동,1957-06,0
예산결산위원장이충환,예산결산위원장 이충환,노동,1957-07,0
예산결산위원장이충환,예산결산위원장 이충환,노동,1957-08,0
예산결산위원장이충환,예산결산위원장 이충환,노동,1957-09,0
예산결산위원장이충환,예산결산위원장 이충환,노동,1957-10,0
예산결산위원장이충환,예산결산위원장 이충환,노동,1957-11,0
예산결산위원장이충환,예산결산위원장 이충환,노동,1957-12,0
예산결산위원장이충환,예산결산위원장 이충환,노동,1958-01,0
예산결산위원장이충환,예산결산위원장 이충환,노동,1958-02,0
예산결산위원장이충환,예산결산위원장 이충환,노동,1958-03,0
예산결산위원장이충환,예산결산위원장 이충환,노동,1958-04,0
예산결산위원장이충환,예산결산위원장 이충환,노동,1958-05,0
예산결산위원장이충환,예산결산위원장 이충환,노동,1958-06,0
예산결산위원장이충환,예산결산위원장 이충환,노동,1958-07,0
예산결산위원장이충환,예산결산위원장 이충환,노동,1958-08,0
예산결산위원장이충환,예산결산위원장 이충환,노동,1958-09,0
예산결산위원장이충환,예산결산위원장 이충환,노동,1958-10,0
예산결산위원장이충환,예산결산위원장 이충환,노동,1958-11,0
예산결산위원장이충환,예산결산위원장 이충환,노동,1958-12,0
예산결산위원장이충환,예산결산위원장 이충환,노동,1959-05,0
예산결산위원장이충환,예산결산위원장 이충환,노동,1959-06,0
예산결산위원장이충환,예산결산위원장 이충환,노동,1959-07,0
예산결산위원장이충환,예산결산위원장 이충환,노동,1959-10,0
예산결산위원장이충환,예산결산위원장 이충환,노동,1959-11,0
예산결산위원장이충환,예산결산위원장 이충환,노동,1959-12,0
송방용위원,송방용 위원,노동,1948-08,0
송방용위원,송방용 위원,노동,1948-09,0
송방용위원,송방용 위원,노동,1948-10,0
송방용위원,송방용 위원,노동,1948-11,0
송방용위원,송방용 위원,노동,1948-12,0
송방용위원,송방용 위원,노동,1949-01,0
송방용위원,송방용 위원,노동,1949-02,0
송방용위원,송방용 위원,노동,1949-03,0
송방용위원,송방용 위원,노동,1949-04,0
송방용위원,송방용 위원,노동,1949-05,0
송방용위원,송방용 위원,노동,1949-06,0
송방용위원,송방용 위원,노동,1949-07,0
송방용위원,송방용 위원,노동,1949-08,0
송방용위원,송방용 위원,노동,1949-09,0
송방용위원,송방용 위원,노동,1949-10,0
송방용위원,송방용 위원,노동,1949-11,0
송방용위원,송방용 위원,노동,1949-12,0
송방용위원,송방용 위원,노동,1950-01,0
송방용위원,송방용 위원,노동,1950-02,0
송방용위원,송방용 위원,노동,1950-03,0
송방용위원,송방용 위원,노동,1950-04,0
송방용위원,송방용 위원,노동,1950-06,0
송방용위원,송방용 위원,노동,1950-10,0
송방용위원,송방용 위원,노동,1950-11,0
송방용위원,송방용 위원,노동,1950-12,0
송방용위원,송방용 위원,노동,1951-01,0
송방용위원,송방용 위원,노동,1951-02,0
송방용위원,송방용 위원,노동,1951-03,0
송방용위원,송방용 위원,노동,1951-04,0
송방용위원,송방용 위원,노동,1951-05,0
송방용위원,송방용 위원,노동,1951-06,0
송방용위원,송방용 위원,노동,1951-07,0
송방용위원,송방용 위원,노동,1951-08,0
송방용위원,송방용 위원,노동,1951-09,0
송방용위원,송방용 위원,노동,1951-10,0
송방용위원,송방용 위원,노동,1951-11,0
송방용위원,송방용 위원,노동,1951-12,0
송방용위원,송방용 위원,노동,1952-01,0
송방용위원,송방용 위원,노동,1952-02,0
송방용위원,송방용 위원,노동,1952-03,0
송방용위원,송방용 위원,노동,1952-04,0
송방용위원,송방용 위원,노동,1952-05,0
송방용위원,송방용 위원,노동,1952-06,0
송방용위원,송방용 위원,노동,1952-07,0
송방용위원,송방용 위원,노동,1952-08,0
송방용위원,송방용 위원,노동,1952-09,0
송방용위원,송방용 위원,노동,1952-10,0
송방용위원,송방용 위원,노동,1952-11,0
송방용위원,송방용 위원,노동,1952-12,0
송방용위원,송방용 위원,노동,1953-01,0
송방용위원,송방용 위원,노동,1953-02,0
송방용위원,송방용 위원,노동,1953-03,0
송방용위원,송방용 위원,노동,1953-04,0
송방용위원,송방용 위원,노동,1953-05,0
송방용위원,송방용 위원,노동,1953-06,0
송방용위원,송방용 위원,노동,1953-07,0
송방용위원,송방용 위원,노동,1953-08,0
송방용위원,송방용 위원,노동,1953-09,0
송방용위원,송방용 위원,노동,1953-10,0
송방용위원,송방용 위원,노동,1953-11,0
송방용위원,송방용 위원,노동,1953-12,0
송방용위원,송방용 위원,노동,1954-01,0
송방용위원,송방용 위원,노동,1954-02,0
송방용위원,송방용 위원,노동,1954-03,0
송방용위원,송방용 위원,노동,1954-04,0
송방용위원,송방용 위원,노동,1954-05,0
송방용위원,송방용 위원,노동,1954-06,0
송방용위원,송방용 위원,노동,1954-07,0
송방용위원,송방용 위원,노동,1954-08,0
송방용위원,송방용 위원,노동,1954-09,0
송방용위원,송방용 위원,노동,1954-10,0
송방용위원,송방용 위원,노동,1954-11,0
송방용위원,송방용 위원,노동,1954-12,0
송방용위원,송방용 위원,노동,1955-01,0
송방용위원,송방용 위원,노동,1955-02,0
송방용위원,송방용 위원,노동,1955-03,0
송방용위원,송방용 위원,노동,1955-04,0
송방용위원,송방용 위원,노동,1955-05,0
송방용위원,송방용 위원,노동,1955-06,0
송방용위원,송방용 위원,노동,1955-07,0
송방용위원,송방용 위원,노동,1955-09,0
송방용위원,송방용 위원,노동,1955-10,0
송방용위원,송방용 위원,노동,1955-11,0
송방용위원,송방용 위원,노동,1955-12,0
송방용위원,송방용 위원,노동,1956-01,0
송방용위원,송방용 위원,노동,1956-02,0
송방용위원,송방용 위원,노동,1956-03,0
송방용위원,송방용 위원,노동,1956-04,0
송방용위원,송방용 위원,노동,1956-05,0
송방용위원,송방용 위원,노동,1956-06,0
송방용위원,송방용 위원,노동,1956-07,0
송방용위원,송방용 위원,노동,1956-08,0
송방용위원,송방용 위원,노동,1956-09,0
송방용위원,송방용 위원,노동,1956-10,0
송방용위원,송방용 위원,노동,1956-11,0
송방용위원,송방용 위원,노동,1956-12,0
송방용위원,송방용 위원,노동,1957-01,0
송방용위원,송방용 위원,노동,1957-02,0
송방용위원,송방용 위원,노동,1957-03,0
송방용위원,송방용 위원,노동,1957-04,0
송방용위원,송방용 위원,노동,1957-05,0
송방용위원,송방용 위원,노동,1957-06,0
송방용위원,송방용 위원,노동,1957-07,0
송방용위원,송방용 위원,노동,1957-08,0
송방용위원,송방용 위원,노동,1957-09,0
송방용위원,송방용 위원,노동,1957-10,0
송방용위원,송방용 위원,노동,1957-11,0
송방용위원,송방용 위원,노동,1957-12,0
송방용위원,송방용 위원,노동,1958-01,0
송방용위원,송방용 위원,노동,1958-02,0
송방용위원,송방용 위원,노동,1958-03,0
송방용위원,송방용 위원,노동,1958-04,0
송방용위원,송방용 위원,노동,1958-05,0
송방용위원,송방용 위원,노동,1958-06,0
송방용위원,송방용 위원,노동,1958-07,0
송방용위원,송방용 위원,노동,1958-08,0
송방용위원,송방용 위원,노동,1958-09,0
송방용위원,송방용 위원,노동,1958-10,0
송방용위원,송방용 위원,노동,1958-11,0
송방용위원,송방용 위원,노동,1958-12,0
송방용위원,송방용 위원,노동,1959-05,0
송방용위원,송방용 위원,노동,1959-06,0
송방용위원,송방용 위원,노동,1959-07,0
송방용위원,송방용 위원,노동,1959-10,0
송방용위원,송방용 위원,노동,1959-11,0
송방용위원,송방용 위원,노동,1959-12,0
재정경제위원장이재형,재정경제위원장 이재형,노동,1948-08,0
재정경제위원장이재형,재정경제위원장 이재형,노동,1948-09,0
재정경제위원장이재형,재정경제위원장 이재형,노동,1948-10,0
재정경제위원장이재형,재정경제위원장 이재형,노동,1948-11,0
재정경제위원장이재형,재정경제위원장 이재형,노동,1948-12,0
재정경제위원장이재형,재정경제위원장 이재형,노동,1949-01,0
재정경제위원장이재형,재정경제위원장 이재형,노동,1949-02,0
재정경제위원장이재형,재정경제위원장 이재형,노동,1949-03,0
재정경제위원장이재형,재정경제위원장 이재형,노동,1949-04,0
재정경제위원장이재형,재정경제위원장 이재형,노동,1949-05,0
재정경제위원장이재형,재정경제위원장 이재형,노동,1949-06,0
재정경제위원장이재형,재정경제위원장 이재형,노동,1949-07,0
재정경제위원장이재형,재정경제위원장 이재형,노동,1949-08,0
재정경제위원장이재형,재정경제위원장 이재형,노동,1949-09,0
재정경제위원장이재형,재정경제위원장 이재형,노동,1949-10,0
재정경제위원장이재형,재정경제위원장 이재형,노동,1949-11,0
재정경제위원장이재형,재정경제위원장 이재형,노동,1949-12,0
재정경제위원장이재형,재정경제위원장 이재형,노동,1950-01,0
재정경제위원장이재형,재정경제위원장 이재형,노동,1950-02,0
재정경제위원장이재형,재정경제위원장 이재형,노동,1950-03,0
재정경제위원장이재형,재정경제위원장 이재형,노동,1950-04,0
재정경제위원장이재형,재정경제위원장 이재형,노동,1950-06,0
재정경제위원장이재형,재정경제위원장 이재형,노동,1950-10,0
재정경제위원장이재형,재정경제위원장 이재형,노동,1950-11,0
재정경제위원장이재형,재정경제위원장 이재형,노동,1950-12,0
재정경제위원장이재형,재정경제위원장 이재형,노동,1951-01,0
재정경제위원장이재형,재정경제위원장 이재형,노동,1951-02,0
재정경제위원장이재형,재정경제위원장 이재형,노동,1951-03,14
재정경제위원장이재형,재정경제위원장 이재형,노동,1951-04,1
재정경제위원장이재형,재정경제위원장 이재형,노동,1951-05,0
재정경제위원장이재형,재정경제위원장 이재형,노동,1951-06,0
재정경제위원장이재형,재정경제위원장 이재형,노동,1951-07,0
재정경제위원장이재형,재정경제위원장 이재형,노동,1951-08,0
재정경제위원장이재형,재정경제위원장 이재형,노동,1951-09,0
재정경제위원장이재형,재정경제위원장 이재형,노동,1951-10,0
재정경제위원장이재형,재정경제위원장 이재형,노동,1951-11,0
재정경제위원장이재형,재정경제위원장 이재형,노동,1951-12,2
재정경제위원장이재형,재정경제위원장 이재형,노동,1952-01,0
재정경제위원장이재형,재정경제위원장 이재형,노동,1952-02,0
재정경제위원장이재형,재정경제위원장 이재형,노동,1952-03,0
재정경제위원장이재형,재정경제위원장 이재형,노동,1952-04,0
재정경제위원장이재형,재정경제위원장 이재형,노동,1952-05,0
재정경제위원장이재형,재정경제위원장 이재형,노동,1952-06,0
재정경제위원장이재형,재정경제위원장 이재형,노동,1952-07,0
재정경제위원장이재형,재정경제위원장 이재형,노동,1952-08,0
재정경제위원장이재형,재정경제위원장 이재형,노동,1952-09,0
재정경제위원장이재형,재정경제위원장 이재형,노동,1952-10,5
재정경제위원장이재형,재정경제위원장 이재형,노동,1952-11,0
재정경제위원장이재형,재정경제위원장 이재형,노동,1952-12,0
재정경제위원장이재형,재정경제위원장 이재형,노동,1953-01,0
재정경제위원장이재형,재정경제위원장 이재형,노동,1953-02,0
재정경제위원장이재형,재정경제위원장 이재형,노동,1953-03,0
재정경제위원장이재형,재정경제위원장 이재형,노동,1953-04,0
재정경제위원장이재형,재정경제위원장 이재형,노동,1953-05,0
재정경제위원장이재형,재정경제위원장 이재형,노동,1953-06,0
재정경제위원장이재형,재정경제위원장 이재형,노동,1953-07,0
재정경제위원장이재형,재정경제위원장 이재형,노동,1953-08,0
재정경제위원장이재형,재정경제위원장 이재형,노동,1953-09,0
재정경제위원장이재형,재정경제위원장 이재형,노동,1953-10,0
재정경제위원장이재형,재정경제위원장 이재형,노동,1953-11,0
재정경제위원장이재형,재정경제위원장 이재형,노동,1953-12,0
재정경제위원장이재형,재정경제위원장 이재형,노동,1954-01,0
재정경제위원장이재형,재정경제위원장 이재형,노동,1954-02,0
재정경제위원장이재형,재정경제위원장 이재형,노동,1954-03,0
재정경제위원장이재형,재정경제위원장 이재형,노동,1954-04,0
재정경제위원장이재형,재정경제위원장 이재형,노동,1954-05,0
재정경제위원장이재형,재정경제위원장 이재형,노동,1954-06,0
재정경제위원장이재형,재정경제위원장 이재형,노동,1954-07,0
재정경제위원장이재형,재정경제위원장 이재형,노동,1954-08,0
재정경제위원장이재형,재정경제위원장 이재형,노동,1954-09,0
재정경제위원장이재형,재정경제위원장 이재형,노동,1954-10,0
재정경제위원장이재형,재정경제위원장 이재형,노동,1954-11,0
재정경제위원장이재형,재정경제위원장 이재형,노동,1954-12,0
재정경제위원장이재형,재정경제위원장 이재형,노동,1955-01,0
재정경제위원장이재형,재정경제위원장 이재형,노동,1955-02,0
재정경제위원장이재형,재정경제위원장 이재형,노동,1955-03,0
재정경제위원장이재형,재정경제위원장 이재형,노동,1955-04,0
재정경제위원장이재형,재정경제위원장 이재형,노동,1955-05,0
재정경제위원장이재형,재정경제위원장 이재형,노동,1955-06,0
재정경제위원장이재형,재정경제위원장 이재형,노동,1955-07,0
재정경제위원장이재형,재정경제위원장 이재형,노동,1955-09,0
재정경제위원장이재형,재정경제위원장 이재형,노동,1955-10,0
재정경제위원장이재형,재정경제위원장 이재형,노동,1955-11,0
재정경제위원장이재형,재정경제위원장 이재형,노동,1955-12,0
재정경제위원장이재형,재정경제위원장 이재형,노동,1956-01,0
재정경제위원장이재형,재정경제위원장 이재형,노동,1956-02,0
재정경제위원장이재형,재정경제위원장 이재형,노동,1956-03,0
재정경제위원장이재형,재정경제위원장 이재형,노동,1956-04,0
재정경제위원장이재형,재정경제위원장 이재형,노동,1956-05,0
재정경제위원장이재형,재정경제위원장 이재형,노동,1956-06,0
재정경제위원장이재형,재정경제위원장 이재형,노동,1956-07,0
재정경제위원장이재형,재정경제위원장 이재형,노동,1956-08,0
재정경제위원장이재형,재정경제위원장 이재형,노동,1956-09,0
재정경제위원장이재형,재정경제위원장 이재형,노동,1956-10,0
재정경제위원장이재형,재정경제위원장 이재형,노동,1956-11,0
재정경제위원장이재형,재정경제위원장 이재형,노동,1956-12,0
재정경제위원장이재형,재정경제위원장 이재형,노동,1957-01,0
재정경제위원장이재형,재정경제위원장 이재형,노동,1957-02,0
재정경제위원장이재형,재정경제위원장 이재형,노동,1957-03,0
재정경제위원장이재형,재정경제위원장 이재형,노동,1957-04,0
재정경제위원장이재형,재정경제위원장 이재형,노동,1957-05,0
재정경제위원장이재형,재정경제위원장 이재형,노동,1957-06,0
재정경제위원장이재형,재정경제위원장 이재형,노동,1957-07,0
재정경제위원장이재형,재정경제위원장 이재형,노동,1957-08,0
재정경제위원장이재형,재정경제위원장 이재형,노동,1957-09,0
재정경제위원장이재형,재정경제위원장 이재형,노동,1957-10,0
재정경제위원장이재형,재정경제위원장 이재형,노동,1957-11,0
재정경제위원장이재형,재정경제위원장 이재형,노동,1957-12,0
재정경제위원장이재형,재정경제위원장 이재형,노동,1958-01,0
재정경제위원장이재형,재정경제위원장 이재형,노동,1958-02,0
재정경제위원장이재형,재정경제위원장 이재형,노동,1958-03,0
재정경제위원장이재형,재정경제위원장 이재형,노동,1958-04,0
재정경제위원장이재형,재정경제위원장 이재형,노동,1958-05,0
재정경제위원장이재형,재정경제위원장 이재형,노동,1958-06,0
재정경제위원장이재형,재정경제위원장 이재형,노동,1958-07,0
재정경제위원장이재형,재정경제위원장 이재형,노동,1958-08,0
재정경제위원장이재형,재정경제위원장 이재형,노동,1958-09,0
재정경제위원장이재형,재정경제위원장 이재형,노동,1958-10,0
재정경제위원장이재형,재정경제위원장 이재형,노동,1958-11,0
재정경제위원장이재형,재정경제위원장 이재형,노동,1958-12,0
재정경제위원장이재형,재정경제위원장 이재형,노동,1959-05,0
재정경제위원장이재형,재정경제위원장 이재형,노동,1959-06,0
재정경제위원장이재형,재정경제위원장 이재형,노동,1959-07,0
재정경제위원장이재형,재정경제위원장 이재형,노동,1959-10,0
재정경제위원장이재형,재정경제위원장 이재형,노동,1959-11,0
재정경제위원장이재형,재정경제위원장 이재형,노동,1959-12,0
유옥우위원,유옥우 위원,노동,1948-08,0
유옥우위원,유옥우 위원,노동,1948-09,0
유옥우위원,유옥우 위원,노동,1948-10,0
유옥우위원,유옥우 위원,노동,1948-11,0
유옥우위원,유옥우 위원,노동,1948-12,0
유옥우위원,유옥우 위원,노동,1949-01,0
유옥우위원,유옥우 위원,노동,1949-02,0
유옥우위원,유옥우 위원,노동,1949-03,0
유옥우위원,유옥우 위원,노동,1949-04,0
유옥우위원,유옥우 위원,노동,1949-05,0
유옥우위원,유옥우 위원,노동,1949-06,0
유옥우위원,유옥우 위원,노동,1949-07,0
유옥우위원,유옥우 위원,노동,1949-08,0
유옥우위원,유옥우 위원,노동,1949-09,0
유옥우위원,유옥우 위원,노동,1949-10,0
유옥우위원,유옥우 위원,노동,1949-11,0
유옥우위원,유옥우 위원,노동,1949-12,0
유옥우위원,유옥우 위원,노동,1950-01,0
유옥우위원,유옥우 위원,노동,1950-02,0
유옥우위원,유옥우 위원,노동,1950-03,0
유옥우위원,유옥우 위원,노동,1950-04,0
유옥우위원,유옥우 위원,노동,1950-06,0
유옥우위원,유옥우 위원,노동,1950-10,0
유옥우위원,유옥우 위원,노동,1950-11,0
유옥우위원,유옥우 위원,노동,1950-12,0
유옥우위원,유옥우 위원,노동,1951-01,0
유옥우위원,유옥우 위원,노동,1951-02,0
유옥우위원,유옥우 위원,노동,1951-03,0
유옥우위원,유옥우 위원,노동,1951-04,0
유옥우위원,유옥우 위원,노동,1951-05,0
유옥우위원,유옥우 위원,노동,1951-06,0
유옥우위원,유옥우 위원,노동,1951-07,0
유옥우위원,유옥우 위원,노동,1951-08,0
유옥우위원,유옥우 위원,노동,1951-09,0
유옥우위원,유옥우 위원,노동,1951-10,0
유옥우위원,유옥우 위원,노동,1951-11,0
유옥우위원,유옥우 위원,노동,1951-12,0
유옥우위원,유옥우 위원,노동,1952-01,0
유옥우위원,유옥우 위원,노동,1952-02,0
유옥우위원,유옥우 위원,노동,1952-03,0
유옥우위원,유옥우 위원,노동,1952-04,0
유옥우위원,유옥우 위원,노동,1952-05,0
유옥우위원,유옥우 위원,노동,1952-06,0
유옥우위원,유옥우 위원,노동,1952-07,0
유옥우위원,유옥우 위원,노동,1952-08,0
유옥우위원,유옥우 위원,노동,1952-09,0
유옥우위원,유옥우 위원,노동,1952-10,0
유옥우위원,유옥우 위원,노동,1952-11,0
유옥우위원,유옥우 위원,노동,1952-12,0
유옥우위원,유옥우 위원,노동,1953-01,0
유옥우위원,유옥우 위원,노동,1953-02,0
유옥우위원,유옥우 위원,노동,1953-03,0
유옥우위원,유옥우 위원,노동,1953-04,0
유옥우위원,유옥우 위원,노동,1953-05,0
유옥우위원,유옥우 위원,노동,1953-06,0
유옥우위원,유옥우 위원,노동,1953-07,0
유옥우위원,유옥우 위원,노동,1953-08,0
유옥우위원,유옥우 위원,노동,1953-09,0
유옥우위원,유옥우 위원,노동,1953-10,0
유옥우위원,유옥우 위원,노동,1953-11,0
유옥우위원,유옥우 위원,노동,1953-12,0
유옥우위원,유옥우 위원,노동,1954-01,0
유옥우위원,유옥우 위원,노동,1954-02,0
유옥우위원,유옥우 위원,노동,1954-03,0
유옥우위원,유옥우 위원,노동,1954-04,0
유옥우위원,유옥우 위원,노동,1954-05,0
유옥우위원,유옥우 위원,노동,1954-06,0
유옥우위원,유옥우 위원,노동,1954-07,0
유옥우위원,유옥우 위원,노동,1954-08,0
유옥우위원,유옥우 위원,노동,1954-09,0
유옥우위원,유옥우 위원,노동,1954-10,0
유옥우위원,유옥우 위원,노동,1954-11,0
유옥우위원,유옥우 위원,노동,1954-12,0
유옥우위원,유옥우 위원,노동,1955-01,0
유옥우위원,유옥우 위원,노동,1955-02,0
유옥우위원,유옥우 위원,노동,1955-03,0
유옥우위원,유옥우 위원,노동,1955-04,0
유옥우위원,유옥우 위원,노동,1955-05,0
유옥우위원,유옥우 위원,노동,1955-06,0
유옥우위원,유옥우 위원,노동,1955-07,0
유옥우위원,유옥우 위원,노동,1955-09,0
유옥우위원,유옥우 위원,노동,1955-10,0
유옥우위원,유옥우 위원,노동,1955-11,0
유옥우위원,유옥우 위원,노동,1955-12,0
유옥우위원,유옥우 위원,노동,1956-01,0
유옥우위원,유옥우 위원,노동,1956-02,0
유옥우위원,유옥우 위원,노동,1956-03,0
유옥우위원,유옥우 위원,노동,1956-04,0
유옥우위원,유옥우 위원,노동,1956-05,0
유옥우위원,유옥우 위원,노동,1956-06,0
유옥우위원,유옥우 위원,노동,1956-07,0
유옥우위원,유옥우 위원,노동,1956-08,0
유옥우위원,유옥우 위원,노동,1956-09,0
유옥우위원,유옥우 위원,노동,1956-10,0
유옥우위원,유옥우 위원,노동,1956-11,0
유옥우위원,유옥우 위원,노동,1956-12,0
유옥우위원,유옥우 위원,노동,1957-01,0
유옥우위원,유옥우 위원,노동,1957-02,0
유옥우위원,유옥우 위원,노동,1957-03,0
유옥우위원,유옥우 위원,노동,1957-04,0
유옥우위원,유옥우 위원,노동,1957-05,0
유옥우위원,유옥우 위원,노동,1957-06,0
유옥우위원,유옥우 위원,노동,1957-07,0
유옥우위원,유옥우 위원,노동,1957-08,0
유옥우위원,유옥우 위원,노동,1957-09,0
유옥우위원,유옥우 위원,노동,1957-10,0
유옥우위원,유옥우 위원,노동,1957-11,0
유옥우위원,유옥우 위원,노동,1957-12,0
유옥우위원,유옥우 위원,노동,1958-01,0
유옥우위원,유옥우 위원,노동,1958-02,0
유옥우위원,유옥우 위원,노동,1958-03,0
유옥우위원,유옥우 위원,노동,1958-04,0
유옥우위원,유옥우 위원,노동,1958-05,0
유옥우위원,유옥우 위원,노동,1958-06,0
유옥우위원,유옥우 위원,노동,1958-07,4
유옥우위원,유옥우 위원,노동,1958-08,2
유옥우위원,유옥우 위원,노동,1958-09,0
유옥우위원,유옥우 위원,노동,1958-10,0
유옥우위원,유옥우 위원,노동,1958-11,1
유옥우위원,유옥우 위원,노동,1958-12,0
유옥우위원,유옥우 위원,노동,1959-05,0
유옥우위원,유옥우 위원,노동,1959-06,1
유옥우위원,유옥우 위원,노동,1959-07,0
유옥우위원,유옥우 위원,노동,1959-10,0
유옥우위원,유옥우 위원,노동,1959-11,0
유옥우위원,유옥우 위원,노동,1959-12,0
박영종의원,박영종 의원,노동,1948-08,0
박영종의원,박영종 의원,노동,1948-09,0
박영종의원,박영종 의원,노동,1948-10,0
박영종의원,박영종 의원,노동,1948-11,0
박영종의원,박영종 의원,노동,1948-12,0
박영종의원,박영종 의원,노동,1949-01,0
박영종의원,박영종 의원,노동,1949-02,0
박영종의원,박영종 의원,노동,1949-03,0
박영종의원,박영종 의원,노동,1949-04,0
박영종의원,박영종 의원,노동,1949-05,0
박영종의원,박영종 의원,노동,1949-06,0
박영종의원,박영종 의원,노동,1949-07,0
박영종의원,박영종 의원,노동,1949-08,0
박영종의원,박영종 의원,노동,1949-09,0
박영종의원,박영종 의원,노동,1949-10,0
박영종의원,박영종 의원,노동,1949-11,0
박영종의원,박영종 의원,노동,1949-12,0
박영종의원,박영종 의원,노동,1950-01,0
박영종의원,박영종 의원,노동,1950-02,0
박영종의원,박영종 의원,노동,1950-03,0
박영종의원,박영종 의원,노동,1950-04,0
박영종의원,박영종 의원,노동,1950-06,0
박영종의원,박영종 의원,노동,1950-10,0
박영종의원,박영종 의원,노동,1950-11,0
박영종의원,박영종 의원,노동,1950-12,0
박영종의원,박영종 의원,노동,1951-01,0
박영종의원,박영종 의원,노동,1951-02,0
박영종의원,박영종 의원,노동,1951-03,0
박영종의원,박영종 의원,노동,1951-04,0
박영종의원,박영종 의원,노동,1951-05,0
박영종의원,박영종 의원,노동,1951-06,0
박영종의원,박영종 의원,노동,1951-07,0
박영종의원,박영종 의원,노동,1951-08,0
박영종의원,박영종 의원,노동,1951-09,0
박영종의원,박영종 의원,노동,1951-10,0
박영종의원,박영종 의원,노동,1951-11,0
박영종의원,박영종 의원,노동,1951-12,0
박영종의원,박영종 의원,노동,1952-01,0
박영종의원,박영종 의원,노동,1952-02,0
박영종의원,박영종 의원,노동,1952-03,0
박영종의원,박영종 의원,노동,1952-04,0
박영종의원,박영종 의원,노동,1952-05,0
박영종의원,박영종 의원,노동,1952-06,0
박영종의원,박영종 의원,노동,1952-07,0
박영종의원,박영종 의원,노동,1952-08,0
박영종의원,박영종 의원,노동,1952-09,0
박영종의원,박영종 의원,노동,1952-10,0
박영종의원,박영종 의원,노동,1952-11,0
박영종의원,박영종 의원,노동,1952-12,0
박영종의원,박영종 의원,노동,1953-01,0
박영종의원,박영종 의원,노동,1953-02,0
박영종의원,박영종 의원,노동,1953-03,0
박영종의원,박영종 의원,노동,1953-04,0
박영종의원,박영종 의원,노동,1953-05,0
박영종의원,박영종 의원,노동,1953-06,0
박영종의원,박영종 의원,노동,1953-07,0
박영종의원,박영종 의원,노동,1953-08,0
박영종의원,박영종 의원,노동,1953-09,0
박영종의원,박영종 의원,노동,1953-10,0
박영종의원,박영종 의원,노동,1953-11,0
박영종의원,박영종 의원,노동,1953-12,0
박영종의원,박영종 의원,노동,1954-01,0
박영종의원,박영종 의원,노동,1954-02,0
박영종의원,박영종 의원,노동,1954-03,0
박영종의원,박영종 의원,노동,1954-04,0
박영종의원,박영종 의원,노동,1954-05,0
박영종의원,박영종 의원,노동,1954-06,0
박영종의원,박영종 의원,노동,1954-07,0
박영종의원,박영종 의원,노동,1954-08,1
박영종의원,박영종 의원,노동,1954-09,0
박영종의원,박영종 의원,노동,1954-10,0
박영종의원,박영종 의원,노동,1954-11,0
박영종의원,박영종 의원,노동,1954-12,1
박영종의원,박영종 의원,노동,1955-01,0
박영종의원,박영종 의원,노동,1955-02,0
박영종의원,박영종 의원,노동,1955-03,1
박영종의원,박영종 의원,노동,1955-04,1
박영종의원,박영종 의원,노동,1955-05,0
박영종의원,박영종 의원,노동,1955-06,0
박영종의원,박영종 의원,노동,1955-07,0
박영종의원,박영종 의원,노동,1955-09,0
박영종의원,박영종 의원,노동,1955-10,1
박영종의원,박영종 의원,노동,1955-11,0
박영종의원,박영종 의원,노동,1955-12,1
박영종의원,박영종 의원,노동,1956-01,0
박영종의원,박영종 의원,노동,1956-02,0
박영종의원,박영종 의원,노동,1956-03,1
박영종의원,박영종 의원,노동,1956-04,0
박영종의원,박영종 의원,노동,1956-05,0
박영종의원,박영종 의원,노동,1956-06,0
박영종의원,박영종 의원,노동,1956-07,0
박영종의원,박영종 의원,노동,1956-08,0
박영종의원,박영종 의원,노동,1956-09,0
박영종의원,박영종 의원,노동,1956-10,0
박영종의원,박영종 의원,노동,1956-11,0
박영종의원,박영종 의원,노동,1956-12,0
박영종의원,박영종 의원,노동,1957-01,0
박영종의원,박영종 의원,노동,1957-02,0
박영종의원,박영종 의원,노동,1957-03,0
박영종의원,박영종 의원,노동,1957-04,0
박영종의원,박영종 의원,노동,1957-05,0
박영종의원,박영종 의원,노동,1957-06,2
박영종의원,박영종 의원,노동,1957-07,1
박영종의원,박영종 의원,노동,1957-08,1
박영종의원,박영종 의원,노동,1957-09,0
박영종의원,박영종 의원,노동,1957-10,0
박영종의원,박영종 의원,노동,1957-11,2
박영종의원,박영종 의원,노동,1957-12,0
박영종의원,박영종 의원,노동,1958-01,0
박영종의원,박영종 의원,노동,1958-02,2
박영종의원,박영종 의원,노동,1958-03,0
박영종의원,박영종 의원,노동,1958-04,0
박영종의원,박영종 의원,노동,1958-05,0
박영종의원,박영종 의원,노동,1958-06,0
박영종의원,박영종 의원,노동,1958-07,0
박영종의원,박영종 의원,노동,1958-08,0
박영종의원,박영종 의원,노동,1958-09,0
박영종의원,박영종 의원,노동,1958-10,0
박영종의원,박영종 의원,노동,1958-11,0
박영종의원,박영종 의원,노동,1958-12,0
박영종의원,박영종 의원,노동,1959-05,0
박영종의원,박영종 의원,노동,1959-06,0
박영종의원,박영종 의원,노동,1959-07,0
박영종의원,박영종 의원,노동,1959-10,0
박영종의원,박영종 의원,노동,1959-11,0
박영종의원,박영종 의원,노동,1959-12,0
의장신익희,의장 신익희,이민,1948-08,4
의장신익희,의장 신익희,이민,1948-09,2
의장신익희,의장 신익희,이민,1948-10,4
의장신익희,의장 신익희,이민,1948-11,1
의장신익희,의장 신익희,이민,1948-12,3
의장신익희,의장 신익희,이민,1949-01,1
의장신익희,의장 신익희,이민,1949-02,0
의장신익희,의장 신익희,이민,1949-03,0
의장신익희,의장 신익희,이민,1949-04,1
의장신익희,의장 신익희,이민,1949-05,1
의장신익희,의장 신익희,이민,1949-06,0
의장신익희,의장 신익희,이민,1949-07,0
의장신익희,의장 신익희,이민,1949-08,0
의장신익희,의장 신익희,이민,1949-09,0
의장신익희,의장 신익희,이민,1949-10,2
의장신익희,의장 신익희,이민,1949-11,0
의장신익희,의장 신익희,이민,1949-12,0
의장신익희,의장 신익희,이민,1950-01,2
의장신익희,의장 신익희,이민,1950-02,0
의장신익희,의장 신익희,이민,1950-03,0
의장신익희,의장 신익희,이민,1950-04,0
의장신익희,의장 신익희,이민,1950-06,3
의장신익희,의장 신익희,이민,1950-10,0
의장신익희,의장 신익희,이민,1950-11,3
의장신익희,의장 신익희,이민,1950-12,2
의장신익희,의장 신익희,이민,1951-01,2
의장신익희,의장 신익희,이민,1951-02,1
의장신익희,의장 신익희,이민,1951-03,0
의장신익희,의장 신익희,이민,1951-04,0
의장신익희,의장 신익희,이민,1951-05,0
의장신익희,의장 신익희,이민,1951-06,0
의장신익희,의장 신익희,이민,1951-07,0
의장신익희,의장 신익희,이민,1951-08,0
의장신익희,의장 신익희,이민,1951-09,0
의장신익희,의장 신익희,이민,1951-10,0
의장신익희,의장 신익희,이민,1951-11,0
의장신익희,의장 신익희,이민,1951-12,0
의장신익희,의장 신익희,이민,1952-01,1
의장신익희,의장 신익희,이민,1952-02,0
의장신익희,의장 신익희,이민,1952-03,1
의장신익희,의장 신익희,이민,1952-04,0
의장신익희,의장 신익희,이민,1952-05,0
의장신익희,의장 신익희,이민,1952-06,0
의장신익희,의장 신익희,이민,1952-07,0
의장신익희,의장 신익희,이민,1952-08,0
의장신익희,의장 신익희,이민,1952-09,0
의장신익희,의장 신익희,이민,1952-10,0
의장신익희,의장 신익희,이민,1952-11,0
의장신익희,의장 신익희,이민,1952-12,1
의장신익희,의장 신익희,이민,1953-01,0
의장신익희,의장 신익희,이민,1953-02,0
의장신익희,의장 신익희,이민,1953-03,1
의장신익희,의장 신익희,이민,1953-04,0
의장신익희,의장 신익희,이민,1953-05,0
의장신익희,의장 신익희,이민,1953-06,0
의장신익희,의장 신익희,이민,1953-07,0
의장신익희,의장 신익희,이민,1953-08,0
의장신익희,의장 신익희,이민,1953-09,0
의장신익희,의장 신익희,이민,1953-10,1
의장신익희,의장 신익희,이민,1953-11,0
의장신익희,의장 신익희,이민,1953-12,0
의장신익희,의장 신익희,이민,1954-01,1
의장신익희,의장 신익희,이민,1954-02,0
의장신익희,의장 신익희,이민,1954-03,0
의장신익희,의장 신익희,이민,1954-04,0
의장신익희,의장 신익희,이민,1954-05,0
의장신익희,의장 신익희,이민,1954-06,0
의장신익희,의장 신익희,이민,1954-07,0
의장신익희,의장 신익희,이민,1954-08,0
의장신익희,의장 신익희,이민,1954-09,0
의장신익희,의장 신익희,이민,1954-10,0
의장신익희,의장 신익희,이민,1954-11,0
의장신익희,의장 신익희,이민,1954-12,0
의장신익희,의장 신익희,이민,1955-01,0
의장신익희,의장 신익희,이민,1955-02,0
의장신익희,의장 신익희,이민,1955-03,0
의장신익희,의장 신익희,이민,1955-04,0
의장신익희,의장 신익희,이민,1955-05,0
의장신익희,의장 신익희,이민,1955-06,0
의장신익희,의장 신익희,이민,1955-07,0
의장신익희,의장 신익희,이민,1955-09,0
의장신익희,의장 신익희,이민,1955-10,0
의장신익희,의장 신익희,이민,1955-11,0
의장신익희,의장 신익희,이민,1955-12,0
의장신익희,의장 신익희,이민,1956-01,0
의장신익희,의장 신익희,이민,1956-02,0
의장신익희,의장 신익희,이민,1956-03,0
의장신익희,의장 신익희,이민,1956-04,0
의장신익희,의장 신익희,이민,1956-05,0
의장신익희,의장 신익희,이민,1956-06,0
의장신익희,의장 신익희,이민,1956-07,0
의장신익희,의장 신익희,이민,1956-08,0
의장신익희,의장 신익희,이민,1956-09,0
의장신익희,의장 신익희,이민,1956-10,0
의장신익희,의장 신익희,이민,1956-11,0
의장신익희,의장 신익희,이민,1956-12,0
의장신익희,의장 신익희,이민,1957-01,0
의장신익희,의장 신익희,이민,1957-02,0
의장신익희,의장 신익희,이민,1957-03,0
의장신익희,의장 신익희,이민,1957-04,0
의장신익희,의장 신익희,이민,1957-05,0
의장신익희,의장 신익희,이민,1957-06,0
의장신익희,의장 신익희,이민,1957-07,0
의장신익희,의장 신익희,이민,1957-08,0
의장신익희,의장 신익희,이민,1957-09,0
의장신익희,의장 신익희,이민,1957-10,0
의장신익희,의장 신익희,이민,1957-11,0
의장신익희,의장 신익희,이민,1957-12,0
의장신익희,의장 신익희,이민,1958-01,0
의장신익희,의장 신익희,이민,1958-02,0
의장신익희,의장 신익희,이민,1958-03,0
의장신익희,의장 신익희,이민,1958-04,0
의장신익희,의장 신익희,이민,1958-05,0
의장신익희,의장 신익희,이민,1958-06,0
의장신익희,의장 신익희,이민,1958-07,0
의장신익희,의장 신익희,이민,1958-08,0
의장신익희,의장 신익희,이민,1958-09,0
의장신익희,의장 신익희,이민,1958-10,0
의장신익희,의장 신익희,이민,1958-11,0
의장신익희,의장 신익희,이민,1958-12,0
의장신익희,의장 신익희,이민,1959-05,0
의장신익희,의장 신익희,이민,1959-06,0
의장신익희,의장 신익희,이민,1959-07,0
의장신익희,의장 신익희,이민,1959-10,0
의장신익희,의장 신익희,이민,1959-11,0
의장신익희,의장 신익희,이민,1959-12,0
위원장이충환,위원장 이충환,이민,1948-08,0
위원장이충환,위원장 이충환,이민,1948-09,0
위원장이충환,위원장 이충환,이민,1948-10,0
위원장이충환,위원장 이충환,이민,1948-11,0
위원장이충환,위원장 이충환,이민,1948-12,0
위원장이충환,위원장 이충환,이민,1949-01,0
위원장이충환,위원장 이충환,이민,1949-02,0
위원장이충환,위원장 이충환,이민,1949-03,0
위원장이충환,위원장 이충환,이민,1949-04,0
위원장이충환,위원장 이충환,이민,1949-05,0
위원장이충환,위원장 이충환,이민,1949-06,0
위원장이충환,위원장 이충환,이민,1949-07,0
위원장이충환,위원장 이충환,이민,1949-08,0
위원장이충환,위원장 이충환,이민,1949-09,0
위원장이충환,위원장 이충환,이민,1949-10,0
위원장이충환,위원장 이충환,이민,1949-11,0
위원장이충환,위원장 이충환,이민,1949-12,0
위원장이충환,위원장 이충환,이민,1950-01,0
위원장이충환,위원장 이충환,이민,1950-02,0
위원장이충환,위원장 이충환,이민,1950-03,0
위원장이충환,위원장 이충환,이민,1950-04,0
위원장이충환,위원장 이충환,이민,1950-06,0
위원장이충환,위원장 이충환,이민,1950-10,0
위원장이충환,위원장 이충환,이민,1950-11,0
위원장이충환,위원장 이충환,이민,1950-12,0
위원장이충환,위원장 이충환,이민,1951-01,0
위원장이충환,위원장 이충환,이민,1951-02,0
위원장이충환,위원장 이충환,이민,1951-03,0
위원장이충환,위원장 이충환,이민,1951-04,0
위원장이충환,위원장 이충환,이민,1951-05,0
위원장이충환,위원장 이충환,이민,1951-06,0
위원장이충환,위원장 이충환,이민,1951-07,0
위원장이충환,위원장 이충환,이민,1951-08,0
위원장이충환,위원장 이충환,이민,1951-09,0
위원장이충환,위원장 이충환,이민,1951-10,0
위원장이충환,위원장 이충환,이민,1951-11,0
위원장이충환,위원장 이충환,이민,1951-12,0
위원장이충환,위원장 이충환,이민,1952-01,0
위원장이충환,위원장 이충환,이민,1952-02,0
위원장이충환,위원장 이충환,이민,1952-03,0
위원장이충환,위원장 이충환,이민,1952-04,0
위원장이충환,위원장 이충환,이민,1952-05,0
위원장이충환,위원장 이충환,이민,1952-06,0
위원장이충환,위원장 이충환,이민,1952-07,0
위원장이충환,위원장 이충환,이민,1952-08,0
위원장이충환,위원장 이충환,이민,1952-09,0
위원장이충환,위원장 이충환,이민,1952-10,0
위원장이충환,위원장 이충환,이민,1952-11,0
위원장이충환,위원장 이충환,이민,1952-12,0
위원장이충환,위원장 이충환,이민,1953-01,0
위원장이충환,위원장 이충환,이민,1953-02,0
위원장이충환,위원장 이충환,이민,1953-03,0
위원장이충환,위원장 이충환,이민,1953-04,0
위원장이충환,위원장 이충환,이민,1953-05,0
위원장이충환,위원장 이충환,이민,1953-06,0
위원장이충환,위원장 이충환,이민,1953-07,0
위원장이충환,위원장 이충환,이민,1953-08,0
위원장이충환,위원장 이충환,이민,1953-09,0
위원장이충환,위원장 이충환,이민,1953-10,0
위원장이충환,위원장 이충환,이민,1953-11,0
위원장이충환,위원장 이충환,이민,1953-12,0
위원장이충환,위원장 이충환,이민,1954-01,0
위원장이충환,위원장 이충환,이민,1954-02,0
위원장이충환,위원장 이충환,이민,1954-03,0
위원장이충환,위원장 이충환,이민,1954-04,0
위원장이충환,위원장 이충환,이민,1954-05,0
위원장이충환,위원장 이충환,이민,1954-06,0
위원장이충환,위원장 이충환,이민,1954-07,0
위원장이충환,위원장 이충환,이민,1954-08,0
위원장이충환,위원장 이충환,이민,1954-09,0
위원장이충환,위원장 이충환,이민,1954-10,0
위원장이충환,위원장 이충환,이민,1954-11,0
위원장이충환,위원장 이충환,이민,1954-12,0
위원장이충환,위원장 이충환,이민,1955-01,0
위원장이충환,위원장 이충환,이민,1955-02,0
위원장이충환,위원장 이충환,이민,1955-03,0
위원장이충환,위원장 이충환,이민,1955-04,0
위원장이충환,위원장 이충환,이민,1955-05,0
위원장이충환,위원장 이충환,이민,1955-06,0
위원장이충환,위원장 이충환,이민,1955-07,0
위원장이충환,위원장 이충환,이민,1955-09,0
위원장이충환,위원장 이충환,이민,1955-10,0
위원장이충환,위원장 이충환,이민,1955-11,0
위원장이충환,위원장 이충환,이민,1955-12,0
위원장이충환,위원장 이충환,이민,1956-01,0
위원장이충환,위원장 이충환,이민,1956-02,0
위원장이충환,위원장 이충환,이민,1956-03,0
위원장이충환,위원장 이충환,이민,1956-04,0
위원장이충환,위원장 이충환,이민,1956-05,0
위원장이충환,위원장 이충환,이민,1956-06,0
위원장이충환,위원장 이충환,이민,1956-07,0
위원장이충환,위원장 이충환,이민,1956-08,0
위원장이충환,위원장 이충환,이민,1956-09,0
위원장이충환,위원장 이충환,이민,1956-10,0
위원장이충환,위원장 이충환,이민,1956-11,0
위원장이충환,위원장 이충환,이민,1956-12,0
위원장이충환,위원장 이충환,이민,1957-01,0
위원장이충환,위원장 이충환,이민,1957-02,0
위원장이충환,위원장 이충환,이민,1957-03,0
위원장이충환,위원장 이충환,이민,1957-04,0
위원장이충환,위원장 이충환,이민,1957-05,0
위원장이충환,위원장 이충환,이민,1957-06,0
위원장이충환,위원장 이충환,이민,1957-07,0
위원장이충환,위원장 이충환,이민,1957-08,0
위원장이충환,위원장 이충환,이민,1957-09,0
위원장이충환,위원장 이충환,이민,1957-10,0
위원장이충환,위원장 이충환,이민,1957-11,0
위원장이충환,위원장 이충환,이민,1957-12,0
위원장이충환,위원장 이충환,이민,1958-01,0
위원장이충환,위원장 이충환,이민,1958-02,0
위원장이충환,위원장 이충환,이민,1958-03,0
위원장이충환,위원장 이충환,이민,1958-04,0
위원장이충환,위원장 이충환,이민,1958-05,0
위원장이충환,위원장 이충환,이민,1958-06,0
위원장이충환,위원장 이충환,이민,1958-07,0
위원장이충환,위원장 이충환,이민,1958-08,0
위원장이충환,위원장 이충환,이민,1958-09,0
위원장이충환,위원장 이충환,이민,1958-10,0
위원장이충환,위원장 이충환,이민,1958-11,0
위원장이충환,위원장 이충환,이민,1958-12,0
위원장이충환,위원장 이충환,이민,1959-05,0
위원장이충환,위원장 이충환,이민,1959-06,0
위원장이충환,위원장 이충환,이민,1959-07,0
위원장이충환,위원장 이충환,이민,1959-10,0
위원장이충환,위원장 이충환,이민,1959-11,0
위원장이충환,위원장 이충환,이민,1959-12,0
이철승위원,이철승 위원,이민,1948-08,0
이철승위원,이철승 위원,이민,1948-09,0
이철승위원,이철승 위원,이민,1948-10,0
이철승위원,이철승 위원,이민,1948-11,0
이철승위원,이철승 위원,이민,1948-12,0
이철승위원,이철승 위원,이민,1949-01,0
이철승위원,이철승 위원,이민,1949-02,0
이철승위원,이철승 위원,이민,1949-03,0
이철승위원,이철승 위원,이민,1949-04,0
이철승위원,이철승 위원,이민,1949-05,0
이철승위원,이철승 위원,이민,1949-06,0
이철승위원,이철승 위원,이민,1949-07,0
이철승위원,이철승 위원,이민,1949-08,0
이철승위원,이철승 위원,이민,1949-09,0
이철승위원,이철승 위원,이민,1949-10,0
이철승위원,이철승 위원,이민,1949-11,0
이철승위원,이철승 위원,이민,1949-12,0
이철승위원,이철승 위원,이민,1950-01,0
이철승위원,이철승 위원,이민,1950-02,0
이철승위원,이철승 위원,이민,1950-03,0
이철승위원,이철승 위원,이민,1950-04,0
이철승위원,이철승 위원,이민,1950-06,0
이철승위원,이철승 위원,이민,1950-10,0
이철승위원,이철승 위원,이민,1950-11,0
이철승위원,이철승 위원,이민,1950-12,0
이철승위원,이철승 위원,이민,1951-01,0
이철승위원,이철승 위원,이민,1951-02,0
이철승위원,이철승 위원,이민,1951-03,0
이철승위원,이철승 위원,이민,1951-04,0
이철승위원,이철승 위원,이민,1951-05,0
이철승위원,이철승 위원,이민,1951-06,0
이철승위원,이철승 위원,이민,1951-07,0
이철승위원,이철승 위원,이민,1951-08,0
이철승위원,이철승 위원,이민,1951-09,0
이철승위원,이철승 위원,이민,1951-10,0
이철승위원,이철승 위원,이민,1951-11,0
이철승위원,이철승 위원,이민,1951-12,0
이철승위원,이철승 위원,이민,1952-01,0
이철승위원,이철승 위원,이민,1952-02,0
이철승위원,이철승 위원,이민,1952-03,0
이철승위원,이철승 위원,이민,1952-04,0
이철승위원,이철승 위원,이민,1952-05,0
이철승위원,이철승 위원,이민,1952-06,0
이철승위원,이철승 위원,이민,1952-07,0
이철승위원,이철승 위원,이민,1952-08,0
이철승위원,이철승 위원,이민,1952-09,0
이철승위원,이철승 위원,이민,1952-10,0
이철승위원,이철승 위원,이민,1952-11,0
이철승위원,이철승 위원,이민,1952-12,0
이철승위원,이철승 위원,이민,1953-01,0
이철승위원,이철승 위원,이민,1953-02,0
이철승위원,이철승 위원,이민,1953-03,0
이철승위원,이철승 위원,이민,1953-04,0
이철승위원,이철승 위원,이민,1953-05,0
이철승위원,이철승 위원,이민,1953-06,0
이철승위원,이철승 위원,이민,1953-07,0
이철승위원,이철승 위원,이민,1953-08,0
이철승위원,이철승 위원,이민,1953-09,0
이철승위원,이철승 위원,이민,1953-10,0
이철승위원,이철승 위원,이민,1953-11,0
이철승위원,이철승 위원,이민,1953-12,0
이철승위원,이철승 위원,이민,1954-01,0
이철승위원,이철승 위원,이민,1954-02,0
이철승위원,이철승 위원,이민,1954-03,0
이철승위원,이철승 위원,이민,1954-04,0
이철승위원,이철승 위원,이민,1954-05,0
이철승위원,이철승 위원,이민,1954-06,0
이철승위원,이철승 위원,이민,1954-07,0
이철승위원,이철승 위원,이민,1954-08,0
이철승위원,이철승 위원,이민,1954-09,0
이철승위원,이철승 위원,이민,1954-10,0
이철승위원,이철승 위원,이민,1954-11,0
이철승위원,이철승 위원,이민,1954-12,0
이철승위원,이철승 위원,이민,1955-01,0
이철승위원,이철승 위원,이민,1955-02,0
이철승위원,이철승 위원,이민,1955-03,0
이철승위원,이철승 위원,이민,1955-04,0
이철승위원,이철승 위원,이민,1955-05,1
이철승위원,이철승 위원,이민,1955-06,0
이철승위원,이철승 위원,이민,1955-07,0
이철승위원,이철승 위원,이민,1955-09,0
이철승위원,이철승 위원,이민,1955-10,0
이철승위원,이철승 위원,이민,1955-11,0
이철승위원,이철승 위원,이민,1955-12,0
이철승위원,이철승 위원,이민,1956-01,0
이철승위원,이철승 위원,이민,1956-02,0
이철승위원,이철승 위원,이민,1956-03,0
이철승위원,이철승 위원,이민,1956-04,0
이철승위원,이철승 위원,이민,1956-05,0
이철승위원,이철승 위원,이민,1956-06,0
이철승위원,이철승 위원,이민,1956-07,0
이철승위원,이철승 위원,이민,1956-08,0
이철승위원,이철승 위원,이민,1956-09,0
이철승위원,이철승 위원,이민,1956-10,0
이철승위원,이철승 위원,이민,1956-11,0
이철승위원,이철승 위원,이민,1956-12,0
이철승위원,이철승 위원,이민,1957-01,0
이철승위원,이철승 위원,이민,1957-02,0
이철승위원,이철승 위원,이민,1957-03,0
이철승위원,이철승 위원,이민,1957-04,0
이철승위원,이철승 위원,이민,1957-05,0
이철승위원,이철승 위원,이민,1957-06,0
이철승위원,이철승 위원,이민,1957-07,0
이철승위원,이철승 위원,이민,1957-08,0
이철승위원,이철승 위원,이민,1957-09,0
이철승위원,이철승 위원,이민,1957-10,0
이철승위원,이철승 위원,이민,1957-11,0
이철승위원,이철승 위원,이민,1957-12,1
이철승위원,이철승 위원,이민,1958-01,0
이철승위원,이철승 위원,이민,1958-02,0
이철승위원,이철승 위원,이민,1958-03,0
이철승위원,이철승 위원,이민,1958-04,0
이철승위원,이철승 위원,이민,1958-05,0
이철승위원,이철승 위원,이민,1958-06,0
이철승위원,이철승 위원,이민,1958-07,0
이철승위원,이철승 위원,이민,1958-08,0
이철승위원,이철승 위원,이민,1958-09,0
이철승위원,이철승 위원,이민,1958-10,0
이철승위원,이철승 위원,이민,1958-11,0
이철승위원,이철승 위원,이민,1958-12,0
이철승위원,이철승 위원,이민,1959-05,0
이철승위원,이철승 위원,이민,1959-06,0
이철승위원,이철승 위원,이민,1959-07,0
이철승위원,이철승 위원,이민,1959-10,0
이철승위원,이철승 위원,이민,1959-11,0
이철승위원,이철승 위원,이민,1959-12,0
의사국장서상준,의사국장 서상준,이민,1948-08,0
의사국장서상준,의사국장 서상준,이민,1948-09,0
의사국장서상준,의사국장 서상준,이민,1948-10,0
의사국장서상준,의사국장 서상준,이민,1948-11,0
의사국장서상준,의사국장 서상준,이민,1948-12,0
의사국장서상준,의사국장 서상준,이민,1949-01,0
의사국장서상준,의사국장 서상준,이민,1949-02,0
의사국장서상준,의사국장 서상준,이민,1949-03,0
의사국장서상준,의사국장 서상준,이민,1949-04,0
의사국장서상준,의사국장 서상준,이민,1949-05,0
의사국장서상준,의사국장 서상준,이민,1949-06,0
의사국장서상준,의사국장 서상준,이민,1949-07,0
의사국장서상준,의사국장 서상준,이민,1949-08,0
의사국장서상준,의사국장 서상준,이민,1949-09,0
의사국장서상준,의사국장 서상준,이민,1949-10,0
의사국장서상준,의사국장 서상준,이민,1949-11,0
의사국장서상준,의사국장 서상준,이민,1949-12,0
의사국장서상준,의사국장 서상준,이민,1950-01,0
의사국장서상준,의사국장 서상준,이민,1950-02,0
의사국장서상준,의사국장 서상준,이민,1950-03,0
의사국장서상준,의사국장 서상준,이민,1950-04,0
의사국장서상준,의사국장 서상준,이민,1950-06,0
의사국장서상준,의사국장 서상준,이민,1950-10,0
의사국장서상준,의사국장 서상준,이민,1950-11,0
의사국장서상준,의사국장 서상준,이민,1950-12,0
의사국장서상준,의사국장 서상준,이민,1951-01,0
의사국장서상준,의사국장 서상준,이민,1951-02,0
의사국장서상준,의사국장 서상준,이민,1951-03,1
의사국장서상준,의사국장 서상준,이민,1951-04,0
의사국장서상준,의사국장 서상준,이민,1951-05,0
의사국장서상준,의사국장 서상준,이민,1951-06,0
의사국장서상준,의사국장 서상준,이민,1951-07,0
의사국장서상준,의사국장 서상준,이민,1951-08,0
의사국장서상준,의사국장 서상준,이민,1951-09,0
의사국장서상준,의사국장 서상준,이민,1951-10,0
의사국장서상준,의사국장 서상준,이민,1951-11,1
의사국장서상준,의사국장 서상준,이민,1951-12,0
의사국장서상준,의사국장 서상준,이민,1952-01,0
의사국장서상준,의사국장 서상준,이민,1952-02,0
의사국장서상준,의사국장 서상준,이민,1952-03,0
의사국장서상준,의사국장 서상준,이민,1952-04,0
의사국장서상준,의사국장 서상준,이민,1952-05,0
의사국장서상준,의사국장 서상준,이민,1952-06,0
의사국장서상준,의사국장 서상준,이민,1952-07,0
의사국장서상준,의사국장 서상준,이민,1952-08,1
의사국장서상준,의사국장 서상준,이민,1952-09,0
의사국장서상준,의사국장 서상준,이민,1952-10,1
의사국장서상준,의사국장 서상준,이민,1952-11,2
의사국장서상준,의사국장 서상준,이민,1952-12,0
의사국장서상준,의사국장 서상준,이민,1953-01,1
의사국장서상준,의사국장 서상준,이민,1953-02,0
의사국장서상준,의사국장 서상준,이민,1953-03,0
의사국장서상준,의사국장 서상준,이민,1953-04,0
의사국장서상준,의사국장 서상준,이민,1953-05,0
의사국장서상준,의사국장 서상준,이민,1953-06,0
의사국장서상준,의사국장 서상준,이민,1953-07,0
의사국장서상준,의사국장 서상준,이민,1953-08,0
의사국장서상준,의사국장 서상준,이민,1953-09,0
의사국장서상준,의사국장 서상준,이민,1953-10,0
의사국장서상준,의사국장 서상준,이민,1953-11,0
의사국장서상준,의사국장 서상준,이민,1953-12,0
의사국장서상준,의사국장 서상준,이민,1954-01,0
의사국장서상준,의사국장 서상준,이민,1954-02,0
의사국장서상준,의사국장 서상준,이민,1954-03,0
의사국장서상준,의사국장 서상준,이민,1954-04,0
의사국장서상준,의사국장 서상준,이민,1954-05,0
의사국장서상준,의사국장 서상준,이민,1954-06,0
의사국장서상준,의사국장 서상준,이민,1954-07,0
의사국장서상준,의사국장 서상준,이민,1954-08,0
의사국장서상준,의사국장 서상준,이민,1954-09,0
의사국장서상준,의사국장 서상준,이민,1954-10,0
의사국장서상준,의사국장 서상준,이민,1954-11,0
의사국장서상준,의사국장 서상준,이민,1954-12,0
의사국장서상준,의사국장 서상준,이민,1955-01,0
의사국장서상준,의사국장 서상준,이민,1955-02,0
의사국장서상준,의사국장 서상준,이민,1955-03,0
의사국장서상준,의사국장 서상준,이민,1955-04,0
의사국장서상준,의사국장 서상준,이민,1955-05,0
의사국장서상준,의사국장 서상준,이민,1955-06,0
의사국장서상준,의사국장 서상준,이민,1955-07,0
의사국장서상준,의사국장 서상준,이민,1955-09,0
의사국장서상준,의사국장 서상준,이민,1955-10,1
의사국장서상준,의사국장 서상준,이민,1955-11,0
의사국장서상준,의사국장 서상준,이민,1955-12,0
의사국장서상준,의사국장 서상준,이민,1956-01,0
의사국장서상준,의사국장 서상준,이민,1956-02,0
의사국장서상준,의사국장 서상준,이민,1956-03,0
의사국장서상준,의사국장 서상준,이민,1956-04,0
의사국장서상준,의사국장 서상준,이민,1956-05,0
의사국장서상준,의사국장 서상준,이민,1956-06,0
의사국장서상준,의사국장 서상준,이민,1956-07,0
의사국장서상준,의사국장 서상준,이민,1956-08,0
의사국장서상준,의사국장 서상준,이민,1956-09,0
의사국장서상준,의사국장 서상준,이민,1956-10,0
의사국장서상준,의사국장 서상준,이민,1956-11,0
의사국장서상준,의사국장 서상준,이민,1956-12,0
의사국장서상준,의사국장 서상준,이민,1957-01,0
의사국장서상준,의사국장 서상준,이민,1957-02,0
의사국장서상준,의사국장 서상준,이민,1957-03,0
의사국장서상준,의사국장 서상준,이민,1957-04,1
의사국장서상준,의사국장 서상준,이민,1957-05,0
의사국장서상준,의사국장 서상준,이민,1957-06,0
의사국장서상준,의사국장 서상준,이민,1957-07,0
의사국장서상준,의사국장 서상준,이민,1957-08,0
의사국장서상준,의사국장 서상준,이민,1957-09,0
의사국장서상준,의사국장 서상준,이민,1957-10,0
의사국장서상준,의사국장 서상준,이민,1957-11,0
의사국장서상준,의사국장 서상준,이민,1957-12,0
의사국장서상준,의사국장 서상준,이민,1958-01,0
의사국장서상준,의사국장 서상준,이민,1958-02,0
의사국장서상준,의사국장 서상준,이민,1958-03,0
의사국장서상준,의사국장 서상준,이민,1958-04,0
의사국장서상준,의사국장 서상준,이민,1958-05,0
의사국장서상준,의사국장 서상준,이민,1958-06,0
의사국장서상준,의사국장 서상준,이민,1958-07,0
의사국장서상준,의사국장 서상준,이민,1958-08,0
의사국장서상준,의사국장 서상준,이민,1958-09,0
의사국장서상준,의사국장 서상준,이민,1958-10,0
의사국장서상준,의사국장 서상준,이민,1958-11,0
의사국장서상준,의사국장 서상준,이민,1958-12,0
의사국장서상준,의사국장 서상준,이민,1959-05,0
의사국장서상준,의사국장 서상준,이민,1959-06,0
의사국장서상준,의사국장 서상준,이민,1959-07,0
의사국장서상준,의사국장 서상준,이민,1959-10,0
의사국장서상준,의사국장 서상준,이민,1959-11,0
의사국장서상준,의사국장 서상준,이민,1959-12,0
부의장조경규,부의장 조경규,이민,1948-08,0
부의장조경규,부의장 조경규,이민,1948-09,0
부의장조경규,부의장 조경규,이민,1948-10,0
부의장조경규,부의장 조경규,이민,1948-11,0
부의장조경규,부의장 조경규,이민,1948-12,0
부의장조경규,부의장 조경규,이민,1949-01,0
부의장조경규,부의장 조경규,이민,1949-02,0
부의장조경규,부의장 조경규,이민,1949-03,0
부의장조경규,부의장 조경규,이민,1949-04,0
부의장조경규,부의장 조경규,이민,1949-05,0
부의장조경규,부의장 조경규,이민,1949-06,0
부의장조경규,부의장 조경규,이민,1949-07,0
부의장조경규,부의장 조경규,이민,1949-08,0
부의장조경규,부의장 조경규,이민,1949-09,0
부의장조경규,부의장 조경규,이민,1949-10,0
부의장조경규,부의장 조경규,이민,1949-11,0
부의장조경규,부의장 조경규,이민,1949-12,0
부의장조경규,부의장 조경규,이민,1950-01,0
부의장조경규,부의장 조경규,이민,1950-02,0
부의장조경규,부의장 조경규,이민,1950-03,0
부의장조경규,부의장 조경규,이민,1950-04,0
부의장조경규,부의장 조경규,이민,1950-06,0
부의장조경규,부의장 조경규,이민,1950-10,0
부의장조경규,부의장 조경규,이민,1950-11,0
부의장조경규,부의장 조경규,이민,1950-12,0
부의장조경규,부의장 조경규,이민,1951-01,0
부의장조경규,부의장 조경규,이민,1951-02,0
부의장조경규,부의장 조경규,이민,1951-03,0
부의장조경규,부의장 조경규,이민,1951-04,0
부의장조경규,부의장 조경규,이민,1951-05,0
부의장조경규,부의장 조경규,이민,1951-06,0
부의장조경규,부의장 조경규,이민,1951-07,0
부의장조경규,부의장 조경규,이민,1951-08,0
부의장조경규,부의장 조경규,이민,1951-09,0
부의장조경규,부의장 조경규,이민,1951-10,0
부의장조경규,부의장 조경규,이민,1951-11,0
부의장조경규,부의장 조경규,이민,1951-12,0
부의장조경규,부의장 조경규,이민,1952-01,0
부의장조경규,부의장 조경규,이민,1952-02,0
부의장조경규,부의장 조경규,이민,1952-03,0
부의장조경규,부의장 조경규,이민,1952-04,0
부의장조경규,부의장 조경규,이민,1952-05,0
부의장조경규,부의장 조경규,이민,1952-06,0
부의장조경규,부의장 조경규,이민,1952-07,0
부의장조경규,부의장 조경규,이민,1952-08,0
부의장조경규,부의장 조경규,이민,1952-09,0
부의장조경규,부의장 조경규,이민,1952-10,0
부의장조경규,부의장 조경규,이민,1952-11,0
부의장조경규,부의장 조경규,이민,1952-12,0
부의장조경규,부의장 조경규,이민,1953-01,0
부의장조경규,부의장 조경규,이민,1953-02,0
부의장조경규,부의장 조경규,이민,1953-03,0
부의장조경규,부의장 조경규,이민,1953-04,0
부의장조경규,부의장 조경규,이민,1953-05,0
부의장조경규,부의장 조경규,이민,1953-06,0
부의장조경규,부의장 조경규,이민,1953-07,0
부의장조경규,부의장 조경규,이민,1953-08,0
부의장조경규,부의장 조경규,이민,1953-09,0
부의장조경규,부의장 조경규,이민,1953-10,0
부의장조경규,부의장 조경규,이민,1953-11,0
부의장조경규,부의장 조경규,이민,1953-12,0
부의장조경규,부의장 조경규,이민,1954-01,0
부의장조경규,부의장 조경규,이민,1954-02,0
부의장조경규,부의장 조경규,이민,1954-03,0
부의장조경규,부의장 조경규,이민,1954-04,0
부의장조경규,부의장 조경규,이민,1954-05,0
부의장조경규,부의장 조경규,이민,1954-06,0
부의장조경규,부의장 조경규,이민,1954-07,0
부의장조경규,부의장 조경규,이민,1954-08,0
부의장조경규,부의장 조경규,이민,1954-09,0
부의장조경규,부의장 조경규,이민,1954-10,0
부의장조경규,부의장 조경규,이민,1954-11,0
부의장조경규,부의장 조경규,이민,1954-12,0
부의장조경규,부의장 조경규,이민,1955-01,0
부의장조경규,부의장 조경규,이민,1955-02,0
부의장조경규,부의장 조경규,이민,1955-03,0
부의장조경규,부의장 조경규,이민,1955-04,1
부의장조경규,부의장 조경규,이민,1955-05,1
부의장조경규,부의장 조경규,이민,1955-06,0
부의장조경규,부의장 조경규,이민,1955-07,0
부의장조경규,부의장 조경규,이민,1955-09,0
부의장조경규,부의장 조경규,이민,1955-10,0
부의장조경규,부의장 조경규,이민,1955-11,0
부의장조경규,부의장 조경규,이민,1955-12,0
부의장조경규,부의장 조경규,이민,1956-01,0
부의장조경규,부의장 조경규,이민,1956-02,0
부의장조경규,부의장 조경규,이민,1956-03,0
부의장조경규,부의장 조경규,이민,1956-04,0
부의장조경규,부의장 조경규,이민,1956-05,0
부의장조경규,부의장 조경규,이민,1956-06,0
부의장조경규,부의장 조경규,이민,1956-07,0
부의장조경규,부의장 조경규,이민,1956-08,0
부의장조경규,부의장 조경규,이민,1956-09,0
부의장조경규,부의장 조경규,이민,1956-10,0
부의장조경규,부의장 조경규,이민,1956-11,0
부의장조경규,부의장 조경규,이민,1956-12,0
부의장조경규,부의장 조경규,이민,1957-01,0
부의장조경규,부의장 조경규,이민,1957-02,0
부의장조경규,부의장 조경규,이민,1957-03,0
부의장조경규,부의장 조경규,이민,1957-04,0
부의장조경규,부의장 조경규,이민,1957-05,0
부의장조경규,부의장 조경규,이민,1957-06,0
부의장조경규,부의장 조경규,이민,1957-07,0
부의장조경규,부의장 조경규,이민,1957-08,1
부의장조경규,부의장 조경규,이민,1957-09,0
부의장조경규,부의장 조경규,이민,1957-10,0
부의장조경규,부의장 조경규,이민,1957-11,0
부의장조경규,부의장 조경규,이민,1957-12,1
부의장조경규,부의장 조경규,이민,1958-01,0
부의장조경규,부의장 조경규,이민,1958-02,0
부의장조경규,부의장 조경규,이민,1958-03,0
부의장조경규,부의장 조경규,이민,1958-04,0
부의장조경규,부의장 조경규,이민,1958-05,0
부의장조경규,부의장 조경규,이민,1958-06,0
부의장조경규,부의장 조경규,이민,1958-07,0
부의장조경규,부의장 조경규,이민,1958-08,0
부의장조경규,부의장 조경규,이민,1958-09,0
부의장조경규,부의장 조경규,이민,1958-10,0
부의장조경규,부의장 조경규,이민,1958-11,0
부의장조경규,부의장 조경규,이민,1958-12,0
부의장조경규,부의장 조경규,이민,1959-05,0
부의장조경규,부의장 조경규,이민,1959-06,0
부의장조경규,부의장 조경규,이민,1959-07,0
부의장조경규,부의장 조경규,이민,1959-10,0
부의장조경규,부의장 조경규,이민,1959-11,0
부의장조경규,부의장 조경규,이민,1959-12,0
부의장조봉암,부의장 조봉암,이민,1948-08,0
부의장조봉암,부의장 조봉암,이민,1948-09,0
부의장조봉암,부의장 조봉암,이민,1948-10,0
부의장조봉암,부의장 조봉암,이민,1948-11,0
부의장조봉암,부의장 조봉암,이민,1948-12,0
부의장조봉암,부의장 조봉암,이민,1949-01,0
부의장조봉암,부의장 조봉암,이민,1949-02,0
부의장조봉암,부의장 조봉암,이민,1949-03,0
부의장조봉암,부의장 조봉암,이민,1949-04,0
부의장조봉암,부의장 조봉암,이민,1949-05,0
부의장조봉암,부의장 조봉암,이민,1949-06,0
부의장조봉암,부의장 조봉암,이민,1949-07,0
부의장조봉암,부의장 조봉암,이민,1949-08,0
부의장조봉암,부의장 조봉암,이민,1949-09,0
부의장조봉암,부의장 조봉암,이민,1949-10,0
부의장조봉암,부의장 조봉암,이민,1949-11,0
부의장조봉암,부의장 조봉암,이민,1949-12,0
부의장조봉암,부의장 조봉암,이민,1950-01,0
부의장조봉암,부의장 조봉암,이민,1950-02,0
부의장조봉암,부의장 조봉암,이민,1950-03,0
부의장조봉암,부의장 조봉암,이민,1950-04,0
부의장조봉암,부의장 조봉암,이민,1950-06,0
부의장조봉암,부의장 조봉암,이민,1950-10,0
부의장조봉암,부의장 조봉암,이민,1950-11,0
부의장조봉암,부의장 조봉암,이민,1950-12,1
부의장조봉암,부의장 조봉암,이민,1951-01,0
부의장조봉암,부의장 조봉암,이민,1951-02,0
부의장조봉암,부의장 조봉암,이민,1951-03,0
부의장조봉암,부의장 조봉암,이민,1951-04,0
부의장조봉암,부의장 조봉암,이민,1951-05,0
부의장조봉암,부의장 조봉암,이민,1951-06,0
부의장조봉암,부의장 조봉암,이민,1951-07,0
부의장조봉암,부의장 조봉암,이민,1951-08,0
부의장조봉암,부의장 조봉암,이민,1951-09,0
부의장조봉암,부의장 조봉암,이민,1951-10,0
부의장조봉암,부의장 조봉암,이민,1951-11,0
부의장조봉암,부의장 조봉암,이민,1951-12,0
부의장조봉암,부의장 조봉암,이민,1952-01,0
부의장조봉암,부의장 조봉암,이민,1952-02,0
부의장조봉암,부의장 조봉암,이민,1952-03,0
부의장조봉암,부의장 조봉암,이민,1952-04,0
부의장조봉암,부의장 조봉암,이민,1952-05,0
부의장조봉암,부의장 조봉암,이민,1952-06,0
부의장조봉암,부의장 조봉암,이민,1952-07,0
부의장조봉암,부의장 조봉암,이민,1952-08,0
부의장조봉암,부의장 조봉암,이민,1952-09,1
부의장조봉암,부의장 조봉암,이민,1952-10,0
부의장조봉암,부의장 조봉암,이민,1952-11,1
부의장조봉암,부의장 조봉암,이민,1952-12,0
부의장조봉암,부의장 조봉암,이민,1953-01,0
부의장조봉암,부의장 조봉암,이민,1953-02,0
부의장조봉암,부의장 조봉암,이민,1953-03,0
부의장조봉암,부의장 조봉암,이민,1953-04,1
부의장조봉암,부의장 조봉암,이민,1953-05,0
부의장조봉암,부의장 조봉암,이민,1953-06,0
부의장조봉암,부의장 조봉암,이민,1953-07,0
부의장조봉암,부의장 조봉암,이민,1953-08,0
부의장조봉암,부의장 조봉암,이민,1953-09,0
부의장조봉암,부의장 조봉암,이민,1953-10,0
부의장조봉암,부의장 조봉암,이민,1953-11,0
부의장조봉암,부의장 조봉암,이민,1953-12,0
부의장조봉암,부의장 조봉암,이민,1954-01,0
부의장조봉암,부의장 조봉암,이민,1954-02,1
부의장조봉암,부의장 조봉암,이민,1954-03,0
부의장조봉암,부의장 조봉암,이민,1954-04,0
부의장조봉암,부의장 조봉암,이민,1954-05,0
부의장조봉암,부의장 조봉암,이민,1954-06,0
부의장조봉암,부의장 조봉암,이민,1954-07,0
부의장조봉암,부의장 조봉암,이민,1954-08,0
부의장조봉암,부의장 조봉암,이민,1954-09,0
부의장조봉암,부의장 조봉암,이민,1954-10,0
부의장조봉암,부의장 조봉암,이민,1954-11,0
부의장조봉암,부의장 조봉암,이민,1954-12,0
부의장조봉암,부의장 조봉암,이민,1955-01,0
부의장조봉암,부의장 조봉암,이민,1955-02,0
부의장조봉암,부의장 조봉암,이민,1955-03,0
부의장조봉암,부의장 조봉암,이민,1955-04,0
부의장조봉암,부의장 조봉암,이민,1955-05,0
부의장조봉암,부의장 조봉암,이민,1955-06,0
부의장조봉암,부의장 조봉암,이민,1955-07,0
부의장조봉암,부의장 조봉암,이민,1955-09,0
부의장조봉암,부의장 조봉암,이민,1955-10,0
부의장조봉암,부의장 조봉암,이민,1955-11,0
부의장조봉암,부의장 조봉암,이민,1955-12,0
부의장조봉암,부의장 조봉암,이민,1956-01,0
부의장조봉암,부의장 조봉암,이민,1956-02,0
부의장조봉암,부의장 조봉암,이민,1956-03,0
부의장조봉암,부의장 조봉암,이민,1956-04,0
부의장조봉암,부의장 조봉암,이민,1956-05,0
부의장조봉암,부의장 조봉암,이민,1956-06,0
부의장조봉암,부의장 조봉암,이민,1956-07,0
부의장조봉암,부의장 조봉암,이민,1956-08,0
부의장조봉암,부의장 조봉암,이민,1956-09,0
부의장조봉암,부의장 조봉암,이민,1956-10,0
부의장조봉암,부의장 조봉암,이민,1956-11,0
부의장조봉암,부의장 조봉암,이민,1956-12,0
부의장조봉암,부의장 조봉암,이민,1957-01,0
부의장조봉암,부의장 조봉암,이민,1957-02,0
부의장조봉암,부의장 조봉암,이민,1957-03,0
부의장조봉암,부의장 조봉암,이민,1957-04,0
부의장조봉암,부의장 조봉암,이민,1957-05,0
부의장조봉암,부의장 조봉암,이민,1957-06,0
부의장조봉암,부의장 조봉암,이민,1957-07,0
부의장조봉암,부의장 조봉암,이민,1957-08,0
부의장조봉암,부의장 조봉암,이민,1957-09,0
부의장조봉암,부의장 조봉암,이민,1957-10,0
부의장조봉암,부의장 조봉암,이민,1957-11,0
부의장조봉암,부의장 조봉암,이민,1957-12,0
부의장조봉암,부의장 조봉암,이민,1958-01,0
부의장조봉암,부의장 조봉암,이민,1958-02,0
부의장조봉암,부의장 조봉암,이민,1958-03,0
부의장조봉암,부의장 조봉암,이민,1958-04,0
부의장조봉암,부의장 조봉암,이민,1958-05,0
부의장조봉암,부의장 조봉암,이민,1958-06,0
부의장조봉암,부의장 조봉암,이민,1958-07,0
부의장조봉암,부의장 조봉암,이민,1958-08,0
부의장조봉암,부의장 조봉암,이민,1958-09,0
부의장조봉암,부의장 조봉암,이민,1958-10,0
부의장조봉암,부의장 조봉암,이민,1958-11,0
부의장조봉암,부의장 조봉암,이민,1958-12,0
부의장조봉암,부의장 조봉암,이민,1959-05,0
부의장조봉암,부의장 조봉암,이민,1959-06,0
부의장조봉암,부의장 조봉암,이민,1959-07,0
부의장조봉암,부의장 조봉암,이민,1959-10,0
부의장조봉암,부의장 조봉암,이민,1959-11,0
부의장조봉암,부의장 조봉암,이민,1959-12,0
재무부장관김현철,재무부장관 김현철,이민,1948-08,0
재무부장관김현철,재무부장관 김현철,이민,1948-09,0
재무부장관김현철,재무부장관 김현철,이민,1948-10,0
재무부장관김현철,재무부장관 김현철,이민,1948-11,0
재무부장관김현철,재무부장관 김현철,이민,1948-12,0
재무부장관김현철,재무부장관 김현철,이민,1949-01,0
재무부장관김현철,재무부장관 김현철,이민,1949-02,0
재무부장관김현철,재무부장관 김현철,이민,1949-03,0
재무부장관김현철,재무부장관 김현철,이민,1949-04,0
재무부장관김현철,재무부장관 김현철,이민,1949-05,0
재무부장관김현철,재무부장관 김현철,이민,1949-06,0
재무부장관김현철,재무부장관 김현철,이민,1949-07,0
재무부장관김현철,재무부장관 김현철,이민,1949-08,0
재무부장관김현철,재무부장관 김현철,이민,1949-09,0
재무부장관김현철,재무부장관 김현철,이민,1949-10,0
재무부장관김현철,재무부장관 김현철,이민,1949-11,0
재무부장관김현철,재무부장관 김현철,이민,1949-12,0
재무부장관김현철,재무부장관 김현철,이민,1950-01,0
재무부장관김현철,재무부장관 김현철,이민,1950-02,0
재무부장관김현철,재무부장관 김현철,이민,1950-03,0
재무부장관김현철,재무부장관 김현철,이민,1950-04,0
재무부장관김현철,재무부장관 김현철,이민,1950-06,0
재무부장관김현철,재무부장관 김현철,이민,1950-10,0
재무부장관김현철,재무부장관 김현철,이민,1950-11,0
재무부장관김현철,재무부장관 김현철,이민,1950-12,0
재무부장관김현철,재무부장관 김현철,이민,1951-01,0
재무부장관김현철,재무부장관 김현철,이민,1951-02,0
재무부장관김현철,재무부장관 김현철,이민,1951-03,0
재무부장관김현철,재무부장관 김현철,이민,1951-04,0
재무부장관김현철,재무부장관 김현철,이민,1951-05,0
재무부장관김현철,재무부장관 김현철,이민,1951-06,0
재무부장관김현철,재무부장관 김현철,이민,1951-07,0
재무부장관김현철,재무부장관 김현철,이민,1951-08,0
재무부장관김현철,재무부장관 김현철,이민,1951-09,0
재무부장관김현철,재무부장관 김현철,이민,1951-10,0
재무부장관김현철,재무부장관 김현철,이민,1951-11,0
재무부장관김현철,재무부장관 김현철,이민,1951-12,0
재무부장관김현철,재무부장관 김현철,이민,1952-01,0
재무부장관김현철,재무부장관 김현철,이민,1952-02,0
재무부장관김현철,재무부장관 김현철,이민,1952-03,0
재무부장관김현철,재무부장관 김현철,이민,1952-04,0
재무부장관김현철,재무부장관 김현철,이민,1952-05,0
재무부장관김현철,재무부장관 김현철,이민,1952-06,0
재무부장관김현철,재무부장관 김현철,이민,1952-07,0
재무부장관김현철,재무부장관 김현철,이민,1952-08,0
재무부장관김현철,재무부장관 김현철,이민,1952-09,0
재무부장관김현철,재무부장관 김현철,이민,1952-10,0
재무부장관김현철,재무부장관 김현철,이민,1952-11,0
재무부장관김현철,재무부장관 김현철,이민,1952-12,0
재무부장관김현철,재무부장관 김현철,이민,1953-01,0
재무부장관김현철,재무부장관 김현철,이민,1953-02,0
재무부장관김현철,재무부장관 김현철,이민,1953-03,0
재무부장관김현철,재무부장관 김현철,이민,1953-04,0
재무부장관김현철,재무부장관 김현철,이민,1953-05,0
재무부장관김현철,재무부장관 김현철,이민,1953-06,0
재무부장관김현철,재무부장관 김현철,이민,1953-07,0
재무부장관김현철,재무부장관 김현철,이민,1953-08,0
재무부장관김현철,재무부장관 김현철,이민,1953-09,0
재무부장관김현철,재무부장관 김현철,이민,1953-10,0
재무부장관김현철,재무부장관 김현철,이민,1953-11,0
재무부장관김현철,재무부장관 김현철,이민,1953-12,0
재무부장관김현철,재무부장관 김현철,이민,1954-01,0
재무부장관김현철,재무부장관 김현철,이민,1954-02,0
재무부장관김현철,재무부장관 김현철,이민,1954-03,0
재무부장관김현철,재무부장관 김현철,이민,1954-04,0
재무부장관김현철,재무부장관 김현철,이민,1954-05,0
재무부장관김현철,재무부장관 김현철,이민,1954-06,0
재무부장관김현철,재무부장관 김현철,이민,1954-07,0
재무부장관김현철,재무부장관 김현철,이민,1954-08,0
재무부장관김현철,재무부장관 김현철,이민,1954-09,0
재무부장관김현철,재무부장관 김현철,이민,1954-10,0
재무부장관김현철,재무부장관 김현철,이민,1954-11,0
재무부장관김현철,재무부장관 김현철,이민,1954-12,0
재무부장관김현철,재무부장관 김현철,이민,1955-01,0
재무부장관김현철,재무부장관 김현철,이민,1955-02,0
재무부장관김현철,재무부장관 김현철,이민,1955-03,0
재무부장관김현철,재무부장관 김현철,이민,1955-04,0
재무부장관김현철,재무부장관 김현철,이민,1955-05,0
재무부장관김현철,재무부장관 김현철,이민,1955-06,0
재무부장관김현철,재무부장관 김현철,이민,1955-07,1
재무부장관김현철,재무부장관 김현철,이민,1955-09,0
재무부장관김현철,재무부장관 김현철,이민,1955-10,0
재무부장관김현철,재무부장관 김현철,이민,1955-11,0
재무부장관김현철,재무부장관 김현철,이민,1955-12,0
재무부장관김현철,재무부장관 김현철,이민,1956-01,0
재무부장관김현철,재무부장관 김현철,이민,1956-02,0
재무부장관김현철,재무부장관 김현철,이민,1956-03,0
재무부장관김현철,재무부장관 김현철,이민,1956-04,0
재무부장관김현철,재무부장관 김현철,이민,1956-05,0
재무부장관김현철,재무부장관 김현철,이민,1956-06,0
재무부장관김현철,재무부장관 김현철,이민,1956-07,0
재무부장관김현철,재무부장관 김현철,이민,1956-08,0
재무부장관김현철,재무부장관 김현철,이민,1956-09,0
재무부장관김현철,재무부장관 김현철,이민,1956-10,0
재무부장관김현철,재무부장관 김현철,이민,1956-11,0
재무부장관김현철,재무부장관 김현철,이민,1956-12,0
재무부장관김현철,재무부장관 김현철,이민,1957-01,0
재무부장관김현철,재무부장관 김현철,이민,1957-02,0
재무부장관김현철,재무부장관 김현철,이민,1957-03,0
재무부장관김현철,재무부장관 김현철,이민,1957-04,0
재무부장관김현철,재무부장관 김현철,이민,1957-05,0
재무부장관김현철,재무부장관 김현철,이민,1957-06,0
재무부장관김현철,재무부장관 김현철,이민,1957-07,0
재무부장관김현철,재무부장관 김현철,이민,1957-08,0
재무부장관김현철,재무부장관 김현철,이민,1957-09,0
재무부장관김현철,재무부장관 김현철,이민,1957-10,0
재무부장관김현철,재무부장관 김현철,이민,1957-11,0
재무부장관김현철,재무부장관 김현철,이민,1957-12,0
재무부장관김현철,재무부장관 김현철,이민,1958-01,0
재무부장관김현철,재무부장관 김현철,이민,1958-02,0
재무부장관김현철,재무부장관 김현철,이민,1958-03,0
재무부장관김현철,재무부장관 김현철,이민,1958-04,0
재무부장관김현철,재무부장관 김현철,이민,1958-05,0
재무부장관김현철,재무부장관 김현철,이민,1958-06,0
재무부장관김현철,재무부장관 김현철,이민,1958-07,0
재무부장관김현철,재무부장관 김현철,이민,1958-08,0
재무부장관김현철,재무부장관 김현철,이민,1958-09,0
재무부장관김현철,재무부장관 김현철,이민,1958-10,0
재무부장관김현철,재무부장관 김현철,이민,1958-11,0
재무부장관김현철,재무부장관 김현철,이민,1958-12,1
재무부장관김현철,재무부장관 김현철,이민,1959-05,0
재무부장관김현철,재무부장관 김현철,이민,1959-06,0
재무부장관김현철,재무부장관 김현철,이민,1959-07,0
재무부장관김현철,재무부장관 김현철,이민,1959-10,0
재무부장관김현철,재무부장관 김현철,이민,1959-11,0
재무부장관김현철,재무부장관 김현철,이민,1959-12,0
예산결산위원장이충환,예산결산위원장 이충환,이민,1948-08,0
예산결산위원장이충환,예산결산위원장 이충환,이민,1948-09,0
예산결산위원장이충환,예산결산위원장 이충환,이민,1948-10,0
예산결산위원장이충환,예산결산위원장 이충환,이민,1948-11,0
예산결산위원장이충환,예산결산위원장 이충환,이민,1948-12,0
예산결산위원장이충환,예산결산위원장 이충환,이민,1949-01,0
예산결산위원장이충환,예산결산위원장 이충환,이민,1949-02,0
예산결산위원장이충환,예산결산위원장 이충환,이민,1949-03,0
예산결산위원장이충환,예산결산위원장 이충환,이민,1949-04,0
예산결산위원장이충환,예산결산위원장 이충환,이민,1949-05,0
예산결산위원장이충환,예산결산위원장 이충환,이민,1949-06,0
예산결산위원장이충환,예산결산위원장 이충환,이민,1949-07,0
예산결산위원장이충환,예산결산위원장 이충환,이민,1949-08,0
예산결산위원장이충환,예산결산위원장 이충환,이민,1949-09,0
예산결산위원장이충환,예산결산위원장 이충환,이민,1949-10,0
예산결산위원장이충환,예산결산위원장 이충환,이민,1949-11,0
예산결산위원장이충환,예산결산위원장 이충환,이민,1949-12,0
예산결산위원장이충환,예산결산위원장 이충환,이민,1950-01,0
예산결산위원장이충환,예산결산위원장 이충환,이민,1950-02,0
예산결산위원장이충환,예산결산위원장 이충환,이민,1950-03,0
예산결산위원장이충환,예산결산위원장 이충환,이민,1950-04,0
예산결산위원장이충환,예산결산위원장 이충환,이민,1950-06,0
예산결산위원장이충환,예산결산위원장 이충환,이민,1950-10,0
예산결산위원장이충환,예산결산위원장 이충환,이민,1950-11,0
예산결산위원장이충환,예산결산위원장 이충환,이민,1950-12,0
예산결산위원장이충환,예산결산위원장 이충환,이민,1951-01,0
예산결산위원장이충환,예산결산위원장 이충환,이민,1951-02,0
예산결산위원장이충환,예산결산위원장 이충환,이민,1951-03,0
예산결산위원장이충환,예산결산위원장 이충환,이민,1951-04,0
예산결산위원장이충환,예산결산위원장 이충환,이민,1951-05,0
예산결산위원장이충환,예산결산위원장 이충환,이민,1951-06,0
예산결산위원장이충환,예산결산위원장 이충환,이민,1951-07,0
예산결산위원장이충환,예산결산위원장 이충환,이민,1951-08,0
예산결산위원장이충환,예산결산위원장 이충환,이민,1951-09,0
예산결산위원장이충환,예산결산위원장 이충환,이민,1951-10,0
예산결산위원장이충환,예산결산위원장 이충환,이민,1951-11,0
예산결산위원장이충환,예산결산위원장 이충환,이민,1951-12,0
예산결산위원장이충환,예산결산위원장 이충환,이민,1952-01,0
예산결산위원장이충환,예산결산위원장 이충환,이민,1952-02,0
예산결산위원장이충환,예산결산위원장 이충환,이민,1952-03,0
예산결산위원장이충환,예산결산위원장 이충환,이민,1952-04,0
예산결산위원장이충환,예산결산위원장 이충환,이민,1952-05,0
예산결산위원장이충환,예산결산위원장 이충환,이민,1952-06,0
예산결산위원장이충환,예산결산위원장 이충환,이민,1952-07,0
예산결산위원장이충환,예산결산위원장 이충환,이민,1952-08,0
예산결산위원장이충환,예산결산위원장 이충환,이민,1952-09,0
예산결산위원장이충환,예산결산위원장 이충환,이민,1952-10,0
예산결산위원장이충환,예산결산위원장 이충환,이민,1952-11,0
예산결산위원장이충환,예산결산위원장 이충환,이민,1952-12,0
예산결산위원장이충환,예산결산위원장 이충환,이민,1953-01,0
예산결산위원장이충환,예산결산위원장 이충환,이민,1953-02,0
예산결산위원장이충환,예산결산위원장 이충환,이민,1953-03,0
예산결산위원장이충환,예산결산위원장 이충환,이민,1953-04,0
예산결산위원장이충환,예산결산위원장 이충환,이민,1953-05,0
예산결산위원장이충환,예산결산위원장 이충환,이민,1953-06,0
예산결산위원장이충환,예산결산위원장 이충환,이민,1953-07,0
예산결산위원장이충환,예산결산위원장 이충환,이민,1953-08,0
예산결산위원장이충환,예산결산위원장 이충환,이민,1953-09,0
예산결산위원장이충환,예산결산위원장 이충환,이민,1953-10,0
예산결산위원장이충환,예산결산위원장 이충환,이민,1953-11,0
예산결산위원장이충환,예산결산위원장 이충환,이민,1953-12,0
예산결산위원장이충환,예산결산위원장 이충환,이민,1954-01,0
예산결산위원장이충환,예산결산위원장 이충환,이민,1954-02,0
예산결산위원장이충환,예산결산위원장 이충환,이민,1954-03,0
예산결산위원장이충환,예산결산위원장 이충환,이민,1954-04,0
예산결산위원장이충환,예산결산위원장 이충환,이민,1954-05,0
예산결산위원장이충환,예산결산위원장 이충환,이민,1954-06,0
예산결산위원장이충환,예산결산위원장 이충환,이민,1954-07,0
예산결산위원장이충환,예산결산위원장 이충환,이민,1954-08,0
예산결산위원장이충환,예산결산위원장 이충환,이민,1954-09,0
예산결산위원장이충환,예산결산위원장 이충환,이민,1954-10,0
예산결산위원장이충환,예산결산위원장 이충환,이민,1954-11,0
예산결산위원장이충환,예산결산위원장 이충환,이민,1954-12,0
예산결산위원장이충환,예산결산위원장 이충환,이민,1955-01,0
예산결산위원장이충환,예산결산위원장 이충환,이민,1955-02,0
예산결산위원장이충환,예산결산위원장 이충환,이민,1955-03,0
예산결산위원장이충환,예산결산위원장 이충환,이민,1955-04,0
예산결산위원장이충환,예산결산위원장 이충환,이민,1955-05,0
예산결산위원장이충환,예산결산위원장 이충환,이민,1955-06,0
예산결산위원장이충환,예산결산위원장 이충환,이민,1955-07,0
예산결산위원장이충환,예산결산위원장 이충환,이민,1955-09,0
예산결산위원장이충환,예산결산위원장 이충환,이민,1955-10,0
예산결산위원장이충환,예산결산위원장 이충환,이민,1955-11,0
예산결산위원장이충환,예산결산위원장 이충환,이민,1955-12,0
예산결산위원장이충환,예산결산위원장 이충환,이민,1956-01,0
예산결산위원장이충환,예산결산위원장 이충환,이민,1956-02,0
예산결산위원장이충환,예산결산위원장 이충환,이민,1956-03,0
예산결산위원장이충환,예산결산위원장 이충환,이민,1956-04,0
예산결산위원장이충환,예산결산위원장 이충환,이민,1956-05,0
예산결산위원장이충환,예산결산위원장 이충환,이민,1956-06,0
예산결산위원장이충환,예산결산위원장 이충환,이민,1956-07,0
예산결산위원장이충환,예산결산위원장 이충환,이민,1956-08,0
예산결산위원장이충환,예산결산위원장 이충환,이민,1956-09,0
예산결산위원장이충환,예산결산위원장 이충환,이민,1956-10,0
예산결산위원장이충환,예산결산위원장 이충환,이민,1956-11,0
예산결산위원장이충환,예산결산위원장 이충환,이민,1956-12,0
예산결산위원장이충환,예산결산위원장 이충환,이민,1957-01,0
예산결산위원장이충환,예산결산위원장 이충환,이민,1957-02,0
예산결산위원장이충환,예산결산위원장 이충환,이민,1957-03,0
예산결산위원장이충환,예산결산위원장 이충환,이민,1957-04,0
예산결산위원장이충환,예산결산위원장 이충환,이민,1957-05,0
예산결산위원장이충환,예산결산위원장 이충환,이민,1957-06,0
예산결산위원장이충환,예산결산위원장 이충환,이민,1957-07,0
예산결산위원장이충환,예산결산위원장 이충환,이민,1957-08,0
예산결산위원장이충환,예산결산위원장 이충환,이민,1957-09,0
예산결산위원장이충환,예산결산위원장 이충환,이민,1957-10,0
예산결산위원장이충환,예산결산위원장 이충환,이민,1957-11,0
예산결산위원장이충환,예산결산위원장 이충환,이민,1957-12,0
예산결산위원장이충환,예산결산위원장 이충환,이민,1958-01,0
예산결산위원장이충환,예산결산위원장 이충환,이민,1958-02,0
예산결산위원장이충환,예산결산위원장 이충환,이민,1958-03,0
예산결산위원장이충환,예산결산위원장 이충환,이민,1958-04,0
예산결산위원장이충환,예산결산위원장 이충환,이민,1958-05,0
예산결산위원장이충환,예산결산위원장 이충환,이민,1958-06,0
예산결산위원장이충환,예산결산위원장 이충환,이민,1958-07,0
예산결산위원장이충환,예산결산위원장 이충환,이민,1958-08,0
예산결산위원장이충환,예산결산위원장 이충환,이민,1958-09,0
예산결산위원장이충환,예산결산위원장 이충환,이민,1958-10,0
예산결산위원장이충환,예산결산위원장 이충환,이민,1958-11,0
예산결산위원장이충환,예산결산위원장 이충환,이민,1958-12,0
예산결산위원장이충환,예산결산위원장 이충환,이민,1959-05,0
예산결산위원장이충환,예산결산위원장 이충환,이민,1959-06,0
예산결산위원장이충환,예산결산위원장 이충환,이민,1959-07,0
예산결산위원장이충환,예산결산위원장 이충환,이민,1959-10,0
예산결산위원장이충환,예산결산위원장 이충환,이민,1959-11,0
예산결산위원장이충환,예산결산위원장 이충환,이민,1959-12,0
송방용위원,송방용 위원,이민,1948-08,0
송방용위원,송방용 위원,이민,1948-09,0
송방용위원,송방용 위원,이민,1948-10,0
송방용위원,송방용 위원,이민,1948-11,0
송방용위원,송방용 위원,이민,1948-12,0
송방용위원,송방용 위원,이민,1949-01,0
송방용위원,송방용 위원,이민,1949-02,0
송방용위원,송방용 위원,이민,1949-03,0
송방용위원,송방용 위원,이민,1949-04,0
송방용위원,송방용 위원,이민,1949-05,0
송방용위원,송방용 위원,이민,1949-06,0
송방용위원,송방용 위원,이민,1949-07,0
송방용위원,송방용 위원,이민,1949-08,0
송방용위원,송방용 위원,이민,1949-09,0
송방용위원,송방용 위원,이민,1949-10,0
송방용위원,송방용 위원,이민,1949-11,0
송방용위원,송방용 위원,이민,1949-12,0
송방용위원,송방용 위원,이민,1950-01,0
송방용위원,송방용 위원,이민,1950-02,0
송방용위원,송방용 위원,이민,1950-03,0
송방용위원,송방용 위원,이민,1950-04,0
송방용위원,송방용 위원,이민,1950-06,0
송방용위원,송방용 위원,이민,1950-10,0
송방용위원,송방용 위원,이민,1950-11,0
송방용위원,송방용 위원,이민,1950-12,0
송방용위원,송방용 위원,이민,1951-01,0
송방용위원,송방용 위원,이민,1951-02,0
송방용위원,송방용 위원,이민,1951-03,0
송방용위원,송방용 위원,이민,1951-04,0
송방용위원,송방용 위원,이민,1951-05,0
송방용위원,송방용 위원,이민,1951-06,0
송방용위원,송방용 위원,이민,1951-07,0
송방용위원,송방용 위원,이민,1951-08,0
송방용위원,송방용 위원,이민,1951-09,0
송방용위원,송방용 위원,이민,1951-10,0
송방용위원,송방용 위원,이민,1951-11,0
송방용위원,송방용 위원,이민,1951-12,0
송방용위원,송방용 위원,이민,1952-01,0
송방용위원,송방용 위원,이민,1952-02,0
송방용위원,송방용 위원,이민,1952-03,0
송방용위원,송방용 위원,이민,1952-04,0
송방용위원,송방용 위원,이민,1952-05,0
송방용위원,송방용 위원,이민,1952-06,0
송방용위원,송방용 위원,이민,1952-07,0
송방용위원,송방용 위원,이민,1952-08,0
송방용위원,송방용 위원,이민,1952-09,0
송방용위원,송방용 위원,이민,1952-10,0
송방용위원,송방용 위원,이민,1952-11,0
송방용위원,송방용 위원,이민,1952-12,0
송방용위원,송방용 위원,이민,1953-01,0
송방용위원,송방용 위원,이민,1953-02,0
송방용위원,송방용 위원,이민,1953-03,0
송방용위원,송방용 위원,이민,1953-04,0
송방용위원,송방용 위원,이민,1953-05,0
송방용위원,송방용 위원,이민,1953-06,0
송방용위원,송방용 위원,이민,1953-07,0
송방용위원,송방용 위원,이민,1953-08,0
송방용위원,송방용 위원,이민,1953-09,0
송방용위원,송방용 위원,이민,1953-10,0
송방용위원,송방용 위원,이민,1953-11,0
송방용위원,송방용 위원,이민,1953-12,0
송방용위원,송방용 위원,이민,1954-01,0
송방용위원,송방용 위원,이민,1954-02,0
송방용위원,송방용 위원,이민,1954-03,0
송방용위원,송방용 위원,이민,1954-04,0
송방용위원,송방용 위원,이민,1954-05,0
송방용위원,송방용 위원,이민,1954-06,0
송방용위원,송방용 위원,이민,1954-07,0
송방용위원,송방용 위원,이민,1954-08,0
송방용위원,송방용 위원,이민,1954-09,0
송방용위원,송방용 위원,이민,1954-10,0
송방용위원,송방용 위원,이민,1954-11,0
송방용위원,송방용 위원,이민,1954-12,0
송방용위원,송방용 위원,이민,1955-01,0
송방용위원,송방용 위원,이민,1955-02,0
송방용위원,송방용 위원,이민,1955-03,0
송방용위원,송방용 위원,이민,1955-04,0
송방용위원,송방용 위원,이민,1955-05,0
송방용위원,송방용 위원,이민,1955-06,0
송방용위원,송방용 위원,이민,1955-07,0
송방용위원,송방용 위원,이민,1955-09,0
송방용위원,송방용 위원,이민,1955-10,0
송방용위원,송방용 위원,이민,1955-11,0
송방용위원,송방용 위원,이민,1955-12,0
송방용위원,송방용 위원,이민,1956-01,0
송방용위원,송방용 위원,이민,1956-02,0
송방용위원,송방용 위원,이민,1956-03,0
송방용위원,송방용 위원,이민,1956-04,0
송방용위원,송방용 위원,이민,1956-05,0
송방용위원,송방용 위원,이민,1956-06,0
송방용위원,송방용 위원,이민,1956-07,0
송방용위원,송방용 위원,이민,1956-08,0
송방용위원,송방용 위원,이민,1956-09,0
송방용위원,송방용 위원,이민,1956-10,0
송방용위원,송방용 위원,이민,1956-11,0
송방용위원,송방용 위원,이민,1956-12,2
송방용위원,송방용 위원,이민,1957-01,0
송방용위원,송방용 위원,이민,1957-02,0
송방용위원,송방용 위원,이민,1957-03,0
송방용위원,송방용 위원,이민,1957-04,0
송방용위원,송방용 위원,이민,1957-05,0
송방용위원,송방용 위원,이민,1957-06,0
송방용위원,송방용 위원,이민,1957-07,0
송방용위원,송방용 위원,이민,1957-08,0
송방용위원,송방용 위원,이민,1957-09,0
송방용위원,송방용 위원,이민,1957-10,0
송방용위원,송방용 위원,이민,1957-11,0
송방용위원,송방용 위원,이민,1957-12,0
송방용위원,송방용 위원,이민,1958-01,0
송방용위원,송방용 위원,이민,1958-02,0
송방용위원,송방용 위원,이민,1958-03,0
송방용위원,송방용 위원,이민,1958-04,0
송방용위원,송방용 위원,이민,1958-05,0
송방용위원,송방용 위원,이민,1958-06,0
송방용위원,송방용 위원,이민,1958-07,0
송방용위원,송방용 위원,이민,1958-08,0
송방용위원,송방용 위원,이민,1958-09,0
송방용위원,송방용 위원,이민,1958-10,0
송방용위원,송방용 위원,이민,1958-11,0
송방용위원,송방용 위원,이민,1958-12,0
송방용위원,송방용 위원,이민,1959-05,0
송방용위원,송방용 위원,이민,1959-06,0
송방용위원,송방용 위원,이민,1959-07,0
송방용위원,송방용 위원,이민,1959-10,0
송방용위원,송방용 위원,이민,1959-11,0
송방용위원,송방용 위원,이민,1959-12,0
재정경제위원장이재형,재정경제위원장 이재형,이민,1948-08,0
재정경제위원장이재형,재정경제위원장 이재형,이민,1948-09,0
재정경제위원장이재형,재정경제위원장 이재형,이민,1948-10,0
재정경제위원장이재형,재정경제위원장 이재형,이민,1948-11,0
재정경제위원장이재형,재정경제위원장 이재형,이민,1948-12,0
재정경제위원장이재형,재정경제위원장 이재형,이민,1949-01,0
재정경제위원장이재형,재정경제위원장 이재형,이민,1949-02,0
재정경제위원장이재형,재정경제위원장 이재형,이민,1949-03,0
재정경제위원장이재형,재정경제위원장 이재형,이민,1949-04,0
재정경제위원장이재형,재정경제위원장 이재형,이민,1949-05,0
재정경제위원장이재형,재정경제위원장 이재형,이민,1949-06,0
재정경제위원장이재형,재정경제위원장 이재형,이민,1949-07,0
재정경제위원장이재형,재정경제위원장 이재형,이민,1949-08,0
재정경제위원장이재형,재정경제위원장 이재형,이민,1949-09,0
재정경제위원장이재형,재정경제위원장 이재형,이민,1949-10,0
재정경제위원장이재형,재정경제위원장 이재형,이민,1949-11,0
재정경제위원장이재형,재정경제위원장 이재형,이민,1949-12,0
재정경제위원장이재형,재정경제위원장 이재형,이민,1950-01,0
재정경제위원장이재형,재정경제위원장 이재형,이민,1950-02,0
재정경제위원장이재형,재정경제위원장 이재형,이민,1950-03,0
재정경제위원장이재형,재정경제위원장 이재형,이민,1950-04,0
재정경제위원장이재형,재정경제위원장 이재형,이민,1950-06,0
재정경제위원장이재형,재정경제위원장 이재형,이민,1950-10,0
재정경제위원장이재형,재정경제위원장 이재형,이민,1950-11,0
재정경제위원장이재형,재정경제위원장 이재형,이민,1950-12,0
재정경제위원장이재형,재정경제위원장 이재형,이민,1951-01,0
재정경제위원장이재형,재정경제위원장 이재형,이민,1951-02,0
재정경제위원장이재형,재정경제위원장 이재형,이민,1951-03,0
재정경제위원장이재형,재정경제위원장 이재형,이민,1951-04,0
재정경제위원장이재형,재정경제위원장 이재형,이민,1951-05,0
재정경제위원장이재형,재정경제위원장 이재형,이민,1951-06,0
재정경제위원장이재형,재정경제위원장 이재형,이민,1951-07,0
재정경제위원장이재형,재정경제위원장 이재형,이민,1951-08,0
재정경제위원장이재형,재정경제위원장 이재형,이민,1951-09,0
재정경제위원장이재형,재정경제위원장 이재형,이민,1951-10,0
재정경제위원장이재형,재정경제위원장 이재형,이민,1951-11,0
재정경제위원장이재형,재정경제위원장 이재형,이민,1951-12,0
재정경제위원장이재형,재정경제위원장 이재형,이민,1952-01,0
재정경제위원장이재형,재정경제위원장 이재형,이민,1952-02,0
재정경제위원장이재형,재정경제위원장 이재형,이민,1952-03,0
재정경제위원장이재형,재정경제위원장 이재형,이민,1952-04,0
재정경제위원장이재형,재정경제위원장 이재형,이민,1952-05,0
재정경제위원장이재형,재정경제위원장 이재형,이민,1952-06,0
재정경제위원장이재형,재정경제위원장 이재형,이민,1952-07,0
재정경제위원장이재형,재정경제위원장 이재형,이민,1952-08,0
재정경제위원장이재형,재정경제위원장 이재형,이민,1952-09,0
재정경제위원장이재형,재정경제위원장 이재형,이민,1952-10,0
재정경제위원장이재형,재정경제위원장 이재형,이민,1952-11,0
재정경제위원장이재형,재정경제위원장 이재형,이민,1952-12,0
재정경제위원장이재형,재정경제위원장 이재형,이민,1953-01,0
재정경제위원장이재형,재정경제위원장 이재형,이민,1953-02,0
재정경제위원장이재형,재정경제위원장 이재형,이민,1953-03,0
재정경제위원장이재형,재정경제위원장 이재형,이민,1953-04,0
재정경제위원장이재형,재정경제위원장 이재형,이민,1953-05,0
재정경제위원장이재형,재정경제위원장 이재형,이민,1953-06,0
재정경제위원장이재형,재정경제위원장 이재형,이민,1953-07,0
재정경제위원장이재형,재정경제위원장 이재형,이민,1953-08,0
재정경제위원장이재형,재정경제위원장 이재형,이민,1953-09,0
재정경제위원장이재형,재정경제위원장 이재형,이민,1953-10,0
재정경제위원장이재형,재정경제위원장 이재형,이민,1953-11,0
재정경제위원장이재형,재정경제위원장 이재형,이민,1953-12,0
재정경제위원장이재형,재정경제위원장 이재형,이민,1954-01,0
재정경제위원장이재형,재정경제위원장 이재형,이민,1954-02,0
재정경제위원장이재형,재정경제위원장 이재형,이민,1954-03,0
재정경제위원장이재형,재정경제위원장 이재형,이민,1954-04,0
재정경제위원장이재형,재정경제위원장 이재형,이민,1954-05,0
재정경제위원장이재형,재정경제위원장 이재형,이민,1954-06,0
재정경제위원장이재형,재정경제위원장 이재형,이민,1954-07,0
재정경제위원장이재형,재정경제위원장 이재형,이민,1954-08,0
재정경제위원장이재형,재정경제위원장 이재형,이민,1954-09,0
재정경제위원장이재형,재정경제위원장 이재형,이민,1954-10,0
재정경제위원장이재형,재정경제위원장 이재형,이민,1954-11,0
재정경제위원장이재형,재정경제위원장 이재형,이민,1954-12,0
재정경제위원장이재형,재정경제위원장 이재형,이민,1955-01,0
재정경제위원장이재형,재정경제위원장 이재형,이민,1955-02,0
재정경제위원장이재형,재정경제위원장 이재형,이민,1955-03,0
재정경제위원장이재형,재정경제위원장 이재형,이민,1955-04,0
재정경제위원장이재형,재정경제위원장 이재형,이민,1955-05,0
재정경제위원장이재형,재정경제위원장 이재형,이민,1955-06,0
재정경제위원장이재형,재정경제위원장 이재형,이민,1955-07,0
재정경제위원장이재형,재정경제위원장 이재형,이민,1955-09,0
재정경제위원장이재형,재정경제위원장 이재형,이민,1955-10,0
재정경제위원장이재형,재정경제위원장 이재형,이민,1955-11,0
재정경제위원장이재형,재정경제위원장 이재형,이민,1955-12,0
재정경제위원장이재형,재정경제위원장 이재형,이민,1956-01,0
재정경제위원장이재형,재정경제위원장 이재형,이민,1956-02,0
재정경제위원장이재형,재정경제위원장 이재형,이민,1956-03,0
재정경제위원장이재형,재정경제위원장 이재형,이민,1956-04,0
재정경제위원장이재형,재정경제위원장 이재형,이민,1956-05,0
재정경제위원장이재형,재정경제위원장 이재형,이민,1956-06,0
재정경제위원장이재형,재정경제위원장 이재형,이민,1956-07,0
재정경제위원장이재형,재정경제위원장 이재형,이민,1956-08,0
재정경제위원장이재형,재정경제위원장 이재형,이민,1956-09,0
재정경제위원장이재형,재정경제위원장 이재형,이민,1956-10,0
재정경제위원장이재형,재정경제위원장 이재형,이민,1956-11,0
재정경제위원장이재형,재정경제위원장 이재형,이민,1956-12,0
재정경제위원장이재형,재정경제위원장 이재형,이민,1957-01,0
재정경제위원장이재형,재정경제위원장 이재형,이민,1957-02,0
재정경제위원장이재형,재정경제위원장 이재형,이민,1957-03,0
재정경제위원장이재형,재정경제위원장 이재형,이민,1957-04,0
재정경제위원장이재형,재정경제위원장 이재형,이민,1957-05,0
재정경제위원장이재형,재정경제위원장 이재형,이민,1957-06,0
재정경제위원장이재형,재정경제위원장 이재형,이민,1957-07,0
재정경제위원장이재형,재정경제위원장 이재형,이민,1957-08,0
재정경제위원장이재형,재정경제위원장 이재형,이민,1957-09,0
재정경제위원장이재형,재정경제위원장 이재형,이민,1957-10,0
재정경제위원장이재형,재정경제위원장 이재형,이민,1957-11,0
재정경제위원장이재형,재정경제위원장 이재형,이민,1957-12,0
재정경제위원장이재형,재정경제위원장 이재형,이민,1958-01,0
재정경제위원장이재형,재정경제위원장 이재형,이민,1958-02,0
재정경제위원장이재형,재정경제위원장 이재형,이민,1958-03,0
재정경제위원장이재형,재정경제위원장 이재형,이민,1958-04,0
재정경제위원장이재형,재정경제위원장 이재형,이민,1958-05,0
재정경제위원장이재형,재정경제위원장 이재형,이민,1958-06,0
재정경제위원장이재형,재정경제위원장 이재형,이민,1958-07,0
재정경제위원장이재형,재정경제위원장 이재형,이민,1958-08,0
재정경제위원장이재형,재정경제위원장 이재형,이민,1958-09,0
재정경제위원장이재형,재정경제위원장 이재형,이민,1958-10,0
재정경제위원장이재형,재정경제위원장 이재형,이민,1958-11,0
재정경제위원장이재형,재정경제위원장 이재형,이민,1958-12,0
재정경제위원장이재형,재정경제위원장 이재형,이민,1959-05,0
재정경제위원장이재형,재정경제위원장 이재형,이민,1959-06,0
재정경제위원장이재형,재정경제위원장 이재형,이민,1959-07,0
재정경제위원장이재형,재정경제위원장 이재형,이민,1959-10,0
재정경제위원장이재형,재정경제위원장 이재형,이민,1959-11,0
재정경제위원장이재형,재정경제위원장 이재형,이민,1959-12,0
유옥우위원,유옥우 위원,이민,1948-08,0
유옥우위원,유옥우 위원,이민,1948-09,0
유옥우위원,유옥우 위원,이민,1948-10,0
유옥우위원,유옥우 위원,이민,1948-11,0
유옥우위원,유옥우 위원,이민,1948-12,0
유옥우위원,유옥우 위원,이민,1949-01,0
유옥우위원,유옥우 위원,이민,1949-02,0
유옥우위원,유옥우 위원,이민,1949-03,0
유옥우위원,유옥우 위원,이민,1949-04,0
유옥우위원,유옥우 위원,이민,1949-05,0
유옥우위원,유옥우 위원,이민,1949-06,0
유옥우위원,유옥우 위원,이민,1949-07,0
유옥우위원,유옥우 위원,이민,1949-08,0
유옥우위원,유옥우 위원,이민,1949-09,0
유옥우위원,유옥우 위원,이민,1949-10,0
유옥우위원,유옥우 위원,이민,1949-11,0
유옥우위원,유옥우 위원,이민,1949-12,0
유옥우위원,유옥우 위원,이민,1950-01,0
유옥우위원,유옥우 위원,이민,1950-02,0
유옥우위원,유옥우 위원,이민,1950-03,0
유옥우위원,유옥우 위원,이민,1950-04,0
유옥우위원,유옥우 위원,이민,1950-06,0
유옥우위원,유옥우 위원,이민,1950-10,0
유옥우위원,유옥우 위원,이민,1950-11,0
유옥우위원,유옥우 위원,이민,1950-12,0
유옥우위원,유옥우 위원,이민,1951-01,0
유옥우위원,유옥우 위원,이민,1951-02,0
유옥우위원,유옥우 위원,이민,1951-03,0
유옥우위원,유옥우 위원,이민,1951-04,0
유옥우위원,유옥우 위원,이민,1951-05,0
유옥우위원,유옥우 위원,이민,1951-06,0
유옥우위원,유옥우 위원,이민,1951-07,0
유옥우위원,유옥우 위원,이민,1951-08,0
유옥우위원,유옥우 위원,이민,1951-09,0
유옥우위원,유옥우 위원,이민,1951-10,0
유옥우위원,유옥우 위원,이민,1951-11,0
유옥우위원,유옥우 위원,이민,1951-12,0
유옥우위원,유옥우 위원,이민,1952-01,0
유옥우위원,유옥우 위원,이민,1952-02,0
유옥우위원,유옥우 위원,이민,1952-03,0
유옥우위원,유옥우 위원,이민,1952-04,0
유옥우위원,유옥우 위원,이민,1952-05,0
유옥우위원,유옥우 위원,이민,1952-06,0
유옥우위원,유옥우 위원,이민,1952-07,0
유옥우위원,유옥우 위원,이민,1952-08,0
유옥우위원,유옥우 위원,이민,1952-09,0
유옥우위원,유옥우 위원,이민,1952-10,0
유옥우위원,유옥우 위원,이민,1952-11,0
유옥우위원,유옥우 위원,이민,1952-12,0
유옥우위원,유옥우 위원,이민,1953-01,0
유옥우위원,유옥우 위원,이민,1953-02,0
유옥우위원,유옥우 위원,이민,1953-03,0
유옥우위원,유옥우 위원,이민,1953-04,0
유옥우위원,유옥우 위원,이민,1953-05,0
유옥우위원,유옥우 위원,이민,1953-06,0
유옥우위원,유옥우 위원,이민,1953-07,0
유옥우위원,유옥우 위원,이민,1953-08,0
유옥우위원,유옥우 위원,이민,1953-09,0
유옥우위원,유옥우 위원,이민,1953-10,0
유옥우위원,유옥우 위원,이민,1953-11,0
유옥우위원,유옥우 위원,이민,1953-12,0
유옥우위원,유옥우 위원,이민,1954-01,0
유옥우위원,유옥우 위원,이민,1954-02,0
유옥우위원,유옥우 위원,이민,1954-03,0
유옥우위원,유옥우 위원,이민,1954-04,0
유옥우위원,유옥우 위원,이민,1954-05,0
유옥우위원,유옥우 위원,이민,1954-06,0
유옥우위원,유옥우 위원,이민,1954-07,0
유옥우위원,유옥우 위원,이민,1954-08,0
유옥우위원,유옥우 위원,이민,1954-09,0
유옥우위원,유옥우 위원,이민,1954-10,0
유옥우위원,유옥우 위원,이민,1954-11,0
유옥우위원,유옥우 위원,이민,1954-12,0
유옥우위원,유옥우 위원,이민,1955-01,0
유옥우위원,유옥우 위원,이민,1955-02,0
유옥우위원,유옥우 위원,이민,1955-03,0
유옥우위원,유옥우 위원,이민,1955-04,0
유옥우위원,유옥우 위원,이민,1955-05,0
유옥우위원,유옥우 위원,이민,1955-06,0
유옥우위원,유옥우 위원,이민,1955-07,0
유옥우위원,유옥우 위원,이민,1955-09,0
유옥우위원,유옥우 위원,이민,1955-10,0
유옥우위원,유옥우 위원,이민,1955-11,0
유옥우위원,유옥우 위원,이민,1955-12,0
유옥우위원,유옥우 위원,이민,1956-01,0
유옥우위원,유옥우 위원,이민,1956-02,0
유옥우위원,유옥우 위원,이민,1956-03,0
유옥우위원,유옥우 위원,이민,1956-04,0
유옥우위원,유옥우 위원,이민,1956-05,0
유옥우위원,유옥우 위원,이민,1956-06,0
유옥우위원,유옥우 위원,이민,1956-07,0
유옥우위원,유옥우 위원,이민,1956-08,0
유옥우위원,유옥우 위원,이민,1956-09,0
유옥우위원,유옥우 위원,이민,1956-10,0
유옥우위원,유옥우 위원,이민,1956-11,0
유옥우위원,유옥우 위원,이민,1956-12,0
유옥우위원,유옥우 위원,이민,1957-01,0
유옥우위원,유옥우 위원,이민,1957-02,0
유옥우위원,유옥우 위원,이민,1957-03,0
유옥우위원,유옥우 위원,이민,1957-04,0
유옥우위원,유옥우 위원,이민,1957-05,0
유옥우위원,유옥우 위원,이민,1957-06,0
유옥우위원,유옥우 위원,이민,1957-07,0
유옥우위원,유옥우 위원,이민,1957-08,0
유옥우위원,유옥우 위원,이민,1957-09,0
유옥우위원,유옥우 위원,이민,1957-10,0
유옥우위원,유옥우 위원,이민,1957-11,0
유옥우위원,유옥우 위원,이민,1957-12,0
유옥우위원,유옥우 위원,이민,1958-01,0
유옥우위원,유옥우 위원,이민,1958-02,0
유옥우위원,유옥우 위원,이민,1958-03,0
유옥우위원,유옥우 위원,이민,1958-04,0
유옥우위원,유옥우 위원,이민,1958-05,0
유옥우위원,유옥우 위원,이민,1958-06,0
유옥우위원,유옥우 위원,이민,1958-07,1
유옥우위원,유옥우 위원,이민,1958-08,0
유옥우위원,유옥우 위원,이민,1958-09,0
유옥우위원,유옥우 위원,이민,1958-10,0
유옥우위원,유옥우 위원,이민,1958-11,0
유옥우위원,유옥우 위원,이민,1958-12,0
유옥우위원,유옥우 위원,이민,1959-05,0
유옥우위원,유옥우 위원,이민,1959-06,0
유옥우위원,유옥우 위원,이민,1959-07,0
유옥우위원,유옥우 위원,이민,1959-10,0
유옥우위원,유옥우 위원,이민,1959-11,0
유옥우위원,유옥우 위원,이민,1959-12,0
박영종의원,박영종 의원,이민,1948-08,0
박영종의원,박영종 의원,이민,1948-09,0
박영종의원,박영종 의원,이민,1948-10,0
박영종의원,박영종 의원,이민,1948-11,0
박영종의원,박영종 의원,이민,1948-12,0
박영종의원,박영종 의원,이민,1949-01,0
박영종의원,박영종 의원,이민,1949-02,0
박영종의원,박영종 의원,이민,1949-03,0
박영종의원,박영종 의원,이민,1949-04,0
박영종의원,박영종 의원,이민,1949-05,0
박영종의원,박영종 의원,이민,1949-06,0
박영종의원,박영종 의원,이민,1949-07,0
박영종의원,박영종 의원,이민,1949-08,0
박영종의원,박영종 의원,이민,1949-09,0
박영종의원,박영종 의원,이민,1949-10,0
박영종의원,박영종 의원,이민,1949-11,0
박영종의원,박영종 의원,이민,1949-12,0
박영종의원,박영종 의원,이민,1950-01,0
박영종의원,박영종 의원,이민,1950-02,0
박영종의원,박영종 의원,이민,1950-03,0
박영종의원,박영종 의원,이민,1950-04,0
박영종의원,박영종 의원,이민,1950-06,0
박영종의원,박영종 의원,이민,1950-10,0
박영종의원,박영종 의원,이민,1950-11,0
박영종의원,박영종 의원,이민,1950-12,0
박영종의원,박영종 의원,이민,1951-01,0
박영종의원,박영종 의원,이민,1951-02,0
박영종의원,박영종 의원,이민,1951-03,0
박영종의원,박영종 의원,이민,1951-04,0
박영종의원,박영종 의원,이민,1951-05,0
박영종의원,박영종 의원,이민,1951-06,0
박영종의원,박영종 의원,이민,1951-07,0
박영종의원,박영종 의원,이민,1951-08,0
박영종의원,박영종 의원,이민,1951-09,0
박영종의원,박영종 의원,이민,1951-10,0
박영종의원,박영종 의원,이민,1951-11,0
박영종의원,박영종 의원,이민,1951-12,0
박영종의원,박영종 의원,이민,1952-01,0
박영종의원,박영종 의원,이민,1952-02,0
박영종의원,박영종 의원,이민,1952-03,0
박영종의원,박영종 의원,이민,1952-04,0
박영종의원,박영종 의원,이민,1952-05,0
박영종의원,박영종 의원,이민,1952-06,0
박영종의원,박영종 의원,이민,1952-07,0
박영종의원,박영종 의원,이민,1952-08,0
박영종의원,박영종 의원,이민,1952-09,0
박영종의원,박영종 의원,이민,1952-10,0
박영종의원,박영종 의원,이민,1952-11,0
박영종의원,박영종 의원,이민,1952-12,0
박영종의원,박영종 의원,이민,1953-01,0
박영종의원,박영종 의원,이민,1953-02,0
박영종의원,박영종 의원,이민,1953-03,0
박영종의원,박영종 의원,이민,1953-04,0
박영종의원,박영종 의원,이민,1953-05,0
박영종의원,박영종 의원,이민,1953-06,0
박영종의원,박영종 의원,이민,1953-07,0
박영종의원,박영종 의원,이민,1953-08,0
박영종의원,박영종 의원,이민,1953-09,0
박영종의원,박영종 의원,이민,1953-10,0
박영종의원,박영종 의원,이민,1953-11,0
박영종의원,박영종 의원,이민,1953-12,0
박영종의원,박영종 의원,이민,1954-01,0
박영종의원,박영종 의원,이민,1954-02,0
박영종의원,박영종 의원,이민,1954-03,0
박영종의원,박영종 의원,이민,1954-04,0
박영종의원,박영종 의원,이민,1954-05,0
박영종의원,박영종 의원,이민,1954-06,0
박영종의원,박영종 의원,이민,1954-07,1
박영종의원,박영종 의원,이민,1954-08,0
박영종의원,박영종 의원,이민,1954-09,2
박영종의원,박영종 의원,이민,1954-10,0
박영종의원,박영종 의원,이민,1954-11,1
박영종의원,박영종 의원,이민,1954-12,1
박영종의원,박영종 의원,이민,1955-01,2
박영종의원,박영종 의원,이민,1955-02,0
박영종의원,박영종 의원,이민,1955-03,1
박영종의원,박영종 의원,이민,1955-04,1
박영종의원,박영종 의원,이민,1955-05,0
박영종의원,박영종 의원,이민,1955-06,0
박영종의원,박영종 의원,이민,1955-07,0
박영종의원,박영종 의원,이민,1955-09,0
박영종의원,박영종 의원,이민,1955-10,1
박영종의원,박영종 의원,이민,1955-11,0
박영종의원,박영종 의원,이민,1955-12,0
박영종의원,박영종 의원,이민,1956-01,1
박영종의원,박영종 의원,이민,1956-02,5
박영종의원,박영종 의원,이민,1956-03,1
박영종의원,박영종 의원,이민,1956-04,0
박영종의원,박영종 의원,이민,1956-05,2
박영종의원,박영종 의원,이민,1956-06,0
박영종의원,박영종 의원,이민,1956-07,2
박영종의원,박영종 의원,이민,1956-08,2
박영종의원,박영종 의원,이민,1956-09,2
박영종의원,박영종 의원,이민,1956-10,2
박영종의원,박영종 의원,이민,1956-11,0
박영종의원,박영종 의원,이민,1956-12,0
박영종의원,박영종 의원,이민,1957-01,0
박영종의원,박영종 의원,이민,1957-02,0
박영종의원,박영종 의원,이민,1957-03,2
박영종의원,박영종 의원,이민,1957-04,7
박영종의원,박영종 의원,이민,1957-05,0
박영종의원,박영종 의원,이민,1957-06,1
박영종의원,박영종 의원,이민,1957-07,6
박영종의원,박영종 의원,이민,1957-08,1
박영종의원,박영종 의원,이민,1957-09,1
박영종의원,박영종 의원,이민,1957-10,3
박영종의원,박영종 의원,이민,1957-11,2
박영종의원,박영종 의원,이민,1957-12,2
박영종의원,박영종 의원,이민,1958-01,0
박영종의원,박영종 의원,이민,1958-02,5
박영종의원,박영종 의원,이민,1958-03,0
박영종의원,박영종 의원,이민,1958-04,0
박영종의원,박영종 의원,이민,1958-05,0
박영종의원,박영종 의원,이민,1958-06,0
박영종의원,박영종 의원,이민,1958-07,0
박영종의원,박영종 의원,이민,1958-08,0
박영종의원,박영종 의원,이민,1958-09,0
박영종의원,박영종 의원,이민,1958-10,0
박영종의원,박영종 의원,이민,1958-11,0
박영종의원,박영종 의원,이민,1958-12,0
박영종의원,박영종 의원,이민,1959-05,0
박영종의원,박영종 의원,이민,1959-06,0
박영종의원,박영종 의원,이민,1959-07,0
박영종의원,박영종 의원,이민,1959-10,0
박영종의원,박영종 의원,이민,1959-11,0
박영종의원,박영종 의원,이민,1959-12,0
의장신익희,의장 신익희,이주,1948-08,1
의장신익희,의장 신익희,이주,1948-09,3
의장신익희,의장 신익희,이주,1948-10,0
의장신익희,의장 신익희,이주,1948-11,0
의장신익희,의장 신익희,이주,1948-12,0
의장신익희,의장 신익희,이주,1949-01,0
의장신익희,의장 신익희,이주,1949-02,0
의장신익희,의장 신익희,이주,1949-03,1
의장신익희,의장 신익희,이주,1949-04,0
의장신익희,의장 신익희,이주,1949-05,0
의장신익희,의장 신익희,이주,1949-06,2
의장신익희,의장 신익희,이주,1949-07,0
의장신익희,의장 신익희,이주,1949-08,0
의장신익희,의장 신익희,이주,1949-09,0
의장신익희,의장 신익희,이주,1949-10,0
의장신익희,의장 신익희,이주,1949-11,0
의장신익희,의장 신익희,이주,1949-12,0
의장신익희,의장 신익희,이주,1950-01,0
의장신익희,의장 신익희,이주,1950-02,0
의장신익희,의장 신익희,이주,1950-03,3
의장신익희,의장 신익희,이주,1950-04,0
의장신익희,의장 신익희,이주,1950-06,0
의장신익희,의장 신익희,이주,1950-10,0
의장신익희,의장 신익희,이주,1950-11,1
의장신익희,의장 신익희,이주,1950-12,0
의장신익희,의장 신익희,이주,1951-01,2
의장신익희,의장 신익희,이주,1951-02,3
의장신익희,의장 신익희,이주,1951-03,0
의장신익희,의장 신익희,이주,1951-04,0
의장신익희,의장 신익희,이주,1951-05,0
의장신익희,의장 신익희,이주,1951-06,0
의장신익희,의장 신익희,이주,1951-07,1
의장신익희,의장 신익희,이주,1951-08,0
의장신익희,의장 신익희,이주,1951-09,0
의장신익희,의장 신익희,이주,1951-10,0
의장신익희,의장 신익희,이주,1951-11,0
의장신익희,의장 신익희,이주,1951-12,2
의장신익희,의장 신익희,이주,1952-01,0
의장신익희,의장 신익희,이주,1952-02,0
의장신익희,의장 신익희,이주,1952-03,0
의장신익희,의장 신익희,이주,1952-04,0
의장신익희,의장 신익희,이주,1952-05,0
의장신익희,의장 신익희,이주,1952-06,0
의장신익희,의장 신익희,이주,1952-07,1
의장신익희,의장 신익희,이주,1952-08,0
의장신익희,의장 신익희,이주,1952-09,0
의장신익희,의장 신익희,이주,1952-10,0
의장신익희,의장 신익희,이주,1952-11,0
의장신익희,의장 신익희,이주,1952-12,0
의장신익희,의장 신익희,이주,1953-01,0
의장신익희,의장 신익희,이주,1953-02,0
의장신익희,의장 신익희,이주,1953-03,1
의장신익희,의장 신익희,이주,1953-04,0
의장신익희,의장 신익희,이주,1953-05,0
의장신익희,의장 신익희,이주,1953-06,0
의장신익희,의장 신익희,이주,1953-07,0
의장신익희,의장 신익희,이주,1953-08,0
의장신익희,의장 신익희,이주,1953-09,0
의장신익희,의장 신익희,이주,1953-10,0
의장신익희,의장 신익희,이주,1953-11,0
의장신익희,의장 신익희,이주,1953-12,0
의장신익희,의장 신익희,이주,1954-01,0
의장신익희,의장 신익희,이주,1954-02,0
의장신익희,의장 신익희,이주,1954-03,0
의장신익희,의장 신익희,이주,1954-04,0
의장신익희,의장 신익희,이주,1954-05,0
의장신익희,의장 신익희,이주,1954-06,0
의장신익희,의장 신익희,이주,1954-07,0
의장신익희,의장 신익희,이주,1954-08,0
의장신익희,의장 신익희,이주,1954-09,0
의장신익희,의장 신익희,이주,1954-10,0
의장신익희,의장 신익희,이주,1954-11,0
의장신익희,의장 신익희,이주,1954-12,0
의장신익희,의장 신익희,이주,1955-01,0
의장신익희,의장 신익희,이주,1955-02,0
의장신익희,의장 신익희,이주,1955-03,0
의장신익희,의장 신익희,이주,1955-04,0
의장신익희,의장 신익희,이주,1955-05,0
의장신익희,의장 신익희,이주,1955-06,0
의장신익희,의장 신익희,이주,1955-07,0
의장신익희,의장 신익희,이주,1955-09,0
의장신익희,의장 신익희,이주,1955-10,0
의장신익희,의장 신익희,이주,1955-11,0
의장신익희,의장 신익희,이주,1955-12,0
의장신익희,의장 신익희,이주,1956-01,0
의장신익희,의장 신익희,이주,1956-02,0
의장신익희,의장 신익희,이주,1956-03,0
의장신익희,의장 신익희,이주,1956-04,0
의장신익희,의장 신익희,이주,1956-05,0
의장신익희,의장 신익희,이주,1956-06,0
의장신익희,의장 신익희,이주,1956-07,0
의장신익희,의장 신익희,이주,1956-08,0
의장신익희,의장 신익희,이주,1956-09,0
의장신익희,의장 신익희,이주,1956-10,0
의장신익희,의장 신익희,이주,1956-11,0
의장신익희,의장 신익희,이주,1956-12,0
의장신익희,의장 신익희,이주,1957-01,0
의장신익희,의장 신익희,이주,1957-02,0
의장신익희,의장 신익희,이주,1957-03,0
의장신익희,의장 신익희,이주,1957-04,0
의장신익희,의장 신익희,이주,1957-05,0
의장신익희,의장 신익희,이주,1957-06,0
의장신익희,의장 신익희,이주,1957-07,0
의장신익희,의장 신익희,이주,1957-08,0
의장신익희,의장 신익희,이주,1957-09,0
의장신익희,의장 신익희,이주,1957-10,0
의장신익희,의장 신익희,이주,1957-11,0
의장신익희,의장 신익희,이주,1957-12,0
의장신익희,의장 신익희,이주,1958-01,0
의장신익희,의장 신익희,이주,1958-02,0
의장신익희,의장 신익희,이주,1958-03,0
의장신익희,의장 신익희,이주,1958-04,0
의장신익희,의장 신익희,이주,1958-05,0
의장신익희,의장 신익희,이주,1958-06,0
의장신익희,의장 신익희,이주,1958-07,0
의장신익희,의장 신익희,이주,1958-08,0
의장신익희,의장 신익희,이주,1958-09,0
의장신익희,의장 신익희,이주,1958-10,0
의장신익희,의장 신익희,이주,1958-11,0
의장신익희,의장 신익희,이주,1958-12,0
의장신익희,의장 신익희,이주,1959-05,0
의장신익희,의장 신익희,이주,1959-06,0
의장신익희,의장 신익희,이주,1959-07,0
의장신익희,의장 신익희,이주,1959-10,0
의장신익희,의장 신익희,이주,1959-11,0
의장신익희,의장 신익희,이주,1959-12,0
위원장이충환,위원장 이충환,이주,1948-08,0
위원장이충환,위원장 이충환,이주,1948-09,0
위원장이충환,위원장 이충환,이주,1948-10,0
위원장이충환,위원장 이충환,이주,1948-11,0
위원장이충환,위원장 이충환,이주,1948-12,0
위원장이충환,위원장 이충환,이주,1949-01,0
위원장이충환,위원장 이충환,이주,1949-02,0
위원장이충환,위원장 이충환,이주,1949-03,0
위원장이충환,위원장 이충환,이주,1949-04,0
위원장이충환,위원장 이충환,이주,1949-05,0
위원장이충환,위원장 이충환,이주,1949-06,0
위원장이충환,위원장 이충환,이주,1949-07,0
위원장이충환,위원장 이충환,이주,1949-08,0
위원장이충환,위원장 이충환,이주,1949-09,0
위원장이충환,위원장 이충환,이주,1949-10,0
위원장이충환,위원장 이충환,이주,1949-11,0
위원장이충환,위원장 이충환,이주,1949-12,0
위원장이충환,위원장 이충환,이주,1950-01,0
위원장이충환,위원장 이충환,이주,1950-02,0
위원장이충환,위원장 이충환,이주,1950-03,0
위원장이충환,위원장 이충환,이주,1950-04,0
위원장이충환,위원장 이충환,이주,1950-06,0
위원장이충환,위원장 이충환,이주,1950-10,0
위원장이충환,위원장 이충환,이주,1950-11,0
위원장이충환,위원장 이충환,이주,1950-12,0
위원장이충환,위원장 이충환,이주,1951-01,0
위원장이충환,위원장 이충환,이주,1951-02,0
위원장이충환,위원장 이충환,이주,1951-03,0
위원장이충환,위원장 이충환,이주,1951-04,0
위원장이충환,위원장 이충환,이주,1951-05,0
위원장이충환,위원장 이충환,이주,1951-06,0
위원장이충환,위원장 이충환,이주,1951-07,0
위원장이충환,위원장 이충환,이주,1951-08,0
위원장이충환,위원장 이충환,이주,1951-09,0
위원장이충환,위원장 이충환,이주,1951-10,0
위원장이충환,위원장 이충환,이주,1951-11,0
위원장이충환,위원장 이충환,이주,1951-12,0
위원장이충환,위원장 이충환,이주,1952-01,0
위원장이충환,위원장 이충환,이주,1952-02,0
위원장이충환,위원장 이충환,이주,1952-03,0
위원장이충환,위원장 이충환,이주,1952-04,0
위원장이충환,위원장 이충환,이주,1952-05,0
위원장이충환,위원장 이충환,이주,1952-06,0
위원장이충환,위원장 이충환,이주,1952-07,0
위원장이충환,위원장 이충환,이주,1952-08,0
위원장이충환,위원장 이충환,이주,1952-09,0
위원장이충환,위원장 이충환,이주,1952-10,0
위원장이충환,위원장 이충환,이주,1952-11,0
위원장이충환,위원장 이충환,이주,1952-12,0
위원장이충환,위원장 이충환,이주,1953-01,0
위원장이충환,위원장 이충환,이주,1953-02,0
위원장이충환,위원장 이충환,이주,1953-03,0
위원장이충환,위원장 이충환,이주,1953-04,0
위원장이충환,위원장 이충환,이주,1953-05,0
위원장이충환,위원장 이충환,이주,1953-06,0
위원장이충환,위원장 이충환,이주,1953-07,0
위원장이충환,위원장 이충환,이주,1953-08,0
위원장이충환,위원장 이충환,이주,1953-09,0
위원장이충환,위원장 이충환,이주,1953-10,0
위원장이충환,위원장 이충환,이주,1953-11,0
위원장이충환,위원장 이충환,이주,1953-12,0
위원장이충환,위원장 이충환,이주,1954-01,0
위원장이충환,위원장 이충환,이주,1954-02,0
위원장이충환,위원장 이충환,이주,1954-03,0
위원장이충환,위원장 이충환,이주,1954-04,0
위원장이충환,위원장 이충환,이주,1954-05,0
위원장이충환,위원장 이충환,이주,1954-06,0
위원장이충환,위원장 이충환,이주,1954-07,0
위원장이충환,위원장 이충환,이주,1954-08,0
위원장이충환,위원장 이충환,이주,1954-09,0
위원장이충환,위원장 이충환,이주,1954-10,1
위원장이충환,위원장 이충환,이주,1954-11,0
위원장이충환,위원장 이충환,이주,1954-12,0
위원장이충환,위원장 이충환,이주,1955-01,0
위원장이충환,위원장 이충환,이주,1955-02,0
위원장이충환,위원장 이충환,이주,1955-03,1
위원장이충환,위원장 이충환,이주,1955-04,0
위원장이충환,위원장 이충환,이주,1955-05,2
위원장이충환,위원장 이충환,이주,1955-06,0
위원장이충환,위원장 이충환,이주,1955-07,0
위원장이충환,위원장 이충환,이주,1955-09,0
위원장이충환,위원장 이충환,이주,1955-10,0
위원장이충환,위원장 이충환,이주,1955-11,0
위원장이충환,위원장 이충환,이주,1955-12,0
위원장이충환,위원장 이충환,이주,1956-01,0
위원장이충환,위원장 이충환,이주,1956-02,0
위원장이충환,위원장 이충환,이주,1956-03,0
위원장이충환,위원장 이충환,이주,1956-04,0
위원장이충환,위원장 이충환,이주,1956-05,0
위원장이충환,위원장 이충환,이주,1956-06,0
위원장이충환,위원장 이충환,이주,1956-07,0
위원장이충환,위원장 이충환,이주,1956-08,0
위원장이충환,위원장 이충환,이주,1956-09,0
위원장이충환,위원장 이충환,이주,1956-10,0
위원장이충환,위원장 이충환,이주,1956-11,0
위원장이충환,위원장 이충환,이주,1956-12,0
위원장이충환,위원장 이충환,이주,1957-01,0
위원장이충환,위원장 이충환,이주,1957-02,0
위원장이충환,위원장 이충환,이주,1957-03,0
위원장이충환,위원장 이충환,이주,1957-04,0
위원장이충환,위원장 이충환,이주,1957-05,0
위원장이충환,위원장 이충환,이주,1957-06,0
위원장이충환,위원장 이충환,이주,1957-07,0
위원장이충환,위원장 이충환,이주,1957-08,0
위원장이충환,위원장 이충환,이주,1957-09,0
위원장이충환,위원장 이충환,이주,1957-10,0
위원장이충환,위원장 이충환,이주,1957-11,0
위원장이충환,위원장 이충환,이주,1957-12,0
위원장이충환,위원장 이충환,이주,1958-01,0
위원장이충환,위원장 이충환,이주,1958-02,0
위원장이충환,위원장 이충환,이주,1958-03,0
위원장이충환,위원장 이충환,이주,1958-04,0
위원장이충환,위원장 이충환,이주,1958-05,0
위원장이충환,위원장 이충환,이주,1958-06,0
위원장이충환,위원장 이충환,이주,1958-07,0
위원장이충환,위원장 이충환,이주,1958-08,0
위원장이충환,위원장 이충환,이주,1958-09,0
위원장이충환,위원장 이충환,이주,1958-10,0
위원장이충환,위원장 이충환,이주,1958-11,0
위원장이충환,위원장 이충환,이주,1958-12,0
위원장이충환,위원장 이충환,이주,1959-05,0
위원장이충환,위원장 이충환,이주,1959-06,0
위원장이충환,위원장 이충환,이주,1959-07,0
위원장이충환,위원장 이충환,이주,1959-10,0
위원장이충환,위원장 이충환,이주,1959-11,0
위원장이충환,위원장 이충환,이주,1959-12,0
이철승위원,이철승 위원,이주,1948-08,0
이철승위원,이철승 위원,이주,1948-09,0
이철승위원,이철승 위원,이주,1948-10,0
이철승위원,이철승 위원,이주,1948-11,0
이철승위원,이철승 위원,이주,1948-12,0
이철승위원,이철승 위원,이주,1949-01,0
이철승위원,이철승 위원,이주,1949-02,0
이철승위원,이철승 위원,이주,1949-03,0
이철승위원,이철승 위원,이주,1949-04,0
이철승위원,이철승 위원,이주,1949-05,0
이철승위원,이철승 위원,이주,1949-06,0
이철승위원,이철승 위원,이주,1949-07,0
이철승위원,이철승 위원,이주,1949-08,0
이철승위원,이철승 위원,이주,1949-09,0
이철승위원,이철승 위원,이주,1949-10,0
이철승위원,이철승 위원,이주,1949-11,0
이철승위원,이철승 위원,이주,1949-12,0
이철승위원,이철승 위원,이주,1950-01,0
이철승위원,이철승 위원,이주,1950-02,0
이철승위원,이철승 위원,이주,1950-03,0
이철승위원,이철승 위원,이주,1950-04,0
이철승위원,이철승 위원,이주,1950-06,0
이철승위원,이철승 위원,이주,1950-10,0
이철승위원,이철승 위원,이주,1950-11,0
이철승위원,이철승 위원,이주,1950-12,0
이철승위원,이철승 위원,이주,1951-01,0
이철승위원,이철승 위원,이주,1951-02,0
이철승위원,이철승 위원,이주,1951-03,0
이철승위원,이철승 위원,이주,1951-04,0
이철승위원,이철승 위원,이주,1951-05,0
이철승위원,이철승 위원,이주,1951-06,0
이철승위원,이철승 위원,이주,1951-07,0
이철승위원,이철승 위원,이주,1951-08,0
이철승위원,이철승 위원,이주,1951-09,0
이철승위원,이철승 위원,이주,1951-10,0
이철승위원,이철승 위원,이주,1951-11,0
이철승위원,이철승 위원,이주,1951-12,0
이철승위원,이철승 위원,이주,1952-01,0
이철승위원,이철승 위원,이주,1952-02,0
이철승위원,이철승 위원,이주,1952-03,0
이철승위원,이철승 위원,이주,1952-04,0
이철승위원,이철승 위원,이주,1952-05,0
이철승위원,이철승 위원,이주,1952-06,0
이철승위원,이철승 위원,이주,1952-07,0
이철승위원,이철승 위원,이주,1952-08,0
이철승위원,이철승 위원,이주,1952-09,0
이철승위원,이철승 위원,이주,1952-10,0
이철승위원,이철승 위원,이주,1952-11,0
이철승위원,이철승 위원,이주,1952-12,0
이철승위원,이철승 위원,이주,1953-01,0
이철승위원,이철승 위원,이주,1953-02,0
이철승위원,이철승 위원,이주,1953-03,0
이철승위원,이철승 위원,이주,1953-04,0
이철승위원,이철승 위원,이주,1953-05,0
이철승위원,이철승 위원,이주,1953-06,0
이철승위원,이철승 위원,이주,1953-07,0
이철승위원,이철승 위원,이주,1953-08,0
이철승위원,이철승 위원,이주,1953-09,0
이철승위원,이철승 위원,이주,1953-10,0
이철승위원,이철승 위원,이주,1953-11,0
이철승위원,이철승 위원,이주,1953-12,0
이철승위원,이철승 위원,이주,1954-01,0
이철승위원,이철승 위원,이주,1954-02,0
이철승위원,이철승 위원,이주,1954-03,0
이철승위원,이철승 위원,이주,1954-04,0
이철승위원,이철승 위원,이주,1954-05,0
이철승위원,이철승 위원,이주,1954-06,0
이철승위원,이철승 위원,이주,1954-07,0
이철승위원,이철승 위원,이주,1954-08,0
이철승위원,이철승 위원,이주,1954-09,0
이철승위원,이철승 위원,이주,1954-10,0
이철승위원,이철승 위원,이주,1954-11,0
이철승위원,이철승 위원,이주,1954-12,0
이철승위원,이철승 위원,이주,1955-01,0
이철승위원,이철승 위원,이주,1955-02,0
이철승위원,이철승 위원,이주,1955-03,0
이철승위원,이철승 위원,이주,1955-04,0
이철승위원,이철승 위원,이주,1955-05,0
이철승위원,이철승 위원,이주,1955-06,0
이철승위원,이철승 위원,이주,1955-07,1
이철승위원,이철승 위원,이주,1955-09,0
이철승위원,이철승 위원,이주,1955-10,0
이철승위원,이철승 위원,이주,1955-11,0
이철승위원,이철승 위원,이주,1955-12,0
이철승위원,이철승 위원,이주,1956-01,0
이철승위원,이철승 위원,이주,1956-02,0
이철승위원,이철승 위원,이주,1956-03,0
이철승위원,이철승 위원,이주,1956-04,0
이철승위원,이철승 위원,이주,1956-05,0
이철승위원,이철승 위원,이주,1956-06,0
이철승위원,이철승 위원,이주,1956-07,0
이철승위원,이철승 위원,이주,1956-08,0
이철승위원,이철승 위원,이주,1956-09,0
이철승위원,이철승 위원,이주,1956-10,0
이철승위원,이철승 위원,이주,1956-11,0
이철승위원,이철승 위원,이주,1956-12,0
이철승위원,이철승 위원,이주,1957-01,0
이철승위원,이철승 위원,이주,1957-02,0
이철승위원,이철승 위원,이주,1957-03,0
이철승위원,이철승 위원,이주,1957-04,0
이철승위원,이철승 위원,이주,1957-05,0
이철승위원,이철승 위원,이주,1957-06,0
이철승위원,이철승 위원,이주,1957-07,0
이철승위원,이철승 위원,이주,1957-08,0
이철승위원,이철승 위원,이주,1957-09,0
이철승위원,이철승 위원,이주,1957-10,1
이철승위원,이철승 위원,이주,1957-11,0
이철승위원,이철승 위원,이주,1957-12,0
이철승위원,이철승 위원,이주,1958-01,0
이철승위원,이철승 위원,이주,1958-02,0
이철승위원,이철승 위원,이주,1958-03,0
이철승위원,이철승 위원,이주,1958-04,0
이철승위원,이철승 위원,이주,1958-05,0
이철승위원,이철승 위원,이주,1958-06,1
이철승위원,이철승 위원,이주,1958-07,5
이철승위원,이철승 위원,이주,1958-08,3
이철승위원,이철승 위원,이주,1958-09,0
이철승위원,이철승 위원,이주,1958-10,2
이철승위원,이철승 위원,이주,1958-11,3
이철승위원,이철승 위원,이주,1958-12,0
이철승위원,이철승 위원,이주,1959-05,0
이철승위원,이철승 위원,이주,1959-06,1
이철승위원,이철승 위원,이주,1959-07,0
이철승위원,이철승 위원,이주,1959-10,0
이철승위원,이철승 위원,이주,1959-11,2
이철승위원,이철승 위원,이주,1959-12,0
의사국장서상준,의사국장 서상준,이주,1948-08,0
의사국장서상준,의사국장 서상준,이주,1948-09,0
의사국장서상준,의사국장 서상준,이주,1948-10,0
의사국장서상준,의사국장 서상준,이주,1948-11,0
의사국장서상준,의사국장 서상준,이주,1948-12,0
의사국장서상준,의사국장 서상준,이주,1949-01,0
의사국장서상준,의사국장 서상준,이주,1949-02,0
의사국장서상준,의사국장 서상준,이주,1949-03,0
의사국장서상준,의사국장 서상준,이주,1949-04,0
의사국장서상준,의사국장 서상준,이주,1949-05,0
의사국장서상준,의사국장 서상준,이주,1949-06,0
의사국장서상준,의사국장 서상준,이주,1949-07,0
의사국장서상준,의사국장 서상준,이주,1949-08,0
의사국장서상준,의사국장 서상준,이주,1949-09,0
의사국장서상준,의사국장 서상준,이주,1949-10,0
의사국장서상준,의사국장 서상준,이주,1949-11,0
의사국장서상준,의사국장 서상준,이주,1949-12,0
의사국장서상준,의사국장 서상준,이주,1950-01,0
의사국장서상준,의사국장 서상준,이주,1950-02,0
의사국장서상준,의사국장 서상준,이주,1950-03,0
의사국장서상준,의사국장 서상준,이주,1950-04,0
의사국장서상준,의사국장 서상준,이주,1950-06,0
의사국장서상준,의사국장 서상준,이주,1950-10,0
의사국장서상준,의사국장 서상준,이주,1950-11,0
의사국장서상준,의사국장 서상준,이주,1950-12,0
의사국장서상준,의사국장 서상준,이주,1951-01,0
의사국장서상준,의사국장 서상준,이주,1951-02,1
의사국장서상준,의사국장 서상준,이주,1951-03,1
의사국장서상준,의사국장 서상준,이주,1951-04,0
의사국장서상준,의사국장 서상준,이주,1951-05,0
의사국장서상준,의사국장 서상준,이주,1951-06,2
의사국장서상준,의사국장 서상준,이주,1951-07,0
의사국장서상준,의사국장 서상준,이주,1951-08,0
의사국장서상준,의사국장 서상준,이주,1951-09,0
의사국장서상준,의사국장 서상준,이주,1951-10,4
의사국장서상준,의사국장 서상준,이주,1951-11,2
의사국장서상준,의사국장 서상준,이주,1951-12,0
의사국장서상준,의사국장 서상준,이주,1952-01,0
의사국장서상준,의사국장 서상준,이주,1952-02,1
의사국장서상준,의사국장 서상준,이주,1952-03,2
의사국장서상준,의사국장 서상준,이주,1952-04,0
의사국장서상준,의사국장 서상준,이주,1952-05,0
의사국장서상준,의사국장 서상준,이주,1952-06,0
의사국장서상준,의사국장 서상준,이주,1952-07,0
의사국장서상준,의사국장 서상준,이주,1952-08,1
의사국장서상준,의사국장 서상준,이주,1952-09,0
의사국장서상준,의사국장 서상준,이주,1952-10,4
의사국장서상준,의사국장 서상준,이주,1952-11,1
의사국장서상준,의사국장 서상준,이주,1952-12,0
의사국장서상준,의사국장 서상준,이주,1953-01,1
의사국장서상준,의사국장 서상준,이주,1953-02,2
의사국장서상준,의사국장 서상준,이주,1953-03,0
의사국장서상준,의사국장 서상준,이주,1953-04,0
의사국장서상준,의사국장 서상준,이주,1953-05,1
의사국장서상준,의사국장 서상준,이주,1953-06,0
의사국장서상준,의사국장 서상준,이주,1953-07,1
의사국장서상준,의사국장 서상준,이주,1953-08,1
의사국장서상준,의사국장 서상준,이주,1953-09,0
의사국장서상준,의사국장 서상준,이주,1953-10,0
의사국장서상준,의사국장 서상준,이주,1953-11,0
의사국장서상준,의사국장 서상준,이주,1953-12,1
의사국장서상준,의사국장 서상준,이주,1954-01,1
의사국장서상준,의사국장 서상준,이주,1954-02,0
의사국장서상준,의사국장 서상준,이주,1954-03,1
의사국장서상준,의사국장 서상준,이주,1954-04,1
의사국장서상준,의사국장 서상준,이주,1954-05,0
의사국장서상준,의사국장 서상준,이주,1954-06,0
의사국장서상준,의사국장 서상준,이주,1954-07,0
의사국장서상준,의사국장 서상준,이주,1954-08,0
의사국장서상준,의사국장 서상준,이주,1954-09,0
의사국장서상준,의사국장 서상준,이주,1954-10,0
의사국장서상준,의사국장 서상준,이주,1954-11,0
의사국장서상준,의사국장 서상준,이주,1954-12,0
의사국장서상준,의사국장 서상준,이주,1955-01,1
의사국장서상준,의사국장 서상준,이주,1955-02,0
의사국장서상준,의사국장 서상준,이주,1955-03,0
의사국장서상준,의사국장 서상준,이주,1955-04,0
의사국장서상준,의사국장 서상준,이주,1955-05,0
의사국장서상준,의사국장 서상준,이주,1955-06,0
의사국장서상준,의사국장 서상준,이주,1955-07,0
의사국장서상준,의사국장 서상준,이주,1955-09,0
의사국장서상준,의사국장 서상준,이주,1955-10,0
의사국장서상준,의사국장 서상준,이주,1955-11,0
의사국장서상준,의사국장 서상준,이주,1955-12,0
의사국장서상준,의사국장 서상준,이주,1956-01,0
의사국장서상준,의사국장 서상준,이주,1956-02,0
의사국장서상준,의사국장 서상준,이주,1956-03,0
의사국장서상준,의사국장 서상준,이주,1956-04,0
의사국장서상준,의사국장 서상준,이주,1956-05,0
의사국장서상준,의사국장 서상준,이주,1956-06,0
의사국장서상준,의사국장 서상준,이주,1956-07,0
의사국장서상준,의사국장 서상준,이주,1956-08,1
의사국장서상준,의사국장 서상준,이주,1956-09,0
의사국장서상준,의사국장 서상준,이주,1956-10,2
의사국장서상준,의사국장 서상준,이주,1956-11,1
의사국장서상준,의사국장 서상준,이주,1956-12,0
의사국장서상준,의사국장 서상준,이주,1957-01,0
의사국장서상준,의사국장 서상준,이주,1957-02,0
의사국장서상준,의사국장 서상준,이주,1957-03,0
의사국장서상준,의사국장 서상준,이주,1957-04,0
의사국장서상준,의사국장 서상준,이주,1957-05,0
의사국장서상준,의사국장 서상준,이주,1957-06,0
의사국장서상준,의사국장 서상준,이주,1957-07,0
의사국장서상준,의사국장 서상준,이주,1957-08,0
의사국장서상준,의사국장 서상준,이주,1957-09,1
의사국장서상준,의사국장 서상준,이주,1957-10,0
의사국장서상준,의사국장 서상준,이주,1957-11,0
의사국장서상준,의사국장 서상준,이주,1957-12,0
의사국장서상준,의사국장 서상준,이주,1958-01,0
의사국장서상준,의사국장 서상준,이주,1958-02,0
의사국장서상준,의사국장 서상준,이주,1958-03,0
의사국장서상준,의사국장 서상준,이주,1958-04,0
의사국장서상준,의사국장 서상준,이주,1958-05,0
의사국장서상준,의사국장 서상준,이주,1958-06,0
의사국장서상준,의사국장 서상준,이주,1958-07,0
의사국장서상준,의사국장 서상준,이주,1958-08,0
의사국장서상준,의사국장 서상준,이주,1958-09,0
의사국장서상준,의사국장 서상준,이주,1958-10,0
의사국장서상준,의사국장 서상준,이주,1958-11,0
의사국장서상준,의사국장 서상준,이주,1958-12,0
의사국장서상준,의사국장 서상준,이주,1959-05,0
의사국장서상준,의사국장 서상준,이주,1959-06,0
의사국장서상준,의사국장 서상준,이주,1959-07,0
의사국장서상준,의사국장 서상준,이주,1959-10,0
의사국장서상준,의사국장 서상준,이주,1959-11,0
의사국장서상준,의사국장 서상준,이주,1959-12,0
부의장조경규,부의장 조경규,이주,1948-08,0
부의장조경규,부의장 조경규,이주,1948-09,0
부의장조경규,부의장 조경규,이주,1948-10,0
부의장조경규,부의장 조경규,이주,1948-11,0
부의장조경규,부의장 조경규,이주,1948-12,0
부의장조경규,부의장 조경규,이주,1949-01,0
부의장조경규,부의장 조경규,이주,1949-02,0
부의장조경규,부의장 조경규,이주,1949-03,0
부의장조경규,부의장 조경규,이주,1949-04,0
부의장조경규,부의장 조경규,이주,1949-05,0
부의장조경규,부의장 조경규,이주,1949-06,0
부의장조경규,부의장 조경규,이주,1949-07,0
부의장조경규,부의장 조경규,이주,1949-08,0
부의장조경규,부의장 조경규,이주,1949-09,0
부의장조경규,부의장 조경규,이주,1949-10,0
부의장조경규,부의장 조경규,이주,1949-11,0
부의장조경규,부의장 조경규,이주,1949-12,0
부의장조경규,부의장 조경규,이주,1950-01,0
부의장조경규,부의장 조경규,이주,1950-02,0
부의장조경규,부의장 조경규,이주,1950-03,0
부의장조경규,부의장 조경규,이주,1950-04,0
부의장조경규,부의장 조경규,이주,1950-06,0
부의장조경규,부의장 조경규,이주,1950-10,0
부의장조경규,부의장 조경규,이주,1950-11,0
부의장조경규,부의장 조경규,이주,1950-12,0
부의장조경규,부의장 조경규,이주,1951-01,0
부의장조경규,부의장 조경규,이주,1951-02,0
부의장조경규,부의장 조경규,이주,1951-03,0
부의장조경규,부의장 조경규,이주,1951-04,0
부의장조경규,부의장 조경규,이주,1951-05,0
부의장조경규,부의장 조경규,이주,1951-06,0
부의장조경규,부의장 조경규,이주,1951-07,0
부의장조경규,부의장 조경규,이주,1951-08,0
부의장조경규,부의장 조경규,이주,1951-09,0
부의장조경규,부의장 조경규,이주,1951-10,0
부의장조경규,부의장 조경규,이주,1951-11,0
부의장조경규,부의장 조경규,이주,1951-12,0
부의장조경규,부의장 조경규,이주,1952-01,0
부의장조경규,부의장 조경규,이주,1952-02,0
부의장조경규,부의장 조경규,이주,1952-03,0
부의장조경규,부의장 조경규,이주,1952-04,0
부의장조경규,부의장 조경규,이주,1952-05,0
부의장조경규,부의장 조경규,이주,1952-06,0
부의장조경규,부의장 조경규,이주,1952-07,0
부의장조경규,부의장 조경규,이주,1952-08,0
부의장조경규,부의장 조경규,이주,1952-09,0
부의장조경규,부의장 조경규,이주,1952-10,0
부의장조경규,부의장 조경규,이주,1952-11,0
부의장조경규,부의장 조경규,이주,1952-12,0
부의장조경규,부의장 조경규,이주,1953-01,0
부의장조경규,부의장 조경규,이주,1953-02,0
부의장조경규,부의장 조경규,이주,1953-03,0
부의장조경규,부의장 조경규,이주,1953-04,0
부의장조경규,부의장 조경규,이주,1953-05,0
부의장조경규,부의장 조경규,이주,1953-06,0
부의장조경규,부의장 조경규,이주,1953-07,0
부의장조경규,부의장 조경규,이주,1953-08,0
부의장조경규,부의장 조경규,이주,1953-09,0
부의장조경규,부의장 조경규,이주,1953-10,0
부의장조경규,부의장 조경규,이주,1953-11,0
부의장조경규,부의장 조경규,이주,1953-12,0
부의장조경규,부의장 조경규,이주,1954-01,0
부의장조경규,부의장 조경규,이주,1954-02,0
부의장조경규,부의장 조경규,이주,1954-03,0
부의장조경규,부의장 조경규,이주,1954-04,0
부의장조경규,부의장 조경규,이주,1954-05,0
부의장조경규,부의장 조경규,이주,1954-06,0
부의장조경규,부의장 조경규,이주,1954-07,0
부의장조경규,부의장 조경규,이주,1954-08,0
부의장조경규,부의장 조경규,이주,1954-09,0
부의장조경규,부의장 조경규,이주,1954-10,0
부의장조경규,부의장 조경규,이주,1954-11,0
부의장조경규,부의장 조경규,이주,1954-12,0
부의장조경규,부의장 조경규,이주,1955-01,0
부의장조경규,부의장 조경규,이주,1955-02,0
부의장조경규,부의장 조경규,이주,1955-03,0
부의장조경규,부의장 조경규,이주,1955-04,0
부의장조경규,부의장 조경규,이주,1955-05,0
부의장조경규,부의장 조경규,이주,1955-06,1
부의장조경규,부의장 조경규,이주,1955-07,0
부의장조경규,부의장 조경규,이주,1955-09,0
부의장조경규,부의장 조경규,이주,1955-10,0
부의장조경규,부의장 조경규,이주,1955-11,0
부의장조경규,부의장 조경규,이주,1955-12,0
부의장조경규,부의장 조경규,이주,1956-01,0
부의장조경규,부의장 조경규,이주,1956-02,0
부의장조경규,부의장 조경규,이주,1956-03,0
부의장조경규,부의장 조경규,이주,1956-04,0
부의장조경규,부의장 조경규,이주,1956-05,0
부의장조경규,부의장 조경규,이주,1956-06,0
부의장조경규,부의장 조경규,이주,1956-07,0
부의장조경규,부의장 조경규,이주,1956-08,0
부의장조경규,부의장 조경규,이주,1956-09,0
부의장조경규,부의장 조경규,이주,1956-10,0
부의장조경규,부의장 조경규,이주,1956-11,3
부의장조경규,부의장 조경규,이주,1956-12,0
부의장조경규,부의장 조경규,이주,1957-01,0
부의장조경규,부의장 조경규,이주,1957-02,0
부의장조경규,부의장 조경규,이주,1957-03,0
부의장조경규,부의장 조경규,이주,1957-04,0
부의장조경규,부의장 조경규,이주,1957-05,0
부의장조경규,부의장 조경규,이주,1957-06,0
부의장조경규,부의장 조경규,이주,1957-07,0
부의장조경규,부의장 조경규,이주,1957-08,0
부의장조경규,부의장 조경규,이주,1957-09,0
부의장조경규,부의장 조경규,이주,1957-10,0
부의장조경규,부의장 조경규,이주,1957-11,0
부의장조경규,부의장 조경규,이주,1957-12,0
부의장조경규,부의장 조경규,이주,1958-01,0
부의장조경규,부의장 조경규,이주,1958-02,0
부의장조경규,부의장 조경규,이주,1958-03,0
부의장조경규,부의장 조경규,이주,1958-04,0
부의장조경규,부의장 조경규,이주,1958-05,0
부의장조경규,부의장 조경규,이주,1958-06,0
부의장조경규,부의장 조경규,이주,1958-07,0
부의장조경규,부의장 조경규,이주,1958-08,0
부의장조경규,부의장 조경규,이주,1958-09,0
부의장조경규,부의장 조경규,이주,1958-10,0
부의장조경규,부의장 조경규,이주,1958-11,0
부의장조경규,부의장 조경규,이주,1958-12,0
부의장조경규,부의장 조경규,이주,1959-05,0
부의장조경규,부의장 조경규,이주,1959-06,0
부의장조경규,부의장 조경규,이주,1959-07,0
부의장조경규,부의장 조경규,이주,1959-10,0
부의장조경규,부의장 조경규,이주,1959-11,0
부의장조경규,부의장 조경규,이주,1959-12,0
부의장조봉암,부의장 조봉암,이주,1948-08,0
부의장조봉암,부의장 조봉암,이주,1948-09,0
부의장조봉암,부의장 조봉암,이주,1948-10,0
부의장조봉암,부의장 조봉암,이주,1948-11,0
부의장조봉암,부의장 조봉암,이주,1948-12,0
부의장조봉암,부의장 조봉암,이주,1949-01,0
부의장조봉암,부의장 조봉암,이주,1949-02,0
부의장조봉암,부의장 조봉암,이주,1949-03,0
부의장조봉암,부의장 조봉암,이주,1949-04,0
부의장조봉암,부의장 조봉암,이주,1949-05,0
부의장조봉암,부의장 조봉암,이주,1949-06,0
부의장조봉암,부의장 조봉암,이주,1949-07,0
부의장조봉암,부의장 조봉암,이주,1949-08,0
부의장조봉암,부의장 조봉암,이주,1949-09,0
부의장조봉암,부의장 조봉암,이주,1949-10,0
부의장조봉암,부의장 조봉암,이주,1949-11,0
부의장조봉암,부의장 조봉암,이주,1949-12,0
부의장조봉암,부의장 조봉암,이주,1950-01,0
부의장조봉암,부의장 조봉암,이주,1950-02,0
부의장조봉암,부의장 조봉암,이주,1950-03,0
부의장조봉암,부의장 조봉암,이주,1950-04,0
부의장조봉암,부의장 조봉암,이주,1950-06,0
부의장조봉암,부의장 조봉암,이주,1950-10,0
부의장조봉암,부의장 조봉암,이주,1950-11,0
부의장조봉암,부의장 조봉암,이주,1950-12,1
부의장조봉암,부의장 조봉암,이주,1951-01,1
부의장조봉암,부의장 조봉암,이주,1951-02,5
부의장조봉암,부의장 조봉암,이주,1951-03,1
부의장조봉암,부의장 조봉암,이주,1951-04,1
부의장조봉암,부의장 조봉암,이주,1951-05,0
부의장조봉암,부의장 조봉암,이주,1951-06,1
부의장조봉암,부의장 조봉암,이주,1951-07,0
부의장조봉암,부의장 조봉암,이주,1951-08,1
부의장조봉암,부의장 조봉암,이주,1951-09,0
부의장조봉암,부의장 조봉암,이주,1951-10,0
부의장조봉암,부의장 조봉암,이주,1951-11,0
부의장조봉암,부의장 조봉암,이주,1951-12,0
부의장조봉암,부의장 조봉암,이주,1952-01,0
부의장조봉암,부의장 조봉암,이주,1952-02,0
부의장조봉암,부의장 조봉암,이주,1952-03,0
부의장조봉암,부의장 조봉암,이주,1952-04,1
부의장조봉암,부의장 조봉암,이주,1952-05,0
부의장조봉암,부의장 조봉암,이주,1952-06,0
부의장조봉암,부의장 조봉암,이주,1952-07,0
부의장조봉암,부의장 조봉암,이주,1952-08,0
부의장조봉암,부의장 조봉암,이주,1952-09,0
부의장조봉암,부의장 조봉암,이주,1952-10,0
부의장조봉암,부의장 조봉암,이주,1952-11,0
부의장조봉암,부의장 조봉암,이주,1952-12,0
부의장조봉암,부의장 조봉암,이주,1953-01,0
부의장조봉암,부의장 조봉암,이주,1953-02,0
부의장조봉암,부의장 조봉암,이주,1953-03,0
부의장조봉암,부의장 조봉암,이주,1953-04,1
부의장조봉암,부의장 조봉암,이주,1953-05,0
부의장조봉암,부의장 조봉암,이주,1953-06,0
부의장조봉암,부의장 조봉암,이주,1953-07,0
부의장조봉암,부의장 조봉암,이주,1953-08,0
부의장조봉암,부의장 조봉암,이주,1953-09,0
부의장조봉암,부의장 조봉암,이주,1953-10,0
부의장조봉암,부의장 조봉암,이주,1953-11,0
부의장조봉암,부의장 조봉암,이주,1953-12,0
부의장조봉암,부의장 조봉암,이주,1954-01,0
부의장조봉암,부의장 조봉암,이주,1954-02,0
부의장조봉암,부의장 조봉암,이주,1954-03,1
부의장조봉암,부의장 조봉암,이주,1954-04,0
부의장조봉암,부의장 조봉암,이주,1954-05,0
부의장조봉암,부의장 조봉암,이주,1954-06,0
부의장조봉암,부의장 조봉암,이주,1954-07,0
부의장조봉암,부의장 조봉암,이주,1954-08,0
부의장조봉암,부의장 조봉암,이주,1954-09,0
부의장조봉암,부의장 조봉암,이주,1954-10,0
부의장조봉암,부의장 조봉암,이주,1954-11,0
부의장조봉암,부의장 조봉암,이주,1954-12,0
부의장조봉암,부의장 조봉암,이주,1955-01,0
부의장조봉암,부의장 조봉암,이주,1955-02,0
부의장조봉암,부의장 조봉암,이주,1955-03,0
부의장조봉암,부의장 조봉암,이주,1955-04,0
부의장조봉암,부의장 조봉암,이주,1955-05,0
부의장조봉암,부의장 조봉암,이주,1955-06,0
부의장조봉암,부의장 조봉암,이주,1955-07,0
부의장조봉암,부의장 조봉암,이주,1955-09,0
부의장조봉암,부의장 조봉암,이주,1955-10,0
부의장조봉암,부의장 조봉암,이주,1955-11,0
부의장조봉암,부의장 조봉암,이주,1955-12,0
부의장조봉암,부의장 조봉암,이주,1956-01,0
부의장조봉암,부의장 조봉암,이주,1956-02,0
부의장조봉암,부의장 조봉암,이주,1956-03,0
부의장조봉암,부의장 조봉암,이주,1956-04,0
부의장조봉암,부의장 조봉암,이주,1956-05,0
부의장조봉암,부의장 조봉암,이주,1956-06,0
부의장조봉암,부의장 조봉암,이주,1956-07,0
부의장조봉암,부의장 조봉암,이주,1956-08,0
부의장조봉암,부의장 조봉암,이주,1956-09,0
부의장조봉암,부의장 조봉암,이주,1956-10,0
부의장조봉암,부의장 조봉암,이주,1956-11,0
부의장조봉암,부의장 조봉암,이주,1956-12,0
부의장조봉암,부의장 조봉암,이주,1957-01,0
부의장조봉암,부의장 조봉암,이주,1957-02,0
부의장조봉암,부의장 조봉암,이주,1957-03,0
부의장조봉암,부의장 조봉암,이주,1957-04,0
부의장조봉암,부의장 조봉암,이주,1957-05,0
부의장조봉암,부의장 조봉암,이주,1957-06,0
부의장조봉암,부의장 조봉암,이주,1957-07,0
부의장조봉암,부의장 조봉암,이주,1957-08,0
부의장조봉암,부의장 조봉암,이주,1957-09,0
부의장조봉암,부의장 조봉암,이주,1957-10,0
부의장조봉암,부의장 조봉암,이주,1957-11,0
부의장조봉암,부의장 조봉암,이주,1957-12,0
부의장조봉암,부의장 조봉암,이주,1958-01,0
부의장조봉암,부의장 조봉암,이주,1958-02,0
부의장조봉암,부의장 조봉암,이주,1958-03,0
부의장조봉암,부의장 조봉암,이주,1958-04,0
부의장조봉암,부의장 조봉암,이주,1958-05,0
부의장조봉암,부의장 조봉암,이주,1958-06,0
부의장조봉암,부의장 조봉암,이주,1958-07,0
부의장조봉암,부의장 조봉암,이주,1958-08,0
부의장조봉암,부의장 조봉암,이주,1958-09,0
부의장조봉암,부의장 조봉암,이주,1958-10,0
부의장조봉암,부의장 조봉암,이주,1958-11,0
부의장조봉암,부의장 조봉암,이주,1958-12,0
부의장조봉암,부의장 조봉암,이주,1959-05,0
부의장조봉암,부의장 조봉암,이주,1959-06,0
부의장조봉암,부의장 조봉암,이주,1959-07,0
부의장조봉암,부의장 조봉암,이주,1959-10,0
부의장조봉암,부의장 조봉암,이주,1959-11,0
부의장조봉암,부의장 조봉암,이주,1959-12,0
재무부장관김현철,재무부장관 김현철,이주,1948-08,0
재무부장관김현철,재무부장관 김현철,이주,1948-09,0
재무부장관김현철,재무부장관 김현철,이주,1948-10,0
재무부장관김현철,재무부장관 김현철,이주,1948-11,0
재무부장관김현철,재무부장관 김현철,이주,1948-12,0
재무부장관김현철,재무부장관 김현철,이주,1949-01,0
재무부장관김현철,재무부장관 김현철,이주,1949-02,0
재무부장관김현철,재무부장관 김현철,이주,1949-03,0
재무부장관김현철,재무부장관 김현철,이주,1949-04,0
재무부장관김현철,재무부장관 김현철,이주,1949-05,0
재무부장관김현철,재무부장관 김현철,이주,1949-06,0
재무부장관김현철,재무부장관 김현철,이주,1949-07,0
재무부장관김현철,재무부장관 김현철,이주,1949-08,0
재무부장관김현철,재무부장관 김현철,이주,1949-09,0
재무부장관김현철,재무부장관 김현철,이주,1949-10,0
재무부장관김현철,재무부장관 김현철,이주,1949-11,0
재무부장관김현철,재무부장관 김현철,이주,1949-12,0
재무부장관김현철,재무부장관 김현철,이주,1950-01,0
재무부장관김현철,재무부장관 김현철,이주,1950-02,0
재무부장관김현철,재무부장관 김현철,이주,1950-03,0
재무부장관김현철,재무부장관 김현철,이주,1950-04,0
재무부장관김현철,재무부장관 김현철,이주,1950-06,0
재무부장관김현철,재무부장관 김현철,이주,1950-10,0
재무부장관김현철,재무부장관 김현철,이주,1950-11,0
재무부장관김현철,재무부장관 김현철,이주,1950-12,0
재무부장관김현철,재무부장관 김현철,이주,1951-01,0
재무부장관김현철,재무부장관 김현철,이주,1951-02,0
재무부장관김현철,재무부장관 김현철,이주,1951-03,0
재무부장관김현철,재무부장관 김현철,이주,1951-04,0
재무부장관김현철,재무부장관 김현철,이주,1951-05,0
재무부장관김현철,재무부장관 김현철,이주,1951-06,0
재무부장관김현철,재무부장관 김현철,이주,1951-07,0
재무부장관김현철,재무부장관 김현철,이주,1951-08,0
재무부장관김현철,재무부장관 김현철,이주,1951-09,0
재무부장관김현철,재무부장관 김현철,이주,1951-10,0
재무부장관김현철,재무부장관 김현철,이주,1951-11,0
재무부장관김현철,재무부장관 김현철,이주,1951-12,0
재무부장관김현철,재무부장관 김현철,이주,1952-01,0
재무부장관김현철,재무부장관 김현철,이주,1952-02,0
재무부장관김현철,재무부장관 김현철,이주,1952-03,0
재무부장관김현철,재무부장관 김현철,이주,1952-04,0
재무부장관김현철,재무부장관 김현철,이주,1952-05,0
재무부장관김현철,재무부장관 김현철,이주,1952-06,0
재무부장관김현철,재무부장관 김현철,이주,1952-07,0
재무부장관김현철,재무부장관 김현철,이주,1952-08,0
재무부장관김현철,재무부장관 김현철,이주,1952-09,0
재무부장관김현철,재무부장관 김현철,이주,1952-10,0
재무부장관김현철,재무부장관 김현철,이주,1952-11,0
재무부장관김현철,재무부장관 김현철,이주,1952-12,0
재무부장관김현철,재무부장관 김현철,이주,1953-01,0
재무부장관김현철,재무부장관 김현철,이주,1953-02,0
재무부장관김현철,재무부장관 김현철,이주,1953-03,0
재무부장관김현철,재무부장관 김현철,이주,1953-04,0
재무부장관김현철,재무부장관 김현철,이주,1953-05,0
재무부장관김현철,재무부장관 김현철,이주,1953-06,0
재무부장관김현철,재무부장관 김현철,이주,1953-07,0
재무부장관김현철,재무부장관 김현철,이주,1953-08,0
재무부장관김현철,재무부장관 김현철,이주,1953-09,0
재무부장관김현철,재무부장관 김현철,이주,1953-10,0
재무부장관김현철,재무부장관 김현철,이주,1953-11,0
재무부장관김현철,재무부장관 김현철,이주,1953-12,0
재무부장관김현철,재무부장관 김현철,이주,1954-01,0
재무부장관김현철,재무부장관 김현철,이주,1954-02,0
재무부장관김현철,재무부장관 김현철,이주,1954-03,0
재무부장관김현철,재무부장관 김현철,이주,1954-04,0
재무부장관김현철,재무부장관 김현철,이주,1954-05,0
재무부장관김현철,재무부장관 김현철,이주,1954-06,0
재무부장관김현철,재무부장관 김현철,이주,1954-07,0
재무부장관김현철,재무부장관 김현철,이주,1954-08,0
재무부장관김현철,재무부장관 김현철,이주,1954-09,0
재무부장관김현철,재무부장관 김현철,이주,1954-10,0
재무부장관김현철,재무부장관 김현철,이주,1954-11,0
재무부장관김현철,재무부장관 김현철,이주,1954-12,0
재무부장관김현철,재무부장관 김현철,이주,1955-01,0
재무부장관김현철,재무부장관 김현철,이주,1955-02,0
재무부장관김현철,재무부장관 김현철,이주,1955-03,0
재무부장관김현철,재무부장관 김현철,이주,1955-04,0
재무부장관김현철,재무부장관 김현철,이주,1955-05,0
재무부장관김현철,재무부장관 김현철,이주,1955-06,0
재무부장관김현철,재무부장관 김현철,이주,1955-07,1
재무부장관김현철,재무부장관 김현철,이주,1955-09,0
재무부장관김현철,재무부장관 김현철,이주,1955-10,0
재무부장관김현철,재무부장관 김현철,이주,1955-11,0
재무부장관김현철,재무부장관 김현철,이주,1955-12,0
재무부장관김현철,재무부장관 김현철,이주,1956-01,0
재무부장관김현철,재무부장관 김현철,이주,1956-02,0
재무부장관김현철,재무부장관 김현철,이주,1956-03,0
재무부장관김현철,재무부장관 김현철,이주,1956-04,0
재무부장관김현철,재무부장관 김현철,이주,1956-05,0
재무부장관김현철,재무부장관 김현철,이주,1956-06,0
재무부장관김현철,재무부장관 김현철,이주,1956-07,0
재무부장관김현철,재무부장관 김현철,이주,1956-08,0
재무부장관김현철,재무부장관 김현철,이주,1956-09,0
재무부장관김현철,재무부장관 김현철,이주,1956-10,0
재무부장관김현철,재무부장관 김현철,이주,1956-11,0
재무부장관김현철,재무부장관 김현철,이주,1956-12,0
재무부장관김현철,재무부장관 김현철,이주,1957-01,0
재무부장관김현철,재무부장관 김현철,이주,1957-02,0
재무부장관김현철,재무부장관 김현철,이주,1957-03,0
재무부장관김현철,재무부장관 김현철,이주,1957-04,0
재무부장관김현철,재무부장관 김현철,이주,1957-05,0
재무부장관김현철,재무부장관 김현철,이주,1957-06,0
재무부장관김현철,재무부장관 김현철,이주,1957-07,0
재무부장관김현철,재무부장관 김현철,이주,1957-08,0
재무부장관김현철,재무부장관 김현철,이주,1957-09,0
재무부장관김현철,재무부장관 김현철,이주,1957-10,0
재무부장관김현철,재무부장관 김현철,이주,1957-11,0
재무부장관김현철,재무부장관 김현철,이주,1957-12,1
재무부장관김현철,재무부장관 김현철,이주,1958-01,0
재무부장관김현철,재무부장관 김현철,이주,1958-02,0
재무부장관김현철,재무부장관 김현철,이주,1958-03,0
재무부장관김현철,재무부장관 김현철,이주,1958-04,0
재무부장관김현철,재무부장관 김현철,이주,1958-05,0
재무부장관김현철,재무부장관 김현철,이주,1958-06,0
재무부장관김현철,재무부장관 김현철,이주,1958-07,3
재무부장관김현철,재무부장관 김현철,이주,1958-08,0
재무부장관김현철,재무부장관 김현철,이주,1958-09,0
재무부장관김현철,재무부장관 김현철,이주,1958-10,0
재무부장관김현철,재무부장관 김현철,이주,1958-11,0
재무부장관김현철,재무부장관 김현철,이주,1958-12,1
재무부장관김현철,재무부장관 김현철,이주,1959-05,0
재무부장관김현철,재무부장관 김현철,이주,1959-06,0
재무부장관김현철,재무부장관 김현철,이주,1959-07,0
재무부장관김현철,재무부장관 김현철,이주,1959-10,0
재무부장관김현철,재무부장관 김현철,이주,1959-11,0
재무부장관김현철,재무부장관 김현철,이주,1959-12,0
예산결산위원장이충환,예산결산위원장 이충환,이주,1948-08,0
예산결산위원장이충환,예산결산위원장 이충환,이주,1948-09,0
예산결산위원장이충환,예산결산위원장 이충환,이주,1948-10,0
예산결산위원장이충환,예산결산위원장 이충환,이주,1948-11,0
예산결산위원장이충환,예산결산위원장 이충환,이주,1948-12,0
예산결산위원장이충환,예산결산위원장 이충환,이주,1949-01,0
예산결산위원장이충환,예산결산위원장 이충환,이주,1949-02,0
예산결산위원장이충환,예산결산위원장 이충환,이주,1949-03,0
예산결산위원장이충환,예산결산위원장 이충환,이주,1949-04,0
예산결산위원장이충환,예산결산위원장 이충환,이주,1949-05,0
예산결산위원장이충환,예산결산위원장 이충환,이주,1949-06,0
예산결산위원장이충환,예산결산위원장 이충환,이주,1949-07,0
예산결산위원장이충환,예산결산위원장 이충환,이주,1949-08,0
예산결산위원장이충환,예산결산위원장 이충환,이주,1949-09,0
예산결산위원장이충환,예산결산위원장 이충환,이주,1949-10,0
예산결산위원장이충환,예산결산위원장 이충환,이주,1949-11,0
예산결산위원장이충환,예산결산위원장 이충환,이주,1949-12,0
예산결산위원장이충환,예산결산위원장 이충환,이주,1950-01,0
예산결산위원장이충환,예산결산위원장 이충환,이주,1950-02,0
예산결산위원장이충환,예산결산위원장 이충환,이주,1950-03,0
예산결산위원장이충환,예산결산위원장 이충환,이주,1950-04,0
예산결산위원장이충환,예산결산위원장 이충환,이주,1950-06,0
예산결산위원장이충환,예산결산위원장 이충환,이주,1950-10,0
예산결산위원장이충환,예산결산위원장 이충환,이주,1950-11,0
예산결산위원장이충환,예산결산위원장 이충환,이주,1950-12,0
예산결산위원장이충환,예산결산위원장 이충환,이주,1951-01,0
예산결산위원장이충환,예산결산위원장 이충환,이주,1951-02,0
예산결산위원장이충환,예산결산위원장 이충환,이주,1951-03,0
예산결산위원장이충환,예산결산위원장 이충환,이주,1951-04,0
예산결산위원장이충환,예산결산위원장 이충환,이주,1951-05,0
예산결산위원장이충환,예산결산위원장 이충환,이주,1951-06,0
예산결산위원장이충환,예산결산위원장 이충환,이주,1951-07,0
예산결산위원장이충환,예산결산위원장 이충환,이주,1951-08,0
예산결산위원장이충환,예산결산위원장 이충환,이주,1951-09,0
예산결산위원장이충환,예산결산위원장 이충환,이주,1951-10,0
예산결산위원장이충환,예산결산위원장 이충환,이주,1951-11,0
예산결산위원장이충환,예산결산위원장 이충환,이주,1951-12,0
예산결산위원장이충환,예산결산위원장 이충환,이주,1952-01,0
예산결산위원장이충환,예산결산위원장 이충환,이주,1952-02,0
예산결산위원장이충환,예산결산위원장 이충환,이주,1952-03,0
예산결산위원장이충환,예산결산위원장 이충환,이주,1952-04,0
예산결산위원장이충환,예산결산위원장 이충환,이주,1952-05,0
예산결산위원장이충환,예산결산위원장 이충환,이주,1952-06,0
예산결산위원장이충환,예산결산위원장 이충환,이주,1952-07,0
예산결산위원장이충환,예산결산위원장 이충환,이주,1952-08,0
예산결산위원장이충환,예산결산위원장 이충환,이주,1952-09,0
예산결산위원장이충환,예산결산위원장 이충환,이주,1952-10,0
예산결산위원장이충환,예산결산위원장 이충환,이주,1952-11,0
예산결산위원장이충환,예산결산위원장 이충환,이주,1952-12,0
예산결산위원장이충환,예산결산위원장 이충환,이주,1953-01,0
예산결산위원장이충환,예산결산위원장 이충환,이주,1953-02,0
예산결산위원장이충환,예산결산위원장 이충환,이주,1953-03,0
예산결산위원장이충환,예산결산위원장 이충환,이주,1953-04,0
예산결산위원장이충환,예산결산위원장 이충환,이주,1953-05,0
예산결산위원장이충환,예산결산위원장 이충환,이주,1953-06,0
예산결산위원장이충환,예산결산위원장 이충환,이주,1953-07,0
예산결산위원장이충환,예산결산위원장 이충환,이주,1953-08,0
예산결산위원장이충환,예산결산위원장 이충환,이주,1953-09,0
예산결산위원장이충환,예산결산위원장 이충환,이주,1953-10,0
예산결산위원장이충환,예산결산위원장 이충환,이주,1953-11,0
예산결산위원장이충환,예산결산위원장 이충환,이주,1953-12,0
예산결산위원장이충환,예산결산위원장 이충환,이주,1954-01,0
예산결산위원장이충환,예산결산위원장 이충환,이주,1954-02,0
예산결산위원장이충환,예산결산위원장 이충환,이주,1954-03,1
예산결산위원장이충환,예산결산위원장 이충환,이주,1954-04,0
예산결산위원장이충환,예산결산위원장 이충환,이주,1954-05,0
예산결산위원장이충환,예산결산위원장 이충환,이주,1954-06,0
예산결산위원장이충환,예산결산위원장 이충환,이주,1954-07,0
예산결산위원장이충환,예산결산위원장 이충환,이주,1954-08,0
예산결산위원장이충환,예산결산위원장 이충환,이주,1954-09,0
예산결산위원장이충환,예산결산위원장 이충환,이주,1954-10,1
예산결산위원장이충환,예산결산위원장 이충환,이주,1954-11,0
예산결산위원장이충환,예산결산위원장 이충환,이주,1954-12,0
예산결산위원장이충환,예산결산위원장 이충환,이주,1955-01,0
예산결산위원장이충환,예산결산위원장 이충환,이주,1955-02,0
예산결산위원장이충환,예산결산위원장 이충환,이주,1955-03,0
예산결산위원장이충환,예산결산위원장 이충환,이주,1955-04,0
예산결산위원장이충환,예산결산위원장 이충환,이주,1955-05,2
예산결산위원장이충환,예산결산위원장 이충환,이주,1955-06,4
예산결산위원장이충환,예산결산위원장 이충환,이주,1955-07,0
예산결산위원장이충환,예산결산위원장 이충환,이주,1955-09,0
예산결산위원장이충환,예산결산위원장 이충환,이주,1955-10,0
예산결산위원장이충환,예산결산위원장 이충환,이주,1955-11,0
예산결산위원장이충환,예산결산위원장 이충환,이주,1955-12,0
예산결산위원장이충환,예산결산위원장 이충환,이주,1956-01,0
예산결산위원장이충환,예산결산위원장 이충환,이주,1956-02,0
예산결산위원장이충환,예산결산위원장 이충환,이주,1956-03,0
예산결산위원장이충환,예산결산위원장 이충환,이주,1956-04,0
예산결산위원장이충환,예산결산위원장 이충환,이주,1956-05,0
예산결산위원장이충환,예산결산위원장 이충환,이주,1956-06,0
예산결산위원장이충환,예산결산위원장 이충환,이주,1956-07,0
예산결산위원장이충환,예산결산위원장 이충환,이주,1956-08,0
예산결산위원장이충환,예산결산위원장 이충환,이주,1956-09,0
예산결산위원장이충환,예산결산위원장 이충환,이주,1956-10,0
예산결산위원장이충환,예산결산위원장 이충환,이주,1956-11,0
예산결산위원장이충환,예산결산위원장 이충환,이주,1956-12,0
예산결산위원장이충환,예산결산위원장 이충환,이주,1957-01,0
예산결산위원장이충환,예산결산위원장 이충환,이주,1957-02,0
예산결산위원장이충환,예산결산위원장 이충환,이주,1957-03,0
예산결산위원장이충환,예산결산위원장 이충환,이주,1957-04,0
예산결산위원장이충환,예산결산위원장 이충환,이주,1957-05,0
예산결산위원장이충환,예산결산위원장 이충환,이주,1957-06,0
예산결산위원장이충환,예산결산위원장 이충환,이주,1957-07,0
예산결산위원장이충환,예산결산위원장 이충환,이주,1957-08,0
예산결산위원장이충환,예산결산위원장 이충환,이주,1957-09,0
예산결산위원장이충환,예산결산위원장 이충환,이주,1957-10,0
예산결산위원장이충환,예산결산위원장 이충환,이주,1957-11,0
예산결산위원장이충환,예산결산위원장 이충환,이주,1957-12,0
예산결산위원장이충환,예산결산위원장 이충환,이주,1958-01,0
예산결산위원장이충환,예산결산위원장 이충환,이주,1958-02,0
예산결산위원장이충환,예산결산위원장 이충환,이주,1958-03,0
예산결산위원장이충환,예산결산위원장 이충환,이주,1958-04,0
예산결산위원장이충환,예산결산위원장 이충환,이주,1958-05,0
예산결산위원장이충환,예산결산위원장 이충환,이주,1958-06,0
예산결산위원장이충환,예산결산위원장 이충환,이주,1958-07,0
예산결산위원장이충환,예산결산위원장 이충환,이주,1958-08,0
예산결산위원장이충환,예산결산위원장 이충환,이주,1958-09,0
예산결산위원장이충환,예산결산위원장 이충환,이주,1958-10,0
예산결산위원장이충환,예산결산위원장 이충환,이주,1958-11,0
예산결산위원장이충환,예산결산위원장 이충환,이주,1958-12,0
예산결산위원장이충환,예산결산위원장 이충환,이주,1959-05,0
예산결산위원장이충환,예산결산위원장 이충환,이주,1959-06,0
예산결산위원장이충환,예산결산위원장 이충환,이주,1959-07,0
예산결산위원장이충환,예산결산위원장 이충환,이주,1959-10,0
예산결산위원장이충환,예산결산위원장 이충환,이주,1959-11,0
예산결산위원장이충환,예산결산위원장 이충환,이주,1959-12,0
송방용위원,송방용 위원,이주,1948-08,0
송방용위원,송방용 위원,이주,1948-09,0
송방용위원,송방용 위원,이주,1948-10,0
송방용위원,송방용 위원,이주,1948-11,0
송방용위원,송방용 위원,이주,1948-12,0
송방용위원,송방용 위원,이주,1949-01,0
송방용위원,송방용 위원,이주,1949-02,0
송방용위원,송방용 위원,이주,1949-03,0
송방용위원,송방용 위원,이주,1949-04,0
송방용위원,송방용 위원,이주,1949-05,0
송방용위원,송방용 위원,이주,1949-06,0
송방용위원,송방용 위원,이주,1949-07,0
송방용위원,송방용 위원,이주,1949-08,0
송방용위원,송방용 위원,이주,1949-09,0
송방용위원,송방용 위원,이주,1949-10,0
송방용위원,송방용 위원,이주,1949-11,0
송방용위원,송방용 위원,이주,1949-12,0
송방용위원,송방용 위원,이주,1950-01,0
송방용위원,송방용 위원,이주,1950-02,0
송방용위원,송방용 위원,이주,1950-03,0
송방용위원,송방용 위원,이주,1950-04,0
송방용위원,송방용 위원,이주,1950-06,0
송방용위원,송방용 위원,이주,1950-10,0
송방용위원,송방용 위원,이주,1950-11,0
송방용위원,송방용 위원,이주,1950-12,0
송방용위원,송방용 위원,이주,1951-01,0
송방용위원,송방용 위원,이주,1951-02,0
송방용위원,송방용 위원,이주,1951-03,0
송방용위원,송방용 위원,이주,1951-04,0
송방용위원,송방용 위원,이주,1951-05,0
송방용위원,송방용 위원,이주,1951-06,0
송방용위원,송방용 위원,이주,1951-07,0
송방용위원,송방용 위원,이주,1951-08,0
송방용위원,송방용 위원,이주,1951-09,0
송방용위원,송방용 위원,이주,1951-10,0
송방용위원,송방용 위원,이주,1951-11,0
송방용위원,송방용 위원,이주,1951-12,0
송방용위원,송방용 위원,이주,1952-01,0
송방용위원,송방용 위원,이주,1952-02,0
송방용위원,송방용 위원,이주,1952-03,0
송방용위원,송방용 위원,이주,1952-04,0
송방용위원,송방용 위원,이주,1952-05,0
송방용위원,송방용 위원,이주,1952-06,0
송방용위원,송방용 위원,이주,1952-07,0
송방용위원,송방용 위원,이주,1952-08,0
송방용위원,송방용 위원,이주,1952-09,0
송방용위원,송방용 위원,이주,1952-10,0
송방용위원,송방용 위원,이주,1952-11,0
송방용위원,송방용 위원,이주,1952-12,0
송방용위원,송방용 위원,이주,1953-01,0
송방용위원,송방용 위원,이주,1953-02,0
송방용위원,송방용 위원,이주,1953-03,0
송방용위원,송방용 위원,이주,1953-04,0
송방용위원,송방용 위원,이주,1953-05,0
송방용위원,송방용 위원,이주,1953-06,0
송방용위원,송방용 위원,이주,1953-07,0
송방용위원,송방용 위원,이주,1953-08,0
송방용위원,송방용 위원,이주,1953-09,0
송방용위원,송방용 위원,이주,1953-10,0
송방용위원,송방용 위원,이주,1953-11,0
송방용위원,송방용 위원,이주,1953-12,0
송방용위원,송방용 위원,이주,1954-01,0
송방용위원,송방용 위원,이주,1954-02,0
송방용위원,송방용 위원,이주,1954-03,0
송방용위원,송방용 위원,이주,1954-04,0
송방용위원,송방용 위원,이주,1954-05,0
송방용위원,송방용 위원,이주,1954-06,0
송방용위원,송방용 위원,이주,1954-07,0
송방용위원,송방용 위원,이주,1954-08,0
송방용위원,송방용 위원,이주,1954-09,0
송방용위원,송방용 위원,이주,1954-10,1
송방용위원,송방용 위원,이주,1954-11,0
송방용위원,송방용 위원,이주,1954-12,0
송방용위원,송방용 위원,이주,1955-01,0
송방용위원,송방용 위원,이주,1955-02,0
송방용위원,송방용 위원,이주,1955-03,0
송방용위원,송방용 위원,이주,1955-04,0
송방용위원,송방용 위원,이주,1955-05,0
송방용위원,송방용 위원,이주,1955-06,0
송방용위원,송방용 위원,이주,1955-07,0
송방용위원,송방용 위원,이주,1955-09,0
송방용위원,송방용 위원,이주,1955-10,0
송방용위원,송방용 위원,이주,1955-11,0
송방용위원,송방용 위원,이주,1955-12,0
송방용위원,송방용 위원,이주,1956-01,0
송방용위원,송방용 위원,이주,1956-02,0
송방용위원,송방용 위원,이주,1956-03,0
송방용위원,송방용 위원,이주,1956-04,0
송방용위원,송방용 위원,이주,1956-05,0
송방용위원,송방용 위원,이주,1956-06,0
송방용위원,송방용 위원,이주,1956-07,0
송방용위원,송방용 위원,이주,1956-08,0
송방용위원,송방용 위원,이주,1956-09,0
송방용위원,송방용 위원,이주,1956-10,0
송방용위원,송방용 위원,이주,1956-11,0
송방용위원,송방용 위원,이주,1956-12,0
송방용위원,송방용 위원,이주,1957-01,0
송방용위원,송방용 위원,이주,1957-02,0
송방용위원,송방용 위원,이주,1957-03,0
송방용위원,송방용 위원,이주,1957-04,0
송방용위원,송방용 위원,이주,1957-05,0
송방용위원,송방용 위원,이주,1957-06,0
송방용위원,송방용 위원,이주,1957-07,0
송방용위원,송방용 위원,이주,1957-08,0
송방용위원,송방용 위원,이주,1957-09,0
송방용위원,송방용 위원,이주,1957-10,0
송방용위원,송방용 위원,이주,1957-11,0
송방용위원,송방용 위원,이주,1957-12,0
송방용위원,송방용 위원,이주,1958-01,0
송방용위원,송방용 위원,이주,1958-02,0
송방용위원,송방용 위원,이주,1958-03,0
송방용위원,송방용 위원,이주,1958-04,0
송방용위원,송방용 위원,이주,1958-05,0
송방용위원,송방용 위원,이주,1958-06,0
송방용위원,송방용 위원,이주,1958-07,0
송방용위원,송방용 위원,이주,1958-08,0
송방용위원,송방용 위원,이주,1958-09,0
송방용위원,송방용 위원,이주,1958-10,0
송방용위원,송방용 위원,이주,1958-11,0
송방용위원,송방용 위원,이주,1958-12,0
송방용위원,송방용 위원,이주,1959-05,0
송방용위원,송방용 위원,이주,1959-06,0
송방용위원,송방용 위원,이주,1959-07,0
송방용위원,송방용 위원,이주,1959-10,0
송방용위원,송방용 위원,이주,1959-11,0
송방용위원,송방용 위원,이주,1959-12,0
재정경제위원장이재형,재정경제위원장 이재형,이주,1948-08,0
재정경제위원장이재형,재정경제위원장 이재형,이주,1948-09,0
재정경제위원장이재형,재정경제위원장 이재형,이주,1948-10,0
재정경제위원장이재형,재정경제위원장 이재형,이주,1948-11,0
재정경제위원장이재형,재정경제위원장 이재형,이주,1948-12,0
재정경제위원장이재형,재정경제위원장 이재형,이주,1949-01,0
재정경제위원장이재형,재정경제위원장 이재형,이주,1949-02,0
재정경제위원장이재형,재정경제위원장 이재형,이주,1949-03,0
재정경제위원장이재형,재정경제위원장 이재형,이주,1949-04,0
재정경제위원장이재형,재정경제위원장 이재형,이주,1949-05,0
재정경제위원장이재형,재정경제위원장 이재형,이주,1949-06,0
재정경제위원장이재형,재정경제위원장 이재형,이주,1949-07,0
재정경제위원장이재형,재정경제위원장 이재형,이주,1949-08,0
재정경제위원장이재형,재정경제위원장 이재형,이주,1949-09,0
재정경제위원장이재형,재정경제위원장 이재형,이주,1949-10,0
재정경제위원장이재형,재정경제위원장 이재형,이주,1949-11,0
재정경제위원장이재형,재정경제위원장 이재형,이주,1949-12,0
재정경제위원장이재형,재정경제위원장 이재형,이주,1950-01,0
재정경제위원장이재형,재정경제위원장 이재형,이주,1950-02,0
재정경제위원장이재형,재정경제위원장 이재형,이주,1950-03,0
재정경제위원장이재형,재정경제위원장 이재형,이주,1950-04,0
재정경제위원장이재형,재정경제위원장 이재형,이주,1950-06,0
재정경제위원장이재형,재정경제위원장 이재형,이주,1950-10,0
재정경제위원장이재형,재정경제위원장 이재형,이주,1950-11,0
재정경제위원장이재형,재정경제위원장 이재형,이주,1950-12,0
재정경제위원장이재형,재정경제위원장 이재형,이주,1951-01,0
재정경제위원장이재형,재정경제위원장 이재형,이주,1951-02,0
재정경제위원장이재형,재정경제위원장 이재형,이주,1951-03,4
재정경제위원장이재형,재정경제위원장 이재형,이주,1951-04,2
재정경제위원장이재형,재정경제위원장 이재형,이주,1951-05,0
재정경제위원장이재형,재정경제위원장 이재형,이주,1951-06,0
재정경제위원장이재형,재정경제위원장 이재형,이주,1951-07,0
재정경제위원장이재형,재정경제위원장 이재형,이주,1951-08,1
재정경제위원장이재형,재정경제위원장 이재형,이주,1951-09,0
재정경제위원장이재형,재정경제위원장 이재형,이주,1951-10,1
재정경제위원장이재형,재정경제위원장 이재형,이주,1951-11,0
재정경제위원장이재형,재정경제위원장 이재형,이주,1951-12,1
재정경제위원장이재형,재정경제위원장 이재형,이주,1952-01,0
재정경제위원장이재형,재정경제위원장 이재형,이주,1952-02,0
재정경제위원장이재형,재정경제위원장 이재형,이주,1952-03,1
재정경제위원장이재형,재정경제위원장 이재형,이주,1952-04,0
재정경제위원장이재형,재정경제위원장 이재형,이주,1952-05,0
재정경제위원장이재형,재정경제위원장 이재형,이주,1952-06,0
재정경제위원장이재형,재정경제위원장 이재형,이주,1952-07,0
재정경제위원장이재형,재정경제위원장 이재형,이주,1952-08,0
재정경제위원장이재형,재정경제위원장 이재형,이주,1952-09,0
재정경제위원장이재형,재정경제위원장 이재형,이주,1952-10,2
재정경제위원장이재형,재정경제위원장 이재형,이주,1952-11,0
재정경제위원장이재형,재정경제위원장 이재형,이주,1952-12,0
재정경제위원장이재형,재정경제위원장 이재형,이주,1953-01,0
재정경제위원장이재형,재정경제위원장 이재형,이주,1953-02,0
재정경제위원장이재형,재정경제위원장 이재형,이주,1953-03,0
재정경제위원장이재형,재정경제위원장 이재형,이주,1953-04,0
재정경제위원장이재형,재정경제위원장 이재형,이주,1953-05,0
재정경제위원장이재형,재정경제위원장 이재형,이주,1953-06,0
재정경제위원장이재형,재정경제위원장 이재형,이주,1953-07,0
재정경제위원장이재형,재정경제위원장 이재형,이주,1953-08,0
재정경제위원장이재형,재정경제위원장 이재형,이주,1953-09,0
재정경제위원장이재형,재정경제위원장 이재형,이주,1953-10,0
재정경제위원장이재형,재정경제위원장 이재형,이주,1953-11,0
재정경제위원장이재형,재정경제위원장 이재형,이주,1953-12,0
재정경제위원장이재형,재정경제위원장 이재형,이주,1954-01,0
재정경제위원장이재형,재정경제위원장 이재형,이주,1954-02,0
재정경제위원장이재형,재정경제위원장 이재형,이주,1954-03,0
재정경제위원장이재형,재정경제위원장 이재형,이주,1954-04,0
재정경제위원장이재형,재정경제위원장 이재형,이주,1954-05,0
재정경제위원장이재형,재정경제위원장 이재형,이주,1954-06,0
재정경제위원장이재형,재정경제위원장 이재형,이주,1954-07,0
재정경제위원장이재형,재정경제위원장 이재형,이주,1954-08,0
재정경제위원장이재형,재정경제위원장 이재형,이주,1954-09,0
재정경제위원장이재형,재정경제위원장 이재형,이주,1954-10,0
재정경제위원장이재형,재정경제위원장 이재형,이주,1954-11,0
재정경제위원장이재형,재정경제위원장 이재형,이주,1954-12,0
재정경제위원장이재형,재정경제위원장 이재형,이주,1955-01,0
재정경제위원장이재형,재정경제위원장 이재형,이주,1955-02,0
재정경제위원장이재형,재정경제위원장 이재형,이주,1955-03,0
재정경제위원장이재형,재정경제위원장 이재형,이주,1955-04,0
재정경제위원장이재형,재정경제위원장 이재형,이주,1955-05,0
재정경제위원장이재형,재정경제위원장 이재형,이주,1955-06,0
재정경제위원장이재형,재정경제위원장 이재형,이주,1955-07,0
재정경제위원장이재형,재정경제위원장 이재형,이주,1955-09,0
재정경제위원장이재형,재정경제위원장 이재형,이주,1955-10,0
재정경제위원장이재형,재정경제위원장 이재형,이주,1955-11,0
재정경제위원장이재형,재정경제위원장 이재형,이주,1955-12,0
재정경제위원장이재형,재정경제위원장 이재형,이주,1956-01,0
재정경제위원장이재형,재정경제위원장 이재형,이주,1956-02,0
재정경제위원장이재형,재정경제위원장 이재형,이주,1956-03,0
재정경제위원장이재형,재정경제위원장 이재형,이주,1956-04,0
재정경제위원장이재형,재정경제위원장 이재형,이주,1956-05,0
재정경제위원장이재형,재정경제위원장 이재형,이주,1956-06,0
재정경제위원장이재형,재정경제위원장 이재형,이주,1956-07,0
재정경제위원장이재형,재정경제위원장 이재형,이주,1956-08,0
재정경제위원장이재형,재정경제위원장 이재형,이주,1956-09,0
재정경제위원장이재형,재정경제위원장 이재형,이주,1956-10,0
재정경제위원장이재형,재정경제위원장 이재형,이주,1956-11,0
재정경제위원장이재형,재정경제위원장 이재형,이주,1956-12,0
재정경제위원장이재형,재정경제위원장 이재형,이주,1957-01,0
재정경제위원장이재형,재정경제위원장 이재형,이주,1957-02,0
재정경제위원장이재형,재정경제위원장 이재형,이주,1957-03,0
재정경제위원장이재형,재정경제위원장 이재형,이주,1957-04,0
재정경제위원장이재형,재정경제위원장 이재형,이주,1957-05,0
재정경제위원장이재형,재정경제위원장 이재형,이주,1957-06,0
재정경제위원장이재형,재정경제위원장 이재형,이주,1957-07,0
재정경제위원장이재형,재정경제위원장 이재형,이주,1957-08,0
재정경제위원장이재형,재정경제위원장 이재형,이주,1957-09,0
재정경제위원장이재형,재정경제위원장 이재형,이주,1957-10,0
재정경제위원장이재형,재정경제위원장 이재형,이주,1957-11,0
재정경제위원장이재형,재정경제위원장 이재형,이주,1957-12,0
재정경제위원장이재형,재정경제위원장 이재형,이주,1958-01,0
재정경제위원장이재형,재정경제위원장 이재형,이주,1958-02,0
재정경제위원장이재형,재정경제위원장 이재형,이주,1958-03,0
재정경제위원장이재형,재정경제위원장 이재형,이주,1958-04,0
재정경제위원장이재형,재정경제위원장 이재형,이주,1958-05,0
재정경제위원장이재형,재정경제위원장 이재형,이주,1958-06,0
재정경제위원장이재형,재정경제위원장 이재형,이주,1958-07,0
재정경제위원장이재형,재정경제위원장 이재형,이주,1958-08,0
재정경제위원장이재형,재정경제위원장 이재형,이주,1958-09,0
재정경제위원장이재형,재정경제위원장 이재형,이주,1958-10,0
재정경제위원장이재형,재정경제위원장 이재형,이주,1958-11,0
재정경제위원장이재형,재정경제위원장 이재형,이주,1958-12,0
재정경제위원장이재형,재정경제위원장 이재형,이주,1959-05,0
재정경제위원장이재형,재정경제위원장 이재형,이주,1959-06,0
재정경제위원장이재형,재정경제위원장 이재형,이주,1959-07,0
재정경제위원장이재형,재정경제위원장 이재형,이주,1959-10,0
재정경제위원장이재형,재정경제위원장 이재형,이주,1959-11,0
재정경제위원장이재형,재정경제위원장 이재형,이주,1959-12,0
유옥우위원,유옥우 위원,이주,1948-08,0
유옥우위원,유옥우 위원,이주,1948-09,0
유옥우위원,유옥우 위원,이주,1948-10,0
유옥우위원,유옥우 위원,이주,1948-11,0
유옥우위원,유옥우 위원,이주,1948-12,0
유옥우위원,유옥우 위원,이주,1949-01,0
유옥우위원,유옥우 위원,이주,1949-02,0
유옥우위원,유옥우 위원,이주,1949-03,0
유옥우위원,유옥우 위원,이주,1949-04,0
유옥우위원,유옥우 위원,이주,1949-05,0
유옥우위원,유옥우 위원,이주,1949-06,0
유옥우위원,유옥우 위원,이주,1949-07,0
유옥우위원,유옥우 위원,이주,1949-08,0
유옥우위원,유옥우 위원,이주,1949-09,0
유옥우위원,유옥우 위원,이주,1949-10,0
유옥우위원,유옥우 위원,이주,1949-11,0
유옥우위원,유옥우 위원,이주,1949-12,0
유옥우위원,유옥우 위원,이주,1950-01,0
유옥우위원,유옥우 위원,이주,1950-02,0
유옥우위원,유옥우 위원,이주,1950-03,0
유옥우위원,유옥우 위원,이주,1950-04,0
유옥우위원,유옥우 위원,이주,1950-06,0
유옥우위원,유옥우 위원,이주,1950-10,0
유옥우위원,유옥우 위원,이주,1950-11,0
유옥우위원,유옥우 위원,이주,1950-12,0
유옥우위원,유옥우 위원,이주,1951-01,0
유옥우위원,유옥우 위원,이주,1951-02,0
유옥우위원,유옥우 위원,이주,1951-03,0
유옥우위원,유옥우 위원,이주,1951-04,0
유옥우위원,유옥우 위원,이주,1951-05,0
유옥우위원,유옥우 위원,이주,1951-06,0
유옥우위원,유옥우 위원,이주,1951-07,0
유옥우위원,유옥우 위원,이주,1951-08,0
유옥우위원,유옥우 위원,이주,1951-09,0
유옥우위원,유옥우 위원,이주,1951-10,0
유옥우위원,유옥우 위원,이주,1951-11,0
유옥우위원,유옥우 위원,이주,1951-12,0
유옥우위원,유옥우 위원,이주,1952-01,0
유옥우위원,유옥우 위원,이주,1952-02,0
유옥우위원,유옥우 위원,이주,1952-03,0
유옥우위원,유옥우 위원,이주,1952-04,0
유옥우위원,유옥우 위원,이주,1952-05,0
유옥우위원,유옥우 위원,이주,1952-06,0
유옥우위원,유옥우 위원,이주,1952-07,0
유옥우위원,유옥우 위원,이주,1952-08,0
유옥우위원,유옥우 위원,이주,1952-09,0
유옥우위원,유옥우 위원,이주,1952-10,0
유옥우위원,유옥우 위원,이주,1952-11,0
유옥우위원,유옥우 위원,이주,1952-12,0
유옥우위원,유옥우 위원,이주,1953-01,0
유옥우위원,유옥우 위원,이주,1953-02,0
유옥우위원,유옥우 위원,이주,1953-03,0
유옥우위원,유옥우 위원,이주,1953-04,0
유옥우위원,유옥우 위원,이주,1953-05,0
유옥우위원,유옥우 위원,이주,1953-06,0
유옥우위원,유옥우 위원,이주,1953-07,0
유옥우위원,유옥우 위원,이주,1953-08,0
유옥우위원,유옥우 위원,이주,1953-09,0
유옥우위원,유옥우 위원,이주,1953-10,0
유옥우위원,유옥우 위원,이주,1953-11,0
유옥우위원,유옥우 위원,이주,1953-12,0
유옥우위원,유옥우 위원,이주,1954-01,0
유옥우위원,유옥우 위원,이주,1954-02,0
유옥우위원,유옥우 위원,이주,1954-03,0
유옥우위원,유옥우 위원,이주,1954-04,0
유옥우위원,유옥우 위원,이주,1954-05,0
유옥우위원,유옥우 위원,이주,1954-06,0
유옥우위원,유옥우 위원,이주,1954-07,0
유옥우위원,유옥우 위원,이주,1954-08,0
유옥우위원,유옥우 위원,이주,1954-09,0
유옥우위원,유옥우 위원,이주,1954-10,0
유옥우위원,유옥우 위원,이주,1954-11,0
유옥우위원,유옥우 위원,이주,1954-12,0
유옥우위원,유옥우 위원,이주,1955-01,0
유옥우위원,유옥우 위원,이주,1955-02,0
유옥우위원,유옥우 위원,이주,1955-03,0
유옥우위원,유옥우 위원,이주,1955-04,0
유옥우위원,유옥우 위원,이주,1955-05,0
유옥우위원,유옥우 위원,이주,1955-06,0
유옥우위원,유옥우 위원,이주,1955-07,0
유옥우위원,유옥우 위원,이주,1955-09,0
유옥우위원,유옥우 위원,이주,1955-10,0
유옥우위원,유옥우 위원,이주,1955-11,0
유옥우위원,유옥우 위원,이주,1955-12,0
유옥우위원,유옥우 위원,이주,1956-01,0
유옥우위원,유옥우 위원,이주,1956-02,0
유옥우위원,유옥우 위원,이주,1956-03,0
유옥우위원,유옥우 위원,이주,1956-04,0
유옥우위원,유옥우 위원,이주,1956-05,0
유옥우위원,유옥우 위원,이주,1956-06,0
유옥우위원,유옥우 위원,이주,1956-07,0
유옥우위원,유옥우 위원,이주,1956-08,0
유옥우위원,유옥우 위원,이주,1956-09,0
유옥우위원,유옥우 위원,이주,1956-10,0
유옥우위원,유옥우 위원,이주,1956-11,0
유옥우위원,유옥우 위원,이주,1956-12,0
유옥우위원,유옥우 위원,이주,1957-01,0
유옥우위원,유옥우 위원,이주,1957-02,0
유옥우위원,유옥우 위원,이주,1957-03,0
유옥우위원,유옥우 위원,이주,1957-04,0
유옥우위원,유옥우 위원,이주,1957-05,0
유옥우위원,유옥우 위원,이주,1957-06,0
유옥우위원,유옥우 위원,이주,1957-07,0
유옥우위원,유옥우 위원,이주,1957-08,0
유옥우위원,유옥우 위원,이주,1957-09,0
유옥우위원,유옥우 위원,이주,1957-10,0
유옥우위원,유옥우 위원,이주,1957-11,0
유옥우위원,유옥우 위원,이주,1957-12,0
유옥우위원,유옥우 위원,이주,1958-01,0
유옥우위원,유옥우 위원,이주,1958-02,0
유옥우위원,유옥우 위원,이주,1958-03,0
유옥우위원,유옥우 위원,이주,1958-04,0
유옥우위원,유옥우 위원,이주,1958-05,0
유옥우위원,유옥우 위원,이주,1958-06,0
유옥우위원,유옥우 위원,이주,1958-07,1
유옥우위원,유옥우 위원,이주,1958-08,0
유옥우위원,유옥우 위원,이주,1958-09,0
유옥우위원,유옥우 위원,이주,1958-10,0
유옥우위원,유옥우 위원,이주,1958-11,1
유옥우위원,유옥우 위원,이주,1958-12,0
유옥우위원,유옥우 위원,이주,1959-05,0
유옥우위원,유옥우 위원,이주,1959-06,0
유옥우위원,유옥우 위원,이주,1959-07,0
유옥우위원,유옥우 위원,이주,1959-10,0
유옥우위원,유옥우 위원,이주,1959-11,0
유옥우위원,유옥우 위원,이주,1959-12,0
박영종의원,박영종 의원,이주,1948-08,0
박영종의원,박영종 의원,이주,1948-09,0
박영종의원,박영종 의원,이주,1948-10,0
박영종의원,박영종 의원,이주,1948-11,0
박영종의원,박영종 의원,이주,1948-12,0
박영종의원,박영종 의원,이주,1949-01,0
박영종의원,박영종 의원,이주,1949-02,0
박영종의원,박영종 의원,이주,1949-03,0
박영종의원,박영종 의원,이주,1949-04,0
박영종의원,박영종 의원,이주,1949-05,0
박영종의원,박영종 의원,이주,1949-06,0
박영종의원,박영종 의원,이주,1949-07,0
박영종의원,박영종 의원,이주,1949-08,0
박영종의원,박영종 의원,이주,1949-09,0
박영종의원,박영종 의원,이주,1949-10,0
박영종의원,박영종 의원,이주,1949-11,0
박영종의원,박영종 의원,이주,1949-12,0
박영종의원,박영종 의원,이주,1950-01,0
박영종의원,박영종 의원,이주,1950-02,0
박영종의원,박영종 의원,이주,1950-03,0
박영종의원,박영종 의원,이주,1950-04,0
박영종의원,박영종 의원,이주,1950-06,0
박영종의원,박영종 의원,이주,1950-10,0
박영종의원,박영종 의원,이주,1950-11,0
박영종의원,박영종 의원,이주,1950-12,0
박영종의원,박영종 의원,이주,1951-01,0
박영종의원,박영종 의원,이주,1951-02,0
박영종의원,박영종 의원,이주,1951-03,0
박영종의원,박영종 의원,이주,1951-04,0
박영종의원,박영종 의원,이주,1951-05,0
박영종의원,박영종 의원,이주,1951-06,0
박영종의원,박영종 의원,이주,1951-07,0
박영종의원,박영종 의원,이주,1951-08,0
박영종의원,박영종 의원,이주,1951-09,0
박영종의원,박영종 의원,이주,1951-10,0
박영종의원,박영종 의원,이주,1951-11,0
박영종의원,박영종 의원,이주,1951-12,0
박영종의원,박영종 의원,이주,1952-01,0
박영종의원,박영종 의원,이주,1952-02,0
박영종의원,박영종 의원,이주,1952-03,0
박영종의원,박영종 의원,이주,1952-04,0
박영종의원,박영종 의원,이주,1952-05,0
박영종의원,박영종 의원,이주,1952-06,0
박영종의원,박영종 의원,이주,1952-07,0
박영종의원,박영종 의원,이주,1952-08,0
박영종의원,박영종 의원,이주,1952-09,0
박영종의원,박영종 의원,이주,1952-10,0
박영종의원,박영종 의원,이주,1952-11,0
박영종의원,박영종 의원,이주,1952-12,0
박영종의원,박영종 의원,이주,1953-01,0
박영종의원,박영종 의원,이주,1953-02,0
박영종의원,박영종 의원,이주,1953-03,0
박영종의원,박영종 의원,이주,1953-04,0
박영종의원,박영종 의원,이주,1953-05,0
박영종의원,박영종 의원,이주,1953-06,0
박영종의원,박영종 의원,이주,1953-07,0
박영종의원,박영종 의원,이주,1953-08,0
박영종의원,박영종 의원,이주,1953-09,0
박영종의원,박영종 의원,이주,1953-10,0
박영종의원,박영종 의원,이주,1953-11,0
박영종의원,박영종 의원,이주,1953-12,0
박영종의원,박영종 의원,이주,1954-01,0
박영종의원,박영종 의원,이주,1954-02,0
박영종의원,박영종 의원,이주,1954-03,0
박영종의원,박영종 의원,이주,1954-04,0
박영종의원,박영종 의원,이주,1954-05,0
박영종의원,박영종 의원,이주,1954-06,0
박영종의원,박영종 의원,이주,1954-07,0
박영종의원,박영종 의원,이주,1954-08,0
박영종의원,박영종 의원,이주,1954-09,0
박영종의원,박영종 의원,이주,1954-10,0
박영종의원,박영종 의원,이주,1954-11,0
박영종의원,박영종 의원,이주,1954-12,0
박영종의원,박영종 의원,이주,1955-01,1
박영종의원,박영종 의원,이주,1955-02,0
박영종의원,박영종 의원,이주,1955-03,0
박영종의원,박영종 의원,이주,1955-04,0
박영종의원,박영종 의원,이주,1955-05,1
박영종의원,박영종 의원,이주,1955-06,4
박영종의원,박영종 의원,이주,1955-07,0
박영종의원,박영종 의원,이주,1955-09,0
박영종의원,박영종 의원,이주,1955-10,0
박영종의원,박영종 의원,이주,1955-11,0
박영종의원,박영종 의원,이주,1955-12,1
박영종의원,박영종 의원,이주,1956-01,1
박영종의원,박영종 의원,이주,1956-02,0
박영종의원,박영종 의원,이주,1956-03,0
박영종의원,박영종 의원,이주,1956-04,0
박영종의원,박영종 의원,이주,1956-05,0
박영종의원,박영종 의원,이주,1956-06,0
박영종의원,박영종 의원,이주,1956-07,0
박영종의원,박영종 의원,이주,1956-08,1
박영종의원,박영종 의원,이주,1956-09,0
박영종의원,박영종 의원,이주,1956-10,0
박영종의원,박영종 의원,이주,1956-11,0
박영종의원,박영종 의원,이주,1956-12,0
박영종의원,박영종 의원,이주,1957-01,0
박영종의원,박영종 의원,이주,1957-02,0
박영종의원,박영종 의원,이주,1957-03,0
박영종의원,박영종 의원,이주,1957-04,3
박영종의원,박영종 의원,이주,1957-05,0
박영종의원,박영종 의원,이주,1957-06,2
박영종의원,박영종 의원,이주,1957-07,2
박영종의원,박영종 의원,이주,1957-08,0
박영종의원,박영종 의원,이주,1957-09,0
박영종의원,박영종 의원,이주,1957-10,0
박영종의원,박영종 의원,이주,1957-11,1
박영종의원,박영종 의원,이주,1957-12,1
박영종의원,박영종 의원,이주,1958-01,0
박영종의원,박영종 의원,이주,1958-02,1
박영종의원,박영종 의원,이주,1958-03,0
박영종의원,박영종 의원,이주,1958-04,0
박영종의원,박영종 의원,이주,1958-05,0
박영종의원,박영종 의원,이주,1958-06,0
박영종의원,박영종 의원,이주,1958-07,0
박영종의원,박영종 의원,이주,1958-08,0
박영종의원,박영종 의원,이주,1958-09,0
박영종의원,박영종 의원,이주,1958-10,0
박영종의원,박영종 의원,이주,1958-11,0
박영종의원,박영종 의원,이주,1958-12,0
박영종의원,박영종 의원,이주,1959-05,0
박영종의원,박영종 의원,이주,1959-06,0
박영종의원,박영종 의원,이주,1959-07,0
박영종의원,박영종 의원,이주,1959-10,0
박영종의원,박영종 의원,이주,1959-11,0
박영종의원,박영종 의원,이주,1959-12,0
의장신익희,의장 신익희,외국인,1948-08,0
의장신익희,의장 신익희,외국인,1948-09,3
의장신익희,의장 신익희,외국인,1948-10,0
의장신익희,의장 신익희,외국인,1948-11,1
의장신익희,의장 신익희,외국인,1948-12,1
의장신익희,의장 신익희,외국인,1949-01,1
의장신익희,의장 신익희,외국인,1949-02,0
의장신익희,의장 신익희,외국인,1949-03,1
의장신익희,의장 신익희,외국인,1949-04,1
의장신익희,의장 신익희,외국인,1949-05,0
의장신익희,의장 신익희,외국인,1949-06,0
의장신익희,의장 신익희,외국인,1949-07,0
의장신익희,의장 신익희,외국인,1949-08,0
의장신익희,의장 신익희,외국인,1949-09,1
의장신익희,의장 신익희,외국인,1949-10,0
의장신익희,의장 신익희,외국인,1949-11,1
의장신익희,의장 신익희,외국인,1949-12,0
의장신익희,의장 신익희,외국인,1950-01,0
의장신익희,의장 신익희,외국인,1950-02,0
의장신익희,의장 신익희,외국인,1950-03,1
의장신익희,의장 신익희,외국인,1950-04,0
의장신익희,의장 신익희,외국인,1950-06,0
의장신익희,의장 신익희,외국인,1950-10,0
의장신익희,의장 신익희,외국인,1950-11,0
의장신익희,의장 신익희,외국인,1950-12,0
의장신익희,의장 신익희,외국인,1951-01,0
의장신익희,의장 신익희,외국인,1951-02,0
의장신익희,의장 신익희,외국인,1951-03,0
의장신익희,의장 신익희,외국인,1951-04,0
의장신익희,의장 신익희,외국인,1951-05,0
의장신익희,의장 신익희,외국인,1951-06,0
의장신익희,의장 신익희,외국인,1951-07,0
의장신익희,의장 신익희,외국인,1951-08,0
의장신익희,의장 신익희,외국인,1951-09,0
의장신익희,의장 신익희,외국인,1951-10,1
의장신익희,의장 신익희,외국인,1951-11,1
의장신익희,의장 신익희,외국인,1951-12,1
의장신익희,의장 신익희,외국인,1952-01,0
의장신익희,의장 신익희,외국인,1952-02,0
의장신익희,의장 신익희,외국인,1952-03,0
의장신익희,의장 신익희,외국인,1952-04,0
의장신익희,의장 신익희,외국인,1952-05,0
의장신익희,의장 신익희,외국인,1952-06,1
의장신익희,의장 신익희,외국인,1952-07,0
의장신익희,의장 신익희,외국인,1952-08,0
의장신익희,의장 신익희,외국인,1952-09,0
의장신익희,의장 신익희,외국인,1952-10,0
의장신익희,의장 신익희,외국인,1952-11,0
의장신익희,의장 신익희,외국인,1952-12,0
의장신익희,의장 신익희,외국인,1953-01,0
의장신익희,의장 신익희,외국인,1953-02,0
의장신익희,의장 신익희,외국인,1953-03,0
의장신익희,의장 신익희,외국인,1953-04,0
의장신익희,의장 신익희,외국인,1953-05,0
의장신익희,의장 신익희,외국인,1953-06,0
의장신익희,의장 신익희,외국인,1953-07,0
의장신익희,의장 신익희,외국인,1953-08,0
의장신익희,의장 신익희,외국인,1953-09,0
의장신익희,의장 신익희,외국인,1953-10,0
의장신익희,의장 신익희,외국인,1953-11,1
의장신익희,의장 신익희,외국인,1953-12,0
의장신익희,의장 신익희,외국인,1954-01,1
의장신익희,의장 신익희,외국인,1954-02,0
의장신익희,의장 신익희,외국인,1954-03,1
의장신익희,의장 신익희,외국인,1954-04,0
의장신익희,의장 신익희,외국인,1954-05,0
의장신익희,의장 신익희,외국인,1954-06,0
의장신익희,의장 신익희,외국인,1954-07,0
의장신익희,의장 신익희,외국인,1954-08,0
의장신익희,의장 신익희,외국인,1954-09,0
의장신익희,의장 신익희,외국인,1954-10,0
의장신익희,의장 신익희,외국인,1954-11,0
의장신익희,의장 신익희,외국인,1954-12,0
의장신익희,의장 신익희,외국인,1955-01,0
의장신익희,의장 신익희,외국인,1955-02,0
의장신익희,의장 신익희,외국인,1955-03,0
의장신익희,의장 신익희,외국인,1955-04,0
의장신익희,의장 신익희,외국인,1955-05,0
의장신익희,의장 신익희,외국인,1955-06,0
의장신익희,의장 신익희,외국인,1955-07,0
의장신익희,의장 신익희,외국인,1955-09,0
의장신익희,의장 신익희,외국인,1955-10,0
의장신익희,의장 신익희,외국인,1955-11,0
의장신익희,의장 신익희,외국인,1955-12,0
의장신익희,의장 신익희,외국인,1956-01,0
의장신익희,의장 신익희,외국인,1956-02,0
의장신익희,의장 신익희,외국인,1956-03,0
의장신익희,의장 신익희,외국인,1956-04,0
의장신익희,의장 신익희,외국인,1956-05,0
의장신익희,의장 신익희,외국인,1956-06,0
의장신익희,의장 신익희,외국인,1956-07,0
의장신익희,의장 신익희,외국인,1956-08,0
의장신익희,의장 신익희,외국인,1956-09,0
의장신익희,의장 신익희,외국인,1956-10,0
의장신익희,의장 신익희,외국인,1956-11,0
의장신익희,의장 신익희,외국인,1956-12,0
의장신익희,의장 신익희,외국인,1957-01,0
의장신익희,의장 신익희,외국인,1957-02,0
의장신익희,의장 신익희,외국인,1957-03,0
의장신익희,의장 신익희,외국인,1957-04,0
의장신익희,의장 신익희,외국인,1957-05,0
의장신익희,의장 신익희,외국인,1957-06,0
의장신익희,의장 신익희,외국인,1957-07,0
의장신익희,의장 신익희,외국인,1957-08,0
의장신익희,의장 신익희,외국인,1957-09,0
의장신익희,의장 신익희,외국인,1957-10,0
의장신익희,의장 신익희,외국인,1957-11,0
의장신익희,의장 신익희,외국인,1957-12,0
의장신익희,의장 신익희,외국인,1958-01,0
의장신익희,의장 신익희,외국인,1958-02,0
의장신익희,의장 신익희,외국인,1958-03,0
의장신익희,의장 신익희,외국인,1958-04,0
의장신익희,의장 신익희,외국인,1958-05,0
의장신익희,의장 신익희,외국인,1958-06,0
의장신익희,의장 신익희,외국인,1958-07,0
의장신익희,의장 신익희,외국인,1958-08,0
의장신익희,의장 신익희,외국인,1958-09,0
의장신익희,의장 신익희,외국인,1958-10,0
의장신익희,의장 신익희,외국인,1958-11,0
의장신익희,의장 신익희,외국인,1958-12,0
의장신익희,의장 신익희,외국인,1959-05,0
의장신익희,의장 신익희,외국인,1959-06,0
의장신익희,의장 신익희,외국인,1959-07,0
의장신익희,의장 신익희,외국인,1959-10,0
의장신익희,의장 신익희,외국인,1959-11,0
의장신익희,의장 신익희,외국인,1959-12,0
위원장이충환,위원장 이충환,외국인,1948-08,0
위원장이충환,위원장 이충환,외국인,1948-09,0
위원장이충환,위원장 이충환,외국인,1948-10,0
위원장이충환,위원장 이충환,외국인,1948-11,0
위원장이충환,위원장 이충환,외국인,1948-12,0
위원장이충환,위원장 이충환,외국인,1949-01,0
위원장이충환,위원장 이충환,외국인,1949-02,0
위원장이충환,위원장 이충환,외국인,1949-03,0
위원장이충환,위원장 이충환,외국인,1949-04,0
위원장이충환,위원장 이충환,외국인,1949-05,0
위원장이충환,위원장 이충환,외국인,1949-06,0
위원장이충환,위원장 이충환,외국인,1949-07,0
위원장이충환,위원장 이충환,외국인,1949-08,0
위원장이충환,위원장 이충환,외국인,1949-09,0
위원장이충환,위원장 이충환,외국인,1949-10,0
위원장이충환,위원장 이충환,외국인,1949-11,0
위원장이충환,위원장 이충환,외국인,1949-12,0
위원장이충환,위원장 이충환,외국인,1950-01,0
위원장이충환,위원장 이충환,외국인,1950-02,0
위원장이충환,위원장 이충환,외국인,1950-03,0
위원장이충환,위원장 이충환,외국인,1950-04,0
위원장이충환,위원장 이충환,외국인,1950-06,0
위원장이충환,위원장 이충환,외국인,1950-10,0
위원장이충환,위원장 이충환,외국인,1950-11,0
위원장이충환,위원장 이충환,외국인,1950-12,0
위원장이충환,위원장 이충환,외국인,1951-01,0
위원장이충환,위원장 이충환,외국인,1951-02,0
위원장이충환,위원장 이충환,외국인,1951-03,0
위원장이충환,위원장 이충환,외국인,1951-04,0
위원장이충환,위원장 이충환,외국인,1951-05,0
위원장이충환,위원장 이충환,외국인,1951-06,0
위원장이충환,위원장 이충환,외국인,1951-07,0
위원장이충환,위원장 이충환,외국인,1951-08,0
위원장이충환,위원장 이충환,외국인,1951-09,0
위원장이충환,위원장 이충환,외국인,1951-10,0
위원장이충환,위원장 이충환,외국인,1951-11,0
위원장이충환,위원장 이충환,외국인,1951-12,0
위원장이충환,위원장 이충환,외국인,1952-01,0
위원장이충환,위원장 이충환,외국인,1952-02,0
위원장이충환,위원장 이충환,외국인,1952-03,0
위원장이충환,위원장 이충환,외국인,1952-04,0
위원장이충환,위원장 이충환,외국인,1952-05,0
위원장이충환,위원장 이충환,외국인,1952-06,0
위원장이충환,위원장 이충환,외국인,1952-07,0
위원장이충환,위원장 이충환,외국인,1952-08,0
위원장이충환,위원장 이충환,외국인,1952-09,0
위원장이충환,위원장 이충환,외국인,1952-10,0
위원장이충환,위원장 이충환,외국인,1952-11,0
위원장이충환,위원장 이충환,외국인,1952-12,0
위원장이충환,위원장 이충환,외국인,1953-01,0
위원장이충환,위원장 이충환,외국인,1953-02,0
위원장이충환,위원장 이충환,외국인,1953-03,0
위원장이충환,위원장 이충환,외국인,1953-04,0
위원장이충환,위원장 이충환,외국인,1953-05,0
위원장이충환,위원장 이충환,외국인,1953-06,0
위원장이충환,위원장 이충환,외국인,1953-07,0
위원장이충환,위원장 이충환,외국인,1953-08,0
위원장이충환,위원장 이충환,외국인,1953-09,0
위원장이충환,위원장 이충환,외국인,1953-10,0
위원장이충환,위원장 이충환,외국인,1953-11,0
위원장이충환,위원장 이충환,외국인,1953-12,0
위원장이충환,위원장 이충환,외국인,1954-01,0
위원장이충환,위원장 이충환,외국인,1954-02,0
위원장이충환,위원장 이충환,외국인,1954-03,0
위원장이충환,위원장 이충환,외국인,1954-04,0
위원장이충환,위원장 이충환,외국인,1954-05,0
위원장이충환,위원장 이충환,외국인,1954-06,0
위원장이충환,위원장 이충환,외국인,1954-07,0
위원장이충환,위원장 이충환,외국인,1954-08,0
위원장이충환,위원장 이충환,외국인,1954-09,0
위원장이충환,위원장 이충환,외국인,1954-10,2
위원장이충환,위원장 이충환,외국인,1954-11,1
위원장이충환,위원장 이충환,외국인,1954-12,0
위원장이충환,위원장 이충환,외국인,1955-01,0
위원장이충환,위원장 이충환,외국인,1955-02,0
위원장이충환,위원장 이충환,외국인,1955-03,0
위원장이충환,위원장 이충환,외국인,1955-04,0
위원장이충환,위원장 이충환,외국인,1955-05,0
위원장이충환,위원장 이충환,외국인,1955-06,1
위원장이충환,위원장 이충환,외국인,1955-07,3
위원장이충환,위원장 이충환,외국인,1955-09,0
위원장이충환,위원장 이충환,외국인,1955-10,0
위원장이충환,위원장 이충환,외국인,1955-11,1
위원장이충환,위원장 이충환,외국인,1955-12,0
위원장이충환,위원장 이충환,외국인,1956-01,0
위원장이충환,위원장 이충환,외국인,1956-02,0
위원장이충환,위원장 이충환,외국인,1956-03,0
위원장이충환,위원장 이충환,외국인,1956-04,0
위원장이충환,위원장 이충환,외국인,1956-05,0
위원장이충환,위원장 이충환,외국인,1956-06,0
위원장이충환,위원장 이충환,외국인,1956-07,0
위원장이충환,위원장 이충환,외국인,1956-08,0
위원장이충환,위원장 이충환,외국인,1956-09,0
위원장이충환,위원장 이충환,외국인,1956-10,0
위원장이충환,위원장 이충환,외국인,1956-11,0
위원장이충환,위원장 이충환,외국인,1956-12,0
위원장이충환,위원장 이충환,외국인,1957-01,0
위원장이충환,위원장 이충환,외국인,1957-02,0
위원장이충환,위원장 이충환,외국인,1957-03,0
위원장이충환,위원장 이충환,외국인,1957-04,0
위원장이충환,위원장 이충환,외국인,1957-05,0
위원장이충환,위원장 이충환,외국인,1957-06,0
위원장이충환,위원장 이충환,외국인,1957-07,0
위원장이충환,위원장 이충환,외국인,1957-08,0
위원장이충환,위원장 이충환,외국인,1957-09,0
위원장이충환,위원장 이충환,외국인,1957-10,0
위원장이충환,위원장 이충환,외국인,1957-11,0
위원장이충환,위원장 이충환,외국인,1957-12,0
위원장이충환,위원장 이충환,외국인,1958-01,0
위원장이충환,위원장 이충환,외국인,1958-02,0
위원장이충환,위원장 이충환,외국인,1958-03,0
위원장이충환,위원장 이충환,외국인,1958-04,0
위원장이충환,위원장 이충환,외국인,1958-05,0
위원장이충환,위원장 이충환,외국인,1958-06,0
위원장이충환,위원장 이충환,외국인,1958-07,0
위원장이충환,위원장 이충환,외국인,1958-08,0
위원장이충환,위원장 이충환,외국인,1958-09,0
위원장이충환,위원장 이충환,외국인,1958-10,0
위원장이충환,위원장 이충환,외국인,1958-11,0
위원장이충환,위원장 이충환,외국인,1958-12,0
위원장이충환,위원장 이충환,외국인,1959-05,0
위원장이충환,위원장 이충환,외국인,1959-06,0
위원장이충환,위원장 이충환,외국인,1959-07,0
위원장이충환,위원장 이충환,외국인,1959-10,0
위원장이충환,위원장 이충환,외국인,1959-11,0
위원장이충환,위원장 이충환,외국인,1959-12,0
이철승위원,이철승 위원,외국인,1948-08,0
이철승위원,이철승 위원,외국인,1948-09,0
이철승위원,이철승 위원,외국인,1948-10,0
이철승위원,이철승 위원,외국인,1948-11,0
이철승위원,이철승 위원,외국인,1948-12,0
이철승위원,이철승 위원,외국인,1949-01,0
이철승위원,이철승 위원,외국인,1949-02,0
이철승위원,이철승 위원,외국인,1949-03,0
이철승위원,이철승 위원,외국인,1949-04,0
이철승위원,이철승 위원,외국인,1949-05,0
이철승위원,이철승 위원,외국인,1949-06,0
이철승위원,이철승 위원,외국인,1949-07,0
이철승위원,이철승 위원,외국인,1949-08,0
이철승위원,이철승 위원,외국인,1949-09,0
이철승위원,이철승 위원,외국인,1949-10,0
이철승위원,이철승 위원,외국인,1949-11,0
이철승위원,이철승 위원,외국인,1949-12,0
이철승위원,이철승 위원,외국인,1950-01,0
이철승위원,이철승 위원,외국인,1950-02,0
이철승위원,이철승 위원,외국인,1950-03,0
이철승위원,이철승 위원,외국인,1950-04,0
이철승위원,이철승 위원,외국인,1950-06,0
이철승위원,이철승 위원,외국인,1950-10,0
이철승위원,이철승 위원,외국인,1950-11,0
이철승위원,이철승 위원,외국인,1950-12,0
이철승위원,이철승 위원,외국인,1951-01,0
이철승위원,이철승 위원,외국인,1951-02,0
이철승위원,이철승 위원,외국인,1951-03,0
이철승위원,이철승 위원,외국인,1951-04,0
이철승위원,이철승 위원,외국인,1951-05,0
이철승위원,이철승 위원,외국인,1951-06,0
이철승위원,이철승 위원,외국인,1951-07,0
이철승위원,이철승 위원,외국인,1951-08,0
이철승위원,이철승 위원,외국인,1951-09,0
이철승위원,이철승 위원,외국인,1951-10,0
이철승위원,이철승 위원,외국인,1951-11,0
이철승위원,이철승 위원,외국인,1951-12,0
이철승위원,이철승 위원,외국인,1952-01,0
이철승위원,이철승 위원,외국인,1952-02,0
이철승위원,이철승 위원,외국인,1952-03,0
이철승위원,이철승 위원,외국인,1952-04,0
이철승위원,이철승 위원,외국인,1952-05,0
이철승위원,이철승 위원,외국인,1952-06,0
이철승위원,이철승 위원,외국인,1952-07,0
이철승위원,이철승 위원,외국인,1952-08,0
이철승위원,이철승 위원,외국인,1952-09,0
이철승위원,이철승 위원,외국인,1952-10,0
이철승위원,이철승 위원,외국인,1952-11,0
이철승위원,이철승 위원,외국인,1952-12,0
이철승위원,이철승 위원,외국인,1953-01,0
이철승위원,이철승 위원,외국인,1953-02,0
이철승위원,이철승 위원,외국인,1953-03,0
이철승위원,이철승 위원,외국인,1953-04,0
이철승위원,이철승 위원,외국인,1953-05,0
이철승위원,이철승 위원,외국인,1953-06,0
이철승위원,이철승 위원,외국인,1953-07,0
이철승위원,이철승 위원,외국인,1953-08,0
이철승위원,이철승 위원,외국인,1953-09,0
이철승위원,이철승 위원,외국인,1953-10,0
이철승위원,이철승 위원,외국인,1953-11,0
이철승위원,이철승 위원,외국인,1953-12,0
이철승위원,이철승 위원,외국인,1954-01,0
이철승위원,이철승 위원,외국인,1954-02,0
이철승위원,이철승 위원,외국인,1954-03,0
이철승위원,이철승 위원,외국인,1954-04,0
이철승위원,이철승 위원,외국인,1954-05,0
이철승위원,이철승 위원,외국인,1954-06,0
이철승위원,이철승 위원,외국인,1954-07,0
이철승위원,이철승 위원,외국인,1954-08,0
이철승위원,이철승 위원,외국인,1954-09,1
이철승위원,이철승 위원,외국인,1954-10,1
이철승위원,이철승 위원,외국인,1954-11,0
이철승위원,이철승 위원,외국인,1954-12,0
이철승위원,이철승 위원,외국인,1955-01,0
이철승위원,이철승 위원,외국인,1955-02,0
이철승위원,이철승 위원,외국인,1955-03,0
이철승위원,이철승 위원,외국인,1955-04,0
이철승위원,이철승 위원,외국인,1955-05,1
이철승위원,이철승 위원,외국인,1955-06,1
이철승위원,이철승 위원,외국인,1955-07,2
이철승위원,이철승 위원,외국인,1955-09,0
이철승위원,이철승 위원,외국인,1955-10,0
이철승위원,이철승 위원,외국인,1955-11,0
이철승위원,이철승 위원,외국인,1955-12,0
이철승위원,이철승 위원,외국인,1956-01,0
이철승위원,이철승 위원,외국인,1956-02,1
이철승위원,이철승 위원,외국인,1956-03,0
이철승위원,이철승 위원,외국인,1956-04,0
이철승위원,이철승 위원,외국인,1956-05,0
이철승위원,이철승 위원,외국인,1956-06,0
이철승위원,이철승 위원,외국인,1956-07,0
이철승위원,이철승 위원,외국인,1956-08,0
이철승위원,이철승 위원,외국인,1956-09,0
이철승위원,이철승 위원,외국인,1956-10,0
이철승위원,이철승 위원,외국인,1956-11,0
이철승위원,이철승 위원,외국인,1956-12,0
이철승위원,이철승 위원,외국인,1957-01,0
이철승위원,이철승 위원,외국인,1957-02,0
이철승위원,이철승 위원,외국인,1957-03,0
이철승위원,이철승 위원,외국인,1957-04,0
이철승위원,이철승 위원,외국인,1957-05,0
이철승위원,이철승 위원,외국인,1957-06,0
이철승위원,이철승 위원,외국인,1957-07,0
이철승위원,이철승 위원,외국인,1957-08,0
이철승위원,이철승 위원,외국인,1957-09,1
이철승위원,이철승 위원,외국인,1957-10,3
이철승위원,이철승 위원,외국인,1957-11,0
이철승위원,이철승 위원,외국인,1957-12,2
이철승위원,이철승 위원,외국인,1958-01,0
이철승위원,이철승 위원,외국인,1958-02,0
이철승위원,이철승 위원,외국인,1958-03,0
이철승위원,이철승 위원,외국인,1958-04,0
이철승위원,이철승 위원,외국인,1958-05,0
이철승위원,이철승 위원,외국인,1958-06,0
이철승위원,이철승 위원,외국인,1958-07,1
이철승위원,이철승 위원,외국인,1958-08,1
이철승위원,이철승 위원,외국인,1958-09,0
이철승위원,이철승 위원,외국인,1958-10,0
이철승위원,이철승 위원,외국인,1958-11,1
이철승위원,이철승 위원,외국인,1958-12,0
이철승위원,이철승 위원,외국인,1959-05,0
이철승위원,이철승 위원,외국인,1959-06,1
이철승위원,이철승 위원,외국인,1959-07,0
이철승위원,이철승 위원,외국인,1959-10,0
이철승위원,이철승 위원,외국인,1959-11,3
이철승위원,이철승 위원,외국인,1959-12,0
의사국장서상준,의사국장 서상준,외국인,1948-08,0
의사국장서상준,의사국장 서상준,외국인,1948-09,0
의사국장서상준,의사국장 서상준,외국인,1948-10,0
의사국장서상준,의사국장 서상준,외국인,1948-11,0
의사국장서상준,의사국장 서상준,외국인,1948-12,0
의사국장서상준,의사국장 서상준,외국인,1949-01,0
의사국장서상준,의사국장 서상준,외국인,1949-02,0
의사국장서상준,의사국장 서상준,외국인,1949-03,0
의사국장서상준,의사국장 서상준,외국인,1949-04,0
의사국장서상준,의사국장 서상준,외국인,1949-05,0
의사국장서상준,의사국장 서상준,외국인,1949-06,0
의사국장서상준,의사국장 서상준,외국인,1949-07,0
의사국장서상준,의사국장 서상준,외국인,1949-08,0
의사국장서상준,의사국장 서상준,외국인,1949-09,0
의사국장서상준,의사국장 서상준,외국인,1949-10,0
의사국장서상준,의사국장 서상준,외국인,1949-11,0
의사국장서상준,의사국장 서상준,외국인,1949-12,0
의사국장서상준,의사국장 서상준,외국인,1950-01,0
의사국장서상준,의사국장 서상준,외국인,1950-02,0
의사국장서상준,의사국장 서상준,외국인,1950-03,0
의사국장서상준,의사국장 서상준,외국인,1950-04,0
의사국장서상준,의사국장 서상준,외국인,1950-06,0
의사국장서상준,의사국장 서상준,외국인,1950-10,0
의사국장서상준,의사국장 서상준,외국인,1950-11,0
의사국장서상준,의사국장 서상준,외국인,1950-12,0
의사국장서상준,의사국장 서상준,외국인,1951-01,0
의사국장서상준,의사국장 서상준,외국인,1951-02,0
의사국장서상준,의사국장 서상준,외국인,1951-03,0
의사국장서상준,의사국장 서상준,외국인,1951-04,0
의사국장서상준,의사국장 서상준,외국인,1951-05,1
의사국장서상준,의사국장 서상준,외국인,1951-06,0
의사국장서상준,의사국장 서상준,외국인,1951-07,0
의사국장서상준,의사국장 서상준,외국인,1951-08,0
의사국장서상준,의사국장 서상준,외국인,1951-09,0
의사국장서상준,의사국장 서상준,외국인,1951-10,0
의사국장서상준,의사국장 서상준,외국인,1951-11,1
의사국장서상준,의사국장 서상준,외국인,1951-12,0
의사국장서상준,의사국장 서상준,외국인,1952-01,0
의사국장서상준,의사국장 서상준,외국인,1952-02,0
의사국장서상준,의사국장 서상준,외국인,1952-03,0
의사국장서상준,의사국장 서상준,외국인,1952-04,1
의사국장서상준,의사국장 서상준,외국인,1952-05,1
의사국장서상준,의사국장 서상준,외국인,1952-06,0
의사국장서상준,의사국장 서상준,외국인,1952-07,0
의사국장서상준,의사국장 서상준,외국인,1952-08,0
의사국장서상준,의사국장 서상준,외국인,1952-09,0
의사국장서상준,의사국장 서상준,외국인,1952-10,0
의사국장서상준,의사국장 서상준,외국인,1952-11,1
의사국장서상준,의사국장 서상준,외국인,1952-12,0
의사국장서상준,의사국장 서상준,외국인,1953-01,0
의사국장서상준,의사국장 서상준,외국인,1953-02,0
의사국장서상준,의사국장 서상준,외국인,1953-03,0
의사국장서상준,의사국장 서상준,외국인,1953-04,0
의사국장서상준,의사국장 서상준,외국인,1953-05,0
의사국장서상준,의사국장 서상준,외국인,1953-06,0
의사국장서상준,의사국장 서상준,외국인,1953-07,0
의사국장서상준,의사국장 서상준,외국인,1953-08,0
의사국장서상준,의사국장 서상준,외국인,1953-09,0
의사국장서상준,의사국장 서상준,외국인,1953-10,1
의사국장서상준,의사국장 서상준,외국인,1953-11,0
의사국장서상준,의사국장 서상준,외국인,1953-12,0
의사국장서상준,의사국장 서상준,외국인,1954-01,0
의사국장서상준,의사국장 서상준,외국인,1954-02,0
의사국장서상준,의사국장 서상준,외국인,1954-03,0
의사국장서상준,의사국장 서상준,외국인,1954-04,0
의사국장서상준,의사국장 서상준,외국인,1954-05,0
의사국장서상준,의사국장 서상준,외국인,1954-06,0
의사국장서상준,의사국장 서상준,외국인,1954-07,0
의사국장서상준,의사국장 서상준,외국인,1954-08,1
의사국장서상준,의사국장 서상준,외국인,1954-09,1
의사국장서상준,의사국장 서상준,외국인,1954-10,0
의사국장서상준,의사국장 서상준,외국인,1954-11,1
의사국장서상준,의사국장 서상준,외국인,1954-12,0
의사국장서상준,의사국장 서상준,외국인,1955-01,0
의사국장서상준,의사국장 서상준,외국인,1955-02,0
의사국장서상준,의사국장 서상준,외국인,1955-03,1
의사국장서상준,의사국장 서상준,외국인,1955-04,0
의사국장서상준,의사국장 서상준,외국인,1955-05,0
의사국장서상준,의사국장 서상준,외국인,1955-06,0
의사국장서상준,의사국장 서상준,외국인,1955-07,0
의사국장서상준,의사국장 서상준,외국인,1955-09,0
의사국장서상준,의사국장 서상준,외국인,1955-10,0
의사국장서상준,의사국장 서상준,외국인,1955-11,1
의사국장서상준,의사국장 서상준,외국인,1955-12,0
의사국장서상준,의사국장 서상준,외국인,1956-01,0
의사국장서상준,의사국장 서상준,외국인,1956-02,0
의사국장서상준,의사국장 서상준,외국인,1956-03,0
의사국장서상준,의사국장 서상준,외국인,1956-04,0
의사국장서상준,의사국장 서상준,외국인,1956-05,0
의사국장서상준,의사국장 서상준,외국인,1956-06,0
의사국장서상준,의사국장 서상준,외국인,1956-07,0
의사국장서상준,의사국장 서상준,외국인,1956-08,0
의사국장서상준,의사국장 서상준,외국인,1956-09,0
의사국장서상준,의사국장 서상준,외국인,1956-10,1
의사국장서상준,의사국장 서상준,외국인,1956-11,1
의사국장서상준,의사국장 서상준,외국인,1956-12,0
의사국장서상준,의사국장 서상준,외국인,1957-01,0
의사국장서상준,의사국장 서상준,외국인,1957-02,0
의사국장서상준,의사국장 서상준,외국인,1957-03,1
의사국장서상준,의사국장 서상준,외국인,1957-04,0
의사국장서상준,의사국장 서상준,외국인,1957-05,0
의사국장서상준,의사국장 서상준,외국인,1957-06,0
의사국장서상준,의사국장 서상준,외국인,1957-07,0
의사국장서상준,의사국장 서상준,외국인,1957-08,0
의사국장서상준,의사국장 서상준,외국인,1957-09,0
의사국장서상준,의사국장 서상준,외국인,1957-10,0
의사국장서상준,의사국장 서상준,외국인,1957-11,0
의사국장서상준,의사국장 서상준,외국인,1957-12,0
의사국장서상준,의사국장 서상준,외국인,1958-01,0
의사국장서상준,의사국장 서상준,외국인,1958-02,0
의사국장서상준,의사국장 서상준,외국인,1958-03,0
의사국장서상준,의사국장 서상준,외국인,1958-04,0
의사국장서상준,의사국장 서상준,외국인,1958-05,0
의사국장서상준,의사국장 서상준,외국인,1958-06,0
의사국장서상준,의사국장 서상준,외국인,1958-07,0
의사국장서상준,의사국장 서상준,외국인,1958-08,0
의사국장서상준,의사국장 서상준,외국인,1958-09,0
의사국장서상준,의사국장 서상준,외국인,1958-10,0
의사국장서상준,의사국장 서상준,외국인,1958-11,0
의사국장서상준,의사국장 서상준,외국인,1958-12,0
의사국장서상준,의사국장 서상준,외국인,1959-05,0
의사국장서상준,의사국장 서상준,외국인,1959-06,0
의사국장서상준,의사국장 서상준,외국인,1959-07,0
의사국장서상준,의사국장 서상준,외국인,1959-10,0
의사국장서상준,의사국장 서상준,외국인,1959-11,0
의사국장서상준,의사국장 서상준,외국인,1959-12,0
부의장조경규,부의장 조경규,외국인,1948-08,0
부의장조경규,부의장 조경규,외국인,1948-09,0
부의장조경규,부의장 조경규,외국인,1948-10,0
부의장조경규,부의장 조경규,외국인,1948-11,0
부의장조경규,부의장 조경규,외국인,1948-12,0
부의장조경규,부의장 조경규,외국인,1949-01,0
부의장조경규,부의장 조경규,외국인,1949-02,0
부의장조경규,부의장 조경규,외국인,1949-03,0
부의장조경규,부의장 조경규,외국인,1949-04,0
부의장조경규,부의장 조경규,외국인,1949-05,0
부의장조경규,부의장 조경규,외국인,1949-06,0
부의장조경규,부의장 조경규,외국인,1949-07,0
부의장조경규,부의장 조경규,외국인,1949-08,0
부의장조경규,부의장 조경규,외국인,1949-09,0
부의장조경규,부의장 조경규,외국인,1949-10,0
부의장조경규,부의장 조경규,외국인,1949-11,0
부의장조경규,부의장 조경규,외국인,1949-12,0
부의장조경규,부의장 조경규,외국인,1950-01,0
부의장조경규,부의장 조경규,외국인,1950-02,0
부의장조경규,부의장 조경규,외국인,1950-03,0
부의장조경규,부의장 조경규,외국인,1950-04,0
부의장조경규,부의장 조경규,외국인,1950-06,0
부의장조경규,부의장 조경규,외국인,1950-10,0
부의장조경규,부의장 조경규,외국인,1950-11,0
부의장조경규,부의장 조경규,외국인,1950-12,0
부의장조경규,부의장 조경규,외국인,1951-01,0
부의장조경규,부의장 조경규,외국인,1951-02,0
부의장조경규,부의장 조경규,외국인,1951-03,0
부의장조경규,부의장 조경규,외국인,1951-04,0
부의장조경규,부의장 조경규,외국인,1951-05,0
부의장조경규,부의장 조경규,외국인,1951-06,0
부의장조경규,부의장 조경규,외국인,1951-07,0
부의장조경규,부의장 조경규,외국인,1951-08,0
부의장조경규,부의장 조경규,외국인,1951-09,0
부의장조경규,부의장 조경규,외국인,1951-10,0
부의장조경규,부의장 조경규,외국인,1951-11,0
부의장조경규,부의장 조경규,외국인,1951-12,0
부의장조경규,부의장 조경규,외국인,1952-01,0
부의장조경규,부의장 조경규,외국인,1952-02,0
부의장조경규,부의장 조경규,외국인,1952-03,0
부의장조경규,부의장 조경규,외국인,1952-04,0
부의장조경규,부의장 조경규,외국인,1952-05,0
부의장조경규,부의장 조경규,외국인,1952-06,0
부의장조경규,부의장 조경규,외국인,1952-07,0
부의장조경규,부의장 조경규,외국인,1952-08,0
부의장조경규,부의장 조경규,외국인,1952-09,0
부의장조경규,부의장 조경규,외국인,1952-10,0
부의장조경규,부의장 조경규,외국인,1952-11,0
부의장조경규,부의장 조경규,외국인,1952-12,0
부의장조경규,부의장 조경규,외국인,1953-01,0
부의장조경규,부의장 조경규,외국인,1953-02,0
부의장조경규,부의장 조경규,외국인,1953-03,0
부의장조경규,부의장 조경규,외국인,1953-04,0
부의장조경규,부의장 조경규,외국인,1953-05,0
부의장조경규,부의장 조경규,외국인,1953-06,0
부의장조경규,부의장 조경규,외국인,1953-07,0
부의장조경규,부의장 조경규,외국인,1953-08,0
부의장조경규,부의장 조경규,외국인,1953-09,0
부의장조경규,부의장 조경규,외국인,1953-10,0
부의장조경규,부의장 조경규,외국인,1953-11,0
부의장조경규,부의장 조경규,외국인,1953-12,0
부의장조경규,부의장 조경규,외국인,1954-01,0
부의장조경규,부의장 조경규,외국인,1954-02,0
부의장조경규,부의장 조경규,외국인,1954-03,0
부의장조경규,부의장 조경규,외국인,1954-04,0
부의장조경규,부의장 조경규,외국인,1954-05,0
부의장조경규,부의장 조경규,외국인,1954-06,0
부의장조경규,부의장 조경규,외국인,1954-07,0
부의장조경규,부의장 조경규,외국인,1954-08,0
부의장조경규,부의장 조경규,외국인,1954-09,0
부의장조경규,부의장 조경규,외국인,1954-10,0
부의장조경규,부의장 조경규,외국인,1954-11,0
부의장조경규,부의장 조경규,외국인,1954-12,0
부의장조경규,부의장 조경규,외국인,1955-01,0
부의장조경규,부의장 조경규,외국인,1955-02,0
부의장조경규,부의장 조경규,외국인,1955-03,0
부의장조경규,부의장 조경규,외국인,1955-04,1
부의장조경규,부의장 조경규,외국인,1955-05,1
부의장조경규,부의장 조경규,외국인,1955-06,0
부의장조경규,부의장 조경규,외국인,1955-07,0
부의장조경규,부의장 조경규,외국인,1955-09,1
부의장조경규,부의장 조경규,외국인,1955-10,0
부의장조경규,부의장 조경규,외국인,1955-11,0
부의장조경규,부의장 조경규,외국인,1955-12,0
부의장조경규,부의장 조경규,외국인,1956-01,0
부의장조경규,부의장 조경규,외국인,1956-02,2
부의장조경규,부의장 조경규,외국인,1956-03,0
부의장조경규,부의장 조경규,외국인,1956-04,0
부의장조경규,부의장 조경규,외국인,1956-05,0
부의장조경규,부의장 조경규,외국인,1956-06,0
부의장조경규,부의장 조경규,외국인,1956-07,0
부의장조경규,부의장 조경규,외국인,1956-08,2
부의장조경규,부의장 조경규,외국인,1956-09,0
부의장조경규,부의장 조경규,외국인,1956-10,0
부의장조경규,부의장 조경규,외국인,1956-11,1
부의장조경규,부의장 조경규,외국인,1956-12,0
부의장조경규,부의장 조경규,외국인,1957-01,0
부의장조경규,부의장 조경규,외국인,1957-02,0
부의장조경규,부의장 조경규,외국인,1957-03,0
부의장조경규,부의장 조경규,외국인,1957-04,0
부의장조경규,부의장 조경규,외국인,1957-05,0
부의장조경규,부의장 조경규,외국인,1957-06,0
부의장조경규,부의장 조경규,외국인,1957-07,0
부의장조경규,부의장 조경규,외국인,1957-08,0
부의장조경규,부의장 조경규,외국인,1957-09,1
부의장조경규,부의장 조경규,외국인,1957-10,1
부의장조경규,부의장 조경규,외국인,1957-11,1
부의장조경규,부의장 조경규,외국인,1957-12,1
부의장조경규,부의장 조경규,외국인,1958-01,0
부의장조경규,부의장 조경규,외국인,1958-02,0
부의장조경규,부의장 조경규,외국인,1958-03,0
부의장조경규,부의장 조경규,외국인,1958-04,0
부의장조경규,부의장 조경규,외국인,1958-05,0
부의장조경규,부의장 조경규,외국인,1958-06,0
부의장조경규,부의장 조경규,외국인,1958-07,0
부의장조경규,부의장 조경규,외국인,1958-08,0
부의장조경규,부의장 조경규,외국인,1958-09,0
부의장조경규,부의장 조경규,외국인,1958-10,0
부의장조경규,부의장 조경규,외국인,1958-11,0
부의장조경규,부의장 조경규,외국인,1958-12,0
부의장조경규,부의장 조경규,외국인,1959-05,0
부의장조경규,부의장 조경규,외국인,1959-06,0
부의장조경규,부의장 조경규,외국인,1959-07,0
부의장조경규,부의장 조경규,외국인,1959-10,0
부의장조경규,부의장 조경규,외국인,1959-11,0
부의장조경규,부의장 조경규,외국인,1959-12,0
부의장조봉암,부의장 조봉암,외국인,1948-08,0
부의장조봉암,부의장 조봉암,외국인,1948-09,0
부의장조봉암,부의장 조봉암,외국인,1948-10,0
부의장조봉암,부의장 조봉암,외국인,1948-11,0
부의장조봉암,부의장 조봉암,외국인,1948-12,0
부의장조봉암,부의장 조봉암,외국인,1949-01,0
부의장조봉암,부의장 조봉암,외국인,1949-02,0
부의장조봉암,부의장 조봉암,외국인,1949-03,0
부의장조봉암,부의장 조봉암,외국인,1949-04,0
부의장조봉암,부의장 조봉암,외국인,1949-05,0
부의장조봉암,부의장 조봉암,외국인,1949-06,0
부의장조봉암,부의장 조봉암,외국인,1949-07,0
부의장조봉암,부의장 조봉암,외국인,1949-08,0
부의장조봉암,부의장 조봉암,외국인,1949-09,0
부의장조봉암,부의장 조봉암,외국인,1949-10,0
부의장조봉암,부의장 조봉암,외국인,1949-11,0
부의장조봉암,부의장 조봉암,외국인,1949-12,0
부의장조봉암,부의장 조봉암,외국인,1950-01,0
부의장조봉암,부의장 조봉암,외국인,1950-02,0
부의장조봉암,부의장 조봉암,외국인,1950-03,0
부의장조봉암,부의장 조봉암,외국인,1950-04,0
부의장조봉암,부의장 조봉암,외국인,1950-06,0
부의장조봉암,부의장 조봉암,외국인,1950-10,0
부의장조봉암,부의장 조봉암,외국인,1950-11,0
부의장조봉암,부의장 조봉암,외국인,1950-12,1
부의장조봉암,부의장 조봉암,외국인,1951-01,0
부의장조봉암,부의장 조봉암,외국인,1951-02,0
부의장조봉암,부의장 조봉암,외국인,1951-03,1
부의장조봉암,부의장 조봉암,외국인,1951-04,1
부의장조봉암,부의장 조봉암,외국인,1951-05,0
부의장조봉암,부의장 조봉암,외국인,1951-06,0
부의장조봉암,부의장 조봉암,외국인,1951-07,2
부의장조봉암,부의장 조봉암,외국인,1951-08,1
부의장조봉암,부의장 조봉암,외국인,1951-09,0
부의장조봉암,부의장 조봉암,외국인,1951-10,0
부의장조봉암,부의장 조봉암,외국인,1951-11,0
부의장조봉암,부의장 조봉암,외국인,1951-12,0
부의장조봉암,부의장 조봉암,외국인,1952-01,1
부의장조봉암,부의장 조봉암,외국인,1952-02,1
부의장조봉암,부의장 조봉암,외국인,1952-03,0
부의장조봉암,부의장 조봉암,외국인,1952-04,0
부의장조봉암,부의장 조봉암,외국인,1952-05,0
부의장조봉암,부의장 조봉암,외국인,1952-06,0
부의장조봉암,부의장 조봉암,외국인,1952-07,0
부의장조봉암,부의장 조봉암,외국인,1952-08,0
부의장조봉암,부의장 조봉암,외국인,1952-09,0
부의장조봉암,부의장 조봉암,외국인,1952-10,0
부의장조봉암,부의장 조봉암,외국인,1952-11,0
부의장조봉암,부의장 조봉암,외국인,1952-12,0
부의장조봉암,부의장 조봉암,외국인,1953-01,1
부의장조봉암,부의장 조봉암,외국인,1953-02,0
부의장조봉암,부의장 조봉암,외국인,1953-03,1
부의장조봉암,부의장 조봉암,외국인,1953-04,1
부의장조봉암,부의장 조봉암,외국인,1953-05,0
부의장조봉암,부의장 조봉암,외국인,1953-06,0
부의장조봉암,부의장 조봉암,외국인,1953-07,0
부의장조봉암,부의장 조봉암,외국인,1953-08,0
부의장조봉암,부의장 조봉암,외국인,1953-09,0
부의장조봉암,부의장 조봉암,외국인,1953-10,0
부의장조봉암,부의장 조봉암,외국인,1953-11,0
부의장조봉암,부의장 조봉암,외국인,1953-12,0
부의장조봉암,부의장 조봉암,외국인,1954-01,0
부의장조봉암,부의장 조봉암,외국인,1954-02,0
부의장조봉암,부의장 조봉암,외국인,1954-03,0
부의장조봉암,부의장 조봉암,외국인,1954-04,0
부의장조봉암,부의장 조봉암,외국인,1954-05,0
부의장조봉암,부의장 조봉암,외국인,1954-06,0
부의장조봉암,부의장 조봉암,외국인,1954-07,0
부의장조봉암,부의장 조봉암,외국인,1954-08,0
부의장조봉암,부의장 조봉암,외국인,1954-09,0
부의장조봉암,부의장 조봉암,외국인,1954-10,0
부의장조봉암,부의장 조봉암,외국인,1954-11,0
부의장조봉암,부의장 조봉암,외국인,1954-12,0
부의장조봉암,부의장 조봉암,외국인,1955-01,0
부의장조봉암,부의장 조봉암,외국인,1955-02,0
부의장조봉암,부의장 조봉암,외국인,1955-03,0
부의장조봉암,부의장 조봉암,외국인,1955-04,0
부의장조봉암,부의장 조봉암,외국인,1955-05,0
부의장조봉암,부의장 조봉암,외국인,1955-06,0
부의장조봉암,부의장 조봉암,외국인,1955-07,0
부의장조봉암,부의장 조봉암,외국인,1955-09,0
부의장조봉암,부의장 조봉암,외국인,1955-10,0
부의장조봉암,부의장 조봉암,외국인,1955-11,0
부의장조봉암,부의장 조봉암,외국인,1955-12,0
부의장조봉암,부의장 조봉암,외국인,1956-01,0
부의장조봉암,부의장 조봉암,외국인,1956-02,0
부의장조봉암,부의장 조봉암,외국인,1956-03,0
부의장조봉암,부의장 조봉암,외국인,1956-04,0
부의장조봉암,부의장 조봉암,외국인,1956-05,0
부의장조봉암,부의장 조봉암,외국인,1956-06,0
부의장조봉암,부의장 조봉암,외국인,1956-07,0
부의장조봉암,부의장 조봉암,외국인,1956-08,0
부의장조봉암,부의장 조봉암,외국인,1956-09,0
부의장조봉암,부의장 조봉암,외국인,1956-10,0
부의장조봉암,부의장 조봉암,외국인,1956-11,0
부의장조봉암,부의장 조봉암,외국인,1956-12,0
부의장조봉암,부의장 조봉암,외국인,1957-01,0
부의장조봉암,부의장 조봉암,외국인,1957-02,0
부의장조봉암,부의장 조봉암,외국인,1957-03,0
부의장조봉암,부의장 조봉암,외국인,1957-04,0
부의장조봉암,부의장 조봉암,외국인,1957-05,0
부의장조봉암,부의장 조봉암,외국인,1957-06,0
부의장조봉암,부의장 조봉암,외국인,1957-07,0
부의장조봉암,부의장 조봉암,외국인,1957-08,0
부의장조봉암,부의장 조봉암,외국인,1957-09,0
부의장조봉암,부의장 조봉암,외국인,1957-10,0
부의장조봉암,부의장 조봉암,외국인,1957-11,0
부의장조봉암,부의장 조봉암,외국인,1957-12,0
부의장조봉암,부의장 조봉암,외국인,1958-01,0
부의장조봉암,부의장 조봉암,외국인,1958-02,0
부의장조봉암,부의장 조봉암,외국인,1958-03,0
부의장조봉암,부의장 조봉암,외국인,1958-04,0
부의장조봉암,부의장 조봉암,외국인,1958-05,0
부의장조봉암,부의장 조봉암,외국인,1958-06,0
부의장조봉암,부의장 조봉암,외국인,1958-07,0
부의장조봉암,부의장 조봉암,외국인,1958-08,0
부의장조봉암,부의장 조봉암,외국인,1958-09,0
부의장조봉암,부의장 조봉암,외국인,1958-10,0
부의장조봉암,부의장 조봉암,외국인,1958-11,0
부의장조봉암,부의장 조봉암,외국인,1958-12,0
부의장조봉암,부의장 조봉암,외국인,1959-05,0
부의장조봉암,부의장 조봉암,외국인,1959-06,0
부의장조봉암,부의장 조봉암,외국인,1959-07,0
부의장조봉암,부의장 조봉암,외국인,1959-10,0
부의장조봉암,부의장 조봉암,외국인,1959-11,0
부의장조봉암,부의장 조봉암,외국인,1959-12,0
재무부장관김현철,재무부장관 김현철,외국인,1948-08,0
재무부장관김현철,재무부장관 김현철,외국인,1948-09,0
재무부장관김현철,재무부장관 김현철,외국인,1948-10,0
재무부장관김현철,재무부장관 김현철,외국인,1948-11,0
재무부장관김현철,재무부장관 김현철,외국인,1948-12,0
재무부장관김현철,재무부장관 김현철,외국인,1949-01,0
재무부장관김현철,재무부장관 김현철,외국인,1949-02,0
재무부장관김현철,재무부장관 김현철,외국인,1949-03,0
재무부장관김현철,재무부장관 김현철,외국인,1949-04,0
재무부장관김현철,재무부장관 김현철,외국인,1949-05,0
재무부장관김현철,재무부장관 김현철,외국인,1949-06,0
재무부장관김현철,재무부장관 김현철,외국인,1949-07,0
재무부장관김현철,재무부장관 김현철,외국인,1949-08,0
재무부장관김현철,재무부장관 김현철,외국인,1949-09,0
재무부장관김현철,재무부장관 김현철,외국인,1949-10,0
재무부장관김현철,재무부장관 김현철,외국인,1949-11,0
재무부장관김현철,재무부장관 김현철,외국인,1949-12,0
재무부장관김현철,재무부장관 김현철,외국인,1950-01,0
재무부장관김현철,재무부장관 김현철,외국인,1950-02,0
재무부장관김현철,재무부장관 김현철,외국인,1950-03,0
재무부장관김현철,재무부장관 김현철,외국인,1950-04,0
재무부장관김현철,재무부장관 김현철,외국인,1950-06,0
재무부장관김현철,재무부장관 김현철,외국인,1950-10,0
재무부장관김현철,재무부장관 김현철,외국인,1950-11,0
재무부장관김현철,재무부장관 김현철,외국인,1950-12,0
재무부장관김현철,재무부장관 김현철,외국인,1951-01,0
재무부장관김현철,재무부장관 김현철,외국인,1951-02,0
재무부장관김현철,재무부장관 김현철,외국인,1951-03,0
재무부장관김현철,재무부장관 김현철,외국인,1951-04,0
재무부장관김현철,재무부장관 김현철,외국인,1951-05,0
재무부장관김현철,재무부장관 김현철,외국인,1951-06,0
재무부장관김현철,재무부장관 김현철,외국인,1951-07,0
재무부장관김현철,재무부장관 김현철,외국인,1951-08,0
재무부장관김현철,재무부장관 김현철,외국인,1951-09,0
재무부장관김현철,재무부장관 김현철,외국인,1951-10,0
재무부장관김현철,재무부장관 김현철,외국인,1951-11,0
재무부장관김현철,재무부장관 김현철,외국인,1951-12,0
재무부장관김현철,재무부장관 김현철,외국인,1952-01,0
재무부장관김현철,재무부장관 김현철,외국인,1952-02,0
재무부장관김현철,재무부장관 김현철,외국인,1952-03,0
재무부장관김현철,재무부장관 김현철,외국인,1952-04,0
재무부장관김현철,재무부장관 김현철,외국인,1952-05,0
재무부장관김현철,재무부장관 김현철,외국인,1952-06,0
재무부장관김현철,재무부장관 김현철,외국인,1952-07,0
재무부장관김현철,재무부장관 김현철,외국인,1952-08,0
재무부장관김현철,재무부장관 김현철,외국인,1952-09,0
재무부장관김현철,재무부장관 김현철,외국인,1952-10,0
재무부장관김현철,재무부장관 김현철,외국인,1952-11,0
재무부장관김현철,재무부장관 김현철,외국인,1952-12,0
재무부장관김현철,재무부장관 김현철,외국인,1953-01,0
재무부장관김현철,재무부장관 김현철,외국인,1953-02,0
재무부장관김현철,재무부장관 김현철,외국인,1953-03,0
재무부장관김현철,재무부장관 김현철,외국인,1953-04,0
재무부장관김현철,재무부장관 김현철,외국인,1953-05,0
재무부장관김현철,재무부장관 김현철,외국인,1953-06,0
재무부장관김현철,재무부장관 김현철,외국인,1953-07,0
재무부장관김현철,재무부장관 김현철,외국인,1953-08,0
재무부장관김현철,재무부장관 김현철,외국인,1953-09,0
재무부장관김현철,재무부장관 김현철,외국인,1953-10,0
재무부장관김현철,재무부장관 김현철,외국인,1953-11,0
재무부장관김현철,재무부장관 김현철,외국인,1953-12,0
재무부장관김현철,재무부장관 김현철,외국인,1954-01,0
재무부장관김현철,재무부장관 김현철,외국인,1954-02,0
재무부장관김현철,재무부장관 김현철,외국인,1954-03,0
재무부장관김현철,재무부장관 김현철,외국인,1954-04,0
재무부장관김현철,재무부장관 김현철,외국인,1954-05,0
재무부장관김현철,재무부장관 김현철,외국인,1954-06,0
재무부장관김현철,재무부장관 김현철,외국인,1954-07,0
재무부장관김현철,재무부장관 김현철,외국인,1954-08,0
재무부장관김현철,재무부장관 김현철,외국인,1954-09,0
재무부장관김현철,재무부장관 김현철,외국인,1954-10,0
재무부장관김현철,재무부장관 김현철,외국인,1954-11,0
재무부장관김현철,재무부장관 김현철,외국인,1954-12,0
재무부장관김현철,재무부장관 김현철,외국인,1955-01,0
재무부장관김현철,재무부장관 김현철,외국인,1955-02,0
재무부장관김현철,재무부장관 김현철,외국인,1955-03,0
재무부장관김현철,재무부장관 김현철,외국인,1955-04,0
재무부장관김현철,재무부장관 김현철,외국인,1955-05,0
재무부장관김현철,재무부장관 김현철,외국인,1955-06,0
재무부장관김현철,재무부장관 김현철,외국인,1955-07,1
재무부장관김현철,재무부장관 김현철,외국인,1955-09,2
재무부장관김현철,재무부장관 김현철,외국인,1955-10,0
재무부장관김현철,재무부장관 김현철,외국인,1955-11,0
재무부장관김현철,재무부장관 김현철,외국인,1955-12,3
재무부장관김현철,재무부장관 김현철,외국인,1956-01,0
재무부장관김현철,재무부장관 김현철,외국인,1956-02,0
재무부장관김현철,재무부장관 김현철,외국인,1956-03,0
재무부장관김현철,재무부장관 김현철,외국인,1956-04,0
재무부장관김현철,재무부장관 김현철,외국인,1956-05,0
재무부장관김현철,재무부장관 김현철,외국인,1956-06,0
재무부장관김현철,재무부장관 김현철,외국인,1956-07,0
재무부장관김현철,재무부장관 김현철,외국인,1956-08,0
재무부장관김현철,재무부장관 김현철,외국인,1956-09,0
재무부장관김현철,재무부장관 김현철,외국인,1956-10,0
재무부장관김현철,재무부장관 김현철,외국인,1956-11,0
재무부장관김현철,재무부장관 김현철,외국인,1956-12,0
재무부장관김현철,재무부장관 김현철,외국인,1957-01,0
재무부장관김현철,재무부장관 김현철,외국인,1957-02,0
재무부장관김현철,재무부장관 김현철,외국인,1957-03,0
재무부장관김현철,재무부장관 김현철,외국인,1957-04,0
재무부장관김현철,재무부장관 김현철,외국인,1957-05,0
재무부장관김현철,재무부장관 김현철,외국인,1957-06,0
재무부장관김현철,재무부장관 김현철,외국인,1957-07,1
재무부장관김현철,재무부장관 김현철,외국인,1957-08,0
재무부장관김현철,재무부장관 김현철,외국인,1957-09,0
재무부장관김현철,재무부장관 김현철,외국인,1957-10,0
재무부장관김현철,재무부장관 김현철,외국인,1957-11,0
재무부장관김현철,재무부장관 김현철,외국인,1957-12,1
재무부장관김현철,재무부장관 김현철,외국인,1958-01,0
재무부장관김현철,재무부장관 김현철,외국인,1958-02,0
재무부장관김현철,재무부장관 김현철,외국인,1958-03,0
재무부장관김현철,재무부장관 김현철,외국인,1958-04,0
재무부장관김현철,재무부장관 김현철,외국인,1958-05,0
재무부장관김현철,재무부장관 김현철,외국인,1958-06,0
재무부장관김현철,재무부장관 김현철,외국인,1958-07,2
재무부장관김현철,재무부장관 김현철,외국인,1958-08,1
재무부장관김현철,재무부장관 김현철,외국인,1958-09,0
재무부장관김현철,재무부장관 김현철,외국인,1958-10,0
재무부장관김현철,재무부장관 김현철,외국인,1958-11,2
재무부장관김현철,재무부장관 김현철,외국인,1958-12,1
재무부장관김현철,재무부장관 김현철,외국인,1959-05,0
재무부장관김현철,재무부장관 김현철,외국인,1959-06,0
재무부장관김현철,재무부장관 김현철,외국인,1959-07,0
재무부장관김현철,재무부장관 김현철,외국인,1959-10,0
재무부장관김현철,재무부장관 김현철,외국인,1959-11,0
재무부장관김현철,재무부장관 김현철,외국인,1959-12,0
예산결산위원장이충환,예산결산위원장 이충환,외국인,1948-08,0
예산결산위원장이충환,예산결산위원장 이충환,외국인,1948-09,0
예산결산위원장이충환,예산결산위원장 이충환,외국인,1948-10,0
예산결산위원장이충환,예산결산위원장 이충환,외국인,1948-11,0
예산결산위원장이충환,예산결산위원장 이충환,외국인,1948-12,0
예산결산위원장이충환,예산결산위원장 이충환,외국인,1949-01,0
예산결산위원장이충환,예산결산위원장 이충환,외국인,1949-02,0
예산결산위원장이충환,예산결산위원장 이충환,외국인,1949-03,0
예산결산위원장이충환,예산결산위원장 이충환,외국인,1949-04,0
예산결산위원장이충환,예산결산위원장 이충환,외국인,1949-05,0
예산결산위원장이충환,예산결산위원장 이충환,외국인,1949-06,0
예산결산위원장이충환,예산결산위원장 이충환,외국인,1949-07,0
예산결산위원장이충환,예산결산위원장 이충환,외국인,1949-08,0
예산결산위원장이충환,예산결산위원장 이충환,외국인,1949-09,0
예산결산위원장이충환,예산결산위원장 이충환,외국인,1949-10,0
예산결산위원장이충환,예산결산위원장 이충환,외국인,1949-11,0
예산결산위원장이충환,예산결산위원장 이충환,외국인,1949-12,0
예산결산위원장이충환,예산결산위원장 이충환,외국인,1950-01,0
예산결산위원장이충환,예산결산위원장 이충환,외국인,1950-02,0
예산결산위원장이충환,예산결산위원장 이충환,외국인,1950-03,0
예산결산위원장이충환,예산결산위원장 이충환,외국인,1950-04,0
예산결산위원장이충환,예산결산위원장 이충환,외국인,1950-06,0
예산결산위원장이충환,예산결산위원장 이충환,외국인,1950-10,0
예산결산위원장이충환,예산결산위원장 이충환,외국인,1950-11,0
예산결산위원장이충환,예산결산위원장 이충환,외국인,1950-12,0
예산결산위원장이충환,예산결산위원장 이충환,외국인,1951-01,0
예산결산위원장이충환,예산결산위원장 이충환,외국인,1951-02,0
예산결산위원장이충환,예산결산위원장 이충환,외국인,1951-03,0
예산결산위원장이충환,예산결산위원장 이충환,외국인,1951-04,0
예산결산위원장이충환,예산결산위원장 이충환,외국인,1951-05,0
예산결산위원장이충환,예산결산위원장 이충환,외국인,1951-06,0
예산결산위원장이충환,예산결산위원장 이충환,외국인,1951-07,0
예산결산위원장이충환,예산결산위원장 이충환,외국인,1951-08,0
예산결산위원장이충환,예산결산위원장 이충환,외국인,1951-09,0
예산결산위원장이충환,예산결산위원장 이충환,외국인,1951-10,0
예산결산위원장이충환,예산결산위원장 이충환,외국인,1951-11,0
예산결산위원장이충환,예산결산위원장 이충환,외국인,1951-12,0
예산결산위원장이충환,예산결산위원장 이충환,외국인,1952-01,0
예산결산위원장이충환,예산결산위원장 이충환,외국인,1952-02,0
예산결산위원장이충환,예산결산위원장 이충환,외국인,1952-03,0
예산결산위원장이충환,예산결산위원장 이충환,외국인,1952-04,0
예산결산위원장이충환,예산결산위원장 이충환,외국인,1952-05,0
예산결산위원장이충환,예산결산위원장 이충환,외국인,1952-06,0
예산결산위원장이충환,예산결산위원장 이충환,외국인,1952-07,0
예산결산위원장이충환,예산결산위원장 이충환,외국인,1952-08,0
예산결산위원장이충환,예산결산위원장 이충환,외국인,1952-09,0
예산결산위원장이충환,예산결산위원장 이충환,외국인,1952-10,0
예산결산위원장이충환,예산결산위원장 이충환,외국인,1952-11,0
예산결산위원장이충환,예산결산위원장 이충환,외국인,1952-12,0
예산결산위원장이충환,예산결산위원장 이충환,외국인,1953-01,0
예산결산위원장이충환,예산결산위원장 이충환,외국인,1953-02,0
예산결산위원장이충환,예산결산위원장 이충환,외국인,1953-03,0
예산결산위원장이충환,예산결산위원장 이충환,외국인,1953-04,0
예산결산위원장이충환,예산결산위원장 이충환,외국인,1953-05,0
예산결산위원장이충환,예산결산위원장 이충환,외국인,1953-06,0
예산결산위원장이충환,예산결산위원장 이충환,외국인,1953-07,0
예산결산위원장이충환,예산결산위원장 이충환,외국인,1953-08,0
예산결산위원장이충환,예산결산위원장 이충환,외국인,1953-09,0
예산결산위원장이충환,예산결산위원장 이충환,외국인,1953-10,0
예산결산위원장이충환,예산결산위원장 이충환,외국인,1953-11,0
예산결산위원장이충환,예산결산위원장 이충환,외국인,1953-12,0
예산결산위원장이충환,예산결산위원장 이충환,외국인,1954-01,0
예산결산위원장이충환,예산결산위원장 이충환,외국인,1954-02,0
예산결산위원장이충환,예산결산위원장 이충환,외국인,1954-03,0
예산결산위원장이충환,예산결산위원장 이충환,외국인,1954-04,0
예산결산위원장이충환,예산결산위원장 이충환,외국인,1954-05,0
예산결산위원장이충환,예산결산위원장 이충환,외국인,1954-06,0
예산결산위원장이충환,예산결산위원장 이충환,외국인,1954-07,0
예산결산위원장이충환,예산결산위원장 이충환,외국인,1954-08,0
예산결산위원장이충환,예산결산위원장 이충환,외국인,1954-09,0
예산결산위원장이충환,예산결산위원장 이충환,외국인,1954-10,0
예산결산위원장이충환,예산결산위원장 이충환,외국인,1954-11,0
예산결산위원장이충환,예산결산위원장 이충환,외국인,1954-12,1
예산결산위원장이충환,예산결산위원장 이충환,외국인,1955-01,0
예산결산위원장이충환,예산결산위원장 이충환,외국인,1955-02,0
예산결산위원장이충환,예산결산위원장 이충환,외국인,1955-03,0
예산결산위원장이충환,예산결산위원장 이충환,외국인,1955-04,0
예산결산위원장이충환,예산결산위원장 이충환,외국인,1955-05,0
예산결산위원장이충환,예산결산위원장 이충환,외국인,1955-06,0
예산결산위원장이충환,예산결산위원장 이충환,외국인,1955-07,1
예산결산위원장이충환,예산결산위원장 이충환,외국인,1955-09,0
예산결산위원장이충환,예산결산위원장 이충환,외국인,1955-10,0
예산결산위원장이충환,예산결산위원장 이충환,외국인,1955-11,0
예산결산위원장이충환,예산결산위원장 이충환,외국인,1955-12,1
예산결산위원장이충환,예산결산위원장 이충환,외국인,1956-01,0
예산결산위원장이충환,예산결산위원장 이충환,외국인,1956-02,0
예산결산위원장이충환,예산결산위원장 이충환,외국인,1956-03,0
예산결산위원장이충환,예산결산위원장 이충환,외국인,1956-04,0
예산결산위원장이충환,예산결산위원장 이충환,외국인,1956-05,0
예산결산위원장이충환,예산결산위원장 이충환,외국인,1956-06,0
예산결산위원장이충환,예산결산위원장 이충환,외국인,1956-07,0
예산결산위원장이충환,예산결산위원장 이충환,외국인,1956-08,0
예산결산위원장이충환,예산결산위원장 이충환,외국인,1956-09,0
예산결산위원장이충환,예산결산위원장 이충환,외국인,1956-10,0
예산결산위원장이충환,예산결산위원장 이충환,외국인,1956-11,0
예산결산위원장이충환,예산결산위원장 이충환,외국인,1956-12,0
예산결산위원장이충환,예산결산위원장 이충환,외국인,1957-01,0
예산결산위원장이충환,예산결산위원장 이충환,외국인,1957-02,0
예산결산위원장이충환,예산결산위원장 이충환,외국인,1957-03,0
예산결산위원장이충환,예산결산위원장 이충환,외국인,1957-04,0
예산결산위원장이충환,예산결산위원장 이충환,외국인,1957-05,0
예산결산위원장이충환,예산결산위원장 이충환,외국인,1957-06,0
예산결산위원장이충환,예산결산위원장 이충환,외국인,1957-07,0
예산결산위원장이충환,예산결산위원장 이충환,외국인,1957-08,0
예산결산위원장이충환,예산결산위원장 이충환,외국인,1957-09,0
예산결산위원장이충환,예산결산위원장 이충환,외국인,1957-10,0
예산결산위원장이충환,예산결산위원장 이충환,외국인,1957-11,0
예산결산위원장이충환,예산결산위원장 이충환,외국인,1957-12,0
예산결산위원장이충환,예산결산위원장 이충환,외국인,1958-01,0
예산결산위원장이충환,예산결산위원장 이충환,외국인,1958-02,0
예산결산위원장이충환,예산결산위원장 이충환,외국인,1958-03,0
예산결산위원장이충환,예산결산위원장 이충환,외국인,1958-04,0
예산결산위원장이충환,예산결산위원장 이충환,외국인,1958-05,0
예산결산위원장이충환,예산결산위원장 이충환,외국인,1958-06,0
예산결산위원장이충환,예산결산위원장 이충환,외국인,1958-07,0
예산결산위원장이충환,예산결산위원장 이충환,외국인,1958-08,0
예산결산위원장이충환,예산결산위원장 이충환,외국인,1958-09,0
예산결산위원장이충환,예산결산위원장 이충환,외국인,1958-10,0
예산결산위원장이충환,예산결산위원장 이충환,외국인,1958-11,0
예산결산위원장이충환,예산결산위원장 이충환,외국인,1958-12,0
예산결산위원장이충환,예산결산위원장 이충환,외국인,1959-05,0
예산결산위원장이충환,예산결산위원장 이충환,외국인,1959-06,0
예산결산위원장이충환,예산결산위원장 이충환,외국인,1959-07,0
예산결산위원장이충환,예산결산위원장 이충환,외국인,1959-10,0
예산결산위원장이충환,예산결산위원장 이충환,외국인,1959-11,0
예산결산위원장이충환,예산결산위원장 이충환,외국인,1959-12,0
송방용위원,송방용 위원,외국인,1948-08,0
송방용위원,송방용 위원,외국인,1948-09,0
송방용위원,송방용 위원,외국인,1948-10,0
송방용위원,송방용 위원,외국인,1948-11,0
송방용위원,송방용 위원,외국인,1948-12,0
송방용위원,송방용 위원,외국인,1949-01,0
송방용위원,송방용 위원,외국인,1949-02,0
송방용위원,송방용 위원,외국인,1949-03,0
송방용위원,송방용 위원,외국인,1949-04,0
송방용위원,송방용 위원,외국인,1949-05,0
송방용위원,송방용 위원,외국인,1949-06,0
송방용위원,송방용 위원,외국인,1949-07,0
송방용위원,송방용 위원,외국인,1949-08,0
송방용위원,송방용 위원,외국인,1949-09,0
송방용위원,송방용 위원,외국인,1949-10,0
송방용위원,송방용 위원,외국인,1949-11,0
송방용위원,송방용 위원,외국인,1949-12,0
송방용위원,송방용 위원,외국인,1950-01,0
송방용위원,송방용 위원,외국인,1950-02,0
송방용위원,송방용 위원,외국인,1950-03,0
송방용위원,송방용 위원,외국인,1950-04,0
송방용위원,송방용 위원,외국인,1950-06,0
송방용위원,송방용 위원,외국인,1950-10,0
송방용위원,송방용 위원,외국인,1950-11,0
송방용위원,송방용 위원,외국인,1950-12,0
송방용위원,송방용 위원,외국인,1951-01,0
송방용위원,송방용 위원,외국인,1951-02,0
송방용위원,송방용 위원,외국인,1951-03,0
송방용위원,송방용 위원,외국인,1951-04,0
송방용위원,송방용 위원,외국인,1951-05,0
송방용위원,송방용 위원,외국인,1951-06,0
송방용위원,송방용 위원,외국인,1951-07,0
송방용위원,송방용 위원,외국인,1951-08,0
송방용위원,송방용 위원,외국인,1951-09,0
송방용위원,송방용 위원,외국인,1951-10,0
송방용위원,송방용 위원,외국인,1951-11,0
송방용위원,송방용 위원,외국인,1951-12,0
송방용위원,송방용 위원,외국인,1952-01,0
송방용위원,송방용 위원,외국인,1952-02,0
송방용위원,송방용 위원,외국인,1952-03,0
송방용위원,송방용 위원,외국인,1952-04,0
송방용위원,송방용 위원,외국인,1952-05,0
송방용위원,송방용 위원,외국인,1952-06,0
송방용위원,송방용 위원,외국인,1952-07,0
송방용위원,송방용 위원,외국인,1952-08,0
송방용위원,송방용 위원,외국인,1952-09,0
송방용위원,송방용 위원,외국인,1952-10,0
송방용위원,송방용 위원,외국인,1952-11,0
송방용위원,송방용 위원,외국인,1952-12,0
송방용위원,송방용 위원,외국인,1953-01,0
송방용위원,송방용 위원,외국인,1953-02,0
송방용위원,송방용 위원,외국인,1953-03,0
송방용위원,송방용 위원,외국인,1953-04,0
송방용위원,송방용 위원,외국인,1953-05,0
송방용위원,송방용 위원,외국인,1953-06,0
송방용위원,송방용 위원,외국인,1953-07,0
송방용위원,송방용 위원,외국인,1953-08,0
송방용위원,송방용 위원,외국인,1953-09,0
송방용위원,송방용 위원,외국인,1953-10,0
송방용위원,송방용 위원,외국인,1953-11,0
송방용위원,송방용 위원,외국인,1953-12,0
송방용위원,송방용 위원,외국인,1954-01,0
송방용위원,송방용 위원,외국인,1954-02,0
송방용위원,송방용 위원,외국인,1954-03,0
송방용위원,송방용 위원,외국인,1954-04,0
송방용위원,송방용 위원,외국인,1954-05,0
송방용위원,송방용 위원,외국인,1954-06,0
송방용위원,송방용 위원,외국인,1954-07,0
송방용위원,송방용 위원,외국인,1954-08,0
송방용위원,송방용 위원,외국인,1954-09,0
송방용위원,송방용 위원,외국인,1954-10,2
송방용위원,송방용 위원,외국인,1954-11,0
송방용위원,송방용 위원,외국인,1954-12,0
송방용위원,송방용 위원,외국인,1955-01,0
송방용위원,송방용 위원,외국인,1955-02,0
송방용위원,송방용 위원,외국인,1955-03,0
송방용위원,송방용 위원,외국인,1955-04,0
송방용위원,송방용 위원,외국인,1955-05,2
송방용위원,송방용 위원,외국인,1955-06,1
송방용위원,송방용 위원,외국인,1955-07,2
송방용위원,송방용 위원,외국인,1955-09,0
송방용위원,송방용 위원,외국인,1955-10,0
송방용위원,송방용 위원,외국인,1955-11,0
송방용위원,송방용 위원,외국인,1955-12,0
송방용위원,송방용 위원,외국인,1956-01,1
송방용위원,송방용 위원,외국인,1956-02,1
송방용위원,송방용 위원,외국인,1956-03,0
송방용위원,송방용 위원,외국인,1956-04,0
송방용위원,송방용 위원,외국인,1956-05,0
송방용위원,송방용 위원,외국인,1956-06,0
송방용위원,송방용 위원,외국인,1956-07,0
송방용위원,송방용 위원,외국인,1956-08,0
송방용위원,송방용 위원,외국인,1956-09,0
송방용위원,송방용 위원,외국인,1956-10,0
송방용위원,송방용 위원,외국인,1956-11,0
송방용위원,송방용 위원,외국인,1956-12,2
송방용위원,송방용 위원,외국인,1957-01,0
송방용위원,송방용 위원,외국인,1957-02,0
송방용위원,송방용 위원,외국인,1957-03,0
송방용위원,송방용 위원,외국인,1957-04,0
송방용위원,송방용 위원,외국인,1957-05,0
송방용위원,송방용 위원,외국인,1957-06,0
송방용위원,송방용 위원,외국인,1957-07,0
송방용위원,송방용 위원,외국인,1957-08,0
송방용위원,송방용 위원,외국인,1957-09,0
송방용위원,송방용 위원,외국인,1957-10,0
송방용위원,송방용 위원,외국인,1957-11,0
송방용위원,송방용 위원,외국인,1957-12,0
송방용위원,송방용 위원,외국인,1958-01,0
송방용위원,송방용 위원,외국인,1958-02,0
송방용위원,송방용 위원,외국인,1958-03,0
송방용위원,송방용 위원,외국인,1958-04,0
송방용위원,송방용 위원,외국인,1958-05,0
송방용위원,송방용 위원,외국인,1958-06,0
송방용위원,송방용 위원,외국인,1958-07,0
송방용위원,송방용 위원,외국인,1958-08,0
송방용위원,송방용 위원,외국인,1958-09,0
송방용위원,송방용 위원,외국인,1958-10,0
송방용위원,송방용 위원,외국인,1958-11,0
송방용위원,송방용 위원,외국인,1958-12,0
송방용위원,송방용 위원,외국인,1959-05,0
송방용위원,송방용 위원,외국인,1959-06,0
송방용위원,송방용 위원,외국인,1959-07,0
송방용위원,송방용 위원,외국인,1959-10,0
송방용위원,송방용 위원,외국인,1959-11,0
송방용위원,송방용 위원,외국인,1959-12,0
재정경제위원장이재형,재정경제위원장 이재형,외국인,1948-08,0
재정경제위원장이재형,재정경제위원장 이재형,외국인,1948-09,0
재정경제위원장이재형,재정경제위원장 이재형,외국인,1948-10,0
재정경제위원장이재형,재정경제위원장 이재형,외국인,1948-11,0
재정경제위원장이재형,재정경제위원장 이재형,외국인,1948-12,0
재정경제위원장이재형,재정경제위원장 이재형,외국인,1949-01,0
재정경제위원장이재형,재정경제위원장 이재형,외국인,1949-02,0
재정경제위원장이재형,재정경제위원장 이재형,외국인,1949-03,0
재정경제위원장이재형,재정경제위원장 이재형,외국인,1949-04,0
재정경제위원장이재형,재정경제위원장 이재형,외국인,1949-05,0
재정경제위원장이재형,재정경제위원장 이재형,외국인,1949-06,0
재정경제위원장이재형,재정경제위원장 이재형,외국인,1949-07,0
재정경제위원장이재형,재정경제위원장 이재형,외국인,1949-08,0
재정경제위원장이재형,재정경제위원장 이재형,외국인,1949-09,0
재정경제위원장이재형,재정경제위원장 이재형,외국인,1949-10,0
재정경제위원장이재형,재정경제위원장 이재형,외국인,1949-11,0
재정경제위원장이재형,재정경제위원장 이재형,외국인,1949-12,0
재정경제위원장이재형,재정경제위원장 이재형,외국인,1950-01,0
재정경제위원장이재형,재정경제위원장 이재형,외국인,1950-02,0
재정경제위원장이재형,재정경제위원장 이재형,외국인,1950-03,0
재정경제위원장이재형,재정경제위원장 이재형,외국인,1950-04,0
재정경제위원장이재형,재정경제위원장 이재형,외국인,1950-06,0
재정경제위원장이재형,재정경제위원장 이재형,외국인,1950-10,0
재정경제위원장이재형,재정경제위원장 이재형,외국인,1950-11,0
재정경제위원장이재형,재정경제위원장 이재형,외국인,1950-12,0
재정경제위원장이재형,재정경제위원장 이재형,외국인,1951-01,0
재정경제위원장이재형,재정경제위원장 이재형,외국인,1951-02,0
재정경제위원장이재형,재정경제위원장 이재형,외국인,1951-03,0
재정경제위원장이재형,재정경제위원장 이재형,외국인,1951-04,0
재정경제위원장이재형,재정경제위원장 이재형,외국인,1951-05,0
재정경제위원장이재형,재정경제위원장 이재형,외국인,1951-06,0
재정경제위원장이재형,재정경제위원장 이재형,외국인,1951-07,0
재정경제위원장이재형,재정경제위원장 이재형,외국인,1951-08,0
재정경제위원장이재형,재정경제위원장 이재형,외국인,1951-09,0
재정경제위원장이재형,재정경제위원장 이재형,외국인,1951-10,0
재정경제위원장이재형,재정경제위원장 이재형,외국인,1951-11,0
재정경제위원장이재형,재정경제위원장 이재형,외국인,1951-12,1
재정경제위원장이재형,재정경제위원장 이재형,외국인,1952-01,0
재정경제위원장이재형,재정경제위원장 이재형,외국인,1952-02,0
재정경제위원장이재형,재정경제위원장 이재형,외국인,1952-03,0
재정경제위원장이재형,재정경제위원장 이재형,외국인,1952-04,0
재정경제위원장이재형,재정경제위원장 이재형,외국인,1952-05,1
재정경제위원장이재형,재정경제위원장 이재형,외국인,1952-06,0
재정경제위원장이재형,재정경제위원장 이재형,외국인,1952-07,0
재정경제위원장이재형,재정경제위원장 이재형,외국인,1952-08,0
재정경제위원장이재형,재정경제위원장 이재형,외국인,1952-09,0
재정경제위원장이재형,재정경제위원장 이재형,외국인,1952-10,0
재정경제위원장이재형,재정경제위원장 이재형,외국인,1952-11,0
재정경제위원장이재형,재정경제위원장 이재형,외국인,1952-12,0
재정경제위원장이재형,재정경제위원장 이재형,외국인,1953-01,0
재정경제위원장이재형,재정경제위원장 이재형,외국인,1953-02,0
재정경제위원장이재형,재정경제위원장 이재형,외국인,1953-03,0
재정경제위원장이재형,재정경제위원장 이재형,외국인,1953-04,0
재정경제위원장이재형,재정경제위원장 이재형,외국인,1953-05,0
재정경제위원장이재형,재정경제위원장 이재형,외국인,1953-06,0
재정경제위원장이재형,재정경제위원장 이재형,외국인,1953-07,0
재정경제위원장이재형,재정경제위원장 이재형,외국인,1953-08,0
재정경제위원장이재형,재정경제위원장 이재형,외국인,1953-09,0
재정경제위원장이재형,재정경제위원장 이재형,외국인,1953-10,0
재정경제위원장이재형,재정경제위원장 이재형,외국인,1953-11,0
재정경제위원장이재형,재정경제위원장 이재형,외국인,1953-12,0
재정경제위원장이재형,재정경제위원장 이재형,외국인,1954-01,0
재정경제위원장이재형,재정경제위원장 이재형,외국인,1954-02,0
재정경제위원장이재형,재정경제위원장 이재형,외국인,1954-03,0
재정경제위원장이재형,재정경제위원장 이재형,외국인,1954-04,0
재정경제위원장이재형,재정경제위원장 이재형,외국인,1954-05,0
재정경제위원장이재형,재정경제위원장 이재형,외국인,1954-06,0
재정경제위원장이재형,재정경제위원장 이재형,외국인,1954-07,0
재정경제위원장이재형,재정경제위원장 이재형,외국인,1954-08,0
재정경제위원장이재형,재정경제위원장 이재형,외국인,1954-09,0
재정경제위원장이재형,재정경제위원장 이재형,외국인,1954-10,0
재정경제위원장이재형,재정경제위원장 이재형,외국인,1954-11,0
재정경제위원장이재형,재정경제위원장 이재형,외국인,1954-12,0
재정경제위원장이재형,재정경제위원장 이재형,외국인,1955-01,0
재정경제위원장이재형,재정경제위원장 이재형,외국인,1955-02,0
재정경제위원장이재형,재정경제위원장 이재형,외국인,1955-03,0
재정경제위원장이재형,재정경제위원장 이재형,외국인,1955-04,0
재정경제위원장이재형,재정경제위원장 이재형,외국인,1955-05,0
재정경제위원장이재형,재정경제위원장 이재형,외국인,1955-06,0
재정경제위원장이재형,재정경제위원장 이재형,외국인,1955-07,0
재정경제위원장이재형,재정경제위원장 이재형,외국인,1955-09,0
재정경제위원장이재형,재정경제위원장 이재형,외국인,1955-10,0
재정경제위원장이재형,재정경제위원장 이재형,외국인,1955-11,0
재정경제위원장이재형,재정경제위원장 이재형,외국인,1955-12,0
재정경제위원장이재형,재정경제위원장 이재형,외국인,1956-01,0
재정경제위원장이재형,재정경제위원장 이재형,외국인,1956-02,0
재정경제위원장이재형,재정경제위원장 이재형,외국인,1956-03,0
재정경제위원장이재형,재정경제위원장 이재형,외국인,1956-04,0
재정경제위원장이재형,재정경제위원장 이재형,외국인,1956-05,0
재정경제위원장이재형,재정경제위원장 이재형,외국인,1956-06,0
재정경제위원장이재형,재정경제위원장 이재형,외국인,1956-07,0
재정경제위원장이재형,재정경제위원장 이재형,외국인,1956-08,0
재정경제위원장이재형,재정경제위원장 이재형,외국인,1956-09,0
재정경제위원장이재형,재정경제위원장 이재형,외국인,1956-10,0
재정경제위원장이재형,재정경제위원장 이재형,외국인,1956-11,0
재정경제위원장이재형,재정경제위원장 이재형,외국인,1956-12,0
재정경제위원장이재형,재정경제위원장 이재형,외국인,1957-01,0
재정경제위원장이재형,재정경제위원장 이재형,외국인,1957-02,0
재정경제위원장이재형,재정경제위원장 이재형,외국인,1957-03,0
재정경제위원장이재형,재정경제위원장 이재형,외국인,1957-04,0
재정경제위원장이재형,재정경제위원장 이재형,외국인,1957-05,0
재정경제위원장이재형,재정경제위원장 이재형,외국인,1957-06,0
재정경제위원장이재형,재정경제위원장 이재형,외국인,1957-07,0
재정경제위원장이재형,재정경제위원장 이재형,외국인,1957-08,0
재정경제위원장이재형,재정경제위원장 이재형,외국인,1957-09,0
재정경제위원장이재형,재정경제위원장 이재형,외국인,1957-10,0
재정경제위원장이재형,재정경제위원장 이재형,외국인,1957-11,0
재정경제위원장이재형,재정경제위원장 이재형,외국인,1957-12,0
재정경제위원장이재형,재정경제위원장 이재형,외국인,1958-01,0
재정경제위원장이재형,재정경제위원장 이재형,외국인,1958-02,0
재정경제위원장이재형,재정경제위원장 이재형,외국인,1958-03,0
재정경제위원장이재형,재정경제위원장 이재형,외국인,1958-04,0
재정경제위원장이재형,재정경제위원장 이재형,외국인,1958-05,0
재정경제위원장이재형,재정경제위원장 이재형,외국인,1958-06,0
재정경제위원장이재형,재정경제위원장 이재형,외국인,1958-07,0
재정경제위원장이재형,재정경제위원장 이재형,외국인,1958-08,0
재정경제위원장이재형,재정경제위원장 이재형,외국인,1958-09,0
재정경제위원장이재형,재정경제위원장 이재형,외국인,1958-10,0
재정경제위원장이재형,재정경제위원장 이재형,외국인,1958-11,0
재정경제위원장이재형,재정경제위원장 이재형,외국인,1958-12,0
재정경제위원장이재형,재정경제위원장 이재형,외국인,1959-05,0
재정경제위원장이재형,재정경제위원장 이재형,외국인,1959-06,0
재정경제위원장이재형,재정경제위원장 이재형,외국인,1959-07,0
재정경제위원장이재형,재정경제위원장 이재형,외국인,1959-10,0
재정경제위원장이재형,재정경제위원장 이재형,외국인,1959-11,0
재정경제위원장이재형,재정경제위원장 이재형,외국인,1959-12,0
유옥우위원,유옥우 위원,외국인,1948-08,0
유옥우위원,유옥우 위원,외국인,1948-09,0
유옥우위원,유옥우 위원,외국인,1948-10,0
유옥우위원,유옥우 위원,외국인,1948-11,0
유옥우위원,유옥우 위원,외국인,1948-12,0
유옥우위원,유옥우 위원,외국인,1949-01,0
유옥우위원,유옥우 위원,외국인,1949-02,0
유옥우위원,유옥우 위원,외국인,1949-03,0
유옥우위원,유옥우 위원,외국인,1949-04,0
유옥우위원,유옥우 위원,외국인,1949-05,0
유옥우위원,유옥우 위원,외국인,1949-06,0
유옥우위원,유옥우 위원,외국인,1949-07,0
유옥우위원,유옥우 위원,외국인,1949-08,0
유옥우위원,유옥우 위원,외국인,1949-09,0
유옥우위원,유옥우 위원,외국인,1949-10,0
유옥우위원,유옥우 위원,외국인,1949-11,0
유옥우위원,유옥우 위원,외국인,1949-12,0
유옥우위원,유옥우 위원,외국인,1950-01,0
유옥우위원,유옥우 위원,외국인,1950-02,0
유옥우위원,유옥우 위원,외국인,1950-03,0
유옥우위원,유옥우 위원,외국인,1950-04,0
유옥우위원,유옥우 위원,외국인,1950-06,0
유옥우위원,유옥우 위원,외국인,1950-10,0
유옥우위원,유옥우 위원,외국인,1950-11,0
유옥우위원,유옥우 위원,외국인,1950-12,0
유옥우위원,유옥우 위원,외국인,1951-01,0
유옥우위원,유옥우 위원,외국인,1951-02,0
유옥우위원,유옥우 위원,외국인,1951-03,0
유옥우위원,유옥우 위원,외국인,1951-04,0
유옥우위원,유옥우 위원,외국인,1951-05,0
유옥우위원,유옥우 위원,외국인,1951-06,0
유옥우위원,유옥우 위원,외국인,1951-07,0
유옥우위원,유옥우 위원,외국인,1951-08,0
유옥우위원,유옥우 위원,외국인,1951-09,0
유옥우위원,유옥우 위원,외국인,1951-10,0
유옥우위원,유옥우 위원,외국인,1951-11,0
유옥우위원,유옥우 위원,외국인,1951-12,0
유옥우위원,유옥우 위원,외국인,1952-01,0
유옥우위원,유옥우 위원,외국인,1952-02,0
유옥우위원,유옥우 위원,외국인,1952-03,0
유옥우위원,유옥우 위원,외국인,1952-04,0
유옥우위원,유옥우 위원,외국인,1952-05,0
유옥우위원,유옥우 위원,외국인,1952-06,0
유옥우위원,유옥우 위원,외국인,1952-07,0
유옥우위원,유옥우 위원,외국인,1952-08,0
유옥우위원,유옥우 위원,외국인,1952-09,0
유옥우위원,유옥우 위원,외국인,1952-10,0
유옥우위원,유옥우 위원,외국인,1952-11,0
유옥우위원,유옥우 위원,외국인,1952-12,0
유옥우위원,유옥우 위원,외국인,1953-01,0
유옥우위원,유옥우 위원,외국인,1953-02,0
유옥우위원,유옥우 위원,외국인,1953-03,0
유옥우위원,유옥우 위원,외국인,1953-04,0
유옥우위원,유옥우 위원,외국인,1953-05,0
유옥우위원,유옥우 위원,외국인,1953-06,0
유옥우위원,유옥우 위원,외국인,1953-07,0
유옥우위원,유옥우 위원,외국인,1953-08,0
유옥우위원,유옥우 위원,외국인,1953-09,0
유옥우위원,유옥우 위원,외국인,1953-10,0
유옥우위원,유옥우 위원,외국인,1953-11,0
유옥우위원,유옥우 위원,외국인,1953-12,0
유옥우위원,유옥우 위원,외국인,1954-01,0
유옥우위원,유옥우 위원,외국인,1954-02,0
유옥우위원,유옥우 위원,외국인,1954-03,0
유옥우위원,유옥우 위원,외국인,1954-04,0
유옥우위원,유옥우 위원,외국인,1954-05,0
유옥우위원,유옥우 위원,외국인,1954-06,0
유옥우위원,유옥우 위원,외국인,1954-07,0
유옥우위원,유옥우 위원,외국인,1954-08,0
유옥우위원,유옥우 위원,외국인,1954-09,0
유옥우위원,유옥우 위원,외국인,1954-10,0
유옥우위원,유옥우 위원,외국인,1954-11,0
유옥우위원,유옥우 위원,외국인,1954-12,0
유옥우위원,유옥우 위원,외국인,1955-01,0
유옥우위원,유옥우 위원,외국인,1955-02,0
유옥우위원,유옥우 위원,외국인,1955-03,0
유옥우위원,유옥우 위원,외국인,1955-04,0
유옥우위원,유옥우 위원,외국인,1955-05,1
유옥우위원,유옥우 위원,외국인,1955-06,0
유옥우위원,유옥우 위원,외국인,1955-07,0
유옥우위원,유옥우 위원,외국인,1955-09,0
유옥우위원,유옥우 위원,외국인,1955-10,0
유옥우위원,유옥우 위원,외국인,1955-11,0
유옥우위원,유옥우 위원,외국인,1955-12,0
유옥우위원,유옥우 위원,외국인,1956-01,0
유옥우위원,유옥우 위원,외국인,1956-02,0
유옥우위원,유옥우 위원,외국인,1956-03,0
유옥우위원,유옥우 위원,외국인,1956-04,0
유옥우위원,유옥우 위원,외국인,1956-05,0
유옥우위원,유옥우 위원,외국인,1956-06,0
유옥우위원,유옥우 위원,외국인,1956-07,0
유옥우위원,유옥우 위원,외국인,1956-08,0
유옥우위원,유옥우 위원,외국인,1956-09,0
유옥우위원,유옥우 위원,외국인,1956-10,0
유옥우위원,유옥우 위원,외국인,1956-11,0
유옥우위원,유옥우 위원,외국인,1956-12,1
유옥우위원,유옥우 위원,외국인,1957-01,0
유옥우위원,유옥우 위원,외국인,1957-02,0
유옥우위원,유옥우 위원,외국인,1957-03,0
유옥우위원,유옥우 위원,외국인,1957-04,0
유옥우위원,유옥우 위원,외국인,1957-05,0
유옥우위원,유옥우 위원,외국인,1957-06,0
유옥우위원,유옥우 위원,외국인,1957-07,0
유옥우위원,유옥우 위원,외국인,1957-08,0
유옥우위원,유옥우 위원,외국인,1957-09,0
유옥우위원,유옥우 위원,외국인,1957-10,1
유옥우위원,유옥우 위원,외국인,1957-11,0
유옥우위원,유옥우 위원,외국인,1957-12,0
유옥우위원,유옥우 위원,외국인,1958-01,0
유옥우위원,유옥우 위원,외국인,1958-02,0
유옥우위원,유옥우 위원,외국인,1958-03,0
유옥우위원,유옥우 위원,외국인,1958-04,0
유옥우위원,유옥우 위원,외국인,1958-05,0
유옥우위원,유옥우 위원,외국인,1958-06,0
유옥우위원,유옥우 위원,외국인,1958-07,0
유옥우위원,유옥우 위원,외국인,1958-08,0
유옥우위원,유옥우 위원,외국인,1958-09,0
유옥우위원,유옥우 위원,외국인,1958-10,0
유옥우위원,유옥우 위원,외국인,1958-11,0
유옥우위원,유옥우 위원,외국인,1958-12,0
유옥우위원,유옥우 위원,외국인,1959-05,1
유옥우위원,유옥우 위원,외국인,1959-06,0
유옥우위원,유옥우 위원,외국인,1959-07,0
유옥우위원,유옥우 위원,외국인,1959-10,0
유옥우위원,유옥우 위원,외국인,1959-11,2
유옥우위원,유옥우 위원,외국인,1959-12,0
박영종의원,박영종 의원,외국인,1948-08,0
박영종의원,박영종 의원,외국인,1948-09,0
박영종의원,박영종 의원,외국인,1948-10,0
박영종의원,박영종 의원,외국인,1948-11,0
박영종의원,박영종 의원,외국인,1948-12,0
박영종의원,박영종 의원,외국인,1949-01,0
박영종의원,박영종 의원,외국인,1949-02,0
박영종의원,박영종 의원,외국인,1949-03,0
박영종의원,박영종 의원,외국인,1949-04,0
박영종의원,박영종 의원,외국인,1949-05,0
박영종의원,박영종 의원,외국인,1949-06,0
박영종의원,박영종 의원,외국인,1949-07,0
박영종의원,박영종 의원,외국인,1949-08,0
박영종의원,박영종 의원,외국인,1949-09,0
박영종의원,박영종 의원,외국인,1949-10,0
박영종의원,박영종 의원,외국인,1949-11,0
박영종의원,박영종 의원,외국인,1949-12,0
박영종의원,박영종 의원,외국인,1950-01,0
박영종의원,박영종 의원,외국인,1950-02,0
박영종의원,박영종 의원,외국인,1950-03,0
박영종의원,박영종 의원,외국인,1950-04,0
박영종의원,박영종 의원,외국인,1950-06,0
박영종의원,박영종 의원,외국인,1950-10,0
박영종의원,박영종 의원,외국인,1950-11,0
박영종의원,박영종 의원,외국인,1950-12,0
박영종의원,박영종 의원,외국인,1951-01,0
박영종의원,박영종 의원,외국인,1951-02,0
박영종의원,박영종 의원,외국인,1951-03,0
박영종의원,박영종 의원,외국인,1951-04,0
박영종의원,박영종 의원,외국인,1951-05,0
박영종의원,박영종 의원,외국인,1951-06,0
박영종의원,박영종 의원,외국인,1951-07,0
박영종의원,박영종 의원,외국인,1951-08,0
박영종의원,박영종 의원,외국인,1951-09,0
박영종의원,박영종 의원,외국인,1951-10,0
박영종의원,박영종 의원,외국인,1951-11,0
박영종의원,박영종 의원,외국인,1951-12,0
박영종의원,박영종 의원,외국인,1952-01,0
박영종의원,박영종 의원,외국인,1952-02,0
박영종의원,박영종 의원,외국인,1952-03,0
박영종의원,박영종 의원,외국인,1952-04,0
박영종의원,박영종 의원,외국인,1952-05,0
박영종의원,박영종 의원,외국인,1952-06,0
박영종의원,박영종 의원,외국인,1952-07,0
박영종의원,박영종 의원,외국인,1952-08,0
박영종의원,박영종 의원,외국인,1952-09,0
박영종의원,박영종 의원,외국인,1952-10,0
박영종의원,박영종 의원,외국인,1952-11,0
박영종의원,박영종 의원,외국인,1952-12,0
박영종의원,박영종 의원,외국인,1953-01,0
박영종의원,박영종 의원,외국인,1953-02,0
박영종의원,박영종 의원,외국인,1953-03,0
박영종의원,박영종 의원,외국인,1953-04,0
박영종의원,박영종 의원,외국인,1953-05,0
박영종의원,박영종 의원,외국인,1953-06,0
박영종의원,박영종 의원,외국인,1953-07,0
박영종의원,박영종 의원,외국인,1953-08,0
박영종의원,박영종 의원,외국인,1953-09,0
박영종의원,박영종 의원,외국인,1953-10,0
박영종의원,박영종 의원,외국인,1953-11,0
박영종의원,박영종 의원,외국인,1953-12,0
박영종의원,박영종 의원,외국인,1954-01,0
박영종의원,박영종 의원,외국인,1954-02,0
박영종의원,박영종 의원,외국인,1954-03,0
박영종의원,박영종 의원,외국인,1954-04,0
박영종의원,박영종 의원,외국인,1954-05,0
박영종의원,박영종 의원,외국인,1954-06,0
박영종의원,박영종 의원,외국인,1954-07,0
박영종의원,박영종 의원,외국인,1954-08,0
박영종의원,박영종 의원,외국인,1954-09,0
박영종의원,박영종 의원,외국인,1954-10,1
박영종의원,박영종 의원,외국인,1954-11,1
박영종의원,박영종 의원,외국인,1954-12,0
박영종의원,박영종 의원,외국인,1955-01,1
박영종의원,박영종 의원,외국인,1955-02,0
박영종의원,박영종 의원,외국인,1955-03,0
박영종의원,박영종 의원,외국인,1955-04,1
박영종의원,박영종 의원,외국인,1955-05,1
박영종의원,박영종 의원,외국인,1955-06,0
박영종의원,박영종 의원,외국인,1955-07,0
박영종의원,박영종 의원,외국인,1955-09,0
박영종의원,박영종 의원,외국인,1955-10,0
박영종의원,박영종 의원,외국인,1955-11,1
박영종의원,박영종 의원,외국인,1955-12,0
박영종의원,박영종 의원,외국인,1956-01,0
박영종의원,박영종 의원,외국인,1956-02,0
박영종의원,박영종 의원,외국인,1956-03,0
박영종의원,박영종 의원,외국인,1956-04,0
박영종의원,박영종 의원,외국인,1956-05,0
박영종의원,박영종 의원,외국인,1956-06,0
박영종의원,박영종 의원,외국인,1956-07,0
박영종의원,박영종 의원,외국인,1956-08,1
박영종의원,박영종 의원,외국인,1956-09,0
박영종의원,박영종 의원,외국인,1956-10,0
박영종의원,박영종 의원,외국인,1956-11,0
박영종의원,박영종 의원,외국인,1956-12,0
박영종의원,박영종 의원,외국인,1957-01,0
박영종의원,박영종 의원,외국인,1957-02,0
박영종의원,박영종 의원,외국인,1957-03,0
박영종의원,박영종 의원,외국인,1957-04,1
박영종의원,박영종 의원,외국인,1957-05,0
박영종의원,박영종 의원,외국인,1957-06,1
박영종의원,박영종 의원,외국인,1957-07,3
박영종의원,박영종 의원,외국인,1957-08,0
박영종의원,박영종 의원,외국인,1957-09,0
박영종의원,박영종 의원,외국인,1957-10,0
박영종의원,박영종 의원,외국인,1957-11,0
박영종의원,박영종 의원,외국인,1957-12,1
박영종의원,박영종 의원,외국인,1958-01,0
박영종의원,박영종 의원,외국인,1958-02,1
박영종의원,박영종 의원,외국인,1958-03,0
박영종의원,박영종 의원,외국인,1958-04,0
박영종의원,박영종 의원,외국인,1958-05,0
박영종의원,박영종 의원,외국인,1958-06,0
박영종의원,박영종 의원,외국인,1958-07,0
박영종의원,박영종 의원,외국인,1958-08,0
박영종의원,박영종 의원,외국인,1958-09,0
박영종의원,박영종 의원,외국인,1958-10,0
박영종의원,박영종 의원,외국인,1958-11,0
박영종의원,박영종 의원,외국인,1958-12,0
박영종의원,박영종 의원,외국인,1959-05,0
박영종의원,박영종 의원,외국인,1959-06,0
박영종의원,박영종 의원,외국인,1959-07,0
박영종의원,박영종 의원,외국인,1959-10,0
박영종의원,박영종 의원,외국인,1959-11,0
박영종의원,박영종 의원,외국인,1959-12,0
