Speaker,전체발언,발전,경계,발전경계,관련발언,관련비중,정당,지역,성별,당선횟수,당선방법
의장 신익희,7502,583,57,18,658,8.770994401492935,대한독립촉성국민회,전남 광주,남,3선,지역구
위원장 이충환,2102,627,3,9,639,30.39961941008563,자유당,충북 진천군,남,6선,지역구
이철승 위원,1618,443,6,31,480,29.666254635352285,민주당,전북 전주을,남,7선,지역구
의사국장 서상준,922,415,14,42,471,51.084598698481564,미상,미상,미상,미상,미상
부의장 조경규,6653,428,14,5,447,6.718773485645574,자유당,경남 함안군,남,3선,지역구
부의장 조봉암,5796,396,23,5,424,7.315389924085576,대한국민당,경기 인천병,남,재선,지역구
재무부장관 김현철,467,314,0,21,335,71.73447537473233,미상,미상,미상,미상,미상
예산결산위원장 이충환,345,295,0,11,306,88.69565217391305,자유당,충북 진천군,남,6선,지역구
송방용 위원,649,285,6,8,299,46.070878274268104,무소속,전북 김제군갑,남,4선,지역구
재정경제위원장 이재형,441,285,0,13,298,67.57369614512471,대한국민당,경기 시흥,남,7선,지역구
유옥우 위원,674,272,2,7,281,41.69139465875371,민주당,전남 무안군을,남,5선,지역구
박영종 의원,1144,198,35,45,278,24.3006993006993,자유당,전남 담양,남,초선,지역구
재정경제위원장 박만원,547,247,1,14,262,47.89762340036563,무소속,경북 군위,남,3선,지역구
이진수 의원,1073,213,21,26,260,24.231127679403542,무소속,경기 양주을,남,재선,지역구
재정경제위원장 홍성하,378,234,1,8,243,64.28571428571429,한국민주당,서울 동대문구갑,남,초선,지역구
이형모 위원,400,230,1,3,234,58.5,자유당,전남 승주,남,재선,지역구
이태용 위원,619,214,7,4,225,36.34894991922455,민주당,충북 제천,남,4선,지역구
재무부차관 천병규,354,209,2,11,222,62.71186440677966,미상,미상,미상,미상,미상
양일동 위원,968,216,4,1,221,22.83057851239669,무소속,전북 옥구,남,5선,지역구
재무부장관 송인상,262,165,0,34,199,75.95419847328245,미상,미상,미상,미상,미상
부의장 이재학,3089,159,20,7,186,6.021366137908708,자유당,강원 홍천군,남,5선,지역구
민관식 위원,500,162,0,20,182,36.4,무소속,서울 동대문구갑,남,5선,지역구
곽의영 의원,314,149,15,15,179,57.00636942675159,무소속,충북 청원군을,남,3선,지역구
박정근 위원,326,164,3,11,178,54.601226993865026,자유당,전북 진안군,남,재선,지역구
조영규 의원,905,146,14,13,173,19.116022099447513,민주국민당,전남 영광군,남,4선,지역구
정준 의원,640,101,37,31,169,26.406249999999996,무소속,경기 김포,남,4선,지역구
박영종 위원,342,148,6,12,166,48.53801169590643,자유당,전남 담양,남,초선,지역구
이충환 의원,271,152,3,8,163,60.147601476014756,자유당,충북 진천군,남,6선,지역구
부흥부장관 송인상,191,150,0,11,161,84.29319371727748,미상,미상,미상,미상,미상
문종두 위원,382,147,2,9,158,41.361256544502616,무소속,경북 김천,남,재선,지역구
부흥부장관 신현확,213,145,0,6,151,70.89201877934272,미상,미상,미상,미상,미상
부의장 김동원,4056,142,8,0,150,3.698224852071006,한국민주당,서울 용산구,남,초선,지역구
박정근 의원,254,136,2,12,150,59.055118110236215,무소속,전북 전주,남,재선,지역구
조헌영 의원,471,112,21,10,143,30.36093418259023,한국민주당,경북 영양,남,재선,지역구
위원장대리 송방용,789,139,1,0,140,17.743979721166035,무소속,전북 김제군갑,남,4선,지역구
위원장 박만원,579,135,4,1,140,24.179620034542314,자유당,경북 군위군,남,3선,지역구
송방용 의원,311,127,2,5,134,43.08681672025724,무소속,전북 김제군갑,남,4선,지역구
의장 이기붕,2451,125,6,2,133,5.426356589147287,자유당,서울 서대문구을,남,재선,지역구
소선규 의원,374,114,6,13,133,35.56149732620321,민주국민당,전북 익산갑,남,4선,지역구
의사국장 허남수,219,116,4,11,131,59.817351598173516,미상,미상,미상,미상,미상
의사과장 이호진,247,111,6,11,128,51.821862348178136,미상,미상,미상,미상,미상
위원장 박용익,820,124,2,1,127,15.487804878048781,무소속,강원 강릉시을,남,재선,지역구
재무부장관 인태식,173,121,0,6,127,73.41040462427746,자유당,충남 당진군갑,남,3선,지역구
변진갑 의원,351,100,3,16,119,33.903133903133906,무소속,전남 장성군,남,3선,지역구
상공부차관 김의창,182,113,0,6,119,65.38461538461539,미상,미상,미상,미상,미상
위원장 박흥규,1076,115,2,1,118,10.966542750929369,자유당,전남 광주병,남,재선,지역구
엄상섭 의원,335,100,7,8,115,34.32835820895522,무소속,전남 광양,남,재선,지역구
이충환 위원,175,109,1,4,114,65.14285714285715,자유당,충북 진천군,남,6선,지역구
주요한 위원,201,94,2,17,113,56.21890547263681,민주당,서울 중구갑,남,재선,지역구
위원장 이성주,733,100,8,4,112,15.279672578444748,자유당,경기 고양,남,초선,지역구
백남식 의원,427,94,5,7,106,24.824355971896956,대한독립촉성국민회,경북 상주을,남,재선,지역구
박만원 의원,209,98,3,5,106,50.717703349282296,무소속,경북 군위,남,3선,지역구
예산국장 오임근,151,104,0,2,106,70.19867549668875,미상,미상,미상,미상,미상
김상돈 의원,481,75,16,14,105,21.82952182952183,민주국민당,서울 마포구갑,남,4선,지역구
재무부차관 김영찬,137,94,0,10,104,75.91240875912408,미상,미상,미상,미상,미상
상공부장관 구용서,131,81,1,22,104,79.38931297709924,미상,미상,미상,미상,미상
부의장 윤치영,4121,98,5,0,103,2.499393351128367,대한국민당,충남 공주을,남,4선,지역구
이철승 의원,235,89,5,7,101,42.97872340425532,무소속,전북 전주,남,7선,지역구
김도연 위원,184,90,1,10,101,54.891304347826086,민주당,서울 서대문구갑,남,6선,지역구
농림부장관 정재설,133,92,0,7,99,74.43609022556392,미상,미상,미상,미상,미상
재무부예산국장 오임근,128,99,0,0,99,77.34375,미상,미상,미상,미상,미상
재무부차관 박희현,116,94,0,5,99,85.34482758620689,미상,미상,미상,미상,미상
농림부차관 김병윤,184,85,4,9,98,53.2608695652174,미상,미상,미상,미상,미상
정재완 위원,186,82,3,12,97,52.1505376344086,민주당,전남 여수,남,4선,지역구
한동석 위원,169,93,2,1,96,56.80473372781065,자유당,경기 고양,남,초선,지역구
김광준 의원,363,82,8,4,94,25.895316804407713,무소속,경북 울진,남,3선,지역구
이재형 의원,213,87,1,5,93,43.66197183098591,무소속,경기 시흥,남,7선,지역구
김영선 위원,153,81,0,12,93,60.78431372549019,자유당,충남 보령군,남,3선,지역구
재무부차관 오임근,125,92,0,1,93,74.4,미상,미상,미상,미상,미상
정성태 위원,285,83,2,7,92,32.280701754385966,민주당,전남 광주갑,남,6선,지역구
위원장 김종신,585,90,1,0,91,15.555555555555555,자유당,경남 마산,남,초선,지역구
박해정 의원,287,71,5,15,91,31.70731707317073,무소속,경북 경산,남,4선,지역구
위원장 정명섭,278,90,1,0,91,32.73381294964029,자유당,전남 나주군을,남,3선,지역구
사회보건위원장 김용우,238,87,1,3,91,38.23529411764706,무소속,서울 서대문구갑,남,초선,지역구
상공부장관 김일환,115,86,0,5,91,79.13043478260869,자유당,서울 성북구,남,초선,지역구
기획처장 원용석,102,83,0,7,90,88.23529411764706,미상,미상,미상,미상,미상
박병배 위원,646,57,13,19,89,13.777089783281735,무소속,충남 대덕군,남,5선,지역구
조한백 의원,326,79,3,7,89,27.300613496932513,무소속,전북 김제갑,남,4선,지역구
재무부장관 이중재,146,82,4,3,89,60.95890410958904,미상,미상,미상,미상,미상
운영위원장 조순,169,80,4,3,87,51.4792899408284,자유당,전남 곡성군,남,3선,지역구
농림위원장 박정근,206,69,4,13,86,41.74757281553398,무소속,전북 전주,남,재선,지역구
홍창섭 의원,174,65,11,10,86,49.42528735632184,무소속,강원 춘천,남,4선,지역구
유봉순 위원,162,80,1,3,84,51.85185185185185,자유당,경남 합천갑,남,재선,지역구
해무청장 권성기,118,78,0,6,84,71.1864406779661,미상,미상,미상,미상,미상
문교부장관 최재유,127,69,0,14,83,65.35433070866141,미상,미상,미상,미상,미상
오의관 의원,177,72,2,8,82,46.32768361581921,무소속,경기 옹진을,남,초선,지역구
정상열 위원,159,71,2,9,82,51.57232704402516,자유당,충남 대전,남,초선,지역구
보건사회부장관 손창환,95,54,1,26,81,85.26315789473684,미상,미상,미상,미상,미상
위원장 조순,872,69,9,2,80,9.174311926605505,자유당,전남 곡성군,남,3선,지역구
위원장 이형모,318,75,2,2,79,24.842767295597483,자유당,전남 승주,남,재선,지역구
신규식 의원,133,77,0,2,79,59.3984962406015,무소속,전북 부안군,남,재선,지역구
의사국장 이호진,263,65,6,6,77,29.277566539923956,미상,미상,미상,미상,미상
이종형 의원,233,65,7,5,77,33.047210300429185,미상,미상,미상,미상,미상
김학준 위원,264,65,2,9,76,28.78787878787879,민주당,충남 공주군을,남,재선,지역구
김동욱 위원,147,67,2,7,76,51.70068027210885,민주당,"경남 부산시,서구을",남,3선,지역구
태완선 의원,153,66,4,5,75,49.01960784313725,무소속,강원 영월,남,3선,지역구
농림부장관 이근직,117,72,0,3,75,64.1025641025641,미상,미상,미상,미상,미상
황남팔 의원,110,63,2,10,75,68.18181818181817,자유당,경남 진양,남,재선,지역구
총무국장 서상준,307,71,2,1,74,24.104234527687296,미상,미상,미상,미상,미상
조주영 의원,174,64,6,4,74,42.5287356321839,무소속,경남 남해,남,초선,지역구
부의장 한희석,880,69,3,1,73,8.295454545454547,자유당,충남 천안갑,남,재선,지역구
황병규 의원,172,66,3,4,73,42.44186046511628,대한국민당,전남 여천,남,재선,지역구
국방부장관 김정열,135,55,3,14,72,53.333333333333336,미상,미상,미상,미상,미상
홍성하 의원,138,69,0,2,71,51.449275362318836,한국민주당,서울 동대문구갑,남,초선,지역구
재무부장관 백두진,92,63,0,8,71,77.17391304347827,미상,미상,미상,미상,미상
조병옥 의원,160,56,1,12,69,43.125,민주국민당,경북 대구시을,남,재선,지역구
조병문 의원,126,61,3,5,69,54.761904761904766,자유당,전남 진도군,남,재선,지역구
현석호 위원,125,67,1,1,69,55.2,자유당,경북 예천군,남,재선,지역구
곽상훈 의원,319,50,13,5,68,21.316614420062695,무소속,경기 인천갑,남,5선,지역구
전문위원 김한기,123,67,0,1,68,55.28455284552846,미상,미상,미상,미상,미상
정해영 위원,116,68,0,0,68,58.620689655172406,자유당,경남 울산군을,남,7선,지역구
위원장 최용근,405,66,0,0,66,16.296296296296298,자유당,강원 강릉,남,재선,지역구
신광균 의원,151,57,2,7,66,43.70860927152318,대한독립촉성국민회,경기 개풍,남,재선,지역구
위원장 원용석,141,63,1,2,66,46.808510638297875,자유당,충남 당진을,남,초선,지역구
김봉재 의원,113,63,1,2,66,58.4070796460177,무소속,경남 창원을,남,재선,지역구
체신부장관 곽의영,99,59,2,5,66,66.66666666666666,자유당,충북 청원을,남,3선,지역구
사회보건위원장대리 김용우,82,62,0,4,66,80.48780487804879,무소속,서울 서대문구갑,남,초선,지역구
부의장 김약수,2063,56,8,1,65,3.1507513330101795,조선공화당,경남 동래,남,초선,지역구
박해정 위원,198,58,0,7,65,32.82828282828283,민주당,경북 경산,남,4선,지역구
양영주 위원,119,58,1,6,65,54.621848739495796,자유당,전북 남원,남,초선,지역구
박철웅 위원,110,61,1,3,65,59.09090909090909,자유당,전남 고흥군을,남,3선,지역구
지연해 의원,103,61,2,2,65,63.10679611650486,무소속,전북 옥구,남,초선,지역구
박순석 의원,406,55,5,4,64,15.763546798029557,무소속,경북 영일갑,남,3선,지역구
서범석 의원,180,54,4,6,64,35.55555555555556,무소속,경기 옹진갑,남,6선,지역구
국방부장관 김정렬,169,42,7,15,64,37.8698224852071,미상,미상,미상,미상,미상
서이환 의원,166,51,6,7,64,38.55421686746988,무소속,경북 울릉,남,재선,지역구
류청 위원,152,46,6,12,64,42.10526315789473,미상,미상,미상,미상,미상
박흥규 위원,141,63,0,1,64,45.39007092198582,자유당,전남 광산을,남,재선,지역구
문교부차관 김선기,125,55,1,8,64,51.2,미상,미상,미상,미상,미상
엄상섭 위원,351,55,3,5,63,17.94871794871795,민주당,서울 용산구갑,남,재선,지역구
정광호 의원,309,55,4,4,63,20.388349514563107,한국민주당,전남 광주,남,초선,지역구
박영출 의원,289,35,15,13,63,21.79930795847751,대한국민당,경북 의성갑,남,재선,지역구
윤용구 위원,168,62,0,1,63,37.5,자유당,경북 청송,남,재선,지역구
전진한 의원,95,55,2,6,63,66.3157894736842,대한노동총연맹,경남 부산무,남,5선,지역구
농림부장관 정운갑,94,63,0,0,63,67.02127659574468,미상,미상,미상,미상,미상
이필호 위원,475,53,3,6,62,13.052631578947368,민주당,전남 광주을,남,초선,지역구
농림위원장 조병문,168,59,1,2,62,36.904761904761905,자유당,전남 진도군,남,재선,지역구
유옥우 의원,168,57,0,5,62,36.904761904761905,자유당,전남 무안군을,남,5선,지역구
이재학 의원,145,54,4,4,62,42.758620689655174,무소속,강원 홍천,남,5선,지역구
김두진 위원,114,54,1,7,62,54.385964912280706,자유당,제주 북제주,남,재선,지역구
강영훈 위원,597,41,11,8,60,10.050251256281408,민주당,경기 양주갑,남,재선,지역구
이정래 의원,338,48,9,3,60,17.75147928994083,한국민주당,전남 보성,남,3선,지역구
최운교 의원,317,50,7,3,60,18.92744479495268,무소속,충남 논산을,남,초선,지역구
교통부장관 문봉제,106,53,3,4,60,56.60377358490566,미상,미상,미상,미상,미상
농림부장관 임철호,101,57,0,3,60,59.4059405940594,미상,미상,미상,미상,미상
장홍염 의원,214,53,1,5,59,27.570093457943923,한국민주당,전남 무안을,남,재선,지역구
내무부장관 최인규,168,47,3,9,59,35.11904761904761,자유당,경기 광주,남,초선,지역구
이만우 위원,115,54,1,4,59,51.30434782608696,민주당,"경남 부산시,영도을",남,재선,지역구
부의장 황성수,938,51,6,1,58,6.183368869936034,자유당,전남 보성군,남,4선,지역구
서범석 위원,456,55,0,3,58,12.719298245614036,민주당,서울 성북구,남,6선,지역구
김재곤 위원,215,52,2,4,58,26.976744186046513,민주당,경기 인천시갑,남,3선,지역구
이형진 위원,125,54,2,2,58,46.400000000000006,자유당,강원 평창,남,초선,지역구
조국현 의원,396,44,11,2,57,14.393939393939394,미상,전남 화순,남,재선,지역구
소선규 위원,129,52,1,4,57,44.18604651162791,민주국민당,전북 익산갑,남,4선,지역구
재무부장관 김도연,78,54,1,2,57,73.07692307692307,한국민주당,서울 서대문구,남,6선,지역구
박만원 위원,145,52,1,3,56,38.62068965517241,자유당,경북 군위군,남,3선,지역구
안상한 의원,109,40,3,13,56,51.37614678899083,무소속,강원 횡성,남,초선,지역구
의사국장 차윤홍,216,41,3,11,55,25.462962962962965,미상,미상,미상,미상,미상
위원장 구흥남,190,55,0,0,55,28.947368421052634,자유당,전남 화순,남,재선,지역구
이재형 위원,139,51,0,4,55,39.568345323741006,무소속,경기 시흥시,남,7선,지역구
부흥부차관 신현확,75,53,0,2,55,73.33333333333333,미상,미상,미상,미상,미상
김수선 의원,194,48,2,4,54,27.835051546391753,무소속,경남 울산을,남,재선,지역구
유영준 위원,164,51,2,1,54,32.926829268292686,자유당,경기 옹진,남,초선,지역구
임영신 의원,159,42,8,4,54,33.9622641509434,대한여자국민당,경북 안동을,여,재선,지역구
유승준 의원,120,40,7,7,54,45.0,무소속,충남 홍성,남,재선,지역구
김원전 위원,87,52,0,2,54,62.06896551724138,자유당,전북 군산,남,초선,지역구
산업위원장대리 홍희종,80,53,0,1,54,67.5,조선민족청년단,전북 김제을,남,초선,지역구
위원장 변진갑,467,53,0,0,53,11.349036402569594,자유당,전남 장성군,남,3선,지역구
최병권 위원,244,31,14,8,53,21.721311475409834,자유당,경북 울릉,남,재선,지역구
법제사법위원장 박세경,226,49,1,3,53,23.451327433628318,자유당,전북 임실,남,재선,지역구
강경옥 의원,101,41,2,10,53,52.475247524752476,무소속,제주 남제주군,남,3선,지역구
이영희 위원,219,50,1,1,52,23.74429223744292,자유당,경남 의령,남,재선,지역구
조영규 위원,174,48,0,4,52,29.88505747126437,민주당,전남 영광군,남,4선,지역구
조광섭 의원,132,43,2,7,52,39.39393939393939,조선민주당,서울 영등포구갑,남,초선,지역구
장병만 의원,253,48,3,0,51,20.158102766798418,대한독립촉성국민회,경북 칠곡,남,초선,지역구
양일동 의원,184,45,4,2,51,27.717391304347828,무소속,전북 옥구,남,5선,지역구
윤형남 의원,174,43,3,5,51,29.310344827586203,무소속,전남 순천시,남,3선,지역구
농림위원장 홍창섭,86,49,0,2,51,59.30232558139535,자유당,강원 춘천,남,4선,지역구
위원장 이갑식,385,50,0,0,50,12.987012987012985,자유당,전남 구례,남,재선,지역구
이종남 위원,297,49,0,1,50,16.835016835016837,민주당,"경남 부산시,진구갑",남,3선,지역구
김웅진 의원,280,35,13,2,50,17.857142857142858,무소속,경기 수원을,남,재선,지역구
김준연 의원,231,32,7,11,50,21.645021645021643,한국민주당,전남 영암,남,5선,지역구
신규식 위원,175,48,0,2,50,28.57142857142857,자유당,전북 부안,남,재선,지역구
함두영 위원,117,48,0,2,50,42.73504273504273,자유당,서울 마포구을,남,초선,지역구
이영희 의원,106,41,3,6,50,47.16981132075472,자유당,경남 의령군,남,재선,지역구
김영선 의원,74,47,0,3,50,67.56756756756756,무소속,충남 보령군,남,3선,지역구
부의장 임철호,520,44,5,0,49,9.423076923076923,자유당,충남 부여을,남,초선,지역구
우희창 위원,201,35,4,10,49,24.378109452736318,민주당,충남 서천,남,재선,지역구
류진산 위원,194,46,2,1,49,25.257731958762886,미상,미상,미상,미상,미상
조재천 의원,116,33,5,11,49,42.241379310344826,민주국민당,경북 달성군,남,4선,지역구
김선태 위원,677,40,2,6,48,7.0901033973412115,민주당,전남 완도군,남,3선,지역구
이석주 의원,245,41,5,2,48,19.591836734693878,대한독립촉성국민회,전북 완주을,남,초선,지역구
이인 의원,126,43,2,3,48,38.095238095238095,국민당,서울 영등포구을,남,3선,지역구
재무부차관 박종식,110,45,0,3,48,43.63636363636363,미상,미상,미상,미상,미상
허윤수 위원,101,41,0,7,48,47.524752475247524,민주당,경남 마산,남,초선,지역구
신정호 위원,83,43,1,4,48,57.831325301204814,무소속,충북 청원군갑,남,재선,지역구
조만종 위원,82,47,0,1,48,58.536585365853654,자유당,경남 밀양을,남,초선,지역구
서상일 의원,242,42,2,3,47,19.421487603305785,한국민주당,경북 대구을,남,재선,지역구
권중돈 의원,134,36,4,7,47,35.07462686567165,무소속,경북 영천군갑,남,5선,지역구
김도연 의원,103,41,1,5,47,45.63106796116505,민주국민당,서울 서대문구갑,남,6선,지역구
김동욱 의원,101,42,0,5,47,46.53465346534654,무소속,경남 부산정,남,3선,지역구
외무부장관 조정환,82,35,1,11,47,57.3170731707317,미상,미상,미상,미상,미상
서우석 의원,467,40,6,0,46,9.850107066381156,한국민주당,전남 곡성,남,초선,지역구
김용진 위원,236,43,2,1,46,19.491525423728813,민주당,경남 진주,남,재선,지역구
유진홍 의원,212,38,6,2,46,21.69811320754717,대한독립촉성국민회,충남 논산갑,남,초선,지역구
김정식 의원,154,41,2,3,46,29.87012987012987,대한청년단,경북 영주,남,초선,지역구
곽의영 위원,86,46,0,0,46,53.48837209302325,자유당,충북 청원을,남,3선,지역구
부의장 곽상훈,859,42,2,1,45,5.238649592549476,무소속,경기 인천시을,남,5선,지역구
남송학 의원,161,41,2,2,45,27.95031055900621,대한국민당,서울 용산구을,남,재선,지역구
재정경제위원장 인태식,103,44,0,1,45,43.689320388349515,자유당,충남 당진군갑,남,3선,지역구
부흥부장관 유완창,67,44,1,0,45,67.16417910447761,미상,미상,미상,미상,미상
황호현 의원,164,40,0,4,44,26.82926829268293,대한독립촉성국민회,강원 평창,남,3선,지역구
李敏雨 위원,136,42,1,1,44,32.35294117647059,미상,미상,미상,미상,미상
정남국 의원,80,37,4,3,44,55.00000000000001,민주국민당,전남 완도,남,초선,지역구
김의택 위원,76,41,0,3,44,57.89473684210527,무소속,전남 함평군,남,4선,지역구
농림부차관 김원태,76,41,0,3,44,57.89473684210527,미상,미상,미상,미상,미상
교통부장관 이종림,57,34,1,9,44,77.19298245614034,미상,미상,미상,미상,미상
김지태 의원,48,42,0,2,44,91.66666666666666,무소속,경남 부산갑,남,재선,지역구
윤치영 의원,208,28,9,6,43,20.673076923076923,한국민주당,서울 중구,남,4선,지역구
윤병구 의원,192,39,2,2,43,22.395833333333336,무소속,충남 예산,남,재선,지역구
김종순 의원,143,25,6,12,43,30.069930069930066,무소속,전남 나주갑,남,초선,지역구
이종현 의원,122,29,7,7,43,35.24590163934426,무소속,서울 마포구을,남,초선,지역구
정일형 의원,118,26,7,10,43,36.440677966101696,무소속,서울 중구을,남,8선,지역구
윤택중 위원,99,30,2,11,43,43.43434343434344,민주당,전북 익산을,남,3선,지역구
류순식 위원,258,38,3,1,42,16.27906976744186,미상,미상,미상,미상,미상
나판수 위원,208,39,1,2,42,20.192307692307693,자유당,전남 무안갑,남,초선,지역구
황두연 의원,175,39,1,2,42,24.0,미상,전남 순천갑,남,초선,지역구
김상도 의원,129,39,1,2,42,32.55813953488372,자유당,경북 영천군갑,남,재선,지역구
국방부차관 최세황,91,32,3,7,42,46.15384615384615,미상,미상,미상,미상,미상
농림부장관 조봉암,74,28,3,11,42,56.75675675675676,무소속,경기 인천을,남,재선,지역구
임기봉 의원,59,39,0,3,42,71.1864406779661,미상,전남 목포,남,초선,지역구
조종승 의원,156,34,4,3,41,26.282051282051285,무소속,충북 단양,남,재선,지역구
홍희종 의원,90,36,3,2,41,45.55555555555556,조선민족청년단,전북 김제을,남,초선,지역구
강선명 의원,81,40,0,1,41,50.617283950617285,무소속,전남 목포,남,초선,지역구
구흥남 위원,79,36,1,4,41,51.89873417721519,자유당,전남 화순,남,재선,지역구
재무부차관 김유택,77,38,0,3,41,53.246753246753244,미상,미상,미상,미상,미상
내무부장관 김형근,71,36,3,2,41,57.74647887323944,미상,미상,미상,미상,미상
상공부장관 강성태,56,32,0,9,41,73.21428571428571,미상,미상,미상,미상,미상
산업위원장대리 조헌영,214,38,0,2,40,18.69158878504673,한국민주당,경북 영양,남,재선,지역구
김석진 위원,210,36,2,2,40,19.047619047619047,자유당,전남 해남을,남,초선,지역구
법무부장관 이호,123,24,11,5,40,32.52032520325203,미상,미상,미상,미상,미상
내무부장관 김일환,87,34,1,5,40,45.97701149425287,미상,미상,미상,미상,미상
김진만 위원,68,36,1,3,40,58.82352941176471,자유당,강원 삼척군,남,7선,지역구
김철안 위원,68,39,0,1,40,58.82352941176471,자유당,경북 금릉,여,재선,지역구
부의장 최순주,795,37,2,0,39,4.905660377358491,자유당,충북 영동,남,초선,지역구
위원장대리 이태용,107,39,0,0,39,36.44859813084112,자유당,충북 제천,남,4선,지역구
재무부이재국장 이열모,89,38,0,1,39,43.82022471910113,미상,미상,미상,미상,미상
체신부장관 이응준,68,37,0,2,39,57.35294117647059,미상,미상,미상,미상,미상
노기용 의원,65,37,2,0,39,60.0,무소속,경남 합천갑,남,초선,지역구
부의장 장택상,1344,36,2,0,38,2.8273809523809526,무소속,경북 칠곡,남,4선,지역구
위원장 하태환,265,37,0,1,38,14.339622641509434,자유당,경북 포항,남,재선,지역구
조순 의원,122,33,1,4,38,31.147540983606557,자유당,전남 곡성군,남,3선,지역구
신익희 의원,104,21,9,8,38,36.53846153846153,민주국민당,전남 광주,남,3선,지역구
김선태 의원,98,24,5,9,38,38.775510204081634,무소속,전남 완도군,남,3선,지역구
외무부장관 변영태,95,19,9,10,38,40.0,미상,미상,미상,미상,미상
산업은행총재 구용서,48,34,1,3,38,79.16666666666666,미상,미상,미상,미상,미상
김병회 의원,156,26,5,6,37,23.717948717948715,무소속,전남 진도,남,초선,지역구
한광석 위원,155,33,2,2,37,23.870967741935484,자유당,충남 부여군갑,남,재선,지역구
윤형남 위원,125,31,0,6,37,29.599999999999998,무소속,전남 순천시,남,3선,지역구
안용대 의원,100,28,2,7,37,37.0,무소속,경북 경주갑,남,재선,지역구
김주묵 위원,88,30,1,6,37,42.04545454545455,민주당,충북 음성군,남,초선,지역구
교통부장관 김일환,71,29,3,5,37,52.112676056338024,미상,미상,미상,미상,미상
국무총리 이범석,60,26,2,9,37,61.66666666666667,미상,미상,미상,미상,미상
내무부차관 홍헌표,53,26,5,6,37,69.81132075471697,미상,미상,미상,미상,미상
위원장대리 박흥규,356,35,0,1,36,10.112359550561797,자유당,전남 광산을,남,재선,지역구
권중돈 위원,310,31,5,0,36,11.612903225806452,민주당,경북 영천군을,남,5선,지역구
유용식 위원,302,31,3,2,36,11.920529801324504,자유당,경기 양평,남,초선,지역구
박영종 의원(계속),151,25,6,5,36,23.841059602649008,자유당,전남 담양,남,초선,지역구
오범수 위원,120,30,3,3,36,30.0,자유당,충북 청원갑,남,재선,지역구
김정실 의원,117,31,2,3,36,30.76923076923077,무소속,경남 고성,남,초선,지역구
황성수 의원,101,22,3,11,36,35.64356435643564,무소속,서울 용산구갑,남,4선,지역구
정중섭 의원,85,27,4,5,36,42.35294117647059,민주국민당,전남 목포,남,재선,지역구
조한백 위원,82,36,0,0,36,43.90243902439025,민주당,전북 김제군갑,남,4선,지역구
박철웅 의원,65,27,0,9,36,55.38461538461539,무소속,전남 광주,남,3선,지역구
황경수 위원,52,33,0,3,36,69.23076923076923,자유당,경기 평택,남,초선,지역구
유성권 위원,197,32,2,1,35,17.766497461928935,민주당,서울 성동구갑,남,3선,지역구
류진산 의원,171,29,5,1,35,20.46783625730994,미상,미상,미상,미상,미상
법제사법위원장 엄상섭,143,30,2,3,35,24.475524475524477,무소속,전남 광양,남,재선,지역구
박윤원 의원,133,32,1,2,35,26.31578947368421,무소속,경남 남해,남,초선,지역구
김원규 위원,95,35,0,0,35,36.84210526315789,자유당,경북 영덕군,남,재선,지역구
유봉순 의원,94,30,3,2,35,37.234042553191486,무소속,경남 합천군갑,남,재선,지역구
경리과장 안길호,78,35,0,0,35,44.871794871794876,미상,미상,미상,미상,미상
임차주 위원,70,33,0,2,35,50.0,자유당,전북 순창군,남,3선,지역구
장경근 의원,59,23,2,10,35,59.32203389830508,자유당,경기 부천,남,재선,지역구
농림부장관 임문환,49,23,1,11,35,71.42857142857143,미상,미상,미상,미상,미상
기획처예산국장 오림근,48,32,0,3,35,72.91666666666666,미상,미상,미상,미상,미상
권오종 위원,150,32,1,1,34,22.666666666666664,민주당,경북 안동갑,남,재선,지역구
윤재욱 의원,123,24,5,5,34,27.64227642276423,대동청년당,서울 영등포구,남,재선,지역구
고담용 위원,70,28,0,6,34,48.57142857142857,민주당,제주 제주,남,재선,지역구
공보실장 오재경,67,31,1,2,34,50.74626865671642,미상,미상,미상,미상,미상
보건사회부장관 최재유,46,27,2,5,34,73.91304347826086,미상,미상,미상,미상,미상
임용순 의원,46,31,1,2,34,73.91304347826086,대한청년단,강원 삼척,남,초선,지역구
김판술 의원,44,32,0,2,34,77.27272727272727,민주국민당,전북 군산,남,3선,지역구
위원장대리 김두진,415,33,0,0,33,7.951807228915662,자유당,제주 북제주,남,재선,지역구
조일재 위원,163,25,2,6,33,20.245398773006134,민주당,경남 동래군,남,재선,지역구
강욱중 의원,154,29,2,2,33,21.428571428571427,조선민족청년단,경남 함안,남,초선,지역구
재무부사세국장 권택상,115,30,0,3,33,28.695652173913043,미상,미상,미상,미상,미상
내무부장관 이익흥,102,20,8,5,33,32.35294117647059,미상,미상,미상,미상,미상
이석기 의원,98,25,3,5,33,33.6734693877551,무소속,충남 부여갑,남,3선,지역구
박재홍 의원,93,29,1,3,33,35.483870967741936,국민당,경남 김해갑,남,초선,지역구
이구수 의원,92,12,15,6,33,35.869565217391305,미상,미상,미상,미상,미상
정명섭 위원,77,32,0,1,33,42.857142857142854,자유당,전남 나주군을,남,3선,지역구
농림부차관 김장섭,71,32,0,1,33,46.478873239436616,자유당,경북 영일군을,남,4선,지역구
나희집 위원,70,31,1,1,33,47.14285714285714,자유당,충남 서천,남,초선,지역구
정규상 위원,66,33,0,0,33,50.0,자유당,강원 영월군,남,재선,지역구
한동석 의원,62,32,0,1,33,53.2258064516129,자유당,경기 고양,남,초선,지역구
김판술 위원,61,33,0,0,33,54.09836065573771,민주국민당,전북 군산,남,3선,지역구
김홍식 의원,49,30,0,3,33,67.3469387755102,자유당,경북 고령,남,초선,지역구
농림부차관 정재설,42,32,0,1,33,78.57142857142857,미상,미상,미상,미상,미상
재무부장관 박희현,37,30,0,3,33,89.1891891891892,미상,미상,미상,미상,미상
신성균 의원,279,26,6,0,32,11.469534050179211,무소속,전북 전주,남,초선,지역구
이원장 위원,215,31,1,0,32,14.883720930232558,자유당,충남 보령군,남,재선,지역구
권태희 의원,206,27,4,1,32,15.53398058252427,무소속,경북 김천갑,남,초선,지역구
위원장 정규상,161,32,0,0,32,19.875776397515526,자유당,강원 영월,남,재선,지역구
진헌식 의원,160,31,1,0,32,20.0,대한독립촉성국민회,충남 연기,남,초선,지역구
법제사법위원장 윤만석,157,32,0,0,32,20.382165605095544,자유당,경북 문경,남,초선,지역구
법제사법위원장 윤길중,139,24,5,3,32,23.021582733812952,무소속,강원 원주,남,6선,지역구
백남식 위원,87,28,0,4,32,36.7816091954023,무소속,경북 상주군을,남,재선,지역구
김용우 의원,86,24,1,7,32,37.2093023255814,무소속,서울 서대문구갑,남,초선,지역구
민관식 의원,84,25,1,6,32,38.095238095238095,무소속,서울 동대문구,남,5선,지역구
김경도 의원,80,25,5,2,32,40.0,대한독립촉성국민회,경남 함양,남,초선,지역구
내무부장관 백한성,74,25,4,3,32,43.24324324324324,미상,미상,미상,미상,미상
박종길 위원,71,29,0,3,32,45.07042253521127,무소속,경북 영양군,남,3선,지역구
함두영 의원,68,30,1,1,32,47.05882352941176,자유당,서울 마포구을,남,초선,지역구
농림부농정국장 김인권,55,29,0,3,32,58.18181818181818,미상,미상,미상,미상,미상
부흥부차관 정영기,51,32,0,0,32,62.745098039215684,미상,미상,미상,미상,미상
이춘기 의원,50,29,0,3,32,64.0,무소속,전북 이리,남,재선,지역구
민영남 위원,49,31,0,1,32,65.3061224489796,무소속,전남 해남군을,남,재선,지역구
재정경제위원장 최용근,48,28,0,4,32,66.66666666666666,자유당,강원 강릉,남,재선,지역구
법제사법위원장대리 장경근,326,21,7,3,31,9.509202453987731,자유당,경기 부천,남,재선,지역구
김봉조 의원,156,25,5,1,31,19.871794871794872,교육협회,경북 청송,남,재선,지역구
박해극 의원,131,23,5,3,31,23.66412213740458,무소속,경남 밀양을,남,초선,지역구
공보실장 전성천,86,23,2,6,31,36.04651162790697,미상,미상,미상,미상,미상
김원만 위원,62,27,0,4,31,50.0,민주당,서울 용산구을,남,5선,지역구
재무부차관 윤인상,57,31,0,0,31,54.385964912280706,미상,미상,미상,미상,미상
농림부장관 이종현,53,12,4,15,31,58.490566037735846,미상,미상,미상,미상,미상
재정경제위원장 김수학,47,30,0,1,31,65.95744680851064,무소속,전북 고창갑,남,초선,지역구
신각휴 위원,46,29,0,2,31,67.3913043478261,민주국민당,충북 옥천군,남,3선,지역구
위원장대리 백남식,245,30,0,0,30,12.244897959183673,무소속,경북 상주군을,남,재선,지역구
위원장 신규식,212,30,0,0,30,14.150943396226415,자유당,전북 부안,남,재선,지역구
오석주 의원,129,24,2,4,30,23.25581395348837,대한독립촉성국민회,전남 고흥갑,남,초선,지역구
법무부장관 홍진기,102,28,0,2,30,29.411764705882355,미상,미상,미상,미상,미상
민장식 위원,80,18,4,8,30,37.5,민주당,충북 영동군,남,재선,지역구
배성기 위원,75,26,2,2,30,40.0,민주당,전북 완주군을,남,재선,지역구
육군참모총장 송요찬,71,26,1,3,30,42.25352112676056,미상,미상,미상,미상,미상
김재위 위원,63,29,0,1,30,47.61904761904761,자유당,경남 산청군,남,재선,지역구
주기용 의원,61,20,3,7,30,49.18032786885246,무소속,경남 창원을,남,초선,지역구
원용석 위원,46,27,0,3,30,65.21739130434783,자유당,충남 당진을,남,초선,지역구
문교부장관 이선근,43,25,2,3,30,69.76744186046511,미상,미상,미상,미상,미상
의장 이승만,448,17,9,3,29,6.4732142857142865,대한독립촉성국민회,서울 동대문구갑,남,초선,지역구
서용길 의원,271,22,4,3,29,10.70110701107011,무소속,충남 아산,남,초선,지역구
이성학 의원,202,27,2,0,29,14.356435643564355,대동청년당,전남 해남을,남,초선,지역구
장택상 의원,191,20,5,4,29,15.18324607329843,무소속,경북 칠곡군,남,4선,지역구
박찬현 의원,161,26,2,1,29,18.012422360248447,무소속,경남 부산정,남,4선,지역구
이주형 의원,126,23,4,2,29,23.015873015873016,대한독립촉성국민회,경남 밀양갑,남,초선,지역구
김종철 위원,53,26,0,3,29,54.71698113207547,자유당,충남 천안군을,남,6선,지역구
박찬현 위원,50,24,1,4,29,57.99999999999999,민주당,"경남 부산시,진구을",남,4선,지역구
산업위원장 서상일,44,27,1,1,29,65.9090909090909,한국민주당,경북 대구을,남,재선,지역구
노일환 의원,237,24,2,2,28,11.814345991561181,한국민주당,전북 순창,남,초선,지역구
조재천 위원,182,25,2,1,28,15.384615384615385,민주당,경북 대구시정,남,4선,지역구
박덕영 위원,158,24,4,0,28,17.72151898734177,자유당,강원 화천,남,초선,지역구
위원장 이존화,145,28,0,0,28,19.310344827586206,자유당,전북 완주갑,남,재선,지역구
내무위원장 조경규,142,21,4,3,28,19.718309859154928,무소속,경북 대구갑,남,3선,지역구
유기수 위원,142,27,0,1,28,19.718309859154928,무소속,강원 정선,남,초선,지역구
현석호 의원,77,19,1,8,28,36.36363636363637,자유당,경북 예천군,남,재선,지역구
교통부경리국장 이동희,65,27,1,0,28,43.07692307692308,미상,미상,미상,미상,미상
사무총장 최정우,65,23,0,5,28,43.07692307692308,미상,미상,미상,미상,미상
황숙현 위원,65,26,0,2,28,43.07692307692308,자유당,전남 광양,남,초선,지역구
내무부장관 이근직,49,23,2,3,28,57.14285714285714,미상,미상,미상,미상,미상
체신부전무국장 윤태은,47,24,0,4,28,59.57446808510638,미상,미상,미상,미상,미상
보건사회부장관 정준모,34,18,1,9,28,82.35294117647058,자유당,전북 장수군,남,재선,지역구
위원장 이영희,297,27,0,0,27,9.090909090909092,자유당,경남 의령,남,재선,지역구
손도심 위원,238,19,5,3,27,11.344537815126051,자유당,경기 화성갑,남,재선,지역구
사회보건위원장 김익기,88,26,0,1,27,30.681818181818183,무소속,경북 안동을,남,5선,지역구
전문위원 유진오,87,23,0,4,27,31.03448275862069,미상,미상,미상,미상,미상
윤길중 의원,78,21,4,2,27,34.61538461538461,무소속,강원 원주,남,6선,지역구
김응주 위원,49,24,0,3,27,55.10204081632652,민주당,"경남 부산시,중구",남,4선,지역구
국방부차관 김일환,47,22,0,5,27,57.446808510638306,미상,미상,미상,미상,미상
국방부차관 장경근,47,14,6,7,27,57.446808510638306,미상,미상,미상,미상,미상
예산결산위원장 오위영,42,27,0,0,27,64.28571428571429,무소속,경남 울산갑,남,3선,지역구
김옥주 의원,300,17,5,4,26,8.666666666666668,무소속,전남 광양,남,초선,지역구
이재학 위원,264,22,4,0,26,9.848484848484848,자유당,강원 홍천군,남,5선,지역구
상공위원장 소선규,87,24,0,2,26,29.88505747126437,민주국민당,전북 익산갑,남,4선,지역구
김달호 의원,85,17,4,5,26,30.58823529411765,무소속,경북 상주,남,초선,지역구
양영주 의원,74,23,0,3,26,35.13513513513514,자유당,전북 남원,남,초선,지역구
법무부장관 조용순,57,21,1,4,26,45.614035087719294,미상,미상,미상,미상,미상
조일환 위원,56,25,0,1,26,46.42857142857143,민주당,경북 대구시무,남,4선,지역구
김창동 위원,55,25,0,1,26,47.27272727272727,자유당,충남 청양,남,초선,지역구
안만복 의원,49,21,1,4,26,53.06122448979592,무소속,충남 서산을,남,재선,지역구
국방부차관 이호,36,16,1,9,26,72.22222222222221,미상,미상,미상,미상,미상
위원장 이상용,193,24,1,0,25,12.953367875647666,자유당,"경남 부산시,서구갑",남,초선,지역구
이문원 의원,190,19,5,1,25,13.157894736842104,무소속,전북 익산을,남,초선,지역구
문교사회위원장 이영준,175,25,0,0,25,14.285714285714285,한국민주당,서울 동대문구을,남,4선,지역구
이성득 의원,159,23,2,0,25,15.723270440251572,무소속,경기 개성,남,초선,지역구
서정귀 위원,107,24,1,0,25,23.364485981308412,민주당,경남 통영군,남,재선,지역구
오용국 의원,79,19,1,5,25,31.645569620253166,무소속,제주 남제주,남,초선,지역구
내무부장관 장경근,64,18,2,5,25,39.0625,자유당,경기 부천,남,재선,지역구
윤재근 의원,62,21,1,3,25,40.32258064516129,무소속,경기 강화,남,4선,지역구
내무부장관 민병기,58,22,2,1,25,43.103448275862064,미상,미상,미상,미상,미상
박상길 위원,54,24,0,1,25,46.2962962962963,무소속,경남 함양,남,초선,지역구
외무부장관서리 조정환,50,20,3,2,25,50.0,미상,미상,미상,미상,미상
정준 위원,42,18,0,7,25,59.523809523809526,무소속,경기 김포군,남,4선,지역구
재무부예산국장 이한빈,38,25,0,0,25,65.78947368421053,미상,미상,미상,미상,미상
김수학 의원,29,24,1,0,25,86.20689655172413,무소속,전북 고창갑,남,초선,지역구
부의장 신익희,591,14,8,2,24,4.060913705583756,대한독립촉성국민회,전남 광주,남,3선,지역구
위원장 유용식,231,23,0,1,24,10.38961038961039,자유당,경기 양평,남,초선,지역구
이원홍 의원,186,18,4,2,24,12.903225806451612,대한독립촉성국민회,경남 합천갑,남,재선,지역구
서임수 위원,115,21,1,2,24,20.869565217391305,무소속,강원 철원,남,초선,지역구
위원장대리 정남택,101,23,0,1,24,23.762376237623762,자유당,경북 고령,남,초선,지역구
김의준 의원,91,19,2,3,24,26.373626373626376,무소속,경기 여주군,남,3선,지역구
위원장대리 원용석,87,22,1,1,24,27.586206896551722,자유당,충남 당진을,남,초선,지역구
서민호 의원,80,18,2,4,24,30.0,무소속,전남 고흥을,남,4선,지역구
최용근 위원,70,22,1,1,24,34.285714285714285,자유당,강원 강릉,남,재선,지역구
교통부장관 최인규,58,20,1,3,24,41.37931034482759,자유당,경기 광주,남,초선,지역구
柳鴻 議員,55,23,0,1,24,43.63636363636363,미상,미상,미상,미상,미상
하태환 위원,55,23,0,1,24,43.63636363636363,무소속,경북 포항,남,재선,지역구
홍병각 위원,41,22,1,1,24,58.536585365853654,자유당,충북 충주,남,초선,지역구
정재완 의원,40,17,2,5,24,60.0,무소속,전남 여수,남,4선,지역구
내무부차관 홍범희,38,13,7,4,24,63.1578947368421,미상,미상,미상,미상,미상
내무부차관 김원태,37,23,0,1,24,64.86486486486487,미상,미상,미상,미상,미상
대통령 이승만,37,10,3,11,24,64.86486486486487,대한독립촉성국민회,서울 동대문구갑,남,초선,지역구
김정호 의원,36,20,1,3,24,66.66666666666666,자유당,전남 광양,남,초선,지역구
농림부축정국장 이남신,35,18,0,6,24,68.57142857142857,미상,미상,미상,미상,미상
농림부산림국장 김영준,29,23,0,1,24,82.75862068965517,미상,미상,미상,미상,미상
부흥부장관 김현철,25,23,0,1,24,96.0,미상,미상,미상,미상,미상
위원장대리 이영희,220,19,4,0,23,10.454545454545453,자유당,경남 의령,남,재선,지역구
신영주 위원,152,19,2,2,23,15.131578947368421,무소속,경남 창녕군,남,재선,지역구
최갑환 의원,56,22,0,1,23,41.07142857142857,무소속,경남 고성,남,초선,지역구
신행용 위원,53,21,1,1,23,43.39622641509434,무소속,전남 무안갑,남,초선,지역구
문교부장관 최규남,45,22,1,0,23,51.11111111111111,미상,미상,미상,미상,미상
재정경제위원장대리 양병일,38,22,0,1,23,60.526315789473685,민주국민당,전남 강진,남,재선,지역구
상공부차관 배응도,24,22,0,1,23,95.83333333333334,미상,미상,미상,미상,미상
백관수 의원,254,19,2,1,22,8.661417322834646,한국민주당,전북 고창을,남,초선,지역구
임문석 위원,157,20,1,1,22,14.012738853503185,민주당,경북 대구시병,남,재선,지역구
교통부차관 송원영,132,20,0,2,22,16.666666666666664,미상,미상,미상,미상,미상
오성환 의원,98,20,0,2,22,22.448979591836736,대한국민당,서울 마포구갑,남,초선,지역구
정해준 의원,93,18,2,2,22,23.655913978494624,대한독립촉성국민회,충남 금산,남,초선,지역구
사회보건위원장 박영출,88,15,6,1,22,25.0,대한국민당,경북 의성갑,남,재선,지역구
윤제술 위원,57,19,2,1,22,38.59649122807017,민주당,전북 김제군을,남,6선,지역구
김종신 위원,48,20,2,0,22,45.83333333333333,자유당,경남 마산,남,초선,지역구
안용대 위원,42,20,1,1,22,52.38095238095239,무소속,경북 경주,남,재선,지역구
국무총리 변영태,39,14,2,6,22,56.41025641025641,미상,미상,미상,미상,미상
계광순 위원,34,14,0,8,22,64.70588235294117,민주당,강원 춘천,남,3선,지역구
황경수 의원,31,19,0,3,22,70.96774193548387,자유당,경기 평택,남,초선,지역구
국무총리 백두진,30,20,0,2,22,73.33333333333333,미상,미상,미상,미상,미상
농림부차관 원용석,30,18,0,4,22,73.33333333333333,미상,미상,미상,미상,미상
사회부차관 최창순,25,5,2,15,22,88.0,미상,미상,미상,미상,미상
의장대리 조봉암,755,17,2,2,21,2.781456953642384,대한국민당,경기 인천병,남,재선,지역구
위원장 이종수,178,19,2,0,21,11.797752808988763,자유당,경남 김해을,남,3선,지역구
위원장 이영언,138,21,0,0,21,15.217391304347828,자유당,"경남 부산시,영도갑",남,재선,지역구
류지원 위원,136,18,1,2,21,15.441176470588236,미상,미상,미상,미상,미상
김재학 의원,121,20,0,1,21,17.355371900826448,한국민주당,경남 통영갑,남,초선,지역구
나용균 의원,114,15,4,2,21,18.421052631578945,한국민주당,전북 정읍갑,남,4선,지역구
최헌길 의원,107,18,2,1,21,19.626168224299064,대한독립촉성국민회,강원 강릉을,남,재선,지역구
김상돈 위원,73,18,0,3,21,28.767123287671232,민주당,서울 마포구,남,4선,지역구
전문위원 오표,65,19,0,2,21,32.30769230769231,미상,미상,미상,미상,미상
황호현 위원,57,21,0,0,21,36.84210526315789,무소속,강원 평창군,남,3선,지역구
민경식 의원,55,20,1,0,21,38.18181818181819,대한독립촉성국민회,경기 용인,남,초선,지역구
신태권 위원,53,18,1,2,21,39.62264150943396,자유당,충남 논산갑,남,초선,지역구
권태욱 의원,52,19,0,2,21,40.38461538461539,무소속,경남 마산,남,재선,지역구
법제처장 신태익,48,21,0,0,21,43.75,미상,미상,미상,미상,미상
민영남 의원,46,17,1,3,21,45.65217391304348,무소속,전남 해남군을,남,재선,지역구
진석중 위원,46,19,1,1,21,45.65217391304348,자유당,경남 거제,남,초선,지역구
국무원사무국장 문봉제,41,20,1,0,21,51.21951219512195,미상,미상,미상,미상,미상
이채오 의원,40,17,2,2,21,52.5,무소속,경남 통영을,남,초선,지역구
국무총리 장면,35,13,2,6,21,60.0,미상,미상,미상,미상,미상
교통부차관 김윤기,33,18,0,3,21,63.63636363636363,미상,미상,미상,미상,미상
전매청장 안정근,31,19,0,2,21,67.74193548387096,미상,미상,미상,미상,미상
교통부장관 김석관,29,12,3,6,21,72.41379310344827,미상,미상,미상,미상,미상
농림부차관 정구흥,29,21,0,0,21,72.41379310344827,미상,미상,미상,미상,미상
예산결산위원장 박흥규,28,21,0,0,21,75.0,자유당,전남 광주병,남,재선,지역구
상공부장관 이재형,25,17,1,3,21,84.0,대한국민당,경기 시흥,남,7선,지역구
안덕기 위원,24,19,0,2,21,87.5,자유당,경남 울산갑,남,초선,지역구
임철호 위원,189,18,2,0,20,10.582010582010582,자유당,충남 부여을,남,초선,지역구
윤명운 위원,164,14,4,2,20,12.195121951219512,민주당,서울 영등포구갑,남,재선,지역구
김인식 의원,120,12,5,3,20,16.666666666666664,대동청년당,경기 옹진을,남,초선,지역구
최국현 의원,113,15,3,2,20,17.699115044247787,무소속,경기 고양을,남,재선,지역구
법제사법위원장 김의준,106,18,1,1,20,18.867924528301888,무소속,경기 여주,남,3선,지역구
김춘호 의원,86,20,0,0,20,23.25581395348837,자유당,전북 이리,남,초선,지역구
상공위원장대리 이채오,75,15,3,2,20,26.666666666666668,무소속,경남 통영을,남,초선,지역구
손도심 의원,70,9,6,5,20,28.57142857142857,자유당,경기 화성갑,남,재선,지역구
김종회 의원,65,15,1,4,20,30.76923076923077,무소속,충남 대덕,남,초선,지역구
최윤동 의원,59,10,5,5,20,33.89830508474576,한국민주당,경북 대구갑,남,초선,지역구
김상순 의원,57,18,0,2,20,35.08771929824561,한국민주당,전남 장성,남,초선,지역구
정헌주 위원,55,16,2,2,20,36.36363636363637,민주당,경남 사천군,남,5선,지역구
박창화 위원,52,20,0,0,20,38.46153846153847,민주당,경남 밀양갑,남,초선,지역구
법무부차관 신언한,50,16,0,4,20,40.0,미상,미상,미상,미상,미상
김철안 의원,43,14,3,3,20,46.51162790697674,자유당,경북 금릉군,여,재선,지역구
전매청총무국장 박도언,43,20,0,0,20,46.51162790697674,미상,미상,미상,미상,미상
문교부장관 안호상,30,19,1,0,20,66.66666666666666,미상,미상,미상,미상,미상
국방부장관 손원일,27,17,1,2,20,74.07407407407408,미상,미상,미상,미상,미상
내무치안위원장대리 김광준,205,12,7,0,19,9.268292682926829,무소속,경북 울진,남,3선,지역구
조봉암 의원,105,17,2,0,19,18.095238095238095,대한국민당,경기 인천병,남,재선,지역구
김익로 의원,102,16,1,2,19,18.627450980392158,미상,미상,미상,미상,미상
내무위원장 한희석,80,15,2,2,19,23.75,자유당,충남 천안군,남,재선,지역구
나상근 위원,69,16,0,3,19,27.536231884057973,자유당,강원 인제,남,초선,지역구
장택상 위원,62,17,1,1,19,30.64516129032258,무소속,경북 칠곡군,남,4선,지역구
김선우 위원,46,14,1,4,19,41.30434782608695,자유당,충북 보은,남,재선,지역구
임흥순 의원,46,7,5,7,19,41.30434782608695,민주국민당,서울 성동구을,남,재선,지역구
국방부장관 김용우,40,13,1,5,19,47.5,미상,미상,미상,미상,미상
농림부차관 권성기,40,19,0,0,19,47.5,미상,미상,미상,미상,미상
의사과장 최윤전,34,19,0,0,19,55.88235294117647,미상,미상,미상,미상,미상
외무부차관 최규하,31,9,2,8,19,61.29032258064516,미상,미상,미상,미상,미상
기획처장 이순탁,21,16,0,3,19,90.47619047619048,미상,미상,미상,미상,미상
안균섭 위원,140,12,5,1,18,12.857142857142856,자유당,전북 남원을,남,초선,지역구
배중혁 의원,123,14,2,2,18,14.634146341463413,대동청년당,경북 봉화,남,초선,지역구
위원장 지대형,81,18,0,0,18,22.22222222222222,미상,미상,미상,미상,미상
이용설 의원,65,15,2,1,18,27.692307692307693,무소속,경기 인천시갑,남,초선,지역구
서순영 의원,59,16,0,2,18,30.508474576271187,무소속,경남 통영을,남,초선,지역구
변진갑 위원,53,17,1,0,18,33.9622641509434,무소속,전남 장성군,남,3선,지역구
반재현 위원,52,12,0,6,18,34.61538461538461,무소속,경북 청도,남,초선,지역구
엄병학 의원,52,16,2,0,18,34.61538461538461,대한국민당,전북 임실,남,재선,지역구
산업위원장대리 이병관,51,16,1,1,18,35.294117647058826,무소속,경북 김천을,남,초선,지역구
신용욱 의원,46,17,0,1,18,39.130434782608695,무소속,전북 고창을,남,재선,지역구
방만수 의원,40,14,1,3,18,45.0,무소속,경북 경산,남,초선,지역구
서인홍 위원,34,18,0,0,18,52.94117647058824,무소속,경남 진주,남,초선,지역구
재정경제위원장대리 이충환,27,16,1,1,18,66.66666666666666,무소속,충북 진천,남,6선,지역구
김병순 위원,25,14,0,4,18,72.0,자유당,전남 해남군갑,남,4선,지역구
심계원장 최하영,25,16,0,2,18,72.0,미상,미상,미상,미상,미상
정준모 위원,25,14,0,4,18,72.0,자유당,전북 장수,남,재선,지역구
상공부장관 김훈,19,13,0,5,18,94.73684210526315,미상,미상,미상,미상,미상
법제사법위원장대리 엄상섭,264,10,6,1,17,6.4393939393939394,무소속,전남 광양,남,재선,지역구
김우식 의원,120,16,1,0,17,14.166666666666666,전도회,경북 달성,남,초선,지역구
조경규 의원,69,14,1,2,17,24.637681159420293,무소속,경북 대구갑,남,3선,지역구
유옥우 의원(계속),66,17,0,0,17,25.757575757575758,자유당,전남 무안군을,남,5선,지역구
헌병사령관 원용덕,66,10,6,1,17,25.757575757575758,미상,미상,미상,미상,미상
이훈구 의원,53,12,2,3,17,32.075471698113205,무소속,충남 서천,남,재선,지역구
육군본부관리부장 강영훈,50,16,0,1,17,34.0,민주당,경기 양주갑,남,재선,지역구
김인태 의원,40,13,1,3,17,42.5,무소속,경기 화성갑,남,초선,지역구
박세경 의원,40,16,0,1,17,42.5,자유당,전북 임실군,남,재선,지역구
정남택 위원,37,17,0,0,17,45.94594594594595,자유당,경북 고령,남,초선,지역구
강승구 의원,36,11,4,2,17,47.22222222222222,무소속,경기 양주군을,남,3선,지역구
권복인 위원,36,16,0,1,17,47.22222222222222,자유당,충북 옥천군,남,초선,지역구
정규상 의원,36,17,0,0,17,47.22222222222222,자유당,강원 영월군,남,재선,지역구
김달수 위원,35,17,0,0,17,48.57142857142857,자유당,충남 공주군을,남,재선,지역구
재무부이재국장 김종대,33,14,1,2,17,51.515151515151516,미상,미상,미상,미상,미상
주요한 의원,33,12,1,4,17,51.515151515151516,민주당,서울 중구갑,남,재선,지역구
송창식 의원,32,16,0,1,17,53.125,대한독립촉성국민회,경기 이천,남,초선,지역구
신의식 위원,30,17,0,0,17,56.666666666666664,자유당,경기 용인시,남,재선,지역구
내무부차관 정운갑,29,14,0,3,17,58.620689655172406,미상,미상,미상,미상,미상
농림부장관 최규옥,28,15,0,2,17,60.71428571428571,미상,미상,미상,미상,미상
전문위원 유태영,27,16,0,1,17,62.96296296296296,미상,미상,미상,미상,미상
조광희 위원,27,12,0,5,17,62.96296296296296,자유당,경북 상주갑,남,초선,지역구
최인규 위원,26,16,0,1,17,65.38461538461539,자유당,경기 광주,남,초선,지역구
외무부차관 김동조,25,11,1,5,17,68.0,미상,미상,미상,미상,미상
외자청장서리 신현확,25,15,0,2,17,68.0,미상,미상,미상,미상,미상
상공위원장 황병규,24,14,1,2,17,70.83333333333334,대한국민당,전남 여천,남,재선,지역구
이종남 의원,24,14,1,2,17,70.83333333333334,민주당,"경남 부산시,진구갑",남,3선,지역구
사회부차관 김용택,20,15,0,2,17,85.0,미상,미상,미상,미상,미상
내무치안위원장 나용균,146,14,2,0,16,10.95890410958904,한국민주당,전북 정읍갑,남,4선,지역구
박우경 의원,143,13,3,0,16,11.188811188811188,무소속,충북 영동,남,초선,지역구
상공위원장대리 태완선,117,13,0,3,16,13.675213675213676,무소속,강원 영월,남,3선,지역구
윤재근 위원,83,16,0,0,16,19.27710843373494,무소속,경기 강화군,남,4선,지역구
문시환 의원,82,15,1,0,16,19.51219512195122,조선민족청년단,경남 부산갑,남,초선,지역구
육홍균 의원,72,13,1,2,16,22.22222222222222,대한독립촉성국민회,경북 선산,남,재선,지역구
운영위원장 박영출,46,13,0,3,16,34.78260869565217,자유당,경북 의성갑,남,재선,지역구
한희석 의원,46,15,0,1,16,34.78260869565217,자유당,충남 천안군,남,재선,지역구
이동근 위원,40,16,0,0,16,40.0,자유당,강원 양양,남,초선,지역구
내무부차관 장경근,37,7,2,7,16,43.24324324324324,미상,미상,미상,미상,미상
신정호 의원,36,15,0,1,16,44.44444444444444,무소속,충북 청원군갑,남,재선,지역구
구태회 위원,35,16,0,0,16,45.714285714285715,자유당,경남 진양,남,6선,지역구
김재곤 의원,34,12,0,4,16,47.05882352941176,자유당,경기 인천시갑,남,3선,지역구
체신부경리국장 김봉렬,34,14,0,2,16,47.05882352941176,미상,미상,미상,미상,미상
홍봉진 위원,34,15,0,1,16,47.05882352941176,민주당,경기 화성을,남,초선,지역구
국무원사무국장 신두영,33,13,0,3,16,48.484848484848484,미상,미상,미상,미상,미상
정순조 의원,31,12,2,2,16,51.61290322580645,대한독립촉성국민회,전남 광주갑,남,초선,지역구
정해영 의원,19,15,0,1,16,84.21052631578947,자유당,경남 울산군을,남,7선,지역구
기획처장 김훈,18,16,0,0,16,88.88888888888889,미상,미상,미상,미상,미상
예산결산위원장 박용익,18,16,0,0,16,88.88888888888889,무소속,강원 강릉시을,남,재선,지역구
이정휴 위원,400,11,4,0,15,3.75,자유당,전남 광산,남,초선,지역구
위원장 김원태,254,15,0,0,15,5.905511811023622,자유당,충북 괴산군,남,3선,지역구
위원장 안용백,147,12,3,0,15,10.204081632653061,자유당,전남 보성,남,초선,지역구
김영동 의원,135,13,0,2,15,11.11111111111111,무소속,전북 고창갑,남,초선,지역구
박기운 의원,84,9,2,4,15,17.857142857142858,무소속,충북 청주,남,3선,지역구
내무위원장 서민호,66,15,0,0,15,22.727272727272727,무소속,전남 고흥을,남,4선,지역구
황윤호 의원,58,10,1,4,15,25.862068965517242,무소속,경남 진양,남,초선,지역구
도진희 의원,51,10,3,2,15,29.411764705882355,자유당,경북 성주,남,초선,지역구
이사형 위원,47,8,3,4,15,31.914893617021278,무소속,전남 나주갑,남,초선,지역구
외무위원장 황성수,41,9,5,1,15,36.58536585365854,무소속,서울 용산구갑,남,4선,지역구
주금용 위원,41,13,1,1,15,36.58536585365854,무소속,경남 진해,남,초선,지역구
재정경제위원장대리 이종수,38,14,0,1,15,39.473684210526315,무소속,경남 김해을,남,3선,지역구
내무부토목국장 황정철,36,14,0,1,15,41.66666666666667,미상,미상,미상,미상,미상
정기원 의원,32,8,5,2,15,46.875,무소속,경남 부산정,남,재선,지역구
서상덕 의원,28,10,0,5,15,53.57142857142857,대한청년단,전남 나주을,남,초선,지역구
신태권 의원,28,13,2,0,15,53.57142857142857,자유당,충남 논산갑,남,초선,지역구
최병국 의원,28,14,0,1,15,53.57142857142857,자유당,경기 화성을,남,초선,지역구
문교부장관 백낙준,27,8,0,7,15,55.55555555555556,미상,미상,미상,미상,미상
윤성순 의원,27,8,4,3,15,55.55555555555556,무소속,경기 포천,남,3선,지역구
조종호 위원,27,14,0,1,15,55.55555555555556,무소속,충북 단양군,남,4선,지역구
구황실재산사무총국장 윤우경,26,12,1,2,15,57.692307692307686,미상,미상,미상,미상,미상
부흥위원장 구흥남,24,14,0,1,15,62.5,자유당,전남 화순군,남,재선,지역구
이옥동 위원,24,3,2,10,15,62.5,무소속,전북 진안,남,초선,지역구
오위영 위원,23,15,0,0,15,65.21739130434783,민주당,"경남 부산시,동구을",남,3선,지역구
전문위원 남흥우,22,15,0,0,15,68.18181818181817,미상,미상,미상,미상,미상
부흥부차관 오영재,21,14,0,1,15,71.42857142857143,미상,미상,미상,미상,미상
강종무 위원,19,14,0,1,15,78.94736842105263,자유당,경남 김해갑,남,초선,지역구
농림위원장 신규식,19,15,0,0,15,78.94736842105263,자유당,전북 부안,남,재선,지역구
김형덕 의원,17,12,1,2,15,88.23529411764706,무소속,경남 밀양을,남,재선,지역구
증인 이창우,68,10,1,3,14,20.588235294117645,미상,미상,미상,미상,미상
위원장대리 문종두,59,12,1,1,14,23.728813559322035,무소속,경북 김천,남,재선,지역구
이항발 의원,51,12,1,1,14,27.450980392156865,무소속,전남 나주갑,남,초선,지역구
정명섭 의원,49,12,0,2,14,28.57142857142857,자유당,전남 나주군을,남,3선,지역구
천세기 의원,49,12,1,1,14,28.57142857142857,무소속,경기 양평군,남,재선,지역구
정성태 의원,42,12,1,1,14,33.33333333333333,무소속,전남 광주,남,6선,지역구
운영위원장 오성환,37,13,0,1,14,37.83783783783784,대한국민당,서울 마포구갑,남,초선,지역구
나희집 의원,34,11,2,1,14,41.17647058823529,자유당,충남 서천,남,초선,지역구
박성하 의원,34,13,0,1,14,41.17647058823529,중앙불교위원회,경북 대구을,남,초선,지역구
체신부경리국장 지창하,31,14,0,0,14,45.16129032258064,미상,미상,미상,미상,미상
문종두 의원,30,9,3,2,14,46.666666666666664,무소속,경북 김천군,남,재선,지역구
내무부장관 김효석,26,12,1,1,14,53.84615384615385,대한독립촉성국민회,경남 합천을,남,초선,지역구
박흥규 의원,26,12,0,2,14,53.84615384615385,자유당,전남 광산을,남,재선,지역구
윤제술 의원,26,12,0,2,14,53.84615384615385,무소속,전북 김제군을,남,6선,지역구
이태용 의원,26,13,1,0,14,53.84615384615385,자유당,충북 제천,남,4선,지역구
전매청장 김치영,25,12,1,1,14,56.00000000000001,미상,미상,미상,미상,미상
황남팔 위원,24,13,0,1,14,58.333333333333336,자유당,경남 진양,남,재선,지역구
김기철 위원,22,13,0,1,14,63.63636363636363,자유당,충북 충주,남,4선,지역구
법원행정처장 한성수,22,13,0,1,14,63.63636363636363,미상,미상,미상,미상,미상
농림부장관 윤영선,21,14,0,0,14,66.66666666666666,민주국민당,전남 해남갑,남,초선,지역구
상공부장관 윤보선,21,12,0,2,14,66.66666666666666,미상,미상,미상,미상,미상
내무부토목국장 민한식,18,13,0,1,14,77.77777777777779,미상,미상,미상,미상,미상
보건사회부차관 신효선,18,12,0,2,14,77.77777777777779,미상,미상,미상,미상,미상
최원호 의원,18,13,0,1,14,77.77777777777779,민주국민당,경남 김해갑,남,재선,지역구
재정경제위원장대리 김석진,14,14,0,0,14,100.0,자유당,전남 해남을,남,초선,지역구
진형하 위원,174,7,4,2,13,7.471264367816093,민주당,충남 대전을,남,3선,지역구
박충모 위원,98,11,1,1,13,13.26530612244898,민주당,강원 원주,남,재선,지역구
증인 김용후,66,13,0,0,13,19.696969696969695,미상,미상,미상,미상,미상
김형돈 위원,60,12,1,0,13,21.666666666666668,자유당,경남 창원갑,남,초선,지역구
김영삼 의원,56,12,0,1,13,23.214285714285715,자유당,경남 거제군,남,9선,지역구
장석윤 위원,53,12,1,0,13,24.528301886792452,자유당,강원 횡성,남,재선,지역구
조규갑 의원,50,11,2,0,13,26.0,무소속,경남 김해을,남,초선,지역구
구황실재산관리사무총국장 윤우경,41,11,2,0,13,31.70731707317073,미상,미상,미상,미상,미상
김장렬 의원,41,10,2,1,13,31.70731707317073,미상,미상,미상,미상,미상
김정두 의원,41,12,0,1,13,31.70731707317073,무소속,전북 순창,남,초선,지역구
육군본부군수참모부장 김웅수,39,11,0,2,13,33.33333333333333,미상,미상,미상,미상,미상
구철회 위원,37,11,0,2,13,35.13513513513514,민주당,경기 용인,남,초선,지역구
정헌조 의원,36,12,0,1,13,36.11111111111111,대한청년단,전남 영광,남,재선,지역구
공보실장 갈홍기,33,13,0,0,13,39.39393939393939,미상,미상,미상,미상,미상
한국원 의원,31,8,1,4,13,41.935483870967744,무소속,경북 영덕,남,초선,지역구
교통부장관 허정,30,11,1,1,13,43.333333333333336,한국민주당,경남 부산을,남,초선,지역구
이교선 의원,27,9,0,4,13,48.148148148148145,무소속,경기 안성,남,재선,지역구
국방부차관 김용우,25,13,0,0,13,52.0,미상,미상,미상,미상,미상
농림위원장 나희집,21,12,0,1,13,61.904761904761905,자유당,충남 서천,남,초선,지역구
상공부공업국장 강용옥,21,12,0,1,13,61.904761904761905,미상,미상,미상,미상,미상
윤병구 위원,21,11,0,2,13,61.904761904761905,자유당,충남 예산군,남,재선,지역구
산업위원장대리 이석주,15,12,0,1,13,86.66666666666667,대한독립촉성국민회,전북 완주을,남,초선,지역구
피고 강정규,189,2,10,0,12,6.349206349206349,미상,미상,미상,미상,미상
한근조 위원,98,12,0,0,12,12.244897959183673,민주당,서울 종로구을,남,3선,지역구
김훈 위원,96,11,1,0,12,12.5,민주당,경기 인천시병,남,재선,지역구
사무총장 전규홍,94,6,1,5,12,12.76595744680851,미상,미상,미상,미상,미상
법제사법위원장대리 정존수,84,12,0,0,12,14.285714285714285,자유당,경기 수원,남,재선,지역구
김두한 의원,50,8,3,1,12,24.0,무소속,서울 종로구을,남,재선,지역구
최희송 위원,50,10,2,0,12,24.0,민주당,경북 대구시을,남,4선,지역구
김익기 의원,49,10,1,1,12,24.489795918367346,무소속,경북 안동을,남,5선,지역구
조순 위원,49,10,1,1,12,24.489795918367346,자유당,전남 곡성군,남,3선,지역구
최석화 의원,44,9,2,1,12,27.27272727272727,무소속,경기 평택,남,초선,지역구
염우량 의원,40,11,0,1,12,30.0,자유당,충남 공주갑,남,초선,지역구
국방위원장 류지원,39,9,1,2,12,30.76923076923077,미상,미상,미상,미상,미상
증인 조대훈,36,11,0,1,12,33.33333333333333,미상,미상,미상,미상,미상
국무총리서리 허정,33,6,1,5,12,36.36363636363637,미상,미상,미상,미상,미상
내무부장관 윤치영,33,3,7,2,12,36.36363636363637,한국민주당,서울 중구,남,4선,지역구
이철승 의원(계속),32,10,0,2,12,37.5,무소속,전북 전주,남,7선,지역구
내무부차관 우만형,27,7,3,2,12,44.44444444444444,미상,미상,미상,미상,미상
김종신 의원,23,9,2,1,12,52.17391304347826,자유당,경남 마산,남,초선,지역구
해병대사령관 김대식,22,5,0,7,12,54.54545454545454,미상,미상,미상,미상,미상
공군참모총장 김창규,21,11,0,1,12,57.14285714285714,미상,미상,미상,미상,미상
사회보건위원장 김철안,20,11,0,1,12,60.0,자유당,경북 금릉군,여,재선,지역구
내무부지방국장 최병환,19,10,0,2,12,63.1578947368421,미상,미상,미상,미상,미상
농림부장관 함인섭,19,11,0,1,12,63.1578947368421,미상,미상,미상,미상,미상
최영철 위원,15,11,0,1,12,80.0,무소속,전남 나주갑,남,초선,지역구
사회부장관 박술음,14,5,1,6,12,85.71428571428571,미상,미상,미상,미상,미상
상공부장관 안동혁,13,11,0,1,12,92.3076923076923,미상,미상,미상,미상,미상
상공위원장 이갑식,12,8,0,4,12,100.0,무소속,전남 구례군,남,재선,지역구
위원장 손재형,132,10,1,0,11,8.333333333333332,무소속,전남 진도군,남,재선,지역구
위원장 손문경,117,11,0,0,11,9.401709401709402,자유당,전남 고흥갑,남,재선,지역구
증인 최경남,113,7,4,0,11,9.734513274336283,미상,미상,미상,미상,미상
조병한 의원,47,8,2,1,11,23.404255319148938,무소속,경북 문경,남,초선,지역구
제2군사령관 최영희,41,7,2,2,11,26.82926829268293,미상,미상,미상,미상,미상
이성주 의원,38,9,2,0,11,28.947368421052634,자유당,경기 고양,남,초선,지역구
내무부차관 이성우,35,5,4,2,11,31.428571428571427,미상,미상,미상,미상,미상
양우정 의원,30,7,3,1,11,36.666666666666664,무소속,경남 함안,남,초선,지역구
이존화 의원,30,10,0,1,11,36.666666666666664,자유당,전북 완주군갑,남,재선,지역구
허영호 의원,30,10,1,0,11,36.666666666666664,무소속,경남 부산갑,남,초선,지역구
운영위원장 김춘호,29,11,0,0,11,37.93103448275862,자유당,전북 이리,남,초선,지역구
해군참모총장 이용운,29,8,2,1,11,37.93103448275862,미상,미상,미상,미상,미상
정세환 위원,28,10,1,0,11,39.285714285714285,무소속,전북 고창갑,남,재선,지역구
사무총장 박종만,27,6,1,4,11,40.74074074074074,미상,미상,미상,미상,미상
김성삼 의원,24,7,0,4,11,45.83333333333333,자유당,경남 창원갑,남,초선,지역구
내무부차관 황호현,24,9,2,0,11,45.83333333333333,미상,미상,미상,미상,미상
재무부사세국장 김만기,21,10,0,1,11,52.38095238095239,미상,미상,미상,미상,미상
국방부장관 신성모,19,3,4,4,11,57.89473684210527,미상,미상,미상,미상,미상
내무위원장대리 이석기,19,11,0,0,11,57.89473684210527,무소속,충남 부여갑,남,3선,지역구
상공부장관 임영신,19,6,0,5,11,57.89473684210527,대한여자국민당,경북 안동을,여,재선,지역구
조병옥 위원,19,11,0,0,11,57.89473684210527,민주당,서울 성동구을,남,재선,지역구
상공부전기국장 박상운,18,11,0,0,11,61.111111111111114,미상,미상,미상,미상,미상
이병관 의원,18,10,1,0,11,61.111111111111114,무소속,경북 김천을,남,초선,지역구
윤보선 의원,17,8,0,3,11,64.70588235294117,민주국민당,서울 종로구갑,남,4선,지역구
공군참모총장 장덕창,16,10,0,1,11,68.75,미상,미상,미상,미상,미상
교통부장관 윤성순,15,9,0,2,11,73.33333333333333,무소속,경기 포천,남,3선,지역구
교통체신위원장 남송학,15,11,0,0,11,73.33333333333333,자유당,서울 용산구을,남,재선,지역구
정준모 의원,15,10,0,1,11,73.33333333333333,자유당,전북 장수군,남,재선,지역구
재무부차관 강성태,14,11,0,0,11,78.57142857142857,미상,미상,미상,미상,미상
한국은행부총재 송인상,14,11,0,0,11,78.57142857142857,미상,미상,미상,미상,미상
예산결산위원장대리 이춘기,13,11,0,0,11,84.61538461538461,무소속,전북 이리,남,재선,지역구
부흥부차관 김치영,12,11,0,0,11,91.66666666666666,미상,미상,미상,미상,미상
이정희 의원,12,7,1,3,11,91.66666666666666,자유당,경북 영주군,남,재선,지역구
법제사법위원장 백관수,147,8,1,1,10,6.802721088435375,한국민주당,전북 고창을,남,초선,지역구
위원장 류지원,85,9,1,0,10,11.76470588235294,미상,미상,미상,미상,미상
정도영 의원,79,9,1,0,10,12.658227848101266,대한독립촉성국민회,경북 영천갑,남,초선,지역구
柳聖甲 議員,79,8,2,0,10,12.658227848101266,미상,미상,미상,미상,미상
위원장대리 정상열,76,10,0,0,10,13.157894736842104,자유당,충남 대전,남,초선,지역구
내무위원장대리 안용대,73,3,5,2,10,13.698630136986301,무소속,경북 경주갑,남,재선,지역구
홍순옥 의원,70,5,3,2,10,14.285714285714285,무소속,경남 창원갑,남,초선,지역구
홍범희 위원,64,7,0,3,10,15.625,자유당,강원 원성,남,재선,지역구
김상덕 의원,62,4,5,1,10,16.129032258064516,민족통일본부,경북 고령,남,초선,지역구
위원장 손석두,60,10,0,0,10,16.666666666666664,자유당,전남 장흥,남,재선,지역구
윤석구 의원,58,6,2,2,10,17.24137931034483,무소속,전북 군산,남,초선,지역구
조영규 의원(계속),58,9,0,1,10,17.24137931034483,민주국민당,전남 영광군,남,4선,지역구
이유선 의원,46,9,0,1,10,21.73913043478261,대한독립촉성국민회,경기 부천,남,초선,지역구
송봉해 의원,42,7,1,2,10,23.809523809523807,대한독립촉성국민회,전남 해남갑,남,초선,지역구
반장 서임수,40,10,0,0,10,25.0,무소속,강원 철원,남,초선,지역구
사무총장대리 정홍섭,38,8,0,2,10,26.31578947368421,미상,미상,미상,미상,미상
서동진 의원,32,9,0,1,10,31.25,민주국민당,경북 대구시갑,남,재선,지역구
윤택중 의원,32,7,2,1,10,31.25,민주국민당,전북 익산을,남,3선,지역구
김의택 의원,31,7,0,3,10,32.25806451612903,무소속,전남 함평군,남,4선,지역구
한희석 위원,31,9,1,0,10,32.25806451612903,자유당,충남 천안갑,남,재선,지역구
공군본부시설감 최해인,30,9,0,1,10,33.33333333333333,미상,미상,미상,미상,미상
김지준 위원,29,7,2,1,10,34.48275862068966,자유당,충남 홍성,남,초선,지역구
국방위원장 김종회,28,6,1,3,10,35.714285714285715,무소속,충남 대덕,남,초선,지역구
류홍 위원,27,8,1,1,10,37.03703703703704,민주당,서울 영등포구을,남,3선,지역구
류순식 의원,26,8,1,1,10,38.46153846153847,미상,미상,미상,미상,미상
김준연 위원,25,9,1,0,10,40.0,통일당,전남 영암군,남,5선,지역구
서울특별시장 임흥순,22,9,0,1,10,45.45454545454545,미상,미상,미상,미상,미상
강승구 위원,19,10,0,0,10,52.63157894736842,무소속,경기 양주군을,남,3선,지역구
임문석 의원,19,8,2,0,10,52.63157894736842,민주당,경북 대구시병,남,재선,지역구
최석림 위원,19,10,0,0,10,52.63157894736842,무소속,경남 고성군,남,4선,지역구
내무부차관 김장섭,18,10,0,0,10,55.55555555555556,자유당,경북 영일군을,남,4선,지역구
농림부양정국장 김봉관,18,9,0,1,10,55.55555555555556,미상,미상,미상,미상,미상
윤병호 의원,18,7,0,3,10,55.55555555555556,무소속,경남 남해,남,초선,지역구
이갑식 위원,16,8,0,2,10,62.5,자유당,전남 구례,남,재선,지역구
김삭 위원,15,10,0,0,10,66.66666666666666,민주당,전남 무안병,남,초선,지역구
외자청장 안희경,15,10,0,0,10,66.66666666666666,미상,미상,미상,미상,미상
농림부양정국양정과장 윤의주,14,9,0,1,10,71.42857142857143,미상,미상,미상,미상,미상
서인홍 의원,14,10,0,0,10,71.42857142857143,무소속,경남 진주,남,초선,지역구
안용백 위원,14,10,0,0,10,71.42857142857143,자유당,전남 보성,남,초선,지역구
해군참모총장 정긍모,14,8,0,2,10,71.42857142857143,미상,미상,미상,미상,미상
정대천 의원,13,9,1,0,10,76.92307692307693,자유당,경기 파주군,남,재선,지역구
지영진 위원,13,9,0,1,10,76.92307692307693,자유당,경남 양산군,남,재선,지역구
외무위원장 정일형,12,6,2,2,10,83.33333333333334,무소속,서울 중구을,남,8선,지역구
전원위원장 지대형,11,10,0,0,10,90.9090909090909,미상,미상,미상,미상,미상
재정경제위원장 손석두,10,10,0,0,10,100.0,자유당,전남 장흥,남,재선,지역구
재정경제위원장 오위영,10,10,0,0,10,100.0,무소속,경남 울산갑,남,3선,지역구
정중섭 위원,131,8,1,0,9,6.870229007633588,민주당,전남 목포,남,재선,지역구
신상학 의원,122,8,1,0,9,7.377049180327869,무소속,경남 김해갑,남,초선,지역구
법제사법위원장 이인,110,7,1,1,9,8.181818181818182,무소속,서울 종로구을,남,3선,지역구
유성갑 의원,96,9,0,0,9,9.375,단민당,전남 고흥을,남,초선,지역구
반장 신영주,93,6,3,0,9,9.67741935483871,무소속,경남 창녕군,남,재선,지역구
전문위원 이천승,75,8,0,1,9,12.0,미상,미상,미상,미상,미상
서정희 의원,57,7,2,0,9,15.789473684210526,한국민주당,경기 포천,남,초선,지역구
강세형 의원,52,7,2,0,9,17.307692307692307,무소속,전북 익산을,남,초선,지역구
서성달 의원,52,7,2,0,9,17.307692307692307,대한독립촉성국민회,경기 고양갑,남,초선,지역구
우문 의원,45,7,1,1,9,20.0,대한국민당,경북 김천,남,초선,지역구
전문위원 윤길중,43,8,0,1,9,20.930232558139537,미상,미상,미상,미상,미상
유승준 위원,41,8,0,1,9,21.951219512195124,민주당,충남 홍성군,남,재선,지역구
박순석 위원,37,9,0,0,9,24.324324324324326,자유당,경북 영일군갑,남,3선,지역구
제6군단장 백인엽,35,6,2,1,9,25.71428571428571,미상,미상,미상,미상,미상
김일 의원,27,7,2,0,9,33.33333333333333,자유당,서울 성북구,남,초선,지역구
제2군사령부경리부장 지기섭,27,8,0,1,9,33.33333333333333,미상,미상,미상,미상,미상
김정근 위원,26,9,0,0,9,34.61538461538461,무소속,경북 상주군을,남,재선,지역구
해무청장 민복기,26,9,0,0,9,34.61538461538461,미상,미상,미상,미상,미상
구흥남 의원,23,9,0,0,9,39.130434782608695,자유당,전남 화순군,남,재선,지역구
국방위원장 하태환,22,8,0,1,9,40.909090909090914,자유당,경북 포항,남,재선,지역구
이존화 위원,21,8,1,0,9,42.857142857142854,자유당,전북 완주군갑,남,재선,지역구
국방부차관보 백선진,20,9,0,0,9,45.0,미상,미상,미상,미상,미상
윤담 위원,19,8,1,0,9,47.368421052631575,민주당,충남 논산을,남,3선,지역구
신의식 의원,18,9,0,0,9,50.0,자유당,경기 용인시,남,재선,지역구
육군참모총장 백선엽,18,4,0,5,9,50.0,미상,미상,미상,미상,미상
체신부경리국사계과장 김형희,18,8,0,1,9,50.0,미상,미상,미상,미상,미상
현오봉 위원,18,9,0,0,9,50.0,무소속,제주 남제주군,남,6선,지역구
농림부농지관리국장 이상현,17,9,0,0,9,52.94117647058824,미상,미상,미상,미상,미상
상공부상역국장 김송환,17,9,0,0,9,52.94117647058824,미상,미상,미상,미상,미상
송경섭 위원,17,7,0,2,9,52.94117647058824,자유당,전남 고흥을,남,초선,지역구
이상용 위원,17,9,0,0,9,52.94117647058824,자유당,"경남 부산시,서구갑",남,초선,지역구
강창용 의원,16,7,0,2,9,56.25,무소속,제주 북제주을,남,초선,지역구
김두진 의원,16,7,0,2,9,56.25,무소속,제주 북제주군을,남,재선,지역구
부흥부조정국장 김태동,16,8,0,1,9,56.25,미상,미상,미상,미상,미상
이만우 의원,15,8,1,0,9,60.0,민주당,"경남 부산시,영도을",남,재선,지역구
정낙훈 위원,14,6,0,3,9,64.28571428571429,자유당,충남 대전갑,남,초선,지역구
전문위원 윤택선,13,8,1,0,9,69.23076923076923,미상,미상,미상,미상,미상
이민우 위원,12,9,0,0,9,75.0,자유당,충남 아산,남,재선,지역구
조종호 의원,12,8,0,1,9,75.0,무소속,충북 단양군,남,4선,지역구
체신부차관 김의택,12,7,0,2,9,75.0,무소속,전남 함평군,남,4선,지역구
농림부장관 신중목,11,7,0,2,9,81.81818181818183,무소속,경남 거창,남,초선,지역구
전문위원 이은복,11,9,0,0,9,81.81818181818183,미상,미상,미상,미상,미상
김정환 위원,10,8,0,1,9,90.0,민주당,경남 밀양을,남,초선,지역구
상공위원장 김진만,10,9,0,0,9,90.0,자유당,강원 삼척군,남,7선,지역구
원자력원장 김법린,10,8,0,1,9,90.0,미상,미상,미상,미상,미상
한국산업은행총재 구용서,10,8,0,1,9,90.0,미상,미상,미상,미상,미상
사회부장관 최창순,9,4,0,5,9,100.0,미상,미상,미상,미상,미상
재무부장관 최순주,9,8,0,1,9,100.0,미상,미상,미상,미상,미상
김명동 의원,143,7,1,0,8,5.594405594405594,무소속,충남 공주갑,남,재선,지역구
김용재 의원,82,7,1,0,8,9.75609756097561,대한독립촉성국민회,충남 당진,남,초선,지역구
이은태 위원,69,8,0,0,8,11.594202898550725,자유당,전남 여천,남,초선,지역구
박상영 의원,65,6,0,2,8,12.307692307692308,한국민주당,경북 예천,남,초선,지역구
김동준 의원,63,7,1,0,8,12.698412698412698,무소속,충남 서산을,남,초선,지역구
증인 김창우,63,8,0,0,8,12.698412698412698,미상,미상,미상,미상,미상
농업은행부총재 이호상,59,8,0,0,8,13.559322033898304,미상,미상,미상,미상,미상
여운홍 의원,59,6,1,1,8,13.559322033898304,무소속,경기 양평군,남,재선,지역구
신현돈 의원,58,6,1,1,8,13.793103448275861,대한독립촉성국민회,전북 무주,남,재선,지역구
최태규 의원,55,7,0,1,8,14.545454545454545,무소속,강원 정선,남,초선,지역구
제1조달근무대장 마웅호,51,8,0,0,8,15.686274509803921,미상,미상,미상,미상,미상
상공위원장 이영언,49,8,0,0,8,16.3265306122449,자유당,경남 부산시무,남,재선,지역구
제1군사령관 송요찬,49,4,0,4,8,16.3265306122449,미상,미상,미상,미상,미상
국방부차관 최용덕,42,6,1,1,8,19.047619047619047,미상,미상,미상,미상,미상
류성갑 의원,42,5,2,1,8,19.047619047619047,미상,미상,미상,미상,미상
정문흠 의원,41,7,1,0,8,19.51219512195122,자유당,경북 봉화군,남,3선,지역구
김제능 의원,39,8,0,0,8,20.51282051282051,자유당,충남 서산갑,남,초선,지역구
교통부자재국장대리 김병주,36,8,0,0,8,22.22222222222222,미상,미상,미상,미상,미상
강기문 의원,31,8,0,0,8,25.806451612903224,무소속,경남 산청,남,초선,지역구
이진수 의원(계속),28,7,1,0,8,28.57142857142857,무소속,경기 양주을,남,재선,지역구
박순천 의원,26,7,1,0,8,30.76923076923077,대한부인회,서울 종로구갑,여,5선,지역구
원장길 의원,26,7,0,1,8,30.76923076923077,대동청년당,강원 강릉갑,남,초선,지역구
송경섭 의원,25,8,0,0,8,32.0,자유당,전남 고흥을,남,초선,지역구
민영복 의원,23,8,0,0,8,34.78260869565217,무소속,충북 청주,남,초선,지역구
신행용 의원,22,5,1,2,8,36.36363636363637,무소속,전남 무안갑,남,초선,지역구
이범승 의원,22,8,0,0,8,36.36363636363637,무소속,충남 연기,남,재선,지역구
국방부장관 신태영,21,5,1,2,8,38.095238095238095,미상,미상,미상,미상,미상
농림부양정국장 이봉희,21,8,0,0,8,38.095238095238095,미상,미상,미상,미상,미상
문교위원장 이존화,21,5,0,3,8,38.095238095238095,자유당,전북 완주군갑,남,재선,지역구
상공부광무국장 전효섭,21,8,0,0,8,38.095238095238095,미상,미상,미상,미상,미상
신용욱 위원,21,8,0,0,8,38.095238095238095,자유당,전북 고창군을,남,재선,지역구
김달호 위원,20,7,0,1,8,40.0,무소속,경북 상주,남,초선,지역구
나용균 위원,19,8,0,0,8,42.10526315789473,민주당,전북 정읍군갑,남,4선,지역구
송영주 위원,19,8,0,0,8,42.10526315789473,민주당,전북 정읍을,남,초선,지역구
교통부시설국장 현영일,18,7,0,1,8,44.44444444444444,미상,미상,미상,미상,미상
김옥주 위원,18,8,0,0,8,44.44444444444444,무소속,전남 광양,남,초선,지역구
문교부기술교육국장 박철재,18,8,0,0,8,44.44444444444444,미상,미상,미상,미상,미상
김양수 의원,16,3,3,2,8,50.0,민주국민당,전남 순천,남,초선,지역구
내무위원장 하을춘,16,8,0,0,8,50.0,무소속,경남 창녕,남,초선,지역구
농림위원장대리 박정근,16,7,0,1,8,50.0,자유당,전북 진안군,남,재선,지역구
문교부장관 김법린,16,8,0,0,8,50.0,미상,미상,미상,미상,미상
문교위원장 김법린,16,5,0,3,8,50.0,자유당,경남 동래,남,초선,지역구
민의원사무총장 최정우,15,8,0,0,8,53.333333333333336,미상,미상,미상,미상,미상
박재홍 위원,14,8,0,0,8,57.14285714285714,국민당,경남 김해갑,남,초선,지역구
문교위원장 김종규,13,7,1,0,8,61.53846153846154,자유당,경기 양주갑,남,초선,지역구
1군사령관 송요찬,12,6,1,1,8,66.66666666666666,미상,미상,미상,미상,미상
김주묵 의원,12,6,1,1,8,66.66666666666666,민주당,충북 음성군,남,초선,지역구
재무부차관 장희창,12,8,0,0,8,66.66666666666666,미상,미상,미상,미상,미상
외자청장 최인규,11,8,0,0,8,72.72727272727273,미상,미상,미상,미상,미상
원용석 의원,11,7,0,1,8,72.72727272727273,자유당,충남 당진을,남,초선,지역구
인태식 의원,11,7,0,1,8,72.72727272727273,자유당,충남 당진군갑,남,3선,지역구
최천 위원,10,8,0,0,8,80.0,민주당,경남 충무,남,3선,지역구
박기배 의원,9,6,1,1,8,88.88888888888889,무소속,전남 해남을,남,초선,지역구
재무부장관 김현철(계속),9,8,0,0,8,88.88888888888889,미상,미상,미상,미상,미상
체신부차관 강직순,9,6,0,2,8,88.88888888888889,미상,미상,미상,미상,미상
사회부장관 허정,8,1,0,7,8,100.0,미상,미상,미상,미상,미상
민주당원내총무 류진산,141,5,1,1,7,4.964539007092199,미상,미상,미상,미상,미상
위원장 박순석,110,6,1,0,7,6.363636363636363,자유당,경북 영일갑,남,3선,지역구
이석 의원,88,7,0,0,7,7.954545454545454,대한독립촉성국민회,경북 경주을,남,초선,지역구
위원장대리 양일동,80,7,0,0,7,8.75,무소속,전북 옥구,남,5선,지역구
위원장대리 임차주,76,6,1,0,7,9.210526315789473,자유당,전북 순창군,남,3선,지역구
김상도 위원,61,5,0,2,7,11.475409836065573,자유당,경북 영천갑,남,재선,지역구
장면 의원,56,3,4,0,7,12.5,무소속,서울 종로구을,남,재선,지역구
김공평 위원,52,7,0,0,7,13.461538461538462,자유당,충남 논산갑,남,초선,지역구
柳聖甲 議員,50,6,0,1,7,14.000000000000002,미상,미상,미상,미상,미상
김달호 의원(계속),42,6,0,1,7,16.666666666666664,무소속,경북 상주,남,초선,지역구
이영준 의원,41,5,1,1,7,17.073170731707318,한국민주당,서울 동대문구을,남,4선,지역구
증인 박영두,38,5,2,0,7,18.421052631578945,미상,미상,미상,미상,미상
상공위원장대리 소선규,35,7,0,0,7,20.0,민주국민당,전북 익산갑,남,4선,지역구
증인 배경주,35,6,1,0,7,20.0,미상,미상,미상,미상,미상
이종린 의원,34,5,1,1,7,20.588235294117645,무소속,충남 서산갑,남,재선,지역구
이종욱 의원,32,6,1,0,7,21.875,대한독립촉성국민회,강원 평창,남,초선,지역구
문교사회위원장 권태희,28,7,0,0,7,25.0,무소속,경북 김천갑,남,초선,지역구
사회 이갑식,28,7,0,0,7,25.0,자유당,전남 구례,남,재선,지역구
재정경제위원장대리 손석두,28,4,1,2,7,25.0,자유당,전남 장흥군,남,재선,지역구
법무부장관 조진만,25,6,1,0,7,28.000000000000004,미상,미상,미상,미상,미상
외무부차관 조정환,25,1,1,5,7,28.000000000000004,미상,미상,미상,미상,미상
손재형 위원,23,6,1,0,7,30.434782608695656,무소속,전남 진도군,남,재선,지역구
柳鴻 議員,22,6,1,0,7,31.818181818181817,미상,미상,미상,미상,미상
외무위원장대리 정기원,20,7,0,0,7,35.0,자유당,경남 부산시병,남,재선,지역구
신중목 의원,19,6,1,0,7,36.84210526315789,무소속,경남 거창,남,초선,지역구
체신부차관 김의창,19,7,0,0,7,36.84210526315789,미상,미상,미상,미상,미상
산업위원장 이종현,18,5,0,2,7,38.88888888888889,무소속,서울 마포구을,남,초선,지역구
이영섭 의원,18,6,1,0,7,38.88888888888889,자유당,경기 시흥,남,초선,지역구
내무부지방국장 최응복,17,7,0,0,7,41.17647058823529,미상,미상,미상,미상,미상
외무위원장 윤성순,17,5,1,1,7,41.17647058823529,자유당,경기 포천군,남,3선,지역구
증인 윤용길,17,7,0,0,7,41.17647058823529,미상,미상,미상,미상,미상
김동성 의원,16,1,5,1,7,43.75,무소속,경기 개성,남,초선,지역구
문교부보통교육국장 정의택,16,7,0,0,7,43.75,미상,미상,미상,미상,미상
대법원장 김병로,15,7,0,0,7,46.666666666666664,미상,미상,미상,미상,미상
이영준 위원,15,7,0,0,7,46.666666666666664,민주당,서울 동대문구을,남,4선,지역구
전문위원 이동환,15,6,1,0,7,46.666666666666664,미상,미상,미상,미상,미상
조만종 의원,15,7,0,0,7,46.666666666666664,자유당,경남 밀양을,남,초선,지역구
보건부차관 최재유,14,5,0,2,7,50.0,미상,미상,미상,미상,미상
남송학 위원,13,7,0,0,7,53.84615384615385,자유당,서울 용산구을,남,재선,지역구
박종길 의원,13,7,0,0,7,53.84615384615385,무소속,경북 영양군,남,3선,지역구
안동준 의원,13,2,0,5,7,53.84615384615385,자유당,충북 괴산군,남,4선,지역구
염우량 위원,13,7,0,0,7,53.84615384615385,자유당,충남 공주갑,남,초선,지역구
최성웅 의원,13,5,0,2,7,53.84615384615385,대한청년단,경남 밀양갑,남,초선,지역구
상공위원장 정규상,12,7,0,0,7,58.333333333333336,자유당,강원 영월,남,재선,지역구
손권배 위원,12,6,0,1,7,58.333333333333336,자유당,전북 완주을,남,초선,지역구
주요한 의원(계속),12,7,0,0,7,58.333333333333336,민주당,서울 중구갑,남,재선,지역구
최천 의원,12,7,0,0,7,58.333333333333336,민주국민당,경남 통영군,남,3선,지역구
김응주 의원,11,5,0,2,7,63.63636363636363,민주당,"경남 부산시,중구",남,4선,지역구
내무위원장대리 유봉순,11,7,0,0,7,63.63636363636363,무소속,경남 합천군갑,남,재선,지역구
문교위원장 손재형,11,7,0,0,7,63.63636363636363,무소속,전남 진도군,남,재선,지역구
박상길 의원,11,5,0,2,7,63.63636363636363,무소속,경남 함양,남,초선,지역구
상공부차관 이병호,11,5,0,2,7,63.63636363636363,미상,미상,미상,미상,미상
이상돈 의원,11,4,0,3,7,63.63636363636363,민주국민당,충남 천안,남,3선,지역구
최영철 의원,11,6,0,1,7,63.63636363636363,무소속,전남 나주갑,남,초선,지역구
교통체신위원장 정해준,10,6,0,1,7,70.0,대한독립촉성국민회,충남 금산,남,초선,지역구
국방부관리국장 안광호,10,5,1,1,7,70.0,미상,미상,미상,미상,미상
국방부차관 김종갑,10,7,0,0,7,70.0,미상,미상,미상,미상,미상
윤영선 의원,10,6,0,1,7,70.0,민주국민당,전남 해남갑,남,초선,지역구
윤일상 위원,10,6,0,1,7,70.0,자유당,경기 강화,남,초선,지역구
재정경제위원장대리 이석,10,7,0,0,7,70.0,대한독립촉성국민회,경북 경주을,남,초선,지역구
김용진 의원,9,7,0,0,7,77.77777777777779,민주당,경남 진주,남,재선,지역구
나익진 씨,9,7,0,0,7,77.77777777777779,미상,미상,미상,미상,미상
장건상 의원,9,5,1,1,7,77.77777777777779,무소속,경남 부산을,남,초선,지역구
국방부장관 이범석,8,3,1,3,7,87.5,미상,미상,미상,미상,미상
육완국 위원,8,7,0,0,7,87.5,무소속,충남 논산을,남,초선,지역구
정운갑 위원,8,6,1,0,7,87.5,자유당,충북 진천군,남,5선,지역구
사세국장 김만기,7,6,1,0,7,100.0,미상,미상,미상,미상,미상
상공부공업과장 강용옥,7,7,0,0,7,100.0,미상,미상,미상,미상,미상
손석두 위원,7,7,0,0,7,100.0,자유당,전남 장흥,남,재선,지역구
양병일 의원,7,6,0,1,7,100.0,민주국민당,전남 강진,남,재선,지역구
재정경제위원장대리 박만원,7,7,0,0,7,100.0,자유당,경북 군위군,남,3선,지역구
법제사법위원장 김정실,207,6,0,0,6,2.898550724637681,무소속,경남 고성,남,초선,지역구
위원장 박세경,90,6,0,0,6,6.666666666666667,자유당,전북 임실,남,재선,지역구
위원장대리 황성수,65,6,0,0,6,9.230769230769232,자유당,전남 보성군,남,4선,지역구
국방위원장대리 윤재욱,64,6,0,0,6,9.375,무소속,서울 영등포구갑,남,재선,지역구
오택관 의원,62,4,2,0,6,9.67741935483871,한국독립당,경기 옹진갑,남,초선,지역구
박준 의원,48,5,1,0,6,12.5,무소속,경북 군위,남,초선,지역구
반장 하태환,47,6,0,0,6,12.76595744680851,자유당,경북 포항,남,재선,지역구
손문경 위원,46,6,0,0,6,13.043478260869565,자유당,전남 고흥갑,남,재선,지역구
오재영 위원,45,4,2,0,6,13.333333333333334,자유당,경기 안성,남,재선,지역구
최범술 의원,43,5,0,1,6,13.953488372093023,무소속,경남 사천,남,초선,지역구
조병옥 의원(계속),34,4,2,0,6,17.647058823529413,민주국민당,경북 대구시을,남,재선,지역구
최규옥 위원,34,6,0,0,6,17.647058823529413,자유당,강원 양구,남,재선,지역구
헌병사령부제3부장 김정채,32,0,6,0,6,18.75,미상,미상,미상,미상,미상
김봉두 의원,29,3,2,1,6,20.689655172413794,무소속,전북 장수,남,초선,지역구
법무부장관 권승렬,28,1,2,3,6,21.428571428571427,미상,미상,미상,미상,미상
내무부치안국장 이강학,27,4,1,1,6,22.22222222222222,미상,미상,미상,미상,미상
전문위원 이회근,27,4,2,0,6,22.22222222222222,미상,미상,미상,미상,미상
최봉식 의원,26,6,0,0,6,23.076923076923077,무소속,경남 울산갑,남,초선,지역구
문교위원장 윤택중,24,6,0,0,6,25.0,민주국민당,전북 익산을,남,3선,지역구
이요한 의원,24,4,2,0,6,25.0,대한독립촉성국민회,전북 옥구,남,초선,지역구
조재천 의원(계속),23,5,1,0,6,26.08695652173913,민주당,경북 대구시정,남,4선,지역구
관리과장 곽종호,21,6,0,0,6,28.57142857142857,미상,미상,미상,미상,미상
민주당원내총무 오위영,21,6,0,0,6,28.57142857142857,민주당,"경남 부산시,동구을",남,3선,지역구
신도성 의원,21,6,0,0,6,28.57142857142857,민주국민당,경남 거창,남,초선,지역구
교통체신위원장 김영동,20,6,0,0,6,30.0,무소속,전북 고창갑,남,초선,지역구
고영완 의원,18,5,0,1,6,33.33333333333333,민주국민당,전남 장흥군,남,재선,지역구
이상철 의원,18,5,0,1,6,33.33333333333333,무소속,충남 청양,남,3선,지역구
이용범 위원,18,6,0,0,6,33.33333333333333,자유당,경남 창원을,남,재선,지역구
홍범희 의원,18,5,0,1,6,33.33333333333333,무소속,강원 원주,남,재선,지역구
류지원 의원,16,5,0,1,6,37.5,미상,미상,미상,미상,미상
이승만 의원,16,2,2,2,6,37.5,대한독립촉성국민회,서울 동대문구갑,남,초선,지역구
정갑주 위원,16,4,0,2,6,37.5,자유당,경남 사천,남,초선,지역구
법무부차관 김갑수,15,4,2,0,6,40.0,미상,미상,미상,미상,미상
변광호 의원,15,6,0,0,6,40.0,민주국민당,전북 군산,남,초선,지역구
공군본부관리국장 이규성,14,6,0,0,6,42.857142857142854,미상,미상,미상,미상,미상
김법린 의원,14,6,0,0,6,42.857142857142854,자유당,경남 동래,남,초선,지역구
박순천 위원,14,6,0,0,6,42.857142857142854,민주당,"경남 부산시,동구갑",여,5선,지역구
성원경 의원,14,6,0,0,6,42.857142857142854,자유당,충남 예산군,남,재선,지역구
외무위원장대리 정일형,14,4,2,0,6,42.857142857142854,무소속,서울 중구을,남,8선,지역구
제1군사령관 유재흥,14,3,1,2,6,42.857142857142854,미상,미상,미상,미상,미상
김의준 위원,13,6,0,0,6,46.15384615384615,무소속,경기 여주군,남,3선,지역구
내무부장관 김태선,13,5,0,1,6,46.15384615384615,미상,미상,미상,미상,미상
법제처장 유진오,13,4,1,1,6,46.15384615384615,미상,미상,미상,미상,미상
항공창장 김명섭,13,5,1,0,6,46.15384615384615,미상,미상,미상,미상,미상
공군본부경리국장 이규성,12,6,0,0,6,50.0,미상,미상,미상,미상,미상
공군본부군수국장 박원석,12,5,0,1,6,50.0,미상,미상,미상,미상,미상
국방위원장 임흥순,12,3,2,1,6,50.0,민주국민당,서울 성동구을,남,재선,지역구
내무부치안국장 서정학,12,5,0,1,6,50.0,미상,미상,미상,미상,미상
교통부차관 석상옥,11,5,0,1,6,54.54545454545454,미상,미상,미상,미상,미상
농림부농사원장 정남규,11,6,0,0,6,54.54545454545454,미상,미상,미상,미상,미상
농림부농지관리국이사관 김재욱,11,6,0,0,6,54.54545454545454,미상,미상,미상,미상,미상
문교부차관 김호식,11,5,1,0,6,54.54545454545454,미상,미상,미상,미상,미상
운영위원장 홍익표,11,5,0,1,6,54.54545454545454,무소속,경기 가평,남,6선,지역구
조한백 의원(계속),11,5,0,1,6,54.54545454545454,민주당,전북 김제군갑,남,4선,지역구
공보처장 이철원,10,4,0,2,6,60.0,미상,미상,미상,미상,미상
김원태 위원,10,5,0,1,6,60.0,자유당,충북 괴산군,남,3선,지역구
이형모 의원,10,6,0,0,6,60.0,자유당,전남 승주,남,재선,지역구
해무청장 홍진기,10,6,0,0,6,60.0,미상,미상,미상,미상,미상
강성태 위원,9,6,0,0,6,66.66666666666666,자유당,경기 양주을,남,초선,지역구
김용화 의원,9,5,1,0,6,66.66666666666666,대한국민당,충남 천안,남,재선,지역구
산업위원장대리 황병규,9,5,0,1,6,66.66666666666666,무소속,전남 여수을,남,재선,지역구
이재현 위원,9,6,0,0,6,66.66666666666666,무소속,경남 삼천포시,남,재선,지역구
서정귀 의원,8,5,0,1,6,75.0,민주당,경남 통영군,남,재선,지역구
교통체신위원장 윤성순,7,5,0,1,6,85.71428571428571,무소속,경기 포천,남,3선,지역구
내무위원장대리 김의택,7,6,0,0,6,85.71428571428571,무소속,전남 함평군,남,4선,지역구
배성기 의원,7,2,0,4,6,85.71428571428571,민주당,전북 완주군을,남,재선,지역구
최용근 의원,7,5,0,1,6,85.71428571428571,자유당,강원 강릉시갑,남,재선,지역구
고담용 의원,6,5,0,1,6,100.0,민주당,제주 제주,남,재선,지역구
교통체신위원장 신의식,6,5,1,0,6,100.0,자유당,경기 용인시,남,재선,지역구
민장식 의원,6,3,0,3,6,100.0,민주당,충북 영동군,남,재선,지역구
이주형 위원,6,6,0,0,6,100.0,대한독립촉성국민회,경남 밀양갑,남,초선,지역구
이한창 의원,6,4,1,1,6,100.0,자유당,전남 구례,남,초선,지역구
체신부장관 이광,6,2,1,3,6,100.0,미상,미상,미상,미상,미상
대구인단비누공장지배인 이동필,117,3,2,0,5,4.273504273504273,미상,미상,미상,미상,미상
증인 류경호,116,3,2,0,5,4.310344827586207,미상,미상,미상,미상,미상
김상돈 의원(계속),66,3,1,1,5,7.575757575757576,민주국민당,서울 마포구갑,남,4선,지역구
이강우 의원,66,5,0,0,5,7.575757575757576,무소속,경남 진주,남,초선,지역구
이종순 의원,60,4,0,1,5,8.333333333333332,대한독립촉성국민회,강원 춘성,남,초선,지역구
증인 김순길,59,5,0,0,5,8.47457627118644,미상,미상,미상,미상,미상
김문평 의원,58,3,0,2,5,8.620689655172415,대한독립촉성국민회,전남 여수갑,남,초선,지역구
김영기 의원,57,4,1,0,5,8.771929824561402,대한독립촉성국민회,경기 안성,남,초선,지역구
송진백 의원,49,3,2,0,5,10.204081632653061,대한독립촉성국민회,충남 대덕,남,초선,지역구
위원장대리 정해영,44,5,0,0,5,11.363636363636363,자유당,경남 울산군을,남,7선,지역구
내무위원장 이석기,38,3,2,0,5,13.157894736842104,무소속,충남 부여갑,남,3선,지역구
제6군단장 강영훈,37,4,1,0,5,13.513513513513514,민주당,경기 양주갑,남,재선,지역구
소선규 의원(계속),33,2,1,2,5,15.151515151515152,민주국민당,전북 익산갑,남,4선,지역구
관재국장 김준환,32,5,0,0,5,15.625,미상,미상,미상,미상,미상
이성주 위원,31,4,0,1,5,16.129032258064516,자유당,경기 고양,남,초선,지역구
정균식 의원,30,5,0,0,5,16.666666666666664,조선민족청년단,전남 담양,남,초선,지역구
김장열 의원,28,4,0,1,5,17.857142857142858,무소속,전남 완도,남,초선,지역구
반장 이필호,27,4,1,0,5,18.51851851851852,민주당,전남 광주을,남,초선,지역구
이윤영 의원,27,2,3,0,5,18.51851851851852,조선민주당,서울 종로구갑,남,초선,지역구
증인 이생우,27,3,0,2,5,18.51851851851852,미상,미상,미상,미상,미상
김성호 의원,25,3,2,0,5,20.0,자유당,전남 강진,남,초선,지역구
위원장 하을춘,25,5,0,0,5,20.0,무소속,경남 창녕,남,초선,지역구
법무부장관 이인,23,2,3,0,5,21.73913043478261,무소속,서울 종로구을,남,3선,지역구
이규갑 의원,23,2,0,3,5,21.73913043478261,대한국민당,충남 아산,남,초선,지역구
홍승업 위원,23,4,0,1,5,21.73913043478261,자유당,강원 고성,남,초선,지역구
정대천 위원,22,5,0,0,5,22.727272727272727,자유당,경기 파주,남,재선,지역구
재무부세관국장 김신서,21,5,0,0,5,23.809523809523807,미상,미상,미상,미상,미상
증인 이일해,21,5,0,0,5,23.809523809523807,미상,미상,미상,미상,미상
손도심 의원(계속),20,3,1,1,5,25.0,자유당,경기 화성갑,남,재선,지역구
외무위원장 정기원,20,2,3,0,5,25.0,자유당,경남 부산시병,남,재선,지역구
박영교 위원,19,5,0,0,5,26.31578947368421,자유당,경북 의성을,남,재선,지역구
증인 장낙중,19,5,0,0,5,26.31578947368421,미상,미상,미상,미상,미상
최면수 의원,19,4,0,1,5,26.31578947368421,대한국민당,충북 보은,남,초선,지역구
법무부차관 김윤근,18,3,2,0,5,27.77777777777778,미상,미상,미상,미상,미상
재무부이재국장 이치영,18,5,0,0,5,27.77777777777778,미상,미상,미상,미상,미상
제2군사령부예산과장 최영주,18,5,0,0,5,27.77777777777778,미상,미상,미상,미상,미상
황남팔 의원(계속),18,4,0,1,5,27.77777777777778,자유당,경남 진양,남,재선,지역구
김인선 의원,17,3,1,1,5,29.411764705882355,애국단체연합회,제주 북제주갑,남,초선,지역구
주병환 위원,17,4,0,1,5,29.411764705882355,민주당,경북 성주군,남,재선,지역구
곽의영 의원(계속),16,5,0,0,5,31.25,자유당,충북 청원군을,남,3선,지역구
제1전투비행단장 장지량,16,5,0,0,5,31.25,미상,미상,미상,미상,미상
박승하 의원,14,1,4,0,5,35.714285714285715,무소속,강원 춘성,남,초선,지역구
엄상섭 의원(계속),14,3,1,1,5,35.714285714285715,민주당,서울 용산구갑,남,재선,지역구
외자청관리국장 함성용,14,5,0,0,5,35.714285714285715,미상,미상,미상,미상,미상
김재황 의원,13,3,1,1,5,38.46153846153847,무소속,서울 성동구을,남,초선,지역구
내무부장관 이순용,13,5,0,0,5,38.46153846153847,미상,미상,미상,미상,미상
오형근 위원,13,5,0,0,5,38.46153846153847,자유당,경기 가평,남,초선,지역구
육군본부통신감 김선규,13,4,1,0,5,38.46153846153847,미상,미상,미상,미상,미상
정재원 위원,13,4,1,0,5,38.46153846153847,자유당,경북 예천,남,초선,지역구
체신부차관 조응천,13,5,0,0,5,38.46153846153847,미상,미상,미상,미상,미상
교통부차관 김석명,11,4,0,1,5,45.45454545454545,미상,미상,미상,미상,미상
농림위원장대리 황남팔,11,4,0,1,5,45.45454545454545,자유당,경남 진양,남,재선,지역구
운영위원장 홍창섭,11,5,0,0,5,45.45454545454545,무소속,강원 춘천,남,4선,지역구
유진산 위원,11,5,0,0,5,45.45454545454545,무소속,충남 금산군,남,7선,지역구
윤만석 의원,11,2,2,1,5,45.45454545454545,자유당,경북 문경,남,초선,지역구
심계원장 노진설,10,5,0,0,5,50.0,미상,미상,미상,미상,미상
외무국방위원장 이종린,10,3,0,2,5,50.0,무소속,충남 서산갑,남,재선,지역구
이만우 의원(계속),10,4,0,1,5,50.0,민주당,"경남 부산시,영도을",남,재선,지역구
이석기 위원,10,4,0,1,5,50.0,무소속,충남 부여군갑,남,3선,지역구
전영석 위원,10,4,0,1,5,50.0,민주당,충남 서산갑,남,초선,지역구
체신부전무국장 윤대은,10,4,0,1,5,50.0,미상,미상,미상,미상,미상
홍순희 위원,10,5,0,0,5,50.0,민주당,전북 고창을,남,초선,지역구
김선우 의원,9,5,0,0,5,55.55555555555556,자유당,충북 보은군,남,재선,지역구
사무총장 이종선,9,2,0,3,5,55.55555555555556,미상,미상,미상,미상,미상
이도영 의원,9,5,0,0,5,55.55555555555556,무소속,충북 청원갑,남,초선,지역구
조일재 의원,9,4,0,1,5,55.55555555555556,민주당,경남 동래군,남,재선,지역구
중앙선거위원회위원장 김두일,9,5,0,0,5,55.55555555555556,미상,미상,미상,미상,미상
체신부장관 윤석구,9,3,1,1,5,55.55555555555556,무소속,전북 군산,남,초선,지역구
총무처장 전규홍,9,4,1,0,5,55.55555555555556,미상,미상,미상,미상,미상
교통체신위원장 정명섭,8,5,0,0,5,62.5,자유당,전남 나주군을,남,3선,지역구
내무부통계국장 유상근,8,5,0,0,5,62.5,미상,미상,미상,미상,미상
농림부생사검사소장 이춘성,8,5,0,0,5,62.5,미상,미상,미상,미상,미상
농림부중앙농사원장대리 명재억,8,5,0,0,5,62.5,미상,미상,미상,미상,미상
문교위원장대리 이존화,8,5,0,0,5,62.5,자유당,전북 완주군갑,남,재선,지역구
사회보건위원장 정준모,8,4,0,1,5,62.5,자유당,전북 장수군,남,재선,지역구
오범수 의원,8,4,1,0,5,62.5,자유당,충북 청원갑,남,재선,지역구
오위영 의원,8,3,1,1,5,62.5,무소속,경남 울산갑,남,3선,지역구
윤재욱 위원,8,2,0,3,5,62.5,무소속,서울 영등포구갑,남,재선,지역구
이용범 의원,8,5,0,0,5,62.5,자유당,경남 창원군을,남,재선,지역구
국방부경리국장 박충훈,7,5,0,0,5,71.42857142857143,미상,미상,미상,미상,미상
농림부장관 양성봉,7,3,2,0,5,71.42857142857143,미상,미상,미상,미상,미상
문교부총무과장 김승제,7,4,1,0,5,71.42857142857143,미상,미상,미상,미상,미상
보건부차관 정준모,7,3,0,2,5,71.42857142857143,미상,미상,미상,미상,미상
상공부광무국장 정영기,7,5,0,0,5,71.42857142857143,미상,미상,미상,미상,미상
재무부장관 김영찬,7,5,0,0,5,71.42857142857143,미상,미상,미상,미상,미상
강기문 위원,6,4,0,1,5,83.33333333333334,무소속,경남 산청,남,초선,지역구
내무위원장대리 박흥규,6,5,0,0,5,83.33333333333334,자유당,전남 광산을,남,재선,지역구
농림부차관 주석균,6,4,0,1,5,83.33333333333334,미상,미상,미상,미상,미상
문교부과학기술과장 이상선,6,5,0,0,5,83.33333333333334,미상,미상,미상,미상,미상
문교부편수국장 박만규,6,4,1,0,5,83.33333333333334,미상,미상,미상,미상,미상
보건사회부시설과장 윤석우,6,4,0,1,5,83.33333333333334,미상,미상,미상,미상,미상
전문위원 서극형,6,5,0,0,5,83.33333333333334,미상,미상,미상,미상,미상
하을춘 위원,6,5,0,0,5,83.33333333333334,무소속,경남 창녕,남,초선,지역구
교통체신위원장대리 김태희,5,4,0,1,5,100.0,무소속,황해도 연백을,남,초선,지역구
부흥위원장 원용석,5,4,0,1,5,100.0,자유당,충남 당진을,남,초선,지역구
상공부차관 이내호,5,5,0,0,5,100.0,미상,미상,미상,미상,미상
제1군사령부군수참모처장 신재식,5,4,1,0,5,100.0,미상,미상,미상,미상,미상
홍봉진 의원,5,5,0,0,5,100.0,민주당,경기 화성을,남,초선,지역구
위원장대리 이종수,68,3,1,0,4,5.88235294117647,무소속,경남 김해을,남,3선,지역구
위원장 송우범,52,4,0,0,4,7.6923076923076925,자유당,충남 대덕,남,초선,지역구
손영수 위원,50,4,0,0,4,8.0,자유당,경남 하동,남,초선,지역구
전문위원 권승열,41,2,1,1,4,9.75609756097561,미상,미상,미상,미상,미상
문교위원장 안상한,40,2,0,2,4,10.0,무소속,강원 횡성,남,초선,지역구
위원장대리 김성복,34,4,0,0,4,11.76470588235294,무소속,전남 보성,남,초선,지역구
교통부공전국장 정두길,31,4,0,0,4,12.903225806451612,미상,미상,미상,미상,미상
김팔 중령,30,3,0,1,4,13.333333333333334,미상,미상,미상,미상,미상
제1군사령부법무참모 조병일,30,4,0,0,4,13.333333333333334,미상,미상,미상,미상,미상
제1지구경리대장 강홍식,30,3,0,1,4,13.333333333333334,미상,미상,미상,미상,미상
육군본부경리국장 박충훈,29,4,0,0,4,13.793103448275861,미상,미상,미상,미상,미상
육군본부인사참모차장 류근창,29,3,1,0,4,13.793103448275861,미상,미상,미상,미상,미상
정갑주 의원,26,4,0,0,4,15.384615384615385,자유당,경남 사천,남,초선,지역구
유성권 의원,24,3,1,0,4,16.666666666666664,민주당,서울 성동구갑,남,3선,지역구
제2군사령부관리차장 양국환,23,4,0,0,4,17.391304347826086,미상,미상,미상,미상,미상
증인 최진국,21,4,0,0,4,19.047619047619047,미상,미상,미상,미상,미상
증인 신도철,20,4,0,0,4,20.0,미상,미상,미상,미상,미상
육군특무부대장 김재현,19,4,0,0,4,21.052631578947366,미상,미상,미상,미상,미상
이종영 의원,18,3,1,0,4,22.22222222222222,대한독립촉성국민회,강원 정선,남,초선,지역구
구을회 의원,17,3,0,1,4,23.52941176470588,무소속,충남 당진,남,초선,지역구
외무부장관 장택상,16,1,2,1,4,25.0,미상,미상,미상,미상,미상
류홍 의원,14,4,0,0,4,28.57142857142857,민주당,서울 영등포구을,남,3선,지역구
이갑성 의원,14,4,0,0,4,28.57142857142857,무소속,경북 대구병,남,초선,지역구
지청천 의원,14,1,2,1,4,28.57142857142857,민주국민당,서울 성동구갑,남,재선,지역구
김정호 위원,13,2,0,2,4,30.76923076923077,자유당,전남 광양,남,초선,지역구
농지관리국장 변정규,13,4,0,0,4,30.76923076923077,미상,미상,미상,미상,미상
우희창 의원,13,2,0,2,4,30.76923076923077,민주당,충남 서천,남,재선,지역구
이청천 의원,13,3,1,0,4,30.76923076923077,미상,미상,미상,미상,미상
자유당원내총무 조순,13,4,0,0,4,30.76923076923077,자유당,전남 곡성군,남,3선,지역구
한근조 의원,13,3,0,1,4,30.76923076923077,민주당,서울 종로구을,남,3선,지역구
공군기술교육단경리처장 조태준,12,4,0,0,4,33.33333333333333,미상,미상,미상,미상,미상
국방부과학연구소장 정낙은,12,4,0,0,4,33.33333333333333,미상,미상,미상,미상,미상
국회사무총장 최정우,12,3,0,1,4,33.33333333333333,미상,미상,미상,미상,미상
김석진 의원,12,4,0,0,4,33.33333333333333,자유당,전남 해남을,남,초선,지역구
법무부차관 배영호,12,3,0,1,4,33.33333333333333,미상,미상,미상,미상,미상
출석 감사위원,12,0,4,0,4,33.33333333333333,미상,미상,미상,미상,미상
해군본부경리국장 이우용,12,3,1,0,4,33.33333333333333,미상,미상,미상,미상,미상
대법관 김세완,11,4,0,0,4,36.36363636363637,미상,미상,미상,미상,미상
양정과장 유석재,11,3,0,1,4,36.36363636363637,미상,미상,미상,미상,미상
2군사령관 최영희,10,2,0,2,4,40.0,미상,미상,미상,미상,미상
나판수 의원,10,3,0,1,4,40.0,자유당,전남 무안갑,남,초선,지역구
박영출 위원,10,4,0,0,4,40.0,자유당,경북 의성갑,남,재선,지역구
상공위원장대리 이갑식,10,4,0,0,4,40.0,무소속,전남 구례군,남,재선,지역구
제2지구경리대장 조승구,10,4,0,0,4,40.0,미상,미상,미상,미상,미상
참모총장대리 채병덕,10,1,2,1,4,40.0,미상,미상,미상,미상,미상
최병권 의원,10,3,0,1,4,40.0,자유당,경북 울릉군,남,재선,지역구
김종규 의원,9,3,1,0,4,44.44444444444444,자유당,경기 양주갑,남,초선,지역구
김준희 의원,9,3,0,1,4,44.44444444444444,대한독립촉성국민회,전북 진안,남,초선,지역구
차경모 의원,9,2,1,1,4,44.44444444444444,무소속,전남 강진,남,초선,지역구
하을춘 의원,9,4,0,0,4,44.44444444444444,무소속,경남 창녕,남,초선,지역구
국방부장관 김정렬(계속),8,3,1,0,4,50.0,미상,미상,미상,미상,미상
김상현 위원,8,4,0,0,4,50.0,자유당,전북 무주군,남,재선,지역구
김원만 의원,8,2,0,2,4,50.0,민주당,서울 용산구을,남,5선,지역구
보건부장관 최재유,8,2,1,1,4,50.0,미상,미상,미상,미상,미상
정일형 의원(계속),8,3,0,1,4,50.0,민주당,서울 중구을,남,8선,지역구
조일환 의원,8,3,0,1,4,50.0,민주당,경북 대구시무,남,4선,지역구
최원수 의원,8,3,0,1,4,50.0,무소속,경북 영일갑,남,초선,지역구
김원규 의원,7,3,1,0,4,57.14285714285714,자유당,경북 영덕군,남,재선,지역구
김원태 의원,7,4,0,0,4,57.14285714285714,자유당,충북 괴산군,남,3선,지역구
김인호 위원,7,4,0,0,4,57.14285714285714,자유당,"경남 부산시,동래구",남,초선,지역구
농림위원장 변진갑,7,4,0,0,4,57.14285714285714,자유당,전남 장성군,남,3선,지역구
문교부보통교육국장 정의필,7,4,0,0,4,57.14285714285714,미상,미상,미상,미상,미상
신익희 의장,7,1,1,2,4,57.14285714285714,대한독립촉성국민회,전남 광주,남,3선,지역구
심계원차장 최하영,7,4,0,0,4,57.14285714285714,미상,미상,미상,미상,미상
외무부장관 임병직,7,3,0,1,4,57.14285714285714,미상,미상,미상,미상,미상
윤명운 의원,7,3,1,0,4,57.14285714285714,민주당,서울 영등포구갑,남,재선,지역구
이영섭 위원,7,4,0,0,4,57.14285714285714,자유당,경기 시흥,남,초선,지역구
재무부세관국장 이용철,7,4,0,0,4,57.14285714285714,미상,미상,미상,미상,미상
천세기 위원,7,4,0,0,4,57.14285714285714,무소속,경기 양평군,남,재선,지역구
교통체신위원장 신용욱,6,3,1,0,4,66.66666666666666,무소속,전북 고창을,남,재선,지역구
교통체신위원장 이종수,6,4,0,0,4,66.66666666666666,자유당,경남 김해을,남,3선,지역구
김성탁 위원,6,4,0,0,4,66.66666666666666,자유당,경남 울산군을,남,초선,지역구
김영선 의원(계속),6,4,0,0,4,66.66666666666666,자유당,충남 보령군,남,3선,지역구
김향수 위원,6,3,0,1,4,66.66666666666666,무소속,충남 당진,남,초선,지역구
농림부농지관리국이사관 김재도,6,4,0,0,4,66.66666666666666,미상,미상,미상,미상,미상
농림위원장 이영희,6,4,0,0,4,66.66666666666666,자유당,경남 의령,남,재선,지역구
문교위원장대리 윤일상,6,4,0,0,4,66.66666666666666,자유당,경기 강화,남,초선,지역구
박제환 의원,6,3,0,1,4,66.66666666666666,무소속,경기 부천,남,재선,지역구
박해정 의원(계속),6,3,0,1,4,66.66666666666666,민주당,경북 경산,남,4선,지역구
서한두 위원,6,4,0,0,4,66.66666666666666,자유당,경남 거창,남,초선,지역구
세관국장 안정근,6,3,0,1,4,66.66666666666666,미상,미상,미상,미상,미상
윤담 의원,6,4,0,0,4,66.66666666666666,대한독립촉성국민회,충남 논산을,남,3선,지역구
윤보선 의원(계속),6,3,0,1,4,66.66666666666666,민주국민당,서울 종로구갑,남,4선,지역구
재무부세관국장 안정근,6,4,0,0,4,66.66666666666666,미상,미상,미상,미상,미상
조헌영 위원,6,4,0,0,4,66.66666666666666,한국민주당,경북 영양,남,재선,지역구
증인 심상대,6,4,0,0,4,66.66666666666666,미상,미상,미상,미상,미상
기획처장 백두진,5,4,0,0,4,80.0,미상,미상,미상,미상,미상
김규만 위원,5,4,0,0,4,80.0,민주당,경북 의성갑,남,초선,지역구
김성복 의원,5,4,0,0,4,80.0,무소속,전남 보성,남,초선,지역구
농림부장관 임문환(계속),5,4,0,0,4,80.0,미상,미상,미상,미상,미상
박충모 의원,5,4,0,0,4,80.0,민주당,강원 원주,남,재선,지역구
법원행정처차장 민문기,5,4,0,0,4,80.0,미상,미상,미상,미상,미상
보건사회부차관 정진욱,5,4,0,0,4,80.0,미상,미상,미상,미상,미상
상공부장관 강성태(계속),5,4,0,0,4,80.0,미상,미상,미상,미상,미상
외무위원장 최규남,5,4,0,0,4,80.0,자유당,서울 서대문구을,남,초선,지역구
이창렬 씨,5,4,0,0,4,80.0,미상,미상,미상,미상,미상
이필호 의원,5,4,0,0,4,80.0,민주당,전남 광주을,남,초선,지역구
재정경제위원장 홍성하(계속),5,4,0,0,4,80.0,한국민주당,서울 동대문구갑,남,초선,지역구
재정경제위원장대리 조한백,5,3,0,1,4,80.0,무소속,전북 김제갑,남,4선,지역구
정상열 의원,5,3,0,1,4,80.0,자유당,충남 대전,남,초선,지역구
정운갑 의원,5,4,0,0,4,80.0,자유당,충북 진천군,남,5선,지역구
주금용 의원,5,3,0,1,4,80.0,무소속,경남 진해,남,초선,지역구
강욱중 위원,4,4,0,0,4,100.0,조선민족청년단,경남 함안,남,초선,지역구
국무총리서리 백두진,4,2,0,2,4,100.0,미상,미상,미상,미상,미상
국방위원장대리 이정휴,4,3,0,1,4,100.0,자유당,전남 광산,남,초선,지역구
김학준 의원,4,3,0,1,4,100.0,민주당,충남 공주군을,남,재선,지역구
농림부차관 김현철,4,3,0,1,4,100.0,미상,미상,미상,미상,미상
법제실장 강명옥,4,4,0,0,4,100.0,미상,미상,미상,미상,미상
사회부장관 이윤영,4,2,0,2,4,100.0,조선민주당,서울 종로구갑,남,초선,지역구
예산결산위원장대리 정상열,4,4,0,0,4,100.0,자유당,충남 대전,남,초선,지역구
재정경제위원장대리 구태회,4,4,0,0,4,100.0,자유당,경남 진양,남,6선,지역구
재정경제위원장대리 오위영,4,4,0,0,4,100.0,무소속,경남 울산갑,남,3선,지역구
중앙지질광물연구소장 김옥준,4,4,0,0,4,100.0,미상,미상,미상,미상,미상
李敏雨 議員,4,4,0,0,4,100.0,미상,미상,미상,미상,미상
황성수 위원,79,3,0,0,3,3.79746835443038,자유당,전남 보성군,남,4선,지역구
김중기 의원,75,1,1,1,3,4.0,무소속,전남 장흥,남,초선,지역구
이호석 의원,60,3,0,0,3,5.0,무소속,경북 성주,남,초선,지역구
부산지방검찰청검사장 양정수,58,1,2,0,3,5.172413793103448,미상,미상,미상,미상,미상
제1군사령부경리참모 김사득,55,3,0,0,3,5.454545454545454,미상,미상,미상,미상,미상
경상남도지사 신도성,53,3,0,0,3,5.660377358490567,미상,미상,미상,미상,미상
원용한 의원,52,3,0,0,3,5.769230769230769,대동청년당,경기 여주,남,초선,지역구
제7급양대장 이원건,52,3,0,0,3,5.769230769230769,미상,미상,미상,미상,미상
증인 명주덕,51,3,0,0,3,5.88235294117647,미상,미상,미상,미상,미상
김교현 의원,50,1,1,1,3,6.0,무소속,충북 보은,남,초선,지역구
위원장대리 서임수,49,3,0,0,3,6.122448979591836,무소속,강원 철원,남,초선,지역구
김약수 의원,47,3,0,0,3,6.382978723404255,조선공화당,경남 동래,남,초선,지역구
제3조달근무부대장 한계태,47,3,0,0,3,6.382978723404255,미상,미상,미상,미상,미상
전문위원 이수용,44,3,0,0,3,6.8181818181818175,미상,미상,미상,미상,미상
제3관구사령관 이형석,44,3,0,0,3,6.8181818181818175,미상,미상,미상,미상,미상
부산병기기지사령관 이재룡,38,2,1,0,3,7.894736842105263,미상,미상,미상,미상,미상
위원장대리 나판수,37,3,0,0,3,8.108108108108109,자유당,전남 무안갑,남,초선,지역구
서울지방검찰청검사장 김치열,35,0,1,2,3,8.571428571428571,미상,미상,미상,미상,미상
증인 석주암,33,3,0,0,3,9.090909090909092,미상,미상,미상,미상,미상
한석범 의원,33,3,0,0,3,9.090909090909092,한국민주당,경남 부산병,남,초선,지역구
구중회 의원,32,2,1,0,3,9.375,무소속,경남 창녕,남,초선,지역구
경상남도경찰국장 이정용,31,1,2,0,3,9.67741935483871,미상,미상,미상,미상,미상
증인 김동순,30,2,1,0,3,10.0,미상,미상,미상,미상,미상
배헌 의원,29,2,1,0,3,10.344827586206897,무소속,전북 이리,남,초선,지역구
남궁현 의원,26,3,0,0,3,11.538461538461538,대한독립촉성국민회,충남 부여갑,남,초선,지역구
박종남 의원,24,1,0,2,3,12.5,무소속,전남 광산,남,초선,지역구
법무부장관 서상환,23,3,0,0,3,13.043478260869565,미상,미상,미상,미상,미상
박현숙 위원,22,3,0,0,3,13.636363636363635,자유당,강원 금화,여,재선,지역구
안준기 의원,20,1,2,0,3,15.0,자유당,경남 산청,남,초선,지역구
육군본부관리차장 이효,20,3,0,0,3,15.0,미상,미상,미상,미상,미상
해군의무단장 서재성,20,2,1,0,3,15.0,미상,미상,미상,미상,미상
육군본부인사참모부장 안춘생,17,3,0,0,3,17.647058823529413,미상,미상,미상,미상,미상
이병홍 의원,17,2,1,0,3,17.647058823529413,무소속,경남 산청,남,재선,지역구
정준 의원(계속),17,3,0,0,3,17.647058823529413,자유당,경기 김포군,남,4선,지역구
증인 황응수,17,2,1,0,3,17.647058823529413,미상,미상,미상,미상,미상
유홍렬 의원,16,3,0,0,3,18.75,미상,미상,미상,미상,미상
농림부농정국장 김병윤,15,3,0,0,3,20.0,미상,미상,미상,미상,미상
부의장 조경규(계속),15,2,0,1,3,20.0,자유당,경남 함안군,남,3선,지역구
재무부관재국장 김준환,15,3,0,0,3,20.0,미상,미상,미상,미상,미상
증인 김덕겸,15,3,0,0,3,20.0,미상,미상,미상,미상,미상
사무총장 이철원,14,1,0,2,3,21.428571428571427,미상,미상,미상,미상,미상
제5군단장 이성가,14,2,1,0,3,21.428571428571427,미상,미상,미상,미상,미상
출석 증인,14,3,0,0,3,21.428571428571427,미상,미상,미상,미상,미상
한희석 의원(계속),14,3,0,0,3,21.428571428571427,자유당,충남 천안군,남,재선,지역구
신도환 위원,13,3,0,0,3,23.076923076923077,무소속,경북 대구시갑,남,5선,지역구
외무국방위원장 지대형,13,3,0,0,3,23.076923076923077,미상,미상,미상,미상,미상
육군본부헌병감 김득모,13,2,1,0,3,23.076923076923077,미상,미상,미상,미상,미상
전문위원 정완영,13,3,0,0,3,23.076923076923077,미상,미상,미상,미상,미상
제12건설공병단장 오한영,13,2,1,0,3,23.076923076923077,미상,미상,미상,미상,미상
제1군사령부군수참모 김정무,13,2,1,0,3,23.076923076923077,미상,미상,미상,미상,미상
상공위원장대리 김진만,12,3,0,0,3,25.0,자유당,강원 삼척군,남,7선,지역구
위원장대리 윤택중,12,3,0,0,3,25.0,민주당,전북 익산을,남,3선,지역구
이동환 의원,12,3,0,0,3,25.0,무소속,경기 파주,남,초선,지역구
이영희 의원(계속),12,3,0,0,3,25.0,자유당,경남 의령,남,재선,지역구
증인 이영선,12,3,0,0,3,25.0,미상,미상,미상,미상,미상
체신부총무과장 김정진,12,1,1,1,3,25.0,미상,미상,미상,미상,미상
국무총리 장택상,11,1,1,1,3,27.27272727272727,무소속,경북 칠곡,남,4선,지역구
육군본부경리감 신연식,11,2,0,1,3,27.27272727272727,미상,미상,미상,미상,미상
육군본부병참감 박경원,11,2,1,0,3,27.27272727272727,미상,미상,미상,미상,미상
중앙선거위원장 김두일,11,3,0,0,3,27.27272727272727,미상,미상,미상,미상,미상
김도연 의원(계속),10,3,0,0,3,30.0,민주국민당,서울 서대문구갑,남,6선,지역구
송방용 의원(계속),10,3,0,0,3,30.0,무소속,전북 김제군갑,남,4선,지역구
문교부고등교육국장 한상봉,9,3,0,0,3,33.33333333333333,미상,미상,미상,미상,미상
법제조사국장 고재필,9,3,0,0,3,33.33333333333333,미상,미상,미상,미상,미상
사무총장대리 이철원,9,1,1,1,3,33.33333333333333,미상,미상,미상,미상,미상
손문경 의원,9,3,0,0,3,33.33333333333333,자유당,전남 고흥군갑,남,재선,지역구
이진수 위원,9,2,0,1,3,33.33333333333333,무소속,경기 양주을,남,재선,지역구
정일형 위원,9,3,0,0,3,33.33333333333333,무소속,서울 중구을,남,8선,지역구
김교중 의원,8,2,0,1,3,37.5,대동청년당,전북 무주,남,초선,지역구
내무부장관 장석윤,8,3,0,0,3,37.5,미상,미상,미상,미상,미상
내무부차관 김갑수,8,3,0,0,3,37.5,미상,미상,미상,미상,미상
내무위원장 김원태,8,3,0,0,3,37.5,자유당,충북 괴산군,남,3선,지역구
박만원 의원(계속),8,2,0,1,3,37.5,자유당,경북 군위군,남,3선,지역구
백남식 의원(계속),8,3,0,0,3,37.5,무소속,경북 상주군을,남,재선,지역구
변진갑 의원(계속),8,3,0,0,3,37.5,무소속,전남 장성군,남,3선,지역구
부흥위원장 곽의영,8,2,0,1,3,37.5,자유당,충북 청원군을,남,3선,지역구
여영복 의원,8,1,1,1,3,37.5,무소속,경북 금릉,남,초선,지역구
증인 이존일,8,3,0,0,3,37.5,미상,미상,미상,미상,미상
내무부차관 황희찬,7,3,0,0,3,42.857142857142854,미상,미상,미상,미상,미상
농림부중앙생사검사소장 이춘성,7,3,0,0,3,42.857142857142854,미상,미상,미상,미상,미상
류홍 의원(계속),7,2,1,0,3,42.857142857142854,민주당,서울 영등포구을,남,3선,지역구
신도성 위원,7,3,0,0,3,42.857142857142854,민주국민당,경남 거창,남,초선,지역구
외무위원장 양우정,7,1,0,2,3,42.857142857142854,무소속,경남 함안,남,초선,지역구
외자청장 이순용,7,3,0,0,3,42.857142857142854,미상,미상,미상,미상,미상
의사과장 서상준,7,3,0,0,3,42.857142857142854,미상,미상,미상,미상,미상
이시목 의원,7,3,0,0,3,42.857142857142854,무소속,경남 의령,남,초선,지역구
이종수 의원,7,3,0,0,3,42.857142857142854,무소속,경남 김해을,남,3선,지역구
이종준 위원,7,2,0,1,3,42.857142857142854,자유당,경북 월성군을,남,초선,지역구
전문위원 이선교,7,2,0,1,3,42.857142857142854,미상,미상,미상,미상,미상
정헌주 의원,7,1,0,2,3,42.857142857142854,무소속,경남 사천,남,5선,지역구
천세기 의원(계속),7,3,0,0,3,42.857142857142854,무소속,경기 양평군,남,재선,지역구
체신부전무국장 이재곤,7,1,1,1,3,42.857142857142854,미상,미상,미상,미상,미상
총무국경리과장 안길호,7,3,0,0,3,42.857142857142854,미상,미상,미상,미상,미상
최규남 위원,7,3,0,0,3,42.857142857142854,자유당,서울 서대문구을,남,초선,지역구
특별조사위원장 정존수,7,3,0,0,3,42.857142857142854,자유당,경기 수원,남,재선,지역구
현석호 의원(계속),7,3,0,0,3,42.857142857142854,자유당,경북 예천군,남,재선,지역구
공보실공보국장 이근상,6,3,0,0,3,50.0,미상,미상,미상,미상,미상
국방연구원장 박임항,6,3,0,0,3,50.0,미상,미상,미상,미상,미상
내무부장관 진헌식,6,2,0,1,3,50.0,미상,미상,미상,미상,미상
농림부장관 정운갑(계속),6,3,0,0,3,50.0,미상,미상,미상,미상,미상
문교부차관 고광만,6,2,0,1,3,50.0,미상,미상,미상,미상,미상
문교사회위원장대리 박영출,6,1,1,1,3,50.0,대한국민당,경북 의성갑,남,재선,지역구
상공부중앙지질광물연구소장 김옥준,6,2,0,1,3,50.0,미상,미상,미상,미상,미상
외무부정무국장 김영주,6,2,0,1,3,50.0,미상,미상,미상,미상,미상
이재국장 이치영,6,2,0,1,3,50.0,미상,미상,미상,미상,미상
이철승 위원(계속),6,3,0,0,3,50.0,무소속,전북 전주,남,7선,지역구
재무부차관 김영찬(계속),6,3,0,0,3,50.0,미상,미상,미상,미상,미상
조대연 의원,6,1,0,2,3,50.0,무소속,충북 충주,남,초선,지역구
진형하 의원,6,2,0,1,3,50.0,민주당,충남 대전을,남,3선,지역구
최규남 의원,6,1,1,1,3,50.0,자유당,서울 서대문구을,남,초선,지역구
한필수 의원,6,3,0,0,3,50.0,무소속,충북 제천,남,초선,지역구
감찰위원장 노진설,5,3,0,0,3,60.0,미상,미상,미상,미상,미상
교육총본부총장 김종오,5,1,0,2,3,60.0,미상,미상,미상,미상,미상
국방부지리연구소장 황인권,5,3,0,0,3,60.0,미상,미상,미상,미상,미상
김광준 위원,5,3,0,0,3,60.0,무소속,경북 울진,남,3선,지역구
김정호 의원(계속),5,3,0,0,3,60.0,자유당,전남 광양,남,초선,지역구
김진원 위원,5,2,0,1,3,60.0,자유당,전북 무주,남,초선,지역구
내무부토목국장 김해림,5,3,0,0,3,60.0,미상,미상,미상,미상,미상
내무치안위원장 서민호,5,3,0,0,3,60.0,무소속,전남 고흥을,남,4선,지역구
법무부차관 권승열,5,2,1,0,3,60.0,미상,미상,미상,미상,미상
부흥부장관 김현철(계속),5,3,0,0,3,60.0,미상,미상,미상,미상,미상
신각휴 의원,5,2,0,1,3,60.0,민주국민당,충북 옥천군,남,3선,지역구
육군제1201공병단장 오한영,5,3,0,0,3,60.0,미상,미상,미상,미상,미상
이병하 의원,5,3,0,0,3,60.0,민주당,경북 대구시을,남,재선,지역구
이성학 위원,5,3,0,0,3,60.0,대동청년당,전남 해남을,남,초선,지역구
임차주 의원,5,3,0,0,3,60.0,자유당,전북 순창군,남,3선,지역구
정존수 의원,5,2,0,1,3,60.0,자유당,경기 수원,남,재선,지역구
주한미군사고문단장대리(통역) 000,5,2,0,1,3,60.0,미상,미상,미상,미상,미상
증인 신용권,5,3,0,0,3,60.0,미상,미상,미상,미상,미상
증인 이유근,5,3,0,0,3,60.0,미상,미상,미상,미상,미상
지영진 의원,5,2,1,0,3,60.0,자유당,경남 양산군,남,재선,지역구
해무청총무과장 최병길,5,3,0,0,3,60.0,미상,미상,미상,미상,미상
허윤수 의원,5,3,0,0,3,60.0,민주당,경남 마산,남,초선,지역구
국방위원장 유용식,4,3,0,0,3,75.0,자유당,경기 양평,남,초선,지역구
김명수 의원,4,3,0,0,3,75.0,민주국민당,경남 합천을,남,재선,지역구
김보영 의원,4,3,0,0,3,75.0,자유당,경북 청도,남,초선,지역구
내무부차관 김원태(계속),4,3,0,0,3,75.0,미상,미상,미상,미상,미상
농림위원장대리 김두진,4,3,0,0,3,75.0,무소속,제주 북제주군을,남,재선,지역구
농사원장 정남규,4,3,0,0,3,75.0,미상,미상,미상,미상,미상
대법관 배정현,4,2,0,1,3,75.0,미상,미상,미상,미상,미상
문교부기술교육국교육시설과장 이민재,4,3,0,0,3,75.0,미상,미상,미상,미상,미상
민의원사무총장대리 정홍섭,4,3,0,0,3,75.0,미상,미상,미상,미상,미상
박영종 위원(계속),4,2,0,1,3,75.0,자유당,전남 담양,남,초선,지역구
송방용 위원(계속),4,3,0,0,3,75.0,무소속,전북 김제군갑,남,4선,지역구
예산결산위원장 최용근,4,3,0,0,3,75.0,자유당,강원 강릉,남,재선,지역구
운영위원장 박용익,4,3,0,0,3,75.0,자유당,강원 명주,남,재선,지역구
육군본부군수국장 김웅수,4,1,0,2,3,75.0,미상,미상,미상,미상,미상
이영언 위원,4,3,0,0,3,75.0,자유당,경남 부산시무,남,재선,지역구
재무부장관 백두진(계속),4,3,0,0,3,75.0,미상,미상,미상,미상,미상
재무부차관 박희현(계속),4,3,0,0,3,75.0,미상,미상,미상,미상,미상
재정경제위원장대리 양일동,4,3,0,0,3,75.0,무소속,전북 옥구,남,5선,지역구
재정경제위원장대리 정상열,4,3,0,0,3,75.0,자유당,충남 대전,남,초선,지역구
조광희 의원,4,3,0,0,3,75.0,자유당,경북 상주갑,남,초선,지역구
체신부전무국이사관 임남수,4,3,0,0,3,75.0,미상,미상,미상,미상,미상
구황실재산관리총국장 윤우경,3,3,0,0,3,100.0,미상,미상,미상,미상,미상
김달수 의원,3,3,0,0,3,100.0,자유당,충남 공주군을,남,재선,지역구
김병순 의원,3,2,0,1,3,100.0,자유당,전남 해남군갑,남,4선,지역구
김원만 의원(계속),3,0,2,1,3,100.0,민주당,서울 용산구을,남,5선,지역구
내무부지방국재정과장 최병환,3,3,0,0,3,100.0,미상,미상,미상,미상,미상
내무부토목국장 민한기,3,3,0,0,3,100.0,미상,미상,미상,미상,미상
내무위원장 이상용,3,3,0,0,3,100.0,자유당,"경남 부산시,서구갑",남,초선,지역구
류청 의원,3,3,0,0,3,100.0,미상,미상,미상,미상,미상
민관식 의원(계속),3,3,0,0,3,100.0,무소속,서울 동대문구,남,5선,지역구
박병배 의원,3,2,0,1,3,100.0,무소속,충남 대덕군,남,5선,지역구
박정근 위원(계속),3,3,0,0,3,100.0,자유당,전북 진안군,남,재선,지역구
사회보건위원장대리 오의관,3,3,0,0,3,100.0,무소속,경기 옹진을,남,초선,지역구
산업위원장대리 민경식,3,3,0,0,3,100.0,대한독립촉성국민회,경기 용인,남,초선,지역구
산업위원장대리 황두연,3,3,0,0,3,100.0,미상,전남 순천갑,남,초선,지역구
상공부장관 이교선,3,3,0,0,3,100.0,무소속,경기 안성,남,재선,지역구
상공부중앙공업연구소장 이채호,3,3,0,0,3,100.0,미상,미상,미상,미상,미상
상공부특허국장 김서일,3,3,0,0,3,100.0,미상,미상,미상,미상,미상
손석두 의원,3,1,0,2,3,100.0,자유당,전남 장흥,남,재선,지역구
양일동,3,0,3,0,3,100.0,무소속,전북 옥구,남,5선,지역구
예산결산위원장 박만원,3,3,0,0,3,100.0,자유당,경북 군위군,남,3선,지역구
예산결산위원장대리 박정근,3,3,0,0,3,100.0,자유당,전북 진안군,남,재선,지역구
예산결산위원장대리 백남식,3,3,0,0,3,100.0,무소속,경북 상주군을,남,재선,지역구
예산결산위원장대리 송방용,3,3,0,0,3,100.0,무소속,전북 김제군갑,남,4선,지역구
외무위원장대리 윤성순,3,3,0,0,3,100.0,자유당,경기 포천군,남,3선,지역구
이갑식 의원,3,3,0,0,3,100.0,무소속,전남 구례군,남,재선,지역구
재무부장관 인태식(계속),3,3,0,0,3,100.0,자유당,충남 당진군갑,남,3선,지역구
재무장관 인태식,3,3,0,0,3,100.0,자유당,충남 당진군갑,남,3선,지역구
재정경제위원장대리 김종신,3,2,0,1,3,100.0,자유당,경남 마산,남,초선,지역구
재정경제위원회위원장 홍성하,3,3,0,0,3,100.0,한국민주당,서울 동대문구갑,남,초선,지역구
중앙화학연구소장 허령,3,3,0,0,3,100.0,미상,미상,미상,미상,미상
최용근 의원(계속),3,3,0,0,3,100.0,자유당,강원 강릉시갑,남,재선,지역구
한국은행부총재 김영찬,3,3,0,0,3,100.0,미상,미상,미상,미상,미상
홍봉진 의원(계속),3,2,0,1,3,100.0,민주당,경기 화성을,남,초선,지역구
김철 의원,139,2,0,0,2,1.4388489208633095,대한독립촉성국민회,경북 경주갑,남,재선,지역구
사회 박흥규,128,0,2,0,2,1.5625,자유당,전남 광주병,남,재선,지역구
피고 조신환,85,2,0,0,2,2.3529411764705883,미상,미상,미상,미상,미상
이남규 의원,77,2,0,0,2,2.5974025974025974,대한독립촉성국민회,전남 목포,남,재선,지역구
총무국장 조중서,66,1,1,0,2,3.0303030303030303,미상,미상,미상,미상,미상
이병하 위원,64,2,0,0,2,3.125,민주당,경북 대구시을,남,재선,지역구
증인 김동수,61,2,0,0,2,3.278688524590164,미상,미상,미상,미상,미상
위원장 이정휴,59,0,2,0,2,3.389830508474576,자유당,전남 광산,남,초선,지역구
사회보건위원장대리 한국원,56,1,0,1,2,3.571428571428571,무소속,경북 영덕,남,초선,지역구
임시의장 조봉암,56,2,0,0,2,3.571428571428571,대한국민당,경기 인천병,남,재선,지역구
총무국장 서임수,47,2,0,0,2,4.25531914893617,미상,미상,미상,미상,미상
반장 홍범희,38,2,0,0,2,5.263157894736842,자유당,강원 원성,남,재선,지역구
김동원 의원,36,1,0,1,2,5.555555555555555,한국민주당,서울 용산구,남,초선,지역구
조옥현 의원,34,2,0,0,2,5.88235294117647,대한독립촉성국민회,전남 순천을,남,초선,지역구
증인 임봉순,30,2,0,0,2,6.666666666666667,미상,미상,미상,미상,미상
육군본부법무감 김완용,29,1,1,0,2,6.896551724137931,미상,미상,미상,미상,미상
자유당원내부총무 박흥규,29,2,0,0,2,6.896551724137931,자유당,전남 광주병,남,재선,지역구
제17범죄수사대장 장일원,28,1,1,0,2,7.142857142857142,미상,미상,미상,미상,미상
법제사법위원장대리 김정실,27,2,0,0,2,7.4074074074074066,무소속,경남 고성,남,초선,지역구
제8병참기지마산분창장 장일하,26,2,0,0,2,7.6923076923076925,미상,미상,미상,미상,미상
최규옥 의원,26,0,2,0,2,7.6923076923076925,대한독립촉성국민회,강원 춘천,남,재선,지역구
육군본부정보국장 김정권,24,1,1,0,2,8.333333333333332,미상,미상,미상,미상,미상
육군첩보부대장 김용순,24,2,0,0,2,8.333333333333332,미상,미상,미상,미상,미상
위원장대리 조영규,22,2,0,0,2,9.090909090909092,민주당,전남 영광군,남,4선,지역구
제3군단장 오덕준,22,2,0,0,2,9.090909090909092,미상,미상,미상,미상,미상
위원장대리 김원만,21,2,0,0,2,9.523809523809524,민주당,서울 용산구을,남,5선,지역구
육군사관학교장 이한림,21,2,0,0,2,9.523809523809524,미상,미상,미상,미상,미상
증인 이학만,21,2,0,0,2,9.523809523809524,미상,미상,미상,미상,미상
박재홍 의원(계속),20,2,0,0,2,10.0,국민당,경남 김해갑,남,초선,지역구
육군본부병무국장 박동균,20,2,0,0,2,10.0,미상,미상,미상,미상,미상
제50예비사단장 전부일,20,2,0,0,2,10.0,미상,미상,미상,미상,미상
교통부육운국장 이상훈,19,2,0,0,2,10.526315789473683,미상,미상,미상,미상,미상
연합참모본부장 이종우,19,2,0,0,2,10.526315789473683,미상,미상,미상,미상,미상
인쇄공창부창장 이광수,19,2,0,0,2,10.526315789473683,미상,미상,미상,미상,미상
정중섭 의원(계속),19,2,0,0,2,10.526315789473683,민주국민당,전남 목포,남,재선,지역구
증인 정한주,19,2,0,0,2,10.526315789473683,미상,미상,미상,미상,미상
증인 김치은,18,1,1,0,2,11.11111111111111,미상,미상,미상,미상,미상
표현태 의원,18,2,0,0,2,11.11111111111111,대한독립촉성국민회,경남 거창,남,초선,지역구
김기철 의원,17,2,0,0,2,11.76470588235294,대동청년당,충북 충주,남,4선,지역구
오기열 의원,17,2,0,0,2,11.76470588235294,무소속,전북 진안,남,초선,지역구
제8병참기지창장 최화진,17,2,0,0,2,11.76470588235294,미상,미상,미상,미상,미상
증인 박용록,17,2,0,0,2,11.76470588235294,미상,미상,미상,미상,미상
홍길선 위원,17,2,0,0,2,11.76470588235294,민주당,경기 수원,남,4선,지역구
건설공병단부단장 황원희,16,2,0,0,2,12.5,미상,미상,미상,미상,미상
증인 이양수,16,1,1,0,2,12.5,미상,미상,미상,미상,미상
증인 허판수,16,0,2,0,2,12.5,미상,미상,미상,미상,미상
홍익표 위원,16,1,0,1,2,12.5,민주당,경기 가평군,남,6선,지역구
이종근 의원,15,1,1,0,2,13.333333333333334,대한독립촉성국민회,충남 청양,남,초선,지역구
제6관구사령관 박병권,15,2,0,0,2,13.333333333333334,미상,미상,미상,미상,미상
증인 박계진,15,1,1,0,2,13.333333333333334,미상,미상,미상,미상,미상
총무국장 한창수,15,1,0,1,2,13.333333333333334,미상,미상,미상,미상,미상
경상남도경찰국장 최남규,14,2,0,0,2,14.285714285714285,미상,미상,미상,미상,미상
공보처장 김동성,14,0,2,0,2,14.285714285714285,미상,미상,미상,미상,미상
곽태진 의원,14,0,2,0,2,14.285714285714285,민주국민당,경북 고령군,남,재선,지역구
김준태 의원,14,2,0,0,2,14.285714285714285,무소속,경북 청도,남,3선,지역구
사무차장 정홍섭,14,1,0,1,2,14.285714285714285,미상,미상,미상,미상,미상
윤형남 의원(계속),14,2,0,0,2,14.285714285714285,무소속,전남 순천시,남,3선,지역구
김상도 의원(계속),13,1,1,0,2,15.384615384615385,자유당,경북 영천군갑,남,재선,지역구
도진희 의원(계속),13,2,0,0,2,15.384615384615385,자유당,경북 성주,남,초선,지역구
류진산 의원(계속),13,1,1,0,2,15.384615384615385,미상,미상,미상,미상,미상
문교위원장 이재학,13,0,1,1,2,15.384615384615385,대한국민당,강원 홍천,남,5선,지역구
검사 강서룡,12,1,0,1,2,16.666666666666664,미상,미상,미상,미상,미상
국방부정훈국장 권병호,12,2,0,0,2,16.666666666666664,미상,미상,미상,미상,미상
김판석 의원,12,1,1,0,2,16.666666666666664,대한청년단,경북 포항,남,초선,지역구
연합참모본부총장 백선엽,12,2,0,0,2,16.666666666666664,미상,미상,미상,미상,미상
위원장대리 민장식,12,2,0,0,2,16.666666666666664,민주당,충북 영동군,남,재선,지역구
이익흥 위원,12,2,0,0,2,16.666666666666664,자유당,경기 연천,남,초선,지역구
장기영 의원,12,2,0,0,2,16.666666666666664,무소속,강원 영월,남,초선,지역구
최순주 의원,12,0,0,2,2,16.666666666666664,자유당,충북 영동,남,초선,지역구
81항공창관리과장 이원복,11,2,0,0,2,18.181818181818183,미상,미상,미상,미상,미상
김준연 의원(계속),11,0,2,0,2,18.181818181818183,통일당,전남 영암군,남,5선,지역구
엄상섭 위원(계속),11,2,0,0,2,18.181818181818183,민주당,서울 용산구갑,남,재선,지역구
위원장대리 황호현,11,2,0,0,2,18.181818181818183,무소속,강원 평창군,남,3선,지역구
제1조달근무대장 정찬주,11,2,0,0,2,18.181818181818183,미상,미상,미상,미상,미상
공군참모차장 김창규,10,2,0,0,2,20.0,미상,미상,미상,미상,미상
국방위원장 안동준,10,0,1,1,2,20.0,자유당,충북 괴산군,남,4선,지역구
남송학 의원(계속),10,2,0,0,2,20.0,자유당,서울 용산구을,남,재선,지역구
농업은행총재 박숙희,10,2,0,0,2,20.0,미상,미상,미상,미상,미상
제3범죄(CID)수사대장 한필동,10,2,0,0,2,20.0,미상,미상,미상,미상,미상
하태환 의원,10,1,1,0,2,20.0,무소속,경북 포항,남,재선,지역구
검찰총장 권승렬,9,1,0,1,2,22.22222222222222,미상,미상,미상,미상,미상
국방부병무국장 박동균,9,2,0,0,2,22.22222222222222,미상,미상,미상,미상,미상
권병로 의원,9,2,0,0,2,22.22222222222222,미상,미상,미상,미상,미상
류래완 의원,9,1,1,0,2,22.22222222222222,미상,미상,미상,미상,미상
이기붕 의원,9,2,0,0,2,22.22222222222222,자유당,서울 서대문구을,남,재선,지역구
이충환 의원(계속),9,2,0,0,2,22.22222222222222,자유당,충북 진천군,남,6선,지역구
임흥순 위원,9,2,0,0,2,22.22222222222222,무소속,서울 성동구갑,남,재선,지역구
장홍염 위원,9,2,0,0,2,22.22222222222222,한국민주당,전남 무안을,남,재선,지역구
재무부이재국장 김정렴,9,2,0,0,2,22.22222222222222,미상,미상,미상,미상,미상
정훈학교장 윤태호,9,2,0,0,2,22.22222222222222,미상,미상,미상,미상,미상
제12사단장 이용,9,1,1,0,2,22.22222222222222,미상,미상,미상,미상,미상
제2군사령부관리과장 최진종,9,2,0,0,2,22.22222222222222,미상,미상,미상,미상,미상
김성곤 위원(계속),8,2,0,0,2,25.0,자유당,경북 달성군,남,4선,지역구
김정근 의원,8,2,0,0,2,25.0,무소속,경북 상주군을,남,재선,지역구
김훈 의원,8,2,0,0,2,25.0,민주당,경기 인천시병,남,재선,지역구
산업은행이사 이형민,8,2,0,0,2,25.0,미상,미상,미상,미상,미상
육군본부정훈국장 최창언,8,2,0,0,2,25.0,미상,미상,미상,미상,미상
제2군사령부회계과장 강용구,8,2,0,0,2,25.0,미상,미상,미상,미상,미상
柳鴻烈 議員,7,1,0,1,2,28.57142857142857,미상,미상,미상,미상,미상
국방부장관 이기붕,7,2,0,0,2,28.57142857142857,미상,미상,미상,미상,미상
나창헌 의원,7,1,0,1,2,28.57142857142857,자유당,충남 서산갑,남,초선,지역구
나희집 의원(계속),7,1,1,0,2,28.57142857142857,자유당,충남 서천,남,초선,지역구
법무부장관 이호(계속),7,0,2,0,2,28.57142857142857,미상,미상,미상,미상,미상
법무부차관 임석무,7,2,0,0,2,28.57142857142857,미상,미상,미상,미상,미상
법원행정처장 배영호,7,2,0,0,2,28.57142857142857,미상,미상,미상,미상,미상
연합참모본부총장 유재흥,7,0,1,1,2,28.57142857142857,미상,미상,미상,미상,미상
외무국방위원장 지청천,7,2,0,0,2,28.57142857142857,민주국민당,서울 성동구갑,남,재선,지역구
전상요 의원,7,2,0,0,2,28.57142857142857,무소속,강원 정선,남,초선,지역구
조경규 위원,7,2,0,0,2,28.57142857142857,자유당,경남 함안군,남,3선,지역구
지대형 의원,7,2,0,0,2,28.57142857142857,미상,미상,미상,미상,미상
한동석 의원(계속),7,2,0,0,2,28.57142857142857,자유당,경기 고양,남,초선,지역구
김옥주 의원(계속),6,0,0,2,2,33.33333333333333,무소속,전남 광양,남,초선,지역구
김진만 의원,6,2,0,0,2,33.33333333333333,자유당,강원 삼척군,남,7선,지역구
내무치안위원장(나용균 의원),6,1,0,1,2,33.33333333333333,한국민주당,전북 정읍갑,남,4선,지역구
서동진 의원(계속),6,2,0,0,2,33.33333333333333,민주국민당,경북 대구시갑,남,재선,지역구
서울특별시경찰국장 유충렬,6,2,0,0,2,33.33333333333333,미상,미상,미상,미상,미상
서이환 의원(계속),6,1,0,1,2,33.33333333333333,무소속,경북 울릉,남,재선,지역구
손권배 의원,6,1,1,0,2,33.33333333333333,자유당,전북 완주을,남,초선,지역구
외무위원장 박영출,6,1,0,1,2,33.33333333333333,자유당,경북 의성갑,남,재선,지역구
육군본부관리부차장 이효,6,2,0,0,2,33.33333333333333,미상,미상,미상,미상,미상
의장 신익희(계속),6,0,2,0,2,33.33333333333333,민주국민당,전남 광주,남,3선,지역구
이병국 의원,6,2,0,0,2,33.33333333333333,대한독립촉성국민회,충남 천안,남,초선,지역구
전문위원 정형모,6,1,0,1,2,33.33333333333333,미상,미상,미상,미상,미상
제6군단군수국장 김정덕,6,1,1,0,2,33.33333333333333,미상,미상,미상,미상,미상
증인 김규성,6,2,0,0,2,33.33333333333333,미상,미상,미상,미상,미상
증인 최병용,6,2,0,0,2,33.33333333333333,미상,미상,미상,미상,미상
고담용 의원(계속),5,2,0,0,2,40.0,민주당,제주 제주,남,재선,지역구
공보처장 갈홍기,5,2,0,0,2,40.0,미상,미상,미상,미상,미상
구황실총무국장 윤우경,5,2,0,0,2,40.0,미상,미상,미상,미상,미상
국회의사당도안심사위원회위원장 김윤기,5,2,0,0,2,40.0,미상,미상,미상,미상,미상
김진구 의원,5,1,0,1,2,40.0,대한독립촉성국민회,강원 삼척,남,재선,지역구
김태희 의원,5,2,0,0,2,40.0,무소속,황해도 연백을,남,초선,지역구
김홍식 의원(계속),5,2,0,0,2,40.0,자유당,경북 고령,남,초선,지역구
문교부수석장학관 심태진,5,2,0,0,2,40.0,미상,미상,미상,미상,미상
박병배 의원(계속),5,2,0,0,2,40.0,무소속,충남 대덕군,남,5선,지역구
반장 김선우,5,2,0,0,2,40.0,자유당,충북 보은,남,재선,지역구
부산병기기지사령부생산처장 이종옥,5,2,0,0,2,40.0,미상,미상,미상,미상,미상
상공위원장대리 양영주,5,2,0,0,2,40.0,자유당,전북 남원,남,초선,지역구
서범석 위원(계속),5,2,0,0,2,40.0,민주당,서울 성북구,남,6선,지역구
서용길 위원,5,1,0,1,2,40.0,무소속,충남 아산,남,초선,지역구
신하균 의원,5,1,1,0,2,40.0,민주당,경기 광주,남,3선,지역구
양정국장 김병구,5,2,0,0,2,40.0,미상,미상,미상,미상,미상
위원장대리 김의택,5,2,0,0,2,40.0,무소속,전남 함평군,남,4선,지역구
유옥우 위원(계속),5,2,0,0,2,40.0,민주당,전남 무안군을,남,5선,지역구
유진산 의원,5,0,1,1,2,40.0,무소속,충남 금산군,남,7선,지역구
육군본부의무감 정희섭,5,1,0,1,2,40.0,미상,미상,미상,미상,미상
의사과장대리 김영각,5,1,0,1,2,40.0,미상,미상,미상,미상,미상
이정래 의원(계속),5,2,0,0,2,40.0,한국민주당,전남 보성,남,3선,지역구
이종남 의원(계속),5,1,0,1,2,40.0,민주당,"경남 부산시,진구갑",남,3선,지역구
장병만 위원,5,2,0,0,2,40.0,대한독립촉성국민회,경북 칠곡,남,초선,지역구
제1201공병단장 예.,5,2,0,0,2,40.0,미상,미상,미상,미상,미상
구태회 의원,4,2,0,0,2,50.0,자유당,경남 진양,남,6선,지역구
김문용 의원,4,2,0,0,2,50.0,자유당,전남 담양,남,초선,지역구
김웅권 의원,4,1,0,1,2,50.0,무소속,경기 파주,남,초선,지역구
김원중 위원,4,2,0,0,2,50.0,자유당,전북 이리,남,초선,지역구
내무부장관 백한성(계속),4,2,0,0,2,50.0,미상,미상,미상,미상,미상
내무부장관 신성모,4,0,1,1,2,50.0,미상,미상,미상,미상,미상
내무위원장대리 류진산,4,1,0,1,2,50.0,미상,미상,미상,미상,미상
박영출 의원(계속),4,2,0,0,2,50.0,대한국민당,경북 의성갑,남,재선,지역구
박찬현 의원(계속),4,1,0,1,2,50.0,민주당,"경남 부산시,진구을",남,4선,지역구
보건사회부의정국장 윤유선,4,2,0,0,2,50.0,미상,미상,미상,미상,미상
부통령 이시영,4,0,1,1,2,50.0,미상,미상,미상,미상,미상
부흥부장관 유완창(계속),4,2,0,0,2,50.0,미상,미상,미상,미상,미상
상공부장관 김일환(계속),4,2,0,0,2,50.0,자유당,서울 성북구,남,초선,지역구
상공부차관 임정규,4,2,0,0,2,50.0,미상,미상,미상,미상,미상
수해대책위원장 황경수,4,2,0,0,2,50.0,자유당,경기 평택,남,초선,지역구
육군본부헌병감 이규광,4,1,0,1,2,50.0,미상,미상,미상,미상,미상
의사국장 현영익,4,1,0,1,2,50.0,미상,미상,미상,미상,미상
이우줄 의원,4,1,0,1,2,50.0,미상,미상,미상,미상,미상
재무부장관 이중재(계속),4,2,0,0,2,50.0,미상,미상,미상,미상,미상
조정훈 의원,4,1,0,1,2,50.0,무소속,전북 남원,남,재선,지역구
조헌영 의원(계속),4,2,0,0,2,50.0,한국민주당,경북 영양,남,재선,지역구
피감사자 및,4,2,0,0,2,50.0,미상,미상,미상,미상,미상
한국산업은행총재 김영찬,4,2,0,0,2,50.0,미상,미상,미상,미상,미상
해무청시설국장 강두기,4,2,0,0,2,50.0,미상,미상,미상,미상,미상
헌병사령부부사령관 박건원,4,2,0,0,2,50.0,미상,미상,미상,미상,미상
강봉옥 의원,3,0,0,2,2,66.66666666666666,자유당,경남 하동,남,초선,지역구
구철회 의원,3,1,1,0,2,66.66666666666666,민주당,경기 용인,남,초선,지역구
구황실사무총국장 윤우경,3,2,0,0,2,66.66666666666666,미상,미상,미상,미상,미상
구황실재산관리국장 윤우경,3,2,0,0,2,66.66666666666666,미상,미상,미상,미상,미상
국방부병무국장 000,3,2,0,0,2,66.66666666666666,미상,미상,미상,미상,미상
국회운영위원장 홍창섭,3,2,0,0,2,66.66666666666666,무소속,강원 춘천,남,4선,지역구
김재황 위원,3,1,0,1,2,66.66666666666666,무소속,서울 성동구을,남,초선,지역구
김지준 의원,3,2,0,0,2,66.66666666666666,자유당,충남 홍성,남,초선,지역구
김창동 의원,3,2,0,0,2,66.66666666666666,자유당,충남 청양,남,초선,지역구
농림부농지관리국보상상환과장 정기용,3,2,0,0,2,66.66666666666666,미상,미상,미상,미상,미상
농림부장관 정낙훈,3,2,0,0,2,66.66666666666666,미상,미상,미상,미상,미상
문교부문화국장 변시민,3,2,0,0,2,66.66666666666666,미상,미상,미상,미상,미상
문교부차관 박종만,3,2,0,0,2,66.66666666666666,미상,미상,미상,미상,미상
민의원경리과장 안길호,3,2,0,0,2,66.66666666666666,미상,미상,미상,미상,미상
박창화 의원,3,2,0,0,2,66.66666666666666,민주당,경남 밀양갑,남,초선,지역구
박충모 의원(계속),3,2,0,0,2,66.66666666666666,민주당,강원 원주,남,재선,지역구
배중혁 위원,3,2,0,0,2,66.66666666666666,대동청년당,경북 봉화,남,초선,지역구
보건부차관 임문환,3,1,0,1,2,66.66666666666666,미상,미상,미상,미상,미상
부흥부기획국장 송정범,3,2,0,0,2,66.66666666666666,미상,미상,미상,미상,미상
상공부전기국장 김송환,3,2,0,0,2,66.66666666666666,미상,미상,미상,미상,미상
신성균 위원,3,2,0,0,2,66.66666666666666,무소속,전북 전주,남,초선,지역구
오재영 의원,3,1,0,1,2,66.66666666666666,무소속,경기 안성,남,재선,지역구
운영위원장 이상철,3,2,0,0,2,66.66666666666666,무소속,충남 청양,남,3선,지역구
윤일상 의원,3,1,0,1,2,66.66666666666666,자유당,경기 강화,남,초선,지역구
이근채 씨,3,2,0,0,2,66.66666666666666,미상,미상,미상,미상,미상
이두형 위원,3,2,0,0,2,66.66666666666666,미상,미상,미상,미상,미상
이성득 위원,3,2,0,0,2,66.66666666666666,무소속,경기 개성,남,초선,지역구
이태용 위원(계속),3,1,0,1,2,66.66666666666666,민주당,충북 제천,남,4선,지역구
인태식 위원,3,2,0,0,2,66.66666666666666,자유당,충남 당진군갑,남,3선,지역구
장석윤 의원,3,2,0,0,2,66.66666666666666,무소속,강원 횡성군,남,재선,지역구
재정경제위원장 이갑식,3,1,0,1,2,66.66666666666666,자유당,전남 구례,남,재선,지역구
재정경제위원장대리 김봉재,3,2,0,0,2,66.66666666666666,무소속,경남 창원을,남,재선,지역구
증인 김성용,3,2,0,0,2,66.66666666666666,미상,미상,미상,미상,미상
최병국 위원,3,2,0,0,2,66.66666666666666,자유당,경기 화성을,남,초선,지역구
최인규 의원,3,2,0,0,2,66.66666666666666,자유당,경기 광주,남,초선,지역구
해군교육단장 한용수,3,1,0,1,2,66.66666666666666,미상,미상,미상,미상,미상
해무청수산시험장해양조사과장 한희수,3,2,0,0,2,66.66666666666666,미상,미상,미상,미상,미상
홍병각 의원,3,2,0,0,2,66.66666666666666,자유당,충북 충주,남,초선,지역구
柳 鴻,2,2,0,0,2,100.0,미상,미상,미상,미상,미상
강영훈 의원,2,2,0,0,2,100.0,민주당,경기 양주갑,남,재선,지역구
교통부장관 민희식,2,0,1,1,2,100.0,미상,미상,미상,미상,미상
교통체신위원장대리 남송학,2,2,0,0,2,100.0,대한국민당,서울 용산구을,남,재선,지역구
교통체신위원장대리 백남식,2,2,0,0,2,100.0,대한독립촉성국민회,경북 상주을,남,재선,지역구
구황실재산관리사무국장 윤우경,2,2,0,0,2,100.0,미상,미상,미상,미상,미상
국방부차관보 장건식,2,1,0,1,2,100.0,미상,미상,미상,미상,미상
국방위원장대리 윤재근,2,1,0,1,2,100.0,대한국민당,경기 강화,남,4선,지역구
국방위원장대리 이철승,2,2,0,0,2,100.0,무소속,전북 전주,남,7선,지역구
국회운영위원장 이성주,2,2,0,0,2,100.0,자유당,경기 고양,남,초선,지역구
기획처장 김,2,2,0,0,2,100.0,미상,미상,미상,미상,미상
기획처차장 김유택,2,2,0,0,2,100.0,미상,미상,미상,미상,미상
김수선 위원,2,2,0,0,2,100.0,무소속,경남 울산군갑,남,재선,지역구
김용무 의원,2,1,1,0,2,100.0,민주국민당,전남 무안갑,남,초선,지역구
김원전 의원,2,2,0,0,2,100.0,자유당,전북 군산,남,초선,지역구
김택술 의원,2,2,0,0,2,100.0,대한노동총연맹,전북 정읍을,남,재선,지역구
내무부장관 조병옥,2,0,1,1,2,100.0,미상,미상,미상,미상,미상
내무위원장대리 하을춘,2,1,0,1,2,100.0,무소속,경남 창녕,남,초선,지역구
농림부농산물검사소장 박재용,2,2,0,0,2,100.0,미상,미상,미상,미상,미상
농림부양정과장 유석재,2,2,0,0,2,100.0,미상,미상,미상,미상,미상
농림부장관 이종현(계속),2,1,1,0,2,100.0,미상,미상,미상,미상,미상
농림부차관 원용석(계속),2,2,0,0,2,100.0,미상,미상,미상,미상,미상
문교부차관 고병간,2,2,0,0,2,100.0,미상,미상,미상,미상,미상
문교부차관 김호직,2,2,0,0,2,100.0,미상,미상,미상,미상,미상
문교위원장대리 이충환,2,2,0,0,2,100.0,자유당,충북 진천군,남,6선,지역구
민의원의장 신익희,2,1,0,1,2,100.0,민주국민당,전남 광주,남,3선,지역구
민장식 위원(발언도중),2,2,0,0,2,100.0,민주당,충북 영동군,남,재선,지역구
박용익 의원,2,2,0,0,2,100.0,무소속,강원 강릉시을,남,재선,지역구
배성기 의원(계속),2,2,0,0,2,100.0,민주당,전북 완주군을,남,재선,지역구
보건사회부노동국장 이종수,2,2,0,0,2,100.0,자유당,경남 김해을,남,3선,지역구
부흥위원장 이형모,2,2,0,0,2,100.0,자유당,전남 승주,남,재선,지역구
부흥위원장대리 이형모,2,1,0,1,2,100.0,자유당,전남 승주,남,재선,지역구
사무총장대리 이종선,2,1,0,1,2,100.0,미상,미상,미상,미상,미상
사회보건위원장 박영출(계속),2,1,0,1,2,100.0,대한국민당,경북 의성갑,남,재선,지역구
사회보건위원장대리 정준모,2,1,0,1,2,100.0,자유당,전북 장수군,남,재선,지역구
사회부장관 김용택,2,2,0,0,2,100.0,미상,미상,미상,미상,미상
산림국장 김영준,2,2,0,0,2,100.0,미상,미상,미상,미상,미상
산업위원장대리 김상순,2,2,0,0,2,100.0,한국민주당,전남 장성,남,초선,지역구
상공부차관 윤인상,2,2,0,0,2,100.0,미상,미상,미상,미상,미상
상공부차관 한통숙,2,0,0,2,2,100.0,미상,미상,미상,미상,미상
상공위원장대리 강경옥,2,2,0,0,2,100.0,자유당,제주 남제주군,남,3선,지역구
상역국장 지덕영,2,2,0,0,2,100.0,미상,미상,미상,미상,미상
서장주 의원,2,2,0,0,2,100.0,무소속,경남 양산,남,초선,지역구
손권배 의원(계속),2,2,0,0,2,100.0,자유당,전북 완주을,남,초선,지역구
손준현 의원,2,1,1,0,2,100.0,자유당,충북 영동,남,초선,지역구
예산결산위원장대리 박흥규,2,2,0,0,2,100.0,자유당,전남 광산을,남,재선,지역구
예산결산위원회장 이충환,2,2,0,0,2,100.0,자유당,충북 진천군,남,6선,지역구
외자구매처장 김우평,2,2,0,0,2,100.0,미상,미상,미상,미상,미상
외자청경리국장 한상구,2,2,0,0,2,100.0,미상,미상,미상,미상,미상
유진홍 위원,2,1,0,1,2,100.0,대한독립촉성국민회,충남 논산갑,남,초선,지역구
이옥동 의원,2,0,1,1,2,100.0,무소속,전북 진안,남,초선,지역구
이정희 의원(계속),2,2,0,0,2,100.0,자유당,경북 영주군,남,재선,지역구
이종준 의원,2,1,1,0,2,100.0,자유당,경북 월성군을,남,초선,지역구
이충환 위원(계속),2,1,0,1,2,100.0,자유당,충북 진천군,남,6선,지역구
이형진 의원,2,2,0,0,2,100.0,자유당,강원 평창,남,초선,지역구
재무부예산국제3과장 계훈관,2,2,0,0,2,100.0,미상,미상,미상,미상,미상
재일거류민단장 김재화,2,0,0,2,2,100.0,미상,미상,미상,미상,미상
재정경제위원장대리 나창헌,2,2,0,0,2,100.0,자유당,충남 서산갑,남,초선,지역구
재정경제위원장대리 송방용,2,2,0,0,2,100.0,무소속,전북 김제갑,남,4선,지역구
재정경제위원장대리 이춘기,2,2,0,0,2,100.0,무소속,전북 이리,남,재선,지역구
전문위원 이문세,2,1,0,1,2,100.0,미상,미상,미상,미상,미상
정도영 위원,2,2,0,0,2,100.0,대한독립촉성국민회,경북 영천갑,남,초선,지역구
정명선 의원,2,0,1,1,2,100.0,자유당,충남 청양,남,초선,지역구
제2군단장 김형일,2,0,1,1,2,100.0,미상,미상,미상,미상,미상
제2군사령부휼병참모부장 여기에,2,2,0,0,2,100.0,미상,미상,미상,미상,미상
최원봉 의원,2,0,2,0,2,100.0,무소속,경남 부산무,남,초선,지역구
최희송 의원,2,0,2,0,2,100.0,민주당,경북 대구시을,남,4선,지역구
한국은행총재 김진형,2,2,0,0,2,100.0,미상,미상,미상,미상,미상
해군본부관리참모부장 저희가,2,2,0,0,2,100.0,미상,미상,미상,미상,미상
해병대관리국장 변재갑,2,1,0,1,2,100.0,미상,미상,미상,미상,미상
황숙현 의원,2,1,0,1,2,100.0,자유당,전남 광양,남,초선,지역구
李敏祐 위원,2,2,0,0,2,100.0,미상,미상,미상,미상,미상
위원장 김상도,383,1,0,0,1,0.26109660574412535,자유당,경북 영천갑,남,재선,지역구
위원장 김의준,347,1,0,0,1,0.2881844380403458,자유당,경기 여주군,남,3선,지역구
증인 손석래,190,1,0,0,1,0.5263157894736842,미상,미상,미상,미상,미상
의장대리 장택상,179,1,0,0,1,0.5586592178770949,무소속,경북 칠곡,남,4선,지역구
의장대리 조경규,152,1,0,0,1,0.6578947368421052,자유당,경남 함안군,남,3선,지역구
최창섭 의원,68,1,0,0,1,1.4705882352941175,무소속,경남 합천을,남,3선,지역구
김경배 의원,65,1,0,0,1,1.5384615384615385,무소속,황해도 연백갑,남,재선,지역구
자유당원내총무 박용익,61,1,0,0,1,1.639344262295082,자유당,강원 명주,남,재선,지역구
증인 김경술,56,0,1,0,1,1.7857142857142856,미상,미상,미상,미상,미상
민주당원내부총무 윤명운,52,1,0,0,1,1.9230769230769231,민주당,서울 영등포구갑,남,재선,지역구
증인 한옥신,45,1,0,0,1,2.2222222222222223,미상,미상,미상,미상,미상
장경근 위원,43,1,0,0,1,2.3255813953488373,자유당,경기 부천,남,재선,지역구
민주당원내총무 김의택,41,1,0,0,1,2.4390243902439024,민주당,전남 함평군,남,4선,지역구
제3조달근무부대구매과장 이종춘,39,1,0,0,1,2.564102564102564,미상,미상,미상,미상,미상
증인 심진택,39,1,0,0,1,2.564102564102564,미상,미상,미상,미상,미상
법제사법위원장대리 박해극,38,1,0,0,1,2.631578947368421,무소속,경남 밀양을,남,초선,지역구
증인 김희덕,35,1,0,0,1,2.857142857142857,미상,미상,미상,미상,미상
위원장대리 홍범희,34,1,0,0,1,2.941176470588235,자유당,강원 원성,남,재선,지역구
증인 이재기,33,1,0,0,1,3.0303030303030303,미상,미상,미상,미상,미상
증인 조신환,32,0,1,0,1,3.125,미상,미상,미상,미상,미상
허정 의원,31,1,0,0,1,3.225806451612903,한국민주당,경남 부산을,남,초선,지역구
내무부치안국장 조인구,29,0,0,1,1,3.4482758620689653,미상,미상,미상,미상,미상
교통부총무과장 홍성복,28,1,0,0,1,3.571428571428571,미상,미상,미상,미상,미상
사회보건위원장 한국원,28,1,0,0,1,3.571428571428571,무소속,경북 영덕,남,초선,지역구
증인 김효창,28,1,0,0,1,3.571428571428571,미상,미상,미상,미상,미상
증인 백운붕,27,0,1,0,1,3.7037037037037033,미상,미상,미상,미상,미상
신방현 의원,26,1,0,0,1,3.8461538461538463,무소속,충남 공주을,남,초선,지역구
임시의장 정문흠,24,1,0,0,1,4.166666666666666,자유당,경북 봉화군,남,3선,지역구
증인 안광훈,24,0,1,0,1,4.166666666666666,미상,미상,미상,미상,미상
공군본부인사차장 유경인,23,1,0,0,1,4.3478260869565215,미상,미상,미상,미상,미상
박세경 위원,23,1,0,0,1,4.3478260869565215,자유당,전북 임실,남,재선,지역구
최창섭 위원,23,1,0,0,1,4.3478260869565215,자유당,경남 합천군을,남,3선,지역구
배은희 의원,21,1,0,0,1,4.761904761904762,대한국민당,경북 달성,남,초선,지역구
체신부우정국장 이신득,21,1,0,0,1,4.761904761904762,미상,미상,미상,미상,미상
검사 김창욱,20,0,1,0,1,5.0,미상,미상,미상,미상,미상
김일 의원(계속),20,0,1,0,1,5.0,자유당,서울 성북구,남,초선,지역구
위원장 신의식,20,1,0,0,1,5.0,자유당,경기 용인시,남,재선,지역구
증인 이종판,20,1,0,0,1,5.0,미상,미상,미상,미상,미상
위원장대리 김선우,19,1,0,0,1,5.263157894736842,자유당,충북 보은,남,재선,지역구
제11사단장 이상철,19,1,0,0,1,5.263157894736842,미상,미상,미상,미상,미상
제1군사령부감찰참모 김인,19,1,0,0,1,5.263157894736842,미상,미상,미상,미상,미상
증인 여덕만,19,1,0,0,1,5.263157894736842,미상,미상,미상,미상,미상
양일동 의원(계속),18,1,0,0,1,5.555555555555555,무소속,전북 옥구,남,5선,지역구
육군통신기지창장 박용규,18,1,0,0,1,5.555555555555555,미상,미상,미상,미상,미상
사회 김의준,17,1,0,0,1,5.88235294117647,자유당,경기 여주군,남,3선,지역구
교통부경리국장 오길영,16,1,0,0,1,6.25,미상,미상,미상,미상,미상
외무국방위원장대리 조영규,16,0,1,0,1,6.25,한국민주당,전남 영광,남,4선,지역구
육군본부휼병감 김근배,15,1,0,0,1,6.666666666666667,미상,미상,미상,미상,미상
증인 정상숙,15,1,0,0,1,6.666666666666667,미상,미상,미상,미상,미상
강달수 의원,14,1,0,0,1,7.142857142857142,부산15구락부,경남 하동,남,초선,지역구
위원장 윤성순,14,1,0,0,1,7.142857142857142,자유당,경기 포천군,남,3선,지역구
임시의장 김동성,14,1,0,0,1,7.142857142857142,무소속,경기 개성,남,초선,지역구
자유당원내부총무 현오봉,14,1,0,0,1,7.142857142857142,무소속,제주 남제주군,남,6선,지역구
제2군사령부본부사령 이동식,14,1,0,0,1,7.142857142857142,미상,미상,미상,미상,미상
제5관구사령관 이준식,14,1,0,0,1,7.142857142857142,미상,미상,미상,미상,미상
증인 김순희,14,1,0,0,1,7.142857142857142,미상,미상,미상,미상,미상
증인 천기홍,14,1,0,0,1,7.142857142857142,미상,미상,미상,미상,미상
공군기술교육단장 김득용,13,0,1,0,1,7.6923076923076925,미상,미상,미상,미상,미상
서정윤 중령,13,0,1,0,1,7.6923076923076925,미상,미상,미상,미상,미상
위원장대리 유봉순,13,1,0,0,1,7.6923076923076925,자유당,경남 합천갑,남,재선,지역구
제6사단장 이창정,13,1,0,0,1,7.6923076923076925,미상,미상,미상,미상,미상
증인 노태선,13,1,0,0,1,7.6923076923076925,미상,미상,미상,미상,미상
특별조사위원장 김상덕,13,0,0,1,1,7.6923076923076925,민족통일본부,경북 고령,남,초선,지역구
한국운수사장 임봉순,13,1,0,0,1,7.6923076923076925,미상,미상,미상,미상,미상
국방부총무국법무과장 이운기,12,1,0,0,1,8.333333333333332,미상,미상,미상,미상,미상
문교사회위원장 이규갑,12,1,0,0,1,8.333333333333332,대한국민당,충남 아산,남,초선,지역구
서울특별시교육감 김영훈,12,1,0,0,1,8.333333333333332,미상,미상,미상,미상,미상
위원장대리 신영주,12,0,1,0,1,8.333333333333332,무소속,경남 창녕군,남,재선,지역구
증인 정현팔,12,1,0,0,1,8.333333333333332,미상,미상,미상,미상,미상
공군본부의무차감 계인교,11,1,0,0,1,9.090909090909092,미상,미상,미상,미상,미상
박종환 의원,11,0,1,0,1,9.090909090909092,대한독립촉성국민회,경북 청도,남,초선,지역구
재무부사세국직세과사무관 배숙,11,1,0,0,1,9.090909090909092,미상,미상,미상,미상,미상
정존수 위원,11,1,0,0,1,9.090909090909092,자유당,경기 평택군,남,재선,지역구
증인 김술남,11,1,0,0,1,9.090909090909092,미상,미상,미상,미상,미상
국방부차관보대리 박임환,10,1,0,0,1,10.0,미상,미상,미상,미상,미상
서범석 의원(계속),10,0,1,0,1,10.0,민주당,서울 성북구,남,6선,지역구
육군본부휼병감 김용주,10,1,0,0,1,10.0,미상,미상,미상,미상,미상
정문흠 위원,10,1,0,0,1,10.0,자유당,경북 봉화군,남,3선,지역구
증인 강지형,10,1,0,0,1,10.0,미상,미상,미상,미상,미상
증인 김준기,10,1,0,0,1,10.0,미상,미상,미상,미상,미상
최주일 의원,10,1,0,0,1,10.0,대한청년단,전북 김제을,남,초선,지역구
공군본부정보국장 전봉희,9,1,0,0,1,11.11111111111111,미상,미상,미상,미상,미상
교통부관재과장 황문중,9,0,0,1,1,11.11111111111111,미상,미상,미상,미상,미상
운영위원장 이성주,9,1,0,0,1,11.11111111111111,자유당,경기 고양,남,초선,지역구
위원장 이충환(계속),9,1,0,0,1,11.11111111111111,자유당,충북 진천군,남,6선,지역구
제2군부사령관 최경록,9,1,0,0,1,11.11111111111111,미상,미상,미상,미상,미상
증인 박주복,9,1,0,0,1,11.11111111111111,미상,미상,미상,미상,미상
홍길선 의원,9,1,0,0,1,11.11111111111111,대동청년당,경기 수원갑,남,4선,지역구
김상호 의원,8,1,0,0,1,12.5,한국민주당,전남 나주을,남,초선,지역구
대법관 백한성,8,1,0,0,1,12.5,미상,미상,미상,미상,미상
법무부법제실장 강명옥,8,1,0,0,1,12.5,미상,미상,미상,미상,미상
성득환 의원,8,1,0,0,1,12.5,민주국민당,충북 영동,남,초선,지역구
신규식 의원(계속),8,1,0,0,1,12.5,무소속,전북 부안군,남,재선,지역구
육군특무부대특무처장 강명현,8,0,1,0,1,12.5,미상,미상,미상,미상,미상
육완국 의원,8,1,0,0,1,12.5,무소속,충남 논산을,남,초선,지역구
이익흥 의원,8,0,1,0,1,12.5,자유당,경기 연천,남,초선,지역구
정동기 그것은,8,0,1,0,1,12.5,미상,미상,미상,미상,미상
제10전투비행단장 김규만,8,1,0,0,1,12.5,민주당,경북 의성갑,남,초선,지역구
제1군사령부정보처장 정인택,8,0,1,0,1,12.5,미상,미상,미상,미상,미상
제6군단경리참모 정도일,8,1,0,0,1,12.5,미상,미상,미상,미상,미상
총무과장 김상수,8,1,0,0,1,12.5,미상,미상,미상,미상,미상
국방부차관 이호(계속),7,1,0,0,1,14.285714285714285,미상,미상,미상,미상,미상
박용익 위원,7,1,0,0,1,14.285714285714285,무소속,강원 강릉시을,남,재선,지역구
서울변호사협회부회장 이병인,7,1,0,0,1,14.285714285714285,미상,미상,미상,미상,미상
시국대책부위원장 서상일,7,1,0,0,1,14.285714285714285,한국민주당,경북 대구을,남,재선,지역구
안준상 의원,7,1,0,0,1,14.285714285714285,조선민족청년단,경남 의령,남,초선,지역구
외무국방위원장대리 최윤동,7,1,0,0,1,14.285714285714285,한국민주당,경북 대구갑,남,초선,지역구
외무부정무국장 김동조,7,1,0,0,1,14.285714285714285,미상,미상,미상,미상,미상
육군본부병기감 안동순,7,1,0,0,1,14.285714285714285,미상,미상,미상,미상,미상
윤치영 위원,7,1,0,0,1,14.285714285714285,한국민주당,서울 중구,남,4선,지역구
이석기 의원(계속),7,0,1,0,1,14.285714285714285,무소속,충남 부여군갑,남,3선,지역구
해군교재창장 노진석,7,1,0,0,1,14.285714285714285,미상,미상,미상,미상,미상
국회의사당건축설계도안심사위원장 김윤기,6,0,0,1,1,16.666666666666664,미상,미상,미상,미상,미상
김정기 의원,6,1,0,0,1,16.666666666666664,무소속,전남 승주,남,초선,지역구
내무부장관 장경근(계속),6,0,1,0,1,16.666666666666664,자유당,경기 부천,남,재선,지역구
내무부장관 홍진기(계속),6,1,0,0,1,16.666666666666664,미상,미상,미상,미상,미상
내무부차관 이동환,6,1,0,0,1,16.666666666666664,미상,미상,미상,미상,미상
박상길 의원(계속),6,0,0,1,1,16.666666666666664,무소속,경남 함양,남,초선,지역구
법무부차관 정재환,6,0,1,0,1,16.666666666666664,미상,미상,미상,미상,미상
사무차장 우만형,6,1,0,0,1,16.666666666666664,미상,미상,미상,미상,미상
사무총장 이수선,6,1,0,0,1,16.666666666666664,미상,미상,미상,미상,미상
양정국장 이봉희,6,1,0,0,1,16.666666666666664,미상,미상,미상,미상,미상
연병호 의원,6,1,0,0,1,16.666666666666664,무소속,충북 괴산,남,재선,지역구
운영위원장 조순(계속),6,1,0,0,1,16.666666666666664,자유당,전남 곡성군,남,3선,지역구
이문원 의원(계속),6,0,1,0,1,16.666666666666664,무소속,전북 익산을,남,초선,지역구
이석 위원,6,1,0,0,1,16.666666666666664,대한독립촉성국민회,경북 경주을,남,초선,지역구
자유당원내부총무 원용석,6,1,0,0,1,16.666666666666664,자유당,충남 당진을,남,초선,지역구
장택상 의원(계속),6,1,0,0,1,16.666666666666664,무소속,경북 칠곡군,남,4선,지역구
제1군사령부병참부장 정강,6,1,0,0,1,16.666666666666664,미상,미상,미상,미상,미상
제6군단인사참모 최형록,6,1,0,0,1,16.666666666666664,미상,미상,미상,미상,미상
조병문 의원(계속),6,1,0,0,1,16.666666666666664,자유당,전남 진도군,남,재선,지역구
최갑환 의원(계속),6,1,0,0,1,16.666666666666664,무소속,경남 고성,남,초선,지역구
함대사령부기획과장 김상호,6,1,0,0,1,16.666666666666664,미상,미상,미상,미상,미상
해병교육단 조광호,6,1,0,0,1,16.666666666666664,미상,미상,미상,미상,미상
해병대사령부작전교육국장 이영우,6,0,1,0,1,16.666666666666664,미상,미상,미상,미상,미상
기술교육단장 장지량,5,1,0,0,1,20.0,미상,미상,미상,미상,미상
김덕렬 의원,5,1,0,0,1,20.0,미상,미상,미상,미상,미상
도서관장 신현경,5,1,0,0,1,20.0,미상,미상,미상,미상,미상
문교부장관 이선근(계속),5,0,0,1,1,20.0,미상,미상,미상,미상,미상
민의원총무국장 서임수,5,1,0,0,1,20.0,미상,미상,미상,미상,미상
법무부차관 민복기,5,0,0,1,1,20.0,미상,미상,미상,미상,미상
법제사법위원장 박세경(계속),5,1,0,0,1,20.0,자유당,전북 임실군,남,재선,지역구
법제사법위원장대리 서이환,5,1,0,0,1,20.0,일민국락부,경북 울릉,남,재선,지역구
법제실장 신태익,5,1,0,0,1,20.0,미상,미상,미상,미상,미상
법제처장 신태익(계속),5,1,0,0,1,20.0,미상,미상,미상,미상,미상
위원장대리 현오봉,5,1,0,0,1,20.0,무소속,제주 남제주군,남,6선,지역구
윤병호 의원(계속),5,1,0,0,1,20.0,무소속,경남 남해,남,초선,지역구
이성우 의원,5,0,0,1,1,20.0,무소속,전남 함평,남,초선,지역구
이정희 위원,5,1,0,0,1,20.0,자유당,경북 영주군,남,재선,지역구
임우영 위원,5,1,0,0,1,20.0,자유당,강원 춘성,남,재선,지역구
재무차관 장희창,5,1,0,0,1,20.0,미상,미상,미상,미상,미상
정동기 예.,5,1,0,0,1,20.0,미상,미상,미상,미상,미상
제9기지창경리과장 김걸,5,1,0,0,1,20.0,미상,미상,미상,미상,미상
조재천 위원(계속),5,0,0,1,1,20.0,민주당,경북 대구시정,남,4선,지역구
조주영 의원(계속),5,1,0,0,1,20.0,무소속,경남 남해,남,초선,지역구
체신부장관 조주영,5,1,0,0,1,20.0,무소속,경남 남해,남,초선,지역구
최석홍 의원,5,1,0,0,1,20.0,대동청년당,경북 영주,남,초선,지역구
함두영 의원(계속),5,1,0,0,1,20.0,자유당,서울 마포구을,남,초선,지역구
해군보급창장 이수봉,5,1,0,0,1,20.0,미상,미상,미상,미상,미상
공군본부군수국차장 이경춘,4,1,0,0,1,25.0,미상,미상,미상,미상,미상
교통부심사과장 구차경,4,1,0,0,1,25.0,미상,미상,미상,미상,미상
국방위원장대리 윤재욱(계속),4,1,0,0,1,25.0,무소속,서울 영등포구갑,남,재선,지역구
김상현 의원,4,1,0,0,1,25.0,자유당,전북 무주군,남,재선,지역구
김영삼 위원,4,1,0,0,1,25.0,자유당,경남 거제군,남,9선,지역구
김재곤 의원(계속),4,1,0,0,1,25.0,자유당,경기 인천시갑,남,3선,지역구
내무부차관 김형근,4,1,0,0,1,25.0,미상,미상,미상,미상,미상
농림부농지관리국장 강종무,4,1,0,0,1,25.0,미상,미상,미상,미상,미상
농림위원장 조병문(계속),4,1,0,0,1,25.0,자유당,전남 진도군,남,재선,지역구
농업협동조합중앙회부회장 우만형,4,1,0,0,1,25.0,미상,미상,미상,미상,미상
농업협동조합중앙회회장 공진항,4,1,0,0,1,25.0,미상,미상,미상,미상,미상
반민특위위원장 김상덕,4,0,1,0,1,25.0,민족통일본부,경북 고령,남,초선,지역구
법제사법위원장대리 김광준,4,1,0,0,1,25.0,무소속,경북 울진,남,3선,지역구
사무국장 서상준,4,1,0,0,1,25.0,미상,미상,미상,미상,미상
산업의원장대리 홍희종,4,1,0,0,1,25.0,조선민족청년단,전북 김제을,남,초선,지역구
안균섭 의원,4,1,0,0,1,25.0,자유당,전북 남원을,남,초선,지역구
위원장대리 김원전,4,1,0,0,1,25.0,자유당,전북 군산,남,초선,지역구
윤용구 의원,4,1,0,0,1,25.0,자유당,경북 청송군,남,재선,지역구
의원,4,1,0,0,1,25.0,미상,미상,미상,미상,미상
이석주 의원(계속),4,0,0,1,1,25.0,대한독립촉성국민회,전북 완주을,남,초선,지역구
이성주 의원(계속),4,1,0,0,1,25.0,자유당,경기 고양,남,초선,지역구
이성호 그런,4,1,0,0,1,25.0,미상,미상,미상,미상,미상
이재형 의원(계속),4,1,0,0,1,25.0,대한국민당,경기 시흥,남,7선,지역구
이판열 의원,4,1,0,0,1,25.0,민주국민당,전남 구례,남,초선,지역구
임흥순 의원(계속),4,1,0,0,1,25.0,민주국민당,서울 성동구을,남,재선,지역구
전문위원 김승진,4,1,0,0,1,25.0,미상,미상,미상,미상,미상
전문위원 이상규,4,0,1,0,1,25.0,미상,미상,미상,미상,미상
전문위원 차윤홍,4,1,0,0,1,25.0,미상,미상,미상,미상,미상
정동기 그런,4,0,1,0,1,25.0,미상,미상,미상,미상,미상
제2훈련소장 박병권,4,1,0,0,1,25.0,미상,미상,미상,미상,미상
조정훈 위원,4,1,0,0,1,25.0,민주당,전북 남원군갑,남,재선,지역구
증인 명단,4,1,0,0,1,25.0,미상,미상,미상,미상,미상
징계자격위원장 박성하,4,1,0,0,1,25.0,중앙불교위원회,경북 대구을,남,초선,지역구
피감사기관 참석자,4,0,0,1,1,25.0,미상,미상,미상,미상,미상
한암회 의원,4,1,0,0,1,25.0,대한독립촉성국민회,경북 상주갑,남,초선,지역구
해군사관학교장 이우권,4,1,0,0,1,25.0,미상,미상,미상,미상,미상
홍병각 의원(계속),4,1,0,0,1,25.0,자유당,충북 충주,남,초선,지역구
홍성하 의원(계속),4,1,0,0,1,25.0,한국민주당,서울 동대문구갑,남,초선,지역구
홍창섭 의원(계속),4,1,0,0,1,25.0,자유당,강원 춘천,남,4선,지역구
2군사령부인사참모 최훈섭,3,1,0,0,1,33.33333333333333,미상,미상,미상,미상,미상
柳聖甲 의원,3,1,0,0,1,33.33333333333333,미상,미상,미상,미상,미상
감찰위원장 정인보,3,1,0,0,1,33.33333333333333,미상,미상,미상,미상,미상
강세형 위원,3,1,0,0,1,33.33333333333333,무소속,전북 익산을,남,초선,지역구
교통부차관 김석명(계속),3,1,0,0,1,33.33333333333333,미상,미상,미상,미상,미상
국무원사무국이사관 박지한,3,1,0,0,1,33.33333333333333,미상,미상,미상,미상,미상
국무원사무국인사과장 김영준,3,1,0,0,1,33.33333333333333,미상,미상,미상,미상,미상
국방부경리국장 그것은,3,1,0,0,1,33.33333333333333,미상,미상,미상,미상,미상
국방부차관 장경근(계속),3,1,0,0,1,33.33333333333333,미상,미상,미상,미상,미상
국회선거위원장 노진설,3,1,0,0,1,33.33333333333333,미상,미상,미상,미상,미상
국회의사당현상설계도안심사위원장 김윤기,3,1,0,0,1,33.33333333333333,미상,미상,미상,미상,미상
권오종 의원,3,1,0,0,1,33.33333333333333,국민회,경북 안동갑,남,재선,지역구
김□□ 의원,3,0,1,0,1,33.33333333333333,미상,미상,미상,미상,미상
김우동 위원,3,1,0,0,1,33.33333333333333,무소속,경북 선산군,남,재선,지역구
김재학 위원,3,1,0,0,1,33.33333333333333,한국민주당,경남 통영갑,남,초선,지역구
김창수 의원,3,1,0,0,1,33.33333333333333,자유당,전북 정읍갑,남,초선,지역구
김형섭 위원,3,1,0,0,1,33.33333333333333,자유당,전북 익산,남,초선,지역구
농림부양정국장 이규석,3,1,0,0,1,33.33333333333333,미상,미상,미상,미상,미상
농림부장관 정재설(계속),3,1,0,0,1,33.33333333333333,미상,미상,미상,미상,미상
농림부차관 김원태(계속),3,1,0,0,1,33.33333333333333,미상,미상,미상,미상,미상
농림장관 정운갑,3,1,0,0,1,33.33333333333333,미상,미상,미상,미상,미상
대법관 김동현,3,1,0,0,1,33.33333333333333,미상,미상,미상,미상,미상
문교부총무과장 이동걸,3,1,0,0,1,33.33333333333333,미상,미상,미상,미상,미상
민영남 의원(계속),3,1,0,0,1,33.33333333333333,무소속,전남 해남군을,남,재선,지역구
박윤원 위원,3,0,0,1,1,33.33333333333333,무소속,경남 남해,남,초선,지역구
법제사법위원장대리 장경근(계속),3,1,0,0,1,33.33333333333333,자유당,경기 부천,남,재선,지역구
법제사법위원회위원장 백관수,3,0,1,0,1,33.33333333333333,한국민주당,전북 고창을,남,초선,지역구
보건부장관 구영숙,3,1,0,0,1,33.33333333333333,미상,미상,미상,미상,미상
보병학교부교장 김득모,3,1,0,0,1,33.33333333333333,미상,미상,미상,미상,미상
사무차장 노용호,3,0,1,0,1,33.33333333333333,미상,미상,미상,미상,미상
사회부차관 김용택(계속),3,1,0,0,1,33.33333333333333,미상,미상,미상,미상,미상
상공위원장 김형덕,3,1,0,0,1,33.33333333333333,무소속,경남 밀양을,남,재선,지역구
서울특별시건설국장 신현주,3,1,0,0,1,33.33333333333333,미상,미상,미상,미상,미상
신정호 의원(계속),3,1,0,0,1,33.33333333333333,무소속,충북 청원군갑,남,재선,지역구
신태권 의원(계속),3,1,0,0,1,33.33333333333333,자유당,충남 논산갑,남,초선,지역구
연합참모본부3부장 김용기,3,1,0,0,1,33.33333333333333,미상,미상,미상,미상,미상
외무국방위원장대리 정일형,3,1,0,0,1,33.33333333333333,무소속,서울 중구을,남,8선,지역구
외무부장관 조정환(계속),3,1,0,0,1,33.33333333333333,미상,미상,미상,미상,미상
위원장대리 최석림,3,1,0,0,1,33.33333333333333,무소속,경남 고성군,남,4선,지역구
윤명운 의원(계속),3,1,0,0,1,33.33333333333333,민주당,서울 영등포구갑,남,재선,지역구
이문원 위원,3,1,0,0,1,33.33333333333333,무소속,전북 익산을,남,초선,지역구
이상룡 위원,3,1,0,0,1,33.33333333333333,미상,미상,미상,미상,미상
임우영 의원,3,1,0,0,1,33.33333333333333,국민회,강원 춘성군,남,재선,지역구
임철호 의원,3,1,0,0,1,33.33333333333333,자유당,충남 부여을,남,초선,지역구
전만중 의원,3,1,0,0,1,33.33333333333333,자유당,경북 울진군,남,재선,지역구
전문위원 홍영기,3,1,0,0,1,33.33333333333333,미상,미상,미상,미상,미상
정갑주 의원(계속),3,0,1,0,1,33.33333333333333,자유당,경남 사천,남,초선,지역구
정부위원 권승렬,3,0,0,1,1,33.33333333333333,미상,미상,미상,미상,미상
정해준 위원,3,1,0,0,1,33.33333333333333,대한독립촉성국민회,충남 금산,남,초선,지역구
제2군사령부인사참모처장 그,3,0,1,0,1,33.33333333333333,미상,미상,미상,미상,미상
제7지구경리대장 홍용욱,3,1,0,0,1,33.33333333333333,미상,미상,미상,미상,미상
증인 김만,3,1,0,0,1,33.33333333333333,미상,미상,미상,미상,미상
증인 이원,3,1,0,0,1,33.33333333333333,미상,미상,미상,미상,미상
최영철 의원(계속),3,1,0,0,1,33.33333333333333,무소속,전남 나주갑,남,초선,지역구
한광석 의원,3,1,0,0,1,33.33333333333333,자유당,충남 부여군갑,남,재선,지역구
해군공창장 장호근,3,1,0,0,1,33.33333333333333,미상,미상,미상,미상,미상
해군공창장 현재,3,1,0,0,1,33.33333333333333,미상,미상,미상,미상,미상
홍순철 위원,3,1,0,0,1,33.33333333333333,자유당,충남 아산,남,초선,지역구
홍순희 의원(계속),3,1,0,0,1,33.33333333333333,민주당,전북 고창을,남,초선,지역구
1군사령부군수참모처장 신재식,2,0,1,0,1,50.0,미상,미상,미상,미상,미상
공군본부사령 한기천,2,1,0,0,1,50.0,미상,미상,미상,미상,미상
관재청장 인태식,2,1,0,0,1,50.0,미상,미상,미상,미상,미상
관재총국장 백남칠,2,1,0,0,1,50.0,미상,미상,미상,미상,미상
교통부시설국기감 신무성,2,1,0,0,1,50.0,미상,미상,미상,미상,미상
교통체신위원장대리 김달수,2,1,0,0,1,50.0,자유당,충남 공주군을,남,재선,지역구
교통체신위원장대리 서상덕,2,1,0,0,1,50.0,대한청년단,전남 나주을,남,초선,지역구
교통체신위원장대리 조종승,2,1,0,0,1,50.0,무소속,충북 단양,남,재선,지역구
구철회 의원(계속),2,0,0,1,1,50.0,민주당,경기 용인,남,초선,지역구
구흥남 위원(계속),2,1,0,0,1,50.0,자유당,전남 화순군,남,재선,지역구
국무총리 변영태(계속),2,0,1,0,1,50.0,미상,미상,미상,미상,미상
국방위원장 김종회(계속),2,1,0,0,1,50.0,무소속,충남 대덕,남,초선,지역구
국방위원장 송우범,2,1,0,0,1,50.0,자유당,충남 대덕,남,초선,지역구
국방차관 이호,2,0,1,0,1,50.0,미상,미상,미상,미상,미상
국회시국대책위원장 이재형,2,0,1,0,1,50.0,무소속,경기 시흥시,남,7선,지역구
김동석 의원,2,0,1,0,1,50.0,자유당,경북 선산,남,초선,지역구
김동욱 위원(계속),2,1,0,0,1,50.0,민주당,"경남 부산시,서구을",남,3선,지역구
김병회 위원,2,1,0,0,1,50.0,무소속,전남 진도,남,초선,지역구
김석호 의원,2,1,0,0,1,50.0,무소속,제주 북제주갑,남,초선,지역구
김성삼 위원,2,0,0,1,1,50.0,자유당,경남 창원갑,남,초선,지역구
김재황 의원(계속),2,0,0,1,1,50.0,무소속,서울 성동구을,남,초선,지역구
김정식 의원(계속),2,1,0,0,1,50.0,대한청년단,경북 영주,남,초선,지역구
내무부장관서리 장석윤,2,0,0,1,1,50.0,미상,미상,미상,미상,미상
내무부치안국장서리 김병완,2,1,0,0,1,50.0,미상,미상,미상,미상,미상
내무분과위원장 한희석,2,1,0,0,1,50.0,자유당,충남 천안군,남,재선,지역구
내부무장관 김효석,2,0,0,1,1,50.0,대한독립촉성국민회,경남 합천을,남,초선,지역구
네무부장관 윤치영,2,0,0,1,1,50.0,한국민주당,서울 중구,남,4선,지역구
농림국장 지금,2,1,0,0,1,50.0,미상,미상,미상,미상,미상
농림부장관 임철호(계속),2,1,0,0,1,50.0,미상,미상,미상,미상,미상
농림부차관 박도언,2,1,0,0,1,50.0,미상,미상,미상,미상,미상
농림장관 임철호,2,1,0,0,1,50.0,미상,미상,미상,미상,미상
대법원대법관 김두일,2,1,0,0,1,50.0,미상,미상,미상,미상,미상
대통령 이승만(계속),2,0,0,1,1,50.0,대한독립촉성국민회,서울 동대문구갑,남,초선,지역구
류준상 의원,2,1,0,0,1,50.0,미상,미상,미상,미상,미상
문교부기술교육국실업교육과장 허선간,2,1,0,0,1,50.0,미상,미상,미상,미상,미상
문교부장관 백락준,2,1,0,0,1,50.0,미상,미상,미상,미상,미상
문교위원장 안용백,2,1,0,0,1,50.0,자유당,전남 보성,남,초선,지역구
문종두 위원(계속),2,1,0,0,1,50.0,무소속,경북 김천,남,재선,지역구
박정규 의원,2,1,0,0,1,50.0,대한독립촉성국민회,경남 함양,남,초선,지역구
박흥규 의원(계속),2,1,0,0,1,50.0,자유당,전남 광산을,남,재선,지역구
백형남 의원,2,1,0,0,1,50.0,대동청년당,전북 익산갑,남,초선,지역구
법무부장관 김준연,2,1,0,0,1,50.0,미상,미상,미상,미상,미상
법제사법법원장 백관수,2,1,0,0,1,50.0,한국민주당,전북 고창을,남,초선,지역구
법제사법위원장 대리,2,1,0,0,1,50.0,미상,미상,미상,미상,미상
법제사법위원장 업상섭,2,1,0,0,1,50.0,미상,미상,미상,미상,미상
병기기지사령부부사령관 그것은,2,1,0,0,1,50.0,미상,미상,미상,미상,미상
병참학교장 저희,2,1,0,0,1,50.0,미상,미상,미상,미상,미상
보건사회부총무과장 김하섭,2,1,0,0,1,50.0,미상,미상,미상,미상,미상
부의장 이재학(계속),2,1,0,0,1,50.0,자유당,강원 홍천군,남,5선,지역구
사무차장 정운근,2,1,0,0,1,50.0,미상,미상,미상,미상,미상
사회보건위원장 손문경,2,1,0,0,1,50.0,자유당,전남 고흥갑,남,재선,지역구
사회부장관 전진한,2,0,0,1,1,50.0,대한노동총연맹,경북 상주을,남,5선,지역구
산업은행이사 강원기,2,1,0,0,1,50.0,미상,미상,미상,미상,미상
상공위원장대리 양영주(계속),2,1,0,0,1,50.0,자유당,전북 남원,남,초선,지역구
상공위원장대리 이영언,2,1,0,0,1,50.0,자유당,경남 부산시무,남,재선,지역구
상공위원장대리 최석림,2,1,0,0,1,50.0,무소속,경남 고성군,남,4선,지역구
손영수 의원,2,1,0,0,1,50.0,자유당,경남 하동,남,초선,지역구
신중목 의원(계속),2,0,1,0,1,50.0,무소속,경남 거창,남,초선,지역구
양영주 의원(계속),2,1,0,0,1,50.0,자유당,전북 남원,남,초선,지역구
양우정 의원(계속),2,0,0,1,1,50.0,무소속,경남 함안,남,초선,지역구
양정국장 박도언(계속),2,1,0,0,1,50.0,미상,미상,미상,미상,미상
언,2,1,0,0,1,50.0,미상,미상,미상,미상,미상
외무위원장대리 황성수,2,0,0,1,1,50.0,무소속,서울 용산구갑,남,4선,지역구
외무장관서리 조정환,2,1,0,0,1,50.0,미상,미상,미상,미상,미상
운영위원장대리 이태용,2,1,0,0,1,50.0,민주당,충북 제천,남,4선,지역구
원자력연구소장 박철재,2,1,0,0,1,50.0,미상,미상,미상,미상,미상
원장길 위원,2,1,0,0,1,50.0,대동청년당,강원 강릉갑,남,초선,지역구
육군본부인사국장 그런데,2,1,0,0,1,50.0,미상,미상,미상,미상,미상
육군본부조달차장 그런,2,1,0,0,1,50.0,미상,미상,미상,미상,미상
육군의무교육기지사령관 김수명,2,1,0,0,1,50.0,미상,미상,미상,미상,미상
의사과장 현영익,2,1,0,0,1,50.0,미상,미상,미상,미상,미상
의사국장대리 이호진,2,1,0,0,1,50.0,미상,미상,미상,미상,미상
이강우 위원,2,1,0,0,1,50.0,무소속,경남 진주,남,초선,지역구
이병홍 의원(계속),2,1,0,0,1,50.0,호헌동지회,경남 산청군,남,재선,지역구
이석주 위원,2,1,0,0,1,50.0,대한독립촉성국민회,전북 완주을,남,초선,지역구
이성호 손해,2,1,0,0,1,50.0,미상,미상,미상,미상,미상
이영언 의원,2,1,0,0,1,50.0,자유당,경남 부산시무,남,재선,지역구
이은태 의원,2,1,0,0,1,50.0,자유당,전남 여천,남,초선,지역구
임문석 의원(계속),2,1,0,0,1,50.0,민주당,경북 대구시병,남,재선,지역구
임시의장 전상요,2,1,0,0,1,50.0,무소속,강원 정선,남,초선,지역구
재무부관재국장 이용철,2,1,0,0,1,50.0,미상,미상,미상,미상,미상
재무부사세국관세과장 구종서,2,1,0,0,1,50.0,미상,미상,미상,미상,미상
재무부차관대리 김홍진,2,1,0,0,1,50.0,미상,미상,미상,미상,미상
재정경제위원장대리 이종수(계속),2,1,0,0,1,50.0,무소속,경남 김해을,남,3선,지역구
전문위원 박희병,2,1,0,0,1,50.0,미상,미상,미상,미상,미상
전문위원 이태준,2,1,0,0,1,50.0,미상,미상,미상,미상,미상
전문위원 이환녕,2,0,1,0,1,50.0,미상,미상,미상,미상,미상
전문위원 정대숙,2,1,0,0,1,50.0,미상,미상,미상,미상,미상
전형산 의원,2,0,1,0,1,50.0,자유당,강원 인제군,남,재선,지역구
정동기 그것이,2,0,1,0,1,50.0,미상,미상,미상,미상,미상
정동기 그러니까,2,0,1,0,1,50.0,미상,미상,미상,미상,미상
정명섭 의원(계속),2,1,0,0,1,50.0,자유당,전남 나주군을,남,3선,지역구
정현모 의원,2,1,0,0,1,50.0,무소속,경북 안동을,남,초선,지역구
제10지구급양대장 한,2,1,0,0,1,50.0,미상,미상,미상,미상,미상
제1203건설공병단장 예.,2,1,0,0,1,50.0,미상,미상,미상,미상,미상
제2군사령부인사참모처장 이것은,2,1,0,0,1,50.0,미상,미상,미상,미상,미상
제2군사령부인사참모처장 현재,2,1,0,0,1,50.0,미상,미상,미상,미상,미상
제3항만사령관 그렇습니다.,2,1,0,0,1,50.0,미상,미상,미상,미상,미상
조중현 의원,2,0,1,0,1,50.0,무소속,경기 장단,남,초선,지역구
주불공사 전규홍,2,1,0,0,1,50.0,미상,미상,미상,미상,미상
진형하 의원(계속),2,1,0,0,1,50.0,민주당,충남 대전을,남,3선,지역구
징홍염 의원,2,0,0,1,1,50.0,미상,미상,미상,미상,미상
참모장 박병석,2,1,0,0,1,50.0,미상,미상,미상,미상,미상
체신부장관 강인택,2,0,0,1,1,50.0,미상,미상,미상,미상,미상
총무처장 정운갑,2,1,0,0,1,50.0,미상,미상,미상,미상,미상
최규남 의원(계속),2,1,0,0,1,50.0,자유당,서울 서대문구을,남,초선,지역구
최운교 위원,2,1,0,0,1,50.0,무소속,충남 논산을,남,초선,지역구
태풍재해대책위원장 하태환,2,1,0,0,1,50.0,자유당,경북 포항,남,재선,지역구
태풍재해대책위원장대리 김상도,2,1,0,0,1,50.0,자유당,경북 영천갑,남,재선,지역구
특별조사위원장 류진산,2,1,0,0,1,50.0,미상,미상,미상,미상,미상
해군본부시설감 그,2,1,0,0,1,50.0,미상,미상,미상,미상,미상
해군본부예산국장 이우룡,2,1,0,0,1,50.0,미상,미상,미상,미상,미상
해병대공병감 강영구,2,1,0,0,1,50.0,미상,미상,미상,미상,미상
황두연 의원(계속),2,1,0,0,1,50.0,미상,전남 순천갑,남,초선,지역구
황성수 의원(계속),2,1,0,0,1,50.0,자유당,전남 보성군,남,4선,지역구
2군사령부부사령관 최경록,1,0,0,1,1,100.0,미상,미상,미상,미상,미상
80 대,1,1,0,0,1,100.0,미상,미상,미상,미상,미상
◯위원,1,1,0,0,1,100.0,미상,미상,미상,미상,미상
柳紅 議員,1,1,0,0,1,100.0,미상,미상,미상,미상,미상
柳鴻 議員(계속),1,1,0,0,1,100.0,미상,미상,미상,미상,미상
강성태 의원,1,1,0,0,1,100.0,자유당,경기 양주을,남,초선,지역구
검찰국장 박천일,1,1,0,0,1,100.0,미상,미상,미상,미상,미상
경상남도지구병사구사령관 전부,1,1,0,0,1,100.0,미상,미상,미상,미상,미상
경상남도지구병사구사령관 파견중위가,1,1,0,0,1,100.0,미상,미상,미상,미상,미상
경상남도지구병사구사령관 훈련소의,1,1,0,0,1,100.0,미상,미상,미상,미상,미상
경상북도병사구사령관 나빠질,1,1,0,0,1,100.0,미상,미상,미상,미상,미상
고등교육국장 서울대학교,1,1,0,0,1,100.0,미상,미상,미상,미상,미상
고등교육국장 이근칠,1,1,0,0,1,100.0,미상,미상,미상,미상,미상
고등교육국장 톤당,1,1,0,0,1,100.0,미상,미상,미상,미상,미상
고시위원회위원장 배은희,1,1,0,0,1,100.0,대한국민당,경북 달성,남,초선,지역구
공군대학장 문제는,1,0,1,0,1,100.0,미상,미상,미상,미상,미상
공군보급창장 다소,1,1,0,0,1,100.0,미상,미상,미상,미상,미상
공군본부감찰감 12건에,1,1,0,0,1,100.0,미상,미상,미상,미상,미상
공군본부감찰감 있습니다.,1,1,0,0,1,100.0,미상,미상,미상,미상,미상
공군본부경리국장 본부에서,1,1,0,0,1,100.0,미상,미상,미상,미상,미상
공군본부관리차장 연간,1,1,0,0,1,100.0,미상,미상,미상,미상,미상
공군본부관리처장 금년도,1,1,0,0,1,100.0,미상,미상,미상,미상,미상
공군본부군수국장 이규성,1,0,0,1,1,100.0,미상,미상,미상,미상,미상
공군본부시설감 원칙적으로,1,0,1,0,1,100.0,미상,미상,미상,미상,미상
공군본부인사국차장 유경인,1,1,0,0,1,100.0,미상,미상,미상,미상,미상
공군본부정보차장 공군의,1,1,0,0,1,100.0,미상,미상,미상,미상,미상
공군본부통신감 싸이트를,1,1,0,0,1,100.0,미상,미상,미상,미상,미상
공군본부통신감 원래,1,1,0,0,1,100.0,미상,미상,미상,미상,미상
공군사관학교장 애로는,1,0,0,1,1,100.0,미상,미상,미상,미상,미상
공군항공본창제81수리창장 현재,1,0,0,1,1,100.0,미상,미상,미상,미상,미상
과학연구소장 정낙은,1,1,0,0,1,100.0,미상,미상,미상,미상,미상
관리참모부차장 이효,1,1,0,0,1,100.0,미상,미상,미상,미상,미상
관재청장 유완창,1,1,0,0,1,100.0,미상,미상,미상,미상,미상
관재청장서리 유완창,1,1,0,0,1,100.0,미상,미상,미상,미상,미상
광무국장 정영기,1,1,0,0,1,100.0,미상,미상,미상,미상,미상
교통부공전국장 강영직,1,1,0,0,1,100.0,미상,미상,미상,미상,미상
교통부자재국장 오길영,1,1,0,0,1,100.0,미상,미상,미상,미상,미상
교통부장관 이종림(계속),1,0,0,1,1,100.0,미상,미상,미상,미상,미상
교통부장관 허,1,1,0,0,1,100.0,미상,미상,미상,미상,미상
교통부차관 김석관,1,1,0,0,1,100.0,미상,미상,미상,미상,미상
교통체신위원장 서상덕,1,1,0,0,1,100.0,대한청년단,전남 나주을,남,초선,지역구
교통체신위원장대리 신광균,1,1,0,0,1,100.0,대한독립촉성국민회,경기 개풍,남,재선,지역구
교통체신위원장대리 이석,1,1,0,0,1,100.0,대한독립촉성국민회,경북 경주을,남,초선,지역구
교통체신위원장대리 이형진,1,1,0,0,1,100.0,자유당,강원 평창,남,초선,지역구
구왕실총무국장 윤우경,1,1,0,0,1,100.0,미상,미상,미상,미상,미상
구황실관리국장 윤우경,1,1,0,0,1,100.0,미상,미상,미상,미상,미상
국무총리 이범석(낭독),1,0,0,1,1,100.0,미상,미상,미상,미상,미상
국방부경리국장 각,1,1,0,0,1,100.0,미상,미상,미상,미상,미상
국방부경리국장 결국은,1,1,0,0,1,100.0,미상,미상,미상,미상,미상
국방부경리국장 그렇게,1,1,0,0,1,100.0,미상,미상,미상,미상,미상
국방부경리국장 여기에,1,1,0,0,1,100.0,미상,미상,미상,미상,미상
국방부경리국장 연구는,1,1,0,0,1,100.0,미상,미상,미상,미상,미상
국방부경리국장 저희로서는,1,1,0,0,1,100.0,미상,미상,미상,미상,미상
국방부관리국장 백선진,1,1,0,0,1,100.0,미상,미상,미상,미상,미상
국방부방관 신성모,1,0,1,0,1,100.0,미상,미상,미상,미상,미상
국방부장관 김정열(계속),1,1,0,0,1,100.0,미상,미상,미상,미상,미상
국방부장관 최세황,1,0,1,0,1,100.0,미상,미상,미상,미상,미상
국방부총무국장대리 외무부의,1,1,0,0,1,100.0,미상,미상,미상,미상,미상
국방위원장 유지원,1,0,1,0,1,100.0,자유당,충남 연기군,남,재선,지역구
국방위원장대리 김기철,1,1,0,0,1,100.0,자유당,충북 충주,남,4선,지역구
국방장관 김용우,1,0,0,1,1,100.0,미상,미상,미상,미상,미상
국방장관 신성모,1,0,1,0,1,100.0,미상,미상,미상,미상,미상
국제연합한국통일부흥위원단호주대표 프림손,1,1,0,0,1,100.0,미상,미상,미상,미상,미상
국회(민의원)의장 신익희,1,0,1,0,1,100.0,민주국민당,전남 광주,남,3선,지역구
국회운영위원장 이상철,1,1,0,0,1,100.0,무소속,충남 청양,남,3선,지역구
기록원 보고,1,1,0,0,1,100.0,미상,미상,미상,미상,미상
기록원 함두영,1,1,0,0,1,100.0,자유당,서울 마포구을,남,초선,지역구
기획저창 김훈,1,1,0,0,1,100.0,미상,미상,미상,미상,미상
기획처기획과장 결국,1,1,0,0,1,100.0,미상,미상,미상,미상,미상
기획처장 김순탁,1,1,0,0,1,100.0,미상,미상,미상,미상,미상
기획처차장 홍은표,1,1,0,0,1,100.0,미상,미상,미상,미상,미상
김 식,1,1,0,0,1,100.0,미상,미상,미상,미상,미상
김규만 의원,1,1,0,0,1,100.0,민주당,경북 의성갑,남,초선,지역구
김봉두 위원,1,1,0,0,1,100.0,무소속,전북 장수,남,초선,지역구
김봉조 이교승,1,0,0,1,1,100.0,무소속,경북 청송,남,재선,지역구
김선택 위원,1,1,0,0,1,100.0,미상,미상,미상,미상,미상
김성곤 의원,1,1,0,0,1,100.0,자유당,경북 달성군,남,4선,지역구
김성주사건특별조사위원장 윤만석,1,0,0,1,1,100.0,자유당,경북 문경,남,초선,지역구
김성탁 의원,1,0,1,0,1,100.0,자유당,경남 울산군을,남,초선,지역구
김수학 의원(계속),1,0,0,1,1,100.0,무소속,전북 고창갑,남,초선,지역구
김영선 위원(계속),1,1,0,0,1,100.0,자유당,충남 보령군,남,3선,지역구
김웅진 위원,1,1,0,0,1,100.0,무소속,경기 수원을,남,재선,지역구
김원규 의원(계속),1,1,0,0,1,100.0,자유당,경북 영덕군,남,재선,지역구
김응주 위원(계속),1,1,0,0,1,100.0,민주당,"경남 부산시,중구",남,4선,지역구
김인태 의원(계속),1,1,0,0,1,100.0,무소속,경기 화성갑,남,초선,지역구
김장섭 의원,1,0,1,0,1,100.0,자유당,경북 영일군을,남,4선,지역구
김정기 위원,1,1,0,0,1,100.0,자유당,경남 남해,남,초선,지역구
김종규 위원,1,1,0,0,1,100.0,자유당,경기 양주갑,남,초선,지역구
김종철 의원,1,1,0,0,1,100.0,자유당,충남 천안군을,남,6선,지역구
김종회 의원(계속),1,1,0,0,1,100.0,무소속,충남 대덕,남,초선,지역구
김주묵 의원(계속),1,1,0,0,1,100.0,민주당,충북 음성군,남,초선,지역구
김지준 의원(계속),1,1,0,0,1,100.0,자유당,충남 홍성,남,초선,지역구
김지태 위원,1,1,0,0,1,100.0,자유당,경남 부산시갑,남,재선,지역구
김찬현 위원,1,1,0,0,1,100.0,미상,미상,미상,미상,미상
김창수 의원(계속),1,0,0,1,1,100.0,자유당,전북 정읍갑,남,초선,지역구
김철안 의원(계속),1,0,0,1,1,100.0,자유당,경북 금릉군,여,재선,지역구
나창헌 위원,1,1,0,0,1,100.0,자유당,충남 서산갑,남,초선,지역구
남궁현 위원,1,1,0,0,1,100.0,대한독립촉성국민회,충남 부여갑,남,초선,지역구
내무부장관 김형근(계속),1,0,0,1,1,100.0,미상,미상,미상,미상,미상
내무부차관 장경근(계속),1,1,0,0,1,100.0,미상,미상,미상,미상,미상
내무부차관 홍범희(계속),1,1,0,0,1,100.0,미상,미상,미상,미상,미상
내무부차관 황호연,1,1,0,0,1,100.0,미상,미상,미상,미상,미상
내무부총무과장 강민구,1,1,0,0,1,100.0,미상,미상,미상,미상,미상
내무부치안국경무과장 현규병,1,1,0,0,1,100.0,미상,미상,미상,미상,미상
내무부토목국서무과장 최홍구,1,1,0,0,1,100.0,미상,미상,미상,미상,미상
내무부토목국이사관 김동호,1,1,0,0,1,100.0,미상,미상,미상,미상,미상
내무부통계국장 박춘성,1,1,0,0,1,100.0,미상,미상,미상,미상,미상
내무부통계국장 임춘무,1,1,0,0,1,100.0,미상,미상,미상,미상,미상
내무위원장 대리,1,1,0,0,1,100.0,미상,미상,미상,미상,미상
내무위원장대리 김광준,1,1,0,0,1,100.0,무소속,경북 울진,남,3선,지역구
내무위원장대리 조영규,1,1,0,0,1,100.0,민주국민당,전남 영광군,남,4선,지역구
내무위원장대리 최성웅,1,0,0,1,1,100.0,대한청년단,경남 밀양갑,남,초선,지역구
내무장관 이순용,1,0,0,1,1,100.0,미상,미상,미상,미상,미상
내무차관 정운갑(계속),1,1,0,0,1,100.0,미상,미상,미상,미상,미상
내무치안위원장 조경규,1,1,0,0,1,100.0,무소속,경북 대구갑,남,3선,지역구
노익환 위원,1,1,0,0,1,100.0,미상,미상,미상,미상,미상
노일환 위원,1,1,0,0,1,100.0,한국민주당,전북 순창,남,초선,지역구
농림부농사원교도국장 명재억,1,1,0,0,1,100.0,미상,미상,미상,미상,미상
농림부농산물검사소장 구윤석,1,1,0,0,1,100.0,미상,미상,미상,미상,미상
농림부농업시험장장 장영철,1,1,0,0,1,100.0,미상,미상,미상,미상,미상
농림부양정국장 박도수,1,1,0,0,1,100.0,미상,미상,미상,미상,미상
농림부양정국장 이중춘,1,1,0,0,1,100.0,미상,미상,미상,미상,미상
농림부원예시험장장 김동우,1,1,0,0,1,100.0,미상,미상,미상,미상,미상
농림부자관 정구흥,1,1,0,0,1,100.0,미상,미상,미상,미상,미상
농림분과위원장 박정근,1,1,0,0,1,100.0,무소속,전북 전주,남,재선,지역구
농림위원장 박정근(계속),1,1,0,0,1,100.0,무소속,전북 전주,남,재선,지역구
농림위원장대리 류덕천,1,1,0,0,1,100.0,미상,미상,미상,미상,미상
농림위원장대리 민영남,1,1,0,0,1,100.0,무소속,전남 해남군을,남,재선,지역구
농림위원장대리 변진갑,1,1,0,0,1,100.0,무소속,전남 장성,남,3선,지역구
농림위원장대리 신광균,1,0,0,1,1,100.0,일민국락부,경기 개풍,남,재선,지역구
농림위원장대리 조병문,1,1,0,0,1,100.0,무소속,전남 진도,남,재선,지역구
농림위원장대리 최갑환,1,1,0,0,1,100.0,무소속,경남 고성,남,초선,지역구
농림위원회전문위원 황숙현,1,1,0,0,1,100.0,미상,미상,미상,미상,미상
농림차관 김원태,1,1,0,0,1,100.0,미상,미상,미상,미상,미상
농림차관 정구흥,1,0,0,1,1,100.0,미상,미상,미상,미상,미상
농사개량원장 현근,1,0,0,1,1,100.0,미상,미상,미상,미상,미상
농정국장 김병윤,1,1,0,0,1,100.0,미상,미상,미상,미상,미상
단장 노벨,1,1,0,0,1,100.0,미상,미상,미상,미상,미상
답 5관구사령부,1,1,0,0,1,100.0,미상,미상,미상,미상,미상
답 본래,1,0,1,0,1,100.0,미상,미상,미상,미상,미상
답 월평균,1,1,0,0,1,100.0,미상,미상,미상,미상,미상
대법원장 조용순,1,1,0,0,1,100.0,미상,미상,미상,미상,미상
대통령특사 조병옥,1,0,0,1,1,100.0,미상,미상,미상,미상,미상
대통령특사 조병옥(계속),1,0,0,1,1,100.0,미상,미상,미상,미상,미상
대한민국재일거류민단대표 김재화,1,0,0,1,1,100.0,미상,미상,미상,미상,미상
류순석 위원,1,1,0,0,1,100.0,미상,미상,미상,미상,미상
류지원 의원(계속),1,1,0,0,1,100.0,미상,미상,미상,미상,미상
류진산 위원(계속),1,1,0,0,1,100.0,미상,미상,미상,미상,미상
류테리오(비율빈 국회사절단,1,1,0,0,1,100.0,미상,미상,미상,미상,미상
문(이석기 의원),1,0,1,0,1,100.0,무소속,충남 부여갑,남,3선,지역구
문교부보통교육국장 정의택(발언도중),1,1,0,0,1,100.0,미상,미상,미상,미상,미상
문교부장관 백낙준(계속),1,1,0,0,1,100.0,미상,미상,미상,미상,미상
문교부장관 최재유(계속),1,1,0,0,1,100.0,미상,미상,미상,미상,미상
문교부장관(계속) 미안합니다.,1,1,0,0,1,100.0,미상,미상,미상,미상,미상
문교부차관 김호직(계속),1,1,0,0,1,100.0,미상,미상,미상,미상,미상
문교사회위원장 안상한,1,1,0,0,1,100.0,무소속,강원 횡성,남,초선,지역구
문교위원장대리 김법린,1,1,0,0,1,100.0,자유당,경남 동래,남,초선,지역구
문교위원장대리 성원경,1,1,0,0,1,100.0,자유당,충남 예산군,남,재선,지역구
미국대통령특사 타스카(황성수,1,1,0,0,1,100.0,무소속,서울 용산구갑,남,4선,지역구
미국상원의원 애랜드,1,1,0,0,1,100.0,미상,미상,미상,미상,미상
미국상원의원 양,1,0,1,0,1,100.0,미상,미상,미상,미상,미상
미합중국상원의원 노랜드,1,1,0,0,1,100.0,미상,미상,미상,미상,미상
미해병고문관 에드워드포니,1,1,0,0,1,100.0,미상,미상,미상,미상,미상
민관식 위원(계속),1,1,0,0,1,100.0,무소속,서울 동대문구갑,남,5선,지역구
민의원법제조사국장 고재필,1,1,0,0,1,100.0,미상,미상,미상,미상,미상
민의원사무처법제조사국장 고재필,1,1,0,0,1,100.0,미상,미상,미상,미상,미상
민의원사무처총무국장 서상준,1,1,0,0,1,100.0,미상,미상,미상,미상,미상
민장식 의원(계속),1,1,0,0,1,100.0,민주당,충북 영동군,남,재선,지역구
박순석 의원(계속),1,1,0,0,1,100.0,자유당,경북 영일군갑,남,3선,지역구
박양재 의원,1,1,0,0,1,100.0,무소속,전북 완주갑,남,초선,지역구
박우경 위원,1,1,0,0,1,100.0,무소속,충북 영동,남,초선,지역구
박우경 의원(계속),1,1,0,0,1,100.0,무소속,충북 영동,남,초선,지역구
박정근 김용화,1,0,1,0,1,100.0,대한국민당,충남 천안,남,재선,지역구
박팔봉 의원,1,0,0,1,1,100.0,무소속,전남 고흥갑,남,초선,지역구
박해정 위원(계속),1,1,0,0,1,100.0,민주당,경북 경산,남,4선,지역구
박해정 위원(발언도중),1,1,0,0,1,100.0,민주당,경북 경산,남,4선,지역구
반재현 의원,1,1,0,0,1,100.0,무소속,경북 청도,남,초선,지역구
뱍해극 의원,1,1,0,0,1,100.0,미상,미상,미상,미상,미상
법무부법무국장 김영간,1,1,0,0,1,100.0,미상,미상,미상,미상,미상
법무부장관 권승열,1,1,0,0,1,100.0,미상,미상,미상,미상,미상
법무부징관 이인,1,1,0,0,1,100.0,무소속,서울 종로구을,남,3선,지역구
법무부형정국장 신언한,1,1,0,0,1,100.0,미상,미상,미상,미상,미상
법무장관 조용순,1,1,0,0,1,100.0,미상,미상,미상,미상,미상
법전편찬위원장 김병로,1,0,1,0,1,100.0,미상,미상,미상,미상,미상
법제사법위원장대리 박세경,1,1,0,0,1,100.0,자유당,전북 임실,남,재선,지역구
법제사법위원장대리 조광희,1,1,0,0,1,100.0,자유당,경북 상주갑,남,초선,지역구
법제사법위원장대리 황성수,1,1,0,0,1,100.0,자유당,전남 보성군,남,4선,지역구
병기기지사령부부사령관 개인의견은,1,1,0,0,1,100.0,미상,미상,미상,미상,미상
병기기지사령부부사령관 그것이,1,1,0,0,1,100.0,미상,미상,미상,미상,미상
병기기지사령부부사령관 그래서,1,1,0,0,1,100.0,미상,미상,미상,미상,미상
병기기지사령부부사령관 이것은,1,1,0,0,1,100.0,미상,미상,미상,미상,미상
병기기지사령부부사령관 책정된,1,1,0,0,1,100.0,미상,미상,미상,미상,미상
병기기지창장 저는,1,1,0,0,1,100.0,미상,미상,미상,미상,미상
병기보급창장 이것은,1,0,1,0,1,100.0,미상,미상,미상,미상,미상
병기수집소장 그렇게,1,0,1,0,1,100.0,미상,미상,미상,미상,미상
병기수집소장 이것이,1,0,1,0,1,100.0,미상,미상,미상,미상,미상
병참학교장 저희는,1,1,0,0,1,100.0,미상,미상,미상,미상,미상
보건사회부방역과장 이병학,1,1,0,0,1,100.0,미상,미상,미상,미상,미상
보건사회부방역국장 이병학,1,0,0,1,1,100.0,미상,미상,미상,미상,미상
보건사회부부녀국장 김인순,1,1,0,0,1,100.0,미상,미상,미상,미상,미상
보건사회부부녀국장 박인순,1,1,0,0,1,100.0,미상,미상,미상,미상,미상
보건사회부사회과장 박재우,1,1,0,0,1,100.0,미상,미상,미상,미상,미상
보건사회부약정국장 정경모,1,1,0,0,1,100.0,미상,미상,미상,미상,미상
보건사회부원호국장 강봉수,1,0,0,1,1,100.0,미상,미상,미상,미상,미상
보건사회위원장 김철안,1,0,0,1,1,100.0,자유당,경북 금릉군,여,재선,지역구
보건사회위원장대리 김용우,1,1,0,0,1,100.0,무소속,서울 서대문구갑,남,초선,지역구
보건사회위원장대리 김철안,1,1,0,0,1,100.0,자유당,경북 금릉군,여,재선,지역구
부산경비사령부장대위 제가,1,1,0,0,1,100.0,미상,미상,미상,미상,미상
부의장 윤칭영,1,1,0,0,1,100.0,미상,미상,미상,미상,미상
부통령 김성수,1,1,0,0,1,100.0,미상,미상,미상,미상,미상
부흥부경제계획관 4억,1,1,0,0,1,100.0,미상,미상,미상,미상,미상
부흥부기획국장 숫자적인,1,1,0,0,1,100.0,미상,미상,미상,미상,미상
부흥부기획국장 장하정,1,1,0,0,1,100.0,미상,미상,미상,미상,미상
부흥부기획국장 한미,1,1,0,0,1,100.0,미상,미상,미상,미상,미상
부흥부차관 신현확(계속),1,1,0,0,1,100.0,미상,미상,미상,미상,미상
부흥분과위원장 구흥남,1,1,0,0,1,100.0,자유당,전남 화순군,남,재선,지역구
부흥위원장 원용석(계속),1,1,0,0,1,100.0,자유당,충남 당진을,남,초선,지역구
부흥위원장대리 원용석,1,1,0,0,1,100.0,자유당,충남 당진을,남,초선,지역구
북미합중국 부통령,1,1,0,0,1,100.0,미상,미상,미상,미상,미상
빅헤정 의원,1,0,1,0,1,100.0,미상,미상,미상,미상,미상
사무국장 허남수,1,1,0,0,1,100.0,미상,미상,미상,미상,미상
사무처장 박종만,1,1,0,0,1,100.0,미상,미상,미상,미상,미상
사세청장 이창규,1,1,0,0,1,100.0,미상,미상,미상,미상,미상
사회보건부장관 최재유,1,0,0,1,1,100.0,미상,미상,미상,미상,미상
사회보건위원장대리 류순식,1,1,0,0,1,100.0,미상,미상,미상,미상,미상
사회부장관 이윤영(계속),1,0,0,1,1,100.0,조선민주당,서울 종로구갑,남,초선,지역구
사회부장관 허정(계속),1,0,0,1,1,100.0,미상,미상,미상,미상,미상
산업위원장대리 김종순,1,0,0,1,1,100.0,무소속,전남 나주갑,남,초선,지역구
산업위원회위원장 서상일,1,1,0,0,1,100.0,한국민주당,경북 대구을,남,재선,지역구
상공부공업국장 신현확,1,1,0,0,1,100.0,미상,미상,미상,미상,미상
상공부광무국장 김효섭,1,1,0,0,1,100.0,미상,미상,미상,미상,미상
상공부장관 김영찬,1,1,0,0,1,100.0,미상,미상,미상,미상,미상
상공부장관 김훈(계속),1,1,0,0,1,100.0,미상,미상,미상,미상,미상
상공부차관 김수학,1,1,0,0,1,100.0,미상,미상,미상,미상,미상
상공부차관 배응식,1,1,0,0,1,100.0,미상,미상,미상,미상,미상
상공부차관 함덕용,1,1,0,0,1,100.0,미상,미상,미상,미상,미상
상공분과위원장 정규상,1,1,0,0,1,100.0,자유당,강원 영월,남,재선,지역구
상공분과위원장대리 이갑식,1,1,0,0,1,100.0,무소속,전남 구례군,남,재선,지역구
상공위원장 윤성순,1,1,0,0,1,100.0,자유당,경기 포천군,남,3선,지역구
상공위원장대리 김춘호,1,1,0,0,1,100.0,자유당,전북 이리,남,초선,지역구
상공위원장대리 백남식,1,0,0,1,1,100.0,무소속,경북 상주군을,남,재선,지역구
상공위원장대리 정규상,1,1,0,0,1,100.0,자유당,강원 영월군,남,재선,지역구
상공위원장대리 조남수,1,1,0,0,1,100.0,자유당,충남 부여을,남,초선,지역구
상공위원장대리 황병규,1,1,0,0,1,100.0,대한국민당,전남 여천,남,재선,지역구
생사검사소장 이춘성,1,1,0,0,1,100.0,미상,미상,미상,미상,미상
서상호 의원,1,1,0,0,1,100.0,무소속,경남 통영갑,남,초선,지역구
서울대학교교학국장 조병욱,1,1,0,0,1,100.0,미상,미상,미상,미상,미상
서울특별시토목국도로과장 박봉건,1,1,0,0,1,100.0,미상,미상,미상,미상,미상
선거권자의자격,1,1,0,0,1,100.0,미상,미상,미상,미상,미상
성균관대학교교수 신상초,1,1,0,0,1,100.0,미상,미상,미상,미상,미상
세정과장 지금,1,1,0,0,1,100.0,미상,미상,미상,미상,미상
손석두 최용근,1,0,1,0,1,100.0,자유당,전남 장흥,남,재선,지역구
송창식 의원(계속),1,1,0,0,1,100.0,대한독립촉성국민회,경기 이천,남,초선,지역구
숄트 미국하원의원,1,0,0,1,1,100.0,미상,미상,미상,미상,미상
수가됩니다,1,1,0,0,1,100.0,미상,미상,미상,미상,미상
수도사단장 현재,1,1,0,0,1,100.0,미상,미상,미상,미상,미상
수로국장 교재창이,1,1,0,0,1,100.0,미상,미상,미상,미상,미상
수로국장 수로국에서는,1,1,0,0,1,100.0,미상,미상,미상,미상,미상
수로국장 없습니다.,1,1,0,0,1,100.0,미상,미상,미상,미상,미상
수해대책특별위원장 양일동,1,0,0,1,1,100.0,무소속,전북 옥구,남,5선,지역구
신셩균 의원,1,1,0,0,1,100.0,미상,미상,미상,미상,미상
안준기,1,0,1,0,1,100.0,자유당,경남 산청,남,초선,지역구
양영주 위원(계속),1,1,0,0,1,100.0,자유당,전북 남원,남,초선,지역구
양일동 위원(계속),1,1,0,0,1,100.0,무소속,전북 옥구,남,5선,지역구
언요청,1,1,0,0,1,100.0,미상,미상,미상,미상,미상
언중지,1,0,1,0,1,100.0,미상,미상,미상,미상,미상
업상섭 의원,1,1,0,0,1,100.0,미상,미상,미상,미상,미상
에스테스 키포버,1,1,0,0,1,100.0,미상,미상,미상,미상,미상
연합참모본부비서실장 예!,1,0,1,0,1,100.0,미상,미상,미상,미상,미상
연합참모본부장 김형일,1,1,0,0,1,100.0,미상,미상,미상,미상,미상
연합참모본부제1부장 그,1,0,1,0,1,100.0,미상,미상,미상,미상,미상
염산국장 암시장에서는,1,1,0,0,1,100.0,미상,미상,미상,미상,미상
예산국장 오림근,1,1,0,0,1,100.0,미상,미상,미상,미상,미상
예산국제3과장 결국,1,1,0,0,1,100.0,미상,미상,미상,미상,미상
예산위원장 이충환,1,1,0,0,1,100.0,자유당,충북 진천군,남,6선,지역구
오용국 위원,1,1,0,0,1,100.0,무소속,제주 남제주,남,초선,지역구
오택관 위원,1,1,0,0,1,100.0,한국독립당,경기 옹진갑,남,초선,지역구
오형근 의원,1,1,0,0,1,100.0,자유당,경기 가평,남,초선,지역구
올림픽파견단장 정항범,1,0,1,0,1,100.0,미상,미상,미상,미상,미상
외무국방위원장 김종회,1,0,0,1,1,100.0,무소속,충남 대덕,남,초선,지역구
외무국방위원장대리 임영신,1,0,1,0,1,100.0,대한여자국민당,경북 안동을,여,재선,지역구
외무국방위원장대리 최윤봉,1,1,0,0,1,100.0,미상,미상,미상,미상,미상
외무부정무국조약과장 한규영,1,1,0,0,1,100.0,미상,미상,미상,미상,미상
외무부통상국장 87년도,1,1,0,0,1,100.0,미상,미상,미상,미상,미상
외무위원장대리 박영종,1,1,0,0,1,100.0,자유당,전남 담양,남,초선,지역구
외무위원장대리 우문,1,0,0,1,1,100.0,대한국민당,경북 김천,남,초선,지역구
외무위원회전문위원 정형모,1,1,0,0,1,100.0,미상,미상,미상,미상,미상
외무차관 최규하,1,1,0,0,1,100.0,미상,미상,미상,미상,미상
외부무장관 조정환,1,0,0,1,1,100.0,미상,미상,미상,미상,미상
외자관리청차장 한홍,1,0,0,1,1,100.0,미상,미상,미상,미상,미상
외자청관리국장 최윤기,1,1,0,0,1,100.0,미상,미상,미상,미상,미상
외자청장 신현확,1,1,0,0,1,100.0,미상,미상,미상,미상,미상
외자총국총장 백두진,1,1,0,0,1,100.0,미상,미상,미상,미상,미상
운영위원장대리 오성환,1,1,0,0,1,100.0,대한국민당,서울 마포구갑,남,초선,지역구
운영위원장대리 이상철,1,1,0,0,1,100.0,무소속,충남 청양,남,3선,지역구
운영위원장대리 이영희,1,1,0,0,1,100.0,자유당,경남 의령,남,재선,지역구
운영위원회 오성환,1,1,0,0,1,100.0,대한국민당,서울 마포구갑,남,초선,지역구
유덕천 의원,1,0,0,1,1,100.0,무소속,경남 진주,남,초선,지역구
유성권 위원(계속),1,1,0,0,1,100.0,민주당,서울 성동구갑,남,3선,지역구
유승준 의원(계속),1,1,0,0,1,100.0,무소속,충남 홍성,남,재선,지역구
유엔사무차장 코디어,1,0,0,1,1,100.0,미상,미상,미상,미상,미상
유엔수석대표 조병옥,1,0,0,1,1,100.0,미상,미상,미상,미상,미상
유지원 의원,1,1,0,0,1,100.0,자유당,충남 연기군,남,재선,지역구
육군기갑학교장 그후에,1,0,1,0,1,100.0,미상,미상,미상,미상,미상
육군대학총장 애로사항은,1,1,0,0,1,100.0,미상,미상,미상,미상,미상
육군본부공병감 과거에,1,1,0,0,1,100.0,미상,미상,미상,미상,미상
육군본부공병감 엄홍섭,1,1,0,0,1,100.0,미상,미상,미상,미상,미상
육군본부공병감 작년에도,1,1,0,0,1,100.0,미상,미상,미상,미상,미상
육군본부공병감 저희가,1,1,0,0,1,100.0,미상,미상,미상,미상,미상
육군본부관리국장 수리비의,1,1,0,0,1,100.0,미상,미상,미상,미상,미상
육군본부관리참모부장 최석,1,1,0,0,1,100.0,미상,미상,미상,미상,미상
육군본부군수국장 된장,1,1,0,0,1,100.0,미상,미상,미상,미상,미상
육군본부군수국장 어디를,1,1,0,0,1,100.0,미상,미상,미상,미상,미상
육군본부군수국장 여러,1,0,1,0,1,100.0,미상,미상,미상,미상,미상
육군본부군수국장 저희들이,1,1,0,0,1,100.0,미상,미상,미상,미상,미상
육군본부군수국장 첫째,1,0,0,1,1,100.0,미상,미상,미상,미상,미상
육군본부군수국장 행정근무비에,1,1,0,0,1,100.0,미상,미상,미상,미상,미상
육군본부군수참모부차장 김용택,1,0,0,1,1,100.0,미상,미상,미상,미상,미상
육군본부병기감 4년간에,1,1,0,0,1,100.0,미상,미상,미상,미상,미상
육군본부병기감 모든,1,1,0,0,1,100.0,미상,미상,미상,미상,미상
육군본부병기감 부속이,1,1,0,0,1,100.0,미상,미상,미상,미상,미상
육군본부의무감 그,1,0,1,0,1,100.0,미상,미상,미상,미상,미상
육군본부인사국장 권,1,1,0,0,1,100.0,미상,미상,미상,미상,미상
육군본부인사국장 사실은,1,1,0,0,1,100.0,미상,미상,미상,미상,미상
육군본부인사국장 아까,1,1,0,0,1,100.0,미상,미상,미상,미상,미상
육군본부인사국장 일반신문은,1,1,0,0,1,100.0,미상,미상,미상,미상,미상
육군본부작전교육국장 그것이,1,1,0,0,1,100.0,미상,미상,미상,미상,미상
육군본부작전교육국장 한,1,1,0,0,1,100.0,미상,미상,미상,미상,미상
육군본부정보국장 적이,1,0,1,0,1,100.0,미상,미상,미상,미상,미상
육군본부정훈감 명년도,1,1,0,0,1,100.0,미상,미상,미상,미상,미상
육군본부정훈감 일선에,1,1,0,0,1,100.0,미상,미상,미상,미상,미상
육군본부정훈감 통과된,1,1,0,0,1,100.0,미상,미상,미상,미상,미상
육군본부정훈국계획과장 간행물을,1,1,0,0,1,100.0,미상,미상,미상,미상,미상
육군본부정훈국계획과장 솔직히,1,1,0,0,1,100.0,미상,미상,미상,미상,미상
육군본부정훈국계획과장 역시,1,1,0,0,1,100.0,미상,미상,미상,미상,미상
육군본부정훈국계획과장 확실히,1,1,0,0,1,100.0,미상,미상,미상,미상,미상
육군본부조달감 그것을,1,0,0,1,1,100.0,미상,미상,미상,미상,미상
육군본부조달감 신원식,1,1,0,0,1,100.0,미상,미상,미상,미상,미상
육군본부조달감 지금,1,0,0,1,1,100.0,미상,미상,미상,미상,미상
육군본부조달감실물가조사과장 그전에는,1,1,0,0,1,100.0,미상,미상,미상,미상,미상
육군본부조달차장 수의계약은,1,1,0,0,1,100.0,미상,미상,미상,미상,미상
육군본부총무국인사과장 작년까지는,1,1,0,0,1,100.0,미상,미상,미상,미상,미상
육군본부총무국장 여기에,1,1,0,0,1,100.0,미상,미상,미상,미상,미상
육군본부총무국총무과장 91년도,1,1,0,0,1,100.0,미상,미상,미상,미상,미상
육군본부총무국총무과장 국장께서,1,1,0,0,1,100.0,미상,미상,미상,미상,미상
육군본부항공부감 그것도,1,1,0,0,1,100.0,미상,미상,미상,미상,미상
육군본부항공부감 이,1,1,0,0,1,100.0,미상,미상,미상,미상,미상
육군본부헌병감 오,1,1,0,0,1,100.0,미상,미상,미상,미상,미상
육군본부화학감 저희는,1,0,1,0,1,100.0,미상,미상,미상,미상,미상
육군제17범죄수사대장 그,1,0,1,0,1,100.0,미상,미상,미상,미상,미상
육군제1군사령관 송요찬,1,1,0,0,1,100.0,미상,미상,미상,미상,미상
육군조병창장 지금,1,1,0,0,1,100.0,미상,미상,미상,미상,미상
육군조병창장 현재,1,1,0,0,1,100.0,미상,미상,미상,미상,미상
육군참모장 정일권,1,0,0,1,1,100.0,미상,미상,미상,미상,미상
육군첩보부대장 제가,1,0,0,1,1,100.0,미상,미상,미상,미상,미상
육군총참모장 신태영,1,1,0,0,1,100.0,미상,미상,미상,미상,미상
육군총참모장 채병덕,1,0,0,1,1,100.0,미상,미상,미상,미상,미상
윤재근 의원(계속),1,1,0,0,1,100.0,무소속,경기 강화,남,4선,지역구
의사과장 이석진,1,1,0,0,1,100.0,미상,미상,미상,미상,미상
의사과장 이호,1,1,0,0,1,100.0,미상,미상,미상,미상,미상
의사국장 차인홍,1,1,0,0,1,100.0,미상,미상,미상,미상,미상
의사국장 최윤전,1,1,0,0,1,100.0,미상,미상,미상,미상,미상
의장국장 서상준,1,1,0,0,1,100.0,미상,미상,미상,미상,미상
이병관 위원,1,1,0,0,1,100.0,무소속,경북 김천을,남,초선,지역구
이상용 의원,1,1,0,0,1,100.0,자유당,"경남 부산시,서구갑",남,초선,지역구
이성득 의원(계속),1,1,0,0,1,100.0,무소속,경기 개성,남,초선,지역구
이영언 지영진,1,0,1,0,1,100.0,자유당,"경남 부산시,영도갑",남,재선,지역구
이영준 지금,1,0,0,1,1,100.0,한국민주당,서울 동대문구을,남,4선,지역구
이원장 의원,1,1,0,0,1,100.0,자유당,충남 보령군,남,재선,지역구
이인 위원,1,1,0,0,1,100.0,국민당,서울 영등포구을,남,3선,지역구
이정휴 위원(발언도중),1,1,0,0,1,100.0,자유당,전남 광산,남,초선,지역구
이종수 정명섭,1,0,1,0,1,100.0,자유당,경남 김해을,남,3선,지역구
이종형 의원(계속),1,1,0,0,1,100.0,미상,미상,미상,미상,미상
이채호 씨,1,1,0,0,1,100.0,미상,미상,미상,미상,미상
이충환(법) 이석기(내),1,0,0,1,1,100.0,무소속,충남 부여갑,남,3선,지역구
이협우 위원,1,1,0,0,1,100.0,자유당,경북 월성군갑,남,3선,지역구
인천경비부사령관 저희들,1,1,0,0,1,100.0,미상,미상,미상,미상,미상
임송본 전식산은행두취,1,1,0,0,1,100.0,미상,미상,미상,미상,미상
임차주 의원(계속),1,1,0,0,1,100.0,자유당,전북 순창군,남,3선,지역구
임흥순 김택천,1,1,0,0,1,100.0,무소속,경남 울산을,남,초선,지역구
재경경제위원장 박만원,1,1,0,0,1,100.0,무소속,경북 군위,남,3선,지역구
재경부차관 김유택,1,1,0,0,1,100.0,미상,미상,미상,미상,미상
재무부사세국장 권택상(계속),1,1,0,0,1,100.0,미상,미상,미상,미상,미상
재무부사세국장 권택상(발언,1,1,0,0,1,100.0,미상,미상,미상,미상,미상
재무부예산국제2과장 이범호,1,1,0,0,1,100.0,미상,미상,미상,미상,미상
재무부장관 김유택,1,1,0,0,1,100.0,미상,미상,미상,미상,미상
재무부장관 장희창,1,1,0,0,1,100.0,미상,미상,미상,미상,미상
재무부장관 천병규,1,1,0,0,1,100.0,미상,미상,미상,미상,미상
재무부차관 김영환,1,1,0,0,1,100.0,미상,미상,미상,미상,미상
재무부차관 박종권,1,1,0,0,1,100.0,미상,미상,미상,미상,미상
재무부차관 조희현,1,0,0,1,1,100.0,미상,미상,미상,미상,미상
재무장관 김현철,1,1,0,0,1,100.0,미상,미상,미상,미상,미상
재무장관 김현철(계속),1,1,0,0,1,100.0,미상,미상,미상,미상,미상
재무차관 김영찬,1,1,0,0,1,100.0,미상,미상,미상,미상,미상
재부무장관 송인상,1,1,0,0,1,100.0,미상,미상,미상,미상,미상
재일거류민단국회옵써버 박현,1,0,0,1,1,100.0,미상,미상,미상,미상,미상
재일거류민단단장 김재화,1,0,0,1,1,100.0,미상,미상,미상,미상,미상
재일거류민단의장 박근세,1,0,0,1,1,100.0,미상,미상,미상,미상,미상
재일거류민단장 박열,1,0,0,1,1,100.0,미상,미상,미상,미상,미상
재일교포대표 김득용,1,0,0,1,1,100.0,미상,미상,미상,미상,미상
재일교포대표 김재화,1,0,1,0,1,100.0,미상,미상,미상,미상,미상
재일본거류민단대표 김광남,1,0,0,1,1,100.0,미상,미상,미상,미상,미상
재정경제워원장대리 이석,1,1,0,0,1,100.0,대한독립촉성국민회,경북 경주을,남,초선,지역구
재정경제위원장 김수학(계속),1,1,0,0,1,100.0,무소속,전북 고창갑,남,초선,지역구
재정경제위원장 대리,1,1,0,0,1,100.0,미상,미상,미상,미상,미상
재정경제위원장 박만원(계속),1,1,0,0,1,100.0,무소속,경북 군위,남,3선,지역구
재정경제위원장 이재형(계속),1,1,0,0,1,100.0,대한국민당,경기 시흥,남,7선,지역구
재정경제위원장대리 강선명,1,0,0,1,1,100.0,무소속,전남 목포,남,초선,지역구
재정경제위원장대리 김도연,1,1,0,0,1,100.0,민주국민당,서울 서대문구갑,남,6선,지역구
재정경제위원장대리 이갑식,1,0,0,1,1,100.0,자유당,전남 구례,남,재선,지역구
재정경제위원장대리 정헌주,1,1,0,0,1,100.0,무소속,경남 사천,남,5선,지역구
재정경제위원회대리 나창헌,1,1,0,0,1,100.0,자유당,충남 서산갑,남,초선,지역구
재정경제의원장 홍성하,1,1,0,0,1,100.0,한국민주당,서울 동대문구갑,남,초선,지역구
재정부장관 백두진,1,1,0,0,1,100.0,미상,미상,미상,미상,미상
전대법원장 김병로,1,1,0,0,1,100.0,미상,미상,미상,미상,미상
전매청연초국장 유정식,1,1,0,0,1,100.0,미상,미상,미상,미상,미상
전매청총무국장 이종태,1,1,0,0,1,100.0,미상,미상,미상,미상,미상
전문위원 김용갑,1,1,0,0,1,100.0,미상,미상,미상,미상,미상
전문의원 윤길중,1,0,0,1,1,100.0,미상,미상,미상,미상,미상
전원위원장 오위영,1,1,0,0,1,100.0,무소속,경남 울산갑,남,3선,지역구
전원위원장 이청천,1,1,0,0,1,100.0,미상,미상,미상,미상,미상
전진한 의원(계속),1,1,0,0,1,100.0,무소속,경남 부산시을,남,5선,지역구
전진항 의원(계속),1,1,0,0,1,100.0,미상,미상,미상,미상,미상
정,1,1,0,0,1,100.0,미상,미상,미상,미상,미상
정균식 위원,1,1,0,0,1,100.0,조선민족청년단,전남 담양,남,초선,지역구
정낙훈 의원,1,1,0,0,1,100.0,자유당,충남 대전갑,남,초선,지역구
정남상 의원,1,1,0,0,1,100.0,미상,미상,미상,미상,미상
정동기 공업국장이지요.,1,1,0,0,1,100.0,미상,미상,미상,미상,미상
정동기 돈을,1,1,0,0,1,100.0,미상,미상,미상,미상,미상
정동기 우리가,1,1,0,0,1,100.0,미상,미상,미상,미상,미상
정동기 조민제,1,0,1,0,1,100.0,미상,미상,미상,미상,미상
정부위원 이순탁,1,0,1,0,1,100.0,미상,미상,미상,미상,미상
정운갑 위원(계속),1,1,0,0,1,100.0,자유당,충북 진천군,남,5선,지역구
정재원 의원,1,1,0,0,1,100.0,자유당,경북 예천,남,초선,지역구
정해영 의원(계속),1,1,0,0,1,100.0,자유당,경남 울산군을,남,7선,지역구
제10지구급양대장 개인의,1,1,0,0,1,100.0,미상,미상,미상,미상,미상
제10지구급양대장 파견대에,1,1,0,0,1,100.0,미상,미상,미상,미상,미상
제1201공병단군수과장 금년,1,1,0,0,1,100.0,미상,미상,미상,미상,미상
제1201공병단장 선을,1,1,0,0,1,100.0,미상,미상,미상,미상,미상
제1201공병단장 인수인계는,1,1,0,0,1,100.0,미상,미상,미상,미상,미상
제1202건설공병단장 기와,1,1,0,0,1,100.0,미상,미상,미상,미상,미상
제12사단의무부장 규정이,1,0,1,0,1,100.0,미상,미상,미상,미상,미상
제1군단장 김용배,1,1,0,0,1,100.0,미상,미상,미상,미상,미상
제1군사령부관리부장 예산과,1,0,1,0,1,100.0,미상,미상,미상,미상,미상
제1군사령부관리부장 항목,1,1,0,0,1,100.0,미상,미상,미상,미상,미상
제1군사령부군수참모 이,1,1,0,0,1,100.0,미상,미상,미상,미상,미상
제1보충대대장 교육비에,1,1,0,0,1,100.0,미상,미상,미상,미상,미상
제1보충대대장 그것은,1,1,0,0,1,100.0,미상,미상,미상,미상,미상
제1보충대대장 사실,1,1,0,0,1,100.0,미상,미상,미상,미상,미상
제1보충대대장 현재,1,1,0,0,1,100.0,미상,미상,미상,미상,미상
제1육군병원장 대개,1,1,0,0,1,100.0,미상,미상,미상,미상,미상
제1육군병원장 일반하고,1,1,0,0,1,100.0,미상,미상,미상,미상,미상
제29사단장 애로사항이라는,1,1,0,0,1,100.0,미상,미상,미상,미상,미상
제2군단군수처장 기본적인,1,1,0,0,1,100.0,미상,미상,미상,미상,미상
제2군사령부의무부장 1000명입니다.,1,1,0,0,1,100.0,미상,미상,미상,미상,미상
제2군사령부의무부장 이번에,1,1,0,0,1,100.0,미상,미상,미상,미상,미상
제2군사령부의무부장 하나도,1,1,0,0,1,100.0,미상,미상,미상,미상,미상
제2군사령부참모장 어느,1,1,0,0,1,100.0,미상,미상,미상,미상,미상
제2군사령부헌병부장 저희들이,1,0,0,1,1,100.0,미상,미상,미상,미상,미상
제2군사령부헌병부장 첫째,1,1,0,0,1,100.0,미상,미상,미상,미상,미상
제2군사령부휼병참모부장 군사령부가,1,1,0,0,1,100.0,미상,미상,미상,미상,미상
제2군사령부휼병참모부장 군사령부에서,1,1,0,0,1,100.0,미상,미상,미상,미상,미상
제2군사령부휼병참모부장 제가,1,1,0,0,1,100.0,미상,미상,미상,미상,미상
제3육군병원장 이것은,1,1,0,0,1,100.0,미상,미상,미상,미상,미상
제3지구경리대장 현재까지,1,1,0,0,1,100.0,미상,미상,미상,미상,미상
제5병참재생창장 가능합니다.,1,1,0,0,1,100.0,미상,미상,미상,미상,미상
제5병참재생창장 제,1,1,0,0,1,100.0,미상,미상,미상,미상,미상
제5차 아세아민족반공대회,1,1,0,0,1,100.0,미상,미상,미상,미상,미상
제63육군병원장 그것은,1,1,0,0,1,100.0,미상,미상,미상,미상,미상
제63육군병원장 품목,1,0,1,0,1,100.0,미상,미상,미상,미상,미상
제7사단군수참모 예를,1,1,0,0,1,100.0,미상,미상,미상,미상,미상
제7사단장 막사,1,1,0,0,1,100.0,미상,미상,미상,미상,미상
제7항로보안단장 여기에,1,1,0,0,1,100.0,미상,미상,미상,미상,미상
제7항로보안단장 후생대책은,1,1,0,0,1,100.0,미상,미상,미상,미상,미상
제8사단장 특히,1,1,0,0,1,100.0,미상,미상,미상,미상,미상
제9기지창보급부장 감축이,1,1,0,0,1,100.0,미상,미상,미상,미상,미상
제9기지창보급부장 금년도,1,1,0,0,1,100.0,미상,미상,미상,미상,미상
조국현 위원,1,1,0,0,1,100.0,미상,전남 화순,남,재선,지역구
조남수 의원,1,1,0,0,1,100.0,자유당,충남 부여을,남,초선,지역구
조인상 위원,1,1,0,0,1,100.0,미상,미상,미상,미상,미상
주병환 의원,1,0,0,1,1,100.0,민주당,경북 성주군,남,재선,지역구
주영공사 이묘묵,1,1,0,0,1,100.0,미상,미상,미상,미상,미상
주일공사 김용주,1,0,0,1,1,100.0,미상,미상,미상,미상,미상
주중대사 김홍일,1,1,0,0,1,100.0,미상,미상,미상,미상,미상
주중화민국대사 이범석,1,1,0,0,1,100.0,미상,미상,미상,미상,미상
중앙공업연구소장 이주호,1,1,0,0,1,100.0,미상,미상,미상,미상,미상
중앙선거위원장 김두일(계속),1,1,0,0,1,100.0,미상,미상,미상,미상,미상
증인 박삼철,1,1,0,0,1,100.0,미상,미상,미상,미상,미상
지,1,1,0,0,1,100.0,미상,미상,미상,미상,미상
진해해군통제사령관 감사한,1,1,0,0,1,100.0,미상,미상,미상,미상,미상
진해해군통제사령관 거기에,1,1,0,0,1,100.0,미상,미상,미상,미상,미상
진해해군통제사령관 여기,1,1,0,0,1,100.0,미상,미상,미상,미상,미상
진해해군통제사령관 지금까지,1,1,0,0,1,100.0,미상,미상,미상,미상,미상
징계자격위원장 정존수(계속),1,1,0,0,1,100.0,자유당,경기 평택군,남,재선,지역구
쫀 포스터,1,0,0,1,1,100.0,미상,미상,미상,미상,미상
차량재생창장 도로를,1,1,0,0,1,100.0,미상,미상,미상,미상,미상
차량재생창장 사령부에서,1,1,0,0,1,100.0,미상,미상,미상,미상,미상
차량재생창장 생산계획,1,1,0,0,1,100.0,미상,미상,미상,미상,미상
차량재생창장 재생,1,0,0,1,1,100.0,미상,미상,미상,미상,미상
차량재생창장 제가,1,0,0,1,1,100.0,미상,미상,미상,미상,미상
참석자 명단,1,1,0,0,1,100.0,미상,미상,미상,미상,미상
체신부경리국장 아까,1,1,0,0,1,100.0,미상,미상,미상,미상,미상
체신부전무국장 먼저,1,1,0,0,1,100.0,미상,미상,미상,미상,미상
체신부전무국장 서울-광주간의,1,1,0,0,1,100.0,미상,미상,미상,미상,미상
체신부전무국전신과장 김창한,1,1,0,0,1,100.0,미상,미상,미상,미상,미상
체신부차관 강직순(계속),1,1,0,0,1,100.0,미상,미상,미상,미상,미상
체신부차관 조응천(계속),1,0,0,1,1,100.0,미상,미상,미상,미상,미상
초청인사 명단,1,1,0,0,1,100.0,미상,미상,미상,미상,미상
총무국장 서상준(계속),1,1,0,0,1,100.0,미상,미상,미상,미상,미상
총무국장 서상준(발언도중),1,1,0,0,1,100.0,미상,미상,미상,미상,미상
총무처장 한동석,1,1,0,0,1,100.0,미상,미상,미상,미상,미상
최봉식 의원(미발언,1,1,0,0,1,100.0,무소속,경남 울산갑,남,초선,지역구
최성웅 의원(계속),1,0,0,1,1,100.0,대한청년단,경남 밀양갑,남,초선,지역구
충청남도지구병사구사령관 인사이동을,1,0,1,0,1,100.0,미상,미상,미상,미상,미상
치안국장 김장흥,1,1,0,0,1,100.0,미상,미상,미상,미상,미상
특별검찰부검찰관장 권승열,1,1,0,0,1,100.0,미상,미상,미상,미상,미상
특별심사위원장 곽상훈,1,1,0,0,1,100.0,무소속,경기 인천시을,남,5선,지역구
특별조사위부위원장 김상돈,1,0,0,1,1,100.0,무소속,서울 마포구,남,4선,지역구
특별조사위원장 정명섭,1,1,0,0,1,100.0,자유당,전남 나주군을,남,3선,지역구
피복창장 그것은,1,1,0,0,1,100.0,미상,미상,미상,미상,미상
하와이교포원로단단장 민근호,1,0,0,1,1,100.0,미상,미상,미상,미상,미상
하이람 엘,1,0,0,1,1,100.0,미상,미상,미상,미상,미상
하지 중장,1,1,0,0,1,100.0,미상,미상,미상,미상,미상
하태환,1,0,1,0,1,100.0,자유당,경북 포항,남,재선,지역구
하태환 위원(계속),1,0,1,0,1,100.0,자유당,경북 포항,남,재선,지역구
한국산업은행총재 구용서(발언도중),1,0,0,1,1,100.0,미상,미상,미상,미상,미상
한국운수사장 임봉순(발언,1,1,0,0,1,100.0,미상,미상,미상,미상,미상
한국은행총재 김유택,1,1,0,0,1,100.0,미상,미상,미상,미상,미상
한암회 위원,1,1,0,0,1,100.0,대한독립촉성국민회,경북 상주갑,남,초선,지역구
한은총재 김유택,1,1,0,0,1,100.0,미상,미상,미상,미상,미상
함재훈 위원,1,0,1,0,1,100.0,자유당,강원 원주,남,재선,지역구
해군공창장 과거에,1,1,0,0,1,100.0,미상,미상,미상,미상,미상
해군공창장 예.,1,1,0,0,1,100.0,미상,미상,미상,미상,미상
해군공창장 처음에,1,1,0,0,1,100.0,미상,미상,미상,미상,미상
해군보급창장 한,1,1,0,0,1,100.0,미상,미상,미상,미상,미상
해군보급창장 해군본부에서,1,1,0,0,1,100.0,미상,미상,미상,미상,미상
해군본부관리참모부장 감시는,1,1,0,0,1,100.0,미상,미상,미상,미상,미상
해군본부군수참모 공창의,1,1,0,0,1,100.0,미상,미상,미상,미상,미상
해군본부수로국장 장경수,1,1,0,0,1,100.0,미상,미상,미상,미상,미상
해군본부시설감 FY,1,1,0,0,1,100.0,미상,미상,미상,미상,미상
해군본부인사국장 애로사항은,1,1,0,0,1,100.0,미상,미상,미상,미상,미상
해군본부인사국장 적어도,1,1,0,0,1,100.0,미상,미상,미상,미상,미상
해군본부헌병감 별로,1,1,0,0,1,100.0,미상,미상,미상,미상,미상
해군참모차장 김일병,1,1,0,0,1,100.0,미상,미상,미상,미상,미상
해군참모차장 김충남,1,1,0,0,1,100.0,미상,미상,미상,미상,미상
해군함대사령관 저는,1,1,0,0,1,100.0,미상,미상,미상,미상,미상
해군함대사령관 함대사령관으로서,1,1,0,0,1,100.0,미상,미상,미상,미상,미상
해군함대사령관 함정은,1,1,0,0,1,100.0,미상,미상,미상,미상,미상
해군함대사령부참모장 애로사항으로서,1,1,0,0,1,100.0,미상,미상,미상,미상,미상
해무청수산시험장제조화학과장 이봉래,1,1,0,0,1,100.0,미상,미상,미상,미상,미상
해병교육단장 요망사항을,1,1,0,0,1,100.0,미상,미상,미상,미상,미상
해병대군수국장 김창옥,1,1,0,0,1,100.0,미상,미상,미상,미상,미상
해병대사령부공병감 이것은,1,0,1,0,1,100.0,미상,미상,미상,미상,미상
해병대사령부군수국장 그것을,1,0,1,0,1,100.0,미상,미상,미상,미상,미상
해병대사령부군수국장 이것을,1,1,0,0,1,100.0,미상,미상,미상,미상,미상
해병대사령부군수국장 저희들이,1,0,0,1,1,100.0,미상,미상,미상,미상,미상
해병대사령부법무감 그것은,1,1,0,0,1,100.0,미상,미상,미상,미상,미상
해병대사령부병무감 예비병소집이,1,1,0,0,1,100.0,미상,미상,미상,미상,미상
해병대사령부병참감 이,1,0,1,0,1,100.0,미상,미상,미상,미상,미상
해병대사령부인사감 하사관,1,1,0,0,1,100.0,미상,미상,미상,미상,미상
해병대사령부재무감 원완식,1,1,0,0,1,100.0,미상,미상,미상,미상,미상
해병사령관 김대식,1,0,1,0,1,100.0,미상,미상,미상,미상,미상
해병사령관 김석범,1,1,0,0,1,100.0,미상,미상,미상,미상,미상
해병진해기지사령관 첫째,1,1,0,0,1,100.0,미상,미상,미상,미상,미상
해병진해기지사령관 총액이,1,1,0,0,1,100.0,미상,미상,미상,미상,미상
해양경비대장 김석응,1,1,0,0,1,100.0,미상,미상,미상,미상,미상
헌병사령부제3부장 미군,1,1,0,0,1,100.0,미상,미상,미상,미상,미상
형정국장 신언한,1,1,0,0,1,100.0,미상,미상,미상,미상,미상
홍순희 위원(계속),1,1,0,0,1,100.0,민주당,전북 고창을,남,초선,지역구
홍희종 위원,1,1,0,0,1,100.0,조선민족청년단,전북 김제을,남,초선,지역구
화학학교장 당,1,0,1,0,1,100.0,미상,미상,미상,미상,미상
황병규 위원,1,0,0,1,1,100.0,무소속,전남 여수을,남,재선,지역구
황호현 의원(계속),1,1,0,0,1,100.0,무소속,강원 평창군,남,3선,지역구
회부도,1,1,0,0,1,100.0,미상,미상,미상,미상,미상
휼병감 김근배,1,1,0,0,1,100.0,미상,미상,미상,미상,미상
柳聖甲 議員(계속),1,1,0,0,1,100.0,미상,미상,미상,미상,미상
사회 윤명운,143,0,0,0,0,0.0,민주당,서울 영등포구갑,남,재선,지역구
오택렬 의원,69,0,0,0,0,0.0,미상,미상,미상,미상,미상
부의장 김동성,58,0,0,0,0,0.0,무소속,경기 개성,남,초선,지역구
위원장대리 손석두,55,0,0,0,0,0.0,자유당,전남 장흥,남,재선,지역구
증인 주희국,50,0,0,0,0,0.0,미상,미상,미상,미상,미상
증인 이만호,47,0,0,0,0,0.0,미상,미상,미상,미상,미상
강세형 의원(계속),44,0,0,0,0,0.0,무소속,전북 익산을,남,초선,지역구
위원장 정존수,44,0,0,0,0,0.0,자유당,경기 평택군,남,재선,지역구
임시의장 신익희,44,0,0,0,0,0.0,민주국민당,전남 광주,남,3선,지역구
위원장대리 서범석,43,0,0,0,0,0.0,민주당,서울 성북구,남,6선,지역구
증인 전창희,43,0,0,0,0,0.0,미상,미상,미상,미상,미상
위원장대리 소선규,42,0,0,0,0,0.0,민주국민당,전북 익산갑,남,4선,지역구
증인 김병국,42,0,0,0,0,0.0,미상,미상,미상,미상,미상
증인 김봉규,42,0,0,0,0,0.0,미상,미상,미상,미상,미상
증인 최재섭,40,0,0,0,0,0.0,미상,미상,미상,미상,미상
임시의장 이승만,39,0,0,0,0,0.0,대한독립촉성국민회,서울 동대문구갑,남,초선,지역구
김종선 의원,38,0,0,0,0,0.0,한국민주당,전남 구례,남,초선,지역구
백남채 의원,38,0,0,0,0,0.0,한국민주당,경북 대구병,남,초선,지역구
증인 박종표,36,0,0,0,0,0.0,미상,미상,미상,미상,미상
증인 김화수,35,0,0,0,0,0.0,미상,미상,미상,미상,미상
증인 차형기,33,0,0,0,0,0.0,미상,미상,미상,미상,미상
제6관구공병부대장 김재식,32,0,0,0,0,0.0,미상,미상,미상,미상,미상
증인 김형대,32,0,0,0,0,0.0,미상,미상,미상,미상,미상
위원장대리 류순식,31,0,0,0,0,0.0,미상,미상,미상,미상,미상
김철수 의원,30,0,0,0,0,0.0,대한독립촉성국민회,충남 부여을,남,초선,지역구
전원위원장 지청천,30,0,0,0,0,0.0,민주국민당,서울 성동구갑,남,재선,지역구
부산지검검사장 양정수,28,0,0,0,0,0.0,미상,미상,미상,미상,미상
제8지구급양대장 방철수,28,0,0,0,0,0.0,미상,미상,미상,미상,미상
증인 강정규,28,0,0,0,0,0.0,미상,미상,미상,미상,미상
증인 장병균,28,0,0,0,0,0.0,미상,미상,미상,미상,미상
증인 조호갑,27,0,0,0,0,0.0,미상,미상,미상,미상,미상
부산특무부대장 김진각,26,0,0,0,0,0.0,미상,미상,미상,미상,미상
제17CID대장 장일원,26,0,0,0,0,0.0,미상,미상,미상,미상,미상
증인 허형구,26,0,0,0,0,0.0,미상,미상,미상,미상,미상
증인 김봉진,25,0,0,0,0,0.0,미상,미상,미상,미상,미상
증인 고철환,24,0,0,0,0,0.0,미상,미상,미상,미상,미상
증인 이갑도,24,0,0,0,0,0.0,미상,미상,미상,미상,미상
오택열 의원,23,0,0,0,0,0.0,대한독립촉성국민회,경북 영덕,남,초선,지역구
증인 김성근,23,0,0,0,0,0.0,미상,미상,미상,미상,미상
증인 정금체,23,0,0,0,0,0.0,미상,미상,미상,미상,미상
임시의장 오하영,22,0,0,0,0,0.0,무소속,서울 종로구을,남,초선,지역구
증인 정남규,22,0,0,0,0,0.0,미상,미상,미상,미상,미상
김선태 의원(계속),21,0,0,0,0,0.0,민주당,전남 완도군,남,3선,지역구
위원장대리 김상도,21,0,0,0,0,0.0,자유당,경북 영천갑,남,재선,지역구
제2보충대대장 김두일,21,0,0,0,0,0.0,미상,미상,미상,미상,미상
증인 김봉준,21,0,0,0,0,0.0,미상,미상,미상,미상,미상
증인 신정강,21,0,0,0,0,0.0,미상,미상,미상,미상,미상
증인 이은철,21,0,0,0,0,0.0,미상,미상,미상,미상,미상
위원장대리 이정휴,20,0,0,0,0,0.0,자유당,전남 광산,남,초선,지역구
전문위원 서일교,20,0,0,0,0,0.0,미상,미상,미상,미상,미상
제2군사령부군수참모 이규학,19,0,0,0,0,0.0,미상,미상,미상,미상,미상
위원장 손영수,18,0,0,0,0,0.0,자유당,경남 하동,남,초선,지역구
출석 전문위원,18,0,0,0,0,0.0,미상,미상,미상,미상,미상
증인 강태호,17,0,0,0,0,0.0,미상,미상,미상,미상,미상
증인 이필재,17,0,0,0,0,0.0,미상,미상,미상,미상,미상
서울지구병사구사령관 홍성준,16,0,0,0,0,0.0,미상,미상,미상,미상,미상
서울지구병사구사령부참모장 문승용,15,0,0,0,0,0.0,미상,미상,미상,미상,미상
유내완 의원,15,0,0,0,0,0.0,미상,미상,미상,미상,미상
육군본부감찰감 한신,15,0,0,0,0,0.0,미상,미상,미상,미상,미상
자유당원내총무 정문흠,15,0,0,0,0,0.0,자유당,경북 봉화군,남,3선,지역구
육군본부부관감 이창우,14,0,0,0,0,0.0,미상,미상,미상,미상,미상
제3범죄수사대장 이종원,14,0,0,0,0,0.0,미상,미상,미상,미상,미상
제6군단병참참모 조성현,14,0,0,0,0,0.0,미상,미상,미상,미상,미상
증인 김성립,14,0,0,0,0,0.0,미상,미상,미상,미상,미상
증인 박윤식,14,0,0,0,0,0.0,미상,미상,미상,미상,미상
증인 엄요섭,14,0,0,0,0,0.0,미상,미상,미상,미상,미상
증인 조래운,14,0,0,0,0,0.0,미상,미상,미상,미상,미상
증인 최원구,14,0,0,0,0,0.0,미상,미상,미상,미상,미상
내무부장관 백성욱,13,0,0,0,0,0.0,미상,미상,미상,미상,미상
서울특별시부시장 최응복,13,0,0,0,0,0.0,미상,미상,미상,미상,미상
위원장대리 박세경,13,0,0,0,0,0.0,자유당,전북 임실,남,재선,지역구
전형산 위원,13,0,0,0,0,0.0,자유당,강원 인제군,남,재선,지역구
정구삼 의원,13,0,0,0,0,0.0,대한독립촉성국민회,충북 옥천,남,초선,지역구
증인 민영학,13,0,0,0,0,0.0,미상,미상,미상,미상,미상
증인 성원경,13,0,0,0,0,0.0,미상,미상,미상,미상,미상
증인 이명선,13,0,0,0,0,0.0,미상,미상,미상,미상,미상
교통부경리국장 이동세,12,0,0,0,0,0.0,미상,미상,미상,미상,미상
김두한 의원(계속),12,0,0,0,0,0.0,무소속,서울 종로구을,남,재선,지역구
시국대책위원장 이재형,12,0,0,0,0,0.0,무소속,경기 시흥시,남,7선,지역구
증인 서득용,12,0,0,0,0,0.0,미상,미상,미상,미상,미상
출석 조사위원,12,0,0,0,0,0.0,미상,미상,미상,미상,미상
문(서범석 의원),11,0,0,0,0,0.0,무소속,경기 옹진갑,남,6선,지역구
소집책임자 이정휴,11,0,0,0,0,0.0,자유당,전남 광산,남,초선,지역구
육군기갑학교장 그것은,11,0,0,0,0,0.0,미상,미상,미상,미상,미상
이성호 예.,11,0,0,0,0,0.0,미상,미상,미상,미상,미상
제1사단장 류흥수,11,0,0,0,0,0.0,미상,미상,미상,미상,미상
제3육군병원장 홍용근,11,0,0,0,0,0.0,미상,미상,미상,미상,미상
증인 권종림,11,0,0,0,0,0.0,미상,미상,미상,미상,미상
증인 정순조,11,0,0,0,0,0.0,미상,미상,미상,미상,미상
답(이순용 체신부장관),10,0,0,0,0,0.0,미상,미상,미상,미상,미상
위원장대리 이형진,10,0,0,0,0,0.0,자유당,강원 평창,남,초선,지역구
이성호 그것은,10,0,0,0,0,0.0,미상,미상,미상,미상,미상
제2보충대대 민창식,10,0,0,0,0,0.0,미상,미상,미상,미상,미상
주인 서병지,10,0,0,0,0,0.0,미상,미상,미상,미상,미상
증인 권찬주,10,0,0,0,0,0.0,미상,미상,미상,미상,미상
증인 김봉두,10,0,0,0,0,0.0,미상,미상,미상,미상,미상
증인 이종시,10,0,0,0,0,0.0,미상,미상,미상,미상,미상
진해해군통제부참모장 김상길,10,0,0,0,0,0.0,미상,미상,미상,미상,미상
국회선거위원회사무총장 전규홍,9,0,0,0,0,0.0,미상,미상,미상,미상,미상
농림부장관 공진항,9,0,0,0,0,0.0,미상,미상,미상,미상,미상
문(엄상섭 의원),9,0,0,0,0,0.0,무소속,전남 광양,남,재선,지역구
육군의무기지보급창장 김주환,9,0,0,0,0,0.0,미상,미상,미상,미상,미상
의사과장 권효섭,9,0,0,0,0,0.0,미상,미상,미상,미상,미상
임시소집책임자 양일동,9,0,0,0,0,0.0,무소속,전북 옥구,남,5선,지역구
증인 박세현,9,0,0,0,0,0.0,미상,미상,미상,미상,미상
해군보급창 최명락,9,0,0,0,0,0.0,미상,미상,미상,미상,미상
해병대사령부병기감 한승옥,9,0,0,0,0,0.0,미상,미상,미상,미상,미상
김동욱 의원(계속),8,0,0,0,0,0.0,무소속,경남 부산정,남,3선,지역구
김우성 의원,8,0,0,0,0,0.0,무소속,전북 장수,남,초선,지역구
소집책임자 이재형,8,0,0,0,0,0.0,무소속,경기 시흥시,남,7선,지역구
증인 김무신,8,0,0,0,0,0.0,미상,미상,미상,미상,미상
증인 최영빈,8,0,0,0,0,0.0,미상,미상,미상,미상,미상
헌병사령부제3부수사과장 심윤,8,0,0,0,0,0.0,미상,미상,미상,미상,미상
공군본부작전국장 강호륜,7,0,0,0,0,0.0,미상,미상,미상,미상,미상
구흥남 의원(계속),7,0,0,0,0,0.0,자유당,전남 화순군,남,재선,지역구
국쾌남 위원,7,0,0,0,0,0.0,자유당,전남 담양,남,초선,지역구
내무부장관 이익흥(계속),7,0,0,0,0,0.0,미상,미상,미상,미상,미상
내무부장관 홍진기,7,0,0,0,0,0.0,미상,미상,미상,미상,미상
내무부차관 이병호,7,0,0,0,0,0.0,미상,미상,미상,미상,미상
내무차관 장경근,7,0,0,0,0,0.0,미상,미상,미상,미상,미상
답(임문환 농림부장관),7,0,0,0,0,0.0,미상,미상,미상,미상,미상
답(조진만 법무부장관),7,0,0,0,0,0.0,미상,미상,미상,미상,미상
외자청구매국장 최윤기,7,0,0,0,0,0.0,미상,미상,미상,미상,미상
위원장대리 홍승업,7,0,0,0,0,0.0,자유당,강원 고성,남,초선,지역구
유준상 의원,7,0,0,0,0,0.0,대한독립촉성국민회,전북 완주갑,남,초선,지역구
이범교 의원,7,0,0,0,0,0.0,대한독립촉성국민회,경북 영천을,남,초선,지역구
장경근 의원(계속),7,0,0,0,0,0.0,자유당,경기 부천,남,재선,지역구
제2군사령부법무부장 그것은,7,0,0,0,0,0.0,미상,미상,미상,미상,미상
제9기지창장 예.,7,0,0,0,0,0.0,미상,미상,미상,미상,미상
조재면 의원,7,0,0,0,0,0.0,대한독립촉성국민회,전북 부안,남,초선,지역구
증인 박충모,7,0,0,0,0,0.0,민주당,강원 원주,남,재선,지역구
증인 안여하,7,0,0,0,0,0.0,미상,미상,미상,미상,미상
증인 제길윤,7,0,0,0,0,0.0,미상,미상,미상,미상,미상
참모총장 대리,7,0,0,0,0,0.0,미상,미상,미상,미상,미상
함대사령관 이용운,7,0,0,0,0,0.0,미상,미상,미상,미상,미상
해군교육단 박병태,7,0,0,0,0,0.0,미상,미상,미상,미상,미상
해군교재창 노진석,7,0,0,0,0,0.0,미상,미상,미상,미상,미상
해군본부후방참모부장 이성호,7,0,0,0,0,0.0,미상,미상,미상,미상,미상
국방부총무국제1군무과장 노명호,6,0,0,0,0,0.0,미상,미상,미상,미상,미상
답(허정 국무총리서리),6,0,0,0,0,0.0,미상,미상,미상,미상,미상
대법원대법관 김세완,6,0,0,0,0,0.0,미상,미상,미상,미상,미상
서상일 의원(계속),6,0,0,0,0,0.0,한국민주당,경북 대구을,남,재선,지역구
성원경 의원(계속),6,0,0,0,0,0.0,자유당,충남 예산군,남,재선,지역구
우희창 의원(계속),6,0,0,0,0,0.0,민주당,충남 서천,남,재선,지역구
육군본부군종감 전종옥,6,0,0,0,0,0.0,미상,미상,미상,미상,미상
육군본부정훈감 유해준,6,0,0,0,0,0.0,미상,미상,미상,미상,미상
이인 의원(계속),6,0,0,0,0,0.0,국민당,서울 영등포구을,남,3선,지역구
전문위원 윤영구,6,0,0,0,0,0.0,미상,미상,미상,미상,미상
제116육군병원약제과장 박홍석,6,0,0,0,0,0.0,미상,미상,미상,미상,미상
제2군사령부헌병부장 예.,6,0,0,0,0,0.0,미상,미상,미상,미상,미상
증인 곽근호,6,0,0,0,0,0.0,미상,미상,미상,미상,미상
증인 정경도,6,0,0,0,0,0.0,미상,미상,미상,미상,미상
체신부장관 장기영,6,0,0,0,0,0.0,무소속,강원 영월,남,초선,지역구
해병보급정비단 배응호,6,0,0,0,0,0.0,미상,미상,미상,미상,미상
51병기탄약창장 이동수,5,0,0,0,0,0.0,미상,미상,미상,미상,미상
柳來琬 議員,5,0,0,0,0,0.0,미상,미상,미상,미상,미상
공군본부인사국장 주영복,5,0,0,0,0,0.0,미상,미상,미상,미상,미상
공군본부정훈감 소상영,5,0,0,0,0,0.0,미상,미상,미상,미상,미상
교육총본부총장 최영희,5,0,0,0,0,0.0,미상,미상,미상,미상,미상
군수과장 김종만,5,0,0,0,0,0.0,미상,미상,미상,미상,미상
김종문 의원,5,0,0,0,0,0.0,한국민주당,전북 정읍을,남,초선,지역구
김태수 의원,5,0,0,0,0,0.0,대한독립촉성국민회,경남 창원갑,남,초선,지역구
답(장석윤 내무부장관),5,0,0,0,0,0.0,미상,미상,미상,미상,미상
대법관 김두일,5,0,0,0,0,0.0,미상,미상,미상,미상,미상
류순식 의원(계속),5,0,0,0,0,0.0,미상,미상,미상,미상,미상
문(소선규 의원),5,0,0,0,0,0.0,민주국민당,전북 익산갑,남,4선,지역구
빅순석 의원,5,0,0,0,0,0.0,미상,미상,미상,미상,미상
사회보건위원장대리 나판수,5,0,0,0,0,0.0,자유당,전남 무안갑,남,초선,지역구
성낙서 의원,5,0,0,0,0,0.0,대한독립촉성국민회,충남 대전,남,초선,지역구
원용균 의원,5,0,0,0,0,0.0,대한독립촉성국민회,강원 횡성,남,초선,지역구
육군기갑학교장 그,5,0,0,0,0,0.0,미상,미상,미상,미상,미상
육군기갑학교장 제가,5,0,0,0,0,0.0,미상,미상,미상,미상,미상
의장 심익희,5,0,0,0,0,0.0,미상,미상,미상,미상,미상
이영섭 의원(계속),5,0,0,0,0,0.0,자유당,경기 시흥,남,초선,지역구
임시의장 윤성순,5,0,0,0,0,0.0,자유당,경기 포천군,남,3선,지역구
재무부외환과장 박성행,5,0,0,0,0,0.0,미상,미상,미상,미상,미상
제1군사령부인사처장 박경원,5,0,0,0,0,0.0,미상,미상,미상,미상,미상
제2군사령부헌병부장 그것은,5,0,0,0,0,0.0,미상,미상,미상,미상,미상
제6군단법무참모 최영환,5,0,0,0,0,0.0,미상,미상,미상,미상,미상
제6사단군수참모 황예헌,5,0,0,0,0,0.0,미상,미상,미상,미상,미상
증인 김완길,5,0,0,0,0,0.0,미상,미상,미상,미상,미상
柳來琬 議員,5,0,0,0,0,0.0,미상,미상,미상,미상,미상
공군본부행정차감 류의열,4,0,0,0,0,0.0,미상,미상,미상,미상,미상
공군사관학교장 신상철,4,0,0,0,0,0.0,미상,미상,미상,미상,미상
공보실방송관리국장 이규일,4,0,0,0,0,0.0,미상,미상,미상,미상,미상
곽상훈 의원(계속),4,0,0,0,0,0.0,민주당,경기 인천시을,남,5선,지역구
교통부 백이사관,4,0,0,0,0,0.0,미상,미상,미상,미상,미상
교통부육운국공로과장 윤영구,4,0,0,0,0,0.0,미상,미상,미상,미상,미상
국방부경리국장 최경남,4,0,0,0,0,0.0,미상,미상,미상,미상,미상
국방위원회간사 김희찬,4,0,0,0,0,0.0,미상,미상,미상,미상,미상
군사정보대장 그렇습니다.,4,0,0,0,0,0.0,미상,미상,미상,미상,미상
군의학교군종실장 최진복,4,0,0,0,0,0.0,미상,미상,미상,미상,미상
권중돈 의원(계속),4,0,0,0,0,0.0,무소속,경북 영천군을,남,5선,지역구
김광준 의원(계속),4,0,0,0,0,0.0,무소속,경북 울진,남,3선,지역구
김병회 의원(계속),4,0,0,0,0,0.0,무소속,전남 진도,남,초선,지역구
김용진 의원(계속),4,0,0,0,0,0.0,민주당,경남 진주,남,재선,지역구
김익노 의원,4,0,0,0,0,0.0,무소속,경북 영일을,남,4선,지역구
김철주 의원,4,0,0,0,0,0.0,무소속,전남 여천,남,초선,지역구
김효석 의원,4,0,0,0,0,0.0,대한독립촉성국민회,경남 합천을,남,초선,지역구
내무부치안국보안과장 이강학,4,0,0,0,0,0.0,미상,미상,미상,미상,미상
농림부농정국자재과장 이재영,4,0,0,0,0,0.0,미상,미상,미상,미상,미상
문(이종형 의원),4,0,0,0,0,0.0,미상,미상,미상,미상,미상
민주당원내부총무 김의택,4,0,0,0,0,0.0,민주당,전남 함평군,남,4선,지역구
법무부장관 홍진기(계속),4,0,0,0,0,0.0,미상,미상,미상,미상,미상
법무부차관 홍진기,4,0,0,0,0,0.0,미상,미상,미상,미상,미상
사무국장 차윤홍,4,0,0,0,0,0.0,미상,미상,미상,미상,미상
산업의원장대리 조헌영,4,0,0,0,0,0.0,한국민주당,경북 영양,남,재선,지역구
서울대학교교수 신도성,4,0,0,0,0,0.0,미상,미상,미상,미상,미상
서이환 위원,4,0,0,0,0,0.0,일민국락부,경북 울릉,남,재선,지역구
서인홍 의원(계속),4,0,0,0,0,0.0,무소속,경남 진주,남,초선,지역구
속기,4,0,0,0,0,0.0,미상,미상,미상,미상,미상
수행,4,0,0,0,0,0.0,미상,미상,미상,미상,미상
신행용 의원(계속),4,0,0,0,0,0.0,무소속,전남 무안갑,남,초선,지역구
여중 오경순,4,0,0,0,0,0.0,미상,미상,미상,미상,미상
외무부장관 변영태(계속),4,0,0,0,0,0.0,미상,미상,미상,미상,미상
위원장대리 김동욱,4,0,0,0,0,0.0,무소속,경남 부산정,남,3선,지역구
위원장대리 이필호,4,0,0,0,0,0.0,민주당,전남 광주을,남,초선,지역구
위원장대리 정헌주,4,0,0,0,0,0.0,민주당,경남 사천군,남,5선,지역구
육군기갑학교장 네!,4,0,0,0,0,0.0,미상,미상,미상,미상,미상
육군본부조달차감 한순화,4,0,0,0,0,0.0,미상,미상,미상,미상,미상
육군헌병감 이규광,4,0,0,0,0,0.0,미상,미상,미상,미상,미상
의장 이기붕(계속),4,0,0,0,0,0.0,자유당,서울 서대문구을,남,재선,지역구
장홍염 의원(계속),4,0,0,0,0,0.0,한국민주당,전남 무안을,남,재선,지역구
재무부차관 천병규(계속),4,0,0,0,0,0.0,미상,미상,미상,미상,미상
정우일 의원,4,0,0,0,0,0.0,무소속,경북 의성갑,남,초선,지역구
제1군사령부감찰부장 황철신,4,0,0,0,0,0.0,미상,미상,미상,미상,미상
제2군사령부병참참모 김덕서,4,0,0,0,0,0.0,미상,미상,미상,미상,미상
제2군사령부헌병부장 제가,4,0,0,0,0,0.0,미상,미상,미상,미상,미상
제2병참단제10기지창2종계장 이정희,4,0,0,0,0,0.0,자유당,경북 영주군,남,재선,지역구
제2보충대대 박정수,4,0,0,0,0,0.0,미상,미상,미상,미상,미상
증인 구봉회,4,0,0,0,0,0.0,미상,미상,미상,미상,미상
증인 주영택,4,0,0,0,0,0.0,미상,미상,미상,미상,미상
증인 최유영,4,0,0,0,0,0.0,미상,미상,미상,미상,미상
진직현 의원,4,0,0,0,0,0.0,대한독립촉성국민회,전북 임실,남,초선,지역구
징계자격위원장 김익로,4,0,0,0,0,0.0,미상,미상,미상,미상,미상
해군본부인사국장 김영관,4,0,0,0,0,0.0,미상,미상,미상,미상,미상
홍익표 의원,4,0,0,0,0,0.0,무소속,경기 가평,남,6선,지역구
柳俊相 議員,4,0,0,0,0,0.0,미상,미상,미상,미상,미상
柳鴻烈 議員,4,0,0,0,0,0.0,미상,미상,미상,미상,미상
柳來琬 議員,3,0,0,0,0,0.0,미상,미상,미상,미상,미상
간사 이호진,3,0,0,0,0,0.0,미상,미상,미상,미상,미상
감사위원,3,0,0,0,0,0.0,미상,미상,미상,미상,미상
강경옥 의원(계속),3,0,0,0,0,0.0,무소속,제주 남제주군,남,3선,지역구
경상남도경찰국경비과장 최윤국,3,0,0,0,0,0.0,미상,미상,미상,미상,미상
경상남도경찰국사찰과장 이화식,3,0,0,0,0,0.0,미상,미상,미상,미상,미상
경상북도병사구사령관 황인표,3,0,0,0,0,0.0,미상,미상,미상,미상,미상
고시위원장 배은희,3,0,0,0,0,0.0,대한국민당,경북 달성,남,초선,지역구
공군본부정훈감 김기완,3,0,0,0,0,0.0,미상,미상,미상,미상,미상
공보처차장 김형원,3,0,0,0,0,0.0,미상,미상,미상,미상,미상
교통부육운국영업과장 임성일,3,0,0,0,0,0.0,미상,미상,미상,미상,미상
교통부장관 김석관(계속),3,0,0,0,0,0.0,미상,미상,미상,미상,미상
국방부총무국장대리 예.,3,0,0,0,0,0.0,미상,미상,미상,미상,미상
금융조합연합회장 배민수,3,0,0,0,0,0.0,미상,미상,미상,미상,미상
김병주 의원,3,0,0,0,0,0.0,미상,미상,미상,미상,미상
김영삼 의원(계속),3,0,0,0,0,0.0,자유당,경남 거제군,남,9선,지역구
김용현 의원,3,0,0,0,0,0.0,한국민주당,전남 무안갑,남,초선,지역구
김우동 의원,3,0,0,0,0,0.0,무소속,경북 선산군,남,재선,지역구
김응주 의원(계속),3,0,0,0,0,0.0,민주당,"경남 부산시,중구",남,4선,지역구
김의준 의원(계속),3,0,0,0,0,0.0,자유당,경기 여주군,남,3선,지역구
김인식 위원,3,0,0,0,0,0.0,대동청년당,경기 옹진을,남,초선,지역구
김춘호 의원(계속),3,0,0,0,0,0.0,자유당,전북 이리,남,초선,지역구
나창헌 의원(계속),3,0,0,0,0,0.0,자유당,충남 서산갑,남,초선,지역구
내무부차관 김효석,3,0,0,0,0,0.0,대한독립촉성국민회,경남 합천을,남,초선,지역구
내무위원장 박순석,3,0,0,0,0,0.0,자유당,경북 영일갑,남,3선,지역구
내무위원장 하을춘(계속),3,0,0,0,0,0.0,무소속,경남 창녕,남,초선,지역구
내무장관 윤치영,3,0,0,0,0,0.0,한국민주당,서울 중구,남,4선,지역구
내무장관 이익흥(계속),3,0,0,0,0,0.0,미상,미상,미상,미상,미상
내무차관 김효석,3,0,0,0,0,0.0,대한독립촉성국민회,경남 합천을,남,초선,지역구
농림분과위원장 조병문,3,0,0,0,0,0.0,자유당,전남 진도군,남,재선,지역구
답(김석관 교통부장관),3,0,0,0,0,0.0,미상,미상,미상,미상,미상
류홍열 의원,3,0,0,0,0,0.0,미상,미상,미상,미상,미상
문교부차관 허증수,3,0,0,0,0,0.0,미상,미상,미상,미상,미상
법무부장관 서상권,3,0,0,0,0,0.0,미상,미상,미상,미상,미상
법무부차관 백한성,3,0,0,0,0,0.0,미상,미상,미상,미상,미상
법제사법위원장대리 업상섭,3,0,0,0,0,0.0,미상,미상,미상,미상,미상
벡관수 의원,3,0,0,0,0,0.0,미상,미상,미상,미상,미상
부의장 조봉안,3,0,0,0,0,0.0,미상,미상,미상,미상,미상
부의장 최순주(계속),3,0,0,0,0,0.0,자유당,충북 영동,남,초선,지역구
선거위원회위원장 노진설,3,0,0,0,0,0.0,미상,미상,미상,미상,미상
시국대책특별위원장 이재형,3,0,0,0,0,0.0,무소속,경기 시흥시,남,7선,지역구
신현모 의원,3,0,0,0,0,0.0,한국민주당,황해도 연백을,남,초선,지역구
외무부장관서리 조정환(계속),3,0,0,0,0,0.0,미상,미상,미상,미상,미상
위원장대리 박철웅,3,0,0,0,0,0.0,자유당,전남 고흥군을,남,3선,지역구
위원장대리 손재형,3,0,0,0,0,0.0,무소속,전남 진도군,남,재선,지역구
위원장대리 이재현,3,0,0,0,0,0.0,무소속,경남 삼천포시,남,재선,지역구
위원장대리 정규상,3,0,0,0,0,0.0,자유당,강원 영월,남,재선,지역구
윤제술 의원(계속),3,0,0,0,0,0.0,무소속,전북 김제군을,남,6선,지역구
이의상 의원,3,0,0,0,0,0.0,대한독립촉성국민회,충북 음성,남,초선,지역구
이종영 위원,3,0,0,0,0,0.0,대한독립촉성국민회,강원 정선,남,초선,지역구
자유당원내부총무 곽의영,3,0,0,0,0,0.0,자유당,충북 청원을,남,3선,지역구
재무부사세국직세과장 성두현,3,0,0,0,0,0.0,미상,미상,미상,미상,미상
전문위원 고병국,3,0,0,0,0,0.0,미상,미상,미상,미상,미상
전원위원장 곽상훈,3,0,0,0,0,0.0,무소속,경기 인천시을,남,5선,지역구
정동기 제가,3,0,0,0,0,0.0,미상,미상,미상,미상,미상
정진근 의원,3,0,0,0,0,0.0,무소속,경남 양산,남,초선,지역구
제1201공병단장 제가,3,0,0,0,0,0.0,미상,미상,미상,미상,미상
제1군부사령관 민기식,3,0,0,0,0,0.0,미상,미상,미상,미상,미상
제2군사령부경리과장 김병만,3,0,0,0,0,0.0,미상,미상,미상,미상,미상
제2군사령부법무부장 예.,3,0,0,0,0,0.0,미상,미상,미상,미상,미상
제2군사령부헌병부장 그,3,0,0,0,0,0.0,미상,미상,미상,미상,미상
제6군단특무대장 예.,3,0,0,0,0,0.0,미상,미상,미상,미상,미상
제8병참기지창장 그것은,3,0,0,0,0,0.0,미상,미상,미상,미상,미상
제8병참기지창장 네!,3,0,0,0,0,0.0,미상,미상,미상,미상,미상
조봉암 의원(계속),3,0,0,0,0,0.0,대한국민당,경기 인천병,남,재선,지역구
조순 의원(계속),3,0,0,0,0,0.0,자유당,전남 곡성군,남,3선,지역구
증인 김규진,3,0,0,0,0,0.0,미상,미상,미상,미상,미상
증인 박성희,3,0,0,0,0,0.0,미상,미상,미상,미상,미상
증인 변재준,3,0,0,0,0,0.0,미상,미상,미상,미상,미상
징계자격위원장 정존수,3,0,0,0,0,0.0,자유당,경기 평택군,남,재선,지역구
체신부차관 최재호,3,0,0,0,0,0.0,미상,미상,미상,미상,미상
총무국관리과장 곽종호,3,0,0,0,0,0.0,미상,미상,미상,미상,미상
총무국장 권병호,3,0,0,0,0,0.0,미상,미상,미상,미상,미상
해군본부법무감 예.,3,0,0,0,0,0.0,미상,미상,미상,미상,미상
해무청해운국장 김응순,3,0,0,0,0,0.0,미상,미상,미상,미상,미상
헌병사령부부산분실장 네!,3,0,0,0,0,0.0,미상,미상,미상,미상,미상
헌병사령부참모장 이창우,3,0,0,0,0,0.0,미상,미상,미상,미상,미상
황병규 의원(계속),3,0,0,0,0,0.0,대한국민당,전남 여천,남,재선,지역구
柳來琬 議員,3,0,0,0,0,0.0,미상,미상,미상,미상,미상
柳俊相 議員,2,0,0,0,0,0.0,미상,미상,미상,미상,미상
간사 정영모,2,0,0,0,0,0.0,미상,미상,미상,미상,미상
감찰위원장 강인택,2,0,0,0,0,0.0,미상,미상,미상,미상,미상
강봉옥 위원,2,0,0,0,0,0.0,자유당,경남 하동,남,초선,지역구
검찰총장 김익진,2,0,0,0,0,0.0,미상,미상,미상,미상,미상
격만,2,0,0,0,0,0.0,미상,미상,미상,미상,미상
경상남도경찰국수사과장 김경술,2,0,0,0,0,0.0,미상,미상,미상,미상,미상
경상남도지구병사구사령관 예.,2,0,0,0,0,0.0,미상,미상,미상,미상,미상
공군기술교육단법무관 강승무,2,0,0,0,0,0.0,미상,미상,미상,미상,미상
공군기술교육단인사처장 이덕영,2,0,0,0,0,0.0,미상,미상,미상,미상,미상
공군보급창장 그것은,2,0,0,0,0,0.0,미상,미상,미상,미상,미상
공군본부감찰감 없습니다.,2,0,0,0,0,0.0,미상,미상,미상,미상,미상
교통부자재국이사관 김병주,2,0,0,0,0,0.0,미상,미상,미상,미상,미상
교통부총무국장 최구철,2,0,0,0,0,0.0,미상,미상,미상,미상,미상
교통체신위원장대리 강승구,2,0,0,0,0,0.0,무소속,경기 양주군을,남,3선,지역구
구,2,0,0,0,0,0.0,미상,미상,미상,미상,미상
구황실재산관리사무총국사무관 정연규,2,0,0,0,0,0.0,미상,미상,미상,미상,미상
국무총리 장면(계속),2,0,0,0,0,0.0,미상,미상,미상,미상,미상
국방부병무국병무과장 장기춘,2,0,0,0,0,0.0,미상,미상,미상,미상,미상
국방부차관보 박임항,2,0,0,0,0,0.0,미상,미상,미상,미상,미상
국방장관 손원일,2,0,0,0,0,0.0,미상,미상,미상,미상,미상
권태희 위원,2,0,0,0,0,0.0,무소속,경북 김천갑,남,초선,지역구
권태희 의원(계속),2,0,0,0,0,0.0,무소속,경북 김천갑,남,초선,지역구
김교현 의원(계속),2,0,0,0,0,0.0,무소속,충북 보은,남,초선,지역구
김두진 의원(계속),2,0,0,0,0,0.0,무소속,제주 북제주군을,남,재선,지역구
김명인 의원,2,0,0,0,0,0.0,미상,미상,미상,미상,미상
김봉조 위원,2,0,0,0,0,0.0,교육협회,경북 청송,남,재선,지역구
김봉조 의원(계속),2,0,0,0,0,0.0,교육협회,경북 청송,남,재선,지역구
김성곤 위원,2,0,0,0,0,0.0,자유당,경북 달성군,남,4선,지역구
김성호 의원(계속),2,0,0,0,0,0.0,자유당,전남 강진,남,초선,지역구
김영상 의원,2,0,0,0,0,0.0,국민회,경남 함양,남,초선,지역구
김의택 의원(계속),2,0,0,0,0,0.0,무소속,전남 함평군,남,4선,지역구
김익로 의원(계속),2,0,0,0,0,0.0,미상,미상,미상,미상,미상
김정식 위원,2,0,0,0,0,0.0,대한청년단,경북 영주,남,초선,지역구
김종순 의원(계속),2,0,0,0,0,0.0,무소속,전남 나주갑,남,초선,지역구
김철 위원,2,0,0,0,0,0.0,대한독립촉성국민회,경북 경주갑,남,재선,지역구
나상근 의원,2,0,0,0,0,0.0,자유당,강원 인제,남,초선,지역구
나판수 의원(계속),2,0,0,0,0,0.0,자유당,전남 무안갑,남,초선,지역구
내무부차관 한희석,2,0,0,0,0,0.0,미상,미상,미상,미상,미상
내무위원장 한희석(계속),2,0,0,0,0,0.0,자유당,충남 천안군,남,재선,지역구
노일환 의원(계속),2,0,0,0,0,0.0,한국민주당,전북 순창,남,초선,지역구
농림차관 김현철,2,0,0,0,0,0.0,미상,미상,미상,미상,미상
농업은행총재 박주희,2,0,0,0,0,0.0,미상,미상,미상,미상,미상
답 없습니다.,2,0,0,0,0,0.0,미상,미상,미상,미상,미상
답(이윤영 무임소장관),2,0,0,0,0,0.0,미상,미상,미상,미상,미상
대한수리조합연합회장 임석필,2,0,0,0,0,0.0,미상,미상,미상,미상,미상
문(서민호 의원),2,0,0,0,0,0.0,무소속,전남 고흥을,남,4선,지역구
문교위원장대리 김봉조,2,0,0,0,0,0.0,무소속,경북 청송,남,재선,지역구
문교위원장대리 손도심,2,0,0,0,0,0.0,자유당,경기 화성갑,남,재선,지역구
문교위원장대리 이존화(계속),2,0,0,0,0,0.0,자유당,전북 완주군갑,남,재선,지역구
문교위원장대리 정재완,2,0,0,0,0,0.0,무소속,전남 여수,남,4선,지역구
문교후생위원장 이영준,2,0,0,0,0,0.0,한국민주당,서울 동대문구을,남,4선,지역구
박철웅 의원(의석에서),2,0,0,0,0,0.0,무소속,전남 광주,남,3선,지역구
박충식 위원,2,0,0,0,0,0.0,자유당,충남 공주군갑,남,3선,지역구
박해극 의원(계속),2,0,0,0,0,0.0,무소속,경남 밀양을,남,초선,지역구
백관수 위원,2,0,0,0,0,0.0,한국민주당,전북 고창을,남,초선,지역구
백관수 의원(계속),2,0,0,0,0,0.0,한국민주당,전북 고창을,남,초선,지역구
법무부장관 조용순(계속),2,0,0,0,0,0.0,미상,미상,미상,미상,미상
법제사법위원장 윤만석(계속),2,0,0,0,0,0.0,자유당,경북 문경,남,초선,지역구
법제사법위원장대리 서우석,2,0,0,0,0,0.0,한국민주당,전남 곡성,남,초선,지역구
법제사법위원장대리 신태권,2,0,0,0,0,0.0,자유당,충남 논산갑,남,초선,지역구
법제사업위원장 윤길중,2,0,0,0,0,0.0,무소속,강원 원주,남,6선,지역구
베중혁 의원,2,0,0,0,0,0.0,미상,미상,미상,미상,미상
병기기지창장 이,2,0,0,0,0,0.0,미상,미상,미상,미상,미상
병기보급창장 호송헌병이,2,0,0,0,0,0.0,미상,미상,미상,미상,미상
병참학교장 8시간,2,0,0,0,0,0.0,미상,미상,미상,미상,미상
보건부차관 정준용,2,0,0,0,0,0.0,미상,미상,미상,미상,미상
부산경비사령부참모장 딴,2,0,0,0,0,0.0,미상,미상,미상,미상,미상
부산경비사령부참모장 예.,2,0,0,0,0,0.0,미상,미상,미상,미상,미상
부의장,2,0,0,0,0,0.0,미상,미상,미상,미상,미상
부의장 운치영,2,0,0,0,0,0.0,미상,미상,미상,미상,미상
부의장 조봉암(계속),2,0,0,0,0,0.0,대한국민당,경기 인천병,남,재선,지역구
부의장 한성수,2,0,0,0,0,0.0,미상,미상,미상,미상,미상
사무차장 이종선,2,0,0,0,0,0.0,미상,미상,미상,미상,미상
사무총장 김용우,2,0,0,0,0,0.0,미상,미상,미상,미상,미상
산업위원장 대리,2,0,0,0,0,0.0,미상,미상,미상,미상,미상
상공부장관 구용서(계속),2,0,0,0,0,0.0,미상,미상,미상,미상,미상
상공부차관 김치영,2,0,0,0,0,0.0,미상,미상,미상,미상,미상
서동진 위원,2,0,0,0,0,0.0,민주국민당,경북 대구시갑,남,재선,지역구
서상국 의원,2,0,0,0,0,0.0,민주국민당,전남 함평,남,초선,지역구
서용길 의원(계속),2,0,0,0,0,0.0,무소속,충남 아산,남,초선,지역구
서우석 의원(계속),2,0,0,0,0,0.0,한국민주당,전남 곡성,남,초선,지역구
서울대학교문리과대학장 이희승,2,0,0,0,0,0.0,미상,미상,미상,미상,미상
서울지방검찰청검사 문인구,2,0,0,0,0,0.0,미상,미상,미상,미상,미상
소집책임자대리 황호현,2,0,0,0,0,0.0,무소속,강원 평창군,남,3선,지역구
송우범 의원,2,0,0,0,0,0.0,자유당,충남 대덕,남,초선,지역구
송필만 의원,2,0,0,0,0,0.0,한국민주당,충북 진천,남,재선,지역구
신익희 위원,2,0,0,0,0,0.0,민주국민당,전남 광주,남,3선,지역구
안준기 위원,2,0,0,0,0,0.0,자유당,경남 산청,남,초선,지역구
양병직 의원,2,0,0,0,0,0.0,대동청년당,제주 북제주을,남,초선,지역구
양정국장 박도언,2,0,0,0,0,0.0,미상,미상,미상,미상,미상
연초사업국장 이면훈,2,0,0,0,0,0.0,미상,미상,미상,미상,미상
예산결산위원장대리 정해영,2,0,0,0,0,0.0,자유당,경남 울산군을,남,7선,지역구
오용국 의원(계속),2,0,0,0,0,0.0,무소속,제주 남제주,남,초선,지역구
오택열 위원,2,0,0,0,0,0.0,대한독립촉성국민회,경북 영덕,남,초선,지역구
외무국방위원장대리 윤재근,2,0,0,0,0,0.0,무소속,경기 강화,남,4선,지역구
외무부차관 갈홍기,2,0,0,0,0,0.0,미상,미상,미상,미상,미상
외무부차관 조정환(계속),2,0,0,0,0,0.0,미상,미상,미상,미상,미상
외자구매처장 손노티,2,0,0,0,0,0.0,미상,미상,미상,미상,미상
운영위원장 김춘호(계속),2,0,0,0,0,0.0,자유당,전북 이리,남,초선,지역구
위원장대리 김달호,2,0,0,0,0,0.0,무소속,경북 상주,남,초선,지역구
위원장대리 김병순,2,0,0,0,0,0.0,자유당,전남 해남군갑,남,4선,지역구
위원장대리 김용진,2,0,0,0,0,0.0,민주당,경남 진주,남,재선,지역구
위원장대리 배성기,2,0,0,0,0,0.0,민주당,전북 완주군을,남,재선,지역구
위원장대리 윤용구,2,0,0,0,0,0.0,자유당,경북 청송,남,재선,지역구
위원장대리 전영석,2,0,0,0,0,0.0,민주당,충남 서산갑,남,초선,지역구
유봉순 의원(계속),2,0,0,0,0,0.0,무소속,경남 합천군갑,남,재선,지역구
유성갑 의원(계속),2,0,0,0,0,0.0,단민당,전남 고흥을,남,초선,지역구
유순식 의원,2,0,0,0,0,0.0,자유당,충남 서산군을,남,재선,지역구
유진홍 의원(계속),2,0,0,0,0,0.0,대한독립촉성국민회,충남 논산갑,남,초선,지역구
육군기갑학교장 그것을,2,0,0,0,0,0.0,미상,미상,미상,미상,미상
육군기갑학교장 그런,2,0,0,0,0,0.0,미상,미상,미상,미상,미상
육군기갑학교장 예!,2,0,0,0,0,0.0,미상,미상,미상,미상,미상
육군기갑학교장 전에,2,0,0,0,0,0.0,미상,미상,미상,미상,미상
육군기갑학교장 제,2,0,0,0,0,0.0,미상,미상,미상,미상,미상
육군본부경리국예산과장 김운서,2,0,0,0,0,0.0,미상,미상,미상,미상,미상
육군본부군수국장 그것은,2,0,0,0,0,0.0,미상,미상,미상,미상,미상
육군본부군수국장 솔직히,2,0,0,0,0,0.0,미상,미상,미상,미상,미상
육군본부병참감 예.,2,0,0,0,0,0.0,미상,미상,미상,미상,미상
육군본부병참감실 소령,2,0,0,0,0,0.0,미상,미상,미상,미상,미상
육군본부보도실장 그것은,2,0,0,0,0,0.0,미상,미상,미상,미상,미상
육군본부심리전감 그렇습니다.,2,0,0,0,0,0.0,미상,미상,미상,미상,미상
육군본부인사국장 그것은,2,0,0,0,0,0.0,미상,미상,미상,미상,미상
육군본부인사국장 저도,2,0,0,0,0,0.0,미상,미상,미상,미상,미상
육군본부정훈감 지금,2,0,0,0,0,0.0,미상,미상,미상,미상,미상
육군본부헌병감 그것은,2,0,0,0,0,0.0,미상,미상,미상,미상,미상
육군제17범죄수사대장 없습니다.,2,0,0,0,0,0.0,미상,미상,미상,미상,미상
윤만석 위원,2,0,0,0,0,0.0,자유당,경북 문경,남,초선,지역구
윤치영 의원(계속),2,0,0,0,0,0.0,한국민주당,서울 중구,남,4선,지역구
의장 김약수,2,0,0,0,0,0.0,조선공화당,경남 동래,남,초선,지역구
이교선 의원(계속),2,0,0,0,0,0.0,무소속,경기 안성,남,재선,지역구
이만근 의원,2,0,0,0,0,0.0,무소속,충북 청원을,남,초선,지역구
이상학 의원,2,0,0,0,0,0.0,미상,미상,미상,미상,미상
이성호 그,2,0,0,0,0,0.0,미상,미상,미상,미상,미상
이성호 그렇게,2,0,0,0,0,0.0,미상,미상,미상,미상,미상
이성호 사건,2,0,0,0,0,0.0,미상,미상,미상,미상,미상
이성호 아니에요.,2,0,0,0,0,0.0,미상,미상,미상,미상,미상
이성호 저는,2,0,0,0,0,0.0,미상,미상,미상,미상,미상
이성호 확실히,2,0,0,0,0,0.0,미상,미상,미상,미상,미상
이원홍 의원(계속),2,0,0,0,0,0.0,대한독립촉성국민회,경남 합천갑,남,재선,지역구
이정휴 의원,2,0,0,0,0,0.0,자유당,전남 광산군갑,남,초선,지역구
이종현 의원(계속),2,0,0,0,0,0.0,무소속,서울 마포구을,남,초선,지역구
이필호 의원(계속),2,0,0,0,0,0.0,민주당,전남 광주을,남,초선,지역구
이학림 의원,2,0,0,0,0,0.0,무소속,충북 음성,남,재선,지역구
이항발 위원,2,0,0,0,0,0.0,무소속,전남 나주갑,남,초선,지역구
임송본 전식산은행두취(계속),2,0,0,0,0,0.0,미상,미상,미상,미상,미상
임철호 의원(계속),2,0,0,0,0,0.0,자유당,충남 부여을,남,초선,지역구
자유당원내부총무 이성주,2,0,0,0,0,0.0,자유당,경기 고양,남,초선,지역구
장영근 위원,2,0,0,0,0,0.0,무소속,충북 단양,남,초선,지역구
재무부사세국토지수득세과장 황중율,2,0,0,0,0,0.0,미상,미상,미상,미상,미상
재무부재정차관보 000,2,0,0,0,0,0.0,미상,미상,미상,미상,미상
재무부차관 장창희,2,0,0,0,0,0.0,미상,미상,미상,미상,미상
정 준,2,0,0,0,0,0.0,무소속,경기 김포,남,4선,지역구
정동기 그,2,0,0,0,0,0.0,미상,미상,미상,미상,미상
정동기 일본,2,0,0,0,0,0.0,미상,미상,미상,미상,미상
정동기 최,2,0,0,0,0,0.0,미상,미상,미상,미상,미상
정동기 확실히,2,0,0,0,0,0.0,미상,미상,미상,미상,미상
정성태 의원(계속),2,0,0,0,0,0.0,무소속,전남 광주,남,6선,지역구
제10지구급양대장 예.,2,0,0,0,0,0.0,미상,미상,미상,미상,미상
제1201공병단장 여기서는,2,0,0,0,0,0.0,미상,미상,미상,미상,미상
제1군사령부관리부장 저희는,2,0,0,0,0,0.0,미상,미상,미상,미상,미상
제1군사령부특무대장 장인근,2,0,0,0,0,0.0,미상,미상,미상,미상,미상
제29사단장 당,2,0,0,0,0,0.0,미상,미상,미상,미상,미상
제2관구사령관 그런,2,0,0,0,0,0.0,미상,미상,미상,미상,미상
제2관구사령부경리부장 네.,2,0,0,0,0,0.0,미상,미상,미상,미상,미상
제2관구사령부헌병부장 그런,2,0,0,0,0,0.0,미상,미상,미상,미상,미상
제2관구사령부헌병부장 네!,2,0,0,0,0,0.0,미상,미상,미상,미상,미상
제2군사령부감찰부장 현재,2,0,0,0,0,0.0,미상,미상,미상,미상,미상
제2군사령부법무부장 이것은,2,0,0,0,0,0.0,미상,미상,미상,미상,미상
제2군사령부법무부장 현재,2,0,0,0,0,0.0,미상,미상,미상,미상,미상
제2군사령부인사참모처장 그것은,2,0,0,0,0,0.0,미상,미상,미상,미상,미상
제2군사령부인사참모처장 아닙니다.,2,0,0,0,0,0.0,미상,미상,미상,미상,미상
제2군사령부인사참모처장 제가,2,0,0,0,0,0.0,미상,미상,미상,미상,미상
제2군사령부참모장 그것은,2,0,0,0,0,0.0,미상,미상,미상,미상,미상
제2군사령부참모장 그런,2,0,0,0,0,0.0,미상,미상,미상,미상,미상
제2보충대대 신영균,2,0,0,0,0,0.0,미상,미상,미상,미상,미상
제3항만사령관 그것은,2,0,0,0,0,0.0,미상,미상,미상,미상,미상
제505수송단장 그것은,2,0,0,0,0,0.0,미상,미상,미상,미상,미상
제505수송단장 현재,2,0,0,0,0,0.0,미상,미상,미상,미상,미상
제63육군병원장 그렇습니다.,2,0,0,0,0,0.0,미상,미상,미상,미상,미상
제6관구사령부경리부장 예.,2,0,0,0,0,0.0,미상,미상,미상,미상,미상
제6군단군수참모 김정덕,2,0,0,0,0,0.0,미상,미상,미상,미상,미상
제6군단병참참모 조성형,2,0,0,0,0,0.0,미상,미상,미상,미상,미상
제6사단인사참모 호린기,2,0,0,0,0,0.0,미상,미상,미상,미상,미상
제6사단작전참모 소병열,2,0,0,0,0,0.0,미상,미상,미상,미상,미상
제6사단정보참모대리 최배현,2,0,0,0,0,0.0,미상,미상,미상,미상,미상
제9기지창검사과장 제가,2,0,0,0,0,0.0,미상,미상,미상,미상,미상
제9기지창장 그것은,2,0,0,0,0,0.0,미상,미상,미상,미상,미상
증인 권소협이,2,0,0,0,0,0.0,미상,미상,미상,미상,미상
증인 김동성,2,0,0,0,0,0.0,미상,미상,미상,미상,미상
증인 함상훈,2,0,0,0,0,0.0,미상,미상,미상,미상,미상
증인의 모,2,0,0,0,0,0.0,미상,미상,미상,미상,미상
최병권 위원(계속),2,0,0,0,0,0.0,자유당,경북 울릉군,남,재선,지역구
최병주 의원,2,0,0,0,0,0.0,무소속,전북 부안,남,초선,지역구
충청남도지구병사구사령관 그렇습니다.,2,0,0,0,0,0.0,미상,미상,미상,미상,미상
함재훈 의원,2,0,0,0,0,0.0,자유당,강원 원주,남,재선,지역구
해군본부경리부국장 김석근,2,0,0,0,0,0.0,미상,미상,미상,미상,미상
해군본부법무감 그것을,2,0,0,0,0,0.0,미상,미상,미상,미상,미상
해군본부시설감 그것은,2,0,0,0,0,0.0,미상,미상,미상,미상,미상
해군본부의무감 그것이,2,0,0,0,0,0.0,미상,미상,미상,미상,미상
해군본부작전참모부장 현시학,2,0,0,0,0,0.0,미상,미상,미상,미상,미상
해군함대사령부참모 그것은,2,0,0,0,0,0.0,미상,미상,미상,미상,미상
해병대사령부법무감 예.,2,0,0,0,0,0.0,미상,미상,미상,미상,미상
해병대사령부법무감 추징금을,2,0,0,0,0,0.0,미상,미상,미상,미상,미상
해병대사령부법무감 케이스에,2,0,0,0,0,0.0,미상,미상,미상,미상,미상
해병대사령부인사감 예.,2,0,0,0,0,0.0,미상,미상,미상,미상,미상
해병대사령부인사감 한,2,0,0,0,0,0.0,미상,미상,미상,미상,미상
해병대사령부작전교육국차장 조중구,2,0,0,0,0,0.0,미상,미상,미상,미상,미상
해병대사령부행정감 예.,2,0,0,0,0,0.0,미상,미상,미상,미상,미상
헌병사령부부산분실장 제가,2,0,0,0,0,0.0,미상,미상,미상,미상,미상
홍순녕 의원,2,0,0,0,0,0.0,미상,미상,미상,미상,미상
홍순영 의원,2,0,0,0,0,0.0,대한독립촉성국민회,제주 북제주갑,남,초선,지역구
홍순희 의원,2,0,0,0,0,0.0,민주당,전북 고창을,남,초선,지역구
황윤호 의원(계속),2,0,0,0,0,0.0,무소속,경남 진양,남,초선,지역구
李敏雨 위원,2,0,0,0,0,0.0,미상,미상,미상,미상,미상
1군사령부경리참모 김사득,1,0,0,0,0,0.0,미상,미상,미상,미상,미상
1군사령부정훈부장 한희열,1,0,0,0,0,0.0,미상,미상,미상,미상,미상
2군사령부헌병부장 홍구표,1,0,0,0,0,0.0,미상,미상,미상,미상,미상
CID대장 거기에,1,0,0,0,0,0.0,미상,미상,미상,미상,미상
CID대장 귀향증을,1,0,0,0,0,0.0,미상,미상,미상,미상,미상
○○○ 위원,1,0,0,0,0,0.0,미상,미상,미상,미상,미상
○○○ 의원,1,0,0,0,0,0.0,미상,미상,미상,미상,미상
◯8,1,0,0,0,0,0.0,미상,미상,미상,미상,미상
◯◯가하여,1,0,0,0,0,0.0,미상,미상,미상,미상,미상
◯동의안,1,0,0,0,0,0.0,미상,미상,미상,미상,미상
◯중좌와여히,1,0,0,0,0,0.0,미상,미상,미상,미상,미상
◯진행,1,0,0,0,0,0.0,미상,미상,미상,미상,미상
曺國鎔 의원,1,0,0,0,0,0.0,미상,미상,미상,미상,미상
曺圭鈺 의원,1,0,0,0,0,0.0,미상,미상,미상,미상,미상
柳來碗 議員,1,0,0,0,0,0.0,미상,미상,미상,미상,미상
柳德天 議員,1,0,0,0,0,0.0,미상,미상,미상,미상,미상
柳聖甲 議員(계속),1,0,0,0,0,0.0,미상,미상,미상,미상,미상
가지만,1,0,0,0,0,0.0,미상,미상,미상,미상,미상
감찰위원회위원장 노진설,1,0,0,0,0,0.0,미상,미상,미상,미상,미상
강욱중 의원(계속),1,0,0,0,0,0.0,조선민족청년단,경남 함안,남,초선,지역구
건설공병단작전과장 김진태,1,0,0,0,0,0.0,미상,미상,미상,미상,미상
검찰총장 권승열,1,0,0,0,0,0.0,미상,미상,미상,미상,미상
격을사정하고,1,0,0,0,0,0.0,미상,미상,미상,미상,미상
겸경도 의원,1,0,0,0,0,0.0,미상,미상,미상,미상,미상
경상남도지구병사구사령관 그런,1,0,0,0,0,0.0,미상,미상,미상,미상,미상
경상남도지구병사구사령관 근근히,1,0,0,0,0,0.0,미상,미상,미상,미상,미상
경상남도지구병사구사령관 금년부터는,1,0,0,0,0,0.0,미상,미상,미상,미상,미상
경상남도지구병사구사령관 금년에,1,0,0,0,0,0.0,미상,미상,미상,미상,미상
경상남도지구병사구사령관 상신한,1,0,0,0,0,0.0,미상,미상,미상,미상,미상
경상남도지구병사구사령관 소속부대장으로써,1,0,0,0,0,0.0,미상,미상,미상,미상,미상
경상남도지구병사구사령관 현재,1,0,0,0,0,0.0,미상,미상,미상,미상,미상
경상남도지구병사구사령관 현찰이,1,0,0,0,0,0.0,미상,미상,미상,미상,미상
경상남도지구병사구사령관 훈련소에,1,0,0,0,0,0.0,미상,미상,미상,미상,미상
경상북도병사구사령관 867환입니다.,1,0,0,0,0,0.0,미상,미상,미상,미상,미상
경상북도병사구사령관 국방부와,1,0,0,0,0,0.0,미상,미상,미상,미상,미상
경상북도병사구사령관 시골에,1,0,0,0,0,0.0,미상,미상,미상,미상,미상
경상북도병사구사령관 육군에서,1,0,0,0,0,0.0,미상,미상,미상,미상,미상
경상북도병사구사령관 육본에서,1,0,0,0,0,0.0,미상,미상,미상,미상,미상
계광순 위원(계속),1,0,0,0,0,0.0,민주당,강원 춘천,남,3선,지역구
고,1,0,0,0,0,0.0,미상,미상,미상,미상,미상
곡,1,0,0,0,0,0.0,미상,미상,미상,미상,미상
공군기술교육단감찰관보좌관 김영학,1,0,0,0,0,0.0,미상,미상,미상,미상,미상
공군기술교육단군수처장 김이호,1,0,0,0,0,0.0,미상,미상,미상,미상,미상
공군기술교육단법무참모 도망보다도,1,0,0,0,0,0.0,미상,미상,미상,미상,미상
공군기술교육단법무참모 문관의,1,0,0,0,0,0.0,미상,미상,미상,미상,미상
공군기술교육단법무참모 탈영자,1,0,0,0,0,0.0,미상,미상,미상,미상,미상
공군대학장 5000칼로리가,1,0,0,0,0,0.0,미상,미상,미상,미상,미상
공군대학장 6억,1,0,0,0,0,0.0,미상,미상,미상,미상,미상
공군대학장 공군대학이라는,1,0,0,0,0,0.0,미상,미상,미상,미상,미상
공군대학장 사상문제는,1,0,0,0,0,0.0,미상,미상,미상,미상,미상
공군대학장 자금은,1,0,0,0,0,0.0,미상,미상,미상,미상,미상
공군대학장 지금은,1,0,0,0,0,0.0,미상,미상,미상,미상,미상
공군대학장 현재,1,0,0,0,0,0.0,미상,미상,미상,미상,미상
공군보급창장 도서가,1,0,0,0,0,0.0,미상,미상,미상,미상,미상
공군보급창장 사고라고,1,0,0,0,0,0.0,미상,미상,미상,미상,미상
공군보급창장 장기보관할,1,0,0,0,0,0.0,미상,미상,미상,미상,미상
공군보급창장 정찰기지요.,1,0,0,0,0,0.0,미상,미상,미상,미상,미상
공군본부감찰감 30만,1,0,0,0,0,0.0,미상,미상,미상,미상,미상
공군본부감찰감 8월,1,0,0,0,0,0.0,미상,미상,미상,미상,미상
공군본부감찰감 그동안에,1,0,0,0,0,0.0,미상,미상,미상,미상,미상
공군본부감찰감 대개,1,0,0,0,0,0.0,미상,미상,미상,미상,미상
공군본부감찰감 본인은,1,0,0,0,0,0.0,미상,미상,미상,미상,미상
공군본부감찰감 사망사금이,1,0,0,0,0,0.0,미상,미상,미상,미상,미상
공군본부감찰감 사망하면,1,0,0,0,0,0.0,미상,미상,미상,미상,미상
공군본부감찰감 사망했을,1,0,0,0,0,0.0,미상,미상,미상,미상,미상
공군본부감찰감 요,1,0,0,0,0,0.0,미상,미상,미상,미상,미상
공군본부감찰감 원인은,1,0,0,0,0,0.0,미상,미상,미상,미상,미상
공군본부감찰감 차량에,1,0,0,0,0,0.0,미상,미상,미상,미상,미상
공군본부감찰감 파괴된,1,0,0,0,0,0.0,미상,미상,미상,미상,미상
공군본부감찰감 한,1,0,0,0,0,0.0,미상,미상,미상,미상,미상
공군본부감찰감 훈련,1,0,0,0,0,0.0,미상,미상,미상,미상,미상
공군본부경리국장 그것은,1,0,0,0,0,0.0,미상,미상,미상,미상,미상
공군본부경리국장 내년에,1,0,0,0,0,0.0,미상,미상,미상,미상,미상
공군본부경리국장 이것은,1,0,0,0,0,0.0,미상,미상,미상,미상,미상
공군본부군수국기획과장 김창우,1,0,0,0,0,0.0,미상,미상,미상,미상,미상
공군본부법무감 34만,1,0,0,0,0,0.0,미상,미상,미상,미상,미상
공군본부법무감 국고금에다,1,0,0,0,0,0.0,미상,미상,미상,미상,미상
공군본부법무감 그,1,0,0,0,0,0.0,미상,미상,미상,미상,미상
공군본부법무감 그렇습니다.,1,0,0,0,0,0.0,미상,미상,미상,미상,미상
공군본부법무감 법무감실로서는,1,0,0,0,0,0.0,미상,미상,미상,미상,미상
공군본부법무감 사형이,1,0,0,0,0,0.0,미상,미상,미상,미상,미상
공군본부법무감 아직까지,1,0,0,0,0,0.0,미상,미상,미상,미상,미상
공군본부법무감 앞으로,1,0,0,0,0,0.0,미상,미상,미상,미상,미상
"공군본부법무감 예,",1,0,0,0,0,0.0,미상,미상,미상,미상,미상
공군본부법무감 저희,1,0,0,0,0,0.0,미상,미상,미상,미상,미상
공군본부법무감 해주기는,1,0,0,0,0,0.0,미상,미상,미상,미상,미상
공군본부법무감 현재,1,0,0,0,0,0.0,미상,미상,미상,미상,미상
공군본부의무감 그것은,1,0,0,0,0,0.0,미상,미상,미상,미상,미상
공군본부의무감 예,1,0,0,0,0,0.0,미상,미상,미상,미상,미상
공군본부의무감 예.,1,0,0,0,0,0.0,미상,미상,미상,미상,미상
공군본부의무감 완치는,1,0,0,0,0,0.0,미상,미상,미상,미상,미상
공군본부인사국장 병역법에는,1,0,0,0,0,0.0,미상,미상,미상,미상,미상
공군본부정보차장 예.,1,0,0,0,0,0.0,미상,미상,미상,미상,미상
공군본부정보차장 이것이,1,0,0,0,0,0.0,미상,미상,미상,미상,미상
공군본부통신감 그렇습니다.,1,0,0,0,0,0.0,미상,미상,미상,미상,미상
공군본부통신감 민간,1,0,0,0,0,0.0,미상,미상,미상,미상,미상
공군본부통신감 이것은,1,0,0,0,0,0.0,미상,미상,미상,미상,미상
공군본부행정감 한해남,1,0,0,0,0,0.0,미상,미상,미상,미상,미상
공군사관학교 라준국,1,0,0,0,0,0.0,미상,미상,미상,미상,미상
공군사관학교부교장 1기생이,1,0,0,0,0,0.0,미상,미상,미상,미상,미상
공군사관학교부교장 3군사관학교가,1,0,0,0,0,0.0,미상,미상,미상,미상,미상
공군사관학교부교장 같은,1,0,0,0,0,0.0,미상,미상,미상,미상,미상
공군사관학교부교장 과거,1,0,0,0,0,0.0,미상,미상,미상,미상,미상
공군사관학교부교장 사관학교는,1,0,0,0,0,0.0,미상,미상,미상,미상,미상
공군사관학교부교장 아주,1,0,0,0,0,0.0,미상,미상,미상,미상,미상
공군사관학교부교장 여태까지,1,0,0,0,0,0.0,미상,미상,미상,미상,미상
공군사관학교부교장 이것은,1,0,0,0,0,0.0,미상,미상,미상,미상,미상
공군사관학교부교장 지금,1,0,0,0,0,0.0,미상,미상,미상,미상,미상
공군사관학교부교장 현재는,1,0,0,0,0,0.0,미상,미상,미상,미상,미상
공군사관학교장 기술부문에,1,0,0,0,0,0.0,미상,미상,미상,미상,미상
공군사관학교장 이번,1,0,0,0,0,0.0,미상,미상,미상,미상,미상
공군사관학교장 학교,1,0,0,0,0,0.0,미상,미상,미상,미상,미상
공군사관학교정보국장 342명입니다.,1,0,0,0,0,0.0,미상,미상,미상,미상,미상
공군사관학교정보국장 저희들은,1,0,0,0,0,0.0,미상,미상,미상,미상,미상
공군사관학교정보국장 젯트기를,1,0,0,0,0,0.0,미상,미상,미상,미상,미상
공군작전참모부장 공군에서,1,0,0,0,0,0.0,미상,미상,미상,미상,미상
공군작전참모부장 다,1,0,0,0,0,0.0,미상,미상,미상,미상,미상
공군작전참모부장 대략,1,0,0,0,0,0.0,미상,미상,미상,미상,미상
공군작전참모부장 북한에서,1,0,0,0,0,0.0,미상,미상,미상,미상,미상
공군작전참모부장 연참에서,1,0,0,0,0,0.0,미상,미상,미상,미상,미상
공군작전참모부장 이것은,1,0,0,0,0,0.0,미상,미상,미상,미상,미상
공군작전참모부장 작전에,1,0,0,0,0,0.0,미상,미상,미상,미상,미상
공군작전참모부장 저희들이,1,0,0,0,0,0.0,미상,미상,미상,미상,미상
공군항공본창제81수리창장 거기까지,1,0,0,0,0,0.0,미상,미상,미상,미상,미상
공군항공본창제81수리창장 국고가,1,0,0,0,0,0.0,미상,미상,미상,미상,미상
공군항공본창제81수리창장 국고는,1,0,0,0,0,0.0,미상,미상,미상,미상,미상
공군항공본창제81수리창장 예.,1,0,0,0,0,0.0,미상,미상,미상,미상,미상
공군항공본창제81수리창장 지장이,1,0,0,0,0,0.0,미상,미상,미상,미상,미상
공군항공본창제81수리창장 진해에서,1,0,0,0,0,0.0,미상,미상,미상,미상,미상
공군항공본창제81수리창장 프로페라,1,0,0,0,0,0.0,미상,미상,미상,미상,미상
공보처차장 최석주,1,0,0,0,0,0.0,미상,미상,미상,미상,미상
관리과장 한종호,1,0,0,0,0,0.0,미상,미상,미상,미상,미상
관상훈 의원,1,0,0,0,0,0.0,미상,미상,미상,미상,미상
교육총본부부총장 저희,1,0,0,0,0,0.0,미상,미상,미상,미상,미상
교육총본부부총장 제가,1,0,0,0,0,0.0,미상,미상,미상,미상,미상
교육총본부부총장 총장,1,0,0,0,0,0.0,미상,미상,미상,미상,미상
교통부경리국총무과장 강민구,1,0,0,0,0,0.0,미상,미상,미상,미상,미상
교통부공로과장 윤영구,1,0,0,0,0,0.0,미상,미상,미상,미상,미상
교통부관리국장 안동철도국,1,0,0,0,0,0.0,미상,미상,미상,미상,미상
교통부자재국장 김병주,1,0,0,0,0,0.0,미상,미상,미상,미상,미상
교통부총무과주임 장익성,1,0,0,0,0,0.0,미상,미상,미상,미상,미상
교통체신위원회 위원장,1,0,0,0,0,0.0,미상,미상,미상,미상,미상
구흥남 곽의영,1,0,0,0,0,0.0,자유당,충북 청원을,남,3선,지역구
구흥남 김석호,1,0,0,0,0,0.0,자유당,전남 화순군,남,재선,지역구
국무위원장 조경규,1,0,0,0,0,0.0,무소속,경북 대구갑,남,3선,지역구
국무총리 백두진(계속),1,0,0,0,0,0.0,미상,미상,미상,미상,미상
국무총리서리 백한성,1,0,0,0,0,0.0,미상,미상,미상,미상,미상
국방부경리국감사과장 360환부터,1,0,0,0,0,0.0,미상,미상,미상,미상,미상
국방부경리국감사과장 곧,1,0,0,0,0,0.0,미상,미상,미상,미상,미상
국방부경리국관리과장 건빵을,1,0,0,0,0,0.0,미상,미상,미상,미상,미상
국방부경리국관리과장 난립되어서,1,0,0,0,0,0.0,미상,미상,미상,미상,미상
국방부경리국장 과거에는,1,0,0,0,0,0.0,미상,미상,미상,미상,미상
국방부경리국장 군원,1,0,0,0,0,0.0,미상,미상,미상,미상,미상
국방부경리국장 부정을,1,0,0,0,0,0.0,미상,미상,미상,미상,미상
국방부경리국장 예.,1,0,0,0,0,0.0,미상,미상,미상,미상,미상
국방부경리국장 예산할당된,1,0,0,0,0,0.0,미상,미상,미상,미상,미상
국방부경리국장 원칙적으로는,1,0,0,0,0,0.0,미상,미상,미상,미상,미상
국방부경리국장 원호단체에,1,0,0,0,0,0.0,미상,미상,미상,미상,미상
국방부경리국장 이,1,0,0,0,0,0.0,미상,미상,미상,미상,미상
국방부경리국장 일관된,1,0,0,0,0,0.0,미상,미상,미상,미상,미상
국방부경리국장 제대장병의,1,0,0,0,0,0.0,미상,미상,미상,미상,미상
국방부경리국장 지금까지,1,0,0,0,0,0.0,미상,미상,미상,미상,미상
국방부경리국장 지당한,1,0,0,0,0,0.0,미상,미상,미상,미상,미상
국방부경리국통계과장 군법회의의,1,0,0,0,0,0.0,미상,미상,미상,미상,미상
국방부장관 김용우(계속),1,0,0,0,0,0.0,미상,미상,미상,미상,미상
국방부장관 최용덕,1,0,0,0,0,0.0,미상,미상,미상,미상,미상
국방부차관 김일환(계속),1,0,0,0,0,0.0,미상,미상,미상,미상,미상
국방부차관 김종갑(계속),1,0,0,0,0,0.0,미상,미상,미상,미상,미상
국방부차관 최용덕(계속),1,0,0,0,0,0.0,미상,미상,미상,미상,미상
국방부총무국장대리 국장보좌관입니다.,1,0,0,0,0,0.0,미상,미상,미상,미상,미상
국방부총무국장대리 군에서,1,0,0,0,0,0.0,미상,미상,미상,미상,미상
국방부총무국장대리 말씀하신,1,0,0,0,0,0.0,미상,미상,미상,미상,미상
국방부총무국장대리 수사기술문관입니다.,1,0,0,0,0,0.0,미상,미상,미상,미상,미상
국방부총무국장대리 어떻게,1,0,0,0,0,0.0,미상,미상,미상,미상,미상
국방부총무국장대리 육대이상,1,0,0,0,0,0.0,미상,미상,미상,미상,미상
국방부총무국장대리 육해공군,1,0,0,0,0,0.0,미상,미상,미상,미상,미상
국방부총무국장대리 제,1,0,0,0,0,0.0,미상,미상,미상,미상,미상
국방부총무국장대리 지금,1,0,0,0,0,0.0,미상,미상,미상,미상,미상
국방부총무국장대리 한계를,1,0,0,0,0,0.0,미상,미상,미상,미상,미상
국방부총무국장대리 확실한,1,0,0,0,0,0.0,미상,미상,미상,미상,미상
국방부총무국총무과장대리 석탄을,1,0,0,0,0,0.0,미상,미상,미상,미상,미상
국방연구원장 최경록,1,0,0,0,0,0.0,미상,미상,미상,미상,미상
국방위원장대리 홍익표,1,0,0,0,0,0.0,무소속,경기 가평,남,6선,지역구
국방차관 최용덕,1,0,0,0,0,0.0,미상,미상,미상,미상,미상
국장 박희동,1,0,0,0,0,0.0,미상,미상,미상,미상,미상
국회사무총장 박종만,1,0,0,0,0,0.0,미상,미상,미상,미상,미상
국회선거위원회 위원장,1,0,0,0,0,0.0,미상,미상,미상,미상,미상
국회의장 신익희,1,0,0,0,0,0.0,민주국민당,전남 광주,남,3선,지역구
군사정보대운영과장 그것은,1,0,0,0,0,0.0,미상,미상,미상,미상,미상
군사정보대장 교범은,1,0,0,0,0,0.0,미상,미상,미상,미상,미상
군사정보대장 육본정보국에서,1,0,0,0,0,0.0,미상,미상,미상,미상,미상
군사정보대장 이것은,1,0,0,0,0,0.0,미상,미상,미상,미상,미상
군사정보대장 총액적인,1,0,0,0,0,0.0,미상,미상,미상,미상,미상
군사정보대장 한,1,0,0,0,0,0.0,미상,미상,미상,미상,미상
군사정보대장 항공사진을,1,0,0,0,0,0.0,미상,미상,미상,미상,미상
군사정보대장 현재,1,0,0,0,0,0.0,미상,미상,미상,미상,미상
군수참모 매월,1,0,0,0,0,0.0,미상,미상,미상,미상,미상
군수참모 아직,1,0,0,0,0,0.0,미상,미상,미상,미상,미상
군수참모 확실히,1,0,0,0,0,0.0,미상,미상,미상,미상,미상
권병노 의원,1,0,0,0,0,0.0,대한독립촉성국민회,경북 의성을,남,재선,지역구
권중섭 위원,1,0,0,0,0,0.0,미상,미상,미상,미상,미상
권태욱 의원(계속),1,0,0,0,0,0.0,무소속,경남 마산,남,재선,지역구
권태의 의원,1,0,0,0,0,0.0,미상,미상,미상,미상,미상
금리,1,0,0,0,0,0.0,미상,미상,미상,미상,미상
금융조합연합회이사 김주인,1,0,0,0,0,0.0,미상,미상,미상,미상,미상
기갑학교장 영문을,1,0,0,0,0,0.0,미상,미상,미상,미상,미상
기록원 각,1,0,0,0,0,0.0,미상,미상,미상,미상,미상
기록원 김철씨가,1,0,0,0,0,0.0,대한독립촉성국민회,경북 경주갑,남,재선,지역구
기록원(낭독) 농림위원회의,1,0,0,0,0,0.0,미상,미상,미상,미상,미상
기초위원 권승열,1,0,0,0,0,0.0,미상,미상,미상,미상,미상
기타 참석자,1,0,0,0,0,0.0,미상,미상,미상,미상,미상
기획처장 (의석에서),1,0,0,0,0,0.0,미상,미상,미상,미상,미상
김 기록원,1,0,0,0,0,0.0,미상,미상,미상,미상,미상
김 의원,1,0,0,0,0,0.0,미상,미상,미상,미상,미상
김광균 의원,1,0,0,0,0,0.0,미상,미상,미상,미상,미상
김달호 위원(계속),1,0,0,0,0,0.0,무소속,경북 상주,남,초선,지역구
김덕열 의원,1,0,0,0,0,0.0,무소속,경기 양주갑,남,초선,지역구
김동원 의원(계속),1,0,0,0,0,0.0,한국민주당,서울 용산구,남,초선,지역구
김동준 위원,1,0,0,0,0,0.0,무소속,충남 서산을,남,초선,지역구
김두환 의원(계속),1,0,0,0,0,0.0,미상,미상,미상,미상,미상
김만선 의원,1,0,0,0,0,0.0,미상,미상,미상,미상,미상
김문평 위원,1,0,0,0,0,0.0,대한독립촉성국민회,전남 여수갑,남,초선,지역구
김문평 의원(계속),1,0,0,0,0,0.0,대한독립촉성국민회,전남 여수갑,남,초선,지역구
김뱡회 의원,1,0,0,0,0,0.0,미상,미상,미상,미상,미상
김병희 의원,1,0,0,0,0,0.0,미상,미상,미상,미상,미상
김봉□ 의원,1,0,0,0,0,0.0,미상,미상,미상,미상,미상
김상덕 의원(계속),1,0,0,0,0,0.0,민족통일본부,경북 고령,남,초선,지역구
김상도 김익로,1,0,0,0,0,0.0,자유당,경북 영천군갑,남,재선,지역구
김상도 정준모(사),1,0,0,0,0,0.0,자유당,경북 영천갑,남,재선,지역구
김상현 의원(계속),1,0,0,0,0,0.0,무소속,전북 무주,남,재선,지역구
김석진 의원(계속),1,0,0,0,0,0.0,자유당,전남 해남을,남,초선,지역구
김석호 의원(계속),1,0,0,0,0,0.0,무소속,제주 북제주갑,남,초선,지역구
김선우 의원(계속),1,0,0,0,0,0.0,자유당,충북 보은군,남,재선,지역구
김선태 위원(계속),1,0,0,0,0,0.0,민주당,전남 완도군,남,3선,지역구
김성곤 의원(계속),1,0,0,0,0,0.0,자유당,경북 달성군,남,4선,지역구
김성복 의원(계속),1,0,0,0,0,0.0,무소속,전남 보성,남,초선,지역구
김수선 의원(계속),1,0,0,0,0,0.0,무소속,경남 울산군갑,남,재선,지역구
김양수 위원,1,0,0,0,0,0.0,민주국민당,전남 순천,남,초선,지역구
김억기 의원,1,0,0,0,0,0.0,미상,미상,미상,미상,미상
김연준 의원,1,0,0,0,0,0.0,미상,미상,미상,미상,미상
김영도 의원,1,0,0,0,0,0.0,미상,미상,미상,미상,미상
김용우 의원(계속),1,0,0,0,0,0.0,무소속,서울 서대문구갑,남,초선,지역구
김용진 위원(발언도중),1,0,0,0,0,0.0,민주당,경남 진주,남,재선,지역구
김우삭 의원,1,0,0,0,0,0.0,미상,미상,미상,미상,미상
김의준 위원(계속),1,0,0,0,0,0.0,무소속,경기 여주군,남,3선,지역구
김의택 위원(계속),1,0,0,0,0,0.0,무소속,전남 함평군,남,4선,지역구
김익기 위원,1,0,0,0,0,0.0,자유당,경북 안동을,남,5선,지역구
김익기 의원(계속),1,0,0,0,0,0.0,자유당,경북 안동을,남,5선,지역구
김익기 정대천△나판수,1,0,0,0,0,0.0,자유당,경북 안동을,남,5선,지역구
김인 의원,1,0,0,0,0,0.0,미상,미상,미상,미상,미상
김인식 의원(계속),1,0,0,0,0,0.0,대동청년당,경기 옹진을,남,초선,지역구
김정두 의원(계속),1,0,0,0,0,0.0,무소속,전북 순창,남,초선,지역구
김정실 위원,1,0,0,0,0,0.0,무소속,경남 고성,남,초선,지역구
김정환 의원,1,0,0,0,0,0.0,민주당,경남 밀양을,남,초선,지역구
김정환 의원(계속),1,0,0,0,0,0.0,민주당,경남 밀양을,남,초선,지역구
김종규 전상요,1,0,0,0,0,0.0,자유당,경기 양주갑,남,초선,지역구
김종렬 의원,1,0,0,0,0,0.0,미상,미상,미상,미상,미상
김종신 의원(계속),1,0,0,0,0,0.0,자유당,경남 마산,남,초선,지역구
김종회 위원,1,0,0,0,0,0.0,무소속,충남 대덕,남,초선,지역구
김종회 의원(의석에서),1,0,0,0,0,0.0,무소속,충남 대덕,남,초선,지역구
김종희 의원,1,0,0,0,0,0.0,미상,미상,미상,미상,미상
김준영 의원,1,0,0,0,0,0.0,미상,미상,미상,미상,미상
김준태 위원,1,0,0,0,0,0.0,무소속,경북 청도,남,3선,지역구
김진만 이갑식,1,0,0,0,0,0.0,자유당,강원 삼척군,남,7선,지역구
김철안 정대천,1,0,0,0,0,0.0,자유당,경북 금릉군,여,재선,지역구
김택천 의원,1,0,0,0,0,0.0,무소속,경남 울산을,남,초선,지역구
김호석 의원,1,0,0,0,0,0.0,미상,미상,미상,미상,미상
김호석(金浩錫) 의원,1,0,0,0,0,0.0,미상,미상,미상,미상,미상
깁병회 의원,1,0,0,0,0,0.0,미상,미상,미상,미상,미상
깁봉조 의원,1,0,0,0,0,0.0,미상,미상,미상,미상,미상
깅욱중 의원,1,0,0,0,0,0.0,미상,미상,미상,미상,미상
나상한 위원,1,0,0,0,0,0.0,미상,미상,미상,미상,미상
나용균 의원(계속),1,0,0,0,0,0.0,한국민주당,전북 정읍갑,남,4선,지역구
내고,1,0,0,0,0,0.0,미상,미상,미상,미상,미상
내무부위원장 이석기,1,0,0,0,0,0.0,무소속,충남 부여갑,남,3선,지역구
내무부장관 윤치영(계속),1,0,0,0,0,0.0,한국민주당,서울 중구,남,4선,지역구
내무부장광 김효석,1,0,0,0,0,0.0,대한독립촉성국민회,경남 합천을,남,초선,지역구
내무부차관 이상룡,1,0,0,0,0,0.0,미상,미상,미상,미상,미상
내무부차관 정운갑(계속),1,0,0,0,0,0.0,미상,미상,미상,미상,미상
내무부치안국장 김종원,1,0,0,0,0,0.0,미상,미상,미상,미상,미상
내무부토목국도로과장 임봉건,1,0,0,0,0,0.0,미상,미상,미상,미상,미상
내무분과위원장 조경규,1,0,0,0,0,0.0,자유당,경남 함안군,남,3선,지역구
내무분과위원장 한희석(계속),1,0,0,0,0,0.0,자유당,충남 천안군,남,재선,지역구
내무위원장대리 김성복,1,0,0,0,0,0.0,무소속,전남 보성,남,초선,지역구
내무위원장대리 유봉순(계속),1,0,0,0,0,0.0,무소속,경남 합천군갑,남,재선,지역구
내무위원장대리 이석기(계속),1,0,0,0,0,0.0,무소속,충남 부여갑,남,3선,지역구
내무위원회 한희석,1,0,0,0,0,0.0,자유당,충남 천안군,남,재선,지역구
내무위원회위원장 조경규,1,0,0,0,0,0.0,무소속,경북 대구갑,남,3선,지역구
내무장관 김효석,1,0,0,0,0,0.0,대한독립촉성국민회,경남 합천을,남,초선,지역구
내무차관 김갑수,1,0,0,0,0,0.0,미상,미상,미상,미상,미상
내무차관 장경근(계속),1,0,0,0,0,0.0,미상,미상,미상,미상,미상
내무치안워원장 나용균,1,0,0,0,0,0.0,한국민주당,전북 정읍갑,남,4선,지역구
내무치안위원장대리 김광준(계속),1,0,0,0,0,0.0,무소속,경북 울진,남,3선,지역구
내부무장관 백한성,1,0,0,0,0,0.0,미상,미상,미상,미상,미상
노랜드 의원,1,0,0,0,0,0.0,미상,미상,미상,미상,미상
노진호(사무처),1,0,0,0,0,0.0,미상,미상,미상,미상,미상
농림국장 사업비라는,1,0,0,0,0,0.0,미상,미상,미상,미상,미상
농림국장 잡지출은,1,0,0,0,0,0.0,미상,미상,미상,미상,미상
농림부농산물검사소장 박재룡,1,0,0,0,0,0.0,미상,미상,미상,미상,미상
농림부농정국장 박도언,1,0,0,0,0,0.0,미상,미상,미상,미상,미상
농림부양정국장 김인권,1,0,0,0,0,0.0,미상,미상,미상,미상,미상
농림부양정국장 박도언,1,0,0,0,0,0.0,미상,미상,미상,미상,미상
농림부양정국장 이봉희(계속),1,0,0,0,0,0.0,미상,미상,미상,미상,미상
농림부차관 김병윤(계속),1,0,0,0,0,0.0,미상,미상,미상,미상,미상
농림부차관 남봉순,1,0,0,0,0,0.0,미상,미상,미상,미상,미상
농림분과위원장 홍창섭,1,0,0,0,0,0.0,자유당,강원 춘천,남,4선,지역구
농림위원장 변진갑(계속),1,0,0,0,0,0.0,자유당,전남 장성군,남,3선,지역구
농림위원장대리 김용진,1,0,0,0,0,0.0,민주당,경남 진주,남,재선,지역구
농림위원장대리 김익로,1,0,0,0,0,0.0,미상,미상,미상,미상,미상
농림위원장대리 김인태,1,0,0,0,0,0.0,무소속,경기 화성갑,남,초선,지역구
농림위원장대리 조종호,1,0,0,0,0,0.0,무소속,충북 단양군,남,4선,지역구
농립위원장 홍창섭,1,0,0,0,0,0.0,자유당,강원 춘천,남,4선,지역구
농업은행총재 박기희,1,0,0,0,0,0.0,미상,미상,미상,미상,미상
농업은행특수업무부차장 송재규,1,0,0,0,0,0.0,미상,미상,미상,미상,미상
농업협동조합부회장 우만형,1,0,0,0,0,0.0,미상,미상,미상,미상,미상
농지관리국장 수연의,1,0,0,0,0,0.0,미상,미상,미상,미상,미상
농지관리국장 지금,1,0,0,0,0,0.0,미상,미상,미상,미상,미상
담,1,0,0,0,0,0.0,미상,미상,미상,미상,미상
답 1주일에,1,0,0,0,0,0.0,미상,미상,미상,미상,미상
답 47만,1,0,0,0,0,0.0,미상,미상,미상,미상,미상
답 54개,1,0,0,0,0,0.0,미상,미상,미상,미상,미상
답 감독대상이,1,0,0,0,0,0.0,미상,미상,미상,미상,미상
답 국방부지시에,1,0,0,0,0,0.0,미상,미상,미상,미상,미상
답 그런데,1,0,0,0,0,0.0,미상,미상,미상,미상,미상
답 넉넉지,1,0,0,0,0,0.0,미상,미상,미상,미상,미상
답 네.,1,0,0,0,0,0.0,미상,미상,미상,미상,미상
답 대부분,1,0,0,0,0,0.0,미상,미상,미상,미상,미상
답 신축공사입니다.,1,0,0,0,0,0.0,미상,미상,미상,미상,미상
답 업무수행에,1,0,0,0,0,0.0,미상,미상,미상,미상,미상
답 지금,1,0,0,0,0,0.0,미상,미상,미상,미상,미상
답(김훈 상공부장관),1,0,0,0,0,0.0,미상,미상,미상,미상,미상
답(백낙준 문교부장관),1,0,0,0,0,0.0,미상,미상,미상,미상,미상
답(변영태 외무부장관),1,0,0,0,0,0.0,미상,미상,미상,미상,미상
대검찰청차장 박성준,1,0,0,0,0,0.0,미상,미상,미상,미상,미상
대검찰청차장 이성준,1,0,0,0,0,0.0,미상,미상,미상,미상,미상
대매사건조사위원장 최창섭,1,0,0,0,0,0.0,자유당,경남 합천군을,남,3선,지역구
대법관 오필선,1,0,0,0,0,0.0,미상,미상,미상,미상,미상
대법원장 김병로(계속),1,0,0,0,0,0.0,미상,미상,미상,미상,미상
대한적십자사총재 구영숙,1,0,0,0,0,0.0,미상,미상,미상,미상,미상
덕터 파이어,1,0,0,0,0,0.0,미상,미상,미상,미상,미상
된다고,1,0,0,0,0,0.0,미상,미상,미상,미상,미상
들리는,1,0,0,0,0,0.0,미상,미상,미상,미상,미상
류덕천 의원,1,0,0,0,0,0.0,미상,미상,미상,미상,미상
류지원 안균섭,1,0,0,0,0,0.0,자유당,전북 남원을,남,초선,지역구
류청 위원(계속),1,0,0,0,0,0.0,미상,미상,미상,미상,미상
르지만,1,0,0,0,0,0.0,미상,미상,미상,미상,미상
림부장관관,1,0,0,0,0,0.0,미상,미상,미상,미상,미상
말,1,0,0,0,0,0.0,미상,미상,미상,미상,미상
말마,1,0,0,0,0,0.0,미상,미상,미상,미상,미상
무임소장관 박현숙,1,0,0,0,0,0.0,미상,미상,미상,미상,미상
문(서이환 의원),1,0,0,0,0,0.0,일민국락부,경북 울릉,남,재선,지역구
문교부고등교육국장 이근칠,1,0,0,0,0,0.0,미상,미상,미상,미상,미상
문교부장관 윤택중,1,0,0,0,0,0.0,민주국민당,전북 익산을,남,3선,지역구
문교부직원 000,1,0,0,0,0,0.0,미상,미상,미상,미상,미상
문교분과위원장 김종규,1,0,0,0,0,0.0,자유당,경기 양주갑,남,초선,지역구
문교사회위원장 윤택중,1,0,0,0,0,0.0,민주국민당,전북 익산을,남,3선,지역구
문교사회위원장대리 권태희,1,0,0,0,0,0.0,무소속,경북 김천갑,남,초선,지역구
문교사회위원회위원장 이영준,1,0,0,0,0,0.0,한국민주당,서울 동대문구을,남,4선,지역구
문교위원장 김종규(계속),1,0,0,0,0,0.0,자유당,경기 양주갑,남,초선,지역구
문교위원장 윤길중,1,0,0,0,0,0.0,무소속,강원 원주,남,6선,지역구
문학가협회중앙위원 조연현,1,0,0,0,0,0.0,미상,미상,미상,미상,미상
문화국장 성인교육에,1,0,0,0,0,0.0,미상,미상,미상,미상,미상
문화국장 이것은,1,0,0,0,0,0.0,미상,미상,미상,미상,미상
미국뉴욕주지사 도마스,1,0,0,0,0,0.0,미상,미상,미상,미상,미상
미국대통령특사 필립,1,0,0,0,0,0.0,미상,미상,미상,미상,미상
미국상원의원 스미스,1,0,0,0,0,0.0,미상,미상,미상,미상,미상
민경식 의원(계속),1,0,0,0,0,0.0,대한독립촉성국민회,경기 용인,남,초선,지역구
민영복 의원(계속),1,0,0,0,0,0.0,무소속,충북 청주,남,초선,지역구
박경우 의원,1,0,0,0,0,0.0,미상,미상,미상,미상,미상
박기운 위원,1,0,0,0,0,0.0,무소속,충북 청주,남,3선,지역구
박기운 의원(계속),1,0,0,0,0,0.0,제헌국회호헌동지회,충북 청주,남,3선,지역구
박만원 김종신,1,0,0,0,0,0.0,자유당,경남 마산,남,초선,지역구
박만원(외) 손영수(법),1,0,0,0,0,0.0,자유당,경북 군위군,남,3선,지역구
박명길 위원,1,0,0,0,0,0.0,미상,미상,미상,미상,미상
박병권 위원,1,0,0,0,0,0.0,미상,미상,미상,미상,미상
박병호 위원,1,0,0,0,0,0.0,미상,미상,미상,미상,미상
박세경 김익노,1,0,0,0,0,0.0,자유당,경북 영일군을,남,4선,지역구
박세경 장경근,1,0,0,0,0,0.0,자유당,전북 임실,남,재선,지역구
박세경 정문흠,1,0,0,0,0,0.0,자유당,전북 임실군,남,재선,지역구
박순석 김진원,1,0,0,0,0,0.0,자유당,전북 무주,남,초선,지역구
박순석 오늘,1,0,0,0,0,0.0,무소속,경북 영일갑,남,3선,지역구
박영진(朴永鎭) 의원,1,0,0,0,0,0.0,미상,미상,미상,미상,미상
박영출,1,0,0,0,0,0.0,자유당,경북 의성갑,남,재선,지역구
박영출의원 (의석에서),1,0,0,0,0,0.0,대한국민당,경북 의성갑,남,재선,지역구
박용익 류순식△이영희,1,0,0,0,0,0.0,자유당,강원 명주,남,재선,지역구
박용익(징) 정존수(법),1,0,0,0,0,0.0,무소속,강원 강릉시을,남,재선,지역구
박우결 의원,1,0,0,0,0,0.0,미상,미상,미상,미상,미상
박유경 의원,1,0,0,0,0,0.0,미상,미상,미상,미상,미상
박윤원 의원(계속),1,0,0,0,0,0.0,무소속,경남 남해,남,초선,지역구
박윤원 이,1,0,0,0,0,0.0,무소속,경남 남해,남,초선,지역구
박종남 의원(계속),1,0,0,0,0,0.0,무소속,전남 광산,남,초선,지역구
박충식 의원,1,0,0,0,0,0.0,무소속,충남 공주갑,남,3선,지역구
박혜정 의원,1,0,0,0,0,0.0,미상,미상,미상,미상,미상
박흥규(외)△손영수(법) 김의준(법),1,0,0,0,0,0.0,자유당,경기 여주군,남,3선,지역구
반장대리 우희창,1,0,0,0,0,0.0,민주당,충남 서천,남,재선,지역구
배은희 의원(계속),1,0,0,0,0,0.0,대한국민당,경북 달성,남,초선,지역구
백 년의,1,0,0,0,0,0.0,미상,미상,미상,미상,미상
백남식 위원(계속),1,0,0,0,0,0.0,무소속,경북 상주군을,남,재선,지역구
백재홍 의원,1,0,0,0,0,0.0,미상,미상,미상,미상,미상
법무부장관 서상환(계속),1,0,0,0,0,0.0,미상,미상,미상,미상,미상
법무부장관 정재환,1,0,0,0,0,0.0,미상,미상,미상,미상,미상
법무부차관 김윤근(계속),1,0,0,0,0,0.0,미상,미상,미상,미상,미상
법사위원장 박세경,1,0,0,0,0,0.0,자유당,전북 임실,남,재선,지역구
법원행정처장 노용호,1,0,0,0,0,0.0,미상,미상,미상,미상,미상
법제사법분과위원장 백관수,1,0,0,0,0,0.0,한국민주당,전북 고창을,남,초선,지역구
법제사법위원장 김의준(계속),1,0,0,0,0,0.0,자유당,경기 여주군,남,3선,지역구
법제사법위원장 윤치영,1,0,0,0,0,0.0,대한국민당,충남 공주을,남,4선,지역구
법제사법위원장 이인(계속),1,0,0,0,0,0.0,무소속,서울 종로구을,남,3선,지역구
법제사법위원장대리 강경옥,1,0,0,0,0,0.0,무소속,제주 남제주군,남,3선,지역구
법제사법위원장대리 김종순,1,0,0,0,0,0.0,무소속,전남 나주갑,남,초선,지역구
법제사법위원장대리 현석호,1,0,0,0,0,0.0,자유당,경북 예천군,남,재선,지역구
법제사법위원회위원장 이인,1,0,0,0,0,0.0,무소속,서울 종로구을,남,3선,지역구
법제사법의원장 백관수,1,0,0,0,0,0.0,한국민주당,전북 고창을,남,초선,지역구
법제사업위원장 백관수,1,0,0,0,0,0.0,한국민주당,전북 고창을,남,초선,지역구
변리,1,0,0,0,0,0.0,미상,미상,미상,미상,미상
변진갑 의원(계속)……,1,0,0,0,0,0.0,무소속,전남 장성군,남,3선,지역구
변집갑 의원,1,0,0,0,0,0.0,미상,미상,미상,미상,미상
병기기지사령부부사령관 C급은,1,0,0,0,0,0.0,미상,미상,미상,미상,미상
병기기지사령부부사령관 고철로,1,0,0,0,0,0.0,미상,미상,미상,미상,미상
병기기지사령부부사령관 보상관계는,1,0,0,0,0,0.0,미상,미상,미상,미상,미상
병기기지사령부부사령관 사람이,1,0,0,0,0,0.0,미상,미상,미상,미상,미상
병기기지사령부부사령관 사령부에서,1,0,0,0,0,0.0,미상,미상,미상,미상,미상
병기기지사령부부사령관 인쇄비,1,0,0,0,0,0.0,미상,미상,미상,미상,미상
병기기지사령부부사령관 저희는,1,0,0,0,0,0.0,미상,미상,미상,미상,미상
병기기지사령부부사령관 제가,1,0,0,0,0,0.0,미상,미상,미상,미상,미상
병기기지사령부부사령관 중사,1,0,0,0,0,0.0,미상,미상,미상,미상,미상
병기기지사령부부사령관 항만과는,1,0,0,0,0,0.0,미상,미상,미상,미상,미상
병기기지창장 그때,1,0,0,0,0,0.0,미상,미상,미상,미상,미상
병기기지창장 병기감실,1,0,0,0,0,0.0,미상,미상,미상,미상,미상
병기기지창장 이런,1,0,0,0,0,0.0,미상,미상,미상,미상,미상
병기보급창장 가끔,1,0,0,0,0,0.0,미상,미상,미상,미상,미상
병기보급창장 기재하지,1,0,0,0,0,0.0,미상,미상,미상,미상,미상
병기보급창장 배에서,1,0,0,0,0,0.0,미상,미상,미상,미상,미상
병기보급창장 부두에서,1,0,0,0,0,0.0,미상,미상,미상,미상,미상
병기보급창장 여기에서는,1,0,0,0,0,0.0,미상,미상,미상,미상,미상
병기보급창장 완전히,1,0,0,0,0,0.0,미상,미상,미상,미상,미상
병기보급창장 이런,1,0,0,0,0,0.0,미상,미상,미상,미상,미상
병기수집소장 16명입니다.,1,0,0,0,0,0.0,미상,미상,미상,미상,미상
병기수집소장 460대가량,1,0,0,0,0,0.0,미상,미상,미상,미상,미상
병기수집소장 그대로,1,0,0,0,0,0.0,미상,미상,미상,미상,미상
병기수집소장 일시에,1,0,0,0,0,0.0,미상,미상,미상,미상,미상
병기수집소장 지금,1,0,0,0,0,0.0,미상,미상,미상,미상,미상
병기수집소장 폐품하고,1,0,0,0,0,0.0,미상,미상,미상,미상,미상
병무국장 장흥,1,0,0,0,0,0.0,미상,미상,미상,미상,미상
병원장 없습니다.,1,0,0,0,0,0.0,미상,미상,미상,미상,미상
병원장 지금,1,0,0,0,0,0.0,미상,미상,미상,미상,미상
병참학교장 883명입니다.,1,0,0,0,0,0.0,미상,미상,미상,미상,미상
병참학교장 그,1,0,0,0,0,0.0,미상,미상,미상,미상,미상
병참학교장 그러한,1,0,0,0,0,0.0,미상,미상,미상,미상,미상
병참학교장 오려고,1,0,0,0,0,0.0,미상,미상,미상,미상,미상
병참학교장 일과시간에는,1,0,0,0,0,0.0,미상,미상,미상,미상,미상
병참학교장 지금,1,0,0,0,0,0.0,미상,미상,미상,미상,미상
병참학교장 학교는,1,0,0,0,0,0.0,미상,미상,미상,미상,미상
병참학교장 훈련소에서,1,0,0,0,0,0.0,미상,미상,미상,미상,미상
보건부장관 오한영,1,0,0,0,0,0.0,미상,미상,미상,미상,미상
보건부장관 최재우,1,0,0,0,0,0.0,미상,미상,미상,미상,미상
보건부차관 정진욱,1,0,0,0,0,0.0,미상,미상,미상,미상,미상
보이 수하,1,0,0,0,0,0.0,미상,미상,미상,미상,미상
보헌영 의원,1,0,0,0,0,0.0,미상,미상,미상,미상,미상
부산경비사령관 600만,1,0,0,0,0,0.0,미상,미상,미상,미상,미상
부산경비사령관 7000만,1,0,0,0,0,0.0,미상,미상,미상,미상,미상
부산경비사령관 금년에,1,0,0,0,0,0.0,미상,미상,미상,미상,미상
부산경비사령관 나머지는,1,0,0,0,0,0.0,미상,미상,미상,미상,미상
부산경비사령관 부산에,1,0,0,0,0,0.0,미상,미상,미상,미상,미상
부산경비사령관 수송비가,1,0,0,0,0,0.0,미상,미상,미상,미상,미상
부산경비사령관 아직까지,1,0,0,0,0,0.0,미상,미상,미상,미상,미상
부산경비사령관 없습니다.,1,0,0,0,0,0.0,미상,미상,미상,미상,미상
부산경비사령관 영선수리비가,1,0,0,0,0,0.0,미상,미상,미상,미상,미상
부산경비사령관 예.,1,0,0,0,0,0.0,미상,미상,미상,미상,미상
부산경비사령관 작년,1,0,0,0,0,0.0,미상,미상,미상,미상,미상
부산경비사령관 저희,1,0,0,0,0,0.0,미상,미상,미상,미상,미상
부산경비사령관 정정해서,1,0,0,0,0,0.0,미상,미상,미상,미상,미상
부산경비사령관 죽게,1,0,0,0,0,0.0,미상,미상,미상,미상,미상
부산경비사령관 한,1,0,0,0,0,0.0,미상,미상,미상,미상,미상
부산경비사령관 한국운수,1,0,0,0,0,0.0,미상,미상,미상,미상,미상
부산경비사령부장대위 국방부에서,1,0,0,0,0,0.0,미상,미상,미상,미상,미상
부산경비사령부장대위 그것은,1,0,0,0,0,0.0,미상,미상,미상,미상,미상
부산경비사령부장대위 그런,1,0,0,0,0,0.0,미상,미상,미상,미상,미상
부산경비사령부장대위 레일,1,0,0,0,0,0.0,미상,미상,미상,미상,미상
부산경비사령부장대위 모르겠습니다.,1,0,0,0,0,0.0,미상,미상,미상,미상,미상
부산경비사령부장대위 물품,1,0,0,0,0,0.0,미상,미상,미상,미상,미상
부산경비사령부장대위 본부하고,1,0,0,0,0,0.0,미상,미상,미상,미상,미상
부산경비사령부장대위 불리한,1,0,0,0,0,0.0,미상,미상,미상,미상,미상
부산경비사령부장대위 사람을,1,0,0,0,0,0.0,미상,미상,미상,미상,미상
부산경비사령부장대위 사실,1,0,0,0,0,0.0,미상,미상,미상,미상,미상
부산경비사령부장대위 사전에,1,0,0,0,0,0.0,미상,미상,미상,미상,미상
부산경비사령부장대위 서류는,1,0,0,0,0,0.0,미상,미상,미상,미상,미상
부산경비사령부장대위 없습니다.,1,0,0,0,0,0.0,미상,미상,미상,미상,미상
부산경비사령부장대위 요는,1,0,0,0,0,0.0,미상,미상,미상,미상,미상
부산경비사령부장대위 전화로서,1,0,0,0,0,0.0,미상,미상,미상,미상,미상
부산경비사령부장대위 해무청,1,0,0,0,0,0.0,미상,미상,미상,미상,미상
부산경비사령부참모장 1차에,1,0,0,0,0,0.0,미상,미상,미상,미상,미상
부산경비사령부참모장 5톤이라고,1,0,0,0,0,0.0,미상,미상,미상,미상,미상
부산경비사령부참모장 5톤입니다.,1,0,0,0,0,0.0,미상,미상,미상,미상,미상
부산경비사령부참모장 ……,1,0,0,0,0,0.0,미상,미상,미상,미상,미상
부산경비사령부참모장 그,1,0,0,0,0,0.0,미상,미상,미상,미상,미상
부산경비사령부참모장 기억이,1,0,0,0,0,0.0,미상,미상,미상,미상,미상
부산경비사령부참모장 본부에서,1,0,0,0,0,0.0,미상,미상,미상,미상,미상
부산경비사령부참모장 없습니다.,1,0,0,0,0,0.0,미상,미상,미상,미상,미상
부산경비사령부참모장 영수증이,1,0,0,0,0,0.0,미상,미상,미상,미상,미상
부산경비사령부참모장 작년이,1,0,0,0,0,0.0,미상,미상,미상,미상,미상
부산경비사령부참모장 좀,1,0,0,0,0,0.0,미상,미상,미상,미상,미상
부산경비사령부참모장 품목하고,1,0,0,0,0,0.0,미상,미상,미상,미상,미상
부위장 최순주,1,0,0,0,0,0.0,자유당,충북 영동,남,초선,지역구
부의강 김약수,1,0,0,0,0,0.0,조선공화당,경남 동래,남,초선,지역구
부의원장 장택상,1,0,0,0,0,0.0,무소속,경북 칠곡,남,4선,지역구
부의작 장택상,1,0,0,0,0,0.0,무소속,경북 칠곡,남,4선,지역구
부의장 곽상훈(계속),1,0,0,0,0,0.0,무소속,경기 인천시을,남,5선,지역구
부의장 긴동원,1,0,0,0,0,0.0,미상,미상,미상,미상,미상
부의장 김동언,1,0,0,0,0,0.0,미상,미상,미상,미상,미상
부의장 김동운,1,0,0,0,0,0.0,미상,미상,미상,미상,미상
부의장 김약수.,1,0,0,0,0,0.0,조선공화당,경남 동래,남,초선,지역구
부의장 유치영,1,0,0,0,0,0.0,미상,미상,미상,미상,미상
부의장 윤도영,1,0,0,0,0,0.0,미상,미상,미상,미상,미상
부의장 윤치영),1,0,0,0,0,0.0,한국민주당,서울 중구,남,4선,지역구
부의장 윤친영,1,0,0,0,0,0.0,미상,미상,미상,미상,미상
부의장 임철호(계속),1,0,0,0,0,0.0,자유당,충남 부여을,남,초선,지역구
부의장 조봉암그러면,1,0,0,0,0,0.0,대한국민당,경기 인천병,남,재선,지역구
부의장 조봉임,1,0,0,0,0,0.0,미상,미상,미상,미상,미상
부의장 조영규,1,0,0,0,0,0.0,민주국민당,전남 영광군,남,4선,지역구
부의장 최수주,1,0,0,0,0,0.0,미상,미상,미상,미상,미상
부의장(이재학) 회의록,1,0,0,0,0,0.0,자유당,강원 홍천군,남,5선,지역구
부의장(조경규),1,0,0,0,0,0.0,자유당,경남 함안군,남,3선,지역구
부장 조경규,1,0,0,0,0,0.0,자유당,경남 함안군,남,3선,지역구
부흥부장관 신현확(계속),1,0,0,0,0,0.0,미상,미상,미상,미상,미상
빅윤원 의원,1,0,0,0,0,0.0,미상,미상,미상,미상,미상
사무차장 노진호,1,0,0,0,0,0.0,미상,미상,미상,미상,미상
사무처총무국장 서임수,1,0,0,0,0,0.0,미상,미상,미상,미상,미상
사무총장 임철원,1,0,0,0,0,0.0,미상,미상,미상,미상,미상
사세국장 김만기(계속),1,0,0,0,0,0.0,미상,미상,미상,미상,미상
사식자 다음은,1,0,0,0,0,0.0,미상,미상,미상,미상,미상
사식자 이것으로써,1,0,0,0,0,0.0,미상,미상,미상,미상,미상
사식자(司式者) 지금부터,1,0,0,0,0,0.0,미상,미상,미상,미상,미상
사회보건위원장 김용우(계속),1,0,0,0,0,0.0,무소속,서울 서대문구갑,남,초선,지역구
사회보건위원장 김익기(계속),1,0,0,0,0,0.0,자유당,경북 안동을,남,5선,지역구
사회보건위원회위원장 박영출,1,0,0,0,0,0.0,대한국민당,경북 의성갑,남,재선,지역구
사회보권위원장 김익기,1,0,0,0,0,0.0,무소속,경북 안동을,남,5선,지역구
산,1,0,0,0,0,0.0,미상,미상,미상,미상,미상
산률,1,0,0,0,0,0.0,미상,미상,미상,미상,미상
산업위원장대리 조헌영(계속),1,0,0,0,0,0.0,한국민주당,경북 영양,남,재선,지역구
산업위원회위원장대리 조헌영,1,0,0,0,0,0.0,한국민주당,경북 영양,남,재선,지역구
상공부광업국장 전효섭,1,0,0,0,0,0.0,미상,미상,미상,미상,미상
상공위원장대리 유승준,1,0,0,0,0,0.0,무소속,충남 홍성,남,재선,지역구
상공장관 임영신,1,0,0,0,0,0.0,대한여자국민당,경북 안동을,여,재선,지역구
상환기한,1,0,0,0,0,0.0,미상,미상,미상,미상,미상
생,1,0,0,0,0,0.0,미상,미상,미상,미상,미상
서민호 의원(계속),1,0,0,0,0,0.0,무소속,전남 고흥을,남,4선,지역구
서범석 위원(발언도중),1,0,0,0,0,0.0,민주당,서울 성북구,남,6선,지역구
서우식 의원,1,0,0,0,0,0.0,미상,미상,미상,미상,미상
서울지구병사구사령부병무과장 노선앙,1,0,0,0,0,0.0,미상,미상,미상,미상,미상
서울지방검찰청부장검사 조인구,1,0,0,0,0,0.0,미상,미상,미상,미상,미상
서울특별시경찰국장 길경복,1,0,0,0,0,0.0,미상,미상,미상,미상,미상
서울특별시내무국장 김용진,1,0,0,0,0,0.0,민주당,경남 진주,남,재선,지역구
서임수 의원,1,0,0,0,0,0.0,무소속,강원 철원,남,초선,지역구
성원수,1,0,0,0,0,0.0,미상,미상,미상,미상,미상
세정과장 예산상에,1,0,0,0,0,0.0,미상,미상,미상,미상,미상
손문경 정대천,1,0,0,0,0,0.0,자유당,전남 고흥갑,남,재선,지역구
손재학 의원,1,0,0,0,0,0.0,대한독립촉성국민회,충남 홍성,남,초선,지역구
손재형 신도환,1,0,0,0,0,0.0,무소속,전남 진도군,남,재선,지역구
손준현 의원(계속),1,0,0,0,0,0.0,자유당,충북 영동,남,초선,지역구
손진백 의원,1,0,0,0,0,0.0,미상,미상,미상,미상,미상
송문경 의원,1,0,0,0,0,0.0,미상,미상,미상,미상,미상
송영주 의원,1,0,0,0,0,0.0,민주당,전북 정읍을,남,초선,지역구
수도사단장 10일,1,0,0,0,0,0.0,미상,미상,미상,미상,미상
수도사단장 그렇게,1,0,0,0,0,0.0,미상,미상,미상,미상,미상
수도사단장 다른,1,0,0,0,0,0.0,미상,미상,미상,미상,미상
수도사단장 지방,1,0,0,0,0,0.0,미상,미상,미상,미상,미상
수도사단장 행정근무비,1,0,0,0,0,0.0,미상,미상,미상,미상,미상
수로국장 그런,1,0,0,0,0,0.0,미상,미상,미상,미상,미상
수로국장 대개,1,0,0,0,0,0.0,미상,미상,미상,미상,미상
수로국장 발행하지,1,0,0,0,0,0.0,미상,미상,미상,미상,미상
"수로국장 수로여비,",1,0,0,0,0,0.0,미상,미상,미상,미상,미상
수로국장 이것을,1,0,0,0,0,0.0,미상,미상,미상,미상,미상
수로국장 특별한,1,0,0,0,0,0.0,미상,미상,미상,미상,미상
수로국장 한,1,0,0,0,0,0.0,미상,미상,미상,미상,미상
수리조합연합회장 임석필,1,0,0,0,0,0.0,미상,미상,미상,미상,미상
시회보건위원장대리 김용우,1,0,0,0,0,0.0,무소속,서울 서대문구갑,남,초선,지역구
신규식 임차주,1,0,0,0,0,0.0,자유당,전북 부안,남,재선,지역구
신문편집인협회회장 이관구,1,0,0,0,0,0.0,미상,미상,미상,미상,미상
신성균 의원(계속),1,0,0,0,0,0.0,무소속,전북 전주,남,초선,지역구
신의식 의원(계속),1,0,0,0,0,0.0,자유당,경기 용인시,남,재선,지역구
신의식 정명섭,1,0,0,0,0,0.0,자유당,경기 용인시,남,재선,지역구
신익희 의원(계속),1,0,0,0,0,0.0,민주국민당,전남 광주,남,3선,지역구
신행용 위원(계속),1,0,0,0,0,0.0,무소속,전남 무안갑,남,초선,지역구
신흥균 의원,1,0,0,0,0,0.0,미상,미상,미상,미상,미상
심계원차장 이흥배,1,0,0,0,0,0.0,미상,미상,미상,미상,미상
심재현 위원,1,0,0,0,0,0.0,미상,미상,미상,미상,미상
십만 환,1,0,0,0,0,0.0,미상,미상,미상,미상,미상
안균섭 의원(계속),1,0,0,0,0,0.0,자유당,전북 남원을,남,초선,지역구
안동준 류지원,1,0,0,0,0,0.0,자유당,충북 괴산군,남,4선,지역구
안성군미곡공립국민학교대표 김응기,1,0,0,0,0,0.0,미상,미상,미상,미상,미상
안용대 의원(계속),1,0,0,0,0,0.0,무소속,경북 경주갑,남,재선,지역구
양정국장 김병윤,1,0,0,0,0,0.0,미상,미상,미상,미상,미상
양정국장 김봉관,1,0,0,0,0,0.0,미상,미상,미상,미상,미상
어,1,0,0,0,0,0.0,미상,미상,미상,미상,미상
여운홍 위원,1,0,0,0,0,0.0,무소속,경기 양평군,남,재선,지역구
여운홍 의원(계속),1,0,0,0,0,0.0,무소속,경기 양평군,남,재선,지역구
여중 화자,1,0,0,0,0,0.0,미상,미상,미상,미상,미상
역,1,0,0,0,0,0.0,미상,미상,미상,미상,미상
연사,1,0,0,0,0,0.0,미상,미상,미상,미상,미상
연합참모본부비서실장 국군통수계통이,1,0,0,0,0,0.0,미상,미상,미상,미상,미상
연합참모본부비서실장 연합참모부총장으로,1,0,0,0,0,0.0,미상,미상,미상,미상,미상
연합참모본부제1부장 뭐,1,0,0,0,0,0.0,미상,미상,미상,미상,미상
연합참모본부제1부장 아니에요.,1,0,0,0,0,0.0,미상,미상,미상,미상,미상
연합참모본부제1부장 좀,1,0,0,0,0,0.0,미상,미상,미상,미상,미상
연합참모본부제2부장 에……,1,0,0,0,0,0.0,미상,미상,미상,미상,미상
염산국장 천일염은,1,0,0,0,0,0.0,미상,미상,미상,미상,미상
염우량 의원(계속),1,0,0,0,0,0.0,자유당,충남 공주갑,남,초선,지역구
염우양 의원,1,0,0,0,0,0.0,미상,미상,미상,미상,미상
예결위원장 이충환,1,0,0,0,0,0.0,자유당,충북 진천군,남,6선,지역구
예산결산위원장 이충환(계속),1,0,0,0,0,0.0,자유당,충북 진천군,남,6선,지역구
예산결산위원장대리 김두진,1,0,0,0,0,0.0,자유당,제주 북제주,남,재선,지역구
오기영 의원,1,0,0,0,0,0.0,미상,미상,미상,미상,미상
오범수 위원(의석에서),1,0,0,0,0,0.0,자유당,충북 청원갑,남,재선,지역구
오석주 의원(미발언,1,0,0,0,0,0.0,대한독립촉성국민회,전남 고흥갑,남,초선,지역구
오세창씨,1,0,0,0,0,0.0,미상,미상,미상,미상,미상
오재영 의원(계속),1,0,0,0,0,0.0,무소속,경기 안성,남,재선,지역구
외무국방위원장 최윤동,1,0,0,0,0,0.0,한국민주당,경북 대구갑,남,초선,지역구
외무국방위원장(지대형 의원),1,0,0,0,0,0.0,미상,미상,미상,미상,미상
외무국방위원회위원장 이종린,1,0,0,0,0,0.0,무소속,충남 서산갑,남,재선,지역구
외무부장관 변태영,1,0,0,0,0,0.0,미상,미상,미상,미상,미상
외무부장관 최규하,1,0,0,0,0,0.0,미상,미상,미상,미상,미상
외무분과위원장 정기원,1,0,0,0,0,0.0,자유당,경남 부산시병,남,재선,지역구
외무위원장대리 여운홍,1,0,0,0,0,0.0,무소속,경기 양평군,남,재선,지역구
외무위원장대리 한필수,1,0,0,0,0,0.0,무소속,충북 제천,남,초선,지역구
외무장관 변영태,1,0,0,0,0,0.0,미상,미상,미상,미상,미상
외부무장관 변영태,1,0,0,0,0,0.0,미상,미상,미상,미상,미상
용도,1,0,0,0,0,0.0,미상,미상,미상,미상,미상
우희창 위원(계속),1,0,0,0,0,0.0,민주당,충남 서천,남,재선,지역구
운영위원장대리 김일,1,0,0,0,0,0.0,자유당,서울 성북구,남,초선,지역구
운영위원장대리 소선규,1,0,0,0,0,0.0,민주국민당,전북 익산갑,남,4선,지역구
운영위원장대리 조영규,1,0,0,0,0,0.0,민주국민당,전남 영광군,남,4선,지역구
운영위원회전문위원 이회근,1,0,0,0,0,0.0,미상,미상,미상,미상,미상
울시,1,0,0,0,0,0.0,미상,미상,미상,미상,미상
원용석 이형모,1,0,0,0,0,0.0,자유당,충남 당진을,남,초선,지역구
원용환 의원,1,0,0,0,0,0.0,미상,미상,미상,미상,미상
원회,1,0,0,0,0,0.0,미상,미상,미상,미상,미상
월남공화국대통령 고,1,0,0,0,0,0.0,미상,미상,미상,미상,미상
위무국방위원장 지대형,1,0,0,0,0,0.0,미상,미상,미상,미상,미상
위원장 박정근,1,0,0,0,0,0.0,자유당,전북 진안군,남,재선,지역구
위원장대리 박종길,1,0,0,0,0,0.0,무소속,경북 영양군,남,3선,지역구
위원장대리 박흥규(계속),1,0,0,0,0,0.0,자유당,전남 광산을,남,재선,지역구
위원장대리 우희창,1,0,0,0,0,0.0,민주당,충남 서천,남,재선,지역구
위원장대리 윤치영,1,0,0,0,0,0.0,국민당,서울 중구갑,남,4선,지역구
위원장대리 주요한,1,0,0,0,0,0.0,민주당,서울 중구갑,남,재선,지역구
위원장대리 진석중,1,0,0,0,0,0.0,자유당,경남 거제,남,초선,지역구
위원장대리 최병권,1,0,0,0,0,0.0,자유당,경북 울릉군,남,재선,지역구
위원장대리 홍순희,1,0,0,0,0,0.0,민주당,전북 고창을,남,초선,지역구
위원장대리 황숙현,1,0,0,0,0,0.0,자유당,전남 광양,남,초선,지역구
유엔군총사령관 마크크라크,1,0,0,0,0,0.0,미상,미상,미상,미상,미상
유용식 하태환,1,0,0,0,0,0.0,자유당,경기 양평,남,초선,지역구
유진수 의원,1,0,0,0,0,0.0,미상,미상,미상,미상,미상
유태식 위원,1,0,0,0,0,0.0,미상,미상,미상,미상,미상
유홍 의원,1,0,0,0,0,0.0,미상,미상,미상,미상,미상
유홍열 의원,1,0,0,0,0,0.0,무소속,충북 제천,남,초선,지역구
육군기갑학교본부사령 장부는,1,0,0,0,0,0.0,미상,미상,미상,미상,미상
육군기갑학교장 각종에서,1,0,0,0,0,0.0,미상,미상,미상,미상,미상
육군기갑학교장 교육과정의,1,0,0,0,0,0.0,미상,미상,미상,미상,미상
육군기갑학교장 교육용,1,0,0,0,0,0.0,미상,미상,미상,미상,미상
육군기갑학교장 그대로,1,0,0,0,0,0.0,미상,미상,미상,미상,미상
육군기갑학교장 기억은,1,0,0,0,0,0.0,미상,미상,미상,미상,미상
육군기갑학교장 매달,1,0,0,0,0,0.0,미상,미상,미상,미상,미상
육군기갑학교장 보급연료에서,1,0,0,0,0,0.0,미상,미상,미상,미상,미상
육군기갑학교장 사실,1,0,0,0,0,0.0,미상,미상,미상,미상,미상
육군기갑학교장 예비량과,1,0,0,0,0,0.0,미상,미상,미상,미상,미상
육군기갑학교장 요는,1,0,0,0,0,0.0,미상,미상,미상,미상,미상
육군기갑학교장 육본에서도,1,0,0,0,0,0.0,미상,미상,미상,미상,미상
육군기갑학교장 이,1,0,0,0,0,0.0,미상,미상,미상,미상,미상
육군기갑학교장 인화면에,1,0,0,0,0,0.0,미상,미상,미상,미상,미상
육군기갑학교장 장부가,1,0,0,0,0,0.0,미상,미상,미상,미상,미상
육군기갑학교장 장부관계는,1,0,0,0,0,0.0,미상,미상,미상,미상,미상
육군기갑학교장 저희들은,1,0,0,0,0,0.0,미상,미상,미상,미상,미상
육군기갑학교장 전적으로,1,0,0,0,0,0.0,미상,미상,미상,미상,미상
육군기갑학교장 조사를,1,0,0,0,0,0.0,미상,미상,미상,미상,미상
육군기갑학교장 최소한도,1,0,0,0,0,0.0,미상,미상,미상,미상,미상
육군기갑학교장 합해서,1,0,0,0,0,0.0,미상,미상,미상,미상,미상
육군기갑학교장 휘발유는,1,0,0,0,0,0.0,미상,미상,미상,미상,미상
육군병기기지사령관 급양예산에,1,0,0,0,0,0.0,미상,미상,미상,미상,미상
육군병기기지사령관 대일구매관계는,1,0,0,0,0,0.0,미상,미상,미상,미상,미상
육군병기기지사령관 박,1,0,0,0,0,0.0,미상,미상,미상,미상,미상
육군병기기지사령관 잉여품목이란,1,0,0,0,0,0.0,미상,미상,미상,미상,미상
육군병기기지사령관 재료비는,1,0,0,0,0,0.0,미상,미상,미상,미상,미상
육군병기기지사령관 지금,1,0,0,0,0,0.0,미상,미상,미상,미상,미상
육군병기기지사령관 직접,1,0,0,0,0,0.0,미상,미상,미상,미상,미상
육군병기학교장 50t입니다.,1,0,0,0,0,0.0,미상,미상,미상,미상,미상
육군병기학교장 규정이,1,0,0,0,0,0.0,미상,미상,미상,미상,미상
육군병기학교장 그래서,1,0,0,0,0,0.0,미상,미상,미상,미상,미상
육군병기학교장 예.,1,0,0,0,0,0.0,미상,미상,미상,미상,미상
육군병기학교장 원하는,1,0,0,0,0,0.0,미상,미상,미상,미상,미상
육군본부감찰감 그,1,0,0,0,0,0.0,미상,미상,미상,미상,미상
육군본부감찰감 미국편제는,1,0,0,0,0,0.0,미상,미상,미상,미상,미상
육군본부감찰감 현재,1,0,0,0,0,0.0,미상,미상,미상,미상,미상
육군본부공병감 간단히,1,0,0,0,0,0.0,미상,미상,미상,미상,미상
육군본부공병감 과거에는,1,0,0,0,0,0.0,미상,미상,미상,미상,미상
육군본부공병감 그런데,1,0,0,0,0,0.0,미상,미상,미상,미상,미상
육군본부공병감 저희,1,0,0,0,0,0.0,미상,미상,미상,미상,미상
육군본부공병감 저희들은,1,0,0,0,0,0.0,미상,미상,미상,미상,미상
육군본부공병감 청부제가,1,0,0,0,0,0.0,미상,미상,미상,미상,미상
육군본부공병감 행정문제는,1,0,0,0,0,0.0,미상,미상,미상,미상,미상
육군본부공병부감 이렇게,1,0,0,0,0,0.0,미상,미상,미상,미상,미상
육군본부공작처장 형사사건에,1,0,0,0,0,0.0,미상,미상,미상,미상,미상
육군본부관리부장 박병권,1,0,0,0,0,0.0,미상,미상,미상,미상,미상
육군본부군수국장 가격은,1,0,0,0,0,0.0,미상,미상,미상,미상,미상
육군본부군수국장 그중에서,1,0,0,0,0,0.0,미상,미상,미상,미상,미상
육군본부군수국장 사실이,1,0,0,0,0,0.0,미상,미상,미상,미상,미상
육군본부군수국장 저도,1,0,0,0,0,0.0,미상,미상,미상,미상,미상
육군본부군수국장 지금,1,0,0,0,0,0.0,미상,미상,미상,미상,미상
육군본부법무감 감형해주고,1,0,0,0,0,0.0,미상,미상,미상,미상,미상
육군본부법무감 군수품입니다.,1,0,0,0,0,0.0,미상,미상,미상,미상,미상
육군본부법무감 그것은,1,0,0,0,0,0.0,미상,미상,미상,미상,미상
육군본부법무감 그렇습니다.,1,0,0,0,0,0.0,미상,미상,미상,미상,미상
육군본부법무감 김완룡,1,0,0,0,0,0.0,미상,미상,미상,미상,미상
육군본부법무감 몰수형이,1,0,0,0,0,0.0,미상,미상,미상,미상,미상
육군본부법무감 반영만,1,0,0,0,0,0.0,미상,미상,미상,미상,미상
육군본부법무감 보상법에,1,0,0,0,0,0.0,미상,미상,미상,미상,미상
육군본부법무감 서류상은,1,0,0,0,0,0.0,미상,미상,미상,미상,미상
육군본부법무감 소청사건이,1,0,0,0,0,0.0,미상,미상,미상,미상,미상
육군본부법무감 원태성,1,0,0,0,0,0.0,미상,미상,미상,미상,미상
육군본부법무감 육군본부에서,1,0,0,0,0,0.0,미상,미상,미상,미상,미상
육군본부법무감 이,1,0,0,0,0,0.0,미상,미상,미상,미상,미상
육군본부법무감 이것은,1,0,0,0,0,0.0,미상,미상,미상,미상,미상
육군본부법무감 재산범입니다.,1,0,0,0,0,0.0,미상,미상,미상,미상,미상
육군본부법무감 저희도,1,0,0,0,0,0.0,미상,미상,미상,미상,미상
육군본부법무감 전부합니다.,1,0,0,0,0,0.0,미상,미상,미상,미상,미상
육군본부법무감 집행,1,0,0,0,0,0.0,미상,미상,미상,미상,미상
육군본부법무감 필요하시면,1,0,0,0,0,0.0,미상,미상,미상,미상,미상
육군본부법무감 현재는,1,0,0,0,0,0.0,미상,미상,미상,미상,미상
육군본부법무관 김완용,1,0,0,0,0,0.0,미상,미상,미상,미상,미상
육군본부병기감 건물을,1,0,0,0,0,0.0,미상,미상,미상,미상,미상
육군본부병기감 내년부터는,1,0,0,0,0,0.0,미상,미상,미상,미상,미상
육군본부병기감 몇,1,0,0,0,0,0.0,미상,미상,미상,미상,미상
육군본부병기감 미국,1,0,0,0,0,0.0,미상,미상,미상,미상,미상
육군본부병기감 육군방침은,1,0,0,0,0,0.0,미상,미상,미상,미상,미상
육군본부병기감 향후,1,0,0,0,0,0.0,미상,미상,미상,미상,미상
육군본부병기감 현재,1,0,0,0,0,0.0,미상,미상,미상,미상,미상
육군본부병참감 14명이고,1,0,0,0,0,0.0,미상,미상,미상,미상,미상
육군본부병참감 과거에,1,0,0,0,0,0.0,미상,미상,미상,미상,미상
육군본부병참감 그것은,1,0,0,0,0,0.0,미상,미상,미상,미상,미상
육군본부병참감 그렇게,1,0,0,0,0,0.0,미상,미상,미상,미상,미상
육군본부병참감 만일,1,0,0,0,0,0.0,미상,미상,미상,미상,미상
육군본부병참감 상의가,1,0,0,0,0,0.0,미상,미상,미상,미상,미상
육군본부병참감 아직,1,0,0,0,0,0.0,미상,미상,미상,미상,미상
육군본부병참감 우선,1,0,0,0,0,0.0,미상,미상,미상,미상,미상
육군본부병참감 이,1,0,0,0,0,0.0,미상,미상,미상,미상,미상
육군본부병참감 작년도에,1,0,0,0,0,0.0,미상,미상,미상,미상,미상
육군본부병참감 지휘관이,1,0,0,0,0,0.0,미상,미상,미상,미상,미상
육군본부병참감 피복관계는,1,0,0,0,0,0.0,미상,미상,미상,미상,미상
육군본부병참감 피복수명에,1,0,0,0,0,0.0,미상,미상,미상,미상,미상
육군본부병참감 확실히,1,0,0,0,0,0.0,미상,미상,미상,미상,미상
육군본부보도실장 거기서,1,0,0,0,0,0.0,미상,미상,미상,미상,미상
육군본부보도실장 그래서,1,0,0,0,0,0.0,미상,미상,미상,미상,미상
육군본부보도실장 아직,1,0,0,0,0,0.0,미상,미상,미상,미상,미상
육군본부부관감 부정제대하는,1,0,0,0,0,0.0,미상,미상,미상,미상,미상
육군본부부관감 작년도에,1,0,0,0,0,0.0,미상,미상,미상,미상,미상
육군본부부관감 잘,1,0,0,0,0,0.0,미상,미상,미상,미상,미상
육군본부부관감 제대관계에,1,0,0,0,0,0.0,미상,미상,미상,미상,미상
육군본부부관감 해주고,1,0,0,0,0,0.0,미상,미상,미상,미상,미상
육군본부사령 박종화,1,0,0,0,0,0.0,미상,미상,미상,미상,미상
육군본부수송감 81억,1,0,0,0,0,0.0,미상,미상,미상,미상,미상
육군본부수송감 교통부에서,1,0,0,0,0,0.0,미상,미상,미상,미상,미상
육군본부수송감 그게,1,0,0,0,0,0.0,미상,미상,미상,미상,미상
육군본부수송감 그렇습니다.,1,0,0,0,0,0.0,미상,미상,미상,미상,미상
육군본부수송감 여기에,1,0,0,0,0,0.0,미상,미상,미상,미상,미상
육군본부수송감 자동차대대에서는,1,0,0,0,0,0.0,미상,미상,미상,미상,미상
육군본부수송감 현재에,1,0,0,0,0,0.0,미상,미상,미상,미상,미상
육군본부심리전감 3시간은,1,0,0,0,0,0.0,미상,미상,미상,미상,미상
육군본부심리전감 과거에는,1,0,0,0,0,0.0,미상,미상,미상,미상,미상
육군본부심리전감 그것은,1,0,0,0,0,0.0,미상,미상,미상,미상,미상
육군본부심리전감 물론,1,0,0,0,0,0.0,미상,미상,미상,미상,미상
육군본부심리전감 사전에,1,0,0,0,0,0.0,미상,미상,미상,미상,미상
육군본부심리전감 확대하고,1,0,0,0,0,0.0,미상,미상,미상,미상,미상
육군본부예비군감 개인,1,0,0,0,0,0.0,미상,미상,미상,미상,미상
육군본부예비군감 두,1,0,0,0,0,0.0,미상,미상,미상,미상,미상
육군본부예비군감 이런,1,0,0,0,0,0.0,미상,미상,미상,미상,미상
육군본부예비군감 절감하는,1,0,0,0,0,0.0,미상,미상,미상,미상,미상
육군본부의무감 결핵환자만,1,0,0,0,0,0.0,미상,미상,미상,미상,미상
육군본부의무감 그렇지,1,0,0,0,0,0.0,미상,미상,미상,미상,미상
육군본부의무감 일반군인과,1,0,0,0,0,0.0,미상,미상,미상,미상,미상
육군본부의무감 지금,1,0,0,0,0,0.0,미상,미상,미상,미상,미상
육군본부의무감 하루,1,0,0,0,0,0.0,미상,미상,미상,미상,미상
육군본부의무감 환자,1,0,0,0,0,0.0,미상,미상,미상,미상,미상
육군본부의무차감 계인교,1,0,0,0,0,0.0,미상,미상,미상,미상,미상
육군본부인사국장 91년도에는,1,0,0,0,0,0.0,미상,미상,미상,미상,미상
육군본부인사국장 계획인원에,1,0,0,0,0,0.0,미상,미상,미상,미상,미상
육군본부인사국장 군,1,0,0,0,0,0.0,미상,미상,미상,미상,미상
육군본부인사국장 그래서,1,0,0,0,0,0.0,미상,미상,미상,미상,미상
육군본부인사국장 명칭은,1,0,0,0,0,0.0,미상,미상,미상,미상,미상
육군본부인사국장 시행령에,1,0,0,0,0,0.0,미상,미상,미상,미상,미상
육군본부인사국장 신문은,1,0,0,0,0,0.0,미상,미상,미상,미상,미상
육군본부인사국장 알고는,1,0,0,0,0,0.0,미상,미상,미상,미상,미상
육군본부인사국장 우선,1,0,0,0,0,0.0,미상,미상,미상,미상,미상
육군본부인사국장 유,1,0,0,0,0,0.0,미상,미상,미상,미상,미상
육군본부인사국장 의가사제대는,1,0,0,0,0,0.0,미상,미상,미상,미상,미상
육군본부인사국장 이,1,0,0,0,0,0.0,미상,미상,미상,미상,미상
육군본부인사국장 이것은,1,0,0,0,0,0.0,미상,미상,미상,미상,미상
육군본부인사국장 작년에도,1,0,0,0,0,0.0,미상,미상,미상,미상,미상
육군본부인사국장 저희들이,1,0,0,0,0,0.0,미상,미상,미상,미상,미상
육군본부인사국장 제대증을,1,0,0,0,0,0.0,미상,미상,미상,미상,미상
육군본부인사국장 지금,1,0,0,0,0,0.0,미상,미상,미상,미상,미상
육군본부인사국장 차가,1,0,0,0,0,0.0,미상,미상,미상,미상,미상
육군본부작전교육국장 감사합니다.,1,0,0,0,0,0.0,미상,미상,미상,미상,미상
육군본부작전교육국장 거기에,1,0,0,0,0,0.0,미상,미상,미상,미상,미상
육군본부작전교육국장 그런데,1,0,0,0,0,0.0,미상,미상,미상,미상,미상
육군본부작전교육국장 다른,1,0,0,0,0,0.0,미상,미상,미상,미상,미상
육군본부작전교육국장 봉급이,1,0,0,0,0,0.0,미상,미상,미상,미상,미상
육군본부작전교육국장 여기는,1,0,0,0,0,0.0,미상,미상,미상,미상,미상
육군본부작전교육국장 여기에는,1,0,0,0,0,0.0,미상,미상,미상,미상,미상
육군본부작전교육국장 제가,1,0,0,0,0,0.0,미상,미상,미상,미상,미상
육군본부작전교육국장 주로,1,0,0,0,0,0.0,미상,미상,미상,미상,미상
육군본부정보참모부장 김계원,1,0,0,0,0,0.0,미상,미상,미상,미상,미상
육군본부정훈감 과거에는,1,0,0,0,0,0.0,미상,미상,미상,미상,미상
육군본부정훈감 그런,1,0,0,0,0,0.0,미상,미상,미상,미상,미상
육군본부정훈감 보내드리겠습니다.,1,0,0,0,0,0.0,미상,미상,미상,미상,미상
육군본부정훈감 사기앙양에,1,0,0,0,0,0.0,미상,미상,미상,미상,미상
육군본부정훈감 이것이,1,0,0,0,0,0.0,미상,미상,미상,미상,미상
육군본부정훈감 정훈장교는,1,0,0,0,0,0.0,미상,미상,미상,미상,미상
육군본부정훈감 편지,1,0,0,0,0,0.0,미상,미상,미상,미상,미상
육군본부정훈국계획과장 그것은,1,0,0,0,0,0.0,미상,미상,미상,미상,미상
육군본부정훈국계획과장 그런데,1,0,0,0,0,0.0,미상,미상,미상,미상,미상
"육군본부정훈국영화과장 예,",1,0,0,0,0,0.0,미상,미상,미상,미상,미상
육군본부정훈국영화과장 저희들이,1,0,0,0,0,0.0,미상,미상,미상,미상,미상
육군본부조달감 그것은,1,0,0,0,0,0.0,미상,미상,미상,미상,미상
육군본부조달감 메리야스관계는,1,0,0,0,0,0.0,미상,미상,미상,미상,미상
육군본부조달감 전체를,1,0,0,0,0,0.0,미상,미상,미상,미상,미상
육군본부조달감 조달문제에,1,0,0,0,0,0.0,미상,미상,미상,미상,미상
육군본부조달감 중요한,1,0,0,0,0,0.0,미상,미상,미상,미상,미상
육군본부조달감실관리과장 저희가,1,0,0,0,0,0.0,미상,미상,미상,미상,미상
육군본부조달감실물가조사과장 각,1,0,0,0,0,0.0,미상,미상,미상,미상,미상
육군본부조달차장 수의계약,1,0,0,0,0,0.0,미상,미상,미상,미상,미상
육군본부조달차장 업자가,1,0,0,0,0,0.0,미상,미상,미상,미상,미상
육군본부조달차장 연천의,1,0,0,0,0,0.0,미상,미상,미상,미상,미상
육군본부조달차장 예결에서,1,0,0,0,0,0.0,미상,미상,미상,미상,미상
육군본부조달차장 중앙조달이지마는,1,0,0,0,0,0.0,미상,미상,미상,미상,미상
육군본부참모장 태풍으로,1,0,0,0,0,0.0,미상,미상,미상,미상,미상
육군본부총무국경리과장 다,1,0,0,0,0,0.0,미상,미상,미상,미상,미상
육군본부총무국경리과장 본부에,1,0,0,0,0,0.0,미상,미상,미상,미상,미상
육군본부총무국법무과장 거기에서,1,0,0,0,0,0.0,미상,미상,미상,미상,미상
육군본부총무국법무과장 군법회의송치,1,0,0,0,0,0.0,미상,미상,미상,미상,미상
육군본부총무국법무과장 육군형무소에,1,0,0,0,0,0.0,미상,미상,미상,미상,미상
육군본부총무국법무과장 파면은,1,0,0,0,0,0.0,미상,미상,미상,미상,미상
"육군본부총무국섭외과장 예,",1,0,0,0,0,0.0,미상,미상,미상,미상,미상
육군본부총무국섭외과장 이번에,1,0,0,0,0,0.0,미상,미상,미상,미상,미상
육군본부총무국인사과장 그런,1,0,0,0,0,0.0,미상,미상,미상,미상,미상
육군본부총무국인사과장 예산면은,1,0,0,0,0,0.0,미상,미상,미상,미상,미상
육군본부총무국인사과장 일부는,1,0,0,0,0,0.0,미상,미상,미상,미상,미상
육군본부총무국인사과장 현재,1,0,0,0,0,0.0,미상,미상,미상,미상,미상
육군본부총무국장 각,1,0,0,0,0,0.0,미상,미상,미상,미상,미상
육군본부총무국장 균등히,1,0,0,0,0,0.0,미상,미상,미상,미상,미상
육군본부총무국장 그렇게,1,0,0,0,0,0.0,미상,미상,미상,미상,미상
육군본부총무국장 이번에,1,0,0,0,0,0.0,미상,미상,미상,미상,미상
육군본부총무국총무과장 정부조직법에,1,0,0,0,0,0.0,미상,미상,미상,미상,미상
육군본부항공부감 각,1,0,0,0,0,0.0,미상,미상,미상,미상,미상
육군본부항공부감 그렇습니다.,1,0,0,0,0,0.0,미상,미상,미상,미상,미상
육군본부항공부감 넘어온,1,0,0,0,0,0.0,미상,미상,미상,미상,미상
육군본부항공부감 비행기를,1,0,0,0,0,0.0,미상,미상,미상,미상,미상
육군본부항공부감 사상관계가,1,0,0,0,0,0.0,미상,미상,미상,미상,미상
육군본부항공부감 육군항공기에,1,0,0,0,0,0.0,미상,미상,미상,미상,미상
육군본부항공부감 첫째는,1,0,0,0,0,0.0,미상,미상,미상,미상,미상
육군본부행정참모부장 000,1,0,0,0,0,0.0,미상,미상,미상,미상,미상
육군본부행정참모부장 신응균,1,0,0,0,0,0.0,미상,미상,미상,미상,미상
육군본부헌병감 8월,1,0,0,0,0,0.0,미상,미상,미상,미상,미상
육군본부헌병감 검문소문제가,1,0,0,0,0,0.0,미상,미상,미상,미상,미상
육군본부헌병감 계,1,0,0,0,0,0.0,미상,미상,미상,미상,미상
육군본부헌병감 국방부에,1,0,0,0,0,0.0,미상,미상,미상,미상,미상
육군본부헌병감 군복무를,1,0,0,0,0,0.0,미상,미상,미상,미상,미상
육군본부헌병감 그런,1,0,0,0,0,0.0,미상,미상,미상,미상,미상
육군본부헌병감 급식문제에,1,0,0,0,0,0.0,미상,미상,미상,미상,미상
육군본부헌병감 민간형무소에는,1,0,0,0,0,0.0,미상,미상,미상,미상,미상
육군본부헌병감 법무감과,1,0,0,0,0,0.0,미상,미상,미상,미상,미상
육군본부헌병감 심장쇠약이,1,0,0,0,0,0.0,미상,미상,미상,미상,미상
육군본부헌병감 영천사건으로,1,0,0,0,0,0.0,미상,미상,미상,미상,미상
육군본부헌병감 예.,1,0,0,0,0,0.0,미상,미상,미상,미상,미상
육군본부헌병감 인사권은,1,0,0,0,0,0.0,미상,미상,미상,미상,미상
육군본부헌병감 저희,1,0,0,0,0,0.0,미상,미상,미상,미상,미상
육군본부헌병감 저희가,1,0,0,0,0,0.0,미상,미상,미상,미상,미상
육군본부헌병감 저희는,1,0,0,0,0,0.0,미상,미상,미상,미상,미상
육군본부헌병감 전속시킨,1,0,0,0,0,0.0,미상,미상,미상,미상,미상
육군본부헌병감 지금,1,0,0,0,0,0.0,미상,미상,미상,미상,미상
육군본부헌병감 최초에,1,0,0,0,0,0.0,미상,미상,미상,미상,미상
육군본부헌병감 필요하면,1,0,0,0,0,0.0,미상,미상,미상,미상,미상
육군본부헌병감 헌병감실은,1,0,0,0,0,0.0,미상,미상,미상,미상,미상
육군본부헌병감 헌병령에,1,0,0,0,0,0.0,미상,미상,미상,미상,미상
육군본부헌병감 헌병사령부와,1,0,0,0,0,0.0,미상,미상,미상,미상,미상
육군본부화학감 1700만,1,0,0,0,0,0.0,미상,미상,미상,미상,미상
육군본부화학감 타,1,0,0,0,0,0.0,미상,미상,미상,미상,미상
육군의무교육기지부사령관 그것보다도,1,0,0,0,0,0.0,미상,미상,미상,미상,미상
육군의무교육기지부사령관 민간사람들이,1,0,0,0,0,0.0,미상,미상,미상,미상,미상
육군의무교육기지부사령관 총병력이,1,0,0,0,0,0.0,미상,미상,미상,미상,미상
육군의무교육기지부사령관 현재,1,0,0,0,0,0.0,미상,미상,미상,미상,미상
육군제17범죄수사대 강소령,1,0,0,0,0,0.0,미상,미상,미상,미상,미상
육군제17범죄수사대장 같이,1,0,0,0,0,0.0,미상,미상,미상,미상,미상
육군제17범죄수사대장 관구,1,0,0,0,0,0.0,미상,미상,미상,미상,미상
육군제17범죄수사대장 그것은,1,0,0,0,0,0.0,미상,미상,미상,미상,미상
육군제17범죄수사대장 그렇지,1,0,0,0,0,0.0,미상,미상,미상,미상,미상
육군제17범죄수사대장 금년,1,0,0,0,0,0.0,미상,미상,미상,미상,미상
육군제17범죄수사대장 물적,1,0,0,0,0,0.0,미상,미상,미상,미상,미상
육군제17범죄수사대장 서로,1,0,0,0,0,0.0,미상,미상,미상,미상,미상
육군제17범죄수사대장 아까,1,0,0,0,0,0.0,미상,미상,미상,미상,미상
육군제17범죄수사대장 안,1,0,0,0,0,0.0,미상,미상,미상,미상,미상
육군제17범죄수사대장 압니다.,1,0,0,0,0,0.0,미상,미상,미상,미상,미상
육군제17범죄수사대장 야전군에,1,0,0,0,0,0.0,미상,미상,미상,미상,미상
육군제17범죄수사대장 예.,1,0,0,0,0,0.0,미상,미상,미상,미상,미상
육군제17범죄수사대장 왔을,1,0,0,0,0,0.0,미상,미상,미상,미상,미상
육군제17범죄수사대장 의무는,1,0,0,0,0,0.0,미상,미상,미상,미상,미상
육군제17범죄수사대장 있습니다.,1,0,0,0,0,0.0,미상,미상,미상,미상,미상
육군제17범죄수사대장 잘,1,0,0,0,0,0.0,미상,미상,미상,미상,미상
육군제17범죄수사대장 적발,1,0,0,0,0,0.0,미상,미상,미상,미상,미상
육군제17범죄수사대장 제가,1,0,0,0,0,0.0,미상,미상,미상,미상,미상
육군제17범죄수사대장 지금부터,1,0,0,0,0,0.0,미상,미상,미상,미상,미상
육군제17범죄수사대장 지금은,1,0,0,0,0,0.0,미상,미상,미상,미상,미상
육군제17범죄수사대장 한번,1,0,0,0,0,0.0,미상,미상,미상,미상,미상
육군조병창장 규모로,1,0,0,0,0,0.0,미상,미상,미상,미상,미상
육군조병창장 사람을,1,0,0,0,0,0.0,미상,미상,미상,미상,미상
육군조병창장 재료비,1,0,0,0,0,0.0,미상,미상,미상,미상,미상
육군첩보부대장 과거,1,0,0,0,0,0.0,미상,미상,미상,미상,미상
육군첩보부대장 역용관계는,1,0,0,0,0,0.0,미상,미상,미상,미상,미상
육군첩보부대장 장복성,1,0,0,0,0,0.0,미상,미상,미상,미상,미상
육군통신기지창 최남일,1,0,0,0,0,0.0,미상,미상,미상,미상,미상
육군특무부대경리실장 부채는,1,0,0,0,0,0.0,미상,미상,미상,미상,미상
육군특무부대경리실장 월별로,1,0,0,0,0,0.0,미상,미상,미상,미상,미상
육군특무부대경리실장 인력사항은,1,0,0,0,0,0.0,미상,미상,미상,미상,미상
육군특무부대경리실장 작년도,1,0,0,0,0,0.0,미상,미상,미상,미상,미상
육군특무부대내정처장 그다음에,1,0,0,0,0,0.0,미상,미상,미상,미상,미상
육군특무부대내정처장 저희들은,1,0,0,0,0,0.0,미상,미상,미상,미상,미상
육군특무부대내정처장 현재까지,1,0,0,0,0,0.0,미상,미상,미상,미상,미상
육군특무부대장보좌관 간첩,1,0,0,0,0,0.0,미상,미상,미상,미상,미상
육군특무부대장보좌관 거기에,1,0,0,0,0,0.0,미상,미상,미상,미상,미상
육군특무부대장보좌관 근래의,1,0,0,0,0,0.0,미상,미상,미상,미상,미상
육군특무부대장보좌관 기타사건이라는,1,0,0,0,0,0.0,미상,미상,미상,미상,미상
육군특무부대장보좌관 둘째,1,0,0,0,0,0.0,미상,미상,미상,미상,미상
육군특무부대장보좌관 육군에서,1,0,0,0,0,0.0,미상,미상,미상,미상,미상
육군특무부대장보좌관 제가,1,0,0,0,0,0.0,미상,미상,미상,미상,미상
육군특무부대장보좌관 첫째에서,1,0,0,0,0,0.0,미상,미상,미상,미상,미상
육군특무부대장보좌관 하나도,1,0,0,0,0,0.0,미상,미상,미상,미상,미상
육군특무부대특무처장 규정상에는,1,0,0,0,0,0.0,미상,미상,미상,미상,미상
육군특무부대특무처장 그것은,1,0,0,0,0,0.0,미상,미상,미상,미상,미상
육군특무부대특무처장 신원조사관계를,1,0,0,0,0,0.0,미상,미상,미상,미상,미상
육완국 의원(계속),1,0,0,0,0,0.0,무소속,충남 논산을,남,초선,지역구
육홍균 위원,1,0,0,0,0,0.0,대한독립촉성국민회,경북 선산,남,재선,지역구
윤만석 의원(계속),1,0,0,0,0,0.0,자유당,경북 문경,남,초선,지역구
윤병구 의원(계속),1,0,0,0,0,0.0,무소속,충남 예산,남,재선,지역구
윤병호,1,0,0,0,0,0.0,무소속,경남 남해,남,초선,지역구
윤성순△박충식 조경규,1,0,0,0,0,0.0,자유당,충남 공주군갑,남,3선,지역구
윤용구 위원(발언도중),1,0,0,0,0,0.0,자유당,경북 청송,남,재선,지역구
윤재욱 의원(계속),1,0,0,0,0,0.0,무소속,서울 영등포구갑,남,재선,지역구
윤제술 위원(계속),1,0,0,0,0,0.0,민주당,전북 김제군을,남,6선,지역구
윤치영,1,0,0,0,0,0.0,국민당,서울 중구갑,남,4선,지역구
윤택중 위원(계속),1,0,0,0,0,0.0,민주당,전북 익산을,남,3선,지역구
윤택중 의원(계속),1,0,0,0,0,0.0,민주국민당,전북 익산을,남,3선,지역구
융자선,1,0,0,0,0,0.0,미상,미상,미상,미상,미상
융자은행,1,0,0,0,0,0.0,미상,미상,미상,미상,미상
으니까,1,0,0,0,0,0.0,미상,미상,미상,미상,미상
의사과장 (낭독),1,0,0,0,0,0.0,미상,미상,미상,미상,미상
의사과장 (속기록,1,0,0,0,0,0.0,미상,미상,미상,미상,미상
의사과장 이진호,1,0,0,0,0,0.0,미상,미상,미상,미상,미상
의사과장 제42차,1,0,0,0,0,0.0,미상,미상,미상,미상,미상
의사국장 이진호,1,0,0,0,0,0.0,미상,미상,미상,미상,미상
의사국장 허남원,1,0,0,0,0,0.0,미상,미상,미상,미상,미상
의원 신익희,1,0,0,0,0,0.0,민주국민당,전남 광주,남,3선,지역구
의원 이기붕,1,0,0,0,0,0.0,자유당,서울 서대문구을,남,재선,지역구
의자 신익희,1,0,0,0,0,0.0,민주국민당,전남 광주,남,3선,지역구
의장 긴익희,1,0,0,0,0,0.0,미상,미상,미상,미상,미상
의장 김동원,1,0,0,0,0,0.0,한국민주당,서울 용산구,남,초선,지역구
의장 김익희,1,0,0,0,0,0.0,미상,미상,미상,미상,미상
의장 신익회,1,0,0,0,0,0.0,미상,미상,미상,미상,미상
의장 신익희(계속해서),1,0,0,0,0,0.0,민주국민당,전남 광주,남,3선,지역구
의장 신익히,1,0,0,0,0,0.0,미상,미상,미상,미상,미상
의장 싱익희,1,0,0,0,0,0.0,미상,미상,미상,미상,미상
의장 이승만원,1,0,0,0,0,0.0,대한독립촉성국민회,서울 동대문구갑,남,초선,지역구
의장 이재학,1,0,0,0,0,0.0,자유당,강원 홍천군,남,5선,지역구
의장 조경규,1,0,0,0,0,0.0,자유당,경남 함안군,남,3선,지역구
의장 조봉암,1,0,0,0,0,0.0,대한국민당,경기 인천병,남,재선,지역구
의장(이기붕),1,0,0,0,0,0.0,자유당,서울 서대문구을,남,재선,지역구
의장대리 조봉암(계속),1,0,0,0,0,0.0,대한국민당,경기 인천병,남,재선,지역구
의회◯,1,0,0,0,0,0.0,미상,미상,미상,미상,미상
이 간사,1,0,0,0,0,0.0,미상,미상,미상,미상,미상
이갑성 위원,1,0,0,0,0,0.0,무소속,경북 대구병,남,초선,지역구
이국현 의원,1,0,0,0,0,0.0,미상,미상,미상,미상,미상
이기붕 위원,1,0,0,0,0,0.0,자유당,경기 이천,남,재선,지역구
이남규 위원,1,0,0,0,0,0.0,대한독립촉성국민회,전남 목포,남,재선,지역구
이동진 위원,1,0,0,0,0,0.0,미상,미상,미상,미상,미상
이상용 김정기,1,0,0,0,0,0.0,자유당,경남 남해,남,초선,지역구
이석구 의원,1,0,0,0,0,0.0,대한독립촉성국민회,경북 경주을,남,초선,지역구
이석의원 첫째,1,0,0,0,0,0.0,대한독립촉성국민회,경북 경주을,남,초선,지역구
이석화 의원,1,0,0,0,0,0.0,대한독립촉성국민회,경북 경주을,남,초선,지역구
이성주 유기수(예),1,0,0,0,0,0.0,무소속,강원 정선,남,초선,지역구
이성호 1060만,1,0,0,0,0,0.0,미상,미상,미상,미상,미상
이성호 110만,1,0,0,0,0,0.0,미상,미상,미상,미상,미상
이성호 1200입니다.,1,0,0,0,0,0.0,미상,미상,미상,미상,미상
이성호 2월달에,1,0,0,0,0,0.0,미상,미상,미상,미상,미상
이성호 400만,1,0,0,0,0,0.0,미상,미상,미상,미상,미상
이성호 6월부터입니다.,1,0,0,0,0,0.0,미상,미상,미상,미상,미상
이성호 가족밖에,1,0,0,0,0,0.0,미상,미상,미상,미상,미상
이성호 검찰이란,1,0,0,0,0,0.0,미상,미상,미상,미상,미상
이성호 국가적,1,0,0,0,0,0.0,미상,미상,미상,미상,미상
이성호 국방부에는,1,0,0,0,0,0.0,미상,미상,미상,미상,미상
이성호 그게,1,0,0,0,0,0.0,미상,미상,미상,미상,미상
이성호 그때,1,0,0,0,0,0.0,미상,미상,미상,미상,미상
이성호 그때에는,1,0,0,0,0,0.0,미상,미상,미상,미상,미상
이성호 그렇지,1,0,0,0,0,0.0,미상,미상,미상,미상,미상
이성호 그전부터,1,0,0,0,0,0.0,미상,미상,미상,미상,미상
이성호 그전에,1,0,0,0,0,0.0,미상,미상,미상,미상,미상
이성호 금시초문입니다.,1,0,0,0,0,0.0,미상,미상,미상,미상,미상
이성호 금액은,1,0,0,0,0,0.0,미상,미상,미상,미상,미상
이성호 대개,1,0,0,0,0,0.0,미상,미상,미상,미상,미상
이성호 두,1,0,0,0,0,0.0,미상,미상,미상,미상,미상
이성호 들은,1,0,0,0,0,0.0,미상,미상,미상,미상,미상
이성호 모든,1,0,0,0,0,0.0,미상,미상,미상,미상,미상
이성호 못,1,0,0,0,0,0.0,미상,미상,미상,미상,미상
이성호 바꾸어,1,0,0,0,0,0.0,미상,미상,미상,미상,미상
이성호 보증수표입니다.,1,0,0,0,0,0.0,미상,미상,미상,미상,미상
이성호 비용은,1,0,0,0,0,0.0,미상,미상,미상,미상,미상
이성호 생산공장에서,1,0,0,0,0,0.0,미상,미상,미상,미상,미상
이성호 세세한,1,0,0,0,0,0.0,미상,미상,미상,미상,미상
이성호 수사과나,1,0,0,0,0,0.0,미상,미상,미상,미상,미상
이성호 수첩,1,0,0,0,0,0.0,미상,미상,미상,미상,미상
이성호 수표로,1,0,0,0,0,0.0,미상,미상,미상,미상,미상
이성호 알았습니다.,1,0,0,0,0,0.0,미상,미상,미상,미상,미상
이성호 우리,1,0,0,0,0,0.0,미상,미상,미상,미상,미상
이성호 일부,1,0,0,0,0,0.0,미상,미상,미상,미상,미상
이성호 입찰에,1,0,0,0,0,0.0,미상,미상,미상,미상,미상
이성호 있습니다.,1,0,0,0,0,0.0,미상,미상,미상,미상,미상
이성호 자세히,1,0,0,0,0,0.0,미상,미상,미상,미상,미상
이성호 잡혀,1,0,0,0,0,0.0,미상,미상,미상,미상,미상
이성호 재무장관,1,0,0,0,0,0.0,미상,미상,미상,미상,미상
이성호 저희,1,0,0,0,0,0.0,미상,미상,미상,미상,미상
이성호 저희는,1,0,0,0,0,0.0,미상,미상,미상,미상,미상
이성호 정부보유불로,1,0,0,0,0,0.0,미상,미상,미상,미상,미상
이성호 제가,1,0,0,0,0,0.0,미상,미상,미상,미상,미상
이성호 처음,1,0,0,0,0,0.0,미상,미상,미상,미상,미상
이성호 추천내용은,1,0,0,0,0,0.0,미상,미상,미상,미상,미상
이성호 틀림없습니다.,1,0,0,0,0,0.0,미상,미상,미상,미상,미상
이성호 한,1,0,0,0,0,0.0,미상,미상,미상,미상,미상
이성호 한화표시금액은,1,0,0,0,0,0.0,미상,미상,미상,미상,미상
이성호 회장에게가,1,0,0,0,0,0.0,미상,미상,미상,미상,미상
이영의 의원,1,0,0,0,0,0.0,미상,미상,미상,미상,미상
이영희,1,0,0,0,0,0.0,자유당,경남 의령,남,재선,지역구
이영희 신규식,1,0,0,0,0,0.0,자유당,전북 부안,남,재선,지역구
이우선 의원,1,0,0,0,0,0.0,미상,미상,미상,미상,미상
이우줄 의원(계속),1,0,0,0,0,0.0,미상,미상,미상,미상,미상
이윤영 위원,1,0,0,0,0,0.0,조선민주당,서울 종로구갑,남,초선,지역구
이은태 의원(계속),1,0,0,0,0,0.0,자유당,전남 여천,남,초선,지역구
이익흥 의원(계속),1,0,0,0,0,0.0,자유당,경기 연천,남,초선,지역구
이재학 의원(계속),1,0,0,0,0,0.0,자유당,강원 홍천군,남,5선,지역구
이재학의원(계속),1,0,0,0,0,0.0,자유당,강원 홍천군,남,5선,지역구
이정기 의원,1,0,0,0,0,0.0,조선민족청년단,전북 남원,남,초선,지역구
이존화 의원(계속),1,0,0,0,0,0.0,자유당,전북 완주군갑,남,재선,지역구
이존화 최규남,1,0,0,0,0,0.0,자유당,전북 완주갑,남,재선,지역구
이종남 위원(계속),1,0,0,0,0,0.0,민주당,"경남 부산시,진구갑",남,3선,지역구
이종선 의원,1,0,0,0,0,0.0,미상,미상,미상,미상,미상
이종욱 위원,1,0,0,0,0,0.0,대한독립촉성국민회,강원 평창,남,초선,지역구
이종준 의원(계속),1,0,0,0,0,0.0,자유당,경북 월성군을,남,초선,지역구
이진수 의원(의석에서),1,0,0,0,0,0.0,무소속,경기 양주을,남,재선,지역구
이청천 의원(계속),1,0,0,0,0,0.0,미상,미상,미상,미상,미상
이택관 의원,1,0,0,0,0,0.0,미상,미상,미상,미상,미상
이협우 의원,1,0,0,0,0,0.0,무소속,경북 경주군을,남,3선,지역구
이형모 위원(계속),1,0,0,0,0,0.0,자유당,전남 승주,남,재선,지역구
이호근 의원,1,0,0,0,0,0.0,대한청년단,경북 예천,남,초선,지역구
인천경비부사령관 10명가량,1,0,0,0,0,0.0,미상,미상,미상,미상,미상
인천경비부사령관 1년,1,0,0,0,0,0.0,미상,미상,미상,미상,미상
인천경비부사령관 곤란한,1,0,0,0,0,0.0,미상,미상,미상,미상,미상
인천경비부사령관 관재비,1,0,0,0,0,0.0,미상,미상,미상,미상,미상
인천경비부사령관 그것을,1,0,0,0,0,0.0,미상,미상,미상,미상,미상
인천경비부사령관 그런,1,0,0,0,0,0.0,미상,미상,미상,미상,미상
인천경비부사령관 사무용품,1,0,0,0,0,0.0,미상,미상,미상,미상,미상
인천경비부사령관 사무용품비만,1,0,0,0,0,0.0,미상,미상,미상,미상,미상
인천경비부사령관 없습니다.,1,0,0,0,0,0.0,미상,미상,미상,미상,미상
인천경비부사령관 여러,1,0,0,0,0,0.0,미상,미상,미상,미상,미상
인천경비부사령관 저희들이,1,0,0,0,0,0.0,미상,미상,미상,미상,미상
인천경비부사령관 진해보급창에서,1,0,0,0,0,0.0,미상,미상,미상,미상,미상
인천경비부사령관 징계관계는,1,0,0,0,0,0.0,미상,미상,미상,미상,미상
인천경비부사령관 징발형식으로,1,0,0,0,0,0.0,미상,미상,미상,미상,미상
인천경비부사령관 한,1,0,0,0,0,0.0,미상,미상,미상,미상,미상
인천경비부사령관 함정수리비가,1,0,0,0,0,0.0,미상,미상,미상,미상,미상
인천경비부사령관 후방지원이라면,1,0,0,0,0,0.0,미상,미상,미상,미상,미상
임시의장 최문흠,1,0,0,0,0,0.0,미상,미상,미상,미상,미상
임영신 의원(계속),1,0,0,0,0,0.0,대한국민당,충남 금산,여,재선,지역구
임철호 위원(계속),1,0,0,0,0,0.0,자유당,충남 부여을,남,초선,지역구
작용,1,0,0,0,0,0.0,미상,미상,미상,미상,미상
장건상 의원(계속),1,0,0,0,0,0.0,무소속,경남 부산을,남,초선,지역구
장기영 위원,1,0,0,0,0,0.0,무소속,강원 영월,남,초선,지역구
장도영 의원,1,0,0,0,0,0.0,미상,미상,미상,미상,미상
재무부관세국관세과장 구종서,1,0,0,0,0,0.0,미상,미상,미상,미상,미상
재무부관재국장 김신단,1,0,0,0,0,0.0,미상,미상,미상,미상,미상
재무부예산국제1과장 000,1,0,0,0,0,0.0,미상,미상,미상,미상,미상
재무부장관 김도연(계속),1,0,0,0,0,0.0,한국민주당,서울 서대문구,남,6선,지역구
재무부차관 윤인상(계속),1,0,0,0,0,0.0,미상,미상,미상,미상,미상
재무부차관 장경근,1,0,0,0,0,0.0,미상,미상,미상,미상,미상
재정경제위원장 최용근(계속),1,0,0,0,0,0.0,자유당,강원 강릉,남,재선,지역구
재정경제위원회 이재형,1,0,0,0,0,0.0,대한국민당,경기 시흥,남,7선,지역구
재정경제위원회 인태식,1,0,0,0,0,0.0,자유당,충남 당진군갑,남,3선,지역구
쟈부라키 의원,1,0,0,0,0,0.0,미상,미상,미상,미상,미상
전만중 위원,1,0,0,0,0,0.0,자유당,경북 울진,남,재선,지역구
전문위원 김영륜,1,0,0,0,0,0.0,미상,미상,미상,미상,미상
전문위원 김희찬,1,0,0,0,0,0.0,미상,미상,미상,미상,미상
전문위원 박영배,1,0,0,0,0,0.0,미상,미상,미상,미상,미상
전문위원 박영빈,1,0,0,0,0,0.0,미상,미상,미상,미상,미상
전문위원 이병용,1,0,0,0,0,0.0,미상,미상,미상,미상,미상
전문위원 이항령,1,0,0,0,0,0.0,미상,미상,미상,미상,미상
전사무총장 김용우,1,0,0,0,0,0.0,미상,미상,미상,미상,미상
접,1,0,0,0,0,0.0,미상,미상,미상,미상,미상
정갑식 의원,1,0,0,0,0,0.0,미상,미상,미상,미상,미상
정광호 의원(계속),1,0,0,0,0,0.0,한국민주당,전남 광주,남,초선,지역구
정규상 진석중,1,0,0,0,0,0.0,자유당,강원 영월,남,재선,지역구
정동기 100만,1,0,0,0,0,0.0,미상,미상,미상,미상,미상
정동기 KPA,1,0,0,0,0,0.0,미상,미상,미상,미상,미상
정동기 각,1,0,0,0,0,0.0,미상,미상,미상,미상,미상
정동기 검수가,1,0,0,0,0,0.0,미상,미상,미상,미상,미상
정동기 국방부에,1,0,0,0,0,0.0,미상,미상,미상,미상,미상
정동기 국방장관,1,0,0,0,0,0.0,미상,미상,미상,미상,미상
정동기 그것도,1,0,0,0,0,0.0,미상,미상,미상,미상,미상
정동기 그날,1,0,0,0,0,0.0,미상,미상,미상,미상,미상
정동기 그렇습니다.,1,0,0,0,0,0.0,미상,미상,미상,미상,미상
정동기 그렇죠.,1,0,0,0,0,0.0,미상,미상,미상,미상,미상
정동기 그렇지요.,1,0,0,0,0,0.0,미상,미상,미상,미상,미상
정동기 극동사령부에,1,0,0,0,0,0.0,미상,미상,미상,미상,미상
정동기 금시초문입니다.,1,0,0,0,0,0.0,미상,미상,미상,미상,미상
정동기 내,1,0,0,0,0,0.0,미상,미상,미상,미상,미상
정동기 내용은,1,0,0,0,0,0.0,미상,미상,미상,미상,미상
정동기 대체적인,1,0,0,0,0,0.0,미상,미상,미상,미상,미상
정동기 돈,1,0,0,0,0,0.0,미상,미상,미상,미상,미상
정동기 무슨,1,0,0,0,0,0.0,미상,미상,미상,미상,미상
정동기 미군대위,1,0,0,0,0,0.0,미상,미상,미상,미상,미상
정동기 반환받은,1,0,0,0,0,0.0,미상,미상,미상,미상,미상
정동기 사장들이,1,0,0,0,0,0.0,미상,미상,미상,미상,미상
정동기 사장이,1,0,0,0,0,0.0,미상,미상,미상,미상,미상
정동기 상공부에서,1,0,0,0,0,0.0,미상,미상,미상,미상,미상
정동기 수가,1,0,0,0,0,0.0,미상,미상,미상,미상,미상
정동기 안,1,0,0,0,0,0.0,미상,미상,미상,미상,미상
정동기 외원계원들입니다.,1,0,0,0,0,0.0,미상,미상,미상,미상,미상
정동기 요전에,1,0,0,0,0,0.0,미상,미상,미상,미상,미상
정동기 저는,1,0,0,0,0,0.0,미상,미상,미상,미상,미상
정동기 전무,1,0,0,0,0,0.0,미상,미상,미상,미상,미상
정동기 최경남,1,0,0,0,0,0.0,미상,미상,미상,미상,미상
정동기 협회를,1,0,0,0,0,0.0,미상,미상,미상,미상,미상
정동기 확실한,1,0,0,0,0,0.0,미상,미상,미상,미상,미상
정명섭,1,0,0,0,0,0.0,자유당,전남 나주군을,남,3선,지역구
정명섭 이동근,1,0,0,0,0,0.0,자유당,강원 양양,남,초선,지역구
정상희 위원,1,0,0,0,0,0.0,자유당,충북 중원군,남,재선,지역구
정재완 의원(계속),1,0,0,0,0,0.0,민주당,전남 여수,남,4선,지역구
정존수 김상도,1,0,0,0,0,0.0,자유당,경북 영천갑,남,재선,지역구
정항범씨 얼마,1,0,0,0,0,0.0,미상,미상,미상,미상,미상
정헌주 위원(발언,1,0,0,0,0,0.0,민주당,경남 사천군,남,5선,지역구
제10지구급양대장 결국은,1,0,0,0,0,0.0,미상,미상,미상,미상,미상
제10지구급양대장 규정은,1,0,0,0,0,0.0,미상,미상,미상,미상,미상
제10지구급양대장 그런,1,0,0,0,0,0.0,미상,미상,미상,미상,미상
제10지구급양대장 급양대에서는,1,0,0,0,0,0.0,미상,미상,미상,미상,미상
제10지구급양대장 대체하는,1,0,0,0,0,0.0,미상,미상,미상,미상,미상
제10지구급양대장 두부를,1,0,0,0,0,0.0,미상,미상,미상,미상,미상
제10지구급양대장 몰수하는,1,0,0,0,0,0.0,미상,미상,미상,미상,미상
제10지구급양대장 병실연구소가,1,0,0,0,0,0.0,미상,미상,미상,미상,미상
제10지구급양대장 부대에서,1,0,0,0,0,0.0,미상,미상,미상,미상,미상
제10지구급양대장 업자,1,0,0,0,0,0.0,미상,미상,미상,미상,미상
제10지구급양대장 예산면으로,1,0,0,0,0,0.0,미상,미상,미상,미상,미상
제10지구급양대장 우리는,1,0,0,0,0,0.0,미상,미상,미상,미상,미상
제10지구급양대장 이것은,1,0,0,0,0,0.0,미상,미상,미상,미상,미상
제10지구급양대장 지금,1,0,0,0,0,0.0,미상,미상,미상,미상,미상
제10지구급양대장 콩나물업자하고,1,0,0,0,0,0.0,미상,미상,미상,미상,미상
제10지구급양대장 품질관계는,1,0,0,0,0,0.0,미상,미상,미상,미상,미상
제10지구급양대장 현재,1,0,0,0,0,0.0,미상,미상,미상,미상,미상
제116육군병원장 최낙정,1,0,0,0,0,0.0,미상,미상,미상,미상,미상
제1201공병단군수과장 거기에,1,0,0,0,0,0.0,미상,미상,미상,미상,미상
제1201공병단군수과장 현재,1,0,0,0,0,0.0,미상,미상,미상,미상,미상
제1201공병단장 7월,1,0,0,0,0,0.0,미상,미상,미상,미상,미상
제1201공병단장 국회에서,1,0,0,0,0,0.0,미상,미상,미상,미상,미상
제1201공병단장 그,1,0,0,0,0,0.0,미상,미상,미상,미상,미상
제1201공병단장 그래서,1,0,0,0,0,0.0,미상,미상,미상,미상,미상
제1201공병단장 금년에,1,0,0,0,0,0.0,미상,미상,미상,미상,미상
제1201공병단장 단장이,1,0,0,0,0,0.0,미상,미상,미상,미상,미상
제1201공병단장 딴,1,0,0,0,0,0.0,미상,미상,미상,미상,미상
제1201공병단장 미,1,0,0,0,0,0.0,미상,미상,미상,미상,미상
제1201공병단장 아닙니다.,1,0,0,0,0,0.0,미상,미상,미상,미상,미상
제1201공병단장 약,1,0,0,0,0,0.0,미상,미상,미상,미상,미상
제1201공병단장 오한영,1,0,0,0,0,0.0,미상,미상,미상,미상,미상
제1201공병단장 요,1,0,0,0,0,0.0,미상,미상,미상,미상,미상
제1201공병단장 인계된,1,0,0,0,0,0.0,미상,미상,미상,미상,미상
제1201공병단장 재정관도,1,0,0,0,0,0.0,미상,미상,미상,미상,미상
제1201공병단장 지적사항이,1,0,0,0,0,0.0,미상,미상,미상,미상,미상
제1201공병단장 하나도,1,0,0,0,0,0.0,미상,미상,미상,미상,미상
제1201공병단장 하와이교회는,1,0,0,0,0,0.0,미상,미상,미상,미상,미상
제1202건설공병단장 5300여만,1,0,0,0,0,0.0,미상,미상,미상,미상,미상
제1202건설공병단장 예.,1,0,0,0,0,0.0,미상,미상,미상,미상,미상
제1203건설공병단장 가끔,1,0,0,0,0,0.0,미상,미상,미상,미상,미상
제1203건설공병단장 감명(監命)에,1,0,0,0,0,0.0,미상,미상,미상,미상,미상
제1203건설공병단장 그렇습니다.,1,0,0,0,0,0.0,미상,미상,미상,미상,미상
제1203건설공병단장 미,1,0,0,0,0,0.0,미상,미상,미상,미상,미상
제1203건설공병단장 보관은,1,0,0,0,0,0.0,미상,미상,미상,미상,미상
제1203건설공병단장 상신을,1,0,0,0,0,0.0,미상,미상,미상,미상,미상
제1203건설공병단장 없습니다.,1,0,0,0,0,0.0,미상,미상,미상,미상,미상
제1203건설공병단장 여기에,1,0,0,0,0,0.0,미상,미상,미상,미상,미상
제1203건설공병단장 자금이,1,0,0,0,0,0.0,미상,미상,미상,미상,미상
제1205건설공병단장 4개,1,0,0,0,0,0.0,미상,미상,미상,미상,미상
제1205건설공병단장 다,1,0,0,0,0,0.0,미상,미상,미상,미상,미상
제1205건설공병단장 대개,1,0,0,0,0,0.0,미상,미상,미상,미상,미상
"제1205건설공병단장 목공,",1,0,0,0,0,0.0,미상,미상,미상,미상,미상
제1205건설공병단장 별로,1,0,0,0,0,0.0,미상,미상,미상,미상,미상
제1205건설공병단장 삭감되지,1,0,0,0,0,0.0,미상,미상,미상,미상,미상
제1205건설공병단장 역시,1,0,0,0,0,0.0,미상,미상,미상,미상,미상
제1205건설공병단장 특수기술자는,1,0,0,0,0,0.0,미상,미상,미상,미상,미상
제12사단의무부장 환자는,1,0,0,0,0,0.0,미상,미상,미상,미상,미상
제12사단인사참모 계획은,1,0,0,0,0,0.0,미상,미상,미상,미상,미상
제1군사령부공병부장 민간공업에,1,0,0,0,0,0.0,미상,미상,미상,미상,미상
제1군사령부관리부장 4통,1,0,0,0,0,0.0,미상,미상,미상,미상,미상
제1군사령부관리부장 그것도,1,0,0,0,0,0.0,미상,미상,미상,미상,미상
제1군사령부관리부장 상당한,1,0,0,0,0,0.0,미상,미상,미상,미상,미상
제1군사령부관리부장 제가,1,0,0,0,0,0.0,미상,미상,미상,미상,미상
제1군사령부군수참모 감독은,1,0,0,0,0,0.0,미상,미상,미상,미상,미상
제1군사령부군수참모 없습니다.,1,0,0,0,0,0.0,미상,미상,미상,미상,미상
제1군사령부군수참모 저희들의,1,0,0,0,0,0.0,미상,미상,미상,미상,미상
제1군사령부군수참모 현재,1,0,0,0,0,0.0,미상,미상,미상,미상,미상
제1군사령부보도실장 이욱근,1,0,0,0,0,0.0,미상,미상,미상,미상,미상
제1군사령부부사령관 민기식,1,0,0,0,0,0.0,미상,미상,미상,미상,미상
제1군사령부인사참모 그,1,0,0,0,0,0.0,미상,미상,미상,미상,미상
제1군사령부인사참모 박창원,1,0,0,0,0,0.0,미상,미상,미상,미상,미상
제1군사령부인사참모 최세민,1,0,0,0,0,0.0,미상,미상,미상,미상,미상
제1군사령부작전처장 그것은,1,0,0,0,0,0.0,미상,미상,미상,미상,미상
제1군사령부작전처장 원자탄을,1,0,0,0,0,0.0,미상,미상,미상,미상,미상
제1군사령부작전처장 이것이,1,0,0,0,0,0.0,미상,미상,미상,미상,미상
제1군사령부작전처장 전방에,1,0,0,0,0,0.0,미상,미상,미상,미상,미상
제1군사령부작전처장 정보참모께서,1,0,0,0,0,0.0,미상,미상,미상,미상,미상
제1군사령부작전처장 한국공군이,1,0,0,0,0,0.0,미상,미상,미상,미상,미상
제1군사령부정보참모 정민택,1,0,0,0,0,0.0,미상,미상,미상,미상,미상
"제1병참단장 2,",1,0,0,0,0,0.0,미상,미상,미상,미상,미상
제1병참단장 각처에,1,0,0,0,0,0.0,미상,미상,미상,미상,미상
제1병참단장 거기에,1,0,0,0,0,0.0,미상,미상,미상,미상,미상
제1병참단장 군법회의에,1,0,0,0,0,0.0,미상,미상,미상,미상,미상
제1병참단장 그,1,0,0,0,0,0.0,미상,미상,미상,미상,미상
제1병참단장 여기는,1,0,0,0,0,0.0,미상,미상,미상,미상,미상
제1병참단장 예.,1,0,0,0,0,0.0,미상,미상,미상,미상,미상
제1보충대대장 3일간,1,0,0,0,0,0.0,미상,미상,미상,미상,미상
제1보충대대장 가는,1,0,0,0,0,0.0,미상,미상,미상,미상,미상
제1보충대대장 각,1,0,0,0,0,0.0,미상,미상,미상,미상,미상
제1보충대대장 그렇게,1,0,0,0,0,0.0,미상,미상,미상,미상,미상
제1보충대대장 그렇습니다.,1,0,0,0,0,0.0,미상,미상,미상,미상,미상
제1보충대대장 당,1,0,0,0,0,0.0,미상,미상,미상,미상,미상
제1보충대대장 호송여비만,1,0,0,0,0,0.0,미상,미상,미상,미상,미상
제1사단장 아까,1,0,0,0,0,0.0,미상,미상,미상,미상,미상
제1사단장 의견,1,0,0,0,0,0.0,미상,미상,미상,미상,미상
제1육군병원장 11만,1,0,0,0,0,0.0,미상,미상,미상,미상,미상
제1육군병원장 20퍼센트가량,1,0,0,0,0,0.0,미상,미상,미상,미상,미상
제1조달근무대구매과장 조봉래,1,0,0,0,0,0.0,미상,미상,미상,미상,미상
제1조달근무대행정과장 임승교,1,0,0,0,0,0.0,미상,미상,미상,미상,미상
제29사단장 계통이,1,0,0,0,0,0.0,미상,미상,미상,미상,미상
제29사단장 그것을,1,0,0,0,0,0.0,미상,미상,미상,미상,미상
제29사단장 불편을,1,0,0,0,0,0.0,미상,미상,미상,미상,미상
제29사단장 예.,1,0,0,0,0,0.0,미상,미상,미상,미상,미상
제29사단장 주진지,1,0,0,0,0,0.0,미상,미상,미상,미상,미상
제2관구사령관 CID의,1,0,0,0,0,0.0,미상,미상,미상,미상,미상
제2관구사령관 그것은,1,0,0,0,0,0.0,미상,미상,미상,미상,미상
제2관구사령관 그래도,1,0,0,0,0,0.0,미상,미상,미상,미상,미상
제2관구사령관 쌀은,1,0,0,0,0,0.0,미상,미상,미상,미상,미상
제2관구사령관 안,1,0,0,0,0,0.0,미상,미상,미상,미상,미상
제2관구사령관 여비문제에,1,0,0,0,0,0.0,미상,미상,미상,미상,미상
제2관구사령관 이관해,1,0,0,0,0,0.0,미상,미상,미상,미상,미상
제2관구사령관 출장비는,1,0,0,0,0,0.0,미상,미상,미상,미상,미상
제2관구사령부경리부장 그것은,1,0,0,0,0,0.0,미상,미상,미상,미상,미상
제2관구사령부경리부장 그렇게,1,0,0,0,0,0.0,미상,미상,미상,미상,미상
제2관구사령부경리부장 두,1,0,0,0,0,0.0,미상,미상,미상,미상,미상
제2관구사령부경리부장 마음대로,1,0,0,0,0,0.0,미상,미상,미상,미상,미상
제2관구사령부경리부장 어떤,1,0,0,0,0,0.0,미상,미상,미상,미상,미상
제2관구사령부경리부장 여비계정에,1,0,0,0,0,0.0,미상,미상,미상,미상,미상
제2관구사령부경리부장 여비규정에,1,0,0,0,0,0.0,미상,미상,미상,미상,미상
제2관구사령부경리부장 자유재량이라고,1,0,0,0,0,0.0,미상,미상,미상,미상,미상
제2관구사령부경리부장 한,1,0,0,0,0,0.0,미상,미상,미상,미상,미상
제2관구사령부작전참모 나옵니다.,1,0,0,0,0,0.0,미상,미상,미상,미상,미상
제2관구사령부헌병부장 CID의,1,0,0,0,0,0.0,미상,미상,미상,미상,미상
제2관구사령부헌병부장 그것이,1,0,0,0,0,0.0,미상,미상,미상,미상,미상
제2관구사령부헌병부장 단일화는,1,0,0,0,0,0.0,미상,미상,미상,미상,미상
제2관구사령부헌병부장 대략,1,0,0,0,0,0.0,미상,미상,미상,미상,미상
제2관구사령부헌병부장 물론,1,0,0,0,0,0.0,미상,미상,미상,미상,미상
제2관구사령부헌병부장 발생이,1,0,0,0,0,0.0,미상,미상,미상,미상,미상
제2관구사령부헌병부장 시간의,1,0,0,0,0,0.0,미상,미상,미상,미상,미상
제2관구사령부헌병부장 원칙적으로,1,0,0,0,0,0.0,미상,미상,미상,미상,미상
제2관구사령부헌병부장 있지요.,1,0,0,0,0,0.0,미상,미상,미상,미상,미상
제2관구헌병부장 가령,1,0,0,0,0,0.0,미상,미상,미상,미상,미상
제2군단군수처장 제가,1,0,0,0,0,0.0,미상,미상,미상,미상,미상
제2군단장 장창국,1,0,0,0,0,0.0,미상,미상,미상,미상,미상
제2군사령부감찰부장 1개월에,1,0,0,0,0,0.0,미상,미상,미상,미상,미상
제2군사령부감찰부장 82만,1,0,0,0,0,0.0,미상,미상,미상,미상,미상
제2군사령부감찰부장 각,1,0,0,0,0,0.0,미상,미상,미상,미상,미상
제2군사령부감찰부장 감찰부에는,1,0,0,0,0,0.0,미상,미상,미상,미상,미상
제2군사령부감찰부장 계통을,1,0,0,0,0,0.0,미상,미상,미상,미상,미상
제2군사령부감찰부장 그런,1,0,0,0,0,0.0,미상,미상,미상,미상,미상
제2군사령부감찰부장 사건의,1,0,0,0,0,0.0,미상,미상,미상,미상,미상
제2군사령부감찰부장 소요액입니다.,1,0,0,0,0,0.0,미상,미상,미상,미상,미상
제2군사령부감찰부장 아닙니다.,1,0,0,0,0,0.0,미상,미상,미상,미상,미상
제2군사령부감찰부장 여기에는,1,0,0,0,0,0.0,미상,미상,미상,미상,미상
제2군사령부감찰부장 여비규정에,1,0,0,0,0,0.0,미상,미상,미상,미상,미상
제2군사령부감찰부장 여비규정은,1,0,0,0,0,0.0,미상,미상,미상,미상,미상
제2군사령부감찰부장 예.,1,0,0,0,0,0.0,미상,미상,미상,미상,미상
제2군사령부감찰부장 예산에,1,0,0,0,0,0.0,미상,미상,미상,미상,미상
제2군사령부감찰부장 월평균,1,0,0,0,0,0.0,미상,미상,미상,미상,미상
제2군사령부감찰부장 이것은,1,0,0,0,0,0.0,미상,미상,미상,미상,미상
제2군사령부감찰부장 일반검열이라는,1,0,0,0,0,0.0,미상,미상,미상,미상,미상
제2군사령부감찰부장 잘,1,0,0,0,0,0.0,미상,미상,미상,미상,미상
제2군사령부감찰부장 정기적으로,1,0,0,0,0,0.0,미상,미상,미상,미상,미상
제2군사령부감찰부장 정상적으로,1,0,0,0,0,0.0,미상,미상,미상,미상,미상
제2군사령부감찰부장 제가,1,0,0,0,0,0.0,미상,미상,미상,미상,미상
제2군사령부감찰부장 한,1,0,0,0,0,0.0,미상,미상,미상,미상,미상
제2군사령부공병부장 서윤택,1,0,0,0,0,0.0,미상,미상,미상,미상,미상
제2군사령부군수처장 이규학,1,0,0,0,0,0.0,미상,미상,미상,미상,미상
제2군사령부법무부장 16명입니다.,1,0,0,0,0,0.0,미상,미상,미상,미상,미상
제2군사령부법무부장 200만,1,0,0,0,0,0.0,미상,미상,미상,미상,미상
제2군사령부법무부장 40만,1,0,0,0,0,0.0,미상,미상,미상,미상,미상
제2군사령부법무부장 6관구에서,1,0,0,0,0,0.0,미상,미상,미상,미상,미상
제2군사령부법무부장 각,1,0,0,0,0,0.0,미상,미상,미상,미상,미상
제2군사령부법무부장 결국,1,0,0,0,0,0.0,미상,미상,미상,미상,미상
제2군사령부법무부장 그,1,0,0,0,0,0.0,미상,미상,미상,미상,미상
제2군사령부법무부장 그래서,1,0,0,0,0,0.0,미상,미상,미상,미상,미상
제2군사령부법무부장 그러니까,1,0,0,0,0,0.0,미상,미상,미상,미상,미상
제2군사령부법무부장 그런데,1,0,0,0,0,0.0,미상,미상,미상,미상,미상
제2군사령부법무부장 그럴,1,0,0,0,0,0.0,미상,미상,미상,미상,미상
제2군사령부법무부장 논문으로,1,0,0,0,0,0.0,미상,미상,미상,미상,미상
제2군사령부법무부장 들은,1,0,0,0,0,0.0,미상,미상,미상,미상,미상
제2군사령부법무부장 만족하게는,1,0,0,0,0,0.0,미상,미상,미상,미상,미상
제2군사령부법무부장 수가,1,0,0,0,0,0.0,미상,미상,미상,미상,미상
제2군사령부법무부장 안,1,0,0,0,0,0.0,미상,미상,미상,미상,미상
제2군사령부법무부장 여기에,1,0,0,0,0,0.0,미상,미상,미상,미상,미상
제2군사령부법무부장 이것을,1,0,0,0,0,0.0,미상,미상,미상,미상,미상
제2군사령부법무부장 이상적인,1,0,0,0,0,0.0,미상,미상,미상,미상,미상
제2군사령부법무부장 장기미결수는,1,0,0,0,0,0.0,미상,미상,미상,미상,미상
제2군사령부법무부장 저희들은,1,0,0,0,0,0.0,미상,미상,미상,미상,미상
제2군사령부법무부장 정확한,1,0,0,0,0,0.0,미상,미상,미상,미상,미상
제2군사령부법무부장 제,1,0,0,0,0,0.0,미상,미상,미상,미상,미상
제2군사령부법무부장 지금까지,1,0,0,0,0,0.0,미상,미상,미상,미상,미상
제2군사령부병기참모 조병은,1,0,0,0,0,0.0,미상,미상,미상,미상,미상
제2군사령부본부사령관 이동식,1,0,0,0,0,0.0,미상,미상,미상,미상,미상
제2군사령부의무부장 개업의로서,1,0,0,0,0,0.0,미상,미상,미상,미상,미상
제2군사령부의무부장 과거,1,0,0,0,0,0.0,미상,미상,미상,미상,미상
제2군사령부의무부장 이것은,1,0,0,0,0,0.0,미상,미상,미상,미상,미상
제2군사령부의무부장 이것이,1,0,0,0,0,0.0,미상,미상,미상,미상,미상
제2군사령부의무부장 집에,1,0,0,0,0,0.0,미상,미상,미상,미상,미상
제2군사령부의무부장 채혈비가,1,0,0,0,0,0.0,미상,미상,미상,미상,미상
제2군사령부의무부장 훈련소에서,1,0,0,0,0,0.0,미상,미상,미상,미상,미상
제2군사령부인사참모처장 3년,1,0,0,0,0,0.0,미상,미상,미상,미상,미상
제2군사령부인사참모처장 8월,1,0,0,0,0,0.0,미상,미상,미상,미상,미상
제2군사령부인사참모처장 견해의,1,0,0,0,0,0.0,미상,미상,미상,미상,미상
제2군사령부인사참모처장 그런,1,0,0,0,0,0.0,미상,미상,미상,미상,미상
제2군사령부인사참모처장 그렇습니다.,1,0,0,0,0,0.0,미상,미상,미상,미상,미상
제2군사령부인사참모처장 만약에,1,0,0,0,0,0.0,미상,미상,미상,미상,미상
제2군사령부인사참모처장 모자라기,1,0,0,0,0,0.0,미상,미상,미상,미상,미상
제2군사령부인사참모처장 예.,1,0,0,0,0,0.0,미상,미상,미상,미상,미상
제2군사령부인사참모처장 임명하는,1,0,0,0,0,0.0,미상,미상,미상,미상,미상
제2군사령부인사참모처장 작년과,1,0,0,0,0,0.0,미상,미상,미상,미상,미상
제2군사령부인사참모처장 작년까지는,1,0,0,0,0,0.0,미상,미상,미상,미상,미상
제2군사령부인사참모처장 장기복무자는,1,0,0,0,0,0.0,미상,미상,미상,미상,미상
제2군사령부인사참모처장 좋습니다.,1,0,0,0,0,0.0,미상,미상,미상,미상,미상
제2군사령부인사참모처장 증서를,1,0,0,0,0,0.0,미상,미상,미상,미상,미상
제2군사령부인사참모처장 지금,1,0,0,0,0,0.0,미상,미상,미상,미상,미상
제2군사령부인사참모처장 질문취지를,1,0,0,0,0,0.0,미상,미상,미상,미상,미상
제2군사령부인사참모처장 특별한,1,0,0,0,0,0.0,미상,미상,미상,미상,미상
제2군사령부인사참모처장 하사는,1,0,0,0,0,0.0,미상,미상,미상,미상,미상
제2군사령부인사참모처장 현재의,1,0,0,0,0,0.0,미상,미상,미상,미상,미상
제2군사령부인사참모처장 희망에,1,0,0,0,0,0.0,미상,미상,미상,미상,미상
제2군사령부정보참모처장 2군에서,1,0,0,0,0,0.0,미상,미상,미상,미상,미상
제2군사령부정보참모처장 45명입니다.,1,0,0,0,0,0.0,미상,미상,미상,미상,미상
제2군사령부정보참모처장 G-2에서,1,0,0,0,0,0.0,미상,미상,미상,미상,미상
제2군사령부정보참모처장 개인신분에,1,0,0,0,0,0.0,미상,미상,미상,미상,미상
제2군사령부정보참모처장 경찰에서,1,0,0,0,0,0.0,미상,미상,미상,미상,미상
제2군사령부정보참모처장 군사령부에서는,1,0,0,0,0,0.0,미상,미상,미상,미상,미상
제2군사령부정보참모처장 그것은,1,0,0,0,0,0.0,미상,미상,미상,미상,미상
제2군사령부정보참모처장 그것이,1,0,0,0,0,0.0,미상,미상,미상,미상,미상
제2군사령부정보참모처장 예.,1,0,0,0,0,0.0,미상,미상,미상,미상,미상
제2군사령부정보참모처장 이것은,1,0,0,0,0,0.0,미상,미상,미상,미상,미상
제2군사령부정보참모처장 저희들이,1,0,0,0,0,0.0,미상,미상,미상,미상,미상
제2군사령부정보참모처장 정보국에,1,0,0,0,0,0.0,미상,미상,미상,미상,미상
제2군사령부참모장 369건입니다.,1,0,0,0,0,0.0,미상,미상,미상,미상,미상
제2군사령부참모장 3월달에,1,0,0,0,0,0.0,미상,미상,미상,미상,미상
제2군사령부참모장 가족에,1,0,0,0,0,0.0,미상,미상,미상,미상,미상
제2군사령부참모장 없습니다.,1,0,0,0,0,0.0,미상,미상,미상,미상,미상
제2군사령부참모장 여비는,1,0,0,0,0,0.0,미상,미상,미상,미상,미상
제2군사령부참모장 예.,1,0,0,0,0,0.0,미상,미상,미상,미상,미상
제2군사령부참모장 임충식,1,0,0,0,0,0.0,미상,미상,미상,미상,미상
제2군사령부참모장 제가,1,0,0,0,0,0.0,미상,미상,미상,미상,미상
제2군사령부참모장 지금,1,0,0,0,0,0.0,미상,미상,미상,미상,미상
제2군사령부특무대장 7명입니다.,1,0,0,0,0,0.0,미상,미상,미상,미상,미상
제2군사령부특무대장 기술문관입니다.,1,0,0,0,0,0.0,미상,미상,미상,미상,미상
제2군사령부특무대장 반공포로나,1,0,0,0,0,0.0,미상,미상,미상,미상,미상
제2군사령부특무대장 보실,1,0,0,0,0,0.0,미상,미상,미상,미상,미상
제2군사령부특무대장 서로,1,0,0,0,0,0.0,미상,미상,미상,미상,미상
제2군사령부특무대장 수사,1,0,0,0,0,0.0,미상,미상,미상,미상,미상
제2군사령부특무대장 안,1,0,0,0,0,0.0,미상,미상,미상,미상,미상
제2군사령부특무대장 업무상의,1,0,0,0,0,0.0,미상,미상,미상,미상,미상
제2군사령부특무대장 예.,1,0,0,0,0,0.0,미상,미상,미상,미상,미상
제2군사령부특무대장 저희,1,0,0,0,0,0.0,미상,미상,미상,미상,미상
제2군사령부헌병부장 40명입니다.,1,0,0,0,0,0.0,미상,미상,미상,미상,미상
제2군사령부헌병부장 9개월,1,0,0,0,0,0.0,미상,미상,미상,미상,미상
제2군사령부헌병부장 갈었습니다.,1,0,0,0,0,0.0,미상,미상,미상,미상,미상
제2군사령부헌병부장 그런,1,0,0,0,0,0.0,미상,미상,미상,미상,미상
제2군사령부헌병부장 대개,1,0,0,0,0,0.0,미상,미상,미상,미상,미상
제2군사령부헌병부장 도망병은,1,0,0,0,0,0.0,미상,미상,미상,미상,미상
제2군사령부헌병부장 물으신,1,0,0,0,0,0.0,미상,미상,미상,미상,미상
제2군사령부헌병부장 수사비가,1,0,0,0,0,0.0,미상,미상,미상,미상,미상
제2군사령부헌병부장 아직,1,0,0,0,0,0.0,미상,미상,미상,미상,미상
제2군사령부헌병부장 월평균,1,0,0,0,0,0.0,미상,미상,미상,미상,미상
제2군사령부헌병부장 자수기간을,1,0,0,0,0,0.0,미상,미상,미상,미상,미상
제2군사령부헌병부장 잘못한,1,0,0,0,0,0.0,미상,미상,미상,미상,미상
제2군사령부헌병부장 장교도,1,0,0,0,0,0.0,미상,미상,미상,미상,미상
제2군사령부헌병부장 장기복역자라면,1,0,0,0,0,0.0,미상,미상,미상,미상,미상
제2군사령부헌병부장 저희,1,0,0,0,0,0.0,미상,미상,미상,미상,미상
제2군사령부헌병부장 저희들은,1,0,0,0,0,0.0,미상,미상,미상,미상,미상
제2군사령부헌병부장 제일,1,0,0,0,0,0.0,미상,미상,미상,미상,미상
제2군사령부헌병부장 종전에는,1,0,0,0,0,0.0,미상,미상,미상,미상,미상
제2군사령부헌병부장 중요한,1,0,0,0,0,0.0,미상,미상,미상,미상,미상
제2군사령부휼병참모부장 군에서는,1,0,0,0,0,0.0,미상,미상,미상,미상,미상
제2군사령부휼병참모부장 그렇기,1,0,0,0,0,0.0,미상,미상,미상,미상,미상
제2군사령부휼병참모부장 년에,1,0,0,0,0,0.0,미상,미상,미상,미상,미상
제2군사령부휼병참모부장 소요액입니다.,1,0,0,0,0,0.0,미상,미상,미상,미상,미상
제2군사령부휼병참모부장 예산이,1,0,0,0,0,0.0,미상,미상,미상,미상,미상
제2군사령부휼병참모부장 위안소를,1,0,0,0,0,0.0,미상,미상,미상,미상,미상
제2군사령부휼병참모부장 하나도,1,0,0,0,0,0.0,미상,미상,미상,미상,미상
제2전투사령관 이맹기,1,0,0,0,0,0.0,미상,미상,미상,미상,미상
제303수송관리단부단장 그거,1,0,0,0,0,0.0,미상,미상,미상,미상,미상
제303수송관리단부단장 그런,1,0,0,0,0,0.0,미상,미상,미상,미상,미상
제303수송관리단부단장 사고는,1,0,0,0,0,0.0,미상,미상,미상,미상,미상
제303수송관리단부단장 없습니다.,1,0,0,0,0,0.0,미상,미상,미상,미상,미상
제32조,1,0,0,0,0,0.0,미상,미상,미상,미상,미상
제3관구사령부병참부장 사용계약을,1,0,0,0,0,0.0,미상,미상,미상,미상,미상
제3관구사령부병참참모 감찰에서,1,0,0,0,0,0.0,미상,미상,미상,미상,미상
제3관구사령부정보참모 그것은,1,0,0,0,0,0.0,미상,미상,미상,미상,미상
제3군단군수참모 그렇게,1,0,0,0,0,0.0,미상,미상,미상,미상,미상
제3군단군수참모 평균해서,1,0,0,0,0,0.0,미상,미상,미상,미상,미상
제3군단참모장 귀농선이,1,0,0,0,0,0.0,미상,미상,미상,미상,미상
제3지구경리대장 1건,1,0,0,0,0,0.0,미상,미상,미상,미상,미상
제3지구경리대장 2300만,1,0,0,0,0,0.0,미상,미상,미상,미상,미상
"제3지구경리대장 540세대,",1,0,0,0,0,0.0,미상,미상,미상,미상,미상
제3지구경리대장 계약관계는,1,0,0,0,0,0.0,미상,미상,미상,미상,미상
제3지구경리대장 그것은,1,0,0,0,0,0.0,미상,미상,미상,미상,미상
제3지구경리대장 민간인이,1,0,0,0,0,0.0,미상,미상,미상,미상,미상
제3지구경리대장 사업비,1,0,0,0,0,0.0,미상,미상,미상,미상,미상
제3지구경리대장 지금,1,0,0,0,0,0.0,미상,미상,미상,미상,미상
제3지구경리대장 지출관이,1,0,0,0,0,0.0,미상,미상,미상,미상,미상
제3지구경리대장 한,1,0,0,0,0,0.0,미상,미상,미상,미상,미상
제3항만사령관 감찰이,1,0,0,0,0,0.0,미상,미상,미상,미상,미상
제3항만사령관 그,1,0,0,0,0,0.0,미상,미상,미상,미상,미상
제3항만사령관 그것이,1,0,0,0,0,0.0,미상,미상,미상,미상,미상
제3항만사령관 선박에서,1,0,0,0,0,0.0,미상,미상,미상,미상,미상
제3항만사령관 작년도,1,0,0,0,0,0.0,미상,미상,미상,미상,미상
제3항만사령관 전연,1,0,0,0,0,0.0,미상,미상,미상,미상,미상
제3항만사령관 평가보고라는,1,0,0,0,0,0.0,미상,미상,미상,미상,미상
제3항만사령관 하역회사에서,1,0,0,0,0,0.0,미상,미상,미상,미상,미상
제3항만사령관 하역회사하고,1,0,0,0,0,0.0,미상,미상,미상,미상,미상
제505수송단장 1군에서,1,0,0,0,0,0.0,미상,미상,미상,미상,미상
제505수송단장 2군에서,1,0,0,0,0,0.0,미상,미상,미상,미상,미상
제505수송단장 예.,1,0,0,0,0,0.0,미상,미상,미상,미상,미상
제505수송단장 제가,1,0,0,0,0,0.0,미상,미상,미상,미상,미상
제5관구사령부참모장 규정대로,1,0,0,0,0,0.0,미상,미상,미상,미상,미상
제5관구사령부참모장 그런,1,0,0,0,0,0.0,미상,미상,미상,미상,미상
제5관구사령부참모장 사병들이,1,0,0,0,0,0.0,미상,미상,미상,미상,미상
제5관구사령부참모장 영장을,1,0,0,0,0,0.0,미상,미상,미상,미상,미상
제5관구사령부참모장 예비사단은,1,0,0,0,0,0.0,미상,미상,미상,미상,미상
제5관구사령부참모장 원자교육은,1,0,0,0,0,0.0,미상,미상,미상,미상,미상
제5관구사령부참모장 중위가,1,0,0,0,0,0.0,미상,미상,미상,미상,미상
제5관구사령부참모장 참모협조가,1,0,0,0,0,0.0,미상,미상,미상,미상,미상
제5관구사령부참모장 향토방위대……,1,0,0,0,0,0.0,미상,미상,미상,미상,미상
제5관구사령부참모장 현재,1,0,0,0,0,0.0,미상,미상,미상,미상,미상
제5군단참모장 안광영,1,0,0,0,0,0.0,미상,미상,미상,미상,미상
제5병참재생창장 819명의,1,0,0,0,0,0.0,미상,미상,미상,미상,미상
제5병참재생창장 문관이,1,0,0,0,0,0.0,미상,미상,미상,미상,미상
제5병참재생창장 사병과,1,0,0,0,0,0.0,미상,미상,미상,미상,미상
제5병참재생창장 확보됩니다.,1,0,0,0,0,0.0,미상,미상,미상,미상,미상
제5육군병원장 부산지구에는,1,0,0,0,0,0.0,미상,미상,미상,미상,미상
제5육군병원장 여기서는,1,0,0,0,0,0.0,미상,미상,미상,미상,미상
제5육군병원장 주로,1,0,0,0,0,0.0,미상,미상,미상,미상,미상
제5육군병원장 현재,1,0,0,0,0,0.0,미상,미상,미상,미상,미상
제63육군병원장 약품구입관계는,1,0,0,0,0,0.0,미상,미상,미상,미상,미상
제63육군병원장 전원예정자를,1,0,0,0,0,0.0,미상,미상,미상,미상,미상
제63육군병원장 정신병,1,0,0,0,0,0.0,미상,미상,미상,미상,미상
제63육군병원장 좋은,1,0,0,0,0,0.0,미상,미상,미상,미상,미상
제6관구사령부경리부장 4․4반기에도,1,0,0,0,0,0.0,미상,미상,미상,미상,미상
제6관구사령부경리부장 그,1,0,0,0,0,0.0,미상,미상,미상,미상,미상
제6관구사령부경리부장 그러니까,1,0,0,0,0,0.0,미상,미상,미상,미상,미상
제6관구사령부경리부장 일반근무비는,1,0,0,0,0,0.0,미상,미상,미상,미상,미상
제6관구사령부경리부장 책상이,1,0,0,0,0,0.0,미상,미상,미상,미상,미상
제6관구사령부참모부장 지금,1,0,0,0,0,0.0,미상,미상,미상,미상,미상
제6군단경리부장 행정근무비는,1,0,0,0,0,0.0,미상,미상,미상,미상,미상
제6군단인사참모 영년도,1,0,0,0,0,0.0,미상,미상,미상,미상,미상
제6군단특무대장 각,1,0,0,0,0,0.0,미상,미상,미상,미상,미상
제6군단특무대장 군사우체국에서,1,0,0,0,0,0.0,미상,미상,미상,미상,미상
제6군단특무대장 그것은,1,0,0,0,0,0.0,미상,미상,미상,미상,미상
제6군단특무대장 부대에서,1,0,0,0,0,0.0,미상,미상,미상,미상,미상
제6군단특무대장 우체국을,1,0,0,0,0,0.0,미상,미상,미상,미상,미상
제6군단특무대장 자대에서,1,0,0,0,0,0.0,미상,미상,미상,미상,미상
제6군단특무대장 저희가,1,0,0,0,0,0.0,미상,미상,미상,미상,미상
제6군단특무대장 체신부입니다.,1,0,0,0,0,0.0,미상,미상,미상,미상,미상
제6군단특무대장 총취급하는,1,0,0,0,0,0.0,미상,미상,미상,미상,미상
제6군단특무대장 하루,1,0,0,0,0,0.0,미상,미상,미상,미상,미상
제6군단특무대장 한,1,0,0,0,0,0.0,미상,미상,미상,미상,미상
제6군단헌병부장 CID,1,0,0,0,0,0.0,미상,미상,미상,미상,미상
제6군단휼병참모 4․6제니,1,0,0,0,0,0.0,미상,미상,미상,미상,미상
제7급양대경리과장 10월분,1,0,0,0,0,0.0,미상,미상,미상,미상,미상
제7급양대경리과장 지금,1,0,0,0,0,0.0,미상,미상,미상,미상,미상
제7사단3연대장 당,1,0,0,0,0,0.0,미상,미상,미상,미상,미상
제7사단3연대장 비교적,1,0,0,0,0,0.0,미상,미상,미상,미상,미상
제7사단경리참모 소요비를,1,0,0,0,0,0.0,미상,미상,미상,미상,미상
제7사단경리참모 행정노무비는,1,0,0,0,0,0.0,미상,미상,미상,미상,미상
제7사단군수참모 아직,1,0,0,0,0,0.0,미상,미상,미상,미상,미상
제7사단인사참모 413명이,1,0,0,0,0,0.0,미상,미상,미상,미상,미상
제7사단인사참모 월,1,0,0,0,0,0.0,미상,미상,미상,미상,미상
제7사단장 가상평가입니다.,1,0,0,0,0,0.0,미상,미상,미상,미상,미상
제7사단장 과거에는,1,0,0,0,0,0.0,미상,미상,미상,미상,미상
제7사단장 군보급소에서,1,0,0,0,0,0.0,미상,미상,미상,미상,미상
제7사단장 그것은,1,0,0,0,0,0.0,미상,미상,미상,미상,미상
제7사단장 내년에는,1,0,0,0,0,0.0,미상,미상,미상,미상,미상
제7사단장 미군에서는,1,0,0,0,0,0.0,미상,미상,미상,미상,미상
제7사단장 지금,1,0,0,0,0,0.0,미상,미상,미상,미상,미상
제7사단장 학술적으로,1,0,0,0,0,0.0,미상,미상,미상,미상,미상
제7항로보안단장 미국,1,0,0,0,0,0.0,미상,미상,미상,미상,미상
제7항로보안단장 민간기구에서,1,0,0,0,0,0.0,미상,미상,미상,미상,미상
제7항로보안단장 없습니다.,1,0,0,0,0,0.0,미상,미상,미상,미상,미상
제7항로보안단장 여기는,1,0,0,0,0,0.0,미상,미상,미상,미상,미상
제7항로보안단장 좋은,1,0,0,0,0,0.0,미상,미상,미상,미상,미상
제7항로보안단장 통신관계는,1,0,0,0,0,0.0,미상,미상,미상,미상,미상
제8기지창장 미창과,1,0,0,0,0,0.0,미상,미상,미상,미상,미상
제8기지창장 야적에,1,0,0,0,0,0.0,미상,미상,미상,미상,미상
제8기지창장 제가,1,0,0,0,0,0.0,미상,미상,미상,미상,미상
제8기지창장 지장은,1,0,0,0,0,0.0,미상,미상,미상,미상,미상
제8기지창장 피복,1,0,0,0,0,0.0,미상,미상,미상,미상,미상
제8병참기지마산분창 박재현,1,0,0,0,0,0.0,미상,미상,미상,미상,미상
제8병참기지부창장 저도,1,0,0,0,0,0.0,미상,미상,미상,미상,미상
제8병참기지창장 13만,1,0,0,0,0,0.0,미상,미상,미상,미상,미상
제8병참기지창장 1종품입니다.,1,0,0,0,0,0.0,미상,미상,미상,미상,미상
제8병참기지창장 3경리대에서,1,0,0,0,0,0.0,미상,미상,미상,미상,미상
제8병참기지창장 간혹,1,0,0,0,0,0.0,미상,미상,미상,미상,미상
제8병참기지창장 계획은,1,0,0,0,0,0.0,미상,미상,미상,미상,미상
제8병참기지창장 관구사령부에서,1,0,0,0,0,0.0,미상,미상,미상,미상,미상
제8병참기지창장 근간에,1,0,0,0,0,0.0,미상,미상,미상,미상,미상
제8병참기지창장 나간,1,0,0,0,0,0.0,미상,미상,미상,미상,미상
제8병참기지창장 네.,1,0,0,0,0,0.0,미상,미상,미상,미상,미상
제8병참기지창장 동정복이라든가,1,0,0,0,0,0.0,미상,미상,미상,미상,미상
제8병참기지창장 매달,1,0,0,0,0,0.0,미상,미상,미상,미상,미상
제8병참기지창장 사장품이,1,0,0,0,0,0.0,미상,미상,미상,미상,미상
제8병참기지창장 아직,1,0,0,0,0,0.0,미상,미상,미상,미상,미상
제8병참기지창장 여기를,1,0,0,0,0,0.0,미상,미상,미상,미상,미상
제8병참기지창장 원래는,1,0,0,0,0,0.0,미상,미상,미상,미상,미상
제8병참기지창장 원인은,1,0,0,0,0,0.0,미상,미상,미상,미상,미상
제8병참기지창장 육본중앙조달감실에서,1,0,0,0,0,0.0,미상,미상,미상,미상,미상
제8병참기지창장 이경태,1,0,0,0,0,0.0,미상,미상,미상,미상,미상
제8병참기지창장 이중으로,1,0,0,0,0,0.0,미상,미상,미상,미상,미상
제8병참기지창장 있습니다.,1,0,0,0,0,0.0,미상,미상,미상,미상,미상
제8병참기지창장 재고조사에서,1,0,0,0,0,0.0,미상,미상,미상,미상,미상
제8병참기지창장 전부,1,0,0,0,0,0.0,미상,미상,미상,미상,미상
제8병참기지창장 전투,1,0,0,0,0,0.0,미상,미상,미상,미상,미상
제8병참기지창장 정확하다고,1,0,0,0,0,0.0,미상,미상,미상,미상,미상
제8병참기지창장 제가,1,0,0,0,0,0.0,미상,미상,미상,미상,미상
제8병참기지창장 지역에,1,0,0,0,0,0.0,미상,미상,미상,미상,미상
제8병참기지창장 지휘관의,1,0,0,0,0,0.0,미상,미상,미상,미상,미상
제8병참기지창장 현재,1,0,0,0,0,0.0,미상,미상,미상,미상,미상
제8사단장 순차적으로,1,0,0,0,0,0.0,미상,미상,미상,미상,미상
제9기지창검사과장 건빵은,1,0,0,0,0,0.0,미상,미상,미상,미상,미상
제9기지창검사과장 상대,1,0,0,0,0,0.0,미상,미상,미상,미상,미상
제9기지창검사과장 주로,1,0,0,0,0,0.0,미상,미상,미상,미상,미상
제9기지창보급과장 재고품이,1,0,0,0,0,0.0,미상,미상,미상,미상,미상
제9기지창보급과장 제가,1,0,0,0,0,0.0,미상,미상,미상,미상,미상
제9기지창보급부장 2군에,1,0,0,0,0,0.0,미상,미상,미상,미상,미상
제9기지창보급부장 금년,1,0,0,0,0,0.0,미상,미상,미상,미상,미상
제9기지창보급부장 지금,1,0,0,0,0,0.0,미상,미상,미상,미상,미상
제9기지창보급부장 직접,1,0,0,0,0,0.0,미상,미상,미상,미상,미상
제9기지창보급부장 현재로,1,0,0,0,0,0.0,미상,미상,미상,미상,미상
제9기지창장 250드럼,1,0,0,0,0,0.0,미상,미상,미상,미상,미상
제9기지창장 2군,1,0,0,0,0,0.0,미상,미상,미상,미상,미상
제9기지창장 8기지창에서,1,0,0,0,0,0.0,미상,미상,미상,미상,미상
제9기지창장 9기지창은,1,0,0,0,0,0.0,미상,미상,미상,미상,미상
제9기지창장 간혹,1,0,0,0,0,0.0,미상,미상,미상,미상,미상
제9기지창장 교육파견입니다.,1,0,0,0,0,0.0,미상,미상,미상,미상,미상
제9기지창장 그때,1,0,0,0,0,0.0,미상,미상,미상,미상,미상
제9기지창장 그런,1,0,0,0,0,0.0,미상,미상,미상,미상,미상
제9기지창장 그런데,1,0,0,0,0,0.0,미상,미상,미상,미상,미상
제9기지창장 남는,1,0,0,0,0,0.0,미상,미상,미상,미상,미상
제9기지창장 먼저,1,0,0,0,0,0.0,미상,미상,미상,미상,미상
제9기지창장 사병들이,1,0,0,0,0,0.0,미상,미상,미상,미상,미상
제9기지창장 수입으로,1,0,0,0,0,0.0,미상,미상,미상,미상,미상
제9기지창장 아닙니다.,1,0,0,0,0,0.0,미상,미상,미상,미상,미상
제9기지창장 이것이,1,0,0,0,0,0.0,미상,미상,미상,미상,미상
제9기지창장 이번에,1,0,0,0,0,0.0,미상,미상,미상,미상,미상
제9기지창장 인적인,1,0,0,0,0,0.0,미상,미상,미상,미상,미상
제9기지창장 자세히는,1,0,0,0,0,0.0,미상,미상,미상,미상,미상
제9기지창장 재고조사보고서를,1,0,0,0,0,0.0,미상,미상,미상,미상,미상
제9기지창장 제가,1,0,0,0,0,0.0,미상,미상,미상,미상,미상
제9기지창장 중간창으로서,1,0,0,0,0,0.0,미상,미상,미상,미상,미상
제9기지창장 지금,1,0,0,0,0,0.0,미상,미상,미상,미상,미상
제9기지창장 평균,1,0,0,0,0,0.0,미상,미상,미상,미상,미상
제9기지창창장 제가,1,0,0,0,0,0.0,미상,미상,미상,미상,미상
제9사단장 없습니다.,1,0,0,0,0,0.0,미상,미상,미상,미상,미상
제9사단장 일부는,1,0,0,0,0,0.0,미상,미상,미상,미상,미상
제9사단장 저로서,1,0,0,0,0,0.0,미상,미상,미상,미상,미상
제9사단장 첫째로,1,0,0,0,0,0.0,미상,미상,미상,미상,미상
제9사단장 한,1,0,0,0,0,0.0,미상,미상,미상,미상,미상
제무부차관 장희창,1,0,0,0,0,0.0,미상,미상,미상,미상,미상
조 순,1,0,0,0,0,0.0,자유당,전남 곡성군,남,3선,지역구
조경규 부의장,1,0,0,0,0,0.0,자유당,경남 함안군,남,3선,지역구
조경규 안용대,1,0,0,0,0,0.0,무소속,경북 경주갑,남,재선,지역구
조경규 의원(계속),1,0,0,0,0,0.0,자유당,경남 함안군,남,3선,지역구
조광섭 위원,1,0,0,0,0,0.0,조선민주당,서울 영등포구갑,남,초선,지역구
조광섭 의원(계속),1,0,0,0,0,0.0,조선민주당,서울 영등포구갑,남,초선,지역구
조병문 △김병순,1,0,0,0,0,0.0,자유당,전남 해남군갑,남,4선,지역구
조봉암 위원,1,0,0,0,0,0.0,대한국민당,경기 인천병,남,재선,지역구
조영규 의원(의석에서),1,0,0,0,0,0.0,민주국민당,전남 영광군,남,4선,지역구
조영규 자주,1,0,0,0,0,0.0,한국민주당,전남 영광,남,4선,지역구
조종승 위원,1,0,0,0,0,0.0,무소속,충북 단양,남,재선,지역구
조한백 의원(낭독),1,0,0,0,0,0.0,무소속,전북 김제갑,남,4선,지역구
조현영 의원,1,0,0,0,0,0.0,미상,미상,미상,미상,미상
주기용 위원,1,0,0,0,0,0.0,무소속,경남 창원을,남,초선,지역구
주병환 의원(계속),1,0,0,0,0,0.0,민주당,경북 성주군,남,재선,지역구
중화민국주재대한민국대사 김홍일,1,0,0,0,0,0.0,미상,미상,미상,미상,미상
증인,1,0,0,0,0,0.0,미상,미상,미상,미상,미상
증인 김남학,1,0,0,0,0,0.0,미상,미상,미상,미상,미상
증인 김우창,1,0,0,0,0,0.0,미상,미상,미상,미상,미상
증인 연락해서,1,0,0,0,0,0.0,미상,미상,미상,미상,미상
증인 저는,1,0,0,0,0,0.0,미상,미상,미상,미상,미상
직원 보고사항을,1,0,0,0,0,0.0,미상,미상,미상,미상,미상
직히,1,0,0,0,0,0.0,미상,미상,미상,미상,미상
진해해군공창장 가게,1,0,0,0,0,0.0,미상,미상,미상,미상,미상
진해해군공창장 그,1,0,0,0,0,0.0,미상,미상,미상,미상,미상
진해해군공창장 없습니다.,1,0,0,0,0,0.0,미상,미상,미상,미상,미상
진해해군공창장 예.,1,0,0,0,0,0.0,미상,미상,미상,미상,미상
진해해군공창장 우리는,1,0,0,0,0,0.0,미상,미상,미상,미상,미상
진해해군통제부보도과장 여기서는,1,0,0,0,0,0.0,미상,미상,미상,미상,미상
진해해군통제부보도과장 예.,1,0,0,0,0,0.0,미상,미상,미상,미상,미상
진해해군통제부보도과장 정훈교육반의,1,0,0,0,0,0.0,미상,미상,미상,미상,미상
진해해군통제부보도과장 정훈교육은,1,0,0,0,0,0.0,미상,미상,미상,미상,미상
진해해군통제부보도과장 해군본부나,1,0,0,0,0,0.0,미상,미상,미상,미상,미상
진해해군통제부보도과장 해군참모총장께서,1,0,0,0,0,0.0,미상,미상,미상,미상,미상
진해해군통제부사령관 아마,1,0,0,0,0,0.0,미상,미상,미상,미상,미상
진해해군통제부사령관 오바,1,0,0,0,0,0.0,미상,미상,미상,미상,미상
진해해군통제부사령관 오히려,1,0,0,0,0,0.0,미상,미상,미상,미상,미상
진해해군통제부사령관 해군본부,1,0,0,0,0,0.0,미상,미상,미상,미상,미상
진해해군통제부사령관 해군본부에,1,0,0,0,0,0.0,미상,미상,미상,미상,미상
진해해군통제부후방참모 이,1,0,0,0,0,0.0,미상,미상,미상,미상,미상
진해해군통제부후방참모 주보는,1,0,0,0,0,0.0,미상,미상,미상,미상,미상
진해해군통제부후방참모 한,1,0,0,0,0,0.0,미상,미상,미상,미상,미상
진해해군통제사령관 예.,1,0,0,0,0,0.0,미상,미상,미상,미상,미상
진해해군통제사령관 자세한,1,0,0,0,0,0.0,미상,미상,미상,미상,미상
진해해군통제사령관 잘하고,1,0,0,0,0,0.0,미상,미상,미상,미상,미상
진헌식 위원,1,0,0,0,0,0.0,대한독립촉성국민회,충남 연기,남,초선,지역구
진형하 위원(계속),1,0,0,0,0,0.0,민주당,충남 대전을,남,3선,지역구
징계위원장 김익로,1,0,0,0,0,0.0,미상,미상,미상,미상,미상
징계위원장 박성하,1,0,0,0,0,0.0,중앙불교위원회,경북 대구을,남,초선,지역구
징계자격위원장 김상도,1,0,0,0,0,0.0,자유당,경북 영천군갑,남,재선,지역구
징계자격위원장 김익로(계속),1,0,0,0,0,0.0,미상,미상,미상,미상,미상
징병민 의원,1,0,0,0,0,0.0,미상,미상,미상,미상,미상
차량재생창장 그것은,1,0,0,0,0,0.0,미상,미상,미상,미상,미상
차량재생창장 그런,1,0,0,0,0,0.0,미상,미상,미상,미상,미상
차량재생창장 금년,1,0,0,0,0,0.0,미상,미상,미상,미상,미상
차량재생창장 모르겠습니다.,1,0,0,0,0,0.0,미상,미상,미상,미상,미상
차량재생창장 순전히,1,0,0,0,0,0.0,미상,미상,미상,미상,미상
차량재생창장 여기서는,1,0,0,0,0,0.0,미상,미상,미상,미상,미상
차량재생창장 원가계산을,1,0,0,0,0,0.0,미상,미상,미상,미상,미상
차량재생창장 육군본부에서,1,0,0,0,0,0.0,미상,미상,미상,미상,미상
차량재생창장 일부,1,0,0,0,0,0.0,미상,미상,미상,미상,미상
차량재생창장 차량,1,0,0,0,0,0.0,미상,미상,미상,미상,미상
차량재생창장 창장으로서,1,0,0,0,0,0.0,미상,미상,미상,미상,미상
차량재생창장 현재,1,0,0,0,0,0.0,미상,미상,미상,미상,미상
찰,1,0,0,0,0,0.0,미상,미상,미상,미상,미상
참사 김종락,1,0,0,0,0,0.0,미상,미상,미상,미상,미상
창섭,1,0,0,0,0,0.0,미상,미상,미상,미상,미상
체신부경리국장 대단히,1,0,0,0,0,0.0,미상,미상,미상,미상,미상
체신부경리국장 아니올시다.,1,0,0,0,0,0.0,미상,미상,미상,미상,미상
체신부장관 이응준(계속),1,0,0,0,0,0.0,미상,미상,미상,미상,미상
체신차관 강직순,1,0,0,0,0,0.0,미상,미상,미상,미상,미상
초운교 의원,1,0,0,0,0,0.0,미상,미상,미상,미상,미상
총무국장 박현욱,1,0,0,0,0,0.0,미상,미상,미상,미상,미상
총무처장 전유성,1,0,0,0,0,0.0,미상,미상,미상,미상,미상
최□길 의원,1,0,0,0,0,0.0,미상,미상,미상,미상,미상
최규남 조경규,1,0,0,0,0,0.0,자유당,경남 함안군,남,3선,지역구
최봉식 의원(계속),1,0,0,0,0,0.0,무소속,경남 울산갑,남,초선,지역구
최용근 정세환,1,0,0,0,0,0.0,무소속,전북 고창갑,남,재선,지역구
최운교 의원(계속),1,0,0,0,0,0.0,무소속,충남 논산을,남,초선,지역구
최운규 의원,1,0,0,0,0,0.0,미상,미상,미상,미상,미상
최창섭,1,0,0,0,0,0.0,자유당,경남 합천군을,남,3선,지역구
최태규 의원(계속),1,0,0,0,0,0.0,무소속,강원 정선,남,초선,지역구
최헌길 의원(계속),1,0,0,0,0,0.0,대한독립촉성국민회,강원 강릉을,남,재선,지역구
충청남도지구병사구사령관 247만,1,0,0,0,0,0.0,미상,미상,미상,미상,미상
충청남도지구병사구사령관 그렇지,1,0,0,0,0,0.0,미상,미상,미상,미상,미상
충청남도지구병사구사령관 모르는,1,0,0,0,0,0.0,미상,미상,미상,미상,미상
충청남도지구병사구사령관 법적,1,0,0,0,0,0.0,미상,미상,미상,미상,미상
충청남도지구병사구사령관 사금만을,1,0,0,0,0,0.0,미상,미상,미상,미상,미상
충청남도지구병사구사령관 수령을,1,0,0,0,0,0.0,미상,미상,미상,미상,미상
충청남도지구병사구사령관 원호과장은,1,0,0,0,0,0.0,미상,미상,미상,미상,미상
충청남도지구병사구사령관 이용을,1,0,0,0,0,0.0,미상,미상,미상,미상,미상
충청남도지구병사구사령관 읽었습니다.,1,0,0,0,0,0.0,미상,미상,미상,미상,미상
충청남도지구병사구사령관 제가,1,0,0,0,0,0.0,미상,미상,미상,미상,미상
충청남도지구병사구사령관 종전에,1,0,0,0,0,0.0,미상,미상,미상,미상,미상
충청남도지구병사구사령관 지금부터는,1,0,0,0,0,0.0,미상,미상,미상,미상,미상
충청남도지구병사구사령관 통례가,1,0,0,0,0,0.0,미상,미상,미상,미상,미상
충청남도지구병사구사령부운영과장 이병용,1,0,0,0,0,0.0,미상,미상,미상,미상,미상
타이어재생창장 GMC,1,0,0,0,0,0.0,미상,미상,미상,미상,미상
타이어재생창장 그런,1,0,0,0,0,0.0,미상,미상,미상,미상,미상
타이어재생창장 약,1,0,0,0,0,0.0,미상,미상,미상,미상,미상
타이어재생창장 캠엘,1,0,0,0,0,0.0,미상,미상,미상,미상,미상
태,1,0,0,0,0,0.0,미상,미상,미상,미상,미상
태완선 의원(계속),1,0,0,0,0,0.0,무소속,강원 영월,남,3선,지역구
터,1,0,0,0,0,0.0,미상,미상,미상,미상,미상
토이기국회의장 레픽,1,0,0,0,0,0.0,미상,미상,미상,미상,미상
통신학교장 현재,1,0,0,0,0,0.0,미상,미상,미상,미상,미상
특검부검찰관장 권승렬,1,0,0,0,0,0.0,미상,미상,미상,미상,미상
특별재판부부장 김병로,1,0,0,0,0,0.0,미상,미상,미상,미상,미상
특별재판부장 김병로,1,0,0,0,0,0.0,미상,미상,미상,미상,미상
특별조사위원장 정존수(계속),1,0,0,0,0,0.0,자유당,경기 수원,남,재선,지역구
펴현태 의원,1,0,0,0,0,0.0,미상,미상,미상,미상,미상
포병학교장 하수도시설,1,0,0,0,0,0.0,미상,미상,미상,미상,미상
표,1,0,0,0,0,0.0,미상,미상,미상,미상,미상
표양문 의원,1,0,0,0,0,0.0,자유당,경기 인천병,남,초선,지역구
피복창장 대개,1,0,0,0,0,0.0,미상,미상,미상,미상,미상
피복창장 동정복,1,0,0,0,0,0.0,미상,미상,미상,미상,미상
피복창장 아침,1,0,0,0,0,0.0,미상,미상,미상,미상,미상
피복창장 예.,1,0,0,0,0,0.0,미상,미상,미상,미상,미상
피복창장 육군에서,1,0,0,0,0,0.0,미상,미상,미상,미상,미상
피복창장 자금이,1,0,0,0,0,0.0,미상,미상,미상,미상,미상
피복창장 재봉에,1,0,0,0,0,0.0,미상,미상,미상,미상,미상
피복창장 토요일은,1,0,0,0,0,0.0,미상,미상,미상,미상,미상
피복창장 한,1,0,0,0,0,0.0,미상,미상,미상,미상,미상
한광석 의원(계속),1,0,0,0,0,0.0,자유당,충남 부여군갑,남,재선,지역구
한국운수외자부장 김창우,1,0,0,0,0,0.0,미상,미상,미상,미상,미상
한국재건부흥원부원장 써(Sir.),1,0,0,0,0,0.0,미상,미상,미상,미상,미상
한근조 위원(계속),1,0,0,0,0,0.0,민주당,서울 종로구을,남,3선,지역구
한근조 의원(계속),1,0,0,0,0,0.0,민주당,서울 종로구을,남,3선,지역구
한엄회 의원,1,0,0,0,0,0.0,미상,미상,미상,미상,미상
한필수 위원,1,0,0,0,0,0.0,무소속,충북 제천,남,초선,지역구
한희석 △김성복,1,0,0,0,0,0.0,무소속,전남 보성,남,초선,지역구
함대부사령관 김장훈,1,0,0,0,0,0.0,미상,미상,미상,미상,미상
해군경비사령관 1250톤인데,1,0,0,0,0,0.0,미상,미상,미상,미상,미상
해군경비사령관 그것은,1,0,0,0,0,0.0,미상,미상,미상,미상,미상
해군경비사령관 이것은,1,0,0,0,0,0.0,미상,미상,미상,미상,미상
해군공창장 군원은,1,0,0,0,0,0.0,미상,미상,미상,미상,미상
해군공창장 우리,1,0,0,0,0,0.0,미상,미상,미상,미상,미상
해군교육단장 박병태,1,0,0,0,0,0.0,미상,미상,미상,미상,미상
해군대학총장 강태승,1,0,0,0,0,0.0,미상,미상,미상,미상,미상
해군보급창부산분창장 그것이,1,0,0,0,0,0.0,미상,미상,미상,미상,미상
해군보급창부산분창장 망실된,1,0,0,0,0,0.0,미상,미상,미상,미상,미상
해군보급창부산분창장 일단,1,0,0,0,0,0.0,미상,미상,미상,미상,미상
해군보급창부산분창장 진해로,1,0,0,0,0,0.0,미상,미상,미상,미상,미상
해군보급창장 시내에,1,0,0,0,0,0.0,미상,미상,미상,미상,미상
해군보급창장 예.,1,0,0,0,0,0.0,미상,미상,미상,미상,미상
해군보급창장 조직의,1,0,0,0,0,0.0,미상,미상,미상,미상,미상
해군본부건축과장 4층인데,1,0,0,0,0,0.0,미상,미상,미상,미상,미상
해군본부건축과장 그것이,1,0,0,0,0,0.0,미상,미상,미상,미상,미상
해군본부건축과장 세,1,0,0,0,0,0.0,미상,미상,미상,미상,미상
해군본부건축과장 저는,1,0,0,0,0,0.0,미상,미상,미상,미상,미상
해군본부건축과장 지하실에,1,0,0,0,0,0.0,미상,미상,미상,미상,미상
해군본부경리국기획과장 이철희,1,0,0,0,0,0.0,미상,미상,미상,미상,미상
해군본부경리국장 이병선,1,0,0,0,0,0.0,미상,미상,미상,미상,미상
해군본부경비부사령관 봉급,1,0,0,0,0,0.0,미상,미상,미상,미상,미상
해군본부경비부사령관 없습니다.,1,0,0,0,0,0.0,미상,미상,미상,미상,미상
해군본부관리참모부장 이,1,0,0,0,0,0.0,미상,미상,미상,미상,미상
해군본부관리참모부장 저희는,1,0,0,0,0,0.0,미상,미상,미상,미상,미상
해군본부기획과장 부산에,1,0,0,0,0,0.0,미상,미상,미상,미상,미상
해군본부법무감 50만,1,0,0,0,0,0.0,미상,미상,미상,미상,미상
해군본부법무감 거의,1,0,0,0,0,0.0,미상,미상,미상,미상,미상
해군본부법무감 직별,1,0,0,0,0,0.0,미상,미상,미상,미상,미상
해군본부법무감 휴가를,1,0,0,0,0,0.0,미상,미상,미상,미상,미상
해군본부시설감 4년,1,0,0,0,0,0.0,미상,미상,미상,미상,미상
해군본부시설감 9억,1,0,0,0,0,0.0,미상,미상,미상,미상,미상
해군본부시설감 건축업자가,1,0,0,0,0,0.0,미상,미상,미상,미상,미상
해군본부시설감 그에,1,0,0,0,0,0.0,미상,미상,미상,미상,미상
해군본부시설감 돈은,1,0,0,0,0,0.0,미상,미상,미상,미상,미상
해군본부시설감 들어오기는,1,0,0,0,0,0.0,미상,미상,미상,미상,미상
해군본부시설감 설계에,1,0,0,0,0,0.0,미상,미상,미상,미상,미상
해군본부시설감 아닙니다.,1,0,0,0,0,0.0,미상,미상,미상,미상,미상
해군본부시설감 우리가,1,0,0,0,0,0.0,미상,미상,미상,미상,미상
해군본부시설감 있습니다.,1,0,0,0,0,0.0,미상,미상,미상,미상,미상
해군본부시설감 주로,1,0,0,0,0,0.0,미상,미상,미상,미상,미상
해군본부시설감 현재,1,0,0,0,0,0.0,미상,미상,미상,미상,미상
해군본부의무감 거기에,1,0,0,0,0,0.0,미상,미상,미상,미상,미상
해군본부의무감 결핵,1,0,0,0,0,0.0,미상,미상,미상,미상,미상
해군본부의무감 계급은,1,0,0,0,0,0.0,미상,미상,미상,미상,미상
해군본부의무감 금년,1,0,0,0,0,0.0,미상,미상,미상,미상,미상
해군본부의무감 목표량에는,1,0,0,0,0,0.0,미상,미상,미상,미상,미상
해군본부의무감 약,1,0,0,0,0,0.0,미상,미상,미상,미상,미상
해군본부의무감 예.,1,0,0,0,0,0.0,미상,미상,미상,미상,미상
해군본부의무감 이,1,0,0,0,0,0.0,미상,미상,미상,미상,미상
해군본부의무감 이것이,1,0,0,0,0,0.0,미상,미상,미상,미상,미상
해군본부의무감 이번에,1,0,0,0,0,0.0,미상,미상,미상,미상,미상
해군본부의무감 저희들은,1,0,0,0,0,0.0,미상,미상,미상,미상,미상
해군본부의무감 적어도,1,0,0,0,0,0.0,미상,미상,미상,미상,미상
해군본부의무감 전시에는,1,0,0,0,0,0.0,미상,미상,미상,미상,미상
해군본부의무감 지원자가,1,0,0,0,0,0.0,미상,미상,미상,미상,미상
해군본부의무부감 이것이,1,0,0,0,0,0.0,미상,미상,미상,미상,미상
해군본부인사국장 군인신분령이,1,0,0,0,0,0.0,미상,미상,미상,미상,미상
해군본부인사국장 다른,1,0,0,0,0,0.0,미상,미상,미상,미상,미상
해군본부인사국장 몇,1,0,0,0,0,0.0,미상,미상,미상,미상,미상
해군본부인사국장 봉급,1,0,0,0,0,0.0,미상,미상,미상,미상,미상
해군본부인사국장 아까,1,0,0,0,0,0.0,미상,미상,미상,미상,미상
해군본부인사국장 정년이,1,0,0,0,0,0.0,미상,미상,미상,미상,미상
해군본부작전참모 지금,1,0,0,0,0,0.0,미상,미상,미상,미상,미상
해군본부작전참모부장 한,1,0,0,0,0,0.0,미상,미상,미상,미상,미상
해군본부정보국장 양회경,1,0,0,0,0,0.0,미상,미상,미상,미상,미상
해군본부정훈감 400만,1,0,0,0,0,0.0,미상,미상,미상,미상,미상
해군본부정훈감 해군지로서,1,0,0,0,0,0.0,미상,미상,미상,미상,미상
해군본부정훈감 현재,1,0,0,0,0,0.0,미상,미상,미상,미상,미상
해군본부함정국장 인천공창은,1,0,0,0,0,0.0,미상,미상,미상,미상,미상
해군본부함정국장 재정법에,1,0,0,0,0,0.0,미상,미상,미상,미상,미상
해군본부헌병감 거기에,1,0,0,0,0,0.0,미상,미상,미상,미상,미상
해군본부헌병감 명정입니다.,1,0,0,0,0,0.0,미상,미상,미상,미상,미상
해군본부헌병감 연구해보았습니다마는,1,0,0,0,0,0.0,미상,미상,미상,미상,미상
해군본부헌병감 지장이,1,0,0,0,0,0.0,미상,미상,미상,미상,미상
해군본부헌병감 한,1,0,0,0,0,0.0,미상,미상,미상,미상,미상
해군본부헌병감 헌병이,1,0,0,0,0,0.0,미상,미상,미상,미상,미상
해군사관학교부교장 그것은,1,0,0,0,0,0.0,미상,미상,미상,미상,미상
해군사관학교부교장 육사에,1,0,0,0,0,0.0,미상,미상,미상,미상,미상
해군사관학교부교장 차이가,1,0,0,0,0,0.0,미상,미상,미상,미상,미상
해군사관학교부교장 해군사관학교,1,0,0,0,0,0.0,미상,미상,미상,미상,미상
해군사관학교장 일반,1,0,0,0,0,0.0,미상,미상,미상,미상,미상
해군사관학교장 항공기,1,0,0,0,0,0.0,미상,미상,미상,미상,미상
해군사관학교장 해군본부,1,0,0,0,0,0.0,미상,미상,미상,미상,미상
해군함대사령관 그런,1,0,0,0,0,0.0,미상,미상,미상,미상,미상
해군함대사령관 사실은,1,0,0,0,0,0.0,미상,미상,미상,미상,미상
해군함대사령관 신문지상에,1,0,0,0,0,0.0,미상,미상,미상,미상,미상
해군함대사령관 여기에,1,0,0,0,0,0.0,미상,미상,미상,미상,미상
해군함대사령관 작년에,1,0,0,0,0,0.0,미상,미상,미상,미상,미상
해군함대사령관 저도,1,0,0,0,0,0.0,미상,미상,미상,미상,미상
해군함대사령관 전부,1,0,0,0,0,0.0,미상,미상,미상,미상,미상
해군함대사령관 최선을,1,0,0,0,0,0.0,미상,미상,미상,미상,미상
해군함대사령관 할,1,0,0,0,0,0.0,미상,미상,미상,미상,미상
해군함대사령관 현재로서,1,0,0,0,0,0.0,미상,미상,미상,미상,미상
해군함대사령관 현지,1,0,0,0,0,0.0,미상,미상,미상,미상,미상
해군함대사령부작전참모 0.6%입니다.,1,0,0,0,0,0.0,미상,미상,미상,미상,미상
해군함대사령부작전참모 그런,1,0,0,0,0,0.0,미상,미상,미상,미상,미상
해군함대사령부참모 일급으로,1,0,0,0,0,0.0,미상,미상,미상,미상,미상
해군함대사령부참모장 아시다시피,1,0,0,0,0,0.0,미상,미상,미상,미상,미상
해군함대사령부참모장 입건을,1,0,0,0,0,0.0,미상,미상,미상,미상,미상
해군헌병감 서정의,1,0,0,0,0,0.0,미상,미상,미상,미상,미상
해무청총무과예산계장 김대관,1,0,0,0,0,0.0,미상,미상,미상,미상,미상
해병교육단장 각,1,0,0,0,0,0.0,미상,미상,미상,미상,미상
해병교육단장 사전에,1,0,0,0,0,0.0,미상,미상,미상,미상,미상
해병대막사장 84명입니다.,1,0,0,0,0,0.0,미상,미상,미상,미상,미상
해병대보급분창장 간혹가다가,1,0,0,0,0,0.0,미상,미상,미상,미상,미상
해병대보급분창장 병참물자,1,0,0,0,0,0.0,미상,미상,미상,미상,미상
해병대보급분창장 임대료는,1,0,0,0,0,0.0,미상,미상,미상,미상,미상
해병대보급분창장 장부는,1,0,0,0,0,0.0,미상,미상,미상,미상,미상
해병대보급분창장 제가,1,0,0,0,0,0.0,미상,미상,미상,미상,미상
해병대보급분창장 해무청,1,0,0,0,0,0.0,미상,미상,미상,미상,미상
해병대사령부감찰감 4건입니다.,1,0,0,0,0,0.0,미상,미상,미상,미상,미상
해병대사령부감찰감 개인의,1,0,0,0,0,0.0,미상,미상,미상,미상,미상
해병대사령부감찰감 본처가,1,0,0,0,0,0.0,미상,미상,미상,미상,미상
해병대사령부감찰감 예.,1,0,0,0,0,0.0,미상,미상,미상,미상,미상
해병대사령부감찰감 장교는,1,0,0,0,0,0.0,미상,미상,미상,미상,미상
해병대사령부감찰감 정기감찰검열은,1,0,0,0,0,0.0,미상,미상,미상,미상,미상
해병대사령부감찰감 총체로,1,0,0,0,0,0.0,미상,미상,미상,미상,미상
해병대사령부감찰감 포항지구,1,0,0,0,0,0.0,미상,미상,미상,미상,미상
해병대사령부감찰감 피의자를,1,0,0,0,0,0.0,미상,미상,미상,미상,미상
해병대사령부감찰감 헌병대에,1,0,0,0,0,0.0,미상,미상,미상,미상,미상
해병대사령부공병감 10년,1,0,0,0,0,0.0,미상,미상,미상,미상,미상
해병대사령부공병감 시멘트와,1,0,0,0,0,0.0,미상,미상,미상,미상,미상
해병대사령부공병감 예.,1,0,0,0,0,0.0,미상,미상,미상,미상,미상
해병대사령부공병감 저희들이,1,0,0,0,0,0.0,미상,미상,미상,미상,미상
해병대사령부공병감 해병대사령부는,1,0,0,0,0,0.0,미상,미상,미상,미상,미상
해병대사령부군수국장 대개,1,0,0,0,0,0.0,미상,미상,미상,미상,미상
해병대사령부군수국장 이것은,1,0,0,0,0,0.0,미상,미상,미상,미상,미상
해병대사령부군수국장 이것이,1,0,0,0,0,0.0,미상,미상,미상,미상,미상
해병대사령부군수국장 제가,1,0,0,0,0,0.0,미상,미상,미상,미상,미상
해병대사령부군수국장 주로,1,0,0,0,0,0.0,미상,미상,미상,미상,미상
해병대사령부군수국장 현재,1,0,0,0,0,0.0,미상,미상,미상,미상,미상
해병대사령부군종감 21명입니다.,1,0,0,0,0,0.0,미상,미상,미상,미상,미상
해병대사령부군종감 군목예산이라는,1,0,0,0,0,0.0,미상,미상,미상,미상,미상
해병대사령부군종감 그래서,1,0,0,0,0,0.0,미상,미상,미상,미상,미상
해병대사령부군종감 받고,1,0,0,0,0,0.0,미상,미상,미상,미상,미상
해병대사령부군종감 병원에,1,0,0,0,0,0.0,미상,미상,미상,미상,미상
해병대사령부군종감 아직,1,0,0,0,0,0.0,미상,미상,미상,미상,미상
해병대사령부군종감 전도해야,1,0,0,0,0,0.0,미상,미상,미상,미상,미상
해병대사령부군종감 한,1,0,0,0,0,0.0,미상,미상,미상,미상,미상
해병대사령부법무감 그렇게,1,0,0,0,0,0.0,미상,미상,미상,미상,미상
해병대사령부법무감 사령부에서,1,0,0,0,0,0.0,미상,미상,미상,미상,미상
해병대사령부법무감 약,1,0,0,0,0,0.0,미상,미상,미상,미상,미상
해병대사령부법무감 약간,1,0,0,0,0,0.0,미상,미상,미상,미상,미상
해병대사령부법무감 여기에,1,0,0,0,0,0.0,미상,미상,미상,미상,미상
해병대사령부법무감 잘하겠습니다.,1,0,0,0,0,0.0,미상,미상,미상,미상,미상
해병대사령부법무감 재범자수자에게는,1,0,0,0,0,0.0,미상,미상,미상,미상,미상
해병대사령부법무감 해군하고,1,0,0,0,0,0.0,미상,미상,미상,미상,미상
해병대사령부의무감 8월,1,0,0,0,0,0.0,미상,미상,미상,미상,미상
해병대사령부의무감 병원운영관리는,1,0,0,0,0,0.0,미상,미상,미상,미상,미상
해병대사령부의무감 의무,1,0,0,0,0,0.0,미상,미상,미상,미상,미상
해병대사령부의무감 해군병원을,1,0,0,0,0,0.0,미상,미상,미상,미상,미상
해병대사령부의무감 해군에서,1,0,0,0,0,0.0,미상,미상,미상,미상,미상
해병대사령부의무감 해군은,1,0,0,0,0,0.0,미상,미상,미상,미상,미상
해병대사령부인사감 군으로,1,0,0,0,0,0.0,미상,미상,미상,미상,미상
해병대사령부인사감 부대의,1,0,0,0,0,0.0,미상,미상,미상,미상,미상
해병대사령부인사감 이,1,0,0,0,0,0.0,미상,미상,미상,미상,미상
해병대사령부인사감 이유가,1,0,0,0,0,0.0,미상,미상,미상,미상,미상
해병대사령부인사감 이유는,1,0,0,0,0,0.0,미상,미상,미상,미상,미상
해병대사령부인사감 일반부대는,1,0,0,0,0,0.0,미상,미상,미상,미상,미상
해병대사령부인사감 일반형무소를,1,0,0,0,0,0.0,미상,미상,미상,미상,미상
해병대사령부인사감 자기,1,0,0,0,0,0.0,미상,미상,미상,미상,미상
해병대사령부인사감 저희들은,1,0,0,0,0,0.0,미상,미상,미상,미상,미상
해병대사령부인사감 저희들이,1,0,0,0,0,0.0,미상,미상,미상,미상,미상
해병대사령부인사감 프로에,1,0,0,0,0,0.0,미상,미상,미상,미상,미상
해병대사령부인사국장 8월,1,0,0,0,0,0.0,미상,미상,미상,미상,미상
해병대사령부인사국장 거기에,1,0,0,0,0,0.0,미상,미상,미상,미상,미상
해병대사령부인사국장 금년도에,1,0,0,0,0,0.0,미상,미상,미상,미상,미상
해병대사령부인사국장 당,1,0,0,0,0,0.0,미상,미상,미상,미상,미상
해병대사령부인사국장 도망자에,1,0,0,0,0,0.0,미상,미상,미상,미상,미상
해병대사령부인사국장 사령관의,1,0,0,0,0,0.0,미상,미상,미상,미상,미상
해병대사령부인사국장 아닙니다.,1,0,0,0,0,0.0,미상,미상,미상,미상,미상
해병대사령부인사국장 유,1,0,0,0,0,0.0,미상,미상,미상,미상,미상
해병대사령부인사국행정과장 가정환경,1,0,0,0,0,0.0,미상,미상,미상,미상,미상
해병대사령부인사국행정과장 내년,1,0,0,0,0,0.0,미상,미상,미상,미상,미상
해병대사령부인사국행정과장 통계가,1,0,0,0,0,0.0,미상,미상,미상,미상,미상
해병대사령부재무감 26%를,1,0,0,0,0,0.0,미상,미상,미상,미상,미상
해병대사령부재무감 KPA서,1,0,0,0,0,0.0,미상,미상,미상,미상,미상
해병대사령부재무감 군원에,1,0,0,0,0,0.0,미상,미상,미상,미상,미상
해병대사령부재무감 명년도에,1,0,0,0,0,0.0,미상,미상,미상,미상,미상
해병대사령부재무감 목탄을,1,0,0,0,0,0.0,미상,미상,미상,미상,미상
해병대사령부재무감 예.,1,0,0,0,0,0.0,미상,미상,미상,미상,미상
해병대사령부재무감 저희들로서는,1,0,0,0,0,0.0,미상,미상,미상,미상,미상
해병대사령부재무감 저희들이,1,0,0,0,0,0.0,미상,미상,미상,미상,미상
해병대사령부통신감 56년도에,1,0,0,0,0,0.0,미상,미상,미상,미상,미상
해병대사령부통신감 그해에,1,0,0,0,0,0.0,미상,미상,미상,미상,미상
해병대사령부통신감 서해안에서는,1,0,0,0,0,0.0,미상,미상,미상,미상,미상
해병대사령부통신감 초단파가,1,0,0,0,0,0.0,미상,미상,미상,미상,미상
해병대사령부행정감 강조하고,1,0,0,0,0,0.0,미상,미상,미상,미상,미상
해병대사령부행정감 그렇지,1,0,0,0,0,0.0,미상,미상,미상,미상,미상
해병대사령부행정감 없습니다.,1,0,0,0,0,0.0,미상,미상,미상,미상,미상
해병대사령부행정감 해병대에,1,0,0,0,0,0.0,미상,미상,미상,미상,미상
해병보급정비단장 해병대는,1,0,0,0,0,0.0,미상,미상,미상,미상,미상
해병진해기지사령관 그렇습니다.,1,0,0,0,0,0.0,미상,미상,미상,미상,미상
해병진해기지사령관 세멘벽돌로,1,0,0,0,0,0.0,미상,미상,미상,미상,미상
해병진해기지사령관 있었습니다.,1,0,0,0,0,0.0,미상,미상,미상,미상,미상
해병진해기지사령관 전부터,1,0,0,0,0,0.0,미상,미상,미상,미상,미상
해병진해기지사령관 제,1,0,0,0,0,0.0,미상,미상,미상,미상,미상
해병진해기지사령관 지금,1,0,0,0,0,0.0,미상,미상,미상,미상,미상
해서,1,0,0,0,0,0.0,미상,미상,미상,미상,미상
해서는,1,0,0,0,0,0.0,미상,미상,미상,미상,미상
행,1,0,0,0,0,0.0,미상,미상,미상,미상,미상
허영호 의원(계속),1,0,0,0,0,0.0,무소속,경남 부산갑,남,초선,지역구
허윤수 의원(계속),1,0,0,0,0,0.0,민주당,경남 마산,남,초선,지역구
헌병부장 이강내,1,0,0,0,0,0.0,미상,미상,미상,미상,미상
헌병사령부경리실장 봉급에,1,0,0,0,0,0.0,미상,미상,미상,미상,미상
헌병사령부경리실장 이것은,1,0,0,0,0,0.0,미상,미상,미상,미상,미상
헌병사령부부산분실장 그것은,1,0,0,0,0,0.0,미상,미상,미상,미상,미상
헌병사령부부산분실장 여기에서는,1,0,0,0,0,0.0,미상,미상,미상,미상,미상
헌병사령부부산분실장 재무부장관의,1,0,0,0,0,0.0,미상,미상,미상,미상,미상
헌병사령부부산분실장 지금,1,0,0,0,0,0.0,미상,미상,미상,미상,미상
헌병사령부부산분실장 지금은,1,0,0,0,0,0.0,미상,미상,미상,미상,미상
헌병사령부부산분실장 취조는,1,0,0,0,0,0.0,미상,미상,미상,미상,미상
헌병사령부부산분실장 헌병사령부의,1,0,0,0,0,0.0,미상,미상,미상,미상,미상
헌병사령부제3부수사계장 그것은,1,0,0,0,0,0.0,미상,미상,미상,미상,미상
헌병사령부제3부수사계장 그런데,1,0,0,0,0,0.0,미상,미상,미상,미상,미상
헌병사령부제3부수사계장 다,1,0,0,0,0,0.0,미상,미상,미상,미상,미상
헌병사령부제3부수사계장 미체포는,1,0,0,0,0,0.0,미상,미상,미상,미상,미상
헌병사령부제3부수사계장 이첩한다고,1,0,0,0,0,0.0,미상,미상,미상,미상,미상
헌병사령부제3부수사계장 제8CID,1,0,0,0,0,0.0,미상,미상,미상,미상,미상
헌병사령부제3부장 CID에,1,0,0,0,0,0.0,미상,미상,미상,미상,미상
헌병사령부제3부장 거기에,1,0,0,0,0,0.0,미상,미상,미상,미상,미상
헌병사령부제3부장 다시,1,0,0,0,0,0.0,미상,미상,미상,미상,미상
헌병사령부제3부장 방지책이라든지는,1,0,0,0,0,0.0,미상,미상,미상,미상,미상
헌병사령부제3부장 별것은,1,0,0,0,0,0.0,미상,미상,미상,미상,미상
헌병사령부제3부장 식유는,1,0,0,0,0,0.0,미상,미상,미상,미상,미상
헌병사령부제3부장 저희,1,0,0,0,0,0.0,미상,미상,미상,미상,미상
헌병사령부제3부장 저희는,1,0,0,0,0,0.0,미상,미상,미상,미상,미상
헌병사령부제3부장 저희들이,1,0,0,0,0,0.0,미상,미상,미상,미상,미상
헌병사령부참모장 민사사건으로,1,0,0,0,0,0.0,미상,미상,미상,미상,미상
호주대표(제미숀) 의장,1,0,0,0,0,0.0,미상,미상,미상,미상,미상
홍수피해조사위원장 백남식,1,0,0,0,0,0.0,무소속,경북 상주군을,남,재선,지역구
홍창섭 위원,1,0,0,0,0,0.0,자유당,강원 춘천,남,4선,지역구
황경수 의원(계속),1,0,0,0,0,0.0,자유당,경기 평택,남,초선,지역구
황달수 의원,1,0,0,0,0,0.0,미상,미상,미상,미상,미상
황병구 의원,1,0,0,0,0,0.0,미상,미상,미상,미상,미상
황병규 이원,1,0,0,0,0,0.0,무소속,전남 여수을,남,재선,지역구
황병수 의원,1,0,0,0,0,0.0,미상,미상,미상,미상,미상
황성수 정기원,1,0,0,0,0,0.0,자유당,경남 부산시병,남,재선,지역구
황호연 의원,1,0,0,0,0,0.0,미상,미상,미상,미상,미상
휫샤 미국하원의원,1,0,0,0,0,0.0,미상,미상,미상,미상,미상
柳聖甲 의원,1,0,0,0,0,0.0,미상,미상,미상,미상,미상
