정당,Family,Month,Count
자유당,기술,1948-06,0
자유당,기술,1948-07,0
자유당,기술,1948-08,0
자유당,기술,1948-09,0
자유당,기술,1948-10,0
자유당,기술,1948-11,0
자유당,기술,1948-12,0
자유당,기술,1949-01,0
자유당,기술,1949-02,0
자유당,기술,1949-03,0
자유당,기술,1949-04,0
자유당,기술,1949-05,0
자유당,기술,1949-06,0
자유당,기술,1949-07,0
자유당,기술,1949-08,0
자유당,기술,1949-09,0
자유당,기술,1949-10,0
자유당,기술,1949-11,0
자유당,기술,1949-12,0
자유당,기술,1950-01,0
자유당,기술,1950-02,0
자유당,기술,1950-03,0
자유당,기술,1950-04,0
자유당,기술,1950-06,0
자유당,기술,1950-10,0
자유당,기술,1950-11,0
자유당,기술,1950-12,0
자유당,기술,1951-01,0
자유당,기술,1951-02,0
자유당,기술,1951-03,0
자유당,기술,1951-04,0
자유당,기술,1951-05,0
자유당,기술,1951-06,0
자유당,기술,1951-07,0
자유당,기술,1951-08,0
자유당,기술,1951-09,0
자유당,기술,1951-10,0
자유당,기술,1951-11,0
자유당,기술,1951-12,0
자유당,기술,1952-01,0
자유당,기술,1952-02,0
자유당,기술,1952-03,0
자유당,기술,1952-04,0
자유당,기술,1952-05,0
자유당,기술,1952-06,0
자유당,기술,1952-07,0
자유당,기술,1952-08,0
자유당,기술,1952-09,2
자유당,기술,1952-10,0
자유당,기술,1952-11,1
자유당,기술,1952-12,0
자유당,기술,1953-01,0
자유당,기술,1953-02,0
자유당,기술,1953-03,1
자유당,기술,1953-04,2
자유당,기술,1953-05,0
자유당,기술,1953-06,0
자유당,기술,1953-07,0
자유당,기술,1953-08,0
자유당,기술,1953-09,0
자유당,기술,1953-10,0
자유당,기술,1953-11,0
자유당,기술,1953-12,0
자유당,기술,1954-01,0
자유당,기술,1954-02,0
자유당,기술,1954-03,1
자유당,기술,1954-04,0
자유당,기술,1954-05,0
자유당,기술,1954-06,5
자유당,기술,1954-07,20
자유당,기술,1954-08,26
자유당,기술,1954-09,55
자유당,기술,1954-10,59
자유당,기술,1954-11,34
자유당,기술,1954-12,83
자유당,기술,1955-01,83
자유당,기술,1955-02,10
자유당,기술,1955-03,38
자유당,기술,1955-04,44
자유당,기술,1955-05,84
자유당,기술,1955-06,231
자유당,기술,1955-07,245
자유당,기술,1955-08,0
자유당,기술,1955-09,18
자유당,기술,1955-10,44
자유당,기술,1955-11,62
자유당,기술,1955-12,40
자유당,기술,1956-01,75
자유당,기술,1956-02,73
자유당,기술,1956-03,4
자유당,기술,1956-04,1
자유당,기술,1956-05,9
자유당,기술,1956-06,37
자유당,기술,1956-07,229
자유당,기술,1956-08,15
자유당,기술,1956-09,6
자유당,기술,1956-10,51
자유당,기술,1956-11,14
자유당,기술,1956-12,168
자유당,기술,1957-01,34
자유당,기술,1957-02,16
자유당,기술,1957-03,73
자유당,기술,1957-04,30
자유당,기술,1957-05,4
자유당,기술,1957-06,64
자유당,기술,1957-07,72
자유당,기술,1957-08,27
자유당,기술,1957-09,32
자유당,기술,1957-10,22
자유당,기술,1957-11,29
자유당,기술,1957-12,217
자유당,기술,1958-01,2
자유당,기술,1958-02,50
자유당,기술,1958-03,0
자유당,기술,1958-04,1
자유당,기술,1958-05,1
자유당,기술,1958-06,44
자유당,기술,1958-07,262
자유당,기술,1958-08,185
자유당,기술,1958-09,42
자유당,기술,1958-10,33
자유당,기술,1958-11,227
자유당,기술,1958-12,226
자유당,기술,1959-01,0
자유당,기술,1959-02,3
자유당,기술,1959-03,2
자유당,기술,1959-04,3
자유당,기술,1959-05,35
자유당,기술,1959-06,100
자유당,기술,1959-07,1
자유당,기술,1959-09,1
자유당,기술,1959-10,27
자유당,기술,1959-11,308
자유당,기술,1959-12,193
자유당,기술,1960-01,77
자유당,기술,1960-02,2
자유당,기술,1960-03,3
자유당,기술,1960-04,8
무소속,기술,1948-06,25
무소속,기술,1948-07,40
무소속,기술,1948-08,19
무소속,기술,1948-09,84
무소속,기술,1948-10,27
무소속,기술,1948-11,27
무소속,기술,1948-12,24
무소속,기술,1949-01,21
무소속,기술,1949-02,31
무소속,기술,1949-03,58
무소속,기술,1949-04,68
무소속,기술,1949-05,15
무소속,기술,1949-06,13
무소속,기술,1949-07,29
무소속,기술,1949-08,0
무소속,기술,1949-09,11
무소속,기술,1949-10,20
무소속,기술,1949-11,105
무소속,기술,1949-12,11
무소속,기술,1950-01,59
무소속,기술,1950-02,42
무소속,기술,1950-03,32
무소속,기술,1950-04,29
무소속,기술,1950-06,0
무소속,기술,1950-10,4
무소속,기술,1950-11,34
무소속,기술,1950-12,7
무소속,기술,1951-01,18
무소속,기술,1951-02,34
무소속,기술,1951-03,43
무소속,기술,1951-04,48
무소속,기술,1951-05,32
무소속,기술,1951-06,46
무소속,기술,1951-07,35
무소속,기술,1951-08,53
무소속,기술,1951-09,40
무소속,기술,1951-10,16
무소속,기술,1951-11,50
무소속,기술,1951-12,38
무소속,기술,1952-01,6
무소속,기술,1952-02,12
무소속,기술,1952-03,24
무소속,기술,1952-04,23
무소속,기술,1952-05,17
무소속,기술,1952-06,2
무소속,기술,1952-07,13
무소속,기술,1952-08,6
무소속,기술,1952-09,25
무소속,기술,1952-10,9
무소속,기술,1952-11,58
무소속,기술,1952-12,20
무소속,기술,1953-01,22
무소속,기술,1953-02,32
무소속,기술,1953-03,19
무소속,기술,1953-04,62
무소속,기술,1953-05,34
무소속,기술,1953-06,19
무소속,기술,1953-07,45
무소속,기술,1953-08,3
무소속,기술,1953-09,15
무소속,기술,1953-10,30
무소속,기술,1953-11,119
무소속,기술,1953-12,14
무소속,기술,1954-01,16
무소속,기술,1954-02,22
무소속,기술,1954-03,81
무소속,기술,1954-04,2
무소속,기술,1954-05,0
무소속,기술,1954-06,3
무소속,기술,1954-07,10
무소속,기술,1954-08,7
무소속,기술,1954-09,18
무소속,기술,1954-10,30
무소속,기술,1954-11,17
무소속,기술,1954-12,30
무소속,기술,1955-01,33
무소속,기술,1955-02,2
무소속,기술,1955-03,14
무소속,기술,1955-04,9
무소속,기술,1955-05,35
무소속,기술,1955-06,83
무소속,기술,1955-07,70
무소속,기술,1955-08,0
무소속,기술,1955-09,8
무소속,기술,1955-10,14
무소속,기술,1955-11,23
무소속,기술,1955-12,14
무소속,기술,1956-01,25
무소속,기술,1956-02,23
무소속,기술,1956-03,0
무소속,기술,1956-04,0
무소속,기술,1956-05,7
무소속,기술,1956-06,18
무소속,기술,1956-07,90
무소속,기술,1956-08,6
무소속,기술,1956-09,2
무소속,기술,1956-10,17
무소속,기술,1956-11,1
무소속,기술,1956-12,89
무소속,기술,1957-01,11
무소속,기술,1957-02,6
무소속,기술,1957-03,22
무소속,기술,1957-04,13
무소속,기술,1957-05,0
무소속,기술,1957-06,18
무소속,기술,1957-07,31
무소속,기술,1957-08,13
무소속,기술,1957-09,5
무소속,기술,1957-10,21
무소속,기술,1957-11,15
무소속,기술,1957-12,72
무소속,기술,1958-01,1
무소속,기술,1958-02,13
무소속,기술,1958-03,0
무소속,기술,1958-04,0
무소속,기술,1958-05,0
무소속,기술,1958-06,3
무소속,기술,1958-07,49
무소속,기술,1958-08,28
무소속,기술,1958-09,1
무소속,기술,1958-10,4
무소속,기술,1958-11,51
무소속,기술,1958-12,18
무소속,기술,1959-01,0
무소속,기술,1959-02,2
무소속,기술,1959-03,0
무소속,기술,1959-04,1
무소속,기술,1959-05,15
무소속,기술,1959-06,16
무소속,기술,1959-07,2
무소속,기술,1959-09,0
무소속,기술,1959-10,9
무소속,기술,1959-11,80
무소속,기술,1959-12,37
무소속,기술,1960-01,20
무소속,기술,1960-02,0
무소속,기술,1960-03,1
무소속,기술,1960-04,5
민주당,기술,1948-06,0
민주당,기술,1948-07,0
민주당,기술,1948-08,0
민주당,기술,1948-09,0
민주당,기술,1948-10,0
민주당,기술,1948-11,0
민주당,기술,1948-12,0
민주당,기술,1949-01,0
민주당,기술,1949-02,0
민주당,기술,1949-03,0
민주당,기술,1949-04,0
민주당,기술,1949-05,0
민주당,기술,1949-06,0
민주당,기술,1949-07,0
민주당,기술,1949-08,0
민주당,기술,1949-09,0
민주당,기술,1949-10,0
민주당,기술,1949-11,0
민주당,기술,1949-12,0
민주당,기술,1950-01,0
민주당,기술,1950-02,0
민주당,기술,1950-03,0
민주당,기술,1950-04,0
민주당,기술,1950-06,0
민주당,기술,1950-10,0
민주당,기술,1950-11,0
민주당,기술,1950-12,0
민주당,기술,1951-01,0
민주당,기술,1951-02,0
민주당,기술,1951-03,0
민주당,기술,1951-04,0
민주당,기술,1951-05,0
민주당,기술,1951-06,0
민주당,기술,1951-07,0
민주당,기술,1951-08,0
민주당,기술,1951-09,0
민주당,기술,1951-10,0
민주당,기술,1951-11,0
민주당,기술,1951-12,0
민주당,기술,1952-01,0
민주당,기술,1952-02,0
민주당,기술,1952-03,0
민주당,기술,1952-04,0
민주당,기술,1952-05,0
민주당,기술,1952-06,0
민주당,기술,1952-07,0
민주당,기술,1952-08,0
민주당,기술,1952-09,0
민주당,기술,1952-10,0
민주당,기술,1952-11,0
민주당,기술,1952-12,0
민주당,기술,1953-01,0
민주당,기술,1953-02,0
민주당,기술,1953-03,0
민주당,기술,1953-04,0
민주당,기술,1953-05,0
민주당,기술,1953-06,0
민주당,기술,1953-07,0
민주당,기술,1953-08,0
민주당,기술,1953-09,0
민주당,기술,1953-10,0
민주당,기술,1953-11,0
민주당,기술,1953-12,0
민주당,기술,1954-01,0
민주당,기술,1954-02,0
민주당,기술,1954-03,0
민주당,기술,1954-04,0
민주당,기술,1954-05,0
민주당,기술,1954-06,0
민주당,기술,1954-07,0
민주당,기술,1954-08,0
민주당,기술,1954-09,0
민주당,기술,1954-10,0
민주당,기술,1954-11,0
민주당,기술,1954-12,0
민주당,기술,1955-01,0
민주당,기술,1955-02,0
민주당,기술,1955-03,0
민주당,기술,1955-04,0
민주당,기술,1955-05,0
민주당,기술,1955-06,0
민주당,기술,1955-07,0
민주당,기술,1955-08,0
민주당,기술,1955-09,0
민주당,기술,1955-10,0
민주당,기술,1955-11,0
민주당,기술,1955-12,0
민주당,기술,1956-01,0
민주당,기술,1956-02,0
민주당,기술,1956-03,0
민주당,기술,1956-04,0
민주당,기술,1956-05,0
민주당,기술,1956-06,0
민주당,기술,1956-07,0
민주당,기술,1956-08,0
민주당,기술,1956-09,0
민주당,기술,1956-10,0
민주당,기술,1956-11,0
민주당,기술,1956-12,0
민주당,기술,1957-01,0
민주당,기술,1957-02,0
민주당,기술,1957-03,0
민주당,기술,1957-04,1
민주당,기술,1957-05,0
민주당,기술,1957-06,0
민주당,기술,1957-07,0
민주당,기술,1957-08,0
민주당,기술,1957-09,0
민주당,기술,1957-10,0
민주당,기술,1957-11,0
민주당,기술,1957-12,0
민주당,기술,1958-01,0
민주당,기술,1958-02,0
민주당,기술,1958-03,0
민주당,기술,1958-04,0
민주당,기술,1958-05,0
민주당,기술,1958-06,12
민주당,기술,1958-07,199
민주당,기술,1958-08,208
민주당,기술,1958-09,5
민주당,기술,1958-10,23
민주당,기술,1958-11,151
민주당,기술,1958-12,94
민주당,기술,1959-01,0
민주당,기술,1959-02,7
민주당,기술,1959-03,19
민주당,기술,1959-04,1
민주당,기술,1959-05,28
민주당,기술,1959-06,98
민주당,기술,1959-07,11
민주당,기술,1959-09,0
민주당,기술,1959-10,21
민주당,기술,1959-11,266
민주당,기술,1959-12,190
민주당,기술,1960-01,49
민주당,기술,1960-02,0
민주당,기술,1960-03,0
민주당,기술,1960-04,8
한국민주당,기술,1948-06,19
한국민주당,기술,1948-07,27
한국민주당,기술,1948-08,9
한국민주당,기술,1948-09,26
한국민주당,기술,1948-10,8
한국민주당,기술,1948-11,23
한국민주당,기술,1948-12,9
한국민주당,기술,1949-01,10
한국민주당,기술,1949-02,21
한국민주당,기술,1949-03,55
한국민주당,기술,1949-04,61
한국민주당,기술,1949-05,10
한국민주당,기술,1949-06,6
한국민주당,기술,1949-07,32
한국민주당,기술,1949-08,0
한국민주당,기술,1949-09,20
한국민주당,기술,1949-10,18
한국민주당,기술,1949-11,96
한국민주당,기술,1949-12,27
한국민주당,기술,1950-01,29
한국민주당,기술,1950-02,17
한국민주당,기술,1950-03,26
한국민주당,기술,1950-04,29
한국민주당,기술,1950-06,0
한국민주당,기술,1950-10,0
한국민주당,기술,1950-11,0
한국민주당,기술,1950-12,0
한국민주당,기술,1951-01,0
한국민주당,기술,1951-02,0
한국민주당,기술,1951-03,0
한국민주당,기술,1951-04,0
한국민주당,기술,1951-05,0
한국민주당,기술,1951-06,0
한국민주당,기술,1951-07,0
한국민주당,기술,1951-08,0
한국민주당,기술,1951-09,0
한국민주당,기술,1951-10,0
한국민주당,기술,1951-11,0
한국민주당,기술,1951-12,0
한국민주당,기술,1952-01,0
한국민주당,기술,1952-02,0
한국민주당,기술,1952-03,0
한국민주당,기술,1952-04,0
한국민주당,기술,1952-05,0
한국민주당,기술,1952-06,0
한국민주당,기술,1952-07,0
한국민주당,기술,1952-08,0
한국민주당,기술,1952-09,0
한국민주당,기술,1952-10,0
한국민주당,기술,1952-11,0
한국민주당,기술,1952-12,0
한국민주당,기술,1953-01,0
한국민주당,기술,1953-02,0
한국민주당,기술,1953-03,0
한국민주당,기술,1953-04,0
한국민주당,기술,1953-05,0
한국민주당,기술,1953-06,0
한국민주당,기술,1953-07,0
한국민주당,기술,1953-08,0
한국민주당,기술,1953-09,0
한국민주당,기술,1953-10,0
한국민주당,기술,1953-11,0
한국민주당,기술,1953-12,0
한국민주당,기술,1954-01,0
한국민주당,기술,1954-02,0
한국민주당,기술,1954-03,0
한국민주당,기술,1954-04,0
한국민주당,기술,1954-05,0
한국민주당,기술,1954-06,0
한국민주당,기술,1954-07,0
한국민주당,기술,1954-08,0
한국민주당,기술,1954-09,0
한국민주당,기술,1954-10,0
한국민주당,기술,1954-11,0
한국민주당,기술,1954-12,0
한국민주당,기술,1955-01,0
한국민주당,기술,1955-02,0
한국민주당,기술,1955-03,0
한국민주당,기술,1955-04,0
한국민주당,기술,1955-05,0
한국민주당,기술,1955-06,0
한국민주당,기술,1955-07,0
한국민주당,기술,1955-08,0
한국민주당,기술,1955-09,0
한국민주당,기술,1955-10,0
한국민주당,기술,1955-11,0
한국민주당,기술,1955-12,0
한국민주당,기술,1956-01,0
한국민주당,기술,1956-02,0
한국민주당,기술,1956-03,0
한국민주당,기술,1956-04,0
한국민주당,기술,1956-05,0
한국민주당,기술,1956-06,0
한국민주당,기술,1956-07,0
한국민주당,기술,1956-08,0
한국민주당,기술,1956-09,0
한국민주당,기술,1956-10,0
한국민주당,기술,1956-11,0
한국민주당,기술,1956-12,0
한국민주당,기술,1957-01,0
한국민주당,기술,1957-02,0
한국민주당,기술,1957-03,0
한국민주당,기술,1957-04,0
한국민주당,기술,1957-05,0
한국민주당,기술,1957-06,0
한국민주당,기술,1957-07,0
한국민주당,기술,1957-08,0
한국민주당,기술,1957-09,0
한국민주당,기술,1957-10,0
한국민주당,기술,1957-11,0
한국민주당,기술,1957-12,0
한국민주당,기술,1958-01,0
한국민주당,기술,1958-02,0
한국민주당,기술,1958-03,0
한국민주당,기술,1958-04,0
한국민주당,기술,1958-05,0
한국민주당,기술,1958-06,0
한국민주당,기술,1958-07,0
한국민주당,기술,1958-08,0
한국민주당,기술,1958-09,0
한국민주당,기술,1958-10,0
한국민주당,기술,1958-11,0
한국민주당,기술,1958-12,0
한국민주당,기술,1959-01,0
한국민주당,기술,1959-02,0
한국민주당,기술,1959-03,0
한국민주당,기술,1959-04,0
한국민주당,기술,1959-05,0
한국민주당,기술,1959-06,0
한국민주당,기술,1959-07,0
한국민주당,기술,1959-09,0
한국민주당,기술,1959-10,0
한국민주당,기술,1959-11,0
한국민주당,기술,1959-12,0
한국민주당,기술,1960-01,0
한국민주당,기술,1960-02,0
한국민주당,기술,1960-03,0
한국민주당,기술,1960-04,0
대한국민당,기술,1948-06,0
대한국민당,기술,1948-07,0
대한국민당,기술,1948-08,0
대한국민당,기술,1948-09,0
대한국민당,기술,1948-10,0
대한국민당,기술,1948-11,0
대한국민당,기술,1948-12,0
대한국민당,기술,1949-01,0
대한국민당,기술,1949-02,0
대한국민당,기술,1949-03,0
대한국민당,기술,1949-04,0
대한국민당,기술,1949-05,0
대한국민당,기술,1949-06,0
대한국민당,기술,1949-07,0
대한국민당,기술,1949-08,0
대한국민당,기술,1949-09,0
대한국민당,기술,1949-10,0
대한국민당,기술,1949-11,0
대한국민당,기술,1949-12,0
대한국민당,기술,1950-01,0
대한국민당,기술,1950-02,0
대한국민당,기술,1950-03,0
대한국민당,기술,1950-04,0
대한국민당,기술,1950-06,0
대한국민당,기술,1950-10,1
대한국민당,기술,1950-11,11
대한국민당,기술,1950-12,1
대한국민당,기술,1951-01,1
대한국민당,기술,1951-02,4
대한국민당,기술,1951-03,16
대한국민당,기술,1951-04,14
대한국민당,기술,1951-05,11
대한국민당,기술,1951-06,9
대한국민당,기술,1951-07,13
대한국민당,기술,1951-08,9
대한국민당,기술,1951-09,10
대한국민당,기술,1951-10,9
대한국민당,기술,1951-11,9
대한국민당,기술,1951-12,11
대한국민당,기술,1952-01,1
대한국민당,기술,1952-02,4
대한국민당,기술,1952-03,6
대한국민당,기술,1952-04,4
대한국민당,기술,1952-05,6
대한국민당,기술,1952-06,3
대한국민당,기술,1952-07,4
대한국민당,기술,1952-08,3
대한국민당,기술,1952-09,20
대한국민당,기술,1952-10,6
대한국민당,기술,1952-11,4
대한국민당,기술,1952-12,3
대한국민당,기술,1953-01,8
대한국민당,기술,1953-02,5
대한국민당,기술,1953-03,8
대한국민당,기술,1953-04,22
대한국민당,기술,1953-05,10
대한국민당,기술,1953-06,18
대한국민당,기술,1953-07,13
대한국민당,기술,1953-08,2
대한국민당,기술,1953-09,7
대한국민당,기술,1953-10,3
대한국민당,기술,1953-11,19
대한국민당,기술,1953-12,0
대한국민당,기술,1954-01,3
대한국민당,기술,1954-02,6
대한국민당,기술,1954-03,22
대한국민당,기술,1954-04,1
대한국민당,기술,1954-05,0
대한국민당,기술,1954-06,0
대한국민당,기술,1954-07,0
대한국민당,기술,1954-08,0
대한국민당,기술,1954-09,0
대한국민당,기술,1954-10,0
대한국민당,기술,1954-11,0
대한국민당,기술,1954-12,0
대한국민당,기술,1955-01,0
대한국민당,기술,1955-02,0
대한국민당,기술,1955-03,0
대한국민당,기술,1955-04,0
대한국민당,기술,1955-05,0
대한국민당,기술,1955-06,0
대한국민당,기술,1955-07,0
대한국민당,기술,1955-08,0
대한국민당,기술,1955-09,0
대한국민당,기술,1955-10,0
대한국민당,기술,1955-11,0
대한국민당,기술,1955-12,0
대한국민당,기술,1956-01,0
대한국민당,기술,1956-02,0
대한국민당,기술,1956-03,0
대한국민당,기술,1956-04,0
대한국민당,기술,1956-05,0
대한국민당,기술,1956-06,0
대한국민당,기술,1956-07,0
대한국민당,기술,1956-08,0
대한국민당,기술,1956-09,0
대한국민당,기술,1956-10,0
대한국민당,기술,1956-11,0
대한국민당,기술,1956-12,0
대한국민당,기술,1957-01,0
대한국민당,기술,1957-02,0
대한국민당,기술,1957-03,0
대한국민당,기술,1957-04,0
대한국민당,기술,1957-05,0
대한국민당,기술,1957-06,0
대한국민당,기술,1957-07,0
대한국민당,기술,1957-08,0
대한국민당,기술,1957-09,0
대한국민당,기술,1957-10,0
대한국민당,기술,1957-11,0
대한국민당,기술,1957-12,0
대한국민당,기술,1958-01,0
대한국민당,기술,1958-02,0
대한국민당,기술,1958-03,0
대한국민당,기술,1958-04,0
대한국민당,기술,1958-05,0
대한국민당,기술,1958-06,0
대한국민당,기술,1958-07,0
대한국민당,기술,1958-08,0
대한국민당,기술,1958-09,0
대한국민당,기술,1958-10,0
대한국민당,기술,1958-11,0
대한국민당,기술,1958-12,0
대한국민당,기술,1959-01,0
대한국민당,기술,1959-02,0
대한국민당,기술,1959-03,0
대한국민당,기술,1959-04,0
대한국민당,기술,1959-05,0
대한국민당,기술,1959-06,0
대한국민당,기술,1959-07,0
대한국민당,기술,1959-09,0
대한국민당,기술,1959-10,0
대한국민당,기술,1959-11,0
대한국민당,기술,1959-12,0
대한국민당,기술,1960-01,0
대한국민당,기술,1960-02,0
대한국민당,기술,1960-03,0
대한국민당,기술,1960-04,0
대한독립촉성국민회,기술,1948-06,12
대한독립촉성국민회,기술,1948-07,22
대한독립촉성국민회,기술,1948-08,9
대한독립촉성국민회,기술,1948-09,34
대한독립촉성국민회,기술,1948-10,6
대한독립촉성국민회,기술,1948-11,6
대한독립촉성국민회,기술,1948-12,12
대한독립촉성국민회,기술,1949-01,7
대한독립촉성국민회,기술,1949-02,10
대한독립촉성국민회,기술,1949-03,23
대한독립촉성국민회,기술,1949-04,24
대한독립촉성국민회,기술,1949-05,5
대한독립촉성국민회,기술,1949-06,2
대한독립촉성국민회,기술,1949-07,18
대한독립촉성국민회,기술,1949-08,1
대한독립촉성국민회,기술,1949-09,13
대한독립촉성국민회,기술,1949-10,9
대한독립촉성국민회,기술,1949-11,47
대한독립촉성국민회,기술,1949-12,17
대한독립촉성국민회,기술,1950-01,48
대한독립촉성국민회,기술,1950-02,19
대한독립촉성국민회,기술,1950-03,10
대한독립촉성국민회,기술,1950-04,11
대한독립촉성국민회,기술,1950-06,2
대한독립촉성국민회,기술,1950-10,0
대한독립촉성국민회,기술,1950-11,3
대한독립촉성국민회,기술,1950-12,0
대한독립촉성국민회,기술,1951-01,0
대한독립촉성국민회,기술,1951-02,0
대한독립촉성국민회,기술,1951-03,0
대한독립촉성국민회,기술,1951-04,1
대한독립촉성국민회,기술,1951-05,0
대한독립촉성국민회,기술,1951-06,1
대한독립촉성국민회,기술,1951-07,1
대한독립촉성국민회,기술,1951-08,0
대한독립촉성국민회,기술,1951-09,0
대한독립촉성국민회,기술,1951-10,0
대한독립촉성국민회,기술,1951-11,3
대한독립촉성국민회,기술,1951-12,0
대한독립촉성국민회,기술,1952-01,0
대한독립촉성국민회,기술,1952-02,0
대한독립촉성국민회,기술,1952-03,0
대한독립촉성국민회,기술,1952-04,1
대한독립촉성국민회,기술,1952-05,0
대한독립촉성국민회,기술,1952-06,0
대한독립촉성국민회,기술,1952-07,0
대한독립촉성국민회,기술,1952-08,0
대한독립촉성국민회,기술,1952-09,2
대한독립촉성국민회,기술,1952-10,0
대한독립촉성국민회,기술,1952-11,5
대한독립촉성국민회,기술,1952-12,2
대한독립촉성국민회,기술,1953-01,0
대한독립촉성국민회,기술,1953-02,0
대한독립촉성국민회,기술,1953-03,3
대한독립촉성국민회,기술,1953-04,4
대한독립촉성국민회,기술,1953-05,0
대한독립촉성국민회,기술,1953-06,1
대한독립촉성국민회,기술,1953-07,2
대한독립촉성국민회,기술,1953-08,0
대한독립촉성국민회,기술,1953-09,0
대한독립촉성국민회,기술,1953-10,0
대한독립촉성국민회,기술,1953-11,1
대한독립촉성국민회,기술,1953-12,1
대한독립촉성국민회,기술,1954-01,0
대한독립촉성국민회,기술,1954-02,0
대한독립촉성국민회,기술,1954-03,1
대한독립촉성국민회,기술,1954-04,0
대한독립촉성국민회,기술,1954-05,0
대한독립촉성국민회,기술,1954-06,0
대한독립촉성국민회,기술,1954-07,0
대한독립촉성국민회,기술,1954-08,0
대한독립촉성국민회,기술,1954-09,0
대한독립촉성국민회,기술,1954-10,0
대한독립촉성국민회,기술,1954-11,0
대한독립촉성국민회,기술,1954-12,0
대한독립촉성국민회,기술,1955-01,0
대한독립촉성국민회,기술,1955-02,0
대한독립촉성국민회,기술,1955-03,0
대한독립촉성국민회,기술,1955-04,0
대한독립촉성국민회,기술,1955-05,0
대한독립촉성국민회,기술,1955-06,0
대한독립촉성국민회,기술,1955-07,0
대한독립촉성국민회,기술,1955-08,0
대한독립촉성국민회,기술,1955-09,0
대한독립촉성국민회,기술,1955-10,0
대한독립촉성국민회,기술,1955-11,0
대한독립촉성국민회,기술,1955-12,0
대한독립촉성국민회,기술,1956-01,0
대한독립촉성국민회,기술,1956-02,0
대한독립촉성국민회,기술,1956-03,0
대한독립촉성국민회,기술,1956-04,0
대한독립촉성국민회,기술,1956-05,0
대한독립촉성국민회,기술,1956-06,0
대한독립촉성국민회,기술,1956-07,0
대한독립촉성국민회,기술,1956-08,0
대한독립촉성국민회,기술,1956-09,0
대한독립촉성국민회,기술,1956-10,0
대한독립촉성국민회,기술,1956-11,0
대한독립촉성국민회,기술,1956-12,0
대한독립촉성국민회,기술,1957-01,0
대한독립촉성국민회,기술,1957-02,0
대한독립촉성국민회,기술,1957-03,0
대한독립촉성국민회,기술,1957-04,0
대한독립촉성국민회,기술,1957-05,0
대한독립촉성국민회,기술,1957-06,0
대한독립촉성국민회,기술,1957-07,0
대한독립촉성국민회,기술,1957-08,0
대한독립촉성국민회,기술,1957-09,0
대한독립촉성국민회,기술,1957-10,0
대한독립촉성국민회,기술,1957-11,0
대한독립촉성국민회,기술,1957-12,0
대한독립촉성국민회,기술,1958-01,0
대한독립촉성국민회,기술,1958-02,0
대한독립촉성국민회,기술,1958-03,0
대한독립촉성국민회,기술,1958-04,0
대한독립촉성국민회,기술,1958-05,0
대한독립촉성국민회,기술,1958-06,0
대한독립촉성국민회,기술,1958-07,0
대한독립촉성국민회,기술,1958-08,0
대한독립촉성국민회,기술,1958-09,0
대한독립촉성국민회,기술,1958-10,0
대한독립촉성국민회,기술,1958-11,0
대한독립촉성국민회,기술,1958-12,0
대한독립촉성국민회,기술,1959-01,0
대한독립촉성국민회,기술,1959-02,0
대한독립촉성국민회,기술,1959-03,0
대한독립촉성국민회,기술,1959-04,0
대한독립촉성국민회,기술,1959-05,0
대한독립촉성국민회,기술,1959-06,0
대한독립촉성국민회,기술,1959-07,0
대한독립촉성국민회,기술,1959-09,0
대한독립촉성국민회,기술,1959-10,0
대한독립촉성국민회,기술,1959-11,0
대한독립촉성국민회,기술,1959-12,0
대한독립촉성국민회,기술,1960-01,0
대한독립촉성국민회,기술,1960-02,0
대한독립촉성국민회,기술,1960-03,0
대한독립촉성국민회,기술,1960-04,0
민주국민당,기술,1948-06,0
민주국민당,기술,1948-07,0
민주국민당,기술,1948-08,0
민주국민당,기술,1948-09,0
민주국민당,기술,1948-10,0
민주국민당,기술,1948-11,0
민주국민당,기술,1948-12,0
민주국민당,기술,1949-01,0
민주국민당,기술,1949-02,0
민주국민당,기술,1949-03,0
민주국민당,기술,1949-04,0
민주국민당,기술,1949-05,0
민주국민당,기술,1949-06,0
민주국민당,기술,1949-07,0
민주국민당,기술,1949-08,0
민주국민당,기술,1949-09,0
민주국민당,기술,1949-10,0
민주국민당,기술,1949-11,2
민주국민당,기술,1949-12,0
민주국민당,기술,1950-01,0
민주국민당,기술,1950-02,0
민주국민당,기술,1950-03,1
민주국민당,기술,1950-04,0
민주국민당,기술,1950-06,0
민주국민당,기술,1950-10,0
민주국민당,기술,1950-11,10
민주국민당,기술,1950-12,3
민주국민당,기술,1951-01,6
민주국민당,기술,1951-02,3
민주국민당,기술,1951-03,7
민주국민당,기술,1951-04,6
민주국민당,기술,1951-05,5
민주국민당,기술,1951-06,5
민주국민당,기술,1951-07,4
민주국민당,기술,1951-08,5
민주국민당,기술,1951-09,10
민주국민당,기술,1951-10,1
민주국민당,기술,1951-11,5
민주국민당,기술,1951-12,6
민주국민당,기술,1952-01,1
민주국민당,기술,1952-02,0
민주국민당,기술,1952-03,3
민주국민당,기술,1952-04,2
민주국민당,기술,1952-05,6
민주국민당,기술,1952-06,0
민주국민당,기술,1952-07,1
민주국민당,기술,1952-08,0
민주국민당,기술,1952-09,9
민주국민당,기술,1952-10,2
민주국민당,기술,1952-11,20
민주국민당,기술,1952-12,5
민주국민당,기술,1953-01,4
민주국민당,기술,1953-02,5
민주국민당,기술,1953-03,4
민주국민당,기술,1953-04,4
민주국민당,기술,1953-05,3
민주국민당,기술,1953-06,0
민주국민당,기술,1953-07,5
민주국민당,기술,1953-08,1
민주국민당,기술,1953-09,4
민주국민당,기술,1953-10,6
민주국민당,기술,1953-11,8
민주국민당,기술,1953-12,4
민주국민당,기술,1954-01,1
민주국민당,기술,1954-02,4
민주국민당,기술,1954-03,11
민주국민당,기술,1954-04,2
민주국민당,기술,1954-05,0
민주국민당,기술,1954-06,4
민주국민당,기술,1954-07,6
민주국민당,기술,1954-08,6
민주국민당,기술,1954-09,15
민주국민당,기술,1954-10,8
민주국민당,기술,1954-11,4
민주국민당,기술,1954-12,12
민주국민당,기술,1955-01,14
민주국민당,기술,1955-02,0
민주국민당,기술,1955-03,9
민주국민당,기술,1955-04,7
민주국민당,기술,1955-05,10
민주국민당,기술,1955-06,24
민주국민당,기술,1955-07,16
민주국민당,기술,1955-08,0
민주국민당,기술,1955-09,5
민주국민당,기술,1955-10,10
민주국민당,기술,1955-11,5
민주국민당,기술,1955-12,3
민주국민당,기술,1956-01,3
민주국민당,기술,1956-02,12
민주국민당,기술,1956-03,0
민주국민당,기술,1956-04,0
민주국민당,기술,1956-05,1
민주국민당,기술,1956-06,5
민주국민당,기술,1956-07,17
민주국민당,기술,1956-08,5
민주국민당,기술,1956-09,5
민주국민당,기술,1956-10,1
민주국민당,기술,1956-11,1
민주국민당,기술,1956-12,11
민주국민당,기술,1957-01,4
민주국민당,기술,1957-02,3
민주국민당,기술,1957-03,5
민주국민당,기술,1957-04,1
민주국민당,기술,1957-05,0
민주국민당,기술,1957-06,10
민주국민당,기술,1957-07,10
민주국민당,기술,1957-08,4
민주국민당,기술,1957-09,5
민주국민당,기술,1957-10,6
민주국민당,기술,1957-11,8
민주국민당,기술,1957-12,20
민주국민당,기술,1958-01,0
민주국민당,기술,1958-02,5
민주국민당,기술,1958-03,1
민주국민당,기술,1958-04,0
민주국민당,기술,1958-05,0
민주국민당,기술,1958-06,0
민주국민당,기술,1958-07,0
민주국민당,기술,1958-08,0
민주국민당,기술,1958-09,0
민주국민당,기술,1958-10,0
민주국민당,기술,1958-11,0
민주국민당,기술,1958-12,0
민주국민당,기술,1959-01,0
민주국민당,기술,1959-02,0
민주국민당,기술,1959-03,0
민주국민당,기술,1959-04,0
민주국민당,기술,1959-05,0
민주국민당,기술,1959-06,0
민주국민당,기술,1959-07,0
민주국민당,기술,1959-09,0
민주국민당,기술,1959-10,0
민주국민당,기술,1959-11,0
민주국민당,기술,1959-12,0
민주국민당,기술,1960-01,0
민주국민당,기술,1960-02,0
민주국민당,기술,1960-03,0
민주국민당,기술,1960-04,0
조선공화당,기술,1948-06,0
조선공화당,기술,1948-07,0
조선공화당,기술,1948-08,0
조선공화당,기술,1948-09,3
조선공화당,기술,1948-10,0
조선공화당,기술,1948-11,0
조선공화당,기술,1948-12,0
조선공화당,기술,1949-01,2
조선공화당,기술,1949-02,2
조선공화당,기술,1949-03,5
조선공화당,기술,1949-04,3
조선공화당,기술,1949-05,0
조선공화당,기술,1949-06,1
조선공화당,기술,1949-07,0
조선공화당,기술,1949-08,0
조선공화당,기술,1949-09,0
조선공화당,기술,1949-10,0
조선공화당,기술,1949-11,0
조선공화당,기술,1949-12,0
조선공화당,기술,1950-01,0
조선공화당,기술,1950-02,0
조선공화당,기술,1950-03,0
조선공화당,기술,1950-04,0
조선공화당,기술,1950-06,0
조선공화당,기술,1950-10,0
조선공화당,기술,1950-11,0
조선공화당,기술,1950-12,0
조선공화당,기술,1951-01,0
조선공화당,기술,1951-02,0
조선공화당,기술,1951-03,0
조선공화당,기술,1951-04,0
조선공화당,기술,1951-05,0
조선공화당,기술,1951-06,0
조선공화당,기술,1951-07,0
조선공화당,기술,1951-08,0
조선공화당,기술,1951-09,0
조선공화당,기술,1951-10,0
조선공화당,기술,1951-11,0
조선공화당,기술,1951-12,0
조선공화당,기술,1952-01,0
조선공화당,기술,1952-02,0
조선공화당,기술,1952-03,0
조선공화당,기술,1952-04,0
조선공화당,기술,1952-05,0
조선공화당,기술,1952-06,0
조선공화당,기술,1952-07,0
조선공화당,기술,1952-08,0
조선공화당,기술,1952-09,0
조선공화당,기술,1952-10,0
조선공화당,기술,1952-11,0
조선공화당,기술,1952-12,0
조선공화당,기술,1953-01,0
조선공화당,기술,1953-02,0
조선공화당,기술,1953-03,0
조선공화당,기술,1953-04,0
조선공화당,기술,1953-05,0
조선공화당,기술,1953-06,0
조선공화당,기술,1953-07,0
조선공화당,기술,1953-08,0
조선공화당,기술,1953-09,0
조선공화당,기술,1953-10,0
조선공화당,기술,1953-11,0
조선공화당,기술,1953-12,0
조선공화당,기술,1954-01,0
조선공화당,기술,1954-02,0
조선공화당,기술,1954-03,0
조선공화당,기술,1954-04,0
조선공화당,기술,1954-05,0
조선공화당,기술,1954-06,0
조선공화당,기술,1954-07,0
조선공화당,기술,1954-08,0
조선공화당,기술,1954-09,0
조선공화당,기술,1954-10,0
조선공화당,기술,1954-11,0
조선공화당,기술,1954-12,0
조선공화당,기술,1955-01,0
조선공화당,기술,1955-02,0
조선공화당,기술,1955-03,0
조선공화당,기술,1955-04,0
조선공화당,기술,1955-05,0
조선공화당,기술,1955-06,0
조선공화당,기술,1955-07,0
조선공화당,기술,1955-08,0
조선공화당,기술,1955-09,0
조선공화당,기술,1955-10,0
조선공화당,기술,1955-11,0
조선공화당,기술,1955-12,0
조선공화당,기술,1956-01,0
조선공화당,기술,1956-02,0
조선공화당,기술,1956-03,0
조선공화당,기술,1956-04,0
조선공화당,기술,1956-05,0
조선공화당,기술,1956-06,0
조선공화당,기술,1956-07,0
조선공화당,기술,1956-08,0
조선공화당,기술,1956-09,0
조선공화당,기술,1956-10,0
조선공화당,기술,1956-11,0
조선공화당,기술,1956-12,0
조선공화당,기술,1957-01,0
조선공화당,기술,1957-02,0
조선공화당,기술,1957-03,0
조선공화당,기술,1957-04,0
조선공화당,기술,1957-05,0
조선공화당,기술,1957-06,0
조선공화당,기술,1957-07,0
조선공화당,기술,1957-08,0
조선공화당,기술,1957-09,0
조선공화당,기술,1957-10,0
조선공화당,기술,1957-11,0
조선공화당,기술,1957-12,0
조선공화당,기술,1958-01,0
조선공화당,기술,1958-02,0
조선공화당,기술,1958-03,0
조선공화당,기술,1958-04,0
조선공화당,기술,1958-05,0
조선공화당,기술,1958-06,0
조선공화당,기술,1958-07,0
조선공화당,기술,1958-08,0
조선공화당,기술,1958-09,0
조선공화당,기술,1958-10,0
조선공화당,기술,1958-11,0
조선공화당,기술,1958-12,0
조선공화당,기술,1959-01,0
조선공화당,기술,1959-02,0
조선공화당,기술,1959-03,0
조선공화당,기술,1959-04,0
조선공화당,기술,1959-05,0
조선공화당,기술,1959-06,0
조선공화당,기술,1959-07,0
조선공화당,기술,1959-09,0
조선공화당,기술,1959-10,0
조선공화당,기술,1959-11,0
조선공화당,기술,1959-12,0
조선공화당,기술,1960-01,0
조선공화당,기술,1960-02,0
조선공화당,기술,1960-03,0
조선공화당,기술,1960-04,0
대동청년당,기술,1948-06,3
대동청년당,기술,1948-07,3
대동청년당,기술,1948-08,7
대동청년당,기술,1948-09,7
대동청년당,기술,1948-10,1
대동청년당,기술,1948-11,2
대동청년당,기술,1948-12,1
대동청년당,기술,1949-01,5
대동청년당,기술,1949-02,3
대동청년당,기술,1949-03,9
대동청년당,기술,1949-04,3
대동청년당,기술,1949-05,0
대동청년당,기술,1949-06,0
대동청년당,기술,1949-07,0
대동청년당,기술,1949-08,0
대동청년당,기술,1949-09,0
대동청년당,기술,1949-10,2
대동청년당,기술,1949-11,4
대동청년당,기술,1949-12,0
대동청년당,기술,1950-01,1
대동청년당,기술,1950-02,1
대동청년당,기술,1950-03,0
대동청년당,기술,1950-04,1
대동청년당,기술,1950-06,0
대동청년당,기술,1950-10,0
대동청년당,기술,1950-11,0
대동청년당,기술,1950-12,0
대동청년당,기술,1951-01,0
대동청년당,기술,1951-02,0
대동청년당,기술,1951-03,0
대동청년당,기술,1951-04,0
대동청년당,기술,1951-05,0
대동청년당,기술,1951-06,0
대동청년당,기술,1951-07,0
대동청년당,기술,1951-08,0
대동청년당,기술,1951-09,0
대동청년당,기술,1951-10,0
대동청년당,기술,1951-11,0
대동청년당,기술,1951-12,0
대동청년당,기술,1952-01,0
대동청년당,기술,1952-02,0
대동청년당,기술,1952-03,0
대동청년당,기술,1952-04,0
대동청년당,기술,1952-05,0
대동청년당,기술,1952-06,0
대동청년당,기술,1952-07,0
대동청년당,기술,1952-08,0
대동청년당,기술,1952-09,0
대동청년당,기술,1952-10,0
대동청년당,기술,1952-11,0
대동청년당,기술,1952-12,0
대동청년당,기술,1953-01,0
대동청년당,기술,1953-02,0
대동청년당,기술,1953-03,0
대동청년당,기술,1953-04,0
대동청년당,기술,1953-05,0
대동청년당,기술,1953-06,0
대동청년당,기술,1953-07,0
대동청년당,기술,1953-08,0
대동청년당,기술,1953-09,0
대동청년당,기술,1953-10,0
대동청년당,기술,1953-11,0
대동청년당,기술,1953-12,0
대동청년당,기술,1954-01,0
대동청년당,기술,1954-02,0
대동청년당,기술,1954-03,0
대동청년당,기술,1954-04,0
대동청년당,기술,1954-05,0
대동청년당,기술,1954-06,0
대동청년당,기술,1954-07,0
대동청년당,기술,1954-08,0
대동청년당,기술,1954-09,0
대동청년당,기술,1954-10,0
대동청년당,기술,1954-11,0
대동청년당,기술,1954-12,0
대동청년당,기술,1955-01,0
대동청년당,기술,1955-02,0
대동청년당,기술,1955-03,0
대동청년당,기술,1955-04,0
대동청년당,기술,1955-05,0
대동청년당,기술,1955-06,0
대동청년당,기술,1955-07,0
대동청년당,기술,1955-08,0
대동청년당,기술,1955-09,0
대동청년당,기술,1955-10,0
대동청년당,기술,1955-11,0
대동청년당,기술,1955-12,0
대동청년당,기술,1956-01,0
대동청년당,기술,1956-02,0
대동청년당,기술,1956-03,0
대동청년당,기술,1956-04,0
대동청년당,기술,1956-05,0
대동청년당,기술,1956-06,0
대동청년당,기술,1956-07,0
대동청년당,기술,1956-08,0
대동청년당,기술,1956-09,0
대동청년당,기술,1956-10,0
대동청년당,기술,1956-11,0
대동청년당,기술,1956-12,0
대동청년당,기술,1957-01,0
대동청년당,기술,1957-02,0
대동청년당,기술,1957-03,0
대동청년당,기술,1957-04,0
대동청년당,기술,1957-05,0
대동청년당,기술,1957-06,0
대동청년당,기술,1957-07,0
대동청년당,기술,1957-08,0
대동청년당,기술,1957-09,0
대동청년당,기술,1957-10,0
대동청년당,기술,1957-11,0
대동청년당,기술,1957-12,0
대동청년당,기술,1958-01,0
대동청년당,기술,1958-02,0
대동청년당,기술,1958-03,0
대동청년당,기술,1958-04,0
대동청년당,기술,1958-05,0
대동청년당,기술,1958-06,0
대동청년당,기술,1958-07,0
대동청년당,기술,1958-08,0
대동청년당,기술,1958-09,0
대동청년당,기술,1958-10,0
대동청년당,기술,1958-11,0
대동청년당,기술,1958-12,0
대동청년당,기술,1959-01,0
대동청년당,기술,1959-02,0
대동청년당,기술,1959-03,0
대동청년당,기술,1959-04,0
대동청년당,기술,1959-05,0
대동청년당,기술,1959-06,0
대동청년당,기술,1959-07,0
대동청년당,기술,1959-09,0
대동청년당,기술,1959-10,0
대동청년당,기술,1959-11,0
대동청년당,기술,1959-12,0
대동청년당,기술,1960-01,0
대동청년당,기술,1960-02,0
대동청년당,기술,1960-03,0
대동청년당,기술,1960-04,0
조선민족청년단,기술,1948-06,0
조선민족청년단,기술,1948-07,5
조선민족청년단,기술,1948-08,2
조선민족청년단,기술,1948-09,1
조선민족청년단,기술,1948-10,3
조선민족청년단,기술,1948-11,2
조선민족청년단,기술,1948-12,1
조선민족청년단,기술,1949-01,1
조선민족청년단,기술,1949-02,0
조선민족청년단,기술,1949-03,4
조선민족청년단,기술,1949-04,5
조선민족청년단,기술,1949-05,0
조선민족청년단,기술,1949-06,0
조선민족청년단,기술,1949-07,11
조선민족청년단,기술,1949-08,0
조선민족청년단,기술,1949-09,0
조선민족청년단,기술,1949-10,1
조선민족청년단,기술,1949-11,11
조선민족청년단,기술,1949-12,0
조선민족청년단,기술,1950-01,38
조선민족청년단,기술,1950-02,2
조선민족청년단,기술,1950-03,0
조선민족청년단,기술,1950-04,3
조선민족청년단,기술,1950-06,0
조선민족청년단,기술,1950-10,0
조선민족청년단,기술,1950-11,0
조선민족청년단,기술,1950-12,0
조선민족청년단,기술,1951-01,0
조선민족청년단,기술,1951-02,0
조선민족청년단,기술,1951-03,0
조선민족청년단,기술,1951-04,0
조선민족청년단,기술,1951-05,0
조선민족청년단,기술,1951-06,0
조선민족청년단,기술,1951-07,0
조선민족청년단,기술,1951-08,0
조선민족청년단,기술,1951-09,0
조선민족청년단,기술,1951-10,0
조선민족청년단,기술,1951-11,0
조선민족청년단,기술,1951-12,0
조선민족청년단,기술,1952-01,0
조선민족청년단,기술,1952-02,0
조선민족청년단,기술,1952-03,0
조선민족청년단,기술,1952-04,0
조선민족청년단,기술,1952-05,0
조선민족청년단,기술,1952-06,0
조선민족청년단,기술,1952-07,0
조선민족청년단,기술,1952-08,0
조선민족청년단,기술,1952-09,0
조선민족청년단,기술,1952-10,0
조선민족청년단,기술,1952-11,0
조선민족청년단,기술,1952-12,0
조선민족청년단,기술,1953-01,0
조선민족청년단,기술,1953-02,0
조선민족청년단,기술,1953-03,0
조선민족청년단,기술,1953-04,0
조선민족청년단,기술,1953-05,0
조선민족청년단,기술,1953-06,0
조선민족청년단,기술,1953-07,0
조선민족청년단,기술,1953-08,0
조선민족청년단,기술,1953-09,0
조선민족청년단,기술,1953-10,0
조선민족청년단,기술,1953-11,0
조선민족청년단,기술,1953-12,0
조선민족청년단,기술,1954-01,0
조선민족청년단,기술,1954-02,0
조선민족청년단,기술,1954-03,0
조선민족청년단,기술,1954-04,0
조선민족청년단,기술,1954-05,0
조선민족청년단,기술,1954-06,0
조선민족청년단,기술,1954-07,0
조선민족청년단,기술,1954-08,0
조선민족청년단,기술,1954-09,0
조선민족청년단,기술,1954-10,0
조선민족청년단,기술,1954-11,0
조선민족청년단,기술,1954-12,0
조선민족청년단,기술,1955-01,0
조선민족청년단,기술,1955-02,0
조선민족청년단,기술,1955-03,0
조선민족청년단,기술,1955-04,0
조선민족청년단,기술,1955-05,0
조선민족청년단,기술,1955-06,0
조선민족청년단,기술,1955-07,0
조선민족청년단,기술,1955-08,0
조선민족청년단,기술,1955-09,0
조선민족청년단,기술,1955-10,0
조선민족청년단,기술,1955-11,0
조선민족청년단,기술,1955-12,0
조선민족청년단,기술,1956-01,0
조선민족청년단,기술,1956-02,0
조선민족청년단,기술,1956-03,0
조선민족청년단,기술,1956-04,0
조선민족청년단,기술,1956-05,0
조선민족청년단,기술,1956-06,0
조선민족청년단,기술,1956-07,0
조선민족청년단,기술,1956-08,0
조선민족청년단,기술,1956-09,0
조선민족청년단,기술,1956-10,0
조선민족청년단,기술,1956-11,0
조선민족청년단,기술,1956-12,0
조선민족청년단,기술,1957-01,0
조선민족청년단,기술,1957-02,0
조선민족청년단,기술,1957-03,0
조선민족청년단,기술,1957-04,0
조선민족청년단,기술,1957-05,0
조선민족청년단,기술,1957-06,0
조선민족청년단,기술,1957-07,0
조선민족청년단,기술,1957-08,0
조선민족청년단,기술,1957-09,0
조선민족청년단,기술,1957-10,0
조선민족청년단,기술,1957-11,0
조선민족청년단,기술,1957-12,0
조선민족청년단,기술,1958-01,0
조선민족청년단,기술,1958-02,0
조선민족청년단,기술,1958-03,0
조선민족청년단,기술,1958-04,0
조선민족청년단,기술,1958-05,0
조선민족청년단,기술,1958-06,0
조선민족청년단,기술,1958-07,0
조선민족청년단,기술,1958-08,0
조선민족청년단,기술,1958-09,0
조선민족청년단,기술,1958-10,0
조선민족청년단,기술,1958-11,0
조선민족청년단,기술,1958-12,0
조선민족청년단,기술,1959-01,0
조선민족청년단,기술,1959-02,0
조선민족청년단,기술,1959-03,0
조선민족청년단,기술,1959-04,0
조선민족청년단,기술,1959-05,0
조선민족청년단,기술,1959-06,0
조선민족청년단,기술,1959-07,0
조선민족청년단,기술,1959-09,0
조선민족청년단,기술,1959-10,0
조선민족청년단,기술,1959-11,0
조선민족청년단,기술,1959-12,0
조선민족청년단,기술,1960-01,0
조선민족청년단,기술,1960-02,0
조선민족청년단,기술,1960-03,0
조선민족청년단,기술,1960-04,0
대한청년단,기술,1948-06,0
대한청년단,기술,1948-07,0
대한청년단,기술,1948-08,0
대한청년단,기술,1948-09,0
대한청년단,기술,1948-10,0
대한청년단,기술,1948-11,0
대한청년단,기술,1948-12,0
대한청년단,기술,1949-01,0
대한청년단,기술,1949-02,0
대한청년단,기술,1949-03,0
대한청년단,기술,1949-04,0
대한청년단,기술,1949-05,0
대한청년단,기술,1949-06,0
대한청년단,기술,1949-07,0
대한청년단,기술,1949-08,0
대한청년단,기술,1949-09,0
대한청년단,기술,1949-10,0
대한청년단,기술,1949-11,0
대한청년단,기술,1949-12,0
대한청년단,기술,1950-01,0
대한청년단,기술,1950-02,0
대한청년단,기술,1950-03,0
대한청년단,기술,1950-04,0
대한청년단,기술,1950-06,0
대한청년단,기술,1950-10,0
대한청년단,기술,1950-11,1
대한청년단,기술,1950-12,0
대한청년단,기술,1951-01,0
대한청년단,기술,1951-02,1
대한청년단,기술,1951-03,1
대한청년단,기술,1951-04,1
대한청년단,기술,1951-05,0
대한청년단,기술,1951-06,2
대한청년단,기술,1951-07,2
대한청년단,기술,1951-08,1
대한청년단,기술,1951-09,1
대한청년단,기술,1951-10,2
대한청년단,기술,1951-11,3
대한청년단,기술,1951-12,3
대한청년단,기술,1952-01,2
대한청년단,기술,1952-02,1
대한청년단,기술,1952-03,2
대한청년단,기술,1952-04,1
대한청년단,기술,1952-05,0
대한청년단,기술,1952-06,0
대한청년단,기술,1952-07,0
대한청년단,기술,1952-08,0
대한청년단,기술,1952-09,3
대한청년단,기술,1952-10,1
대한청년단,기술,1952-11,0
대한청년단,기술,1952-12,0
대한청년단,기술,1953-01,2
대한청년단,기술,1953-02,1
대한청년단,기술,1953-03,3
대한청년단,기술,1953-04,3
대한청년단,기술,1953-05,0
대한청년단,기술,1953-06,0
대한청년단,기술,1953-07,1
대한청년단,기술,1953-08,0
대한청년단,기술,1953-09,0
대한청년단,기술,1953-10,3
대한청년단,기술,1953-11,4
대한청년단,기술,1953-12,0
대한청년단,기술,1954-01,1
대한청년단,기술,1954-02,0
대한청년단,기술,1954-03,2
대한청년단,기술,1954-04,1
대한청년단,기술,1954-05,0
대한청년단,기술,1954-06,0
대한청년단,기술,1954-07,0
대한청년단,기술,1954-08,0
대한청년단,기술,1954-09,0
대한청년단,기술,1954-10,0
대한청년단,기술,1954-11,0
대한청년단,기술,1954-12,0
대한청년단,기술,1955-01,0
대한청년단,기술,1955-02,0
대한청년단,기술,1955-03,0
대한청년단,기술,1955-04,0
대한청년단,기술,1955-05,0
대한청년단,기술,1955-06,0
대한청년단,기술,1955-07,0
대한청년단,기술,1955-08,0
대한청년단,기술,1955-09,0
대한청년단,기술,1955-10,0
대한청년단,기술,1955-11,0
대한청년단,기술,1955-12,0
대한청년단,기술,1956-01,0
대한청년단,기술,1956-02,0
대한청년단,기술,1956-03,0
대한청년단,기술,1956-04,0
대한청년단,기술,1956-05,0
대한청년단,기술,1956-06,0
대한청년단,기술,1956-07,0
대한청년단,기술,1956-08,0
대한청년단,기술,1956-09,0
대한청년단,기술,1956-10,0
대한청년단,기술,1956-11,0
대한청년단,기술,1956-12,0
대한청년단,기술,1957-01,0
대한청년단,기술,1957-02,0
대한청년단,기술,1957-03,0
대한청년단,기술,1957-04,0
대한청년단,기술,1957-05,0
대한청년단,기술,1957-06,0
대한청년단,기술,1957-07,0
대한청년단,기술,1957-08,0
대한청년단,기술,1957-09,0
대한청년단,기술,1957-10,0
대한청년단,기술,1957-11,0
대한청년단,기술,1957-12,0
대한청년단,기술,1958-01,0
대한청년단,기술,1958-02,0
대한청년단,기술,1958-03,0
대한청년단,기술,1958-04,0
대한청년단,기술,1958-05,0
대한청년단,기술,1958-06,0
대한청년단,기술,1958-07,0
대한청년단,기술,1958-08,0
대한청년단,기술,1958-09,0
대한청년단,기술,1958-10,0
대한청년단,기술,1958-11,0
대한청년단,기술,1958-12,0
대한청년단,기술,1959-01,0
대한청년단,기술,1959-02,0
대한청년단,기술,1959-03,0
대한청년단,기술,1959-04,0
대한청년단,기술,1959-05,0
대한청년단,기술,1959-06,0
대한청년단,기술,1959-07,0
대한청년단,기술,1959-09,0
대한청년단,기술,1959-10,0
대한청년단,기술,1959-11,0
대한청년단,기술,1959-12,0
대한청년단,기술,1960-01,0
대한청년단,기술,1960-02,0
대한청년단,기술,1960-03,0
대한청년단,기술,1960-04,0
국민당,기술,1948-06,0
국민당,기술,1948-07,0
국민당,기술,1948-08,0
국민당,기술,1948-09,0
국민당,기술,1948-10,0
국민당,기술,1948-11,0
국민당,기술,1948-12,0
국민당,기술,1949-01,0
국민당,기술,1949-02,0
국민당,기술,1949-03,0
국민당,기술,1949-04,0
국민당,기술,1949-05,0
국민당,기술,1949-06,0
국민당,기술,1949-07,0
국민당,기술,1949-08,0
국민당,기술,1949-09,0
국민당,기술,1949-10,0
국민당,기술,1949-11,0
국민당,기술,1949-12,0
국민당,기술,1950-01,0
국민당,기술,1950-02,0
국민당,기술,1950-03,0
국민당,기술,1950-04,0
국민당,기술,1950-06,0
국민당,기술,1950-10,0
국민당,기술,1950-11,0
국민당,기술,1950-12,0
국민당,기술,1951-01,0
국민당,기술,1951-02,0
국민당,기술,1951-03,0
국민당,기술,1951-04,0
국민당,기술,1951-05,0
국민당,기술,1951-06,0
국민당,기술,1951-07,0
국민당,기술,1951-08,0
국민당,기술,1951-09,0
국민당,기술,1951-10,0
국민당,기술,1951-11,0
국민당,기술,1951-12,0
국민당,기술,1952-01,0
국민당,기술,1952-02,0
국민당,기술,1952-03,0
국민당,기술,1952-04,0
국민당,기술,1952-05,0
국민당,기술,1952-06,0
국민당,기술,1952-07,0
국민당,기술,1952-08,0
국민당,기술,1952-09,0
국민당,기술,1952-10,0
국민당,기술,1952-11,0
국민당,기술,1952-12,0
국민당,기술,1953-01,0
국민당,기술,1953-02,0
국민당,기술,1953-03,0
국민당,기술,1953-04,0
국민당,기술,1953-05,0
국민당,기술,1953-06,0
국민당,기술,1953-07,0
국민당,기술,1953-08,0
국민당,기술,1953-09,0
국민당,기술,1953-10,0
국민당,기술,1953-11,0
국민당,기술,1953-12,0
국민당,기술,1954-01,0
국민당,기술,1954-02,0
국민당,기술,1954-03,0
국민당,기술,1954-04,0
국민당,기술,1954-05,0
국민당,기술,1954-06,0
국민당,기술,1954-07,1
국민당,기술,1954-08,1
국민당,기술,1954-09,2
국민당,기술,1954-10,0
국민당,기술,1954-11,1
국민당,기술,1954-12,1
국민당,기술,1955-01,4
국민당,기술,1955-02,0
국민당,기술,1955-03,0
국민당,기술,1955-04,1
국민당,기술,1955-05,1
국민당,기술,1955-06,2
국민당,기술,1955-07,4
국민당,기술,1955-08,0
국민당,기술,1955-09,0
국민당,기술,1955-10,2
국민당,기술,1955-11,4
국민당,기술,1955-12,0
국민당,기술,1956-01,0
국민당,기술,1956-02,2
국민당,기술,1956-03,0
국민당,기술,1956-04,0
국민당,기술,1956-05,1
국민당,기술,1956-06,0
국민당,기술,1956-07,0
국민당,기술,1956-08,2
국민당,기술,1956-09,0
국민당,기술,1956-10,2
국민당,기술,1956-11,1
국민당,기술,1956-12,0
국민당,기술,1957-01,0
국민당,기술,1957-02,1
국민당,기술,1957-03,1
국민당,기술,1957-04,1
국민당,기술,1957-05,0
국민당,기술,1957-06,0
국민당,기술,1957-07,3
국민당,기술,1957-08,0
국민당,기술,1957-09,0
국민당,기술,1957-10,0
국민당,기술,1957-11,1
국민당,기술,1957-12,3
국민당,기술,1958-01,0
국민당,기술,1958-02,3
국민당,기술,1958-03,0
국민당,기술,1958-04,0
국민당,기술,1958-05,0
국민당,기술,1958-06,0
국민당,기술,1958-07,0
국민당,기술,1958-08,0
국민당,기술,1958-09,0
국민당,기술,1958-10,0
국민당,기술,1958-11,0
국민당,기술,1958-12,0
국민당,기술,1959-01,0
국민당,기술,1959-02,0
국민당,기술,1959-03,0
국민당,기술,1959-04,0
국민당,기술,1959-05,0
국민당,기술,1959-06,0
국민당,기술,1959-07,0
국민당,기술,1959-09,0
국민당,기술,1959-10,0
국민당,기술,1959-11,0
국민당,기술,1959-12,0
국민당,기술,1960-01,0
국민당,기술,1960-02,0
국민당,기술,1960-03,0
국민당,기술,1960-04,0
자유당,소득,1948-06,0
자유당,소득,1948-07,0
자유당,소득,1948-08,0
자유당,소득,1948-09,0
자유당,소득,1948-10,0
자유당,소득,1948-11,0
자유당,소득,1948-12,0
자유당,소득,1949-01,0
자유당,소득,1949-02,0
자유당,소득,1949-03,0
자유당,소득,1949-04,0
자유당,소득,1949-05,0
자유당,소득,1949-06,0
자유당,소득,1949-07,0
자유당,소득,1949-08,0
자유당,소득,1949-09,0
자유당,소득,1949-10,0
자유당,소득,1949-11,0
자유당,소득,1949-12,0
자유당,소득,1950-01,0
자유당,소득,1950-02,0
자유당,소득,1950-03,0
자유당,소득,1950-04,0
자유당,소득,1950-06,0
자유당,소득,1950-10,0
자유당,소득,1950-11,0
자유당,소득,1950-12,0
자유당,소득,1951-01,0
자유당,소득,1951-02,0
자유당,소득,1951-03,0
자유당,소득,1951-04,0
자유당,소득,1951-05,0
자유당,소득,1951-06,0
자유당,소득,1951-07,0
자유당,소득,1951-08,0
자유당,소득,1951-09,0
자유당,소득,1951-10,0
자유당,소득,1951-11,0
자유당,소득,1951-12,0
자유당,소득,1952-01,0
자유당,소득,1952-02,0
자유당,소득,1952-03,0
자유당,소득,1952-04,0
자유당,소득,1952-05,0
자유당,소득,1952-06,0
자유당,소득,1952-07,0
자유당,소득,1952-08,0
자유당,소득,1952-09,1
자유당,소득,1952-10,0
자유당,소득,1952-11,2
자유당,소득,1952-12,0
자유당,소득,1953-01,0
자유당,소득,1953-02,0
자유당,소득,1953-03,0
자유당,소득,1953-04,2
자유당,소득,1953-05,0
자유당,소득,1953-06,0
자유당,소득,1953-07,1
자유당,소득,1953-08,0
자유당,소득,1953-09,0
자유당,소득,1953-10,0
자유당,소득,1953-11,2
자유당,소득,1953-12,0
자유당,소득,1954-01,2
자유당,소득,1954-02,0
자유당,소득,1954-03,1
자유당,소득,1954-04,0
자유당,소득,1954-05,0
자유당,소득,1954-06,10
자유당,소득,1954-07,32
자유당,소득,1954-08,50
자유당,소득,1954-09,110
자유당,소득,1954-10,258
자유당,소득,1954-11,43
자유당,소득,1954-12,111
자유당,소득,1955-01,90
자유당,소득,1955-02,7
자유당,소득,1955-03,75
자유당,소득,1955-04,94
자유당,소득,1955-05,300
자유당,소득,1955-06,590
자유당,소득,1955-07,565
자유당,소득,1955-08,1
자유당,소득,1955-09,75
자유당,소득,1955-10,77
자유당,소득,1955-11,206
자유당,소득,1955-12,134
자유당,소득,1956-01,183
자유당,소득,1956-02,224
자유당,소득,1956-03,9
자유당,소득,1956-04,2
자유당,소득,1956-05,7
자유당,소득,1956-06,135
자유당,소득,1956-07,401
자유당,소득,1956-08,88
자유당,소득,1956-09,13
자유당,소득,1956-10,90
자유당,소득,1956-11,48
자유당,소득,1956-12,331
자유당,소득,1957-01,96
자유당,소득,1957-02,40
자유당,소득,1957-03,75
자유당,소득,1957-04,36
자유당,소득,1957-05,7
자유당,소득,1957-06,66
자유당,소득,1957-07,96
자유당,소득,1957-08,49
자유당,소득,1957-09,51
자유당,소득,1957-10,42
자유당,소득,1957-11,62
자유당,소득,1957-12,615
자유당,소득,1958-01,4
자유당,소득,1958-02,50
자유당,소득,1958-03,0
자유당,소득,1958-04,1
자유당,소득,1958-05,0
자유당,소득,1958-06,54
자유당,소득,1958-07,501
자유당,소득,1958-08,307
자유당,소득,1958-09,36
자유당,소득,1958-10,100
자유당,소득,1958-11,498
자유당,소득,1958-12,299
자유당,소득,1959-01,0
자유당,소득,1959-02,8
자유당,소득,1959-03,34
자유당,소득,1959-04,2
자유당,소득,1959-05,46
자유당,소득,1959-06,82
자유당,소득,1959-07,17
자유당,소득,1959-09,1
자유당,소득,1959-10,54
자유당,소득,1959-11,524
자유당,소득,1959-12,415
자유당,소득,1960-01,37
자유당,소득,1960-02,3
자유당,소득,1960-03,0
자유당,소득,1960-04,2
무소속,소득,1948-06,31
무소속,소득,1948-07,30
무소속,소득,1948-08,9
무소속,소득,1948-09,68
무소속,소득,1948-10,22
무소속,소득,1948-11,23
무소속,소득,1948-12,19
무소속,소득,1949-01,43
무소속,소득,1949-02,31
무소속,소득,1949-03,118
무소속,소득,1949-04,125
무소속,소득,1949-05,17
무소속,소득,1949-06,15
무소속,소득,1949-07,39
무소속,소득,1949-08,0
무소속,소득,1949-09,45
무소속,소득,1949-10,38
무소속,소득,1949-11,110
무소속,소득,1949-12,30
무소속,소득,1950-01,44
무소속,소득,1950-02,72
무소속,소득,1950-03,84
무소속,소득,1950-04,71
무소속,소득,1950-06,0
무소속,소득,1950-10,4
무소속,소득,1950-11,103
무소속,소득,1950-12,13
무소속,소득,1951-01,27
무소속,소득,1951-02,58
무소속,소득,1951-03,148
무소속,소득,1951-04,86
무소속,소득,1951-05,59
무소속,소득,1951-06,68
무소속,소득,1951-07,61
무소속,소득,1951-08,65
무소속,소득,1951-09,57
무소속,소득,1951-10,61
무소속,소득,1951-11,86
무소속,소득,1951-12,71
무소속,소득,1952-01,9
무소속,소득,1952-02,16
무소속,소득,1952-03,55
무소속,소득,1952-04,63
무소속,소득,1952-05,25
무소속,소득,1952-06,5
무소속,소득,1952-07,28
무소속,소득,1952-08,29
무소속,소득,1952-09,56
무소속,소득,1952-10,30
무소속,소득,1952-11,133
무소속,소득,1952-12,34
무소속,소득,1953-01,44
무소속,소득,1953-02,67
무소속,소득,1953-03,100
무소속,소득,1953-04,133
무소속,소득,1953-05,53
무소속,소득,1953-06,16
무소속,소득,1953-07,41
무소속,소득,1953-08,4
무소속,소득,1953-09,23
무소속,소득,1953-10,83
무소속,소득,1953-11,104
무소속,소득,1953-12,18
무소속,소득,1954-01,38
무소속,소득,1954-02,42
무소속,소득,1954-03,176
무소속,소득,1954-04,2
무소속,소득,1954-05,3
무소속,소득,1954-06,4
무소속,소득,1954-07,18
무소속,소득,1954-08,19
무소속,소득,1954-09,64
무소속,소득,1954-10,179
무소속,소득,1954-11,30
무소속,소득,1954-12,45
무소속,소득,1955-01,29
무소속,소득,1955-02,3
무소속,소득,1955-03,24
무소속,소득,1955-04,14
무소속,소득,1955-05,100
무소속,소득,1955-06,201
무소속,소득,1955-07,161
무소속,소득,1955-08,0
무소속,소득,1955-09,26
무소속,소득,1955-10,19
무소속,소득,1955-11,43
무소속,소득,1955-12,31
무소속,소득,1956-01,58
무소속,소득,1956-02,58
무소속,소득,1956-03,5
무소속,소득,1956-04,0
무소속,소득,1956-05,7
무소속,소득,1956-06,62
무소속,소득,1956-07,195
무소속,소득,1956-08,18
무소속,소득,1956-09,2
무소속,소득,1956-10,11
무소속,소득,1956-11,16
무소속,소득,1956-12,210
무소속,소득,1957-01,18
무소속,소득,1957-02,13
무소속,소득,1957-03,28
무소속,소득,1957-04,25
무소속,소득,1957-05,3
무소속,소득,1957-06,31
무소속,소득,1957-07,72
무소속,소득,1957-08,15
무소속,소득,1957-09,12
무소속,소득,1957-10,43
무소속,소득,1957-11,40
무소속,소득,1957-12,236
무소속,소득,1958-01,2
무소속,소득,1958-02,16
무소속,소득,1958-03,0
무소속,소득,1958-04,0
무소속,소득,1958-05,0
무소속,소득,1958-06,7
무소속,소득,1958-07,121
무소속,소득,1958-08,71
무소속,소득,1958-09,4
무소속,소득,1958-10,36
무소속,소득,1958-11,120
무소속,소득,1958-12,48
무소속,소득,1959-01,0
무소속,소득,1959-02,5
무소속,소득,1959-03,2
무소속,소득,1959-04,0
무소속,소득,1959-05,12
무소속,소득,1959-06,28
무소속,소득,1959-07,6
무소속,소득,1959-09,0
무소속,소득,1959-10,32
무소속,소득,1959-11,197
무소속,소득,1959-12,87
무소속,소득,1960-01,18
무소속,소득,1960-02,0
무소속,소득,1960-03,0
무소속,소득,1960-04,0
민주당,소득,1948-06,0
민주당,소득,1948-07,0
민주당,소득,1948-08,0
민주당,소득,1948-09,0
민주당,소득,1948-10,0
민주당,소득,1948-11,0
민주당,소득,1948-12,0
민주당,소득,1949-01,0
민주당,소득,1949-02,0
민주당,소득,1949-03,0
민주당,소득,1949-04,0
민주당,소득,1949-05,0
민주당,소득,1949-06,0
민주당,소득,1949-07,0
민주당,소득,1949-08,0
민주당,소득,1949-09,0
민주당,소득,1949-10,0
민주당,소득,1949-11,0
민주당,소득,1949-12,0
민주당,소득,1950-01,0
민주당,소득,1950-02,0
민주당,소득,1950-03,0
민주당,소득,1950-04,0
민주당,소득,1950-06,0
민주당,소득,1950-10,0
민주당,소득,1950-11,0
민주당,소득,1950-12,0
민주당,소득,1951-01,0
민주당,소득,1951-02,0
민주당,소득,1951-03,0
민주당,소득,1951-04,0
민주당,소득,1951-05,0
민주당,소득,1951-06,0
민주당,소득,1951-07,0
민주당,소득,1951-08,0
민주당,소득,1951-09,0
민주당,소득,1951-10,0
민주당,소득,1951-11,0
민주당,소득,1951-12,0
민주당,소득,1952-01,0
민주당,소득,1952-02,0
민주당,소득,1952-03,0
민주당,소득,1952-04,0
민주당,소득,1952-05,0
민주당,소득,1952-06,0
민주당,소득,1952-07,0
민주당,소득,1952-08,0
민주당,소득,1952-09,0
민주당,소득,1952-10,0
민주당,소득,1952-11,0
민주당,소득,1952-12,0
민주당,소득,1953-01,0
민주당,소득,1953-02,0
민주당,소득,1953-03,0
민주당,소득,1953-04,0
민주당,소득,1953-05,0
민주당,소득,1953-06,0
민주당,소득,1953-07,0
민주당,소득,1953-08,0
민주당,소득,1953-09,0
민주당,소득,1953-10,0
민주당,소득,1953-11,0
민주당,소득,1953-12,0
민주당,소득,1954-01,0
민주당,소득,1954-02,0
민주당,소득,1954-03,0
민주당,소득,1954-04,0
민주당,소득,1954-05,0
민주당,소득,1954-06,0
민주당,소득,1954-07,0
민주당,소득,1954-08,0
민주당,소득,1954-09,0
민주당,소득,1954-10,0
민주당,소득,1954-11,0
민주당,소득,1954-12,0
민주당,소득,1955-01,0
민주당,소득,1955-02,0
민주당,소득,1955-03,0
민주당,소득,1955-04,0
민주당,소득,1955-05,0
민주당,소득,1955-06,0
민주당,소득,1955-07,0
민주당,소득,1955-08,0
민주당,소득,1955-09,0
민주당,소득,1955-10,0
민주당,소득,1955-11,0
민주당,소득,1955-12,0
민주당,소득,1956-01,0
민주당,소득,1956-02,0
민주당,소득,1956-03,0
민주당,소득,1956-04,0
민주당,소득,1956-05,0
민주당,소득,1956-06,0
민주당,소득,1956-07,0
민주당,소득,1956-08,0
민주당,소득,1956-09,0
민주당,소득,1956-10,0
민주당,소득,1956-11,0
민주당,소득,1956-12,0
민주당,소득,1957-01,0
민주당,소득,1957-02,0
민주당,소득,1957-03,0
민주당,소득,1957-04,1
민주당,소득,1957-05,0
민주당,소득,1957-06,0
민주당,소득,1957-07,0
민주당,소득,1957-08,0
민주당,소득,1957-09,0
민주당,소득,1957-10,0
민주당,소득,1957-11,0
민주당,소득,1957-12,0
민주당,소득,1958-01,0
민주당,소득,1958-02,0
민주당,소득,1958-03,0
민주당,소득,1958-04,0
민주당,소득,1958-05,0
민주당,소득,1958-06,24
민주당,소득,1958-07,395
민주당,소득,1958-08,329
민주당,소득,1958-09,4
민주당,소득,1958-10,93
민주당,소득,1958-11,381
민주당,소득,1958-12,187
민주당,소득,1959-01,0
민주당,소득,1959-02,19
민주당,소득,1959-03,44
민주당,소득,1959-04,3
민주당,소득,1959-05,42
민주당,소득,1959-06,132
민주당,소득,1959-07,21
민주당,소득,1959-09,0
민주당,소득,1959-10,42
민주당,소득,1959-11,413
민주당,소득,1959-12,317
민주당,소득,1960-01,24
민주당,소득,1960-02,1
민주당,소득,1960-03,0
민주당,소득,1960-04,4
한국민주당,소득,1948-06,20
한국민주당,소득,1948-07,33
한국민주당,소득,1948-08,10
한국민주당,소득,1948-09,21
한국민주당,소득,1948-10,11
한국민주당,소득,1948-11,19
한국민주당,소득,1948-12,16
한국민주당,소득,1949-01,25
한국민주당,소득,1949-02,30
한국민주당,소득,1949-03,118
한국민주당,소득,1949-04,118
한국민주당,소득,1949-05,9
한국민주당,소득,1949-06,18
한국민주당,소득,1949-07,53
한국민주당,소득,1949-08,0
한국민주당,소득,1949-09,57
한국민주당,소득,1949-10,34
한국민주당,소득,1949-11,115
한국민주당,소득,1949-12,38
한국민주당,소득,1950-01,40
한국민주당,소득,1950-02,49
한국민주당,소득,1950-03,106
한국민주당,소득,1950-04,83
한국민주당,소득,1950-06,0
한국민주당,소득,1950-10,0
한국민주당,소득,1950-11,0
한국민주당,소득,1950-12,0
한국민주당,소득,1951-01,0
한국민주당,소득,1951-02,0
한국민주당,소득,1951-03,0
한국민주당,소득,1951-04,0
한국민주당,소득,1951-05,0
한국민주당,소득,1951-06,0
한국민주당,소득,1951-07,0
한국민주당,소득,1951-08,0
한국민주당,소득,1951-09,0
한국민주당,소득,1951-10,0
한국민주당,소득,1951-11,0
한국민주당,소득,1951-12,0
한국민주당,소득,1952-01,0
한국민주당,소득,1952-02,0
한국민주당,소득,1952-03,0
한국민주당,소득,1952-04,0
한국민주당,소득,1952-05,0
한국민주당,소득,1952-06,0
한국민주당,소득,1952-07,0
한국민주당,소득,1952-08,0
한국민주당,소득,1952-09,0
한국민주당,소득,1952-10,0
한국민주당,소득,1952-11,0
한국민주당,소득,1952-12,0
한국민주당,소득,1953-01,0
한국민주당,소득,1953-02,0
한국민주당,소득,1953-03,0
한국민주당,소득,1953-04,0
한국민주당,소득,1953-05,0
한국민주당,소득,1953-06,0
한국민주당,소득,1953-07,0
한국민주당,소득,1953-08,0
한국민주당,소득,1953-09,0
한국민주당,소득,1953-10,0
한국민주당,소득,1953-11,0
한국민주당,소득,1953-12,0
한국민주당,소득,1954-01,0
한국민주당,소득,1954-02,0
한국민주당,소득,1954-03,0
한국민주당,소득,1954-04,0
한국민주당,소득,1954-05,0
한국민주당,소득,1954-06,0
한국민주당,소득,1954-07,0
한국민주당,소득,1954-08,0
한국민주당,소득,1954-09,0
한국민주당,소득,1954-10,0
한국민주당,소득,1954-11,0
한국민주당,소득,1954-12,0
한국민주당,소득,1955-01,0
한국민주당,소득,1955-02,0
한국민주당,소득,1955-03,0
한국민주당,소득,1955-04,0
한국민주당,소득,1955-05,0
한국민주당,소득,1955-06,0
한국민주당,소득,1955-07,0
한국민주당,소득,1955-08,0
한국민주당,소득,1955-09,0
한국민주당,소득,1955-10,0
한국민주당,소득,1955-11,0
한국민주당,소득,1955-12,0
한국민주당,소득,1956-01,0
한국민주당,소득,1956-02,0
한국민주당,소득,1956-03,0
한국민주당,소득,1956-04,0
한국민주당,소득,1956-05,0
한국민주당,소득,1956-06,0
한국민주당,소득,1956-07,0
한국민주당,소득,1956-08,0
한국민주당,소득,1956-09,0
한국민주당,소득,1956-10,0
한국민주당,소득,1956-11,0
한국민주당,소득,1956-12,0
한국민주당,소득,1957-01,0
한국민주당,소득,1957-02,0
한국민주당,소득,1957-03,0
한국민주당,소득,1957-04,0
한국민주당,소득,1957-05,0
한국민주당,소득,1957-06,0
한국민주당,소득,1957-07,0
한국민주당,소득,1957-08,0
한국민주당,소득,1957-09,0
한국민주당,소득,1957-10,0
한국민주당,소득,1957-11,0
한국민주당,소득,1957-12,0
한국민주당,소득,1958-01,0
한국민주당,소득,1958-02,0
한국민주당,소득,1958-03,0
한국민주당,소득,1958-04,0
한국민주당,소득,1958-05,0
한국민주당,소득,1958-06,0
한국민주당,소득,1958-07,0
한국민주당,소득,1958-08,0
한국민주당,소득,1958-09,0
한국민주당,소득,1958-10,0
한국민주당,소득,1958-11,0
한국민주당,소득,1958-12,0
한국민주당,소득,1959-01,0
한국민주당,소득,1959-02,0
한국민주당,소득,1959-03,0
한국민주당,소득,1959-04,0
한국민주당,소득,1959-05,0
한국민주당,소득,1959-06,0
한국민주당,소득,1959-07,0
한국민주당,소득,1959-09,0
한국민주당,소득,1959-10,0
한국민주당,소득,1959-11,0
한국민주당,소득,1959-12,0
한국민주당,소득,1960-01,0
한국민주당,소득,1960-02,0
한국민주당,소득,1960-03,0
한국민주당,소득,1960-04,0
대한국민당,소득,1948-06,0
대한국민당,소득,1948-07,0
대한국민당,소득,1948-08,0
대한국민당,소득,1948-09,0
대한국민당,소득,1948-10,0
대한국민당,소득,1948-11,0
대한국민당,소득,1948-12,0
대한국민당,소득,1949-01,0
대한국민당,소득,1949-02,0
대한국민당,소득,1949-03,0
대한국민당,소득,1949-04,0
대한국민당,소득,1949-05,0
대한국민당,소득,1949-06,0
대한국민당,소득,1949-07,0
대한국민당,소득,1949-08,0
대한국민당,소득,1949-09,0
대한국민당,소득,1949-10,0
대한국민당,소득,1949-11,0
대한국민당,소득,1949-12,0
대한국민당,소득,1950-01,0
대한국민당,소득,1950-02,0
대한국민당,소득,1950-03,0
대한국민당,소득,1950-04,0
대한국민당,소득,1950-06,0
대한국민당,소득,1950-10,0
대한국민당,소득,1950-11,37
대한국민당,소득,1950-12,11
대한국민당,소득,1951-01,16
대한국민당,소득,1951-02,14
대한국민당,소득,1951-03,77
대한국민당,소득,1951-04,126
대한국민당,소득,1951-05,33
대한국민당,소득,1951-06,21
대한국민당,소득,1951-07,9
대한국민당,소득,1951-08,28
대한국민당,소득,1951-09,48
대한국민당,소득,1951-10,29
대한국민당,소득,1951-11,51
대한국민당,소득,1951-12,74
대한국민당,소득,1952-01,7
대한국민당,소득,1952-02,3
대한국민당,소득,1952-03,22
대한국민당,소득,1952-04,20
대한국민당,소득,1952-05,7
대한국민당,소득,1952-06,6
대한국민당,소득,1952-07,11
대한국민당,소득,1952-08,12
대한국민당,소득,1952-09,20
대한국민당,소득,1952-10,36
대한국민당,소득,1952-11,39
대한국민당,소득,1952-12,15
대한국민당,소득,1953-01,23
대한국민당,소득,1953-02,17
대한국민당,소득,1953-03,30
대한국민당,소득,1953-04,59
대한국민당,소득,1953-05,16
대한국민당,소득,1953-06,9
대한국민당,소득,1953-07,9
대한국민당,소득,1953-08,2
대한국민당,소득,1953-09,7
대한국민당,소득,1953-10,26
대한국민당,소득,1953-11,22
대한국민당,소득,1953-12,7
대한국민당,소득,1954-01,8
대한국민당,소득,1954-02,11
대한국민당,소득,1954-03,64
대한국민당,소득,1954-04,3
대한국민당,소득,1954-05,0
대한국민당,소득,1954-06,0
대한국민당,소득,1954-07,0
대한국민당,소득,1954-08,0
대한국민당,소득,1954-09,0
대한국민당,소득,1954-10,0
대한국민당,소득,1954-11,0
대한국민당,소득,1954-12,0
대한국민당,소득,1955-01,0
대한국민당,소득,1955-02,0
대한국민당,소득,1955-03,0
대한국민당,소득,1955-04,0
대한국민당,소득,1955-05,0
대한국민당,소득,1955-06,0
대한국민당,소득,1955-07,0
대한국민당,소득,1955-08,0
대한국민당,소득,1955-09,0
대한국민당,소득,1955-10,0
대한국민당,소득,1955-11,0
대한국민당,소득,1955-12,0
대한국민당,소득,1956-01,0
대한국민당,소득,1956-02,0
대한국민당,소득,1956-03,0
대한국민당,소득,1956-04,0
대한국민당,소득,1956-05,0
대한국민당,소득,1956-06,0
대한국민당,소득,1956-07,0
대한국민당,소득,1956-08,0
대한국민당,소득,1956-09,0
대한국민당,소득,1956-10,0
대한국민당,소득,1956-11,0
대한국민당,소득,1956-12,0
대한국민당,소득,1957-01,0
대한국민당,소득,1957-02,0
대한국민당,소득,1957-03,0
대한국민당,소득,1957-04,0
대한국민당,소득,1957-05,0
대한국민당,소득,1957-06,0
대한국민당,소득,1957-07,0
대한국민당,소득,1957-08,0
대한국민당,소득,1957-09,0
대한국민당,소득,1957-10,0
대한국민당,소득,1957-11,0
대한국민당,소득,1957-12,0
대한국민당,소득,1958-01,0
대한국민당,소득,1958-02,0
대한국민당,소득,1958-03,0
대한국민당,소득,1958-04,0
대한국민당,소득,1958-05,0
대한국민당,소득,1958-06,0
대한국민당,소득,1958-07,0
대한국민당,소득,1958-08,0
대한국민당,소득,1958-09,0
대한국민당,소득,1958-10,0
대한국민당,소득,1958-11,0
대한국민당,소득,1958-12,0
대한국민당,소득,1959-01,0
대한국민당,소득,1959-02,0
대한국민당,소득,1959-03,0
대한국민당,소득,1959-04,0
대한국민당,소득,1959-05,0
대한국민당,소득,1959-06,0
대한국민당,소득,1959-07,0
대한국민당,소득,1959-09,0
대한국민당,소득,1959-10,0
대한국민당,소득,1959-11,0
대한국민당,소득,1959-12,0
대한국민당,소득,1960-01,0
대한국민당,소득,1960-02,0
대한국민당,소득,1960-03,0
대한국민당,소득,1960-04,0
대한독립촉성국민회,소득,1948-06,23
대한독립촉성국민회,소득,1948-07,44
대한독립촉성국민회,소득,1948-08,10
대한독립촉성국민회,소득,1948-09,33
대한독립촉성국민회,소득,1948-10,6
대한독립촉성국민회,소득,1948-11,9
대한독립촉성국민회,소득,1948-12,9
대한독립촉성국민회,소득,1949-01,26
대한독립촉성국민회,소득,1949-02,14
대한독립촉성국민회,소득,1949-03,71
대한독립촉성국민회,소득,1949-04,74
대한독립촉성국민회,소득,1949-05,8
대한독립촉성국민회,소득,1949-06,8
대한독립촉성국민회,소득,1949-07,28
대한독립촉성국민회,소득,1949-08,1
대한독립촉성국민회,소득,1949-09,39
대한독립촉성국민회,소득,1949-10,19
대한독립촉성국민회,소득,1949-11,62
대한독립촉성국민회,소득,1949-12,36
대한독립촉성국민회,소득,1950-01,24
대한독립촉성국민회,소득,1950-02,52
대한독립촉성국민회,소득,1950-03,49
대한독립촉성국민회,소득,1950-04,35
대한독립촉성국민회,소득,1950-06,1
대한독립촉성국민회,소득,1950-10,0
대한독립촉성국민회,소득,1950-11,4
대한독립촉성국민회,소득,1950-12,0
대한독립촉성국민회,소득,1951-01,3
대한독립촉성국민회,소득,1951-02,1
대한독립촉성국민회,소득,1951-03,1
대한독립촉성국민회,소득,1951-04,2
대한독립촉성국민회,소득,1951-05,2
대한독립촉성국민회,소득,1951-06,0
대한독립촉성국민회,소득,1951-07,1
대한독립촉성국민회,소득,1951-08,6
대한독립촉성국민회,소득,1951-09,3
대한독립촉성국민회,소득,1951-10,1
대한독립촉성국민회,소득,1951-11,5
대한독립촉성국민회,소득,1951-12,1
대한독립촉성국민회,소득,1952-01,1
대한독립촉성국민회,소득,1952-02,0
대한독립촉성국민회,소득,1952-03,1
대한독립촉성국민회,소득,1952-04,4
대한독립촉성국민회,소득,1952-05,1
대한독립촉성국민회,소득,1952-06,0
대한독립촉성국민회,소득,1952-07,2
대한독립촉성국민회,소득,1952-08,1
대한독립촉성국민회,소득,1952-09,2
대한독립촉성국민회,소득,1952-10,1
대한독립촉성국민회,소득,1952-11,7
대한독립촉성국민회,소득,1952-12,2
대한독립촉성국민회,소득,1953-01,0
대한독립촉성국민회,소득,1953-02,1
대한독립촉성국민회,소득,1953-03,4
대한독립촉성국민회,소득,1953-04,8
대한독립촉성국민회,소득,1953-05,1
대한독립촉성국민회,소득,1953-06,0
대한독립촉성국민회,소득,1953-07,0
대한독립촉성국민회,소득,1953-08,0
대한독립촉성국민회,소득,1953-09,0
대한독립촉성국민회,소득,1953-10,3
대한독립촉성국민회,소득,1953-11,1
대한독립촉성국민회,소득,1953-12,1
대한독립촉성국민회,소득,1954-01,1
대한독립촉성국민회,소득,1954-02,0
대한독립촉성국민회,소득,1954-03,4
대한독립촉성국민회,소득,1954-04,0
대한독립촉성국민회,소득,1954-05,0
대한독립촉성국민회,소득,1954-06,0
대한독립촉성국민회,소득,1954-07,0
대한독립촉성국민회,소득,1954-08,0
대한독립촉성국민회,소득,1954-09,0
대한독립촉성국민회,소득,1954-10,0
대한독립촉성국민회,소득,1954-11,0
대한독립촉성국민회,소득,1954-12,0
대한독립촉성국민회,소득,1955-01,0
대한독립촉성국민회,소득,1955-02,0
대한독립촉성국민회,소득,1955-03,0
대한독립촉성국민회,소득,1955-04,0
대한독립촉성국민회,소득,1955-05,0
대한독립촉성국민회,소득,1955-06,0
대한독립촉성국민회,소득,1955-07,0
대한독립촉성국민회,소득,1955-08,0
대한독립촉성국민회,소득,1955-09,0
대한독립촉성국민회,소득,1955-10,0
대한독립촉성국민회,소득,1955-11,0
대한독립촉성국민회,소득,1955-12,0
대한독립촉성국민회,소득,1956-01,0
대한독립촉성국민회,소득,1956-02,0
대한독립촉성국민회,소득,1956-03,0
대한독립촉성국민회,소득,1956-04,0
대한독립촉성국민회,소득,1956-05,0
대한독립촉성국민회,소득,1956-06,0
대한독립촉성국민회,소득,1956-07,0
대한독립촉성국민회,소득,1956-08,0
대한독립촉성국민회,소득,1956-09,0
대한독립촉성국민회,소득,1956-10,0
대한독립촉성국민회,소득,1956-11,0
대한독립촉성국민회,소득,1956-12,0
대한독립촉성국민회,소득,1957-01,0
대한독립촉성국민회,소득,1957-02,0
대한독립촉성국민회,소득,1957-03,0
대한독립촉성국민회,소득,1957-04,0
대한독립촉성국민회,소득,1957-05,0
대한독립촉성국민회,소득,1957-06,0
대한독립촉성국민회,소득,1957-07,0
대한독립촉성국민회,소득,1957-08,0
대한독립촉성국민회,소득,1957-09,0
대한독립촉성국민회,소득,1957-10,0
대한독립촉성국민회,소득,1957-11,0
대한독립촉성국민회,소득,1957-12,0
대한독립촉성국민회,소득,1958-01,0
대한독립촉성국민회,소득,1958-02,0
대한독립촉성국민회,소득,1958-03,0
대한독립촉성국민회,소득,1958-04,0
대한독립촉성국민회,소득,1958-05,0
대한독립촉성국민회,소득,1958-06,0
대한독립촉성국민회,소득,1958-07,0
대한독립촉성국민회,소득,1958-08,0
대한독립촉성국민회,소득,1958-09,0
대한독립촉성국민회,소득,1958-10,0
대한독립촉성국민회,소득,1958-11,0
대한독립촉성국민회,소득,1958-12,0
대한독립촉성국민회,소득,1959-01,0
대한독립촉성국민회,소득,1959-02,0
대한독립촉성국민회,소득,1959-03,0
대한독립촉성국민회,소득,1959-04,0
대한독립촉성국민회,소득,1959-05,0
대한독립촉성국민회,소득,1959-06,0
대한독립촉성국민회,소득,1959-07,0
대한독립촉성국민회,소득,1959-09,0
대한독립촉성국민회,소득,1959-10,0
대한독립촉성국민회,소득,1959-11,0
대한독립촉성국민회,소득,1959-12,0
대한독립촉성국민회,소득,1960-01,0
대한독립촉성국민회,소득,1960-02,0
대한독립촉성국민회,소득,1960-03,0
대한독립촉성국민회,소득,1960-04,0
민주국민당,소득,1948-06,0
민주국민당,소득,1948-07,0
민주국민당,소득,1948-08,0
민주국민당,소득,1948-09,0
민주국민당,소득,1948-10,0
민주국민당,소득,1948-11,0
민주국민당,소득,1948-12,0
민주국민당,소득,1949-01,0
민주국민당,소득,1949-02,0
민주국민당,소득,1949-03,0
민주국민당,소득,1949-04,0
민주국민당,소득,1949-05,0
민주국민당,소득,1949-06,0
민주국민당,소득,1949-07,0
민주국민당,소득,1949-08,0
민주국민당,소득,1949-09,1
민주국민당,소득,1949-10,0
민주국민당,소득,1949-11,1
민주국민당,소득,1949-12,0
민주국민당,소득,1950-01,0
민주국민당,소득,1950-02,2
민주국민당,소득,1950-03,2
민주국민당,소득,1950-04,0
민주국민당,소득,1950-06,2
민주국민당,소득,1950-10,1
민주국민당,소득,1950-11,50
민주국민당,소득,1950-12,6
민주국민당,소득,1951-01,11
민주국민당,소득,1951-02,8
민주국민당,소득,1951-03,27
민주국민당,소득,1951-04,43
민주국민당,소득,1951-05,8
민주국민당,소득,1951-06,7
민주국민당,소득,1951-07,12
민주국민당,소득,1951-08,7
민주국민당,소득,1951-09,14
민주국민당,소득,1951-10,6
민주국민당,소득,1951-11,13
민주국민당,소득,1951-12,17
민주국민당,소득,1952-01,6
민주국민당,소득,1952-02,4
민주국민당,소득,1952-03,13
민주국민당,소득,1952-04,18
민주국민당,소득,1952-05,11
민주국민당,소득,1952-06,5
민주국민당,소득,1952-07,4
민주국민당,소득,1952-08,9
민주국민당,소득,1952-09,22
민주국민당,소득,1952-10,7
민주국민당,소득,1952-11,38
민주국민당,소득,1952-12,11
민주국민당,소득,1953-01,10
민주국민당,소득,1953-02,17
민주국민당,소득,1953-03,25
민주국민당,소득,1953-04,9
민주국민당,소득,1953-05,5
민주국민당,소득,1953-06,2
민주국민당,소득,1953-07,4
민주국민당,소득,1953-08,1
민주국민당,소득,1953-09,4
민주국민당,소득,1953-10,7
민주국민당,소득,1953-11,23
민주국민당,소득,1953-12,2
민주국민당,소득,1954-01,12
민주국민당,소득,1954-02,5
민주국민당,소득,1954-03,45
민주국민당,소득,1954-04,1
민주국민당,소득,1954-05,0
민주국민당,소득,1954-06,5
민주국민당,소득,1954-07,6
민주국민당,소득,1954-08,10
민주국민당,소득,1954-09,19
민주국민당,소득,1954-10,15
민주국민당,소득,1954-11,8
민주국민당,소득,1954-12,16
민주국민당,소득,1955-01,23
민주국민당,소득,1955-02,0
민주국민당,소득,1955-03,12
민주국민당,소득,1955-04,11
민주국민당,소득,1955-05,24
민주국민당,소득,1955-06,42
민주국민당,소득,1955-07,26
민주국민당,소득,1955-08,0
민주국민당,소득,1955-09,8
민주국민당,소득,1955-10,11
민주국민당,소득,1955-11,9
민주국민당,소득,1955-12,7
민주국민당,소득,1956-01,12
민주국민당,소득,1956-02,24
민주국민당,소득,1956-03,2
민주국민당,소득,1956-04,0
민주국민당,소득,1956-05,3
민주국민당,소득,1956-06,17
민주국민당,소득,1956-07,40
민주국민당,소득,1956-08,11
민주국민당,소득,1956-09,8
민주국민당,소득,1956-10,5
민주국민당,소득,1956-11,4
민주국민당,소득,1956-12,18
민주국민당,소득,1957-01,10
민주국민당,소득,1957-02,2
민주국민당,소득,1957-03,7
민주국민당,소득,1957-04,3
민주국민당,소득,1957-05,0
민주국민당,소득,1957-06,13
민주국민당,소득,1957-07,17
민주국민당,소득,1957-08,7
민주국민당,소득,1957-09,11
민주국민당,소득,1957-10,7
민주국민당,소득,1957-11,11
민주국민당,소득,1957-12,45
민주국민당,소득,1958-01,0
민주국민당,소득,1958-02,5
민주국민당,소득,1958-03,1
민주국민당,소득,1958-04,0
민주국민당,소득,1958-05,0
민주국민당,소득,1958-06,0
민주국민당,소득,1958-07,0
민주국민당,소득,1958-08,0
민주국민당,소득,1958-09,0
민주국민당,소득,1958-10,0
민주국민당,소득,1958-11,0
민주국민당,소득,1958-12,0
민주국민당,소득,1959-01,0
민주국민당,소득,1959-02,0
민주국민당,소득,1959-03,0
민주국민당,소득,1959-04,0
민주국민당,소득,1959-05,0
민주국민당,소득,1959-06,0
민주국민당,소득,1959-07,0
민주국민당,소득,1959-09,0
민주국민당,소득,1959-10,0
민주국민당,소득,1959-11,0
민주국민당,소득,1959-12,0
민주국민당,소득,1960-01,0
민주국민당,소득,1960-02,0
민주국민당,소득,1960-03,0
민주국민당,소득,1960-04,0
조선공화당,소득,1948-06,1
조선공화당,소득,1948-07,0
조선공화당,소득,1948-08,1
조선공화당,소득,1948-09,3
조선공화당,소득,1948-10,1
조선공화당,소득,1948-11,1
조선공화당,소득,1948-12,2
조선공화당,소득,1949-01,7
조선공화당,소득,1949-02,3
조선공화당,소득,1949-03,22
조선공화당,소득,1949-04,6
조선공화당,소득,1949-05,0
조선공화당,소득,1949-06,0
조선공화당,소득,1949-07,0
조선공화당,소득,1949-08,0
조선공화당,소득,1949-09,0
조선공화당,소득,1949-10,0
조선공화당,소득,1949-11,0
조선공화당,소득,1949-12,0
조선공화당,소득,1950-01,0
조선공화당,소득,1950-02,0
조선공화당,소득,1950-03,0
조선공화당,소득,1950-04,0
조선공화당,소득,1950-06,0
조선공화당,소득,1950-10,0
조선공화당,소득,1950-11,0
조선공화당,소득,1950-12,0
조선공화당,소득,1951-01,0
조선공화당,소득,1951-02,0
조선공화당,소득,1951-03,0
조선공화당,소득,1951-04,0
조선공화당,소득,1951-05,0
조선공화당,소득,1951-06,0
조선공화당,소득,1951-07,0
조선공화당,소득,1951-08,0
조선공화당,소득,1951-09,0
조선공화당,소득,1951-10,0
조선공화당,소득,1951-11,0
조선공화당,소득,1951-12,0
조선공화당,소득,1952-01,0
조선공화당,소득,1952-02,0
조선공화당,소득,1952-03,0
조선공화당,소득,1952-04,0
조선공화당,소득,1952-05,0
조선공화당,소득,1952-06,0
조선공화당,소득,1952-07,0
조선공화당,소득,1952-08,0
조선공화당,소득,1952-09,0
조선공화당,소득,1952-10,0
조선공화당,소득,1952-11,0
조선공화당,소득,1952-12,0
조선공화당,소득,1953-01,0
조선공화당,소득,1953-02,0
조선공화당,소득,1953-03,0
조선공화당,소득,1953-04,0
조선공화당,소득,1953-05,0
조선공화당,소득,1953-06,0
조선공화당,소득,1953-07,0
조선공화당,소득,1953-08,0
조선공화당,소득,1953-09,0
조선공화당,소득,1953-10,0
조선공화당,소득,1953-11,0
조선공화당,소득,1953-12,0
조선공화당,소득,1954-01,0
조선공화당,소득,1954-02,0
조선공화당,소득,1954-03,0
조선공화당,소득,1954-04,0
조선공화당,소득,1954-05,0
조선공화당,소득,1954-06,0
조선공화당,소득,1954-07,0
조선공화당,소득,1954-08,0
조선공화당,소득,1954-09,0
조선공화당,소득,1954-10,0
조선공화당,소득,1954-11,0
조선공화당,소득,1954-12,0
조선공화당,소득,1955-01,0
조선공화당,소득,1955-02,0
조선공화당,소득,1955-03,0
조선공화당,소득,1955-04,0
조선공화당,소득,1955-05,0
조선공화당,소득,1955-06,0
조선공화당,소득,1955-07,0
조선공화당,소득,1955-08,0
조선공화당,소득,1955-09,0
조선공화당,소득,1955-10,0
조선공화당,소득,1955-11,0
조선공화당,소득,1955-12,0
조선공화당,소득,1956-01,0
조선공화당,소득,1956-02,0
조선공화당,소득,1956-03,0
조선공화당,소득,1956-04,0
조선공화당,소득,1956-05,0
조선공화당,소득,1956-06,0
조선공화당,소득,1956-07,0
조선공화당,소득,1956-08,0
조선공화당,소득,1956-09,0
조선공화당,소득,1956-10,0
조선공화당,소득,1956-11,0
조선공화당,소득,1956-12,0
조선공화당,소득,1957-01,0
조선공화당,소득,1957-02,0
조선공화당,소득,1957-03,0
조선공화당,소득,1957-04,0
조선공화당,소득,1957-05,0
조선공화당,소득,1957-06,0
조선공화당,소득,1957-07,0
조선공화당,소득,1957-08,0
조선공화당,소득,1957-09,0
조선공화당,소득,1957-10,0
조선공화당,소득,1957-11,0
조선공화당,소득,1957-12,0
조선공화당,소득,1958-01,0
조선공화당,소득,1958-02,0
조선공화당,소득,1958-03,0
조선공화당,소득,1958-04,0
조선공화당,소득,1958-05,0
조선공화당,소득,1958-06,0
조선공화당,소득,1958-07,0
조선공화당,소득,1958-08,0
조선공화당,소득,1958-09,0
조선공화당,소득,1958-10,0
조선공화당,소득,1958-11,0
조선공화당,소득,1958-12,0
조선공화당,소득,1959-01,0
조선공화당,소득,1959-02,0
조선공화당,소득,1959-03,0
조선공화당,소득,1959-04,0
조선공화당,소득,1959-05,0
조선공화당,소득,1959-06,0
조선공화당,소득,1959-07,0
조선공화당,소득,1959-09,0
조선공화당,소득,1959-10,0
조선공화당,소득,1959-11,0
조선공화당,소득,1959-12,0
조선공화당,소득,1960-01,0
조선공화당,소득,1960-02,0
조선공화당,소득,1960-03,0
조선공화당,소득,1960-04,0
대동청년당,소득,1948-06,3
대동청년당,소득,1948-07,5
대동청년당,소득,1948-08,1
대동청년당,소득,1948-09,6
대동청년당,소득,1948-10,0
대동청년당,소득,1948-11,4
대동청년당,소득,1948-12,1
대동청년당,소득,1949-01,4
대동청년당,소득,1949-02,2
대동청년당,소득,1949-03,9
대동청년당,소득,1949-04,10
대동청년당,소득,1949-05,1
대동청년당,소득,1949-06,1
대동청년당,소득,1949-07,1
대동청년당,소득,1949-08,0
대동청년당,소득,1949-09,0
대동청년당,소득,1949-10,3
대동청년당,소득,1949-11,6
대동청년당,소득,1949-12,0
대동청년당,소득,1950-01,2
대동청년당,소득,1950-02,5
대동청년당,소득,1950-03,2
대동청년당,소득,1950-04,4
대동청년당,소득,1950-06,0
대동청년당,소득,1950-10,0
대동청년당,소득,1950-11,0
대동청년당,소득,1950-12,0
대동청년당,소득,1951-01,0
대동청년당,소득,1951-02,0
대동청년당,소득,1951-03,0
대동청년당,소득,1951-04,0
대동청년당,소득,1951-05,0
대동청년당,소득,1951-06,0
대동청년당,소득,1951-07,0
대동청년당,소득,1951-08,0
대동청년당,소득,1951-09,0
대동청년당,소득,1951-10,0
대동청년당,소득,1951-11,0
대동청년당,소득,1951-12,0
대동청년당,소득,1952-01,0
대동청년당,소득,1952-02,0
대동청년당,소득,1952-03,0
대동청년당,소득,1952-04,0
대동청년당,소득,1952-05,0
대동청년당,소득,1952-06,0
대동청년당,소득,1952-07,0
대동청년당,소득,1952-08,0
대동청년당,소득,1952-09,0
대동청년당,소득,1952-10,0
대동청년당,소득,1952-11,0
대동청년당,소득,1952-12,0
대동청년당,소득,1953-01,0
대동청년당,소득,1953-02,0
대동청년당,소득,1953-03,0
대동청년당,소득,1953-04,0
대동청년당,소득,1953-05,0
대동청년당,소득,1953-06,0
대동청년당,소득,1953-07,0
대동청년당,소득,1953-08,0
대동청년당,소득,1953-09,0
대동청년당,소득,1953-10,0
대동청년당,소득,1953-11,0
대동청년당,소득,1953-12,0
대동청년당,소득,1954-01,0
대동청년당,소득,1954-02,0
대동청년당,소득,1954-03,0
대동청년당,소득,1954-04,0
대동청년당,소득,1954-05,0
대동청년당,소득,1954-06,0
대동청년당,소득,1954-07,0
대동청년당,소득,1954-08,0
대동청년당,소득,1954-09,0
대동청년당,소득,1954-10,0
대동청년당,소득,1954-11,0
대동청년당,소득,1954-12,0
대동청년당,소득,1955-01,0
대동청년당,소득,1955-02,0
대동청년당,소득,1955-03,0
대동청년당,소득,1955-04,0
대동청년당,소득,1955-05,0
대동청년당,소득,1955-06,0
대동청년당,소득,1955-07,0
대동청년당,소득,1955-08,0
대동청년당,소득,1955-09,0
대동청년당,소득,1955-10,0
대동청년당,소득,1955-11,0
대동청년당,소득,1955-12,0
대동청년당,소득,1956-01,0
대동청년당,소득,1956-02,0
대동청년당,소득,1956-03,0
대동청년당,소득,1956-04,0
대동청년당,소득,1956-05,0
대동청년당,소득,1956-06,0
대동청년당,소득,1956-07,0
대동청년당,소득,1956-08,0
대동청년당,소득,1956-09,0
대동청년당,소득,1956-10,0
대동청년당,소득,1956-11,0
대동청년당,소득,1956-12,0
대동청년당,소득,1957-01,0
대동청년당,소득,1957-02,0
대동청년당,소득,1957-03,0
대동청년당,소득,1957-04,0
대동청년당,소득,1957-05,0
대동청년당,소득,1957-06,0
대동청년당,소득,1957-07,0
대동청년당,소득,1957-08,0
대동청년당,소득,1957-09,0
대동청년당,소득,1957-10,0
대동청년당,소득,1957-11,0
대동청년당,소득,1957-12,0
대동청년당,소득,1958-01,0
대동청년당,소득,1958-02,0
대동청년당,소득,1958-03,0
대동청년당,소득,1958-04,0
대동청년당,소득,1958-05,0
대동청년당,소득,1958-06,0
대동청년당,소득,1958-07,0
대동청년당,소득,1958-08,0
대동청년당,소득,1958-09,0
대동청년당,소득,1958-10,0
대동청년당,소득,1958-11,0
대동청년당,소득,1958-12,0
대동청년당,소득,1959-01,0
대동청년당,소득,1959-02,0
대동청년당,소득,1959-03,0
대동청년당,소득,1959-04,0
대동청년당,소득,1959-05,0
대동청년당,소득,1959-06,0
대동청년당,소득,1959-07,0
대동청년당,소득,1959-09,0
대동청년당,소득,1959-10,0
대동청년당,소득,1959-11,0
대동청년당,소득,1959-12,0
대동청년당,소득,1960-01,0
대동청년당,소득,1960-02,0
대동청년당,소득,1960-03,0
대동청년당,소득,1960-04,0
조선민족청년단,소득,1948-06,0
조선민족청년단,소득,1948-07,7
조선민족청년단,소득,1948-08,0
조선민족청년단,소득,1948-09,3
조선민족청년단,소득,1948-10,3
조선민족청년단,소득,1948-11,1
조선민족청년단,소득,1948-12,1
조선민족청년단,소득,1949-01,3
조선민족청년단,소득,1949-02,1
조선민족청년단,소득,1949-03,17
조선민족청년단,소득,1949-04,13
조선민족청년단,소득,1949-05,2
조선민족청년단,소득,1949-06,1
조선민족청년단,소득,1949-07,4
조선민족청년단,소득,1949-08,0
조선민족청년단,소득,1949-09,3
조선민족청년단,소득,1949-10,2
조선민족청년단,소득,1949-11,12
조선민족청년단,소득,1949-12,0
조선민족청년단,소득,1950-01,12
조선민족청년단,소득,1950-02,3
조선민족청년단,소득,1950-03,0
조선민족청년단,소득,1950-04,6
조선민족청년단,소득,1950-06,0
조선민족청년단,소득,1950-10,0
조선민족청년단,소득,1950-11,0
조선민족청년단,소득,1950-12,0
조선민족청년단,소득,1951-01,0
조선민족청년단,소득,1951-02,0
조선민족청년단,소득,1951-03,0
조선민족청년단,소득,1951-04,0
조선민족청년단,소득,1951-05,0
조선민족청년단,소득,1951-06,0
조선민족청년단,소득,1951-07,0
조선민족청년단,소득,1951-08,0
조선민족청년단,소득,1951-09,0
조선민족청년단,소득,1951-10,0
조선민족청년단,소득,1951-11,0
조선민족청년단,소득,1951-12,0
조선민족청년단,소득,1952-01,0
조선민족청년단,소득,1952-02,0
조선민족청년단,소득,1952-03,0
조선민족청년단,소득,1952-04,0
조선민족청년단,소득,1952-05,0
조선민족청년단,소득,1952-06,0
조선민족청년단,소득,1952-07,0
조선민족청년단,소득,1952-08,0
조선민족청년단,소득,1952-09,0
조선민족청년단,소득,1952-10,0
조선민족청년단,소득,1952-11,0
조선민족청년단,소득,1952-12,0
조선민족청년단,소득,1953-01,0
조선민족청년단,소득,1953-02,0
조선민족청년단,소득,1953-03,0
조선민족청년단,소득,1953-04,0
조선민족청년단,소득,1953-05,0
조선민족청년단,소득,1953-06,0
조선민족청년단,소득,1953-07,0
조선민족청년단,소득,1953-08,0
조선민족청년단,소득,1953-09,0
조선민족청년단,소득,1953-10,0
조선민족청년단,소득,1953-11,0
조선민족청년단,소득,1953-12,0
조선민족청년단,소득,1954-01,0
조선민족청년단,소득,1954-02,0
조선민족청년단,소득,1954-03,0
조선민족청년단,소득,1954-04,0
조선민족청년단,소득,1954-05,0
조선민족청년단,소득,1954-06,0
조선민족청년단,소득,1954-07,0
조선민족청년단,소득,1954-08,0
조선민족청년단,소득,1954-09,0
조선민족청년단,소득,1954-10,0
조선민족청년단,소득,1954-11,0
조선민족청년단,소득,1954-12,0
조선민족청년단,소득,1955-01,0
조선민족청년단,소득,1955-02,0
조선민족청년단,소득,1955-03,0
조선민족청년단,소득,1955-04,0
조선민족청년단,소득,1955-05,0
조선민족청년단,소득,1955-06,0
조선민족청년단,소득,1955-07,0
조선민족청년단,소득,1955-08,0
조선민족청년단,소득,1955-09,0
조선민족청년단,소득,1955-10,0
조선민족청년단,소득,1955-11,0
조선민족청년단,소득,1955-12,0
조선민족청년단,소득,1956-01,0
조선민족청년단,소득,1956-02,0
조선민족청년단,소득,1956-03,0
조선민족청년단,소득,1956-04,0
조선민족청년단,소득,1956-05,0
조선민족청년단,소득,1956-06,0
조선민족청년단,소득,1956-07,0
조선민족청년단,소득,1956-08,0
조선민족청년단,소득,1956-09,0
조선민족청년단,소득,1956-10,0
조선민족청년단,소득,1956-11,0
조선민족청년단,소득,1956-12,0
조선민족청년단,소득,1957-01,0
조선민족청년단,소득,1957-02,0
조선민족청년단,소득,1957-03,0
조선민족청년단,소득,1957-04,0
조선민족청년단,소득,1957-05,0
조선민족청년단,소득,1957-06,0
조선민족청년단,소득,1957-07,0
조선민족청년단,소득,1957-08,0
조선민족청년단,소득,1957-09,0
조선민족청년단,소득,1957-10,0
조선민족청년단,소득,1957-11,0
조선민족청년단,소득,1957-12,0
조선민족청년단,소득,1958-01,0
조선민족청년단,소득,1958-02,0
조선민족청년단,소득,1958-03,0
조선민족청년단,소득,1958-04,0
조선민족청년단,소득,1958-05,0
조선민족청년단,소득,1958-06,0
조선민족청년단,소득,1958-07,0
조선민족청년단,소득,1958-08,0
조선민족청년단,소득,1958-09,0
조선민족청년단,소득,1958-10,0
조선민족청년단,소득,1958-11,0
조선민족청년단,소득,1958-12,0
조선민족청년단,소득,1959-01,0
조선민족청년단,소득,1959-02,0
조선민족청년단,소득,1959-03,0
조선민족청년단,소득,1959-04,0
조선민족청년단,소득,1959-05,0
조선민족청년단,소득,1959-06,0
조선민족청년단,소득,1959-07,0
조선민족청년단,소득,1959-09,0
조선민족청년단,소득,1959-10,0
조선민족청년단,소득,1959-11,0
조선민족청년단,소득,1959-12,0
조선민족청년단,소득,1960-01,0
조선민족청년단,소득,1960-02,0
조선민족청년단,소득,1960-03,0
조선민족청년단,소득,1960-04,0
대한청년단,소득,1948-06,0
대한청년단,소득,1948-07,0
대한청년단,소득,1948-08,0
대한청년단,소득,1948-09,0
대한청년단,소득,1948-10,0
대한청년단,소득,1948-11,0
대한청년단,소득,1948-12,0
대한청년단,소득,1949-01,0
대한청년단,소득,1949-02,0
대한청년단,소득,1949-03,0
대한청년단,소득,1949-04,0
대한청년단,소득,1949-05,0
대한청년단,소득,1949-06,0
대한청년단,소득,1949-07,0
대한청년단,소득,1949-08,0
대한청년단,소득,1949-09,0
대한청년단,소득,1949-10,0
대한청년단,소득,1949-11,0
대한청년단,소득,1949-12,0
대한청년단,소득,1950-01,0
대한청년단,소득,1950-02,0
대한청년단,소득,1950-03,0
대한청년단,소득,1950-04,0
대한청년단,소득,1950-06,0
대한청년단,소득,1950-10,0
대한청년단,소득,1950-11,2
대한청년단,소득,1950-12,1
대한청년단,소득,1951-01,1
대한청년단,소득,1951-02,1
대한청년단,소득,1951-03,6
대한청년단,소득,1951-04,1
대한청년단,소득,1951-05,1
대한청년단,소득,1951-06,1
대한청년단,소득,1951-07,5
대한청년단,소득,1951-08,1
대한청년단,소득,1951-09,2
대한청년단,소득,1951-10,5
대한청년단,소득,1951-11,7
대한청년단,소득,1951-12,12
대한청년단,소득,1952-01,1
대한청년단,소득,1952-02,2
대한청년단,소득,1952-03,3
대한청년단,소득,1952-04,7
대한청년단,소득,1952-05,4
대한청년단,소득,1952-06,2
대한청년단,소득,1952-07,2
대한청년단,소득,1952-08,0
대한청년단,소득,1952-09,5
대한청년단,소득,1952-10,2
대한청년단,소득,1952-11,3
대한청년단,소득,1952-12,0
대한청년단,소득,1953-01,3
대한청년단,소득,1953-02,3
대한청년단,소득,1953-03,4
대한청년단,소득,1953-04,2
대한청년단,소득,1953-05,4
대한청년단,소득,1953-06,0
대한청년단,소득,1953-07,1
대한청년단,소득,1953-08,0
대한청년단,소득,1953-09,0
대한청년단,소득,1953-10,4
대한청년단,소득,1953-11,2
대한청년단,소득,1953-12,0
대한청년단,소득,1954-01,1
대한청년단,소득,1954-02,0
대한청년단,소득,1954-03,4
대한청년단,소득,1954-04,1
대한청년단,소득,1954-05,0
대한청년단,소득,1954-06,0
대한청년단,소득,1954-07,0
대한청년단,소득,1954-08,0
대한청년단,소득,1954-09,0
대한청년단,소득,1954-10,0
대한청년단,소득,1954-11,0
대한청년단,소득,1954-12,0
대한청년단,소득,1955-01,0
대한청년단,소득,1955-02,0
대한청년단,소득,1955-03,0
대한청년단,소득,1955-04,0
대한청년단,소득,1955-05,0
대한청년단,소득,1955-06,0
대한청년단,소득,1955-07,0
대한청년단,소득,1955-08,0
대한청년단,소득,1955-09,0
대한청년단,소득,1955-10,0
대한청년단,소득,1955-11,0
대한청년단,소득,1955-12,0
대한청년단,소득,1956-01,0
대한청년단,소득,1956-02,0
대한청년단,소득,1956-03,0
대한청년단,소득,1956-04,0
대한청년단,소득,1956-05,0
대한청년단,소득,1956-06,0
대한청년단,소득,1956-07,0
대한청년단,소득,1956-08,0
대한청년단,소득,1956-09,0
대한청년단,소득,1956-10,0
대한청년단,소득,1956-11,0
대한청년단,소득,1956-12,0
대한청년단,소득,1957-01,0
대한청년단,소득,1957-02,0
대한청년단,소득,1957-03,0
대한청년단,소득,1957-04,0
대한청년단,소득,1957-05,0
대한청년단,소득,1957-06,0
대한청년단,소득,1957-07,0
대한청년단,소득,1957-08,0
대한청년단,소득,1957-09,0
대한청년단,소득,1957-10,0
대한청년단,소득,1957-11,0
대한청년단,소득,1957-12,0
대한청년단,소득,1958-01,0
대한청년단,소득,1958-02,0
대한청년단,소득,1958-03,0
대한청년단,소득,1958-04,0
대한청년단,소득,1958-05,0
대한청년단,소득,1958-06,0
대한청년단,소득,1958-07,0
대한청년단,소득,1958-08,0
대한청년단,소득,1958-09,0
대한청년단,소득,1958-10,0
대한청년단,소득,1958-11,0
대한청년단,소득,1958-12,0
대한청년단,소득,1959-01,0
대한청년단,소득,1959-02,0
대한청년단,소득,1959-03,0
대한청년단,소득,1959-04,0
대한청년단,소득,1959-05,0
대한청년단,소득,1959-06,0
대한청년단,소득,1959-07,0
대한청년단,소득,1959-09,0
대한청년단,소득,1959-10,0
대한청년단,소득,1959-11,0
대한청년단,소득,1959-12,0
대한청년단,소득,1960-01,0
대한청년단,소득,1960-02,0
대한청년단,소득,1960-03,0
대한청년단,소득,1960-04,0
국민당,소득,1948-06,0
국민당,소득,1948-07,0
국민당,소득,1948-08,0
국민당,소득,1948-09,0
국민당,소득,1948-10,0
국민당,소득,1948-11,0
국민당,소득,1948-12,0
국민당,소득,1949-01,0
국민당,소득,1949-02,0
국민당,소득,1949-03,0
국민당,소득,1949-04,0
국민당,소득,1949-05,0
국민당,소득,1949-06,0
국민당,소득,1949-07,0
국민당,소득,1949-08,0
국민당,소득,1949-09,0
국민당,소득,1949-10,0
국민당,소득,1949-11,0
국민당,소득,1949-12,0
국민당,소득,1950-01,0
국민당,소득,1950-02,0
국민당,소득,1950-03,0
국민당,소득,1950-04,0
국민당,소득,1950-06,0
국민당,소득,1950-10,0
국민당,소득,1950-11,0
국민당,소득,1950-12,0
국민당,소득,1951-01,0
국민당,소득,1951-02,0
국민당,소득,1951-03,0
국민당,소득,1951-04,0
국민당,소득,1951-05,0
국민당,소득,1951-06,0
국민당,소득,1951-07,0
국민당,소득,1951-08,0
국민당,소득,1951-09,0
국민당,소득,1951-10,0
국민당,소득,1951-11,0
국민당,소득,1951-12,0
국민당,소득,1952-01,0
국민당,소득,1952-02,0
국민당,소득,1952-03,0
국민당,소득,1952-04,0
국민당,소득,1952-05,0
국민당,소득,1952-06,0
국민당,소득,1952-07,0
국민당,소득,1952-08,0
국민당,소득,1952-09,0
국민당,소득,1952-10,0
국민당,소득,1952-11,0
국민당,소득,1952-12,0
국민당,소득,1953-01,0
국민당,소득,1953-02,0
국민당,소득,1953-03,0
국민당,소득,1953-04,0
국민당,소득,1953-05,0
국민당,소득,1953-06,0
국민당,소득,1953-07,0
국민당,소득,1953-08,0
국민당,소득,1953-09,0
국민당,소득,1953-10,0
국민당,소득,1953-11,0
국민당,소득,1953-12,0
국민당,소득,1954-01,0
국민당,소득,1954-02,0
국민당,소득,1954-03,0
국민당,소득,1954-04,0
국민당,소득,1954-05,0
국민당,소득,1954-06,0
국민당,소득,1954-07,1
국민당,소득,1954-08,0
국민당,소득,1954-09,4
국민당,소득,1954-10,6
국민당,소득,1954-11,2
국민당,소득,1954-12,1
국민당,소득,1955-01,3
국민당,소득,1955-02,0
국민당,소득,1955-03,3
국민당,소득,1955-04,0
국민당,소득,1955-05,3
국민당,소득,1955-06,3
국민당,소득,1955-07,3
국민당,소득,1955-08,0
국민당,소득,1955-09,0
국민당,소득,1955-10,1
국민당,소득,1955-11,4
국민당,소득,1955-12,1
국민당,소득,1956-01,1
국민당,소득,1956-02,4
국민당,소득,1956-03,0
국민당,소득,1956-04,0
국민당,소득,1956-05,1
국민당,소득,1956-06,0
국민당,소득,1956-07,2
국민당,소득,1956-08,2
국민당,소득,1956-09,2
국민당,소득,1956-10,2
국민당,소득,1956-11,2
국민당,소득,1956-12,0
국민당,소득,1957-01,0
국민당,소득,1957-02,2
국민당,소득,1957-03,1
국민당,소득,1957-04,0
국민당,소득,1957-05,0
국민당,소득,1957-06,1
국민당,소득,1957-07,4
국민당,소득,1957-08,0
국민당,소득,1957-09,0
국민당,소득,1957-10,0
국민당,소득,1957-11,1
국민당,소득,1957-12,10
국민당,소득,1958-01,0
국민당,소득,1958-02,1
국민당,소득,1958-03,0
국민당,소득,1958-04,0
국민당,소득,1958-05,0
국민당,소득,1958-06,0
국민당,소득,1958-07,0
국민당,소득,1958-08,0
국민당,소득,1958-09,0
국민당,소득,1958-10,0
국민당,소득,1958-11,0
국민당,소득,1958-12,0
국민당,소득,1959-01,0
국민당,소득,1959-02,0
국민당,소득,1959-03,0
국민당,소득,1959-04,0
국민당,소득,1959-05,0
국민당,소득,1959-06,0
국민당,소득,1959-07,0
국민당,소득,1959-09,0
국민당,소득,1959-10,0
국민당,소득,1959-11,0
국민당,소득,1959-12,0
국민당,소득,1960-01,0
국민당,소득,1960-02,0
국민당,소득,1960-03,0
국민당,소득,1960-04,0
자유당,노동,1948-06,0
자유당,노동,1948-07,0
자유당,노동,1948-08,0
자유당,노동,1948-09,0
자유당,노동,1948-10,0
자유당,노동,1948-11,0
자유당,노동,1948-12,0
자유당,노동,1949-01,0
자유당,노동,1949-02,0
자유당,노동,1949-03,0
자유당,노동,1949-04,0
자유당,노동,1949-05,0
자유당,노동,1949-06,0
자유당,노동,1949-07,0
자유당,노동,1949-08,0
자유당,노동,1949-09,0
자유당,노동,1949-10,0
자유당,노동,1949-11,0
자유당,노동,1949-12,0
자유당,노동,1950-01,0
자유당,노동,1950-02,0
자유당,노동,1950-03,0
자유당,노동,1950-04,0
자유당,노동,1950-06,0
자유당,노동,1950-10,0
자유당,노동,1950-11,0
자유당,노동,1950-12,0
자유당,노동,1951-01,0
자유당,노동,1951-02,0
자유당,노동,1951-03,0
자유당,노동,1951-04,0
자유당,노동,1951-05,0
자유당,노동,1951-06,0
자유당,노동,1951-07,0
자유당,노동,1951-08,0
자유당,노동,1951-09,0
자유당,노동,1951-10,0
자유당,노동,1951-11,0
자유당,노동,1951-12,0
자유당,노동,1952-01,0
자유당,노동,1952-02,0
자유당,노동,1952-03,0
자유당,노동,1952-04,0
자유당,노동,1952-05,0
자유당,노동,1952-06,0
자유당,노동,1952-07,0
자유당,노동,1952-08,0
자유당,노동,1952-09,0
자유당,노동,1952-10,0
자유당,노동,1952-11,0
자유당,노동,1952-12,0
자유당,노동,1953-01,0
자유당,노동,1953-02,0
자유당,노동,1953-03,0
자유당,노동,1953-04,0
자유당,노동,1953-05,0
자유당,노동,1953-06,0
자유당,노동,1953-07,0
자유당,노동,1953-08,0
자유당,노동,1953-09,0
자유당,노동,1953-10,0
자유당,노동,1953-11,0
자유당,노동,1953-12,0
자유당,노동,1954-01,0
자유당,노동,1954-02,0
자유당,노동,1954-03,0
자유당,노동,1954-04,0
자유당,노동,1954-05,0
자유당,노동,1954-06,0
자유당,노동,1954-07,6
자유당,노동,1954-08,3
자유당,노동,1954-09,6
자유당,노동,1954-10,5
자유당,노동,1954-11,4
자유당,노동,1954-12,14
자유당,노동,1955-01,9
자유당,노동,1955-02,4
자유당,노동,1955-03,7
자유당,노동,1955-04,4
자유당,노동,1955-05,4
자유당,노동,1955-06,11
자유당,노동,1955-07,15
자유당,노동,1955-08,0
자유당,노동,1955-09,1
자유당,노동,1955-10,4
자유당,노동,1955-11,3
자유당,노동,1955-12,2
자유당,노동,1956-01,3
자유당,노동,1956-02,4
자유당,노동,1956-03,1
자유당,노동,1956-04,0
자유당,노동,1956-05,0
자유당,노동,1956-06,6
자유당,노동,1956-07,9
자유당,노동,1956-08,2
자유당,노동,1956-09,1
자유당,노동,1956-10,16
자유당,노동,1956-11,3
자유당,노동,1956-12,27
자유당,노동,1957-01,1
자유당,노동,1957-02,0
자유당,노동,1957-03,5
자유당,노동,1957-04,2
자유당,노동,1957-05,1
자유당,노동,1957-06,13
자유당,노동,1957-07,6
자유당,노동,1957-08,3
자유당,노동,1957-09,2
자유당,노동,1957-10,0
자유당,노동,1957-11,5
자유당,노동,1957-12,15
자유당,노동,1958-01,0
자유당,노동,1958-02,6
자유당,노동,1958-03,0
자유당,노동,1958-04,0
자유당,노동,1958-05,0
자유당,노동,1958-06,2
자유당,노동,1958-07,11
자유당,노동,1958-08,6
자유당,노동,1958-09,2
자유당,노동,1958-10,4
자유당,노동,1958-11,20
자유당,노동,1958-12,6
자유당,노동,1959-01,0
자유당,노동,1959-02,1
자유당,노동,1959-03,0
자유당,노동,1959-04,0
자유당,노동,1959-05,1
자유당,노동,1959-06,20
자유당,노동,1959-07,9
자유당,노동,1959-09,0
자유당,노동,1959-10,1
자유당,노동,1959-11,23
자유당,노동,1959-12,22
자유당,노동,1960-01,1
자유당,노동,1960-02,0
자유당,노동,1960-03,0
자유당,노동,1960-04,0
무소속,노동,1948-06,13
무소속,노동,1948-07,29
무소속,노동,1948-08,0
무소속,노동,1948-09,8
무소속,노동,1948-10,1
무소속,노동,1948-11,1
무소속,노동,1948-12,5
무소속,노동,1949-01,3
무소속,노동,1949-02,2
무소속,노동,1949-03,10
무소속,노동,1949-04,17
무소속,노동,1949-05,0
무소속,노동,1949-06,2
무소속,노동,1949-07,10
무소속,노동,1949-08,0
무소속,노동,1949-09,3
무소속,노동,1949-10,4
무소속,노동,1949-11,38
무소속,노동,1949-12,1
무소속,노동,1950-01,4
무소속,노동,1950-02,12
무소속,노동,1950-03,7
무소속,노동,1950-04,4
무소속,노동,1950-06,0
무소속,노동,1950-10,0
무소속,노동,1950-11,6
무소속,노동,1950-12,0
무소속,노동,1951-01,1
무소속,노동,1951-02,2
무소속,노동,1951-03,12
무소속,노동,1951-04,6
무소속,노동,1951-05,1
무소속,노동,1951-06,4
무소속,노동,1951-07,6
무소속,노동,1951-08,4
무소속,노동,1951-09,6
무소속,노동,1951-10,8
무소속,노동,1951-11,10
무소속,노동,1951-12,9
무소속,노동,1952-01,3
무소속,노동,1952-02,6
무소속,노동,1952-03,7
무소속,노동,1952-04,3
무소속,노동,1952-05,2
무소속,노동,1952-06,0
무소속,노동,1952-07,7
무소속,노동,1952-08,1
무소속,노동,1952-09,3
무소속,노동,1952-10,4
무소속,노동,1952-11,7
무소속,노동,1952-12,6
무소속,노동,1953-01,132
무소속,노동,1953-02,15
무소속,노동,1953-03,16
무소속,노동,1953-04,79
무소속,노동,1953-05,36
무소속,노동,1953-06,3
무소속,노동,1953-07,4
무소속,노동,1953-08,0
무소속,노동,1953-09,3
무소속,노동,1953-10,2
무소속,노동,1953-11,2
무소속,노동,1953-12,0
무소속,노동,1954-01,0
무소속,노동,1954-02,5
무소속,노동,1954-03,9
무소속,노동,1954-04,0
무소속,노동,1954-05,0
무소속,노동,1954-06,0
무소속,노동,1954-07,1
무소속,노동,1954-08,4
무소속,노동,1954-09,5
무소속,노동,1954-10,3
무소속,노동,1954-11,3
무소속,노동,1954-12,3
무소속,노동,1955-01,5
무소속,노동,1955-02,3
무소속,노동,1955-03,1
무소속,노동,1955-04,0
무소속,노동,1955-05,6
무소속,노동,1955-06,3
무소속,노동,1955-07,4
무소속,노동,1955-08,0
무소속,노동,1955-09,1
무소속,노동,1955-10,3
무소속,노동,1955-11,2
무소속,노동,1955-12,0
무소속,노동,1956-01,1
무소속,노동,1956-02,1
무소속,노동,1956-03,1
무소속,노동,1956-04,0
무소속,노동,1956-05,1
무소속,노동,1956-06,5
무소속,노동,1956-07,5
무소속,노동,1956-08,1
무소속,노동,1956-09,1
무소속,노동,1956-10,0
무소속,노동,1956-11,0
무소속,노동,1956-12,8
무소속,노동,1957-01,2
무소속,노동,1957-02,0
무소속,노동,1957-03,4
무소속,노동,1957-04,2
무소속,노동,1957-05,0
무소속,노동,1957-06,6
무소속,노동,1957-07,7
무소속,노동,1957-08,1
무소속,노동,1957-09,2
무소속,노동,1957-10,1
무소속,노동,1957-11,1
무소속,노동,1957-12,13
무소속,노동,1958-01,1
무소속,노동,1958-02,0
무소속,노동,1958-03,0
무소속,노동,1958-04,0
무소속,노동,1958-05,0
무소속,노동,1958-06,0
무소속,노동,1958-07,5
무소속,노동,1958-08,7
무소속,노동,1958-09,0
무소속,노동,1958-10,0
무소속,노동,1958-11,3
무소속,노동,1958-12,6
무소속,노동,1959-01,0
무소속,노동,1959-02,1
무소속,노동,1959-03,0
무소속,노동,1959-04,0
무소속,노동,1959-05,1
무소속,노동,1959-06,27
무소속,노동,1959-07,22
무소속,노동,1959-09,0
무소속,노동,1959-10,0
무소속,노동,1959-11,9
무소속,노동,1959-12,9
무소속,노동,1960-01,0
무소속,노동,1960-02,0
무소속,노동,1960-03,0
무소속,노동,1960-04,2
민주당,노동,1948-06,0
민주당,노동,1948-07,0
민주당,노동,1948-08,0
민주당,노동,1948-09,0
민주당,노동,1948-10,0
민주당,노동,1948-11,0
민주당,노동,1948-12,0
민주당,노동,1949-01,0
민주당,노동,1949-02,0
민주당,노동,1949-03,0
민주당,노동,1949-04,0
민주당,노동,1949-05,0
민주당,노동,1949-06,0
민주당,노동,1949-07,0
민주당,노동,1949-08,0
민주당,노동,1949-09,0
민주당,노동,1949-10,0
민주당,노동,1949-11,0
민주당,노동,1949-12,0
민주당,노동,1950-01,0
민주당,노동,1950-02,0
민주당,노동,1950-03,0
민주당,노동,1950-04,0
민주당,노동,1950-06,0
민주당,노동,1950-10,0
민주당,노동,1950-11,0
민주당,노동,1950-12,0
민주당,노동,1951-01,0
민주당,노동,1951-02,0
민주당,노동,1951-03,0
민주당,노동,1951-04,0
민주당,노동,1951-05,0
민주당,노동,1951-06,0
민주당,노동,1951-07,0
민주당,노동,1951-08,0
민주당,노동,1951-09,0
민주당,노동,1951-10,0
민주당,노동,1951-11,0
민주당,노동,1951-12,0
민주당,노동,1952-01,0
민주당,노동,1952-02,0
민주당,노동,1952-03,0
민주당,노동,1952-04,0
민주당,노동,1952-05,0
민주당,노동,1952-06,0
민주당,노동,1952-07,0
민주당,노동,1952-08,0
민주당,노동,1952-09,0
민주당,노동,1952-10,0
민주당,노동,1952-11,0
민주당,노동,1952-12,0
민주당,노동,1953-01,0
민주당,노동,1953-02,0
민주당,노동,1953-03,0
민주당,노동,1953-04,0
민주당,노동,1953-05,0
민주당,노동,1953-06,0
민주당,노동,1953-07,0
민주당,노동,1953-08,0
민주당,노동,1953-09,0
민주당,노동,1953-10,0
민주당,노동,1953-11,0
민주당,노동,1953-12,0
민주당,노동,1954-01,0
민주당,노동,1954-02,0
민주당,노동,1954-03,0
민주당,노동,1954-04,0
민주당,노동,1954-05,0
민주당,노동,1954-06,0
민주당,노동,1954-07,0
민주당,노동,1954-08,0
민주당,노동,1954-09,0
민주당,노동,1954-10,0
민주당,노동,1954-11,0
민주당,노동,1954-12,0
민주당,노동,1955-01,0
민주당,노동,1955-02,0
민주당,노동,1955-03,0
민주당,노동,1955-04,0
민주당,노동,1955-05,0
민주당,노동,1955-06,0
민주당,노동,1955-07,0
민주당,노동,1955-08,0
민주당,노동,1955-09,0
민주당,노동,1955-10,0
민주당,노동,1955-11,0
민주당,노동,1955-12,0
민주당,노동,1956-01,0
민주당,노동,1956-02,0
민주당,노동,1956-03,0
민주당,노동,1956-04,0
민주당,노동,1956-05,0
민주당,노동,1956-06,0
민주당,노동,1956-07,0
민주당,노동,1956-08,0
민주당,노동,1956-09,0
민주당,노동,1956-10,0
민주당,노동,1956-11,0
민주당,노동,1956-12,0
민주당,노동,1957-01,0
민주당,노동,1957-02,0
민주당,노동,1957-03,0
민주당,노동,1957-04,1
민주당,노동,1957-05,0
민주당,노동,1957-06,0
민주당,노동,1957-07,0
민주당,노동,1957-08,0
민주당,노동,1957-09,0
민주당,노동,1957-10,0
민주당,노동,1957-11,0
민주당,노동,1957-12,0
민주당,노동,1958-01,0
민주당,노동,1958-02,0
민주당,노동,1958-03,0
민주당,노동,1958-04,0
민주당,노동,1958-05,0
민주당,노동,1958-06,2
민주당,노동,1958-07,25
민주당,노동,1958-08,29
민주당,노동,1958-09,0
민주당,노동,1958-10,2
민주당,노동,1958-11,17
민주당,노동,1958-12,10
민주당,노동,1959-01,0
민주당,노동,1959-02,2
민주당,노동,1959-03,2
민주당,노동,1959-04,0
민주당,노동,1959-05,3
민주당,노동,1959-06,43
민주당,노동,1959-07,18
민주당,노동,1959-09,0
민주당,노동,1959-10,1
민주당,노동,1959-11,28
민주당,노동,1959-12,42
민주당,노동,1960-01,0
민주당,노동,1960-02,0
민주당,노동,1960-03,0
민주당,노동,1960-04,1
한국민주당,노동,1948-06,5
한국민주당,노동,1948-07,13
한국민주당,노동,1948-08,0
한국민주당,노동,1948-09,4
한국민주당,노동,1948-10,0
한국민주당,노동,1948-11,2
한국민주당,노동,1948-12,0
한국민주당,노동,1949-01,1
한국민주당,노동,1949-02,1
한국민주당,노동,1949-03,7
한국민주당,노동,1949-04,5
한국민주당,노동,1949-05,0
한국민주당,노동,1949-06,0
한국민주당,노동,1949-07,10
한국민주당,노동,1949-08,0
한국민주당,노동,1949-09,4
한국민주당,노동,1949-10,4
한국민주당,노동,1949-11,31
한국민주당,노동,1949-12,1
한국민주당,노동,1950-01,2
한국민주당,노동,1950-02,3
한국민주당,노동,1950-03,2
한국민주당,노동,1950-04,9
한국민주당,노동,1950-06,0
한국민주당,노동,1950-10,0
한국민주당,노동,1950-11,0
한국민주당,노동,1950-12,0
한국민주당,노동,1951-01,0
한국민주당,노동,1951-02,0
한국민주당,노동,1951-03,0
한국민주당,노동,1951-04,0
한국민주당,노동,1951-05,0
한국민주당,노동,1951-06,0
한국민주당,노동,1951-07,0
한국민주당,노동,1951-08,0
한국민주당,노동,1951-09,0
한국민주당,노동,1951-10,0
한국민주당,노동,1951-11,0
한국민주당,노동,1951-12,0
한국민주당,노동,1952-01,0
한국민주당,노동,1952-02,0
한국민주당,노동,1952-03,0
한국민주당,노동,1952-04,0
한국민주당,노동,1952-05,0
한국민주당,노동,1952-06,0
한국민주당,노동,1952-07,0
한국민주당,노동,1952-08,0
한국민주당,노동,1952-09,0
한국민주당,노동,1952-10,0
한국민주당,노동,1952-11,0
한국민주당,노동,1952-12,0
한국민주당,노동,1953-01,0
한국민주당,노동,1953-02,0
한국민주당,노동,1953-03,0
한국민주당,노동,1953-04,0
한국민주당,노동,1953-05,0
한국민주당,노동,1953-06,0
한국민주당,노동,1953-07,0
한국민주당,노동,1953-08,0
한국민주당,노동,1953-09,0
한국민주당,노동,1953-10,0
한국민주당,노동,1953-11,0
한국민주당,노동,1953-12,0
한국민주당,노동,1954-01,0
한국민주당,노동,1954-02,0
한국민주당,노동,1954-03,0
한국민주당,노동,1954-04,0
한국민주당,노동,1954-05,0
한국민주당,노동,1954-06,0
한국민주당,노동,1954-07,0
한국민주당,노동,1954-08,0
한국민주당,노동,1954-09,0
한국민주당,노동,1954-10,0
한국민주당,노동,1954-11,0
한국민주당,노동,1954-12,0
한국민주당,노동,1955-01,0
한국민주당,노동,1955-02,0
한국민주당,노동,1955-03,0
한국민주당,노동,1955-04,0
한국민주당,노동,1955-05,0
한국민주당,노동,1955-06,0
한국민주당,노동,1955-07,0
한국민주당,노동,1955-08,0
한국민주당,노동,1955-09,0
한국민주당,노동,1955-10,0
한국민주당,노동,1955-11,0
한국민주당,노동,1955-12,0
한국민주당,노동,1956-01,0
한국민주당,노동,1956-02,0
한국민주당,노동,1956-03,0
한국민주당,노동,1956-04,0
한국민주당,노동,1956-05,0
한국민주당,노동,1956-06,0
한국민주당,노동,1956-07,0
한국민주당,노동,1956-08,0
한국민주당,노동,1956-09,0
한국민주당,노동,1956-10,0
한국민주당,노동,1956-11,0
한국민주당,노동,1956-12,0
한국민주당,노동,1957-01,0
한국민주당,노동,1957-02,0
한국민주당,노동,1957-03,0
한국민주당,노동,1957-04,0
한국민주당,노동,1957-05,0
한국민주당,노동,1957-06,0
한국민주당,노동,1957-07,0
한국민주당,노동,1957-08,0
한국민주당,노동,1957-09,0
한국민주당,노동,1957-10,0
한국민주당,노동,1957-11,0
한국민주당,노동,1957-12,0
한국민주당,노동,1958-01,0
한국민주당,노동,1958-02,0
한국민주당,노동,1958-03,0
한국민주당,노동,1958-04,0
한국민주당,노동,1958-05,0
한국민주당,노동,1958-06,0
한국민주당,노동,1958-07,0
한국민주당,노동,1958-08,0
한국민주당,노동,1958-09,0
한국민주당,노동,1958-10,0
한국민주당,노동,1958-11,0
한국민주당,노동,1958-12,0
한국민주당,노동,1959-01,0
한국민주당,노동,1959-02,0
한국민주당,노동,1959-03,0
한국민주당,노동,1959-04,0
한국민주당,노동,1959-05,0
한국민주당,노동,1959-06,0
한국민주당,노동,1959-07,0
한국민주당,노동,1959-09,0
한국민주당,노동,1959-10,0
한국민주당,노동,1959-11,0
한국민주당,노동,1959-12,0
한국민주당,노동,1960-01,0
한국민주당,노동,1960-02,0
한국민주당,노동,1960-03,0
한국민주당,노동,1960-04,0
대한국민당,노동,1948-06,0
대한국민당,노동,1948-07,0
대한국민당,노동,1948-08,0
대한국민당,노동,1948-09,0
대한국민당,노동,1948-10,0
대한국민당,노동,1948-11,0
대한국민당,노동,1948-12,0
대한국민당,노동,1949-01,0
대한국민당,노동,1949-02,0
대한국민당,노동,1949-03,0
대한국민당,노동,1949-04,0
대한국민당,노동,1949-05,0
대한국민당,노동,1949-06,0
대한국민당,노동,1949-07,0
대한국민당,노동,1949-08,0
대한국민당,노동,1949-09,0
대한국민당,노동,1949-10,0
대한국민당,노동,1949-11,0
대한국민당,노동,1949-12,0
대한국민당,노동,1950-01,0
대한국민당,노동,1950-02,0
대한국민당,노동,1950-03,0
대한국민당,노동,1950-04,0
대한국민당,노동,1950-06,0
대한국민당,노동,1950-10,0
대한국민당,노동,1950-11,1
대한국민당,노동,1950-12,0
대한국민당,노동,1951-01,0
대한국민당,노동,1951-02,1
대한국민당,노동,1951-03,14
대한국민당,노동,1951-04,1
대한국민당,노동,1951-05,1
대한국민당,노동,1951-06,0
대한국민당,노동,1951-07,3
대한국민당,노동,1951-08,0
대한국민당,노동,1951-09,2
대한국민당,노동,1951-10,2
대한국민당,노동,1951-11,10
대한국민당,노동,1951-12,2
대한국민당,노동,1952-01,1
대한국민당,노동,1952-02,2
대한국민당,노동,1952-03,1
대한국민당,노동,1952-04,0
대한국민당,노동,1952-05,0
대한국민당,노동,1952-06,0
대한국민당,노동,1952-07,3
대한국민당,노동,1952-08,0
대한국민당,노동,1952-09,2
대한국민당,노동,1952-10,6
대한국민당,노동,1952-11,1
대한국민당,노동,1952-12,0
대한국민당,노동,1953-01,42
대한국민당,노동,1953-02,6
대한국민당,노동,1953-03,12
대한국민당,노동,1953-04,24
대한국민당,노동,1953-05,7
대한국민당,노동,1953-06,3
대한국민당,노동,1953-07,0
대한국민당,노동,1953-08,0
대한국민당,노동,1953-09,1
대한국민당,노동,1953-10,1
대한국민당,노동,1953-11,2
대한국민당,노동,1953-12,0
대한국민당,노동,1954-01,0
대한국민당,노동,1954-02,0
대한국민당,노동,1954-03,6
대한국민당,노동,1954-04,0
대한국민당,노동,1954-05,0
대한국민당,노동,1954-06,0
대한국민당,노동,1954-07,0
대한국민당,노동,1954-08,0
대한국민당,노동,1954-09,0
대한국민당,노동,1954-10,0
대한국민당,노동,1954-11,0
대한국민당,노동,1954-12,0
대한국민당,노동,1955-01,0
대한국민당,노동,1955-02,0
대한국민당,노동,1955-03,0
대한국민당,노동,1955-04,0
대한국민당,노동,1955-05,0
대한국민당,노동,1955-06,0
대한국민당,노동,1955-07,0
대한국민당,노동,1955-08,0
대한국민당,노동,1955-09,0
대한국민당,노동,1955-10,0
대한국민당,노동,1955-11,0
대한국민당,노동,1955-12,0
대한국민당,노동,1956-01,0
대한국민당,노동,1956-02,0
대한국민당,노동,1956-03,0
대한국민당,노동,1956-04,0
대한국민당,노동,1956-05,0
대한국민당,노동,1956-06,0
대한국민당,노동,1956-07,0
대한국민당,노동,1956-08,0
대한국민당,노동,1956-09,0
대한국민당,노동,1956-10,0
대한국민당,노동,1956-11,0
대한국민당,노동,1956-12,0
대한국민당,노동,1957-01,0
대한국민당,노동,1957-02,0
대한국민당,노동,1957-03,0
대한국민당,노동,1957-04,0
대한국민당,노동,1957-05,0
대한국민당,노동,1957-06,0
대한국민당,노동,1957-07,0
대한국민당,노동,1957-08,0
대한국민당,노동,1957-09,0
대한국민당,노동,1957-10,0
대한국민당,노동,1957-11,0
대한국민당,노동,1957-12,0
대한국민당,노동,1958-01,0
대한국민당,노동,1958-02,0
대한국민당,노동,1958-03,0
대한국민당,노동,1958-04,0
대한국민당,노동,1958-05,0
대한국민당,노동,1958-06,0
대한국민당,노동,1958-07,0
대한국민당,노동,1958-08,0
대한국민당,노동,1958-09,0
대한국민당,노동,1958-10,0
대한국민당,노동,1958-11,0
대한국민당,노동,1958-12,0
대한국민당,노동,1959-01,0
대한국민당,노동,1959-02,0
대한국민당,노동,1959-03,0
대한국민당,노동,1959-04,0
대한국민당,노동,1959-05,0
대한국민당,노동,1959-06,0
대한국민당,노동,1959-07,0
대한국민당,노동,1959-09,0
대한국민당,노동,1959-10,0
대한국민당,노동,1959-11,0
대한국민당,노동,1959-12,0
대한국민당,노동,1960-01,0
대한국민당,노동,1960-02,0
대한국민당,노동,1960-03,0
대한국민당,노동,1960-04,0
대한독립촉성국민회,노동,1948-06,4
대한독립촉성국민회,노동,1948-07,11
대한독립촉성국민회,노동,1948-08,0
대한독립촉성국민회,노동,1948-09,2
대한독립촉성국민회,노동,1948-10,1
대한독립촉성국민회,노동,1948-11,0
대한독립촉성국민회,노동,1948-12,0
대한독립촉성국민회,노동,1949-01,0
대한독립촉성국민회,노동,1949-02,1
대한독립촉성국민회,노동,1949-03,1
대한독립촉성국민회,노동,1949-04,1
대한독립촉성국민회,노동,1949-05,1
대한독립촉성국민회,노동,1949-06,0
대한독립촉성국민회,노동,1949-07,7
대한독립촉성국민회,노동,1949-08,0
대한독립촉성국민회,노동,1949-09,4
대한독립촉성국민회,노동,1949-10,2
대한독립촉성국민회,노동,1949-11,6
대한독립촉성국민회,노동,1949-12,2
대한독립촉성국민회,노동,1950-01,2
대한독립촉성국민회,노동,1950-02,5
대한독립촉성국민회,노동,1950-03,1
대한독립촉성국민회,노동,1950-04,0
대한독립촉성국민회,노동,1950-06,0
대한독립촉성국민회,노동,1950-10,0
대한독립촉성국민회,노동,1950-11,1
대한독립촉성국민회,노동,1950-12,0
대한독립촉성국민회,노동,1951-01,0
대한독립촉성국민회,노동,1951-02,0
대한독립촉성국민회,노동,1951-03,0
대한독립촉성국민회,노동,1951-04,0
대한독립촉성국민회,노동,1951-05,0
대한독립촉성국민회,노동,1951-06,0
대한독립촉성국민회,노동,1951-07,0
대한독립촉성국민회,노동,1951-08,0
대한독립촉성국민회,노동,1951-09,0
대한독립촉성국민회,노동,1951-10,2
대한독립촉성국민회,노동,1951-11,0
대한독립촉성국민회,노동,1951-12,0
대한독립촉성국민회,노동,1952-01,0
대한독립촉성국민회,노동,1952-02,0
대한독립촉성국민회,노동,1952-03,0
대한독립촉성국민회,노동,1952-04,0
대한독립촉성국민회,노동,1952-05,0
대한독립촉성국민회,노동,1952-06,0
대한독립촉성국민회,노동,1952-07,0
대한독립촉성국민회,노동,1952-08,0
대한독립촉성국민회,노동,1952-09,0
대한독립촉성국민회,노동,1952-10,0
대한독립촉성국민회,노동,1952-11,0
대한독립촉성국민회,노동,1952-12,0
대한독립촉성국민회,노동,1953-01,2
대한독립촉성국민회,노동,1953-02,0
대한독립촉성국민회,노동,1953-03,0
대한독립촉성국민회,노동,1953-04,2
대한독립촉성국민회,노동,1953-05,0
대한독립촉성국민회,노동,1953-06,0
대한독립촉성국민회,노동,1953-07,0
대한독립촉성국민회,노동,1953-08,0
대한독립촉성국민회,노동,1953-09,0
대한독립촉성국민회,노동,1953-10,0
대한독립촉성국민회,노동,1953-11,0
대한독립촉성국민회,노동,1953-12,0
대한독립촉성국민회,노동,1954-01,0
대한독립촉성국민회,노동,1954-02,0
대한독립촉성국민회,노동,1954-03,1
대한독립촉성국민회,노동,1954-04,0
대한독립촉성국민회,노동,1954-05,0
대한독립촉성국민회,노동,1954-06,0
대한독립촉성국민회,노동,1954-07,0
대한독립촉성국민회,노동,1954-08,0
대한독립촉성국민회,노동,1954-09,0
대한독립촉성국민회,노동,1954-10,0
대한독립촉성국민회,노동,1954-11,0
대한독립촉성국민회,노동,1954-12,0
대한독립촉성국민회,노동,1955-01,0
대한독립촉성국민회,노동,1955-02,0
대한독립촉성국민회,노동,1955-03,0
대한독립촉성국민회,노동,1955-04,0
대한독립촉성국민회,노동,1955-05,0
대한독립촉성국민회,노동,1955-06,0
대한독립촉성국민회,노동,1955-07,0
대한독립촉성국민회,노동,1955-08,0
대한독립촉성국민회,노동,1955-09,0
대한독립촉성국민회,노동,1955-10,0
대한독립촉성국민회,노동,1955-11,0
대한독립촉성국민회,노동,1955-12,0
대한독립촉성국민회,노동,1956-01,0
대한독립촉성국민회,노동,1956-02,0
대한독립촉성국민회,노동,1956-03,0
대한독립촉성국민회,노동,1956-04,0
대한독립촉성국민회,노동,1956-05,0
대한독립촉성국민회,노동,1956-06,0
대한독립촉성국민회,노동,1956-07,0
대한독립촉성국민회,노동,1956-08,0
대한독립촉성국민회,노동,1956-09,0
대한독립촉성국민회,노동,1956-10,0
대한독립촉성국민회,노동,1956-11,0
대한독립촉성국민회,노동,1956-12,0
대한독립촉성국민회,노동,1957-01,0
대한독립촉성국민회,노동,1957-02,0
대한독립촉성국민회,노동,1957-03,0
대한독립촉성국민회,노동,1957-04,0
대한독립촉성국민회,노동,1957-05,0
대한독립촉성국민회,노동,1957-06,0
대한독립촉성국민회,노동,1957-07,0
대한독립촉성국민회,노동,1957-08,0
대한독립촉성국민회,노동,1957-09,0
대한독립촉성국민회,노동,1957-10,0
대한독립촉성국민회,노동,1957-11,0
대한독립촉성국민회,노동,1957-12,0
대한독립촉성국민회,노동,1958-01,0
대한독립촉성국민회,노동,1958-02,0
대한독립촉성국민회,노동,1958-03,0
대한독립촉성국민회,노동,1958-04,0
대한독립촉성국민회,노동,1958-05,0
대한독립촉성국민회,노동,1958-06,0
대한독립촉성국민회,노동,1958-07,0
대한독립촉성국민회,노동,1958-08,0
대한독립촉성국민회,노동,1958-09,0
대한독립촉성국민회,노동,1958-10,0
대한독립촉성국민회,노동,1958-11,0
대한독립촉성국민회,노동,1958-12,0
대한독립촉성국민회,노동,1959-01,0
대한독립촉성국민회,노동,1959-02,0
대한독립촉성국민회,노동,1959-03,0
대한독립촉성국민회,노동,1959-04,0
대한독립촉성국민회,노동,1959-05,0
대한독립촉성국민회,노동,1959-06,0
대한독립촉성국민회,노동,1959-07,0
대한독립촉성국민회,노동,1959-09,0
대한독립촉성국민회,노동,1959-10,0
대한독립촉성국민회,노동,1959-11,0
대한독립촉성국민회,노동,1959-12,0
대한독립촉성국민회,노동,1960-01,0
대한독립촉성국민회,노동,1960-02,0
대한독립촉성국민회,노동,1960-03,0
대한독립촉성국민회,노동,1960-04,0
민주국민당,노동,1948-06,0
민주국민당,노동,1948-07,0
민주국민당,노동,1948-08,0
민주국민당,노동,1948-09,0
민주국민당,노동,1948-10,0
민주국민당,노동,1948-11,0
민주국민당,노동,1948-12,0
민주국민당,노동,1949-01,0
민주국민당,노동,1949-02,0
민주국민당,노동,1949-03,0
민주국민당,노동,1949-04,0
민주국민당,노동,1949-05,0
민주국민당,노동,1949-06,0
민주국민당,노동,1949-07,0
민주국민당,노동,1949-08,0
민주국민당,노동,1949-09,0
민주국민당,노동,1949-10,0
민주국민당,노동,1949-11,0
민주국민당,노동,1949-12,0
민주국민당,노동,1950-01,0
민주국민당,노동,1950-02,0
민주국민당,노동,1950-03,1
민주국민당,노동,1950-04,0
민주국민당,노동,1950-06,0
민주국민당,노동,1950-10,0
민주국민당,노동,1950-11,2
민주국민당,노동,1950-12,0
민주국민당,노동,1951-01,0
민주국민당,노동,1951-02,0
민주국민당,노동,1951-03,0
민주국민당,노동,1951-04,1
민주국민당,노동,1951-05,1
민주국민당,노동,1951-06,4
민주국민당,노동,1951-07,1
민주국민당,노동,1951-08,0
민주국민당,노동,1951-09,2
민주국민당,노동,1951-10,0
민주국민당,노동,1951-11,3
민주국민당,노동,1951-12,2
민주국민당,노동,1952-01,1
민주국민당,노동,1952-02,0
민주국민당,노동,1952-03,1
민주국민당,노동,1952-04,0
민주국민당,노동,1952-05,0
민주국민당,노동,1952-06,0
민주국민당,노동,1952-07,2
민주국민당,노동,1952-08,0
민주국민당,노동,1952-09,1
민주국민당,노동,1952-10,0
민주국민당,노동,1952-11,0
민주국민당,노동,1952-12,1
민주국민당,노동,1953-01,25
민주국민당,노동,1953-02,4
민주국민당,노동,1953-03,7
민주국민당,노동,1953-04,3
민주국민당,노동,1953-05,4
민주국민당,노동,1953-06,1
민주국민당,노동,1953-07,1
민주국민당,노동,1953-08,0
민주국민당,노동,1953-09,1
민주국민당,노동,1953-10,1
민주국민당,노동,1953-11,0
민주국민당,노동,1953-12,0
민주국민당,노동,1954-01,0
민주국민당,노동,1954-02,0
민주국민당,노동,1954-03,2
민주국민당,노동,1954-04,0
민주국민당,노동,1954-05,0
민주국민당,노동,1954-06,0
민주국민당,노동,1954-07,1
민주국민당,노동,1954-08,2
민주국민당,노동,1954-09,1
민주국민당,노동,1954-10,3
민주국민당,노동,1954-11,4
민주국민당,노동,1954-12,3
민주국민당,노동,1955-01,5
민주국민당,노동,1955-02,0
민주국민당,노동,1955-03,1
민주국민당,노동,1955-04,1
민주국민당,노동,1955-05,4
민주국민당,노동,1955-06,4
민주국민당,노동,1955-07,1
민주국민당,노동,1955-08,0
민주국민당,노동,1955-09,0
민주국민당,노동,1955-10,3
민주국민당,노동,1955-11,1
민주국민당,노동,1955-12,0
민주국민당,노동,1956-01,2
민주국민당,노동,1956-02,1
민주국민당,노동,1956-03,0
민주국민당,노동,1956-04,0
민주국민당,노동,1956-05,0
민주국민당,노동,1956-06,1
민주국민당,노동,1956-07,6
민주국민당,노동,1956-08,2
민주국민당,노동,1956-09,2
민주국민당,노동,1956-10,0
민주국민당,노동,1956-11,0
민주국민당,노동,1956-12,3
민주국민당,노동,1957-01,0
민주국민당,노동,1957-02,0
민주국민당,노동,1957-03,4
민주국민당,노동,1957-04,0
민주국민당,노동,1957-05,0
민주국민당,노동,1957-06,5
민주국민당,노동,1957-07,4
민주국민당,노동,1957-08,2
민주국민당,노동,1957-09,0
민주국민당,노동,1957-10,0
민주국민당,노동,1957-11,1
민주국민당,노동,1957-12,1
민주국민당,노동,1958-01,0
민주국민당,노동,1958-02,2
민주국민당,노동,1958-03,0
민주국민당,노동,1958-04,0
민주국민당,노동,1958-05,0
민주국민당,노동,1958-06,0
민주국민당,노동,1958-07,0
민주국민당,노동,1958-08,0
민주국민당,노동,1958-09,0
민주국민당,노동,1958-10,0
민주국민당,노동,1958-11,0
민주국민당,노동,1958-12,0
민주국민당,노동,1959-01,0
민주국민당,노동,1959-02,0
민주국민당,노동,1959-03,0
민주국민당,노동,1959-04,0
민주국민당,노동,1959-05,0
민주국민당,노동,1959-06,0
민주국민당,노동,1959-07,0
민주국민당,노동,1959-09,0
민주국민당,노동,1959-10,0
민주국민당,노동,1959-11,0
민주국민당,노동,1959-12,0
민주국민당,노동,1960-01,0
민주국민당,노동,1960-02,0
민주국민당,노동,1960-03,0
민주국민당,노동,1960-04,0
조선공화당,노동,1948-06,0
조선공화당,노동,1948-07,0
조선공화당,노동,1948-08,0
조선공화당,노동,1948-09,0
조선공화당,노동,1948-10,0
조선공화당,노동,1948-11,0
조선공화당,노동,1948-12,0
조선공화당,노동,1949-01,0
조선공화당,노동,1949-02,0
조선공화당,노동,1949-03,0
조선공화당,노동,1949-04,0
조선공화당,노동,1949-05,0
조선공화당,노동,1949-06,0
조선공화당,노동,1949-07,0
조선공화당,노동,1949-08,0
조선공화당,노동,1949-09,0
조선공화당,노동,1949-10,0
조선공화당,노동,1949-11,0
조선공화당,노동,1949-12,0
조선공화당,노동,1950-01,0
조선공화당,노동,1950-02,0
조선공화당,노동,1950-03,0
조선공화당,노동,1950-04,0
조선공화당,노동,1950-06,0
조선공화당,노동,1950-10,0
조선공화당,노동,1950-11,0
조선공화당,노동,1950-12,0
조선공화당,노동,1951-01,0
조선공화당,노동,1951-02,0
조선공화당,노동,1951-03,0
조선공화당,노동,1951-04,0
조선공화당,노동,1951-05,0
조선공화당,노동,1951-06,0
조선공화당,노동,1951-07,0
조선공화당,노동,1951-08,0
조선공화당,노동,1951-09,0
조선공화당,노동,1951-10,0
조선공화당,노동,1951-11,0
조선공화당,노동,1951-12,0
조선공화당,노동,1952-01,0
조선공화당,노동,1952-02,0
조선공화당,노동,1952-03,0
조선공화당,노동,1952-04,0
조선공화당,노동,1952-05,0
조선공화당,노동,1952-06,0
조선공화당,노동,1952-07,0
조선공화당,노동,1952-08,0
조선공화당,노동,1952-09,0
조선공화당,노동,1952-10,0
조선공화당,노동,1952-11,0
조선공화당,노동,1952-12,0
조선공화당,노동,1953-01,0
조선공화당,노동,1953-02,0
조선공화당,노동,1953-03,0
조선공화당,노동,1953-04,0
조선공화당,노동,1953-05,0
조선공화당,노동,1953-06,0
조선공화당,노동,1953-07,0
조선공화당,노동,1953-08,0
조선공화당,노동,1953-09,0
조선공화당,노동,1953-10,0
조선공화당,노동,1953-11,0
조선공화당,노동,1953-12,0
조선공화당,노동,1954-01,0
조선공화당,노동,1954-02,0
조선공화당,노동,1954-03,0
조선공화당,노동,1954-04,0
조선공화당,노동,1954-05,0
조선공화당,노동,1954-06,0
조선공화당,노동,1954-07,0
조선공화당,노동,1954-08,0
조선공화당,노동,1954-09,0
조선공화당,노동,1954-10,0
조선공화당,노동,1954-11,0
조선공화당,노동,1954-12,0
조선공화당,노동,1955-01,0
조선공화당,노동,1955-02,0
조선공화당,노동,1955-03,0
조선공화당,노동,1955-04,0
조선공화당,노동,1955-05,0
조선공화당,노동,1955-06,0
조선공화당,노동,1955-07,0
조선공화당,노동,1955-08,0
조선공화당,노동,1955-09,0
조선공화당,노동,1955-10,0
조선공화당,노동,1955-11,0
조선공화당,노동,1955-12,0
조선공화당,노동,1956-01,0
조선공화당,노동,1956-02,0
조선공화당,노동,1956-03,0
조선공화당,노동,1956-04,0
조선공화당,노동,1956-05,0
조선공화당,노동,1956-06,0
조선공화당,노동,1956-07,0
조선공화당,노동,1956-08,0
조선공화당,노동,1956-09,0
조선공화당,노동,1956-10,0
조선공화당,노동,1956-11,0
조선공화당,노동,1956-12,0
조선공화당,노동,1957-01,0
조선공화당,노동,1957-02,0
조선공화당,노동,1957-03,0
조선공화당,노동,1957-04,0
조선공화당,노동,1957-05,0
조선공화당,노동,1957-06,0
조선공화당,노동,1957-07,0
조선공화당,노동,1957-08,0
조선공화당,노동,1957-09,0
조선공화당,노동,1957-10,0
조선공화당,노동,1957-11,0
조선공화당,노동,1957-12,0
조선공화당,노동,1958-01,0
조선공화당,노동,1958-02,0
조선공화당,노동,1958-03,0
조선공화당,노동,1958-04,0
조선공화당,노동,1958-05,0
조선공화당,노동,1958-06,0
조선공화당,노동,1958-07,0
조선공화당,노동,1958-08,0
조선공화당,노동,1958-09,0
조선공화당,노동,1958-10,0
조선공화당,노동,1958-11,0
조선공화당,노동,1958-12,0
조선공화당,노동,1959-01,0
조선공화당,노동,1959-02,0
조선공화당,노동,1959-03,0
조선공화당,노동,1959-04,0
조선공화당,노동,1959-05,0
조선공화당,노동,1959-06,0
조선공화당,노동,1959-07,0
조선공화당,노동,1959-09,0
조선공화당,노동,1959-10,0
조선공화당,노동,1959-11,0
조선공화당,노동,1959-12,0
조선공화당,노동,1960-01,0
조선공화당,노동,1960-02,0
조선공화당,노동,1960-03,0
조선공화당,노동,1960-04,0
대동청년당,노동,1948-06,1
대동청년당,노동,1948-07,2
대동청년당,노동,1948-08,2
대동청년당,노동,1948-09,0
대동청년당,노동,1948-10,0
대동청년당,노동,1948-11,0
대동청년당,노동,1948-12,0
대동청년당,노동,1949-01,1
대동청년당,노동,1949-02,0
대동청년당,노동,1949-03,0
대동청년당,노동,1949-04,1
대동청년당,노동,1949-05,0
대동청년당,노동,1949-06,0
대동청년당,노동,1949-07,1
대동청년당,노동,1949-08,0
대동청년당,노동,1949-09,0
대동청년당,노동,1949-10,0
대동청년당,노동,1949-11,1
대동청년당,노동,1949-12,0
대동청년당,노동,1950-01,0
대동청년당,노동,1950-02,0
대동청년당,노동,1950-03,0
대동청년당,노동,1950-04,1
대동청년당,노동,1950-06,0
대동청년당,노동,1950-10,0
대동청년당,노동,1950-11,0
대동청년당,노동,1950-12,0
대동청년당,노동,1951-01,0
대동청년당,노동,1951-02,0
대동청년당,노동,1951-03,0
대동청년당,노동,1951-04,0
대동청년당,노동,1951-05,0
대동청년당,노동,1951-06,0
대동청년당,노동,1951-07,0
대동청년당,노동,1951-08,0
대동청년당,노동,1951-09,0
대동청년당,노동,1951-10,0
대동청년당,노동,1951-11,0
대동청년당,노동,1951-12,0
대동청년당,노동,1952-01,0
대동청년당,노동,1952-02,0
대동청년당,노동,1952-03,0
대동청년당,노동,1952-04,0
대동청년당,노동,1952-05,0
대동청년당,노동,1952-06,0
대동청년당,노동,1952-07,0
대동청년당,노동,1952-08,0
대동청년당,노동,1952-09,0
대동청년당,노동,1952-10,0
대동청년당,노동,1952-11,0
대동청년당,노동,1952-12,0
대동청년당,노동,1953-01,0
대동청년당,노동,1953-02,0
대동청년당,노동,1953-03,0
대동청년당,노동,1953-04,0
대동청년당,노동,1953-05,0
대동청년당,노동,1953-06,0
대동청년당,노동,1953-07,0
대동청년당,노동,1953-08,0
대동청년당,노동,1953-09,0
대동청년당,노동,1953-10,0
대동청년당,노동,1953-11,0
대동청년당,노동,1953-12,0
대동청년당,노동,1954-01,0
대동청년당,노동,1954-02,0
대동청년당,노동,1954-03,0
대동청년당,노동,1954-04,0
대동청년당,노동,1954-05,0
대동청년당,노동,1954-06,0
대동청년당,노동,1954-07,0
대동청년당,노동,1954-08,0
대동청년당,노동,1954-09,0
대동청년당,노동,1954-10,0
대동청년당,노동,1954-11,0
대동청년당,노동,1954-12,0
대동청년당,노동,1955-01,0
대동청년당,노동,1955-02,0
대동청년당,노동,1955-03,0
대동청년당,노동,1955-04,0
대동청년당,노동,1955-05,0
대동청년당,노동,1955-06,0
대동청년당,노동,1955-07,0
대동청년당,노동,1955-08,0
대동청년당,노동,1955-09,0
대동청년당,노동,1955-10,0
대동청년당,노동,1955-11,0
대동청년당,노동,1955-12,0
대동청년당,노동,1956-01,0
대동청년당,노동,1956-02,0
대동청년당,노동,1956-03,0
대동청년당,노동,1956-04,0
대동청년당,노동,1956-05,0
대동청년당,노동,1956-06,0
대동청년당,노동,1956-07,0
대동청년당,노동,1956-08,0
대동청년당,노동,1956-09,0
대동청년당,노동,1956-10,0
대동청년당,노동,1956-11,0
대동청년당,노동,1956-12,0
대동청년당,노동,1957-01,0
대동청년당,노동,1957-02,0
대동청년당,노동,1957-03,0
대동청년당,노동,1957-04,0
대동청년당,노동,1957-05,0
대동청년당,노동,1957-06,0
대동청년당,노동,1957-07,0
대동청년당,노동,1957-08,0
대동청년당,노동,1957-09,0
대동청년당,노동,1957-10,0
대동청년당,노동,1957-11,0
대동청년당,노동,1957-12,0
대동청년당,노동,1958-01,0
대동청년당,노동,1958-02,0
대동청년당,노동,1958-03,0
대동청년당,노동,1958-04,0
대동청년당,노동,1958-05,0
대동청년당,노동,1958-06,0
대동청년당,노동,1958-07,0
대동청년당,노동,1958-08,0
대동청년당,노동,1958-09,0
대동청년당,노동,1958-10,0
대동청년당,노동,1958-11,0
대동청년당,노동,1958-12,0
대동청년당,노동,1959-01,0
대동청년당,노동,1959-02,0
대동청년당,노동,1959-03,0
대동청년당,노동,1959-04,0
대동청년당,노동,1959-05,0
대동청년당,노동,1959-06,0
대동청년당,노동,1959-07,0
대동청년당,노동,1959-09,0
대동청년당,노동,1959-10,0
대동청년당,노동,1959-11,0
대동청년당,노동,1959-12,0
대동청년당,노동,1960-01,0
대동청년당,노동,1960-02,0
대동청년당,노동,1960-03,0
대동청년당,노동,1960-04,0
조선민족청년단,노동,1948-06,1
조선민족청년단,노동,1948-07,4
조선민족청년단,노동,1948-08,0
조선민족청년단,노동,1948-09,1
조선민족청년단,노동,1948-10,1
조선민족청년단,노동,1948-11,0
조선민족청년단,노동,1948-12,0
조선민족청년단,노동,1949-01,0
조선민족청년단,노동,1949-02,0
조선민족청년단,노동,1949-03,0
조선민족청년단,노동,1949-04,0
조선민족청년단,노동,1949-05,0
조선민족청년단,노동,1949-06,0
조선민족청년단,노동,1949-07,1
조선민족청년단,노동,1949-08,0
조선민족청년단,노동,1949-09,1
조선민족청년단,노동,1949-10,0
조선민족청년단,노동,1949-11,0
조선민족청년단,노동,1949-12,0
조선민족청년단,노동,1950-01,0
조선민족청년단,노동,1950-02,0
조선민족청년단,노동,1950-03,0
조선민족청년단,노동,1950-04,0
조선민족청년단,노동,1950-06,0
조선민족청년단,노동,1950-10,0
조선민족청년단,노동,1950-11,0
조선민족청년단,노동,1950-12,0
조선민족청년단,노동,1951-01,0
조선민족청년단,노동,1951-02,0
조선민족청년단,노동,1951-03,0
조선민족청년단,노동,1951-04,0
조선민족청년단,노동,1951-05,0
조선민족청년단,노동,1951-06,0
조선민족청년단,노동,1951-07,0
조선민족청년단,노동,1951-08,0
조선민족청년단,노동,1951-09,0
조선민족청년단,노동,1951-10,0
조선민족청년단,노동,1951-11,0
조선민족청년단,노동,1951-12,0
조선민족청년단,노동,1952-01,0
조선민족청년단,노동,1952-02,0
조선민족청년단,노동,1952-03,0
조선민족청년단,노동,1952-04,0
조선민족청년단,노동,1952-05,0
조선민족청년단,노동,1952-06,0
조선민족청년단,노동,1952-07,0
조선민족청년단,노동,1952-08,0
조선민족청년단,노동,1952-09,0
조선민족청년단,노동,1952-10,0
조선민족청년단,노동,1952-11,0
조선민족청년단,노동,1952-12,0
조선민족청년단,노동,1953-01,0
조선민족청년단,노동,1953-02,0
조선민족청년단,노동,1953-03,0
조선민족청년단,노동,1953-04,0
조선민족청년단,노동,1953-05,0
조선민족청년단,노동,1953-06,0
조선민족청년단,노동,1953-07,0
조선민족청년단,노동,1953-08,0
조선민족청년단,노동,1953-09,0
조선민족청년단,노동,1953-10,0
조선민족청년단,노동,1953-11,0
조선민족청년단,노동,1953-12,0
조선민족청년단,노동,1954-01,0
조선민족청년단,노동,1954-02,0
조선민족청년단,노동,1954-03,0
조선민족청년단,노동,1954-04,0
조선민족청년단,노동,1954-05,0
조선민족청년단,노동,1954-06,0
조선민족청년단,노동,1954-07,0
조선민족청년단,노동,1954-08,0
조선민족청년단,노동,1954-09,0
조선민족청년단,노동,1954-10,0
조선민족청년단,노동,1954-11,0
조선민족청년단,노동,1954-12,0
조선민족청년단,노동,1955-01,0
조선민족청년단,노동,1955-02,0
조선민족청년단,노동,1955-03,0
조선민족청년단,노동,1955-04,0
조선민족청년단,노동,1955-05,0
조선민족청년단,노동,1955-06,0
조선민족청년단,노동,1955-07,0
조선민족청년단,노동,1955-08,0
조선민족청년단,노동,1955-09,0
조선민족청년단,노동,1955-10,0
조선민족청년단,노동,1955-11,0
조선민족청년단,노동,1955-12,0
조선민족청년단,노동,1956-01,0
조선민족청년단,노동,1956-02,0
조선민족청년단,노동,1956-03,0
조선민족청년단,노동,1956-04,0
조선민족청년단,노동,1956-05,0
조선민족청년단,노동,1956-06,0
조선민족청년단,노동,1956-07,0
조선민족청년단,노동,1956-08,0
조선민족청년단,노동,1956-09,0
조선민족청년단,노동,1956-10,0
조선민족청년단,노동,1956-11,0
조선민족청년단,노동,1956-12,0
조선민족청년단,노동,1957-01,0
조선민족청년단,노동,1957-02,0
조선민족청년단,노동,1957-03,0
조선민족청년단,노동,1957-04,0
조선민족청년단,노동,1957-05,0
조선민족청년단,노동,1957-06,0
조선민족청년단,노동,1957-07,0
조선민족청년단,노동,1957-08,0
조선민족청년단,노동,1957-09,0
조선민족청년단,노동,1957-10,0
조선민족청년단,노동,1957-11,0
조선민족청년단,노동,1957-12,0
조선민족청년단,노동,1958-01,0
조선민족청년단,노동,1958-02,0
조선민족청년단,노동,1958-03,0
조선민족청년단,노동,1958-04,0
조선민족청년단,노동,1958-05,0
조선민족청년단,노동,1958-06,0
조선민족청년단,노동,1958-07,0
조선민족청년단,노동,1958-08,0
조선민족청년단,노동,1958-09,0
조선민족청년단,노동,1958-10,0
조선민족청년단,노동,1958-11,0
조선민족청년단,노동,1958-12,0
조선민족청년단,노동,1959-01,0
조선민족청년단,노동,1959-02,0
조선민족청년단,노동,1959-03,0
조선민족청년단,노동,1959-04,0
조선민족청년단,노동,1959-05,0
조선민족청년단,노동,1959-06,0
조선민족청년단,노동,1959-07,0
조선민족청년단,노동,1959-09,0
조선민족청년단,노동,1959-10,0
조선민족청년단,노동,1959-11,0
조선민족청년단,노동,1959-12,0
조선민족청년단,노동,1960-01,0
조선민족청년단,노동,1960-02,0
조선민족청년단,노동,1960-03,0
조선민족청년단,노동,1960-04,0
대한청년단,노동,1948-06,0
대한청년단,노동,1948-07,0
대한청년단,노동,1948-08,0
대한청년단,노동,1948-09,0
대한청년단,노동,1948-10,0
대한청년단,노동,1948-11,0
대한청년단,노동,1948-12,0
대한청년단,노동,1949-01,0
대한청년단,노동,1949-02,0
대한청년단,노동,1949-03,0
대한청년단,노동,1949-04,0
대한청년단,노동,1949-05,0
대한청년단,노동,1949-06,0
대한청년단,노동,1949-07,0
대한청년단,노동,1949-08,0
대한청년단,노동,1949-09,0
대한청년단,노동,1949-10,0
대한청년단,노동,1949-11,0
대한청년단,노동,1949-12,0
대한청년단,노동,1950-01,0
대한청년단,노동,1950-02,0
대한청년단,노동,1950-03,0
대한청년단,노동,1950-04,0
대한청년단,노동,1950-06,0
대한청년단,노동,1950-10,0
대한청년단,노동,1950-11,0
대한청년단,노동,1950-12,0
대한청년단,노동,1951-01,0
대한청년단,노동,1951-02,0
대한청년단,노동,1951-03,1
대한청년단,노동,1951-04,0
대한청년단,노동,1951-05,0
대한청년단,노동,1951-06,0
대한청년단,노동,1951-07,2
대한청년단,노동,1951-08,0
대한청년단,노동,1951-09,0
대한청년단,노동,1951-10,2
대한청년단,노동,1951-11,3
대한청년단,노동,1951-12,1
대한청년단,노동,1952-01,0
대한청년단,노동,1952-02,0
대한청년단,노동,1952-03,1
대한청년단,노동,1952-04,0
대한청년단,노동,1952-05,0
대한청년단,노동,1952-06,0
대한청년단,노동,1952-07,0
대한청년단,노동,1952-08,0
대한청년단,노동,1952-09,0
대한청년단,노동,1952-10,2
대한청년단,노동,1952-11,0
대한청년단,노동,1952-12,0
대한청년단,노동,1953-01,2
대한청년단,노동,1953-02,2
대한청년단,노동,1953-03,1
대한청년단,노동,1953-04,1
대한청년단,노동,1953-05,2
대한청년단,노동,1953-06,0
대한청년단,노동,1953-07,0
대한청년단,노동,1953-08,0
대한청년단,노동,1953-09,0
대한청년단,노동,1953-10,0
대한청년단,노동,1953-11,1
대한청년단,노동,1953-12,0
대한청년단,노동,1954-01,0
대한청년단,노동,1954-02,0
대한청년단,노동,1954-03,0
대한청년단,노동,1954-04,0
대한청년단,노동,1954-05,0
대한청년단,노동,1954-06,0
대한청년단,노동,1954-07,0
대한청년단,노동,1954-08,0
대한청년단,노동,1954-09,0
대한청년단,노동,1954-10,0
대한청년단,노동,1954-11,0
대한청년단,노동,1954-12,0
대한청년단,노동,1955-01,0
대한청년단,노동,1955-02,0
대한청년단,노동,1955-03,0
대한청년단,노동,1955-04,0
대한청년단,노동,1955-05,0
대한청년단,노동,1955-06,0
대한청년단,노동,1955-07,0
대한청년단,노동,1955-08,0
대한청년단,노동,1955-09,0
대한청년단,노동,1955-10,0
대한청년단,노동,1955-11,0
대한청년단,노동,1955-12,0
대한청년단,노동,1956-01,0
대한청년단,노동,1956-02,0
대한청년단,노동,1956-03,0
대한청년단,노동,1956-04,0
대한청년단,노동,1956-05,0
대한청년단,노동,1956-06,0
대한청년단,노동,1956-07,0
대한청년단,노동,1956-08,0
대한청년단,노동,1956-09,0
대한청년단,노동,1956-10,0
대한청년단,노동,1956-11,0
대한청년단,노동,1956-12,0
대한청년단,노동,1957-01,0
대한청년단,노동,1957-02,0
대한청년단,노동,1957-03,0
대한청년단,노동,1957-04,0
대한청년단,노동,1957-05,0
대한청년단,노동,1957-06,0
대한청년단,노동,1957-07,0
대한청년단,노동,1957-08,0
대한청년단,노동,1957-09,0
대한청년단,노동,1957-10,0
대한청년단,노동,1957-11,0
대한청년단,노동,1957-12,0
대한청년단,노동,1958-01,0
대한청년단,노동,1958-02,0
대한청년단,노동,1958-03,0
대한청년단,노동,1958-04,0
대한청년단,노동,1958-05,0
대한청년단,노동,1958-06,0
대한청년단,노동,1958-07,0
대한청년단,노동,1958-08,0
대한청년단,노동,1958-09,0
대한청년단,노동,1958-10,0
대한청년단,노동,1958-11,0
대한청년단,노동,1958-12,0
대한청년단,노동,1959-01,0
대한청년단,노동,1959-02,0
대한청년단,노동,1959-03,0
대한청년단,노동,1959-04,0
대한청년단,노동,1959-05,0
대한청년단,노동,1959-06,0
대한청년단,노동,1959-07,0
대한청년단,노동,1959-09,0
대한청년단,노동,1959-10,0
대한청년단,노동,1959-11,0
대한청년단,노동,1959-12,0
대한청년단,노동,1960-01,0
대한청년단,노동,1960-02,0
대한청년단,노동,1960-03,0
대한청년단,노동,1960-04,0
국민당,노동,1948-06,0
국민당,노동,1948-07,0
국민당,노동,1948-08,0
국민당,노동,1948-09,0
국민당,노동,1948-10,0
국민당,노동,1948-11,0
국민당,노동,1948-12,0
국민당,노동,1949-01,0
국민당,노동,1949-02,0
국민당,노동,1949-03,0
국민당,노동,1949-04,0
국민당,노동,1949-05,0
국민당,노동,1949-06,0
국민당,노동,1949-07,0
국민당,노동,1949-08,0
국민당,노동,1949-09,0
국민당,노동,1949-10,0
국민당,노동,1949-11,0
국민당,노동,1949-12,0
국민당,노동,1950-01,0
국민당,노동,1950-02,0
국민당,노동,1950-03,0
국민당,노동,1950-04,0
국민당,노동,1950-06,0
국민당,노동,1950-10,0
국민당,노동,1950-11,0
국민당,노동,1950-12,0
국민당,노동,1951-01,0
국민당,노동,1951-02,0
국민당,노동,1951-03,0
국민당,노동,1951-04,0
국민당,노동,1951-05,0
국민당,노동,1951-06,0
국민당,노동,1951-07,0
국민당,노동,1951-08,0
국민당,노동,1951-09,0
국민당,노동,1951-10,0
국민당,노동,1951-11,0
국민당,노동,1951-12,0
국민당,노동,1952-01,0
국민당,노동,1952-02,0
국민당,노동,1952-03,0
국민당,노동,1952-04,0
국민당,노동,1952-05,0
국민당,노동,1952-06,0
국민당,노동,1952-07,0
국민당,노동,1952-08,0
국민당,노동,1952-09,0
국민당,노동,1952-10,0
국민당,노동,1952-11,0
국민당,노동,1952-12,0
국민당,노동,1953-01,0
국민당,노동,1953-02,0
국민당,노동,1953-03,0
국민당,노동,1953-04,0
국민당,노동,1953-05,0
국민당,노동,1953-06,0
국민당,노동,1953-07,0
국민당,노동,1953-08,0
국민당,노동,1953-09,0
국민당,노동,1953-10,0
국민당,노동,1953-11,0
국민당,노동,1953-12,0
국민당,노동,1954-01,0
국민당,노동,1954-02,0
국민당,노동,1954-03,0
국민당,노동,1954-04,0
국민당,노동,1954-05,0
국민당,노동,1954-06,0
국민당,노동,1954-07,0
국민당,노동,1954-08,0
국민당,노동,1954-09,0
국민당,노동,1954-10,0
국민당,노동,1954-11,0
국민당,노동,1954-12,0
국민당,노동,1955-01,0
국민당,노동,1955-02,0
국민당,노동,1955-03,1
국민당,노동,1955-04,0
국민당,노동,1955-05,0
국민당,노동,1955-06,0
국민당,노동,1955-07,0
국민당,노동,1955-08,0
국민당,노동,1955-09,0
국민당,노동,1955-10,0
국민당,노동,1955-11,1
국민당,노동,1955-12,0
국민당,노동,1956-01,0
국민당,노동,1956-02,1
국민당,노동,1956-03,0
국민당,노동,1956-04,0
국민당,노동,1956-05,0
국민당,노동,1956-06,1
국민당,노동,1956-07,0
국민당,노동,1956-08,0
국민당,노동,1956-09,0
국민당,노동,1956-10,0
국민당,노동,1956-11,0
국민당,노동,1956-12,0
국민당,노동,1957-01,0
국민당,노동,1957-02,0
국민당,노동,1957-03,1
국민당,노동,1957-04,0
국민당,노동,1957-05,0
국민당,노동,1957-06,0
국민당,노동,1957-07,0
국민당,노동,1957-08,0
국민당,노동,1957-09,0
국민당,노동,1957-10,0
국민당,노동,1957-11,0
국민당,노동,1957-12,0
국민당,노동,1958-01,0
국민당,노동,1958-02,0
국민당,노동,1958-03,0
국민당,노동,1958-04,0
국민당,노동,1958-05,0
국민당,노동,1958-06,0
국민당,노동,1958-07,0
국민당,노동,1958-08,0
국민당,노동,1958-09,0
국민당,노동,1958-10,0
국민당,노동,1958-11,0
국민당,노동,1958-12,0
국민당,노동,1959-01,0
국민당,노동,1959-02,0
국민당,노동,1959-03,0
국민당,노동,1959-04,0
국민당,노동,1959-05,0
국민당,노동,1959-06,0
국민당,노동,1959-07,0
국민당,노동,1959-09,0
국민당,노동,1959-10,0
국민당,노동,1959-11,0
국민당,노동,1959-12,0
국민당,노동,1960-01,0
국민당,노동,1960-02,0
국민당,노동,1960-03,0
국민당,노동,1960-04,0
자유당,이민,1948-06,0
자유당,이민,1948-07,0
자유당,이민,1948-08,0
자유당,이민,1948-09,0
자유당,이민,1948-10,0
자유당,이민,1948-11,0
자유당,이민,1948-12,0
자유당,이민,1949-01,0
자유당,이민,1949-02,0
자유당,이민,1949-03,0
자유당,이민,1949-04,0
자유당,이민,1949-05,0
자유당,이민,1949-06,0
자유당,이민,1949-07,0
자유당,이민,1949-08,0
자유당,이민,1949-09,0
자유당,이민,1949-10,0
자유당,이민,1949-11,0
자유당,이민,1949-12,0
자유당,이민,1950-01,0
자유당,이민,1950-02,0
자유당,이민,1950-03,0
자유당,이민,1950-04,0
자유당,이민,1950-06,0
자유당,이민,1950-10,0
자유당,이민,1950-11,0
자유당,이민,1950-12,0
자유당,이민,1951-01,0
자유당,이민,1951-02,0
자유당,이민,1951-03,0
자유당,이민,1951-04,0
자유당,이민,1951-05,0
자유당,이민,1951-06,0
자유당,이민,1951-07,0
자유당,이민,1951-08,0
자유당,이민,1951-09,0
자유당,이민,1951-10,0
자유당,이민,1951-11,0
자유당,이민,1951-12,0
자유당,이민,1952-01,0
자유당,이민,1952-02,1
자유당,이민,1952-03,0
자유당,이민,1952-04,0
자유당,이민,1952-05,0
자유당,이민,1952-06,0
자유당,이민,1952-07,0
자유당,이민,1952-08,0
자유당,이민,1952-09,0
자유당,이민,1952-10,0
자유당,이민,1952-11,0
자유당,이민,1952-12,0
자유당,이민,1953-01,0
자유당,이민,1953-02,0
자유당,이민,1953-03,0
자유당,이민,1953-04,0
자유당,이민,1953-05,0
자유당,이민,1953-06,0
자유당,이민,1953-07,0
자유당,이민,1953-08,0
자유당,이민,1953-09,0
자유당,이민,1953-10,0
자유당,이민,1953-11,0
자유당,이민,1953-12,0
자유당,이민,1954-01,0
자유당,이민,1954-02,0
자유당,이민,1954-03,0
자유당,이민,1954-04,0
자유당,이민,1954-05,0
자유당,이민,1954-06,2
자유당,이민,1954-07,2
자유당,이민,1954-08,2
자유당,이민,1954-09,5
자유당,이민,1954-10,1
자유당,이민,1954-11,6
자유당,이민,1954-12,4
자유당,이민,1955-01,6
자유당,이민,1955-02,0
자유당,이민,1955-03,3
자유당,이민,1955-04,4
자유당,이민,1955-05,3
자유당,이민,1955-06,3
자유당,이민,1955-07,2
자유당,이민,1955-08,0
자유당,이민,1955-09,0
자유당,이민,1955-10,6
자유당,이민,1955-11,1
자유당,이민,1955-12,2
자유당,이민,1956-01,4
자유당,이민,1956-02,6
자유당,이민,1956-03,2
자유당,이민,1956-04,0
자유당,이민,1956-05,2
자유당,이민,1956-06,1
자유당,이민,1956-07,5
자유당,이민,1956-08,3
자유당,이민,1956-09,5
자유당,이민,1956-10,6
자유당,이민,1956-11,3
자유당,이민,1956-12,1
자유당,이민,1957-01,1
자유당,이민,1957-02,0
자유당,이민,1957-03,2
자유당,이민,1957-04,13
자유당,이민,1957-05,0
자유당,이민,1957-06,2
자유당,이민,1957-07,10
자유당,이민,1957-08,8
자유당,이민,1957-09,3
자유당,이민,1957-10,3
자유당,이민,1957-11,3
자유당,이민,1957-12,16
자유당,이민,1958-01,0
자유당,이민,1958-02,6
자유당,이민,1958-03,0
자유당,이민,1958-04,0
자유당,이민,1958-05,0
자유당,이민,1958-06,2
자유당,이민,1958-07,3
자유당,이민,1958-08,7
자유당,이민,1958-09,0
자유당,이민,1958-10,0
자유당,이민,1958-11,2
자유당,이민,1958-12,2
자유당,이민,1959-01,0
자유당,이민,1959-02,6
자유당,이민,1959-03,1
자유당,이민,1959-04,5
자유당,이민,1959-05,1
자유당,이민,1959-06,14
자유당,이민,1959-07,3
자유당,이민,1959-09,2
자유당,이민,1959-10,5
자유당,이민,1959-11,4
자유당,이민,1959-12,6
자유당,이민,1960-01,1
자유당,이민,1960-02,0
자유당,이민,1960-03,2
자유당,이민,1960-04,0
무소속,이민,1948-06,21
무소속,이민,1948-07,14
무소속,이민,1948-08,24
무소속,이민,1948-09,33
무소속,이민,1948-10,16
무소속,이민,1948-11,15
무소속,이민,1948-12,8
무소속,이민,1949-01,5
무소속,이민,1949-02,8
무소속,이민,1949-03,5
무소속,이민,1949-04,13
무소속,이민,1949-05,2
무소속,이민,1949-06,4
무소속,이민,1949-07,5
무소속,이민,1949-08,0
무소속,이민,1949-09,1
무소속,이민,1949-10,10
무소속,이민,1949-11,4
무소속,이민,1949-12,1
무소속,이민,1950-01,3
무소속,이민,1950-02,9
무소속,이민,1950-03,4
무소속,이민,1950-04,2
무소속,이민,1950-06,1
무소속,이민,1950-10,1
무소속,이민,1950-11,9
무소속,이민,1950-12,2
무소속,이민,1951-01,3
무소속,이민,1951-02,3
무소속,이민,1951-03,4
무소속,이민,1951-04,5
무소속,이민,1951-05,9
무소속,이민,1951-06,1
무소속,이민,1951-07,4
무소속,이민,1951-08,7
무소속,이민,1951-09,1
무소속,이민,1951-10,6
무소속,이민,1951-11,1
무소속,이민,1951-12,3
무소속,이민,1952-01,0
무소속,이민,1952-02,2
무소속,이민,1952-03,3
무소속,이민,1952-04,1
무소속,이민,1952-05,0
무소속,이민,1952-06,1
무소속,이민,1952-07,0
무소속,이민,1952-08,0
무소속,이민,1952-09,3
무소속,이민,1952-10,0
무소속,이민,1952-11,13
무소속,이민,1952-12,1
무소속,이민,1953-01,3
무소속,이민,1953-02,1
무소속,이민,1953-03,1
무소속,이민,1953-04,3
무소속,이민,1953-05,3
무소속,이민,1953-06,1
무소속,이민,1953-07,0
무소속,이민,1953-08,2
무소속,이민,1953-09,0
무소속,이민,1953-10,0
무소속,이민,1953-11,3
무소속,이민,1953-12,0
무소속,이민,1954-01,2
무소속,이민,1954-02,2
무소속,이민,1954-03,1
무소속,이민,1954-04,0
무소속,이민,1954-05,0
무소속,이민,1954-06,0
무소속,이민,1954-07,0
무소속,이민,1954-08,2
무소속,이민,1954-09,1
무소속,이민,1954-10,3
무소속,이민,1954-11,5
무소속,이민,1954-12,0
무소속,이민,1955-01,1
무소속,이민,1955-02,0
무소속,이민,1955-03,0
무소속,이민,1955-04,0
무소속,이민,1955-05,3
무소속,이민,1955-06,2
무소속,이민,1955-07,1
무소속,이민,1955-08,0
무소속,이민,1955-09,1
무소속,이민,1955-10,4
무소속,이민,1955-11,0
무소속,이민,1955-12,1
무소속,이민,1956-01,1
무소속,이민,1956-02,2
무소속,이민,1956-03,0
무소속,이민,1956-04,0
무소속,이민,1956-05,0
무소속,이민,1956-06,1
무소속,이민,1956-07,3
무소속,이민,1956-08,1
무소속,이민,1956-09,1
무소속,이민,1956-10,2
무소속,이민,1956-11,0
무소속,이민,1956-12,3
무소속,이민,1957-01,1
무소속,이민,1957-02,0
무소속,이민,1957-03,0
무소속,이민,1957-04,2
무소속,이민,1957-05,0
무소속,이민,1957-06,3
무소속,이민,1957-07,1
무소속,이민,1957-08,2
무소속,이민,1957-09,1
무소속,이민,1957-10,1
무소속,이민,1957-11,1
무소속,이민,1957-12,5
무소속,이민,1958-01,0
무소속,이민,1958-02,2
무소속,이민,1958-03,0
무소속,이민,1958-04,0
무소속,이민,1958-05,0
무소속,이민,1958-06,1
무소속,이민,1958-07,7
무소속,이민,1958-08,4
무소속,이민,1958-09,0
무소속,이민,1958-10,0
무소속,이민,1958-11,1
무소속,이민,1958-12,2
무소속,이민,1959-01,0
무소속,이민,1959-02,2
무소속,이민,1959-03,1
무소속,이민,1959-04,0
무소속,이민,1959-05,0
무소속,이민,1959-06,2
무소속,이민,1959-07,1
무소속,이민,1959-09,0
무소속,이민,1959-10,2
무소속,이민,1959-11,2
무소속,이민,1959-12,7
무소속,이민,1960-01,1
무소속,이민,1960-02,0
무소속,이민,1960-03,0
무소속,이민,1960-04,2
민주당,이민,1948-06,0
민주당,이민,1948-07,0
민주당,이민,1948-08,0
민주당,이민,1948-09,0
민주당,이민,1948-10,0
민주당,이민,1948-11,0
민주당,이민,1948-12,0
민주당,이민,1949-01,0
민주당,이민,1949-02,0
민주당,이민,1949-03,0
민주당,이민,1949-04,0
민주당,이민,1949-05,0
민주당,이민,1949-06,0
민주당,이민,1949-07,0
민주당,이민,1949-08,0
민주당,이민,1949-09,0
민주당,이민,1949-10,0
민주당,이민,1949-11,0
민주당,이민,1949-12,0
민주당,이민,1950-01,0
민주당,이민,1950-02,0
민주당,이민,1950-03,0
민주당,이민,1950-04,0
민주당,이민,1950-06,0
민주당,이민,1950-10,0
민주당,이민,1950-11,0
민주당,이민,1950-12,0
민주당,이민,1951-01,0
민주당,이민,1951-02,0
민주당,이민,1951-03,0
민주당,이민,1951-04,0
민주당,이민,1951-05,0
민주당,이민,1951-06,0
민주당,이민,1951-07,0
민주당,이민,1951-08,0
민주당,이민,1951-09,0
민주당,이민,1951-10,0
민주당,이민,1951-11,0
민주당,이민,1951-12,0
민주당,이민,1952-01,0
민주당,이민,1952-02,0
민주당,이민,1952-03,0
민주당,이민,1952-04,0
민주당,이민,1952-05,0
민주당,이민,1952-06,0
민주당,이민,1952-07,0
민주당,이민,1952-08,0
민주당,이민,1952-09,0
민주당,이민,1952-10,0
민주당,이민,1952-11,0
민주당,이민,1952-12,0
민주당,이민,1953-01,0
민주당,이민,1953-02,0
민주당,이민,1953-03,0
민주당,이민,1953-04,0
민주당,이민,1953-05,0
민주당,이민,1953-06,0
민주당,이민,1953-07,0
민주당,이민,1953-08,0
민주당,이민,1953-09,0
민주당,이민,1953-10,0
민주당,이민,1953-11,0
민주당,이민,1953-12,0
민주당,이민,1954-01,0
민주당,이민,1954-02,0
민주당,이민,1954-03,0
민주당,이민,1954-04,0
민주당,이민,1954-05,0
민주당,이민,1954-06,0
민주당,이민,1954-07,0
민주당,이민,1954-08,0
민주당,이민,1954-09,0
민주당,이민,1954-10,0
민주당,이민,1954-11,0
민주당,이민,1954-12,0
민주당,이민,1955-01,0
민주당,이민,1955-02,0
민주당,이민,1955-03,0
민주당,이민,1955-04,0
민주당,이민,1955-05,0
민주당,이민,1955-06,0
민주당,이민,1955-07,0
민주당,이민,1955-08,0
민주당,이민,1955-09,0
민주당,이민,1955-10,0
민주당,이민,1955-11,0
민주당,이민,1955-12,0
민주당,이민,1956-01,0
민주당,이민,1956-02,0
민주당,이민,1956-03,0
민주당,이민,1956-04,0
민주당,이민,1956-05,0
민주당,이민,1956-06,0
민주당,이민,1956-07,0
민주당,이민,1956-08,0
민주당,이민,1956-09,1
민주당,이민,1956-10,0
민주당,이민,1956-11,0
민주당,이민,1956-12,0
민주당,이민,1957-01,0
민주당,이민,1957-02,0
민주당,이민,1957-03,0
민주당,이민,1957-04,0
민주당,이민,1957-05,0
민주당,이민,1957-06,0
민주당,이민,1957-07,0
민주당,이민,1957-08,0
민주당,이민,1957-09,0
민주당,이민,1957-10,0
민주당,이민,1957-11,0
민주당,이민,1957-12,0
민주당,이민,1958-01,0
민주당,이민,1958-02,0
민주당,이민,1958-03,0
민주당,이민,1958-04,0
민주당,이민,1958-05,0
민주당,이민,1958-06,0
민주당,이민,1958-07,12
민주당,이민,1958-08,12
민주당,이민,1958-09,0
민주당,이민,1958-10,1
민주당,이민,1958-11,2
민주당,이민,1958-12,7
민주당,이민,1959-01,0
민주당,이민,1959-02,6
민주당,이민,1959-03,4
민주당,이민,1959-04,0
민주당,이민,1959-05,4
민주당,이민,1959-06,14
민주당,이민,1959-07,0
민주당,이민,1959-09,0
민주당,이민,1959-10,0
민주당,이민,1959-11,6
민주당,이민,1959-12,38
민주당,이민,1960-01,3
민주당,이민,1960-02,0
민주당,이민,1960-03,1
민주당,이민,1960-04,4
한국민주당,이민,1948-06,11
한국민주당,이민,1948-07,2
한국민주당,이민,1948-08,4
한국민주당,이민,1948-09,0
한국민주당,이민,1948-10,4
한국민주당,이민,1948-11,6
한국민주당,이민,1948-12,1
한국민주당,이민,1949-01,1
한국민주당,이민,1949-02,1
한국민주당,이민,1949-03,1
한국민주당,이민,1949-04,1
한국민주당,이민,1949-05,0
한국민주당,이민,1949-06,0
한국민주당,이민,1949-07,0
한국민주당,이민,1949-08,0
한국민주당,이민,1949-09,1
한국민주당,이민,1949-10,8
한국민주당,이민,1949-11,1
한국민주당,이민,1949-12,0
한국민주당,이민,1950-01,4
한국민주당,이민,1950-02,4
한국민주당,이민,1950-03,3
한국민주당,이민,1950-04,2
한국민주당,이민,1950-06,0
한국민주당,이민,1950-10,0
한국민주당,이민,1950-11,0
한국민주당,이민,1950-12,0
한국민주당,이민,1951-01,0
한국민주당,이민,1951-02,0
한국민주당,이민,1951-03,0
한국민주당,이민,1951-04,0
한국민주당,이민,1951-05,0
한국민주당,이민,1951-06,0
한국민주당,이민,1951-07,0
한국민주당,이민,1951-08,0
한국민주당,이민,1951-09,0
한국민주당,이민,1951-10,0
한국민주당,이민,1951-11,0
한국민주당,이민,1951-12,0
한국민주당,이민,1952-01,0
한국민주당,이민,1952-02,0
한국민주당,이민,1952-03,0
한국민주당,이민,1952-04,0
한국민주당,이민,1952-05,0
한국민주당,이민,1952-06,0
한국민주당,이민,1952-07,0
한국민주당,이민,1952-08,0
한국민주당,이민,1952-09,0
한국민주당,이민,1952-10,0
한국민주당,이민,1952-11,0
한국민주당,이민,1952-12,0
한국민주당,이민,1953-01,0
한국민주당,이민,1953-02,0
한국민주당,이민,1953-03,0
한국민주당,이민,1953-04,0
한국민주당,이민,1953-05,0
한국민주당,이민,1953-06,0
한국민주당,이민,1953-07,0
한국민주당,이민,1953-08,0
한국민주당,이민,1953-09,0
한국민주당,이민,1953-10,0
한국민주당,이민,1953-11,0
한국민주당,이민,1953-12,0
한국민주당,이민,1954-01,0
한국민주당,이민,1954-02,0
한국민주당,이민,1954-03,0
한국민주당,이민,1954-04,0
한국민주당,이민,1954-05,0
한국민주당,이민,1954-06,0
한국민주당,이민,1954-07,0
한국민주당,이민,1954-08,0
한국민주당,이민,1954-09,0
한국민주당,이민,1954-10,0
한국민주당,이민,1954-11,0
한국민주당,이민,1954-12,0
한국민주당,이민,1955-01,0
한국민주당,이민,1955-02,0
한국민주당,이민,1955-03,0
한국민주당,이민,1955-04,0
한국민주당,이민,1955-05,0
한국민주당,이민,1955-06,0
한국민주당,이민,1955-07,0
한국민주당,이민,1955-08,0
한국민주당,이민,1955-09,0
한국민주당,이민,1955-10,0
한국민주당,이민,1955-11,0
한국민주당,이민,1955-12,0
한국민주당,이민,1956-01,0
한국민주당,이민,1956-02,0
한국민주당,이민,1956-03,0
한국민주당,이민,1956-04,0
한국민주당,이민,1956-05,0
한국민주당,이민,1956-06,0
한국민주당,이민,1956-07,0
한국민주당,이민,1956-08,0
한국민주당,이민,1956-09,0
한국민주당,이민,1956-10,0
한국민주당,이민,1956-11,0
한국민주당,이민,1956-12,0
한국민주당,이민,1957-01,0
한국민주당,이민,1957-02,0
한국민주당,이민,1957-03,0
한국민주당,이민,1957-04,0
한국민주당,이민,1957-05,0
한국민주당,이민,1957-06,0
한국민주당,이민,1957-07,0
한국민주당,이민,1957-08,0
한국민주당,이민,1957-09,0
한국민주당,이민,1957-10,0
한국민주당,이민,1957-11,0
한국민주당,이민,1957-12,0
한국민주당,이민,1958-01,0
한국민주당,이민,1958-02,0
한국민주당,이민,1958-03,0
한국민주당,이민,1958-04,0
한국민주당,이민,1958-05,0
한국민주당,이민,1958-06,0
한국민주당,이민,1958-07,0
한국민주당,이민,1958-08,0
한국민주당,이민,1958-09,0
한국민주당,이민,1958-10,0
한국민주당,이민,1958-11,0
한국민주당,이민,1958-12,0
한국민주당,이민,1959-01,0
한국민주당,이민,1959-02,0
한국민주당,이민,1959-03,0
한국민주당,이민,1959-04,0
한국민주당,이민,1959-05,0
한국민주당,이민,1959-06,0
한국민주당,이민,1959-07,0
한국민주당,이민,1959-09,0
한국민주당,이민,1959-10,0
한국민주당,이민,1959-11,0
한국민주당,이민,1959-12,0
한국민주당,이민,1960-01,0
한국민주당,이민,1960-02,0
한국민주당,이민,1960-03,0
한국민주당,이민,1960-04,0
대한국민당,이민,1948-06,0
대한국민당,이민,1948-07,0
대한국민당,이민,1948-08,0
대한국민당,이민,1948-09,0
대한국민당,이민,1948-10,0
대한국민당,이민,1948-11,0
대한국민당,이민,1948-12,0
대한국민당,이민,1949-01,0
대한국민당,이민,1949-02,0
대한국민당,이민,1949-03,0
대한국민당,이민,1949-04,0
대한국민당,이민,1949-05,0
대한국민당,이민,1949-06,0
대한국민당,이민,1949-07,0
대한국민당,이민,1949-08,0
대한국민당,이민,1949-09,0
대한국민당,이민,1949-10,0
대한국민당,이민,1949-11,0
대한국민당,이민,1949-12,0
대한국민당,이민,1950-01,0
대한국민당,이민,1950-02,0
대한국민당,이민,1950-03,0
대한국민당,이민,1950-04,0
대한국민당,이민,1950-06,0
대한국민당,이민,1950-10,0
대한국민당,이민,1950-11,0
대한국민당,이민,1950-12,1
대한국민당,이민,1951-01,5
대한국민당,이민,1951-02,2
대한국민당,이민,1951-03,3
대한국민당,이민,1951-04,0
대한국민당,이민,1951-05,2
대한국민당,이민,1951-06,1
대한국민당,이민,1951-07,1
대한국민당,이민,1951-08,0
대한국민당,이민,1951-09,2
대한국민당,이민,1951-10,3
대한국민당,이민,1951-11,2
대한국민당,이민,1951-12,1
대한국민당,이민,1952-01,0
대한국민당,이민,1952-02,0
대한국민당,이민,1952-03,0
대한국민당,이민,1952-04,0
대한국민당,이민,1952-05,0
대한국민당,이민,1952-06,0
대한국민당,이민,1952-07,1
대한국민당,이민,1952-08,0
대한국민당,이민,1952-09,2
대한국민당,이민,1952-10,0
대한국민당,이민,1952-11,3
대한국민당,이민,1952-12,0
대한국민당,이민,1953-01,0
대한국민당,이민,1953-02,1
대한국민당,이민,1953-03,0
대한국민당,이민,1953-04,2
대한국민당,이민,1953-05,0
대한국민당,이민,1953-06,5
대한국민당,이민,1953-07,2
대한국민당,이민,1953-08,1
대한국민당,이민,1953-09,0
대한국민당,이민,1953-10,0
대한국민당,이민,1953-11,3
대한국민당,이민,1953-12,0
대한국민당,이민,1954-01,0
대한국민당,이민,1954-02,1
대한국민당,이민,1954-03,0
대한국민당,이민,1954-04,1
대한국민당,이민,1954-05,0
대한국민당,이민,1954-06,0
대한국민당,이민,1954-07,0
대한국민당,이민,1954-08,0
대한국민당,이민,1954-09,0
대한국민당,이민,1954-10,0
대한국민당,이민,1954-11,0
대한국민당,이민,1954-12,0
대한국민당,이민,1955-01,0
대한국민당,이민,1955-02,0
대한국민당,이민,1955-03,0
대한국민당,이민,1955-04,0
대한국민당,이민,1955-05,0
대한국민당,이민,1955-06,0
대한국민당,이민,1955-07,0
대한국민당,이민,1955-08,0
대한국민당,이민,1955-09,0
대한국민당,이민,1955-10,0
대한국민당,이민,1955-11,0
대한국민당,이민,1955-12,0
대한국민당,이민,1956-01,0
대한국민당,이민,1956-02,0
대한국민당,이민,1956-03,0
대한국민당,이민,1956-04,0
대한국민당,이민,1956-05,0
대한국민당,이민,1956-06,0
대한국민당,이민,1956-07,0
대한국민당,이민,1956-08,0
대한국민당,이민,1956-09,0
대한국민당,이민,1956-10,0
대한국민당,이민,1956-11,0
대한국민당,이민,1956-12,0
대한국민당,이민,1957-01,0
대한국민당,이민,1957-02,0
대한국민당,이민,1957-03,0
대한국민당,이민,1957-04,0
대한국민당,이민,1957-05,0
대한국민당,이민,1957-06,0
대한국민당,이민,1957-07,0
대한국민당,이민,1957-08,0
대한국민당,이민,1957-09,0
대한국민당,이민,1957-10,0
대한국민당,이민,1957-11,0
대한국민당,이민,1957-12,0
대한국민당,이민,1958-01,0
대한국민당,이민,1958-02,0
대한국민당,이민,1958-03,0
대한국민당,이민,1958-04,0
대한국민당,이민,1958-05,0
대한국민당,이민,1958-06,0
대한국민당,이민,1958-07,0
대한국민당,이민,1958-08,0
대한국민당,이민,1958-09,0
대한국민당,이민,1958-10,0
대한국민당,이민,1958-11,0
대한국민당,이민,1958-12,0
대한국민당,이민,1959-01,0
대한국민당,이민,1959-02,0
대한국민당,이민,1959-03,0
대한국민당,이민,1959-04,0
대한국민당,이민,1959-05,0
대한국민당,이민,1959-06,0
대한국민당,이민,1959-07,0
대한국민당,이민,1959-09,0
대한국민당,이민,1959-10,0
대한국민당,이민,1959-11,0
대한국민당,이민,1959-12,0
대한국민당,이민,1960-01,0
대한국민당,이민,1960-02,0
대한국민당,이민,1960-03,0
대한국민당,이민,1960-04,0
대한독립촉성국민회,이민,1948-06,16
대한독립촉성국민회,이민,1948-07,19
대한독립촉성국민회,이민,1948-08,10
대한독립촉성국민회,이민,1948-09,10
대한독립촉성국민회,이민,1948-10,8
대한독립촉성국민회,이민,1948-11,3
대한독립촉성국민회,이민,1948-12,4
대한독립촉성국민회,이민,1949-01,2
대한독립촉성국민회,이민,1949-02,1
대한독립촉성국민회,이민,1949-03,1
대한독립촉성국민회,이민,1949-04,1
대한독립촉성국민회,이민,1949-05,2
대한독립촉성국민회,이민,1949-06,1
대한독립촉성국민회,이민,1949-07,1
대한독립촉성국민회,이민,1949-08,0
대한독립촉성국민회,이민,1949-09,0
대한독립촉성국민회,이민,1949-10,4
대한독립촉성국민회,이민,1949-11,1
대한독립촉성국민회,이민,1949-12,0
대한독립촉성국민회,이민,1950-01,4
대한독립촉성국민회,이민,1950-02,4
대한독립촉성국민회,이민,1950-03,4
대한독립촉성국민회,이민,1950-04,2
대한독립촉성국민회,이민,1950-06,1
대한독립촉성국민회,이민,1950-10,0
대한독립촉성국민회,이민,1950-11,1
대한독립촉성국민회,이민,1950-12,0
대한독립촉성국민회,이민,1951-01,0
대한독립촉성국민회,이민,1951-02,0
대한독립촉성국민회,이민,1951-03,0
대한독립촉성국민회,이민,1951-04,0
대한독립촉성국민회,이민,1951-05,0
대한독립촉성국민회,이민,1951-06,0
대한독립촉성국민회,이민,1951-07,0
대한독립촉성국민회,이민,1951-08,0
대한독립촉성국민회,이민,1951-09,0
대한독립촉성국민회,이민,1951-10,0
대한독립촉성국민회,이민,1951-11,1
대한독립촉성국민회,이민,1951-12,0
대한독립촉성국민회,이민,1952-01,0
대한독립촉성국민회,이민,1952-02,0
대한독립촉성국민회,이민,1952-03,0
대한독립촉성국민회,이민,1952-04,0
대한독립촉성국민회,이민,1952-05,0
대한독립촉성국민회,이민,1952-06,0
대한독립촉성국민회,이민,1952-07,0
대한독립촉성국민회,이민,1952-08,0
대한독립촉성국민회,이민,1952-09,0
대한독립촉성국민회,이민,1952-10,0
대한독립촉성국민회,이민,1952-11,1
대한독립촉성국민회,이민,1952-12,0
대한독립촉성국민회,이민,1953-01,0
대한독립촉성국민회,이민,1953-02,0
대한독립촉성국민회,이민,1953-03,1
대한독립촉성국민회,이민,1953-04,0
대한독립촉성국민회,이민,1953-05,0
대한독립촉성국민회,이민,1953-06,0
대한독립촉성국민회,이민,1953-07,0
대한독립촉성국민회,이민,1953-08,0
대한독립촉성국민회,이민,1953-09,0
대한독립촉성국민회,이민,1953-10,0
대한독립촉성국민회,이민,1953-11,0
대한독립촉성국민회,이민,1953-12,0
대한독립촉성국민회,이민,1954-01,0
대한독립촉성국민회,이민,1954-02,0
대한독립촉성국민회,이민,1954-03,0
대한독립촉성국민회,이민,1954-04,0
대한독립촉성국민회,이민,1954-05,0
대한독립촉성국민회,이민,1954-06,0
대한독립촉성국민회,이민,1954-07,0
대한독립촉성국민회,이민,1954-08,0
대한독립촉성국민회,이민,1954-09,0
대한독립촉성국민회,이민,1954-10,0
대한독립촉성국민회,이민,1954-11,0
대한독립촉성국민회,이민,1954-12,0
대한독립촉성국민회,이민,1955-01,0
대한독립촉성국민회,이민,1955-02,0
대한독립촉성국민회,이민,1955-03,0
대한독립촉성국민회,이민,1955-04,0
대한독립촉성국민회,이민,1955-05,0
대한독립촉성국민회,이민,1955-06,0
대한독립촉성국민회,이민,1955-07,0
대한독립촉성국민회,이민,1955-08,0
대한독립촉성국민회,이민,1955-09,0
대한독립촉성국민회,이민,1955-10,0
대한독립촉성국민회,이민,1955-11,0
대한독립촉성국민회,이민,1955-12,0
대한독립촉성국민회,이민,1956-01,0
대한독립촉성국민회,이민,1956-02,0
대한독립촉성국민회,이민,1956-03,0
대한독립촉성국민회,이민,1956-04,0
대한독립촉성국민회,이민,1956-05,0
대한독립촉성국민회,이민,1956-06,0
대한독립촉성국민회,이민,1956-07,0
대한독립촉성국민회,이민,1956-08,0
대한독립촉성국민회,이민,1956-09,0
대한독립촉성국민회,이민,1956-10,0
대한독립촉성국민회,이민,1956-11,0
대한독립촉성국민회,이민,1956-12,0
대한독립촉성국민회,이민,1957-01,0
대한독립촉성국민회,이민,1957-02,0
대한독립촉성국민회,이민,1957-03,0
대한독립촉성국민회,이민,1957-04,0
대한독립촉성국민회,이민,1957-05,0
대한독립촉성국민회,이민,1957-06,0
대한독립촉성국민회,이민,1957-07,0
대한독립촉성국민회,이민,1957-08,0
대한독립촉성국민회,이민,1957-09,0
대한독립촉성국민회,이민,1957-10,0
대한독립촉성국민회,이민,1957-11,0
대한독립촉성국민회,이민,1957-12,0
대한독립촉성국민회,이민,1958-01,0
대한독립촉성국민회,이민,1958-02,0
대한독립촉성국민회,이민,1958-03,0
대한독립촉성국민회,이민,1958-04,0
대한독립촉성국민회,이민,1958-05,0
대한독립촉성국민회,이민,1958-06,0
대한독립촉성국민회,이민,1958-07,0
대한독립촉성국민회,이민,1958-08,0
대한독립촉성국민회,이민,1958-09,0
대한독립촉성국민회,이민,1958-10,0
대한독립촉성국민회,이민,1958-11,0
대한독립촉성국민회,이민,1958-12,0
대한독립촉성국민회,이민,1959-01,0
대한독립촉성국민회,이민,1959-02,0
대한독립촉성국민회,이민,1959-03,0
대한독립촉성국민회,이민,1959-04,0
대한독립촉성국민회,이민,1959-05,0
대한독립촉성국민회,이민,1959-06,0
대한독립촉성국민회,이민,1959-07,0
대한독립촉성국민회,이민,1959-09,0
대한독립촉성국민회,이민,1959-10,0
대한독립촉성국민회,이민,1959-11,0
대한독립촉성국민회,이민,1959-12,0
대한독립촉성국민회,이민,1960-01,0
대한독립촉성국민회,이민,1960-02,0
대한독립촉성국민회,이민,1960-03,0
대한독립촉성국민회,이민,1960-04,0
민주국민당,이민,1948-06,0
민주국민당,이민,1948-07,0
민주국민당,이민,1948-08,0
민주국민당,이민,1948-09,0
민주국민당,이민,1948-10,0
민주국민당,이민,1948-11,0
민주국민당,이민,1948-12,0
민주국민당,이민,1949-01,0
민주국민당,이민,1949-02,0
민주국민당,이민,1949-03,0
민주국민당,이민,1949-04,0
민주국민당,이민,1949-05,0
민주국민당,이민,1949-06,0
민주국민당,이민,1949-07,0
민주국민당,이민,1949-08,0
민주국민당,이민,1949-09,0
민주국민당,이민,1949-10,0
민주국민당,이민,1949-11,0
민주국민당,이민,1949-12,0
민주국민당,이민,1950-01,0
민주국민당,이민,1950-02,0
민주국민당,이민,1950-03,2
민주국민당,이민,1950-04,0
민주국민당,이민,1950-06,2
민주국민당,이민,1950-10,0
민주국민당,이민,1950-11,6
민주국민당,이민,1950-12,3
민주국민당,이민,1951-01,2
민주국민당,이민,1951-02,1
민주국민당,이민,1951-03,0
민주국민당,이민,1951-04,0
민주국민당,이민,1951-05,2
민주국민당,이민,1951-06,0
민주국민당,이민,1951-07,1
민주국민당,이민,1951-08,0
민주국민당,이민,1951-09,1
민주국민당,이민,1951-10,3
민주국민당,이민,1951-11,1
민주국민당,이민,1951-12,0
민주국민당,이민,1952-01,1
민주국민당,이민,1952-02,0
민주국민당,이민,1952-03,1
민주국민당,이민,1952-04,0
민주국민당,이민,1952-05,0
민주국민당,이민,1952-06,0
민주국민당,이민,1952-07,0
민주국민당,이민,1952-08,0
민주국민당,이민,1952-09,0
민주국민당,이민,1952-10,0
민주국민당,이민,1952-11,2
민주국민당,이민,1952-12,1
민주국민당,이민,1953-01,0
민주국민당,이민,1953-02,0
민주국민당,이민,1953-03,1
민주국민당,이민,1953-04,0
민주국민당,이민,1953-05,1
민주국민당,이민,1953-06,0
민주국민당,이민,1953-07,0
민주국민당,이민,1953-08,0
민주국민당,이민,1953-09,1
민주국민당,이민,1953-10,1
민주국민당,이민,1953-11,0
민주국민당,이민,1953-12,0
민주국민당,이민,1954-01,3
민주국민당,이민,1954-02,1
민주국민당,이민,1954-03,1
민주국민당,이민,1954-04,0
민주국민당,이민,1954-05,0
민주국민당,이민,1954-06,1
민주국민당,이민,1954-07,0
민주국민당,이민,1954-08,4
민주국민당,이민,1954-09,1
민주국민당,이민,1954-10,1
민주국민당,이민,1954-11,1
민주국민당,이민,1954-12,1
민주국민당,이민,1955-01,4
민주국민당,이민,1955-02,0
민주국민당,이민,1955-03,0
민주국민당,이민,1955-04,0
민주국민당,이민,1955-05,1
민주국민당,이민,1955-06,0
민주국민당,이민,1955-07,0
민주국민당,이민,1955-08,0
민주국민당,이민,1955-09,0
민주국민당,이민,1955-10,3
민주국민당,이민,1955-11,1
민주국민당,이민,1955-12,1
민주국민당,이민,1956-01,0
민주국민당,이민,1956-02,2
민주국민당,이민,1956-03,0
민주국민당,이민,1956-04,0
민주국민당,이민,1956-05,0
민주국민당,이민,1956-06,1
민주국민당,이민,1956-07,2
민주국민당,이민,1956-08,0
민주국민당,이민,1956-09,0
민주국민당,이민,1956-10,0
민주국민당,이민,1956-11,0
민주국민당,이민,1956-12,2
민주국민당,이민,1957-01,2
민주국민당,이민,1957-02,0
민주국민당,이민,1957-03,0
민주국민당,이민,1957-04,0
민주국민당,이민,1957-05,0
민주국민당,이민,1957-06,1
민주국민당,이민,1957-07,1
민주국민당,이민,1957-08,2
민주국민당,이민,1957-09,2
민주국민당,이민,1957-10,0
민주국민당,이민,1957-11,1
민주국민당,이민,1957-12,0
민주국민당,이민,1958-01,0
민주국민당,이민,1958-02,0
민주국민당,이민,1958-03,0
민주국민당,이민,1958-04,0
민주국민당,이민,1958-05,0
민주국민당,이민,1958-06,0
민주국민당,이민,1958-07,0
민주국민당,이민,1958-08,0
민주국민당,이민,1958-09,0
민주국민당,이민,1958-10,0
민주국민당,이민,1958-11,0
민주국민당,이민,1958-12,0
민주국민당,이민,1959-01,0
민주국민당,이민,1959-02,0
민주국민당,이민,1959-03,0
민주국민당,이민,1959-04,0
민주국민당,이민,1959-05,0
민주국민당,이민,1959-06,0
민주국민당,이민,1959-07,0
민주국민당,이민,1959-09,0
민주국민당,이민,1959-10,0
민주국민당,이민,1959-11,0
민주국민당,이민,1959-12,0
민주국민당,이민,1960-01,0
민주국민당,이민,1960-02,0
민주국민당,이민,1960-03,0
민주국민당,이민,1960-04,0
조선공화당,이민,1948-06,0
조선공화당,이민,1948-07,0
조선공화당,이민,1948-08,0
조선공화당,이민,1948-09,0
조선공화당,이민,1948-10,1
조선공화당,이민,1948-11,0
조선공화당,이민,1948-12,0
조선공화당,이민,1949-01,0
조선공화당,이민,1949-02,0
조선공화당,이민,1949-03,0
조선공화당,이민,1949-04,0
조선공화당,이민,1949-05,0
조선공화당,이민,1949-06,1
조선공화당,이민,1949-07,0
조선공화당,이민,1949-08,0
조선공화당,이민,1949-09,0
조선공화당,이민,1949-10,0
조선공화당,이민,1949-11,0
조선공화당,이민,1949-12,0
조선공화당,이민,1950-01,0
조선공화당,이민,1950-02,0
조선공화당,이민,1950-03,0
조선공화당,이민,1950-04,0
조선공화당,이민,1950-06,0
조선공화당,이민,1950-10,0
조선공화당,이민,1950-11,0
조선공화당,이민,1950-12,0
조선공화당,이민,1951-01,0
조선공화당,이민,1951-02,0
조선공화당,이민,1951-03,0
조선공화당,이민,1951-04,0
조선공화당,이민,1951-05,0
조선공화당,이민,1951-06,0
조선공화당,이민,1951-07,0
조선공화당,이민,1951-08,0
조선공화당,이민,1951-09,0
조선공화당,이민,1951-10,0
조선공화당,이민,1951-11,0
조선공화당,이민,1951-12,0
조선공화당,이민,1952-01,0
조선공화당,이민,1952-02,0
조선공화당,이민,1952-03,0
조선공화당,이민,1952-04,0
조선공화당,이민,1952-05,0
조선공화당,이민,1952-06,0
조선공화당,이민,1952-07,0
조선공화당,이민,1952-08,0
조선공화당,이민,1952-09,0
조선공화당,이민,1952-10,0
조선공화당,이민,1952-11,0
조선공화당,이민,1952-12,0
조선공화당,이민,1953-01,0
조선공화당,이민,1953-02,0
조선공화당,이민,1953-03,0
조선공화당,이민,1953-04,0
조선공화당,이민,1953-05,0
조선공화당,이민,1953-06,0
조선공화당,이민,1953-07,0
조선공화당,이민,1953-08,0
조선공화당,이민,1953-09,0
조선공화당,이민,1953-10,0
조선공화당,이민,1953-11,0
조선공화당,이민,1953-12,0
조선공화당,이민,1954-01,0
조선공화당,이민,1954-02,0
조선공화당,이민,1954-03,0
조선공화당,이민,1954-04,0
조선공화당,이민,1954-05,0
조선공화당,이민,1954-06,0
조선공화당,이민,1954-07,0
조선공화당,이민,1954-08,0
조선공화당,이민,1954-09,0
조선공화당,이민,1954-10,0
조선공화당,이민,1954-11,0
조선공화당,이민,1954-12,0
조선공화당,이민,1955-01,0
조선공화당,이민,1955-02,0
조선공화당,이민,1955-03,0
조선공화당,이민,1955-04,0
조선공화당,이민,1955-05,0
조선공화당,이민,1955-06,0
조선공화당,이민,1955-07,0
조선공화당,이민,1955-08,0
조선공화당,이민,1955-09,0
조선공화당,이민,1955-10,0
조선공화당,이민,1955-11,0
조선공화당,이민,1955-12,0
조선공화당,이민,1956-01,0
조선공화당,이민,1956-02,0
조선공화당,이민,1956-03,0
조선공화당,이민,1956-04,0
조선공화당,이민,1956-05,0
조선공화당,이민,1956-06,0
조선공화당,이민,1956-07,0
조선공화당,이민,1956-08,0
조선공화당,이민,1956-09,0
조선공화당,이민,1956-10,0
조선공화당,이민,1956-11,0
조선공화당,이민,1956-12,0
조선공화당,이민,1957-01,0
조선공화당,이민,1957-02,0
조선공화당,이민,1957-03,0
조선공화당,이민,1957-04,0
조선공화당,이민,1957-05,0
조선공화당,이민,1957-06,0
조선공화당,이민,1957-07,0
조선공화당,이민,1957-08,0
조선공화당,이민,1957-09,0
조선공화당,이민,1957-10,0
조선공화당,이민,1957-11,0
조선공화당,이민,1957-12,0
조선공화당,이민,1958-01,0
조선공화당,이민,1958-02,0
조선공화당,이민,1958-03,0
조선공화당,이민,1958-04,0
조선공화당,이민,1958-05,0
조선공화당,이민,1958-06,0
조선공화당,이민,1958-07,0
조선공화당,이민,1958-08,0
조선공화당,이민,1958-09,0
조선공화당,이민,1958-10,0
조선공화당,이민,1958-11,0
조선공화당,이민,1958-12,0
조선공화당,이민,1959-01,0
조선공화당,이민,1959-02,0
조선공화당,이민,1959-03,0
조선공화당,이민,1959-04,0
조선공화당,이민,1959-05,0
조선공화당,이민,1959-06,0
조선공화당,이민,1959-07,0
조선공화당,이민,1959-09,0
조선공화당,이민,1959-10,0
조선공화당,이민,1959-11,0
조선공화당,이민,1959-12,0
조선공화당,이민,1960-01,0
조선공화당,이민,1960-02,0
조선공화당,이민,1960-03,0
조선공화당,이민,1960-04,0
대동청년당,이민,1948-06,0
대동청년당,이민,1948-07,1
대동청년당,이민,1948-08,1
대동청년당,이민,1948-09,3
대동청년당,이민,1948-10,0
대동청년당,이민,1948-11,0
대동청년당,이민,1948-12,0
대동청년당,이민,1949-01,1
대동청년당,이민,1949-02,1
대동청년당,이민,1949-03,0
대동청년당,이민,1949-04,2
대동청년당,이민,1949-05,0
대동청년당,이민,1949-06,1
대동청년당,이민,1949-07,0
대동청년당,이민,1949-08,0
대동청년당,이민,1949-09,0
대동청년당,이민,1949-10,0
대동청년당,이민,1949-11,1
대동청년당,이민,1949-12,0
대동청년당,이민,1950-01,0
대동청년당,이민,1950-02,1
대동청년당,이민,1950-03,0
대동청년당,이민,1950-04,0
대동청년당,이민,1950-06,0
대동청년당,이민,1950-10,0
대동청년당,이민,1950-11,0
대동청년당,이민,1950-12,0
대동청년당,이민,1951-01,0
대동청년당,이민,1951-02,0
대동청년당,이민,1951-03,0
대동청년당,이민,1951-04,0
대동청년당,이민,1951-05,0
대동청년당,이민,1951-06,0
대동청년당,이민,1951-07,0
대동청년당,이민,1951-08,0
대동청년당,이민,1951-09,0
대동청년당,이민,1951-10,0
대동청년당,이민,1951-11,0
대동청년당,이민,1951-12,0
대동청년당,이민,1952-01,0
대동청년당,이민,1952-02,0
대동청년당,이민,1952-03,0
대동청년당,이민,1952-04,0
대동청년당,이민,1952-05,0
대동청년당,이민,1952-06,0
대동청년당,이민,1952-07,0
대동청년당,이민,1952-08,0
대동청년당,이민,1952-09,0
대동청년당,이민,1952-10,0
대동청년당,이민,1952-11,0
대동청년당,이민,1952-12,0
대동청년당,이민,1953-01,0
대동청년당,이민,1953-02,0
대동청년당,이민,1953-03,0
대동청년당,이민,1953-04,0
대동청년당,이민,1953-05,0
대동청년당,이민,1953-06,0
대동청년당,이민,1953-07,0
대동청년당,이민,1953-08,0
대동청년당,이민,1953-09,0
대동청년당,이민,1953-10,0
대동청년당,이민,1953-11,0
대동청년당,이민,1953-12,0
대동청년당,이민,1954-01,0
대동청년당,이민,1954-02,0
대동청년당,이민,1954-03,0
대동청년당,이민,1954-04,0
대동청년당,이민,1954-05,0
대동청년당,이민,1954-06,0
대동청년당,이민,1954-07,0
대동청년당,이민,1954-08,0
대동청년당,이민,1954-09,0
대동청년당,이민,1954-10,0
대동청년당,이민,1954-11,0
대동청년당,이민,1954-12,0
대동청년당,이민,1955-01,0
대동청년당,이민,1955-02,0
대동청년당,이민,1955-03,0
대동청년당,이민,1955-04,0
대동청년당,이민,1955-05,0
대동청년당,이민,1955-06,0
대동청년당,이민,1955-07,0
대동청년당,이민,1955-08,0
대동청년당,이민,1955-09,0
대동청년당,이민,1955-10,0
대동청년당,이민,1955-11,0
대동청년당,이민,1955-12,0
대동청년당,이민,1956-01,0
대동청년당,이민,1956-02,0
대동청년당,이민,1956-03,0
대동청년당,이민,1956-04,0
대동청년당,이민,1956-05,0
대동청년당,이민,1956-06,0
대동청년당,이민,1956-07,0
대동청년당,이민,1956-08,0
대동청년당,이민,1956-09,0
대동청년당,이민,1956-10,0
대동청년당,이민,1956-11,0
대동청년당,이민,1956-12,0
대동청년당,이민,1957-01,0
대동청년당,이민,1957-02,0
대동청년당,이민,1957-03,0
대동청년당,이민,1957-04,0
대동청년당,이민,1957-05,0
대동청년당,이민,1957-06,0
대동청년당,이민,1957-07,0
대동청년당,이민,1957-08,0
대동청년당,이민,1957-09,0
대동청년당,이민,1957-10,0
대동청년당,이민,1957-11,0
대동청년당,이민,1957-12,0
대동청년당,이민,1958-01,0
대동청년당,이민,1958-02,0
대동청년당,이민,1958-03,0
대동청년당,이민,1958-04,0
대동청년당,이민,1958-05,0
대동청년당,이민,1958-06,0
대동청년당,이민,1958-07,0
대동청년당,이민,1958-08,0
대동청년당,이민,1958-09,0
대동청년당,이민,1958-10,0
대동청년당,이민,1958-11,0
대동청년당,이민,1958-12,0
대동청년당,이민,1959-01,0
대동청년당,이민,1959-02,0
대동청년당,이민,1959-03,0
대동청년당,이민,1959-04,0
대동청년당,이민,1959-05,0
대동청년당,이민,1959-06,0
대동청년당,이민,1959-07,0
대동청년당,이민,1959-09,0
대동청년당,이민,1959-10,0
대동청년당,이민,1959-11,0
대동청년당,이민,1959-12,0
대동청년당,이민,1960-01,0
대동청년당,이민,1960-02,0
대동청년당,이민,1960-03,0
대동청년당,이민,1960-04,0
조선민족청년단,이민,1948-06,0
조선민족청년단,이민,1948-07,0
조선민족청년단,이민,1948-08,1
조선민족청년단,이민,1948-09,1
조선민족청년단,이민,1948-10,0
조선민족청년단,이민,1948-11,0
조선민족청년단,이민,1948-12,0
조선민족청년단,이민,1949-01,0
조선민족청년단,이민,1949-02,0
조선민족청년단,이민,1949-03,0
조선민족청년단,이민,1949-04,0
조선민족청년단,이민,1949-05,0
조선민족청년단,이민,1949-06,0
조선민족청년단,이민,1949-07,0
조선민족청년단,이민,1949-08,0
조선민족청년단,이민,1949-09,0
조선민족청년단,이민,1949-10,0
조선민족청년단,이민,1949-11,0
조선민족청년단,이민,1949-12,0
조선민족청년단,이민,1950-01,0
조선민족청년단,이민,1950-02,0
조선민족청년단,이민,1950-03,0
조선민족청년단,이민,1950-04,0
조선민족청년단,이민,1950-06,0
조선민족청년단,이민,1950-10,0
조선민족청년단,이민,1950-11,0
조선민족청년단,이민,1950-12,0
조선민족청년단,이민,1951-01,0
조선민족청년단,이민,1951-02,0
조선민족청년단,이민,1951-03,0
조선민족청년단,이민,1951-04,0
조선민족청년단,이민,1951-05,0
조선민족청년단,이민,1951-06,0
조선민족청년단,이민,1951-07,0
조선민족청년단,이민,1951-08,0
조선민족청년단,이민,1951-09,0
조선민족청년단,이민,1951-10,0
조선민족청년단,이민,1951-11,0
조선민족청년단,이민,1951-12,0
조선민족청년단,이민,1952-01,0
조선민족청년단,이민,1952-02,0
조선민족청년단,이민,1952-03,0
조선민족청년단,이민,1952-04,0
조선민족청년단,이민,1952-05,0
조선민족청년단,이민,1952-06,0
조선민족청년단,이민,1952-07,0
조선민족청년단,이민,1952-08,0
조선민족청년단,이민,1952-09,0
조선민족청년단,이민,1952-10,0
조선민족청년단,이민,1952-11,0
조선민족청년단,이민,1952-12,0
조선민족청년단,이민,1953-01,0
조선민족청년단,이민,1953-02,0
조선민족청년단,이민,1953-03,0
조선민족청년단,이민,1953-04,0
조선민족청년단,이민,1953-05,0
조선민족청년단,이민,1953-06,0
조선민족청년단,이민,1953-07,0
조선민족청년단,이민,1953-08,0
조선민족청년단,이민,1953-09,0
조선민족청년단,이민,1953-10,0
조선민족청년단,이민,1953-11,0
조선민족청년단,이민,1953-12,0
조선민족청년단,이민,1954-01,0
조선민족청년단,이민,1954-02,0
조선민족청년단,이민,1954-03,0
조선민족청년단,이민,1954-04,0
조선민족청년단,이민,1954-05,0
조선민족청년단,이민,1954-06,0
조선민족청년단,이민,1954-07,0
조선민족청년단,이민,1954-08,0
조선민족청년단,이민,1954-09,0
조선민족청년단,이민,1954-10,0
조선민족청년단,이민,1954-11,0
조선민족청년단,이민,1954-12,0
조선민족청년단,이민,1955-01,0
조선민족청년단,이민,1955-02,0
조선민족청년단,이민,1955-03,0
조선민족청년단,이민,1955-04,0
조선민족청년단,이민,1955-05,0
조선민족청년단,이민,1955-06,0
조선민족청년단,이민,1955-07,0
조선민족청년단,이민,1955-08,0
조선민족청년단,이민,1955-09,0
조선민족청년단,이민,1955-10,0
조선민족청년단,이민,1955-11,0
조선민족청년단,이민,1955-12,0
조선민족청년단,이민,1956-01,0
조선민족청년단,이민,1956-02,0
조선민족청년단,이민,1956-03,0
조선민족청년단,이민,1956-04,0
조선민족청년단,이민,1956-05,0
조선민족청년단,이민,1956-06,0
조선민족청년단,이민,1956-07,0
조선민족청년단,이민,1956-08,0
조선민족청년단,이민,1956-09,0
조선민족청년단,이민,1956-10,0
조선민족청년단,이민,1956-11,0
조선민족청년단,이민,1956-12,0
조선민족청년단,이민,1957-01,0
조선민족청년단,이민,1957-02,0
조선민족청년단,이민,1957-03,0
조선민족청년단,이민,1957-04,0
조선민족청년단,이민,1957-05,0
조선민족청년단,이민,1957-06,0
조선민족청년단,이민,1957-07,0
조선민족청년단,이민,1957-08,0
조선민족청년단,이민,1957-09,0
조선민족청년단,이민,1957-10,0
조선민족청년단,이민,1957-11,0
조선민족청년단,이민,1957-12,0
조선민족청년단,이민,1958-01,0
조선민족청년단,이민,1958-02,0
조선민족청년단,이민,1958-03,0
조선민족청년단,이민,1958-04,0
조선민족청년단,이민,1958-05,0
조선민족청년단,이민,1958-06,0
조선민족청년단,이민,1958-07,0
조선민족청년단,이민,1958-08,0
조선민족청년단,이민,1958-09,0
조선민족청년단,이민,1958-10,0
조선민족청년단,이민,1958-11,0
조선민족청년단,이민,1958-12,0
조선민족청년단,이민,1959-01,0
조선민족청년단,이민,1959-02,0
조선민족청년단,이민,1959-03,0
조선민족청년단,이민,1959-04,0
조선민족청년단,이민,1959-05,0
조선민족청년단,이민,1959-06,0
조선민족청년단,이민,1959-07,0
조선민족청년단,이민,1959-09,0
조선민족청년단,이민,1959-10,0
조선민족청년단,이민,1959-11,0
조선민족청년단,이민,1959-12,0
조선민족청년단,이민,1960-01,0
조선민족청년단,이민,1960-02,0
조선민족청년단,이민,1960-03,0
조선민족청년단,이민,1960-04,0
대한청년단,이민,1948-06,0
대한청년단,이민,1948-07,0
대한청년단,이민,1948-08,0
대한청년단,이민,1948-09,0
대한청년단,이민,1948-10,0
대한청년단,이민,1948-11,0
대한청년단,이민,1948-12,0
대한청년단,이민,1949-01,0
대한청년단,이민,1949-02,0
대한청년단,이민,1949-03,0
대한청년단,이민,1949-04,0
대한청년단,이민,1949-05,0
대한청년단,이민,1949-06,0
대한청년단,이민,1949-07,0
대한청년단,이민,1949-08,0
대한청년단,이민,1949-09,0
대한청년단,이민,1949-10,0
대한청년단,이민,1949-11,0
대한청년단,이민,1949-12,0
대한청년단,이민,1950-01,0
대한청년단,이민,1950-02,0
대한청년단,이민,1950-03,0
대한청년단,이민,1950-04,0
대한청년단,이민,1950-06,0
대한청년단,이민,1950-10,0
대한청년단,이민,1950-11,0
대한청년단,이민,1950-12,0
대한청년단,이민,1951-01,0
대한청년단,이민,1951-02,0
대한청년단,이민,1951-03,2
대한청년단,이민,1951-04,0
대한청년단,이민,1951-05,0
대한청년단,이민,1951-06,0
대한청년단,이민,1951-07,0
대한청년단,이민,1951-08,0
대한청년단,이민,1951-09,0
대한청년단,이민,1951-10,0
대한청년단,이민,1951-11,0
대한청년단,이민,1951-12,1
대한청년단,이민,1952-01,0
대한청년단,이민,1952-02,0
대한청년단,이민,1952-03,0
대한청년단,이민,1952-04,0
대한청년단,이민,1952-05,0
대한청년단,이민,1952-06,0
대한청년단,이민,1952-07,0
대한청년단,이민,1952-08,0
대한청년단,이민,1952-09,0
대한청년단,이민,1952-10,0
대한청년단,이민,1952-11,0
대한청년단,이민,1952-12,0
대한청년단,이민,1953-01,1
대한청년단,이민,1953-02,0
대한청년단,이민,1953-03,0
대한청년단,이민,1953-04,0
대한청년단,이민,1953-05,0
대한청년단,이민,1953-06,0
대한청년단,이민,1953-07,0
대한청년단,이민,1953-08,0
대한청년단,이민,1953-09,0
대한청년단,이민,1953-10,0
대한청년단,이민,1953-11,0
대한청년단,이민,1953-12,0
대한청년단,이민,1954-01,0
대한청년단,이민,1954-02,0
대한청년단,이민,1954-03,0
대한청년단,이민,1954-04,0
대한청년단,이민,1954-05,0
대한청년단,이민,1954-06,0
대한청년단,이민,1954-07,0
대한청년단,이민,1954-08,0
대한청년단,이민,1954-09,0
대한청년단,이민,1954-10,0
대한청년단,이민,1954-11,0
대한청년단,이민,1954-12,0
대한청년단,이민,1955-01,0
대한청년단,이민,1955-02,0
대한청년단,이민,1955-03,0
대한청년단,이민,1955-04,0
대한청년단,이민,1955-05,0
대한청년단,이민,1955-06,0
대한청년단,이민,1955-07,0
대한청년단,이민,1955-08,0
대한청년단,이민,1955-09,0
대한청년단,이민,1955-10,0
대한청년단,이민,1955-11,0
대한청년단,이민,1955-12,0
대한청년단,이민,1956-01,0
대한청년단,이민,1956-02,0
대한청년단,이민,1956-03,0
대한청년단,이민,1956-04,0
대한청년단,이민,1956-05,0
대한청년단,이민,1956-06,0
대한청년단,이민,1956-07,0
대한청년단,이민,1956-08,0
대한청년단,이민,1956-09,0
대한청년단,이민,1956-10,0
대한청년단,이민,1956-11,0
대한청년단,이민,1956-12,0
대한청년단,이민,1957-01,0
대한청년단,이민,1957-02,0
대한청년단,이민,1957-03,0
대한청년단,이민,1957-04,0
대한청년단,이민,1957-05,0
대한청년단,이민,1957-06,0
대한청년단,이민,1957-07,0
대한청년단,이민,1957-08,0
대한청년단,이민,1957-09,0
대한청년단,이민,1957-10,0
대한청년단,이민,1957-11,0
대한청년단,이민,1957-12,0
대한청년단,이민,1958-01,0
대한청년단,이민,1958-02,0
대한청년단,이민,1958-03,0
대한청년단,이민,1958-04,0
대한청년단,이민,1958-05,0
대한청년단,이민,1958-06,0
대한청년단,이민,1958-07,0
대한청년단,이민,1958-08,0
대한청년단,이민,1958-09,0
대한청년단,이민,1958-10,0
대한청년단,이민,1958-11,0
대한청년단,이민,1958-12,0
대한청년단,이민,1959-01,0
대한청년단,이민,1959-02,0
대한청년단,이민,1959-03,0
대한청년단,이민,1959-04,0
대한청년단,이민,1959-05,0
대한청년단,이민,1959-06,0
대한청년단,이민,1959-07,0
대한청년단,이민,1959-09,0
대한청년단,이민,1959-10,0
대한청년단,이민,1959-11,0
대한청년단,이민,1959-12,0
대한청년단,이민,1960-01,0
대한청년단,이민,1960-02,0
대한청년단,이민,1960-03,0
대한청년단,이민,1960-04,0
국민당,이민,1948-06,0
국민당,이민,1948-07,0
국민당,이민,1948-08,0
국민당,이민,1948-09,0
국민당,이민,1948-10,0
국민당,이민,1948-11,0
국민당,이민,1948-12,0
국민당,이민,1949-01,0
국민당,이민,1949-02,0
국민당,이민,1949-03,0
국민당,이민,1949-04,0
국민당,이민,1949-05,0
국민당,이민,1949-06,0
국민당,이민,1949-07,0
국민당,이민,1949-08,0
국민당,이민,1949-09,0
국민당,이민,1949-10,0
국민당,이민,1949-11,0
국민당,이민,1949-12,0
국민당,이민,1950-01,0
국민당,이민,1950-02,0
국민당,이민,1950-03,0
국민당,이민,1950-04,0
국민당,이민,1950-06,0
국민당,이민,1950-10,0
국민당,이민,1950-11,0
국민당,이민,1950-12,0
국민당,이민,1951-01,0
국민당,이민,1951-02,0
국민당,이민,1951-03,0
국민당,이민,1951-04,0
국민당,이민,1951-05,0
국민당,이민,1951-06,0
국민당,이민,1951-07,0
국민당,이민,1951-08,0
국민당,이민,1951-09,0
국민당,이민,1951-10,0
국민당,이민,1951-11,0
국민당,이민,1951-12,0
국민당,이민,1952-01,0
국민당,이민,1952-02,0
국민당,이민,1952-03,0
국민당,이민,1952-04,0
국민당,이민,1952-05,0
국민당,이민,1952-06,0
국민당,이민,1952-07,0
국민당,이민,1952-08,0
국민당,이민,1952-09,0
국민당,이민,1952-10,0
국민당,이민,1952-11,0
국민당,이민,1952-12,0
국민당,이민,1953-01,0
국민당,이민,1953-02,0
국민당,이민,1953-03,0
국민당,이민,1953-04,0
국민당,이민,1953-05,0
국민당,이민,1953-06,0
국민당,이민,1953-07,0
국민당,이민,1953-08,0
국민당,이민,1953-09,0
국민당,이민,1953-10,0
국민당,이민,1953-11,0
국민당,이민,1953-12,0
국민당,이민,1954-01,0
국민당,이민,1954-02,0
국민당,이민,1954-03,0
국민당,이민,1954-04,0
국민당,이민,1954-05,0
국민당,이민,1954-06,0
국민당,이민,1954-07,0
국민당,이민,1954-08,0
국민당,이민,1954-09,0
국민당,이민,1954-10,0
국민당,이민,1954-11,0
국민당,이민,1954-12,0
국민당,이민,1955-01,0
국민당,이민,1955-02,0
국민당,이민,1955-03,0
국민당,이민,1955-04,0
국민당,이민,1955-05,0
국민당,이민,1955-06,0
국민당,이민,1955-07,0
국민당,이민,1955-08,0
국민당,이민,1955-09,0
국민당,이민,1955-10,0
국민당,이민,1955-11,0
국민당,이민,1955-12,0
국민당,이민,1956-01,0
국민당,이민,1956-02,0
국민당,이민,1956-03,0
국민당,이민,1956-04,0
국민당,이민,1956-05,0
국민당,이민,1956-06,0
국민당,이민,1956-07,0
국민당,이민,1956-08,0
국민당,이민,1956-09,0
국민당,이민,1956-10,0
국민당,이민,1956-11,0
국민당,이민,1956-12,0
국민당,이민,1957-01,0
국민당,이민,1957-02,0
국민당,이민,1957-03,0
국민당,이민,1957-04,0
국민당,이민,1957-05,0
국민당,이민,1957-06,0
국민당,이민,1957-07,0
국민당,이민,1957-08,0
국민당,이민,1957-09,1
국민당,이민,1957-10,0
국민당,이민,1957-11,0
국민당,이민,1957-12,0
국민당,이민,1958-01,0
국민당,이민,1958-02,0
국민당,이민,1958-03,0
국민당,이민,1958-04,0
국민당,이민,1958-05,0
국민당,이민,1958-06,0
국민당,이민,1958-07,0
국민당,이민,1958-08,0
국민당,이민,1958-09,0
국민당,이민,1958-10,0
국민당,이민,1958-11,0
국민당,이민,1958-12,0
국민당,이민,1959-01,0
국민당,이민,1959-02,0
국민당,이민,1959-03,0
국민당,이민,1959-04,0
국민당,이민,1959-05,0
국민당,이민,1959-06,0
국민당,이민,1959-07,0
국민당,이민,1959-09,0
국민당,이민,1959-10,0
국민당,이민,1959-11,0
국민당,이민,1959-12,0
국민당,이민,1960-01,0
국민당,이민,1960-02,0
국민당,이민,1960-03,0
국민당,이민,1960-04,0
자유당,이주,1948-06,0
자유당,이주,1948-07,0
자유당,이주,1948-08,0
자유당,이주,1948-09,0
자유당,이주,1948-10,0
자유당,이주,1948-11,0
자유당,이주,1948-12,0
자유당,이주,1949-01,0
자유당,이주,1949-02,0
자유당,이주,1949-03,0
자유당,이주,1949-04,0
자유당,이주,1949-05,0
자유당,이주,1949-06,0
자유당,이주,1949-07,0
자유당,이주,1949-08,0
자유당,이주,1949-09,0
자유당,이주,1949-10,0
자유당,이주,1949-11,0
자유당,이주,1949-12,0
자유당,이주,1950-01,0
자유당,이주,1950-02,0
자유당,이주,1950-03,0
자유당,이주,1950-04,0
자유당,이주,1950-06,0
자유당,이주,1950-10,0
자유당,이주,1950-11,0
자유당,이주,1950-12,0
자유당,이주,1951-01,0
자유당,이주,1951-02,0
자유당,이주,1951-03,0
자유당,이주,1951-04,0
자유당,이주,1951-05,0
자유당,이주,1951-06,0
자유당,이주,1951-07,0
자유당,이주,1951-08,0
자유당,이주,1951-09,0
자유당,이주,1951-10,0
자유당,이주,1951-11,0
자유당,이주,1951-12,0
자유당,이주,1952-01,0
자유당,이주,1952-02,0
자유당,이주,1952-03,0
자유당,이주,1952-04,0
자유당,이주,1952-05,0
자유당,이주,1952-06,0
자유당,이주,1952-07,0
자유당,이주,1952-08,0
자유당,이주,1952-09,0
자유당,이주,1952-10,0
자유당,이주,1952-11,0
자유당,이주,1952-12,0
자유당,이주,1953-01,0
자유당,이주,1953-02,0
자유당,이주,1953-03,0
자유당,이주,1953-04,0
자유당,이주,1953-05,0
자유당,이주,1953-06,0
자유당,이주,1953-07,1
자유당,이주,1953-08,0
자유당,이주,1953-09,0
자유당,이주,1953-10,0
자유당,이주,1953-11,0
자유당,이주,1953-12,0
자유당,이주,1954-01,0
자유당,이주,1954-02,0
자유당,이주,1954-03,0
자유당,이주,1954-04,0
자유당,이주,1954-05,0
자유당,이주,1954-06,1
자유당,이주,1954-07,4
자유당,이주,1954-08,0
자유당,이주,1954-09,8
자유당,이주,1954-10,5
자유당,이주,1954-11,2
자유당,이주,1954-12,5
자유당,이주,1955-01,4
자유당,이주,1955-02,1
자유당,이주,1955-03,4
자유당,이주,1955-04,1
자유당,이주,1955-05,10
자유당,이주,1955-06,18
자유당,이주,1955-07,4
자유당,이주,1955-08,0
자유당,이주,1955-09,0
자유당,이주,1955-10,4
자유당,이주,1955-11,2
자유당,이주,1955-12,1
자유당,이주,1956-01,5
자유당,이주,1956-02,2
자유당,이주,1956-03,1
자유당,이주,1956-04,1
자유당,이주,1956-05,0
자유당,이주,1956-06,3
자유당,이주,1956-07,8
자유당,이주,1956-08,6
자유당,이주,1956-09,2
자유당,이주,1956-10,5
자유당,이주,1956-11,10
자유당,이주,1956-12,18
자유당,이주,1957-01,4
자유당,이주,1957-02,4
자유당,이주,1957-03,5
자유당,이주,1957-04,4
자유당,이주,1957-05,0
자유당,이주,1957-06,5
자유당,이주,1957-07,9
자유당,이주,1957-08,4
자유당,이주,1957-09,0
자유당,이주,1957-10,1
자유당,이주,1957-11,11
자유당,이주,1957-12,16
자유당,이주,1958-01,0
자유당,이주,1958-02,10
자유당,이주,1958-03,0
자유당,이주,1958-04,0
자유당,이주,1958-05,0
자유당,이주,1958-06,1
자유당,이주,1958-07,10
자유당,이주,1958-08,6
자유당,이주,1958-09,0
자유당,이주,1958-10,15
자유당,이주,1958-11,25
자유당,이주,1958-12,7
자유당,이주,1959-01,0
자유당,이주,1959-02,1
자유당,이주,1959-03,0
자유당,이주,1959-04,1
자유당,이주,1959-05,2
자유당,이주,1959-06,4
자유당,이주,1959-07,0
자유당,이주,1959-09,0
자유당,이주,1959-10,5
자유당,이주,1959-11,9
자유당,이주,1959-12,6
자유당,이주,1960-01,5
자유당,이주,1960-02,0
자유당,이주,1960-03,1
자유당,이주,1960-04,2
무소속,이주,1948-06,0
무소속,이주,1948-07,1
무소속,이주,1948-08,2
무소속,이주,1948-09,7
무소속,이주,1948-10,2
무소속,이주,1948-11,3
무소속,이주,1948-12,1
무소속,이주,1949-01,3
무소속,이주,1949-02,3
무소속,이주,1949-03,5
무소속,이주,1949-04,3
무소속,이주,1949-05,2
무소속,이주,1949-06,2
무소속,이주,1949-07,2
무소속,이주,1949-08,0
무소속,이주,1949-09,0
무소속,이주,1949-10,0
무소속,이주,1949-11,5
무소속,이주,1949-12,1
무소속,이주,1950-01,2
무소속,이주,1950-02,6
무소속,이주,1950-03,11
무소속,이주,1950-04,1
무소속,이주,1950-06,0
무소속,이주,1950-10,1
무소속,이주,1950-11,11
무소속,이주,1950-12,2
무소속,이주,1951-01,8
무소속,이주,1951-02,14
무소속,이주,1951-03,18
무소속,이주,1951-04,13
무소속,이주,1951-05,11
무소속,이주,1951-06,6
무소속,이주,1951-07,20
무소속,이주,1951-08,8
무소속,이주,1951-09,9
무소속,이주,1951-10,11
무소속,이주,1951-11,6
무소속,이주,1951-12,12
무소속,이주,1952-01,2
무소속,이주,1952-02,2
무소속,이주,1952-03,2
무소속,이주,1952-04,4
무소속,이주,1952-05,9
무소속,이주,1952-06,1
무소속,이주,1952-07,2
무소속,이주,1952-08,0
무소속,이주,1952-09,1
무소속,이주,1952-10,3
무소속,이주,1952-11,5
무소속,이주,1952-12,8
무소속,이주,1953-01,1
무소속,이주,1953-02,4
무소속,이주,1953-03,1
무소속,이주,1953-04,9
무소속,이주,1953-05,6
무소속,이주,1953-06,2
무소속,이주,1953-07,8
무소속,이주,1953-08,1
무소속,이주,1953-09,2
무소속,이주,1953-10,5
무소속,이주,1953-11,6
무소속,이주,1953-12,2
무소속,이주,1954-01,3
무소속,이주,1954-02,0
무소속,이주,1954-03,5
무소속,이주,1954-04,0
무소속,이주,1954-05,2
무소속,이주,1954-06,0
무소속,이주,1954-07,2
무소속,이주,1954-08,0
무소속,이주,1954-09,3
무소속,이주,1954-10,3
무소속,이주,1954-11,0
무소속,이주,1954-12,2
무소속,이주,1955-01,7
무소속,이주,1955-02,0
무소속,이주,1955-03,0
무소속,이주,1955-04,0
무소속,이주,1955-05,4
무소속,이주,1955-06,5
무소속,이주,1955-07,3
무소속,이주,1955-08,0
무소속,이주,1955-09,0
무소속,이주,1955-10,4
무소속,이주,1955-11,1
무소속,이주,1955-12,0
무소속,이주,1956-01,0
무소속,이주,1956-02,3
무소속,이주,1956-03,0
무소속,이주,1956-04,0
무소속,이주,1956-05,1
무소속,이주,1956-06,2
무소속,이주,1956-07,7
무소속,이주,1956-08,0
무소속,이주,1956-09,0
무소속,이주,1956-10,2
무소속,이주,1956-11,0
무소속,이주,1956-12,5
무소속,이주,1957-01,2
무소속,이주,1957-02,0
무소속,이주,1957-03,1
무소속,이주,1957-04,4
무소속,이주,1957-05,0
무소속,이주,1957-06,4
무소속,이주,1957-07,3
무소속,이주,1957-08,0
무소속,이주,1957-09,3
무소속,이주,1957-10,1
무소속,이주,1957-11,3
무소속,이주,1957-12,2
무소속,이주,1958-01,0
무소속,이주,1958-02,1
무소속,이주,1958-03,0
무소속,이주,1958-04,0
무소속,이주,1958-05,0
무소속,이주,1958-06,1
무소속,이주,1958-07,4
무소속,이주,1958-08,3
무소속,이주,1958-09,0
무소속,이주,1958-10,2
무소속,이주,1958-11,4
무소속,이주,1958-12,2
무소속,이주,1959-01,0
무소속,이주,1959-02,0
무소속,이주,1959-03,0
무소속,이주,1959-04,0
무소속,이주,1959-05,0
무소속,이주,1959-06,2
무소속,이주,1959-07,2
무소속,이주,1959-09,0
무소속,이주,1959-10,3
무소속,이주,1959-11,10
무소속,이주,1959-12,3
무소속,이주,1960-01,2
무소속,이주,1960-02,0
무소속,이주,1960-03,0
무소속,이주,1960-04,1
민주당,이주,1948-06,0
민주당,이주,1948-07,0
민주당,이주,1948-08,0
민주당,이주,1948-09,0
민주당,이주,1948-10,0
민주당,이주,1948-11,0
민주당,이주,1948-12,0
민주당,이주,1949-01,0
민주당,이주,1949-02,0
민주당,이주,1949-03,0
민주당,이주,1949-04,0
민주당,이주,1949-05,0
민주당,이주,1949-06,0
민주당,이주,1949-07,0
민주당,이주,1949-08,0
민주당,이주,1949-09,0
민주당,이주,1949-10,0
민주당,이주,1949-11,0
민주당,이주,1949-12,0
민주당,이주,1950-01,0
민주당,이주,1950-02,0
민주당,이주,1950-03,0
민주당,이주,1950-04,0
민주당,이주,1950-06,0
민주당,이주,1950-10,0
민주당,이주,1950-11,0
민주당,이주,1950-12,0
민주당,이주,1951-01,0
민주당,이주,1951-02,0
민주당,이주,1951-03,0
민주당,이주,1951-04,0
민주당,이주,1951-05,0
민주당,이주,1951-06,0
민주당,이주,1951-07,0
민주당,이주,1951-08,0
민주당,이주,1951-09,0
민주당,이주,1951-10,0
민주당,이주,1951-11,0
민주당,이주,1951-12,0
민주당,이주,1952-01,0
민주당,이주,1952-02,0
민주당,이주,1952-03,0
민주당,이주,1952-04,0
민주당,이주,1952-05,0
민주당,이주,1952-06,0
민주당,이주,1952-07,0
민주당,이주,1952-08,0
민주당,이주,1952-09,0
민주당,이주,1952-10,0
민주당,이주,1952-11,0
민주당,이주,1952-12,0
민주당,이주,1953-01,0
민주당,이주,1953-02,0
민주당,이주,1953-03,0
민주당,이주,1953-04,0
민주당,이주,1953-05,0
민주당,이주,1953-06,0
민주당,이주,1953-07,0
민주당,이주,1953-08,0
민주당,이주,1953-09,0
민주당,이주,1953-10,0
민주당,이주,1953-11,0
민주당,이주,1953-12,0
민주당,이주,1954-01,0
민주당,이주,1954-02,0
민주당,이주,1954-03,0
민주당,이주,1954-04,0
민주당,이주,1954-05,0
민주당,이주,1954-06,0
민주당,이주,1954-07,0
민주당,이주,1954-08,0
민주당,이주,1954-09,0
민주당,이주,1954-10,0
민주당,이주,1954-11,0
민주당,이주,1954-12,0
민주당,이주,1955-01,0
민주당,이주,1955-02,0
민주당,이주,1955-03,0
민주당,이주,1955-04,0
민주당,이주,1955-05,0
민주당,이주,1955-06,0
민주당,이주,1955-07,0
민주당,이주,1955-08,0
민주당,이주,1955-09,0
민주당,이주,1955-10,0
민주당,이주,1955-11,0
민주당,이주,1955-12,0
민주당,이주,1956-01,0
민주당,이주,1956-02,0
민주당,이주,1956-03,0
민주당,이주,1956-04,0
민주당,이주,1956-05,0
민주당,이주,1956-06,0
민주당,이주,1956-07,0
민주당,이주,1956-08,0
민주당,이주,1956-09,0
민주당,이주,1956-10,0
민주당,이주,1956-11,0
민주당,이주,1956-12,0
민주당,이주,1957-01,0
민주당,이주,1957-02,0
민주당,이주,1957-03,0
민주당,이주,1957-04,0
민주당,이주,1957-05,0
민주당,이주,1957-06,0
민주당,이주,1957-07,0
민주당,이주,1957-08,0
민주당,이주,1957-09,0
민주당,이주,1957-10,0
민주당,이주,1957-11,0
민주당,이주,1957-12,0
민주당,이주,1958-01,0
민주당,이주,1958-02,0
민주당,이주,1958-03,0
민주당,이주,1958-04,0
민주당,이주,1958-05,0
민주당,이주,1958-06,2
민주당,이주,1958-07,13
민주당,이주,1958-08,16
민주당,이주,1958-09,0
민주당,이주,1958-10,7
민주당,이주,1958-11,12
민주당,이주,1958-12,9
민주당,이주,1959-01,0
민주당,이주,1959-02,3
민주당,이주,1959-03,1
민주당,이주,1959-04,0
민주당,이주,1959-05,4
민주당,이주,1959-06,9
민주당,이주,1959-07,3
민주당,이주,1959-09,0
민주당,이주,1959-10,2
민주당,이주,1959-11,23
민주당,이주,1959-12,21
민주당,이주,1960-01,1
민주당,이주,1960-02,0
민주당,이주,1960-03,0
민주당,이주,1960-04,4
한국민주당,이주,1948-06,2
한국민주당,이주,1948-07,0
한국민주당,이주,1948-08,2
한국민주당,이주,1948-09,5
한국민주당,이주,1948-10,1
한국민주당,이주,1948-11,3
한국민주당,이주,1948-12,2
한국민주당,이주,1949-01,1
한국민주당,이주,1949-02,2
한국민주당,이주,1949-03,10
한국민주당,이주,1949-04,1
한국민주당,이주,1949-05,0
한국민주당,이주,1949-06,1
한국민주당,이주,1949-07,3
한국민주당,이주,1949-08,0
한국민주당,이주,1949-09,1
한국민주당,이주,1949-10,0
한국민주당,이주,1949-11,3
한국민주당,이주,1949-12,0
한국민주당,이주,1950-01,0
한국민주당,이주,1950-02,1
한국민주당,이주,1950-03,1
한국민주당,이주,1950-04,0
한국민주당,이주,1950-06,0
한국민주당,이주,1950-10,0
한국민주당,이주,1950-11,0
한국민주당,이주,1950-12,0
한국민주당,이주,1951-01,0
한국민주당,이주,1951-02,0
한국민주당,이주,1951-03,0
한국민주당,이주,1951-04,0
한국민주당,이주,1951-05,0
한국민주당,이주,1951-06,0
한국민주당,이주,1951-07,0
한국민주당,이주,1951-08,0
한국민주당,이주,1951-09,0
한국민주당,이주,1951-10,0
한국민주당,이주,1951-11,0
한국민주당,이주,1951-12,0
한국민주당,이주,1952-01,0
한국민주당,이주,1952-02,0
한국민주당,이주,1952-03,0
한국민주당,이주,1952-04,0
한국민주당,이주,1952-05,0
한국민주당,이주,1952-06,0
한국민주당,이주,1952-07,0
한국민주당,이주,1952-08,0
한국민주당,이주,1952-09,0
한국민주당,이주,1952-10,0
한국민주당,이주,1952-11,0
한국민주당,이주,1952-12,0
한국민주당,이주,1953-01,0
한국민주당,이주,1953-02,0
한국민주당,이주,1953-03,0
한국민주당,이주,1953-04,0
한국민주당,이주,1953-05,0
한국민주당,이주,1953-06,0
한국민주당,이주,1953-07,0
한국민주당,이주,1953-08,0
한국민주당,이주,1953-09,0
한국민주당,이주,1953-10,0
한국민주당,이주,1953-11,0
한국민주당,이주,1953-12,0
한국민주당,이주,1954-01,0
한국민주당,이주,1954-02,0
한국민주당,이주,1954-03,0
한국민주당,이주,1954-04,0
한국민주당,이주,1954-05,0
한국민주당,이주,1954-06,0
한국민주당,이주,1954-07,0
한국민주당,이주,1954-08,0
한국민주당,이주,1954-09,0
한국민주당,이주,1954-10,0
한국민주당,이주,1954-11,0
한국민주당,이주,1954-12,0
한국민주당,이주,1955-01,0
한국민주당,이주,1955-02,0
한국민주당,이주,1955-03,0
한국민주당,이주,1955-04,0
한국민주당,이주,1955-05,0
한국민주당,이주,1955-06,0
한국민주당,이주,1955-07,0
한국민주당,이주,1955-08,0
한국민주당,이주,1955-09,0
한국민주당,이주,1955-10,0
한국민주당,이주,1955-11,0
한국민주당,이주,1955-12,0
한국민주당,이주,1956-01,0
한국민주당,이주,1956-02,0
한국민주당,이주,1956-03,0
한국민주당,이주,1956-04,0
한국민주당,이주,1956-05,0
한국민주당,이주,1956-06,0
한국민주당,이주,1956-07,0
한국민주당,이주,1956-08,0
한국민주당,이주,1956-09,0
한국민주당,이주,1956-10,0
한국민주당,이주,1956-11,0
한국민주당,이주,1956-12,0
한국민주당,이주,1957-01,0
한국민주당,이주,1957-02,0
한국민주당,이주,1957-03,0
한국민주당,이주,1957-04,0
한국민주당,이주,1957-05,0
한국민주당,이주,1957-06,0
한국민주당,이주,1957-07,0
한국민주당,이주,1957-08,0
한국민주당,이주,1957-09,0
한국민주당,이주,1957-10,0
한국민주당,이주,1957-11,0
한국민주당,이주,1957-12,0
한국민주당,이주,1958-01,0
한국민주당,이주,1958-02,0
한국민주당,이주,1958-03,0
한국민주당,이주,1958-04,0
한국민주당,이주,1958-05,0
한국민주당,이주,1958-06,0
한국민주당,이주,1958-07,0
한국민주당,이주,1958-08,0
한국민주당,이주,1958-09,0
한국민주당,이주,1958-10,0
한국민주당,이주,1958-11,0
한국민주당,이주,1958-12,0
한국민주당,이주,1959-01,0
한국민주당,이주,1959-02,0
한국민주당,이주,1959-03,0
한국민주당,이주,1959-04,0
한국민주당,이주,1959-05,0
한국민주당,이주,1959-06,0
한국민주당,이주,1959-07,0
한국민주당,이주,1959-09,0
한국민주당,이주,1959-10,0
한국민주당,이주,1959-11,0
한국민주당,이주,1959-12,0
한국민주당,이주,1960-01,0
한국민주당,이주,1960-02,0
한국민주당,이주,1960-03,0
한국민주당,이주,1960-04,0
대한국민당,이주,1948-06,0
대한국민당,이주,1948-07,0
대한국민당,이주,1948-08,0
대한국민당,이주,1948-09,0
대한국민당,이주,1948-10,0
대한국민당,이주,1948-11,0
대한국민당,이주,1948-12,0
대한국민당,이주,1949-01,0
대한국민당,이주,1949-02,0
대한국민당,이주,1949-03,0
대한국민당,이주,1949-04,0
대한국민당,이주,1949-05,0
대한국민당,이주,1949-06,0
대한국민당,이주,1949-07,0
대한국민당,이주,1949-08,0
대한국민당,이주,1949-09,0
대한국민당,이주,1949-10,0
대한국민당,이주,1949-11,0
대한국민당,이주,1949-12,0
대한국민당,이주,1950-01,0
대한국민당,이주,1950-02,0
대한국민당,이주,1950-03,0
대한국민당,이주,1950-04,0
대한국민당,이주,1950-06,0
대한국민당,이주,1950-10,0
대한국민당,이주,1950-11,0
대한국민당,이주,1950-12,1
대한국민당,이주,1951-01,4
대한국민당,이주,1951-02,9
대한국민당,이주,1951-03,11
대한국민당,이주,1951-04,4
대한국민당,이주,1951-05,3
대한국민당,이주,1951-06,2
대한국민당,이주,1951-07,2
대한국민당,이주,1951-08,3
대한국민당,이주,1951-09,0
대한국민당,이주,1951-10,4
대한국민당,이주,1951-11,2
대한국민당,이주,1951-12,7
대한국민당,이주,1952-01,0
대한국민당,이주,1952-02,1
대한국민당,이주,1952-03,1
대한국민당,이주,1952-04,1
대한국민당,이주,1952-05,2
대한국민당,이주,1952-06,0
대한국민당,이주,1952-07,0
대한국민당,이주,1952-08,0
대한국민당,이주,1952-09,0
대한국민당,이주,1952-10,3
대한국민당,이주,1952-11,1
대한국민당,이주,1952-12,0
대한국민당,이주,1953-01,0
대한국민당,이주,1953-02,0
대한국민당,이주,1953-03,0
대한국민당,이주,1953-04,1
대한국민당,이주,1953-05,1
대한국민당,이주,1953-06,3
대한국민당,이주,1953-07,1
대한국민당,이주,1953-08,0
대한국민당,이주,1953-09,0
대한국민당,이주,1953-10,1
대한국민당,이주,1953-11,0
대한국민당,이주,1953-12,0
대한국민당,이주,1954-01,1
대한국민당,이주,1954-02,0
대한국민당,이주,1954-03,2
대한국민당,이주,1954-04,1
대한국민당,이주,1954-05,1
대한국민당,이주,1954-06,0
대한국민당,이주,1954-07,0
대한국민당,이주,1954-08,0
대한국민당,이주,1954-09,0
대한국민당,이주,1954-10,0
대한국민당,이주,1954-11,0
대한국민당,이주,1954-12,0
대한국민당,이주,1955-01,0
대한국민당,이주,1955-02,0
대한국민당,이주,1955-03,0
대한국민당,이주,1955-04,0
대한국민당,이주,1955-05,0
대한국민당,이주,1955-06,0
대한국민당,이주,1955-07,0
대한국민당,이주,1955-08,0
대한국민당,이주,1955-09,0
대한국민당,이주,1955-10,0
대한국민당,이주,1955-11,0
대한국민당,이주,1955-12,0
대한국민당,이주,1956-01,0
대한국민당,이주,1956-02,0
대한국민당,이주,1956-03,0
대한국민당,이주,1956-04,0
대한국민당,이주,1956-05,0
대한국민당,이주,1956-06,0
대한국민당,이주,1956-07,0
대한국민당,이주,1956-08,0
대한국민당,이주,1956-09,0
대한국민당,이주,1956-10,0
대한국민당,이주,1956-11,0
대한국민당,이주,1956-12,0
대한국민당,이주,1957-01,0
대한국민당,이주,1957-02,0
대한국민당,이주,1957-03,0
대한국민당,이주,1957-04,0
대한국민당,이주,1957-05,0
대한국민당,이주,1957-06,0
대한국민당,이주,1957-07,0
대한국민당,이주,1957-08,0
대한국민당,이주,1957-09,0
대한국민당,이주,1957-10,0
대한국민당,이주,1957-11,0
대한국민당,이주,1957-12,0
대한국민당,이주,1958-01,0
대한국민당,이주,1958-02,0
대한국민당,이주,1958-03,0
대한국민당,이주,1958-04,0
대한국민당,이주,1958-05,0
대한국민당,이주,1958-06,0
대한국민당,이주,1958-07,0
대한국민당,이주,1958-08,0
대한국민당,이주,1958-09,0
대한국민당,이주,1958-10,0
대한국민당,이주,1958-11,0
대한국민당,이주,1958-12,0
대한국민당,이주,1959-01,0
대한국민당,이주,1959-02,0
대한국민당,이주,1959-03,0
대한국민당,이주,1959-04,0
대한국민당,이주,1959-05,0
대한국민당,이주,1959-06,0
대한국민당,이주,1959-07,0
대한국민당,이주,1959-09,0
대한국민당,이주,1959-10,0
대한국민당,이주,1959-11,0
대한국민당,이주,1959-12,0
대한국민당,이주,1960-01,0
대한국민당,이주,1960-02,0
대한국민당,이주,1960-03,0
대한국민당,이주,1960-04,0
대한독립촉성국민회,이주,1948-06,0
대한독립촉성국민회,이주,1948-07,3
대한독립촉성국민회,이주,1948-08,1
대한독립촉성국민회,이주,1948-09,7
대한독립촉성국민회,이주,1948-10,1
대한독립촉성국민회,이주,1948-11,0
대한독립촉성국민회,이주,1948-12,0
대한독립촉성국민회,이주,1949-01,0
대한독립촉성국민회,이주,1949-02,2
대한독립촉성국민회,이주,1949-03,2
대한독립촉성국민회,이주,1949-04,2
대한독립촉성국민회,이주,1949-05,0
대한독립촉성국민회,이주,1949-06,3
대한독립촉성국민회,이주,1949-07,2
대한독립촉성국민회,이주,1949-08,0
대한독립촉성국민회,이주,1949-09,0
대한독립촉성국민회,이주,1949-10,1
대한독립촉성국민회,이주,1949-11,0
대한독립촉성국민회,이주,1949-12,0
대한독립촉성국민회,이주,1950-01,3
대한독립촉성국민회,이주,1950-02,2
대한독립촉성국민회,이주,1950-03,4
대한독립촉성국민회,이주,1950-04,2
대한독립촉성국민회,이주,1950-06,0
대한독립촉성국민회,이주,1950-10,0
대한독립촉성국민회,이주,1950-11,0
대한독립촉성국민회,이주,1950-12,0
대한독립촉성국민회,이주,1951-01,1
대한독립촉성국민회,이주,1951-02,1
대한독립촉성국민회,이주,1951-03,0
대한독립촉성국민회,이주,1951-04,0
대한독립촉성국민회,이주,1951-05,0
대한독립촉성국민회,이주,1951-06,0
대한독립촉성국민회,이주,1951-07,0
대한독립촉성국민회,이주,1951-08,0
대한독립촉성국민회,이주,1951-09,0
대한독립촉성국민회,이주,1951-10,0
대한독립촉성국민회,이주,1951-11,1
대한독립촉성국민회,이주,1951-12,1
대한독립촉성국민회,이주,1952-01,1
대한독립촉성국민회,이주,1952-02,0
대한독립촉성국민회,이주,1952-03,0
대한독립촉성국민회,이주,1952-04,0
대한독립촉성국민회,이주,1952-05,0
대한독립촉성국민회,이주,1952-06,1
대한독립촉성국민회,이주,1952-07,1
대한독립촉성국민회,이주,1952-08,0
대한독립촉성국민회,이주,1952-09,0
대한독립촉성국민회,이주,1952-10,0
대한독립촉성국민회,이주,1952-11,1
대한독립촉성국민회,이주,1952-12,0
대한독립촉성국민회,이주,1953-01,0
대한독립촉성국민회,이주,1953-02,0
대한독립촉성국민회,이주,1953-03,1
대한독립촉성국민회,이주,1953-04,0
대한독립촉성국민회,이주,1953-05,0
대한독립촉성국민회,이주,1953-06,0
대한독립촉성국민회,이주,1953-07,0
대한독립촉성국민회,이주,1953-08,0
대한독립촉성국민회,이주,1953-09,0
대한독립촉성국민회,이주,1953-10,0
대한독립촉성국민회,이주,1953-11,0
대한독립촉성국민회,이주,1953-12,0
대한독립촉성국민회,이주,1954-01,0
대한독립촉성국민회,이주,1954-02,0
대한독립촉성국민회,이주,1954-03,0
대한독립촉성국민회,이주,1954-04,0
대한독립촉성국민회,이주,1954-05,0
대한독립촉성국민회,이주,1954-06,0
대한독립촉성국민회,이주,1954-07,0
대한독립촉성국민회,이주,1954-08,0
대한독립촉성국민회,이주,1954-09,0
대한독립촉성국민회,이주,1954-10,0
대한독립촉성국민회,이주,1954-11,0
대한독립촉성국민회,이주,1954-12,0
대한독립촉성국민회,이주,1955-01,0
대한독립촉성국민회,이주,1955-02,0
대한독립촉성국민회,이주,1955-03,0
대한독립촉성국민회,이주,1955-04,0
대한독립촉성국민회,이주,1955-05,0
대한독립촉성국민회,이주,1955-06,0
대한독립촉성국민회,이주,1955-07,0
대한독립촉성국민회,이주,1955-08,0
대한독립촉성국민회,이주,1955-09,0
대한독립촉성국민회,이주,1955-10,0
대한독립촉성국민회,이주,1955-11,0
대한독립촉성국민회,이주,1955-12,0
대한독립촉성국민회,이주,1956-01,0
대한독립촉성국민회,이주,1956-02,0
대한독립촉성국민회,이주,1956-03,0
대한독립촉성국민회,이주,1956-04,0
대한독립촉성국민회,이주,1956-05,0
대한독립촉성국민회,이주,1956-06,0
대한독립촉성국민회,이주,1956-07,0
대한독립촉성국민회,이주,1956-08,0
대한독립촉성국민회,이주,1956-09,0
대한독립촉성국민회,이주,1956-10,0
대한독립촉성국민회,이주,1956-11,0
대한독립촉성국민회,이주,1956-12,0
대한독립촉성국민회,이주,1957-01,0
대한독립촉성국민회,이주,1957-02,0
대한독립촉성국민회,이주,1957-03,0
대한독립촉성국민회,이주,1957-04,0
대한독립촉성국민회,이주,1957-05,0
대한독립촉성국민회,이주,1957-06,0
대한독립촉성국민회,이주,1957-07,0
대한독립촉성국민회,이주,1957-08,0
대한독립촉성국민회,이주,1957-09,0
대한독립촉성국민회,이주,1957-10,0
대한독립촉성국민회,이주,1957-11,0
대한독립촉성국민회,이주,1957-12,0
대한독립촉성국민회,이주,1958-01,0
대한독립촉성국민회,이주,1958-02,0
대한독립촉성국민회,이주,1958-03,0
대한독립촉성국민회,이주,1958-04,0
대한독립촉성국민회,이주,1958-05,0
대한독립촉성국민회,이주,1958-06,0
대한독립촉성국민회,이주,1958-07,0
대한독립촉성국민회,이주,1958-08,0
대한독립촉성국민회,이주,1958-09,0
대한독립촉성국민회,이주,1958-10,0
대한독립촉성국민회,이주,1958-11,0
대한독립촉성국민회,이주,1958-12,0
대한독립촉성국민회,이주,1959-01,0
대한독립촉성국민회,이주,1959-02,0
대한독립촉성국민회,이주,1959-03,0
대한독립촉성국민회,이주,1959-04,0
대한독립촉성국민회,이주,1959-05,0
대한독립촉성국민회,이주,1959-06,0
대한독립촉성국민회,이주,1959-07,0
대한독립촉성국민회,이주,1959-09,0
대한독립촉성국민회,이주,1959-10,0
대한독립촉성국민회,이주,1959-11,0
대한독립촉성국민회,이주,1959-12,0
대한독립촉성국민회,이주,1960-01,0
대한독립촉성국민회,이주,1960-02,0
대한독립촉성국민회,이주,1960-03,0
대한독립촉성국민회,이주,1960-04,0
민주국민당,이주,1948-06,0
민주국민당,이주,1948-07,0
민주국민당,이주,1948-08,0
민주국민당,이주,1948-09,0
민주국민당,이주,1948-10,0
민주국민당,이주,1948-11,0
민주국민당,이주,1948-12,0
민주국민당,이주,1949-01,0
민주국민당,이주,1949-02,0
민주국민당,이주,1949-03,0
민주국민당,이주,1949-04,0
민주국민당,이주,1949-05,0
민주국민당,이주,1949-06,0
민주국민당,이주,1949-07,0
민주국민당,이주,1949-08,0
민주국민당,이주,1949-09,0
민주국민당,이주,1949-10,0
민주국민당,이주,1949-11,0
민주국민당,이주,1949-12,0
민주국민당,이주,1950-01,0
민주국민당,이주,1950-02,0
민주국민당,이주,1950-03,0
민주국민당,이주,1950-04,0
민주국민당,이주,1950-06,1
민주국민당,이주,1950-10,0
민주국민당,이주,1950-11,1
민주국민당,이주,1950-12,0
민주국민당,이주,1951-01,5
민주국민당,이주,1951-02,5
민주국민당,이주,1951-03,0
민주국민당,이주,1951-04,3
민주국민당,이주,1951-05,0
민주국민당,이주,1951-06,1
민주국민당,이주,1951-07,2
민주국민당,이주,1951-08,1
민주국민당,이주,1951-09,0
민주국민당,이주,1951-10,1
민주국민당,이주,1951-11,1
민주국민당,이주,1951-12,4
민주국민당,이주,1952-01,0
민주국민당,이주,1952-02,0
민주국민당,이주,1952-03,0
민주국민당,이주,1952-04,0
민주국민당,이주,1952-05,0
민주국민당,이주,1952-06,0
민주국민당,이주,1952-07,1
민주국민당,이주,1952-08,0
민주국민당,이주,1952-09,1
민주국민당,이주,1952-10,0
민주국민당,이주,1952-11,2
민주국민당,이주,1952-12,1
민주국민당,이주,1953-01,0
민주국민당,이주,1953-02,1
민주국민당,이주,1953-03,1
민주국민당,이주,1953-04,0
민주국민당,이주,1953-05,1
민주국민당,이주,1953-06,0
민주국민당,이주,1953-07,0
민주국민당,이주,1953-08,0
민주국민당,이주,1953-09,0
민주국민당,이주,1953-10,1
민주국민당,이주,1953-11,2
민주국민당,이주,1953-12,0
민주국민당,이주,1954-01,1
민주국민당,이주,1954-02,0
민주국민당,이주,1954-03,0
민주국민당,이주,1954-04,0
민주국민당,이주,1954-05,0
민주국민당,이주,1954-06,0
민주국민당,이주,1954-07,0
민주국민당,이주,1954-08,3
민주국민당,이주,1954-09,1
민주국민당,이주,1954-10,0
민주국민당,이주,1954-11,0
민주국민당,이주,1954-12,0
민주국민당,이주,1955-01,1
민주국민당,이주,1955-02,0
민주국민당,이주,1955-03,1
민주국민당,이주,1955-04,0
민주국민당,이주,1955-05,2
민주국민당,이주,1955-06,2
민주국민당,이주,1955-07,1
민주국민당,이주,1955-08,0
민주국민당,이주,1955-09,0
민주국민당,이주,1955-10,0
민주국민당,이주,1955-11,0
민주국민당,이주,1955-12,0
민주국민당,이주,1956-01,3
민주국민당,이주,1956-02,2
민주국민당,이주,1956-03,0
민주국민당,이주,1956-04,0
민주국민당,이주,1956-05,0
민주국민당,이주,1956-06,1
민주국민당,이주,1956-07,2
민주국민당,이주,1956-08,1
민주국민당,이주,1956-09,0
민주국민당,이주,1956-10,0
민주국민당,이주,1956-11,1
민주국민당,이주,1956-12,0
민주국민당,이주,1957-01,2
민주국민당,이주,1957-02,0
민주국민당,이주,1957-03,0
민주국민당,이주,1957-04,0
민주국민당,이주,1957-05,0
민주국민당,이주,1957-06,1
민주국민당,이주,1957-07,1
민주국민당,이주,1957-08,0
민주국민당,이주,1957-09,1
민주국민당,이주,1957-10,1
민주국민당,이주,1957-11,0
민주국민당,이주,1957-12,1
민주국민당,이주,1958-01,0
민주국민당,이주,1958-02,1
민주국민당,이주,1958-03,0
민주국민당,이주,1958-04,0
민주국민당,이주,1958-05,0
민주국민당,이주,1958-06,0
민주국민당,이주,1958-07,0
민주국민당,이주,1958-08,0
민주국민당,이주,1958-09,0
민주국민당,이주,1958-10,0
민주국민당,이주,1958-11,0
민주국민당,이주,1958-12,0
민주국민당,이주,1959-01,0
민주국민당,이주,1959-02,0
민주국민당,이주,1959-03,0
민주국민당,이주,1959-04,0
민주국민당,이주,1959-05,0
민주국민당,이주,1959-06,0
민주국민당,이주,1959-07,0
민주국민당,이주,1959-09,0
민주국민당,이주,1959-10,0
민주국민당,이주,1959-11,0
민주국민당,이주,1959-12,0
민주국민당,이주,1960-01,0
민주국민당,이주,1960-02,0
민주국민당,이주,1960-03,0
민주국민당,이주,1960-04,0
조선공화당,이주,1948-06,0
조선공화당,이주,1948-07,0
조선공화당,이주,1948-08,0
조선공화당,이주,1948-09,0
조선공화당,이주,1948-10,0
조선공화당,이주,1948-11,0
조선공화당,이주,1948-12,0
조선공화당,이주,1949-01,0
조선공화당,이주,1949-02,1
조선공화당,이주,1949-03,0
조선공화당,이주,1949-04,0
조선공화당,이주,1949-05,0
조선공화당,이주,1949-06,0
조선공화당,이주,1949-07,0
조선공화당,이주,1949-08,0
조선공화당,이주,1949-09,0
조선공화당,이주,1949-10,0
조선공화당,이주,1949-11,0
조선공화당,이주,1949-12,0
조선공화당,이주,1950-01,0
조선공화당,이주,1950-02,0
조선공화당,이주,1950-03,0
조선공화당,이주,1950-04,0
조선공화당,이주,1950-06,0
조선공화당,이주,1950-10,0
조선공화당,이주,1950-11,0
조선공화당,이주,1950-12,0
조선공화당,이주,1951-01,0
조선공화당,이주,1951-02,0
조선공화당,이주,1951-03,0
조선공화당,이주,1951-04,0
조선공화당,이주,1951-05,0
조선공화당,이주,1951-06,0
조선공화당,이주,1951-07,0
조선공화당,이주,1951-08,0
조선공화당,이주,1951-09,0
조선공화당,이주,1951-10,0
조선공화당,이주,1951-11,0
조선공화당,이주,1951-12,0
조선공화당,이주,1952-01,0
조선공화당,이주,1952-02,0
조선공화당,이주,1952-03,0
조선공화당,이주,1952-04,0
조선공화당,이주,1952-05,0
조선공화당,이주,1952-06,0
조선공화당,이주,1952-07,0
조선공화당,이주,1952-08,0
조선공화당,이주,1952-09,0
조선공화당,이주,1952-10,0
조선공화당,이주,1952-11,0
조선공화당,이주,1952-12,0
조선공화당,이주,1953-01,0
조선공화당,이주,1953-02,0
조선공화당,이주,1953-03,0
조선공화당,이주,1953-04,0
조선공화당,이주,1953-05,0
조선공화당,이주,1953-06,0
조선공화당,이주,1953-07,0
조선공화당,이주,1953-08,0
조선공화당,이주,1953-09,0
조선공화당,이주,1953-10,0
조선공화당,이주,1953-11,0
조선공화당,이주,1953-12,0
조선공화당,이주,1954-01,0
조선공화당,이주,1954-02,0
조선공화당,이주,1954-03,0
조선공화당,이주,1954-04,0
조선공화당,이주,1954-05,0
조선공화당,이주,1954-06,0
조선공화당,이주,1954-07,0
조선공화당,이주,1954-08,0
조선공화당,이주,1954-09,0
조선공화당,이주,1954-10,0
조선공화당,이주,1954-11,0
조선공화당,이주,1954-12,0
조선공화당,이주,1955-01,0
조선공화당,이주,1955-02,0
조선공화당,이주,1955-03,0
조선공화당,이주,1955-04,0
조선공화당,이주,1955-05,0
조선공화당,이주,1955-06,0
조선공화당,이주,1955-07,0
조선공화당,이주,1955-08,0
조선공화당,이주,1955-09,0
조선공화당,이주,1955-10,0
조선공화당,이주,1955-11,0
조선공화당,이주,1955-12,0
조선공화당,이주,1956-01,0
조선공화당,이주,1956-02,0
조선공화당,이주,1956-03,0
조선공화당,이주,1956-04,0
조선공화당,이주,1956-05,0
조선공화당,이주,1956-06,0
조선공화당,이주,1956-07,0
조선공화당,이주,1956-08,0
조선공화당,이주,1956-09,0
조선공화당,이주,1956-10,0
조선공화당,이주,1956-11,0
조선공화당,이주,1956-12,0
조선공화당,이주,1957-01,0
조선공화당,이주,1957-02,0
조선공화당,이주,1957-03,0
조선공화당,이주,1957-04,0
조선공화당,이주,1957-05,0
조선공화당,이주,1957-06,0
조선공화당,이주,1957-07,0
조선공화당,이주,1957-08,0
조선공화당,이주,1957-09,0
조선공화당,이주,1957-10,0
조선공화당,이주,1957-11,0
조선공화당,이주,1957-12,0
조선공화당,이주,1958-01,0
조선공화당,이주,1958-02,0
조선공화당,이주,1958-03,0
조선공화당,이주,1958-04,0
조선공화당,이주,1958-05,0
조선공화당,이주,1958-06,0
조선공화당,이주,1958-07,0
조선공화당,이주,1958-08,0
조선공화당,이주,1958-09,0
조선공화당,이주,1958-10,0
조선공화당,이주,1958-11,0
조선공화당,이주,1958-12,0
조선공화당,이주,1959-01,0
조선공화당,이주,1959-02,0
조선공화당,이주,1959-03,0
조선공화당,이주,1959-04,0
조선공화당,이주,1959-05,0
조선공화당,이주,1959-06,0
조선공화당,이주,1959-07,0
조선공화당,이주,1959-09,0
조선공화당,이주,1959-10,0
조선공화당,이주,1959-11,0
조선공화당,이주,1959-12,0
조선공화당,이주,1960-01,0
조선공화당,이주,1960-02,0
조선공화당,이주,1960-03,0
조선공화당,이주,1960-04,0
대동청년당,이주,1948-06,0
대동청년당,이주,1948-07,0
대동청년당,이주,1948-08,0
대동청년당,이주,1948-09,3
대동청년당,이주,1948-10,0
대동청년당,이주,1948-11,0
대동청년당,이주,1948-12,0
대동청년당,이주,1949-01,1
대동청년당,이주,1949-02,0
대동청년당,이주,1949-03,0
대동청년당,이주,1949-04,0
대동청년당,이주,1949-05,0
대동청년당,이주,1949-06,0
대동청년당,이주,1949-07,0
대동청년당,이주,1949-08,0
대동청년당,이주,1949-09,0
대동청년당,이주,1949-10,0
대동청년당,이주,1949-11,0
대동청년당,이주,1949-12,0
대동청년당,이주,1950-01,0
대동청년당,이주,1950-02,0
대동청년당,이주,1950-03,1
대동청년당,이주,1950-04,0
대동청년당,이주,1950-06,0
대동청년당,이주,1950-10,0
대동청년당,이주,1950-11,0
대동청년당,이주,1950-12,0
대동청년당,이주,1951-01,0
대동청년당,이주,1951-02,0
대동청년당,이주,1951-03,0
대동청년당,이주,1951-04,0
대동청년당,이주,1951-05,0
대동청년당,이주,1951-06,0
대동청년당,이주,1951-07,0
대동청년당,이주,1951-08,0
대동청년당,이주,1951-09,0
대동청년당,이주,1951-10,0
대동청년당,이주,1951-11,0
대동청년당,이주,1951-12,0
대동청년당,이주,1952-01,0
대동청년당,이주,1952-02,0
대동청년당,이주,1952-03,0
대동청년당,이주,1952-04,0
대동청년당,이주,1952-05,0
대동청년당,이주,1952-06,0
대동청년당,이주,1952-07,0
대동청년당,이주,1952-08,0
대동청년당,이주,1952-09,0
대동청년당,이주,1952-10,0
대동청년당,이주,1952-11,0
대동청년당,이주,1952-12,0
대동청년당,이주,1953-01,0
대동청년당,이주,1953-02,0
대동청년당,이주,1953-03,0
대동청년당,이주,1953-04,0
대동청년당,이주,1953-05,0
대동청년당,이주,1953-06,0
대동청년당,이주,1953-07,0
대동청년당,이주,1953-08,0
대동청년당,이주,1953-09,0
대동청년당,이주,1953-10,0
대동청년당,이주,1953-11,0
대동청년당,이주,1953-12,0
대동청년당,이주,1954-01,0
대동청년당,이주,1954-02,0
대동청년당,이주,1954-03,0
대동청년당,이주,1954-04,0
대동청년당,이주,1954-05,0
대동청년당,이주,1954-06,0
대동청년당,이주,1954-07,0
대동청년당,이주,1954-08,0
대동청년당,이주,1954-09,0
대동청년당,이주,1954-10,0
대동청년당,이주,1954-11,0
대동청년당,이주,1954-12,0
대동청년당,이주,1955-01,0
대동청년당,이주,1955-02,0
대동청년당,이주,1955-03,0
대동청년당,이주,1955-04,0
대동청년당,이주,1955-05,0
대동청년당,이주,1955-06,0
대동청년당,이주,1955-07,0
대동청년당,이주,1955-08,0
대동청년당,이주,1955-09,0
대동청년당,이주,1955-10,0
대동청년당,이주,1955-11,0
대동청년당,이주,1955-12,0
대동청년당,이주,1956-01,0
대동청년당,이주,1956-02,0
대동청년당,이주,1956-03,0
대동청년당,이주,1956-04,0
대동청년당,이주,1956-05,0
대동청년당,이주,1956-06,0
대동청년당,이주,1956-07,0
대동청년당,이주,1956-08,0
대동청년당,이주,1956-09,0
대동청년당,이주,1956-10,0
대동청년당,이주,1956-11,0
대동청년당,이주,1956-12,0
대동청년당,이주,1957-01,0
대동청년당,이주,1957-02,0
대동청년당,이주,1957-03,0
대동청년당,이주,1957-04,0
대동청년당,이주,1957-05,0
대동청년당,이주,1957-06,0
대동청년당,이주,1957-07,0
대동청년당,이주,1957-08,0
대동청년당,이주,1957-09,0
대동청년당,이주,1957-10,0
대동청년당,이주,1957-11,0
대동청년당,이주,1957-12,0
대동청년당,이주,1958-01,0
대동청년당,이주,1958-02,0
대동청년당,이주,1958-03,0
대동청년당,이주,1958-04,0
대동청년당,이주,1958-05,0
대동청년당,이주,1958-06,0
대동청년당,이주,1958-07,0
대동청년당,이주,1958-08,0
대동청년당,이주,1958-09,0
대동청년당,이주,1958-10,0
대동청년당,이주,1958-11,0
대동청년당,이주,1958-12,0
대동청년당,이주,1959-01,0
대동청년당,이주,1959-02,0
대동청년당,이주,1959-03,0
대동청년당,이주,1959-04,0
대동청년당,이주,1959-05,0
대동청년당,이주,1959-06,0
대동청년당,이주,1959-07,0
대동청년당,이주,1959-09,0
대동청년당,이주,1959-10,0
대동청년당,이주,1959-11,0
대동청년당,이주,1959-12,0
대동청년당,이주,1960-01,0
대동청년당,이주,1960-02,0
대동청년당,이주,1960-03,0
대동청년당,이주,1960-04,0
조선민족청년단,이주,1948-06,1
조선민족청년단,이주,1948-07,0
조선민족청년단,이주,1948-08,0
조선민족청년단,이주,1948-09,0
조선민족청년단,이주,1948-10,0
조선민족청년단,이주,1948-11,0
조선민족청년단,이주,1948-12,0
조선민족청년단,이주,1949-01,0
조선민족청년단,이주,1949-02,0
조선민족청년단,이주,1949-03,0
조선민족청년단,이주,1949-04,0
조선민족청년단,이주,1949-05,0
조선민족청년단,이주,1949-06,0
조선민족청년단,이주,1949-07,0
조선민족청년단,이주,1949-08,0
조선민족청년단,이주,1949-09,0
조선민족청년단,이주,1949-10,0
조선민족청년단,이주,1949-11,0
조선민족청년단,이주,1949-12,0
조선민족청년단,이주,1950-01,0
조선민족청년단,이주,1950-02,1
조선민족청년단,이주,1950-03,1
조선민족청년단,이주,1950-04,0
조선민족청년단,이주,1950-06,0
조선민족청년단,이주,1950-10,0
조선민족청년단,이주,1950-11,0
조선민족청년단,이주,1950-12,0
조선민족청년단,이주,1951-01,0
조선민족청년단,이주,1951-02,0
조선민족청년단,이주,1951-03,0
조선민족청년단,이주,1951-04,0
조선민족청년단,이주,1951-05,0
조선민족청년단,이주,1951-06,0
조선민족청년단,이주,1951-07,0
조선민족청년단,이주,1951-08,0
조선민족청년단,이주,1951-09,0
조선민족청년단,이주,1951-10,0
조선민족청년단,이주,1951-11,0
조선민족청년단,이주,1951-12,0
조선민족청년단,이주,1952-01,0
조선민족청년단,이주,1952-02,0
조선민족청년단,이주,1952-03,0
조선민족청년단,이주,1952-04,0
조선민족청년단,이주,1952-05,0
조선민족청년단,이주,1952-06,0
조선민족청년단,이주,1952-07,0
조선민족청년단,이주,1952-08,0
조선민족청년단,이주,1952-09,0
조선민족청년단,이주,1952-10,0
조선민족청년단,이주,1952-11,0
조선민족청년단,이주,1952-12,0
조선민족청년단,이주,1953-01,0
조선민족청년단,이주,1953-02,0
조선민족청년단,이주,1953-03,0
조선민족청년단,이주,1953-04,0
조선민족청년단,이주,1953-05,0
조선민족청년단,이주,1953-06,0
조선민족청년단,이주,1953-07,0
조선민족청년단,이주,1953-08,0
조선민족청년단,이주,1953-09,0
조선민족청년단,이주,1953-10,0
조선민족청년단,이주,1953-11,0
조선민족청년단,이주,1953-12,0
조선민족청년단,이주,1954-01,0
조선민족청년단,이주,1954-02,0
조선민족청년단,이주,1954-03,0
조선민족청년단,이주,1954-04,0
조선민족청년단,이주,1954-05,0
조선민족청년단,이주,1954-06,0
조선민족청년단,이주,1954-07,0
조선민족청년단,이주,1954-08,0
조선민족청년단,이주,1954-09,0
조선민족청년단,이주,1954-10,0
조선민족청년단,이주,1954-11,0
조선민족청년단,이주,1954-12,0
조선민족청년단,이주,1955-01,0
조선민족청년단,이주,1955-02,0
조선민족청년단,이주,1955-03,0
조선민족청년단,이주,1955-04,0
조선민족청년단,이주,1955-05,0
조선민족청년단,이주,1955-06,0
조선민족청년단,이주,1955-07,0
조선민족청년단,이주,1955-08,0
조선민족청년단,이주,1955-09,0
조선민족청년단,이주,1955-10,0
조선민족청년단,이주,1955-11,0
조선민족청년단,이주,1955-12,0
조선민족청년단,이주,1956-01,0
조선민족청년단,이주,1956-02,0
조선민족청년단,이주,1956-03,0
조선민족청년단,이주,1956-04,0
조선민족청년단,이주,1956-05,0
조선민족청년단,이주,1956-06,0
조선민족청년단,이주,1956-07,0
조선민족청년단,이주,1956-08,0
조선민족청년단,이주,1956-09,0
조선민족청년단,이주,1956-10,0
조선민족청년단,이주,1956-11,0
조선민족청년단,이주,1956-12,0
조선민족청년단,이주,1957-01,0
조선민족청년단,이주,1957-02,0
조선민족청년단,이주,1957-03,0
조선민족청년단,이주,1957-04,0
조선민족청년단,이주,1957-05,0
조선민족청년단,이주,1957-06,0
조선민족청년단,이주,1957-07,0
조선민족청년단,이주,1957-08,0
조선민족청년단,이주,1957-09,0
조선민족청년단,이주,1957-10,0
조선민족청년단,이주,1957-11,0
조선민족청년단,이주,1957-12,0
조선민족청년단,이주,1958-01,0
조선민족청년단,이주,1958-02,0
조선민족청년단,이주,1958-03,0
조선민족청년단,이주,1958-04,0
조선민족청년단,이주,1958-05,0
조선민족청년단,이주,1958-06,0
조선민족청년단,이주,1958-07,0
조선민족청년단,이주,1958-08,0
조선민족청년단,이주,1958-09,0
조선민족청년단,이주,1958-10,0
조선민족청년단,이주,1958-11,0
조선민족청년단,이주,1958-12,0
조선민족청년단,이주,1959-01,0
조선민족청년단,이주,1959-02,0
조선민족청년단,이주,1959-03,0
조선민족청년단,이주,1959-04,0
조선민족청년단,이주,1959-05,0
조선민족청년단,이주,1959-06,0
조선민족청년단,이주,1959-07,0
조선민족청년단,이주,1959-09,0
조선민족청년단,이주,1959-10,0
조선민족청년단,이주,1959-11,0
조선민족청년단,이주,1959-12,0
조선민족청년단,이주,1960-01,0
조선민족청년단,이주,1960-02,0
조선민족청년단,이주,1960-03,0
조선민족청년단,이주,1960-04,0
대한청년단,이주,1948-06,0
대한청년단,이주,1948-07,0
대한청년단,이주,1948-08,0
대한청년단,이주,1948-09,0
대한청년단,이주,1948-10,0
대한청년단,이주,1948-11,0
대한청년단,이주,1948-12,0
대한청년단,이주,1949-01,0
대한청년단,이주,1949-02,0
대한청년단,이주,1949-03,0
대한청년단,이주,1949-04,0
대한청년단,이주,1949-05,0
대한청년단,이주,1949-06,0
대한청년단,이주,1949-07,0
대한청년단,이주,1949-08,0
대한청년단,이주,1949-09,0
대한청년단,이주,1949-10,0
대한청년단,이주,1949-11,0
대한청년단,이주,1949-12,0
대한청년단,이주,1950-01,0
대한청년단,이주,1950-02,0
대한청년단,이주,1950-03,0
대한청년단,이주,1950-04,0
대한청년단,이주,1950-06,0
대한청년단,이주,1950-10,0
대한청년단,이주,1950-11,1
대한청년단,이주,1950-12,0
대한청년단,이주,1951-01,1
대한청년단,이주,1951-02,2
대한청년단,이주,1951-03,2
대한청년단,이주,1951-04,0
대한청년단,이주,1951-05,0
대한청년단,이주,1951-06,0
대한청년단,이주,1951-07,1
대한청년단,이주,1951-08,0
대한청년단,이주,1951-09,1
대한청년단,이주,1951-10,0
대한청년단,이주,1951-11,1
대한청년단,이주,1951-12,1
대한청년단,이주,1952-01,0
대한청년단,이주,1952-02,0
대한청년단,이주,1952-03,0
대한청년단,이주,1952-04,0
대한청년단,이주,1952-05,0
대한청년단,이주,1952-06,0
대한청년단,이주,1952-07,0
대한청년단,이주,1952-08,0
대한청년단,이주,1952-09,0
대한청년단,이주,1952-10,0
대한청년단,이주,1952-11,0
대한청년단,이주,1952-12,0
대한청년단,이주,1953-01,1
대한청년단,이주,1953-02,0
대한청년단,이주,1953-03,0
대한청년단,이주,1953-04,1
대한청년단,이주,1953-05,0
대한청년단,이주,1953-06,0
대한청년단,이주,1953-07,0
대한청년단,이주,1953-08,0
대한청년단,이주,1953-09,0
대한청년단,이주,1953-10,1
대한청년단,이주,1953-11,2
대한청년단,이주,1953-12,0
대한청년단,이주,1954-01,0
대한청년단,이주,1954-02,0
대한청년단,이주,1954-03,0
대한청년단,이주,1954-04,0
대한청년단,이주,1954-05,0
대한청년단,이주,1954-06,0
대한청년단,이주,1954-07,0
대한청년단,이주,1954-08,0
대한청년단,이주,1954-09,0
대한청년단,이주,1954-10,0
대한청년단,이주,1954-11,0
대한청년단,이주,1954-12,0
대한청년단,이주,1955-01,0
대한청년단,이주,1955-02,0
대한청년단,이주,1955-03,0
대한청년단,이주,1955-04,0
대한청년단,이주,1955-05,0
대한청년단,이주,1955-06,0
대한청년단,이주,1955-07,0
대한청년단,이주,1955-08,0
대한청년단,이주,1955-09,0
대한청년단,이주,1955-10,0
대한청년단,이주,1955-11,0
대한청년단,이주,1955-12,0
대한청년단,이주,1956-01,0
대한청년단,이주,1956-02,0
대한청년단,이주,1956-03,0
대한청년단,이주,1956-04,0
대한청년단,이주,1956-05,0
대한청년단,이주,1956-06,0
대한청년단,이주,1956-07,0
대한청년단,이주,1956-08,0
대한청년단,이주,1956-09,0
대한청년단,이주,1956-10,0
대한청년단,이주,1956-11,0
대한청년단,이주,1956-12,0
대한청년단,이주,1957-01,0
대한청년단,이주,1957-02,0
대한청년단,이주,1957-03,0
대한청년단,이주,1957-04,0
대한청년단,이주,1957-05,0
대한청년단,이주,1957-06,0
대한청년단,이주,1957-07,0
대한청년단,이주,1957-08,0
대한청년단,이주,1957-09,0
대한청년단,이주,1957-10,0
대한청년단,이주,1957-11,0
대한청년단,이주,1957-12,0
대한청년단,이주,1958-01,0
대한청년단,이주,1958-02,0
대한청년단,이주,1958-03,0
대한청년단,이주,1958-04,0
대한청년단,이주,1958-05,0
대한청년단,이주,1958-06,0
대한청년단,이주,1958-07,0
대한청년단,이주,1958-08,0
대한청년단,이주,1958-09,0
대한청년단,이주,1958-10,0
대한청년단,이주,1958-11,0
대한청년단,이주,1958-12,0
대한청년단,이주,1959-01,0
대한청년단,이주,1959-02,0
대한청년단,이주,1959-03,0
대한청년단,이주,1959-04,0
대한청년단,이주,1959-05,0
대한청년단,이주,1959-06,0
대한청년단,이주,1959-07,0
대한청년단,이주,1959-09,0
대한청년단,이주,1959-10,0
대한청년단,이주,1959-11,0
대한청년단,이주,1959-12,0
대한청년단,이주,1960-01,0
대한청년단,이주,1960-02,0
대한청년단,이주,1960-03,0
대한청년단,이주,1960-04,0
국민당,이주,1948-06,0
국민당,이주,1948-07,0
국민당,이주,1948-08,0
국민당,이주,1948-09,0
국민당,이주,1948-10,0
국민당,이주,1948-11,0
국민당,이주,1948-12,0
국민당,이주,1949-01,0
국민당,이주,1949-02,0
국민당,이주,1949-03,0
국민당,이주,1949-04,0
국민당,이주,1949-05,0
국민당,이주,1949-06,0
국민당,이주,1949-07,0
국민당,이주,1949-08,0
국민당,이주,1949-09,0
국민당,이주,1949-10,0
국민당,이주,1949-11,0
국민당,이주,1949-12,0
국민당,이주,1950-01,0
국민당,이주,1950-02,0
국민당,이주,1950-03,0
국민당,이주,1950-04,0
국민당,이주,1950-06,0
국민당,이주,1950-10,0
국민당,이주,1950-11,0
국민당,이주,1950-12,0
국민당,이주,1951-01,0
국민당,이주,1951-02,0
국민당,이주,1951-03,0
국민당,이주,1951-04,0
국민당,이주,1951-05,0
국민당,이주,1951-06,0
국민당,이주,1951-07,0
국민당,이주,1951-08,0
국민당,이주,1951-09,0
국민당,이주,1951-10,0
국민당,이주,1951-11,0
국민당,이주,1951-12,0
국민당,이주,1952-01,0
국민당,이주,1952-02,0
국민당,이주,1952-03,0
국민당,이주,1952-04,0
국민당,이주,1952-05,0
국민당,이주,1952-06,0
국민당,이주,1952-07,0
국민당,이주,1952-08,0
국민당,이주,1952-09,0
국민당,이주,1952-10,0
국민당,이주,1952-11,0
국민당,이주,1952-12,0
국민당,이주,1953-01,0
국민당,이주,1953-02,0
국민당,이주,1953-03,0
국민당,이주,1953-04,0
국민당,이주,1953-05,0
국민당,이주,1953-06,0
국민당,이주,1953-07,0
국민당,이주,1953-08,0
국민당,이주,1953-09,0
국민당,이주,1953-10,0
국민당,이주,1953-11,0
국민당,이주,1953-12,0
국민당,이주,1954-01,0
국민당,이주,1954-02,0
국민당,이주,1954-03,0
국민당,이주,1954-04,0
국민당,이주,1954-05,0
국민당,이주,1954-06,0
국민당,이주,1954-07,0
국민당,이주,1954-08,0
국민당,이주,1954-09,0
국민당,이주,1954-10,0
국민당,이주,1954-11,0
국민당,이주,1954-12,0
국민당,이주,1955-01,1
국민당,이주,1955-02,0
국민당,이주,1955-03,1
국민당,이주,1955-04,0
국민당,이주,1955-05,0
국민당,이주,1955-06,0
국민당,이주,1955-07,0
국민당,이주,1955-08,0
국민당,이주,1955-09,0
국민당,이주,1955-10,0
국민당,이주,1955-11,0
국민당,이주,1955-12,0
국민당,이주,1956-01,0
국민당,이주,1956-02,0
국민당,이주,1956-03,0
국민당,이주,1956-04,0
국민당,이주,1956-05,0
국민당,이주,1956-06,0
국민당,이주,1956-07,0
국민당,이주,1956-08,0
국민당,이주,1956-09,0
국민당,이주,1956-10,0
국민당,이주,1956-11,0
국민당,이주,1956-12,0
국민당,이주,1957-01,0
국민당,이주,1957-02,0
국민당,이주,1957-03,0
국민당,이주,1957-04,0
국민당,이주,1957-05,0
국민당,이주,1957-06,0
국민당,이주,1957-07,0
국민당,이주,1957-08,0
국민당,이주,1957-09,0
국민당,이주,1957-10,0
국민당,이주,1957-11,0
국민당,이주,1957-12,0
국민당,이주,1958-01,0
국민당,이주,1958-02,0
국민당,이주,1958-03,0
국민당,이주,1958-04,0
국민당,이주,1958-05,0
국민당,이주,1958-06,0
국민당,이주,1958-07,0
국민당,이주,1958-08,0
국민당,이주,1958-09,0
국민당,이주,1958-10,0
국민당,이주,1958-11,0
국민당,이주,1958-12,0
국민당,이주,1959-01,0
국민당,이주,1959-02,0
국민당,이주,1959-03,0
국민당,이주,1959-04,0
국민당,이주,1959-05,0
국민당,이주,1959-06,0
국민당,이주,1959-07,0
국민당,이주,1959-09,0
국민당,이주,1959-10,0
국민당,이주,1959-11,0
국민당,이주,1959-12,0
국민당,이주,1960-01,0
국민당,이주,1960-02,0
국민당,이주,1960-03,0
국민당,이주,1960-04,0
자유당,외국인,1948-06,0
자유당,외국인,1948-07,0
자유당,외국인,1948-08,0
자유당,외국인,1948-09,0
자유당,외국인,1948-10,0
자유당,외국인,1948-11,0
자유당,외국인,1948-12,0
자유당,외국인,1949-01,0
자유당,외국인,1949-02,0
자유당,외국인,1949-03,0
자유당,외국인,1949-04,0
자유당,외국인,1949-05,0
자유당,외국인,1949-06,0
자유당,외국인,1949-07,0
자유당,외국인,1949-08,0
자유당,외국인,1949-09,0
자유당,외국인,1949-10,0
자유당,외국인,1949-11,0
자유당,외국인,1949-12,0
자유당,외국인,1950-01,0
자유당,외국인,1950-02,0
자유당,외국인,1950-03,0
자유당,외국인,1950-04,0
자유당,외국인,1950-06,0
자유당,외국인,1950-10,0
자유당,외국인,1950-11,0
자유당,외국인,1950-12,0
자유당,외국인,1951-01,0
자유당,외국인,1951-02,0
자유당,외국인,1951-03,0
자유당,외국인,1951-04,0
자유당,외국인,1951-05,0
자유당,외국인,1951-06,0
자유당,외국인,1951-07,0
자유당,외국인,1951-08,0
자유당,외국인,1951-09,0
자유당,외국인,1951-10,0
자유당,외국인,1951-11,0
자유당,외국인,1951-12,0
자유당,외국인,1952-01,0
자유당,외국인,1952-02,0
자유당,외국인,1952-03,0
자유당,외국인,1952-04,0
자유당,외국인,1952-05,0
자유당,외국인,1952-06,0
자유당,외국인,1952-07,0
자유당,외국인,1952-08,0
자유당,외국인,1952-09,0
자유당,외국인,1952-10,0
자유당,외국인,1952-11,0
자유당,외국인,1952-12,0
자유당,외국인,1953-01,0
자유당,외국인,1953-02,0
자유당,외국인,1953-03,0
자유당,외국인,1953-04,0
자유당,외국인,1953-05,0
자유당,외국인,1953-06,0
자유당,외국인,1953-07,0
자유당,외국인,1953-08,0
자유당,외국인,1953-09,0
자유당,외국인,1953-10,0
자유당,외국인,1953-11,0
자유당,외국인,1953-12,0
자유당,외국인,1954-01,0
자유당,외국인,1954-02,0
자유당,외국인,1954-03,0
자유당,외국인,1954-04,0
자유당,외국인,1954-05,0
자유당,외국인,1954-06,0
자유당,외국인,1954-07,7
자유당,외국인,1954-08,8
자유당,외국인,1954-09,7
자유당,외국인,1954-10,16
자유당,외국인,1954-11,11
자유당,외국인,1954-12,10
자유당,외국인,1955-01,7
자유당,외국인,1955-02,2
자유당,외국인,1955-03,9
자유당,외국인,1955-04,7
자유당,외국인,1955-05,11
자유당,외국인,1955-06,11
자유당,외국인,1955-07,21
자유당,외국인,1955-08,0
자유당,외국인,1955-09,1
자유당,외국인,1955-10,1
자유당,외국인,1955-11,5
자유당,외국인,1955-12,4
자유당,외국인,1956-01,5
자유당,외국인,1956-02,10
자유당,외국인,1956-03,2
자유당,외국인,1956-04,0
자유당,외국인,1956-05,0
자유당,외국인,1956-06,3
자유당,외국인,1956-07,16
자유당,외국인,1956-08,5
자유당,외국인,1956-09,1
자유당,외국인,1956-10,7
자유당,외국인,1956-11,1
자유당,외국인,1956-12,17
자유당,외국인,1957-01,3
자유당,외국인,1957-02,1
자유당,외국인,1957-03,6
자유당,외국인,1957-04,8
자유당,외국인,1957-05,0
자유당,외국인,1957-06,9
자유당,외국인,1957-07,11
자유당,외국인,1957-08,3
자유당,외국인,1957-09,2
자유당,외국인,1957-10,9
자유당,외국인,1957-11,10
자유당,외국인,1957-12,29
자유당,외국인,1958-01,0
자유당,외국인,1958-02,5
자유당,외국인,1958-03,0
자유당,외국인,1958-04,0
자유당,외국인,1958-05,0
자유당,외국인,1958-06,2
자유당,외국인,1958-07,46
자유당,외국인,1958-08,8
자유당,외국인,1958-09,1
자유당,외국인,1958-10,6
자유당,외국인,1958-11,21
자유당,외국인,1958-12,26
자유당,외국인,1959-01,0
자유당,외국인,1959-02,0
자유당,외국인,1959-03,2
자유당,외국인,1959-04,0
자유당,외국인,1959-05,3
자유당,외국인,1959-06,7
자유당,외국인,1959-07,1
자유당,외국인,1959-09,0
자유당,외국인,1959-10,6
자유당,외국인,1959-11,25
자유당,외국인,1959-12,21
자유당,외국인,1960-01,9
자유당,외국인,1960-02,1
자유당,외국인,1960-03,1
자유당,외국인,1960-04,7
무소속,외국인,1948-06,6
무소속,외국인,1948-07,6
무소속,외국인,1948-08,4
무소속,외국인,1948-09,11
무소속,외국인,1948-10,7
무소속,외국인,1948-11,9
무소속,외국인,1948-12,8
무소속,외국인,1949-01,10
무소속,외국인,1949-02,6
무소속,외국인,1949-03,7
무소속,외국인,1949-04,4
무소속,외국인,1949-05,0
무소속,외국인,1949-06,1
무소속,외국인,1949-07,7
무소속,외국인,1949-08,0
무소속,외국인,1949-09,2
무소속,외국인,1949-10,2
무소속,외국인,1949-11,12
무소속,외국인,1949-12,3
무소속,외국인,1950-01,8
무소속,외국인,1950-02,6
무소속,외국인,1950-03,1
무소속,외국인,1950-04,4
무소속,외국인,1950-06,0
무소속,외국인,1950-10,2
무소속,외국인,1950-11,5
무소속,외국인,1950-12,5
무소속,외국인,1951-01,4
무소속,외국인,1951-02,5
무소속,외국인,1951-03,6
무소속,외국인,1951-04,10
무소속,외국인,1951-05,10
무소속,외국인,1951-06,5
무소속,외국인,1951-07,9
무소속,외국인,1951-08,7
무소속,외국인,1951-09,1
무소속,외국인,1951-10,9
무소속,외국인,1951-11,4
무소속,외국인,1951-12,5
무소속,외국인,1952-01,0
무소속,외국인,1952-02,3
무소속,외국인,1952-03,8
무소속,외국인,1952-04,4
무소속,외국인,1952-05,5
무소속,외국인,1952-06,2
무소속,외국인,1952-07,6
무소속,외국인,1952-08,2
무소속,외국인,1952-09,3
무소속,외국인,1952-10,1
무소속,외국인,1952-11,15
무소속,외국인,1952-12,4
무소속,외국인,1953-01,2
무소속,외국인,1953-02,2
무소속,외국인,1953-03,5
무소속,외국인,1953-04,8
무소속,외국인,1953-05,6
무소속,외국인,1953-06,5
무소속,외국인,1953-07,11
무소속,외국인,1953-08,1
무소속,외국인,1953-09,1
무소속,외국인,1953-10,8
무소속,외국인,1953-11,12
무소속,외국인,1953-12,0
무소속,외국인,1954-01,4
무소속,외국인,1954-02,2
무소속,외국인,1954-03,10
무소속,외국인,1954-04,0
무소속,외국인,1954-05,0
무소속,외국인,1954-06,0
무소속,외국인,1954-07,0
무소속,외국인,1954-08,3
무소속,외국인,1954-09,5
무소속,외국인,1954-10,7
무소속,외국인,1954-11,2
무소속,외국인,1954-12,2
무소속,외국인,1955-01,3
무소속,외국인,1955-02,2
무소속,외국인,1955-03,1
무소속,외국인,1955-04,3
무소속,외국인,1955-05,5
무소속,외국인,1955-06,8
무소속,외국인,1955-07,11
무소속,외국인,1955-08,0
무소속,외국인,1955-09,2
무소속,외국인,1955-10,4
무소속,외국인,1955-11,5
무소속,외국인,1955-12,0
무소속,외국인,1956-01,2
무소속,외국인,1956-02,4
무소속,외국인,1956-03,0
무소속,외국인,1956-04,0
무소속,외국인,1956-05,0
무소속,외국인,1956-06,0
무소속,외국인,1956-07,10
무소속,외국인,1956-08,1
무소속,외국인,1956-09,0
무소속,외국인,1956-10,2
무소속,외국인,1956-11,2
무소속,외국인,1956-12,12
무소속,외국인,1957-01,1
무소속,외국인,1957-02,3
무소속,외국인,1957-03,2
무소속,외국인,1957-04,6
무소속,외국인,1957-05,0
무소속,외국인,1957-06,5
무소속,외국인,1957-07,5
무소속,외국인,1957-08,3
무소속,외국인,1957-09,2
무소속,외국인,1957-10,10
무소속,외국인,1957-11,2
무소속,외국인,1957-12,9
무소속,외국인,1958-01,0
무소속,외국인,1958-02,1
무소속,외국인,1958-03,0
무소속,외국인,1958-04,0
무소속,외국인,1958-05,0
무소속,외국인,1958-06,0
무소속,외국인,1958-07,6
무소속,외국인,1958-08,5
무소속,외국인,1958-09,0
무소속,외국인,1958-10,5
무소속,외국인,1958-11,11
무소속,외국인,1958-12,1
무소속,외국인,1959-01,0
무소속,외국인,1959-02,0
무소속,외국인,1959-03,0
무소속,외국인,1959-04,1
무소속,외국인,1959-05,1
무소속,외국인,1959-06,8
무소속,외국인,1959-07,1
무소속,외국인,1959-09,0
무소속,외국인,1959-10,2
무소속,외국인,1959-11,17
무소속,외국인,1959-12,7
무소속,외국인,1960-01,4
무소속,외국인,1960-02,0
무소속,외국인,1960-03,0
무소속,외국인,1960-04,7
민주당,외국인,1948-06,0
민주당,외국인,1948-07,0
민주당,외국인,1948-08,0
민주당,외국인,1948-09,0
민주당,외국인,1948-10,0
민주당,외국인,1948-11,0
민주당,외국인,1948-12,0
민주당,외국인,1949-01,0
민주당,외국인,1949-02,0
민주당,외국인,1949-03,0
민주당,외국인,1949-04,0
민주당,외국인,1949-05,0
민주당,외국인,1949-06,0
민주당,외국인,1949-07,0
민주당,외국인,1949-08,0
민주당,외국인,1949-09,0
민주당,외국인,1949-10,0
민주당,외국인,1949-11,0
민주당,외국인,1949-12,0
민주당,외국인,1950-01,0
민주당,외국인,1950-02,0
민주당,외국인,1950-03,0
민주당,외국인,1950-04,0
민주당,외국인,1950-06,0
민주당,외국인,1950-10,0
민주당,외국인,1950-11,0
민주당,외국인,1950-12,0
민주당,외국인,1951-01,0
민주당,외국인,1951-02,0
민주당,외국인,1951-03,0
민주당,외국인,1951-04,0
민주당,외국인,1951-05,0
민주당,외국인,1951-06,0
민주당,외국인,1951-07,0
민주당,외국인,1951-08,0
민주당,외국인,1951-09,0
민주당,외국인,1951-10,0
민주당,외국인,1951-11,0
민주당,외국인,1951-12,0
민주당,외국인,1952-01,0
민주당,외국인,1952-02,0
민주당,외국인,1952-03,0
민주당,외국인,1952-04,0
민주당,외국인,1952-05,0
민주당,외국인,1952-06,0
민주당,외국인,1952-07,0
민주당,외국인,1952-08,0
민주당,외국인,1952-09,0
민주당,외국인,1952-10,0
민주당,외국인,1952-11,0
민주당,외국인,1952-12,0
민주당,외국인,1953-01,0
민주당,외국인,1953-02,0
민주당,외국인,1953-03,0
민주당,외국인,1953-04,0
민주당,외국인,1953-05,0
민주당,외국인,1953-06,0
민주당,외국인,1953-07,0
민주당,외국인,1953-08,0
민주당,외국인,1953-09,0
민주당,외국인,1953-10,0
민주당,외국인,1953-11,0
민주당,외국인,1953-12,0
민주당,외국인,1954-01,0
민주당,외국인,1954-02,0
민주당,외국인,1954-03,0
민주당,외국인,1954-04,0
민주당,외국인,1954-05,0
민주당,외국인,1954-06,0
민주당,외국인,1954-07,0
민주당,외국인,1954-08,0
민주당,외국인,1954-09,0
민주당,외국인,1954-10,0
민주당,외국인,1954-11,0
민주당,외국인,1954-12,0
민주당,외국인,1955-01,0
민주당,외국인,1955-02,0
민주당,외국인,1955-03,0
민주당,외국인,1955-04,0
민주당,외국인,1955-05,0
민주당,외국인,1955-06,0
민주당,외국인,1955-07,0
민주당,외국인,1955-08,0
민주당,외국인,1955-09,0
민주당,외국인,1955-10,0
민주당,외국인,1955-11,0
민주당,외국인,1955-12,0
민주당,외국인,1956-01,0
민주당,외국인,1956-02,0
민주당,외국인,1956-03,0
민주당,외국인,1956-04,0
민주당,외국인,1956-05,0
민주당,외국인,1956-06,0
민주당,외국인,1956-07,0
민주당,외국인,1956-08,0
민주당,외국인,1956-09,0
민주당,외국인,1956-10,0
민주당,외국인,1956-11,0
민주당,외국인,1956-12,0
민주당,외국인,1957-01,0
민주당,외국인,1957-02,0
민주당,외국인,1957-03,0
민주당,외국인,1957-04,0
민주당,외국인,1957-05,0
민주당,외국인,1957-06,0
민주당,외국인,1957-07,0
민주당,외국인,1957-08,0
민주당,외국인,1957-09,0
민주당,외국인,1957-10,0
민주당,외국인,1957-11,0
민주당,외국인,1957-12,0
민주당,외국인,1958-01,0
민주당,외국인,1958-02,0
민주당,외국인,1958-03,0
민주당,외국인,1958-04,0
민주당,외국인,1958-05,0
민주당,외국인,1958-06,0
민주당,외국인,1958-07,40
민주당,외국인,1958-08,14
민주당,외국인,1958-09,1
민주당,외국인,1958-10,1
민주당,외국인,1958-11,25
민주당,외국인,1958-12,22
민주당,외국인,1959-01,0
민주당,외국인,1959-02,5
민주당,외국인,1959-03,4
민주당,외국인,1959-04,1
민주당,외국인,1959-05,8
민주당,외국인,1959-06,12
민주당,외국인,1959-07,5
민주당,외국인,1959-09,0
민주당,외국인,1959-10,3
민주당,외국인,1959-11,47
민주당,외국인,1959-12,37
민주당,외국인,1960-01,6
민주당,외국인,1960-02,0
민주당,외국인,1960-03,2
민주당,외국인,1960-04,2
한국민주당,외국인,1948-06,4
한국민주당,외국인,1948-07,4
한국민주당,외국인,1948-08,1
한국민주당,외국인,1948-09,12
한국민주당,외국인,1948-10,5
한국민주당,외국인,1948-11,8
한국민주당,외국인,1948-12,3
한국민주당,외국인,1949-01,4
한국민주당,외국인,1949-02,1
한국민주당,외국인,1949-03,3
한국민주당,외국인,1949-04,2
한국민주당,외국인,1949-05,0
한국민주당,외국인,1949-06,0
한국민주당,외국인,1949-07,5
한국민주당,외국인,1949-08,0
한국민주당,외국인,1949-09,2
한국민주당,외국인,1949-10,0
한국민주당,외국인,1949-11,9
한국민주당,외국인,1949-12,3
한국민주당,외국인,1950-01,3
한국민주당,외국인,1950-02,1
한국민주당,외국인,1950-03,10
한국민주당,외국인,1950-04,4
한국민주당,외국인,1950-06,0
한국민주당,외국인,1950-10,0
한국민주당,외국인,1950-11,0
한국민주당,외국인,1950-12,0
한국민주당,외국인,1951-01,0
한국민주당,외국인,1951-02,0
한국민주당,외국인,1951-03,0
한국민주당,외국인,1951-04,0
한국민주당,외국인,1951-05,0
한국민주당,외국인,1951-06,0
한국민주당,외국인,1951-07,0
한국민주당,외국인,1951-08,0
한국민주당,외국인,1951-09,0
한국민주당,외국인,1951-10,0
한국민주당,외국인,1951-11,0
한국민주당,외국인,1951-12,0
한국민주당,외국인,1952-01,0
한국민주당,외국인,1952-02,0
한국민주당,외국인,1952-03,0
한국민주당,외국인,1952-04,0
한국민주당,외국인,1952-05,0
한국민주당,외국인,1952-06,0
한국민주당,외국인,1952-07,0
한국민주당,외국인,1952-08,0
한국민주당,외국인,1952-09,0
한국민주당,외국인,1952-10,0
한국민주당,외국인,1952-11,0
한국민주당,외국인,1952-12,0
한국민주당,외국인,1953-01,0
한국민주당,외국인,1953-02,0
한국민주당,외국인,1953-03,0
한국민주당,외국인,1953-04,0
한국민주당,외국인,1953-05,0
한국민주당,외국인,1953-06,0
한국민주당,외국인,1953-07,0
한국민주당,외국인,1953-08,0
한국민주당,외국인,1953-09,0
한국민주당,외국인,1953-10,0
한국민주당,외국인,1953-11,0
한국민주당,외국인,1953-12,0
한국민주당,외국인,1954-01,0
한국민주당,외국인,1954-02,0
한국민주당,외국인,1954-03,0
한국민주당,외국인,1954-04,0
한국민주당,외국인,1954-05,0
한국민주당,외국인,1954-06,0
한국민주당,외국인,1954-07,0
한국민주당,외국인,1954-08,0
한국민주당,외국인,1954-09,0
한국민주당,외국인,1954-10,0
한국민주당,외국인,1954-11,0
한국민주당,외국인,1954-12,0
한국민주당,외국인,1955-01,0
한국민주당,외국인,1955-02,0
한국민주당,외국인,1955-03,0
한국민주당,외국인,1955-04,0
한국민주당,외국인,1955-05,0
한국민주당,외국인,1955-06,0
한국민주당,외국인,1955-07,0
한국민주당,외국인,1955-08,0
한국민주당,외국인,1955-09,0
한국민주당,외국인,1955-10,0
한국민주당,외국인,1955-11,0
한국민주당,외국인,1955-12,0
한국민주당,외국인,1956-01,0
한국민주당,외국인,1956-02,0
한국민주당,외국인,1956-03,0
한국민주당,외국인,1956-04,0
한국민주당,외국인,1956-05,0
한국민주당,외국인,1956-06,0
한국민주당,외국인,1956-07,0
한국민주당,외국인,1956-08,0
한국민주당,외국인,1956-09,0
한국민주당,외국인,1956-10,0
한국민주당,외국인,1956-11,0
한국민주당,외국인,1956-12,0
한국민주당,외국인,1957-01,0
한국민주당,외국인,1957-02,0
한국민주당,외국인,1957-03,0
한국민주당,외국인,1957-04,0
한국민주당,외국인,1957-05,0
한국민주당,외국인,1957-06,0
한국민주당,외국인,1957-07,0
한국민주당,외국인,1957-08,0
한국민주당,외국인,1957-09,0
한국민주당,외국인,1957-10,0
한국민주당,외국인,1957-11,0
한국민주당,외국인,1957-12,0
한국민주당,외국인,1958-01,0
한국민주당,외국인,1958-02,0
한국민주당,외국인,1958-03,0
한국민주당,외국인,1958-04,0
한국민주당,외국인,1958-05,0
한국민주당,외국인,1958-06,0
한국민주당,외국인,1958-07,0
한국민주당,외국인,1958-08,0
한국민주당,외국인,1958-09,0
한국민주당,외국인,1958-10,0
한국민주당,외국인,1958-11,0
한국민주당,외국인,1958-12,0
한국민주당,외국인,1959-01,0
한국민주당,외국인,1959-02,0
한국민주당,외국인,1959-03,0
한국민주당,외국인,1959-04,0
한국민주당,외국인,1959-05,0
한국민주당,외국인,1959-06,0
한국민주당,외국인,1959-07,0
한국민주당,외국인,1959-09,0
한국민주당,외국인,1959-10,0
한국민주당,외국인,1959-11,0
한국민주당,외국인,1959-12,0
한국민주당,외국인,1960-01,0
한국민주당,외국인,1960-02,0
한국민주당,외국인,1960-03,0
한국민주당,외국인,1960-04,0
대한국민당,외국인,1948-06,0
대한국민당,외국인,1948-07,0
대한국민당,외국인,1948-08,0
대한국민당,외국인,1948-09,0
대한국민당,외국인,1948-10,0
대한국민당,외국인,1948-11,0
대한국민당,외국인,1948-12,0
대한국민당,외국인,1949-01,0
대한국민당,외국인,1949-02,0
대한국민당,외국인,1949-03,0
대한국민당,외국인,1949-04,0
대한국민당,외국인,1949-05,0
대한국민당,외국인,1949-06,0
대한국민당,외국인,1949-07,0
대한국민당,외국인,1949-08,0
대한국민당,외국인,1949-09,0
대한국민당,외국인,1949-10,0
대한국민당,외국인,1949-11,0
대한국민당,외국인,1949-12,0
대한국민당,외국인,1950-01,0
대한국민당,외국인,1950-02,0
대한국민당,외국인,1950-03,0
대한국민당,외국인,1950-04,0
대한국민당,외국인,1950-06,0
대한국민당,외국인,1950-10,0
대한국민당,외국인,1950-11,1
대한국민당,외국인,1950-12,2
대한국민당,외국인,1951-01,0
대한국민당,외국인,1951-02,3
대한국민당,외국인,1951-03,3
대한국민당,외국인,1951-04,1
대한국민당,외국인,1951-05,1
대한국민당,외국인,1951-06,2
대한국민당,외국인,1951-07,3
대한국민당,외국인,1951-08,1
대한국민당,외국인,1951-09,1
대한국민당,외국인,1951-10,2
대한국민당,외국인,1951-11,2
대한국민당,외국인,1951-12,1
대한국민당,외국인,1952-01,2
대한국민당,외국인,1952-02,2
대한국민당,외국인,1952-03,0
대한국민당,외국인,1952-04,0
대한국민당,외국인,1952-05,2
대한국민당,외국인,1952-06,0
대한국민당,외국인,1952-07,0
대한국민당,외국인,1952-08,0
대한국민당,외국인,1952-09,0
대한국민당,외국인,1952-10,0
대한국민당,외국인,1952-11,1
대한국민당,외국인,1952-12,1
대한국민당,외국인,1953-01,3
대한국민당,외국인,1953-02,1
대한국민당,외국인,1953-03,1
대한국민당,외국인,1953-04,3
대한국민당,외국인,1953-05,3
대한국민당,외국인,1953-06,1
대한국민당,외국인,1953-07,2
대한국민당,외국인,1953-08,0
대한국민당,외국인,1953-09,0
대한국민당,외국인,1953-10,0
대한국민당,외국인,1953-11,2
대한국민당,외국인,1953-12,1
대한국민당,외국인,1954-01,1
대한국민당,외국인,1954-02,0
대한국민당,외국인,1954-03,0
대한국민당,외국인,1954-04,1
대한국민당,외국인,1954-05,0
대한국민당,외국인,1954-06,0
대한국민당,외국인,1954-07,0
대한국민당,외국인,1954-08,0
대한국민당,외국인,1954-09,0
대한국민당,외국인,1954-10,0
대한국민당,외국인,1954-11,0
대한국민당,외국인,1954-12,0
대한국민당,외국인,1955-01,0
대한국민당,외국인,1955-02,0
대한국민당,외국인,1955-03,0
대한국민당,외국인,1955-04,0
대한국민당,외국인,1955-05,0
대한국민당,외국인,1955-06,0
대한국민당,외국인,1955-07,0
대한국민당,외국인,1955-08,0
대한국민당,외국인,1955-09,0
대한국민당,외국인,1955-10,0
대한국민당,외국인,1955-11,0
대한국민당,외국인,1955-12,0
대한국민당,외국인,1956-01,0
대한국민당,외국인,1956-02,0
대한국민당,외국인,1956-03,0
대한국민당,외국인,1956-04,0
대한국민당,외국인,1956-05,0
대한국민당,외국인,1956-06,0
대한국민당,외국인,1956-07,0
대한국민당,외국인,1956-08,0
대한국민당,외국인,1956-09,0
대한국민당,외국인,1956-10,0
대한국민당,외국인,1956-11,0
대한국민당,외국인,1956-12,0
대한국민당,외국인,1957-01,0
대한국민당,외국인,1957-02,0
대한국민당,외국인,1957-03,0
대한국민당,외국인,1957-04,0
대한국민당,외국인,1957-05,0
대한국민당,외국인,1957-06,0
대한국민당,외국인,1957-07,0
대한국민당,외국인,1957-08,0
대한국민당,외국인,1957-09,0
대한국민당,외국인,1957-10,0
대한국민당,외국인,1957-11,0
대한국민당,외국인,1957-12,0
대한국민당,외국인,1958-01,0
대한국민당,외국인,1958-02,0
대한국민당,외국인,1958-03,0
대한국민당,외국인,1958-04,0
대한국민당,외국인,1958-05,0
대한국민당,외국인,1958-06,0
대한국민당,외국인,1958-07,0
대한국민당,외국인,1958-08,0
대한국민당,외국인,1958-09,0
대한국민당,외국인,1958-10,0
대한국민당,외국인,1958-11,0
대한국민당,외국인,1958-12,0
대한국민당,외국인,1959-01,0
대한국민당,외국인,1959-02,0
대한국민당,외국인,1959-03,0
대한국민당,외국인,1959-04,0
대한국민당,외국인,1959-05,0
대한국민당,외국인,1959-06,0
대한국민당,외국인,1959-07,0
대한국민당,외국인,1959-09,0
대한국민당,외국인,1959-10,0
대한국민당,외국인,1959-11,0
대한국민당,외국인,1959-12,0
대한국민당,외국인,1960-01,0
대한국민당,외국인,1960-02,0
대한국민당,외국인,1960-03,0
대한국민당,외국인,1960-04,0
대한독립촉성국민회,외국인,1948-06,2
대한독립촉성국민회,외국인,1948-07,3
대한독립촉성국민회,외국인,1948-08,0
대한독립촉성국민회,외국인,1948-09,6
대한독립촉성국민회,외국인,1948-10,2
대한독립촉성국민회,외국인,1948-11,2
대한독립촉성국민회,외국인,1948-12,4
대한독립촉성국민회,외국인,1949-01,2
대한독립촉성국민회,외국인,1949-02,2
대한독립촉성국민회,외국인,1949-03,2
대한독립촉성국민회,외국인,1949-04,2
대한독립촉성국민회,외국인,1949-05,1
대한독립촉성국민회,외국인,1949-06,0
대한독립촉성국민회,외국인,1949-07,2
대한독립촉성국민회,외국인,1949-08,0
대한독립촉성국민회,외국인,1949-09,5
대한독립촉성국민회,외국인,1949-10,3
대한독립촉성국민회,외국인,1949-11,3
대한독립촉성국민회,외국인,1949-12,0
대한독립촉성국민회,외국인,1950-01,2
대한독립촉성국민회,외국인,1950-02,5
대한독립촉성국민회,외국인,1950-03,2
대한독립촉성국민회,외국인,1950-04,1
대한독립촉성국민회,외국인,1950-06,0
대한독립촉성국민회,외국인,1950-10,0
대한독립촉성국민회,외국인,1950-11,0
대한독립촉성국민회,외국인,1950-12,0
대한독립촉성국민회,외국인,1951-01,0
대한독립촉성국민회,외국인,1951-02,0
대한독립촉성국민회,외국인,1951-03,0
대한독립촉성국민회,외국인,1951-04,0
대한독립촉성국민회,외국인,1951-05,0
대한독립촉성국민회,외국인,1951-06,0
대한독립촉성국민회,외국인,1951-07,0
대한독립촉성국민회,외국인,1951-08,0
대한독립촉성국민회,외국인,1951-09,0
대한독립촉성국민회,외국인,1951-10,0
대한독립촉성국민회,외국인,1951-11,1
대한독립촉성국민회,외국인,1951-12,0
대한독립촉성국민회,외국인,1952-01,0
대한독립촉성국민회,외국인,1952-02,0
대한독립촉성국민회,외국인,1952-03,0
대한독립촉성국민회,외국인,1952-04,0
대한독립촉성국민회,외국인,1952-05,0
대한독립촉성국민회,외국인,1952-06,0
대한독립촉성국민회,외국인,1952-07,0
대한독립촉성국민회,외국인,1952-08,0
대한독립촉성국민회,외국인,1952-09,0
대한독립촉성국민회,외국인,1952-10,0
대한독립촉성국민회,외국인,1952-11,0
대한독립촉성국민회,외국인,1952-12,0
대한독립촉성국민회,외국인,1953-01,0
대한독립촉성국민회,외국인,1953-02,0
대한독립촉성국민회,외국인,1953-03,1
대한독립촉성국민회,외국인,1953-04,1
대한독립촉성국민회,외국인,1953-05,0
대한독립촉성국민회,외국인,1953-06,0
대한독립촉성국민회,외국인,1953-07,0
대한독립촉성국민회,외국인,1953-08,0
대한독립촉성국민회,외국인,1953-09,0
대한독립촉성국민회,외국인,1953-10,0
대한독립촉성국민회,외국인,1953-11,0
대한독립촉성국민회,외국인,1953-12,0
대한독립촉성국민회,외국인,1954-01,0
대한독립촉성국민회,외국인,1954-02,0
대한독립촉성국민회,외국인,1954-03,0
대한독립촉성국민회,외국인,1954-04,0
대한독립촉성국민회,외국인,1954-05,0
대한독립촉성국민회,외국인,1954-06,0
대한독립촉성국민회,외국인,1954-07,0
대한독립촉성국민회,외국인,1954-08,0
대한독립촉성국민회,외국인,1954-09,0
대한독립촉성국민회,외국인,1954-10,0
대한독립촉성국민회,외국인,1954-11,0
대한독립촉성국민회,외국인,1954-12,0
대한독립촉성국민회,외국인,1955-01,0
대한독립촉성국민회,외국인,1955-02,0
대한독립촉성국민회,외국인,1955-03,0
대한독립촉성국민회,외국인,1955-04,0
대한독립촉성국민회,외국인,1955-05,0
대한독립촉성국민회,외국인,1955-06,0
대한독립촉성국민회,외국인,1955-07,0
대한독립촉성국민회,외국인,1955-08,0
대한독립촉성국민회,외국인,1955-09,0
대한독립촉성국민회,외국인,1955-10,0
대한독립촉성국민회,외국인,1955-11,0
대한독립촉성국민회,외국인,1955-12,0
대한독립촉성국민회,외국인,1956-01,0
대한독립촉성국민회,외국인,1956-02,0
대한독립촉성국민회,외국인,1956-03,0
대한독립촉성국민회,외국인,1956-04,0
대한독립촉성국민회,외국인,1956-05,0
대한독립촉성국민회,외국인,1956-06,0
대한독립촉성국민회,외국인,1956-07,0
대한독립촉성국민회,외국인,1956-08,0
대한독립촉성국민회,외국인,1956-09,0
대한독립촉성국민회,외국인,1956-10,0
대한독립촉성국민회,외국인,1956-11,0
대한독립촉성국민회,외국인,1956-12,0
대한독립촉성국민회,외국인,1957-01,0
대한독립촉성국민회,외국인,1957-02,0
대한독립촉성국민회,외국인,1957-03,0
대한독립촉성국민회,외국인,1957-04,0
대한독립촉성국민회,외국인,1957-05,0
대한독립촉성국민회,외국인,1957-06,0
대한독립촉성국민회,외국인,1957-07,0
대한독립촉성국민회,외국인,1957-08,0
대한독립촉성국민회,외국인,1957-09,0
대한독립촉성국민회,외국인,1957-10,0
대한독립촉성국민회,외국인,1957-11,0
대한독립촉성국민회,외국인,1957-12,0
대한독립촉성국민회,외국인,1958-01,0
대한독립촉성국민회,외국인,1958-02,0
대한독립촉성국민회,외국인,1958-03,0
대한독립촉성국민회,외국인,1958-04,0
대한독립촉성국민회,외국인,1958-05,0
대한독립촉성국민회,외국인,1958-06,0
대한독립촉성국민회,외국인,1958-07,0
대한독립촉성국민회,외국인,1958-08,0
대한독립촉성국민회,외국인,1958-09,0
대한독립촉성국민회,외국인,1958-10,0
대한독립촉성국민회,외국인,1958-11,0
대한독립촉성국민회,외국인,1958-12,0
대한독립촉성국민회,외국인,1959-01,0
대한독립촉성국민회,외국인,1959-02,0
대한독립촉성국민회,외국인,1959-03,0
대한독립촉성국민회,외국인,1959-04,0
대한독립촉성국민회,외국인,1959-05,0
대한독립촉성국민회,외국인,1959-06,0
대한독립촉성국민회,외국인,1959-07,0
대한독립촉성국민회,외국인,1959-09,0
대한독립촉성국민회,외국인,1959-10,0
대한독립촉성국민회,외국인,1959-11,0
대한독립촉성국민회,외국인,1959-12,0
대한독립촉성국민회,외국인,1960-01,0
대한독립촉성국민회,외국인,1960-02,0
대한독립촉성국민회,외국인,1960-03,0
대한독립촉성국민회,외국인,1960-04,0
민주국민당,외국인,1948-06,0
민주국민당,외국인,1948-07,0
민주국민당,외국인,1948-08,0
민주국민당,외국인,1948-09,0
민주국민당,외국인,1948-10,0
민주국민당,외국인,1948-11,0
민주국민당,외국인,1948-12,0
민주국민당,외국인,1949-01,0
민주국민당,외국인,1949-02,0
민주국민당,외국인,1949-03,0
민주국민당,외국인,1949-04,0
민주국민당,외국인,1949-05,0
민주국민당,외국인,1949-06,0
민주국민당,외국인,1949-07,0
민주국민당,외국인,1949-08,0
민주국민당,외국인,1949-09,0
민주국민당,외국인,1949-10,0
민주국민당,외국인,1949-11,1
민주국민당,외국인,1949-12,0
민주국민당,외국인,1950-01,0
민주국민당,외국인,1950-02,0
민주국민당,외국인,1950-03,1
민주국민당,외국인,1950-04,0
민주국민당,외국인,1950-06,0
민주국민당,외국인,1950-10,0
민주국민당,외국인,1950-11,0
민주국민당,외국인,1950-12,0
민주국민당,외국인,1951-01,0
민주국민당,외국인,1951-02,2
민주국민당,외국인,1951-03,2
민주국민당,외국인,1951-04,3
민주국민당,외국인,1951-05,1
민주국민당,외국인,1951-06,2
민주국민당,외국인,1951-07,2
민주국민당,외국인,1951-08,1
민주국민당,외국인,1951-09,0
민주국민당,외국인,1951-10,2
민주국민당,외국인,1951-11,1
민주국민당,외국인,1951-12,2
민주국민당,외국인,1952-01,0
민주국민당,외국인,1952-02,0
민주국민당,외국인,1952-03,1
민주국민당,외국인,1952-04,0
민주국민당,외국인,1952-05,3
민주국민당,외국인,1952-06,1
민주국민당,외국인,1952-07,0
민주국민당,외국인,1952-08,0
민주국민당,외국인,1952-09,0
민주국민당,외국인,1952-10,0
민주국민당,외국인,1952-11,2
민주국민당,외국인,1952-12,0
민주국민당,외국인,1953-01,0
민주국민당,외국인,1953-02,0
민주국민당,외국인,1953-03,0
민주국민당,외국인,1953-04,1
민주국민당,외국인,1953-05,1
민주국민당,외국인,1953-06,1
민주국민당,외국인,1953-07,2
민주국민당,외국인,1953-08,0
민주국민당,외국인,1953-09,1
민주국민당,외국인,1953-10,1
민주국민당,외국인,1953-11,1
민주국민당,외국인,1953-12,0
민주국민당,외국인,1954-01,2
민주국민당,외국인,1954-02,2
민주국민당,외국인,1954-03,3
민주국민당,외국인,1954-04,0
민주국민당,외국인,1954-05,0
민주국민당,외국인,1954-06,0
민주국민당,외국인,1954-07,0
민주국민당,외국인,1954-08,2
민주국민당,외국인,1954-09,3
민주국민당,외국인,1954-10,3
민주국민당,외국인,1954-11,5
민주국민당,외국인,1954-12,1
민주국민당,외국인,1955-01,1
민주국민당,외국인,1955-02,0
민주국민당,외국인,1955-03,3
민주국민당,외국인,1955-04,2
민주국민당,외국인,1955-05,3
민주국민당,외국인,1955-06,2
민주국민당,외국인,1955-07,2
민주국민당,외국인,1955-08,0
민주국민당,외국인,1955-09,0
민주국민당,외국인,1955-10,2
민주국민당,외국인,1955-11,0
민주국민당,외국인,1955-12,0
민주국민당,외국인,1956-01,1
민주국민당,외국인,1956-02,1
민주국민당,외국인,1956-03,1
민주국민당,외국인,1956-04,0
민주국민당,외국인,1956-05,2
민주국민당,외국인,1956-06,2
민주국민당,외국인,1956-07,2
민주국민당,외국인,1956-08,1
민주국민당,외국인,1956-09,0
민주국민당,외국인,1956-10,1
민주국민당,외국인,1956-11,0
민주국민당,외국인,1956-12,1
민주국민당,외국인,1957-01,3
민주국민당,외국인,1957-02,0
민주국민당,외국인,1957-03,0
민주국민당,외국인,1957-04,1
민주국민당,외국인,1957-05,0
민주국민당,외국인,1957-06,3
민주국민당,외국인,1957-07,1
민주국민당,외국인,1957-08,1
민주국민당,외국인,1957-09,1
민주국민당,외국인,1957-10,0
민주국민당,외국인,1957-11,2
민주국민당,외국인,1957-12,3
민주국민당,외국인,1958-01,0
민주국민당,외국인,1958-02,1
민주국민당,외국인,1958-03,0
민주국민당,외국인,1958-04,0
민주국민당,외국인,1958-05,0
민주국민당,외국인,1958-06,0
민주국민당,외국인,1958-07,0
민주국민당,외국인,1958-08,0
민주국민당,외국인,1958-09,0
민주국민당,외국인,1958-10,0
민주국민당,외국인,1958-11,0
민주국민당,외국인,1958-12,0
민주국민당,외국인,1959-01,0
민주국민당,외국인,1959-02,0
민주국민당,외국인,1959-03,0
민주국민당,외국인,1959-04,0
민주국민당,외국인,1959-05,0
민주국민당,외국인,1959-06,0
민주국민당,외국인,1959-07,0
민주국민당,외국인,1959-09,0
민주국민당,외국인,1959-10,0
민주국민당,외국인,1959-11,0
민주국민당,외국인,1959-12,0
민주국민당,외국인,1960-01,0
민주국민당,외국인,1960-02,0
민주국민당,외국인,1960-03,0
민주국민당,외국인,1960-04,0
조선공화당,외국인,1948-06,0
조선공화당,외국인,1948-07,0
조선공화당,외국인,1948-08,0
조선공화당,외국인,1948-09,1
조선공화당,외국인,1948-10,1
조선공화당,외국인,1948-11,2
조선공화당,외국인,1948-12,0
조선공화당,외국인,1949-01,1
조선공화당,외국인,1949-02,0
조선공화당,외국인,1949-03,1
조선공화당,외국인,1949-04,0
조선공화당,외국인,1949-05,0
조선공화당,외국인,1949-06,0
조선공화당,외국인,1949-07,0
조선공화당,외국인,1949-08,0
조선공화당,외국인,1949-09,0
조선공화당,외국인,1949-10,0
조선공화당,외국인,1949-11,0
조선공화당,외국인,1949-12,0
조선공화당,외국인,1950-01,0
조선공화당,외국인,1950-02,0
조선공화당,외국인,1950-03,0
조선공화당,외국인,1950-04,0
조선공화당,외국인,1950-06,0
조선공화당,외국인,1950-10,0
조선공화당,외국인,1950-11,0
조선공화당,외국인,1950-12,0
조선공화당,외국인,1951-01,0
조선공화당,외국인,1951-02,0
조선공화당,외국인,1951-03,0
조선공화당,외국인,1951-04,0
조선공화당,외국인,1951-05,0
조선공화당,외국인,1951-06,0
조선공화당,외국인,1951-07,0
조선공화당,외국인,1951-08,0
조선공화당,외국인,1951-09,0
조선공화당,외국인,1951-10,0
조선공화당,외국인,1951-11,0
조선공화당,외국인,1951-12,0
조선공화당,외국인,1952-01,0
조선공화당,외국인,1952-02,0
조선공화당,외국인,1952-03,0
조선공화당,외국인,1952-04,0
조선공화당,외국인,1952-05,0
조선공화당,외국인,1952-06,0
조선공화당,외국인,1952-07,0
조선공화당,외국인,1952-08,0
조선공화당,외국인,1952-09,0
조선공화당,외국인,1952-10,0
조선공화당,외국인,1952-11,0
조선공화당,외국인,1952-12,0
조선공화당,외국인,1953-01,0
조선공화당,외국인,1953-02,0
조선공화당,외국인,1953-03,0
조선공화당,외국인,1953-04,0
조선공화당,외국인,1953-05,0
조선공화당,외국인,1953-06,0
조선공화당,외국인,1953-07,0
조선공화당,외국인,1953-08,0
조선공화당,외국인,1953-09,0
조선공화당,외국인,1953-10,0
조선공화당,외국인,1953-11,0
조선공화당,외국인,1953-12,0
조선공화당,외국인,1954-01,0
조선공화당,외국인,1954-02,0
조선공화당,외국인,1954-03,0
조선공화당,외국인,1954-04,0
조선공화당,외국인,1954-05,0
조선공화당,외국인,1954-06,0
조선공화당,외국인,1954-07,0
조선공화당,외국인,1954-08,0
조선공화당,외국인,1954-09,0
조선공화당,외국인,1954-10,0
조선공화당,외국인,1954-11,0
조선공화당,외국인,1954-12,0
조선공화당,외국인,1955-01,0
조선공화당,외국인,1955-02,0
조선공화당,외국인,1955-03,0
조선공화당,외국인,1955-04,0
조선공화당,외국인,1955-05,0
조선공화당,외국인,1955-06,0
조선공화당,외국인,1955-07,0
조선공화당,외국인,1955-08,0
조선공화당,외국인,1955-09,0
조선공화당,외국인,1955-10,0
조선공화당,외국인,1955-11,0
조선공화당,외국인,1955-12,0
조선공화당,외국인,1956-01,0
조선공화당,외국인,1956-02,0
조선공화당,외국인,1956-03,0
조선공화당,외국인,1956-04,0
조선공화당,외국인,1956-05,0
조선공화당,외국인,1956-06,0
조선공화당,외국인,1956-07,0
조선공화당,외국인,1956-08,0
조선공화당,외국인,1956-09,0
조선공화당,외국인,1956-10,0
조선공화당,외국인,1956-11,0
조선공화당,외국인,1956-12,0
조선공화당,외국인,1957-01,0
조선공화당,외국인,1957-02,0
조선공화당,외국인,1957-03,0
조선공화당,외국인,1957-04,0
조선공화당,외국인,1957-05,0
조선공화당,외국인,1957-06,0
조선공화당,외국인,1957-07,0
조선공화당,외국인,1957-08,0
조선공화당,외국인,1957-09,0
조선공화당,외국인,1957-10,0
조선공화당,외국인,1957-11,0
조선공화당,외국인,1957-12,0
조선공화당,외국인,1958-01,0
조선공화당,외국인,1958-02,0
조선공화당,외국인,1958-03,0
조선공화당,외국인,1958-04,0
조선공화당,외국인,1958-05,0
조선공화당,외국인,1958-06,0
조선공화당,외국인,1958-07,0
조선공화당,외국인,1958-08,0
조선공화당,외국인,1958-09,0
조선공화당,외국인,1958-10,0
조선공화당,외국인,1958-11,0
조선공화당,외국인,1958-12,0
조선공화당,외국인,1959-01,0
조선공화당,외국인,1959-02,0
조선공화당,외국인,1959-03,0
조선공화당,외국인,1959-04,0
조선공화당,외국인,1959-05,0
조선공화당,외국인,1959-06,0
조선공화당,외국인,1959-07,0
조선공화당,외국인,1959-09,0
조선공화당,외국인,1959-10,0
조선공화당,외국인,1959-11,0
조선공화당,외국인,1959-12,0
조선공화당,외국인,1960-01,0
조선공화당,외국인,1960-02,0
조선공화당,외국인,1960-03,0
조선공화당,외국인,1960-04,0
대동청년당,외국인,1948-06,1
대동청년당,외국인,1948-07,0
대동청년당,외국인,1948-08,1
대동청년당,외국인,1948-09,2
대동청년당,외국인,1948-10,0
대동청년당,외국인,1948-11,2
대동청년당,외국인,1948-12,0
대동청년당,외국인,1949-01,1
대동청년당,외국인,1949-02,0
대동청년당,외국인,1949-03,1
대동청년당,외국인,1949-04,0
대동청년당,외국인,1949-05,0
대동청년당,외국인,1949-06,1
대동청년당,외국인,1949-07,0
대동청년당,외국인,1949-08,0
대동청년당,외국인,1949-09,0
대동청년당,외국인,1949-10,0
대동청년당,외국인,1949-11,0
대동청년당,외국인,1949-12,0
대동청년당,외국인,1950-01,0
대동청년당,외국인,1950-02,0
대동청년당,외국인,1950-03,0
대동청년당,외국인,1950-04,0
대동청년당,외국인,1950-06,0
대동청년당,외국인,1950-10,0
대동청년당,외국인,1950-11,0
대동청년당,외국인,1950-12,0
대동청년당,외국인,1951-01,0
대동청년당,외국인,1951-02,0
대동청년당,외국인,1951-03,0
대동청년당,외국인,1951-04,0
대동청년당,외국인,1951-05,0
대동청년당,외국인,1951-06,0
대동청년당,외국인,1951-07,0
대동청년당,외국인,1951-08,0
대동청년당,외국인,1951-09,0
대동청년당,외국인,1951-10,0
대동청년당,외국인,1951-11,0
대동청년당,외국인,1951-12,0
대동청년당,외국인,1952-01,0
대동청년당,외국인,1952-02,0
대동청년당,외국인,1952-03,0
대동청년당,외국인,1952-04,0
대동청년당,외국인,1952-05,0
대동청년당,외국인,1952-06,0
대동청년당,외국인,1952-07,0
대동청년당,외국인,1952-08,0
대동청년당,외국인,1952-09,0
대동청년당,외국인,1952-10,0
대동청년당,외국인,1952-11,0
대동청년당,외국인,1952-12,0
대동청년당,외국인,1953-01,0
대동청년당,외국인,1953-02,0
대동청년당,외국인,1953-03,0
대동청년당,외국인,1953-04,0
대동청년당,외국인,1953-05,0
대동청년당,외국인,1953-06,0
대동청년당,외국인,1953-07,0
대동청년당,외국인,1953-08,0
대동청년당,외국인,1953-09,0
대동청년당,외국인,1953-10,0
대동청년당,외국인,1953-11,0
대동청년당,외국인,1953-12,0
대동청년당,외국인,1954-01,0
대동청년당,외국인,1954-02,0
대동청년당,외국인,1954-03,0
대동청년당,외국인,1954-04,0
대동청년당,외국인,1954-05,0
대동청년당,외국인,1954-06,0
대동청년당,외국인,1954-07,0
대동청년당,외국인,1954-08,0
대동청년당,외국인,1954-09,0
대동청년당,외국인,1954-10,0
대동청년당,외국인,1954-11,0
대동청년당,외국인,1954-12,0
대동청년당,외국인,1955-01,0
대동청년당,외국인,1955-02,0
대동청년당,외국인,1955-03,0
대동청년당,외국인,1955-04,0
대동청년당,외국인,1955-05,0
대동청년당,외국인,1955-06,0
대동청년당,외국인,1955-07,0
대동청년당,외국인,1955-08,0
대동청년당,외국인,1955-09,0
대동청년당,외국인,1955-10,0
대동청년당,외국인,1955-11,0
대동청년당,외국인,1955-12,0
대동청년당,외국인,1956-01,0
대동청년당,외국인,1956-02,0
대동청년당,외국인,1956-03,0
대동청년당,외국인,1956-04,0
대동청년당,외국인,1956-05,0
대동청년당,외국인,1956-06,0
대동청년당,외국인,1956-07,0
대동청년당,외국인,1956-08,0
대동청년당,외국인,1956-09,0
대동청년당,외국인,1956-10,0
대동청년당,외국인,1956-11,0
대동청년당,외국인,1956-12,0
대동청년당,외국인,1957-01,0
대동청년당,외국인,1957-02,0
대동청년당,외국인,1957-03,0
대동청년당,외국인,1957-04,0
대동청년당,외국인,1957-05,0
대동청년당,외국인,1957-06,0
대동청년당,외국인,1957-07,0
대동청년당,외국인,1957-08,0
대동청년당,외국인,1957-09,0
대동청년당,외국인,1957-10,0
대동청년당,외국인,1957-11,0
대동청년당,외국인,1957-12,0
대동청년당,외국인,1958-01,0
대동청년당,외국인,1958-02,0
대동청년당,외국인,1958-03,0
대동청년당,외국인,1958-04,0
대동청년당,외국인,1958-05,0
대동청년당,외국인,1958-06,0
대동청년당,외국인,1958-07,0
대동청년당,외국인,1958-08,0
대동청년당,외국인,1958-09,0
대동청년당,외국인,1958-10,0
대동청년당,외국인,1958-11,0
대동청년당,외국인,1958-12,0
대동청년당,외국인,1959-01,0
대동청년당,외국인,1959-02,0
대동청년당,외국인,1959-03,0
대동청년당,외국인,1959-04,0
대동청년당,외국인,1959-05,0
대동청년당,외국인,1959-06,0
대동청년당,외국인,1959-07,0
대동청년당,외국인,1959-09,0
대동청년당,외국인,1959-10,0
대동청년당,외국인,1959-11,0
대동청년당,외국인,1959-12,0
대동청년당,외국인,1960-01,0
대동청년당,외국인,1960-02,0
대동청년당,외국인,1960-03,0
대동청년당,외국인,1960-04,0
조선민족청년단,외국인,1948-06,0
조선민족청년단,외국인,1948-07,1
조선민족청년단,외국인,1948-08,0
조선민족청년단,외국인,1948-09,0
조선민족청년단,외국인,1948-10,0
조선민족청년단,외국인,1948-11,1
조선민족청년단,외국인,1948-12,1
조선민족청년단,외국인,1949-01,1
조선민족청년단,외국인,1949-02,0
조선민족청년단,외국인,1949-03,0
조선민족청년단,외국인,1949-04,0
조선민족청년단,외국인,1949-05,0
조선민족청년단,외국인,1949-06,0
조선민족청년단,외국인,1949-07,1
조선민족청년단,외국인,1949-08,0
조선민족청년단,외국인,1949-09,0
조선민족청년단,외국인,1949-10,0
조선민족청년단,외국인,1949-11,1
조선민족청년단,외국인,1949-12,0
조선민족청년단,외국인,1950-01,0
조선민족청년단,외국인,1950-02,0
조선민족청년단,외국인,1950-03,0
조선민족청년단,외국인,1950-04,0
조선민족청년단,외국인,1950-06,0
조선민족청년단,외국인,1950-10,0
조선민족청년단,외국인,1950-11,0
조선민족청년단,외국인,1950-12,0
조선민족청년단,외국인,1951-01,0
조선민족청년단,외국인,1951-02,0
조선민족청년단,외국인,1951-03,0
조선민족청년단,외국인,1951-04,0
조선민족청년단,외국인,1951-05,0
조선민족청년단,외국인,1951-06,0
조선민족청년단,외국인,1951-07,0
조선민족청년단,외국인,1951-08,0
조선민족청년단,외국인,1951-09,0
조선민족청년단,외국인,1951-10,0
조선민족청년단,외국인,1951-11,0
조선민족청년단,외국인,1951-12,0
조선민족청년단,외국인,1952-01,0
조선민족청년단,외국인,1952-02,0
조선민족청년단,외국인,1952-03,0
조선민족청년단,외국인,1952-04,0
조선민족청년단,외국인,1952-05,0
조선민족청년단,외국인,1952-06,0
조선민족청년단,외국인,1952-07,0
조선민족청년단,외국인,1952-08,0
조선민족청년단,외국인,1952-09,0
조선민족청년단,외국인,1952-10,0
조선민족청년단,외국인,1952-11,0
조선민족청년단,외국인,1952-12,0
조선민족청년단,외국인,1953-01,0
조선민족청년단,외국인,1953-02,0
조선민족청년단,외국인,1953-03,0
조선민족청년단,외국인,1953-04,0
조선민족청년단,외국인,1953-05,0
조선민족청년단,외국인,1953-06,0
조선민족청년단,외국인,1953-07,0
조선민족청년단,외국인,1953-08,0
조선민족청년단,외국인,1953-09,0
조선민족청년단,외국인,1953-10,0
조선민족청년단,외국인,1953-11,0
조선민족청년단,외국인,1953-12,0
조선민족청년단,외국인,1954-01,0
조선민족청년단,외국인,1954-02,0
조선민족청년단,외국인,1954-03,0
조선민족청년단,외국인,1954-04,0
조선민족청년단,외국인,1954-05,0
조선민족청년단,외국인,1954-06,0
조선민족청년단,외국인,1954-07,0
조선민족청년단,외국인,1954-08,0
조선민족청년단,외국인,1954-09,0
조선민족청년단,외국인,1954-10,0
조선민족청년단,외국인,1954-11,0
조선민족청년단,외국인,1954-12,0
조선민족청년단,외국인,1955-01,0
조선민족청년단,외국인,1955-02,0
조선민족청년단,외국인,1955-03,0
조선민족청년단,외국인,1955-04,0
조선민족청년단,외국인,1955-05,0
조선민족청년단,외국인,1955-06,0
조선민족청년단,외국인,1955-07,0
조선민족청년단,외국인,1955-08,0
조선민족청년단,외국인,1955-09,0
조선민족청년단,외국인,1955-10,0
조선민족청년단,외국인,1955-11,0
조선민족청년단,외국인,1955-12,0
조선민족청년단,외국인,1956-01,0
조선민족청년단,외국인,1956-02,0
조선민족청년단,외국인,1956-03,0
조선민족청년단,외국인,1956-04,0
조선민족청년단,외국인,1956-05,0
조선민족청년단,외국인,1956-06,0
조선민족청년단,외국인,1956-07,0
조선민족청년단,외국인,1956-08,0
조선민족청년단,외국인,1956-09,0
조선민족청년단,외국인,1956-10,0
조선민족청년단,외국인,1956-11,0
조선민족청년단,외국인,1956-12,0
조선민족청년단,외국인,1957-01,0
조선민족청년단,외국인,1957-02,0
조선민족청년단,외국인,1957-03,0
조선민족청년단,외국인,1957-04,0
조선민족청년단,외국인,1957-05,0
조선민족청년단,외국인,1957-06,0
조선민족청년단,외국인,1957-07,0
조선민족청년단,외국인,1957-08,0
조선민족청년단,외국인,1957-09,0
조선민족청년단,외국인,1957-10,0
조선민족청년단,외국인,1957-11,0
조선민족청년단,외국인,1957-12,0
조선민족청년단,외국인,1958-01,0
조선민족청년단,외국인,1958-02,0
조선민족청년단,외국인,1958-03,0
조선민족청년단,외국인,1958-04,0
조선민족청년단,외국인,1958-05,0
조선민족청년단,외국인,1958-06,0
조선민족청년단,외국인,1958-07,0
조선민족청년단,외국인,1958-08,0
조선민족청년단,외국인,1958-09,0
조선민족청년단,외국인,1958-10,0
조선민족청년단,외국인,1958-11,0
조선민족청년단,외국인,1958-12,0
조선민족청년단,외국인,1959-01,0
조선민족청년단,외국인,1959-02,0
조선민족청년단,외국인,1959-03,0
조선민족청년단,외국인,1959-04,0
조선민족청년단,외국인,1959-05,0
조선민족청년단,외국인,1959-06,0
조선민족청년단,외국인,1959-07,0
조선민족청년단,외국인,1959-09,0
조선민족청년단,외국인,1959-10,0
조선민족청년단,외국인,1959-11,0
조선민족청년단,외국인,1959-12,0
조선민족청년단,외국인,1960-01,0
조선민족청년단,외국인,1960-02,0
조선민족청년단,외국인,1960-03,0
조선민족청년단,외국인,1960-04,0
대한청년단,외국인,1948-06,0
대한청년단,외국인,1948-07,0
대한청년단,외국인,1948-08,0
대한청년단,외국인,1948-09,0
대한청년단,외국인,1948-10,0
대한청년단,외국인,1948-11,0
대한청년단,외국인,1948-12,0
대한청년단,외국인,1949-01,0
대한청년단,외국인,1949-02,0
대한청년단,외국인,1949-03,0
대한청년단,외국인,1949-04,0
대한청년단,외국인,1949-05,0
대한청년단,외국인,1949-06,0
대한청년단,외국인,1949-07,0
대한청년단,외국인,1949-08,0
대한청년단,외국인,1949-09,0
대한청년단,외국인,1949-10,0
대한청년단,외국인,1949-11,0
대한청년단,외국인,1949-12,0
대한청년단,외국인,1950-01,0
대한청년단,외국인,1950-02,0
대한청년단,외국인,1950-03,0
대한청년단,외국인,1950-04,0
대한청년단,외국인,1950-06,0
대한청년단,외국인,1950-10,0
대한청년단,외국인,1950-11,0
대한청년단,외국인,1950-12,0
대한청년단,외국인,1951-01,1
대한청년단,외국인,1951-02,0
대한청년단,외국인,1951-03,0
대한청년단,외국인,1951-04,1
대한청년단,외국인,1951-05,0
대한청년단,외국인,1951-06,0
대한청년단,외국인,1951-07,0
대한청년단,외국인,1951-08,0
대한청년단,외국인,1951-09,0
대한청년단,외국인,1951-10,0
대한청년단,외국인,1951-11,1
대한청년단,외국인,1951-12,0
대한청년단,외국인,1952-01,0
대한청년단,외국인,1952-02,0
대한청년단,외국인,1952-03,0
대한청년단,외국인,1952-04,0
대한청년단,외국인,1952-05,0
대한청년단,외국인,1952-06,0
대한청년단,외국인,1952-07,0
대한청년단,외국인,1952-08,0
대한청년단,외국인,1952-09,0
대한청년단,외국인,1952-10,1
대한청년단,외국인,1952-11,0
대한청년단,외국인,1952-12,0
대한청년단,외국인,1953-01,1
대한청년단,외국인,1953-02,0
대한청년단,외국인,1953-03,0
대한청년단,외국인,1953-04,1
대한청년단,외국인,1953-05,0
대한청년단,외국인,1953-06,0
대한청년단,외국인,1953-07,0
대한청년단,외국인,1953-08,0
대한청년단,외국인,1953-09,0
대한청년단,외국인,1953-10,0
대한청년단,외국인,1953-11,1
대한청년단,외국인,1953-12,0
대한청년단,외국인,1954-01,0
대한청년단,외국인,1954-02,0
대한청년단,외국인,1954-03,0
대한청년단,외국인,1954-04,0
대한청년단,외국인,1954-05,0
대한청년단,외국인,1954-06,0
대한청년단,외국인,1954-07,0
대한청년단,외국인,1954-08,0
대한청년단,외국인,1954-09,0
대한청년단,외국인,1954-10,0
대한청년단,외국인,1954-11,0
대한청년단,외국인,1954-12,0
대한청년단,외국인,1955-01,0
대한청년단,외국인,1955-02,0
대한청년단,외국인,1955-03,0
대한청년단,외국인,1955-04,0
대한청년단,외국인,1955-05,0
대한청년단,외국인,1955-06,0
대한청년단,외국인,1955-07,0
대한청년단,외국인,1955-08,0
대한청년단,외국인,1955-09,0
대한청년단,외국인,1955-10,0
대한청년단,외국인,1955-11,0
대한청년단,외국인,1955-12,0
대한청년단,외국인,1956-01,0
대한청년단,외국인,1956-02,0
대한청년단,외국인,1956-03,0
대한청년단,외국인,1956-04,0
대한청년단,외국인,1956-05,0
대한청년단,외국인,1956-06,0
대한청년단,외국인,1956-07,0
대한청년단,외국인,1956-08,0
대한청년단,외국인,1956-09,0
대한청년단,외국인,1956-10,0
대한청년단,외국인,1956-11,0
대한청년단,외국인,1956-12,0
대한청년단,외국인,1957-01,0
대한청년단,외국인,1957-02,0
대한청년단,외국인,1957-03,0
대한청년단,외국인,1957-04,0
대한청년단,외국인,1957-05,0
대한청년단,외국인,1957-06,0
대한청년단,외국인,1957-07,0
대한청년단,외국인,1957-08,0
대한청년단,외국인,1957-09,0
대한청년단,외국인,1957-10,0
대한청년단,외국인,1957-11,0
대한청년단,외국인,1957-12,0
대한청년단,외국인,1958-01,0
대한청년단,외국인,1958-02,0
대한청년단,외국인,1958-03,0
대한청년단,외국인,1958-04,0
대한청년단,외국인,1958-05,0
대한청년단,외국인,1958-06,0
대한청년단,외국인,1958-07,0
대한청년단,외국인,1958-08,0
대한청년단,외국인,1958-09,0
대한청년단,외국인,1958-10,0
대한청년단,외국인,1958-11,0
대한청년단,외국인,1958-12,0
대한청년단,외국인,1959-01,0
대한청년단,외국인,1959-02,0
대한청년단,외국인,1959-03,0
대한청년단,외국인,1959-04,0
대한청년단,외국인,1959-05,0
대한청년단,외국인,1959-06,0
대한청년단,외국인,1959-07,0
대한청년단,외국인,1959-09,0
대한청년단,외국인,1959-10,0
대한청년단,외국인,1959-11,0
대한청년단,외국인,1959-12,0
대한청년단,외국인,1960-01,0
대한청년단,외국인,1960-02,0
대한청년단,외국인,1960-03,0
대한청년단,외국인,1960-04,0
국민당,외국인,1948-06,0
국민당,외국인,1948-07,0
국민당,외국인,1948-08,0
국민당,외국인,1948-09,0
국민당,외국인,1948-10,0
국민당,외국인,1948-11,0
국민당,외국인,1948-12,0
국민당,외국인,1949-01,0
국민당,외국인,1949-02,0
국민당,외국인,1949-03,0
국민당,외국인,1949-04,0
국민당,외국인,1949-05,0
국민당,외국인,1949-06,0
국민당,외국인,1949-07,0
국민당,외국인,1949-08,0
국민당,외국인,1949-09,0
국민당,외국인,1949-10,0
국민당,외국인,1949-11,0
국민당,외국인,1949-12,0
국민당,외국인,1950-01,0
국민당,외국인,1950-02,0
국민당,외국인,1950-03,0
국민당,외국인,1950-04,0
국민당,외국인,1950-06,0
국민당,외국인,1950-10,0
국민당,외국인,1950-11,0
국민당,외국인,1950-12,0
국민당,외국인,1951-01,0
국민당,외국인,1951-02,0
국민당,외국인,1951-03,0
국민당,외국인,1951-04,0
국민당,외국인,1951-05,0
국민당,외국인,1951-06,0
국민당,외국인,1951-07,0
국민당,외국인,1951-08,0
국민당,외국인,1951-09,0
국민당,외국인,1951-10,0
국민당,외국인,1951-11,0
국민당,외국인,1951-12,0
국민당,외국인,1952-01,0
국민당,외국인,1952-02,0
국민당,외국인,1952-03,0
국민당,외국인,1952-04,0
국민당,외국인,1952-05,0
국민당,외국인,1952-06,0
국민당,외국인,1952-07,0
국민당,외국인,1952-08,0
국민당,외국인,1952-09,0
국민당,외국인,1952-10,0
국민당,외국인,1952-11,0
국민당,외국인,1952-12,0
국민당,외국인,1953-01,0
국민당,외국인,1953-02,0
국민당,외국인,1953-03,0
국민당,외국인,1953-04,0
국민당,외국인,1953-05,0
국민당,외국인,1953-06,0
국민당,외국인,1953-07,0
국민당,외국인,1953-08,0
국민당,외국인,1953-09,0
국민당,외국인,1953-10,0
국민당,외국인,1953-11,0
국민당,외국인,1953-12,0
국민당,외국인,1954-01,0
국민당,외국인,1954-02,0
국민당,외국인,1954-03,0
국민당,외국인,1954-04,0
국민당,외국인,1954-05,0
국민당,외국인,1954-06,0
국민당,외국인,1954-07,0
국민당,외국인,1954-08,0
국민당,외국인,1954-09,1
국민당,외국인,1954-10,0
국민당,외국인,1954-11,0
국민당,외국인,1954-12,0
국민당,외국인,1955-01,1
국민당,외국인,1955-02,0
국민당,외국인,1955-03,0
국민당,외국인,1955-04,0
국민당,외국인,1955-05,1
국민당,외국인,1955-06,0
국민당,외국인,1955-07,0
국민당,외국인,1955-08,0
국민당,외국인,1955-09,0
국민당,외국인,1955-10,0
국민당,외국인,1955-11,0
국민당,외국인,1955-12,0
국민당,외국인,1956-01,0
국민당,외국인,1956-02,0
국민당,외국인,1956-03,0
국민당,외국인,1956-04,0
국민당,외국인,1956-05,1
국민당,외국인,1956-06,0
국민당,외국인,1956-07,0
국민당,외국인,1956-08,0
국민당,외국인,1956-09,0
국민당,외국인,1956-10,0
국민당,외국인,1956-11,0
국민당,외국인,1956-12,0
국민당,외국인,1957-01,0
국민당,외국인,1957-02,0
국민당,외국인,1957-03,0
국민당,외국인,1957-04,1
국민당,외국인,1957-05,0
국민당,외국인,1957-06,0
국민당,외국인,1957-07,1
국민당,외국인,1957-08,0
국민당,외국인,1957-09,0
국민당,외국인,1957-10,0
국민당,외국인,1957-11,0
국민당,외국인,1957-12,0
국민당,외국인,1958-01,0
국민당,외국인,1958-02,0
국민당,외국인,1958-03,0
국민당,외국인,1958-04,0
국민당,외국인,1958-05,0
국민당,외국인,1958-06,0
국민당,외국인,1958-07,0
국민당,외국인,1958-08,0
국민당,외국인,1958-09,0
국민당,외국인,1958-10,0
국민당,외국인,1958-11,0
국민당,외국인,1958-12,0
국민당,외국인,1959-01,0
국민당,외국인,1959-02,0
국민당,외국인,1959-03,0
국민당,외국인,1959-04,0
국민당,외국인,1959-05,0
국민당,외국인,1959-06,0
국민당,외국인,1959-07,0
국민당,외국인,1959-09,0
국민당,외국인,1959-10,0
국민당,외국인,1959-11,0
국민당,외국인,1959-12,0
국민당,외국인,1960-01,0
국민당,외국인,1960-02,0
국민당,외국인,1960-03,0
국민당,외국인,1960-04,0
